tv_ticker,vendor_symbol,company_name,sector,industry,country,exchange,market_cap,price,rsi14,rsi21,rsi_decile,rsi_pctile,rsi_rank,hook_turning_up,pct_from_52w_high,pct_from_52w_low,prem_ma_200d,prem_ma_1y,prem_ma_2y,prem_ma_3y,prem_ma_4y,ma_200d,ma_1y,ma_2y,ma_3y,ma_4y,avg_dollar_vol_20d,bars_available,asof,rsi_fast_prev,shares_outstanding
NYSE:ACR,ACR,ACRES Commercial Realty Corp.,Real Estate,REIT - Mortgage,United States,NYSE,74151680.0,10.48,10.55,17.09,1,0.0,1,False,-56.41,0.0,-43.09,-44.6,-43.73,-35.61,-27.52,18.4158,18.9171,18.6255,16.2747,14.459,633118,1255,2026-09-25,11.99,7075542.0
NYSE:TRTX,TRTX,"TPG RE Finance Trust, Inc.",Real Estate,REIT - Mortgage,United States,NYSE,503604699.0,6.56,13.16,19.46,1,0.1,2,False,-25.27,0.0,-18.9,-18.89,-14.07,-5.85,1.77,8.0884,8.0877,7.634,6.9674,6.4462,6530277,1255,2026-09-25,13.82,76769009.0
NYSE:HE,HE,"Hawaiian Electric Industries, Inc.",Utilities,Utilities - Regulated Electric,United States,NYSE,1570984178.0,9.1,14.14,18.47,1,0.1,3,False,-46.72,0.0,-33.2,-30.91,-23.1,-23.85,-48.35,13.6234,13.1719,11.8341,11.9495,17.6201,29909561,1255,2026-09-25,14.63,172635624.0
NASDAQ:BBOT,BBOT,"BridgeBio Oncology Therapeutics, Inc.",Healthcare,Biotechnology,United States,NASDAQ,316423061.0,3.95,15.49,21.87,1,0.1,4,False,-71.23,0.0,-57.4,-59.86,-61.35,,,9.273,9.8412,10.2189,,,3894931,659,2026-09-25,15.66,80107104.0
NYSE:VCV,VCV,Invesco California Value Municipal Income Trust,Financial Services,Asset Management,United States,NYSE,448909290.0,9.14,15.71,18.86,1,0.1,5,True,-15.72,0.77,-12.0,-11.58,-7.42,-1.9,2.69,10.3862,10.3375,9.8727,9.3174,8.9004,1781627,1255,2026-09-25,10.27,49114802.0
NASDAQ:XNDU,XNDU,Xanadu Quantum Technologies Limited - Class B Subordinate Voting Shares,Technology,Software - Infrastructure,Canada,NASDAQ,215556367.0,4.98,16.26,25.37,1,0.2,6,False,-86.21,0.0,,,,,,,,,,,34238738,130,2026-09-25,16.65,43284411.0
NASDAQ:XENE,XENE,Xenon Pharmaceuticals Inc.,Healthcare,Biotechnology,Canada,NASDAQ,3570825417.0,36.94,16.83,21.5,1,0.2,7,False,-47.94,1.15,-30.62,-27.19,-15.63,-13.3,-10.7,53.2454,50.7355,43.7808,42.6044,41.3657,91487392,1255,2026-09-25,17.63,96665550.0
NYSE:IIM,IIM,Invesco Value Municipal Income Trust,Financial Services,Asset Management,United States,NYSE,518117985.0,11.0,16.98,22.25,1,0.2,8,False,-13.81,0.0,-8.99,-8.41,-3.25,1.5,5.01,12.0867,12.0104,11.3694,10.8374,10.4747,1797548,1255,2026-09-25,17.63,47101635.0
NASDAQ:ACAD,ACAD,ACADIA Pharmaceuticals Inc.,Healthcare,Biotechnology,United States,NASDAQ,3541157792.0,20.68,17.15,25.28,1,0.2,9,False,-32.35,3.09,-15.82,-14.47,-4.3,-2.65,-2.15,24.5659,24.1792,21.6095,21.2424,21.1344,50247954,1255,2026-09-25,20.21,171235870.0
NYSE:SKT,SKT,Tanger Inc.,Real Estate,REIT - Retail,United States,NYSE,3989638305.0,34.73,17.16,25.41,1,0.3,10,False,-16.89,12.84,-3.74,-1.57,4.41,13.99,27.83,36.0779,35.2826,33.2639,30.4672,27.1683,31819147,1255,2026-09-25,18.78,114875851.0
NASDAQ:FINW,FINW,FinWise Bancorp,Financial Services,Banks - Regional,United States,NASDAQ,154944538.0,11.32,17.37,24.39,1,0.3,11,True,-45.55,0.35,-26.48,-29.44,-31.2,-22.9,-14.71,15.3967,16.0425,16.4527,14.6828,13.2726,514869,1216,2026-09-25,16.1,13687680.0
NYSE:O,O,Realty Income Corporation,Real Estate,REIT - Retail,United States,NYSE,52552059080.0,55.54,17.42,24.32,1,0.3,12,True,-15.62,3.42,-8.57,-6.99,-1.28,4.0,5.24,60.7427,59.7116,56.2598,53.4035,52.7738,457616621,1255,2026-09-25,15.51,946202000.0
NASDAQ:TXRH,TXRH,"Texas Roadhouse, Inc.",Consumer Cyclical,Restaurants,United States,NASDAQ,10500305996.0,159.75,17.42,25.23,1,0.3,13,False,-25.16,3.32,-10.51,-9.21,-9.2,-1.87,9.08,178.5134,175.9612,175.9369,162.787,146.4501,186986172,1255,2026-09-25,18.44,65729615.0
NYSE:PMM,PMM,Franklin Managed Municipal Income Trust Shares of Beneficial Interest,Financial Services,Asset Management,United States,NYSE,238582021.0,5.57,17.64,22.45,1,0.4,14,False,-14.23,0.0,-8.46,-7.58,-4.2,-1.05,1.16,6.0846,6.0266,5.8142,5.6293,5.5063,759002,1255,2026-09-25,18.96,42833397.0
NYSE:LEO,LEO,"BNY Mellon Strategic Municipals, Inc.",Financial Services,Asset Management,United States,NYSE,350697508.0,5.63,17.68,22.54,1,0.4,15,False,-12.25,0.0,-8.75,-8.18,-4.5,-1.24,0.67,6.1697,6.1313,5.8955,5.7008,5.5926,923184,1255,2026-09-25,18.06,62290854.0
NYSE:DTE,DTE,DTE Energy Company,Utilities,Utilities - Regulated Electric,United States,NYSE,25270215099.0,121.44,17.78,23.93,1,0.4,16,True,-20.64,0.21,-12.5,-11.81,-7.07,0.57,5.38,138.7859,137.7012,130.6749,120.746,115.2355,218284300,1255,2026-09-25,16.39,208088069.0
NYSE:BLW,BLW,Blackrock Limited Duration Income Trust,Financial Services,Asset Management,United States,NYSE,453769884.0,11.61,18.32,25.07,1,0.4,17,True,-10.51,0.77,-6.1,-6.52,-5.37,-1.13,4.46,12.3639,12.4196,12.2694,11.7424,11.1145,2150532,1255,2026-09-25,15.53,39084400.0
NYSE:FCPT,FCPT,"Four Corners Property Trust, Inc.",Real Estate,REIT - Retail,United States,NYSE,2436432173.0,22.2,18.33,26.26,1,0.5,18,True,-15.38,2.51,-7.85,-6.75,-9.32,-5.2,-3.14,24.0901,23.8081,24.4825,23.4169,22.9193,27084593,1255,2026-09-25,16.34,109749197.0
NASDAQ:CMPX,CMPX,"Compass Therapeutics, Inc.",Healthcare,Biotechnology,United States,NASDAQ,203499344.0,1.13,18.49,25.14,1,0.5,19,False,-83.11,0.0,-69.73,-70.76,-63.62,-56.31,-59.43,3.7326,3.8645,3.1065,2.5861,2.785,7643733,1255,2026-09-25,18.57,180087915.0
NYSE:SAFE,SAFE,Safehold Inc. New,Real Estate,REIT - Diversified,United States,NYSE,877938625.0,12.26,19.03,25.33,1,0.5,20,False,-28.6,0.0,-17.19,-16.16,-21.69,-26.14,-40.42,14.8052,14.6239,15.6565,16.5988,20.5779,6596446,1255,2026-09-25,19.76,71610002.0
NASDAQ:SFD,SFD,"Smithfield Foods, Inc.",Consumer Defensive,Packaged Foods,United States,NASDAQ,7491807088.0,19.04,19.09,23.55,1,0.6,21,False,-33.94,0.58,-20.52,-18.45,,,,23.9549,23.3472,,,,44251276,418,2026-09-25,18.34,393477263.0
NYSE:NNN,NNN,"NNN REIT, Inc.",Real Estate,REIT - Retail,United States,NYSE,7857249710.0,41.3,19.57,26.25,1,0.6,22,True,-15.63,10.22,-4.72,-2.94,1.24,4.99,7.56,43.3473,42.5491,40.7957,39.3368,38.3974,79533944,1255,2026-09-25,17.03,190248177.0
NYSE:ROL,ROL,"Rollins, Inc.",Consumer Cyclical,Personal Services,United States,NYSE,14448796482.0,30.03,19.62,23.19,1,0.6,23,False,-53.7,0.0,-39.94,-41.75,-41.92,-38.42,-34.5,49.9972,51.5505,51.7021,48.762,45.8475,220343123,1255,2026-09-25,20.61,481145404.0
NASDAQ:STHO,STHO,Star Holdings - Shares of Beneficial Interest,Real Estate,Real Estate Services,United States,NASDAQ,99429371.0,8.23,19.69,28.01,1,0.6,24,False,-17.12,17.4,-4.99,-2.76,-5.73,-17.83,,8.6623,8.4633,8.7302,10.0159,,161230,878,2026-09-25,24.45,12081333.0
NASDAQ:ALMS,ALMS,Alumis Inc.,Healthcare,Biotechnology,United States,NASDAQ,876367711.0,7.1,19.77,24.29,1,0.7,25,False,-76.57,79.75,-68.07,-62.2,-43.5,,,22.2393,18.7827,12.5653,,,49077340,563,2026-09-25,20.14,123432072.0
NYSE:BKT,BKT,BlackRock Income Trust Inc. (The),Financial Services,Asset Management,United States,NYSE,309314492.0,9.55,19.83,25.85,1,0.7,26,True,-9.24,0.21,-6.51,-6.45,-6.19,-3.56,-1.28,10.215,10.2087,10.1799,9.9024,9.6735,1756743,1255,2026-09-25,17.33,32388952.0
NYSE:CMS,CMS,CMS Energy Corporation,Utilities,Utilities - Regulated Electric,United States,NYSE,19739680711.0,62.95,19.94,25.72,1,0.7,27,True,-20.0,0.29,-12.69,-12.54,-9.57,-2.88,1.5,72.1,71.9763,69.612,64.8151,62.0227,218951499,1255,2026-09-25,17.8,313577136.0
NYSE:VTN,VTN,Invesco Trust for Investment Grade New York Municipals,Financial Services,Asset Management,United States,NYSE,137768628.0,9.4,20.19,23.75,1,0.7,28,True,-18.17,0.53,-13.22,-12.52,-6.94,-2.6,1.61,10.8325,10.7449,10.1012,9.6511,9.2511,509943,1255,2026-09-25,17.1,14656237.0
NASDAQ:UZX,UZX,Linkage Global Inc,Consumer Cyclical,Internet Retail,Japan,NASDAQ,84388750.0,1.475,20.22,24.88,1,0.8,29,False,-97.32,0.0,-92.91,-94.22,-96.47,,,20.7937,25.508,41.761,,,1744940,694,2026-09-25,20.62,57212712.0
NYSE:ADC,ADC,Agree Realty Corporation,Real Estate,REIT - Retail,United States,NYSE,8104540925.0,67.48,20.29,26.0,1,0.8,30,False,-16.22,0.54,-8.88,-7.99,-5.49,2.32,5.55,74.0547,73.3416,71.397,65.9531,63.9344,105882879,1255,2026-09-25,15.97,120102859.0
NASDAQ:QTTB,QTTB,Q32 Bio Inc.,Healthcare,Biotechnology,United States,NASDAQ,260546299.0,8.77,20.3,29.62,1,0.8,31,False,-58.98,366.49,2.14,19.08,-2.38,-33.88,-43.89,8.586,7.365,8.9837,13.263,15.6303,7337191,1255,2026-09-25,22.02,29708814.0
NYSE:LFT,LFT,"Lument Finance Trust, Inc.",Real Estate,REIT - Mortgage,United States,NYSE,272160813.0,5.19,20.47,25.85,1,0.9,32,True,-72.38,0.39,-50.76,-54.8,-67.97,-68.51,-66.74,10.5402,11.4833,16.2026,16.4791,15.604,130604,1255,2026-09-25,19.77,52439463.0
NASDAQ:LXEO,LXEO,"Lexeo Therapeutics, Inc.",Healthcare,Biotechnology,United States,NASDAQ,259906609.0,3.31,20.47,28.51,1,0.9,33,False,-68.86,0.0,-45.15,-49.69,-43.81,,,6.0345,6.5791,5.8907,,,4133062,725,2026-09-25,21.45,78521634.0
NASDAQ:ELVN,ELVN,"Enliven Therapeutics, Inc.",Healthcare,Biotechnology,United States,NASDAQ,3196863030.0,44.75,20.48,29.32,1,0.9,34,False,-26.82,195.57,12.66,24.95,55.49,78.34,91.64,39.7207,35.8139,28.7809,25.093,23.3509,75127491,1255,2026-09-25,21.09,71438280.0
NASDAQ:PAL,PAL,"Proficient Auto Logistics, Inc.",Industrials,Integrated Freight & Logistics,United States,NASDAQ,102193872.0,3.68,20.48,26.9,1,0.9,35,False,-65.09,0.0,-48.68,-48.62,-54.27,,,7.1702,7.1623,8.047,,,3686483,597,2026-09-25,21.56,27770074.0
NYSE:EPRT,EPRT,"Essential Properties Realty Trust, Inc.",Real Estate,REIT - Retail,United States,NYSE,5737005186.0,26.53,20.51,25.5,1,0.9,36,True,-21.7,0.23,-13.32,-12.69,-12.31,-5.65,1.24,30.606,30.3865,30.2557,28.1184,26.206,64285952,1255,2026-09-25,19.19,216245955.0
NASDAQ:LWAY,LWAY,"Lifeway Foods, Inc.",Consumer Defensive,Packaged Foods,United States,NASDAQ,332228245.0,21.74,20.54,28.48,1,1.0,37,False,-32.76,22.13,-12.05,-12.22,-12.36,1.35,22.55,24.7184,24.7669,24.8059,21.4503,17.7392,3320316,1255,2026-09-25,21.19,15281888.0
NYSE:GTY,GTY,Getty Realty Corporation,Real Estate,REIT - Retail,United States,NYSE,1774991153.0,28.66,20.65,26.0,1,1.0,38,False,-20.38,19.29,-7.96,-4.53,0.87,6.48,7.2,31.1394,30.0202,28.4126,26.917,26.7345,21053576,1255,2026-09-25,20.92,61932699.0
NYSE:OXM,OXM,"Oxford Industries, Inc.",Consumer Cyclical,Apparel Manufacturing,United States,NYSE,387457685.0,25.95,20.71,26.96,1,1.0,39,False,-44.22,0.0,-30.38,-29.83,-44.28,-56.59,-61.31,37.2736,36.9812,46.5707,59.781,67.0779,18273891,1255,2026-09-25,20.96,14930932.0
NASDAQ:GEN,GEN,Gen Digital Inc.,Technology,Software - Infrastructure,United States,NASDAQ,12941236145.0,21.62,20.72,28.23,1,1.1,40,False,-31.17,22.03,-11.98,-13.28,-17.6,-12.19,-6.34,24.5616,24.9313,26.2376,24.6206,23.0825,256168529,1255,2026-09-25,23.51,598577065.0
NYSE:RSI,RSI,"Rush Street Interactive, Inc.",Consumer Cyclical,Gambling,United States,NYSE,2045687496.0,19.87,20.73,27.2,1,1.1,41,True,-42.44,25.05,-17.15,-12.99,7.97,37.11,68.47,23.9818,22.8352,18.4035,14.4919,11.7945,86004121,1255,2026-09-25,17.5,102953573.0
NYSE:SEG,SEG,Seaport Entertainment Group Inc.,Real Estate,Real Estate Services,United States,NYSE,299564694.0,23.4,20.78,29.67,1,1.1,42,False,-19.95,28.36,0.38,0.58,-1.19,,,23.3105,23.2646,23.683,,,1598918,542,2026-09-25,22.4,12801910.0
NASDAQ:ALXO,ALXO,ALX Oncology Holdings Inc.,Healthcare,Biotechnology,United States,NASDAQ,176277421.0,1.31,20.83,28.51,1,1.1,43,False,-49.62,21.3,-28.98,-26.77,-7.28,-69.07,-74.52,1.8446,1.7888,1.4128,4.2354,5.1415,1815019,1255,2026-09-25,21.97,134562917.0
NYSE:BROS,BROS,Dutch Bros Inc.,Consumer Cyclical,Restaurants,United States,NYSE,5198228448.0,37.89,20.85,26.43,1,1.2,44,False,-48.32,0.0,-32.5,-32.15,-33.98,-22.22,-14.7,56.1298,55.8415,57.3917,48.7129,44.4213,186578506,1255,2026-09-25,21.92,137192622.0
NYSE:DX,DX,"Dynex Capital, Inc.",Real Estate,REIT - Mortgage,United States,NYSE,2814212839.0,11.34,20.89,27.19,1,1.2,45,False,-14.56,9.91,-8.57,-7.22,2.37,11.81,19.34,12.4024,12.2223,11.0778,10.1423,9.5026,77848275,1255,2026-09-25,20.89,248166917.0
NASDAQ:ARTV,ARTV,"Artiva Biotherapeutics, Inc.",Healthcare,Biotechnology,United States,NASDAQ,339631504.0,6.99,21.01,28.76,1,1.2,46,False,-47.8,155.11,-10.28,0.98,9.75,,,7.7913,6.9223,6.3691,,,4228162,549,2026-09-25,23.55,48588198.0
NYSE:GBAB,GBAB,Guggenheim Taxable Municipal Bond & Investment Grade Debt Trust Common Shares of Beneficial Interest,Financial Services,Asset Management,United States,NYSE,349909240.0,12.64,21.04,25.8,1,1.2,47,False,-13.05,0.0,-8.37,-8.73,-6.93,-4.84,-1.76,13.7941,13.8487,13.5807,13.2829,12.8659,1791540,1255,2026-09-25,22.02,27682693.0
NASDAQ:RCON,RCON,"Recon Technology, Ltd.",Energy,Oil & Gas Equipment & Services,China,NASDAQ,98878396.0,1.4,21.12,24.02,1,1.3,48,False,-99.67,15.7,-99.1,-99.26,-99.57,-99.67,-99.86,154.738,189.8476,323.0667,422.3566,998.0175,382398,1255,2026-09-25,20.91,70627426.0
NYSE:NLOP,NLOP,Net Lease Office Properties Common Shares of Beneficial Interest,Real Estate,REIT - Office,United States,NYSE,147103765.0,9.93,21.15,27.2,1,1.3,49,False,-25.73,4.14,-11.57,-10.19,-6.11,,,11.2294,11.0562,10.5763,,,1626707,730,2026-09-25,21.15,14814075.0
NYSE:STC,STC,Stewart Information Services Corporation,Financial Services,Insurance - Property & Casualty,United States,NYSE,1802335500.0,59.19,21.23,29.84,1,1.3,50,False,-20.83,4.83,-10.69,-11.68,-10.25,-5.1,4.93,66.2769,67.0204,65.9475,62.3696,56.4097,17686768,1255,2026-09-25,22.33,30450000.0
NASDAQ:CTRN,CTRN,"Citi Trends, Inc.",Consumer Cyclical,Apparel Retail,United States,NASDAQ,408412447.0,49.03,21.26,29.28,1,1.3,51,False,-35.64,59.5,-5.68,-0.04,31.26,50.04,63.36,51.9833,49.0477,37.3535,32.6784,30.0132,11556820,1255,2026-09-25,22.32,8329848.0
NASDAQ:FHTX,FHTX,Foghorn Therapeutics Inc.,Healthcare,Biotechnology,United States,NASDAQ,205498727.0,3.5,21.31,29.11,1,1.4,52,False,-50.5,0.0,-31.09,-29.22,-32.7,-34.74,-40.07,5.0791,4.9447,5.2009,5.363,5.8404,1985699,1255,2026-09-25,22.29,58713922.0
NASDAQ:CALM,CALM,"Cal-Maine Foods, Inc.",Consumer Defensive,Farm Products,United States,NASDAQ,3163618704.0,67.43,21.39,27.99,1,1.4,53,False,-29.48,0.0,-16.08,-17.63,-22.15,-9.76,0.77,80.3534,81.8588,86.6164,74.7269,66.9161,72184311,1255,2026-09-25,22.97,46917080.0
NASDAQ:SCHL,SCHL,Scholastic Corporation,Communication Services,Publishing,United States,NASDAQ,583415266.0,32.35,21.46,27.1,1,1.4,54,False,-31.22,25.47,-14.15,-9.3,13.48,7.03,1.85,37.6834,35.6687,28.5075,30.2253,31.7621,16126189,1255,2026-09-25,30.76,18034475.0
NYSE:PINE,PINE,"Alpine Income Property Trust, Inc.",Real Estate,REIT - Retail,United States,NYSE,282076783.0,17.07,21.57,27.51,1,1.4,55,False,-20.17,38.1,-7.48,-2.86,6.6,12.32,15.27,18.451,17.5729,16.0131,15.1977,14.809,2724188,1255,2026-09-25,18.45,16524709.0
NASDAQ:DYN,DYN,"Dyne Therapeutics, Inc.",Healthcare,Biotechnology,United States,NASDAQ,2993545289.0,16.03,21.69,27.12,1,1.5,56,False,-40.14,29.59,-18.62,-17.37,-12.27,-21.5,-12.36,19.697,19.4005,18.2725,20.4196,18.2901,69018441,1255,2026-09-25,23.09,186746431.0
NYSE:SO,SO,Southern Company (The),Utilities,Utilities - Regulated Electric,United States,NYSE,95342082622.0,82.88,21.94,27.74,1,1.5,57,False,-14.99,1.0,-8.92,-8.78,-5.76,1.83,8.65,90.9946,90.856,87.948,81.3943,76.2791,529297387,1255,2026-09-25,21.97,1150362966.0
NYSE:BNL,BNL,"Broadstone Net Lease, Inc.",Real Estate,REIT - Diversified,United States,NYSE,3626305555.0,18.91,22.05,28.76,1,1.5,58,True,-17.21,14.78,-3.09,-0.78,10.06,18.39,23.87,19.5132,19.0578,17.1814,15.973,15.2662,39127594,1255,2026-09-25,21.71,191766555.0
NYSE:UHAL.B,UHAL-B,U-Haul Holding Company Series N Non-Voting,Industrials,Rental & Leasing Services,United States,NYSE,9412091847.0,53.46,22.07,29.68,1,1.6,59,False,-18.95,34.19,2.61,3.94,-3.52,-6.46,,52.1002,51.4315,55.4105,57.1513,,16591945,971,2026-09-25,22.16,176058583.0
NASDAQ:KDK,KDK,"Kodiak AI, Inc.",Technology,Software - Infrastructure,United States,NASDAQ,469356109.0,2.43,22.08,26.75,1,1.6,60,False,-77.75,0.0,-65.27,-65.79,,,,6.9963,7.1026,,,,8199998,252,2026-09-25,26.22,193150662.0
NASDAQ:JBIO,JBIO,"Jade Biosciences, Inc.",Healthcare,Biotechnology,United States,NASDAQ,877599398.0,14.42,22.09,29.09,1,1.6,61,False,-46.29,78.91,-21.38,-13.52,-58.88,-92.32,-95.31,18.3404,16.6741,35.0711,187.6583,307.6225,18191118,1255,2026-09-25,23.05,60859875.0
NASDAQ:PAYX,PAYX,"Paychex, Inc.",Technology,Software - Application,United States,NASDAQ,36055571518.0,101.37,22.12,31.0,1,1.6,62,False,-20.39,21.24,-1.13,-3.38,-16.02,-13.87,-11.0,102.5236,104.9202,120.7103,117.7007,113.8985,384760471,1255,2026-09-25,22.31,355682860.0
NYSE:VEL,VEL,"Velocity Financial, Inc.",Financial Services,Mortgage Finance,United States,NYSE,606040365.0,15.35,22.13,28.11,1,1.7,63,False,-26.06,0.0,-16.31,-16.46,-17.08,-13.78,-3.72,18.3419,18.3734,18.5117,17.8025,15.9428,2764030,1255,2026-09-25,22.48,39481457.0
NYSE:VGM,VGM,Invesco Trust for Investment Grade Municipals Common Stock (DE),Financial Services,Asset Management,United States,NYSE,494595548.0,9.12,22.26,26.09,1,1.7,64,True,-12.93,0.55,-8.3,-7.41,-2.34,2.24,5.96,9.9451,9.85,9.339,8.92,8.6072,2253720,1255,2026-09-25,19.05,54231968.0
NASDAQ:MGPI,MGPI,"MGP Ingredients, Inc.",Consumer Defensive,Beverages - Wineries & Distilleries,United States,NASDAQ,274528454.0,12.82,22.28,28.34,1,1.7,65,True,-50.47,0.63,-33.57,-36.54,-54.99,-72.49,-78.7,19.2973,20.2022,28.4824,46.6066,60.1903,4306685,1255,2026-09-25,20.84,21414076.0
NASDAQ:PCAR,PCAR,PACCAR Inc.,Industrials,Farm & Heavy Construction Machinery,United States,NASDAQ,58589682918.0,111.31,22.29,29.81,1,1.7,66,True,-19.25,22.64,-7.4,-3.57,4.49,9.0,20.01,120.2011,115.431,106.5229,102.1227,92.7543,402472218,1255,2026-09-25,19.35,526364953.0
NASDAQ:ALKT,ALKT,"Alkami Technology, Inc.",Technology,Software - Application,United States,NASDAQ,1475799324.0,13.8,22.3,28.83,1,1.8,67,False,-46.26,0.0,-24.43,-27.59,-44.47,-44.86,-38.55,18.2624,19.059,24.8513,25.0277,22.4562,36714533,1255,2026-09-25,23.32,106941980.0
NYSE:MAX,MAX,"MediaAlpha, Inc.",Communication Services,Internet Content & Information,United States,NYSE,491084841.0,9.27,22.34,29.02,1,1.8,68,False,-35.04,29.29,-14.32,-16.14,-18.21,-25.75,-22.86,10.8193,11.0537,11.3335,12.4847,12.0176,8043554,1255,2026-09-25,23.41,52975711.0
NASDAQ:NMRA,NMRA,"Neumora Therapeutics, Inc.",Healthcare,Biotechnology,United States,NASDAQ,125622717.0,0.678,22.41,27.03,1,1.8,69,False,-81.11,0.0,-65.46,-66.49,-78.65,-89.24,,1.9629,2.0232,3.175,6.3031,,1293244,761,2026-09-25,23.17,185284244.0
AMEX:WYY,WYY,WidePoint Corporation,Technology,Information Technology Services,United States,AMEX,54082880.0,5.47,22.47,28.83,1,1.8,70,False,-72.92,38.13,-35.38,-31.6,-8.16,12.63,32.17,8.4643,7.997,5.956,4.8564,4.1386,2140064,1255,2026-09-25,49.48,9887181.0
NASDAQ:ALHC,ALHC,"Alignment Healthcare, Inc.",Healthcare,Healthcare Plans,United States,NASDAQ,1703042573.0,8.21,22.55,26.06,1,1.9,71,True,-66.57,7.04,-55.15,-54.69,-49.26,-37.95,-32.18,18.3046,18.1208,16.1796,13.2303,12.1058,104727630,1255,2026-09-25,14.87,207435149.0
AMEX:VKI,VKI,Invesco Advantage Municipal Income Trust II Common Shares of Beneficial Interest (DE),Financial Services,Asset Management,United States,AMEX,353617205.0,7.96,22.57,26.83,1,1.9,72,False,-14.99,0.0,-8.71,-7.72,-2.47,2.28,5.99,8.7194,8.626,8.1619,7.7824,7.5099,1039222,1255,2026-09-25,22.57,44424272.0
NYSE:AQN,AQN,Algonquin Power & Utilities Corp.,Utilities,Utilities - Diversified,Canada,NYSE,3848327720.0,5.0,22.58,28.09,1,1.9,73,False,-26.81,0.0,-16.68,-15.88,-8.63,-8.23,-14.36,6.0006,5.944,5.4724,5.4481,5.8386,24383871,1255,2026-09-25,23.14,769665544.0
NASDAQ:PSNY,PSNY,Polestar Automotive Holding UK Limited - Class A ADS,Consumer Cyclical,Auto Manufacturers,Sweden,NASDAQ,997279100.0,6.93,22.67,25.89,1,1.9,74,False,-76.23,0.0,-59.0,-61.92,-73.34,-79.18,-88.26,16.9039,18.1968,25.9909,33.2903,59.0516,2965217,1255,2026-09-25,22.85,143907518.0
NYSE:BCAT,BCAT,BlackRock Capital Allocation Term Trust Common Shares of Beneficial Interest,Financial Services,Asset Management,United States,NYSE,1435421213.0,13.7,22.75,28.78,1,2.0,75,False,-13.3,17.39,-2.03,0.86,11.12,20.79,30.6,13.9835,13.5836,12.329,11.3416,10.4904,17883294,1255,2026-09-25,24.91,104775271.0
NASDAQ:ELVR,ELVR,Elevra Lithium Limited - American Depository Shares,Basic Materials,Other Industrial Metals & Mining,Australia,NASDAQ,803808412.0,41.43,22.79,29.97,1,2.0,76,False,-59.51,77.77,-34.24,-26.1,,,,63.0046,56.0598,,,,2538816,269,2026-09-25,24.52,19401603.0
NYSE:BYD,BYD,Boyd Gaming Corporation,Consumer Cyclical,Resorts & Casinos,United States,NYSE,5175245139.0,71.23,22.84,28.16,1,2.0,77,False,-21.75,0.0,-14.6,-14.11,-8.79,-0.29,3.75,83.4099,82.9347,78.096,71.4399,68.6568,76556281,1255,2026-09-25,24.31,72655414.0
NYSE:ARR,ARR,"ARMOUR Residential REIT, Inc.",Real Estate,REIT - Mortgage,United States,NYSE,1995897949.0,14.1,22.87,27.57,1,2.1,78,False,-17.42,16.57,-11.29,-8.95,-2.52,1.79,0.84,15.895,15.4865,14.4648,13.8519,13.9828,64582399,1255,2026-09-25,22.97,141553046.0
NYSE:ARI,ARI,"Apollo Commercial Real Estate Finance, Inc",Real Estate,REIT - Mortgage,United States,NYSE,817110846.0,6.24,22.9,30.98,1,2.1,79,False,-13.67,5.25,-7.06,-5.36,3.47,7.15,12.13,6.7137,6.5932,6.0305,5.8238,5.5652,15355962,1255,2026-09-25,23.59,130947251.0
AMEX:GPUS,GPUS,"Hyperscale Data, Inc.",Industrials,Conglomerates,United States,AMEX,54894701.0,0.17,22.92,28.36,1,2.1,80,False,-94.6,0.0,-79.22,-83.7,-98.31,-99.81,-100.0,0.8182,1.0433,10.043,88.5035,20619.3648,9342038,1255,2026-09-25,24.17,322910003.0
NYSE:NEE,NEE,"NextEra Energy, Inc.",Utilities,Utilities - Regulated Electric,United States,NYSE,158701222141.0,76.08,23.11,27.55,1,2.1,81,True,-21.11,4.84,-11.94,-10.74,-1.8,5.66,6.89,86.3968,85.2336,77.4763,72.0041,71.1781,970011523,1255,2026-09-25,19.56,2085978209.0
NYSE:GD,GD,General Dynamics Corporation,Industrials,Aerospace & Defense,United States,NYSE,91102018700.0,336.72,23.19,30.08,1,2.2,82,True,-14.96,8.21,-4.74,-3.75,7.37,13.84,22.44,353.4689,349.8441,313.6002,295.7889,275.0014,441234376,1255,2026-09-25,22.46,270557195.0
NASDAQ:WVE,WVE,"Wave Life Sciences, Inc.",Healthcare,Biotechnology,Singapore,NASDAQ,744842102.0,3.78,23.21,28.41,1,2.2,83,False,-82.26,0.0,-58.24,-56.89,-59.17,-52.7,-46.71,9.0507,8.7684,9.2588,7.9917,7.0927,15141225,1255,2026-09-25,25.86,197048175.0
NYSE:RPT,RPT,Rithm Property Trust Inc.,Real Estate,REIT - Mortgage,United States,NYSE,84021417.0,10.81,23.24,30.39,1,2.2,84,False,-35.14,1.69,-21.09,-21.19,-24.7,-33.87,-44.04,13.6989,13.7169,14.3563,16.3463,19.3179,234596,1255,2026-09-25,24.63,7772564.0
NYSE:BCE,BCE,"BCE, Inc.",Communication Services,Telecom Services,Canada,NYSE,19555066382.0,20.97,23.25,31.99,1,2.2,85,False,-17.58,1.85,-9.84,-8.92,-7.96,-16.68,-23.85,23.259,23.0231,22.7839,25.1679,27.5373,91977268,1255,2026-09-25,26.27,932525817.0
NYSE:PEG,PEG,Public Service Enterprise Group Incorporated,Utilities,Utilities - Regulated Electric,United States,NYSE,33397500362.0,67.02,23.32,27.37,1,2.3,86,True,-20.91,0.69,-13.93,-14.28,-15.26,-8.85,-2.3,77.8689,78.1812,79.0926,73.5274,68.5973,247853419,1255,2026-09-25,18.96,498321402.0
NYSE:TU,TU,Telus Corporation,Communication Services,Telecom Services,Canada,NYSE,13240238536.0,8.48,23.33,28.21,1,2.3,87,False,-43.01,0.0,-26.08,-28.94,-35.11,-37.14,-39.88,11.4725,11.9332,13.0691,13.4898,14.1057,58008737,1255,2026-09-25,24.06,1561348884.0
NYSE:TFIN,TFIN,"Triumph Financial, Inc.",Financial Services,Banks - Regional,United States,NYSE,1468319299.0,61.45,23.39,29.46,1,2.3,88,True,-24.21,30.88,-8.99,-4.93,-9.2,-12.34,-8.35,67.5181,64.6379,67.6757,70.0991,67.0473,14551391,1255,2026-09-25,19.05,23894537.0
NASDAQ:SFIX,SFIX,"Stitch Fix, Inc.",Consumer Cyclical,Apparel Retail,United States,NASDAQ,254906843.0,2.155,23.41,28.64,1,2.3,89,False,-61.79,0.0,-44.02,-45.44,-47.07,-43.57,-44.51,3.8498,3.9495,4.0718,3.8192,3.8837,7898706,1255,2026-09-25,24.21,118286238.0
NYSE:GLAS,GLAS,Glass House Brands Inc. Subordinate Voting Shares,Healthcare,Drug Manufacturers - Specialty & Generic,United States,NYSE,567377326.0,6.8,23.46,29.94,1,2.4,90,False,-49.93,28.08,-27.88,-24.23,-11.66,-8.11,6.88,9.4282,8.9748,7.6974,7.4005,6.3621,7163388,1255,2026-09-25,26.21,83437842.0
NYSE:GETY,GETY,"Getty Images Holdings, Inc.",Communication Services,Internet Content & Information,United States,NYSE,58654294.0,0.14,23.49,28.77,1,2.4,91,False,-94.07,0.0,-82.62,-86.29,-91.71,-94.52,-95.76,0.8057,1.0212,1.6892,2.5553,3.3012,747089,1255,2026-09-25,25.87,418959244.0
NYSE:CLB,CLB,Core Laboratories Inc.,Energy,Oil & Gas Equipment & Services,United States,NYSE,476740391.0,10.39,23.58,32.34,1,2.4,92,False,-47.06,5.36,-29.48,-28.94,-29.75,-35.13,-40.63,14.7337,14.6215,14.7895,16.0156,17.5007,6214289,1255,2026-09-25,24.55,45884542.0
NYSE:HIG,HIG,"The Hartford Insurance Group, Inc.",Financial Services,Insurance - Diversified,United States,NYSE,34055271769.0,124.23,23.6,30.99,1,2.4,93,False,-14.35,3.35,-8.0,-7.02,-1.01,9.55,21.97,135.0352,133.6112,125.5035,113.3959,101.8539,216053237,1255,2026-09-25,25.53,274130820.0
NASDAQ:RPID,RPID,"Rapid Micro Biosystems, Inc.",Healthcare,Medical Devices,United States,NASDAQ,50307731.0,1.11,23.62,27.03,1,2.5,94,False,-76.28,1.83,-56.33,-59.51,-55.84,-43.92,-40.42,2.5417,2.7416,2.5134,1.9793,1.8632,372488,1255,2026-09-25,23.62,45322280.0
NYSE:WY,WY,Weyerhaeuser Company,Real Estate,REIT - Specialty,United States,NYSE,14421927360.0,20.01,23.63,29.01,1,2.5,95,False,-24.19,0.0,-16.12,-15.02,-20.61,-24.5,-25.41,23.8566,23.5466,25.2046,26.5024,26.8259,141740434,1255,2026-09-25,24.33,720736000.0
NASDAQ:TYGO,TYGO,"Tigo Energy, Inc.",Technology,Solar,United States,NASDAQ,65283283.0,0.86,23.67,27.61,1,2.5,96,False,-83.33,0.0,-68.39,-67.05,-53.87,-54.11,-80.63,2.7206,2.6098,1.8644,1.8742,4.4403,835091,1255,2026-09-25,24.79,75910794.0
NASDAQ:CGEM,CGEM,"Cullinan Therapeutics, Inc.",Healthcare,Biotechnology,United States,NASDAQ,910193661.0,14.81,23.7,31.22,1,2.6,97,False,-35.47,157.57,-3.05,7.07,23.86,12.31,16.85,15.2761,13.8316,11.9566,13.1869,12.674,23361230,1255,2026-09-25,25.24,61458046.0
NASDAQ:INSE,INSE,"Inspired Entertainment, Inc.",Consumer Cyclical,Gambling,United States,NASDAQ,120457760.0,4.57,23.7,27.27,1,2.6,98,False,-53.46,1.33,-38.54,-39.88,-44.84,-46.9,-52.76,7.4356,7.602,8.285,8.606,9.6745,1096377,1255,2026-09-25,24.39,26358372.0
NYSE:SF,SF,Stifel Financial Corporation,Financial Services,Capital Markets,United States,NYSE,10664286150.0,70.35,23.7,30.86,1,2.6,99,True,-19.7,3.92,-9.48,-9.22,-2.94,9.71,22.24,77.7181,77.4981,72.4802,64.1223,57.5502,97922528,1255,2026-09-25,21.18,151589000.0
NYSE:RLI,RLI,RLI Corp. Common Stock (DE),Financial Services,Insurance - Property & Casualty,United States,NYSE,5110838370.0,55.69,23.71,33.05,1,2.6,100,False,-16.17,22.07,-2.96,-3.06,-11.88,-11.67,-9.13,57.3889,57.4458,63.1956,63.05,61.2824,38747201,1255,2026-09-25,24.89,91773000.0
NASDAQ:VRRM,VRRM,Verra Mobility Corporation,Technology,Information Technology Services,United States,NASDAQ,492177556.0,3.24,23.77,28.46,1,2.7,101,False,-86.93,0.0,-72.85,-77.28,-83.2,-84.48,-83.72,11.9327,14.26,19.2813,20.8804,19.9021,25407714,1255,2026-09-25,23.96,151906653.0
NYSE:NPB,NPB,"Northpointe Bancshares, Inc.",Financial Services,Banks - Regional,United States,NYSE,531522912.0,15.37,23.79,30.03,1,2.7,102,True,-20.3,0.13,-12.44,-11.62,,,,17.5544,17.3909,,,,4545677,404,2026-09-25,23.19,34581842.0
NASDAQ:RACC,RACC,Research Alliance Corporation III,Financial Services,Shell Companies,United States,NASDAQ,84903000.0,10.92,23.79,31.75,1,2.7,103,False,-62.73,6.23,,,,,,,,,,,1873464,89,2026-09-25,24.3,7775000.0
NYSE:LHX,LHX,"L3Harris Technologies, Inc.",Industrials,Aerospace & Defense,United States,NYSE,44261352077.0,237.69,23.82,29.2,1,2.7,104,False,-36.42,0.0,-23.14,-21.88,-11.24,-3.05,2.88,309.2675,304.2724,267.7898,245.179,231.0336,418041726,1255,2026-09-25,24.06,186214616.0
NYSE:GDOT,GDOT,"Green Dot Corporation Class A Common Stock, $0.001 par value",Financial Services,Credit Services,United States,NYSE,694363136.0,12.25,23.84,30.76,1,2.8,105,False,-14.57,16.33,-2.65,-2.29,7.58,12.77,-2.56,12.5838,12.5367,11.3864,10.8629,12.5715,4836433,1255,2026-09-25,33.77,56682705.0
NASDAQ:LINC,LINC,Lincoln Educational Services Corporation,Consumer Defensive,Education & Training Services,United States,NASDAQ,712447551.0,22.46,23.84,27.1,1,2.8,106,False,-59.66,26.18,-37.84,-32.1,-11.82,9.71,32.38,36.1308,33.0776,25.471,20.4716,16.9665,19850242,1255,2026-09-25,28.71,31720728.0
NASDAQ:SFBC,SFBC,"Sound Financial Bancorp, Inc.",Financial Services,Banks - Regional,United States,NASDAQ,101711023.0,42.72,23.9,32.22,1,2.8,107,False,-12.64,5.04,-2.63,-2.83,-8.34,-3.15,1.49,43.8751,43.9657,46.6087,44.1097,42.0912,304702,1255,2026-09-25,37.21,2380876.0
NASDAQ:KLRS,KLRS,"Kalaris Therapeutics, Inc.",Healthcare,Biotechnology,United States,NASDAQ,69473452.0,2.92,24.03,30.31,1,2.8,108,False,-73.41,0.0,-53.12,-52.03,-59.86,-77.08,-92.58,6.2292,6.0874,7.2749,12.7408,39.3348,217625,1255,2026-09-25,27.47,23792278.0
NASDAQ:IMUX,IMUX,"Immunic, Inc.",Healthcare,Biotechnology,United States,NASDAQ,127292759.0,9.345,24.04,29.33,1,2.9,109,True,-44.7,83.24,-17.26,-11.79,-11.37,-17.62,-32.19,11.2937,10.5937,10.5442,11.3444,13.7803,4425560,1255,2026-09-25,23.71,13621483.0
NYSE:ABR,ABR,Arbor Realty Trust,Real Estate,REIT - Mortgage,United States,NYSE,751828913.0,4.03,24.07,29.59,1,2.9,110,False,-63.11,0.0,-34.74,-40.82,-52.91,-55.27,-55.2,6.175,6.8094,8.5587,9.0106,8.9964,20985826,1255,2026-09-25,24.84,186558043.0
NYSE:GIL,GIL,"Gildan Activewear, Inc. Class A Sub. Vot.",Consumer Cyclical,Apparel Manufacturing,Canada,NYSE,7589161931.0,40.98,24.08,28.9,1,2.9,111,True,-42.79,0.86,-29.24,-29.2,-22.65,-12.34,-2.7,57.9163,57.881,52.9791,46.7473,42.1155,74030343,1255,2026-09-25,22.41,185191848.0
NYSE:PRKS,PRKS,United Parks & Resorts Inc.,Consumer Cyclical,Leisure,United States,NYSE,1567256306.0,33.25,24.28,28.81,1,2.9,112,True,-39.78,11.84,-13.83,-16.31,-26.22,-29.04,-32.16,38.5854,39.7285,45.064,46.8578,49.0092,26787516,1255,2026-09-25,19.49,47135528.0
NYSE:IVT,IVT,InvenTrust Properties Corp.,Real Estate,REIT - Retail,United States,NYSE,2379381714.0,30.53,24.33,28.74,1,3.0,113,False,-16.88,14.74,-3.6,-0.83,4.49,11.61,18.57,31.6714,30.7865,29.2169,27.3549,25.7494,19712406,1255,2026-09-25,24.7,77935857.0
NASDAQ:RENT,RENT,"Rent the Runway, Inc.",Consumer Cyclical,Apparel Retail,United States,NASDAQ,56089336.0,1.67,24.38,28.11,1,3.0,114,False,-82.22,0.0,-65.48,-65.15,-71.14,-79.94,-90.83,4.8383,4.7917,5.7862,8.3233,18.2173,600656,1233,2026-09-25,25.97,33586429.0
NYSE:CTEV,CTEV,Claritev Corporation,Healthcare,Health Information Services,United States,NYSE,395508705.0,23.2,24.41,33.01,1,3.0,115,False,-67.49,72.23,-15.27,-29.55,-23.14,-27.8,-42.5,27.3803,32.9327,30.1838,32.1328,40.347,4707804,1255,2026-09-25,24.61,17047789.0
NASDAQ:IVA,IVA,Inventiva S.A. - American Depository Shares,Healthcare,Biotechnology,France,NASDAQ,796063594.0,3.37,24.41,30.32,1,3.0,116,True,-52.87,3.37,-33.2,-32.55,-17.19,-12.88,-15.13,5.0452,4.996,4.0696,3.8681,3.9709,6480690,1255,2026-09-25,18.3,236220651.0
NASDAQ:FRPT,FRPT,"Freshpet, Inc.",Consumer Defensive,Packaged Foods,United States,NASDAQ,2845859027.0,57.91,24.45,34.83,1,3.1,117,False,-32.27,22.2,-9.17,-6.28,-29.96,-35.09,-30.13,63.7567,61.7912,82.6773,89.2169,82.8799,70469137,1255,2026-09-25,25.2,49142791.0
NYSE:L,L,Loews Corporation,Financial Services,Insurance - Property & Casualty,United States,NYSE,21428113610.0,104.82,24.45,31.08,1,3.1,118,False,-12.16,7.42,-3.7,-2.45,7.89,17.73,29.07,108.8514,107.4498,97.1537,89.031,81.2122,113748411,1255,2026-09-25,25.23,204427720.0
NASDAQ:NMIH,NMIH,NMI Holdings Inc,Financial Services,Insurance - Specialty,United States,NASDAQ,3101231997.0,41.23,24.46,34.52,1,3.1,119,False,-9.8,16.63,2.6,4.29,6.27,12.94,23.87,40.1833,39.533,38.799,36.5066,33.2855,25254734,1255,2026-09-25,26.44,75217851.0
NYSE:PNR,PNR,Pentair plc.,Industrials,Specialty Industrial Machinery,United Kingdom,NYSE,8564136000.0,53.66,24.47,28.77,1,3.2,120,True,-51.66,1.19,-34.45,-38.28,-41.89,-37.72,-30.95,81.8583,86.9352,92.3345,86.1558,77.7145,223122243,1255,2026-09-25,19.5,159600000.0
NASDAQ:EXC,EXC,Exelon Corporation,Utilities,Utilities - Regulated Electric,United States,NASDAQ,41560445029.0,40.34,24.5,29.9,1,3.2,121,True,-18.26,0.35,-10.27,-10.14,-4.91,1.97,4.45,44.9573,44.8944,42.4228,39.5597,38.622,329688389,1255,2026-09-25,22.4,1030253967.0
NYSE:STWD,STWD,"STARWOOD PROPERTY TRUST, INC. Starwood Property Trust Inc.",Real Estate,REIT - Mortgage,United States,NYSE,5323949465.0,14.36,24.5,29.27,1,3.2,122,False,-20.27,0.0,-13.91,-14.24,-15.18,-12.8,-9.06,16.6809,16.7451,16.93,16.4684,15.7906,67835108,1255,2026-09-25,24.5,370748570.0
NYSE:SLQT,SLQT,"SelectQuote, Inc.",Financial Services,Insurance Brokers,United States,NYSE,70539110.0,0.4,24.51,30.25,1,3.3,123,False,-81.22,0.0,-56.14,-63.37,-79.74,-80.19,-78.41,0.912,1.092,1.9743,2.019,1.8529,523642,1255,2026-09-25,25.44,176347774.0
NASDAQ:ZNTL,ZNTL,"Zentalis Pharmaceuticals, Inc.",Healthcare,Biotechnology,United States,NASDAQ,192203140.0,2.7,24.51,31.04,1,3.3,124,False,-59.15,110.94,-20.26,-9.79,5.65,-50.26,-72.37,3.3859,2.993,2.5555,5.4286,9.7705,3243253,1255,2026-09-25,25.31,71186348.0
NYSE:BIT,BIT,BlackRock Multi-Sector Income Trust Common Shares of Beneficial Interest,Financial Services,Asset Management,United States,NYSE,640814222.0,11.23,24.53,27.78,1,3.3,125,True,-9.26,0.36,-6.34,-6.16,-7.08,-5.47,-1.95,11.9906,11.9678,12.0861,11.8795,11.4531,5121464,1255,2026-09-25,20.75,57062709.0
NASDAQ:HUBG,HUBG,"Hub Group, Inc.",Industrials,Integrated Freight & Logistics,United States,NASDAQ,1837954936.0,30.34,24.53,28.89,1,3.3,126,True,-41.65,1.03,-27.45,-25.16,-23.49,-24.28,-23.78,41.8179,40.5406,39.6535,40.0697,39.8069,45963905,1255,2026-09-25,22.34,60578607.0
NASDAQ:QNST,QNST,"QuinStreet, Inc.",Communication Services,Advertising Agencies,United States,NASDAQ,827787782.0,14.41,24.56,33.09,1,3.3,127,False,-34.56,36.46,0.57,0.33,-12.36,-9.74,-3.75,14.3279,14.3624,16.4426,15.9648,14.9722,18768160,1255,2026-09-25,24.44,57445370.0
NASDAQ:MNPR,MNPR,Monopar Therapeutics Inc.,Healthcare,Biotechnology,United States,NASDAQ,570994550.0,85.235,24.63,33.25,1,3.4,128,False,-31.17,70.06,11.61,9.12,54.79,126.21,179.34,76.3688,78.109,55.0665,37.6797,30.5128,15167505,1255,2026-09-25,27.15,6699062.0
NYSE:EIC,EIC,Eagle Point Income Company Common Shares of Beneficial Interest,Financial Services,Asset Management,United States,NYSE,217072191.0,9.42,24.65,30.86,1,3.4,129,True,-23.69,4.54,-6.39,-8.82,-17.51,-17.13,-12.66,10.0632,10.3313,11.4202,11.3674,10.7851,941429,1255,2026-09-25,23.67,23043757.0
NYSE:NXRT,NXRT,"NexPoint Residential Trust, Inc.",Real Estate,REIT - Residential,United States,NYSE,501798327.0,19.64,24.66,28.48,1,3.4,130,False,-33.94,0.0,-24.83,-26.37,-35.34,-34.91,-37.61,26.1281,26.6746,30.3736,30.1724,31.4799,17926873,1255,2026-09-25,27.34,25549813.0
NYSE:STZ,STZ,"Constellation Brands, Inc.",Consumer Defensive,Beverages - Brewers,United States,NYSE,19402607825.0,113.63,24.66,30.33,1,3.4,131,False,-30.83,0.0,-20.27,-19.08,-30.04,-39.09,-41.85,142.5231,140.4163,162.4157,186.5612,195.4243,301000150,1255,2026-09-25,25.33,170752511.0
NASDAQ:MIST,MIST,Milestone Pharmaceuticals Inc.,Healthcare,Biotechnology,Canada,NASDAQ,98104408.0,0.788,24.67,30.15,1,3.5,132,False,-73.29,0.0,-49.19,-52.75,-53.04,-54.94,-66.44,1.551,1.6677,1.6781,1.7489,2.3481,1491846,1255,2026-09-25,25.06,124497980.0
NYSE:PRG,PRG,"PROG Holdings, Inc.",Industrials,Rental & Leasing Services,United States,NYSE,1301697766.0,32.68,24.75,30.61,1,3.5,133,False,-31.01,26.36,-7.63,-4.31,-5.47,-3.81,3.32,35.3799,34.1527,34.5725,33.9756,31.6307,23627559,1255,2026-09-25,23.56,39831633.0
NASDAQ:RNA,RNA,"Atrium Therapeutics, Inc.",Healthcare,Biotechnology,United States,NASDAQ,141805780.0,8.29,24.79,29.34,1,3.5,134,True,-49.88,1.22,,,,,,,,,,,4189062,146,2026-09-25,23.3,17105643.0
NYSE:BMA,BMA,Banco Macro S.A. ADR (representing Ten Class B Common Shares),Financial Services,Banks - Regional,Argentina,NYSE,4325472782.0,68.86,24.8,32.1,1,3.6,135,False,-31.91,77.2,-16.48,-12.98,-11.45,6.98,32.16,82.4448,79.1332,77.7617,64.3691,52.1026,18760637,1255,2026-09-25,28.39,62815463.0
NYSE:HMN,HMN,Horace Mann Educators Corporation,Financial Services,Insurance - Property & Casualty,United States,NYSE,1831286150.0,45.35,24.83,31.46,1,3.6,136,False,-15.59,10.92,-1.83,-0.69,6.93,17.29,24.55,46.1957,45.6635,42.4096,38.6651,36.4108,16679890,1255,2026-09-25,26.67,40381172.0
NYSE:AON,AON,Aon plc Class A Ordinary Shares (Ireland),Financial Services,Insurance Brokers,Ireland,NYSE,58968749398.0,277.99,24.84,29.56,1,3.6,137,True,-26.92,0.69,-16.43,-17.16,-20.65,-17.3,-15.32,332.6266,335.5656,350.3301,336.1449,328.2755,676699625,1255,2026-09-25,22.8,212125434.0
NASDAQ:CLDX,CLDX,"Celldex Therapeutics, Inc.",Healthcare,Biotechnology,United States,NASDAQ,2441103439.0,31.1,24.85,31.3,1,3.6,138,False,-30.69,37.73,-3.51,0.39,14.5,2.97,-1.7,32.2323,30.979,27.1621,30.2021,31.6381,60032142,1255,2026-09-25,25.59,78492072.0
NYSE:FE,FE,FirstEnergy Corp.,Utilities,Utilities - Regulated Electric,United States,NYSE,25055109056.0,43.3,24.89,30.95,1,3.7,139,True,-14.89,1.81,-7.35,-6.5,1.49,8.21,12.58,46.7375,46.3116,42.6634,40.0161,38.4623,187751922,1255,2026-09-25,23.16,578639932.0
NYSE:NPKI,NPKI,NPK International Inc.,Industrials,Building Products & Equipment,United States,NYSE,995143958.0,11.72,24.99,31.62,1,3.7,140,True,-28.32,9.12,-16.45,-13.95,9.86,23.11,42.46,14.0281,13.6205,10.6676,9.52,8.2269,10274750,1255,2026-09-25,23.73,84909894.0
NASDAQ:CNCK,CNCK,Coincheck Group N.V.,Financial Services,Capital Markets,Netherlands,NASDAQ,304517183.0,1.59,25.0,32.55,1,3.7,141,False,-79.82,13.57,-29.11,-40.03,-68.37,-76.65,-79.13,2.2428,2.6514,5.0275,6.8103,7.6183,89270,1255,2026-09-25,28.53,191520241.0
NASDAQ:MGEE,MGEE,MGE Energy Inc.,Utilities,Utilities - Regulated Electric,United States,NASDAQ,2644521261.0,70.06,25.03,29.01,1,3.8,142,True,-17.53,2.29,-9.76,-10.61,-15.6,-11.67,-8.33,77.6414,78.3792,83.0124,79.3147,76.43,13346918,1255,2026-09-25,13.02,37746521.0
NASDAQ:PTLO,PTLO,Portillo's Inc.,Consumer Cyclical,Restaurants,United States,NASDAQ,252971448.0,3.495,25.03,31.83,1,3.8,143,False,-48.22,0.0,-28.66,-30.35,-56.89,-64.06,-71.87,4.8993,5.0182,8.1074,9.7236,12.423,5363597,1237,2026-09-25,27.47,72380958.0
NYSE:RCI,RCI,"Rogers Communication, Inc.",Communication Services,Telecom Services,Canada,NYSE,13691832966.0,31.91,25.05,32.69,1,3.8,144,False,-19.88,2.45,-10.67,-11.03,-2.65,-7.01,-10.22,35.7199,35.8679,32.7781,34.3141,35.5433,41157681,1255,2026-09-25,26.47,429076558.0
NYSE:D,D,"Dominion Energy, Inc.",Utilities,Utilities - Regulated Electric,United States,NYSE,53369634585.0,60.68,25.06,29.95,1,3.8,145,True,-14.5,9.61,-3.96,-2.37,5.52,14.74,17.33,63.1827,62.1545,57.5075,52.8835,51.7183,331745986,1255,2026-09-25,22.27,879525949.0
NASDAQ:CASH,CASH,"Pathward Financial, Inc.",Financial Services,Banks - Regional,United States,NASDAQ,1533074116.0,73.8,25.09,30.1,1,3.8,146,False,-26.06,11.3,-13.14,-10.12,-6.76,4.59,15.13,84.965,82.1073,79.1478,70.5627,64.1028,18943774,1255,2026-09-25,23.1,20773362.0
NYSE:LADR,LADR,Ladder Capital Corp,Real Estate,REIT - Mortgage,United States,NYSE,1151936951.0,9.08,25.11,32.52,1,3.9,147,False,-15.3,0.11,-8.79,-8.97,-8.71,-5.95,-1.08,9.9555,9.9749,9.9464,9.654,9.1793,12041137,1255,2026-09-25,25.35,126865303.0
NASDAQ:IMVT,IMVT,"Immunovant, Inc.",Healthcare,Biotechnology,United States,NASDAQ,6836786936.0,33.3,25.15,31.95,1,3.9,148,False,-25.93,112.51,5.66,13.69,33.93,21.01,33.84,31.5176,29.2896,24.8641,27.5184,24.8797,57654466,1255,2026-09-25,26.99,205308917.0
NYSE:EFX,EFX,"Equifax, Inc.",Industrials,Consulting Services,United States,NYSE,17400687947.0,148.11,25.16,32.4,1,3.9,149,False,-41.6,0.0,-19.25,-22.38,-33.31,-34.72,-32.35,183.4089,190.8252,222.0745,226.8913,218.947,254524915,1255,2026-09-25,25.56,117484896.0
NASDAQ:WAFD,WAFD,"WaFd, Inc.",Financial Services,Banks - Regional,United States,NASDAQ,2318462070.0,31.35,25.19,28.46,1,3.9,150,False,-19.68,16.3,-7.69,-5.02,0.3,5.11,7.03,33.9612,33.0073,31.2559,29.8256,29.29,44286580,1255,2026-09-25,18.45,73954133.0
NASDAQ:NATR,NATR,"Nature's Sunshine Products, Inc.",Consumer Defensive,Packaged Foods,United States,NASDAQ,227196533.0,12.92,25.24,26.35,1,4.0,151,True,-53.53,0.08,-40.57,-37.75,-26.75,-25.5,-17.98,21.7384,20.755,17.6387,17.3421,15.7517,1951113,1255,2026-09-25,24.94,17584871.0
NASDAQ:ADAM,ADAM,"Adamas Trust, Inc.",Real Estate,REIT - Mortgage,United States,NASDAQ,731621458.0,8.14,25.27,32.08,1,4.0,152,False,-17.66,40.66,1.96,6.93,27.12,35.69,33.02,7.9832,7.6123,6.4033,5.999,6.1194,10238519,1255,2026-09-25,25.27,89879786.0
NASDAQ:AMSF,AMSF,"AMERISAFE, Inc.",Financial Services,Insurance - Specialty,United States,NASDAQ,439725656.0,23.51,25.28,29.49,1,4.1,153,False,-42.0,0.0,-25.82,-28.75,-39.03,-39.66,-39.8,31.6924,32.9951,38.5588,38.9627,39.0523,14839925,1255,2026-09-25,27.5,18703771.0
NASDAQ:HAPN,HAPN,"Happen, Inc.",Financial Services,Banks - Regional,United States,NASDAQ,1734574184.0,15.03,25.28,31.43,1,4.1,154,False,-30.35,12.84,-14.37,-13.8,-2.35,15.19,25.07,17.5525,17.436,15.3925,13.0475,12.0176,23030879,1255,2026-09-25,27.46,115407464.0
NASDAQ:RAPP,RAPP,"Rapport Therapeutics, Inc.",Healthcare,Biotechnology,United States,NASDAQ,1626943678.0,33.91,25.28,31.74,1,4.1,155,True,-35.41,39.15,-4.99,0.09,36.19,,,35.6903,33.8799,24.8996,,,18550435,577,2026-09-25,24.95,47978286.0
NYSE:DUK,DUK,Duke Energy Corporation (Holding Company),Utilities,Utilities - Regulated Electric,United States,NYSE,88367231197.0,113.35,25.29,31.49,1,4.1,156,True,-13.58,2.03,-7.33,-6.98,-2.47,5.41,11.68,122.3205,121.8531,116.2195,107.5315,101.4954,456282213,1255,2026-09-25,24.51,779596217.0
NASDAQ:ZURA,ZURA,Zura Bio Limited,Healthcare,Biotechnology,United States,NASDAQ,383318068.0,4.04,25.34,32.91,1,4.1,157,False,-42.61,92.38,-24.03,-19.09,14.24,7.89,,5.318,4.993,3.5365,3.7447,,8285502,883,2026-09-25,26.8,94880710.0
NASDAQ:LNT,LNT,Alliant Energy Corporation,Utilities,Utilities - Regulated Electric,United States,NASDAQ,16426419553.0,63.6,25.38,29.9,1,4.2,158,True,-17.87,0.76,-8.57,-7.52,-0.43,9.0,14.37,69.565,68.7709,63.8723,58.3498,55.6092,153161578,1255,2026-09-25,22.21,258277037.0
NYSE:LVS,LVS,Las Vegas Sands Corp.,Consumer Cyclical,Resorts & Casinos,United States,NYSE,25253869164.0,38.99,25.41,29.66,1,4.2,159,True,-42.91,0.88,-24.91,-26.69,-20.89,-18.04,-18.79,51.9253,53.1879,49.2862,47.5711,48.0095,249558192,1255,2026-09-25,21.81,647701184.0
NYSE:TAP.A,TAP-A,Molson Coors Beverage Company,Consumer Defensive,Beverages - Brewers,United States,NYSE,101291104.0,39.52,25.52,33.19,1,4.2,160,False,-27.13,1.12,-13.47,-13.5,-20.65,-24.3,-27.15,45.6719,45.6856,49.8058,52.2066,54.2514,16181,1255,2026-09-25,33.98,2563034.0
NYSE:AVA,AVA,Avista Corporation,Utilities,Utilities - Diversified,United States,NYSE,2901435277.0,35.11,25.53,30.36,1,4.2,161,True,-16.19,0.35,-10.5,-9.6,-5.24,0.14,1.24,39.2275,38.8386,37.0518,35.0615,34.6791,26736255,1255,2026-09-25,24.4,82638430.0
NYSE:NLY,NLY,Annaly Capital Management Inc.,Real Estate,REIT - Mortgage,United States,NYSE,15534054650.0,20.61,25.56,31.17,1,4.3,162,True,-13.18,12.88,-4.87,-2.78,9.12,19.69,28.11,21.666,21.1987,18.8876,17.2197,16.0877,207068407,1255,2026-09-25,25.3,753714442.0
NYSE:LW,LW,"Lamb Weston Holdings, Inc.",Consumer Defensive,Packaged Foods,United States,NYSE,5991422459.0,43.58,25.6,32.56,1,4.3,163,False,-32.51,15.1,-4.71,-10.25,-17.89,-30.82,-37.8,45.7354,48.5556,53.0722,62.9914,70.0645,70687124,1255,2026-09-25,27.62,137481011.0
NASDAQ:RXST,RXST,"RxSight, Inc.",Healthcare,Medical Devices,United States,NASDAQ,192908198.0,4.66,25.6,33.14,1,4.3,164,False,-64.4,1.53,-34.94,-38.86,-71.85,-82.35,-81.04,7.1629,7.6216,16.5545,26.4037,24.5758,4868569,1255,2026-09-25,26.4,41396609.0
NASDAQ:BNTC,BNTC,Benitec Biopharma Inc.,Healthcare,Biotechnology,United States,NASDAQ,329458063.0,9.59,25.62,32.03,1,4.4,165,False,-41.95,0.0,-19.95,-22.91,-22.47,-5.62,12.28,11.9796,12.4396,12.3697,10.161,8.541,1709736,1255,2026-09-25,25.92,34354334.0
NASDAQ:NBIX,NBIX,"Neurocrine Biosciences, Inc.",Healthcare,Drug Manufacturers - Specialty & Generic,United States,NASDAQ,13916117647.0,138.4,25.62,31.63,1,4.4,166,False,-25.39,12.43,-6.24,-5.73,1.94,3.06,8.84,147.612,146.8048,135.7637,134.2914,127.1647,176785107,1255,2026-09-25,26.13,100549983.0
NYSE:KTF,KTF,DWS Municipal Income Trust,Financial Services,Asset Management,United States,NYSE,322392457.0,8.23,25.67,27.92,1,4.4,167,False,-9.45,0.0,-5.59,-5.09,-2.39,1.75,6.16,8.7171,8.6718,8.4314,8.0887,7.7521,2716647,1255,2026-09-25,27.6,39172838.0
NYSE:ADT,ADT,ADT Inc.,Industrials,Security & Protection Services,United States,NYSE,4325214227.0,6.4,25.69,32.55,1,4.4,168,False,-25.3,2.39,-10.28,-12.84,-13.84,-9.04,-7.99,7.133,7.3427,7.4282,7.0363,6.956,54821594,1255,2026-09-25,23.17,675814723.0
NASDAQ:OCS,OCS,Oculis Holding AG,Healthcare,Biotechnology,Switzerland,NASDAQ,559797437.0,9.27,25.73,29.31,1,4.4,169,False,-71.61,0.0,-54.58,-54.26,-51.43,-44.0,-38.65,20.4089,20.2663,19.087,16.5543,15.1099,2087490,1255,2026-09-25,26.67,60388073.0
NASDAQ:WERN,WERN,"Werner Enterprises, Inc.",Industrials,Trucking,United States,NASDAQ,1972648661.0,32.89,25.75,32.14,1,4.5,170,False,-30.45,43.81,-8.31,-2.88,1.04,-3.01,-7.92,35.8725,33.8645,32.5514,33.9117,35.718,31646549,1255,2026-09-25,27.62,59977156.0
NASDAQ:ALKS,ALKS,Alkermes plc,Healthcare,Drug Manufacturers - Specialty & Generic,Ireland,NASDAQ,6853129661.0,40.85,25.76,31.49,1,4.5,171,True,-26.02,50.57,5.32,10.27,22.31,31.47,35.4,38.7877,37.0452,33.3974,31.0712,30.1699,92286594,1255,2026-09-25,25.34,167763272.0
NYSE:BBN,BBN,BlackRock Taxable Municipal Bond Trust Common Shares of Beneficial Interest,Financial Services,Asset Management,United States,NYSE,894137678.0,14.47,25.76,28.3,1,4.5,172,True,-11.3,0.77,-7.1,-7.37,-4.47,-1.12,1.15,15.5757,15.6208,15.1478,14.6342,14.3048,3697482,1255,2026-09-25,19.93,61792514.0
NASDAQ:SFM,SFM,"Sprouts Farmers Market, Inc.",Consumer Defensive,Grocery Stores,United States,NASDAQ,5827044086.0,62.49,25.77,31.49,1,4.6,173,False,-45.24,0.0,-20.18,-23.39,-45.38,-36.29,-23.84,78.2845,81.5671,114.4124,98.0859,82.0528,144763900,1255,2026-09-25,29.19,93247625.0
NYSE:BRBR,BRBR,"BellRing Brands, Inc.",Consumer Defensive,Packaged Foods,United States,NYSE,919757794.0,7.91,25.78,31.01,1,4.6,174,True,-78.51,2.86,-49.73,-58.46,-81.02,-82.71,-81.23,15.7345,19.043,41.6655,45.7534,42.1467,30793019,1255,2026-09-25,21.09,116277850.0
NYSE:TAP,TAP,Molson Coors Beverage Company,Consumer Defensive,Beverages - Brewers,United States,NYSE,6298994241.0,35.95,25.78,32.84,1,4.6,175,False,-31.62,0.0,-15.61,-16.11,-24.02,-27.18,-27.57,42.6011,42.8561,47.3121,49.3652,49.632,212215355,1255,2026-09-25,27.46,175215417.0
NYSE:GNL,GNL,"Global Net Lease, Inc.",Real Estate,REIT - Diversified,United States,NYSE,1804819577.0,8.55,25.79,34.75,1,4.6,176,False,-10.56,20.55,-4.41,-0.84,11.95,19.42,16.7,8.9443,8.6224,7.6376,7.1598,7.3263,20365803,1255,2026-09-25,28.73,211090009.0
NYSE:BRSP,BRSP,"BrightSpire Capital, Inc.",Real Estate,REIT - Mortgage,United States,NYSE,517483896.0,4.09,25.8,27.82,1,4.7,177,False,-30.59,0.99,-23.09,-21.94,-17.93,-17.02,-14.95,5.3182,5.2396,4.9835,4.9289,4.809,7442269,1255,2026-09-25,25.8,126524180.0
NYSE:PAR,PAR,PAR Technology Corporation,Technology,Software - Application,United States,NYSE,579921558.0,14.06,25.82,33.19,1,4.7,178,True,-64.97,18.95,-29.33,-39.54,-67.55,-67.75,-65.52,19.8959,23.2537,43.3268,43.5949,40.7752,15976149,1255,2026-09-25,24.3,41246199.0
NASDAQ:MGTX,MGTX,MeiraGTx Holdings plc,Healthcare,Biotechnology,United States,NASDAQ,1010369820.0,10.91,25.85,34.07,1,4.7,179,False,-27.12,56.08,8.64,12.62,34.66,53.18,55.63,10.042,9.6872,8.1018,7.1224,7.01,11760002,1255,2026-09-25,26.72,92609516.0
NYSE:BBAR,BBAR,Banco BBVA Argentina S.A. ADS,Financial Services,Banks - Regional,Argentina,NYSE,2685712513.0,13.15,25.87,31.81,1,4.7,180,False,-39.47,68.19,-21.1,-17.0,-19.07,1.02,23.78,16.6659,15.843,16.2492,13.0168,10.6234,8991469,1255,2026-09-25,28.48,204236693.0
NYSE:KLC,KLC,"KinderCare Learning Companies, Inc.",Consumer Defensive,Education & Training Services,United States,NYSE,251067994.0,2.12,25.9,29.3,1,4.8,181,False,-69.45,15.22,-44.38,-48.67,,,,3.8113,4.13,,,,1484521,492,2026-09-25,27.7,118428299.0
NASDAQ:EPOW,EPOW,E-Power Inc.,Industrials,Electrical Equipment & Parts,China,NASDAQ,182036795.0,5.66,25.91,29.61,1,4.8,182,False,-83.83,0.0,-66.91,-71.25,-73.58,-75.05,-83.51,17.1037,19.6877,21.4263,22.6854,34.3213,1233853,1255,2026-09-25,26.2,32161978.0
NASDAQ:CCCC,CCCC,"C4 Therapeutics, Inc.",Healthcare,Biotechnology,United States,NASDAQ,329490322.0,2.98,25.95,33.35,1,4.8,183,False,-36.19,74.27,-3.85,0.77,-0.79,-21.45,-28.69,3.0994,2.9571,3.0036,3.7938,4.1791,6925591,1255,2026-09-25,27.1,110567222.0
NYSE:TROX,TROX,Tronox Holdings plc Ordinary Shares (UK),Basic Materials,Chemicals,United States,NYSE,642882099.0,4.03,25.98,30.26,1,4.8,184,False,-61.03,42.86,-39.94,-33.45,-39.63,-54.37,-57.72,6.7105,6.0555,6.6753,8.8317,9.5325,10998931,1255,2026-09-25,25.98,159524094.0
NASDAQ:MRTN,MRTN,"Marten Transport, Ltd.",Industrials,Trucking,United States,NASDAQ,1050052167.0,12.87,25.99,29.79,1,4.9,185,True,-29.05,39.24,-9.94,-4.2,-5.93,-14.15,-20.41,14.2906,13.4346,13.682,14.9921,16.1707,10076091,1255,2026-09-25,25.03,81589135.0
NASDAQ:PRAX,PRAX,"Praxis Precision Medicines, Inc.",Healthcare,Biotechnology,United States,NASDAQ,7827802164.0,280.78,26.0,34.45,1,4.9,186,False,-27.32,470.11,-11.18,-0.26,66.64,123.34,177.62,316.1369,281.5154,168.5,125.718,101.1388,130196194,1255,2026-09-25,26.29,27878774.0
NYSE:CIM,CIM,Chimera Investment Corporation,Real Estate,REIT - Mortgage,United States,NYSE,864899826.0,10.34,26.11,28.81,1,4.9,187,False,-23.36,0.0,-15.98,-14.86,-13.67,-10.76,-11.58,12.3073,12.1446,11.9773,11.5863,11.6946,13273002,1255,2026-09-25,27.06,83646018.0
NASDAQ:IRON,IRON,"Disc Medicine, Inc.",Healthcare,Biotechnology,United States,NASDAQ,2504749143.0,65.24,26.11,32.43,1,4.9,188,False,-30.68,16.6,-10.01,-12.55,0.9,9.7,19.82,72.499,74.6056,64.659,59.4729,54.45,41114925,1255,2026-09-25,28.19,38392844.0
NASDAQ:WALD,WALD,Waldencast plc,Consumer Defensive,Household & Personal Products,United Kingdom,NASDAQ,121787086.0,1.03,26.16,31.51,1,5.0,189,False,-66.56,34.99,-31.25,-36.11,-53.85,-71.73,-78.83,1.4981,1.6121,2.2317,3.6428,4.865,401951,1255,2026-09-25,26.16,118239889.0
NASDAQ:LGCL,LGCL,Lucas GC Limited,Technology,Software - Application,China,NASDAQ,127087500.0,2.97,26.17,31.16,1,5.0,190,False,-99.64,8.39,-98.45,-98.77,-99.84,,,191.3296,241.7546,1821.9686,,,1379538,643,2026-09-25,26.21,42790404.0
NASDAQ:LYEL,LYEL,"Lyell Immunopharma, Inc.",Healthcare,Biotechnology,United States,NASDAQ,241367926.0,9.85,26.17,32.43,1,5.0,191,False,-74.48,0.0,-49.59,-48.92,-40.01,-58.8,-71.74,19.5413,19.2832,16.4195,23.906,34.8586,1521604,1255,2026-09-25,27.55,24504358.0
NYSE:EVMN,EVMN,"Evommune, Inc.",Healthcare,Biotechnology,United States,NYSE,305795978.0,8.49,26.18,30.92,1,5.1,192,False,-73.11,0.0,-55.81,,,,,19.2116,,,,,8273764,222,2026-09-25,27.72,36018372.0
NYSE:HII,HII,"Huntington Ingalls Industries, Inc.",Industrials,Aerospace & Defense,United States,NYSE,10403601964.0,264.02,26.19,32.89,1,5.1,193,False,-41.29,0.0,-22.98,-20.72,-4.17,-0.3,5.67,342.8,333.0287,275.523,264.8248,249.8522,125405420,1255,2026-09-25,27.45,39404598.0
NYSE:SMC,SMC,Summit Midstream Corporation,Energy,Oil & Gas Midstream,United States,NYSE,425480009.0,30.8,26.19,36.72,1,5.1,194,False,-11.9,53.77,2.28,7.79,1.95,7.19,20.1,30.1128,28.5751,30.2111,28.7341,25.6445,2293264,1255,2026-09-25,28.13,13814286.0
NASDAQ:SXTC,SXTC,"China SXT Pharmaceuticals, Inc.",Healthcare,Drug Manufacturers - Specialty & Generic,China,NASDAQ,98220458.0,2.57,26.19,28.38,1,5.1,195,False,-99.99,33.16,-99.88,-99.95,-99.98,-99.98,-99.99,2127.5406,5256.2862,11060.1669,13980.524,40164.8573,2041121,1255,2026-09-25,26.09,38218077.0
NYSE:UHAL,UHAL,U-Haul Holding Company,Industrials,Rental & Leasing Services,United States,NYSE,1184990361.0,60.97,26.19,32.44,1,5.1,196,True,-19.0,44.51,5.5,6.99,-1.01,-2.04,-0.78,57.7896,56.9857,61.5894,62.2373,61.4492,9419616,1255,2026-09-25,24.78,19435630.0
NYSE:TPB,TPB,"Turning Point Brands, Inc.",Consumer Defensive,Tobacco,United States,NYSE,1202142835.0,62.07,26.22,30.95,1,5.2,197,True,-56.45,3.24,-32.72,-33.07,-22.32,-1.16,18.04,92.25,92.733,79.9064,62.8004,52.5825,26407995,1255,2026-09-25,18.99,19367534.0
NASDAQ:WYNN,WYNN,"Wynn Resorts, Limited",Consumer Cyclical,Resorts & Casinos,United States,NASDAQ,8353242038.0,81.12,26.22,29.52,1,5.2,198,True,-38.61,1.16,-21.87,-24.71,-19.26,-15.98,-14.98,103.8307,107.7374,100.4687,96.5488,95.4093,187073847,1255,2026-09-25,21.89,102973891.0
NYSE:ES,ES,Eversource Energy (D/B/A),Utilities,Utilities - Regulated Electric,United States,NYSE,23945015192.0,63.67,26.23,31.4,1,5.2,199,False,-14.55,4.82,-7.42,-7.18,0.6,6.39,4.44,68.7708,68.5949,63.2927,59.8478,60.9622,159442022,1255,2026-09-25,26.58,376080025.0
NYSE:BMN,BMN,BlackRock 2037 Municipal Target Term Trust Common Shares of Beneficial Interest,Financial Services,Asset Management,United States,NYSE,140350918.0,22.83,26.24,30.89,1,5.3,200,False,-14.93,0.0,-10.09,-9.24,-6.54,-3.17,,25.3919,25.1533,24.4273,23.5778,,361104,981,2026-09-25,28.7,6147653.0
NYSE:SMG,SMG,Scotts Miracle-Gro Company (The),Basic Materials,Agricultural Inputs,United States,NYSE,2960878774.0,50.89,26.25,31.39,1,5.3,201,False,-29.98,0.75,-17.1,-14.82,-16.66,-14.59,-12.1,61.3857,59.7418,61.0624,59.5821,57.896,51202780,1255,2026-09-25,26.76,58181937.0
NYSE:UAA,UAA,"Under Armour, Inc.",Consumer Cyclical,Apparel Manufacturing,United States,NYSE,836559012.0,4.43,26.25,31.32,1,5.3,202,False,-45.58,6.24,-25.75,-22.28,-31.47,-34.71,-38.94,5.9664,5.7003,6.464,6.7848,7.2556,43226560,1255,2026-09-25,27.62,188839506.0
NASDAQ:ANNX,ANNX,"Annexon, Inc.",Healthcare,Biotechnology,United States,NASDAQ,596386838.0,3.64,26.37,31.6,1,5.3,203,False,-47.7,35.82,-32.3,-26.75,-14.82,-16.89,-18.44,5.3764,4.9693,4.2735,4.3799,4.4632,12554576,1255,2026-09-25,28.97,163842538.0
NASDAQ:CWST,CWST,"Casella Waste Systems, Inc.",Industrials,Waste Management,United States,NASDAQ,5150011980.0,82.24,26.39,33.78,1,5.4,204,False,-23.38,9.7,-10.32,-10.1,-17.46,-15.28,-12.01,91.7064,91.4827,99.6359,97.0756,93.4672,44840073,1255,2026-09-25,29.3,62621741.0
NYSE:NJR,NJR,NewJersey Resources Corporation,Utilities,Utilities - Regulated Gas,United States,NYSE,5107640810.0,50.61,26.42,32.73,1,5.4,205,False,-14.91,19.06,-4.23,-1.04,6.09,12.81,14.91,52.8433,51.1435,47.7043,44.8638,44.0422,37280110,1255,2026-09-25,28.82,100921573.0
NASDAQ:TNXP,TNXP,Tonix Pharmaceuticals Holding Corp.,Healthcare,Biotechnology,United States,NASDAQ,157176298.0,9.86,26.48,34.06,1,5.4,206,True,-60.18,3.68,-28.26,-33.6,-51.64,-96.69,-99.62,13.7443,14.8501,20.3875,297.7028,2597.8485,5331935,1255,2026-09-25,23.48,15940801.0
NASDAQ:XFOR,XFOR,"X4 Pharmaceuticals, Inc.",Healthcare,Biotechnology,United States,NASDAQ,283902285.0,3.01,26.48,32.15,1,5.4,207,True,-35.55,5.24,-23.32,-21.64,-54.6,-77.4,-85.48,3.9255,3.8415,6.6297,13.3177,20.7328,3807768,1255,2026-09-25,25.96,94319696.0
NASDAQ:AIIO,AIIO,Robo.ai Inc.,Consumer Cyclical,Auto Manufacturers,United Arab Emirates,NASDAQ,219797749.0,1.39,26.52,33.16,1,5.5,208,False,-97.35,135.99,-57.5,-80.18,-90.06,-96.8,-98.35,3.2704,7.0147,13.9783,43.3736,84.3356,1125153,1255,2026-09-25,27.87,158127877.0
NYSE:BXMT,BXMT,"Blackstone Mortgage Trust, Inc.",Real Estate,REIT - Mortgage,United States,NYSE,2106794888.0,12.5,26.54,28.89,1,5.5,209,True,-36.47,0.89,-27.51,-27.49,-26.03,-23.46,-21.63,17.244,17.238,16.8994,16.3308,15.9509,31622591,1255,2026-09-25,23.18,168543591.0
NASDAQ:RCKT,RCKT,"Rocket Pharmaceuticals, Inc.",Healthcare,Biotechnology,United States,NASDAQ,283357260.0,2.595,26.54,32.86,1,5.5,210,False,-51.04,0.0,-27.65,-26.91,-57.32,-78.15,-80.95,3.587,3.5505,6.0806,11.8774,13.6191,6173282,1255,2026-09-25,28.06,109193549.0
NASDAQ:XLAB,XLAB,Exascale Labs Holdings Inc.,Technology,Software - Infrastructure,United States,NASDAQ,78868080.0,2.43,26.56,28.87,1,5.6,211,False,-77.89,0.0,-73.07,-73.67,,,,9.0245,9.2295,,,,1806151,277,2026-09-25,27.76,32456000.0
NYSE:CHWY,CHWY,"Chewy, Inc.",Consumer Cyclical,Internet Retail,United States,NYSE,4255923018.0,18.27,26.59,33.3,1,5.6,212,False,-54.83,4.34,-26.59,-32.57,-42.19,-34.61,-39.15,24.8881,27.0966,31.6043,27.9389,30.0238,225052167,1255,2026-09-25,26.79,232945978.0
NASDAQ:LGVN,LGVN,Longeveron Inc.,Healthcare,Biotechnology,United States,NASDAQ,84718541.0,2.81,26.61,30.16,1,5.6,213,False,-75.78,14.69,-60.41,-60.9,-75.16,-91.83,-97.41,7.0976,7.1871,11.3127,34.3742,108.691,679986,1255,2026-09-25,27.09,30148947.0
NASDAQ:MATW,MATW,Matthews International Corporation,Industrials,Conglomerates,United States,NASDAQ,591286200.0,18.95,26.62,29.43,1,5.6,214,False,-33.6,0.0,-25.09,-23.65,-20.43,-24.42,-29.28,25.2967,24.8189,23.8169,25.0737,26.7948,23445944,1255,2026-09-25,28.37,31202438.0
NYSE:KLAR,KLAR,Klarna Group plc,Financial Services,Credit Services,United Kingdom,NYSE,4839852621.0,12.8,26.8,32.26,1,5.7,215,False,-69.71,4.32,-30.87,-42.09,,,,18.5158,22.1035,,,,92831765,262,2026-09-25,27.29,378113486.0
NYSE:DEI,DEI,"Douglas Emmett, Inc.",Real Estate,REIT - Office,United States,NYSE,1644705322.0,9.82,26.82,31.11,1,5.7,216,True,-34.37,10.97,-9.49,-12.13,-25.3,-23.12,-21.72,10.8493,11.1751,13.1451,12.7734,12.5453,21487563,1255,2026-09-25,21.58,167485267.0
NYSE:INVH,INVH,Invitation Homes Inc.,Real Estate,REIT - Residential,United States,NYSE,15813396869.0,26.62,26.89,31.63,1,5.7,217,True,-12.0,12.86,-2.25,-2.11,-7.71,-9.8,-9.1,27.2334,27.1927,28.8441,29.5129,29.2852,148939544,1255,2026-09-25,23.38,594041956.0
NASDAQ:BIOA,BIOA,"BioAge Labs, Inc.",Healthcare,Drug Manufacturers - Specialty & Generic,United States,NASDAQ,313391775.0,7.05,26.9,30.71,1,5.8,218,False,-71.91,37.96,-58.15,-52.62,,,,16.845,14.8787,,,,5876877,501,2026-09-25,27.72,44452734.0
NASDAQ:VYGR,VYGR,"Voyager Therapeutics, Inc.",Healthcare,Biotechnology,United States,NASDAQ,161929049.0,2.68,26.9,32.76,1,5.8,219,False,-49.72,0.0,-27.62,-30.71,-36.18,-50.59,-56.2,3.7025,3.8676,4.1995,5.4237,6.119,1583343,1255,2026-09-25,30.22,60421287.0
NYSE:MAA,MAA,"Mid-America Apartment Communities, Inc.",Real Estate,REIT - Residential,United States,NYSE,13774141317.0,118.35,26.92,31.31,1,5.8,220,True,-15.8,0.93,-8.57,-8.37,-13.51,-10.24,-10.32,129.442,129.1538,136.8442,131.8519,131.9717,143140716,1255,2026-09-25,21.04,116384802.0
NASDAQ:AGNC,AGNC,AGNC Investment Corp.,Real Estate,REIT - Mortgage,United States,NASDAQ,11198923597.0,9.62,26.96,32.27,1,5.8,221,False,-13.95,12.86,-6.01,-3.69,8.09,17.87,26.38,10.2355,9.9881,8.9003,8.1619,7.6122,360489068,1255,2026-09-25,26.96,1164129272.0
NYSE:CNP,CNP,"CenterPoint Energy, Inc (Holding Co)",Utilities,Utilities - Regulated Electric,United States,NYSE,24267255410.0,36.84,26.96,31.2,1,5.8,222,True,-17.72,0.37,-10.16,-8.98,-0.28,10.01,15.85,41.0079,40.4761,36.9422,33.4869,31.8,257492721,1255,2026-09-25,26.64,658720288.0
NASDAQ:MBOT,MBOT,Microbot Medical Inc.,Healthcare,Medical Devices,United States,NASDAQ,85970945.0,1.28,26.99,31.68,1,5.9,223,False,-61.09,0.0,-35.55,-38.73,-37.7,-27.14,-37.67,1.986,2.089,2.0544,1.7568,2.0537,655253,1255,2026-09-25,29.18,67164801.0
NASDAQ:CXAI,CXAI,CXApp Inc.,Technology,Software - Application,United States,NASDAQ,272171194.0,2.495,27.01,31.49,1,5.9,224,False,-94.69,1.42,-74.54,-82.7,-93.52,-95.92,-98.36,9.8008,14.4252,38.4817,61.1157,152.1102,345961,1255,2026-09-25,28.08,109086651.0
NASDAQ:UPBD,UPBD,"Upbound Group, Inc.",Technology,Software - Application,United States,NASDAQ,937946051.0,16.09,27.01,32.84,1,5.9,225,True,-29.31,6.62,-13.85,-14.02,-24.89,-31.12,-29.99,18.6768,18.7143,21.4209,23.358,22.9821,15525423,1255,2026-09-25,23.01,58293726.0
NYSE:BBT,BBT,Beacon Financial Corporation,Financial Services,Banks - Regional,United States,NYSE,2378241823.0,28.19,27.02,33.27,1,6.0,226,False,-13.55,27.47,-3.65,0.25,5.49,13.56,16.13,29.2593,28.12,26.7225,24.8249,24.2746,31613066,1255,2026-09-25,24.1,84364733.0
NYSE:BALL,BALL,Ball Corporation,Consumer Cyclical,Packaging & Containers,United States,NYSE,15130789220.0,56.83,27.03,33.41,1,6.0,227,True,-15.3,24.16,-4.53,-0.52,2.08,0.58,2.9,59.5256,57.1259,55.6722,56.4999,55.228,122854893,1255,2026-09-25,25.62,266246511.0
NYSE:TLK,TLK,"PT Telekomunikasi Indonesia, Tbk",Communication Services,Telecom Services,Indonesia,NYSE,13150697503.0,13.34,27.04,33.41,1,6.0,228,True,-38.31,2.73,-19.39,-21.31,-16.24,-19.86,-24.31,16.5478,16.9531,15.9262,16.645,17.6254,10301670,1255,2026-09-25,25.8,985809408.0
NYSE:AN,AN,"AutoNation, Inc.",Consumer Cyclical,Auto & Truck Dealerships,United States,NYSE,5587400435.0,166.98,27.09,31.66,1,6.0,229,True,-27.39,2.51,-16.5,-17.18,-13.42,-7.27,-0.77,199.9827,201.6273,192.8724,180.0788,168.2684,114968330,1255,2026-09-25,20.94,33461495.0
NYSE:HGV,HGV,Hilton Grand Vacations Inc.,Consumer Cyclical,Resorts & Casinos,United States,NYSE,2780192667.0,35.77,27.1,30.9,1,6.1,230,True,-34.59,1.97,-21.95,-20.55,-16.53,-15.06,-15.59,45.8325,45.0223,42.8546,42.1129,42.3759,40875860,1255,2026-09-25,21.14,77724145.0
NYSE:RC,RC,Ready Capital Corporation,Real Estate,REIT - Mortgage,United States,NYSE,239691364.0,1.33,27.1,33.83,1,6.1,231,False,-66.54,0.0,-26.25,-35.13,-62.51,-72.31,-76.13,1.8033,2.0501,3.548,4.803,5.5724,2036688,1255,2026-09-25,29.61,180219071.0
NYSE:UA,UA,"Under Armour, Inc.",Consumer Cyclical,Apparel Manufacturing,United States,NYSE,887264637.0,4.37,27.1,31.91,1,6.1,232,False,-44.54,10.35,-24.72,-21.07,-28.73,-32.36,-35.6,5.8051,5.5366,6.1312,6.4607,6.7861,11799841,1255,2026-09-25,28.36,203035386.0
NYSE:SSTK,SSTK,"Shutterstock, Inc.",Communication Services,Internet Content & Information,United States,NYSE,153564899.0,4.18,27.12,29.82,1,6.1,233,True,-83.11,0.97,-68.41,-71.73,-77.09,-82.77,-86.08,13.23,14.7882,18.2461,24.2535,30.0327,5044848,1255,2026-09-25,25.82,36738014.0
NASDAQ:NKTR,NKTR,Nektar Therapeutics,Healthcare,Biotechnology,United States,NASDAQ,1927830986.0,57.06,27.14,32.59,1,6.2,234,False,-43.14,62.47,-12.8,-10.88,38.66,77.08,86.03,65.4376,64.0271,41.1507,32.2235,30.6733,81811249,1255,2026-09-25,29.89,33786032.0
NYSE:PII,PII,Polaris Inc.,Consumer Cyclical,Recreational Vehicles,United States,NYSE,3017593878.0,53.03,27.17,31.67,1,6.2,235,True,-28.25,13.02,-16.06,-15.78,-5.46,-16.53,-26.13,63.1747,62.9694,56.0915,63.5304,71.7837,47144510,1255,2026-09-25,23.54,56903524.0
NASDAQ:APC,APC,ARKO Petroleum Corp.,Energy,Oil & Gas Refining & Marketing,United States,NASDAQ,204014719.0,16.23,27.22,33.04,1,6.2,236,False,-22.7,0.0,,,,,,,,,,,2845766,156,2026-09-25,30.72,12570223.0
NYSE:MTG,MTG,MGIC Investment Corporation,Financial Services,Insurance - Specialty,United States,NYSE,5841955443.0,28.48,27.24,35.71,1,6.2,237,False,-9.5,15.19,2.94,3.31,8.99,19.31,34.02,27.6664,27.5665,26.131,23.8696,21.25,63013304,1255,2026-09-25,29.31,205124840.0
NASDAQ:CEPS,CEPS,"Cantor Equity Partners VI, Inc.",Financial Services,Shell Companies,United States,NASDAQ,121540000.0,10.3,27.25,36.71,1,6.3,238,False,-1.34,2.49,,,,,,,,,,,62602,161,2026-09-25,27.25,11800000.0
NYSE:BHR,BHR,Braemar Hotels & Resorts Inc.,Real Estate,REIT - Hotel & Motel,United States,NYSE,116068047.0,1.69,27.26,31.74,1,6.3,239,False,-46.18,0.0,-30.5,-31.57,-32.19,-30.17,-35.67,2.4316,2.4698,2.4922,2.4202,2.6271,910420,1255,2026-09-25,28.54,68679318.0
NASDAQ:JRVR,JRVR,"James River Group Holdings, Inc.",Financial Services,Insurance - Specialty,United States,NASDAQ,163216102.0,3.53,27.28,32.16,1,6.3,240,False,-50.16,0.0,-33.63,-34.03,-32.76,-45.65,-63.85,5.3186,5.3508,5.2496,6.4953,9.7653,1168070,1255,2026-09-25,27.28,46236856.0
NASDAQ:CYTK,CYTK,"Cytokinetics, Incorporated",Healthcare,Biotechnology,United States,NASDAQ,8778926543.0,64.66,27.32,32.94,1,6.3,241,False,-25.9,35.19,-7.69,-5.26,15.64,15.16,24.59,70.0453,68.2525,55.9169,56.1487,51.8998,148637503,1255,2026-09-25,29.15,135770593.0
AMEX:FJET,FJET,"Starfighters Space, Inc.",Industrials,Aerospace & Defense,United States,AMEX,100092755.0,1.82,27.35,30.49,1,6.4,242,True,-94.22,10.98,,,,,,,,,,,3765811,193,2026-09-25,26.48,54996019.0
NYSE:NTST,NTST,NetSTREIT Corp.,Real Estate,REIT - Retail,United States,NYSE,1771115653.0,18.21,27.39,31.93,1,6.4,243,False,-17.28,9.8,-6.41,-4.54,7.07,11.95,13.42,19.4566,19.076,17.0081,16.2655,16.0556,27920990,1255,2026-09-25,30.32,97260607.0
NYSE:SGHC,SGHC,Super Group (SGHC) Limited,Consumer Cyclical,Gambling,Guernsey,NYSE,6081679152.0,11.97,27.43,34.29,1,6.4,244,False,-22.91,42.23,-1.06,-0.93,20.42,56.26,82.65,12.0983,12.0823,9.9404,7.6603,6.5535,33529679,1255,2026-09-25,27.53,508076788.0
NASDAQ:OKUR,OKUR,"OnKure Therapeutics, Inc.",Healthcare,Biotechnology,United States,NASDAQ,117146892.0,2.9,27.47,30.59,1,6.5,245,False,-44.97,25.0,-21.2,-17.87,-43.78,-78.05,-87.27,3.6802,3.5311,5.1582,13.2112,22.7759,536699,1255,2026-09-25,28.31,40395480.0
NASDAQ:CMCSA,CMCSA,Comcast Corporation,Communication Services,Telecom Services,United States,NASDAQ,77543701058.0,21.91,27.48,33.92,1,6.5,246,False,-30.83,0.0,-16.96,-16.59,-25.12,-29.85,-30.21,26.3836,26.2664,29.2617,31.2349,31.3938,743495859,1255,2026-09-25,28.6,3539192198.0
NASDAQ:LRMR,LRMR,"Larimar Therapeutics, Inc.",Healthcare,Biotechnology,United States,NASDAQ,319440031.0,3.075,27.48,34.02,1,6.5,247,False,-48.32,9.43,-22.12,-22.0,-22.94,-36.95,-34.29,3.9484,3.9421,3.9903,4.8769,4.6796,4924089,1255,2026-09-25,31.88,103882937.0
NYSE:WPC,WPC,W. P. Carey Inc. REIT,Real Estate,REIT - Diversified,United States,NYSE,15055781219.0,66.09,27.52,31.81,1,6.5,248,True,-13.82,7.29,-5.56,-4.0,5.63,12.81,12.46,69.9791,68.8406,62.5653,58.5829,58.7691,108760173,1255,2026-09-25,25.88,227807251.0
NASDAQ:CASY,CASY,"Caseys General Stores, Inc.",Consumer Cyclical,Specialty Retail,United States,NASDAQ,22145960832.0,598.46,27.53,29.98,1,6.6,249,False,-34.64,16.89,-18.01,-13.55,5.35,23.9,42.94,729.9606,692.2596,568.0508,483.0115,418.674,484376763,1255,2026-09-25,27.58,37004914.0
NYSE:FLG,FLG,"Flagstar Bank, N.A.",Financial Services,Banks - Regional,United States,NYSE,5158524684.0,12.37,27.53,31.25,1,6.6,250,False,-19.41,15.74,-9.3,-6.39,0.9,-11.5,-29.2,13.639,13.2138,12.26,13.9768,17.4715,57121206,1255,2026-09-25,27.87,417018972.0
NASDAQ:SION,SION,"Sionna Therapeutics, Inc.",Healthcare,Biotechnology,United States,NASDAQ,236136226.0,5.23,27.53,29.4,1,6.6,251,False,-89.75,16.22,-84.94,-85.03,,,,34.7178,34.9375,,,,10074969,410,2026-09-25,27.53,45150330.0
NYSE:MWA,MWA,MUELLER WATER PRODUCTS,Industrials,Specialty Industrial Machinery,United States,NYSE,3376998437.0,21.63,27.54,31.7,1,6.6,252,True,-28.4,0.75,-17.17,-16.18,-13.52,-1.3,10.55,26.1122,25.8041,25.0128,21.9142,19.5665,31719676,1255,2026-09-25,24.43,156125679.0
NASDAQ:SLBT,SLBT,SL Science Holding Limited,Healthcare,Biotechnology,Taiwan,NASDAQ,880392818.0,1.57,27.59,33.91,1,6.7,253,True,-87.75,0.64,-78.27,-80.08,,,,7.2254,7.8808,,,,208880,412,2026-09-25,27.15,560759757.0
NYSE:ESNT,ESNT,Essent Group Ltd.,Financial Services,Insurance - Specialty,Bermuda,NYSE,5872901768.0,63.73,27.61,36.83,1,6.7,254,False,-8.47,14.71,2.11,2.86,7.19,11.67,20.68,62.411,61.9592,59.4526,57.0714,52.8072,52931248,1255,2026-09-25,29.59,92152860.0
NASDAQ:SSII,SSII,SS Innovations International Inc.,Healthcare,Medical Devices,India,NASDAQ,590388028.0,2.95,27.62,33.7,1,6.7,255,False,-70.44,0.0,-30.8,-39.42,-49.48,,,4.2629,4.8699,5.8391,,,212995,536,2026-09-25,27.62,200131535.0
NASDAQ:TECX,TECX,"Tectonic Therapeutic, Inc.",Healthcare,Biotechnology,United States,NASDAQ,446633633.0,23.67,27.63,34.27,1,6.7,256,False,-37.6,60.91,-15.13,-8.35,-13.87,-0.73,12.52,27.8886,25.8273,27.4821,23.8451,21.037,5960386,1255,2026-09-25,28.62,18869186.0
NYSE:ETR,ETR,Entergy Corporation,Utilities,Utilities - Regulated Electric,United States,NYSE,45995866758.0,98.57,27.65,32.33,1,6.8,257,True,-15.51,11.84,-6.27,-4.01,9.3,28.97,42.99,105.1587,102.6923,90.1841,76.4295,68.9339,312478049,1255,2026-09-25,25.29,466631498.0
NASDAQ:JBHT,JBHT,"J.B. Hunt Transport Services, Inc.",Industrials,Integrated Freight & Logistics,United States,NASDAQ,21174062147.0,225.46,27.67,32.59,1,6.8,258,False,-24.32,71.68,-6.84,0.17,18.68,21.56,23.49,242.0201,225.0741,189.9651,185.4675,182.5765,302532320,1255,2026-09-25,29.25,93914939.0
NASDAQ:REKR,REKR,"Rekor Systems, Inc.",Technology,Software - Infrastructure,United States,NASDAQ,55593678.0,0.404,27.7,31.63,1,6.8,259,False,-87.37,0.0,-54.04,-64.53,-65.76,-73.64,-74.32,0.879,1.1391,1.1799,1.5328,1.5732,820959,1255,2026-09-25,30.85,137608115.0
NASDAQ:COAG,COAG,"Hemab Therapeutics Holdings, Inc.",Healthcare,Biotechnology,United States,NASDAQ,1622545943.0,34.74,27.72,35.36,1,6.9,260,False,-36.77,39.07,,,,,,,,,,,24179645,102,2026-09-25,29.41,46705410.0
NYSE:CWT,CWT,California Water Service Group,Utilities,Utilities - Regulated Water,United States,NYSE,2855111293.0,46.17,27.72,35.07,1,6.9,261,True,-11.37,11.54,0.84,1.16,1.1,0.52,-2.74,45.7864,45.6425,45.668,45.933,47.4689,24534812,1255,2026-09-25,25.3,61839101.0
NYSE:IRT,IRT,"Independence Realty Trust, Inc.",Real Estate,REIT - Residential,United States,NYSE,3448505798.0,14.63,27.72,32.11,1,6.9,262,False,-15.68,0.34,-9.54,-9.18,-14.66,-10.71,-8.77,16.1726,16.1092,17.1428,16.3844,16.0364,57127714,1255,2026-09-25,27.02,235714682.0
NYSE:ATO,ATO,Atmos Energy Corporation,Utilities,Utilities - Regulated Gas,United States,NYSE,26241465217.0,157.21,27.73,31.89,1,6.9,263,False,-17.29,0.62,-9.14,-8.85,-1.14,10.08,17.97,173.028,172.4662,159.0173,142.8184,133.2598,163876859,1255,2026-09-25,23.74,166919822.0
NASDAQ:OCFC,OCFC,OceanFirst Financial Corp.,Financial Services,Banks - Regional,United States,NASDAQ,1485598393.0,17.1,27.85,32.73,1,7.0,264,True,-14.68,2.8,-7.57,-6.64,-2.44,4.6,4.65,18.5,18.3168,17.5281,16.3488,16.3398,18561260,1255,2026-09-25,21.65,86877099.0
NYSE:EVN,EVN,Eaton Vance Municipal Income Trust,Financial Services,Asset Management,United States,NYSE,390688032.0,9.79,27.86,31.42,1,7.0,265,True,-11.81,0.41,-6.66,-6.61,-2.45,2.13,5.92,10.488,10.4828,10.0362,9.5854,9.2427,815865,1255,2026-09-25,25.48,39906847.0
NASDAQ:AKTS,AKTS,"Aktis Oncology, Inc.",Healthcare,Biotechnology,United States,NASDAQ,1037651728.0,19.43,27.88,34.33,1,7.0,266,False,-39.71,27.91,,,,,,,,,,,11178631,179,2026-09-25,28.53,53404618.0
NYSE:FOA,FOA,Finance of America Companies Inc.,Financial Services,Credit Services,United States,NYSE,129490899.0,14.49,27.9,29.81,1,7.0,267,True,-48.06,3.43,-30.35,-31.58,-32.51,-15.22,-13.65,20.8049,21.179,21.4695,17.0913,16.7813,1100924,1255,2026-09-25,26.5,8936570.0
NASDAQ:VC,VC,Visteon Corporation,Consumer Cyclical,Auto Parts,United States,NASDAQ,2414741140.0,90.46,27.9,32.96,1,7.0,268,True,-26.72,7.85,-10.71,-11.85,-7.18,-11.68,-19.2,101.307,102.6203,97.4609,102.4279,111.9549,46459810,1255,2026-09-25,25.47,26694021.0
NASDAQ:NXL,NXL,"Nexalin Technology, Inc.",Healthcare,Medical Devices,United States,NASDAQ,96629616.0,4.39,27.93,30.42,1,7.1,269,True,-92.13,2.81,-67.02,-75.73,-88.51,-86.94,-86.65,13.3128,18.0868,38.2045,33.6247,32.8805,82179,1010,2026-09-25,27.36,22011302.0
NASDAQ:TZOO,TZOO,Travelzoo,Communication Services,Internet Content & Information,United States,NASDAQ,57360776.0,5.58,27.93,29.14,1,7.1,270,True,-53.92,10.5,-27.24,-28.88,-50.6,-47.0,-41.07,7.6685,7.8456,11.2962,10.528,9.4693,314117,1255,2026-09-25,24.61,10279709.0
NASDAQ:MMYT,MMYT,MakeMyTrip Limited,Consumer Cyclical,Travel Services,India,NASDAQ,4149668941.0,46.75,27.94,34.53,1,7.1,271,False,-51.16,28.79,-15.53,-23.39,-42.72,-38.71,-27.4,55.3484,61.0202,81.6103,76.2774,64.395,38312498,1255,2026-09-25,28.21,88762972.0
NYSE:ALL,ALL,Allstate Corporation (The),Financial Services,Insurance - Property & Casualty,United States,NYSE,58589003668.0,227.6,27.97,34.79,1,7.2,272,False,-16.93,22.11,2.29,4.4,11.21,22.37,36.06,222.5068,218.0089,204.6635,185.9906,167.2805,506620913,1255,2026-09-25,27.34,257420930.0
NYSE:UDR,UDR,"UDR, Inc.",Real Estate,REIT - Residential,United States,NYSE,10871581272.0,33.84,27.98,31.36,1,7.2,273,True,-16.99,4.5,-7.13,-5.94,-10.15,-7.31,-6.31,36.4377,35.9787,37.6609,36.5085,36.1193,139778831,1255,2026-09-25,22.1,321264222.0
NASDAQ:NKLR,NKLR,Terra Innovatum Global N.V.,Utilities,Utilities - Regulated Electric,Italy,NASDAQ,390068205.0,3.53,28.0,33.66,1,7.2,274,False,-80.67,0.0,-32.35,,,,,5.2182,,,,,2631265,245,2026-09-25,29.01,110500908.0
NYSE:BRO,BRO,"Brown & Brown, Inc.",Financial Services,Insurance Brokers,United States,NYSE,20351001913.0,60.82,28.02,34.5,1,7.2,275,True,-36.01,12.1,-10.73,-14.93,-31.37,-29.71,-24.07,68.1341,71.4936,88.6238,86.5218,80.1029,144532850,1255,2026-09-25,25.47,334610357.0
NASDAQ:GSHD,GSHD,"Goosehead Insurance, Inc.",Financial Services,Insurance Brokers,United States,NASDAQ,1076600870.0,45.23,28.03,34.14,1,7.3,276,False,-42.29,31.6,-16.65,-21.48,-43.31,-40.33,-34.18,54.2625,57.6017,79.785,75.7968,68.719,25867429,1255,2026-09-25,23.8,23802805.0
NASDAQ:XEL,XEL,Xcel Energy Inc.,Utilities,Utilities - Regulated Electric,United States,NASDAQ,43599474559.0,69.8,28.07,32.13,1,7.3,277,True,-14.89,0.35,-9.35,-9.57,-2.22,7.07,10.09,76.9996,77.1875,71.3866,65.191,63.4014,444935416,1255,2026-09-25,26.32,624634306.0
NYSE:AKR,AKR,Acadia Realty Trust,Real Estate,REIT - Retail,United States,NYSE,2642227199.0,19.24,28.08,32.35,1,7.3,278,False,-15.32,4.58,-6.79,-5.43,-5.41,2.1,11.64,20.6408,20.3453,20.3413,18.8451,17.2346,27126566,1255,2026-09-25,26.9,137329896.0
NASDAQ:TBBK,TBBK,"The Bancorp, Inc.",Financial Services,Banks - Regional,United States,NASDAQ,2105869925.0,50.58,28.08,31.14,1,7.3,279,False,-37.04,2.1,-17.01,-19.38,-15.72,-4.71,6.2,60.9461,62.7393,60.0121,53.082,47.6268,34887610,1255,2026-09-25,25.07,41634439.0
NASDAQ:DNTH,DNTH,"Dianthus Therapeutics, Inc.",Healthcare,Biotechnology,United States,NASDAQ,4840694932.0,88.55,28.09,35.31,1,7.4,280,False,-23.64,168.99,10.67,24.25,88.01,130.94,175.45,80.0112,71.2694,47.0983,38.3428,32.147,83471969,1255,2026-09-25,30.06,54666233.0
NYSE:FRT,FRT,Federal Realty Investment Trust,Real Estate,REIT - Retail,United States,NYSE,9547734052.0,110.52,28.11,31.75,1,7.4,281,False,-13.07,20.18,-0.46,2.63,8.33,12.08,15.75,111.0323,107.6876,102.0169,98.6123,95.4818,99454893,1255,2026-09-25,26.77,86389197.0
NYSE:MKL,MKL,Markel Group Inc.,Financial Services,Insurance - Property & Casualty,United States,NYSE,21406502135.0,1727.73,28.13,33.55,1,7.4,282,False,-21.18,0.0,-10.89,-11.25,-8.4,-1.69,4.68,1938.7875,1946.6922,1886.2353,1757.4433,1650.5022,124346661,1255,2026-09-25,29.51,12389958.0
NASDAQ:TDUP,TDUP,ThredUp Inc.,Consumer Cyclical,Internet Retail,United States,NASDAQ,243837259.0,2.25,28.13,29.84,1,7.4,283,True,-76.44,0.9,-52.45,-59.05,-55.22,-43.92,-37.09,4.7321,5.4941,5.0243,4.0123,3.5767,5989509,1255,2026-09-25,27.04,108372115.0
NASDAQ:DMRA,DMRA,"Damora Therapeutics, Inc.",Healthcare,Biotechnology,United States,NASDAQ,1271688988.0,20.66,28.15,33.37,1,7.5,284,True,-39.48,486.93,-21.62,-12.42,46.65,41.68,-9.83,26.3585,23.5891,14.0882,14.582,22.9123,19373898,1255,2026-09-25,25.79,61553194.0
NASDAQ:NAVN,NAVN,"Navan, Inc.",Technology,Software - Application,United States,NASDAQ,4640700779.0,19.415,28.15,33.83,1,7.5,285,False,-36.51,128.14,5.39,,,,,18.4218,,,,,110343934,227,2026-09-25,28.19,239026566.0
NYSE:MIAX,MIAX,"Miami International Holdings, Inc.",Financial Services,Capital Markets,United States,NYSE,3377923536.0,34.9,28.17,33.55,1,7.5,286,False,-38.6,0.0,-18.61,-19.15,,,,42.8795,43.1672,,,,67308748,281,2026-09-25,29.95,96788640.0
NASDAQ:BBIO,BBIO,"BridgeBio Pharma, Inc.",Healthcare,Biotechnology,United States,NASDAQ,12842621638.0,65.57,28.18,32.35,1,7.6,287,False,-27.28,33.82,-11.1,-7.96,22.61,44.26,72.51,73.7561,71.2444,53.4798,45.4513,38.0086,186001888,1255,2026-09-25,29.43,195861242.0
NYSE:FLO,FLO,"Flowers Foods, Inc.",Consumer Defensive,Packaged Foods,United States,NYSE,1216841140.0,5.74,28.18,32.25,1,7.6,288,False,-52.41,0.0,-30.61,-34.97,-54.52,-61.26,-65.26,8.2715,8.8263,12.6215,14.816,16.5223,51823890,1255,2026-09-25,29.64,211993230.0
NASDAQ:PTRN,PTRN,Pattern Group Inc. - Series A,Technology,Software - Application,United States,NASDAQ,2639187935.0,17.02,28.18,33.65,1,7.6,289,False,-42.11,77.48,0.59,2.66,,,,16.9195,16.579,,,,31610539,256,2026-09-25,32.03,155063921.0
NYSE:AOMR,AOMR,"Angel Oak Mortgage REIT, Inc.",Real Estate,REIT - Mortgage,United States,NYSE,188105585.0,7.55,28.19,32.65,1,7.6,290,True,-15.18,3.26,-6.94,-6.34,-4.07,-3.39,5.69,8.1127,8.0612,7.8706,7.8146,7.1433,1339664,1255,2026-09-25,22.78,24914647.0
NASDAQ:VSNT,VSNT,"Versant Media Group, Inc.",Communication Services,Entertainment,United States,NASDAQ,4628743872.0,32.8,28.2,34.06,1,7.7,291,False,-29.43,22.12,,,,,,,,,,,63403110,196,2026-09-25,30.45,141120240.0
NASDAQ:FBIO,FBIO,"Fortress Biotech, Inc.",Healthcare,Biotechnology,United States,NASDAQ,75739484.0,2.28,28.21,34.2,1,7.7,292,False,-47.95,2.7,-23.82,-22.56,-6.29,-2.79,-47.01,2.9929,2.9444,2.4332,2.3454,4.3027,713295,1255,2026-09-25,28.21,33219072.0
NYSE:PCG,PCG,Pacific Gas & Electric Co.,Utilities,Utilities - Regulated Electric,United States,NYSE,27177207620.0,12.34,28.21,31.57,1,7.7,293,True,-35.05,0.16,-25.42,-24.78,-25.75,-26.52,-25.46,16.5466,16.4054,16.6198,16.7927,16.5557,845063302,1255,2026-09-25,27.91,2202366906.0
NYSE:YELP,YELP,Yelp Inc.,Communication Services,Internet Content & Information,United States,NYSE,991482393.0,18.03,28.21,32.16,1,7.7,294,False,-46.7,1.69,-28.28,-31.56,-41.93,-46.95,-46.88,25.1388,26.3432,31.0507,33.9848,33.9439,28295680,1255,2026-09-25,29.56,54990704.0
NYSE:ONIT,ONIT,Onity Group Inc.,Financial Services,Mortgage Finance,United States,NYSE,259288213.0,30.75,28.23,33.3,1,7.8,295,False,-42.36,0.0,-23.65,-23.53,-17.9,-8.74,-6.43,40.2757,40.2096,37.454,33.6955,32.8627,2078066,1255,2026-09-25,29.19,8432137.0
NYSE:FBRT,FBRT,"Franklin BSP Realty Trust, Inc.",Real Estate,REIT - Mortgage,United States,NYSE,578826550.0,6.97,28.25,33.25,1,7.8,296,False,-31.51,0.0,-18.9,-20.84,-26.76,-27.75,-26.83,8.5944,8.8052,9.5169,9.6475,9.5258,20915366,1239,2026-09-25,33.53,83045416.0
NASDAQ:AURA,AURA,"Aura Biosciences, Inc.",Healthcare,Biotechnology,United States,NASDAQ,620618496.0,6.0,28.27,34.05,1,7.8,297,False,-32.58,20.72,-9.68,-7.64,-13.69,-18.48,-28.26,6.6433,6.4961,6.952,7.3598,8.364,5940569,1231,2026-09-25,30.35,103436416.0
NASDAQ:NEOV,NEOV,NeoVolta Inc.,Industrials,Electrical Equipment & Parts,United States,NASDAQ,120245066.0,2.19,28.27,36.2,1,7.8,298,False,-63.86,36.88,-30.41,-36.12,-38.56,-29.07,-28.73,3.147,3.4284,3.5645,3.0876,3.0727,7055255,1255,2026-09-25,30.67,54906423.0
NYSE:ENVA,ENVA,"Enova International, Inc.",Financial Services,Credit Services,United States,NYSE,4319369401.0,173.48,28.28,32.2,1,7.9,299,False,-34.65,66.79,-4.58,2.56,28.31,57.48,84.98,181.8099,169.1561,135.2074,110.1603,93.7851,78932217,1255,2026-09-25,26.77,24898371.0
NASDAQ:ILPT,ILPT,Industrial Logistics Properties Trust - Common Shares of Beneficial Interest,Real Estate,REIT - Industrial,United States,NASDAQ,491917143.0,7.37,28.28,33.49,1,7.9,300,False,-20.36,50.12,3.56,9.04,37.3,53.21,65.45,7.1169,6.7588,5.3676,4.8103,4.4545,2470656,1255,2026-09-25,31.56,66745881.0
NYSE:FBK,FBK,FB Financial Corporation,Financial Services,Banks - Regional,United States,NYSE,2717347386.0,52.74,28.3,33.58,1,7.9,301,False,-15.05,4.35,-5.29,-4.94,2.03,13.41,22.79,55.6856,55.4806,51.6891,46.5048,42.9526,33693320,1255,2026-09-25,28.61,51523462.0
NASDAQ:CCAP,CCAP,"Crescent Capital BDC, Inc.",Financial Services,Asset Management,United States,NASDAQ,352615761.0,9.57,28.31,32.55,1,8.0,302,False,-30.84,0.0,-19.4,-20.6,-27.16,-27.09,-22.13,11.8737,12.0532,13.1386,13.1263,12.2903,2941110,1255,2026-09-25,28.51,36845952.0
NASDAQ:SBAC,SBAC,SBA Communications Corporation,Real Estate,REIT - Specialty,United States,NASDAQ,17622370275.0,166.15,28.38,34.82,1,8.0,303,True,-24.78,1.91,-12.46,-12.41,-17.51,-17.88,-21.45,189.8008,189.6951,201.4239,202.3158,211.5116,174223957,1255,2026-09-25,28.31,106063017.0
NYSE:SI,SI,"Shoulder Innovations, Inc.",,,,NYSE,352342460.0,16.99,28.39,35.86,1,8.0,304,False,-29.94,54.31,2.95,7.54,,,,16.5025,15.7992,,,,2127097,291,2026-09-25,28.5,20738226.0
NASDAQ:ASMB,ASMB,"Assembly Biosciences, Inc.",Healthcare,Biotechnology,United States,NASDAQ,469074308.0,23.67,28.41,35.37,1,8.1,305,True,-38.52,6.33,-17.46,-18.83,4.84,23.04,30.4,28.6753,29.1626,22.5763,19.238,18.1524,11249107,1255,2026-09-25,28.35,19817250.0
NYSE:HR,HR,Healthcare Realty Trust Incorporated,Real Estate,REIT - Healthcare Facilities,United States,NYSE,6254714483.0,18.05,28.41,31.94,1,8.1,306,True,-16.45,14.67,-2.01,-0.68,8.09,15.62,16.25,18.421,18.174,16.6987,15.6121,15.5272,75798336,1255,2026-09-25,18.58,346521578.0
NASDAQ:YSWY,YSWY,"Yesway, Inc.",Consumer Defensive,Grocery Stores,United States,NASDAQ,602505058.0,19.32,28.41,36.12,1,8.1,307,False,-31.39,1.9,,,,,,,,,,,6832598,109,2026-09-25,28.98,31185562.0
NYSE:YUMC,YUMC,"Yum China Holdings, Inc.",Consumer Cyclical,Restaurants,China,NYSE,13867694760.0,40.47,28.43,33.89,1,8.1,308,False,-28.87,1.34,-13.7,-12.63,-11.53,-6.05,-11.47,46.8949,46.3208,45.7469,43.0771,45.7135,56891692,1255,2026-09-25,30.95,342666043.0
NASDAQ:GHRS,GHRS,GH Research PLC,Healthcare,Biotechnology,Ireland,NASDAQ,1635636629.0,23.84,28.47,35.73,1,8.1,309,False,-22.19,90.95,15.07,23.51,57.89,80.58,90.26,20.7172,19.3021,15.0994,13.2018,12.5299,5410326,1255,2026-09-25,30.58,68608919.0
NYSE:SOBO,SOBO,South Bow Corporation,Energy,Oil & Gas Midstream,Canada,NYSE,7089791472.0,33.99,28.47,35.09,1,8.1,310,False,-12.1,38.48,2.71,7.25,,,,33.0936,31.6914,,,,21825213,496,2026-09-25,30.51,208584627.0
NYSE:FNF,FNF,"Fidelity National Financial, Inc.",Financial Services,Insurance - Specialty,United States,NYSE,11148505307.0,41.42,28.48,32.42,1,8.2,311,True,-25.86,1.47,-15.05,-16.56,-19.76,-15.26,-7.02,48.7609,49.6403,51.62,48.8781,44.549,116058767,1255,2026-09-25,21.98,269157540.0
NYSE:OLP,OLP,"One Liberty Properties, Inc.",Real Estate,REIT - Diversified,United States,NYSE,490719386.0,22.49,28.49,34.56,1,8.2,312,True,-11.6,19.63,-0.41,2.44,0.29,6.04,11.91,22.5815,21.955,22.4246,21.2092,20.0963,1807493,1255,2026-09-25,28.16,21819448.0
NYSE:OIA,OIA,Invesco Municipal Income Opportunities Trust,Financial Services,Asset Management,United States,NYSE,263145785.0,5.49,28.51,30.99,1,8.2,313,True,-11.3,0.37,-7.91,-7.1,-4.1,-2.28,-0.27,5.9614,5.9093,5.7248,5.6179,5.5047,821081,1255,2026-09-25,26.63,47931837.0
NYSE:STUB,STUB,"StubHub Holdings, Inc.",Communication Services,Internet Content & Information,United States,NYSE,1907738917.0,5.44,28.53,31.3,1,8.3,314,False,-72.98,2.45,-42.55,-50.13,,,,9.4688,10.909,,,,40888355,258,2026-09-25,26.93,350687301.0
NYSE:ALLY,ALLY,Ally Financial Inc.,Financial Services,Credit Services,United States,NYSE,11799906091.0,38.79,28.55,33.53,1,8.3,315,False,-17.33,9.36,-8.5,-6.91,0.8,5.75,15.33,42.3932,41.6675,38.4833,36.6805,33.635,142607281,1255,2026-09-25,27.97,304199693.0
NASDAQ:LBRX,LBRX,LB Pharmaceuticals Inc,Healthcare,Biotechnology,United States,NASDAQ,1070499419.0,37.33,28.58,37.19,1,8.3,316,False,-24.56,155.51,22.49,35.57,,,,30.4772,27.5366,,,,13645494,262,2026-09-25,29.5,28676652.0
NYSE:AMP,AMP,"Ameriprise Financial, Inc.",Financial Services,Asset Management,United States,NYSE,43581200000.0,493.0,28.6,34.9,1,8.3,317,True,-13.61,15.32,0.47,1.57,-0.49,7.48,17.45,490.696,485.3702,495.4301,458.6752,419.7356,342871044,1255,2026-09-25,23.09,88400000.0
NYSE:FINS,FINS,Angel Oak Financial Strategies Income Term Trust Common Shares of Beneficial Interest,Financial Services,Asset Management,United States,NYSE,398328864.0,11.92,28.61,32.81,1,8.4,318,True,-5.62,1.96,-2.78,-2.14,2.06,8.87,14.88,12.2612,12.181,11.68,10.9489,10.3759,616061,1255,2026-09-25,23.5,33416851.0
NYSE:PBA,PBA,Pembina Pipeline Corp. Ordinary Shares (Canada),Energy,Oil & Gas Midstream,Canada,NYSE,25966887100.0,44.66,28.62,35.17,1,8.4,319,False,-12.09,26.49,1.05,4.34,12.61,20.66,28.84,44.1953,42.804,39.6607,37.0141,34.6626,51577497,1255,2026-09-25,32.66,581435000.0
NASDAQ:PZZA,PZZA,"Papa John's International, Inc.",Consumer Cyclical,Restaurants,United States,NASDAQ,643234374.0,19.55,28.63,29.88,1,8.4,320,False,-63.29,0.0,-39.38,-43.63,-49.2,-55.48,-61.16,32.2508,34.6821,38.4879,43.9136,50.3337,31904457,1255,2026-09-25,31.94,32902014.0
NASDAQ:ARTNA,ARTNA,Artesian Resources Corporation - Class A Non-Voting,Utilities,Utilities - Regulated Water,United States,NASDAQ,313979284.0,33.25,28.64,36.47,1,8.5,321,False,-9.38,11.11,1.66,2.63,4.2,1.12,-8.4,32.7058,32.3981,31.9113,32.8832,36.2988,1102215,1255,2026-09-25,29.15,9442986.0
NYSE:CALX,CALX,"Calix, Inc",Technology,Software - Infrastructure,United States,NYSE,2086626595.0,33.14,28.65,34.05,1,8.5,322,False,-51.56,0.0,-26.02,-30.76,-26.95,-22.0,-27.06,44.7959,47.864,45.3688,42.4883,45.4323,38093831,1255,2026-09-25,29.18,62963989.0
NASDAQ:BMHL,BMHL,Bluemount Holdings Limited,Financial Services,Capital Markets,Hong Kong,NASDAQ,71616645.0,5.11,28.71,34.55,1,8.5,323,False,-17.05,66.45,13.53,19.38,,,,4.5009,4.2803,,,,8456,305,2026-09-25,28.71,14014999.0
NYSE:SLGN,SLGN,Silgan Holdings Inc.,Consumer Cyclical,Packaging & Containers,United States,NYSE,3794960110.0,35.91,28.71,33.2,1,8.5,324,True,-25.39,1.3,-13.32,-12.69,-21.48,-20.03,-20.44,41.4302,41.1308,45.7359,44.9055,45.1372,51640753,1255,2026-09-25,24.37,105679758.0
NASDAQ:BCAX,BCAX,Bicara Therapeutics Inc.,Healthcare,Biotechnology,United States,NASDAQ,1262171266.0,19.21,28.74,33.7,1,8.6,325,False,-36.81,79.53,-9.91,-5.55,9.88,,,21.3222,20.3384,17.483,,,13558513,510,2026-09-25,30.64,65703866.0
NASDAQ:STOK,STOK,"Stoke Therapeutics, Inc.",Healthcare,Biotechnology,United States,NASDAQ,1544585044.0,24.8,28.76,33.22,1,8.6,326,False,-35.33,10.86,-22.07,-20.54,14.92,41.77,60.16,31.8228,31.2111,21.5803,17.4928,15.4843,23448952,1255,2026-09-25,30.13,62281655.0
NASDAQ:TSHA,TSHA,"Taysha Gene Therapies, Inc.",Healthcare,Biotechnology,United States,NASDAQ,1341975963.0,4.67,28.76,34.53,1,8.6,327,False,-33.09,52.61,-14.71,-11.39,25.42,43.41,66.38,5.4753,5.2702,3.7234,3.2564,2.8068,17934746,1255,2026-09-25,30.93,287361020.0
NASDAQ:CDNL,CDNL,Cardinal Infrastructure Group Inc.,Industrials,Engineering & Construction,United States,NASDAQ,557488274.0,28.02,28.77,32.62,1,8.6,328,True,-70.29,27.19,,,,,,,,,,,19754811,199,2026-09-25,27.12,19896084.0
NASDAQ:BYND,BYND,"Beyond Meat, Inc.",Consumer Defensive,Packaged Foods,United States,NASDAQ,4303108973.0,8.35,28.8,31.98,1,8.7,329,False,-92.31,0.0,-61.3,-68.91,-88.17,-93.05,-95.75,21.5746,26.8569,70.6082,120.1624,196.5886,14366039,1255,2026-09-25,31.85,515342392.0
NASDAQ:LBTYA,LBTYA,Liberty Global Ltd.,Communication Services,Telecom Services,Bermuda,NASDAQ,1670025121.0,9.45,28.8,34.02,1,8.7,330,True,-27.48,0.32,-16.69,-16.29,-15.65,-9.89,-7.83,11.3426,11.2892,11.2034,10.487,10.2523,24426413,1255,2026-09-25,27.73,176722235.0
NYSE:HXL,HXL,Hexcel Corporation,Industrials,Aerospace & Defense,United States,NYSE,6488492182.0,85.8,28.81,33.34,1,8.7,331,True,-22.06,41.65,-3.98,0.92,19.3,22.79,25.27,89.3554,85.0206,71.9198,69.875,68.4947,76115563,1255,2026-09-25,26.98,75623452.0
NASDAQ:LMNR,LMNR,Limoneira Co,Consumer Defensive,Farm Products,United States,NASDAQ,213595042.0,11.78,28.82,34.16,1,8.7,332,False,-21.62,0.0,-12.59,-13.42,-29.5,-32.05,-28.63,13.476,13.6053,16.7097,17.3371,16.5046,2017490,1255,2026-09-25,30.43,18132007.0
NASDAQ:TMCR,TMCR,The Metals Royalty Company Inc.,Basic Materials,Other Industrial Metals & Mining,Canada,NASDAQ,251534860.0,4.07,28.92,33.41,1,8.8,333,False,-74.08,0.0,,,,,,,,,,,247217,119,2026-09-25,30.17,61802177.0
NASDAQ:ODFL,ODFL,"Old Dominion Freight Line, Inc.",Industrials,Trucking,United States,NASDAQ,36040903444.0,173.3,28.94,31.68,1,8.8,334,False,-30.22,38.08,-12.82,-6.93,-3.74,-6.24,-3.35,198.7766,186.2104,180.024,184.8358,179.3045,344288418,1255,2026-09-25,30.41,207968283.0
NYSE:NP,NP,Neptune Insurance Holdings Inc.,Financial Services,Insurance Brokers,United States,NYSE,2580385456.0,27.51,28.96,35.71,1,8.8,335,True,-21.65,60.5,0.29,,,,,27.4307,,,,,15652133,248,2026-09-25,24.94,93798090.0
NASDAQ:KLRA,KLRA,"Kailera Therapeutics, Inc.",Healthcare,Biotechnology,United States,NASDAQ,1453726122.0,11.22,28.99,32.0,1,8.8,336,False,-56.85,0.0,,,,,,,,,,,15862909,112,2026-09-25,31.8,129565608.0
NYSE:PB,PB,"Prosperity Bancshares, Inc.",Financial Services,Banks - Regional,United States,NYSE,8122552274.0,67.77,29.0,34.56,1,8.9,337,False,-9.18,13.31,-2.6,-0.95,-1.24,4.27,7.17,69.5764,68.4207,68.6202,64.994,63.2379,77983285,1255,2026-09-25,23.75,119854689.0
NYSE:PFSI,PFSI,"PennyMac Financial Services, Inc.",Financial Services,Mortgage Finance,United States,NYSE,3399002317.0,65.46,29.0,32.35,1,8.9,338,True,-58.51,0.31,-29.61,-34.16,-34.7,-31.24,-24.1,93.0025,99.4283,100.2463,95.2066,86.2484,40105609,1255,2026-09-25,27.81,51924875.0
NYSE:UE,UE,Urban Edge Properties Common Shares of Beneficial Interest,Real Estate,REIT - Retail,United States,NYSE,2507797881.0,19.9,29.01,32.08,1,8.9,339,False,-15.2,11.85,-4.26,-2.26,1.27,7.94,16.42,20.785,20.3607,19.6505,18.4356,17.0929,16969928,1255,2026-09-25,24.8,126019994.0
NYSE:AMBP,AMBP,Ardagh Metal Packaging S.A.,Consumer Cyclical,Packaging & Containers,Luxembourg,NYSE,2617953655.0,4.38,29.02,36.55,1,9.0,340,True,-16.58,41.34,2.9,7.0,21.94,31.9,35.71,4.2565,4.0935,3.5918,3.3207,3.2274,8469903,1255,2026-09-25,22.96,597706314.0
NASDAQ:GLUE,GLUE,"Monte Rosa Therapeutics, Inc.",Healthcare,Biotechnology,United States,NASDAQ,994322750.0,11.77,29.03,32.23,1,9.0,341,True,-53.5,79.69,-35.77,-30.87,3.01,26.78,34.65,18.3259,17.0265,11.4257,9.2837,8.741,15472857,1255,2026-09-25,28.34,84479418.0
NYSE:CCI,CCI,Crown Castle Inc.,Real Estate,REIT - Specialty,United States,NYSE,29646080000.0,67.84,29.06,34.31,1,9.0,342,True,-27.85,0.31,-16.7,-18.2,-22.84,-23.67,-26.66,81.4444,82.939,87.9155,88.8754,92.4996,254095438,1255,2026-09-25,27.91,437000000.0
NASDAQ:INNV,INNV,InnovAge Holding Corp.,Healthcare,Medical Care Facilities,United States,NASDAQ,1221627537.0,9.0,29.12,34.83,1,9.0,343,True,-25.68,125.56,4.44,13.92,50.17,55.97,49.68,8.6175,7.9005,5.9931,5.7702,6.0128,6822172,1255,2026-09-25,25.92,135736393.0
NYSE:ANRO,ANRO,"Alto Neuroscience, Inc.",Healthcare,Biotechnology,United States,NYSE,929638471.0,26.49,29.14,36.85,1,9.1,344,False,-27.7,597.11,12.99,27.65,113.28,,,23.4454,20.7514,12.4205,,,17830109,664,2026-09-25,30.93,35093940.0
NASDAQ:JUNS,JUNS,"Jupiter Neurosciences, Inc.",Healthcare,Biotechnology,United States,NASDAQ,150908782.0,2.67,29.14,30.43,1,9.1,345,False,-98.02,0.0,-91.18,-94.2,,,,30.2574,46.0123,,,,260547,454,2026-09-25,31.12,56520143.0
NYSE:VRTS,VRTS,"Virtus Investment Partners, Inc.",Financial Services,Asset Management,United States,NYSE,872551491.0,130.58,29.14,32.61,1,9.1,346,False,-28.37,7.46,-10.96,-12.94,-20.88,-25.21,-24.07,146.6603,149.9925,165.0496,174.595,171.976,19198380,1255,2026-09-25,27.66,6682122.0
NYSE:EFC,EFC,Ellington Financial Inc.,Real Estate,REIT - Mortgage,United States,NYSE,1549865193.0,12.36,29.15,33.57,1,9.1,347,False,-8.97,16.09,-1.88,-1.25,6.09,14.34,21.21,12.5973,12.5164,11.65,10.8097,10.1973,16786005,1255,2026-09-25,29.36,125393624.0
NYSE:JBS,JBS,JBS N.V.,Consumer Defensive,Packaged Foods,Netherlands,NYSE,8979325664.0,11.57,29.16,34.8,1,9.2,348,True,-32.15,1.85,-15.62,-14.22,,,,13.711,13.4874,,,,63258688,323,2026-09-25,22.45,776086920.0
NYSE:FDXF,FDXF,"FedEx Freight Holding Company, Inc.",Industrials,Integrated Freight & Logistics,United States,NYSE,16922462293.0,113.18,29.18,34.67,1,9.2,349,False,-39.94,0.0,,,,,,,,,,,211460357,85,2026-09-25,29.72,149518133.0
NASDAQ:CABA,CABA,"Cabaletta Bio, Inc.",Healthcare,Biotechnology,United States,NASDAQ,337523428.0,2.07,29.19,34.02,1,9.2,350,False,-50.12,1.47,-29.21,-27.12,-19.16,-67.96,-70.72,2.9242,2.8401,2.5607,6.4597,7.0692,16975557,1255,2026-09-25,30.75,163054796.0
NYSE:SRG,SRG,Seritage Growth Properties,Real Estate,Real Estate Services,United States,NYSE,102510785.0,1.82,29.2,31.8,1,9.2,351,False,-57.67,0.0,-33.23,-38.9,-44.72,-61.16,-69.34,2.7258,2.9789,3.2921,4.6862,5.937,340428,1255,2026-09-25,29.2,56324607.0
NASDAQ:EVER,EVER,"EverQuote, Inc.",Communication Services,Internet Content & Information,United States,NASDAQ,592174160.0,18.64,29.21,34.02,1,9.3,352,False,-33.12,30.62,-11.72,-13.55,-15.09,-7.58,6.07,21.1154,21.5611,21.9521,20.1696,17.573,18774270,1255,2026-09-25,25.17,31769000.0
NASDAQ:LSTR,LSTR,"Landstar System, Inc.",Industrials,Integrated Freight & Logistics,United States,NASDAQ,5557850207.0,163.77,29.22,34.18,1,9.3,353,False,-27.17,38.36,-5.75,-0.03,4.41,0.85,0.59,173.7612,163.8201,156.8572,162.3923,162.8097,56599895,1255,2026-09-25,30.79,33936925.0
NASDAQ:IHRT,IHRT,"iHeartMedia, Inc.",Communication Services,Broadcasting,United States,NASDAQ,297842440.0,2.29,29.24,32.29,1,9.3,354,True,-63.82,1.33,-38.54,-37.56,-17.73,-9.5,-29.8,3.7263,3.6673,2.7834,2.5303,3.2622,1668845,1255,2026-09-25,27.05,130062201.0
NASDAQ:WTW,WTW,Willis Towers Watson Public Limited Company,Financial Services,Insurance Brokers,United Kingdom,NASDAQ,27303420759.0,293.99,29.26,36.92,1,9.3,355,True,-16.18,21.87,-1.5,-3.25,-4.26,2.22,8.77,298.4557,303.8502,307.0657,287.6162,270.2742,159930037,1255,2026-09-25,28.82,92871937.0
NASDAQ:PALI,PALI,"Palisade Bio, Inc.",Healthcare,Biotechnology,United States,NASDAQ,251690522.0,1.45,29.27,34.66,1,9.4,356,False,-48.21,88.31,-24.88,-23.87,-12.02,-54.99,-87.46,1.9301,1.9045,1.6482,3.2212,11.5636,5995978,1255,2026-09-25,33.07,173579670.0
NASDAQ:MPLT,MPLT,"MapLight Therapeutics, Inc.",Healthcare,Biotechnology,United States,NASDAQ,445786006.0,10.46,29.32,33.29,1,9.4,357,False,-73.72,5.6,-51.94,,,,,21.763,,,,,7010942,230,2026-09-25,30.84,42618165.0
NYSE:SPXC,SPXC,"SPX Technologies, Inc.",Industrials,Building Products & Equipment,United States,NYSE,8650703531.0,172.79,29.33,33.74,1,9.4,358,True,-29.88,0.18,-18.73,-17.77,-6.37,6.5,23.71,212.6208,210.1402,184.5358,162.2455,139.6781,99924873,1255,2026-09-25,28.8,50064839.0
NYSE:EMA,EMA,Emera Incorporated,Utilities,Utilities - Regulated Electric,Canada,NYSE,14600607000.0,47.73,29.34,33.47,1,9.5,359,False,-12.55,3.94,-5.79,-4.46,6.03,17.64,22.74,50.6608,49.9568,45.0174,40.5743,38.8879,18346714,1255,2026-09-25,29.53,305900000.0
NYSE:RTX,RTX,RTX Corporation,Industrials,Aerospace & Defense,United States,NYSE,255265392474.0,189.4,29.34,35.35,1,9.5,360,True,-16.01,22.43,-2.14,0.56,18.94,38.67,52.35,193.5414,188.3381,159.2392,136.5873,124.3203,767249408,1255,2026-09-25,27.11,1347758144.0
NASDAQ:MSEX,MSEX,Middlesex Water Company,Utilities,Utilities - Regulated Water,United States,NASDAQ,1007585793.0,53.47,29.35,35.98,1,9.5,361,True,-11.38,12.22,0.26,0.4,-1.64,-2.22,-10.45,53.3338,53.2579,54.362,54.6867,59.7118,6819435,1255,2026-09-25,23.29,18843946.0
NASDAQ:YORW,YORW,The York Water Company,Utilities,Utilities - Regulated Water,United States,NASDAQ,502165322.0,30.98,29.37,37.22,1,9.5,362,True,-10.41,7.59,-1.31,-0.98,-2.14,-5.43,-10.16,31.3902,31.2882,31.6568,32.7574,34.4844,4760234,1255,2026-09-25,25.26,16209339.0
NYSE:LCII,LCII,LCI Industries,Consumer Cyclical,Recreational Vehicles,United States,NYSE,2054565457.0,84.51,29.39,33.23,1,9.6,363,True,-44.55,3.82,-25.89,-23.5,-17.46,-17.33,-16.17,114.0303,110.4663,102.3906,102.2201,100.8106,29401483,1255,2026-09-25,26.27,24311507.0
NASDAQ:TORO,TORO,Toro Corp.,Energy,Oil & Gas Midstream,Cyprus,NASDAQ,182473262.0,5.28,29.39,37.5,1,9.6,364,False,-22.12,180.32,17.04,29.8,86.53,88.16,,4.5112,4.0677,2.8306,2.8062,,199487,895,2026-09-25,30.44,34559330.0
NYSE:OWL,OWL,Blue Owl Capital Inc.,Financial Services,Asset Management,United States,NYSE,6298478489.0,9.32,29.4,36.32,1,9.6,365,True,-43.35,18.13,-13.07,-19.24,-38.52,-37.45,-31.05,10.7218,11.541,15.1606,14.8991,13.518,216320861,1255,2026-09-25,27.73,675802413.0
NASDAQ:GTEN,GTEN,"Gores Holdings X, Inc.",Financial Services,Shell Companies,United States,NASDAQ,378741450.0,10.49,29.41,38.92,1,9.6,366,True,-1.96,2.79,0.94,1.05,,,,10.3923,10.3807,,,,14255,318,2026-09-25,29.41,36105000.0
NYSE:MITT,MITT,"TPG Mortgage Investment Trust, Inc.",Real Estate,REIT - Mortgage,United States,NYSE,194319232.0,6.11,29.42,32.5,1,9.7,367,True,-29.33,0.33,-18.25,-16.94,-9.37,0.25,10.2,7.4739,7.3561,6.7415,6.0946,5.5444,2256870,1255,2026-09-25,28.12,31803475.0
NASDAQ:ONCY,ONCY,Oncolytics Biotech Inc.,Healthcare,Biotechnology,United States,NASDAQ,81160766.0,0.68,29.44,34.91,1,9.7,368,True,-52.11,0.0,-25.9,-29.36,-25.11,-32.86,-43.43,0.9176,0.9626,0.908,1.0128,1.202,850594,1255,2026-09-25,29.44,119354067.0
NYSE:AGM.A,AGM-A,Federal Agricultural Mortgage Corporation,Financial Services,Credit Services,United States,NYSE,151091732.0,146.58,29.45,38.07,1,9.7,369,False,-13.39,30.27,7.99,10.72,10.14,11.69,18.73,135.7319,132.3927,133.0815,131.2352,123.454,46283,1255,2026-09-25,37.72,1030780.0
NYSE:JHS,JHS,John Hancock Income Securities Trust,Financial Services,Asset Management,United States,NYSE,121240950.0,10.41,29.46,32.78,1,9.7,370,False,-8.25,0.0,-4.29,-4.59,-2.3,1.28,4.23,10.8765,10.9108,10.6551,10.2781,9.9875,123695,1255,2026-09-25,30.1,11646585.0
NASDAQ:ROP,ROP,"Roper Technologies, Inc.",Technology,Software - Application,United States,NASDAQ,35461584000.0,358.56,29.48,37.14,1,9.8,371,False,-30.56,14.21,-3.17,-8.13,-23.46,-26.51,-24.38,370.285,390.3066,468.4739,487.8859,474.1812,322698594,1255,2026-09-25,32.05,98900000.0
NYSE:KNSL,KNSL,"Kinsale Capital Group, Inc.",Financial Services,Insurance - Property & Casualty,United States,NYSE,7528041678.0,330.49,29.51,37.01,1,9.8,372,False,-30.82,13.96,-7.21,-10.16,-20.13,-20.18,-15.27,356.1604,367.8718,413.7715,414.0574,390.0642,69075401,1255,2026-09-25,33.93,22778425.0
NYSE:LUCK,LUCK,Lucky Strike Entertainment Corporation,Consumer Cyclical,Leisure,United States,NYSE,405664610.0,5.21,29.51,32.34,1,9.8,373,True,-49.07,0.39,-31.87,-33.25,-41.0,-46.14,-49.69,7.6469,7.8054,8.8304,9.6734,10.3554,492400,1255,2026-09-25,28.62,77862689.0
NYSE:UNF,UNF,Unifirst Corporation,Industrials,Specialty Business Services,United States,NYSE,3765331134.0,259.09,29.51,33.53,1,9.8,374,False,-13.86,73.76,3.12,11.23,23.45,32.28,36.17,251.2631,232.9325,209.8744,195.8601,190.2699,97217594,1255,2026-09-25,26.67,14532908.0
NYSE:OI,OI,"O-I Glass, Inc.",Consumer Cyclical,Packaging & Containers,United States,NYSE,900446117.0,5.86,29.53,33.53,1,9.9,375,False,-64.76,0.0,-44.86,-46.98,-50.25,-53.53,-59.12,10.6283,11.0524,11.7791,12.6093,14.335,21786470,1255,2026-09-25,29.53,153659747.0
NASDAQ:INTU,INTU,Intuit Inc.,Technology,Software - Application,United States,NASDAQ,75438769230.0,275.79,29.58,35.98,1,9.9,376,False,-60.06,8.6,-31.27,-39.19,-50.01,-51.34,-48.05,401.2764,453.5172,551.7386,566.7163,530.8554,1144809406,1255,2026-09-25,29.96,273537000.0
NASDAQ:INV,INV,"Innventure, Inc.",Financial Services,Asset Management,United States,NASDAQ,61100532.0,0.727,29.58,30.65,1,9.9,377,False,-90.07,21.57,-81.98,-82.06,-87.97,-90.5,-91.25,4.0354,4.0534,6.0437,7.6556,8.3075,7818324,1211,2026-09-25,31.27,84044748.0
NASDAQ:ZUMZ,ZUMZ,Zumiez Inc.,Consumer Cyclical,Apparel Retail,United States,NASDAQ,224569182.0,13.31,29.58,31.86,1,9.9,378,False,-56.53,0.83,-39.56,-39.76,-31.21,-30.78,-31.58,22.022,22.0965,19.3485,19.2288,19.4525,5481000,1255,2026-09-25,30.2,16872215.0
NASDAQ:CAR,CAR,"Avis Budget Group, Inc.",Industrials,Rental & Leasing Services,United States,NASDAQ,3825425901.0,108.29,29.6,33.0,1,10.0,379,True,-84.83,23.49,-30.89,-29.68,-18.3,-17.93,-25.94,156.6852,154.0064,132.5443,131.9532,146.2277,55825229,1255,2026-09-25,21.3,35325754.0
NASDAQ:METCB,METCB,"Ramaco Resources, Inc.",Basic Materials,Coking Coal,United States,NASDAQ,51777824.0,4.5,29.6,33.57,1,10.0,380,False,-78.73,0.0,-54.25,-58.67,-56.36,-56.13,,9.8355,10.8887,10.3107,10.2576,,639979,822,2026-09-25,31.43,11506183.0
NYSE:FICO,FICO,Fair Isaac Corporation,Technology,Software - Application,United States,NYSE,18640702792.0,863.09,29.62,34.1,2,10.0,381,True,-54.08,0.77,-30.77,-35.54,-45.85,-42.19,-33.14,1246.6977,1338.877,1593.942,1492.8582,1290.9271,418051935,1255,2026-09-25,28.29,21597635.0
NYSE:EROK,EROK,"EagleRock Land, LLC Class A shares representing limited liability company interests",Energy,Oil & Gas Equipment & Services,United States,NYSE,568482937.0,21.57,29.63,37.81,2,10.1,382,False,-18.91,7.9,,,,,,,,,,,3054179,93,2026-09-25,31.95,26355259.0
NASDAQ:RFIL,RFIL,"RF Industries, Ltd.",Industrials,Electrical Equipment & Parts,United States,NASDAQ,89819461.0,8.28,29.65,32.8,2,10.1,383,False,-61.49,46.55,-32.61,-26.49,1.76,27.58,37.4,12.287,11.2642,8.1366,6.4902,6.0263,2563434,1255,2026-09-25,29.88,10847761.0
NASDAQ:HQY,HQY,"HealthEquity, Inc.",Healthcare,Health Information Services,United States,NASDAQ,7377890355.0,88.25,29.66,35.96,2,10.1,384,False,-17.36,20.54,-0.7,-2.35,-5.13,0.96,8.41,88.8745,90.3729,93.0254,87.4115,81.4035,86606726,1255,2026-09-25,30.21,83602157.0
NYSE:BWXT,BWXT,"BWX Technologies, Inc.",Industrials,Aerospace & Defense,United States,NYSE,12685880447.0,138.47,29.69,33.59,2,10.2,385,False,-41.75,0.0,-27.22,-27.17,-12.11,3.28,19.54,190.2534,190.1404,157.5421,134.0688,115.8376,162645449,1255,2026-09-25,29.86,91614649.0
NASDAQ:RNAC,RNAC,"Cartesian Therapeutics, Inc.",Healthcare,Biotechnology,United States,NASDAQ,217717019.0,7.41,29.69,36.5,2,10.2,386,False,-30.03,26.88,-4.3,-5.96,-35.52,-51.71,-65.61,7.7426,7.8792,11.4921,15.3434,21.5486,1008262,1255,2026-09-25,32.21,29381514.0
NYSE:POST,POST,"Post Holdings, Inc.",Consumer Defensive,Packaged Foods,United States,NYSE,3315347166.0,73.15,29.7,34.3,2,10.2,387,False,-36.17,0.0,-22.86,-24.52,-29.71,-28.7,-26.19,94.8292,96.9139,104.0716,102.5925,99.1041,79165286,1255,2026-09-25,31.59,45322586.0
NYSE:SWX,SWX,"Southwest Gas Holdings, Inc. Common Stock (DE)",Utilities,Utilities - Regulated Gas,United States,NYSE,5966584530.0,82.44,29.7,33.89,2,10.2,388,True,-11.09,9.88,-4.75,-2.69,5.75,13.22,19.8,86.5529,84.7155,77.9569,72.8134,68.815,65266828,1255,2026-09-25,22.26,72374873.0
NYSE:CDP,CDP,COPT Defense Properties Common Shares of Beneficial Interest,Real Estate,REIT - Office,United States,NYSE,3841208796.0,33.88,29.74,34.7,2,10.2,389,False,-11.66,27.79,3.72,6.86,14.7,24.24,31.13,32.6638,31.7063,29.539,27.2704,25.8372,32172673,1255,2026-09-25,28.31,113376883.0
NASDAQ:JBSS,JBSS,"John B. Sanfilippo & Son, Inc.",Consumer Defensive,Packaged Foods,United States,NASDAQ,611356099.0,67.24,29.77,33.21,2,10.3,390,True,-24.03,19.48,-11.15,-7.81,-5.04,-12.75,-14.61,75.6741,72.9339,70.8101,77.0641,78.7432,8623593,1255,2026-09-25,28.55,9092149.0
NASDAQ:IONS,IONS,"Ionis Pharmaceuticals, Inc.",Healthcare,Biotechnology,United States,NASDAQ,7395202329.0,44.5,29.78,32.35,2,10.3,391,True,-48.55,1.57,-37.55,-37.9,-18.61,-13.98,-8.74,71.2559,71.6536,54.6759,51.7336,48.7638,223039483,1255,2026-09-25,27.18,166184322.0
NASDAQ:PEP,PEP,"PepsiCo, Inc.",Consumer Defensive,Beverages - Non-Alcoholic,United States,NASDAQ,175708580000.0,128.63,29.78,34.78,2,10.3,392,True,-22.26,0.37,-11.29,-10.74,-9.21,-11.83,-13.79,144.9947,144.1123,141.6783,145.8937,149.2043,1200435661,1255,2026-09-25,27.61,1366000000.0
NYSE:CMTG,CMTG,"Claros Mortgage Trust, Inc.",Real Estate,REIT - Mortgage,United States,NYSE,184820310.0,1.31,29.79,32.44,2,10.3,393,True,-63.41,0.77,-44.78,-48.78,-60.3,-75.4,-80.74,2.3723,2.5576,3.3001,5.3253,6.8029,1413009,1228,2026-09-25,28.63,141084206.0
NYSE:SNDR,SNDR,"Schneider National, Inc.",Industrials,Trucking,United States,NYSE,2877962750.0,31.25,29.8,35.47,2,10.4,394,False,-18.93,56.38,-0.1,6.35,13.52,19.56,20.9,31.2803,29.3848,27.5283,26.1386,25.847,22795475,1255,2026-09-25,31.81,92094808.0
NASDAQ:DAKT,DAKT,"Daktronics, Inc.",Technology,Electronic Components,United States,NASDAQ,821808045.0,17.02,29.81,34.01,2,10.4,395,False,-38.62,0.0,-17.28,-16.16,-4.46,10.6,32.95,20.575,20.3014,17.8154,15.3881,12.8016,14812430,1255,2026-09-25,31.36,48284844.0
NASDAQ:REAL,REAL,"The RealReal, Inc.",Consumer Cyclical,Luxury Goods,United States,NASDAQ,1063906638.0,8.83,29.81,34.34,2,10.4,396,False,-47.75,8.74,-24.58,-25.21,-2.45,27.13,56.99,11.7074,11.8057,9.0519,6.9455,5.6245,24124585,1255,2026-09-25,30.41,120487728.0
NYSE:BEPC,BEPC,Brookfield Renewable Corporation Brookfield Renewable Corporation Class A Subordinate Voting Shares,Utilities,Utilities - Renewable,United States,NYSE,4203934464.0,28.47,29.83,33.21,2,10.5,397,True,-33.78,0.32,-22.69,-23.51,-13.35,-4.88,-2.09,36.8246,37.2194,32.8579,29.9317,29.0773,53842373,1255,2026-09-25,28.82,147661906.0
NYSE:DEA,DEA,"Easterly Government Properties, Inc.",Real Estate,REIT - Office,United States,NYSE,1084138245.0,22.91,29.83,35.51,2,10.5,398,False,-8.97,18.0,0.65,2.92,1.08,-2.14,-6.2,22.7621,22.2602,22.6651,23.4108,24.4254,8787010,1255,2026-09-25,23.12,47321617.0
NASDAQ:CHTR,CHTR,"Charter Communications, Inc.",Communication Services,Telecom Services,United States,NASDAQ,13467621622.0,112.91,29.84,35.16,2,10.5,399,False,-60.07,0.0,-36.34,-40.26,-58.2,-61.43,-63.73,177.3562,189.0088,270.128,292.7294,311.3049,411064424,1255,2026-09-25,32.32,119277492.0
NYSE:BLND,BLND,"Blend Labs, Inc.",Technology,Software - Application,United States,NYSE,265134901.0,1.11,29.86,33.72,2,10.5,400,True,-70.79,3.74,-40.86,-48.67,-62.37,-60.24,-54.54,1.8768,2.1623,2.9496,2.7914,2.4419,2801701,1255,2026-09-25,25.52,238860271.0
NYSE:BNT,BNT,Brookfield Wealth Solutions Ltd. Class A Exchangeable Limited Voting Shares,Financial Services,Insurance - Diversified,Bermuda,NYSE,2206556692.0,36.82,29.88,32.05,2,10.6,401,True,-25.39,0.63,-16.12,-16.64,-11.14,0.98,11.24,43.8962,44.1686,41.4373,36.4637,33.1007,762367,1255,2026-09-25,27.11,59928210.0
NASDAQ:SPRY,SPRY,"ARS Pharmaceuticals, Inc.",Healthcare,Biotechnology,United States,NASDAQ,405157309.0,4.08,29.89,32.87,2,10.6,402,False,-68.76,0.0,-50.63,-51.97,-63.4,-59.47,-55.96,8.2647,8.495,11.1471,10.0663,9.265,7058257,1255,2026-09-25,30.8,99303262.0
NASDAQ:TRVI,TRVI,"Trevi Therapeutics, Inc.",Healthcare,Biotechnology,United States,NASDAQ,2045927592.0,14.41,29.91,35.2,2,10.6,403,False,-26.1,70.33,1.22,6.25,52.63,103.59,145.55,14.2368,13.562,9.4412,7.078,5.8684,24342101,1255,2026-09-25,31.84,141979708.0
NASDAQ:LBTYK,LBTYK,Liberty Global Ltd.,Communication Services,Telecom Services,Bermuda,NASDAQ,1401933192.0,9.26,29.93,34.55,2,10.6,404,True,-26.91,0.33,-16.44,-16.61,-17.98,-13.7,-12.54,11.0819,11.1049,11.2893,10.7301,10.5877,17889853,1255,2026-09-25,28.84,151396673.0
NYSE:WM,WM,"Waste Management, Inc.",Industrials,Waste Management,United States,NYSE,82673091507.0,206.83,29.97,34.47,2,10.7,405,False,-15.02,6.87,-7.35,-6.09,-5.5,-0.58,6.61,223.2267,220.232,218.8695,208.0459,193.9989,485711747,1255,2026-09-25,31.54,399715184.0
NYSE:BAM,BAM,Brookfield Asset Management Inc Class A Limited Voting Shares,Financial Services,Asset Management,United States,NYSE,71199758261.0,44.59,29.98,36.29,2,10.7,406,True,-21.13,6.11,-6.88,-8.59,-11.72,-1.84,,47.8865,48.7794,50.5118,45.4249,,124943640,957,2026-09-25,29.89,1596765155.0
NASDAQ:PATK,PATK,"Patrick Industries, Inc.",Consumer Cyclical,Recreational Vehicles,United States,NASDAQ,2270912109.0,68.49,30.02,33.0,2,10.7,407,True,-52.33,1.08,-31.73,-31.79,-27.99,-20.06,-8.35,100.3183,100.4035,95.1147,85.6722,74.7334,42951891,1255,2026-09-25,27.23,33156842.0
NASDAQ:GUTS,GUTS,"Fractyl Health, Inc.",Healthcare,Biotechnology,United States,NASDAQ,77103396.0,0.486,30.05,34.52,2,10.7,408,True,-79.49,23.66,-45.74,-51.32,-64.46,,,0.8957,0.9984,1.3673,,,1126004,664,2026-09-25,26.72,158648963.0
NYSE:MEC,MEC,"Mayville Engineering Company, Inc.",Industrials,Metal Fabrication,United States,NYSE,437477143.0,17.16,30.06,31.33,2,10.8,409,True,-54.29,36.62,-25.76,-20.27,-8.12,-0.93,7.28,23.1152,21.5231,18.6763,17.3215,15.9948,9228712,1255,2026-09-25,25.32,25494006.0
NYSE:CMG,CMG,"Chipotle Mexican Grill, Inc.",Consumer Cyclical,Restaurants,United States,NYSE,39721364540.0,31.33,30.07,37.5,2,10.8,410,False,-26.04,11.18,-10.34,-11.06,-28.94,-32.96,-28.38,34.9442,35.2271,44.0922,46.7334,43.7452,444156776,1255,2026-09-25,32.65,1267838000.0
NASDAQ:NGNE,NGNE,Neurogene Inc.,Healthcare,Biotechnology,United States,NASDAQ,564793389.0,28.31,30.07,35.85,2,10.8,411,False,-33.92,72.94,4.64,5.71,13.2,6.43,21.65,27.0537,26.7809,25.0095,26.6,23.2711,10901169,1255,2026-09-25,36.54,19950314.0
NYSE:ARCO,ARCO,Arcos Dorados Holdings Inc. Class A Shares,Consumer Cyclical,Restaurants,Uruguay,NYSE,946000533.0,7.24,30.08,34.9,2,10.9,412,True,-22.44,12.88,-10.02,-7.28,-4.72,-12.65,-11.17,8.0462,7.8087,7.5987,8.2884,8.1506,8508887,1255,2026-09-25,29.56,130663057.0
NYSE:PRMB,PRMB,Primo Brands Corporation,Consumer Defensive,Beverages - Non-Alcoholic,United States,NYSE,7075936959.0,19.5,30.08,34.43,2,10.9,413,True,-22.8,37.91,-6.59,-4.85,-20.57,-11.04,-1.11,20.8758,20.4941,24.5499,21.9195,19.7183,100928233,1255,2026-09-25,27.56,362868562.0
NYSE:KEX,KEX,Kirby Corporation,Industrials,Marine Shipping,United States,NYSE,6891471360.0,128.88,30.09,36.14,2,10.9,414,False,-15.54,61.2,-3.86,1.88,9.73,16.3,27.64,134.0579,126.5001,117.4469,110.8196,100.9721,58734965,1255,2026-09-25,32.33,53472000.0
NASDAQ:PENN,PENN,"PENN Entertainment, Inc.",Consumer Cyclical,Resorts & Casinos,United States,NASDAQ,2093100658.0,15.65,30.1,33.74,2,10.9,415,True,-29.06,33.08,-6.42,-5.89,-10.67,-14.78,-25.29,16.7228,16.6289,17.52,18.3644,20.9486,50496661,1255,2026-09-25,27.33,133744451.0
AMEX:SLI,SLI,Standard Lithium Ltd.,Basic Materials,Other Industrial Metals & Mining,Canada,AMEX,458124728.0,1.86,30.1,34.42,2,10.9,416,False,-67.08,0.0,-48.04,-49.32,-33.1,-22.82,-33.3,3.5796,3.6699,2.7801,2.4099,2.7884,3955583,1255,2026-09-25,37.51,246303617.0
NASDAQ:HDRN,HDRN,"Hadron Energy, Inc.",Industrials,Specialty Industrial Machinery,United States,NASDAQ,97953414.0,1.37,30.11,32.16,2,11.0,417,True,-88.31,1.48,-79.19,-81.56,-84.42,,,6.5824,7.4314,8.7952,,,156546,512,2026-09-25,28.5,71498842.0
NASDAQ:GIII,GIII,"G-III Apparel Group, LTD.",Consumer Cyclical,Apparel Manufacturing,United States,NASDAQ,1144208340.0,27.12,30.14,32.06,2,11.0,418,False,-26.06,9.68,-12.3,-10.18,-5.93,-4.98,5.41,30.9242,30.1937,28.8292,28.5421,25.7272,26549822,1255,2026-09-25,29.32,42190573.0
NYSE:MKC,MKC,"McCormick & Company, Incorporated",Consumer Defensive,Packaged Foods,United States,NYSE,12179403891.0,47.94,30.16,36.36,2,11.0,419,True,-31.88,6.08,-13.39,-16.17,-26.17,-26.77,-29.44,55.3521,57.1861,64.9294,65.4616,67.9392,158658450,1255,2026-09-25,29.11,254055150.0
NYSE:SPMC,SPMC,"Sound Point Meridian Capital, Inc.",Financial Services,Asset Management,United States,NYSE,171895853.0,8.37,30.16,34.67,2,11.0,420,False,-41.87,10.95,-14.97,-20.37,-32.14,,,9.8433,10.5106,12.3344,,,212455,572,2026-09-25,32.11,20537139.0
NYSE:HRB,HRB,"H&R Block, Inc.",Consumer Cyclical,Personal Services,United States,NYSE,5348013133.0,42.19,30.18,38.65,2,11.1,421,False,-21.42,53.93,10.58,6.04,-8.79,-8.51,-1.37,38.1517,39.7853,46.2573,46.1144,42.7741,89351023,1255,2026-09-25,31.51,126760207.0
NASDAQ:INSG,INSG,Inseego Corp.,Technology,Communication Equipment,United States,NASDAQ,61741426.0,3.76,30.18,31.6,2,11.1,422,False,-81.47,0.0,-63.26,-65.65,-65.74,-59.35,-60.29,10.2334,10.9462,10.9749,9.2494,9.4692,945892,1255,2026-09-25,34.36,16420592.0
NASDAQ:PCT,PCT,"PureCycle Technologies, Inc.",Industrials,Pollution & Treatment Controls,United States,NASDAQ,1007602101.0,5.02,30.19,34.18,2,11.1,423,True,-66.82,3.29,-37.3,-42.31,-48.56,-39.11,-38.25,8.0069,8.7012,9.7584,8.2449,8.1297,22301483,1255,2026-09-25,25.57,200717550.0
NASDAQ:NMRK,NMRK,"Newmark Group, Inc.",Real Estate,Real Estate Services,United States,NASDAQ,2040522923.0,13.06,30.23,35.79,2,11.2,424,False,-32.17,0.0,-15.38,-17.61,-11.48,-0.37,12.45,15.4336,15.8521,14.7534,13.1081,11.6142,29417276,1255,2026-09-25,30.57,156242184.0
NYSE:MRP,MRP,"Millrose Properties, Inc.",Real Estate,REIT - Residential,United States,NYSE,4193462474.0,27.19,30.24,36.02,2,11.2,425,False,-15.08,5.12,-5.02,-5.52,,,,28.6285,28.779,,,,47662055,412,2026-09-25,28.5,154228116.0
NYSE:BTT,BTT,BlackRock Municipal 2030 Target Term Trust,Financial Services,Asset Management,United States,NYSE,1383216435.0,21.74,30.25,32.84,2,11.2,426,True,-4.8,0.65,-3.12,-2.76,1.07,4.46,6.51,22.4405,22.3566,21.5088,20.812,20.4117,2611266,1255,2026-09-25,21.74,63625411.0
NYSE:JBGS,JBGS,JBG SMITH Properties,Real Estate,REIT - Diversified,United States,NYSE,613434574.0,10.53,30.27,33.2,2,11.3,427,True,-50.41,1.15,-26.99,-31.3,-32.99,-30.45,-29.49,14.4219,15.3273,15.7139,15.1393,14.9339,12294319,1255,2026-09-25,26.92,58255895.0
NASDAQ:ODYS,ODYS,Odysight.ai Inc.,Technology,Scientific & Technical Instruments,Israel,NASDAQ,50667512.0,3.02,30.27,34.19,2,11.3,428,False,-58.63,7.47,-34.86,-31.74,-41.57,-39.88,-37.76,4.6358,4.4244,5.1689,5.0232,4.8525,102252,1255,2026-09-25,33.32,16777322.0
NASDAQ:CENTA,CENTA,Central Garden & Pet Company - Class A Common Stock Nonvoting,Consumer Defensive,Packaged Foods,United States,NASDAQ,1747897347.0,34.06,30.28,35.14,2,11.3,429,False,-16.11,29.65,-0.67,2.79,4.45,2.79,5.09,34.29,33.1353,32.6075,33.1353,32.4117,11206402,1255,2026-09-25,31.23,51318184.0
NYSE:PLNT,PLNT,"Planet Fitness, Inc.",Consumer Cyclical,Leisure,United States,NYSE,3377125379.0,42.68,30.28,33.73,2,11.3,430,True,-61.88,4.81,-38.57,-43.83,-51.24,-47.1,-45.41,69.4769,75.9796,87.5316,80.687,78.1793,116527121,1255,2026-09-25,20.62,79126649.0
NASDAQ:MLTX,MLTX,MoonLake Immunotherapeutics,Healthcare,Biotechnology,Switzerland,NASDAQ,1024142687.0,12.04,30.29,32.5,2,11.3,431,False,-80.58,92.79,-28.52,-24.76,-61.9,-67.75,-64.98,16.8439,16.0015,31.6006,37.3302,34.3804,21779356,1255,2026-09-25,30.76,85061685.0
NYSE:BN,BN,Brookfield Corporation Class A Limited Voting Shares,Financial Services,Asset Management,Canada,NYSE,82349533610.0,36.87,30.32,32.66,2,11.4,432,True,-24.63,0.66,-15.39,-16.03,-10.7,1.41,12.79,43.5766,43.9103,41.2879,36.357,32.6882,182161608,1255,2026-09-25,27.37,2233510540.0
NASDAQ:ETOR,ETOR,eToro Group Ltd.,Financial Services,Capital Markets,Israel,NASDAQ,1763026438.0,26.39,30.33,34.08,2,11.4,433,False,-39.93,6.58,-22.62,-25.0,,,,34.103,35.1888,,,,30366969,345,2026-09-25,31.79,66806610.0
NYSE:TFII,TFII,TFI International Inc.,Industrials,Trucking,Canada,NYSE,9953576054.0,121.1,30.35,35.05,2,11.4,434,False,-25.63,51.21,-5.48,0.95,6.83,0.91,3.57,128.1252,119.9634,113.3568,120.01,116.9264,28624808,1255,2026-09-25,31.14,82193031.0
NASDAQ:CPBI,CPBI,"Central Plains Bancshares, Inc.",Financial Services,Banks - Regional,United States,NASDAQ,82818985.0,19.8,30.36,37.82,2,11.5,435,False,-7.74,27.25,7.18,10.1,21.17,,,18.473,17.9842,16.3412,,,95130,735,2026-09-25,34.44,4182777.0
NASDAQ:SWMR,SWMR,"Swarmer, Inc",Technology,Software - Infrastructure,United States,NASDAQ,225076244.0,20.73,30.36,34.97,2,11.5,436,False,-73.6,0.0,,,,,,,,,,,24465201,134,2026-09-25,31.91,10857513.0
NYSE:XYL,XYL,Xylem Inc. Common Stock New,Industrials,Specialty Industrial Machinery,United States,NYSE,23962751516.0,102.63,30.39,34.72,2,11.5,437,False,-31.96,0.0,-15.25,-18.39,-18.14,-16.45,-12.36,121.0997,125.7634,125.373,122.8362,117.0985,290840428,1255,2026-09-25,30.44,233486812.0
NASDAQ:ALDX,ALDX,"Aldeyra Therapeutics, Inc.",Healthcare,Biotechnology,United States,NASDAQ,72686887.0,1.205,30.43,34.43,2,11.5,438,False,-79.01,0.0,-56.36,-63.04,-69.8,-69.31,-74.96,2.7611,3.2601,3.9901,3.9262,4.8127,912543,1255,2026-09-25,31.2,60321068.0
NYSE:NWAX,NWAX,New America Acquisition I Corp.,Financial Services,Shell Companies,United States,NYSE,375611000.0,10.07,30.43,35.61,2,11.5,439,True,-1.47,0.7,,,,,,,,,,,2260287,169,2026-09-25,30.43,37300000.0
NYSE:PRI,PRI,"Primerica, Inc.",Financial Services,Insurance - Life,United States,NYSE,8594000765.0,275.59,30.44,35.56,2,11.6,440,True,-15.23,13.17,0.42,1.63,2.17,8.89,19.65,274.4467,271.1667,269.7421,253.0847,230.3213,57850919,1255,2026-09-25,28.41,31184008.0
NYSE:EIX,EIX,Edison International,Utilities,Utilities - Regulated Electric,United States,NYSE,20260455994.0,52.65,30.49,33.11,2,11.6,441,True,-34.5,4.97,-21.81,-18.57,-14.44,-15.28,-13.43,67.3365,64.6572,61.538,62.144,60.8194,424383838,1255,2026-09-25,30.08,384813979.0
NASDAQ:DLHC,DLHC,DLH Holdings Corp.,Industrials,Specialty Business Services,United States,NASDAQ,51450274.0,3.55,30.53,31.84,2,11.7,442,False,-45.97,0.0,-34.18,-35.29,-39.59,-56.72,-60.68,5.3934,5.4864,5.8763,8.202,9.0294,48537,1255,2026-09-25,35.65,14493035.0
NYSE:GRNT,GRNT,"Granite Ridge Resources, Inc.",Energy,Oil & Gas E&P,United States,NYSE,585618196.0,4.44,30.53,37.06,2,11.7,443,False,-24.02,12.71,-8.16,-8.24,-10.87,-11.47,-14.1,4.8346,4.8385,4.9812,5.0154,5.1689,8384360,1255,2026-09-25,33.47,131895990.0
NASDAQ:CNTB,CNTB,Connect Biopharma Holdings Limited,Healthcare,Biotechnology,United States,NASDAQ,68000961.0,1.08,30.57,33.91,2,11.7,444,False,-70.73,0.93,-54.69,-53.03,-37.67,-32.01,-25.1,2.3836,2.2994,1.7327,1.5886,1.442,3305770,1255,2026-09-25,30.93,62963853.0
NYSE:AHRT,AHRT,"AH Realty Trust, Inc.",Real Estate,REIT - Diversified,United States,NYSE,448896390.0,5.91,30.59,33.32,2,11.7,445,False,-17.69,17.17,-7.26,-6.54,-15.22,-23.62,-26.78,6.3727,6.3233,6.9712,7.7373,8.0713,4866009,1255,2026-09-25,34.65,75955396.0
NYSE:TXT,TXT,Textron Inc.,Industrials,Aerospace & Defense,United States,NYSE,13172477973.0,76.59,30.62,34.14,2,11.7,446,True,-23.94,0.75,-14.7,-13.2,-7.96,-8.58,-4.39,89.7926,88.2354,83.2173,83.7772,80.1055,151565501,1255,2026-09-25,27.03,171986917.0
NYSE:AD,AD,"Array Digital Infrastructure, Inc.",Communication Services,Telecom Services,United States,NYSE,1843044786.0,34.49,30.65,37.47,2,11.8,447,False,-21.71,18.36,-7.43,-4.55,4.64,19.77,41.87,37.2568,36.1339,32.9596,28.7974,24.3115,10343591,1255,2026-09-25,30.65,53437077.0
NASDAQ:LXRX,LXRX,"Lexicon Pharmaceuticals, Inc.",Healthcare,Biotechnology,United States,NASDAQ,799553502.0,1.8,30.65,35.34,2,11.8,448,False,-31.82,57.89,-1.67,3.1,34.92,23.28,8.71,1.8305,1.7458,1.3342,1.4601,1.6558,6344745,1255,2026-09-25,32.91,444196390.0
NYSE:PNC,PNC,"PNC Financial Services Group, Inc. (The)",Financial Services,Banks - Regional,United States,NYSE,90030360000.0,225.64,30.66,34.84,2,11.8,449,True,-12.19,29.48,0.06,4.04,13.98,26.54,37.25,225.5139,216.8713,197.9705,178.3098,164.3997,397110859,1255,2026-09-25,25.41,399000000.0
NASDAQ:DNUT,DNUT,"Krispy Kreme, Inc.",Consumer Defensive,Grocery Stores,United States,NASDAQ,498236000.0,2.89,30.69,36.57,2,11.9,450,False,-38.51,0.0,-17.63,-19.02,-42.33,-61.04,-67.6,3.5084,3.5687,5.0111,7.4176,8.9201,6903486,1255,2026-09-25,34.54,172400000.0
NYSE:MTB,MTB,M&T Bank Corporation,Financial Services,Banks - Regional,United States,NYSE,32057730270.0,221.19,30.69,35.26,2,11.9,451,True,-12.39,27.37,0.1,3.84,12.1,25.87,35.33,220.9596,213.0066,197.3217,175.7359,163.4414,255360597,1255,2026-09-25,24.61,144933000.0
NYSE:JLL,JLL,Jones Lang LaSalle Incorporated,Real Estate,Real Estate Services,United States,NYSE,14810339673.0,321.91,30.7,37.6,2,11.9,452,False,-18.05,14.9,-1.91,-0.47,10.18,24.8,38.16,328.1746,323.4402,292.1684,257.9484,232.9946,117128048,1255,2026-09-25,31.9,46007703.0
NASDAQ:ARVN,ARVN,"Arvinas, Inc.",Healthcare,Biotechnology,United States,NASDAQ,489715893.0,7.59,30.71,36.35,2,11.9,453,False,-45.12,8.74,-26.08,-26.18,-37.71,-58.89,-65.16,10.2682,10.2815,12.1854,18.4646,21.7842,7339026,1255,2026-09-25,33.28,64521198.0
NYSE:AXS,AXS,Axis Capital Holdings Limited,Financial Services,Insurance - Specialty,Bermuda,NYSE,6891668641.0,94.45,30.71,35.44,2,11.9,454,False,-20.81,7.93,-7.69,-6.5,-2.02,11.32,23.43,102.3194,101.0164,96.4003,84.8485,76.5195,61895697,1255,2026-09-25,31.36,72966317.0
NASDAQ:OLMA,OLMA,"Olema Pharmaceuticals, Inc.",Healthcare,Biotechnology,United States,NASDAQ,764290371.0,8.75,30.73,34.82,2,12.0,455,False,-75.58,12.61,-47.43,-45.36,-22.29,-25.03,-13.65,16.6429,16.0153,11.2597,11.6717,10.1335,12064023,1255,2026-09-25,33.27,87347471.0
NASDAQ:EYPT,EYPT,"EyePoint, Inc.",Healthcare,Biotechnology,United States,NASDAQ,312087940.0,3.62,30.74,32.01,2,12.0,456,False,-80.8,4.93,-71.86,-71.99,-66.4,-69.91,-65.81,12.8649,12.9239,10.7753,12.0307,10.589,15125174,1255,2026-09-25,30.95,86212138.0
NASDAQ:IPSC,IPSC,"Century Therapeutics, Inc.",Healthcare,Biotechnology,United States,NASDAQ,301192531.0,1.67,30.75,35.79,2,12.0,457,False,-43.2,259.14,-18.29,-3.69,30.62,-6.26,-36.57,2.0438,1.734,1.2785,1.7816,2.6328,939132,1255,2026-09-25,31.6,180354809.0
NASDAQ:TARA,TARA,"Protara Therapeutics, Inc.",Healthcare,Biotechnology,United States,NASDAQ,184349897.0,3.28,30.78,34.29,2,12.1,458,False,-56.61,0.0,-33.29,-34.85,-23.41,-10.31,-5.96,4.9168,5.0349,4.2827,3.657,3.4877,3217057,1255,2026-09-25,32.58,56204237.0
NASDAQ:XCH,XCH,XCHG Limited - ADS,Industrials,Electrical Equipment & Parts,Germany,NASDAQ,226091353.0,3.23,30.79,31.57,2,12.1,459,False,-91.8,6.95,-80.32,-82.74,-94.76,,,16.4092,18.7135,61.6951,,,37578,513,2026-09-25,28.57,69997323.0
NYSE:CALY,CALY,Callaway Golf Company,Consumer Cyclical,Leisure,United States,NYSE,2595699210.0,14.44,30.8,34.11,2,12.1,460,True,-26.55,72.11,-5.17,1.91,29.05,19.45,2.39,15.2278,14.1696,11.1893,12.0889,14.103,31038004,1255,2026-09-25,25.55,179757563.0
NYSE:CNX,CNX,CNX Resources Corporation,Energy,Oil & Gas E&P,United States,NYSE,4851071857.0,32.79,30.8,36.45,2,12.1,461,False,-23.05,3.21,-10.76,-9.8,-4.47,7.15,20.19,36.7432,36.3528,34.3227,30.6034,27.2828,67532201,1255,2026-09-25,34.75,147943637.0
NYSE:OUT,OUT,OUTFRONT Media Inc.,Real Estate,REIT - Specialty,United States,NYSE,4868156052.0,27.65,30.8,34.02,2,12.1,462,False,-17.29,69.2,-2.32,4.93,29.97,52.12,65.28,28.3077,26.3499,21.2737,18.1769,16.729,48767273,1255,2026-09-25,33.65,176063510.0
NYSE:MFA,MFA,"MFA Financial, Inc.",Real Estate,REIT - Mortgage,United States,NYSE,830041215.0,8.17,30.83,33.78,2,12.2,463,True,-18.39,2.58,-10.44,-8.58,-5.62,-2.39,3.15,9.1227,8.9366,8.6566,8.3697,7.9205,14057437,1255,2026-09-25,30.28,101596232.0
NYSE:ONT,ONT,"Onterris, Inc.",Industrials,Waste Management,United States,NYSE,505949178.0,14.0,30.84,36.73,2,12.2,464,False,-53.22,0.0,-32.77,-36.42,-35.12,-46.2,-52.77,20.8253,22.0179,21.5797,26.0226,29.6427,9676507,1255,2026-09-25,44.55,36139227.0
NASDAQ:RILY,RILY,"BRC Group Holdings, Inc.",Financial Services,Financial Conglomerates,United States,NASDAQ,229511714.0,5.71,30.84,34.72,2,12.2,465,False,-46.54,53.49,-22.79,-17.66,-0.93,-48.35,-67.04,7.395,6.9342,5.7636,11.0558,17.3255,3356864,1255,2026-09-25,31.29,40194696.0
NASDAQ:QURE,QURE,uniQure N.V.,Healthcare,Biotechnology,Netherlands,NASDAQ,2651877931.0,38.23,30.86,37.8,2,12.3,466,False,-45.84,323.37,29.35,16.91,68.49,123.29,120.72,29.5547,32.7,22.6893,17.1211,17.3206,60811317,1255,2026-09-25,31.03,69366412.0
NASDAQ:IMXI,IMXI,"International Money Express, Inc.",Technology,Software - Infrastructure,United States,NASDAQ,338563035.0,11.25,30.95,34.48,2,12.3,467,True,-29.42,6.43,-24.17,-24.17,-25.18,-32.62,-38.55,14.8355,14.8358,15.0367,16.6961,18.3076,7097882,1255,2026-09-25,20.01,30094492.0
NYSE:USFD,USFD,US Foods Holding Corp.,Consumer Defensive,Food Distribution,United States,NYSE,20553287154.0,93.33,30.96,36.64,2,12.3,468,False,-15.87,33.23,1.74,5.77,17.27,34.32,52.03,91.7312,88.2363,79.5844,69.4811,61.3889,248737604,1255,2026-09-25,32.09,220221656.0
NASDAQ:NXH,NXH,"Neighborhood Intelligence, Inc.",Consumer Cyclical,Internet Retail,United States,NASDAQ,312277423.0,3.27,30.99,34.08,2,12.3,469,False,-73.0,0.0,-37.62,-43.4,-49.13,-69.74,-76.44,5.242,5.7771,6.428,10.8073,13.8796,9222032,1255,2026-09-25,31.69,95497683.0
NASDAQ:AEBI,AEBI,Aebi Schmidt Holding AG,Industrials,Farm & Heavy Construction Machinery,Switzerland,NASDAQ,852567375.0,11.0,31.03,37.3,2,12.4,470,False,-29.24,19.53,-13.06,-11.41,,,,12.6519,12.4163,,,,4049696,311,2026-09-25,33.42,77506125.0
NYSE:FCN,FCN,"FTI Consulting, Inc.",Industrials,Consulting Services,United States,NYSE,3707958407.0,134.29,31.04,34.33,2,12.4,471,True,-28.2,2.94,-17.72,-17.6,-21.77,-27.17,-26.57,163.2122,162.9801,171.6605,184.3857,182.8772,59800730,1255,2026-09-25,21.37,27611575.0
NASDAQ:CRBP,CRBP,"Corbus Pharmaceuticals Holdings, Inc.",Healthcare,Biotechnology,United States,NASDAQ,132288456.0,7.14,31.05,35.25,2,12.4,472,False,-63.12,3.18,-21.15,-28.32,-31.39,-58.27,-50.17,9.0547,9.9605,10.4061,17.1111,14.3299,11147724,1255,2026-09-25,33.38,18527795.0
NYSE:AX,AX,"Axos Financial, Inc.",Financial Services,Banks - Regional,United States,NYSE,5035427890.0,88.52,31.07,36.18,2,12.5,473,False,-15.78,17.09,-4.04,-1.62,8.23,22.63,37.72,92.2437,89.982,81.7863,72.1874,64.2755,35653237,1255,2026-09-25,31.2,56884635.0
NYSE:ALC,ALC,Alcon Inc.,Healthcare,Medical Instruments & Supplies,Switzerland,NYSE,31442019000.0,64.47,31.08,36.43,2,12.5,474,False,-25.69,3.95,-12.21,-12.74,-20.39,-20.74,-18.35,73.4352,73.8821,80.9796,81.3356,78.9544,109944622,1255,2026-09-25,31.36,487700000.0
NASDAQ:AVLN,AVLN,Avalyn Pharma Inc.,Healthcare,Biotechnology,United States,NASDAQ,1244873308.0,28.08,31.11,37.46,2,12.5,475,False,-28.46,9.35,,,,,,,,,,,8535420,103,2026-09-25,32.15,44333095.0
NYSE:HOS,HOS,"Hornbeck Offshore Services, Inc.",Industrials,Marine Shipping,United States,NYSE,2678130000.0,8.19,31.12,35.93,2,12.5,476,False,-22.74,33.82,-8.81,-3.69,-0.33,-8.74,-4.58,8.9811,8.5035,8.2173,8.974,8.583,24264180,1255,2026-09-25,32.62,327000000.0
NASDAQ:OM,OM,"Outset Medical, Inc.",Healthcare,Medical Devices,United States,NASDAQ,56538585.0,3.05,31.13,34.85,2,12.6,477,False,-80.71,0.0,-26.85,-44.31,-68.32,-87.96,-96.74,4.1698,5.4764,9.6287,25.3392,93.6919,463447,1255,2026-09-25,33.09,18537241.0
NYSE:KREF,KREF,KKR Real Estate Finance Trust Inc.,Real Estate,REIT - Mortgage,United States,NYSE,408307648.0,6.35,31.15,35.5,2,12.6,478,False,-23.75,9.98,-9.08,-11.17,-20.27,-21.94,-24.54,6.984,7.1487,7.9642,8.1353,8.4151,5551186,1255,2026-09-25,27.68,64300417.0
NYSE:SCHW,SCHW,Charles Schwab Corporation (The),Financial Services,Capital Markets,United States,NYSE,172226589258.0,99.03,31.16,37.78,2,12.6,479,False,-12.86,16.37,1.27,2.37,11.49,23.25,30.19,97.7868,96.74,88.8212,80.3484,76.0644,911339416,1255,2026-09-25,31.98,1739135507.0
NYSE:ACEL,ACEL,"Accel Entertainment, Inc.",Consumer Cyclical,Gambling,United States,NYSE,901019403.0,11.07,31.17,35.38,2,12.7,480,True,-17.45,15.19,-5.78,-3.44,-2.77,-0.58,3.34,11.7489,11.4648,11.3849,11.1348,10.712,3495145,1255,2026-09-25,29.64,81392900.0
NYSE:NVO,NVO,Novo Nordisk A/S,Healthcare,Drug Manufacturers - General,Denmark,NYSE,129864512576.0,38.8,31.17,35.03,2,12.7,481,False,-36.33,13.03,-13.4,-15.21,-35.95,-49.78,-48.03,44.8038,45.7577,60.5817,77.2653,74.653,553435192,1255,2026-09-25,30.15,3347023520.0
NYSE:AGX,AGX,"Argan, Inc.",Industrials,Engineering & Construction,United States,NYSE,5107071490.0,364.29,31.19,33.64,2,12.7,482,True,-54.34,42.9,-29.24,-22.94,13.82,56.79,98.57,514.8275,472.7352,320.0612,232.3394,183.457,183657509,1255,2026-09-25,29.89,14019247.0
NYSE:APAM,APAM,Artisan Partners Asset Management Inc.,Financial Services,Asset Management,United States,NYSE,2567116173.0,36.16,31.19,36.71,2,12.7,483,False,-17.14,8.5,-4.57,-5.32,-5.14,-0.92,7.01,37.8901,38.1933,38.1187,36.4945,33.7908,31667627,1255,2026-09-25,27.11,70993257.0
NASDAQ:ARWR,ARWR,"Arrowhead Pharmaceuticals, Inc.",Healthcare,Biotechnology,United States,NASDAQ,9285294824.0,65.92,31.2,35.0,2,12.8,484,False,-26.42,108.21,-9.19,-0.49,55.36,76.79,82.57,72.5912,66.2467,42.4309,37.2871,36.1075,165171752,1255,2026-09-25,31.36,140857021.0
NASDAQ:STRO,STRO,"Sutro Biopharma, Inc.",Healthcare,Biotechnology,United States,NASDAQ,264795615.0,15.98,31.2,33.41,2,12.8,485,True,-60.94,118.9,-29.95,-20.14,-12.12,-36.04,-51.6,22.8111,20.0094,18.1848,24.9846,33.0177,5494443,1255,2026-09-25,28.41,16570439.0
NYSE:OPFI,OPFI,OppFi Inc.,Financial Services,Credit Services,United States,NYSE,536269597.0,6.28,31.26,34.72,2,12.8,486,True,-48.69,0.64,-28.87,-30.84,-32.96,-14.18,4.74,8.8295,9.0804,9.3682,7.3175,5.9959,6804236,1255,2026-09-25,30.11,85393248.0
NASDAQ:USGO,USGO,U.S. GoldMining Inc.,Basic Materials,Other Industrial Metals & Mining,Canada,NASDAQ,99777758.0,7.19,31.29,36.09,2,12.8,487,False,-54.58,1.55,-30.77,-32.32,-28.45,-17.98,,10.3863,10.6231,10.0484,8.7665,,696144,862,2026-09-25,31.83,13877296.0
NYSE:VIRT,VIRT,"Virtu Financial, Inc.",Financial Services,Capital Markets,United States,NYSE,4647104615.0,53.4,31.29,37.43,2,12.8,488,True,-21.1,68.41,9.1,16.61,29.22,55.7,77.75,48.9452,45.7939,41.3237,34.2959,30.0426,60928821,1255,2026-09-25,27.84,87024431.0
NASDAQ:CINF,CINF,Cincinnati Financial Corporation,Financial Services,Insurance - Property & Casualty,United States,NASDAQ,24946321434.0,162.54,31.3,36.96,2,12.9,489,True,-14.87,9.78,-1.87,-0.8,7.01,18.49,27.96,165.6373,163.8449,151.8882,137.1783,127.0282,106192185,1255,2026-09-25,30.44,153478045.0
NASDAQ:KLTR,KLTR,"Kaltura, Inc.",Technology,Software - Application,United States,NASDAQ,197742786.0,1.315,31.31,38.25,2,12.9,490,False,-30.42,21.76,-8.31,-9.72,-22.61,-18.6,-22.31,1.4342,1.4566,1.6992,1.6155,1.6926,321897,1255,2026-09-25,32.69,150374742.0
NYSE:NI,NI,NiSource Inc,Utilities,Utilities - Regulated Gas,United States,NYSE,18899495038.0,39.42,31.31,33.53,2,12.9,491,True,-19.14,0.77,-11.36,-10.37,-2.77,10.53,20.09,44.4707,43.9791,40.5424,35.6656,32.8255,226191666,1255,2026-09-25,26.47,479439245.0
NYSE:BOH,BOH,Bank of Hawaii Corporation,Financial Services,Banks - Regional,United States,NYSE,2826620873.0,71.65,31.34,34.24,2,13.0,492,False,-15.78,24.38,-4.95,-1.45,4.16,12.2,17.5,75.3787,72.7005,68.7895,63.8576,60.9765,27837007,1255,2026-09-25,27.38,39450396.0
NYSE:EVC,EVC,Entravision Communications Corporation,Communication Services,Advertising Agencies,United States,NYSE,612706602.0,7.41,31.37,35.97,2,13.0,493,False,-44.69,291.14,18.06,35.71,97.76,126.11,115.42,6.2762,5.4603,3.7469,3.2772,3.4398,9119602,1255,2026-09-25,36.8,82686451.0
NASDAQ:COLL,COLL,"Collegium Pharmaceutical, Inc.",Healthcare,Drug Manufacturers - Specialty & Generic,United States,NASDAQ,730733041.0,22.53,31.38,31.72,2,13.0,494,False,-54.8,3.16,-38.11,-39.08,-34.57,-33.1,-27.23,36.4024,36.9801,34.4317,33.678,30.9615,22041911,1255,2026-09-25,31.99,32433779.0
NASDAQ:CTNM,CTNM,"Contineum Therapeutics, Inc.",Healthcare,Biotechnology,United States,NASDAQ,413960418.0,12.56,31.4,37.44,2,13.1,495,True,-28.51,36.97,-8.29,-4.77,10.39,,,13.6955,13.189,11.3776,,,7771625,621,2026-09-25,30.51,32958632.0
NASDAQ:LINE,LINE,"Lineage, Inc.",Real Estate,REIT - Industrial,United States,NASDAQ,8230428295.0,36.15,31.4,35.5,2,13.1,496,False,-18.93,17.0,-5.39,-4.24,-18.4,,,38.2096,37.7493,44.3003,,,35359905,545,2026-09-25,31.54,227674365.0
NASDAQ:PRQR,PRQR,ProQR Therapeutics N.V.,Healthcare,Biotechnology,Netherlands,NASDAQ,232850435.0,1.65,31.4,38.04,2,13.1,497,False,-45.9,20.44,-6.62,-12.7,-20.8,-17.87,-17.17,1.767,1.8901,2.0833,2.0091,1.9921,1169813,1255,2026-09-25,34.08,141121476.0
NASDAQ:RMNI,RMNI,"Rimini Street, Inc.",Technology,Software - Application,United States,NASDAQ,393962320.0,4.22,31.42,37.56,2,13.1,498,False,-25.31,42.09,5.09,3.91,16.11,26.69,19.72,4.0155,4.0611,3.6344,3.331,3.525,2165239,1255,2026-09-25,33.02,93356000.0
NASDAQ:RARE,RARE,Ultragenyx Pharmaceutical Inc.,Healthcare,Biotechnology,United States,NASDAQ,1429538658.0,14.5,31.43,32.07,2,13.1,499,False,-60.32,12.58,-41.1,-44.86,-56.17,-60.65,-62.03,24.6162,26.2984,33.0805,36.8522,38.1878,107833116,1255,2026-09-25,32.26,98588873.0
NASDAQ:ACTG,ACTG,Acacia Research Corporation,Industrials,Business Equipment & Supplies,United States,NASDAQ,412435594.0,4.27,31.44,36.97,2,13.2,500,False,-17.25,33.44,-4.19,0.2,4.49,1.31,2.54,4.4567,4.2617,4.0864,4.2147,4.1644,871447,1255,2026-09-25,33.7,96589132.0
AMEX:EP,EP,Empire Petroleum Corporation,Energy,Oil & Gas E&P,United States,AMEX,83961550.0,2.11,31.45,35.86,2,13.2,501,False,-56.22,0.0,-26.42,-29.78,-50.49,-58.33,-68.52,2.8677,3.0047,4.2622,5.0638,6.7037,99526,1255,2026-09-25,35.41,39792204.0
NYSE:AORT,AORT,"Artivion, Inc.",Healthcare,Medical Devices,United States,NYSE,1098536010.0,22.63,31.46,36.81,2,13.2,502,False,-52.49,12.59,-29.83,-34.68,-29.82,-20.03,-8.43,32.2494,34.6459,32.2459,28.2999,24.7134,16225870,1255,2026-09-25,33.42,48543350.0
NASDAQ:SPCB,SPCB,"SuperCom, Ltd.",Industrials,Security & Protection Services,Israel,NASDAQ,58219790.0,9.27,31.46,37.85,2,13.2,503,False,-29.67,28.75,-4.55,-5.77,6.18,22.45,-32.11,9.7114,9.8372,8.7305,7.5705,13.6538,644817,1255,2026-09-25,34.64,6280452.0
NASDAQ:CBIO,CBIO,"Crescent Biopharma, Inc.",Healthcare,Biotechnology,United States,NASDAQ,519643721.0,13.99,31.47,37.53,2,13.3,504,False,-48.15,56.49,-11.03,-7.32,-24.72,-77.1,-84.0,15.725,15.0952,18.5834,61.0847,87.4402,9485733,1255,2026-09-25,32.38,37143940.0
NYSE:BNY,BNY,The Bank of New York Mellon Corporation,Financial Services,Banks - Diversified,United States,NYSE,101877375600.0,150.15,31.5,38.68,2,13.3,505,False,-8.91,46.26,10.95,15.94,40.62,69.26,95.72,135.3369,129.5031,106.7779,88.7081,76.7182,601543796,1255,2026-09-25,31.57,678504000.0
NASDAQ:IMNM,IMNM,"Immunome, Inc.",Healthcare,Biotechnology,United States,NASDAQ,2424690936.0,21.41,31.5,37.22,2,13.3,506,False,-28.21,110.83,-5.8,0.36,36.4,40.33,67.54,22.7278,21.3326,15.6969,15.2571,12.7789,31387119,1255,2026-09-25,34.58,113250394.0
NYSE:PXED,PXED,"Phoenix Education Partners, Inc.",Consumer Defensive,Education & Training Services,United States,NYSE,931824670.0,25.85,31.5,36.6,2,13.3,507,True,-30.77,0.27,-12.54,,,,,29.5547,,,,,2210749,242,2026-09-25,30.41,36047376.0
NASDAQ:WATR,WATR,Air Water Ventures Limited,Industrials,Industrial Distribution,United Arab Emirates,NASDAQ,58752882.0,1.88,31.52,27.94,2,13.4,508,True,-82.1,10.59,-78.53,-79.21,,,,8.7564,9.0443,,,,228265,322,2026-09-25,27.12,31251533.0
NYSE:LOB,LOB,"Live Oak Bancshares, Inc.",Financial Services,Banks - Regional,United States,NYSE,1734710078.0,37.48,31.53,36.07,2,13.4,509,False,-14.29,27.86,-1.58,1.21,3.93,3.16,8.22,38.0817,37.0312,36.0616,36.3334,34.6332,7954414,1255,2026-09-25,28.36,46283620.0
NYSE:PUK,PUK,Prudential Public Limited Company,Financial Services,Insurance - Life,Hong Kong,NYSE,31405524007.0,25.25,31.53,36.17,2,13.4,510,False,-23.37,1.76,-13.09,-12.11,3.61,12.29,9.59,29.0545,28.7289,24.3705,22.4859,23.0405,26963117,1255,2026-09-25,31.91,1243783129.0
NYSE:CPNG,CPNG,"Coupang, Inc.",Consumer Cyclical,Internet Retail,United States,NYSE,22725185609.0,13.88,31.54,35.81,2,13.5,511,False,-57.72,0.0,-24.61,-33.34,-40.49,-36.61,-32.74,18.4117,20.8236,23.3246,21.8953,20.6364,241658074,1255,2026-09-25,31.54,1637261211.0
NYSE:TRU,TRU,TransUnion,Financial Services,Financial Data & Stock Exchanges,United States,NYSE,13252972000.0,69.17,31.55,36.68,2,13.5,512,True,-20.98,7.52,-8.67,-9.91,-17.72,-13.94,-9.98,75.7347,76.7803,84.0623,80.3745,76.8425,185686261,1255,2026-09-25,25.6,191600000.0
NASDAQ:VOR,VOR,Vor Biopharma Inc.,Healthcare,Biotechnology,United States,NASDAQ,1003522442.0,18.52,31.57,38.41,2,13.5,513,True,-61.99,169.97,11.59,4.72,-6.78,-25.14,-54.86,16.5958,17.6849,19.8673,24.7397,41.0278,27325684,1255,2026-09-25,30.99,54185877.0
NASDAQ:EQ,EQ,"Equillium, Inc.",Healthcare,Biotechnology,United States,NASDAQ,105588349.0,1.67,31.58,36.07,2,13.5,514,False,-47.81,98.81,-19.11,-11.56,26.54,32.56,38.14,2.0645,1.8883,1.3198,1.2598,1.2089,1122164,1255,2026-09-25,32.95,63226556.0
NYSE:NVRI,NVRI,Enviri Corporation,Industrials,Waste Management,United States,NYSE,538186812.0,19.15,31.58,37.73,2,13.5,515,False,-19.74,66.67,-3.95,2.63,41.17,61.46,78.47,19.937,18.6584,13.5655,11.8605,10.7302,6324963,1255,2026-09-25,33.18,28103750.0
AMEX:ELA,ELA,Envela Corporation,Consumer Cyclical,Luxury Goods,United States,AMEX,325581989.0,12.54,31.65,31.02,2,13.6,516,False,-56.58,72.49,-28.21,-20.75,12.97,40.52,52.17,17.4688,15.8242,11.1007,8.9239,8.241,1718886,1255,2026-09-25,32.22,25963476.0
NYSE:BX,BX,Blackstone Inc.,Financial Services,Asset Management,United States,NYSE,89123044407.0,118.42,31.68,37.22,2,13.6,517,True,-30.04,18.23,-7.07,-10.02,-16.73,-10.69,-1.09,127.4322,131.6096,142.2151,132.5993,119.7208,479892880,1255,2026-09-25,28.9,752601287.0
NASDAQ:PRDO,PRDO,Perdoceo Education Corporation,Consumer Defensive,Education & Training Services,United States,NASDAQ,1911818525.0,30.49,31.68,38.16,2,13.6,518,False,-18.87,13.45,-6.97,-6.59,2.02,16.74,34.17,32.7741,32.6427,29.8866,26.1179,22.7251,21658546,1255,2026-09-25,40.2,62703133.0
NASDAQ:PRLD,PRLD,Prelude Therapeutics Incorporated,Healthcare,Biotechnology,United States,NASDAQ,251554042.0,3.875,31.69,37.27,2,13.7,519,False,-41.55,225.63,1.13,15.5,75.68,39.45,10.68,3.8318,3.3549,2.2057,2.7789,3.501,2497888,1255,2026-09-25,33.0,64917172.0
NASDAQ:DVLT,DVLT,Datavault AI Inc.,Technology,Software - Infrastructure,United States,NASDAQ,128334299.0,0.15,31.73,34.14,2,13.7,520,False,-95.61,0.0,-74.02,-82.54,-84.7,-97.12,-99.97,0.5774,0.859,0.9806,5.2079,466.8018,12009550,1255,2026-09-25,31.73,855561995.0
NASDAQ:CPRT,CPRT,"Copart, Inc.",Industrials,Specialty Business Services,United States,NASDAQ,25543138788.0,27.59,31.74,37.36,2,13.7,521,False,-39.71,1.55,-18.33,-22.44,-38.49,-41.19,-37.89,33.7835,35.5734,44.8522,46.9177,44.4203,315637389,1255,2026-09-25,33.57,925811482.0
NASDAQ:ASPI,ASPI,ASP Isotopes Inc.,Basic Materials,Chemicals,United States,NASDAQ,368267582.0,2.925,31.75,35.17,2,13.8,522,False,-79.18,0.0,-45.14,-51.58,-53.12,-42.22,,5.3315,6.0414,6.2389,5.0623,,13954895,971,2026-09-25,32.2,125903447.0
NASDAQ:CSIQ,CSIQ,Canadian Solar Inc.,Technology,Solar,Canada,NASDAQ,733284889.0,10.8,31.75,35.58,2,13.8,523,False,-67.84,0.0,-36.46,-39.01,-25.67,-32.61,-48.77,16.997,17.7071,14.5306,16.0259,21.0822,25135598,1255,2026-09-25,32.62,67896749.0
NASDAQ:MBX,MBX,"MBX Biosciences, Inc.",Healthcare,Biotechnology,United States,NASDAQ,2582825948.0,53.63,31.77,38.47,2,13.8,524,False,-24.14,305.67,25.38,39.38,103.93,,,42.7753,38.4763,26.2984,,,31724432,510,2026-09-25,34.51,48160096.0
NASDAQ:PICS,PICS,PicS N.V.,Technology,Software - Infrastructure,Brazil,NASDAQ,374851136.0,8.69,31.77,36.3,2,13.8,525,False,-54.26,0.0,,,,,,,,,,,4403984,166,2026-09-25,33.0,43135919.0
NYSE:SMHI,SMHI,SEACOR Marine Holdings Inc.,Industrials,Marine Shipping,United States,NYSE,236869571.0,8.73,31.77,41.13,2,13.8,526,False,-12.35,55.61,13.19,16.64,26.99,0.25,-1.48,7.7129,7.4848,6.8746,8.7081,8.8612,870567,1255,2026-09-25,33.47,27132826.0
NASDAQ:CENT,CENT,Central Garden & Pet Company,Consumer Defensive,Packaged Foods,United States,NASDAQ,381280232.0,39.51,31.79,36.72,2,13.9,527,False,-15.11,36.34,1.94,5.92,6.94,5.13,9.71,38.7569,37.3024,36.9462,37.5812,36.0147,3514149,1255,2026-09-25,31.79,9650221.0
NASDAQ:SBUX,SBUX,Starbucks Corporation,Consumer Cyclical,Restaurants,United States,NASDAQ,108140400000.0,94.86,31.79,35.8,2,13.9,528,True,-12.56,23.99,-2.8,0.48,2.55,5.9,5.31,97.5885,94.4063,92.5017,89.5755,90.0755,669207416,1255,2026-09-25,25.5,1140000000.0
NYSE:TGS,TGS,Transportadora de Gas del Sur SA TGS,Energy,Oil & Gas Integrated,Argentina,NYSE,1850454508.0,26.62,31.79,37.21,2,13.9,529,False,-24.63,30.88,-12.45,-10.28,-5.14,11.39,28.97,30.4047,29.6688,28.0637,23.8976,20.64,6567765,1255,2026-09-25,35.13,69513693.0
NYSE:FLUT,FLUT,Flutter Entertainment plc,Consumer Cyclical,Gambling,United States,NYSE,14438834616.0,83.23,31.82,36.13,2,14.0,530,True,-70.62,1.64,-32.93,-43.0,-59.18,-58.21,-56.39,124.0892,146.0251,203.8921,199.1402,190.8603,291159730,1255,2026-09-25,28.98,173481132.0
NASDAQ:SIRI,SIRI,SiriusXM Holdings Inc.,Communication Services,Entertainment,United States,NASDAQ,8716549801.0,25.86,31.85,36.47,2,14.0,531,False,-19.93,34.02,2.79,6.53,11.97,-4.94,-17.0,25.1574,24.2753,23.095,27.2044,31.1555,122448669,1255,2026-09-25,36.08,337066891.0
NYSE:FUN,FUN,Six Flags Entertainment Corporation Common Stock New,Consumer Cyclical,Leisure,United States,NYSE,1259152565.0,12.32,31.86,34.56,2,14.0,532,False,-53.93,0.82,-30.11,-31.55,-55.1,-61.6,-63.82,17.6289,17.9997,27.4373,32.0848,34.0546,28468019,1255,2026-09-25,32.36,102203942.0
NASDAQ:MTRX,MTRX,Matrix Service Company,Industrials,Engineering & Construction,United States,NASDAQ,274023699.0,9.74,31.86,34.59,2,14.0,533,False,-37.56,0.0,-19.26,-20.22,-22.55,-18.83,-7.41,12.0636,12.2093,12.5763,11.9992,10.5198,4891324,1255,2026-09-25,32.77,28133850.0
NYSE:FDX,FDX,FedEx Corporation,Industrials,Integrated Freight & Logistics,United States,NYSE,67626732590.0,285.85,31.87,35.83,2,14.1,534,True,-15.43,60.6,-3.22,3.66,21.87,27.76,37.87,295.367,275.7688,234.548,223.7442,207.3361,513795670,1255,2026-09-25,24.45,236581188.0
NASDAQ:HLNE,HLNE,Hamilton Lane Incorporated,Financial Services,Asset Management,United States,NASDAQ,3737131687.0,86.21,31.87,38.49,2,14.1,535,True,-42.85,17.64,-16.13,-19.13,-33.74,-30.2,-21.68,102.7915,106.6,130.1056,123.5063,110.0758,59011761,1255,2026-09-25,29.01,43349167.0
NYSE:MS,MS,Morgan Stanley,Financial Services,Capital Markets,United States,NYSE,308599320000.0,196.31,31.87,37.08,2,14.1,536,False,-13.63,32.2,2.17,5.88,26.45,49.09,65.79,192.1349,185.4133,155.244,131.668,118.4063,1020146934,1255,2026-09-25,31.88,1572000000.0
NYSE:SNA,SNA,Snap-On Incorporated,Industrials,Tools & Accessories,United States,NYSE,19097654181.0,369.2,31.9,35.94,2,14.1,537,True,-11.4,15.85,-1.53,0.89,8.23,17.88,26.67,374.9494,365.9402,341.1312,313.1971,291.4705,109789609,1255,2026-09-25,28.63,51727124.0
NYSE:HD,HD,"Home Depot, Inc. (The)",Consumer Cyclical,Home Improvement Retail,United States,NYSE,292354611162.0,293.2,31.91,35.28,2,14.2,538,True,-26.48,0.35,-12.77,-14.25,-17.93,-15.06,-10.79,336.1414,341.9191,357.2763,345.2036,328.6542,1378705186,1255,2026-09-25,30.64,997116682.0
NASDAQ:TTEC,TTEC,"TTEC Holdings, Inc.",Technology,Information Technology Services,United States,NASDAQ,59849809.0,1.23,31.91,33.66,2,14.2,539,True,-68.3,1.65,-51.02,-54.06,-65.36,-81.7,-91.49,2.5113,2.6775,3.5513,6.7207,14.4531,464536,1255,2026-09-25,30.38,48658381.0
NYSE:ULS,ULS,UL Solutions Inc.,Industrials,Specialty Business Services,United States,NYSE,5139225996.0,66.05,31.91,32.03,2,14.2,540,False,-36.81,3.15,-20.87,-20.09,-6.52,,,83.4681,82.6583,70.654,,,58322172,616,2026-09-25,30.71,77808115.0
NYSE:HCI,HCI,"HCI Group, Inc.",Financial Services,Insurance - Property & Casualty,United States,NYSE,2233075512.0,174.94,31.94,39.86,2,14.2,541,False,-14.42,17.99,3.62,1.41,13.9,32.67,58.16,168.8291,172.5007,153.5866,131.8648,110.6095,29342918,1255,2026-09-25,34.71,12764808.0
NASDAQ:PLAY,PLAY,"Dave & Buster's Entertainment, Inc.",Communication Services,Entertainment,United States,NASDAQ,230301154.0,6.62,31.98,34.72,2,14.3,542,False,-68.73,1.22,-48.59,-51.48,-67.57,-77.09,-78.8,12.8771,13.6436,20.4141,28.8934,31.2204,25523985,1255,2026-09-25,31.98,34788694.0
NASDAQ:SIGI,SIGI,"Selective Insurance Group, Inc.",Financial Services,Insurance - Property & Casualty,United States,NASDAQ,5132752000.0,86.12,32.01,36.59,2,14.3,543,True,-13.62,18.69,-0.1,1.94,1.29,-2.27,-2.85,86.2039,84.4772,85.0235,88.1186,88.6456,41624146,1255,2026-09-25,29.66,59600000.0
NYSE:AWR,AWR,American States Water Company,Utilities,Utilities - Regulated Water,United States,NYSE,3245151668.0,82.8,32.05,38.91,2,14.3,544,True,-9.11,20.84,6.07,7.85,9.06,10.9,8.17,78.0631,76.7748,75.9234,74.6626,76.5461,19669952,1255,2026-09-25,30.02,39192653.0
NYSE:BC,BC,Brunswick Corporation,Consumer Cyclical,Recreational Vehicles,United States,NYSE,4365632489.0,67.19,32.06,34.61,2,14.3,545,True,-23.47,16.96,-14.08,-10.7,-1.78,-5.59,-6.17,78.2009,75.2385,68.4102,71.1659,71.6109,56590039,1255,2026-09-25,26.3,64974438.0
NASDAQ:KRRO,KRRO,"Korro Bio, Inc.",Healthcare,Biotechnology,United States,NASDAQ,138024004.0,9.57,32.07,36.78,2,14.4,546,False,-81.37,81.25,-17.82,-37.63,-57.26,-68.25,-75.78,11.6451,15.3435,22.3905,30.1449,39.5061,2318786,1255,2026-09-25,32.07,14422571.0
NASDAQ:FLWS,FLWS,"1-800-FLOWERS.COM, Inc.",Consumer Cyclical,Specialty Retail,United States,NASDAQ,99241102.0,2.68,32.08,33.73,2,14.4,547,False,-47.96,8.06,-30.02,-30.24,-48.54,-59.07,-62.14,3.8297,3.8415,5.2075,6.5474,7.0793,1294295,1255,2026-09-25,34.97,37030262.0
NASDAQ:UNIT,UNIT,Uniti Group Inc.,Real Estate,REIT - Specialty,United States,NASDAQ,2162680953.0,8.91,32.08,36.41,2,14.4,548,False,-30.12,66.23,-6.89,0.68,3.89,8.48,11.27,9.5695,8.8498,8.5765,8.2137,8.0075,19822732,1255,2026-09-25,32.35,242725135.0
AMEX:VENU,VENU,Venu Holding Corporation,Consumer Cyclical,Restaurants,United States,AMEX,85072687.0,1.48,32.08,34.79,2,14.4,549,False,-89.34,0.68,-64.71,-74.45,,,,4.1938,5.7926,,,,792999,457,2026-09-25,32.86,57481545.0
NASDAQ:PHVS,PHVS,Pharvaris N.V.,Healthcare,Biotechnology,Switzerland,NASDAQ,2237548827.0,32.02,32.09,38.76,2,14.5,550,False,-17.6,52.77,5.81,10.7,33.9,38.88,61.43,30.2624,28.9262,23.9129,23.0552,19.8346,40312664,1255,2026-09-25,35.26,69879726.0
NYSE:COOK,COOK,"Traeger, Inc.",Consumer Cyclical,"Furnishings, Fixtures & Appliances",United States,NYSE,129632206.0,46.6,32.1,36.19,2,14.5,551,False,-43.17,90.83,-9.06,-8.06,-40.91,-50.71,-60.18,51.24,50.6855,78.8616,94.5493,117.0221,1648997,1255,2026-09-25,32.38,2781807.0
NASDAQ:NRIX,NRIX,"Nurix Therapeutics, Inc.",Healthcare,Biotechnology,United States,NASDAQ,2388016526.0,23.01,32.11,39.41,2,14.5,552,False,-17.2,176.23,18.1,27.51,37.12,46.25,59.24,19.4836,18.0451,16.7804,15.7336,14.4496,36523727,1255,2026-09-25,35.63,103781683.0
NYSE:OSK,OSK,Oshkosh Corporation (Holding Company),Industrials,Farm & Heavy Construction Machinery,United States,NYSE,8195951680.0,132.75,32.11,37.05,2,14.5,553,True,-24.79,13.23,-9.04,-6.47,7.18,13.74,22.81,145.9362,141.9345,123.8581,116.7095,108.0981,87273639,1255,2026-09-25,27.13,61739749.0
NASDAQ:ERII,ERII,"Energy Recovery, Inc.",Industrials,Pollution & Treatment Controls,United States,NASDAQ,351023214.0,6.81,32.12,35.05,2,14.6,554,False,-62.4,0.15,-35.25,-41.02,-48.79,-52.18,-59.13,10.5178,11.5461,13.2978,14.2397,16.6634,8140935,1255,2026-09-25,32.49,51545259.0
NYSE:WCN,WCN,"Waste Connections, Inc.",Industrials,Waste Management,Canada,NYSE,39208825198.0,155.56,32.13,36.96,2,14.6,555,False,-12.31,4.61,-5.07,-5.92,-10.82,-7.91,-2.88,163.8608,165.3413,174.4344,168.9202,160.1785,182355445,1255,2026-09-25,32.98,252049532.0
NASDAQ:FNWB,FNWB,First Northwest Bancorp,Financial Services,Banks - Regional,United States,NASDAQ,95519632.0,10.05,32.15,35.57,2,14.7,556,False,-17.42,36.18,-1.66,1.31,3.57,-4.57,-9.31,10.22,9.9203,9.7032,10.5316,11.082,312085,1255,2026-09-25,32.15,9504441.0
NASDAQ:GRSD,GRSD,Grandstand Limited,Consumer Cyclical,Gambling,Jersey,NASDAQ,55336493.0,1.57,32.15,35.94,2,14.7,557,False,-81.2,2.61,-52.94,-61.22,-80.35,-81.69,-82.45,3.3361,4.0487,7.9912,8.5744,8.9463,322171,1255,2026-09-25,32.15,35246174.0
NYSE:SYK,SYK,Stryker Corporation,Healthcare,Medical Devices,United States,NYSE,104412137138.0,272.36,32.15,35.4,2,14.7,558,True,-29.33,0.97,-17.74,-19.45,-23.35,-20.4,-15.04,331.0838,338.1094,355.3232,342.1536,320.5679,884512531,1255,2026-09-25,29.23,383360762.0
NYSE:GNW,GNW,Genworth Financial Inc,Financial Services,Insurance - Life,United States,NYSE,3611777284.0,9.43,32.16,38.39,2,14.7,559,False,-11.04,18.77,3.74,4.84,15.66,25.35,35.37,9.0897,8.9944,8.1535,7.5229,6.9661,46203888,1255,2026-09-25,32.56,383009256.0
NASDAQ:SLDB,SLDB,Solid Biosciences Inc.,Healthcare,Biotechnology,United States,NASDAQ,717697628.0,7.29,32.17,37.38,2,14.7,560,False,-34.62,85.5,-3.55,2.59,21.97,13.82,17.17,7.5585,7.1056,5.9768,6.4048,6.2216,10629900,1255,2026-09-25,33.55,98449606.0
NASDAQ:ENPH,ENPH,"Enphase Energy, Inc.",Technology,Solar,United States,NASDAQ,4281486595.0,32.4,32.18,36.99,2,14.8,561,False,-55.21,24.04,-21.41,-17.89,-33.63,-53.83,-69.36,41.2249,39.4584,48.8173,70.1704,105.7477,161796116,1255,2026-09-25,33.4,132144648.0
NYSE:HAYW,HAYW,"Hayward Holdings, Inc.",Industrials,Electrical Equipment & Parts,United States,NYSE,2679070321.0,12.63,32.2,35.08,2,14.8,562,True,-27.04,0.88,-15.72,-16.55,-15.51,-12.36,-7.79,14.9858,15.1349,14.9482,14.4113,13.6967,46252484,1255,2026-09-25,29.11,212119582.0
NASDAQ:SVC,SVC,Service Properties Trust - Common Shares of Beneficial Interest,Real Estate,REIT - Hotel & Motel,United States,NASDAQ,853602700.0,6.59,32.2,34.08,2,14.8,563,True,-51.03,13.09,-24.04,-27.0,-41.17,-61.77,-69.33,8.6762,9.0271,11.2015,17.2393,21.4893,11181352,1255,2026-09-25,27.31,129530000.0
NASDAQ:FWRG,FWRG,"First Watch Restaurant Group, Inc.",Consumer Cyclical,Restaurants,United States,NASDAQ,625079134.0,10.14,32.21,36.33,2,14.9,564,False,-45.66,0.35,-22.15,-26.77,-35.81,-40.3,-39.77,13.0253,13.8467,15.7975,16.9858,16.8353,13600079,1251,2026-09-25,33.03,61644885.0
NASDAQ:POOL,POOL,Pool Corporation,Industrials,Industrial Distribution,United States,NASDAQ,5992952588.0,164.91,32.21,35.55,2,14.9,565,True,-45.82,1.98,-20.74,-25.01,-38.96,-44.12,-45.45,208.0577,219.9016,270.1814,295.1301,302.2999,147362339,1255,2026-09-25,25.22,36340747.0
AMEX:CBOE,CBOE,"Cboe Global Markets, Inc.",Financial Services,Financial Data & Stock Exchanges,United States,AMEX,26946335833.0,258.03,32.22,37.65,2,14.9,566,False,-29.29,11.76,-9.6,-6.92,4.61,15.45,29.38,285.4173,277.2117,246.6647,223.4944,199.4359,294839076,1255,2026-09-25,37.39,104431019.0
NASDAQ:DPZ,DPZ,Domino's Pizza Inc,Consumer Cyclical,Restaurants,United States,NASDAQ,9664498063.0,292.14,32.22,37.04,2,14.9,567,False,-32.2,3.86,-17.19,-19.69,-27.24,-28.23,-24.41,352.7947,363.746,401.4911,407.0326,386.4741,271152132,1255,2026-09-25,32.63,33081735.0
NASDAQ:MRLN,MRLN,"Merlin, Inc.",Industrials,Aerospace & Defense,United States,NASDAQ,192082863.0,1.99,32.25,34.09,2,15.0,568,False,-87.63,12.43,-74.12,-76.15,,,,7.6908,8.3443,,,,7846682,455,2026-09-25,25.44,96524052.0
NASDAQ:GLPI,GLPI,"Gaming and Leisure Properties, Inc.",Real Estate,REIT - Specialty,United States,NASDAQ,10986175212.0,38.79,32.26,35.12,2,15.0,569,True,-17.84,0.67,-11.16,-10.25,-10.44,-7.4,-5.98,43.662,43.2194,43.3135,41.8894,41.2572,183631087,1255,2026-09-25,28.99,283221841.0
NYSE:RJF,RJF,"Raymond James Financial, Inc.",Financial Services,Asset Management,United States,NYSE,30711027000.0,159.87,32.26,37.59,2,15.0,570,False,-11.76,14.3,-0.31,-0.26,3.06,13.95,22.95,160.3615,160.2907,155.1299,140.293,130.0261,238649964,1255,2026-09-25,29.37,192100000.0
NYSE:FIS,FIS,"Fidelity National Information Services, Inc.",Technology,Information Technology Services,United States,NYSE,18302690737.0,35.41,32.27,35.87,2,15.0,571,False,-46.39,2.13,-23.99,-29.2,-43.14,-43.39,-42.05,46.5832,50.0156,62.2782,62.5519,61.1063,232300107,1255,2026-09-25,28.44,516879151.0
NASDAQ:PLBY,PLBY,"Playboy, Inc.",Consumer Cyclical,Leisure,United States,NASDAQ,119063095.0,1.03,32.27,36.87,2,15.0,572,False,-61.99,0.0,-33.09,-33.11,-30.22,-18.59,-33.5,1.5394,1.5399,1.4761,1.2652,1.5488,599158,1255,2026-09-25,35.63,115595238.0
NASDAQ:CRBU,CRBU,"Caribou Biosciences, Inc.",Healthcare,Biotechnology,United States,NASDAQ,122983913.0,1.24,32.28,35.17,2,15.1,573,False,-56.34,0.0,-29.32,-33.02,-27.15,-50.68,-65.06,1.7543,1.8512,1.7021,2.514,3.5486,1656010,1255,2026-09-25,32.9,99180575.0
NYSE:CMI,CMI,Cummins Inc.,Industrials,Specialty Industrial Machinery,United States,NYSE,72452539519.0,525.06,32.29,34.32,2,15.1,574,True,-27.57,30.58,-12.45,-7.48,15.85,35.94,52.41,599.751,567.5338,453.2098,386.2483,344.5111,632095275,1255,2026-09-25,29.25,137989067.0
NASDAQ:REYN,REYN,Reynolds Consumer Products Inc.,Consumer Cyclical,Packaging & Containers,United States,NASDAQ,4567840580.0,21.67,32.29,34.68,2,15.1,575,True,-19.57,7.47,-5.68,-5.99,-6.77,-9.7,-10.63,22.9752,23.0497,23.2443,23.9977,24.2477,37416766,1255,2026-09-25,30.7,210790982.0
NASDAQ:CNXU,CNXU,Conexeu Sciences Inc.,Healthcare,Biotechnology,United States,NASDAQ,104089904.0,3.89,32.31,35.41,2,15.2,576,False,-76.91,0.0,,,,,,,,,,,1093047,88,2026-09-25,32.75,26758330.0
NASDAQ:EXE,EXE,Expand Energy Corporation,Energy,Oil & Gas E&P,United States,NASDAQ,20103789037.0,86.84,32.33,37.47,2,15.2,577,False,-28.09,0.47,-11.51,-13.34,-12.02,-4.79,-1.11,98.1334,100.2125,98.7017,91.2111,87.8143,291247480,1255,2026-09-25,36.39,231503789.0
NYSE:AA,AA,Alcoa Corporation,Basic Materials,Aluminum,United States,NYSE,11308519718.0,42.85,32.39,37.08,2,15.2,578,True,-48.76,37.32,-26.0,-20.14,-1.44,8.79,9.41,57.9053,53.657,43.4745,39.3862,39.1652,177743672,1255,2026-09-25,31.53,263909445.0
NYSE:ELS,ELS,"Equity Lifestyle Properties, Inc.",Real Estate,REIT - Residential,United States,NYSE,11494447383.0,59.23,32.41,36.37,2,15.2,579,True,-11.64,3.14,-5.31,-4.4,-4.28,-4.04,-3.08,62.5526,61.9549,61.8796,61.7216,61.1128,98571514,1255,2026-09-25,29.85,194064619.0
NASDAQ:FLNC,FLNC,"Fluence Energy, Inc.",Utilities,Utilities - Renewable,United States,NASDAQ,1042570196.0,7.85,32.43,34.25,2,15.3,580,True,-75.64,7.98,-54.72,-54.86,-44.49,-50.38,-53.93,17.3353,17.3917,14.1419,15.8191,17.0388,74138345,1232,2026-09-25,27.4,132811490.0
NASDAQ:SLN,SLN,Silence Therapeutics Plc - American Depository Share,Healthcare,Biotechnology,United Kingdom,NASDAQ,528082973.0,11.18,32.43,40.96,2,15.3,581,False,-27.54,160.0,38.17,44.56,49.23,1.81,5.12,8.0916,7.7338,7.4916,10.981,10.635,10518868,1255,2026-09-25,32.72,47234613.0
NYSE:VICI,VICI,VICI Properties Inc.,Real Estate,REIT - Diversified,United States,NYSE,25886333483.0,23.51,32.43,34.84,2,15.3,582,True,-23.55,1.03,-11.59,-12.82,-15.67,-13.23,-12.37,26.5934,26.9685,27.8775,27.0951,26.8276,259292784,1255,2026-09-25,26.99,1101077562.0
NASDAQ:MNKD,MNKD,MannKind Corporation,Healthcare,Biotechnology,United States,NASDAQ,1031893554.0,3.34,32.44,38.01,2,15.4,583,True,-46.22,46.49,-17.24,-22.6,-30.53,-28.82,-27.53,4.0359,4.3154,4.8078,4.6923,4.6087,15259853,1255,2026-09-25,29.37,308950166.0
NASDAQ:ANTA,ANTA,Antalpha Platform Holding Company,Financial Services,Credit Services,Singapore,NASDAQ,68200734.0,2.84,32.46,35.86,2,15.4,584,False,-79.04,0.0,-59.46,-63.78,,,,7.0051,7.8401,,,,33594,345,2026-09-25,33.7,24014343.0
NYSE:NOA,NOA,North American Construction Group Ltd. Common Shares (no par),Energy,Oil & Gas Equipment & Services,Canada,NYSE,333361636.0,12.3,32.46,37.38,2,15.4,585,False,-25.75,3.59,-12.67,-12.64,-20.5,-27.74,-26.64,14.0846,14.0795,15.4718,17.0214,16.7659,1705966,1255,2026-09-25,35.28,27102572.0
NYSE:DTM,DTM,"DT Midstream, Inc.",Energy,Oil & Gas Midstream,United States,NYSE,12474430395.0,122.28,32.47,35.71,2,15.4,586,False,-18.31,18.89,-7.8,-4.49,9.56,30.79,50.02,132.6279,128.0279,111.6065,93.4929,81.508,111732305,1255,2026-09-25,38.11,102015296.0
AMEX:LGCY,LGCY,Legacy Education Inc.,Consumer Defensive,Education & Training Services,United States,AMEX,117790474.0,9.31,32.47,35.17,2,15.4,587,False,-35.03,14.23,-18.7,-15.75,,,,11.4519,11.05,,,,624033,501,2026-09-25,51.65,12652038.0
NYSE:NCDL,NCDL,Nuveen Churchill Direct Lending Corp.,Financial Services,Asset Management,United States,NYSE,577828660.0,11.7,32.48,37.7,2,15.5,588,False,-18.68,0.0,-7.75,-8.1,-12.37,,,12.6832,12.7315,13.3509,,,2541629,670,2026-09-25,32.71,49387065.0
NASDAQ:OPEN,OPEN,Opendoor Technologies Inc,Real Estate,Real Estate Services,United States,NASDAQ,2479373144.0,2.57,32.49,34.26,2,15.5,589,True,-72.57,1.58,-45.9,-51.98,-29.71,-22.32,-16.88,4.7502,5.3521,3.6564,3.3085,3.0918,86651862,1255,2026-09-25,30.23,964736632.0
NASDAQ:PTCT,PTCT,"PTC Therapeutics, Inc.",Healthcare,Biotechnology,United States,NASDAQ,5230488461.0,62.67,32.5,35.76,2,15.5,590,True,-30.02,8.35,-13.46,-12.99,4.78,26.62,30.15,72.4164,72.03,59.8112,49.4941,48.1513,77611707,1255,2026-09-25,30.79,83460802.0
AMEX:DNN,DNN,Denison Mines Corp Ordinary Shares (Canada),Energy,Uranium,Canada,AMEX,2398294949.0,2.65,32.51,37.41,2,15.6,591,True,-39.36,16.74,-21.8,-18.59,3.5,13.94,29.39,3.3888,3.2552,2.5605,2.3258,2.048,74397311,1255,2026-09-25,31.35,905016962.0
AMEX:LODE,LODE,Comstock Inc.,Basic Materials,Other Precious Metals & Mining,United States,AMEX,194337495.0,2.56,32.51,35.68,2,15.6,592,False,-46.33,8.02,-25.51,-25.08,-25.02,-25.41,-31.92,3.4369,3.417,3.4142,3.432,3.7604,3535455,1255,2026-09-25,32.51,75913084.0
NASDAQ:CENX,CENX,Century Aluminum Company,Basic Materials,Aluminum,United States,NASDAQ,3799613664.0,38.39,32.55,36.5,2,15.6,593,True,-44.18,47.88,-23.78,-16.76,17.14,47.38,76.98,50.3701,46.1215,32.7724,26.0475,21.6914,67376096,1255,2026-09-25,31.11,98974047.0
NYSE:SHAK,SHAK,"Shake Shack, Inc.",Consumer Cyclical,Restaurants,United States,NYSE,2241483163.0,55.55,32.55,36.87,2,15.6,594,False,-46.94,6.13,-28.34,-30.71,-42.77,-40.18,-34.26,77.5209,80.1698,97.0579,92.8655,84.4965,81776412,1255,2026-09-25,35.78,40350732.0
NYSE:CAH,CAH,"Cardinal Health, Inc.",Healthcare,Medical Distribution,United States,NYSE,51576813388.0,220.22,32.56,38.92,2,15.7,595,False,-11.42,49.38,1.57,5.28,28.39,49.33,69.75,216.8159,209.181,171.5185,147.4736,129.7356,420711034,1255,2026-09-25,35.15,234205855.0
NASDAQ:PRCT,PRCT,PROCEPT BioRobotics Corporation,Healthcare,Medical Devices,United States,NASDAQ,979004117.0,17.2,32.57,37.65,2,15.7,596,False,-53.54,3.06,-31.66,-35.9,-62.45,-64.06,-61.81,25.17,26.8323,45.8055,47.8559,45.0401,25221560,1255,2026-09-25,33.87,56918844.0
NYSE:PUMP,PUMP,ProPetro Holding Corp.,Energy,Oil & Gas Equipment & Services,United States,NYSE,1177881364.0,9.59,32.57,36.25,2,15.7,597,True,-47.31,90.66,-24.89,-18.77,1.89,4.71,4.75,12.7686,11.8063,9.4119,9.1583,9.1549,40889622,1255,2026-09-25,31.46,122823917.0
NYSE:LAD,LAD,"Lithia Motors, Inc.",Consumer Cyclical,Auto & Truck Dealerships,United States,NYSE,6955897565.0,316.42,32.61,38.0,2,15.8,598,False,-25.84,30.71,1.34,1.65,-0.88,4.26,9.83,312.2301,311.2843,319.2389,303.4894,288.0871,96409704,1255,2026-09-25,26.56,21983116.0
NASDAQ:WHWK,WHWK,"Whitehawk Therapeutics, Inc.",Healthcare,Biotechnology,United States,NASDAQ,184952212.0,3.74,32.61,38.29,2,15.8,599,False,-26.67,97.88,0.1,9.36,35.32,40.05,-14.99,3.7363,3.4198,2.7637,2.6705,4.3996,1438816,1255,2026-09-25,35.55,49452463.0
NASDAQ:TTWO,TTWO,"Take-Two Interactive Software, Inc.",Communication Services,Electronic Gaming & Multimedia,United States,NASDAQ,37665340438.0,201.44,32.62,35.88,2,15.8,600,False,-23.2,6.19,-10.71,-12.65,-7.88,2.61,13.2,225.5902,230.6194,218.6759,196.3067,177.9437,608093542,1255,2026-09-25,33.68,186980443.0
NYSE:AWK,AWK,"American Water Works Company, Inc.",Utilities,Utilities - Regulated Water,United States,NYSE,26015611950.0,130.91,32.63,40.2,2,15.8,601,False,-7.53,8.79,0.24,0.13,-0.66,2.03,1.0,130.5938,130.7371,131.7851,128.3035,129.6186,262666472,1255,2026-09-25,33.98,198728989.0
NASDAQ:NRXP,NRXP,"NRX Pharmaceuticals, Inc.",Healthcare,Biotechnology,United States,NASDAQ,128187258.0,2.995,32.63,38.38,2,15.8,602,False,-35.17,78.27,2.57,3.29,14.18,4.26,-25.69,2.92,2.8996,2.623,2.8726,4.0304,2099131,1255,2026-09-25,33.68,42800420.0
NYSE:R,R,"Ryder System, Inc.",Industrials,Rental & Leasing Services,United States,NYSE,9033371695.0,235.57,32.64,36.73,2,15.9,603,False,-15.63,49.66,2.74,8.18,26.44,45.78,66.45,229.2902,217.7587,186.3167,161.5941,141.5244,58759447,1255,2026-09-25,33.54,38346868.0
NASDAQ:RMIX,RMIX,"Suncrete, Inc.",Basic Materials,Building Materials,United States,NASDAQ,636207062.0,13.05,32.64,34.86,2,15.9,604,True,-47.46,24.17,,,,,,,,,,,6783874,122,2026-09-25,23.7,48751499.0
NYSE:BOOT,BOOT,"Boot Barn Holdings, Inc.",Consumer Cyclical,Apparel Retail,United States,NYSE,3734121265.0,123.3,32.65,35.41,2,15.9,605,False,-40.72,0.45,-26.26,-27.69,-22.35,-11.46,0.24,167.2073,170.5204,158.7949,139.252,123.0036,89957505,1255,2026-09-25,34.51,30284844.0
NYSE:RITM,RITM,Rithm Capital Corp.,Real Estate,REIT - Mortgage,United States,NYSE,5098256193.0,9.13,32.65,37.85,2,15.9,606,True,-20.14,9.81,-5.73,-6.83,-7.65,-3.44,5.25,9.6853,9.7994,9.8858,9.4549,8.6748,52651888,1255,2026-09-25,32.25,558407031.0
NASDAQ:DERM,DERM,Journey Medical Corporation,Healthcare,Drug Manufacturers - Specialty & Generic,United States,NASDAQ,132222119.0,6.14,32.66,38.61,2,16.0,607,False,-33.69,39.86,-10.97,-13.26,-6.95,4.37,25.46,6.8964,7.0785,6.5984,5.8829,4.8939,1251346,1221,2026-09-25,34.82,21534547.0
NYSE:MBI,MBI,MBIA Inc.,Financial Services,Insurance - Specialty,United States,NYSE,223600431.0,4.39,32.66,34.0,2,16.0,608,False,-43.13,0.0,-26.97,-29.88,-25.03,-21.27,-17.12,6.0114,6.2606,5.8558,5.5758,5.297,2083490,1255,2026-09-25,34.05,50934039.0
NYSE:UIS,UIS,Unisys Corporation New,Technology,Information Technology Services,United States,NYSE,169165016.0,2.32,32.67,35.66,2,16.0,609,False,-51.46,16.0,-19.35,-21.57,-43.87,-47.43,-49.06,2.8764,2.9579,4.133,4.4128,4.5542,1395984,1255,2026-09-25,34.46,72915955.0
NASDAQ:AIRS,AIRS,"AirSculpt Technologies, Inc.",Healthcare,Medical Care Facilities,United States,NASDAQ,138269535.0,1.96,32.69,34.63,2,16.1,610,False,-83.18,24.05,-39.03,-51.76,-56.96,-59.98,-62.46,3.2147,4.0632,4.5539,4.8972,5.2212,2262772,1231,2026-09-25,33.89,70545681.0
NASDAQ:GLIBA,GLIBA,Liberty Capital Corporation - Series A GCI Group,Communication Services,Telecom Services,United States,NASDAQ,86344684.0,23.65,32.7,39.55,2,16.1,611,False,-41.21,16.05,-22.77,-25.08,,,,30.6218,31.5666,,,,1034761,305,2026-09-25,29.57,3650938.0
NYSE:FAF,FAF,First American Corporation (New),Financial Services,Insurance - Specialty,United States,NYSE,6766167000.0,66.27,32.72,37.78,2,16.1,612,True,-16.28,17.53,-0.77,0.95,5.49,10.97,15.85,66.7842,65.6472,62.8182,59.7198,57.2056,62811211,1255,2026-09-25,29.49,102100000.0
NASDAQ:TRIP,TRIP,"TripAdvisor, Inc.",Consumer Cyclical,Travel Services,United States,NASDAQ,978597431.0,8.41,32.73,34.07,2,16.2,613,False,-50.93,4.6,-28.25,-32.77,-39.39,-46.85,-49.46,11.7206,12.5093,13.8756,15.8239,16.6394,39932726,1255,2026-09-25,33.91,116361169.0
NYSE:UTI,UTI,Universal Technical Institute Inc,Consumer Defensive,Education & Training Services,United States,NYSE,1117746034.0,20.3,32.73,33.27,2,16.2,614,False,-60.35,0.0,-38.58,-37.09,-31.23,-16.62,1.49,33.0497,32.2678,29.5195,24.3451,20.0025,38435795,1255,2026-09-25,34.41,55061381.0
NYSE:CDRE,CDRE,"Cadre Holdings, Inc.",Industrials,Aerospace & Defense,United States,NYSE,1129424732.0,26.39,32.79,37.09,2,16.2,615,True,-42.34,1.11,-22.24,-25.27,-22.86,-21.35,-14.17,33.9387,35.312,34.2125,33.5531,30.7479,12931872,1227,2026-09-25,30.98,42797451.0
NYSE:HSY,HSY,The Hershey Company,Consumer Defensive,Confectioners,United States,NYSE,24341951231.0,166.37,32.81,37.77,2,16.2,616,False,-28.49,5.59,-12.01,-10.9,-5.4,-5.9,-10.81,189.0807,186.7289,175.8694,176.7953,186.5275,245090150,1255,2026-09-25,33.61,146312143.0
NASDAQ:WSC,WSC,WillScot Holdings Corporation,Industrials,Rental & Leasing Services,United States,NASDAQ,3288673317.0,18.17,32.82,33.81,2,16.2,617,True,-37.27,22.9,-18.0,-16.39,-30.49,-41.12,-46.95,22.1592,21.733,26.1386,30.8608,34.2491,53188279,1255,2026-09-25,26.35,180994679.0
NASDAQ:STRZ,STRZ,Starz Entertainment Corp.,Communication Services,Entertainment,Canada,NASDAQ,353751921.0,21.07,32.84,37.54,2,16.3,618,False,-30.25,143.58,9.87,19.58,,,,19.1769,17.6194,,,,7364919,349,2026-09-25,37.17,16789365.0
NYSE:ETSY,ETSY,"Etsy, Inc.",Consumer Cyclical,Internet Retail,United States,NYSE,6494698050.0,68.44,32.86,37.62,2,16.3,619,False,-21.36,55.37,4.88,5.48,15.73,11.36,-5.01,65.2546,64.8814,59.1363,61.4578,72.0485,243561345,1255,2026-09-25,33.68,94896231.0
NASDAQ:VWAV,VWAV,"VisionWave Holdings, Inc.",Industrials,Aerospace & Defense,United States,NASDAQ,134324676.0,4.87,32.86,31.96,2,16.3,620,False,-98.28,1191.78,-95.77,-96.41,,,,115.0358,135.63,,,,1729783,303,2026-09-25,34.04,27582069.0
NYSE:PAM,PAM,Pampa Energia S.A.,Industrials,Conglomerates,Argentina,NYSE,4182358391.0,77.82,32.87,38.59,2,16.4,621,False,-15.66,33.6,-6.88,-5.26,-1.27,14.93,31.23,83.5701,82.1387,78.8231,67.7128,59.2992,16101204,1255,2026-09-25,34.88,53744004.0
NASDAQ:CCOI,CCOI,"Cogent Communications Holdings, Inc.",Communication Services,Telecom Services,United States,NASDAQ,385097228.0,7.69,32.88,35.86,2,16.4,622,True,-82.86,0.65,-56.05,-62.56,-80.54,-83.36,-83.89,17.4984,20.5388,39.5243,46.2089,47.7331,20570280,1255,2026-09-25,32.25,50077663.0
NASDAQ:CMPR,CMPR,Cimpress plc,Industrials,Specialty Business Services,Ireland,NASDAQ,1933478461.0,79.79,32.88,35.97,2,16.4,623,False,-24.23,30.35,-5.05,-0.68,14.29,7.89,20.73,84.0297,80.3366,69.8119,73.958,66.0891,15616525,1255,2026-09-25,27.49,24232090.0
NYSE:DOUG,DOUG,Douglas Elliman Inc.,Real Estate,Real Estate Services,United States,NYSE,142722549.0,1.57,32.88,36.91,2,16.4,624,True,-49.19,2.61,-22.21,-26.68,-26.11,-21.99,-32.47,2.0183,2.1413,2.1247,2.0125,2.325,838838,1189,2026-09-25,26.58,90906082.0
NASDAQ:TREE,TREE,"LendingTree, Inc.",Financial Services,Financial Conglomerates,United States,NASDAQ,345522989.0,24.62,32.89,33.69,2,16.5,625,False,-65.11,2.58,-41.03,-45.37,-46.89,-42.49,-35.65,41.7527,45.0698,46.3538,42.8119,38.2606,10884958,1255,2026-09-25,31.01,14034240.0
NYSE:EPD,EPD,Enterprise Products Partners L.P.,Energy,Oil & Gas Midstream,United States,NYSE,79509296459.0,36.75,32.9,39.02,2,16.5,626,False,-6.63,29.61,2.16,5.9,15.86,26.53,36.94,35.9717,34.7012,31.7191,29.0439,26.8363,101743338,1255,2026-09-25,36.83,2163518271.0
NASDAQ:NEWT,NEWT,"NewtekOne, Inc.",Financial Services,Banks - Regional,United States,NASDAQ,325314349.0,11.26,32.91,35.34,2,16.5,627,False,-26.4,24.76,-10.3,-6.41,-1.95,0.11,-3.01,12.5529,12.0309,11.4845,11.2479,11.609,3003850,1255,2026-09-25,33.52,28891150.0
NASDAQ:AFYA,AFYA,Afya Limited,Consumer Defensive,Education & Training Services,Brazil,NASDAQ,687420357.0,13.0,32.94,37.61,2,16.5,628,False,-18.03,3.15,-8.23,-8.26,-13.51,-17.76,-14.09,14.1655,14.1699,15.0299,15.8066,15.1327,4935988,1255,2026-09-25,45.33,52878489.0
NYSE:UTL,UTL,UNITIL Corporation,Utilities,Utilities - Diversified,United States,NYSE,917171545.0,50.98,32.94,38.09,2,16.5,629,True,-8.15,14.78,-0.42,1.35,0.03,2.32,4.09,51.1958,50.3021,50.963,49.8236,48.9787,7621111,1255,2026-09-25,31.02,17990811.0
NYSE:PJT,PJT,PJT Partners Inc.,Financial Services,Capital Markets,United States,NYSE,3879972428.0,151.77,32.95,38.0,2,16.6,630,True,-20.34,17.96,-5.26,-6.53,-4.8,9.05,24.02,160.1883,162.3658,159.4217,139.1706,122.3721,69284887,1255,2026-09-25,27.45,25564818.0
NASDAQ:ARDX,ARDX,"Ardelyx, Inc.",Healthcare,Biotechnology,United States,NASDAQ,844840504.0,3.42,32.96,32.25,2,16.6,631,False,-57.2,1.18,-40.01,-39.54,-36.62,-40.35,-32.84,5.7014,5.6565,5.3963,5.7338,5.092,15081834,1255,2026-09-25,34.03,247029387.0
NYSE:MRSH,MRSH,Marsh,Financial Services,Insurance Brokers,United States,NYSE,81660392180.0,171.12,32.97,38.3,2,16.6,632,True,-16.02,9.39,-2.88,-3.9,-12.8,-12.77,-9.04,176.1945,178.0678,196.233,196.1652,188.1274,478663649,1255,2026-09-25,29.66,477211268.0
NASDAQ:IGIC,IGIC,International General Insurance Holdings Ltd.,Financial Services,Insurance - Diversified,Jordan,NASDAQ,1049719813.0,24.61,32.98,37.48,2,16.7,633,False,-14.69,22.56,-1.82,0.99,7.02,27.82,51.59,25.0652,24.3688,22.9962,19.2538,16.2342,1945254,1255,2026-09-25,33.07,42654198.0
NYSE:VIK,VIK,Viking Holdings Ltd,Consumer Cyclical,Travel Services,Bermuda,NYSE,25566395800.0,80.3,33.02,35.63,2,16.7,634,True,-25.83,40.68,-4.08,1.52,26.74,,,83.7179,79.0947,63.3569,,,377061540,603,2026-09-25,30.41,318386000.0
NYSE:FUL,FUL,H. B. Fuller Company,Basic Materials,Specialty Chemicals,United States,NYSE,2692597795.0,50.06,33.04,35.98,2,16.7,635,True,-25.19,2.43,-15.52,-15.0,-16.81,-23.02,-23.34,59.2559,58.8956,60.1785,65.0312,65.3019,41867840,1255,2026-09-25,32.6,53787411.0
NASDAQ:RLMD,RLMD,"Relmada Therapeutics, Inc.",Healthcare,Biotechnology,United States,NASDAQ,402101535.0,3.83,33.04,34.61,2,16.7,636,False,-51.27,130.72,-30.02,-22.56,26.3,18.44,0.36,5.4728,4.9456,3.0324,3.2338,3.8163,5458789,1255,2026-09-25,32.22,104987346.0
NYSE:CVLG,CVLG,"Covenant Logistics Group, Inc.",Industrials,Trucking,United States,NYSE,664693013.0,32.47,33.05,36.52,2,16.8,637,False,-34.77,81.37,-1.43,7.05,18.64,25.42,34.66,32.9396,30.3322,27.3695,25.8897,24.1121,8080324,1255,2026-09-25,36.25,20470989.0
NASDAQ:WSBK,WSBK,"Winchester Bancorp, Inc.",Financial Services,Banks - Regional,United States,NASDAQ,114159866.0,12.74,33.07,37.41,2,16.8,638,True,-3.96,34.53,2.21,7.29,,,,12.4649,11.8747,,,,106143,352,2026-09-25,28.25,8960743.0
NASDAQ:EVRG,EVRG,"Evergy, Inc.",Utilities,Utilities - Regulated Electric,United States,NASDAQ,17989236471.0,78.04,33.08,36.88,2,16.8,639,True,-10.71,10.66,-2.24,-0.79,10.45,23.66,29.49,79.8267,78.6586,70.658,63.1068,60.2651,175007224,1255,2026-09-25,29.81,230513025.0
NYSE:CAG,CAG,"ConAgra Brands, Inc.",Consumer Defensive,Packaged Foods,United States,NYSE,6853059993.0,14.32,33.09,40.19,2,16.9,640,False,-25.83,15.13,-6.42,-8.2,-23.74,-31.33,-37.29,15.3031,15.5994,18.7785,20.8529,22.8345,167065332,1255,2026-09-25,38.48,478565642.0
NYSE:GKOS,GKOS,Glaukos Corporation,Healthcare,Medical Devices,United States,NYSE,9108889391.0,154.43,33.13,39.3,2,16.9,641,False,-18.53,106.82,15.49,24.05,29.01,38.18,57.53,133.718,124.4943,119.7027,111.7635,98.0321,132171796,1255,2026-09-25,33.49,58983937.0
NYSE:LMND,LMND,"Lemonade, Inc.",Financial Services,Insurance - Property & Casualty,United States,NYSE,3474289440.0,44.93,33.13,36.84,2,16.9,642,False,-53.47,1.28,-28.23,-28.27,-9.32,16.52,35.47,62.6071,62.6353,49.5461,38.5594,33.1648,51035928,1255,2026-09-25,33.88,77326718.0
NASDAQ:RRR,RRR,"Red Rock Resorts, Inc.",Consumer Cyclical,Resorts & Casinos,United States,NASDAQ,2967715582.0,50.76,33.14,34.77,2,16.9,643,False,-24.17,4.1,-13.71,-12.79,-4.31,-0.88,5.54,58.824,58.2061,53.0454,51.2084,48.0934,65080290,1255,2026-09-25,35.47,58465634.0
NYSE:VTR,VTR,"Ventas, Inc.",Real Estate,REIT - Healthcare Facilities,United States,NYSE,44416025226.0,86.59,33.15,39.08,2,17.0,644,False,-13.87,30.75,1.66,4.88,19.48,36.64,50.19,85.1733,82.5644,72.4742,63.3732,57.6538,343383701,1255,2026-09-25,34.1,512946359.0
NYSE:HG,HG,"Hamilton Insurance Group, Ltd.",Financial Services,Insurance - Reinsurance,Bermuda,NYSE,2214859335.0,33.29,33.17,39.85,2,17.0,645,False,-10.7,53.28,7.87,13.39,38.11,,,30.8614,29.3598,24.1032,,,14084635,720,2026-09-25,34.31,66532272.0
NASDAQ:SAIA,SAIA,"Saia, Inc.",Industrials,Trucking,United States,NASDAQ,8648455023.0,324.22,33.17,36.24,2,17.0,646,False,-33.44,29.44,-16.6,-12.11,-13.61,-19.13,-13.01,388.7683,368.874,375.2948,400.9119,372.6895,123822796,1255,2026-09-25,37.14,26674650.0
NASDAQ:AGMB,AGMB,AgomAb Therapeutics NV - ADRs representing one common share.,Healthcare,Biotechnology,Belgium,NASDAQ,517596217.0,10.51,33.19,38.54,2,17.0,647,False,-41.02,9.37,,,,,,,,,,,2274855,160,2026-09-25,33.55,49247975.0
NYSE:OMF,OMF,"OneMain Holdings, Inc.",Financial Services,Credit Services,United States,NYSE,6598778662.0,57.36,33.2,38.52,2,17.1,648,True,-15.19,20.61,-1.51,-0.26,8.98,19.94,32.78,58.2399,57.5081,52.6349,47.8233,43.1979,59906164,1255,2026-09-25,29.03,115041469.0
NASDAQ:TTD,TTD,"The Trade Desk, Inc.",Communication Services,Advertising Agencies,United States,NASDAQ,5380196623.0,12.6,33.2,36.17,2,17.1,649,False,-76.72,0.0,-45.78,-55.12,-78.03,-80.99,-80.73,23.2395,28.0748,57.356,66.2723,65.3698,361330605,1255,2026-09-25,33.41,426999732.0
NYSE:DBD,DBD,Diebold Nixdorf Incorporated,Technology,Software - Application,United States,NYSE,2129129999.0,62.72,33.21,35.09,2,17.1,650,True,-30.89,14.24,-16.8,-13.23,3.82,22.33,,75.3833,72.2848,60.4149,51.2696,,15220840,783,2026-09-25,31.85,33946588.0
NASDAQ:HTLD,HTLD,"Heartland Express, Inc.",Industrials,Trucking,United States,NASDAQ,875633565.0,11.3,33.25,36.46,2,17.1,651,False,-30.12,60.77,-6.62,0.41,7.4,1.71,-7.0,12.1005,11.2541,10.5211,11.1102,12.1504,9244206,1255,2026-09-25,33.88,77489696.0
NYSE:BGT,BGT,BlackRock Floating Rate Income Trust,Financial Services,Asset Management,United States,NYSE,312861313.0,10.49,33.26,39.62,2,17.2,652,True,-4.96,7.87,0.89,0.91,0.79,4.38,11.36,10.3976,10.3959,10.4075,10.0498,9.4198,1361404,1255,2026-09-25,28.77,29824720.0
NYSE:EIG,EIG,Employers Holdings Inc,Financial Services,Insurance - Specialty,United States,NYSE,849531934.0,47.3,33.26,40.02,2,17.2,653,False,-8.27,35.21,6.4,9.05,5.93,10.09,14.53,44.4555,43.3755,44.6529,42.9666,41.2984,8428558,1255,2026-09-25,35.18,17960506.0
NASDAQ:BMRN,BMRN,BioMarin Pharmaceutical Inc.,Healthcare,Biotechnology,United States,NASDAQ,11647320234.0,60.26,33.29,40.36,2,17.2,654,False,-14.21,21.32,2.96,4.71,0.1,-12.67,-20.18,58.5271,57.5508,60.2011,69.0046,75.4925,127004888,1255,2026-09-25,36.53,193284438.0
NYSE:SAH,SAH,"Sonic Automotive, Inc.",Consumer Cyclical,Auto & Truck Dealerships,United States,NYSE,1272073484.0,64.95,33.29,35.64,2,17.2,655,False,-42.04,13.3,-10.74,-8.97,-5.75,3.24,10.8,72.7625,71.3534,68.9131,62.913,58.6213,21883057,1255,2026-09-25,26.21,19585427.0
NASDAQ:AEP,AEP,"American Electric Power Company, Inc.",Utilities,Utilities - Regulated Electric,United States,NASDAQ,64429426609.0,118.35,33.3,36.25,2,17.3,656,True,-14.02,13.13,-5.69,-4.06,6.93,18.43,25.33,125.488,123.3618,110.6755,99.9358,94.429,483771897,1255,2026-09-25,28.79,544397352.0
NYSE:LDI,LDI,"loanDepot, Inc.",Financial Services,Mortgage Finance,United States,NYSE,155244326.0,0.67,33.31,35.4,2,17.3,657,True,-81.28,1.21,-55.88,-63.03,-63.46,-65.96,-65.48,1.5187,1.8123,1.8334,1.9682,1.9408,5724656,1255,2026-09-25,32.06,231707950.0
NYSE:RH,RH,RH,Consumer Cyclical,Specialty Retail,United States,NYSE,2350068862.0,124.17,33.31,36.24,2,17.3,658,True,-46.69,10.03,-22.82,-24.03,-43.81,-47.33,-50.17,160.8926,163.4369,220.9639,235.7673,249.1834,113776745,1255,2026-09-25,28.97,18926221.0
NASDAQ:BETR,BETR,Better Home & Finance Holding Company,Financial Services,Mortgage Finance,United States,NASDAQ,136751250.0,10.45,33.32,36.05,2,17.4,659,False,-87.86,0.0,-63.01,-69.79,-57.37,-56.76,-93.52,28.2472,34.5958,24.5161,24.1675,161.1719,6169783,1255,2026-09-25,34.76,13086244.0
NASDAQ:WOOF,WOOF,"Petco Health and Wellness Company, Inc.",Consumer Cyclical,Specialty Retail,United States,NASDAQ,562448051.0,2.27,33.38,37.41,2,17.4,660,False,-41.94,0.0,-17.38,-20.93,-29.38,-27.61,-51.58,2.7475,2.8707,3.2143,3.1357,4.6881,7508041,1255,2026-09-25,34.32,247774472.0
NYSE:GPOR,GPOR,Gulfport Energy Corporation,Energy,Oil & Gas E&P,United States,NYSE,2778465891.0,154.62,33.41,38.04,2,17.4,661,False,-30.5,2.95,-15.75,-16.88,-14.3,-7.66,4.6,183.5144,186.0257,180.4193,167.4376,147.818,46358918,1255,2026-09-25,40.79,17969641.0
NYSE:UWMC,UWMC,UWM Holdings Corporation,Financial Services,Mortgage Finance,United States,NYSE,413855134.0,1.22,33.41,35.32,2,17.4,662,False,-78.61,1.67,-60.57,-65.19,-70.88,-73.84,-72.34,3.0944,3.5044,4.1895,4.6627,4.4109,15634291,1255,2026-09-25,33.41,339225520.0
NASDAQ:ABOS,ABOS,"Acumen Pharmaceuticals, Inc.",Healthcare,Biotechnology,United States,NASDAQ,161789779.0,2.24,33.42,38.87,2,17.5,663,True,-33.53,57.75,-10.54,-6.03,12.44,-6.48,-30.99,2.504,2.3837,1.9921,2.3952,3.246,1060250,1255,2026-09-25,33.19,72227580.0
NYSE:LUMN,LUMN,"Lumen Technologies, Inc.",Communication Services,Telecom Services,United States,NYSE,5883076210.0,5.71,33.42,38.31,2,17.5,664,False,-51.73,0.71,-25.12,-26.11,-11.57,14.83,22.43,7.6256,7.7281,6.4573,4.9726,4.6637,87735132,1255,2026-09-25,35.77,1030311070.0
NASDAQ:TNYA,TNYA,"Tenaya Therapeutics, Inc.",Healthcare,Biotechnology,United States,NASDAQ,132369314.0,0.61,33.42,37.1,2,17.5,665,False,-70.95,10.91,-19.05,-33.28,-42.49,-67.3,-74.08,0.7536,0.9143,1.0606,1.8657,2.3534,1457741,1255,2026-09-25,35.02,216998876.0
NASDAQ:ERIE,ERIE,Erie Indemnity Company,Financial Services,Insurance Brokers,United States,NASDAQ,10293695694.0,222.86,33.44,38.97,2,17.6,666,True,-31.32,8.15,-10.39,-13.97,-31.0,-33.26,-27.56,248.7064,259.0501,322.9754,333.9249,307.6493,74927045,1255,2026-09-25,29.09,46189068.0
NASDAQ:TNDM,TNDM,"Tandem Diabetes Care, Inc.",Healthcare,Medical Devices,United States,NASDAQ,1077277279.0,15.72,33.44,37.63,2,17.6,667,True,-44.37,33.33,-19.64,-16.82,-27.93,-37.96,-44.58,19.5624,18.8993,21.8135,25.3404,28.3666,35818439,1255,2026-09-25,29.32,68529089.0
NASDAQ:UCFI,UCFI,CN Healthy Food Tech Group Corp.,Consumer Defensive,Packaged Foods,China,NASDAQ,287814756.0,5.51,33.44,37.27,2,17.6,668,False,-47.15,34.72,0.0,-0.92,-30.78,,,5.51,5.5613,7.9601,,,0,654,2026-09-25,33.44,52234983.0
NASDAQ:CART,CART,Maplebear Inc.,Consumer Cyclical,Internet Retail,United States,NASDAQ,10150937667.0,43.19,33.45,39.0,2,17.6,669,False,-16.59,31.16,1.32,2.87,0.11,10.7,,42.6254,41.9852,43.141,39.015,,188406848,758,2026-09-25,33.64,235029814.0
NYSE:WEC,WEC,"WEC Energy Group, Inc.",Utilities,Utilities - Regulated Electric,United States,NYSE,33057419905.0,101.45,33.46,36.23,2,17.6,670,True,-13.9,0.58,-7.61,-7.52,-2.32,7.29,11.36,109.8094,109.6955,103.8641,94.5597,91.0982,272413702,1255,2026-09-25,30.11,325849383.0
NASDAQ:BLMN,BLMN,"Bloomin' Brands, Inc.",Consumer Cyclical,Restaurants,United States,NASDAQ,674640582.0,7.88,33.47,38.58,2,17.7,671,False,-33.5,49.81,3.81,5.36,-9.77,-38.71,-47.32,7.5905,7.4792,8.7334,12.8569,14.9586,18665483,1255,2026-09-25,35.8,85614287.0
NYSE:UNP,UNP,Union Pacific Corporation,Industrials,Railroads,United States,NYSE,162651930597.0,273.79,33.5,38.34,2,17.7,672,False,-11.45,29.2,4.64,8.01,14.79,17.55,23.21,261.651,253.4797,238.5231,232.9218,222.2167,698765044,1255,2026-09-25,33.76,594075498.0
NASDAQ:MLKN,MLKN,"MillerKnoll, Inc.",Consumer Cyclical,"Furnishings, Fixtures & Appliances",United States,NASDAQ,1366552154.0,20.06,33.51,39.82,2,17.7,673,True,-17.43,50.49,6.7,10.81,6.48,-3.22,1.44,18.8008,18.1028,18.8399,20.7274,19.7758,16118051,1255,2026-09-25,31.05,68123238.0
NASDAQ:CLYM,CLYM,"Climb Bio, Inc.",Healthcare,Biotechnology,United States,NASDAQ,667686848.0,11.66,33.54,39.13,2,17.8,674,False,-34.64,610.98,21.99,46.1,129.32,135.06,159.98,9.5585,7.9811,5.0845,4.9603,4.485,26375264,1255,2026-09-25,34.55,57263023.0
NASDAQ:RCAT,RCAT,"Red Cat Holdings, Inc.",Industrials,Aerospace & Defense,United States,NASDAQ,1013600485.0,6.66,33.54,37.58,2,17.8,675,False,-61.64,8.47,-39.41,-38.34,-26.56,3.15,30.02,10.9922,10.8004,9.0692,6.4568,5.1225,64764057,1255,2026-09-25,34.78,152192265.0
NASDAQ:NVX,NVX,NOVONIX Limited - American Depository Shares,Industrials,Electrical Equipment & Parts,Australia,NASDAQ,668400707.0,2.68,33.58,34.76,2,17.8,676,True,-90.88,1.52,-61.84,-69.26,-77.04,-81.26,-86.99,7.0232,8.7178,11.6714,14.2974,20.5936,109634,1166,2026-09-25,31.96,249403249.0
NASDAQ:INMD,INMD,InMode Ltd.,Healthcare,Medical Devices,Israel,NASDAQ,819675809.0,14.26,33.59,38.52,2,17.8,677,False,-14.2,11.76,-0.97,-1.53,-7.29,-16.36,-34.31,14.4,14.4817,15.381,17.0503,21.7076,7897170,1255,2026-09-25,30.05,57480772.0
NYSE:CAVA,CAVA,"CAVA Group, Inc.",Consumer Cyclical,Restaurants,United States,NYSE,6007721492.0,51.58,33.6,35.86,2,17.9,678,False,-47.04,18.33,-28.64,-25.18,-39.63,-34.3,,72.2841,68.9343,85.4361,78.5137,,194418012,823,2026-09-25,37.09,116473856.0
NASDAQ:IKT,IKT,"Inhibikase Therapeutics, Inc.",Healthcare,Biotechnology,United States,NASDAQ,323487230.0,2.06,33.63,39.36,2,17.9,679,False,-18.25,46.1,6.77,11.19,2.76,10.72,-10.7,1.9293,1.8526,2.0046,1.8606,2.3067,1254737,1255,2026-09-25,35.43,157032636.0
AMEX:NINE,NINE,"Nine Energy Service, Inc.",Energy,Oil & Gas Equipment & Services,United States,AMEX,119969914.0,8.6,33.64,38.02,2,17.9,680,False,-33.9,7.5,,,,,,,,,,,479896,124,2026-09-25,33.86,13949990.0
NASDAQ:ARCI,ARCI,Archimedes Tech SPAC Partners III Co.,Financial Services,Shell Companies,United States,NASDAQ,356146200.0,10.1,33.65,46.51,2,17.9,681,False,-0.69,2.64,,,,,,,,,,,263494,135,2026-09-25,33.65,35262000.0
NYSE:SCM,SCM,Stellus Capital Investment Corporation,Financial Services,Asset Management,United States,NYSE,221446493.0,7.65,33.69,39.06,2,18.0,682,False,-37.71,11.42,-17.12,-20.06,-27.78,-26.22,-24.11,9.2307,9.5692,10.5927,10.3694,10.0804,1346904,1255,2026-09-25,34.82,28947254.0
NYSE:SNN,SNN,"Smith & Nephew SNATS, Inc.",Healthcare,Medical Devices,United Kingdom,NYSE,11309140600.0,26.91,33.69,36.73,2,18.0,683,True,-26.51,0.86,-14.45,-15.97,-10.45,-5.19,-2.85,31.4542,32.0254,30.0493,28.3826,27.6989,53073419,1255,2026-09-25,29.9,420257919.0
NYSE:DCH,DCH,Dauch Corporation,Consumer Cyclical,Auto Parts,United States,NYSE,1296022357.0,5.46,33.71,39.61,2,18.0,684,True,-39.33,7.27,-13.97,-13.4,-5.18,-12.61,-19.08,6.347,6.3048,5.7582,6.2481,6.7471,21410691,1255,2026-09-25,32.46,237366732.0
NASDAQ:AXON,AXON,"Axon Enterprise, Inc.",Industrials,Aerospace & Defense,United States,NASDAQ,34667759338.0,430.11,33.72,38.25,2,18.0,685,False,-43.36,24.33,-14.07,-18.82,-26.19,-10.84,5.26,500.5105,529.796,582.7477,482.423,408.6272,516645397,1255,2026-09-25,36.12,80602077.0
NASDAQ:BBSI,BBSI,"Barrett Business Services, Inc.",Industrials,Staffing & Employment Services,United States,NASDAQ,764787470.0,31.14,33.74,37.88,2,18.1,686,False,-29.91,16.99,-6.84,-9.91,-18.13,-11.43,-2.08,33.4247,34.5656,38.0369,35.1572,31.8018,6373228,1255,2026-09-25,35.99,24559649.0
NASDAQ:DTIL,DTIL,"Precision BioSciences, Inc.",Healthcare,Biotechnology,United States,NASDAQ,160489976.0,6.22,33.76,37.31,2,18.1,687,False,-32.97,74.23,-0.95,0.05,4.99,-18.82,-51.71,6.2799,6.2168,5.9246,7.6622,12.8815,1787447,1255,2026-09-25,35.1,25802247.0
NYSE:IDA,IDA,"IDACORP, Inc.",Utilities,Utilities - Regulated Electric,United States,NYSE,7506740341.0,129.78,33.76,35.66,2,18.1,688,True,-15.51,6.01,-6.23,-4.79,5.15,16.0,20.93,138.4088,136.3106,123.4179,111.8759,107.3207,74474486,1255,2026-09-25,23.54,57842043.0
NASDAQ:ACT,ACT,"Enact Holdings, Inc.",Financial Services,Insurance - Specialty,United States,NASDAQ,6557046993.0,46.97,33.8,41.77,2,18.2,689,False,-6.19,37.32,8.83,12.51,23.98,35.39,48.65,43.1583,41.7459,37.8848,34.6933,31.5984,20748704,1255,2026-09-25,35.89,139600745.0
NASDAQ:EVLV,EVLV,"Evolv Technologies Holdings, Inc.",Industrials,Security & Protection Services,United States,NASDAQ,861584054.0,4.79,33.8,37.41,2,18.2,690,False,-42.29,0.0,-19.53,-22.93,-12.19,-2.73,1.62,5.9529,6.2148,5.4551,4.9242,4.7139,10667753,1255,2026-09-25,37.61,179871410.0
AMEX:SEB,SEB,Seaboard Corporation,Industrials,Conglomerates,United States,AMEX,3801656693.0,3969.1799,33.8,36.96,2,18.2,691,True,-33.32,23.6,-17.74,-13.93,6.17,10.22,9.3,4825.2801,4611.4801,3738.4721,3600.9915,3631.5749,56043158,1255,2026-09-25,31.66,957794.0
NYSE:ORN,ORN,"Orion Group Holdings, Inc. Common",Industrials,Engineering & Construction,United States,NYSE,347449588.0,8.58,33.82,35.39,2,18.2,692,True,-49.94,4.89,-28.75,-25.27,-8.86,-0.26,19.79,12.0427,11.4807,9.4146,8.6022,7.1626,3969217,1255,2026-09-25,32.19,40495290.0
NASDAQ:TRUP,TRUP,"Trupanion, Inc.",Financial Services,Insurance - Property & Casualty,United States,NASDAQ,1010250132.0,23.16,33.83,38.32,2,18.2,693,True,-47.39,7.92,-16.86,-23.79,-39.54,-34.63,-37.44,27.8561,30.3907,38.3073,35.4272,37.0176,11719331,1255,2026-09-25,28.13,43620472.0
NASDAQ:BKNG,BKNG,Booking Holdings Inc.,Consumer Cyclical,Travel Services,United States,NASDAQ,127041319582.0,163.95,33.85,36.96,2,18.3,694,False,-25.82,6.9,-10.44,-12.33,-15.13,-6.22,5.7,183.0678,187.0176,193.1692,174.8269,155.1126,1481075207,1255,2026-09-25,23.97,774878436.0
NASDAQ:TPG,TPG,TPG Inc.,Financial Services,Asset Management,United States,NASDAQ,6829581457.0,44.39,33.85,40.0,2,18.3,695,True,-33.88,19.88,-6.34,-9.19,-13.93,-5.45,6.4,47.3932,48.8804,51.5733,46.9475,41.7209,125592691,1179,2026-09-25,29.15,153854054.0
NYSE:WRB,WRB,W.R. Berkley Corporation,Financial Services,Insurance - Property & Casualty,United States,NYSE,24794095560.0,66.82,33.85,39.07,2,18.3,696,False,-12.46,6.26,-2.25,-3.63,0.77,10.44,20.74,68.3563,69.3349,66.3082,60.5022,55.3438,259216755,1255,2026-09-25,36.01,371058000.0
NASDAQ:LFTO,LFTO,"Liftoff Mobile, Inc.",Communication Services,Advertising Agencies,United States,NASDAQ,2694064595.0,15.91,33.86,36.2,2,18.4,697,False,-44.08,0.0,,,,,,,,,,,16454790,79,2026-09-25,33.9,169331527.0
NYSE:LZB,LZB,La-Z-Boy Incorporated,Consumer Cyclical,"Furnishings, Fixtures & Appliances",United States,NYSE,1195534865.0,29.88,33.86,35.15,2,18.4,698,False,-28.55,4.63,-16.85,-15.42,-19.68,-17.25,-10.64,35.9348,35.3264,37.2006,36.11,33.4367,25570207,1255,2026-09-25,34.01,40011207.0
AMEX:PRK,PRK,Park National Corporation,Financial Services,Banks - Regional,United States,AMEX,3281896770.0,181.68,33.87,38.77,2,18.4,699,False,-14.06,25.5,4.59,7.32,10.3,20.2,29.53,173.7034,169.2874,164.7178,151.1481,140.266,21088213,1255,2026-09-25,29.47,18064161.0
NASDAQ:ENVX,ENVX,Enovix Corporation,Industrials,Electrical Equipment & Parts,United States,NASDAQ,626100373.0,2.87,33.89,36.0,2,18.4,700,False,-78.24,0.0,-50.69,-57.34,-65.15,-68.35,-71.81,5.8208,6.7281,8.235,9.0672,10.1819,18171532,1255,2026-09-25,36.2,218153440.0
NYSE:KGS,KGS,"Kodiak Gas Services, Inc.",Energy,Oil & Gas Equipment & Services,United States,NYSE,5339619740.0,52.91,33.9,37.96,2,18.5,701,True,-30.1,64.48,-7.09,1.34,22.32,47.19,,56.9506,52.2126,43.2541,35.9466,,111153534,814,2026-09-25,33.55,100918914.0
NASDAQ:LOCO,LOCO,"El Pollo Loco Holdings, Inc.",Consumer Cyclical,Restaurants,United States,NASDAQ,429115149.0,14.09,33.9,38.04,2,18.5,702,False,-18.08,55.52,3.7,9.54,17.29,24.51,27.96,13.5869,12.8628,12.0129,11.3168,11.0111,2961890,1255,2026-09-25,35.53,30455298.0
NYSE:PFGC,PFGC,Performance Food Group Company,Consumer Defensive,Food Distribution,United States,NYSE,14381575859.0,91.55,33.91,35.08,2,18.5,703,True,-21.52,12.98,-5.53,-5.83,-0.83,8.63,17.98,96.9099,97.2136,92.3172,84.2765,77.5978,141522621,1255,2026-09-25,28.57,157089851.0
NYSE:RPC,RPC,"Ridgepost Capital, Inc.",Financial Services,Asset Management,United States,NYSE,594144505.0,7.54,33.92,38.34,2,18.5,704,True,-31.69,10.15,-11.44,-14.66,-26.09,-22.53,-23.61,8.5139,8.8349,10.2018,9.7323,9.87,4858271,1237,2026-09-25,28.59,78799006.0
NASDAQ:SKYE,SKYE,"Skye Bioscience, Inc.",Healthcare,Biotechnology,United States,NASDAQ,58690016.0,1.67,33.92,32.59,2,18.5,705,False,-95.61,6.37,-70.37,-77.55,-89.91,-94.31,-94.84,5.636,7.4403,16.5572,29.3656,32.3401,164915,1255,2026-09-25,34.5,35143722.0
NASDAQ:ELDN,ELDN,"Eledon Pharmaceuticals, Inc.",Healthcare,Biotechnology,United States,NASDAQ,204547731.0,2.65,33.94,35.39,2,18.6,706,False,-39.22,90.65,-11.97,-9.63,-17.35,-5.85,-0.34,3.0104,2.9323,3.2064,2.8147,2.6591,2843573,1255,2026-09-25,34.97,77187823.0
NYSE:INGR,INGR,Ingredion Incorporated,Consumer Defensive,Packaged Foods,United States,NYSE,6099072380.0,96.72,33.95,38.29,2,18.6,707,True,-18.6,3.01,-9.21,-10.05,-18.3,-15.35,-10.81,106.5338,107.5215,118.3794,114.2587,108.4432,63164114,1255,2026-09-25,32.56,63059061.0
NYSE:ABG,ABG,Asbury Automotive Group Inc,Consumer Cyclical,Auto & Truck Dealerships,United States,NYSE,3323797433.0,185.15,33.96,37.16,2,18.6,708,True,-27.68,5.03,-12.8,-14.73,-19.72,-18.64,-16.28,212.3182,217.1236,230.6164,227.5701,221.1541,47286227,1255,2026-09-25,26.24,17951917.0
NYSE:WU,WU,Western Union Company (The),Financial Services,Credit Services,United States,NYSE,1927412103.0,6.18,33.97,36.58,2,18.7,709,True,-34.1,2.49,-22.2,-21.56,-23.57,-28.19,-29.01,7.9431,7.8782,8.0854,8.6059,8.7057,60235914,1255,2026-09-25,26.51,311878981.0
NASDAQ:DGICB,DGICB,"Donegal Group, Inc.",Financial Services,Insurance - Property & Casualty,United States,NASDAQ,101497305.0,18.2,33.98,37.97,2,18.7,710,True,-31.29,27.12,-4.95,-0.92,10.67,21.84,26.48,19.1479,18.3687,16.4456,14.9381,14.3901,32441,1255,2026-09-25,29.54,5576775.0
NASDAQ:APEI,APEI,"American Public Education, Inc.",Consumer Defensive,Education & Training Services,United States,NASDAQ,764373145.0,41.67,33.99,36.19,2,18.7,711,False,-31.53,35.87,-14.49,-9.43,19.0,51.83,83.53,48.7304,46.0084,35.0183,27.4459,22.705,11200343,1255,2026-09-25,37.95,18343488.0
NYSE:NSC,NSC,Norfolk Southern Corporation,Industrials,Railroads,United States,NYSE,70302420749.0,313.0,33.99,38.32,2,18.7,712,False,-11.33,13.95,1.27,2.97,13.95,22.12,28.12,309.0661,303.9635,274.6799,256.3109,244.3034,367610313,1255,2026-09-25,34.14,224608373.0
NYSE:COMP,COMP,"Compass, Inc.",Real Estate,Real Estate Services,United States,NYSE,6913347141.0,9.38,34.0,38.28,2,18.8,713,False,-30.93,40.42,-7.42,-4.38,9.92,36.34,57.44,10.1318,9.8095,8.5336,6.8797,5.958,150711943,1255,2026-09-25,32.4,737030612.0
NASDAQ:UPST,UPST,"Upstart Holdings, Inc.",Financial Services,Credit Services,United States,NASDAQ,2278892458.0,23.81,34.01,37.36,2,18.8,714,False,-58.48,0.0,-27.58,-33.22,-50.55,-43.02,-36.53,32.8772,35.6551,48.1482,41.7864,37.5138,114781437,1255,2026-09-25,37.26,95711569.0
NASDAQ:JJSF,JJSF,J & J Snack Foods Corp.,Consumer Defensive,Packaged Foods,United States,NASDAQ,1453577274.0,77.51,34.03,40.16,2,18.8,715,True,-18.89,13.12,-4.69,-6.1,-26.3,-34.96,-37.53,81.325,82.5431,105.1686,119.1716,124.0822,15926836,1255,2026-09-25,32.34,18753416.0
NASDAQ:ALLO,ALLO,"Allogene Therapeutics, Inc.",Healthcare,Biotechnology,United States,NASDAQ,569505026.0,1.65,34.05,38.57,2,18.9,716,False,-46.08,57.14,-17.14,-10.53,-8.19,-26.77,-50.68,1.9913,1.8442,1.7973,2.2531,3.3456,10029248,1255,2026-09-25,35.3,345154561.0
NASDAQ:GOGO,GOGO,Gogo Inc.,Communication Services,Telecom Services,United States,NASDAQ,311048603.0,2.3,34.05,36.48,2,18.9,717,True,-76.46,0.88,-42.54,-52.75,-67.99,-71.02,-76.07,4.0026,4.8681,7.1862,7.9369,9.6127,4798518,1255,2026-09-25,32.9,135238523.0
NASDAQ:HROW,HROW,"Harrow, Inc.",Healthcare,Drug Manufacturers - Specialty & Generic,United States,NASDAQ,1232687788.0,33.07,34.05,37.45,2,18.9,718,False,-39.65,13.92,-18.92,-18.8,-12.49,6.93,20.6,40.7891,40.7271,37.7909,30.9266,27.4206,18971088,1255,2026-09-25,34.15,37275107.0
NASDAQ:NERV,NERV,"Minerva Neurosciences, Inc",Healthcare,Biotechnology,United States,NASDAQ,158401611.0,3.4,34.06,37.94,2,18.9,719,False,-57.87,61.9,-32.96,-28.39,0.47,-9.25,-17.52,5.0718,4.7478,3.3842,3.7465,4.1221,661022,1255,2026-09-25,34.88,46588709.0
NYSE:BKU,BKU,"BankUnited, Inc.",Financial Services,Banks - Regional,United States,NYSE,3154147769.0,43.64,34.07,37.66,2,19.0,720,False,-13.12,25.99,-5.65,-2.52,8.99,22.48,31.8,46.2513,44.7682,40.0409,35.6309,33.112,44558316,1255,2026-09-25,30.51,72276530.0
NASDAQ:ORGO,ORGO,Organogenesis Holdings Inc. - Class A,Healthcare,Drug Manufacturers - Specialty & Generic,United States,NASDAQ,181431113.0,1.41,34.09,34.59,2,19.0,721,False,-78.44,3.68,-50.36,-56.22,-60.46,-57.89,-56.42,2.8406,3.221,3.5656,3.3484,3.2358,1023774,1255,2026-09-25,34.61,128674548.0
AMEX:UUUU,UUUU,Energy Fuels Inc Ordinary Shares (Canada),Energy,Uranium,United States,AMEX,2836582307.0,11.35,34.11,38.4,2,19.0,722,True,-59.05,5.68,-34.11,-34.43,-4.5,12.43,23.78,17.2264,17.3098,11.8847,10.0951,9.1691,86986924,1255,2026-09-25,33.74,249919146.0
NYSE:CF,CF,"CF Industries Holdings, Inc.",Basic Materials,Agricultural Inputs,United States,NYSE,17616668850.0,114.67,34.12,40.21,2,19.0,723,False,-17.66,52.91,3.53,9.27,21.79,31.05,35.06,110.7563,104.9449,94.1529,87.498,84.9013,359937235,1255,2026-09-25,37.73,153629274.0
NASDAQ:XRAY,XRAY,DENTSPLY SIRONA Inc.,Healthcare,Medical Instruments & Supplies,United States,NASDAQ,1883070820.0,9.4,34.17,36.84,2,19.1,724,False,-35.97,0.21,-19.41,-19.52,-33.6,-50.02,-57.94,11.6637,11.6801,14.1562,18.806,22.3478,46041021,1255,2026-09-25,35.44,200326683.0
NASDAQ:UTHR,UTHR,United Therapeutics Corporation,Healthcare,Drug Manufacturers - Specialty & Generic,United States,NASDAQ,23678417003.0,475.45,34.18,37.06,2,19.1,725,True,-20.33,14.47,-9.34,-6.68,12.52,28.84,41.5,524.4492,509.4621,422.5587,369.0289,336.0113,366632736,1255,2026-09-25,31.54,49802118.0
NASDAQ:CRTO,CRTO,Criteo S.A.,Communication Services,Advertising Agencies,France,NASDAQ,817980900.0,16.28,34.2,38.98,2,19.1,726,False,-30.07,2.65,-13.26,-15.28,-37.5,-43.19,-43.78,18.7688,19.2168,26.0469,28.6558,28.9577,3778156,1255,2026-09-25,36.94,50244527.0
NYSE:XPO,XPO,"XPO, Inc.",Industrials,Trucking,United States,NYSE,20275863144.0,173.17,34.2,36.54,2,19.1,727,False,-24.17,40.04,-9.72,-3.68,13.34,27.46,53.16,191.8241,179.7906,152.7875,135.8673,113.0663,204197077,1255,2026-09-25,37.03,117086465.0
NASDAQ:DGICA,DGICA,"Donegal Group, Inc.",Financial Services,Insurance - Property & Casualty,United States,NASDAQ,569343459.0,18.09,34.29,40.08,2,19.2,728,True,-10.93,11.94,0.24,-0.52,5.01,15.33,21.25,18.047,18.1852,17.2275,15.6851,14.9195,2134037,1255,2026-09-25,29.34,31472828.0
NYSE:PATH,PATH,"UiPath, Inc.",Technology,Software - Infrastructure,United States,NYSE,5649732318.0,12.46,34.3,40.12,2,19.2,729,False,-35.41,32.84,-2.7,-5.92,-3.12,-14.76,-15.21,12.8057,13.2441,12.8618,14.6174,14.6949,862712906,1255,2026-09-25,35.07,453429560.0
NASDAQ:PLTK,PLTK,Playtika Holding Corp.,Communication Services,Electronic Gaming & Multimedia,Israel,NASDAQ,810208431.0,2.13,34.3,35.88,2,19.2,730,False,-50.03,0.0,-35.64,-37.31,-51.37,-59.13,-65.09,3.3096,3.3978,4.3796,5.2118,6.1022,2725857,1255,2026-09-25,35.86,380379545.0
NASDAQ:TTAN,TTAN,"ServiceTitan, Inc.",Technology,Software - Application,United States,NASDAQ,4803429971.0,58.05,34.3,37.09,2,19.2,731,False,-47.38,7.0,-23.77,-27.51,,,,76.1528,80.0817,,,,263437031,447,2026-09-25,35.98,82746425.0
NASDAQ:CRVS,CRVS,"Corvus Pharmaceuticals, Inc.",Healthcare,Biotechnology,United States,NASDAQ,977130727.0,11.62,34.32,37.74,2,19.3,732,False,-54.47,78.77,-17.48,-9.16,29.01,72.75,115.0,14.0813,12.7912,9.0071,6.7264,5.4047,14954430,1255,2026-09-25,35.48,84090424.0
AMEX:CATX,CATX,"Perspective Therapeutics, Inc.",Healthcare,Medical Devices,United States,AMEX,287396416.0,2.52,34.33,37.71,2,19.3,733,True,-55.4,22.93,-30.14,-27.35,-37.59,-57.09,-54.45,3.6072,3.4686,4.038,5.8728,5.533,6261211,1255,2026-09-25,33.33,114046197.0
NASDAQ:LGO,LGO,Largo Inc.,Basic Materials,Other Industrial Metals & Mining,Canada,NASDAQ,53708536.0,0.53,34.33,37.82,2,19.3,734,False,-78.97,0.0,-48.11,-50.8,-61.7,-66.7,-78.3,1.0214,1.0772,1.3839,1.5915,2.4419,479658,1255,2026-09-25,49.93,101336861.0
NASDAQ:ALTO,ALTO,"Alto Ingredients, Inc.",Basic Materials,Specialty Chemicals,United States,NASDAQ,289019621.0,3.73,34.34,38.06,2,19.4,735,False,-37.73,269.31,-10.32,3.01,51.3,56.84,47.04,4.1593,3.6211,2.4652,2.3782,2.5368,4945104,1255,2026-09-25,34.67,77485153.0
NYSE:WTM,WTM,"White Mountains Insurance Group, Ltd.",Financial Services,Insurance - Property & Casualty,Bermuda,NYSE,5024222295.0,2028.62,34.34,38.53,2,19.4,736,False,-12.54,22.97,-4.69,-2.55,3.68,9.16,15.96,2128.4514,2081.7118,1956.5322,1858.3472,1749.3952,43803113,1255,2026-09-25,34.49,2476670.0
NYSE:SDHC,SDHC,Smith Douglas Homes Corp.,Real Estate,Real Estate - Development,United States,NYSE,85809802.0,10.28,34.38,35.01,2,19.4,737,False,-53.61,3.94,-30.2,-32.96,-47.72,,,14.7287,15.3351,19.6626,,,649901,679,2026-09-25,36.79,8347257.0
NYSE:SPH,SPH,"Suburban Propane Partners, L.P.",Utilities,Utilities - Regulated Gas,United States,NYSE,1108759872.0,16.62,34.38,37.63,2,19.4,738,True,-17.26,2.19,-9.84,-9.04,-6.56,-2.61,5.17,18.4336,18.2718,17.7866,17.0652,15.8027,3601013,1255,2026-09-25,29.05,66712387.0
NYSE:SUI,SUI,"Sun Communities, Inc.",Real Estate,REIT - Residential,United States,NYSE,13833884781.0,112.26,34.4,37.65,2,19.5,739,True,-16.66,1.02,-8.97,-8.86,-7.1,-4.73,-4.91,123.3236,123.1692,120.8381,117.8354,118.06,134368903,1255,2026-09-25,29.31,123230757.0
NASDAQ:CSWC,CSWC,Capital Southwest Corporation,Financial Services,Asset Management,United States,NASDAQ,1437314992.0,23.13,34.41,39.9,2,19.5,740,True,-8.58,32.89,3.67,7.04,14.59,18.34,29.72,22.3105,21.6086,20.1849,19.5459,17.8308,15841292,1255,2026-09-25,31.91,62140726.0
NASDAQ:OVID,OVID,Ovid Therapeutics Inc.,Healthcare,Biotechnology,United States,NASDAQ,447936245.0,2.4,34.42,40.36,2,19.5,741,False,-18.92,100.0,5.5,13.38,68.68,29.77,16.31,2.2749,2.1168,1.4228,1.8494,2.0635,4736965,1255,2026-09-25,38.38,186640102.0
NASDAQ:TIPT,TIPT,Tiptree Inc.,Financial Services,Asset Management,United States,NASDAQ,638660718.0,17.15,34.42,39.49,2,19.5,742,True,-13.84,9.79,-1.47,-2.26,-11.5,-7.42,-0.66,17.4059,17.5461,19.3782,18.5244,17.2646,3447445,1255,2026-09-25,28.38,37239692.0
NASDAQ:VERX,VERX,"Vertex, Inc.",Technology,Software - Application,United States,NASDAQ,905748867.0,11.37,34.45,40.04,2,19.6,743,False,-56.17,7.47,-19.4,-28.1,-59.55,-60.47,-56.39,14.107,15.8126,28.1091,28.7639,26.0694,17488392,1255,2026-09-25,37.34,79661290.0
NYSE:JBI,JBI,"Janus International Group, Inc.",Industrials,Building Products & Equipment,United States,NYSE,574212252.0,4.21,34.46,36.29,2,19.6,744,True,-58.77,2.18,-25.77,-32.23,-42.35,-53.72,-54.91,5.6713,6.2117,7.3024,9.0971,9.3368,11021613,1255,2026-09-25,30.29,136392459.0
NYSE:AMRZ,AMRZ,Amrize Ltd,Basic Materials,Building Materials,Switzerland,NYSE,21156169196.0,38.22,34.51,35.19,2,19.6,745,True,-41.25,2.66,-26.98,-25.98,,,,52.34,51.6342,,,,178011218,318,2026-09-25,27.85,553536609.0
NYSE:NRDY,NRDY,Nerdy Inc.,Technology,Software - Application,United States,NYSE,1101453420.0,8.67,34.51,35.09,2,19.6,746,False,-59.3,1.05,-34.78,-38.06,-51.97,-64.36,-71.47,13.2939,13.9984,18.0531,24.329,30.3869,175211,1255,2026-09-25,34.51,127041917.0
NYSE:PCOR,PCOR,"Procore Technologies, Inc.",Technology,Software - Application,United States,NYSE,7438887649.0,49.3,34.51,40.44,2,19.6,747,False,-38.07,28.72,-11.12,-16.78,-23.75,-24.53,-22.47,55.4693,59.2429,64.6583,65.3226,63.5852,134193388,1255,2026-09-25,34.93,150890216.0
NYSE:OSG,OSG,"Octave Specialty Group, Inc.",Financial Services,Insurance - Specialty,United States,NYSE,188606950.0,4.19,34.52,37.41,2,19.7,748,True,-58.43,6.35,-25.14,-32.81,-47.31,-58.18,-62.62,5.5973,6.2365,7.9516,10.0193,11.2095,2688148,1255,2026-09-25,32.41,45013592.0
NASDAQ:ADAG,ADAG,"Adagene Inc. - ADS, each representing 1.25",Healthcare,Biotechnology,China,NASDAQ,193592700.0,2.93,34.54,37.96,2,19.7,749,False,-38.7,108.54,-11.62,-2.84,16.55,17.47,32.08,3.3153,3.0156,2.5139,2.4943,2.2184,700710,1255,2026-09-25,35.66,66072594.0
NASDAQ:BULL,BULL,Webull Corporation,Technology,Software - Application,United States,NASDAQ,3220829955.0,7.19,34.54,40.35,2,19.7,750,False,-53.76,55.29,0.82,-8.99,-31.35,-32.51,-32.06,7.1315,7.9006,10.4728,10.6536,10.5836,127475151,1028,2026-09-25,35.17,447959660.0
NYSE:ALX,ALX,"Alexander's, Inc.",Real Estate,REIT - Retail,United States,NYSE,1262113505.0,247.12,34.56,38.5,2,19.8,751,True,-12.2,27.18,2.01,4.77,14.67,22.51,30.34,242.2521,235.8617,215.5097,201.7221,189.5916,10844999,1255,2026-09-25,30.66,5107290.0
NASDAQ:PGY,PGY,Pagaya Technologies Ltd.,Technology,Software - Infrastructure,United States,NASDAQ,1271058627.0,17.62,34.56,40.53,2,19.8,752,False,-49.34,65.6,3.07,-7.83,-1.8,6.12,6.9,17.0953,19.1161,17.943,16.6031,16.4829,49468088,1255,2026-09-25,38.88,72137266.0
NYSE:ACRE,ACRE,Ares Commercial Real Estate Corporation,Real Estate,REIT - Mortgage,United States,NYSE,232465863.0,4.19,34.58,38.51,2,19.9,753,True,-21.69,5.05,-10.26,-8.81,-7.18,-15.9,-22.27,4.6689,4.5948,4.5141,4.9823,5.3902,1689390,1255,2026-09-25,31.21,55481113.0
NASDAQ:BOOM,BOOM,DMC Global Inc.,Industrials,Conglomerates,United States,NASDAQ,121397009.0,5.91,34.58,39.29,2,19.9,754,True,-34.11,24.95,-11.62,-12.75,-20.81,-42.94,-53.77,6.6868,6.7738,7.4629,10.3584,12.7834,622587,1255,2026-09-25,31.2,20540949.0
NASDAQ:CARG,CARG,"CarGurus, Inc.",Consumer Cyclical,Auto & Truck Dealerships,United States,NASDAQ,2357198774.0,31.3,34.58,38.88,2,19.9,755,False,-19.81,16.1,-7.42,-8.34,-7.14,3.63,16.08,33.8102,34.1462,33.7071,30.2028,26.9642,38197069,1255,2026-09-25,32.17,75309865.0
NASDAQ:IMA,IMA,"ImageneBio, Inc.",Healthcare,Biotechnology,United States,NASDAQ,53685894.0,4.72,34.6,37.47,2,19.9,756,True,-46.3,3.74,-20.06,-24.99,-58.74,-69.2,-80.75,5.9046,6.2929,11.4394,15.3233,24.5164,88737,1255,2026-09-25,31.24,11374130.0
NASDAQ:XPEL,XPEL,"XPEL, Inc.",Consumer Cyclical,Auto Parts,United States,NASDAQ,1198351628.0,43.48,34.63,39.57,2,19.9,757,False,-20.87,35.16,-7.73,-4.02,5.16,-0.36,-14.19,47.1202,45.2997,41.3484,43.6374,50.668,8997033,1255,2026-09-25,35.44,27560985.0
NYSE:FTS,FTS,Fortis Inc.,Utilities,Utilities - Regulated Electric,Canada,NYSE,27029870705.0,53.09,34.64,37.59,2,20.0,758,True,-9.03,10.01,-2.99,-1.19,8.66,18.07,24.07,54.7266,53.7276,48.8601,44.9632,42.7917,40809442,1255,2026-09-25,34.51,509132995.0
NYSE:LAZ,LAZ,"Lazard, Inc.",Financial Services,Capital Markets,United States,NYSE,3578385004.0,36.72,34.65,37.83,2,20.0,759,True,-34.12,2.71,-18.7,-19.85,-20.69,-13.24,-5.82,45.1649,45.8136,46.2996,42.3245,38.9911,68280137,1255,2026-09-25,30.89,97450572.0
NASDAQ:LCID,LCID,"Lucid Group, Inc.",Consumer Cyclical,Auto Manufacturers,United States,NASDAQ,1588345209.0,4.07,34.65,37.39,2,20.0,760,False,-83.57,0.74,-48.23,-59.0,-76.74,-82.58,-89.63,7.8611,9.9265,17.4961,23.367,39.2335,48802794,1255,2026-09-25,35.97,390256808.0
NASDAQ:LENZ,LENZ,"LENZ Therapeutics, Inc.",Healthcare,Biotechnology,United States,NASDAQ,122752453.0,3.915,34.65,36.77,3,20.0,761,True,-92.02,5.24,-60.06,-73.35,-82.28,-79.93,-76.87,9.8011,14.6931,22.088,19.5052,16.9292,3498804,1255,2026-09-25,28.44,31354394.0
NYSE:LEVI,LEVI,Levi Strauss & Co,Consumer Cyclical,Apparel Manufacturing,United States,NYSE,1982003529.0,19.73,34.65,36.16,3,20.0,762,False,-22.72,11.55,-8.79,-8.44,0.89,5.73,12.93,21.6306,21.5481,19.5553,18.6609,17.4717,47087505,1255,2026-09-25,34.45,100456337.0
NYSE:QTWO,QTWO,"Q2 Holdings, Inc.",Technology,Software - Application,United States,NYSE,3499969030.0,56.13,34.67,41.05,3,20.1,763,False,-25.65,33.36,0.32,-3.73,-22.98,-14.47,-0.76,55.9519,58.3041,72.8806,65.6247,56.5573,36801826,1255,2026-09-25,35.57,62354695.0
NASDAQ:ESTA,ESTA,Establishment Labs Holdings Inc.,Healthcare,Medical Devices,United States,NASDAQ,1941522828.0,65.97,34.68,37.02,3,20.1,764,True,-31.03,69.41,-10.18,-5.21,21.21,31.96,23.04,73.4489,69.5942,54.4271,49.9922,53.6151,23172731,1255,2026-09-25,33.44,29430390.0
NYSE:STLA,STLA,Stellantis N.V.,Consumer Cyclical,Auto Manufacturers,Netherlands,NYSE,13344329759.0,4.6,34.68,36.68,3,20.1,765,True,-62.05,2.91,-38.0,-42.79,-51.44,-63.57,-64.1,7.4191,8.0402,9.4729,12.6279,12.8148,113918140,1255,2026-09-25,29.5,2900941252.0
NASDAQ:EXPO,EXPO,"Exponent, Inc.",Industrials,Engineering & Construction,United States,NASDAQ,3113476349.0,64.18,34.69,41.8,3,20.2,766,False,-18.44,20.74,-2.88,-3.55,-14.07,-18.17,-21.34,66.0804,66.5452,74.6898,78.4264,81.5865,33557171,1255,2026-09-25,35.64,48511629.0
NASDAQ:LAMR,LAMR,Lamar Advertising Company,Real Estate,REIT - Specialty,United States,NASDAQ,12534181204.0,143.98,34.72,38.44,3,20.2,767,True,-11.39,30.09,3.55,6.85,15.73,25.14,35.46,139.0494,134.7554,124.4136,115.0511,106.2863,70249858,1255,2026-09-25,33.33,87055016.0
NASDAQ:AVTX,AVTX,"Avalo Therapeutics, Inc.",Healthcare,Biotechnology,United States,NASDAQ,818409240.0,15.47,34.74,38.83,3,20.2,768,False,-32.36,43.24,-8.08,-7.04,26.13,22.04,-91.88,16.8293,16.6424,12.2649,12.676,190.5113,19530255,1255,2026-09-25,36.06,52902989.0
NASDAQ:RGNX,RGNX,REGENXBIO Inc.,Healthcare,Biotechnology,United States,NASDAQ,473749813.0,7.4,34.74,38.43,3,20.2,769,True,-53.69,30.97,-26.18,-28.78,-21.94,-36.35,-46.79,10.0238,10.391,9.48,11.6252,13.9065,11143487,1255,2026-09-25,32.36,64020245.0
NASDAQ:ARCB,ARCB,ArcBest Corporation,Industrials,Trucking,United States,NASDAQ,2797495467.0,125.16,34.76,39.18,3,20.3,770,False,-27.68,110.56,5.83,15.79,30.7,22.07,26.58,118.261,108.0954,95.7582,102.5321,98.8779,32687706,1255,2026-09-25,37.35,22351354.0
AMEX:ARMP,ARMP,"Armata Pharmaceuticals, Inc.",Healthcare,Biotechnology,United States,AMEX,137298429.0,3.74,34.77,38.33,3,20.3,771,True,-74.73,26.78,-49.23,-45.8,-16.97,-5.39,5.31,7.3662,6.9,4.5042,3.9533,3.5514,1895657,1255,2026-09-25,32.24,36710810.0
NASDAQ:CTMX,CTMX,"CytomX Therapeutics, Inc.",Healthcare,Biotechnology,United States,NASDAQ,587797881.0,2.7,34.77,37.61,3,20.3,772,False,-60.0,0.37,-33.97,-32.43,-0.04,15.63,23.43,4.0889,3.9957,2.701,2.335,2.1874,13780309,1255,2026-09-25,36.0,217702919.0
AMEX:LUD,LUD,Luda Technology Group Limited,Basic Materials,Steel,Hong Kong,AMEX,90760000.0,4.0,34.77,40.06,3,20.3,773,False,-68.77,25.0,-27.58,-36.13,,,,5.5233,6.2631,,,,16292,397,2026-09-25,34.77,22690000.0
NYSE:SAM,SAM,"Boston Beer Company, Inc. (The)",Consumer Defensive,Beverages - Brewers,United States,NYSE,1366733036.0,163.77,34.77,38.97,3,20.3,774,False,-37.02,1.67,-18.77,-19.4,-27.49,-35.9,-40.96,201.6243,203.1848,225.8643,255.4912,277.3943,45138074,1255,2026-09-25,37.69,8345442.0
NYSE:KNX,KNX,Knight-Swift Transportation Holdings Inc.,Industrials,Trucking,United States,NYSE,10362674520.0,63.67,34.78,38.83,3,20.4,775,False,-22.55,65.52,-1.24,5.69,18.55,20.96,21.01,64.4714,60.2434,53.7057,52.6366,52.6146,257289635,1255,2026-09-25,39.5,162756000.0
NASDAQ:TBLA,TBLA,Taboola.com Ltd.,Communication Services,Internet Content & Information,United States,NASDAQ,846630784.0,3.48,34.79,36.87,3,20.4,776,False,-37.63,17.97,-15.29,-13.13,-6.21,-7.74,-1.94,4.1081,4.0061,3.7104,3.772,3.5487,7119008,1255,2026-09-25,32.92,243284708.0
NYSE:BIPC,BIPC,Brookfield Infrastructure Corporation Brookfield Infrastructure Corporation,Utilities,Utilities - Regulated Gas,United States,NYSE,4299753753.0,34.96,34.8,37.07,3,20.5,777,True,-29.23,1.25,-15.16,-15.92,-11.76,-4.96,-5.37,41.2086,41.5777,39.6212,36.7854,36.945,46307871,1255,2026-09-25,30.41,122990668.0
NASDAQ:INVE,INVE,"INVE Technologies, Inc.",Industrials,Building Products & Equipment,United States,NASDAQ,58815219.0,2.45,34.8,37.19,3,20.5,778,True,-53.69,3.38,-27.44,-28.55,-29.42,-43.03,-53.59,3.3764,3.4291,3.4713,4.3006,5.2791,324564,1255,2026-09-25,24.56,24006212.0
NASDAQ:MIRM,MIRM,"Mirum Pharmaceuticals, Inc.",Healthcare,Biotechnology,United States,NASDAQ,5470016062.0,89.7,34.84,37.95,3,20.5,779,False,-30.23,39.94,-8.22,-2.84,27.24,56.6,83.34,97.7388,92.3245,70.4974,57.2799,48.9253,64473910,1255,2026-09-25,33.91,60981227.0
NYSE:SAR,SAR,Saratoga Investment Corp New,Financial Services,Asset Management,United States,NYSE,279074383.0,17.11,34.84,36.8,3,20.5,780,False,-23.99,0.68,-16.05,-15.65,-14.72,-9.64,-6.0,20.3815,20.2836,20.0628,18.9364,18.2017,2575224,1255,2026-09-25,38.2,16310601.0
NASDAQ:METC,METC,"Ramaco Resources, Inc.",Basic Materials,Coking Coal,United States,NASDAQ,485319819.0,9.02,34.85,38.81,3,20.6,781,False,-83.46,1.35,-38.59,-49.37,-41.63,-39.85,-32.52,14.6875,17.8154,15.4535,14.9956,13.3663,25647072,1255,2026-09-25,35.53,53804858.0
NASDAQ:ASND,ASND,Ascendis Pharma A/S,Healthcare,Biotechnology,Denmark,NASDAQ,14797742448.0,225.6,34.86,38.41,3,20.6,782,False,-18.61,18.9,-4.03,-1.43,17.46,32.43,46.95,235.0684,228.8624,192.0666,170.3536,153.5195,218547366,1255,2026-09-25,37.4,65592830.0
NYSE:GL,GL,Globe Life Inc.,Financial Services,Insurance - Life,United States,NYSE,12969780877.0,167.04,34.87,39.73,3,20.6,783,False,-10.2,28.92,6.85,10.12,23.08,34.06,38.35,156.3329,151.695,135.7119,124.6024,120.7406,71144995,1255,2026-09-25,35.39,77644761.0
NASDAQ:ASUR,ASUR,Asure Software Inc,Technology,Software - Application,United States,NASDAQ,227857898.0,7.89,34.88,40.3,3,20.6,784,False,-22.04,14.02,-8.98,-7.96,-13.51,-11.32,-16.12,8.6685,8.5728,9.1227,8.8972,9.4064,835783,1255,2026-09-25,35.27,28879328.0
NASDAQ:MOBI,MOBI,"Mobia Medical, Inc.",Healthcare,Medical Devices,United States,NASDAQ,301235994.0,9.06,34.89,38.21,3,20.7,785,True,-38.07,2.84,,,,,,,,,,,2892947,97,2026-09-25,31.56,33249006.0
NYSE:BKV,BKV,BKV Corporation,Energy,Oil & Gas E&P,United States,NYSE,2385721986.0,21.81,34.9,38.31,3,20.7,786,False,-32.18,7.76,-19.76,-17.95,,,,27.1814,26.5824,,,,61464795,501,2026-09-25,41.62,109386611.0
NASDAQ:NEXT,NEXT,NextDecade Corporation,Energy,Oil & Gas Equipment & Services,United States,NASDAQ,1746176440.0,6.56,34.9,40.12,3,20.7,787,False,-28.07,36.67,-3.86,-1.98,-10.19,-2.92,-0.03,6.8232,6.6925,7.3045,6.7571,6.5618,17678320,1255,2026-09-25,36.96,266185433.0
NYSE:BARK,BARK,"BARK, Inc.",Consumer Cyclical,Specialty Retail,United States,NYSE,73713009.0,8.16,34.91,39.23,3,20.8,788,True,-56.6,0.74,-29.36,-34.18,-59.48,-62.17,-65.41,11.5519,12.3978,20.1397,21.5708,23.5875,543370,1255,2026-09-25,33.91,9033457.0
NASDAQ:PLMR,PLMR,"Palomar Holdings, Inc.",Financial Services,Insurance - Property & Casualty,United States,NASDAQ,3286214965.0,123.99,34.91,40.95,3,20.8,789,False,-14.36,22.68,-1.23,-0.09,-0.16,15.66,30.49,125.5346,124.0956,124.1865,107.2048,95.0192,29771012,1255,2026-09-25,36.98,26503871.0
NYSE:KWY,KWY,Kingsway Corporation,Financial Services,Asset Management,United States,NYSE,258490468.0,9.03,34.92,39.43,3,20.8,790,False,-44.02,4.88,-18.27,-22.48,-17.76,-9.98,-5.51,11.0492,11.6488,10.9803,10.0315,9.5569,396295,1255,2026-09-25,36.85,28625744.0
NYSE:FPH,FPH,"Five Point Holdings, LLC",Real Estate,Real Estate - Development,United States,NYSE,340970456.0,4.75,34.94,38.06,3,20.8,791,True,-24.6,2.59,-8.62,-11.54,-8.65,6.39,19.34,5.1981,5.3698,5.2,4.4646,3.9802,769646,1255,2026-09-25,24.11,71783254.0
NASDAQ:ANAB,ANAB,"AnaptysBio, Inc.",Healthcare,Biotechnology,United States,NASDAQ,1510032531.0,51.0,34.96,39.92,3,20.9,792,False,-26.94,247.1,5.58,18.09,77.32,107.65,128.8,48.3045,43.1884,28.7621,24.5606,22.29,29295997,1255,2026-09-25,36.83,29608481.0
NYSE:MC,MC,Moelis & Company,Financial Services,Capital Markets,United States,NYSE,4351376318.0,58.74,34.97,38.65,3,20.9,793,True,-22.17,16.62,-9.48,-9.14,-8.45,-0.8,9.83,64.8946,64.6512,64.1629,59.2147,53.4815,49405968,1255,2026-09-25,29.86,74078589.0
NASDAQ:PESI,PESI,"Perma-Fix Environmental Services, Inc.",Industrials,Waste Management,United States,NASDAQ,331835589.0,15.65,34.98,42.28,3,20.9,794,True,-19.45,81.77,12.85,15.48,29.21,38.39,50.21,13.8677,13.5519,12.1124,11.3085,10.4188,5465022,1255,2026-09-25,34.08,21203552.0
NASDAQ:AVR,AVR,Anteris Technologies Global Corp.,Healthcare,Medical Instruments & Supplies,Australia,NASDAQ,748561541.0,7.69,34.99,39.49,3,20.9,795,False,-27.25,127.51,7.08,16.38,,,,7.1815,6.6077,,,,5897295,446,2026-09-25,33.93,97342203.0
NYSE:NBHC,NBHC,National Bank Holdings Corporation,Financial Services,Banks - Regional,United States,NYSE,1789080132.0,40.17,34.99,38.37,3,20.9,796,False,-14.01,16.49,-1.87,0.55,2.21,7.7,10.85,40.9365,39.9521,39.3027,37.299,36.2381,16366275,1255,2026-09-25,32.12,44537718.0
NASDAQ:KINS,KINS,"Kingstone Companies, Inc",Financial Services,Insurance - Property & Casualty,United States,NASDAQ,264348348.0,18.25,35.01,40.61,3,21.0,797,False,-11.98,30.75,6.99,10.27,17.25,54.97,98.11,17.0584,16.5504,15.5652,11.7767,9.2121,1905464,1255,2026-09-25,35.47,14484841.0
NASDAQ:HBNB,HBNB,Hotel101 Global Holdings Corp.,Real Estate,Real Estate Services,Singapore,NASDAQ,1104632862.0,4.72,35.02,37.95,3,21.0,798,False,-52.8,58.39,-28.05,-24.53,,,,6.5599,6.2542,,,,20962,331,2026-09-25,35.02,234032386.0
NYSE:KRC,KRC,Kilroy Realty Corporation,Real Estate,REIT - Office,United States,NYSE,3981256659.0,34.23,35.03,38.14,3,21.0,799,False,-17.43,26.5,-0.53,-3.56,-1.56,3.38,6.75,34.412,35.4919,34.7741,33.1095,32.0665,49537900,1255,2026-09-25,32.22,116308988.0
NASDAQ:AAPG,AAPG,Ascentage Pharma Group International - American Depository Shares,Healthcare,Biotechnology,China,NASDAQ,1386617681.0,14.856,35.04,37.95,3,21.1,800,False,-63.07,0.0,-31.68,-39.03,,,,21.7441,24.3652,,,,102836,420,2026-09-25,37.48,93337216.0
NASDAQ:TLSI,TLSI,"TriSalus Life Sciences, Inc.",Healthcare,Medical Devices,United States,NASDAQ,267233764.0,4.34,35.04,40.83,3,21.1,801,False,-42.13,72.22,-8.62,-9.79,-10.4,-22.12,-34.69,4.7492,4.811,4.8436,5.573,6.645,2140302,1255,2026-09-25,40.91,61574600.0
NASDAQ:BMEA,BMEA,"Biomea Fusion, Inc.",Healthcare,Biotechnology,United States,NASDAQ,95435261.0,1.32,35.07,40.55,3,21.1,802,False,-50.56,37.93,-6.95,-7.62,-50.99,-76.39,-84.54,1.4187,1.4289,2.6934,5.5908,8.5388,3906449,1255,2026-09-25,41.44,72299440.0
NYSE:SOC,SOC,Sable Offshore Corp.,Energy,Oil & Gas Drilling,United States,NYSE,743798219.0,3.88,35.07,38.12,3,21.1,803,False,-80.74,25.97,-59.05,-60.21,-77.11,-75.17,-72.78,9.4748,9.7508,16.9531,15.6268,14.2551,34115536,1255,2026-09-25,36.38,191700572.0
NYSE:EPR,EPR,EPR Properties,Real Estate,REIT - Specialty,United States,NYSE,4353685037.0,56.83,35.08,38.93,3,21.2,804,True,-10.75,23.28,2.37,4.46,13.01,24.2,34.24,55.5137,54.4044,50.2885,45.7574,42.3333,53278246,1255,2026-09-25,34.87,76608922.0
NASDAQ:FIZZ,FIZZ,National Beverage Corp.,Consumer Defensive,Beverages - Non-Alcoholic,United States,NASDAQ,2777471066.0,29.67,35.08,39.98,3,21.2,805,False,-13.0,5.88,-5.11,-5.33,-16.55,-20.6,-22.35,31.2676,31.3397,35.5562,37.3674,38.2118,13416301,1255,2026-09-25,36.29,93612102.0
NASDAQ:CACC,CACC,Credit Acceptance Corporation,Financial Services,Credit Services,United States,NASDAQ,5812452253.0,555.68,35.09,39.82,3,21.2,806,True,-15.45,35.19,5.18,7.88,10.97,11.04,12.88,528.3248,515.0975,500.7592,500.4238,492.293,72276362,1255,2026-09-25,29.17,10460071.0
NYSE:AGBK,AGBK,AGI Inc,Financial Services,Banks - Regional,Brazil,NYSE,345747188.0,5.89,35.1,38.39,3,21.3,807,True,-50.92,1.38,,,,,,,,,,,1055579,157,2026-09-25,31.33,58700711.0
NYSE:STE,STE,STERIS plc (Ireland),Healthcare,Medical Devices,United States,NYSE,20361833082.0,208.93,35.1,38.94,3,21.3,808,True,-21.56,5.1,-8.39,-9.99,-8.54,-6.9,-3.27,228.076,232.1079,228.4286,224.4233,215.9973,143354631,1255,2026-09-25,34.74,97457680.0
NASDAQ:FSLR,FSLR,"First Solar, Inc.",Technology,Solar,United States,NASDAQ,19098456025.0,177.71,35.11,37.64,3,21.3,809,True,-44.16,3.22,-21.5,-22.88,-12.39,-9.85,-7.55,226.3697,230.4443,202.8346,197.1245,192.2328,476546692,1255,2026-09-25,30.72,107469788.0
NASDAQ:TWFG,TWFG,"TWFG, Inc.",Financial Services,Insurance Brokers,United States,NASDAQ,313880255.0,24.15,35.11,40.23,3,21.3,810,True,-22.47,41.73,3.09,0.18,-12.04,,,23.4257,24.1069,27.4565,,,5011529,550,2026-09-25,33.52,12997112.0
NYSE:RCL,RCL,Royal Caribbean Cruises Ltd.,Consumer Cyclical,Travel Services,United States,NYSE,64910620787.0,242.7,35.12,35.85,3,21.4,811,False,-29.11,5.38,-14.56,-14.32,-8.68,10.6,33.24,284.0506,283.2605,265.7749,219.4383,182.1544,722286763,1255,2026-09-25,31.21,267452084.0
NASDAQ:FISV,FISV,"Fiserv, Inc.",,,,NASDAQ,24785645269.0,46.48,35.13,38.76,3,21.4,812,False,-64.41,1.15,-18.9,-28.23,-63.13,-64.83,-63.43,57.3138,64.7612,126.0603,132.1679,127.1088,364124757,1254,2026-09-25,32.13,533253986.0
NASDAQ:CHYM,CHYM,"Chime Financial, Inc.",Technology,Software - Application,United States,NASDAQ,9343189843.0,26.78,35.14,42.11,3,21.4,813,False,-22.49,62.9,14.08,17.91,,,,23.4741,22.7113,,,,254836994,324,2026-09-25,35.97,348886850.0
NASDAQ:OZK,OZK,Bank OZK,Financial Services,Banks - Regional,United States,NASDAQ,5118787879.0,46.89,35.14,38.13,3,21.4,814,False,-11.68,13.2,-2.25,-1.18,2.18,7.52,12.77,47.9682,47.4479,45.8882,43.6089,41.5787,53996487,1255,2026-09-25,31.94,109165875.0
NASDAQ:PODC,PODC,"PodcastOne, Inc.",Communication Services,Internet Content & Information,United States,NASDAQ,66434188.0,2.2,35.14,35.78,3,21.4,815,False,-55.82,34.15,-27.23,-22.03,-6.23,0.23,,3.0232,2.8216,2.3462,2.195,,167563,765,2026-09-25,36.56,30197358.0
NYSE:CRH,CRH,CRH PLC,Basic Materials,Building Materials,Ireland,NYSE,56575794815.0,85.04,35.16,36.75,3,21.5,816,True,-34.55,1.29,-21.75,-22.73,-17.43,-8.14,5.67,108.6825,110.06,102.9961,92.5771,80.4777,440976433,1255,2026-09-25,31.16,665284511.0
NYSE:EVH,EVH,"Evolent Health, Inc",Healthcare,Health Information Services,United States,NYSE,406056652.0,3.61,35.16,39.08,3,21.5,817,True,-59.66,66.36,-6.12,-16.94,-56.21,-75.54,-80.66,3.8452,4.3465,8.2446,14.7573,18.6677,9057017,1255,2026-09-25,31.0,112481067.0
NYSE:RM,RM,Regional Management Corp.,Financial Services,Credit Services,United States,NYSE,287858800.0,30.82,35.16,37.91,3,21.5,818,True,-28.52,1.59,-13.21,-14.14,-7.96,1.49,5.66,35.5102,35.8936,33.4854,30.3683,29.1689,2136646,1255,2026-09-25,30.37,9340000.0
NASDAQ:NDLS,NDLS,Noodles & Company,Consumer Cyclical,Restaurants,United States,NASDAQ,75239583.0,12.61,35.19,40.43,3,21.6,819,False,-32.28,223.33,22.12,34.67,48.32,10.71,-29.18,10.3255,9.3637,8.502,11.3898,17.8068,357300,1255,2026-09-25,37.45,5966660.0
NASDAQ:FSBC,FSBC,Five Star Bancorp,Financial Services,Banks - Regional,United States,NASDAQ,1056353536.0,43.83,35.2,39.19,3,21.6,820,False,-11.31,44.22,5.29,9.91,27.47,44.35,54.97,41.6275,39.8794,34.3853,30.3639,28.2828,9198492,1255,2026-09-25,29.68,24101153.0
NYSE:YOU,YOU,"Clear Secure, Inc.",Technology,Software - Application,United States,NYSE,3984253733.0,39.6,35.21,35.76,3,21.6,821,True,-36.1,36.09,-14.77,-9.22,11.21,31.43,39.72,46.4637,43.6222,35.6092,30.1305,28.3416,84937416,1255,2026-09-25,27.96,100612468.0
NYSE:FMC,FMC,FMC Corporation,Basic Materials,Agricultural Inputs,United States,NYSE,1199673118.0,9.58,35.24,39.25,3,21.6,822,False,-71.01,0.0,-27.58,-35.83,-67.21,-74.41,-81.88,13.2287,14.9282,29.2138,37.4364,52.8573,42259937,1255,2026-09-25,35.31,125226839.0
NYSE:HESM,HESM,Hess Midstream LP Class A Representing Limited Partner Interests,Energy,Oil & Gas Midstream,United States,NYSE,4909421198.0,38.25,35.25,41.21,3,21.7,823,False,-6.64,31.13,3.47,6.99,9.3,17.14,27.43,36.9685,35.751,34.9965,32.6546,30.0165,54418204,1255,2026-09-25,36.97,128350881.0
NASDAQ:FXNC,FXNC,First National Corporation,Financial Services,Banks - Regional,United States,NASDAQ,265672440.0,29.38,35.26,40.79,3,21.7,824,False,-8.74,38.28,4.95,9.34,22.53,36.98,48.24,27.9949,26.8707,23.9783,21.4479,19.8188,811088,1255,2026-09-25,37.34,9042629.0
NASDAQ:SLM,SLM,SLM Corporation,Financial Services,Credit Services,United States,NASDAQ,4448080000.0,23.66,35.26,39.48,3,21.7,825,True,-21.95,28.49,-1.47,-3.9,-9.9,0.32,11.41,24.0133,24.6213,26.2596,23.5849,21.2365,50755588,1255,2026-09-25,28.15,188000000.0
NYSE:EXP,EXP,Eagle Materials Inc,Basic Materials,Building Materials,United States,NYSE,5475238759.0,178.49,35.27,37.26,3,21.7,826,True,-25.83,3.39,-14.19,-15.31,-21.08,-20.47,-13.05,208.001,210.7466,226.1561,224.4432,205.2702,80320895,1255,2026-09-25,33.29,30675325.0
NASDAQ:EIKN,EIKN,"Eikon Therapeutics, Inc.",Healthcare,Biotechnology,United States,NASDAQ,428777934.0,7.92,35.28,39.29,3,21.8,827,False,-51.29,0.0,,,,,,,,,,,6099960,161,2026-09-25,37.62,54138628.0
NYSE:HAWK,HAWK,"HawkEye 360, Inc.",Industrials,Aerospace & Defense,United States,NYSE,1577155501.0,16.1,35.3,37.13,3,21.8,828,False,-53.55,1.71,,,,,,,,,,,25545575,98,2026-09-25,34.27,97959969.0
NYSE:BAK,BAK,Braskem SA ADR,Basic Materials,Chemicals,Brazil,NYSE,265696482.0,1.54,35.32,36.7,3,21.9,829,True,-69.32,4.05,-51.87,-50.22,-57.94,-69.03,-74.95,3.1999,3.0934,3.6611,4.9718,6.1472,3314112,1255,2026-09-25,34.15,172530183.0
NYSE:KNF,KNF,Knife Riv Holding Co.,Basic Materials,Building Materials,United States,NYSE,3097625406.0,54.58,35.32,35.03,3,21.9,830,False,-41.92,6.12,-29.19,-27.68,-34.86,-30.77,,77.0787,75.4684,83.7861,78.8373,,60915209,830,2026-09-25,30.68,56753855.0
NASDAQ:PMN,PMN,ProMIS Neurosciences Inc.,Healthcare,Biotechnology,Canada,NASDAQ,101065900.0,11.27,35.32,40.06,3,21.9,831,False,-54.54,66.72,-11.83,-8.1,-27.54,-54.49,-76.55,12.7825,12.2637,15.554,24.7635,48.0563,598018,1255,2026-09-25,36.82,8967693.0
NASDAQ:ARKO,ARKO,ARKO Corp.,Consumer Cyclical,Specialty Retail,United States,NASDAQ,480154886.0,4.28,35.33,34.76,3,22.0,832,False,-50.14,14.61,-29.0,-24.52,-22.01,-25.63,-31.75,6.0284,5.6703,5.4877,5.7547,6.2712,4341813,1255,2026-09-25,33.12,112185721.0
NYSE:OTIS,OTIS,Otis Worldwide Corporation,Industrials,Specialty Industrial Machinery,United States,NYSE,25101336214.0,65.94,35.33,38.13,3,22.0,833,False,-28.71,0.0,-15.32,-17.6,-24.04,-24.13,-21.7,77.8731,80.0223,86.8035,86.9083,84.215,316059223,1255,2026-09-25,37.53,380669339.0
NASDAQ:ROOT,ROOT,"Root, Inc.",Financial Services,Insurance - Property & Casualty,United States,NASDAQ,664550844.0,47.4,35.33,39.79,3,22.0,834,False,-48.8,9.7,-17.61,-24.09,-43.12,-29.53,-9.17,57.528,62.4431,83.3353,67.2628,52.1853,10576974,1255,2026-09-25,36.17,14020060.0
NASDAQ:RZLT,RZLT,"Rezolute, Inc. - Common Stock (NV)",Healthcare,Biotechnology,United States,NASDAQ,375540091.0,3.9,35.33,39.04,3,22.0,835,False,-64.35,178.57,4.61,-20.36,-20.31,-4.94,9.03,3.7281,4.897,4.8939,4.1028,3.5769,6034107,1255,2026-09-25,36.4,96292331.0
NASDAQ:STRT,STRT,STRATTEC SECURITY CORPORATION,Consumer Cyclical,Auto Parts,United States,NASDAQ,279645229.0,66.92,35.33,37.59,3,22.0,836,True,-26.39,9.06,-15.13,-12.85,6.66,32.89,54.72,78.8524,76.7898,62.7404,50.3571,43.2535,6133193,1255,2026-09-25,31.01,4178799.0
NASDAQ:CDXS,CDXS,"Codexis, Inc.",Healthcare,Biotechnology,United States,NASDAQ,141981060.0,1.32,35.35,37.19,3,22.0,837,False,-53.68,34.69,-29.12,-31.55,-49.23,-50.87,-57.01,1.8623,1.9284,2.5999,2.6869,3.0703,1262191,1255,2026-09-25,38.85,107561409.0
NYSE:AM,AM,Antero Midstream Corporation,Energy,Oil & Gas Midstream,United States,NYSE,9934926820.0,20.93,35.39,39.76,3,22.1,838,False,-9.45,26.11,0.13,3.6,16.52,31.38,47.85,20.9032,20.2024,17.9629,15.9308,14.156,53025260,1255,2026-09-25,39.37,474674000.0
NYSE:MTZ,MTZ,"MasTec, Inc.",Industrials,Engineering & Construction,United States,NYSE,17092908182.0,212.85,35.39,36.35,3,22.1,839,True,-51.35,11.98,-30.35,-25.34,-1.65,23.04,39.02,305.6028,285.1005,216.4239,172.9939,153.1032,346383362,1255,2026-09-25,34.77,80304948.0
NASDAQ:GEVO,GEVO,"Gevo, Inc.",Basic Materials,Specialty Chemicals,United States,NASDAQ,340775861.0,1.4,35.4,40.25,3,22.1,840,False,-49.64,0.0,-23.4,-26.49,-19.79,-3.61,-8.01,1.8276,1.9046,1.7454,1.4524,1.5219,4358894,1255,2026-09-25,35.4,243411329.0
NYSE:BRX,BRX,Brixmor Property Group Inc.,Real Estate,REIT - Retail,United States,NYSE,8613905910.0,28.07,35.41,36.05,3,22.2,841,False,-14.13,17.55,-3.19,-0.9,4.84,13.52,21.11,28.9938,28.325,26.7746,24.7272,23.1781,91286788,1255,2026-09-25,25.58,306872316.0
NYSE:OKE,OKE,"ONEOK, Inc.",Energy,Oil & Gas Midstream,United States,NYSE,55839811673.0,88.63,35.41,41.2,3,22.2,842,False,-9.11,43.06,4.33,9.02,7.34,14.34,24.17,84.9532,81.2951,82.5728,77.5129,71.3781,356101172,1255,2026-09-25,42.14,630032852.0
NASDAQ:VLY,VLY,Valley National Bancorp,Financial Services,Banks - Regional,United States,NASDAQ,7234143828.0,13.08,35.42,38.04,3,22.2,843,False,-13.2,39.24,-0.19,4.15,22.08,36.08,40.06,13.1054,12.559,10.7144,9.6119,9.339,89812936,1255,2026-09-25,31.45,553069100.0
NYSE:CFG,CFG,"Citizens Financial Group, Inc.",Financial Services,Banks - Regional,United States,NYSE,27698067060.0,65.53,35.43,38.93,3,22.2,844,False,-12.31,39.49,1.79,6.4,26.21,46.07,60.05,64.375,61.5905,51.9222,44.8607,40.9439,261884417,1255,2026-09-25,30.34,422677660.0
NASDAQ:DMRC,DMRC,Digimarc Corporation,Technology,Software - Application,United States,NASDAQ,110018012.0,4.91,35.44,37.29,3,22.3,845,False,-70.12,12.61,-31.29,-34.39,-66.11,-75.2,-76.24,7.1455,7.4837,14.4867,19.7946,20.6653,794985,1255,2026-09-25,35.92,22406927.0
AMEX:FNGD,FNGD,"MicroSectors FANG Index -3X Inverse Leveraged ETNs due January 8, 2038",,,,AMEX,15598231235.0,23.92,35.44,37.75,3,22.3,846,True,-72.11,1.1,-47.44,-48.06,-71.68,-88.78,-97.45,45.5059,46.0547,84.4704,213.1875,938.5946,8775650,1255,2026-09-25,35.11,652099968.0
NASDAQ:GAUZ,GAUZ,Gauzy Ltd.,Technology,Electronic Components,Israel,NASDAQ,99713489.0,5.32,35.44,39.29,3,22.3,847,False,-96.19,5.98,-59.47,-82.24,-94.71,,,13.1265,29.9595,100.5858,,,167723,578,2026-09-25,42.46,18743137.0
NASDAQ:LPLA,LPLA,LPL Financial Holdings Inc.,Financial Services,Capital Markets,United States,NASDAQ,25143412184.0,314.36,35.44,39.3,3,22.3,848,False,-19.84,18.34,-4.33,-5.39,-5.71,3.87,11.49,328.5941,332.2573,333.389,302.6557,281.9722,259531807,1255,2026-09-25,25.09,79982861.0
NASDAQ:ZION,ZION,Zions Bancorporation N.A.,Financial Services,Banks - Regional,United States,NASDAQ,9315286370.0,63.83,35.44,38.75,3,22.3,849,False,-12.35,40.16,1.97,5.73,15.46,28.72,38.69,62.5956,60.3697,55.2811,49.5901,46.0248,100826478,1255,2026-09-25,28.5,145939000.0
NASDAQ:CTW,CTW,CTW,Communication Services,Electronic Gaming & Multimedia,Japan,NASDAQ,105840000.0,2.1,35.45,39.05,3,22.4,850,False,-30.23,73.55,-5.0,-5.58,,,,2.2106,2.2241,,,,53688,287,2026-09-25,35.45,50400000.0
NASDAQ:ORKA,ORKA,"Oruka Therapeutics, Inc.",Healthcare,Biotechnology,United States,NASDAQ,5093960050.0,84.46,35.46,40.75,3,22.4,851,False,-25.31,461.2,34.92,53.3,138.3,189.76,234.3,62.5989,55.0949,35.4426,29.148,25.2645,85480642,1255,2026-09-25,36.57,60312101.0
NYSE:NVST,NVST,Envista Holdings Corporation,Healthcare,Medical Instruments & Supplies,United States,NYSE,3897333756.0,23.95,35.47,38.26,3,22.4,852,False,-20.85,26.39,-6.52,-2.14,9.46,11.08,-4.0,25.6209,24.4737,21.8797,21.5614,24.9478,72683480,1255,2026-09-25,36.23,162727923.0
NYSE:NBR,NBR,Nabors Industries Ltd.,Energy,Oil & Gas Drilling,Bermuda,NYSE,1203351279.0,81.33,35.48,40.9,3,22.5,853,False,-26.48,119.87,-0.19,9.45,33.61,18.5,-2.83,81.4841,74.3094,60.8729,68.633,83.6965,20423935,1255,2026-09-25,38.43,14795909.0
NASDAQ:PECO,PECO,"Phillips Edison & Company, Inc.",Real Estate,REIT - Retail,United States,NASDAQ,4801810750.0,37.39,35.48,36.21,3,22.5,854,False,-14.56,16.4,-2.61,0.1,4.41,8.59,13.47,38.3908,37.3514,35.8122,34.4328,32.9509,37818864,1255,2026-09-25,30.33,128425000.0
NYSE:WIT,WIT,Wipro Limited,Technology,Information Technology Services,India,NYSE,16322379798.0,1.65,35.48,37.64,3,22.5,855,True,-45.47,0.61,-24.18,-27.42,-37.85,-37.85,-35.51,2.1762,2.2734,2.6551,2.655,2.5583,16719060,1255,2026-09-25,33.77,9892351393.0
NASDAQ:GLIBK,GLIBK,Liberty Capital Corporation - Series C GCI Group,Communication Services,Telecom Services,United States,NASDAQ,844344038.0,23.55,35.51,41.27,3,22.5,856,False,-41.18,18.58,-22.62,-25.01,,,,30.4356,31.4052,,,,8119250,305,2026-09-25,37.26,35853250.0
NASDAQ:AREC,AREC,American Resources Corporation,Industrials,Waste Management,United States,NASDAQ,203245417.0,1.9,35.52,40.39,3,22.6,857,True,-71.67,22.89,-23.69,-29.54,2.47,16.12,16.21,2.4899,2.6968,1.8543,1.6362,1.635,3456443,1255,2026-09-25,34.15,106971272.0
NYSE:CTRE,CTRE,"CareTrust REIT, Inc.",Real Estate,REIT - Healthcare Facilities,United States,NYSE,8837747191.0,37.41,35.52,38.79,3,22.6,858,False,-13.8,17.11,-3.13,-0.94,13.78,28.02,43.45,38.618,37.7632,32.8779,29.223,26.0795,81240206,1255,2026-09-25,34.17,236240235.0
NASDAQ:DSGN,DSGN,"Design Therapeutics, Inc.",Healthcare,Biotechnology,United States,NASDAQ,756978525.0,12.12,35.53,39.64,3,22.6,859,False,-23.96,119.17,1.48,10.45,53.49,90.17,76.1,11.9434,10.9735,7.8964,6.3731,6.8825,10830849,1255,2026-09-25,36.33,62456974.0
NYSE:ABX,ABX,"Abacus Global Management, Inc.",Financial Services,Insurance - Life,United States,NYSE,795196422.0,8.29,35.54,38.38,3,22.6,860,False,-30.92,70.21,-9.52,-2.15,5.52,-1.64,-4.12,9.1621,8.472,7.8566,8.4279,8.6466,5303110,1255,2026-09-25,35.1,95922367.0
NYSE:CCK,CCK,"Crown Holdings, Inc.",Consumer Cyclical,Packaging & Containers,United States,NYSE,11752660819.0,108.06,35.55,39.45,3,22.7,861,True,-11.27,21.27,1.34,3.64,10.18,17.07,20.91,106.6278,104.2636,98.0721,92.3026,89.3695,110088474,1255,2026-09-25,25.03,108760511.0
NASDAQ:WRLD,WRLD,World Acceptance Corporation,Financial Services,Credit Services,United States,NASDAQ,801544432.0,171.99,35.56,40.13,3,22.7,862,False,-23.16,48.82,7.38,8.25,15.67,22.06,31.07,160.1677,158.8849,148.6866,140.9016,131.2179,12171503,1255,2026-09-25,33.54,4660413.0
NYSE:NKE,NKE,"Nike, Inc.",Consumer Cyclical,Footwear & Accessories,United States,NYSE,42975466498.0,35.75,35.57,37.54,3,22.7,863,False,-50.48,0.68,-26.45,-30.98,-40.8,-48.92,-54.25,48.6091,51.7979,60.3875,69.986,78.1409,1194931403,1255,2026-09-25,36.91,1202110951.0
NASDAQ:ARRY,ARRY,"Array Technologies, Inc.",Technology,Solar,United States,NASDAQ,619920303.0,4.03,35.58,36.25,3,22.7,864,False,-66.3,4.4,-47.05,-48.08,-43.85,-56.46,-66.56,7.6103,7.7624,7.1775,9.2551,12.0512,27257214,1255,2026-09-25,31.34,153826378.0
NASDAQ:CSX,CSX,CSX Corporation,Industrials,Railroads,United States,NASDAQ,86658776617.0,46.78,35.61,39.18,3,22.8,865,False,-11.88,40.68,6.71,11.34,26.57,31.56,37.5,43.8403,42.0136,36.9611,35.557,34.0226,520537940,1255,2026-09-25,36.6,1852474917.0
NYSE:LAR,LAR,Lithium Argentina AG,Basic Materials,Other Industrial Metals & Mining,Switzerland,NYSE,904363680.0,5.52,35.61,38.34,3,22.8,866,False,-53.18,65.27,-26.05,-19.42,15.59,16.3,-4.03,7.4642,6.8501,4.7753,4.7465,5.7519,11318360,1255,2026-09-25,38.08,163834000.0
NASDAQ:ADSE,ADSE,ADS-TEC ENERGY PLC,Industrials,Electrical Equipment & Parts,Ireland,NASDAQ,812152381.0,10.81,35.62,39.17,3,22.8,867,False,-16.07,8.53,-7.01,-5.81,-11.9,-5.08,10.97,11.6253,11.4771,12.2699,11.388,9.7416,183719,1255,2026-09-25,38.2,75129730.0
NYSE:BCX,BCX,BlackRock Resources Common Shares of Beneficial Interest,Financial Services,Asset Management,United States,NYSE,920193746.0,12.07,35.62,42.17,3,22.8,868,False,-9.09,32.87,2.53,6.89,23.26,34.23,40.81,11.7727,11.2924,9.792,8.992,8.5715,1945035,1255,2026-09-25,38.73,76238090.0
NASDAQ:NRDS,NRDS,"NerdWallet, Inc.",Communication Services,Internet Content & Information,United States,NASDAQ,289961614.0,8.5,35.63,39.29,3,22.9,869,False,-46.64,12.14,-17.9,-21.35,-23.95,-28.33,-28.13,10.3529,10.8074,11.1765,11.8596,11.827,6718133,1227,2026-09-25,27.46,34113131.0
NYSE:ALSN,ALSN,"Allison Transmission Holdings, Inc.",Consumer Cyclical,Auto Parts,United States,NYSE,9443090797.0,113.86,35.65,40.47,3,22.9,870,True,-15.88,45.16,-2.39,3.76,9.3,23.29,41.12,116.6513,109.7338,104.171,92.3489,80.6832,96388890,1255,2026-09-25,32.95,82935981.0
NASDAQ:ERAS,ERAS,"Erasca, Inc.",Healthcare,Biotechnology,United States,NASDAQ,4946565436.0,14.25,35.65,38.88,3,22.9,871,False,-36.58,687.29,3.98,24.99,114.77,175.24,189.65,13.7041,11.4013,6.6351,5.1773,4.9197,76297216,1255,2026-09-25,37.12,347127399.0
NASDAQ:PERI,PERI,Perion Network Ltd,Communication Services,Internet Content & Information,Israel,NASDAQ,337847440.0,8.59,35.65,38.96,3,22.9,872,False,-22.33,11.41,-8.33,-8.89,-7.49,-31.56,-49.94,9.3702,9.4281,9.2855,12.5507,17.1611,5777594,1255,2026-09-25,37.55,39330319.0
NASDAQ:PBLS,PBLS,"Parabilis Medicines, Inc.",Healthcare,Biotechnology,United States,NASDAQ,3804903336.0,31.2,35.67,40.22,3,23.0,873,False,-25.23,24.75,,,,,,,,,,,43918766,75,2026-09-25,37.98,121952030.0
NASDAQ:HCSG,HCSG,"Healthcare Services Group, Inc.",Healthcare,Medical Care Facilities,United States,NASDAQ,1444707852.0,21.05,35.68,39.7,3,23.0,874,True,-16.83,38.67,0.01,3.66,28.14,44.76,47.8,21.048,20.3074,16.4278,14.5418,14.2418,14663078,1255,2026-09-25,33.87,68632202.0
NYSE:BBUC,BBUC,Brookfield Business Corporation Class A Subordinate Voting Shares,Industrials,Conglomerates,Bermuda,NYSE,5257302563.0,25.46,35.69,36.65,3,23.1,875,True,-31.93,1.56,-21.13,-22.13,-14.98,-4.81,1.94,32.2818,32.694,29.9476,26.7479,24.9763,9862654,1144,2026-09-25,30.31,206492638.0
NASDAQ:EXPE,EXPE,"Expedia Group, Inc.",Consumer Cyclical,Travel Services,United States,NASDAQ,30246379525.0,264.17,35.69,40.36,3,23.1,876,False,-21.99,40.94,1.78,4.04,22.88,42.28,60.76,259.5422,253.9152,214.9758,185.6642,164.3308,664970515,1255,2026-09-25,33.9,114495891.0
NYSE:F,F,Ford Motor Company,Consumer Cyclical,Auto Manufacturers,United States,NYSE,49781811042.0,12.71,35.71,39.57,3,23.1,877,True,-26.33,16.59,-4.36,-2.65,11.6,15.83,18.12,13.2895,13.0559,11.3892,10.9727,10.7605,664169178,1255,2026-09-25,33.43,3916743591.0
AMEX:ELMD,ELMD,"Electromed, Inc.",Healthcare,Medical Devices,United States,AMEX,230848184.0,27.88,35.72,34.9,3,23.1,878,False,-39.8,20.43,-11.28,-7.5,2.21,22.64,41.15,31.4261,30.1412,27.2768,22.7334,19.7522,3019925,1255,2026-09-25,35.56,8280064.0
NYSE:REZI,REZI,"Resideo Technologies, Inc.",Industrials,Industrial Distribution,United States,NYSE,2766557770.0,18.27,35.76,38.4,3,23.1,879,False,-41.0,0.0,-22.69,-24.47,-9.53,2.16,10.8,23.6325,24.1903,20.1935,17.8838,16.4893,41272165,1255,2026-09-25,35.97,151426260.0
NASDAQ:OCGN,OCGN,"Ocugen, Inc.",Healthcare,Biotechnology,United States,NASDAQ,345292293.0,1.02,35.77,37.74,3,23.2,880,False,-58.87,2.62,-32.04,-31.5,-13.98,-9.99,-7.15,1.501,1.489,1.1858,1.1332,1.0986,9356899,1255,2026-09-25,33.0,338521856.0
NYSE:TPR,TPR,"Tapestry, Inc.",Consumer Cyclical,Luxury Goods,United States,NYSE,23008852030.0,113.88,35.78,36.49,3,23.2,881,False,-30.63,16.74,-17.43,-13.71,10.13,40.22,63.12,137.9161,131.9758,103.4017,81.2144,69.8122,382153607,1255,2026-09-25,31.36,202044714.0
NYSE:WLK,WLK,Westlake Corporation,Basic Materials,Specialty Chemicals,United States,NYSE,8675204538.0,67.71,35.79,37.68,3,23.2,882,True,-44.41,23.35,-22.6,-19.09,-25.83,-35.63,-35.72,87.4834,83.6904,91.2909,105.1929,105.3383,47180250,1255,2026-09-25,31.51,128122944.0
NYSE:DECK,DECK,Deckers Outdoor Corporation,Consumer Cyclical,Footwear & Accessories,United States,NYSE,10713426690.0,78.67,35.8,36.5,3,23.2,883,False,-34.95,1.5,-22.76,-21.18,-34.77,-37.23,-30.08,101.8565,99.8119,120.5986,125.3294,112.5112,270567720,1255,2026-09-25,35.81,136181857.0
NASDAQ:CGON,CGON,"CG Oncology, Inc.",Healthcare,Biotechnology,United States,NASDAQ,5922796062.0,67.15,35.81,40.77,3,23.3,884,False,-16.77,84.07,6.25,14.32,53.11,,,63.2026,58.7405,43.8586,,,65815690,670,2026-09-25,38.24,88202473.0
NASDAQ:ACIW,ACIW,"ACI Worldwide, Inc.",Technology,Software - Infrastructure,United States,NASDAQ,5033264331.0,49.51,35.82,40.61,3,23.3,885,False,-17.73,28.7,6.3,5.17,1.37,13.23,27.79,46.5776,47.0767,48.8409,43.7234,38.7442,39485880,1255,2026-09-25,36.35,101661570.0
NASDAQ:FTH,FTH,"Faeth Therapeutics, Inc.",Healthcare,Biotechnology,United States,NASDAQ,721805112.0,28.0,35.82,42.11,3,23.3,886,False,-30.09,254.88,19.1,35.31,89.88,84.33,52.27,23.5093,20.6938,14.7461,15.1903,18.3887,15735966,1255,2026-09-25,37.77,25778754.0
NYSE:KBR,KBR,"KBR, Inc.",Industrials,Engineering & Construction,United States,NYSE,4354380258.0,34.54,35.82,40.91,3,23.3,887,False,-26.43,15.95,-7.95,-10.54,-24.92,-31.04,-32.01,37.5218,38.6099,46.0055,50.0889,50.7997,47026398,1255,2026-09-25,37.37,126067755.0
NYSE:BRSL,BRSL,"Brightstar Lottery PLC Trading under the Legal Name to begin at the market open on July 21, 2025.",Consumer Cyclical,Gambling,United Kingdom,NYSE,1829531962.0,9.96,35.83,39.4,3,23.4,888,True,-41.54,2.26,-17.16,-21.74,-24.14,-31.45,-35.77,12.0237,12.7267,13.1289,14.5295,15.5068,23792361,1255,2026-09-25,30.12,183687948.0
NASDAQ:KTOS,KTOS,"Kratos Defense & Security Solutions, Inc.",Industrials,Aerospace & Defense,United States,NASDAQ,8554661670.0,45.62,35.85,39.53,3,23.4,889,False,-65.1,3.97,-34.63,-37.26,-17.64,5.27,28.08,69.7829,72.7086,55.3902,43.3382,35.6194,177904486,1255,2026-09-25,39.84,187519984.0
NYSE:ABCB,ABCB,Ameris Bancorp,Financial Services,Banks - Regional,United States,NYSE,5522201044.0,82.29,35.86,38.57,3,23.4,890,False,-11.68,19.45,-0.97,1.56,14.05,28.69,41.65,83.0941,81.0242,72.1535,63.9468,58.092,39298598,1255,2026-09-25,31.72,67106587.0
NASDAQ:IIIV,IIIV,"i3 Verticals, Inc.",Technology,Software - Infrastructure,United States,NASDAQ,290901515.0,14.88,35.87,36.31,3,23.5,891,False,-55.06,1.16,-29.66,-34.8,-38.8,-35.97,-36.32,21.1539,22.8206,24.3133,23.24,23.368,9905259,1255,2026-09-25,38.23,19549833.0
NASDAQ:ISTR,ISTR,Investar Holding Corporation,Financial Services,Banks - Regional,United States,NASDAQ,404641797.0,29.37,35.87,41.86,3,23.5,892,False,-5.56,38.16,2.7,6.7,24.01,42.64,52.12,28.5985,27.5253,23.684,20.5901,19.3077,2722395,1255,2026-09-25,36.24,13777385.0
NASDAQ:PRVA,PRVA,"Privia Health Group, Inc.",Healthcare,Health Information Services,United States,NASDAQ,2483703892.0,19.71,35.89,35.5,3,23.5,893,False,-29.86,3.19,-14.22,-15.32,-12.5,-9.34,-14.45,22.9783,23.2769,22.5253,21.7399,23.0398,25888279,1255,2026-09-25,29.25,126012374.0
NASDAQ:SBGI,SBGI,"Sinclair, Inc.",Communication Services,Broadcasting,United States,NASDAQ,620632891.0,12.78,35.89,40.32,3,23.5,894,True,-21.53,7.54,-8.56,-8.09,-7.05,-0.66,-0.49,13.977,13.9057,13.7496,12.8653,12.8434,6101397,1255,2026-09-25,35.04,48562824.0
NASDAQ:WINA,WINA,Winmark Corporation,Consumer Cyclical,Specialty Retail,United States,NASDAQ,1064539283.0,296.35,35.89,36.39,3,23.5,895,False,-40.84,3.84,-24.54,-25.8,-23.4,-21.15,-15.32,392.7421,399.41,386.8877,375.8263,349.9446,30204357,1255,2026-09-25,32.14,3592169.0
NYSE:HY,HY,"Hyster-Yale, Inc.",Industrials,Farm & Heavy Construction Machinery,United States,NYSE,448175418.0,30.97,35.9,40.56,3,23.6,896,True,-22.64,22.03,-8.71,-7.79,-20.58,-30.56,-26.87,33.9236,33.5858,38.9931,44.6016,42.351,3918110,1255,2026-09-25,34.81,14471276.0
NYSE:KGC,KGC,Kinross Gold Corporation,Basic Materials,Gold,Canada,NYSE,29715331764.0,25.05,35.9,40.71,3,23.6,897,True,-33.94,11.92,-15.08,-12.32,19.42,54.98,89.89,29.4967,28.5713,20.9766,16.1629,13.1916,224553492,1255,2026-09-25,32.34,1186240789.0
NYSE:BW,BW,"Babcock & Wilcox Enterprises, Inc.",Industrials,Specialty Industrial Machinery,United States,NYSE,933223859.0,6.27,35.91,37.34,3,23.6,898,True,-71.3,128.83,-46.09,-38.4,7.9,42.56,32.34,11.6301,10.178,5.8111,4.3982,4.7377,34313152,1255,2026-09-25,34.58,148839531.0
NYSE:ALIT,ALIT,"Alight, Inc.",Technology,Software - Application,United States,NYSE,290292708.0,11.02,35.92,39.12,3,23.7,899,False,-83.11,12.45,-44.0,-58.49,-84.48,-88.77,-90.42,19.6775,26.5451,71.0035,98.0961,115.0485,5540398,1255,2026-09-25,37.14,26342351.0
NYSE:VG,VG,"Venture Global, Inc.",Energy,Oil & Gas Midstream,United States,NYSE,6508810079.0,12.62,35.92,41.79,3,23.7,900,False,-27.72,114.32,6.56,11.52,,,,11.8428,11.3166,,,,214567753,420,2026-09-25,40.52,515753572.0
NYSE:KTB,KTB,"Kontoor Brands, Inc.",Consumer Cyclical,Apparel Manufacturing,United States,NYSE,3613154108.0,65.37,35.93,37.99,3,23.7,901,True,-25.32,16.27,-7.6,-8.86,-8.74,-1.95,9.69,70.7479,71.7224,71.6319,66.6711,59.5928,54980772,1255,2026-09-25,32.72,55272359.0
NYSE:XPER,XPER,Xperi Inc.,Technology,Software - Application,United States,NYSE,268389295.0,5.56,35.94,35.69,3,23.7,902,True,-35.65,8.81,-15.05,-14.61,-23.88,-31.04,-37.87,6.5451,6.511,7.3039,8.0622,8.9487,2414146,1008,2026-09-25,30.07,48271456.0
NASDAQ:ESEA,ESEA,Euroseas Ltd.,Industrials,Marine Shipping,Greece,NASDAQ,491760056.0,69.7,35.95,41.32,3,23.8,903,False,-11.25,37.37,6.66,10.02,41.1,68.99,103.2,65.3455,63.35,49.3974,41.2441,34.3019,2974924,1255,2026-09-25,39.19,7055381.0
NASDAQ:NCMI,NCMI,"National CineMedia, Inc.",Communication Services,Advertising Agencies,United States,NASDAQ,211943453.0,2.26,35.95,36.53,3,23.8,904,False,-50.11,4.15,-33.12,-36.05,-50.83,-50.66,-47.31,3.3793,3.5338,4.5962,4.5809,4.2896,2348572,1255,2026-09-25,31.7,93780289.0
NYSE:ENHA,ENHA,Enhanced Group Inc.,Consumer Defensive,Packaged Foods,United States,NYSE,185266349.0,1.44,35.96,33.98,3,23.8,905,False,-85.15,2.86,,,,,,,,,,,1301253,97,2026-09-25,37.26,128657187.0
NYSE:DIN,DIN,"Dine Brands Global, Inc.",Consumer Cyclical,Restaurants,United States,NYSE,357341380.0,28.17,35.98,37.73,3,23.9,906,False,-25.99,19.61,-11.01,-7.99,2.02,-8.19,-23.53,31.6543,30.6163,27.6117,30.6813,36.8383,11441108,1255,2026-09-25,40.01,12685175.0
NASDAQ:GBFH,GBFH,GBank Financial Holdings Inc.,Financial Services,Banks - Regional,United States,NASDAQ,276673130.0,19.12,35.99,35.18,3,23.9,907,False,-54.49,2.36,-33.02,-36.91,-42.15,,,28.5467,30.3054,33.0507,,,1440706,557,2026-09-25,32.42,14470352.0
NYSE:LOMA,LOMA,Loma Negra Compania Industrial Argentina Sociedad Anonima ADS,Basic Materials,Building Materials,Argentina,NYSE,1091113490.0,9.35,36.0,38.91,3,23.9,908,True,-28.73,31.14,-16.06,-13.98,-13.75,-1.46,8.59,11.139,10.8694,10.841,9.4886,8.61,3413831,1255,2026-09-25,35.27,116696630.0
NYSE:UHT,UHT,Universal Health Realty Income Trust,Real Estate,REIT - Healthcare Facilities,United States,NYSE,537182784.0,38.65,36.0,39.57,3,23.9,909,False,-14.03,18.01,-3.08,-0.89,3.73,7.89,6.88,39.8788,38.9961,37.2599,35.8251,36.1632,4103024,1255,2026-09-25,36.23,13898649.0
NYSE:COUR,COUR,"Coursera, Inc.",Consumer Defensive,Education & Training Services,United States,NYSE,1446111092.0,5.05,36.01,40.27,3,24.0,910,False,-58.16,0.2,-16.01,-24.38,-34.01,-47.56,-51.94,6.0126,6.6785,7.6531,9.6308,10.5082,29403129,1255,2026-09-25,36.24,286358632.0
NASDAQ:ZG,ZG,"Zillow Group, Inc.",Communication Services,Internet Content & Information,United States,NASDAQ,1241155266.0,29.3,36.02,39.29,3,24.0,911,True,-62.41,1.35,-33.25,-40.81,-51.65,-47.81,-44.28,43.8979,49.5017,60.6011,56.1461,52.5858,29361533,1255,2026-09-25,34.0,42360248.0
NASDAQ:SYRE,SYRE,"Spyre Therapeutics, Inc.",Healthcare,Biotechnology,United States,NASDAQ,7441426970.0,85.69,36.03,40.79,3,24.0,912,False,-21.33,448.94,29.32,49.37,119.79,148.19,197.17,66.2603,57.3657,38.988,34.526,28.8356,115475769,1255,2026-09-25,38.18,86841253.0
NYSE:CWK,CWK,Cushman & Wakefield Ltd.,Real Estate,Real Estate Services,United States,NYSE,2849094141.0,12.16,36.04,39.86,3,24.0,913,False,-29.3,3.05,-12.65,-15.07,-9.26,-1.42,2.0,13.9216,14.3171,13.4014,12.3355,11.9219,23693477,1255,2026-09-25,37.35,234300505.0
NASDAQ:NEXN,NEXN,Nexxen International Ltd.,Communication Services,Advertising Agencies,Israel,NASDAQ,484770777.0,8.7,36.05,39.36,3,24.1,914,False,-20.55,52.63,9.76,10.03,0.21,15.0,18.78,7.9261,7.9069,8.6821,7.565,7.3247,4087799,1255,2026-09-25,38.9,55720779.0
NASDAQ:BOKF,BOKF,BOK Financial Corporation,Financial Services,Banks - Regional,United States,NASDAQ,8006344146.0,131.77,36.06,39.05,3,24.1,915,False,-9.4,29.53,0.44,4.27,15.54,27.18,33.26,131.1941,126.3772,114.0434,103.6079,98.8808,36694202,1255,2026-09-25,31.01,60759992.0
NYSE:NC,NC,"NACCO Industries, Inc.",Energy,Thermal Coal,United States,NYSE,225221019.0,37.67,36.08,35.86,3,24.1,916,False,-35.25,3.66,-21.5,-20.08,-5.97,2.62,3.63,47.9862,47.1367,40.0637,36.707,36.3488,843723,1255,2026-09-25,36.31,5978790.0
NASDAQ:THRM,THRM,Gentherm Inc,Consumer Cyclical,Auto Parts,United States,NASDAQ,1081130374.0,35.21,36.08,40.01,3,24.1,917,True,-22.8,29.4,1.18,0.73,1.11,-12.24,-22.66,34.7994,34.9544,34.823,40.1208,45.5277,13704556,1255,2026-09-25,27.07,30705208.0
NYSE:MLM,MLM,"Martin Marietta Materials, Inc.",Basic Materials,Building Materials,United States,NYSE,29089885828.0,484.3,36.09,38.09,3,24.2,918,True,-31.31,0.87,-18.11,-18.8,-15.11,-12.45,-4.62,591.4245,596.4075,570.5146,553.1398,507.7427,441867582,1255,2026-09-25,33.16,60065839.0
NASDAQ:QS,QS,QuantumScape Corporation,Consumer Cyclical,Auto Parts,United States,NASDAQ,2839641711.0,4.91,36.1,38.66,3,24.2,919,False,-73.37,0.51,-34.66,-45.1,-34.14,-30.24,-31.94,7.5144,8.944,7.4557,7.0381,7.2142,59312964,1255,2026-09-25,36.79,578338434.0
NASDAQ:DWSN,DWSN,Dawson Geophysical Company,Energy,Oil & Gas Equipment & Services,United States,NASDAQ,89742708.0,2.89,36.11,39.52,3,24.2,920,False,-61.82,85.26,-15.18,-6.92,26.73,41.03,49.66,3.4072,3.1049,2.2805,2.0492,1.9311,237524,1255,2026-09-25,40.28,31052840.0
NYSE:JEF,JEF,Jefferies Financial Group Inc.,Financial Services,Capital Markets,United States,NYSE,9256833600.0,47.68,36.11,38.42,3,24.2,921,True,-26.4,34.38,-8.96,-9.87,-15.4,-7.1,3.34,52.3728,52.9027,56.3602,51.324,46.1374,106942268,1255,2026-09-25,26.83,194145000.0
NYSE:KMPR,KMPR,Kemper Corporation,Financial Services,Insurance - Property & Casualty,United States,NYSE,1490695554.0,25.32,36.11,40.62,3,24.2,922,True,-49.13,11.88,-17.31,-23.41,-45.27,-47.1,-46.65,30.62,33.0612,46.2628,47.8659,47.4558,24459862,1255,2026-09-25,34.86,58874232.0
NASDAQ:AVXL,AVXL,Anavex Life Sciences Corp.,Healthcare,Biotechnology,United States,NASDAQ,220558784.0,2.38,36.12,39.72,3,24.3,923,True,-76.1,1.71,-30.0,-42.59,-63.44,-61.68,-66.01,3.4001,4.1456,6.5093,6.2113,7.0024,1766020,1255,2026-09-25,33.68,92671758.0
NASDAQ:MELI,MELI,"MercadoLibre, Inc.",Consumer Cyclical,Internet Retail,Uruguay,NASDAQ,88852388145.0,1752.61,36.12,41.3,3,24.3,924,False,-29.93,13.3,-5.01,-8.25,-13.93,-7.45,3.01,1845.1147,1910.1152,2036.2193,1893.7631,1701.4445,1110404414,1255,2026-09-25,36.26,50697182.0
NASDAQ:UNTY,UNTY,"Unity Bancorp, Inc.",Financial Services,Banks - Regional,United States,NASDAQ,562792557.0,56.05,36.12,40.76,3,24.3,925,True,-9.07,25.57,2.12,4.89,14.9,34.9,50.94,54.8846,53.4394,48.7814,41.5504,37.1339,3470013,1255,2026-09-25,30.48,10040902.0
NYSE:ABT,ABT,Abbott Laboratories,Healthcare,Medical Devices,United States,NYSE,176428254369.0,101.29,36.14,42.1,3,24.4,926,True,-23.0,23.56,-2.34,-6.5,-12.13,-8.57,-5.86,103.7181,108.3354,115.2753,110.7901,107.596,921853731,1255,2026-09-25,35.16,1741813154.0
NYSE:MTDR,MTDR,Matador Resources Company,Energy,Oil & Gas E&P,United States,NYSE,6401387602.0,51.55,36.18,41.51,3,24.4,927,False,-20.09,43.06,-1.27,3.31,4.69,0.21,-0.12,52.2146,49.8995,49.2406,51.4394,51.6108,102709254,1255,2026-09-25,39.4,124178227.0
NYSE:JBTM,JBTM,JBT Marel Corporation,Industrials,Specialty Industrial Machinery,United States,NYSE,5732145423.0,110.09,36.19,37.85,3,24.4,928,False,-34.54,0.08,-19.3,-19.33,-14.54,-6.83,-3.7,136.4232,136.4736,128.8213,118.1637,114.3256,60965388,1255,2026-09-25,37.24,52067812.0
NYSE:BOBS,BOBS,"Bob's Discount Furniture, Inc.",Consumer Cyclical,Specialty Retail,United States,NYSE,1796127932.0,13.75,36.2,39.59,3,24.5,929,False,-38.97,39.59,,,,,,,,,,,13037479,161,2026-09-25,35.68,130627486.0
NASDAQ:JKHY,JKHY,"Jack Henry & Associates, Inc.",Technology,Information Technology Services,United States,NASDAQ,10500594776.0,147.79,36.2,41.62,3,24.5,930,True,-22.36,20.18,-6.18,-6.13,-9.91,-8.84,-8.58,157.5243,157.4474,164.0462,162.1129,161.6535,165910329,1255,2026-09-25,36.12,71050780.0
NASDAQ:MCHX,MCHX,"Marchex, Inc.",Communication Services,Advertising Agencies,United States,NASDAQ,51930852.0,1.31,36.2,37.44,3,24.5,931,True,-33.84,6.5,-19.35,-20.33,-25.12,-20.88,-23.07,1.6243,1.6442,1.7494,1.6557,1.7028,82425,1255,2026-09-25,36.2,39641872.0
NYSE:TNL,TNL,Travel Leisure Co.,Consumer Cyclical,Travel Services,United States,NYSE,3901217531.0,63.66,36.2,37.94,3,24.5,932,True,-18.1,13.36,-9.19,-6.75,8.21,22.91,34.69,70.1037,68.2686,58.8307,51.7928,47.2657,46060172,1255,2026-09-25,30.74,61282085.0
NYSE:KNTK,KNTK,Kinetik Holdings Inc.,Energy,Oil & Gas Midstream,United States,NYSE,3769175524.0,51.21,36.21,43.6,3,24.6,933,False,-7.06,70.41,12.66,18.43,16.55,28.38,41.33,45.4557,43.2401,43.9387,39.8883,36.2339,65919568,1255,2026-09-25,43.65,73602334.0
NASDAQ:CLBT,CLBT,Cellebrite DI Ltd.,Technology,Software - Infrastructure,Israel,NASDAQ,2691455625.0,10.79,36.22,38.79,3,24.6,934,False,-44.84,3.35,-24.38,-28.08,-35.36,-26.71,-13.45,14.2694,15.0033,16.6932,14.7222,12.4665,30327396,1255,2026-09-25,42.23,249439817.0
NASDAQ:ANTX,ANTX,"AN2 Therapeutics, Inc.",Healthcare,Biotechnology,United States,NASDAQ,175758866.0,4.88,36.24,41.4,3,24.6,935,False,-22.29,373.79,32.91,54.52,124.15,16.24,-16.33,3.6715,3.1581,2.1772,4.1984,5.8327,1247006,1130,2026-09-25,36.45,36016161.0
NASDAQ:ATLX,ATLX,Atlas Lithium Corporation,Basic Materials,Other Industrial Metals & Mining,Brazil,NASDAQ,79625395.0,2.7,36.25,39.04,3,24.7,936,True,-63.76,5.47,-35.74,-38.91,-46.71,-71.28,-75.91,4.2016,4.4197,5.0668,9.4009,11.21,689649,1255,2026-09-25,34.09,29490887.0
NYSE:EXR,EXR,Extra Space Storage Inc,Real Estate,REIT - Industrial,United States,NYSE,28172795559.0,133.35,36.25,38.24,3,24.7,937,True,-11.73,10.23,-3.82,-2.87,-4.3,-2.11,-0.94,138.6519,137.2937,139.3358,136.2183,134.6197,207060139,1255,2026-09-25,32.2,211269558.0
NASDAQ:SABS,SABS,"SAB Biotherapeutics, Inc.",Healthcare,Biotechnology,United States,NASDAQ,251566869.0,3.29,36.25,39.65,3,24.7,938,False,-28.32,68.72,-13.23,-9.46,9.14,-11.58,-30.59,3.7916,3.6339,3.0144,3.7208,4.7397,1797862,1255,2026-09-25,38.65,76464094.0
NASDAQ:PHAT,PHAT,"Phathom Pharmaceuticals, Inc.",Healthcare,Biotechnology,United States,NASDAQ,590576818.0,7.3,36.26,37.85,3,24.7,939,False,-59.62,4.51,-36.99,-39.08,-29.78,-29.34,-30.6,11.5864,11.9831,10.3961,10.3318,10.5191,10505088,1255,2026-09-25,32.6,80900934.0
NYSE:PSA,PSA,Public Storage,Real Estate,REIT - Industrial,United States,NYSE,53777173052.0,287.97,36.26,38.25,3,24.7,940,True,-11.97,14.77,-1.97,-0.56,0.05,3.64,6.22,293.7486,289.6048,287.8118,277.8517,271.1072,266658283,1255,2026-09-25,31.05,186745748.0
NASDAQ:MAMA,MAMA,"Mama's Creations, Inc.",Consumer Defensive,Packaged Foods,United States,NASDAQ,620738835.0,13.35,36.27,37.76,3,24.8,941,False,-35.35,33.1,-13.88,-8.07,19.47,43.56,77.26,15.5013,14.5217,11.1741,9.2993,7.5313,12737237,1255,2026-09-25,36.4,46497291.0
NASDAQ:NB,NB,NioCorp Developments Ltd.,Basic Materials,Other Industrial Metals & Mining,United States,NASDAQ,515378150.0,3.54,36.27,38.72,3,24.8,942,False,-69.67,1.14,-32.39,-37.27,-13.09,-2.02,,5.2359,5.6437,4.0734,3.6129,,9090321,883,2026-09-25,36.27,145587048.0
NASDAQ:NAMM,NAMM,Namib Minerals,Basic Materials,Gold,Cayman Islands,NASDAQ,62382642.0,1.145,36.29,39.07,3,24.8,943,False,-82.11,24.46,-40.88,-42.37,,,,1.9366,1.9869,,,,550467,328,2026-09-25,37.53,54482657.0
NYSE:BH.A,BH-A,Biglari Holdings Inc.,Consumer Cyclical,Restaurants,United States,NYSE,364113883.0,1724.22,36.31,40.04,3,24.9,944,True,-29.99,29.27,-5.61,-3.5,15.87,34.42,47.52,1826.6199,1786.7694,1488.0401,1282.6646,1168.7944,53009935,1255,2026-09-25,35.84,211176.0
NYSE:LXU,LXU,"LSB Industries, Inc.",Basic Materials,Chemicals,United States,NYSE,712055315.0,9.89,36.31,40.25,3,24.9,945,False,-41.41,27.45,-14.89,-10.43,4.74,8.42,0.75,11.6201,11.0415,9.4422,9.1222,9.8167,8852009,1255,2026-09-25,38.51,71997504.0
NASDAQ:LMRI,LMRI,"Lumexa Imaging Holdings, Inc.",Healthcare,Medical Devices,United States,NASDAQ,980984304.0,10.21,36.33,40.78,3,24.9,946,True,-44.9,50.81,,,,,,,,,,,4262052,198,2026-09-25,30.09,96080735.0
NYSE:CBL,CBL,"CBL & Associates Properties, Inc.",Real Estate,REIT - Retail,United States,NYSE,1606342388.0,51.91,36.34,41.71,3,24.9,947,False,-12.55,95.0,16.79,25.48,56.22,81.35,98.33,44.4465,41.3688,33.2285,28.6245,26.1742,14583804,1229,2026-09-25,38.27,30944758.0
NASDAQ:OMH,OMH,Ohmyhome Limited,Real Estate,Real Estate Services,Singapore,NASDAQ,64843367.0,2.35,36.35,37.31,3,25.0,948,False,-97.5,8.8,-94.04,-94.53,-95.32,-95.5,,39.4282,42.9256,50.1727,52.1719,,268220,882,2026-09-25,36.86,27592922.0
NYSE:ARES,ARES,Ares Management Corporation,Financial Services,Asset Management,United States,NYSE,27089687646.0,122.01,36.39,40.82,3,25.0,949,True,-28.73,30.82,-5.04,-7.61,-16.74,-10.99,0.43,128.4822,132.0622,146.5436,137.0812,121.4931,278632193,1255,2026-09-25,32.13,222028421.0
NYSE:ETX,ETX,Eaton Vance Municipal Income 2028 Term Trust Common Shares of Beneficial Interest,Financial Services,Asset Management,United States,NYSE,191007984.0,17.53,36.41,37.41,3,25.0,950,False,-6.86,0.57,-4.01,-4.13,-0.54,2.96,5.83,18.2631,18.2844,17.6243,17.026,16.5642,437346,1255,2026-09-25,39.68,10896063.0
NYSE:KD,KD,"Kyndryl Holdings, Inc.",Technology,Information Technology Services,United States,NYSE,2557999613.0,11.6,36.41,40.98,3,25.0,951,False,-62.13,9.54,-24.09,-34.76,-55.2,-52.5,-46.18,15.282,17.7803,25.895,24.4236,21.5548,46136859,1236,2026-09-25,37.69,220517208.0
NASDAQ:TTEK,TTEK,"Tetra Tech, Inc.",Industrials,Engineering & Construction,United States,NASDAQ,8682452040.0,33.91,36.41,43.78,3,25.0,952,True,-19.91,29.79,2.96,2.67,-3.08,-4.85,-0.24,32.9345,33.0285,34.9877,35.6392,33.9909,75095607,1255,2026-09-25,33.35,256044000.0
NASDAQ:JCAP,JCAP,"Jefferson Capital, Inc.",Financial Services,Credit Services,United States,NASDAQ,1199000131.0,19.46,36.42,41.7,3,25.1,953,False,-18.03,26.75,-1.88,-0.46,,,,19.8339,19.5506,,,,5037680,315,2026-09-25,37.07,61613573.0
NASDAQ:GBLI,GBLI,"Global Indemnity Group, LLC",Financial Services,Insurance - Property & Casualty,United States,NASDAQ,268657393.0,24.84,36.43,40.32,3,25.1,954,False,-17.13,1.99,-7.9,-8.08,-13.24,-12.69,-9.42,26.9696,27.0236,28.6318,28.4515,27.4236,229923,1255,2026-09-25,37.18,10815515.0
NYSE:NNI,NNI,"Nelnet, Inc.",Financial Services,Credit Services,United States,NYSE,3147959050.0,124.34,36.46,40.08,3,25.1,955,False,-13.34,2.28,-5.06,-4.59,2.25,10.94,16.87,130.9644,130.3169,121.6017,112.0795,106.3894,19030478,1255,2026-09-25,39.29,25317348.0
NYSE:OBDC,OBDC,Blue Owl Capital Corporation,Financial Services,Asset Management,United States,NYSE,5330871171.0,10.81,36.47,41.63,3,25.2,956,True,-11.91,6.47,-2.23,-3.11,-8.3,-7.3,-0.97,11.056,11.1573,11.7883,11.6613,10.9158,33439358,1255,2026-09-25,35.98,493142569.0
NYSE:PSN,PSN,Parsons Corporation,Technology,Information Technology Services,United States,NYSE,4600108320.0,43.07,36.47,39.63,3,25.2,957,True,-51.76,6.82,-23.64,-30.48,-39.39,-40.28,-34.51,56.402,61.9491,71.0661,72.1181,65.7635,54350610,1255,2026-09-25,33.12,106805394.0
NASDAQ:QDEL,QDEL,QuidelOrtho Corporation,Healthcare,Medical Devices,United States,NASDAQ,746009420.0,10.94,36.48,38.32,3,25.2,958,False,-69.08,9.84,-40.66,-45.64,-60.26,-69.47,-77.23,18.4349,20.1233,27.5302,35.8351,48.0539,16291838,1255,2026-09-25,33.66,68190989.0
NASDAQ:FRPH,FRPH,"FRP Holdings, Inc.",Real Estate,Real Estate Services,United States,NASDAQ,404684505.0,21.11,36.51,39.08,3,25.3,959,False,-17.41,1.88,-7.67,-8.52,-18.14,-21.78,-22.77,22.8637,23.0771,25.7891,26.9882,27.3351,2388356,1255,2026-09-25,35.82,19170275.0
NYSE:GMRS,GMRS,GMR Solutions Inc.,Healthcare,Medical Care Facilities,United States,NYSE,597369524.0,11.06,36.51,39.71,3,25.3,960,True,-29.73,4.54,,,,,,,,,,,13210406,94,2026-09-25,32.79,54011711.0
NASDAQ:RMR,RMR,The RMR Group Inc.,Real Estate,Real Estate Services,United States,NASDAQ,298210350.0,18.53,36.51,39.9,3,25.3,961,False,-11.36,42.0,5.96,10.59,13.62,7.25,4.8,17.4878,16.7556,16.3093,17.2777,17.6819,1757092,1255,2026-09-25,40.38,16093381.0
NYSE:SARO,SARO,"StandardAero, Inc.",Industrials,Aerospace & Defense,United States,NYSE,7560412643.0,22.74,36.51,37.44,3,25.3,962,True,-31.34,2.52,-17.62,-17.17,,,,27.6033,27.4523,,,,89406043,497,2026-09-25,29.25,332471972.0
NYSE:HAL,HAL,Halliburton Company,Energy,Oil & Gas Equipment & Services,United States,NYSE,27367629799.0,32.76,36.53,41.18,3,25.4,963,False,-23.1,53.18,-6.58,-0.84,15.2,8.33,6.23,35.0677,33.0382,28.4376,30.2405,30.8376,381528629,1255,2026-09-25,36.53,835397735.0
NASDAQ:EWTX,EWTX,"Edgewise Therapeutics, Inc.",Healthcare,Biotechnology,United States,NASDAQ,4232708856.0,39.34,36.55,42.1,3,25.4,964,False,-18.63,167.62,14.41,26.38,48.5,74.73,106.74,34.3841,31.128,26.4921,22.5142,19.0284,64443391,1255,2026-09-25,41.49,107593006.0
AMEX:BUDA,BUDA,"Buda Juice, Inc.",Consumer Defensive,Beverages - Non-Alcoholic,United States,AMEX,89851662.0,7.15,36.56,40.16,3,25.4,965,False,-34.16,0.0,,,,,,,,,,,40965,180,2026-09-25,41.13,12566666.0
NYSE:TRN,TRN,"Trinity Industries, Inc.",Industrials,Railroads,United States,NYSE,2223575354.0,27.91,36.56,37.36,3,25.4,966,True,-26.69,15.37,-10.84,-7.72,-5.95,-0.85,4.64,31.303,30.2452,29.677,28.1495,26.6733,17363011,1255,2026-09-25,35.3,79669486.0
NASDAQ:ENLT,ENLT,Enlight Renewable Energy Ltd.,Utilities,Utilities - Renewable,Israel,NASDAQ,9712430012.0,69.47,36.57,39.42,3,25.5,967,True,-35.33,146.0,-7.4,3.95,61.49,103.26,,75.0191,66.8315,43.0175,34.1782,,14311258,936,2026-09-25,35.02,139807543.0
NASDAQ:HLMN,HLMN,Hillman Solutions Corp.,Industrials,Tools & Accessories,United States,NASDAQ,1383277722.0,7.05,36.57,38.97,3,25.5,968,True,-34.36,1.0,-15.75,-17.1,-20.67,-20.87,-19.68,8.3681,8.5046,8.887,8.909,8.7776,14164118,1255,2026-09-25,35.11,196209606.0
NYSE:CSTM,CSTM,Constellium SE Ordinary Shares (France),Basic Materials,Aluminum,France,NYSE,3373285150.0,24.89,36.58,38.73,3,25.5,969,True,-31.15,72.73,-8.67,-0.06,34.17,33.89,41.53,27.2518,24.9041,18.5517,18.5901,17.5869,38253957,1255,2026-09-25,33.69,135527728.0
NYSE:APD,APD,"Air Products and Chemicals, Inc.",Basic Materials,Specialty Chemicals,United States,NYSE,62743874933.0,281.76,36.62,40.13,3,25.5,970,False,-10.32,24.53,-0.36,1.89,0.14,4.5,5.22,282.7695,276.532,281.3724,269.6161,267.7818,343733348,1255,2026-09-25,39.05,222685530.0
NASDAQ:ADBE,ADBE,Adobe Inc.,Technology,Software - Application,United States,NASDAQ,93599325000.0,235.47,36.63,41.69,3,25.6,971,False,-34.66,21.75,-10.36,-15.35,-32.59,-43.2,-42.47,262.6839,278.1627,349.3197,414.5615,409.3232,1440660085,1255,2026-09-25,38.33,397500000.0
NASDAQ:TRDA,TRDA,"Entrada Therapeutics, Inc.",Healthcare,Biotechnology,United States,NASDAQ,239134995.0,6.16,36.63,40.67,3,25.6,972,False,-61.57,10.39,-34.82,-31.95,-39.5,-47.34,-50.92,9.4506,9.052,10.1821,11.6981,12.5508,2226486,1231,2026-09-25,37.44,38820616.0
NASDAQ:UPB,UPB,"Upstream Bio, Inc.",Healthcare,Biotechnology,United States,NASDAQ,291691125.0,5.36,36.64,38.04,3,25.6,973,True,-83.56,3.68,-56.75,-63.32,,,,12.3925,14.6148,,,,3589259,490,2026-09-25,30.79,54419986.0
NYSE:CCL,CCL,Carnival Corporation Ltd.,Consumer Cyclical,Travel Services,United States,NYSE,30474692898.0,22.25,36.65,37.36,3,25.7,974,True,-33.49,2.11,-18.5,-18.4,-13.41,-0.11,13.67,27.2993,27.2686,25.6947,22.2738,19.575,518064999,1255,2026-09-25,30.24,1369649119.0
NYSE:FG,FG,"F&G Annuities & Life, Inc.",Financial Services,Insurance - Life,United States,NYSE,2930567979.0,22.12,36.65,37.76,3,25.7,975,True,-34.22,10.26,-16.78,-18.75,-30.31,-33.76,,26.5786,27.2233,31.7418,33.3913,,16046459,963,2026-09-25,30.75,132484990.0
NASDAQ:SHIM,SHIM,Shimmick Corporation,Industrials,Engineering & Construction,United States,NASDAQ,129311335.0,3.155,36.65,39.92,3,25.7,976,False,-52.7,53.9,-17.54,-10.9,10.59,,,3.826,3.5411,2.8529,,,776533,718,2026-09-25,41.56,40986160.0
NASDAQ:AISP,AISP,"Airship AI Holdings, Inc",Technology,Software - Infrastructure,United States,NASDAQ,62680003.0,1.82,36.66,39.96,3,25.8,977,False,-73.93,6.43,-27.67,-37.99,-49.18,-58.24,-68.9,2.5162,2.935,3.5815,4.3582,5.8519,430691,1255,2026-09-25,40.93,34439562.0
NASDAQ:BLDP,BLDP,"Ballard Power Systems, Inc.",Industrials,Electrical Equipment & Parts,Canada,NASDAQ,642143558.0,2.13,36.66,37.15,3,25.8,978,False,-66.61,8.12,-28.91,-29.95,-7.74,-15.33,-32.98,2.9962,3.0409,2.3088,2.5156,3.1782,6245944,1255,2026-09-25,36.66,301475849.0
NASDAQ:VRCA,VRCA,Verrica Pharmaceuticals Inc.,Healthcare,Biotechnology,United States,NASDAQ,75071295.0,4.37,36.66,39.25,3,25.8,979,True,-51.98,33.23,-28.8,-25.02,-34.5,-80.8,-85.13,6.1373,5.8281,6.6721,22.7631,29.3799,355749,1255,2026-09-25,36.33,17178786.0
NASDAQ:BRCB,BRCB,"Black Rock Coffee Bar, Inc.",Consumer Cyclical,Restaurants,United States,NASDAQ,155109101.0,7.19,36.67,40.66,3,25.8,980,False,-72.28,16.16,-41.83,-50.85,,,,12.361,14.6301,,,,3167262,261,2026-09-25,36.67,21572893.0
NYSE:MGY,MGY,Magnolia Oil & Gas Corporation,Energy,Oil & Gas E&P,United States,NYSE,5713312753.0,24.11,36.67,40.45,3,25.8,981,False,-24.51,15.71,-8.88,-6.0,-1.19,1.88,5.37,26.46,25.6503,24.3993,23.6661,22.8815,111941431,1255,2026-09-25,39.98,236968592.0
NASDAQ:MIDD,MIDD,The Middleby Corporation,Industrials,Specialty Industrial Machinery,United States,NASDAQ,4867792639.0,107.66,36.67,37.91,3,25.8,982,False,-25.32,19.83,-11.52,-8.43,-7.61,-5.62,-5.62,121.6784,117.5755,116.5338,114.0665,114.0703,66349309,1255,2026-09-25,37.31,45214496.0
NASDAQ:CSGP,CSGP,"CoStar Group, Inc.",Real Estate,Real Estate Services,United States,NASDAQ,11382000247.0,28.09,36.68,40.8,3,25.9,983,True,-66.88,3.5,-31.59,-41.1,-55.78,-59.67,-60.81,41.0615,47.6897,63.5281,69.6421,71.6711,230873678,1255,2026-09-25,34.77,405197588.0
NASDAQ:ITRI,ITRI,"Itron, Inc.",Technology,Scientific & Technical Instruments,United States,NASDAQ,3929861082.0,89.75,36.69,41.89,3,25.9,984,False,-35.05,15.03,-2.48,-7.09,-14.76,-9.14,1.15,92.0347,96.5994,105.2971,98.7835,88.7315,51920129,1255,2026-09-25,41.04,43786753.0
NASDAQ:VRSK,VRSK,"Verisk Analytics, Inc.",Industrials,Consulting Services,United States,NASDAQ,22023698791.0,169.21,36.69,40.16,3,25.9,985,True,-32.05,8.47,-11.07,-14.48,-29.49,-29.76,-26.14,190.2663,197.867,239.9725,240.9179,229.0958,220438408,1255,2026-09-25,35.83,130156012.0
NYSE:KHC,KHC,The Kraft Heinz Company,Consumer Defensive,Packaged Foods,United States,NYSE,28019925586.0,23.63,36.72,41.9,3,26.0,986,False,-13.08,15.24,1.55,1.29,-5.73,-11.81,-15.14,23.2694,23.3294,25.0651,26.7948,27.8474,573785199,1255,2026-09-25,39.16,1185777638.0
NYSE:PHIN,PHIN,PHINIA Inc.,Consumer Cyclical,Auto Parts,United States,NYSE,2273026980.0,62.04,36.72,37.12,3,26.0,987,True,-26.83,22.71,-13.03,-8.21,8.4,25.27,,71.3386,67.5876,57.2319,49.5253,,24970602,815,2026-09-25,25.83,36638088.0
NYSE:TGLS,TGLS,Tecnoglass Holdings Inc.,Basic Materials,Building Materials,United States,NYSE,1572289079.0,35.44,36.72,38.37,3,26.0,988,True,-47.57,1.87,-20.94,-24.82,-41.81,-36.81,-30.36,44.8255,47.1377,60.8995,56.0815,50.89,11380852,1255,2026-09-25,32.88,44364816.0
NASDAQ:WTFC,WTFC,Wintrust Financial Corporation,Financial Services,Banks - Regional,United States,NASDAQ,9855910540.0,146.11,36.72,38.58,3,26.0,989,False,-12.16,23.29,-1.97,0.87,10.23,23.12,35.36,149.0412,144.8463,132.5555,118.6757,107.942,64399322,1255,2026-09-25,29.44,67455414.0
NYSE:NCLH,NCLH,Norwegian Cruise Line Holdings Ltd.,Consumer Cyclical,Travel Services,United States,NYSE,6708305890.0,14.61,36.73,36.9,3,26.1,990,False,-41.65,3.47,-25.37,-26.62,-31.62,-27.07,-23.08,19.5778,19.9089,21.3674,20.0334,18.9933,262492462,1255,2026-09-25,28.37,459158514.0
NASDAQ:EBMT,EBMT,"Eagle Bancorp Montana, Inc.",Financial Services,Banks - Regional,United States,NASDAQ,171495729.0,21.53,36.75,39.28,3,26.1,991,False,-11.32,38.04,-1.27,4.12,17.82,32.39,38.21,21.8069,20.6788,18.2734,16.263,15.5781,735633,1255,2026-09-25,33.87,7965431.0
AMEX:FURY,FURY,Fury Gold Mines Limited,Basic Materials,Gold,Canada,AMEX,101530592.0,0.534,36.75,41.42,3,26.1,992,False,-43.49,6.37,-12.68,-12.84,0.78,9.25,10.89,0.6116,0.6127,0.5299,0.4888,0.4816,151603,1255,2026-09-25,39.39,190132195.0
NYSE:KRMN,KRMN,Karman Holdings Inc.,Industrials,Aerospace & Defense,United States,NYSE,4729863611.0,35.69,36.75,37.13,3,26.1,993,False,-69.04,7.99,-48.76,-49.17,,,,69.6526,70.2098,,,,155463988,406,2026-09-25,33.99,132526299.0
NYSE:WTRG,WTRG,"Essential Utilities, Inc.",Utilities,Utilities - Regulated Water,United States,NYSE,11212011818.0,39.53,36.75,43.53,3,26.1,994,False,-5.88,10.05,2.41,2.55,5.83,9.35,7.85,38.5993,38.5485,37.3526,36.151,36.6525,106781054,1255,2026-09-25,38.48,283632983.0
NASDAQ:CWCO,CWCO,Consolidated Water Co. Ltd.,Utilities,Utilities - Regulated Water,Cayman Islands,NASDAQ,445765293.0,27.86,36.76,39.58,3,26.2,995,True,-26.85,0.11,-13.69,-14.73,-6.08,-4.35,6.33,32.2795,32.6726,29.6637,29.1262,26.2004,2448670,1255,2026-09-25,36.24,16000190.0
NYSE:TFC,TFC,Truist Financial Corporation,Financial Services,Banks - Regional,United States,NYSE,58222695160.0,47.66,36.76,39.75,3,26.2,996,False,-11.97,20.96,-2.89,-0.42,7.87,18.14,24.97,49.0784,47.8614,44.1814,40.3425,38.1376,375361528,1255,2026-09-25,32.45,1221626000.0
NASDAQ:ADSK,ADSK,"Autodesk, Inc.",Technology,Software - Application,United States,NASDAQ,44213815559.0,209.4,36.78,40.72,3,26.3,997,False,-35.26,11.55,-13.19,-17.7,-23.26,-19.49,-14.87,241.2215,254.4319,272.8667,260.0959,245.9744,531779402,1255,2026-09-25,37.88,211145251.0
NASDAQ:AIBZ,AIBZ,Bitzero Holdings Inc.,Technology,Software - Infrastructure,Canada,NASDAQ,225450477.0,4.09,36.8,38.13,3,26.3,998,False,-56.72,0.99,,,,,,,,,,,1672448,76,2026-09-25,39.33,55122366.0
NASDAQ:CRGO,CRGO,Freightos Limited,Industrials,Integrated Freight & Logistics,Spain,NASDAQ,54267673.0,1.05,36.8,39.32,3,26.3,999,True,-74.39,2.94,-39.66,-49.73,-54.48,-55.31,-67.32,1.74,2.0887,2.3067,2.3494,3.2128,72166,1218,2026-09-25,32.86,51683498.0
NASDAQ:EFSC,EFSC,Enterprise Financial Services Corporation,Financial Services,Banks - Regional,United States,NASDAQ,2209199940.0,60.93,36.8,39.47,3,26.3,1000,False,-10.59,19.87,2.53,4.63,8.7,20.67,25.89,59.4254,58.2352,56.0543,50.4923,48.3983,19607354,1255,2026-09-25,34.52,36258000.0
NYSE:AXP,AXP,American Express Company,Financial Services,Credit Services,United States,NYSE,208596454315.0,308.89,36.83,38.7,3,26.4,1001,False,-19.09,6.31,-7.23,-8.04,-1.3,11.65,25.71,332.9531,335.9104,312.9546,276.6507,245.7253,963329259,1255,2026-09-25,32.46,675309833.0
NASDAQ:PROF,PROF,Profound Medical Corp.,Healthcare,Medical Devices,Canada,NASDAQ,209304789.0,5.76,36.83,38.7,3,26.4,1002,True,-33.41,17.79,-16.23,-13.96,-11.3,-20.68,-26.9,6.8758,6.6947,6.4941,7.2618,7.8794,774577,1255,2026-09-25,31.74,36337637.0
NASDAQ:ACGL,ACGL,Arch Capital Group Ltd.,Financial Services,Insurance - Diversified,Bermuda,NASDAQ,32279060000.0,94.66,36.85,41.1,3,26.4,1003,False,-11.1,11.73,-1.76,-0.44,0.39,3.16,11.79,96.3518,95.0821,94.2944,91.7627,84.6797,424284650,1255,2026-09-25,38.24,341000000.0
NASDAQ:AGYS,AGYS,"Agilysys, Inc.",Technology,Software - Application,United States,NASDAQ,2810424716.0,99.64,36.86,42.11,3,26.4,1004,False,-29.39,60.22,6.81,1.16,-1.63,2.61,9.79,93.2861,98.4944,101.29,97.1025,90.7528,22712228,1255,2026-09-25,36.92,28205788.0
NASDAQ:PGNY,PGNY,"Progyny, Inc.",Healthcare,Healthcare Plans,United States,NASDAQ,1992775493.0,25.44,36.86,40.57,3,26.4,1005,False,-21.38,56.07,5.03,7.08,15.48,0.73,-8.87,24.2217,23.7589,22.029,25.2549,27.9164,29990408,1255,2026-09-25,40.76,78332370.0
NASDAQ:GLRE,GLRE,"Greenlight Reinsurance, Ltd.",Financial Services,Insurance - Reinsurance,Cayman Islands,NASDAQ,493848411.0,14.89,36.87,39.77,3,26.5,1006,False,-21.63,24.6,-5.48,-1.59,3.4,9.06,18.35,15.7525,15.13,14.401,13.6536,12.5818,2182407,1255,2026-09-25,37.93,33166448.0
NYSE:VMRK,VMRK,Vivmark Residential Common Shares of Beneficial Interest,Real Estate,REIT - Residential,United States,NYSE,24532323074.0,61.51,36.87,39.27,3,26.5,1007,True,-12.32,8.49,-2.81,-1.56,-4.04,-0.78,2.21,63.2878,62.4841,64.0982,61.9919,60.1799,407508008,1255,2026-09-25,33.94,398834711.0
NASDAQ:AIOT,AIOT,"PowerFleet, Inc.",Technology,Software - Infrastructure,United States,NASDAQ,375832570.0,2.8,36.88,38.79,3,26.5,1008,False,-50.44,0.36,-27.47,-31.83,-41.55,-36.8,-30.24,3.8604,4.1073,4.7905,4.4301,4.0137,4019992,1255,2026-09-25,38.03,134225918.0
NYSE:AHR,AHR,"American Healthcare REIT, Inc.",Real Estate,REIT - Healthcare Facilities,United States,NYSE,10753694462.0,52.02,36.9,41.59,3,26.6,1009,False,-9.88,31.48,2.72,5.2,29.27,,,50.6447,49.4499,40.2407,,,168381535,661,2026-09-25,38.57,206722308.0
NASDAQ:PPC,PPC,Pilgrim's Pride Corporation,Consumer Defensive,Packaged Foods,United States,NASDAQ,6624179138.0,27.82,36.9,41.64,3,26.6,1010,True,-36.43,4.94,-17.87,-20.03,-28.95,-21.44,-11.94,33.8744,34.7896,39.1575,35.4141,31.5926,39757162,1255,2026-09-25,31.0,238108524.0
NYSE:TE,TE,T1 Energy Inc.,Industrials,Electrical Equipment & Parts,United States,NYSE,1055645816.0,3.78,36.9,39.35,3,26.6,1011,False,-68.6,73.39,-42.14,-36.4,0.78,19.38,-19.5,6.5332,5.9431,3.7508,3.1663,4.6959,87552160,1255,2026-09-25,37.29,279271380.0
NASDAQ:GERN,GERN,Geron Corporation,Healthcare,Biotechnology,United States,NASDAQ,808316427.0,1.26,36.91,40.81,3,26.7,1012,False,-35.38,17.76,-12.96,-10.2,-33.16,-45.05,-47.18,1.4475,1.4031,1.8852,2.293,2.3856,15200046,1255,2026-09-25,36.91,641520974.0
NYSE:WMB,WMB,"Williams Companies, Inc. (The)",Energy,Oil & Gas Midstream,United States,NYSE,84704859834.0,69.26,36.91,41.39,3,26.7,1013,False,-11.49,26.3,-1.04,2.22,13.72,32.42,50.23,69.9886,67.7542,60.9038,52.3045,46.1024,585302316,1255,2026-09-25,41.76,1222998265.0
NYSE:ARMK,ARMK,Aramark,Industrials,Specialty Business Services,United States,NYSE,14441409735.0,54.92,36.92,41.44,3,26.7,1014,True,-11.8,54.01,14.89,20.02,31.55,45.0,56.56,47.8013,45.7576,41.7491,37.8753,35.0788,132614784,1255,2026-09-25,32.26,262953564.0
NYSE:ECAT,ECAT,BlackRock ESG Capital Allocation Term Trust Common Shares of Beneficial Interest,Financial Services,Asset Management,United States,NYSE,1399519079.0,14.07,36.92,39.48,3,26.7,1015,False,-7.93,16.98,1.3,2.22,9.63,18.71,29.4,13.8894,13.7646,12.8339,11.8523,10.8729,8501421,1254,2026-09-25,37.11,99468307.0
NASDAQ:CBK,CBK,"Commercial Bancgroup, Inc.",Financial Services,Banks - Regional,United States,NASDAQ,439673754.0,32.09,36.94,41.06,3,26.8,1016,False,-9.13,37.46,10.65,,,,,29.0006,,,,,1455239,247,2026-09-25,32.75,13701270.0
NASDAQ:KYTX,KYTX,"Kyverna Therapeutics, Inc.",Healthcare,Biotechnology,United States,NASDAQ,414015394.0,6.81,36.94,40.23,3,26.8,1017,False,-39.47,25.88,-19.04,-15.99,16.61,,,8.4112,8.106,5.8402,,,6969298,659,2026-09-25,39.19,60795212.0
NYSE:GBCI,GBCI,"Glacier Bancorp, Inc.",Financial Services,Banks - Regional,United States,NYSE,5826541916.0,44.75,36.96,38.28,3,26.8,1018,False,-17.9,13.76,-5.65,-3.8,-2.52,5.62,8.93,47.4317,46.5182,45.9071,42.3693,41.0811,46325804,1255,2026-09-25,31.59,130202054.0
NYSE:PNFP,PNFP,"Pinnacle Financial Partners, Inc.",Financial Services,Banks - Regional,United States,NYSE,14340470000.0,94.97,36.97,40.04,3,26.8,1019,False,-12.48,16.81,-1.36,0.38,-4.89,2.31,10.52,96.2822,94.6135,99.8517,92.8239,85.9314,98902943,1255,2026-09-25,31.81,151000000.0
NASDAQ:HCKT,HCKT,"The Hackett Group, Inc.",Technology,Information Technology Services,United States,NASDAQ,252644537.0,10.03,36.98,41.75,3,26.9,1020,False,-49.69,11.29,-23.18,-28.73,-49.06,-50.83,-50.05,13.056,14.0731,19.6886,20.4005,20.0789,2166439,1255,2026-09-25,39.69,25188887.0
NASDAQ:INDI,INDI,"indie Semiconductor, Inc.",Technology,Semiconductors,United States,NASDAQ,638091545.0,3.02,36.98,40.38,3,26.9,1021,False,-49.67,23.77,-19.74,-22.84,-19.26,-33.66,-44.97,3.7628,3.9142,3.7402,4.5521,5.4874,16478914,1255,2026-09-25,37.72,211288591.0
NYSE:PNNT,PNNT,PennantPark Investment Corporation,Financial Services,Asset Management,United States,NYSE,216783032.0,3.32,36.98,41.65,3,26.9,1022,False,-39.07,7.37,-17.04,-22.01,-30.13,-29.28,-23.85,4.002,4.2572,4.7515,4.6944,4.3601,2022339,1255,2026-09-25,38.66,65296094.0
NYSE:MKC.V,MKC-V,"McCormick & Company, Incorporated",Consumer Defensive,Packaged Foods,United States,NYSE,725319626.0,49.02,37.01,40.96,3,26.9,1023,False,-30.69,8.5,-11.57,-14.33,-24.49,-25.14,-27.94,55.4333,57.2185,64.9176,65.4861,68.03,1130424,1255,2026-09-25,38.31,14796402.0
NASDAQ:PVLA,PVLA,"Palvella Therapeutics, Inc.",Healthcare,Biotechnology,United States,NASDAQ,1981607327.0,138.16,37.02,42.67,3,27.0,1024,False,-12.63,139.49,12.55,21.47,99.01,169.8,145.4,122.7501,113.7384,69.425,51.2084,56.2989,32075200,1255,2026-09-25,44.13,14342844.0
NYSE:TEX,TEX,Terex Corporation,Industrials,Farm & Heavy Construction Machinery,United States,NYSE,6552819000.0,57.33,37.04,39.92,3,27.0,1025,True,-22.93,38.32,-7.25,-3.19,8.59,7.42,10.67,61.8131,59.2162,52.7954,53.368,51.8033,60706737,1255,2026-09-25,33.79,114300000.0
NASDAQ:TMUS,TMUS,"T-Mobile US, Inc.",Communication Services,Telecom Services,United States,NASDAQ,177452064939.0,165.43,37.04,40.12,3,27.0,1026,True,-29.43,1.86,-13.01,-15.18,-22.58,-15.36,-8.23,190.1817,195.0362,213.6707,195.4486,180.2578,893640144,1255,2026-09-25,36.91,1072671613.0
NASDAQ:VNOM,VNOM,"Viper Energy, Inc.",Energy,Oil & Gas Midstream,United States,NASDAQ,7990164071.0,40.93,37.04,40.91,3,27.0,1027,False,-17.21,19.67,-4.12,-0.75,-0.03,8.54,19.49,42.6904,41.2413,40.9413,37.7109,34.2534,77281846,1255,2026-09-25,40.19,195215345.0
NYSE:BILL,BILL,"BILL Holdings, Inc.",Technology,Software - Application,United States,NYSE,4407155170.0,44.25,37.06,43.34,3,27.1,1028,False,-21.42,38.45,1.54,-1.67,-14.1,-21.57,-35.83,43.5788,45.0002,51.5128,56.4196,68.953,88272047,1255,2026-09-25,39.31,99596727.0
NASDAQ:ENTA,ENTA,"Enanta Pharmaceuticals, Inc.",Healthcare,Biotechnology,United States,NASDAQ,345451154.0,11.88,37.06,40.33,3,27.1,1029,False,-29.5,53.29,-12.25,-9.77,14.98,8.14,-31.06,13.5383,13.1667,10.3319,10.986,17.2331,3147300,1255,2026-09-25,38.22,29078380.0
NASDAQ:VRXA,VRXA,Veraxa Biotech AG,Healthcare,Biotechnology,Germany,NASDAQ,199385016.0,1.41,37.06,38.3,3,27.1,1030,False,-94.31,4.44,-82.7,-83.67,,,,8.1513,8.636,,,,565009,499,2026-09-25,37.06,141407813.0
NYSE:FVR,FVR,"FrontView REIT, Inc.",Real Estate,REIT - Diversified,United States,NYSE,417133106.0,17.86,37.07,38.16,3,27.1,1031,False,-18.52,42.64,1.85,6.93,,,,17.5353,16.7022,,,,2791194,497,2026-09-25,41.65,23355717.0
NYSE:DFH,DFH,"Dream Finders Homes, Inc.",Consumer Cyclical,Residential Construction,United States,NYSE,372874304.0,11.3,37.08,39.29,3,27.2,1032,True,-57.23,1.89,-28.5,-33.46,-47.75,-53.86,-49.53,15.8034,16.9833,21.6266,24.489,22.3891,12029967,1255,2026-09-25,34.9,32997726.0
NASDAQ:NFLX,NFLX,"Netflix, Inc.",Communication Services,Entertainment,United States,NASDAQ,296264307947.0,71.15,37.08,40.6,3,27.2,1033,False,-42.68,5.25,-16.01,-21.42,-26.15,-14.35,0.28,84.7127,90.5479,96.3467,83.0705,70.952,2463012812,1255,2026-09-25,38.22,4163939676.0
NYSE:HUN,HUN,Huntsman Corporation,Basic Materials,Chemicals,United States,NYSE,1560928939.0,8.9,37.1,38.2,3,27.2,1034,True,-43.45,23.64,-24.38,-19.86,-29.66,-42.37,-48.86,11.7689,11.1061,12.6532,15.4422,17.4043,22453700,1255,2026-09-25,33.92,175385274.0
NYSE:XPOF,XPOF,"Xponential Fitness, Inc.",Consumer Cyclical,Leisure,United States,NYSE,164157840.0,3.92,37.1,36.48,3,27.2,1035,False,-56.44,7.4,-39.52,-40.27,-56.2,-62.34,-71.48,6.4811,6.5624,8.9497,10.409,13.7437,2965136,1255,2026-09-25,31.76,41877000.0
NASDAQ:TRAX,TRAX,"First Tracks Biotherapeutics, Inc.",Healthcare,Biotechnology,United States,NASDAQ,1200995754.0,34.42,37.12,42.46,3,27.3,1036,False,-28.17,124.67,,,,,,,,,,,29091021,121,2026-09-25,39.83,34892381.0
NYSE:ZIP,ZIP,"ZipRecruiter, Inc.",Communication Services,Internet Content & Information,United States,NYSE,240410655.0,3.51,37.12,40.96,3,27.3,1037,True,-36.07,107.69,4.69,-1.97,-30.65,-50.74,-63.37,3.3526,3.5806,5.0614,7.1249,9.5825,3360164,1255,2026-09-25,35.0,68493064.0
NASDAQ:ADUR,ADUR,Aduro Clean Technologies Inc.,Industrials,Pollution & Treatment Controls,Canada,NASDAQ,447650445.0,12.63,37.13,40.63,3,27.4,1038,True,-27.37,37.43,-3.91,-4.51,23.88,,,13.144,13.227,10.1953,,,4058433,530,2026-09-25,35.75,35443424.0
NASDAQ:CELC,CELC,Celcuity Inc.,Healthcare,Biotechnology,United States,NASDAQ,3877895222.0,79.52,37.13,40.0,3,27.4,1039,True,-45.15,75.85,-24.32,-19.39,35.59,80.08,122.74,105.0739,98.6423,58.6478,44.1578,35.7,75347141,1255,2026-09-25,36.8,48766288.0
AMEX:MAIA,MAIA,"MAIA Biotechnology, Inc.",Healthcare,Biotechnology,United States,AMEX,72960910.0,1.2,37.13,40.61,3,27.4,1040,False,-59.32,37.77,-19.83,-17.67,-29.45,-37.17,-45.66,1.4968,1.4575,1.701,1.9099,2.2081,834205,1045,2026-09-25,40.85,60800758.0
NYSE:BH,BH,Biglari Holdings Inc.,Consumer Cyclical,Restaurants,United States,NYSE,718287503.0,344.81,37.14,40.72,3,27.4,1041,False,-27.7,39.13,-2.67,-1.51,16.55,34.87,47.56,354.2731,350.0938,295.8405,255.6603,233.6716,59106183,1255,2026-09-25,39.02,2083140.0
NYSE:GIB,GIB,CGI Inc.,Technology,Information Technology Services,Canada,NYSE,12398701023.0,67.77,37.16,41.89,3,27.4,1042,False,-28.14,10.77,-8.75,-12.04,-25.82,-29.32,-28.67,74.2694,77.0497,91.3617,95.8829,95.0117,28942282,1255,2026-09-25,38.23,182952649.0
NYSE:VMC,VMC,Vulcan Materials Company (Holding Company),Basic Materials,Building Materials,United States,NYSE,31746791055.0,245.0,37.16,38.18,3,27.4,1043,True,-25.41,1.73,-13.86,-14.35,-10.65,-6.24,1.35,284.4122,286.0421,274.196,261.299,241.7278,298734641,1255,2026-09-25,32.45,129578739.0
NYSE:APO,APO,"Apollo Global Management, Inc. (New)",Financial Services,Asset Management,United States,NYSE,70156416157.0,121.69,37.19,41.61,3,27.5,1044,True,-19.31,22.35,-3.82,-3.84,-9.65,-1.43,12.01,126.5216,126.5557,134.6853,123.4496,108.6441,342072654,1255,2026-09-25,34.66,576517513.0
NYSE:CBRE,CBRE,CBRE Group Inc Common Stock Class A,Real Estate,Real Estate Services,United States,NYSE,38962356346.0,134.55,37.22,41.21,3,27.5,1045,False,-21.6,7.95,-7.75,-9.06,-5.38,7.76,18.88,145.8616,147.9583,142.197,124.8559,113.1844,277108916,1255,2026-09-25,39.76,289575298.0
NYSE:FLOC,FLOC,Flowco Holdings Inc.,Energy,Oil & Gas Equipment & Services,United States,NYSE,800514461.0,19.14,37.22,40.41,3,27.5,1046,False,-31.17,37.32,-11.33,-6.12,,,,21.5848,20.3868,,,,11877894,425,2026-09-25,39.7,41824162.0
NASDAQ:WING,WING,Wingstop Inc.,Consumer Cyclical,Restaurants,United States,NASDAQ,2698919032.0,99.07,37.23,38.18,3,27.6,1047,True,-64.96,1.26,-44.7,-48.66,-60.05,-63.34,-59.4,179.144,192.9723,247.9777,270.2344,244.0304,138738923,1255,2026-09-25,35.37,27242546.0
NASDAQ:FTDR,FTDR,"Frontdoor, Inc.",Consumer Cyclical,Personal Services,United States,NASDAQ,5196681879.0,73.99,37.24,41.8,3,27.6,1048,True,-18.54,50.69,11.07,13.35,24.28,43.79,62.72,66.6142,65.2784,59.5329,51.4564,45.4698,44999999,1255,2026-09-25,30.07,70234922.0
NYSE:RIO,RIO,Rio Tinto Plc,Basic Materials,Other Industrial Metals & Mining,United Kingdom,NYSE,118625700893.0,94.56,37.26,42.47,3,27.6,1049,True,-13.75,53.3,1.96,8.36,31.48,41.27,49.23,92.74,87.262,71.9202,66.9371,63.3636,173904863,1255,2026-09-25,36.91,1254501913.0
NYSE:ALB,ALB,Albemarle Corporation,Basic Materials,Specialty Chemicals,United States,NYSE,12940969254.0,109.73,37.28,38.85,3,27.7,1050,True,-48.81,36.89,-29.25,-23.89,-1.06,-1.94,-21.11,155.0993,144.1726,110.9018,111.898,139.0901,315997872,1255,2026-09-25,35.2,117934651.0
NASDAQ:WFCF,WFCF,"Where Food Comes From, Inc.",Industrials,Specialty Business Services,United States,NASDAQ,54373788.0,10.79,37.28,40.39,3,27.7,1051,False,-40.49,16.9,-11.87,-12.42,-9.53,-10.78,-13.0,12.2434,12.32,11.9269,12.0933,12.4021,53565,1255,2026-09-25,46.26,5039276.0
NASDAQ:IMRX,IMRX,Immuneering Corporation,Healthcare,Biotechnology,United States,NASDAQ,276257907.0,4.27,37.3,41.07,3,27.7,1052,False,-48.74,8.93,-15.87,-20.71,6.34,6.9,-16.54,5.0756,5.385,4.0154,3.9943,5.1163,3304329,1255,2026-09-25,39.18,64697402.0
NYSE:ENOV,ENOV,Enovis Corporation,Healthcare,Medical Devices,United States,NYSE,1062605651.0,18.46,37.31,38.84,3,27.7,1053,False,-43.84,3.71,-23.14,-27.12,-41.37,-51.69,-56.73,24.0192,25.3302,31.488,38.2147,42.6607,40993292,1255,2026-09-25,35.88,57562603.0
NYSE:GPGI,GPGI,"GPGI, Inc.",Industrials,Metal Fabrication,United States,NYSE,3365291376.0,11.61,37.32,40.07,3,27.8,1054,False,-55.32,0.8,-30.99,-33.65,-25.05,-4.58,11.98,16.8237,17.4982,15.4895,12.167,10.3681,23054729,1255,2026-09-25,39.76,289861445.0
NASDAQ:BPOP,BPOP,"Popular, Inc.",Financial Services,Banks - Regional,United States,NASDAQ,10249324967.0,160.48,37.33,40.5,3,27.8,1055,False,-9.28,50.27,8.52,13.8,33.85,51.26,70.11,147.8783,141.0246,119.8993,106.0948,94.338,93608633,1255,2026-09-25,34.13,63866681.0
NASDAQ:FSV,FSV,FirstService Corporation,Real Estate,Real Estate Services,Canada,NASDAQ,5914174100.0,128.62,37.35,39.84,3,27.8,1056,True,-32.22,2.58,-10.87,-13.59,-21.88,-20.56,-17.23,144.3056,148.8524,164.646,161.9036,155.3884,32897205,1255,2026-09-25,33.83,45981761.0
NASDAQ:VRDN,VRDN,"Viridian Therapeutics, Inc.",Healthcare,Biotechnology,United States,NASDAQ,2260454651.0,20.47,37.35,42.89,3,27.8,1057,False,-39.4,53.91,-11.55,-13.35,-0.92,6.85,-0.76,23.144,23.6244,20.6608,19.1584,20.6271,36425756,1255,2026-09-25,38.47,110427682.0
NASDAQ:EOSE,EOSE,"Eos Energy Enterprises, Inc.",Industrials,Electrical Equipment & Parts,United States,NASDAQ,1144740422.0,3.165,37.36,40.34,3,27.9,1058,False,-83.51,4.11,-58.75,-65.16,-54.46,-37.76,-27.25,7.6734,9.0834,6.95,5.0849,4.3503,106437622,1255,2026-09-25,38.53,361687337.0
NYSE:AUB,AUB,Atlantic Union Bankshares Corporation,Financial Services,Banks - Regional,United States,NYSE,5503819119.0,38.78,37.39,40.18,3,27.9,1059,False,-9.84,27.44,1.39,4.53,11.4,16.01,20.75,38.2494,37.1006,34.8129,33.4267,32.1171,52909903,1255,2026-09-25,33.49,141924165.0
NASDAQ:CHRS,CHRS,"Coherus Oncology, Inc.",Healthcare,Biotechnology,United States,NASDAQ,174302387.0,1.13,37.39,40.31,3,27.9,1060,False,-54.98,2.73,-28.33,-27.55,-13.51,-29.63,-60.63,1.5766,1.5598,1.3066,1.6057,2.8703,1664692,1255,2026-09-25,39.4,154249900.0
NYSE:CLVT,CLVT,Clarivate Plc,Technology,Information Technology Services,United Kingdom,NYSE,1138601925.0,1.78,37.4,40.68,3,28.0,1061,False,-54.24,5.95,-27.13,-33.62,-52.11,-63.3,-69.92,2.4427,2.6815,3.7167,4.8495,5.9171,8464900,1255,2026-09-25,41.05,639664003.0
NASDAQ:JACK,JACK,Jack In The Box Inc.,Consumer Cyclical,Restaurants,United States,NASDAQ,256730871.0,13.46,37.4,41.16,3,28.0,1062,True,-42.77,43.19,-13.65,-16.02,-43.28,-62.75,-71.12,15.5883,16.0268,23.7303,36.1319,46.6127,7971497,1255,2026-09-25,35.76,19073616.0
NYSE:RNGR,RNGR,"Ranger Energy Services, Inc.",Energy,Oil & Gas Equipment & Services,United States,NYSE,362965377.0,15.51,37.4,41.81,3,28.0,1063,True,-15.21,27.38,-3.07,0.38,7.18,17.66,24.33,16.0013,15.4508,14.4713,13.1817,12.4746,2876054,1255,2026-09-25,36.48,23402023.0
NYSE:FOUR,FOUR,"Shift4 Payments, Inc.",Technology,Software - Infrastructure,United States,NYSE,3050197128.0,38.45,37.41,40.65,3,28.0,1064,True,-51.8,7.91,-22.62,-29.4,-48.76,-47.2,-44.6,49.6919,54.4607,75.0426,72.8248,69.3982,87540989,1255,2026-09-25,36.34,79328924.0
NASDAQ:IMMX,IMMX,"Immix Biopharma, Inc.",Healthcare,Biotechnology,United States,NASDAQ,780953762.0,10.97,37.42,43.52,3,28.0,1065,False,-24.19,437.75,21.14,39.13,121.43,150.85,191.43,9.0555,7.8849,4.9541,4.3731,3.7642,18193831,1198,2026-09-25,43.06,71189951.0
NASDAQ:NOEM,NOEM,CO2 Energy Transition Corp.,Financial Services,Shell Companies,United States,NASDAQ,101417235.0,10.58,37.45,42.97,3,28.1,1066,False,-11.83,4.13,0.82,1.38,,,,10.4936,10.4364,,,,1223,425,2026-09-25,37.45,9585750.0
NYSE:KEY,KEY,KeyCorp,Financial Services,Banks - Regional,United States,NYSE,22094641350.0,20.61,37.48,39.18,3,28.1,1067,False,-13.27,27.88,-3.01,0.88,12.83,26.11,35.62,21.2496,20.4296,18.2669,16.3423,15.1971,308427477,1255,2026-09-25,29.64,1072035000.0
NASDAQ:SMPL,SMPL,The Simply Good Foods Company,Consumer Defensive,Packaged Foods,United States,NASDAQ,849035587.0,9.6,37.48,39.68,3,28.1,1068,True,-62.26,1.8,-31.51,-38.33,-61.57,-66.48,-68.63,14.0161,15.5675,24.9835,28.6385,30.6029,24678352,1255,2026-09-25,34.04,88441207.0
NYSE:LMT,LMT,Lockheed Martin Corporation,Industrials,Aerospace & Defense,United States,NYSE,119909643629.0,519.56,37.49,41.26,3,28.1,1069,False,-22.24,20.44,-6.53,-3.36,3.68,8.37,11.95,555.8442,537.6436,501.1114,479.4329,464.1096,623445077,1255,2026-09-25,39.44,230790753.0
NASDAQ:HBAN,HBAN,Huntington Bancshares Incorporated,Financial Services,Banks - Regional,United States,NASDAQ,31599287879.0,15.64,37.51,39.17,3,28.2,1070,True,-16.45,7.13,-6.11,-4.76,-1.04,8.78,16.0,16.6586,16.4212,15.8038,14.3771,13.4828,477671811,1255,2026-09-25,29.62,2020414826.0
NASDAQ:THRY,THRY,"Thryv Holdings, Inc.",Technology,Software - Application,United States,NASDAQ,79386117.0,1.79,37.51,37.01,3,28.2,1071,False,-85.63,0.0,-50.74,-61.95,-81.42,-86.2,-88.24,3.634,4.7042,9.6328,12.9754,15.2242,1405060,1255,2026-09-25,37.51,44349786.0
NASDAQ:ZVRA,ZVRA,"Zevra Therapeutics, Inc.",Healthcare,Biotechnology,United States,NASDAQ,652630527.0,11.04,37.51,42.58,3,28.2,1072,False,-25.15,36.3,5.16,6.7,16.36,35.2,48.58,10.498,10.3471,9.4876,8.1659,7.4301,10589878,1255,2026-09-25,40.63,59115084.0
NYSE:DRI,DRI,"Darden Restaurants, Inc.",Consumer Cyclical,Restaurants,United States,NYSE,22878366849.0,199.75,37.52,41.76,3,28.3,1073,False,-12.27,20.81,-0.98,1.57,4.73,14.26,21.27,201.7287,196.6637,190.721,174.8139,164.7136,268806275,1255,2026-09-25,44.02,114535003.0
NYSE:CINT,CINT,CI&T Inc,Technology,Software - Infrastructure,Brazil,NYSE,53228500.0,2.97,37.53,40.02,3,28.3,1074,False,-46.39,0.0,-28.25,-29.89,-42.99,-42.61,-45.59,4.1393,4.2362,5.2096,5.1753,5.4587,269105,1223,2026-09-25,38.86,17922054.0
NASDAQ:DNLI,DNLI,Denali Therapeutics Inc.,Healthcare,Biotechnology,United States,NASDAQ,3236091537.0,20.39,37.53,39.49,3,28.3,1075,False,-25.06,51.82,-2.86,1.55,5.28,3.28,-6.37,20.9907,20.0787,19.3672,19.7419,21.7782,34837993,1255,2026-09-25,38.02,158709737.0
NASDAQ:SKWD,SKWD,"Skyward Specialty Insurance Group, Inc.",Financial Services,Insurance - Property & Casualty,United States,NASDAQ,2220949101.0,54.78,37.53,42.51,3,28.3,1076,False,-16.53,32.77,8.57,10.01,8.77,21.46,,50.4572,49.7966,50.3628,45.1028,,22520651,928,2026-09-25,37.95,40543065.0
NYSE:PLD,PLD,"Prologis, Inc.",Real Estate,REIT - Industrial,United States,NYSE,124145761800.0,133.05,37.55,40.29,3,28.4,1077,False,-10.63,23.37,-2.07,0.52,11.69,14.75,17.11,135.8602,132.3577,119.1222,115.9448,113.6087,443157600,1255,2026-09-25,39.66,933076000.0
NASDAQ:RZLV,RZLV,Rezolve AI PLC,Technology,Software - Infrastructure,United Kingdom,NASDAQ,869444140.0,2.18,37.56,41.02,3,28.4,1078,False,-67.89,1.4,-17.69,-26.9,-29.02,-61.18,-67.76,2.6486,2.9822,3.0712,5.6152,6.7615,39233898,1223,2026-09-25,39.95,398827587.0
NYSE:RVT,RVT,"Royce Small-Cap Trust, Inc.",Financial Services,Asset Management,United States,NYSE,2113222981.0,17.27,37.58,40.62,3,28.4,1079,False,-7.55,25.64,0.64,3.78,14.77,24.63,33.51,17.1596,16.6405,15.048,13.8567,12.935,3199849,1255,2026-09-25,38.16,122363809.0
NASDAQ:MCHB,MCHB,Mechanics Bancorp,Financial Services,Banks - Regional,United States,NASDAQ,3342118189.0,15.17,37.59,41.26,3,28.4,1080,False,-10.25,30.08,4.54,7.87,22.11,30.08,19.4,14.5113,14.0636,12.4237,11.6623,12.7056,7785060,1255,2026-09-25,33.91,220311021.0
NASDAQ:IMTX,IMTX,Immatics N.V.,Healthcare,Biotechnology,Germany,NASDAQ,1143954358.0,8.37,37.61,40.56,3,28.5,1081,True,-29.49,18.72,-15.4,-15.42,2.96,-7.84,-9.87,9.8932,9.8958,8.1295,9.0818,9.2862,5849050,1255,2026-09-25,36.55,136673161.0
NASDAQ:SPFI,SPFI,"South Plains Financial, Inc.",Financial Services,Banks - Regional,United States,NASDAQ,810081515.0,43.0,37.61,42.65,3,28.5,1082,True,-6.06,21.13,2.46,4.89,13.0,25.4,35.21,41.9686,40.9967,38.0544,34.2896,31.8015,5579701,1255,2026-09-25,35.45,18839105.0
NASDAQ:LE,LE,"Lands' End, Inc.",Consumer Cyclical,Apparel Retail,United States,NASDAQ,315401295.0,10.26,37.65,39.71,3,28.5,1083,False,-46.42,1.89,-21.77,-24.67,-21.74,-17.71,-10.69,13.1157,13.6204,13.1095,12.4674,11.4882,2186917,1255,2026-09-25,38.71,30740867.0
NASDAQ:MPAA,MPAA,"Motorcar Parts of America, Inc.",Consumer Cyclical,Auto Parts,United States,NASDAQ,202585315.0,10.7,37.65,38.13,3,28.5,1084,False,-39.65,12.39,-11.68,-15.89,-4.22,8.08,6.89,12.1152,12.722,11.1713,9.9004,10.0105,1358330,1255,2026-09-25,34.15,18933207.0
NASDAQ:DBX,DBX,"Dropbox, Inc.",Technology,Software - Infrastructure,United States,NASDAQ,5107768186.0,32.32,37.66,43.74,3,28.6,1085,False,-14.36,46.51,15.15,13.91,14.12,17.94,22.53,28.0677,28.3733,28.3214,27.4035,26.3779,165416553,1255,2026-09-25,38.93,158037382.0
NASDAQ:ALRM,ALRM,"Alarm.com Holdings, Inc.",Technology,Software - Application,United States,NASDAQ,2640205921.0,53.38,37.67,44.5,3,28.6,1086,False,-7.33,26.7,8.4,7.73,-0.47,-6.11,-4.62,49.2439,49.5507,53.6336,56.8523,55.965,25165996,1255,2026-09-25,38.04,49460583.0
NASDAQ:BMBL,BMBL,Bumble Inc.,Communication Services,Internet Content & Information,United States,NASDAQ,346946907.0,2.66,37.67,41.71,3,28.6,1087,False,-58.7,2.31,-17.93,-25.5,-47.37,-63.11,-74.53,3.241,3.5703,5.0537,7.2105,10.4452,6156981,1255,2026-09-25,38.68,130431168.0
NASDAQ:AIRJ,AIRJ,AirJoule Technologies Corporation,Industrials,Building Products & Equipment,United States,NASDAQ,296118405.0,4.09,37.69,41.68,3,28.6,1088,True,-37.94,62.95,3.6,0.23,-19.58,-41.02,-47.27,3.9479,4.0807,5.0859,6.934,7.7565,3865902,1167,2026-09-25,36.11,72400588.0
NASDAQ:FRMI,FRMI,Fermi Inc.,Real Estate,REIT - Specialty,United States,NASDAQ,2884136783.0,4.52,37.7,40.54,3,28.7,1089,False,-86.11,0.0,-37.64,,,,,7.2477,,,,,87358401,248,2026-09-25,38.06,638083359.0
NASDAQ:BVC,BVC,BitVentures Limited,Technology,Software - Application,Hong Kong,NASDAQ,1906800000.0,11.35,37.71,42.84,3,28.7,1090,False,-32.4,1454.79,15.93,41.71,152.74,201.1,156.84,9.7908,8.0094,4.4908,3.7695,4.419,638387,1255,2026-09-25,45.4,168000000.0
NASDAQ:FWRD,FWRD,Forward Air Corporation,Industrials,Integrated Freight & Logistics,United States,NASDAQ,464571926.0,14.69,37.73,42.61,3,28.7,1091,False,-51.41,76.77,-22.34,-24.81,-37.6,-49.56,-68.58,18.9163,19.5363,23.5404,29.1211,46.7538,9001996,1255,2026-09-25,38.13,31625046.0
NASDAQ:CEPF,CEPF,"Cantor Equity Partners IV, Inc.",Financial Services,Shell Companies,United States,NASDAQ,472770000.0,10.3,37.74,40.45,3,28.8,1092,False,-3.01,1.58,-0.43,-0.56,,,,10.3449,10.3583,,,,950840,276,2026-09-25,33.33,45900000.0
NYSE:HASI,HASI,"HA Sustainable Infrastructure Capital, Inc.",Financial Services,Asset Management,United States,NYSE,4657070845.0,36.44,37.75,40.24,3,28.8,1093,True,-14.93,36.23,-2.07,2.05,17.38,27.62,34.07,37.2104,35.7068,31.0432,28.5524,27.1797,46442144,1255,2026-09-25,34.97,127801066.0
NASDAQ:OSIS,OSIS,"OSI Systems, Inc.",Technology,Electronic Components,United States,NASDAQ,3251085224.0,197.24,37.75,39.59,3,28.8,1094,False,-36.31,0.0,-20.06,-20.83,-11.34,2.52,16.34,246.7321,249.1309,222.4658,192.3916,169.5353,48922133,1255,2026-09-25,42.43,16482890.0
NYSE:BA,BA,Boeing Company (The),Industrials,Aerospace & Defense,United States,NYSE,156548589861.0,198.07,37.76,39.77,3,28.8,1095,True,-21.45,10.58,-10.41,-9.05,-1.66,-0.28,-0.09,221.0811,217.7778,201.4069,198.6285,198.2504,1323480136,1255,2026-09-25,35.68,790370020.0
NYSE:ASIX,ASIX,AdvanSix Inc.,Basic Materials,Chemicals,United States,NYSE,425952769.0,15.8,37.79,39.22,3,28.9,1096,True,-38.59,13.62,-18.44,-16.57,-26.92,-30.29,-37.86,19.373,18.9371,21.6197,22.6659,25.4284,4363390,1255,2026-09-25,37.1,26959036.0
NASDAQ:AZ,AZ,A2Z Cust2Mate Solutions Corp.,Technology,Software - Application,Canada,NASDAQ,242700294.0,5.45,37.8,41.54,3,28.9,1097,False,-36.63,6.45,-14.89,-15.68,-21.81,0.85,6.42,6.4032,6.4632,6.9699,5.4043,5.1213,2240993,1255,2026-09-25,41.88,44532164.0
NASDAQ:DIBS,DIBS,"1stdibs.com, Inc.",Communication Services,Internet Content & Information,United States,NASDAQ,140274039.0,3.97,37.8,40.91,3,28.9,1098,False,-38.26,55.69,-21.29,-17.44,-1.79,-7.5,-10.21,5.044,4.8088,4.0422,4.2919,4.4214,520961,1255,2026-09-25,39.7,35333511.0
NYSE:AGL,AGL,"agilon health, inc.",Healthcare,Medical Care Facilities,United States,NYSE,1346882044.0,80.73,37.81,41.21,3,28.9,1099,True,-37.82,920.61,42.62,64.2,38.72,-25.72,-61.57,56.6032,49.1666,58.1983,108.6904,210.0496,19464821,1255,2026-09-25,28.77,16683786.0
NYSE:FITB,FITB,Fifth Third Bancorp,Financial Services,Banks - Regional,United States,NYSE,47232453300.0,52.1,37.81,40.06,3,28.9,1100,True,-12.25,32.29,1.84,5.78,16.59,29.03,41.18,51.1593,49.2509,44.6877,40.3796,36.9032,305070358,1255,2026-09-25,32.43,906573000.0
NASDAQ:LYFT,LYFT,"Lyft, Inc.",Technology,Software - Application,United States,NASDAQ,5643980838.0,14.865,37.82,41.85,3,29.0,1101,True,-39.5,17.51,-4.34,-11.03,-4.8,-0.72,5.63,15.5394,16.707,15.6138,14.9721,14.0722,157886405,1255,2026-09-25,36.01,379682532.0
NYSE:ELAN,ELAN,Elanco Animal Health Incorporated,Healthcare,Drug Manufacturers - Specialty & Generic,United States,NYSE,11142720197.0,22.31,37.84,41.27,3,29.1,1102,False,-16.88,17.92,-6.17,-4.29,22.31,32.25,44.01,23.7766,23.3094,18.2409,16.8691,15.4918,126972854,1255,2026-09-25,38.18,499449583.0
NASDAQ:MGNX,MGNX,"MacroGenics, Inc.",Healthcare,Biotechnology,United States,NASDAQ,237726080.0,3.74,37.84,42.26,3,29.1,1103,False,-23.05,181.2,16.67,30.12,43.14,-20.38,-24.04,3.2055,2.8743,2.6129,4.6976,4.9239,1964671,1255,2026-09-25,39.57,63563123.0
NYSE:OTF,OTF,Blue Owl Technology Finance Corp.,Financial Services,Asset Management,United States,NYSE,4769841123.0,10.31,37.84,42.26,3,29.1,1104,True,-24.3,4.95,-7.92,-10.26,,,,11.1962,11.4886,,,,23100322,324,2026-09-25,36.49,462642204.0
NYSE:SQM,SQM,Sociedad Quimica y Minera S.A.,Basic Materials,Specialty Chemicals,Chile,NYSE,9553156489.0,66.89,37.84,41.11,3,29.1,1105,False,-27.96,69.11,-10.74,-3.84,24.86,32.08,19.29,74.9355,69.5623,53.574,50.6438,56.0716,73140299,1255,2026-09-25,38.26,142818904.0
NASDAQ:FDSB,FDSB,"Fifth District Bancorp, Inc.",Financial Services,Banks - Regional,United States,NASDAQ,93451194.0,17.75,37.85,44.86,3,29.1,1106,False,-5.03,36.02,11.6,15.2,27.51,,,15.9048,15.4082,13.9205,,,99823,540,2026-09-25,39.19,5264856.0
NASDAQ:KOD,KOD,Kodiak Sciences Inc,Healthcare,Biotechnology,United States,NASDAQ,2024412566.0,32.35,37.85,39.63,3,29.1,1107,False,-30.34,178.88,-4.54,5.51,78.31,145.45,183.28,33.8895,30.6604,18.1422,13.1801,11.4198,28828819,1255,2026-09-25,40.75,62578441.0
NASDAQ:ROCK,ROCK,"Gibraltar Industries, Inc.",Industrials,Building Products & Equipment,United States,NASDAQ,1203087435.0,40.56,37.86,41.4,3,29.2,1108,True,-45.62,19.93,-9.18,-15.15,-26.63,-33.54,-31.72,44.66,47.8003,55.2849,61.0274,59.3999,15555063,1255,2026-09-25,34.08,29661919.0
NASDAQ:KMB,KMB,Kimberly-Clark Corporation,Consumer Defensive,Household & Personal Products,United States,NASDAQ,32672889340.0,98.43,37.87,40.13,3,29.2,1109,True,-16.79,8.52,-2.02,-3.37,-13.24,-13.95,-13.76,100.4567,101.8675,113.4464,114.3831,114.1358,475266827,1255,2026-09-25,32.12,331940357.0
NASDAQ:MNST,MNST,Monster Beverage Corporation,Consumer Defensive,Beverages - Non-Alcoholic,United States,NASDAQ,42161929622.0,43.11,37.87,40.32,3,29.2,1110,True,-13.73,33.49,1.99,5.76,24.53,34.83,40.86,42.2673,40.7633,34.6195,31.9736,30.604,427774605,1255,2026-09-25,33.81,978008110.0
NYSE:NFG,NFG,National Fuel Gas Company,Energy,Oil & Gas Integrated,United States,NYSE,7507612370.0,78.99,37.87,41.88,3,29.2,1111,False,-17.12,4.83,-4.83,-4.54,2.02,15.76,23.29,82.9957,82.7464,77.4268,68.2378,64.068,62147768,1255,2026-09-25,37.8,95045099.0
NASDAQ:CHDN,CHDN,"Churchill Downs, Incorporated",Consumer Cyclical,Gambling,United States,NASDAQ,5559988384.0,79.77,37.89,40.8,3,29.3,1112,True,-32.16,0.45,-13.51,-14.86,-23.54,-28.48,-29.73,92.2321,93.6895,104.3223,111.5334,113.5233,90888834,1255,2026-09-25,36.67,69700243.0
NYSE:SCI,SCI,Service Corporation International,Consumer Cyclical,Personal Services,United States,NYSE,10608937132.0,77.84,37.89,41.97,3,29.3,1113,True,-10.46,14.23,-1.74,-1.76,-0.62,4.87,9.19,79.2199,79.2368,78.3234,74.2276,71.2876,72212007,1255,2026-09-25,37.34,136291587.0
NYSE:NOC,NOC,Northrop Grumman Corporation,Industrials,Aerospace & Defense,United States,NYSE,72526016034.0,510.52,37.9,40.69,3,29.3,1114,True,-32.93,3.39,-14.26,-13.67,-6.15,-0.23,3.18,595.4614,591.3716,543.9813,511.7062,494.7822,423158736,1255,2026-09-25,36.66,142063026.0
NASDAQ:RLAY,RLAY,"Relay Therapeutics, Inc.",Healthcare,Biotechnology,United States,NASDAQ,3807417600.0,17.47,37.91,42.04,3,29.4,1115,False,-15.81,298.86,27.07,42.27,113.19,113.7,74.47,13.7481,12.2794,8.1944,8.1751,10.0132,66982564,1255,2026-09-25,39.66,217940332.0
NASDAQ:FLNT,FLNT,"Fluent, Inc.",Communication Services,Advertising Agencies,United States,NASDAQ,94217650.0,3.16,37.92,41.72,3,29.4,1116,False,-26.0,83.72,-1.64,6.25,15.6,8.96,-13.67,3.2129,2.9741,2.7336,2.9001,3.6604,122337,1255,2026-09-25,48.85,29815712.0
NASDAQ:PTEN,PTEN,"Patterson-UTI Energy, Inc.",Energy,Oil & Gas Drilling,United States,NASDAQ,4141628594.0,10.91,37.93,43.98,3,29.4,1117,False,-17.03,119.78,11.75,22.34,40.81,28.94,15.51,9.7631,8.918,7.748,8.4613,9.4448,104841709,1255,2026-09-25,40.94,379617653.0
NASDAQ:SANA,SANA,"Sana Biotechnology, Inc.",Healthcare,Biotechnology,United States,NASDAQ,819568733.0,2.945,37.93,40.98,3,29.4,1118,False,-50.25,9.89,-19.04,-22.25,-11.81,-30.71,-33.92,3.6376,3.7876,3.3395,4.25,4.4567,12634677,1255,2026-09-25,38.26,278291590.0
NYSE:INR,INR,"Infinity Natural Resources, Inc.",Energy,Oil & Gas E&P,United States,NYSE,244895987.0,13.06,37.94,41.79,3,29.5,1119,False,-32.09,16.61,-12.47,-9.76,,,,14.9214,14.4733,,,,4516755,415,2026-09-25,41.26,18751607.0
NASDAQ:KRNY,KRNY,Kearny Financial,Financial Services,Banks - Regional,United States,NASDAQ,589051654.0,9.36,37.94,43.98,3,29.5,1120,True,-7.6,55.66,12.8,18.62,33.28,41.72,39.28,8.2977,7.8908,7.0229,6.6045,6.7204,5210694,1255,2026-09-25,34.7,62932869.0
NYSE:AMPY,AMPY,Amplify Energy Corp.,Energy,Oil & Gas E&P,United States,NYSE,176710230.0,4.28,37.96,42.77,3,29.5,1121,False,-35.44,16.62,-13.8,-14.24,-11.15,-20.59,-28.01,4.9651,4.9907,4.817,5.3898,5.9456,2624040,1255,2026-09-25,39.85,41287437.0
NYSE:JHX,JHX,James Hardie Industries plc.,Basic Materials,Building Materials,Ireland,NYSE,15146789645.0,26.1,37.96,42.31,3,29.5,1122,False,-16.02,56.38,9.8,13.69,0.62,-8.98,-4.44,23.7708,22.9565,25.9396,28.6746,27.3117,377882530,1255,2026-09-25,37.96,580336768.0
NASDAQ:MRCY,MRCY,Mercury Systems Inc,Industrials,Aerospace & Defense,United States,NASDAQ,4934356997.0,82.18,37.97,39.89,3,29.6,1123,False,-34.89,24.29,-10.33,-6.8,21.08,46.36,54.37,91.6483,88.1789,67.8719,56.1491,53.2341,57487716,1255,2026-09-25,39.6,60043283.0
NYSE:PEW,PEW,GrabAGun Digital Holdings Inc.,Industrials,Aerospace & Defense,United States,NYSE,63504158.0,2.16,37.98,39.54,3,29.6,1124,False,-57.89,3.35,-22.59,-30.34,-68.65,,,2.7902,3.1008,6.8904,,,416546,679,2026-09-25,37.98,29400073.0
NYSE:CPS,CPS,Cooper-Standard Holdings Inc.,Consumer Cyclical,Auto Parts,United States,NYSE,403044947.0,22.7,37.99,39.64,3,29.6,1125,True,-49.78,2.16,-24.81,-26.09,-9.42,4.51,17.39,30.1892,30.7129,25.0619,21.7213,19.3379,5861977,1255,2026-09-25,34.53,17755284.0
NYSE:BBWI,BBWI,"Bath & Body Works, Inc.",Consumer Cyclical,Specialty Retail,United States,NYSE,3315691807.0,16.45,38.01,40.55,3,29.7,1126,False,-36.55,14.12,-16.2,-18.4,-34.66,-43.1,-45.67,19.6294,20.1589,25.175,28.9085,30.2804,114202208,1255,2026-09-25,40.13,201561812.0
NYSE:GDV,GDV,Gabelli Dividend & Income Trust Common Shares of Beneficial Interest,Financial Services,Asset Management,United States,NYSE,2531570298.0,28.95,38.01,41.22,3,29.7,1127,True,-5.33,16.44,2.76,4.81,15.05,25.86,35.14,28.1727,27.6222,25.163,23.0018,21.423,2865758,1255,2026-09-25,32.2,87446297.0
NASDAQ:LSAK,LSAK,"Lesaka Technologies, Inc.",Technology,Software - Infrastructure,South Africa,NASDAQ,358630599.0,4.18,38.04,39.87,3,29.7,1128,True,-23.3,12.67,-11.05,-8.56,-10.44,-7.1,-4.29,4.6995,4.5715,4.6674,4.4994,4.3676,666362,1255,2026-09-25,35.91,85796794.0
NYSE:PGR,PGR,Progressive Corporation (The),Financial Services,Insurance - Property & Casualty,United States,NYSE,119471898735.0,205.5,38.04,42.1,3,29.7,1129,True,-12.36,7.98,-1.43,-1.84,-8.79,-1.85,9.82,208.4852,209.3548,225.2929,209.372,187.1203,554652438,1255,2026-09-25,31.8,581371770.0
NYSE:CVSA,CVSA,Covista Inc.,Consumer Defensive,Education & Training Services,United States,NYSE,4109229605.0,120.75,38.05,42.89,3,29.8,1130,False,-21.82,35.13,3.38,2.45,7.89,28.18,49.86,116.8076,117.8592,111.9219,94.2031,80.5753,45046590,1255,2026-09-25,43.47,34030887.0
NASDAQ:THFF,THFF,First Financial Corporation,Financial Services,Banks - Regional,United States,NASDAQ,898551662.0,75.56,38.06,42.12,3,29.8,1131,False,-8.73,50.33,9.31,14.33,32.69,52.11,63.69,69.1274,66.0894,56.9454,49.6747,46.1615,9860429,1255,2026-09-25,35.45,11891896.0
NYSE:FTI,FTI,TechnipFMC plc,Energy,Oil & Gas Equipment & Services,United Kingdom,NYSE,27839749904.0,70.99,38.09,42.87,3,29.8,1132,True,-11.35,100.23,7.05,16.18,54.36,85.2,120.54,66.3164,61.1028,45.9906,38.3307,32.1886,223737563,1255,2026-09-25,37.91,392164388.0
NYSE:RWT,RWT,"Redwood Trust, Inc.",Real Estate,REIT - Mortgage,United States,NYSE,467258040.0,3.72,38.09,38.25,3,29.8,1133,True,-37.53,9.59,-23.51,-23.09,-24.98,-24.59,-23.14,4.8633,4.837,4.9585,4.9331,4.8401,29245372,1255,2026-09-25,36.13,125607000.0
NASDAQ:EEFT,EEFT,"Euronet Worldwide, Inc.",Technology,Software - Infrastructure,United States,NASDAQ,2498106917.0,65.61,38.11,40.91,3,29.9,1134,True,-26.65,2.95,-8.8,-10.63,-24.65,-28.1,-29.71,71.9378,73.4131,87.0767,91.2472,93.3387,42406764,1255,2026-09-25,32.67,38075094.0
NYSE:AGM,AGM,Federal Agricultural Mortgage Corporation,Financial Services,Credit Services,United States,NYSE,1995028827.0,214.01,38.12,44.75,3,29.9,1135,False,-10.84,56.44,17.3,20.42,19.16,22.47,32.78,182.4479,177.7172,179.6038,174.7455,161.1763,25223464,1255,2026-09-25,45.69,9322129.0
NYSE:LCLN,LCLN,"Lincoln International, Inc.",Financial Services,Capital Markets,United States,NYSE,814373736.0,23.37,38.12,43.82,3,29.9,1136,True,-14.05,14.71,,,,,,,,,,,22006252,89,2026-09-25,35.94,34846972.0
NYSE:OGE,OGE,OGE Energy Corp,Utilities,Utilities - Regulated Electric,United States,NYSE,9256907470.0,44.81,38.12,40.11,3,29.9,1137,True,-10.29,8.36,-2.9,-1.93,3.07,12.88,18.61,46.1482,45.6899,43.4742,39.6955,37.7795,75418227,1255,2026-09-25,31.3,206581287.0
NASDAQ:SIFY,SIFY,Sify Technologies Limited - American Depository Shares,Communication Services,Telecom Services,India,NASDAQ,967002110.0,13.35,38.12,40.85,3,29.9,1138,False,-23.05,28.74,-8.29,-5.4,40.73,54.37,49.24,14.5569,14.1113,9.4861,8.6483,8.9456,458050,1255,2026-09-25,38.79,72434615.0
NASDAQ:TVTX,TVTX,"Travere Therapeutics, Inc.",Healthcare,Biotechnology,United States,NASDAQ,5527498273.0,59.44,38.12,43.95,3,29.9,1139,False,-11.97,148.7,33.89,42.94,99.08,163.02,173.34,44.3936,41.5827,29.8575,22.5987,21.7458,97453410,1255,2026-09-25,41.14,92992905.0
NYSE:RFL,RFL,"Rafael Holdings, Inc.",Real Estate,Real Estate Services,United States,NYSE,99352896.0,1.94,38.13,42.87,3,30.0,1140,True,-48.68,67.24,16.71,22.1,14.85,15.76,10.82,1.6623,1.5888,1.6892,1.6758,1.7507,323641,1255,2026-09-25,36.03,51212833.0
NYSE:BG,BG,Bunge Limited,Consumer Defensive,Farm Products,United States,NYSE,20940984407.0,109.0,38.14,42.13,4,30.1,1141,False,-16.53,40.82,-4.91,-0.44,16.68,16.23,17.81,114.628,109.4765,93.4177,93.7835,92.5251,241399440,1255,2026-09-25,39.78,192119123.0
NYSE:FBIN,FBIN,"Fortune Brands Innovations, Inc.",Industrials,Building Products & Equipment,United States,NYSE,4697774761.0,39.38,38.14,39.39,4,30.1,1142,True,-37.79,19.48,-14.6,-15.7,-27.98,-33.97,-33.34,46.1124,46.7159,54.6821,59.637,59.0797,88504814,1255,2026-09-25,29.63,119293417.0
NYSE:GAM,GAM,"General American Investors, Inc.",Financial Services,Asset Management,United States,NYSE,1547615948.0,64.52,38.15,42.17,4,30.1,1143,True,-5.05,17.85,2.76,4.76,18.23,32.11,46.51,62.7867,61.5878,54.5727,48.8396,44.0371,1110586,1255,2026-09-25,37.65,23986608.0
NASDAQ:TYRA,TYRA,"Tyra Biosciences, Inc.",Healthcare,Biotechnology,United States,NASDAQ,1294075491.0,21.76,38.15,39.91,4,30.1,1144,False,-45.06,73.52,-28.73,-21.08,6.55,13.51,25.47,30.5332,27.573,20.4229,19.1708,17.343,33908618,1255,2026-09-25,39.88,59470381.0
NYSE:USB,USB,U.S. Bancorp,Financial Services,Banks - Regional,United States,NYSE,92420223422.0,59.33,38.16,41.14,4,30.1,1145,True,-9.31,34.81,4.13,8.3,20.62,31.84,40.75,56.9748,54.7825,49.1878,45.0002,42.1531,474234851,1255,2026-09-25,30.83,1557731728.0
NYSE:RCUS,RCUS,"Arcus Biosciences, Inc.",Healthcare,Biotechnology,United States,NYSE,3140555855.0,24.97,38.17,40.9,4,30.2,1146,False,-20.91,101.86,0.94,6.01,41.21,44.77,36.03,24.7385,23.5538,17.6824,17.2481,18.3562,45937961,1255,2026-09-25,38.54,125773162.0
NASDAQ:FTAI,FTAI,FTAI Aviation Ltd.,Industrials,Aerospace & Defense,United States,NASDAQ,17965606725.0,175.06,38.19,40.12,4,30.2,1147,True,-43.22,15.21,-25.51,-20.79,0.32,25.89,58.79,235.0097,221.0197,174.5063,139.0618,110.2473,263659177,1255,2026-09-25,37.77,102625424.0
NYSE:ATMU,ATMU,Atmus Filtration Technologies Inc.,Consumer Cyclical,Auto Parts,United States,NYSE,3651574256.0,44.71,38.2,39.81,4,30.2,1148,False,-31.65,4.96,-17.28,-14.85,-2.31,13.7,,54.0481,52.5058,45.7673,39.3216,,33227816,836,2026-09-25,38.58,81672428.0
NASDAQ:AXSM,AXSM,"Axsome Therapeutics, Inc.",Healthcare,Biotechnology,United States,NASDAQ,10039285749.0,195.09,38.21,40.22,4,30.3,1149,False,-23.55,68.17,-1.89,5.17,34.12,58.83,78.91,198.8471,185.5056,145.4617,122.831,109.0433,126818951,1255,2026-09-25,38.84,51459766.0
NYSE:BDN,BDN,Brandywine Realty Trust,Real Estate,REIT - Office,United States,NYSE,492592812.0,2.86,38.22,41.53,4,30.3,1150,False,-28.23,22.45,-2.21,-4.71,-18.72,-18.52,-18.53,2.9247,3.0015,3.5186,3.5101,3.5104,5530586,1255,2026-09-25,40.34,172235249.0
NASDAQ:LZ,LZ,"LegalZoom.com, Inc.",Industrials,Specialty Business Services,United States,NASDAQ,964660434.0,5.62,38.22,41.6,4,30.3,1151,False,-48.61,3.5,-20.02,-26.32,-30.84,-35.49,-37.69,7.0266,7.6274,8.1259,8.7115,9.0192,16279443,1255,2026-09-25,38.82,171647764.0
NASDAQ:NEGG,NEGG,"Newegg Commerce, Inc.",Consumer Cyclical,Internet Retail,United States,NASDAQ,283560679.0,13.52,38.22,40.29,4,30.3,1152,False,-85.41,5.05,-57.84,-65.05,-53.24,-46.56,-48.65,32.0716,38.6837,28.9165,25.3001,26.3315,798681,1255,2026-09-25,41.83,20973423.0
NASDAQ:ABEO,ABEO,Abeona Therapeutics Inc.,Healthcare,Biotechnology,United States,NASDAQ,307773778.0,5.4,38.23,40.68,4,30.4,1153,False,-27.61,29.5,-2.78,-0.71,-4.96,-2.21,8.24,5.5545,5.4385,5.6819,5.5218,4.9888,7937585,1255,2026-09-25,38.9,56995144.0
NASDAQ:CVRX,CVRX,"CVRx, Inc.",Healthcare,Medical Devices,United States,NASDAQ,71647049.0,2.7,38.24,38.74,4,30.4,1154,True,-75.02,13.92,-55.4,-59.97,-68.11,-75.27,-76.57,6.0543,6.7443,8.4675,10.9163,11.5249,1714718,1255,2026-09-25,31.44,26535944.0
NASDAQ:HRTX,HRTX,"Heron Therapeutics, Inc.",Healthcare,Biotechnology,United States,NASDAQ,54891017.0,0.29,38.27,37.77,4,30.4,1155,False,-80.54,7.41,-64.85,-67.91,-78.6,-82.42,-84.08,0.825,0.9038,1.355,1.6497,1.8219,633314,1255,2026-09-25,38.27,189279369.0
NASDAQ:DFTX,DFTX,"Definium Therapeutics, Inc.",Healthcare,Biotechnology,United States,NASDAQ,4801323497.0,36.17,38.28,42.01,4,30.5,1156,False,-25.35,270.21,35.09,52.27,132.18,191.7,255.66,26.7746,23.7533,15.5784,12.3998,10.1697,89475444,1255,2026-09-25,39.74,132743254.0
NASDAQ:FIVE,FIVE,"Five Below, Inc.",Consumer Cyclical,Specialty Retail,United States,NASDAQ,12308745133.0,222.6,38.28,43.94,4,30.5,1157,True,-15.27,60.73,4.17,10.38,45.23,46.09,39.28,213.6936,201.6738,153.2787,152.3673,159.8182,313907212,1255,2026-09-25,38.05,55295351.0
NASDAQ:KBON,KBON,Karbon Capital Partners Corp.,Financial Services,Shell Companies,United States,NASDAQ,356377300.0,10.07,38.28,42.24,4,30.5,1158,False,-0.79,0.5,,,,,,,,,,,641301,168,2026-09-25,38.28,35390000.0
NYSE:BAX,BAX,Baxter International Inc.,Healthcare,Medical Instruments & Supplies,United States,NYSE,12082196497.0,23.37,38.29,43.08,4,30.5,1159,False,-17.53,48.05,12.93,13.21,-8.28,-19.2,-27.93,20.6948,20.6427,25.4806,28.9244,32.429,153914309,1255,2026-09-25,39.28,516995999.0
NASDAQ:LNSR,LNSR,"LENSAR, Inc.",Healthcare,Medical Devices,United States,NASDAQ,84988541.0,6.92,38.29,44.4,4,30.5,1160,False,-45.64,38.12,-14.96,-21.39,-29.67,-11.33,2.99,8.1378,8.8035,9.8392,7.8045,6.7191,588377,1255,2026-09-25,40.7,12281581.0
NASDAQ:SGMT,SGMT,Sagimet Biosciences Inc. - Series A,Healthcare,Biotechnology,United States,NASDAQ,565343052.0,9.24,38.29,44.5,4,30.5,1161,True,-17.28,103.08,30.3,28.74,47.67,57.89,,7.0912,7.177,6.2573,5.8522,,11715858,804,2026-09-25,36.5,61184313.0
NYSE:CTVA,CTVA,"Corteva, Inc.",Basic Materials,Agricultural Inputs,United States,NYSE,52515746400.0,78.52,38.3,42.36,4,30.6,1162,False,-13.06,29.93,0.4,4.39,12.89,24.07,27.29,78.2079,75.2172,69.5558,63.2859,61.6877,414493699,1255,2026-09-25,40.75,668820000.0
NYSE:ESRT,ESRT,"Empire State Realty Trust, Inc.",Real Estate,REIT - Diversified,United States,NYSE,704701862.0,4.11,38.3,37.98,4,30.6,1163,False,-47.05,4.58,-24.74,-29.17,-42.7,-47.23,-45.42,5.4609,5.8028,7.1722,7.7891,7.5303,19392600,1255,2026-09-25,40.08,171460307.0
NYSE:UBER,UBER,"Uber Technologies, Inc.",Technology,Software - Application,United States,NYSE,141718403285.0,69.62,38.3,42.24,4,30.6,1164,True,-30.45,5.58,-7.36,-11.71,-12.1,-6.57,7.72,75.1515,78.8575,79.2012,74.5171,64.6294,1339232118,1255,2026-09-25,36.36,2035599013.0
NYSE:BV,BV,"BrightView Holdings, Inc.",Industrials,Specialty Business Services,United States,NYSE,970212000.0,10.41,38.31,38.53,4,30.7,1165,True,-29.9,5.05,-17.36,-17.51,-25.29,-19.27,-9.28,12.5961,12.6202,13.933,12.8951,11.4749,9992411,1255,2026-09-25,25.45,93200000.0
NASDAQ:ABNB,ABNB,"Airbnb, Inc.",Consumer Cyclical,Travel Services,United States,NASDAQ,66063319183.0,157.47,38.32,42.69,4,30.7,1166,False,-17.34,41.18,10.34,13.8,16.8,15.14,19.51,142.7133,138.3734,134.8166,136.766,131.7621,877767154,1255,2026-09-25,29.42,419529556.0
NYSE:WEX,WEX,WEX Inc.,Technology,Software - Infrastructure,United States,NYSE,6076069609.0,178.28,38.32,44.11,4,30.7,1167,False,-12.29,40.53,10.58,12.06,10.26,2.93,2.68,161.2181,159.0898,161.6961,173.2021,173.634,107592570,1255,2026-09-25,44.78,34081611.0
NASDAQ:BGM,BGM,BGM Group Ltd.,Healthcare,Drug Manufacturers - Specialty & Generic,China,NASDAQ,91349606.0,0.24,38.35,41.12,4,30.8,1168,False,-97.66,0.0,-79.29,-91.41,-96.15,-95.56,-95.56,1.1591,2.7926,6.2285,5.4019,5.4067,32050,1255,2026-09-25,41.31,380623358.0
NASDAQ:SPRB,SPRB,"Spruce Biosciences, Inc.",Healthcare,Biotechnology,United States,NASDAQ,134090984.0,48.72,38.35,43.13,4,30.8,1169,False,-73.32,528.65,-19.5,-30.5,-93.65,-98.58,-99.09,60.524,70.0988,767.1833,3440.3171,5370.1095,6031466,1255,2026-09-25,38.92,2752278.0
NASDAQ:AMPG,AMPG,"Amplitech Group, Inc.",Technology,Communication Equipment,United States,NASDAQ,84631589.0,3.34,38.36,39.96,4,30.8,1170,False,-65.57,89.77,-14.01,-12.28,13.09,32.84,34.81,3.8842,3.8077,2.9534,2.5143,2.4775,2762526,1255,2026-09-25,40.96,25338799.0
NYSE:DOW,DOW,Dow Inc.,Basic Materials,Chemicals,United States,NYSE,20239986722.0,28.02,38.36,41.35,4,30.8,1171,False,-31.61,42.39,-10.47,-4.5,-8.94,-22.17,-25.82,31.2985,29.3399,30.7719,36.0035,37.7752,259690229,1255,2026-09-25,41.85,722340711.0
NASDAQ:CCLD,CCLD,"CareCloud, Inc.",Healthcare,Health Information Services,United States,NASDAQ,87110545.0,2.05,38.37,41.25,4,30.9,1172,False,-46.19,0.49,-22.15,-25.35,-24.28,-12.85,-19.7,2.6334,2.7462,2.7075,2.3523,2.5528,708514,1255,2026-09-25,38.89,42492949.0
NYSE:SSB,SSB,SouthState Bank Corporation,Financial Services,Banks - Regional,United States,NYSE,9935663209.0,102.46,38.39,43.3,4,30.9,1173,False,-8.18,22.28,3.94,5.8,7.74,15.52,22.26,98.5805,96.8448,95.1025,88.6984,83.8072,70980591,1255,2026-09-25,34.72,96971142.0
NASDAQ:PEPG,PEPG,PepGen Inc.,Healthcare,Biotechnology,United States,NASDAQ,179148267.0,2.59,38.4,44.77,4,30.9,1174,False,-63.88,91.85,-25.28,-31.61,-23.2,-55.59,-64.85,3.4665,3.7873,3.3722,5.8327,7.3694,1959829,1101,2026-09-25,41.32,69169215.0
NYSE:HLLY,HLLY,Holley Inc.,Consumer Cyclical,Auto Parts,United States,NYSE,297313525.0,2.47,38.41,41.27,4,30.9,1175,True,-43.74,4.66,-23.16,-24.03,-16.69,-26.14,-27.47,3.2146,3.2514,2.9649,3.344,3.4055,3397355,1255,2026-09-25,36.21,120369848.0
NYSE:ATI,ATI,ATI Inc.,Industrials,Metal Fabrication,United States,NYSE,25312534800.0,185.48,38.42,41.87,4,31.0,1176,False,-19.98,139.61,12.41,23.74,71.66,108.56,144.23,165.0037,149.8947,108.0488,88.9318,75.9454,401502262,1255,2026-09-25,38.97,136470427.0
NASDAQ:DLTR,DLTR,"Dollar Tree, Inc.",Consumer Defensive,Discount Stores,United States,NASDAQ,21921355253.0,114.07,38.43,41.23,4,31.0,1177,False,-19.22,34.14,-3.01,-0.01,15.71,8.99,-0.51,117.6097,114.0832,98.5824,104.6638,114.6512,342043823,1255,2026-09-25,37.12,192174588.0
NYSE:MAC,MAC,Macerich Company (The),Real Estate,REIT - Retail,United States,NYSE,6736744250.0,22.64,38.43,40.46,4,31.0,1178,False,-13.95,44.37,5.98,10.89,21.33,34.05,50.14,21.362,20.4174,18.6598,16.8897,15.0796,80334197,1255,2026-09-25,38.43,297559375.0
NASDAQ:VTVT,VTVT,vTv Therapeutics Inc.,Healthcare,Biotechnology,United States,NASDAQ,118986737.0,30.21,38.43,41.84,4,31.0,1179,False,-29.28,49.33,-12.69,-7.29,22.87,37.13,23.95,34.6023,32.5848,24.5867,22.0306,24.3727,1276921,1255,2026-09-25,41.38,3938654.0
NYSE:CWH,CWH,"Camping World Holdings, Inc.",Consumer Cyclical,Auto & Truck Dealerships,United States,NYSE,344032920.0,5.39,38.45,40.5,4,31.1,1180,True,-67.56,3.85,-33.52,-41.18,-61.16,-66.86,-69.93,8.1078,9.1633,13.8783,16.2648,17.9233,11284783,1255,2026-09-25,33.62,63828000.0
NYSE:NXE,NXE,Nexgen Energy Ltd.,Energy,Uranium,Canada,NYSE,6082947579.0,9.19,38.45,41.86,4,31.1,1181,False,-33.98,21.56,-15.64,-12.12,7.77,15.29,30.02,10.8943,10.4571,8.5275,7.9711,7.0683,39825524,1255,2026-09-25,39.4,661909421.0
NYSE:NREF,NREF,"NexPoint Real Estate Finance, Inc.",Real Estate,REIT - Mortgage,United States,NYSE,297233417.0,15.77,38.48,43.12,4,31.1,1182,True,-10.6,37.93,9.58,13.24,20.41,29.12,35.3,14.3908,13.9258,13.0965,12.213,11.6559,1114053,1255,2026-09-25,38.27,18848029.0
NASDAQ:IBIO,IBIO,"iBio, Inc.",Healthcare,Biotechnology,United States,NASDAQ,59117488.0,1.19,38.49,39.45,4,31.1,1183,False,-61.24,50.63,-35.53,-29.88,-36.88,-43.6,-85.57,1.846,1.697,1.8854,2.1099,8.2467,830121,1255,2026-09-25,39.3,49678561.0
NYSE:MDU,MDU,"MDU Resources Group, Inc. Common Stock (Holding Company)",Utilities,Utilities - Regulated Gas,United States,NYSE,3920953010.0,18.76,38.5,38.29,4,31.2,1184,False,-16.55,13.08,-8.09,-6.78,3.16,17.32,28.76,20.4113,20.125,18.1861,15.9905,14.57,37863710,1255,2026-09-25,34.82,209006024.0
NYSE:SPG,SPG,"Simon Property Group, Inc.",Real Estate,REIT - Retail,United States,NYSE,66419421216.0,204.82,38.5,40.15,4,31.2,1185,False,-12.54,23.63,2.73,5.61,16.44,28.76,43.34,199.3816,193.9322,175.8969,159.0746,142.8897,265621866,1255,2026-09-25,38.09,324281912.0
NYSE:CNR,CNR,"Core Natural Resources, Inc.",Energy,Thermal Coal,United States,NYSE,4487285442.0,89.02,38.51,43.77,4,31.2,1186,True,-21.22,17.65,-1.9,-0.42,1.34,-0.81,6.98,90.7482,89.3979,87.8448,89.7454,83.213,48041923,1255,2026-09-25,37.79,50407610.0
NYSE:OC,OC,Owens Corning Inc Common Stock New,Industrials,Building Products & Equipment,United States,NYSE,9978264007.0,123.91,38.51,40.24,4,31.2,1187,True,-22.03,28.58,-1.05,0.2,-10.98,-12.92,-5.75,125.2296,123.6642,139.1921,142.2994,131.4663,148091596,1255,2026-09-25,32.7,80528319.0
NYSE:THG,THG,Hanover Insurance Group Inc,Financial Services,Insurance - Property & Casualty,United States,NYSE,7571308854.0,217.44,38.53,44.31,4,31.3,1188,False,-6.61,31.7,12.79,14.99,25.25,39.29,48.86,192.7889,189.1022,173.6036,156.1063,146.0692,69758460,1255,2026-09-25,39.19,34820221.0
NYSE:WFC,WFC,Wells Fargo & Company,Financial Services,Banks - Diversified,United States,NYSE,250901224908.0,82.97,38.53,42.41,4,31.3,1189,False,-12.51,13.66,-1.57,-1.28,6.89,21.56,36.03,84.2894,84.0425,77.6187,68.2532,60.994,1250948878,1255,2026-09-25,35.11,3023999336.0
NYSE:RBA,RBA,"RB Global, Inc.",Industrials,Specialty Business Services,United States,NYSE,15367887000.0,82.49,38.54,37.98,4,31.3,1190,True,-30.28,2.42,-19.07,-18.86,-17.52,-8.51,1.09,101.9331,101.6612,100.0129,90.1629,81.6016,145188295,1255,2026-09-25,38.41,186300000.0
NYSE:CURB,CURB,Curbline Properties Corp.,Real Estate,REIT - Retail,United States,NYSE,3273982192.0,28.46,38.57,40.51,4,31.4,1191,False,-10.36,30.69,3.52,7.28,,,,27.492,26.5287,,,,44992039,501,2026-09-25,38.2,115038025.0
NASDAQ:EXTR,EXTR,"Extreme Networks, Inc.",Technology,Communication Equipment,United States,NASDAQ,2823768320.0,21.52,38.59,39.45,4,31.4,1192,False,-36.16,56.62,1.1,3.45,15.27,23.8,18.78,21.2859,20.8029,18.6696,17.383,18.118,29618663,1255,2026-09-25,39.42,131216000.0
NYSE:H,H,Hyatt Hotels Corporation,Consumer Cyclical,Lodging,United States,NYSE,6592915228.0,158.48,38.59,39.08,4,31.4,1193,False,-21.51,17.44,-6.3,-3.93,3.47,7.65,16.02,169.1279,164.9692,153.1717,147.2209,136.5942,128452934,1255,2026-09-25,39.36,41600929.0
NASDAQ:KEQU,KEQU,Kewaunee Scientific Corporation,Consumer Cyclical,"Furnishings, Fixtures & Appliances",United States,NASDAQ,97586744.0,34.02,38.59,41.08,4,31.4,1194,False,-26.19,0.15,-9.07,-11.13,-19.81,-13.52,1.39,37.4141,38.2796,42.4218,39.339,33.5549,165568,1255,2026-09-25,40.1,2868511.0
NASDAQ:PBAM,PBAM,"Private Bancorp of America, Inc.",Financial Services,Banks - Regional,United States,NASDAQ,493841280.0,86.25,38.59,47.3,4,31.4,1195,True,-5.43,56.85,19.07,24.39,39.24,61.91,81.28,72.4341,69.3403,61.9454,53.2712,47.5776,15017391,1255,2026-09-25,35.02,5725696.0
NASDAQ:FER,FER,Ferrovial N.V.,Industrials,Engineering & Construction,Netherlands,NASDAQ,40250758814.0,55.83,38.6,37.35,4,31.5,1196,False,-24.2,2.93,-15.09,-14.03,0.97,14.35,29.38,65.7492,64.9379,55.2937,48.8256,43.1534,79983756,1255,2026-09-25,35.38,720952155.0
NYSE:FVRR,FVRR,"Fiverr International Ltd. Ordinary Shares, no par value",Communication Services,Internet Content & Information,Israel,NYSE,307378724.0,8.55,38.61,40.91,4,31.5,1197,False,-66.29,0.59,-29.1,-39.59,-59.26,-61.16,-65.02,12.0588,14.1536,20.9865,22.0136,24.4435,4621631,1255,2026-09-25,37.75,35950728.0
NYSE:EQBK,EQBK,"Equity Bancshares, Inc.",Financial Services,Banks - Regional,United States,NYSE,994620555.0,48.36,38.62,42.25,4,31.5,1198,False,-6.51,26.18,3.11,5.79,12.15,23.16,33.72,46.902,45.7119,43.1199,39.2661,36.1655,5254858,1255,2026-09-25,36.17,20567009.0
NYSE:BCS,BCS,Barclays PLC,Financial Services,Banks - Diversified,United Kingdom,NYSE,83651329096.0,24.81,38.63,40.97,4,31.6,1199,False,-12.15,31.14,-0.1,3.42,26.13,55.11,80.98,24.8355,23.9891,19.6696,15.9954,13.7086,112562087,1255,2026-09-25,33.8,3371677916.0
NASDAQ:TROO,TROO,"TROOPS, Inc.",Financial Services,Credit Services,Hong Kong,NASDAQ,216223494.0,1.77,38.63,41.82,4,31.6,1200,False,-64.74,56.64,-36.78,-29.19,-7.0,-17.52,-25.9,2.7996,2.4996,1.9032,2.1459,2.3887,677195,1255,2026-09-25,39.56,122160166.0
NASDAQ:UNCY,UNCY,"Unicycive Therapeutics, Inc.",Healthcare,Biotechnology,United States,NASDAQ,128610262.0,4.695,38.63,40.93,4,31.6,1201,False,-45.15,25.53,-26.04,-22.81,-19.08,-28.69,-37.6,6.3482,6.0827,5.8021,6.5835,7.524,4008629,1255,2026-09-25,41.41,27393027.0
NYSE:PBI,PBI,Pitney Bowes Inc.,Industrials,Integrated Freight & Logistics,United States,NYSE,2245537673.0,16.38,38.64,42.7,4,31.7,1202,False,-11.0,85.35,17.64,24.61,48.51,85.39,120.91,13.9238,13.1453,11.0294,8.8353,7.4148,28875173,1255,2026-09-25,38.15,137090212.0
NASDAQ:ZM,ZM,"Zoom Communications, Inc.",Technology,Software - Application,United States,NASDAQ,23741360723.0,89.71,38.64,42.23,4,31.7,1203,False,-19.82,23.36,-1.49,0.36,7.13,16.19,18.46,91.065,89.3843,83.7386,77.2114,75.7309,280874809,1255,2026-09-25,39.71,264645644.0
NYSE:PACS,PACS,"PACS Group, Inc.",Healthcare,Medical Care Facilities,United States,NYSE,6536649129.0,41.3,38.67,42.72,4,31.7,1204,False,-14.76,290.36,6.6,20.54,64.61,,,38.7419,34.2638,25.0898,,,31280226,617,2026-09-25,39.48,158272376.0
NASDAQ:RUSHA,RUSHA,"Rush Enterprises, Inc.",Consumer Cyclical,Auto & Truck Dealerships,United States,NASDAQ,2927917211.0,47.97,38.67,41.98,4,31.7,1205,False,-12.81,55.99,3.57,9.81,20.27,31.88,45.07,46.3168,43.6843,39.8837,36.3737,33.0667,31389038,1255,2026-09-25,38.72,61036423.0
NASDAQ:UBCP,UBCP,"United Bancorp, Inc.",Financial Services,Banks - Regional,United States,NASDAQ,88099624.0,14.82,38.67,42.74,4,31.7,1206,False,-10.7,25.65,-0.44,3.07,11.71,21.04,24.9,14.8862,14.3783,13.267,12.2443,11.8652,108493,1255,2026-09-25,43.45,5944644.0
NASDAQ:AGNT,AGNT,"AGNT, Inc.",Real Estate,Real Estate Services,United States,NASDAQ,596495844.0,3.63,38.68,40.43,4,31.8,1207,True,-68.34,2.83,-39.8,-47.74,-58.13,-62.67,-66.36,6.0302,6.946,8.6695,9.7238,10.7915,7139684,1255,2026-09-25,34.4,164323924.0
NASDAQ:IFRX,IFRX,InflaRx N.V.,Healthcare,Biotechnology,Germany,NASDAQ,278383504.0,1.89,38.69,43.46,4,31.8,1208,False,-31.02,129.09,20.44,24.77,24.83,21.89,-3.98,1.5692,1.5148,1.5141,1.5506,1.9684,1108167,1255,2026-09-25,40.71,147292859.0
NASDAQ:PAX,PAX,Patria Investments Limited,Financial Services,Asset Management,Cayman Islands,NASDAQ,700911790.0,10.24,38.69,40.51,4,31.8,1209,True,-39.44,2.4,-16.86,-19.15,-15.05,-14.6,-14.51,12.3168,12.6658,12.0543,11.99,11.9782,11845569,1255,2026-09-25,35.95,68448417.0
NASDAQ:STRA,STRA,"Strategic Education, Inc.",Consumer Defensive,Education & Training Services,United States,NASDAQ,1737349798.0,76.83,38.7,42.35,4,31.9,1210,False,-11.67,8.04,-3.44,-2.98,-5.7,-9.55,-5.83,79.5661,79.1859,81.4782,84.9422,81.5889,25239808,1255,2026-09-25,46.59,22612909.0
NYSE:EQT,EQT,EQT Corporation,Energy,Oil & Gas E&P,United States,NYSE,31782467960.0,50.81,38.72,41.66,4,31.9,1211,False,-24.76,4.34,-8.31,-8.47,-2.27,8.73,15.66,55.4172,55.5146,51.9908,46.7316,43.9323,389962705,1255,2026-09-25,44.4,625516000.0
NASDAQ:MZTI,MZTI,The Marzetti Company,Consumer Defensive,Packaged Foods,United States,NASDAQ,2755126619.0,100.47,38.72,40.68,4,31.9,1212,False,-40.76,0.55,-22.85,-26.58,-34.8,-37.19,-38.74,130.2316,136.8492,154.0983,159.9636,163.996,48277554,1255,2026-09-25,39.92,27422381.0
NASDAQ:RGP,RGP,"Resources Connection, Inc.",Industrials,Consulting Services,United States,NASDAQ,130541343.0,3.79,38.73,41.62,4,31.9,1213,True,-24.55,12.74,-8.58,-9.68,-26.57,-45.64,-56.51,4.1459,4.1962,5.1612,6.972,8.7148,1386440,1255,2026-09-25,36.59,34443626.0
NYSE:CB,CB,Chubb Limited,Financial Services,Insurance - Property & Casualty,Switzerland,NYSE,128614098995.0,333.37,38.74,43.08,4,32.0,1214,False,-8.01,25.43,1.81,4.71,11.88,19.57,29.35,327.4447,318.3608,297.9751,278.8153,257.7287,549826644,1255,2026-09-25,40.8,385799859.0
NYSE:LAC,LAC,Lithium Americas Corp.,Basic Materials,Other Industrial Metals & Mining,Canada,NYSE,998111191.0,2.75,38.74,40.2,4,32.0,1215,False,-72.64,1.48,-36.06,-41.17,-28.73,,,4.3011,4.6746,3.8586,,,28946986,749,2026-09-25,41.81,362949524.0
NASDAQ:NXST,NXST,"Nexstar Media Group, Inc.",Communication Services,Broadcasting,United States,NASDAQ,4993652600.0,162.1,38.74,40.31,4,32.0,1216,True,-34.84,5.83,-16.68,-15.96,-8.75,-2.92,-0.55,194.5445,192.8831,177.6344,166.9757,162.993,66522835,1255,2026-09-25,37.94,30806000.0
NASDAQ:NODK,NODK,"NI Holdings, Inc.",Financial Services,Insurance - Property & Casualty,United States,NASDAQ,303125268.0,14.8,38.75,41.98,4,32.0,1217,True,-9.37,18.59,4.36,5.57,5.05,4.85,6.05,14.182,14.0197,14.0885,14.1159,13.9552,545015,1255,2026-09-25,35.53,20481437.0
NYSE:AMTM,AMTM,"Amentum Holdings, Inc.",Industrials,Specialty Business Services,United States,NYSE,4688430162.0,19.19,38.76,40.94,4,32.1,1218,False,-48.87,0.0,-25.75,-24.75,,,,25.8442,25.5032,,,,33138682,503,2026-09-25,40.61,244316319.0
NASDAQ:CCB,CCB,Coastal Financial Corporation,Financial Services,Banks - Regional,United States,NASDAQ,684880481.0,44.82,38.76,38.19,4,32.1,1219,True,-62.33,12.3,-42.1,-46.39,-47.17,-36.81,-29.66,77.4066,83.6,84.8389,70.929,63.7148,8445119,1255,2026-09-25,33.17,15280689.0
NASDAQ:INBK,INBK,First Internet Bancorp,Financial Services,Banks - Regional,United States,NASDAQ,230032710.0,26.39,38.76,42.77,4,32.1,1220,True,-11.86,54.14,9.79,13.9,0.83,-0.67,5.12,24.0379,23.1695,26.1717,26.5675,25.1056,1545776,1255,2026-09-25,35.3,8716662.0
NASDAQ:STEP,STEP,StepStone Group Inc.,Financial Services,Asset Management,United States,NASDAQ,3650335915.0,44.36,38.76,42.97,4,32.1,1221,True,-39.98,12.93,-13.55,-16.71,-18.67,-7.58,5.69,51.3106,53.2621,54.5431,48.0008,41.9707,54040475,1255,2026-09-25,35.46,82288907.0
NYSE:BRT,BRT,BRT Apartments Corp. (MD),Real Estate,REIT - Residential,United States,NYSE,259183346.0,13.77,38.77,41.0,4,32.2,1222,True,-11.9,6.01,-3.48,-3.21,-6.92,-7.63,-9.38,14.2661,14.2271,14.7939,14.9077,15.1957,795957,1255,2026-09-25,36.5,18822320.0
NASDAQ:ESOA,ESOA,Energy Services of America Corporation,Industrials,Engineering & Construction,United States,NASDAQ,207495630.0,11.12,38.77,37.6,4,32.2,1223,False,-42.5,41.37,-17.29,-12.64,-5.18,10.83,36.16,13.4449,12.7286,11.7275,10.0333,8.1669,1399163,1255,2026-09-25,38.1,18659679.0
NYSE:WBI,WBI,WaterBridge Infrastructure LLC Class A Shares Representing Limited Liability Company Interests,Energy,Oil & Gas Equipment & Services,United States,NYSE,1401078558.0,29.8,38.77,41.78,4,32.2,1224,False,-17.57,59.69,7.22,10.35,,,,27.7941,27.0052,,,,21673819,258,2026-09-25,39.56,47016059.0
NASDAQ:GWRS,GWRS,"Global Water Resources, Inc.",Utilities,Utilities - Regulated Water,United States,NASDAQ,232985435.0,8.1,38.78,45.42,4,32.3,1225,True,-23.58,23.63,3.66,-0.54,-13.27,-18.75,-21.35,7.8141,8.1438,9.3394,9.9693,10.2985,733603,1255,2026-09-25,32.1,28763634.0
NASDAQ:SEV,SEV,Aptera Motors Corp.,,,,NASDAQ,54190157.0,1.97,38.78,42.53,4,32.3,1226,False,-81.83,39.72,-25.51,,,,,2.6448,,,,,524269,237,2026-09-25,40.24,27507694.0
NYSE:KKR,KKR,KKR & Co. Inc.,Financial Services,Asset Management,United States,NYSE,86797377206.0,96.67,38.79,42.33,4,32.3,1227,True,-31.9,15.69,-6.87,-10.05,-20.11,-13.13,0.23,103.8047,107.4753,121.004,111.2782,96.4482,379040086,1255,2026-09-25,36.1,897872941.0
NASDAQ:AMCI,AMCI,AMC Robotics Corporation,Technology,Computer Hardware,United States,NASDAQ,71853321.0,3.18,38.8,40.73,4,32.3,1228,True,-78.29,17.34,-44.89,-50.88,-65.16,-67.26,,5.7706,6.4734,9.1285,9.712,,448730,921,2026-09-25,37.54,22595384.0
NASDAQ:GEOS,GEOS,Geospace Technologies Corporation,Energy,Oil & Gas Equipment & Services,United States,NASDAQ,64548659.0,4.99,38.83,39.13,4,32.4,1229,False,-82.44,0.0,-50.38,-59.66,-56.85,-56.98,-51.72,10.0556,12.3698,11.5638,11.5993,10.3365,370788,1255,2026-09-25,39.55,12935603.0
NYSE:UBS,UBS,UBS Group AG Registered,Financial Services,Banks - Diversified,Switzerland,NYSE,162808582496.0,49.67,38.83,41.54,4,32.4,1230,False,-10.86,39.94,7.09,11.22,29.33,43.89,63.22,46.3807,44.6583,38.4066,34.5183,30.4306,115381870,1255,2026-09-25,31.19,3277805164.0
NYSE:ATR,ATR,"AptarGroup, Inc.",Healthcare,Medical Instruments & Supplies,United States,NYSE,7905422543.0,123.87,38.84,41.48,4,32.5,1231,True,-14.36,11.05,-1.7,-1.25,-10.28,-9.25,-4.29,126.0149,125.4442,138.0557,136.4911,129.4248,53849425,1255,2026-09-25,36.73,63820316.0
NYSE:BXDC,BXDC,Blackstone Digital Infrastructure Trust Inc.,Real Estate,REIT - Specialty,United States,NYSE,1920400187.0,19.08,38.84,41.86,4,32.5,1232,False,-14.59,0.0,,,,,,,,,,,46592121,93,2026-09-25,44.91,100649905.0
NYSE:CWEN,CWEN,"Clearway Energy, Inc.",Utilities,Utilities - Renewable,United States,NYSE,3607172104.0,29.77,38.84,39.95,4,32.5,1233,True,-26.75,10.9,-15.06,-13.2,-2.07,8.59,11.05,35.0495,34.2974,30.3986,27.4152,26.8079,39274539,1255,2026-09-25,32.92,121168025.0
NASDAQ:PCVX,PCVX,"Vaxcyte, Inc.",Healthcare,Biotechnology,United States,NASDAQ,8116593705.0,56.21,38.84,43.77,4,32.5,1234,False,-11.2,74.89,2.53,7.01,-2.6,-8.25,-1.17,54.8248,52.528,57.7091,61.2661,56.8743,80505731,1255,2026-09-25,41.07,144397682.0
NASDAQ:WRAP,WRAP,"Wrap Technologies, Inc.",Technology,Scientific & Technical Instruments,United States,NASDAQ,80820462.0,1.45,38.85,42.74,4,32.5,1235,True,-53.23,36.79,-17.52,-23.37,-19.04,-25.25,-23.06,1.7581,1.8922,1.7911,1.9399,1.8846,909725,1255,2026-09-25,36.93,55738250.0
NASDAQ:CGTX,CGTX,"Cognition Therapeutics, Inc.",Healthcare,Biotechnology,United States,NASDAQ,83859640.0,0.937,38.87,42.58,4,32.5,1236,False,-51.95,57.48,-18.58,-25.06,-3.14,-20.86,-31.4,1.1508,1.2503,0.9674,1.1839,1.366,404674,1246,2026-09-25,40.66,89498015.0
NASDAQ:BRZE,BRZE,"Braze, Inc.",Technology,Software - Application,United States,NASDAQ,2744833774.0,24.37,38.88,42.8,4,32.6,1237,False,-32.66,54.34,-0.55,-3.51,-17.85,-30.54,-29.97,24.504,25.2578,29.6639,35.0828,34.7987,73857333,1218,2026-09-25,39.85,112631669.0
NYSE:PKE,PKE,Park Aerospace Corp.,Industrials,Aerospace & Defense,United States,NYSE,654928963.0,30.11,38.88,40.81,4,32.6,1238,False,-21.24,64.54,0.36,8.31,42.51,62.12,78.77,30.0027,27.8005,21.1282,18.5722,16.843,8226573,1255,2026-09-25,34.93,21751211.0
NYSE:AIR,AIR,AAR Corp.,Industrials,Aerospace & Defense,United States,NYSE,4631914924.0,116.11,38.89,40.89,4,32.6,1239,False,-24.46,50.11,-0.57,5.77,31.84,44.46,58.76,116.7714,109.7721,88.0708,80.3752,73.1358,48386888,1255,2026-09-25,43.72,39892472.0
NYSE:GBX,GBX,"Greenbrier Companies, Inc. (The)",Industrials,Railroads,United States,NYSE,1316174242.0,42.54,38.89,39.41,4,32.6,1240,False,-26.73,5.93,-12.75,-10.66,-13.89,-10.4,-1.67,48.7537,47.6171,49.4033,47.4756,43.2614,18502024,1255,2026-09-25,39.83,30939686.0
NASDAQ:PAGP,PAGP,"Plains GP Holdings, L.P. - Class A Shares representing limited partner interests",Energy,Oil & Gas Midstream,United States,NASDAQ,5260291616.0,26.58,38.89,46.9,4,32.6,1241,False,-6.64,70.03,14.93,21.9,36.03,48.71,65.63,23.1264,21.8042,19.5391,17.8739,16.0482,47752178,1255,2026-09-25,40.6,197904124.0
NASDAQ:MAT,MAT,"Mattel, Inc.",Consumer Cyclical,Leisure,United States,NASDAQ,3861662010.0,13.29,38.9,40.87,4,32.7,1242,False,-40.03,1.84,-17.22,-20.08,-24.8,-26.38,-27.33,16.054,16.6294,17.6738,18.0521,18.2878,54692372,1255,2026-09-25,35.35,290569000.0
NASDAQ:CIGI,CIGI,Colliers International Group Inc. - Subordinate Voting Shares,Real Estate,Real Estate Services,Canada,NASDAQ,4500938243.0,90.42,38.91,41.18,4,32.7,1243,False,-46.45,1.98,-18.59,-24.27,-29.82,-27.27,-23.56,111.0658,119.397,128.8465,124.325,118.2917,26140007,1255,2026-09-25,42.18,49778127.0
NASDAQ:SVRA,SVRA,"Savara, Inc.",Healthcare,Biotechnology,United States,NASDAQ,1024636060.0,5.0,38.92,41.66,4,32.8,1244,False,-27.95,48.37,-10.15,-5.83,20.19,18.26,33.35,5.565,5.3098,4.16,4.2278,3.7496,8151024,1255,2026-09-25,40.68,204927212.0
NASDAQ:NWPX,NWPX,"NWPX Infrastructure, Inc.",Basic Materials,Steel,United States,NASDAQ,990993482.0,102.83,38.93,38.96,4,32.8,1245,True,-31.42,108.03,5.82,16.07,52.84,84.27,105.87,97.1756,88.5944,67.2811,55.8047,49.9479,15693479,1255,2026-09-25,34.34,9637202.0
NYSE:AROC,AROC,"Archrock, Inc.",Energy,Oil & Gas Equipment & Services,United States,NYSE,5333210366.0,30.43,38.94,40.08,4,32.8,1246,False,-26.98,34.66,-8.59,-3.09,10.91,28.31,52.66,33.2906,31.399,27.4374,23.7153,19.933,58896159,1255,2026-09-25,40.4,175261596.0
NYSE:CP,CP,Canadian Pacific Kansas City Limited,Industrials,Railroads,Canada,NYSE,76400775358.0,86.91,38.94,41.97,4,32.8,1247,False,-9.92,26.99,3.49,6.38,10.24,10.43,11.58,83.9798,81.7008,78.8392,78.6986,77.8889,195777311,1255,2026-09-25,39.64,879079224.0
NASDAQ:OMDA,OMDA,"Omada Health, Inc.",Healthcare,Health Information Services,United States,NASDAQ,1168757648.0,19.66,38.94,42.22,4,32.8,1248,False,-26.59,79.71,14.56,8.25,,,,17.1611,18.1618,,,,30721704,328,2026-09-25,39.23,59448507.0
NASDAQ:FANG,FANG,"Diamondback Energy, Inc.",Energy,Oil & Gas E&P,United States,NASDAQ,52512753151.0,186.67,38.96,42.48,4,32.9,1249,False,-11.75,39.24,2.38,7.15,15.39,14.45,21.84,182.3301,174.2169,161.7737,163.1063,153.2046,659973798,1255,2026-09-25,40.99,281313297.0
NASDAQ:WSBC,WSBC,"WesBanco, Inc.",Financial Services,Banks - Regional,United States,NASDAQ,3707721669.0,38.66,38.96,42.74,4,32.9,1250,False,-8.62,35.31,7.34,10.93,19.34,28.7,32.21,36.0152,34.8497,32.3949,30.0387,29.2414,43488378,1255,2026-09-25,35.91,95905889.0
NASDAQ:NAMS,NAMS,NewAmsterdam Pharma Company N.V.,Healthcare,Biotechnology,Netherlands,NASDAQ,2639691846.0,22.58,38.98,38.52,4,33.0,1251,False,-45.52,6.71,-28.22,-30.33,-15.76,-3.37,10.46,31.459,32.4101,26.8046,23.3684,20.441,41887918,1255,2026-09-25,39.76,116903979.0
NASDAQ:NBTX,NBTX,Nanobiotix S.A. - ADSs,Healthcare,Biotechnology,France,NASDAQ,1691674498.0,33.31,38.98,42.01,4,33.0,1252,False,-39.51,125.83,0.31,8.33,87.48,139.24,184.98,33.2081,30.7483,17.7676,13.9235,11.6884,4748018,1255,2026-09-25,39.31,50785785.0
NYSE:TDOC,TDOC,"Teladoc Health, Inc.",Healthcare,Health Information Services,United States,NYSE,1106455688.0,6.09,39.01,40.61,4,33.0,1253,False,-37.35,36.24,-7.89,-11.74,-21.95,-39.26,-56.41,6.6115,6.8997,7.8026,10.0265,13.9711,21162513,1255,2026-09-25,40.15,181684021.0
NASDAQ:FHB,FHB,"First Hawaiian, Inc.",Financial Services,Banks - Regional,United States,NASDAQ,3072325287.0,25.25,39.02,39.48,4,33.0,1254,False,-15.99,15.43,-3.93,-1.89,2.44,10.72,15.45,26.2823,25.7354,24.6477,22.8054,21.8716,52870818,1255,2026-09-25,36.32,121676249.0
AMEX:TPET,TPET,Trio Petroleum Corp.,Energy,Oil & Gas E&P,United States,AMEX,75697723.0,1.71,39.02,39.22,4,33.0,1255,False,-90.26,0.59,-64.68,-69.98,-82.58,-92.68,,4.8412,5.6967,9.8185,23.3762,,3064033,864,2026-09-25,39.02,44267674.0
NYSE:AADX,AADX,"Applied Aerospace & Defense, Inc.",Industrials,Aerospace & Defense,United States,NYSE,2179054068.0,12.64,39.03,39.41,4,33.1,1256,False,-47.0,9.53,,,,,,,,,,,27322859,80,2026-09-25,39.82,172393518.0
NYSE:OMC,OMC,Omnicom Group Inc.,Communication Services,Advertising Agencies,United States,NYSE,20891445387.0,76.15,39.03,42.18,4,33.1,1257,True,-13.5,16.74,-0.93,0.25,-1.41,-2.91,-1.55,76.8611,75.9627,77.2382,78.4317,77.3506,260198747,1255,2026-09-25,33.1,274345967.0
NYSE:SMWB,SMWB,Similarweb Ltd.,Technology,Software - Application,Israel,NYSE,664012101.0,7.58,39.03,45.32,4,33.1,1258,True,-21.04,225.32,41.74,26.79,-4.62,-0.66,4.18,5.3479,5.9785,7.9475,7.6304,7.2757,5045377,1255,2026-09-25,38.07,87600541.0
NYSE:DB,DB,Deutsche Bank AG,Financial Services,Banks - Regional,Germany,NYSE,68715030000.0,36.57,39.06,43.64,4,33.2,1259,True,-12.01,33.6,5.65,5.97,26.84,54.81,81.89,34.6135,34.5092,28.8318,23.6224,20.1057,74678656,1255,2026-09-25,31.51,1879000000.0
NASDAQ:EH,EH,EHang Holdings Limited - ADS,Industrials,Aerospace & Defense,China,NASDAQ,254057690.0,4.51,39.06,38.91,4,33.2,1260,False,-76.8,1.81,-51.49,-58.34,-68.23,-68.77,-66.98,9.2966,10.8254,14.194,14.4428,13.6585,2867525,1255,2026-09-25,39.96,56332082.0
NASDAQ:RELY,RELY,"Remitly Global, Inc.",Technology,Software - Infrastructure,United States,NASDAQ,4497584647.0,21.36,39.07,41.85,4,33.2,1261,False,-20.65,75.08,10.44,16.18,11.65,14.12,18.86,19.3414,18.3852,19.131,18.7165,17.97,102630503,1255,2026-09-25,37.59,210561079.0
NYSE:BGSI,BGSI,Boyd Group Services Inc.,Consumer Cyclical,Auto & Truck Dealerships,Canada,NYSE,2225013617.0,79.95,39.1,39.93,4,33.2,1262,True,-56.04,0.97,-35.85,,,,,124.6394,,,,,5199345,225,2026-09-25,37.5,27830064.0
NYSE:GMED,GMED,"Globus Medical, Inc.",Healthcare,Medical Devices,United States,NYSE,8444198701.0,74.52,39.11,41.24,4,33.3,1263,False,-23.03,35.25,-12.28,-9.15,-2.62,6.04,9.46,84.9506,82.026,76.5233,70.2721,68.0815,114642145,1255,2026-09-25,37.92,113314529.0
NASDAQ:SMID,SMID,Smith-Midland Corporation,Basic Materials,Building Materials,United States,NASDAQ,128843131.0,24.28,39.11,39.51,4,33.3,1264,True,-39.38,1.08,-22.47,-24.87,-29.34,-28.77,-20.93,31.3182,32.3156,34.3606,34.0886,30.7053,341290,1255,2026-09-25,35.98,5306554.0
NASDAQ:YDDL,YDDL,One and One Green Technologies. INC,Industrials,Waste Management,Philippines,NASDAQ,66910885.0,1.46,39.11,39.07,4,33.3,1265,True,-90.48,2.82,-69.02,,,,,4.7125,,,,,4160002,242,2026-09-25,35.89,45829373.0
NASDAQ:FOXF,FOXF,Fox Factory Holding Corp.,Consumer Cyclical,Auto Parts,United States,NASDAQ,777915267.0,18.55,39.12,43.47,4,33.3,1266,True,-27.54,40.64,1.91,-0.18,-21.46,-46.37,-64.21,18.2032,18.584,23.6182,34.5872,51.8336,8661307,1255,2026-09-25,38.74,41936133.0
NASDAQ:PDYN,PDYN,Palladyne AI Corp.,Technology,Software - Infrastructure,United States,NASDAQ,254646373.0,5.39,39.12,42.99,4,33.3,1267,False,-47.67,29.88,-13.22,-16.88,-17.46,12.84,15.2,6.2114,6.4845,6.5298,4.7767,4.679,4458909,1255,2026-09-25,39.12,47244225.0
NYSE:COF,COF,Capital One Financial Corporation,Financial Services,Credit Services,United States,NYSE,122819664167.0,200.2,39.13,42.32,4,33.4,1268,False,-21.48,14.58,-2.52,-3.3,1.76,15.72,30.08,205.3834,207.0216,196.7468,173.0099,153.9099,744183502,1255,2026-09-25,32.33,613484836.0
NASDAQ:ALGN,ALGN,"Align Technology, Inc.",Healthcare,Medical Instruments & Supplies,United States,NASDAQ,10512108681.0,146.78,39.14,40.22,4,33.4,1269,True,-25.68,17.54,-14.05,-10.37,-17.18,-28.59,-35.01,170.7725,163.7542,177.2196,205.5521,225.858,140175946,1255,2026-09-25,37.32,71618127.0
NYSE:NUVB,NUVB,Nuvation Bio Inc.,Healthcare,Biotechnology,United States,NYSE,1992939314.0,5.74,39.14,42.95,4,33.4,1270,False,-39.83,90.7,-1.8,0.65,41.54,65.36,86.83,5.845,5.7029,4.0553,3.4711,3.0723,29054104,1255,2026-09-25,38.87,347201971.0
NASDAQ:SUNS,SUNS,"Sunrise Realty Trust, Inc.",Real Estate,REIT - Mortgage,United States,NASDAQ,97195894.0,7.19,39.14,40.5,4,33.4,1271,False,-25.25,1.41,-10.82,-12.49,-21.13,,,8.0624,8.2159,9.1158,,,529688,557,2026-09-25,40.32,13518205.0
NASDAQ:BLBD,BLBD,Blue Bird Corporation,Industrials,Farm & Heavy Construction Machinery,United States,NASDAQ,1839299753.0,58.12,39.15,39.7,4,33.5,1272,True,-28.69,24.75,-6.73,-3.82,13.22,25.77,49.18,62.3139,60.4315,51.3324,46.21,38.9596,33840920,1255,2026-09-25,28.59,31646589.0
NASDAQ:CING,CING,Cingulate Inc.,Healthcare,Biotechnology,United States,NASDAQ,65055444.0,4.83,39.15,43.62,4,33.5,1273,False,-58.58,45.05,-10.22,-4.4,3.14,-69.35,-93.05,5.3799,5.0525,4.6828,15.7599,69.4997,503659,1204,2026-09-25,46.36,13469036.0
NASDAQ:NWSA,NWSA,News Corporation,Communication Services,Entertainment,United States,NASDAQ,10274521748.0,28.49,39.15,44.75,4,33.5,1274,False,-8.35,28.15,8.0,8.0,5.12,8.79,18.22,26.3787,26.3806,27.1017,26.1886,24.0988,135337415,1255,2026-09-25,38.51,360636074.0
NYSE:PDS,PDS,Precision Drilling Corporation,Energy,Oil & Gas Drilling,Canada,NYSE,1052245964.0,81.87,39.16,43.41,4,33.6,1275,False,-19.7,53.06,-4.39,2.27,22.2,23.67,25.85,85.6335,80.0567,66.9986,66.1983,65.0562,8001634,1255,2026-09-25,41.86,12852644.0
NYSE:VHI,VHI,"Valhi, Inc.",Basic Materials,Chemicals,United States,NYSE,452553665.0,15.99,39.16,45.34,4,33.6,1276,False,-14.31,40.68,11.45,12.68,-6.98,-4.35,-5.9,14.3477,14.1907,17.1891,16.7177,16.9933,267366,1255,2026-09-25,39.7,28302293.0
NYSE:ORA,ORA,"Ormat Technologies, Inc.",Utilities,Utilities - Renewable,United States,NYSE,5753896355.0,93.63,39.17,40.26,4,33.6,1277,True,-35.4,2.66,-18.06,-16.97,-1.22,8.83,9.56,114.2603,112.7642,94.7816,86.0299,85.4607,97298383,1255,2026-09-25,36.8,61453555.0
NYSE:SAGU,SAGU,Shreya Acquisition Group,Financial Services,Shell Companies,Mauritius,NYSE,111643595.0,9.94,39.17,43.68,4,33.6,1278,False,-1.09,0.71,,,,,,,,,,,230204,87,2026-09-25,39.17,11231750.0
NYSE:XZO,XZO,"Exzeo Group, Inc.",Financial Services,Insurance - Diversified,United States,NYSE,1382869320.0,15.21,39.17,43.36,4,33.6,1279,False,-37.28,21.2,-8.64,,,,,16.6483,,,,,5355842,223,2026-09-25,43.07,90918430.0
NYSE:SBSI,SBSI,"Southside Bancshares, Inc.",Financial Services,Banks - Regional,United States,NYSE,924980695.0,31.09,39.19,41.1,4,33.7,1280,False,-12.0,23.19,-2.44,0.52,4.19,8.72,9.4,31.8673,30.9303,29.839,28.5955,28.419,4221979,1255,2026-09-25,35.53,29751711.0
NASDAQ:ZENA,ZENA,"ZenaTech, Inc.",Technology,Software - Infrastructure,Canada,NASDAQ,126215554.0,1.42,39.19,42.61,4,33.7,1281,False,-78.77,14.52,-36.25,-47.22,,,,2.2276,2.6905,,,,2633172,498,2026-09-25,41.31,88884193.0
NASDAQ:ADUS,ADUS,Addus HomeCare Corporation,Healthcare,Medical Care Facilities,United States,NASDAQ,2112665995.0,113.19,39.2,45.2,4,33.8,1282,False,-7.79,27.91,7.08,4.99,1.62,4.43,6.86,105.7074,107.8066,111.3806,108.3865,105.9196,24976411,1255,2026-09-25,41.49,18664776.0
NASDAQ:CVGI,CVGI,"Commercial Vehicle Group, Inc.",Consumer Cyclical,Auto Parts,United States,NASDAQ,101152715.0,2.98,39.2,38.86,4,33.8,1283,False,-48.44,122.39,-10.97,-0.33,20.5,-17.19,-36.13,3.347,2.99,2.473,3.5986,4.6654,760691,1255,2026-09-25,40.44,33943864.0
AMEX:REA,REA,"Rare Earths Americas, Inc.",Basic Materials,Other Industrial Metals & Mining,United States,AMEX,219776393.0,11.04,39.21,41.81,4,33.8,1284,True,-60.0,21.59,,,,,,,,,,,1371495,100,2026-09-25,36.88,19907282.0
NASDAQ:BDTX,BDTX,"Black Diamond Therapeutics, Inc.",Healthcare,Biotechnology,United States,NASDAQ,107727335.0,1.88,39.22,43.31,4,33.9,1285,False,-61.4,16.77,-17.93,-27.9,-26.28,-39.79,-36.22,2.2906,2.6076,2.5501,3.1226,2.9474,1177005,1255,2026-09-25,39.91,57301774.0
NYSE:COSO,COSO,"CoastalSouth Bancshares, Inc.",Financial Services,Banks - Regional,United States,NYSE,319400894.0,26.61,39.22,43.12,4,33.9,1286,False,-5.0,26.91,4.15,7.6,,,,25.5485,24.7294,,,,3554894,348,2026-09-25,38.28,12003040.0
NASDAQ:HBCP,HBCP,"Home Bancorp, Inc.",Financial Services,Banks - Regional,United States,NASDAQ,531886196.0,67.6,39.22,43.09,4,33.9,1287,False,-6.77,34.75,5.62,9.35,23.39,39.3,50.92,64.0026,61.8209,54.7849,48.527,44.7923,4188497,1255,2026-09-25,39.94,7868139.0
NASDAQ:STAA,STAA,STAAR Surgical Company,Healthcare,Medical Instruments & Supplies,United States,NASDAQ,1021162032.0,20.51,39.22,39.8,4,33.9,1288,True,-38.48,27.39,-13.56,-15.49,-12.84,-27.32,-43.28,23.7265,24.2687,23.5327,28.2186,36.16,24783507,1255,2026-09-25,27.12,49788495.0
NYSE:FNB,FNB,F.N.B. Corporation,Financial Services,Banks - Regional,United States,NYSE,6279204060.0,17.64,39.23,41.25,4,33.9,1289,False,-8.84,23.95,-0.09,2.46,12.43,21.52,29.17,17.6564,17.2172,15.6892,14.5157,13.656,73660031,1255,2026-09-25,33.61,355963949.0
NASDAQ:KURA,KURA,"Kura Oncology, Inc.",Healthcare,Biotechnology,United States,NASDAQ,955212167.0,10.76,39.25,44.37,4,34.0,1290,False,-20.82,45.41,9.77,8.49,12.82,-11.07,-11.56,9.8026,9.9178,9.537,12.0995,12.1662,21657283,1255,2026-09-25,40.24,88774365.0
NASDAQ:ONEW,ONEW,OneWater Marine Inc.,Consumer Cyclical,Specialty Retail,United States,NASDAQ,164679831.0,9.91,39.25,40.64,4,34.0,1291,True,-41.57,18.68,-12.52,-17.02,-32.25,-46.13,-53.48,11.3278,11.9424,14.6273,18.3976,21.303,1186397,1255,2026-09-25,39.11,16617541.0
NYSE:HPP,HPP,"Hudson Pacific Properties, Inc.",Real Estate,REIT - Office,United States,NYSE,631919580.0,11.65,39.26,41.22,4,34.0,1292,False,-40.13,111.43,7.1,-2.78,-29.79,-53.71,-63.37,10.8776,11.9835,16.5924,25.1701,31.8038,7643907,1255,2026-09-25,39.82,54242024.0
AMEX:SLSR,SLSR,Solaris Resources Inc.,Basic Materials,Other Precious Metals & Mining,Switzerland,AMEX,1194302595.0,7.15,39.26,41.61,4,34.0,1293,False,-35.76,33.9,-19.24,-14.72,17.1,39.35,43.85,8.8537,8.3839,6.1059,5.1311,4.9703,1306350,1255,2026-09-25,40.6,167035328.0
NYSE:UP,UP,Wheels Up Experience Inc.,Industrials,Airports & Air Services,United States,NYSE,136701263.0,3.77,39.28,38.14,4,34.1,1294,False,-90.98,19.3,-58.49,-70.39,-83.51,-88.21,-93.98,9.0815,12.7316,22.865,31.9722,62.6456,529181,1255,2026-09-25,42.8,36260282.0
NYSE:UVE,UVE,UNIVERSAL INSURANCE HOLDINGS INC,Financial Services,Insurance - Property & Casualty,United States,NYSE,1172771160.0,42.14,39.28,45.45,4,34.1,1295,False,-6.52,68.66,13.89,18.31,46.18,69.74,94.44,37.0003,35.6185,28.8282,24.8257,21.672,6139206,1255,2026-09-25,41.72,27830355.0
NASDAQ:TCBK,TCBK,TriCo Bancshares,Financial Services,Banks - Regional,United States,NASDAQ,1671476704.0,52.38,39.29,41.55,4,34.1,1296,False,-14.42,32.32,2.93,6.07,16.2,25.76,28.14,50.8882,49.3817,45.0769,41.6517,40.8782,14796765,1255,2026-09-25,36.46,31910590.0
NASDAQ:UPWK,UPWK,Upwork Inc.,Communication Services,Internet Content & Information,United States,NASDAQ,1006672817.0,8.15,39.29,42.37,4,34.1,1297,True,-63.14,3.95,-32.68,-38.47,-41.35,-38.67,-36.57,12.1065,13.2462,13.8968,13.2881,12.8494,24289601,1255,2026-09-25,36.84,123518137.0
AMEX:OBE,OBE,Obsidian Energy Ltd.,Energy,Oil & Gas E&P,Canada,AMEX,713843650.0,10.69,39.3,44.86,4,34.2,1298,False,-26.07,93.66,12.26,21.14,49.05,47.67,49.67,9.523,8.8242,7.1723,7.2392,7.1424,10802871,1255,2026-09-25,45.06,66776768.0
NYSE:HCC,HCC,"Warrior Met Coal, Inc.",Basic Materials,Coking Coal,United States,NYSE,4726303798.0,89.51,39.32,43.54,4,34.2,1299,True,-18.76,44.04,-0.63,3.97,27.44,34.76,52.41,90.0756,86.0927,70.2348,66.4224,58.7285,59022057,1255,2026-09-25,38.1,52801964.0
NASDAQ:WSE,WSE,Wise Group plc,Technology,Information Technology Services,United Kingdom,NASDAQ,11405215691.0,11.55,39.32,41.19,4,34.2,1300,True,-25.0,11.06,,,,,,,,,,,20003916,96,2026-09-25,32.99,987464562.0
NYSE:BCSF,BCSF,"Bain Capital Specialty Finance, Inc.",Financial Services,Asset Management,United States,NYSE,718743058.0,11.08,39.33,39.94,4,34.3,1301,False,-15.98,0.9,-7.66,-7.83,-11.64,-8.92,-1.43,11.9996,12.0207,12.5389,12.1651,11.2407,6022352,1255,2026-09-25,40.55,64868507.0
NYSE:LDOS,LDOS,"Leidos Holdings, Inc.",Technology,Information Technology Services,United States,NYSE,15548341452.0,123.61,39.33,43.81,4,34.3,1302,True,-37.34,24.01,-16.43,-20.89,-20.36,-14.43,-5.63,147.9111,156.2414,155.2181,144.4618,130.98,170208583,1255,2026-09-25,38.76,125785466.0
NASDAQ:NWS,NWS,News Corporation,Communication Services,Entertainment,United States,NASDAQ,5734256058.0,31.75,39.33,44.0,4,34.3,1303,False,-9.84,24.61,5.82,5.84,3.52,9.92,21.22,30.0047,29.9976,30.671,28.8843,26.1916,42882329,1255,2026-09-25,37.3,180606490.0
NYSE:CMRE,CMRE,Costamare Inc. Common Stock $0.0001 par value,Industrials,Marine Shipping,Monaco,NYSE,1754328356.0,14.53,39.34,43.01,4,34.3,1304,False,-17.64,35.69,-8.29,-4.69,11.21,16.38,25.85,15.844,15.2455,13.0652,12.4855,11.5451,5502366,1255,2026-09-25,41.35,120738359.0
NASDAQ:ULH,ULH,"Universal Logistics Holdings, Inc.",Industrials,Trucking,United States,NASDAQ,440110143.0,16.69,39.34,44.27,4,34.3,1305,False,-31.93,38.72,-2.31,-2.39,-31.98,-38.89,-39.99,17.0852,17.0981,24.5373,27.3094,27.8134,997670,1255,2026-09-25,37.23,26369691.0
NASDAQ:ACRS,ACRS,"Aclaris Therapeutics, Inc.",Healthcare,Biotechnology,United States,NASDAQ,719267952.0,5.15,39.35,42.79,4,34.4,1306,False,-21.19,184.53,16.86,29.64,75.02,100.64,5.48,4.4068,3.9725,2.9425,2.5668,4.8823,14853910,1255,2026-09-25,43.33,139663680.0
NYSE:AGRO,AGRO,Adecoagro S.A.,Consumer Defensive,Farm Products,Luxembourg,NYSE,1505137300.0,10.43,39.36,44.46,4,34.4,1307,False,-31.29,47.57,-2.58,3.15,5.0,4.9,9.92,10.7059,10.1119,9.9331,9.9428,9.489,8854048,1255,2026-09-25,41.78,144308466.0
NYSE:HEI,HEI,Heico Corporation,Industrials,Aerospace & Defense,United States,NYSE,17041827635.0,308.53,39.36,39.59,4,34.4,1308,True,-17.65,18.26,-4.26,-3.79,3.84,16.65,28.83,322.2736,320.6897,297.1194,264.4949,239.4949,153049776,1255,2026-09-25,36.94,55235561.0
NASDAQ:INTG,INTG,The Intergroup Corporation,Consumer Cyclical,Lodging,United States,NASDAQ,71619904.0,33.33,39.37,43.37,4,34.5,1309,False,-31.87,85.17,-3.72,-1.33,40.81,43.63,19.32,34.617,33.7777,23.6709,23.2054,27.9323,3264546,1255,2026-09-25,52.71,2148812.0
NYSE:ZBH,ZBH,"Zimmer Biomet Holdings, Inc.",Healthcare,Medical Devices,United States,NYSE,17612824361.0,91.04,39.37,43.05,4,34.5,1310,True,-11.74,14.7,-0.1,-1.08,-5.79,-10.91,-15.02,91.135,92.0296,96.6301,102.1897,107.1298,193846542,1255,2026-09-25,35.21,193462482.0
NASDAQ:BOLD,BOLD,"Boundless Bio, Inc.",Healthcare,Biotechnology,United States,NASDAQ,59782907.0,2.66,39.39,46.11,4,34.5,1311,True,-11.33,153.33,51.67,61.11,49.06,,,1.7538,1.6511,1.7845,,,350215,626,2026-09-25,32.73,22474777.0
NASDAQ:CASS,CASS,"Cass Information Systems, Inc",Industrials,Specialty Business Services,United States,NASDAQ,693196845.0,54.13,39.41,44.85,4,34.5,1312,False,-7.0,51.22,13.02,17.58,24.86,28.56,32.01,47.8946,46.0384,43.352,42.1064,41.0058,4867837,1255,2026-09-25,41.25,12806149.0
NYSE:GOOS,GOOS,Canada Goose Holdings Inc. Subordinate Voting Shares,Consumer Cyclical,Apparel Manufacturing,Canada,NYSE,355064519.0,7.61,39.43,38.43,4,34.6,1313,False,-47.91,2.7,-28.24,-32.01,-30.41,-32.76,-41.34,10.6046,11.1922,10.9359,11.3175,12.9723,6409989,1255,2026-09-25,39.04,46657624.0
NYSE:VVV,VVV,Valvoline Inc.,Consumer Cyclical,Auto & Truck Dealerships,United States,NYSE,3688343405.0,28.92,39.43,37.47,4,34.6,1314,True,-28.18,8.64,-15.61,-14.97,-19.19,-21.69,-20.03,34.2687,34.0133,35.7894,36.9284,36.1626,77375595,1255,2026-09-25,34.66,127536079.0
NYSE:FTW,FTW,Presidio Production Company,Energy,Oil & Gas E&P,United States,NYSE,302450992.0,10.2,39.46,39.39,4,34.6,1315,False,-23.74,4.58,-6.13,-4.6,,,,10.8656,10.6919,,,,835201,500,2026-09-25,40.85,29652058.0
NASDAQ:NUCL,NUCL,Eagle Nuclear Energy Corp.,Energy,Uranium,United States,NASDAQ,182211556.0,6.16,39.47,41.49,4,34.6,1316,True,-53.37,27.8,,,,,,,,,,,1833011,148,2026-09-25,37.92,29579798.0
NYSE:AAT,AAT,"American Assets Trust, Inc.",Real Estate,REIT - Diversified,United States,NYSE,1324816399.0,21.58,39.48,40.58,4,34.7,1317,False,-15.23,27.38,4.93,7.4,6.81,9.34,11.21,20.5669,20.0924,20.2044,19.7371,19.404,10354171,1255,2026-09-25,36.96,61390936.0
NASDAQ:ALTI,ALTI,"AlTi Global, Inc.",Financial Services,Asset Management,United States,NASDAQ,346628948.0,3.13,39.49,41.68,4,34.7,1318,False,-39.69,11.39,-19.02,-19.02,-19.02,-30.42,-43.64,3.8652,3.8652,3.8653,4.4985,5.5533,678287,1255,2026-09-25,36.37,110744073.0
AMEX:ISOU,ISOU,IsoEnergy Ltd.,Energy,Uranium,Canada,AMEX,610147602.0,9.35,39.5,42.72,4,34.7,1319,False,-29.27,25.17,-12.37,-9.79,3.29,-4.74,-2.46,10.6699,10.365,9.0526,9.8152,9.5857,1936584,1255,2026-09-25,40.16,65256428.0
NYSE:CNC,CNC,Centene Corporation,Healthcare,Healthcare Plans,United States,NYSE,30538770900.0,61.82,39.51,43.62,4,34.8,1320,False,-10.94,94.4,18.37,26.21,20.59,5.25,-0.3,52.2277,48.9828,51.2641,58.7367,62.0066,316296219,1255,2026-09-25,39.76,493995000.0
NYSE:GLOB,GLOB,Globant S.A.,Technology,Information Technology Services,Luxembourg,NYSE,1489694682.0,34.5,39.51,43.42,4,34.8,1321,False,-51.55,24.41,-24.45,-29.35,-64.74,-73.8,-75.71,45.6624,48.8317,97.8343,131.6885,142.0459,37914679,1255,2026-09-25,40.52,43179556.0
NASDAQ:NRIM,NRIM,Northrim BanCorp Inc,Financial Services,Banks - Regional,United States,NASDAQ,555674255.0,24.98,39.51,41.87,4,34.8,1322,False,-14.41,29.72,-0.85,1.81,13.01,32.76,50.04,25.1943,24.5349,22.1035,18.8153,16.6491,4038025,1255,2026-09-25,31.7,22244766.0
NASDAQ:OTLK,OTLK,"Outlook Therapeutics, Inc.",Healthcare,Biotechnology,United States,NASDAQ,119678079.0,0.64,39.51,40.74,4,34.8,1323,False,-74.09,223.23,-17.92,-29.98,-61.49,-82.93,-92.72,0.7797,0.914,1.6617,3.7493,8.7907,2895324,1255,2026-09-25,41.29,186996998.0
NYSE:PAG,PAG,"Penske Automotive Group, Inc.",Consumer Cyclical,Auto & Truck Dealerships,United States,NYSE,13764251438.0,209.62,39.51,46.89,4,34.8,1324,True,-5.56,51.38,19.38,21.66,27.48,33.2,40.33,175.5876,172.2982,164.4318,157.3727,149.3766,72318398,1255,2026-09-25,34.02,65662873.0
NYSE:COR,COR,"Cencora, Inc.",Healthcare,Medical Distribution,United States,NYSE,59714680535.0,306.92,39.52,44.33,4,34.9,1325,False,-17.61,21.95,-3.5,-4.59,5.06,14.96,27.49,318.0571,321.6927,292.1508,266.9807,240.7394,401287719,1255,2026-09-25,41.86,194561060.0
NYSE:BLDR,BLDR,"Builders FirstSource, Inc.",Industrials,Building Products & Equipment,United States,NYSE,6366482361.0,59.17,39.54,40.02,4,34.9,1326,True,-54.32,2.58,-31.86,-36.16,-50.08,-55.44,-52.08,86.8334,92.6869,118.5314,132.7989,123.4847,231884455,1255,2026-09-25,36.62,107596457.0
NYSE:CVEO,CVEO,Civeo Corporation (Canada),Consumer Cyclical,Lodging,United States,NYSE,355328821.0,32.47,39.55,44.24,4,35.0,1327,False,-8.69,63.25,7.79,14.12,25.64,30.52,33.37,30.1246,28.4514,25.8434,24.8775,24.3462,2567813,1255,2026-09-25,43.8,10943296.0
NASDAQ:GTX,GTX,Garrett Motion Inc.,Consumer Cyclical,Auto Parts,United States,NASDAQ,4796610608.0,25.72,39.55,40.54,4,35.0,1328,True,-28.8,108.87,5.29,14.25,59.42,89.94,114.54,24.428,22.5114,16.1332,13.5412,11.9886,73164179,1255,2026-09-25,35.08,186493414.0
NYSE:NYT,NYT,New York Times Company (The),Communication Services,Publishing,United States,NYSE,10244897681.0,63.83,39.55,41.36,4,35.0,1329,False,-25.43,17.77,-13.15,-9.45,3.5,13.07,24.58,73.491,70.4897,61.6738,56.4532,51.2369,220035230,1255,2026-09-25,36.96,160502862.0
NYSE:SMA,SMA,"SmartStop Self Storage REIT, Inc.",Real Estate,REIT - Industrial,United States,NYSE,1756740810.0,31.73,39.56,42.01,4,35.0,1330,True,-13.55,9.28,-0.16,-1.08,,,,31.7822,32.0748,,,,24366135,373,2026-09-25,31.88,55365295.0
NYSE:LION,LION,Lionsgate Studios Corp,,,,NYSE,3227776590.0,10.85,39.57,39.78,4,35.0,1331,False,-33.84,83.59,-3.79,5.11,25.54,21.01,17.28,11.2769,10.3227,8.6424,8.9662,9.251,32166895,1148,2026-09-25,41.35,297490930.0
NASDAQ:RYTM,RYTM,"Rhythm Pharmaceuticals, Inc.",Healthcare,Biotechnology,United States,NASDAQ,6767442011.0,98.66,39.58,42.35,4,35.1,1332,False,-16.12,30.12,-0.6,-1.61,19.02,43.79,72.58,99.2532,100.2705,82.8961,68.6137,57.1677,62952874,1255,2026-09-25,38.55,68593574.0
NASDAQ:AHCO,AHCO,AdaptHealth Corp.,Healthcare,Medical Devices,United States,NASDAQ,767345417.0,5.64,39.59,38.09,4,35.1,1333,True,-57.85,8.05,-42.01,-41.48,-41.38,-40.62,-49.31,9.7252,9.6373,9.621,9.4987,11.1261,16492426,1255,2026-09-25,37.7,136054152.0
NYSE:PRIM,PRIM,Primoris Services Corporation,Industrials,Engineering & Construction,United States,NYSE,3941621028.0,72.65,39.59,40.83,4,35.1,1334,True,-64.17,0.75,-39.59,-40.71,-27.77,-10.3,8.31,120.2549,122.5315,100.5831,80.9892,67.0747,93607380,1255,2026-09-25,38.33,54254935.0
NASDAQ:BIYA,BIYA,Baiya International Group Inc.,Technology,Software - Application,China,NASDAQ,56953352.0,2.11,39.62,41.3,4,35.2,1335,True,-98.65,9.33,-87.2,-93.8,,,,16.4798,34.0157,,,,81396,381,2026-09-25,37.31,26992110.0
NYSE:FBP,FBP,First BanCorp. New,Financial Services,Banks - Regional,United States,NYSE,4131369426.0,27.06,39.62,43.63,4,35.2,1336,False,-8.24,44.05,12.96,16.89,27.25,38.98,54.01,23.9563,23.1505,21.2654,19.4698,17.5706,39413489,1255,2026-09-25,34.05,152674406.0
NASDAQ:PRTA,PRTA,Prothena Corporation plc,Healthcare,Biotechnology,Ireland,NASDAQ,434008335.0,8.29,39.63,42.26,4,35.2,1337,False,-27.98,4.8,-11.45,-13.2,-21.24,-49.88,-69.31,9.3619,9.5509,10.526,16.5399,27.0136,3901995,1255,2026-09-25,40.04,52353237.0
NYSE:AAP,AAP,Advance Auto Parts Inc.,Consumer Cyclical,Auto Parts,United States,NYSE,2517537850.0,41.73,39.64,39.69,4,35.3,1338,False,-33.48,9.31,-18.82,-19.14,-12.83,-19.25,-37.57,51.4051,51.6051,47.8699,51.676,66.8464,73659301,1255,2026-09-25,38.4,60329208.0
NYSE:LTH,LTH,"Life Time Group Holdings, Inc.",Consumer Cyclical,Leisure,United States,NYSE,8931774062.0,39.97,39.64,42.87,4,35.3,1339,False,-12.6,62.55,19.6,25.28,34.0,57.57,73.32,33.4184,31.9037,29.8292,25.367,23.0608,139868990,1247,2026-09-25,38.82,223461948.0
NASDAQ:SANG,SANG,Sangoma Technologies Corporation,Technology,Software - Infrastructure,Canada,NASDAQ,118139704.0,3.55,39.64,40.66,4,35.3,1340,False,-34.26,2.9,-15.85,-19.2,-30.74,-26.11,-23.84,4.2186,4.3937,5.1257,4.8047,4.6611,21368,1255,2026-09-25,39.64,33278790.0
NASDAQ:MDLZ,MDLZ,"Mondelez International, Inc.",Consumer Defensive,Confectioners,United States,NASDAQ,76897560434.0,60.25,39.65,43.58,4,35.3,1341,False,-7.29,18.97,2.25,2.78,-0.23,-2.77,-2.87,58.9268,58.6194,60.3876,61.9645,62.0278,494912618,1255,2026-09-25,43.05,1276308057.0
NYSE:PRM,PRM,"Perimeter Solutions, SA",Basic Materials,Specialty Chemicals,United States,NYSE,4748628804.0,29.11,39.65,42.07,4,35.3,1342,True,-22.95,40.7,-1.92,2.04,38.17,79.24,107.02,29.68,28.529,21.0681,16.2406,14.0616,35097653,1224,2026-09-25,32.88,163127063.0
NYSE:ASH,ASH,Ashland Inc.,Basic Materials,Specialty Chemicals,United States,NYSE,3162490132.0,69.06,39.66,45.09,4,35.4,1343,False,-9.15,49.49,11.96,16.84,16.07,2.45,-5.39,61.6855,59.1041,59.4977,67.4087,72.9918,48025274,1255,2026-09-25,39.84,45793370.0
NASDAQ:LNTH,LNTH,"Lantheus Holdings, Inc.",Healthcare,Drug Manufacturers - Specialty & Generic,United States,NASDAQ,6493680619.0,99.74,39.66,44.59,4,35.4,1344,True,-10.1,97.08,14.42,23.73,19.54,23.64,26.92,87.1689,80.6112,83.437,80.6676,78.5873,97991314,1255,2026-09-25,39.39,65106082.0
NASDAQ:NCNO,NCNO,"nCino, Inc.",Technology,Software - Application,United States,NASDAQ,2126422760.0,19.41,39.66,44.87,4,35.4,1345,False,-31.05,38.54,2.83,-4.13,-24.02,-29.11,-29.43,18.8764,20.2462,25.5462,27.3787,27.5039,50230647,1255,2026-09-25,43.06,109552950.0
NASDAQ:STTK,STTK,"Shattuck Labs, Inc.",Healthcare,Biotechnology,United States,NASDAQ,579734562.0,6.07,39.67,42.58,4,35.4,1346,False,-24.69,242.94,5.48,21.26,95.37,51.16,63.13,5.7547,5.0058,3.1069,4.0155,3.7209,7724587,1255,2026-09-25,44.01,95508165.0
NYSE:KFRC,KFRC,"Kforce, Inc.",Industrials,Staffing & Employment Services,United States,NYSE,923388040.0,51.56,39.68,43.37,4,35.5,1347,True,-14.04,119.45,26.56,35.48,25.21,9.4,6.12,40.7399,38.0567,41.1783,47.1292,48.5857,14810616,1255,2026-09-25,38.18,17909000.0
NYSE:DOLE,DOLE,Dole plc,Consumer Defensive,Farm Products,Ireland,NYSE,1235163171.0,12.98,39.69,41.72,4,35.5,1348,True,-19.25,4.25,-9.54,-8.09,-7.83,-2.7,2.91,14.3484,14.1231,14.0823,13.3403,12.6134,13293047,1255,2026-09-25,36.76,95158950.0
NASDAQ:NYAX,NYAX,Nayax Ltd.,Technology,Software - Infrastructure,Israel,NASDAQ,1683137599.0,45.03,39.69,39.22,4,35.5,1349,False,-40.6,13.37,-23.51,-19.54,-3.72,15.57,,58.8721,55.9648,46.7697,38.9623,,1351722,1007,2026-09-25,38.74,37378139.0
NASDAQ:OSS,OSS,"One Stop Systems, Inc.",Technology,Computer Hardware,United States,NASDAQ,229856478.0,9.28,39.72,39.54,4,35.6,1350,False,-53.48,113.82,-18.22,-8.42,36.31,73.96,97.17,11.347,10.1334,6.8082,5.3347,4.7065,6495053,1255,2026-09-25,40.02,24769017.0
NYSE:UAMY,UAMY,United States Antimony Corporation,Basic Materials,Other Industrial Metals & Mining,United States,NYSE,666835299.0,4.5,39.72,41.45,4,35.6,1351,False,-74.24,0.22,-40.68,-42.06,-10.99,29.39,66.38,7.5866,7.7667,5.0555,3.4777,2.7046,28516663,1255,2026-09-25,40.84,148185622.0
NASDAQ:VSEC,VSEC,VSE Corporation,Industrials,Aerospace & Defense,United States,NASDAQ,5071891367.0,180.77,39.72,41.79,4,35.6,1352,False,-25.76,16.89,-8.93,-6.12,15.44,40.65,66.66,198.4946,192.5462,156.587,128.5228,108.4689,70757068,1255,2026-09-25,39.43,28057152.0
NYSE:ESS,ESS,"Essex Property Trust, Inc.",Real Estate,REIT - Residential,United States,NYSE,17454130930.0,271.61,39.74,41.69,4,35.6,1353,False,-8.96,15.59,2.4,3.5,1.94,7.0,13.37,265.2548,262.4255,266.4517,253.8318,239.5808,162359727,1255,2026-09-25,39.8,64261739.0
NASDAQ:IMSR,IMSR,Terrestrial Energy Inc.,Utilities,Utilities - Regulated Electric,United States,NASDAQ,356103431.0,4.305,39.74,41.25,4,35.6,1354,False,-84.11,3.49,-37.84,-50.27,,,,6.926,8.6568,,,,6585763,491,2026-09-25,40.52,82718567.0
NASDAQ:NRC,NRC,NRC Health,Healthcare,Health Information Services,United States,NASDAQ,433266395.0,19.57,39.76,43.33,4,35.7,1355,False,-13.37,77.19,5.37,11.67,19.48,-8.86,-23.56,18.5726,17.5253,16.3791,21.473,25.6002,2638325,1255,2026-09-25,43.39,22139315.0
NASDAQ:ANIX,ANIX,"Anixa Biosciences, Inc.",Healthcare,Biotechnology,United States,NASDAQ,94584115.0,2.78,39.77,41.56,4,35.7,1356,False,-46.74,18.3,-8.59,-15.18,-11.42,-13.04,-19.37,3.0414,3.2775,3.1383,3.1967,3.4477,1092731,1255,2026-09-25,39.77,34023063.0
NASDAQ:DASH,DASH,"DoorDash, Inc.",Consumer Cyclical,Internet Retail,United States,NASDAQ,79536046910.0,193.36,39.78,43.7,4,35.8,1357,True,-31.37,31.9,2.98,-2.49,-2.59,14.34,35.49,187.7705,198.3028,198.497,169.1037,142.7069,793459576,1255,2026-09-25,31.54,411336610.0
NYSE:NOG,NOG,"Northern Oil and Gas, Inc.",Energy,Oil & Gas E&P,United States,NYSE,2533582947.0,23.29,39.78,44.95,4,35.8,1358,False,-21.47,34.08,-0.93,0.89,-10.32,-17.6,-17.41,23.5091,23.0839,25.9707,28.2636,28.2003,51379692,1255,2026-09-25,41.56,108784154.0
NASDAQ:TNON,TNON,"Tenon Medical, Inc.",Healthcare,Medical Devices,United States,NASDAQ,54386846.0,3.13,39.78,40.04,4,35.8,1359,True,-93.07,28.28,-85.29,-87.66,-92.9,-97.65,-99.71,21.2804,25.3635,44.1055,133.0343,1064.3563,75283956,1108,2026-09-25,38.48,17375989.0
NASDAQ:PODD,PODD,Insulet Corporation,Healthcare,Medical Devices,United States,NASDAQ,9429000072.0,136.13,39.79,41.65,4,35.8,1360,True,-60.7,3.16,-31.05,-38.87,-45.79,-40.49,-43.45,197.4348,222.6723,251.1341,228.7647,240.7366,247116950,1255,2026-09-25,39.1,69264674.0
NASDAQ:SCOR,SCOR,"comScore, Inc.",Technology,Software - Application,United States,NASDAQ,74110047.0,4.91,39.79,39.4,4,35.8,1361,True,-45.38,2.08,-29.94,-30.49,-25.65,-45.37,-59.63,7.0082,7.064,6.6035,8.9879,12.1638,218103,1255,2026-09-25,36.33,15093696.0
NYSE:UMH,UMH,"UMH Properties, Inc.",Real Estate,REIT - Residential,United States,NYSE,1311559403.0,15.4,39.79,43.87,4,35.8,1362,True,-7.56,15.55,1.34,3.07,-1.18,2.58,5.52,15.1961,14.9409,15.5842,15.0127,14.5944,11150271,1255,2026-09-25,37.08,85166195.0
NASDAQ:COGT,COGT,"Cogent Biosciences, Inc.",Healthcare,Biotechnology,United States,NASDAQ,5520745209.0,32.31,39.8,40.65,4,35.9,1363,False,-24.58,143.12,-11.68,-4.72,51.27,91.88,105.79,36.5823,33.9122,21.3595,16.8389,15.7005,66775607,1255,2026-09-25,33.7,170868004.0
NYSE:GFR,GFR,Greenfire Resources Ltd.,Energy,Oil & Gas E&P,Canada,NYSE,736268230.0,5.87,39.83,43.56,4,36.0,1364,False,-17.32,35.57,-0.08,3.86,3.04,0.7,-15.41,5.8747,5.652,5.6969,5.8289,6.9394,10217119,1201,2026-09-25,45.65,125429000.0
NYSE:JOBY,JOBY,"Joby Aviation, Inc.",Industrials,Airports & Air Services,United States,NYSE,6216622825.0,6.32,39.83,40.08,4,36.0,1365,False,-67.71,3.95,-35.52,-42.7,-36.8,-25.92,-18.26,9.802,11.0288,10.0001,8.5313,7.7318,166621129,1255,2026-09-25,39.22,983642852.0
NASDAQ:REPL,REPL,"Replimune Group, Inc.",Healthcare,Biotechnology,United States,NASDAQ,1038562238.0,12.36,39.83,45.81,4,36.0,1366,False,-22.65,627.06,39.92,43.56,32.84,32.38,1.11,8.8338,8.6094,9.3042,9.337,12.2248,26977860,1255,2026-09-25,41.61,84026071.0
NASDAQ:RUN,RUN,Sunrun Inc.,Technology,Solar,United States,NASDAQ,1934634718.0,8.11,39.83,40.0,4,36.0,1367,True,-62.12,4.24,-41.23,-45.62,-36.46,-38.43,-47.13,13.7998,14.9127,12.7639,13.171,15.3405,65204786,1255,2026-09-25,34.32,238549287.0
NYSE:VZ,VZ,Verizon Communications Inc.,Communication Services,Telecom Services,United States,NYSE,196585313483.0,47.08,39.83,44.61,4,36.0,1368,False,-8.49,28.77,3.77,7.0,13.64,21.45,29.15,45.3682,44.0004,41.4294,38.7657,36.4539,1041827106,1255,2026-09-25,41.1,4175558910.0
NASDAQ:ANNA,ANNA,"AleAnna, Inc.",Energy,Oil & Gas E&P,United States,NASDAQ,110947400.0,2.71,39.84,43.42,4,36.0,1369,False,-73.54,17.32,-20.24,-21.18,-54.34,-64.19,-67.12,3.3976,3.4383,5.9349,7.5667,8.2412,941094,1153,2026-09-25,41.26,40940000.0
NASDAQ:AIFU,AIFU,AIFU Inc.,Financial Services,Insurance Brokers,China,NASDAQ,71226986.0,12.02,39.85,38.19,4,36.1,1370,True,-89.47,40.58,-67.15,-74.22,-91.39,-98.24,-99.02,36.5923,46.628,139.5958,682.8046,1220.9288,828019,1255,2026-09-25,30.85,5925706.0
NASDAQ:KARO,KARO,Karooooo Ltd.,Technology,Software - Application,Singapore,NASDAQ,1903954079.0,61.63,39.85,45.54,4,36.1,1371,False,-10.3,51.64,19.22,21.71,30.3,53.3,73.82,51.6926,50.6383,47.2979,40.2027,35.4555,4401372,1255,2026-09-25,40.9,30893300.0
NASDAQ:LFMD,LFMD,"LifeMD, Inc.",Healthcare,Health Information Services,United States,NASDAQ,143636655.0,2.97,39.85,40.68,4,36.1,1372,True,-57.39,12.5,-21.96,-28.22,-47.26,-52.15,-43.89,3.806,4.1378,5.6318,6.2071,5.2932,2685858,1255,2026-09-25,37.07,48362510.0
NYSE:TOST,TOST,"Toast, Inc.",Technology,Software - Infrastructure,United States,NYSE,15789600000.0,30.6,39.85,43.48,4,36.1,1373,False,-21.58,37.04,2.29,-1.93,-12.33,0.59,10.0,29.9143,31.2033,34.9053,30.4196,27.8171,267707786,1255,2026-09-25,35.57,516000000.0
NYSE:VYX,VYX,NCR Voyix Corporation,Technology,Information Technology Services,United States,NYSE,974296727.0,7.07,39.87,42.53,4,36.2,1374,False,-45.07,14.96,-13.51,-19.63,-32.89,-39.79,-43.58,8.1741,8.7964,10.5344,11.7416,12.5318,25086533,1255,2026-09-25,39.87,137807175.0
NASDAQ:INTR,INTR,Inter & Co. Inc.,Financial Services,Banks - Regional,Brazil,NASDAQ,1664672937.0,5.11,39.88,42.57,4,36.2,1375,True,-49.32,1.19,-27.47,-31.24,-25.01,-19.91,-6.12,7.0456,7.4314,6.8139,6.3804,5.4432,21818002,1069,2026-09-25,38.14,325767698.0
NASDAQ:DRS,DRS,"Leonardo DRS, Inc.",Industrials,Aerospace & Defense,United States,NASDAQ,9917688697.0,37.16,39.89,39.2,4,36.2,1376,False,-25.07,14.85,-11.53,-9.77,-4.38,11.91,31.32,42.0024,41.1817,38.8621,33.204,28.2982,35894539,1255,2026-09-25,42.59,266891515.0
NASDAQ:IRTC,IRTC,"iRhythm Holdings, Inc.",Healthcare,Medical Devices,United States,NASDAQ,3627352595.0,110.38,39.89,43.04,4,36.2,1377,False,-41.68,8.44,-15.13,-21.11,-13.85,-5.87,-4.58,130.0522,139.9186,128.126,117.261,115.6813,63712698,1255,2026-09-25,40.53,32862408.0
NYSE:AMR,AMR,"Alpha Metallurgical Resources, Inc.",Basic Materials,Coking Coal,United States,NYSE,2212730893.0,174.43,39.9,44.09,4,36.3,1378,True,-30.13,27.17,-8.16,-5.57,0.49,-18.92,-13.42,189.9342,184.7115,173.5718,215.1398,201.476,67360662,1255,2026-09-25,38.23,12685495.0
NYSE:RYAN,RYAN,"Ryan Specialty Holdings, Inc.",Financial Services,Insurance - Specialty,United States,NYSE,4905547673.0,37.89,39.9,42.39,4,36.3,1379,False,-34.41,29.86,-5.84,-12.42,-30.32,-28.65,-24.38,40.2395,43.2649,54.374,53.1009,50.1028,84954157,1255,2026-09-25,33.35,129468136.0
NASDAQ:PLUG,PLUG,"Plug Power, Inc.",Industrials,Electrical Equipment & Parts,United States,NASDAQ,2762236782.0,1.98,39.91,41.66,4,36.3,1380,True,-52.17,10.61,-19.99,-21.66,-6.23,-24.61,-61.68,2.4747,2.5273,2.1116,2.6263,5.1667,97566227,1255,2026-09-25,38.2,1395069082.0
NASDAQ:SOUN,SOUN,"SoundHound AI, Inc.",Technology,Software - Application,United States,NASDAQ,2438989571.0,6.05,39.91,42.12,4,36.3,1381,False,-71.73,6.14,-23.82,-36.37,-40.89,-25.15,-9.62,7.9414,9.5079,10.2356,8.0825,6.6942,135844386,1107,2026-09-25,40.94,403138772.0
NYSE:PINS,PINS,"Pinterest, Inc.",Communication Services,Internet Content & Information,United States,NYSE,9105080821.0,18.9,39.92,40.64,4,36.4,1382,False,-46.37,22.57,-11.77,-18.43,-32.66,-37.86,-35.19,21.4205,23.1709,28.0658,30.4156,29.1602,302464960,1255,2026-09-25,38.25,481750308.0
NYSE:XPRO,XPRO,Expro Ltd,Energy,Oil & Gas Equipment & Services,United States,NYSE,1834661603.0,16.33,39.92,44.28,4,36.4,1383,False,-13.87,37.57,0.84,4.62,20.32,5.61,0.0,16.1939,15.6092,13.5724,15.4632,16.3297,13884043,1255,2026-09-25,44.18,112349149.0
NYSE:ATS,ATS,ATS Corporation,Industrials,Specialty Industrial Machinery,Canada,NYSE,1852836221.0,19.1,39.93,38.03,4,36.4,1384,True,-46.01,3.3,-31.44,-30.66,-32.08,-37.35,-41.54,27.8578,27.5471,28.1212,30.4881,32.6714,5691279,1255,2026-09-25,36.63,97007132.0
NYSE:MPT,MPT,"Medical Properties Trust, Inc.",Real Estate,REIT - Healthcare Facilities,United States,NYSE,2135217000.0,3.57,39.95,39.14,4,36.5,1385,False,-36.97,5.31,-22.89,-23.56,-19.61,-15.24,-28.14,4.6295,4.6705,4.4408,4.2117,4.9683,40254457,1255,2026-09-25,41.05,598100000.0
NYSE:HWM,HWM,Howmet Aerospace Inc.,Industrials,Aerospace & Defense,United States,NYSE,93016987648.0,232.48,39.96,39.72,4,36.5,1386,False,-20.56,26.55,-6.05,-1.96,22.95,56.48,90.76,247.4558,237.1273,189.0839,148.5641,121.8675,966933904,1255,2026-09-25,36.52,400107483.0
NYSE:RYZ,RYZ,Ryerson Holding Corporation,Industrials,Metal Fabrication,United States,NYSE,1237782874.0,23.85,39.96,42.04,4,36.5,1387,True,-22.59,22.74,-8.27,-5.1,2.78,-0.25,-7.07,25.9988,25.1317,23.2043,23.9099,25.6645,11293228,1255,2026-09-25,38.41,51898653.0
NYSE:AR,AR,Antero Resources Corporation,Energy,Oil & Gas E&P,United States,NYSE,10760365000.0,35.0,39.97,43.14,4,36.6,1388,False,-22.48,16.55,-3.78,-2.23,-0.76,7.03,11.47,36.3734,35.7977,35.2693,32.7016,31.3992,150960060,1255,2026-09-25,45.24,307439000.0
NYSE:CHMI,CHMI,Cherry Hill Mortgage Investment Corporation,Real Estate,REIT - Mortgage,United States,NYSE,100666334.0,2.74,39.97,47.9,4,36.6,1389,True,-7.74,41.73,10.7,14.19,14.65,14.41,7.44,2.4751,2.3995,2.3899,2.3948,2.5504,638814,1255,2026-09-25,39.97,36739538.0
NASDAQ:PRME,PRME,"Prime Medicine, Inc.",Healthcare,Biotechnology,United States,NASDAQ,523790608.0,2.9,39.97,42.93,4,36.6,1390,False,-56.52,7.41,-17.4,-22.87,-13.05,-34.7,,3.5107,3.7599,3.3351,4.4411,,10319963,986,2026-09-25,43.77,180617451.0
NASDAQ:DOO,DOO,BRP Inc. - Common Subordinate Voting Shares,Consumer Cyclical,Recreational Vehicles,Canada,NASDAQ,2202601682.0,57.17,39.98,42.3,4,36.6,1391,True,-29.61,12.57,-12.68,-12.63,1.35,-4.08,-9.63,65.4723,65.4312,56.4075,59.6032,63.2654,20618917,1255,2026-09-25,32.69,38527229.0
NASDAQ:ASLE,ASLE,AerSale Corporation,Industrials,Airports & Air Services,United States,NASDAQ,255165277.0,5.4,39.99,40.84,4,36.7,1392,False,-35.56,0.56,-17.56,-19.02,-18.81,-28.71,-44.96,6.5506,6.6685,6.6515,7.5749,9.8119,2597566,1255,2026-09-25,44.15,47252829.0
NASDAQ:TACT,TACT,TransAct Technologies Incorporated,Technology,Computer Hardware,United States,NASDAQ,50045479.0,4.87,39.99,44.18,4,36.7,1393,False,-16.61,51.71,14.5,12.01,16.12,5.27,-4.83,4.2533,4.348,4.194,4.6262,5.1171,80978,1255,2026-09-25,41.33,10276279.0
NYSE:CHCT,CHCT,Community Healthcare Trust Incorporated,Real Estate,REIT - Healthcare Facilities,United States,NYSE,411719537.0,14.41,40.0,39.24,4,36.7,1394,False,-22.51,21.02,-10.26,-7.0,-4.31,-12.18,-22.97,16.0584,15.4943,15.0583,16.4091,18.706,5696262,1255,2026-09-25,37.03,28571793.0
NASDAQ:FA,FA,First Advantage Corporation,Industrials,Specialty Business Services,United States,NASDAQ,3366372344.0,19.6,40.0,44.85,4,36.7,1395,False,-18.74,118.99,24.28,27.35,20.18,20.75,28.35,15.7705,15.391,16.309,16.2313,15.271,27561663,1255,2026-09-25,42.31,171753691.0
NASDAQ:STI,STI,"Solidion Technology, Inc.",Industrials,Electrical Equipment & Parts,United States,NASDAQ,55391853.0,6.52,40.0,43.1,4,36.7,1396,False,-81.75,103.75,-13.93,-20.69,-35.21,-91.86,-96.57,7.5755,8.2204,10.0638,80.0716,190.1412,2725097,1105,2026-09-25,41.28,8495683.0
NASDAQ:DKNG,DKNG,DraftKings Inc.,Consumer Cyclical,Gambling,United States,NASDAQ,10924756550.0,22.02,40.01,42.06,4,36.8,1397,False,-48.7,6.27,-15.66,-20.0,-35.01,-37.31,-29.97,26.1093,27.5262,33.8833,35.1238,31.4416,295942496,1255,2026-09-25,33.22,496128817.0
NASDAQ:ROAD,ROAD,"Construction Partners, Inc.",Industrials,Engineering & Construction,United States,NASDAQ,4496732825.0,93.71,40.02,41.35,4,36.8,1398,True,-33.29,4.3,-17.86,-17.93,-9.32,9.32,30.93,114.0924,114.1819,103.3363,85.723,71.5699,55698704,1255,2026-09-25,32.46,47985624.0
NASDAQ:NTRS,NTRS,Northern Trust Corporation,Financial Services,Asset Management,United States,NASDAQ,32150796902.0,175.73,40.03,43.15,4,36.8,1399,False,-7.79,46.23,9.42,14.43,35.79,57.51,71.51,160.6032,153.5732,129.4087,111.5695,102.4576,176385829,1255,2026-09-25,37.06,182955653.0
NYSE:NU,NU,Nu Holdings Ltd.,Financial Services,Banks - Regional,Brazil,NYSE,51749141820.0,13.59,40.03,43.83,4,36.8,1400,True,-27.56,17.16,-8.18,-9.56,-2.21,5.98,23.52,14.8005,15.0262,13.8972,12.8232,11.0023,1009426467,1203,2026-09-25,39.52,3807883872.0
NYSE:NMG,NMG,Nouveau Monde Graphite Inc.,Basic Materials,Other Industrial Metals & Mining,Canada,NYSE,434430916.0,1.32,40.04,42.43,4,36.9,1401,False,-73.96,4.76,-33.35,-39.53,-32.5,-34.53,-48.4,1.9805,2.1831,1.9554,2.0163,2.5583,473458,1255,2026-09-25,43.7,329114330.0
NYSE:PR,PR,Permian Resources Corporation,Energy,Oil & Gas E&P,United States,NYSE,17884474329.0,21.36,40.06,45.05,4,36.9,1402,False,-12.21,82.82,12.77,20.94,39.09,45.13,60.48,18.9414,17.661,15.3565,14.7179,13.3097,239626779,1255,2026-09-25,43.7,837288124.0
NYSE:WHD,WHD,"Cactus, Inc.",Energy,Oil & Gas Equipment & Services,United States,NYSE,4477411159.0,64.3,40.06,45.72,4,36.9,1403,False,-12.6,94.53,14.51,21.7,25.08,27.69,31.27,56.1526,52.8356,51.4079,50.3565,48.982,57058004,1255,2026-09-25,42.43,69633144.0
NASDAQ:ARBE,ARBE,Arbe Robotics Ltd.,Technology,Scientific & Technical Instruments,Israel,NASDAQ,77882587.0,0.635,40.07,42.93,4,37.0,1404,False,-76.39,14.41,-29.3,-41.42,-54.85,-60.13,-69.36,0.8982,1.0839,1.4064,1.5927,2.0725,5121997,1255,2026-09-25,45.48,122649743.0
AMEX:GMTL,GMTL,Guardian Metal Resources PLC ADS,Basic Materials,Other Precious Metals & Mining,United Kingdom,AMEX,393122504.0,10.09,40.07,42.32,4,37.0,1405,False,-51.11,8.85,,,,,,,,,,,1829458,131,2026-09-25,41.65,38961596.0
NYSE:STT,STT,State Street Corporation,Financial Services,Asset Management,United States,NYSE,49814418065.0,181.34,40.07,44.93,4,37.0,1406,False,-6.65,66.36,18.64,25.15,51.44,76.02,92.81,152.8437,144.8993,119.7432,103.0203,94.0502,363513826,1255,2026-09-25,39.45,274701765.0
NASDAQ:SEZL,SEZL,Sezzle Inc.,Financial Services,Credit Services,United States,NASDAQ,3745377376.0,111.38,40.08,41.53,4,37.0,1407,False,-40.93,118.52,9.05,17.0,32.92,88.63,,102.1321,95.1971,83.7925,59.0469,,57816830,762,2026-09-25,37.97,33627019.0
NYSE:RES,RES,"RPC, Inc.",Energy,Oil & Gas Equipment & Services,United States,NYSE,1294476950.0,5.84,40.09,43.22,4,37.1,1408,False,-26.06,41.85,-6.91,-2.59,4.2,-1.97,-8.3,6.2736,5.9954,5.6048,5.9573,6.3685,12082359,1255,2026-09-25,41.94,221657012.0
NYSE:SFBS,SFBS,"ServisFirst Bancshares, Inc.",Financial Services,Banks - Regional,United States,NYSE,2258459960.0,41.31,40.09,42.62,4,37.1,1409,False,-9.73,23.76,2.6,4.68,3.37,12.44,18.92,40.262,39.4624,39.964,36.739,34.7373,29130014,1255,2026-09-25,39.43,54671023.0
NYSE:CVS,CVS,CVS Health Corporation,Healthcare,Healthcare Plans,United States,NYSE,113723400873.0,89.13,40.1,40.55,4,37.2,1410,True,-18.91,29.09,2.79,5.35,23.94,30.44,28.91,86.7066,84.6,71.9124,68.3297,69.1438,694697101,1255,2026-09-25,23.18,1275927307.0
NYSE:FHI,FHI,"Federated Hermes, Inc.",Financial Services,Asset Management,United States,NYSE,4388749216.0,57.82,40.1,42.51,4,37.2,1411,True,-11.58,25.51,2.54,5.36,20.7,37.03,45.81,56.3875,54.88,47.9022,42.1939,39.6551,40829842,1255,2026-09-25,37.39,75903653.0
NYSE:GWRE,GWRE,"Guidewire Software, Inc.",Technology,Software - Application,United States,NYSE,12118796344.0,145.56,40.1,43.44,4,37.2,1412,False,-42.74,41.75,-4.55,-13.42,-21.95,-11.14,3.31,152.5066,168.1172,186.5053,163.8078,140.8964,272505668,1255,2026-09-25,43.34,83256364.0
NYSE:IRM,IRM,Iron Mountain Incorporated (Delaware)Common Stock REIT,Real Estate,REIT - Specialty,United States,NYSE,33138298970.0,111.38,40.1,41.87,4,37.2,1413,False,-15.64,44.48,1.2,4.25,9.6,20.81,37.25,110.0623,106.8381,101.6211,92.1931,81.1533,194142366,1255,2026-09-25,44.92,297524681.0
NASDAQ:WSBF,WSBF,"Waterstone Financial, Inc.",Financial Services,Banks - Regional,United States,NASDAQ,368102342.0,20.39,40.11,45.09,4,37.2,1414,True,-5.25,43.26,9.42,14.09,31.54,44.12,47.0,18.635,17.8719,15.5006,14.1477,13.8704,2141524,1255,2026-09-25,38.2,18053082.0
NYSE:ACI,ACI,"Albertsons Companies, Inc.",Consumer Defensive,Grocery Stores,United States,NYSE,5663750721.0,11.67,40.12,41.73,4,37.3,1415,False,-38.36,5.8,-23.36,-25.46,-32.94,-35.35,-36.11,15.2265,15.6557,17.4013,18.0513,18.2644,100812525,1255,2026-09-25,43.97,485325683.0
NASDAQ:CARE,CARE,"Carter Bankshares, Inc.",Financial Services,Banks - Regional,United States,NASDAQ,671788749.0,30.31,40.12,42.88,4,37.3,1416,False,-14.89,79.94,16.22,23.95,44.96,64.1,70.87,26.0802,24.453,20.9089,18.4703,17.739,8537050,1255,2026-09-25,36.67,22163931.0
NYSE:SYF,SYF,Synchrony Financial,Financial Services,Credit Services,United States,NYSE,23732549070.0,72.94,40.12,42.86,4,37.3,1417,False,-16.52,15.32,-2.09,-1.59,8.05,26.04,42.96,74.4943,74.1194,67.5032,57.872,51.0213,228631652,1255,2026-09-25,33.89,325370840.0
NASDAQ:EYE,EYE,"National Vision Holdings, Inc.",Consumer Cyclical,Specialty Retail,United States,NASDAQ,1324328472.0,16.53,40.13,40.57,4,37.3,1418,False,-43.89,7.06,-27.14,-29.66,-15.94,-11.62,-22.16,22.6863,23.5005,19.664,18.7026,21.2349,40127894,1255,2026-09-25,38.52,80116665.0
NYSE:WGO,WGO,"Winnebago Industries, Inc.",Consumer Cyclical,Recreational Vehicles,United States,NYSE,767500445.0,27.15,40.15,41.64,4,37.4,1419,True,-43.6,2.72,-19.6,-19.43,-25.24,-37.19,-40.85,33.7669,33.6954,36.3148,43.2233,45.8985,15879762,1255,2026-09-25,38.25,28268893.0
NYSE:VET,VET,Vermilion Energy Inc. Common (Canada),Energy,Oil & Gas E&P,Canada,NYSE,1772480000.0,11.6,40.16,45.54,4,37.4,1420,False,-18.25,64.87,6.21,12.39,26.73,19.4,7.73,10.9214,10.3211,9.1534,9.7151,10.7678,18861028,1255,2026-09-25,43.48,152800000.0
NYSE:STN,STN,Stantec Inc,Industrials,Engineering & Construction,Canada,NYSE,7872903995.0,69.02,40.17,42.36,4,37.4,1421,True,-39.02,3.4,-16.62,-21.06,-22.69,-19.09,-11.3,82.78,87.4357,89.2747,85.3054,77.8114,23307372,1255,2026-09-25,37.11,114066995.0
NASDAQ:USAR,USAR,"USA Rare Earth, Inc.",Basic Materials,Other Industrial Metals & Mining,United States,NASDAQ,3714107936.0,15.18,40.18,42.37,4,37.4,1422,False,-60.75,27.56,-21.65,-22.42,-3.26,8.84,,19.3749,19.5657,15.6917,13.9473,,211859027,803,2026-09-25,41.2,244671142.0
NYSE:BANC,BANC,"Banc of California, Inc.",Financial Services,Banks - Regional,United States,NYSE,2833716270.0,17.94,40.19,41.59,4,37.5,1423,False,-17.28,18.18,-5.5,-3.27,8.81,18.28,22.71,18.984,18.5467,16.4871,15.1673,14.62,49143366,1255,2026-09-25,35.44,157955199.0
NASDAQ:FATN,FATN,"FatPipe, Inc.",Technology,Software - Infrastructure,United States,NASDAQ,74475235.0,5.31,40.19,44.03,4,37.5,1424,False,-33.29,266.21,39.04,36.69,,,,3.819,3.8847,,,,452258,369,2026-09-25,42.97,14025468.0
NASDAQ:SPAI,SPAI,Safe Pro Group Inc.,Industrials,Aerospace & Defense,United States,NASDAQ,85980467.0,4.17,40.19,43.91,4,37.5,1425,False,-53.41,29.1,-8.89,-14.48,0.05,,,4.5767,4.8759,4.1678,,,508254,521,2026-09-25,45.42,20618817.0
NASDAQ:GASS,GASS,"StealthGas, Inc.",Industrials,Marine Shipping,Greece,NASDAQ,330580749.0,8.89,40.2,44.31,4,37.6,1426,False,-14.44,42.01,0.97,6.34,23.16,27.73,46.78,8.8043,8.3597,7.2183,6.9601,6.0568,1314192,1255,2026-09-25,41.3,37185686.0
NASDAQ:RRGB,RRGB,"Red Robin Gourmet Burgers, Inc.",Consumer Cyclical,Restaurants,United States,NASDAQ,134122470.0,7.25,40.2,43.79,4,37.6,1427,False,-31.54,179.92,36.86,36.1,38.15,19.26,0.41,5.2975,5.3269,5.248,6.0791,7.2207,2277982,1255,2026-09-25,43.81,18499651.0
NASDAQ:SRRK,SRRK,Scholar Rock Holding Corporation,Healthcare,Biotechnology,United States,NASDAQ,5827252077.0,48.63,40.21,43.0,4,37.6,1428,True,-19.0,74.18,0.56,6.55,22.67,59.48,95.32,48.3569,45.64,39.6441,30.4926,24.8974,111062754,1255,2026-09-25,40.15,119828338.0
AMEX:GLDG,GLDG,GoldMining Inc.,Basic Materials,Gold,Canada,AMEX,208355193.0,0.97,40.22,44.33,4,37.6,1429,False,-54.67,18.29,-19.8,-22.31,-7.64,-1.91,-2.71,1.2094,1.2486,1.0503,0.9889,0.9971,587403,1255,2026-09-25,41.56,214799168.0
NYSE:SLG,SLG,SL Green Realty Corp,Real Estate,REIT - Office,United States,NYSE,3628059878.0,51.01,40.23,43.57,4,37.7,1430,False,-14.74,48.65,11.21,9.36,-3.75,1.98,15.37,45.867,46.6442,52.9981,50.0217,44.2125,43151935,1255,2026-09-25,39.57,71124483.0
NASDAQ:TLS,TLS,Telos Corporation,Technology,Software - Infrastructure,United States,NASDAQ,302269467.0,4.04,40.23,42.61,4,37.7,1431,False,-47.94,4.12,-12.71,-19.59,-4.8,0.09,-0.37,4.6281,5.0242,4.2438,4.0363,4.0551,3157785,1255,2026-09-25,41.01,74819175.0
NYSE:TTAM,TTAM,Titan America SA,Basic Materials,Building Materials,Belgium,NYSE,2553420140.0,13.85,40.24,39.99,4,37.7,1432,False,-28.31,3.98,-15.57,-14.19,,,,16.4041,16.1407,,,,3938546,410,2026-09-25,34.68,184362465.0
NASDAQ:SPT,SPT,"Sprout Social, Inc",Technology,Software - Application,United States,NASDAQ,518176367.0,9.54,40.25,45.82,4,37.7,1433,False,-32.53,91.18,16.66,9.14,-42.4,-64.23,-71.7,8.1779,8.7407,16.5617,26.673,33.7045,13243181,1255,2026-09-25,42.05,54316181.0
NYSE:WLYB,WLYB,"John Wiley & Sons, Inc.",Communication Services,Publishing,United States,NYSE,418432143.0,47.77,40.26,42.62,4,37.8,1434,False,-12.72,63.85,16.72,19.73,17.15,23.62,26.87,40.9272,39.8986,40.7759,38.6432,37.6534,137031,1255,2026-09-25,44.0,8759308.0
NYSE:BURL,BURL,"Burlington Stores, Inc.",Consumer Cyclical,Apparel Retail,United States,NYSE,16030750446.0,254.69,40.29,37.98,4,37.8,1435,False,-31.57,12.06,-18.07,-15.71,-9.41,0.08,8.38,310.846,302.1491,281.1316,254.4772,234.9876,450163830,1255,2026-09-25,40.37,62942206.0
NYSE:SPGI,SPGI,S&P Global Inc.,Financial Services,Financial Data & Stock Exchanges,United States,NYSE,118892840000.0,403.3,40.3,43.52,4,37.8,1436,True,-21.44,9.85,-4.96,-6.52,-11.5,-7.94,-1.84,424.3412,431.4182,455.6989,438.0681,410.8546,757060495,1255,2026-09-25,40.25,294800000.0
NASDAQ:PRGS,PRGS,Progress Software Corporation,Technology,Software - Infrastructure,United States,NASDAQ,1613449138.0,39.34,40.32,44.71,4,37.8,1437,False,-16.07,56.8,6.49,2.74,-18.36,-21.2,-22.68,36.9429,38.2917,48.1864,49.9257,50.8792,23124051,1255,2026-09-25,43.35,41012942.0
NASDAQ:SHIP,SHIP,Seanergy Maritime Holdings Corp.,Industrials,Marine Shipping,Greece,NASDAQ,359692087.0,16.6,40.33,46.27,4,37.9,1438,False,-10.45,129.72,21.75,32.39,71.54,86.89,115.04,13.6344,12.5385,9.6769,8.8823,7.7195,7732616,1255,2026-09-25,43.56,21668198.0
NYSE:SYY,SYY,Sysco Corporation,Consumer Defensive,Food Distribution,United States,NYSE,37561966449.0,78.46,40.33,42.34,4,37.9,1439,False,-12.71,14.83,-0.82,0.17,3.89,6.78,8.36,79.1062,78.3302,75.5249,73.4777,72.4057,361223381,1255,2026-09-25,38.88,478740332.0
NYSE:BGSF,BGSF,"BGSF, Inc.",Industrials,Staffing & Employment Services,United States,NYSE,53589875.0,5.0,40.34,41.73,4,38.0,1440,False,-24.01,52.91,-9.53,-4.02,8.42,-3.73,-14.61,5.5269,5.2092,4.6115,5.1939,5.8558,48827,1255,2026-09-25,40.34,10717975.0
NYSE:CBAN,CBAN,"Colony Bankcorp, Inc.",Financial Services,Banks - Regional,United States,NYSE,438849556.0,20.68,40.34,43.55,4,38.0,1441,False,-7.14,33.04,3.51,7.63,18.54,34.85,47.11,19.9796,19.2146,17.4454,15.3356,14.0573,3118920,1255,2026-09-25,41.33,21220965.0
NYSE:SON,SON,Sonoco Products Company,Consumer Cyclical,Packaging & Containers,United States,NYSE,4949682650.0,50.06,40.34,41.29,4,38.0,1442,True,-16.56,32.98,-1.86,2.9,7.32,5.03,3.09,51.0073,48.6486,46.6468,47.6623,48.5585,62478373,1255,2026-09-25,39.67,98875003.0
NASDAQ:UMBF,UMBF,UMB Financial Corporation,Financial Services,Banks - Regional,United States,NASDAQ,10315533075.0,135.82,40.34,42.47,4,38.0,1443,False,-10.35,32.5,5.4,8.58,16.76,30.88,42.85,128.8616,125.088,116.325,103.7752,95.0778,92467623,1255,2026-09-25,37.25,75950030.0
NYSE:NOV,NOV,NOV Inc.,Energy,Oil & Gas Equipment & Services,United States,NYSE,7079655562.0,19.86,40.36,45.0,4,38.0,1444,False,-8.13,65.0,3.91,9.88,26.12,21.59,18.62,19.1127,18.0748,15.747,16.3338,16.7428,61872363,1255,2026-09-25,40.83,356478125.0
NASDAQ:BSY,BSY,"Bentley Systems, Incorporated",Technology,Software - Application,United States,NASDAQ,9189331838.0,31.44,40.37,42.78,4,38.0,1445,False,-44.22,10.87,-9.24,-15.69,-26.42,-30.3,-29.0,34.6424,37.2917,42.7317,45.1066,44.2847,87760420,1255,2026-09-25,42.52,292281547.0
NASDAQ:SBRA,SBRA,"Sabra Health Care REIT, Inc.",Real Estate,REIT - Healthcare Facilities,United States,NASDAQ,5070935707.0,19.85,40.38,44.21,4,38.1,1446,False,-10.0,22.38,1.92,4.17,12.34,24.71,38.78,19.4753,19.0558,17.6701,15.9164,14.3036,49444234,1255,2026-09-25,38.19,255462756.0
NASDAQ:OFLX,OFLX,"Omega Flex, Inc.",Industrials,Specialty Industrial Machinery,United States,NASDAQ,257808984.0,25.54,40.39,40.09,4,38.1,1447,True,-30.51,2.94,-15.69,-14.06,-22.91,-39.22,-52.68,30.2913,29.7167,33.132,42.0182,53.976,830766,1255,2026-09-25,36.18,10094322.0
NASDAQ:CBSH,CBSH,"Commerce Bancshares, Inc.",Financial Services,Banks - Regional,United States,NASDAQ,8121384359.0,56.44,40.4,43.2,4,38.1,1448,False,-6.01,20.04,5.11,6.06,1.68,7.63,9.95,53.6944,53.2174,55.505,52.4404,51.3329,61982413,1255,2026-09-25,32.11,143894124.0
NASDAQ:JBLU,JBLU,JetBlue Airways Corporation,Industrials,Airlines,United States,NASDAQ,1660173596.0,4.4,40.4,41.14,4,38.1,1449,True,-31.89,9.18,-13.74,-11.66,-17.42,-18.74,-25.33,5.101,4.9808,5.3281,5.415,5.8929,82266191,1255,2026-09-25,38.25,377312181.0
NASDAQ:APWC,APWC,"Asia Pacific Wire & Cable Corporation Limited - Common shares, Par value .01 per share",Industrials,Electrical Equipment & Parts,Taiwan,NASDAQ,55251488.0,1.34,40.41,42.04,4,38.2,1450,False,-37.09,3.88,-13.26,-16.88,-17.91,-13.99,-13.66,1.5449,1.6121,1.6324,1.5579,1.5521,9584,1255,2026-09-25,37.95,41232454.0
NASDAQ:FRVO,FRVO,Fervo Energy Company,Utilities,Utilities - Renewable,United States,NASDAQ,4354528151.0,15.18,40.41,40.98,4,38.2,1451,False,-64.28,2.78,,,,,,,,,,,141572704,94,2026-09-25,46.28,286859562.0
NASDAQ:UFPI,UFPI,"UFP Industries, Inc.",Basic Materials,Lumber & Wood Production,United States,NASDAQ,4489613483.0,79.49,40.41,41.89,4,38.2,1452,True,-30.4,1.28,-12.41,-12.26,-20.26,-23.08,-18.84,90.7501,90.598,99.6902,103.3373,97.948,37067894,1255,2026-09-25,38.18,56480230.0
NASDAQ:OPAL,OPAL,OPAL Fuels Inc.,Utilities,Utilities - Regulated Gas,United States,NASDAQ,56161456.0,1.85,40.43,42.06,4,38.3,1453,True,-33.45,3.93,-17.0,-18.28,-26.87,-44.8,-57.75,2.229,2.2639,2.5299,3.3517,4.3785,469899,1255,2026-09-25,39.54,30357544.0
NASDAQ:CRDL,CRDL,Cardiol Therapeutics Inc.,Healthcare,Drug Manufacturers - Specialty & Generic,Canada,NASDAQ,197115530.0,1.71,40.46,46.87,4,38.3,1454,False,-25.16,84.67,34.52,39.32,32.77,23.73,40.76,1.2711,1.2274,1.2879,1.3821,1.2148,2659581,1255,2026-09-25,41.46,115272240.0
NYSE:PLOW,PLOW,"Douglas Dynamics, Inc.",Consumer Cyclical,Auto Parts,United States,NYSE,918995130.0,39.74,40.46,41.39,4,38.3,1455,False,-26.14,38.24,-4.9,0.9,22.33,34.6,35.71,41.786,39.3858,32.4852,29.5245,29.2835,7270022,1255,2026-09-25,40.34,23125192.0
NASDAQ:REAX,REAX,Real REMAX Group Inc.,Real Estate,Real Estate Services,United States,NASDAQ,3580822220.0,16.43,40.46,42.53,4,38.3,1456,False,-64.67,8.59,-33.86,-40.83,-56.23,-54.94,-46.88,24.8417,27.768,37.5341,36.4658,30.9322,17899279,1255,2026-09-25,36.28,217944140.0
NYSE:HLIO,HLIO,"Helios Technologies, Inc.",Industrials,Specialty Industrial Machinery,United States,NYSE,2268302013.0,68.64,40.47,40.15,4,38.4,1457,True,-25.99,46.39,-4.43,1.01,25.72,33.87,29.82,71.8214,67.9562,54.597,51.2751,52.8734,25089482,1255,2026-09-25,39.42,33046358.0
NASDAQ:MCRI,MCRI,"Monarch Casino & Resort, Inc.",Consumer Cyclical,Resorts & Casinos,United States,NASDAQ,2110197623.0,117.74,40.48,43.06,4,38.4,1458,False,-11.83,33.71,7.11,10.17,22.91,37.09,45.31,109.9272,106.876,95.7911,85.8827,81.0295,23695220,1255,2026-09-25,41.22,17922521.0
NASDAQ:LFST,LFST,"LifeStance Health Group, Inc.",Healthcare,Medical Care Facilities,United States,NASDAQ,4520919675.0,11.84,40.51,47.28,4,38.4,1459,True,-11.51,146.15,36.58,46.95,63.45,70.86,70.07,8.669,8.0571,7.2439,6.9298,6.9617,74963652,1255,2026-09-25,39.66,381834432.0
NASDAQ:PCYO,PCYO,Pure Cycle Corporation,Utilities,Utilities - Regulated Water,United States,NASDAQ,261938412.0,10.87,40.51,44.98,4,38.4,1460,False,-8.96,10.36,-0.85,-1.09,-1.54,2.12,3.89,10.9636,10.9894,11.0401,10.6447,10.4633,992124,1255,2026-09-25,40.51,24097370.0
NASDAQ:EBC,EBC,"Eastern Bankshares, Inc.",Financial Services,Banks - Regional,United States,NASDAQ,4903038000.0,21.42,40.52,43.07,4,38.5,1461,False,-8.81,31.67,4.49,7.65,19.93,32.63,37.95,20.4986,19.8976,17.8605,16.1503,15.5278,52885543,1255,2026-09-25,37.48,228900000.0
NYSE:MHO,MHO,"M/I Homes, Inc.",Consumer Cyclical,Residential Construction,United States,NYSE,3550627624.0,138.75,40.52,42.72,4,38.5,1462,True,-14.88,17.89,0.44,1.14,3.1,6.08,21.51,138.1396,137.1867,134.5781,130.7923,114.1919,29872765,1255,2026-09-25,38.26,25590109.0
NASDAQ:STNE,STNE,StoneCo Ltd.,Technology,Software - Infrastructure,Cayman Islands,NASDAQ,2131346677.0,9.3,40.52,41.82,4,38.5,1463,True,-42.15,1.97,-18.93,-23.06,-15.78,-17.87,-13.88,11.4719,12.0866,11.0425,11.3239,10.7984,60705531,1255,2026-09-25,37.52,229177062.0
NYSE:AMT,AMT,American Tower Corporation (REIT),Real Estate,REIT - Specialty,United States,NYSE,78761226913.0,169.03,40.53,43.96,4,38.6,1464,True,-12.09,4.27,-3.6,-4.02,-9.54,-8.71,-7.88,175.3508,176.1025,186.8485,185.1561,183.494,442688195,1255,2026-09-25,36.4,465960048.0
NYSE:DEC,DEC,Diversified Energy Company,Energy,Oil & Gas Integrated,United States,NYSE,975912274.0,13.79,40.53,44.87,4,38.6,1465,False,-21.63,19.7,-1.04,0.54,5.37,19.73,59.64,13.9344,13.7156,13.0877,11.5174,8.6381,13361872,1235,2026-09-25,44.58,70769563.0
NASDAQ:URGN,URGN,UroGen Pharma Ltd.,Healthcare,Biotechnology,United States,NASDAQ,2014642336.0,41.35,40.53,45.54,4,38.6,1466,True,-17.78,151.83,40.34,49.08,105.48,126.0,150.14,29.4644,27.7369,20.1239,18.2967,16.5308,31316783,1255,2026-09-25,39.86,48721701.0
NASDAQ:IDYA,IDYA,"IDEAYA Biosciences, Inc.",Healthcare,Biotechnology,United States,NASDAQ,3532322485.0,36.69,40.54,45.25,4,38.7,1467,False,-13.63,42.82,8.01,10.17,29.3,16.9,29.22,33.9679,33.3025,28.3758,31.3855,28.3935,32167546,1255,2026-09-25,40.77,96274802.0
NASDAQ:LASR,LASR,"nLIGHT, Inc.",Technology,Semiconductors,United States,NASDAQ,2274963234.0,40.33,40.54,40.2,4,38.7,1468,False,-52.53,43.83,-30.21,-23.06,20.77,53.73,78.76,57.7866,52.4178,33.3935,26.2343,22.5614,44651290,1255,2026-09-25,41.2,56408709.0
NYSE:TYL,TYL,"Tyler Technologies, Inc.",Technology,Software - Application,United States,NYSE,13332831846.0,325.57,40.54,45.26,4,38.7,1469,False,-38.54,18.27,-6.65,-13.68,-32.13,-31.11,-26.59,348.7451,377.1449,479.7006,472.6043,443.5113,351682562,1255,2026-09-25,41.16,40952274.0
NYSE:J,J,Jacobs Solutions Inc.,Industrials,Engineering & Construction,United States,NYSE,16338851227.0,138.37,40.55,45.23,4,38.7,1470,True,-14.96,29.72,4.45,1.85,3.68,9.3,16.18,132.4731,135.8503,133.4605,126.591,119.0954,115393379,1255,2026-09-25,32.42,118080879.0
NASDAQ:BEAM,BEAM,Beam Therapeutics Inc.,Healthcare,Biotechnology,United States,NASDAQ,2496878524.0,24.27,40.57,42.05,4,38.8,1471,False,-36.0,17.82,-14.97,-12.63,-3.01,-4.92,-14.28,28.5432,27.7773,25.0243,25.5258,28.3144,50409213,1255,2026-09-25,42.12,102879214.0
NASDAQ:DAVE,DAVE,Dave Inc.,Technology,Software - Application,United States,NASDAQ,3703685605.0,324.88,40.57,43.72,4,38.8,1472,False,-26.59,108.36,20.12,25.3,66.68,134.56,206.9,270.4684,259.2862,194.9122,138.5041,105.8577,122550410,1255,2026-09-25,42.25,11400165.0
NASDAQ:HLIT,HLIT,Harmonic Inc.,Technology,Communication Equipment,United States,NASDAQ,1194545760.0,11.01,40.57,42.44,4,38.8,1473,True,-35.65,24.41,-4.38,-1.78,0.24,-2.45,-7.94,11.5147,11.2096,10.9835,11.287,11.9593,16598593,1255,2026-09-25,39.51,108496436.0
AMEX:CMT,CMT,Core Molding Technologies Inc,Basic Materials,Specialty Chemicals,United States,AMEX,198754170.0,23.21,40.58,42.96,4,38.8,1474,False,-18.13,32.18,2.27,5.94,21.63,21.53,24.67,22.6959,21.9092,19.0829,19.0975,18.6176,831941,1255,2026-09-25,39.07,8563299.0
NASDAQ:SRBK,SRBK,"SR Bancorp, Inc.",Financial Services,Banks - Regional,United States,NASDAQ,139560998.0,19.2,40.58,44.27,4,38.8,1475,False,-5.79,34.94,6.17,10.24,28.75,47.83,,18.0834,17.4166,14.9128,12.9876,,396533,757,2026-09-25,41.86,7268802.0
NASDAQ:ADTN,ADTN,"ADTRAN Holdings, Inc.",Technology,Communication Equipment,United States,NASDAQ,577516453.0,7.13,40.59,38.43,4,38.9,1476,True,-63.25,2.74,-37.25,-34.09,-26.53,-15.71,-27.71,11.3622,10.8176,9.7046,8.4587,9.8633,11815230,1255,2026-09-25,35.85,80998100.0
NASDAQ:FRD,FRD,Friedman Industries Inc.,Basic Materials,Steel,United States,NASDAQ,283751198.0,39.34,40.59,46.49,4,38.9,1477,False,-18.18,132.01,47.14,54.57,89.46,107.45,132.26,26.7371,25.452,20.7644,18.9635,16.9383,2567097,1255,2026-09-25,41.03,7212791.0
NYSE:TPL,TPL,Texas Pacific Land Corporation,Energy,Oil & Gas E&P,United States,NYSE,23525108499.0,341.07,40.59,42.17,4,38.9,1478,False,-36.62,25.21,-13.62,-9.52,-10.95,5.42,16.77,394.838,376.9514,383.0202,323.5407,292.0981,142007630,1255,2026-09-25,39.08,68974429.0
NASDAQ:MMED,MMED,"MiniMed Group, Inc.",Healthcare,Medical Instruments & Supplies,United States,NASDAQ,5611240043.0,19.98,40.61,47.77,4,39.0,1479,False,-16.19,85.0,,,,,,,,,,,61833700,141,2026-09-25,44.07,280842845.0
NYSE:ORCL,ORCL,Oracle Corporation,Technology,Software - Infrastructure,United States,NYSE,394912574100.0,137.1,40.61,43.71,4,39.0,1480,False,-55.78,19.23,-16.31,-24.69,-25.27,-15.29,-4.79,163.8113,182.039,183.4635,161.8394,144.0003,4956589743,1255,2026-09-25,42.52,2880471000.0
NYSE:VOYG,VOYG,"Voyager Technologies, Inc.",Industrials,Aerospace & Defense,United States,NYSE,1677337264.0,31.35,40.63,44.04,4,39.0,1481,True,-39.44,74.26,-1.34,1.46,,,,31.7763,30.8975,,,,76841562,325,2026-09-25,39.79,53503581.0
NASDAQ:NWL,NWL,Newell Brands Inc.,Consumer Defensive,Household & Personal Products,United States,NASDAQ,2307357802.0,5.43,40.64,45.08,4,39.0,1482,False,-14.35,86.56,19.99,23.22,0.36,-6.76,-21.46,4.5252,4.4069,5.4105,5.8236,6.9139,40042645,1255,2026-09-25,44.48,424927772.0
NYSE:TBN,TBN,Tamboran Resources Corporation,Energy,Oil & Gas E&P,Australia,NYSE,1223808625.0,35.11,40.64,44.84,4,39.0,1483,False,-29.77,71.27,6.06,11.53,33.97,,,33.1033,31.4792,26.2082,,,6054456,564,2026-09-25,44.92,34856412.0
NYSE:TJX,TJX,"TJX Companies, Inc. (The)",Consumer Cyclical,Apparel Retail,United States,NYSE,143677860247.0,130.06,40.64,37.99,4,39.0,1484,False,-22.53,5.88,-14.63,-13.6,-4.7,5.54,16.89,152.352,150.5331,136.4728,123.2319,111.2682,1205368150,1255,2026-09-25,44.05,1104704446.0
NASDAQ:SSTI,SSTI,"SoundThinking, Inc.",Technology,Software - Application,United States,NASDAQ,73060205.0,5.64,40.66,40.23,4,39.1,1485,True,-53.23,3.11,-22.36,-26.46,-47.1,-55.75,-66.67,7.2643,7.6694,10.6622,12.7454,16.9193,501479,1255,2026-09-25,36.31,12953937.0
NASDAQ:ELVA,ELVA,Electrovaya Inc.,Industrials,Electrical Equipment & Parts,Canada,NASDAQ,314372498.0,6.35,40.67,41.7,4,39.1,1486,False,-48.21,50.12,-26.69,-21.24,13.28,34.18,40.07,8.6613,8.0625,5.6057,4.7325,4.5335,2257891,1255,2026-09-25,41.26,49507480.0
NASDAQ:HUMA,HUMA,"Humacyte, Inc.",Healthcare,Biotechnology,United States,NASDAQ,150188453.0,0.557,40.67,42.28,4,39.1,1487,False,-77.54,1.27,-37.52,-45.52,-73.78,-80.63,-81.19,0.8915,1.0224,2.124,2.8759,2.9612,2726087,1255,2026-09-25,42.69,269638156.0
NASDAQ:HFFG,HFFG,HF Foods Group Inc.,Consumer Defensive,Food Distribution,United States,NASDAQ,85025913.0,1.59,40.68,42.84,4,39.2,1488,False,-52.96,12.77,-15.79,-20.63,-40.3,-48.01,-52.68,1.8882,2.0033,2.6632,3.0584,3.3603,127466,1255,2026-09-25,33.95,53475417.0
NASDAQ:BRID,BRID,Bridgford Foods Corporation,Consumer Defensive,Packaged Foods,United States,NASDAQ,52917931.0,5.83,40.69,41.11,4,39.2,1489,False,-31.41,1.57,-18.64,-20.09,-27.69,-34.34,-40.2,7.1654,7.2961,8.062,8.8788,9.7494,22958,1255,2026-09-25,43.68,9076832.0
NASDAQ:PYXS,PYXS,"Pyxis Oncology, Inc.",Healthcare,Biotechnology,United States,NASDAQ,181196679.0,2.86,40.69,45.33,4,39.2,1490,False,-46.44,169.81,31.29,14.34,34.7,12.94,16.24,2.1783,2.5014,2.1232,2.5324,2.4604,3180978,1246,2026-09-25,41.85,63355482.0
NYSE:TG,TG,Tredegar Corporation,Industrials,Metal Fabrication,United States,NYSE,246032853.0,7.05,40.69,41.79,4,39.2,1491,False,-31.88,12.08,-12.92,-11.86,-11.24,-0.3,-5.7,8.0958,7.9991,7.9426,7.0712,7.4759,1215433,1255,2026-09-25,40.69,34898277.0
NASDAQ:MBUU,MBUU,"Malibu Boats, Inc.",Consumer Cyclical,Recreational Vehicles,United States,NASDAQ,473056318.0,24.09,40.7,41.38,4,39.3,1492,False,-30.4,3.79,-13.78,-14.59,-24.03,-31.31,-40.04,27.9412,28.205,31.7104,35.069,40.1753,7052412,1255,2026-09-25,35.28,19637041.0
NASDAQ:CAES,CAES,"Cantor Equity Partners VII, Inc.",,,,NASDAQ,257536000.0,10.06,40.71,42.87,4,39.3,1493,False,-0.49,0.0,,,,,,,,,,,148379,70,2026-09-25,40.71,25600000.0
AMEX:BHB,BHB,"Bar Harbor Bankshares, Inc.",Financial Services,Banks - Regional,United States,AMEX,652735840.0,38.96,40.73,46.08,4,39.4,1494,False,-4.77,43.18,11.27,15.48,23.39,33.66,40.12,35.0149,33.7369,31.5736,29.1485,27.8046,3953580,1255,2026-09-25,48.32,16754000.0
NYSE:HOMB,HOMB,"Home BancShares, Inc.",Financial Services,Banks - Regional,United States,NYSE,5851427400.0,29.19,40.73,44.01,4,39.4,1495,False,-7.01,14.52,3.81,4.8,5.51,12.79,18.66,28.1192,27.8539,27.665,25.8808,24.6006,45867038,1255,2026-09-25,35.82,200460000.0
NASDAQ:IBCP,IBCP,Independent Bank Corporation,Financial Services,Banks - Regional,United States,NASDAQ,738188829.0,35.83,40.73,43.72,4,39.4,1496,False,-6.94,22.42,3.21,5.8,9.5,20.89,34.31,34.7151,33.8656,32.7215,29.6388,26.678,6820847,1255,2026-09-25,37.53,20602535.0
NYSE:YUM,YUM,"Yum! Brands, Inc.",Consumer Cyclical,Restaurants,United States,NYSE,37845990000.0,138.63,40.73,41.95,4,39.4,1497,True,-16.81,2.25,-9.34,-8.32,-4.33,0.12,3.54,152.911,151.204,144.9065,138.466,133.8934,326904172,1255,2026-09-25,38.18,273000000.0
NASDAQ:TFSL,TFSL,TFS Financial Corporation,Financial Services,Banks - Regional,United States,NASDAQ,4688825398.0,16.72,40.75,43.62,4,39.4,1498,False,-8.48,42.4,10.51,14.44,27.99,37.07,43.91,15.1299,14.6108,13.0631,12.1982,11.6185,12104175,1255,2026-09-25,40.75,280432141.0
NASDAQ:ABUS,ABUS,Arbutus Biopharma Corporation,Healthcare,Biotechnology,United States,NASDAQ,958057893.0,4.85,40.77,47.19,4,39.5,1499,False,-7.09,32.15,6.86,7.35,20.96,34.46,45.94,4.5387,4.5181,4.0097,3.6071,3.3233,26932578,1255,2026-09-25,42.58,197537710.0
NASDAQ:LGN,LGN,Legence Corp.,Industrials,Engineering & Construction,United States,NASDAQ,4037044231.0,52.52,40.77,41.26,4,39.5,1500,True,-48.65,75.24,-16.85,-9.27,,,,63.1619,57.8832,,,,45759217,261,2026-09-25,40.57,76866798.0
AMEX:MINE,MINE,Mayfair Gold Corp.,Basic Materials,Gold,Canada,AMEX,183959479.0,2.74,40.8,45.38,4,39.5,1501,False,-40.95,26.85,,,,,,,,,,,565084,168,2026-09-25,40.8,67138496.0
NASDAQ:VMET,VMET,Versamet Royalties Corporation,Basic Materials,Other Precious Metals & Mining,Canada,NASDAQ,993600705.0,9.15,40.8,42.84,4,39.5,1502,True,-32.37,6.4,,,,,,,,,,,2971349,145,2026-09-25,40.45,108590241.0
NASDAQ:IMPP,IMPP,Imperial Petroleum Inc.,Energy,Oil & Gas Midstream,Greece,NASDAQ,229233246.0,5.07,40.81,45.94,4,39.6,1503,False,-20.16,57.45,10.76,7.7,29.58,39.38,39.21,4.5773,4.7076,3.9126,3.6376,3.6419,3071815,1206,2026-09-25,41.34,45213658.0
NYSE:FND,FND,"Floor & Decor Holdings, Inc.",Consumer Cyclical,Home Improvement Retail,United States,NYSE,5011417753.0,47.06,40.82,41.66,4,39.6,1504,True,-38.84,8.21,-17.33,-20.11,-37.02,-44.58,-45.29,56.9217,58.9037,74.7234,84.9085,86.019,122696790,1255,2026-09-25,38.19,106489965.0
NASDAQ:CNL,CNL,Collective Mining Ltd.,Basic Materials,Gold,United States,NASDAQ,1200049221.0,12.94,40.83,43.51,4,39.6,1505,False,-37.76,31.5,-16.98,-12.62,15.23,52.16,80.24,15.5863,14.8095,11.2298,8.5042,7.1795,2523018,1255,2026-09-25,41.43,92739507.0
NASDAQ:NCTY,NCTY,The9 Limited - American Depository Shares,Financial Services,Capital Markets,China,NASDAQ,55747060.0,3.65,40.83,43.06,4,39.6,1506,True,-68.07,13.71,-32.43,-39.75,-57.75,-54.31,-55.38,5.4019,6.0583,8.6395,7.9888,8.1805,903872,1255,2026-09-25,39.11,15273167.0
NASDAQ:EDIT,EDIT,"Editas Medicine, Inc.",Healthcare,Biotechnology,United States,NASDAQ,395931542.0,2.58,40.84,43.41,4,39.7,1507,False,-37.83,54.95,-2.16,-5.55,5.95,-33.93,-51.3,2.637,2.7317,2.4351,3.9048,5.2982,8848572,1255,2026-09-25,45.98,153461838.0
NASDAQ:CHRD,CHRD,Chord Energy Corporation,Energy,Oil & Gas E&P,United States,NASDAQ,7671889667.0,136.27,40.85,45.29,4,39.7,1508,False,-13.2,67.25,10.96,17.51,24.5,12.53,13.08,122.8144,115.9619,109.4522,121.0925,120.5057,103099478,1255,2026-09-25,45.11,56299183.0
NASDAQ:RBBN,RBBN,Ribbon Communications Inc.,Technology,Software - Application,United States,NASDAQ,317050321.0,1.8,40.85,40.86,4,39.7,1509,False,-55.45,9.76,-25.24,-30.88,-44.33,-42.25,-41.57,2.4077,2.604,3.2336,3.1168,3.0808,1750942,1255,2026-09-25,42.17,176139067.0
NASDAQ:GLNG,GLNG,Golar LNG Limited,Energy,Oil & Gas Midstream,Bermuda,NASDAQ,5049294142.0,49.61,40.86,44.12,4,39.8,1510,False,-12.65,42.57,3.56,8.21,17.99,37.43,53.84,47.9065,45.8463,42.0474,36.0976,32.2478,69532500,1255,2026-09-25,43.5,101779765.0
NYSE:AMRC,AMRC,"Ameresco, Inc.",Industrials,Engineering & Construction,United States,NYSE,750756437.0,21.48,40.88,43.3,4,39.8,1511,False,-50.31,16.05,-22.61,-27.35,-15.1,-17.94,-34.53,27.7543,29.5657,25.3004,26.175,32.8103,14794711,1255,2026-09-25,41.67,34951417.0
NYSE:HRI,HRI,Herc Holdings Inc.,Industrials,Rental & Leasing Services,United States,NYSE,4525280260.0,135.36,40.88,42.5,4,39.8,1512,True,-24.15,50.19,-3.73,-1.92,-6.48,-3.98,0.33,140.6024,138.0087,144.742,140.9776,134.9115,124204961,1255,2026-09-25,35.33,33431444.0
NASDAQ:ICFI,ICFI,"ICF International, Inc.",Industrials,Consulting Services,United States,NASDAQ,1512785281.0,83.56,40.88,46.48,4,39.8,1513,True,-13.43,40.0,6.44,4.81,-11.25,-23.7,-23.91,78.5056,79.7226,94.1509,109.5183,109.823,15733898,1255,2026-09-25,38.34,18104180.0
NYSE:PFS,PFS,"Provident Financial Services, Inc",Financial Services,Banks - Regional,United States,NYSE,2978862485.0,22.84,40.88,43.0,4,39.8,1514,False,-8.78,33.48,3.73,7.56,19.01,30.72,32.96,22.0192,21.234,19.1917,17.4729,17.1782,19807014,1255,2026-09-25,36.45,130423051.0
NASDAQ:SMBC,SMBC,"Southern Missouri Bancorp, Inc.",Financial Services,Banks - Regional,United States,NASDAQ,795662736.0,72.26,40.88,42.74,4,39.8,1515,False,-8.59,53.4,6.35,11.49,20.48,32.51,40.93,67.9448,64.8132,59.975,54.5335,51.2728,7089114,1255,2026-09-25,40.38,11011109.0
NYSE:HIPO,HIPO,Hippo Holdings Inc.,Financial Services,Insurance - Property & Casualty,United States,NYSE,807778952.0,30.61,40.9,45.11,4,39.9,1516,False,-19.13,27.07,5.79,1.84,7.92,29.5,41.43,28.935,30.0573,28.3634,23.6369,21.6426,6095159,1255,2026-09-25,37.56,26389381.0
NASDAQ:ROC,ROC,Rank One Computing Corporation,,,,NASDAQ,77274514.0,4.05,40.91,42.95,4,40.0,1517,False,-44.6,0.0,,,,,,,,,,,84850,150,2026-09-25,43.82,19080127.0
NASDAQ:ROIV,ROIV,Roivant Sciences Ltd.,Healthcare,Biotechnology,United Kingdom,NASDAQ,25862144573.0,35.8,40.91,46.06,4,40.0,1518,False,-14.37,139.3,20.12,30.13,83.89,116.28,147.35,29.8025,27.5111,19.4686,16.5524,14.4733,413322087,1255,2026-09-25,42.23,722406273.0
NYSE:PIM,PIM,Franklin Master Intermediate Income Trust Shares of Beneficial Interest,Financial Services,Asset Management,United States,NYSE,145516710.0,3.02,40.93,42.07,4,40.0,1519,False,-4.99,1.4,-2.63,-2.74,0.05,5.04,9.51,3.1015,3.1052,3.0186,2.8751,2.7578,212248,1255,2026-09-25,38.75,48184341.0
NYSE:TCBX,TCBX,"Third Coast Bancshares, Inc.",Financial Services,Banks - Regional,United States,NYSE,719642243.0,43.25,40.93,45.82,5,40.0,1520,True,-6.24,19.97,6.56,8.07,17.36,38.5,55.35,40.5885,40.021,36.8513,31.2274,27.8406,5028350,1224,2026-09-25,36.08,16639127.0
NASDAQ:XE,XE,"X-Energy, Inc.",Industrials,Specialty Industrial Machinery,United States,NASDAQ,4334877709.0,15.08,40.93,42.89,5,40.0,1521,False,-58.09,9.04,,,,,,,,,,,123638793,107,2026-09-25,43.58,287458734.0
NASDAQ:BKR,BKR,Baker Hughes Company,Energy,Oil & Gas Equipment & Services,United States,NASDAQ,57406341526.0,57.83,40.94,42.98,5,40.1,1522,True,-16.41,32.08,-1.69,2.4,19.45,35.07,47.89,58.8246,56.4759,48.4119,42.8152,39.1026,505682049,1255,2026-09-25,37.72,992674071.0
NYSE:BXP,BXP,"BXP, Inc.",Real Estate,REIT - Office,United States,NYSE,10110866589.0,63.4,40.94,42.83,5,40.1,1523,True,-14.03,26.28,1.77,-0.56,-3.53,1.13,5.35,62.2947,63.7544,65.72,62.6923,60.1798,90366210,1255,2026-09-25,34.64,159477391.0
NASDAQ:INBX,INBX,"Inhibrx Biosciences, Inc.",Healthcare,Biotechnology,United States,NASDAQ,1461396837.0,99.61,40.94,45.47,5,40.1,1524,False,-29.77,251.23,9.92,17.82,97.38,,,90.621,84.5451,50.4654,,,40651754,584,2026-09-25,41.7,14671186.0
NYSE:VOYA,VOYA,"Voya Financial, Inc.",Financial Services,Financial Conglomerates,United States,NYSE,8819112460.0,97.27,40.94,45.35,5,40.1,1525,True,-7.24,50.03,17.2,20.84,30.1,35.14,39.16,82.9973,80.4937,74.7677,71.9783,69.8966,121854123,1255,2026-09-25,36.28,90666315.0
NYSE:CNMD,CNMD,CONMED Corporation,Healthcare,Medical Devices,United States,NYSE,1359187634.0,45.38,40.95,46.12,5,40.2,1526,True,-12.5,41.33,11.38,9.17,-10.82,-26.28,-36.38,40.7431,41.5681,50.8845,61.56,71.3324,15570278,1255,2026-09-25,39.59,29951248.0
NASDAQ:CHRW,CHRW,"C.H. Robinson Worldwide, Inc.",Industrials,Integrated Freight & Logistics,United States,NASDAQ,17339124478.0,147.1,40.97,41.79,5,40.2,1527,True,-29.46,20.06,-14.09,-10.75,10.34,27.36,35.2,171.2165,164.8261,133.3168,115.5009,108.8006,210879279,1255,2026-09-25,38.98,117873042.0
NYSE:SBR,SBR,Sabine Royalty Trust,Energy,Oil & Gas Midstream,United States,NYSE,1046651178.0,71.79,40.97,44.54,5,40.2,1528,False,-7.0,14.17,1.12,1.34,10.0,17.8,20.12,70.996,70.8439,65.2659,60.9431,59.7664,1795468,1255,2026-09-25,44.74,14579345.0
NYSE:SNDA,SNDA,"Sonida Senior Living, Inc.",Healthcare,Medical Care Facilities,United States,NYSE,1785427351.0,37.71,40.97,44.37,5,40.2,1529,True,-12.44,47.71,4.81,9.31,27.96,43.15,66.56,35.979,34.4974,29.4693,26.3426,22.6401,18650200,1255,2026-09-25,39.4,47346257.0
AMEX:IOR,IOR,"Income Opportunity Realty Investors, Inc.",Financial Services,Mortgage Finance,United States,AMEX,74126425.0,18.23,40.98,40.55,5,40.3,1530,False,-15.21,7.24,-1.95,-1.33,0.48,6.49,15.65,18.5931,18.4766,18.1437,17.1186,15.7633,4584,1255,2026-09-25,40.98,4066178.0
NASDAQ:JXG,JXG,JX Luxventure Group Inc.,Consumer Cyclical,Apparel Manufacturing,China,NASDAQ,83454349.0,6.92,40.99,43.08,5,40.3,1531,False,-55.21,101.75,8.01,-2.64,-59.37,-62.13,-79.93,6.4066,7.1076,17.0327,18.2742,34.4763,170457,1255,2026-09-25,41.6,12059877.0
NYSE:FR,FR,"First Industrial Realty Trust, Inc.",Real Estate,REIT - Industrial,United States,NYSE,8109332836.0,61.17,41.0,42.47,5,40.3,1532,False,-11.17,24.71,0.56,3.15,12.69,18.38,21.81,60.8302,59.3017,54.2835,51.6715,50.2193,60904345,1255,2026-09-25,42.57,132570424.0
NASDAQ:PHAR,PHAR,"Pharming Group N.V. - ADS, each representing 10",Healthcare,Biotechnology,Netherlands,NASDAQ,740339177.0,10.46,41.02,41.86,5,40.4,1533,True,-50.61,6.52,-28.7,-29.21,-14.88,-9.97,-10.42,14.6704,14.7761,12.288,11.618,11.6762,391923,1255,2026-09-25,40.72,70778124.0
NYSE:GPI,GPI,"Group 1 Automotive, Inc.",Consumer Cyclical,Auto & Truck Dealerships,United States,NYSE,3006546700.0,252.18,41.03,41.96,5,40.4,1534,False,-43.63,2.34,-22.65,-26.58,-33.96,-28.18,-20.26,326.0372,343.4706,381.8658,351.1142,316.2644,69439738,1255,2026-09-25,37.87,11922225.0
NYSE:TKO,TKO,"TKO Group Holdings, Inc.",Communication Services,Entertainment,United States,NYSE,13694344827.0,182.67,41.04,44.07,5,40.4,1535,False,-17.82,5.14,-6.65,-5.77,5.68,25.34,39.65,195.6789,193.8653,172.8499,145.7426,130.8026,218871662,1255,2026-09-25,43.89,74967673.0
NASDAQ:BXBL,BXBL,"BOXABL, Inc.",Consumer Cyclical,Residential Construction,United States,NASDAQ,1423095281.0,4.03,41.05,39.5,5,40.4,1536,False,-72.93,3.6,-54.01,-55.33,,,,8.7629,9.0214,,,,864583,408,2026-09-25,41.05,353125380.0
NASDAQ:KRMD,KRMD,"KORU Medical Systems, Inc.",Healthcare,Medical Instruments & Supplies,United States,NASDAQ,147444930.0,3.21,41.07,40.01,5,40.5,1537,False,-50.77,2.23,-26.51,-26.51,-17.17,-4.43,-4.1,4.3677,4.3682,3.8753,3.3587,3.3471,853322,1255,2026-09-25,46.24,45933000.0
NYSE:LPL,LPL,"LG Display Co, Ltd AMERICAN DEPOSITORY SHARES",Technology,Consumer Electronics,South Korea,NYSE,2980000000.0,2.98,41.07,41.52,5,40.5,1538,True,-48.26,6.81,-26.45,-29.31,-22.76,-25.8,-32.11,4.0518,4.2155,3.8582,4.016,4.3895,7615726,1255,2026-09-25,35.99,1000000000.0
NYSE:DLR,DLR,"Digital Realty Trust, Inc.",Real Estate,REIT - Specialty,United States,NYSE,66081413717.0,178.61,41.08,43.68,5,40.5,1539,False,-11.22,23.21,0.19,1.97,6.25,14.8,27.15,178.2753,175.1539,168.1102,155.5835,140.4692,390645287,1255,2026-09-25,43.97,369976002.0
NASDAQ:ODTX,ODTX,"Odyssey Therapeutics, Inc.",Healthcare,Biotechnology,United States,NASDAQ,985122373.0,20.51,41.08,44.96,5,40.5,1540,True,-28.69,31.81,,,,,,,,,,,9273926,97,2026-09-25,38.71,48031320.0
NYSE:TV,TV,Grupo Televisa S.A.B.,Communication Services,Telecom Services,Mexico,NYSE,1249132200.0,2.37,41.09,41.34,5,40.6,1541,False,-31.1,8.22,-17.69,-16.32,-3.4,-3.49,-16.83,2.8795,2.8323,2.4534,2.4558,2.8495,4036640,1255,2026-09-25,42.04,527060000.0
NYSE:LEU,LEU,Centrus Energy Corp.,Energy,Uranium,United States,NYSE,2787505070.0,147.07,41.1,42.94,5,40.6,1542,False,-66.27,5.8,-27.7,-35.26,-14.96,12.55,37.05,203.4094,227.1804,172.9331,130.6717,107.3114,122208782,1255,2026-09-25,41.22,18953594.0
NASDAQ:SGML,SGML,Sigma Lithium Corporation,Basic Materials,Other Industrial Metals & Mining,Canada,NASDAQ,1073579309.0,9.58,41.12,42.3,5,40.6,1543,False,-59.49,104.7,-28.72,-21.38,-11.2,-28.12,-48.37,13.4398,12.185,10.788,13.3285,18.5536,22231329,1255,2026-09-25,44.14,112064646.0
NYSE:WBX,WBX,Wallbox N.V.,Technology,Electronic Components,Spain,NYSE,66695945.0,2.85,41.12,43.14,5,40.6,1544,False,-60.36,21.79,-9.06,-16.88,14.61,30.98,3.36,3.1341,3.4287,2.4867,2.1758,2.7574,48813,1255,2026-09-25,43.47,23402086.0
NASDAQ:CAAS,CAAS,"China Automotive Systems, Inc.",Consumer Cyclical,Auto Parts,China,NASDAQ,146629612.0,4.86,41.13,46.77,5,40.7,1545,False,-11.8,21.5,7.39,8.4,11.47,23.88,19.41,4.5254,4.4833,4.3599,3.9231,4.07,112035,1255,2026-09-25,50.26,30170702.0
NASDAQ:AVAH,AVAH,Aveanna Healthcare Holdings Inc.,Healthcare,Medical Care Facilities,United States,NASDAQ,2702342069.0,12.41,41.14,49.73,5,40.7,1546,True,-13.7,99.52,41.96,40.84,76.26,121.35,174.33,8.742,8.8112,7.0407,5.6065,4.5238,44017024,1255,2026-09-25,40.63,217755203.0
NYSE:NTR,NTR,Nutrien Ltd.,Basic Materials,Agricultural Inputs,Canada,NYSE,34672100872.0,72.23,41.14,46.47,5,40.7,1547,False,-12.54,36.86,3.94,7.98,22.0,29.17,24.69,69.4888,66.8947,59.2036,55.9173,57.9267,215794589,1255,2026-09-25,45.62,480023548.0
NASDAQ:NVCT,NVCT,"Nuvectis Pharma, Inc.",Healthcare,Biotechnology,United States,NASDAQ,637446277.0,20.22,41.14,45.7,5,40.7,1548,False,-29.13,257.88,54.0,73.02,112.59,125.41,109.34,13.1303,11.6865,9.5112,8.9703,9.659,4629137,1164,2026-09-25,46.91,31525533.0
NASDAQ:BZAI,BZAI,"Blaize Holdings, Inc.",Technology,Software - Application,United States,NASDAQ,73141923.0,0.514,41.16,40.45,5,40.8,1549,True,-91.83,14.22,-63.55,-72.41,-86.93,-91.8,-92.92,1.4102,1.8631,3.9328,6.2648,7.2625,1700119,1168,2026-09-25,40.44,142299461.0
NYSE:CIA,CIA,"Citizens, Inc. Class A Common Stock ($1.00 Par)",Financial Services,Insurance - Life,United States,NYSE,181487295.0,3.59,41.16,39.2,5,40.8,1550,False,-43.73,3.16,-29.1,-30.57,-25.22,-12.98,-4.7,5.0637,5.1704,4.801,4.1253,3.7672,475415,1255,2026-09-25,41.87,50553564.0
NYSE:AXTA,AXTA,Axalta Coating Systems Ltd.,Basic Materials,Specialty Chemicals,United States,NYSE,7039117701.0,32.89,41.18,43.3,5,40.8,1551,True,-13.88,29.28,2.43,4.83,1.01,0.84,4.31,32.1088,31.3758,32.5622,32.6172,31.5295,68951572,1255,2026-09-25,35.44,214019997.0
NASDAQ:ADP,ADP,"Automatic Data Processing, Inc.",Technology,Software - Application,United States,NASDAQ,104887926000.0,263.67,41.19,47.04,5,40.9,1552,True,-7.7,41.62,12.26,9.62,-0.37,4.1,8.35,234.8825,240.5321,264.6608,253.2881,243.3611,607410448,1255,2026-09-25,40.32,397800000.0
NASDAQ:CNOB,CNOB,"ConnectOne Bancorp, Inc.",Financial Services,Banks - Regional,United States,NASDAQ,1561960624.0,31.06,41.19,43.4,5,40.9,1553,False,-8.41,36.94,6.14,10.12,20.37,32.12,39.58,29.2642,28.2053,25.8041,23.509,22.2528,12381181,1255,2026-09-25,38.34,50288494.0
NASDAQ:FCAP,FCAP,"First Capital, Inc.",Financial Services,Banks - Regional,United States,NASDAQ,201702064.0,60.29,41.19,44.16,5,40.9,1554,False,-12.06,58.43,5.4,10.61,31.91,53.33,69.27,57.2009,54.5059,45.7046,39.3204,35.6185,1365423,1255,2026-09-25,44.51,3345531.0
NASDAQ:KRUS,KRUS,"Kura Sushi USA, Inc.",Consumer Cyclical,Restaurants,United States,NASDAQ,433838173.0,38.91,41.19,40.22,5,40.9,1555,False,-50.93,12.72,-30.37,-30.22,-41.8,-45.61,-45.75,55.8788,55.7643,66.8544,71.5432,71.722,9575174,1255,2026-09-25,41.19,11149786.0
NYSE:MOS,MOS,Mosaic Company (The),Basic Materials,Agricultural Inputs,United States,NYSE,7313651278.0,23.01,41.19,45.64,5,40.9,1556,False,-32.63,17.08,-4.77,-7.31,-13.13,-15.71,-24.28,24.1629,24.8238,26.4889,27.3001,30.3901,206791132,1255,2026-09-25,45.4,317846644.0
NYSE:OII,OII,"Oceaneering International, Inc.",Energy,Oil & Gas Equipment & Services,United States,NYSE,4604241378.0,46.26,41.22,45.33,5,41.0,1557,False,-14.51,108.38,21.4,31.44,58.61,70.53,86.96,38.1052,35.1944,29.1662,27.1278,24.7428,43611662,1255,2026-09-25,42.68,99529645.0
NASDAQ:SEVN,SEVN,Seven Hills Realty Trust,Real Estate,REIT - Mortgage,United States,NASDAQ,165846356.0,7.32,41.22,41.58,5,41.0,1558,False,-23.97,0.97,-7.93,-9.36,-20.38,-21.2,-15.39,7.9504,8.0756,9.1935,9.289,8.6513,1306577,1255,2026-09-25,40.56,22656606.0
NASDAQ:FTLF,FTLF,"FitLife Brands, Inc.",Consumer Defensive,Packaged Foods,United States,NASDAQ,86961327.0,9.26,41.23,42.72,5,41.0,1559,False,-55.39,4.28,-23.73,-31.61,-35.57,-33.11,-25.87,12.1417,13.5401,14.3712,13.8443,12.4923,119194,1255,2026-09-25,41.62,9391072.0
NASDAQ:BZFD,BZFD,"BuzzFeed, Inc.",Communication Services,Internet Content & Information,United States,NASDAQ,86528042.0,1.04,41.24,42.86,5,41.1,1560,False,-50.24,83.42,-0.67,-6.91,-40.98,-40.95,-56.04,1.047,1.1172,1.7623,1.7613,2.366,386811,1255,2026-09-25,39.66,83200040.0
NYSE:LII,LII,"Lennox International, Inc.",Industrials,Building Products & Equipment,United States,NYSE,12917743495.0,373.77,41.25,38.18,5,41.1,1561,True,-34.76,4.09,-23.51,-23.86,-30.64,-27.24,-17.51,488.6383,490.9009,538.8795,513.6989,453.1102,184009982,1255,2026-09-25,36.07,34560675.0
NYSE:MBC,MBC,"MasterBrand, Inc.",Consumer Cyclical,"Furnishings, Fixtures & Appliances",United States,NYSE,1471236243.0,7.23,41.25,41.39,5,41.1,1562,True,-47.68,10.38,-23.4,-27.37,-39.72,-44.69,,9.4386,9.9541,11.9938,13.0713,,22268460,951,2026-09-25,38.64,203490490.0
NASDAQ:RMBI,RMBI,"Richmond Mutual Bancorporation, Inc.",Financial Services,Banks - Regional,United States,NASDAQ,244682106.0,15.26,41.26,44.66,5,41.2,1563,False,-5.57,23.07,5.66,7.75,13.49,23.18,28.96,14.4425,14.1619,13.4466,12.3883,11.8336,2436529,1255,2026-09-25,40.52,16034214.0
NASDAQ:INIO,INIO,INNIO N.V.,Industrials,Specialty Industrial Machinery,Germany,NASDAQ,14340000000.0,19.12,41.27,41.18,5,41.2,1564,True,-53.51,9.57,,,,,,,,,,,112837171,77,2026-09-25,40.76,750000000.0
NASDAQ:HBNC,HBNC,"Horizon Bancorp, Inc.",Financial Services,Banks - Regional,United States,NASDAQ,985073965.0,19.28,41.28,43.68,5,41.2,1565,False,-7.31,31.69,5.59,8.76,17.55,30.76,38.8,18.2593,17.7274,16.4014,14.7448,13.8904,10158121,1255,2026-09-25,39.34,51093048.0
NYSE:IBM,IBM,International Business Machines Corporation,Technology,Information Technology Services,United States,NYSE,212460726289.0,225.51,41.28,43.95,5,41.2,1566,False,-31.01,10.38,-11.5,-13.92,-9.46,2.5,15.61,254.809,261.9796,249.0585,220.0149,195.0527,1301713815,1255,2026-09-25,42.48,942134390.0
NYSE:NPWR,NPWR,NET Power Inc.,Industrials,Specialty Industrial Machinery,United States,NYSE,144065596.0,1.63,41.3,45.18,5,41.3,1567,False,-66.39,19.85,-14.77,-26.17,-57.61,-72.71,-77.6,1.9125,2.2078,3.8456,5.9727,7.2781,1073377,1255,2026-09-25,41.3,88383801.0
NYSE:TRGP,TRGP,"Targa Resources, Inc.",Energy,Oil & Gas Midstream,United States,NYSE,59636662010.0,277.84,41.31,46.13,5,41.3,1568,False,-8.08,93.99,13.72,22.29,39.27,66.14,94.88,244.326,227.1972,199.4976,167.2348,142.5716,327365922,1255,2026-09-25,46.49,214643903.0
NYSE:UNH,UNH,UnitedHealth Group Incorporated Common Stock (DE),Healthcare,Healthcare Plans,United States,NYSE,341998101102.0,376.59,41.31,42.47,5,41.3,1569,False,-13.16,47.12,7.15,8.32,-2.77,-10.95,-13.07,351.4675,347.6577,387.3279,422.8971,433.1964,1963881578,1255,2026-09-25,39.51,908144404.0
NYSE:MOH,MOH,Molina Healthcare Inc,Healthcare,Healthcare Plans,United States,NYSE,9962892000.0,190.86,41.32,43.63,5,41.4,1570,False,-21.42,55.61,5.39,7.19,-16.58,-29.25,-31.64,181.1024,178.0563,228.7808,269.762,279.2171,124120059,1255,2026-09-25,43.29,52200000.0
NYSE:RRC,RRC,Range Resources Corporation,Energy,Oil & Gas E&P,United States,NYSE,9022366074.0,38.61,41.32,44.44,5,41.4,1571,False,-18.56,16.35,-1.39,-0.47,3.96,9.14,16.33,39.1558,38.7909,37.1386,35.3764,33.1908,105442259,1255,2026-09-25,44.28,233679515.0
NYSE:CNQ,CNQ,Canadian Natural Resources Limited,Energy,Oil & Gas E&P,Canada,NYSE,98883511100.0,47.41,41.33,46.55,5,41.4,1572,False,-8.03,63.11,10.64,17.09,34.52,39.57,49.48,42.8523,40.4892,35.245,33.9677,31.7176,356444096,1255,2026-09-25,43.81,2085710000.0
NASDAQ:DTCX,DTCX,"Datacentrex, Inc.",Financial Services,Financial Data & Stock Exchanges,United States,NASDAQ,74248626.0,1.91,41.33,44.51,5,41.4,1573,False,-64.76,17.18,-17.41,-30.8,-56.05,-58.92,-63.58,2.3125,2.7601,4.3455,4.6499,5.2441,490928,1134,2026-09-25,44.81,38873626.0
NYSE:ONL,ONL,Orion Properties Inc.,Real Estate,REIT - Office,United States,NYSE,142643471.0,2.51,41.33,42.22,5,41.4,1574,False,-15.77,35.07,-0.65,0.45,-6.42,-16.83,-33.24,2.5264,2.4988,2.6823,3.0181,3.7597,688145,1214,2026-09-25,42.03,56830068.0
NASDAQ:CME,CME,CME Group Inc.,Financial Services,Financial Data & Stock Exchanges,United States,NASDAQ,95100693540.0,264.48,41.35,45.75,5,41.5,1575,False,-16.23,21.57,-3.62,-2.65,3.26,13.19,23.06,274.4148,271.6775,256.13,233.6674,214.9261,533683648,1255,2026-09-25,45.77,359576125.0
NYSE:PHR,PHR,"Phreesia, Inc.",Healthcare,Health Information Services,United States,NYSE,627390673.0,10.15,41.36,43.41,5,41.5,1576,False,-57.42,25.93,-12.5,-26.31,-47.94,-49.8,-55.35,11.5997,13.7731,19.4958,20.2175,22.7311,8010848,1255,2026-09-25,38.31,61811889.0
NYSE:HTB,HTB,"HomeTrust Bancshares, Inc.",Financial Services,Banks - Regional,United States,NYSE,776239116.0,46.19,41.37,42.62,5,41.5,1577,False,-10.65,21.58,1.3,3.97,15.41,30.3,43.39,45.5985,44.4244,40.0221,35.4482,32.2135,10746105,1255,2026-09-25,36.89,16805350.0
NASDAQ:ARQ,ARQ,"Arq, Inc.",Industrials,Pollution & Treatment Controls,United States,NASDAQ,86711041.0,2.02,41.38,43.29,5,41.6,1578,True,-72.7,23.17,-24.34,-38.06,-55.39,-55.77,-49.51,2.6697,3.2612,4.5279,4.5668,4.0009,445855,1255,2026-09-25,40.44,42926258.0
NASDAQ:ZYBT,ZYBT,Zhengye Biotechnology Holding Limited,Healthcare,Drug Manufacturers - Specialty & Generic,China,NASDAQ,61845746.0,1.305,41.38,46.18,5,41.6,1579,False,-83.71,102.01,11.26,-8.22,,,,1.173,1.4219,,,,46172,431,2026-09-25,41.56,47391376.0
NASDAQ:LIF,LIF,"Life360, Inc.",Technology,Software - Application,United States,NASDAQ,3330402500.0,41.1,41.39,42.38,5,41.6,1580,False,-62.94,7.87,-17.67,-29.35,-27.21,,,49.9202,58.1771,56.4626,,,23813001,578,2026-09-25,41.83,81031691.0
NASDAQ:USLM,USLM,"United States Lime & Minerals, Inc.",Basic Materials,Building Materials,United States,NASDAQ,3195883638.0,111.4,41.39,44.73,5,41.6,1581,False,-20.04,14.33,-4.88,-5.92,-2.53,16.37,39.48,117.1123,118.414,114.2903,95.733,79.8707,17352235,1255,2026-09-25,35.03,28688363.0
NASDAQ:BCRX,BCRX,"BioCryst Pharmaceuticals, Inc.",Healthcare,Drug Manufacturers - Specialty & Generic,United States,NASDAQ,2183257249.0,8.59,41.4,43.11,5,41.7,1582,True,-22.68,37.66,-0.86,2.83,3.07,12.98,6.32,8.6648,8.3535,8.3344,7.6033,8.0791,42955421,1255,2026-09-25,39.73,254162660.0
NASDAQ:BL,BL,"BlackLine, Inc.",Technology,Software - Application,United States,NASDAQ,1641919067.0,27.99,41.4,43.94,5,41.7,1583,True,-52.42,10.94,-22.71,-29.86,-41.02,-44.11,-46.86,36.2135,39.9035,47.4593,50.0772,52.6727,26931736,1255,2026-09-25,40.8,58660917.0
NASDAQ:SOLS,SOLS,Solstice Advanced Materials Inc.,Basic Materials,Specialty Chemicals,United States,NASDAQ,8998703454.0,56.65,41.4,42.39,5,41.7,1584,True,-35.98,37.17,-17.69,,,,,68.8232,,,,,185298996,235,2026-09-25,39.17,158847369.0
NYSE:MAIN,MAIN,Main Street Capital Corporation,Financial Services,Asset Management,United States,NYSE,5123740074.0,55.1,41.44,45.98,5,41.7,1585,True,-9.95,14.48,1.15,1.05,3.71,14.65,27.03,54.4744,54.5296,53.1284,48.0588,43.3755,25324049,1255,2026-09-25,38.2,92989838.0
NASDAQ:VITL,VITL,"Vital Farms, Inc.",Consumer Defensive,Farm Products,United States,NASDAQ,426342117.0,9.95,41.45,42.74,5,41.8,1586,False,-77.7,20.17,-41.01,-52.37,-65.69,-63.8,-58.63,16.8665,20.8891,28.9969,27.488,24.0532,18172571,1255,2026-09-25,42.63,42848454.0
NYSE:IIIN,IIIN,"Insteel Industries, Inc.",Industrials,Metal Fabrication,United States,NYSE,570681122.0,29.48,41.46,43.86,5,41.8,1587,True,-22.41,20.67,-5.75,-6.25,-4.91,-4.4,0.43,31.279,31.4455,31.0037,30.8352,29.3548,4316657,1255,2026-09-25,37.09,19358247.0
NYSE:OVV,OVV,Ovintiv Inc. (DE),Energy,Oil & Gas E&P,United States,NYSE,16631958000.0,60.13,41.46,45.17,5,41.8,1588,False,-10.21,71.02,11.84,19.01,34.65,36.05,39.08,53.7632,50.5231,44.6579,44.1959,43.2333,207192328,1255,2026-09-25,42.55,276600000.0
NYSE:BHC,BHC,Bausch Health Companies Inc.,Healthcare,Drug Manufacturers - Specialty & Generic,Canada,NYSE,2128006292.0,5.69,41.48,45.44,5,41.8,1589,True,-27.97,28.44,-2.0,-4.17,-11.32,-16.21,-18.97,5.8059,5.9378,6.4163,6.7907,7.0221,14422852,1255,2026-09-25,40.11,373990561.0
NYSE:CVNA,CVNA,Carvana Co.,Consumer Cyclical,Auto & Truck Dealerships,United States,NYSE,46776708680.0,65.06,41.5,44.38,5,41.9,1590,False,-32.01,15.65,-10.49,-9.75,3.84,37.58,78.72,72.6812,72.0862,62.6538,47.29,36.4034,454985331,1255,2026-09-25,39.03,718978000.0
NASDAQ:OTEX,OTEX,Open Text Corporation,Technology,Software - Application,Canada,NASDAQ,5462329724.0,22.51,41.5,44.34,5,41.9,1591,False,-40.86,13.78,-7.57,-15.22,-16.86,-21.68,-23.33,24.3539,26.551,27.076,28.7395,29.3581,30511867,1255,2026-09-25,42.62,242662360.0
NASDAQ:OVBC,OVBC,Ohio Valley Banc Corp.,Financial Services,Banks - Regional,United States,NASDAQ,207990694.0,44.15,41.5,45.28,5,41.9,1592,False,-11.4,30.4,1.42,5.21,24.78,43.02,53.02,43.5336,41.9626,35.3832,30.8694,28.8516,1410006,1255,2026-09-25,41.91,4711001.0
NASDAQ:ASTE,ASTE,"Astec Industries, Inc.",Industrials,Farm & Heavy Construction Machinery,United States,NASDAQ,949135766.0,41.28,41.52,40.2,5,42.0,1593,True,-36.16,2.34,-19.64,-17.65,-5.01,1.74,1.5,51.3676,50.1304,43.4557,40.5734,40.6709,9194622,1255,2026-09-25,36.71,22992630.0
NASDAQ:BYRN,BYRN,"Byrna Technologies, Inc.",Industrials,Aerospace & Defense,United States,NASDAQ,79199812.0,3.49,41.52,41.87,5,42.0,1594,False,-87.37,9.75,-59.2,-68.14,-79.35,-75.72,-71.8,8.5543,10.9539,16.9025,14.3725,12.3748,1169787,1255,2026-09-25,45.61,22693356.0
NYSE:TKR,TKR,Timken Company (The),Industrials,Tools & Accessories,United States,NYSE,8162130200.0,117.45,41.52,41.74,5,42.0,1595,True,-18.96,68.17,3.65,11.16,30.94,37.06,42.36,113.3095,105.663,89.6984,85.6909,82.5022,111570776,1255,2026-09-25,40.75,69494510.0
NASDAQ:FWONA,FWONA,Liberty Media Corporation - Series A,Communication Services,Entertainment,United States,NASDAQ,2074266875.0,86.46,41.53,43.55,5,42.1,1596,False,-12.96,16.04,2.17,0.67,1.67,11.34,18.62,84.6196,85.8884,85.0387,77.6572,72.8884,16541900,1255,2026-09-25,42.33,23991058.0
NASDAQ:WLDN,WLDN,"Willdan Group, Inc.",Industrials,Engineering & Construction,United States,NASDAQ,1192226813.0,78.9,41.53,44.87,5,42.1,1597,False,-41.53,17.92,-13.71,-14.51,7.2,36.34,64.95,91.441,92.2963,73.5998,57.8719,47.8327,15391068,1255,2026-09-25,43.36,15110606.0
NYSE:WLY,WLY,"John Wiley & Sons, Inc.",Communication Services,Publishing,United States,NYSE,1997149785.0,47.55,41.53,44.06,5,42.1,1598,False,-14.66,67.84,17.13,20.06,17.32,23.69,26.83,40.5952,39.604,40.5302,38.4441,37.4918,30908761,1255,2026-09-25,45.83,42001047.0
NASDAQ:WTF,WTF,Waton Financial Limited,Financial Services,Capital Markets,Hong Kong,NASDAQ,118664181.0,2.46,41.53,42.81,5,42.1,1599,True,-62.15,4.68,-25.1,-32.31,,,,3.2844,3.6341,,,,7214,374,2026-09-25,34.8,48237472.0
NASDAQ:CZR,CZR,"Caesars Entertainment, Inc.",Consumer Cyclical,Resorts & Casinos,United States,NASDAQ,6028085807.0,29.59,41.54,47.13,5,42.1,1600,False,-2.7,63.12,9.56,13.62,2.1,-10.11,-19.16,27.0068,26.043,28.9813,32.9192,36.6018,133182639,1255,2026-09-25,44.16,203720372.0
AMEX:MPTI,MPTI,"M-tron Industries, Inc.",Technology,Electronic Components,United States,AMEX,320002854.0,74.05,41.54,42.65,5,42.1,1601,False,-26.5,69.68,1.31,7.41,26.05,48.09,,73.095,68.941,58.7442,50.0046,,5947253,999,2026-09-25,42.91,4321443.0
NYSE:MNTN,MNTN,"MNTN, Inc.",Technology,Software - Application,United States,NYSE,671758151.0,11.01,41.55,45.83,5,42.2,1602,False,-41.03,41.52,7.4,-2.67,,,,10.2514,11.3117,,,,8792410,338,2026-09-25,40.04,61013456.0
NASDAQ:HDSN,HDSN,"Hudson Technologies, Inc.",Basic Materials,Specialty Chemicals,United States,NASDAQ,217074946.0,5.16,41.58,42.78,5,42.2,1603,False,-48.3,6.61,-16.39,-21.86,-25.14,-37.72,-40.02,6.1714,6.6037,6.8928,8.2848,8.603,2398801,1255,2026-09-25,44.12,42068788.0
NASDAQ:IPWR,IPWR,Ideal Power Inc.,Technology,Semiconductors,United States,NASDAQ,66178726.0,4.03,41.58,43.7,5,42.2,1604,True,-55.17,50.37,-6.1,-8.09,-21.66,-34.71,-45.66,4.2919,4.3846,5.1443,6.1726,7.416,930893,1255,2026-09-25,38.11,16421520.0
NYSE:LOAR,LOAR,Loar Holdings Inc.,Industrials,Aerospace & Defense,United States,NYSE,6089335594.0,65.04,41.59,42.68,5,42.3,1605,False,-20.59,21.0,-3.55,-5.65,-12.01,,,67.4353,68.9322,73.9193,,,48275998,607,2026-09-25,42.74,93624471.0
NYSE:POR,POR,Portland General Electric Co,Utilities,Utilities - Regulated Electric,United States,NYSE,5509922619.0,46.85,41.59,41.94,5,42.3,1606,True,-11.62,14.68,-5.04,-3.14,5.64,10.76,12.1,49.3349,48.3694,44.3495,42.3005,41.7922,54888774,1255,2026-09-25,32.61,117607740.0
NASDAQ:FIP,FIP,FTAI Infrastructure Inc.,Industrials,Conglomerates,United States,NASDAQ,369261109.0,3.125,41.6,40.81,5,42.3,1607,False,-50.49,12.01,-34.14,-34.26,-42.82,-44.0,-36.16,4.7448,4.7535,5.4653,5.5803,4.8952,4158896,1051,2026-09-25,40.12,118163555.0
NASDAQ:PAMT,PAMT,PAMT CORP,Industrials,Trucking,United States,NASDAQ,246083035.0,11.75,41.6,43.46,5,42.3,1608,True,-33.09,56.04,-1.23,1.31,-10.34,-20.64,-33.97,11.8967,11.5983,13.1054,14.806,17.7955,256836,1255,2026-09-25,41.48,20943237.0
NYSE:BSX,BSX,Boston Scientific Corporation,Healthcare,Medical Devices,United States,NYSE,65280719462.0,43.92,41.61,42.83,5,42.4,1609,False,-58.16,3.03,-30.23,-37.62,-47.83,-43.95,-38.01,62.9535,70.411,84.1877,78.3641,70.8484,945376722,1255,2026-09-25,44.72,1486355179.0
NASDAQ:TRON,TRON,Tron Inc.,Consumer Cyclical,Leisure,United States,NASDAQ,683110172.0,1.44,41.62,43.96,5,42.4,1610,False,-65.13,27.43,-15.85,-22.82,-29.49,-23.06,,1.7112,1.8657,2.0422,1.8717,,1680350,782,2026-09-25,43.22,474382064.0
NASDAQ:WW,WW,"WW International, Inc.",Healthcare,Medical Care Facilities,United States,NASDAQ,143532200.0,14.355,41.64,44.72,5,42.4,1611,True,-58.89,57.4,-19.56,-28.13,,,,17.8453,19.9732,,,,3646365,314,2026-09-25,38.91,9998760.0
NASDAQ:AARD,AARD,"Aardvark Therapeutics, Inc.",Healthcare,Biotechnology,United States,NASDAQ,110733839.0,5.06,41.65,44.24,5,42.5,1612,False,-70.94,45.4,-33.41,-40.64,,,,7.5992,8.5241,,,,726444,406,2026-09-25,47.36,21884158.0
NASDAQ:BTQ,BTQ,BTQ Technologies Corp.,Technology,Software - Infrastructure,Canada,NASDAQ,394496594.0,2.74,41.65,42.21,5,42.5,1613,False,-80.62,27.44,-27.47,,,,,3.778,,,,,7266778,251,2026-09-25,42.83,143976859.0
NASDAQ:IBOC,IBOC,International Bancshares Corporation,Financial Services,Banks - Regional,United States,NASDAQ,4348956205.0,69.94,41.65,42.29,5,42.5,1614,False,-9.25,12.52,-1.28,0.21,4.92,13.84,23.57,70.848,69.7953,66.6578,61.4345,56.5994,26731445,1255,2026-09-25,36.38,62181244.0
NYSE:KBDC,KBDC,"Kayne Anderson BDC, Inc.",Financial Services,Asset Management,United States,NYSE,865204026.0,13.04,41.65,42.78,5,42.5,1615,True,-12.14,8.18,-4.2,-3.52,-4.07,,,13.6123,13.5157,13.5935,,,4604828,588,2026-09-25,39.19,66350002.0
NYSE:SLB,SLB,SLB Limited,Energy,Oil & Gas Equipment & Services,United States,NYSE,76492742126.0,51.54,41.65,45.61,5,42.5,1616,True,-13.8,66.46,3.51,10.45,23.69,19.05,16.5,49.7927,46.6625,41.668,43.291,44.2399,800672530,1255,2026-09-25,41.08,1484143231.0
NASDAQ:AENT,AENT,Alliance Entertainment Holding Corporation,Communication Services,Entertainment,United States,NASDAQ,248671966.0,4.88,41.67,42.76,5,42.6,1617,False,-42.11,5.63,-23.73,-24.01,-11.2,14.64,5.38,6.398,6.4218,5.4957,4.2567,4.6308,2946345,1255,2026-09-25,41.67,50957370.0
NYSE:CFR,CFR,"Cullen/Frost Bankers, Inc.",Financial Services,Banks - Regional,United States,NYSE,9783461735.0,157.42,41.67,44.89,5,42.6,1618,False,-6.85,35.21,9.18,12.9,19.83,31.57,35.21,144.1847,139.4372,131.3703,119.6516,116.4302,85651260,1255,2026-09-25,37.45,62148785.0
NYSE:CRK,CRK,"Comstock Resources, Inc.",Energy,Oil & Gas E&P,United States,NYSE,3852301590.0,13.12,41.67,44.14,5,42.6,1619,False,-52.06,5.98,-23.95,-27.79,-28.11,-15.21,-10.95,17.251,18.1695,18.2499,15.4736,14.7333,43957461,1255,2026-09-25,48.35,293620548.0
NYSE:PHG,PHG,Koninklijke Philips N.V. NY Registry Shares,Healthcare,Medical Devices,Netherlands,NYSE,24396589701.0,24.96,41.67,41.91,5,42.6,1620,False,-21.2,2.09,-7.3,-7.22,-3.24,2.07,11.01,26.9251,26.9027,25.7959,24.4535,22.4854,19019512,1255,2026-09-25,33.59,977427472.0
NASDAQ:AIRG,AIRG,"Airgain, Inc.",Technology,Communication Equipment,United States,NASDAQ,65153509.0,5.14,41.68,42.34,5,42.7,1621,False,-30.45,67.43,-5.92,-0.74,-6.97,-3.4,-7.18,5.4637,5.1786,5.525,5.3209,5.5375,246585,1255,2026-09-25,45.78,12675780.0
NASDAQ:CSCO,CSCO,"Cisco Systems, Inc.",Technology,Communication Equipment,United States,NASDAQ,420551078756.0,106.7,41.68,43.47,5,42.7,1622,False,-17.62,62.02,10.51,16.78,41.04,61.93,76.09,96.5489,91.3677,75.6519,65.8933,60.5951,1974769958,1255,2026-09-25,42.22,3941434665.0
NYSE:CC,CC,Chemours Company (The),Basic Materials,Specialty Chemicals,United States,NYSE,2176215468.0,14.46,41.69,41.69,5,42.8,1623,True,-47.76,39.98,-20.42,-15.47,-9.68,-21.94,-30.92,18.1699,17.1071,16.01,18.5238,20.9325,27123186,1255,2026-09-25,37.73,150498995.0
NASDAQ:NTHI,NTHI,"NeOnc Technologies Holdings, Inc.",Healthcare,Biotechnology,United States,NASDAQ,85834473.0,3.31,41.69,43.31,5,42.8,1624,False,-72.62,10.7,-46.71,-52.17,,,,6.2114,6.9196,,,,766662,378,2026-09-25,41.5,25931865.0
NASDAQ:SOFI,SOFI,"SoFi Technologies, Inc.",Financial Services,Credit Services,United States,NASDAQ,21393379658.0,16.58,41.69,44.36,5,42.8,1625,False,-48.53,9.44,-13.73,-21.3,-9.94,12.12,30.37,19.2181,21.0674,18.4092,14.7878,12.718,765650946,1255,2026-09-25,43.56,1290312404.0
NASDAQ:FELE,FELE,"Franklin Electric Co., Inc.",Industrials,Specialty Industrial Machinery,United States,NASDAQ,4291606810.0,97.07,41.7,42.08,5,42.9,1626,False,-11.57,8.56,-2.66,-1.48,0.26,1.17,3.49,99.726,98.5282,96.8204,95.9441,93.7971,30079126,1255,2026-09-25,40.41,44211464.0
NYSE:KEP,KEP,Korea Electric Power Corporation,Utilities,Utilities - Regulated Electric,South Korea,NYSE,14136048976.0,11.01,41.7,43.05,5,42.9,1627,True,-52.67,1.47,-26.59,-26.91,-10.72,3.11,12.46,14.9985,15.0634,12.3319,10.6781,9.7904,11288926,1255,2026-09-25,38.68,1283928154.0
NYSE:MT,MT,Arcelor Mittal NY Registry Shares NEW,Basic Materials,Steel,Luxembourg,NYSE,53310748049.0,70.7,41.7,46.22,5,42.9,1628,False,-10.21,98.25,15.19,24.55,66.6,94.9,110.67,61.3785,56.7632,42.4376,36.2749,33.5595,84823186,1255,2026-09-25,43.35,754041698.0
NYSE:WHK,WHK,WhiteHawk Minerals Corp,Energy,Oil & Gas Midstream,United States,NYSE,624868517.0,26.26,41.7,45.64,5,42.9,1629,False,-8.37,3.52,,,,,,,,,,,7978241,76,2026-09-25,42.54,23795450.0
NASDAQ:MLYS,MLYS,"Mineralys Therapeutics, Inc.",Healthcare,Biotechnology,United States,NASDAQ,2279778267.0,25.86,41.71,44.68,5,42.9,1630,False,-45.36,14.93,-9.96,-17.29,12.32,35.58,,28.719,31.2666,23.0242,19.0738,,39937055,909,2026-09-25,44.62,88158479.0
NASDAQ:ACOG,ACOG,Alpha Cognition Inc.,Healthcare,Biotechnology,United States,NASDAQ,184426661.0,8.47,41.72,46.26,5,42.9,1631,False,-13.13,88.22,24.47,25.58,,,,6.8051,6.7448,,,,1038043,468,2026-09-25,43.35,21774104.0
NASDAQ:ATNI,ATNI,"ATN International, Inc.",Communication Services,Telecom Services,United States,NASDAQ,440200013.0,28.62,41.75,46.97,5,43.0,1632,False,-10.87,109.65,9.4,18.36,37.19,26.06,10.68,26.1615,24.1805,20.8614,22.7043,25.8592,2498710,1255,2026-09-25,45.74,15380853.0
NASDAQ:PTON,PTON,"Peloton Interactive, Inc.",Consumer Cyclical,Leisure,United States,NASDAQ,2052403589.0,4.92,41.76,42.13,5,43.0,1633,True,-45.33,32.61,-8.55,-15.1,-24.94,-15.93,-26.97,5.3802,5.7947,6.5546,5.8526,6.7374,46787379,1255,2026-09-25,35.95,417155201.0
NASDAQ:FULC,FULC,"Fulcrum Therapeutics, Inc.",Healthcare,Biotechnology,United States,NASDAQ,285351741.0,3.74,41.77,43.31,5,43.0,1634,False,-74.38,19.11,-45.44,-49.29,-39.11,-42.07,-40.61,6.8547,7.375,6.1422,6.4562,6.2969,5549536,1255,2026-09-25,46.73,76297257.0
NYSE:KVYO,KVYO,"Klaviyo, Inc. Series A",Technology,Software - Application,United States,NYSE,2005619341.0,15.8,41.77,44.15,5,43.0,1635,False,-52.5,22.86,-19.17,-25.25,-44.34,-43.56,,19.548,21.1375,28.3875,27.9942,,118206040,757,2026-09-25,43.39,126937933.0
NASDAQ:HAS,HAS,"Hasbro, Inc.",Consumer Cyclical,Leisure,United States,NASDAQ,12424607098.0,88.09,41.78,44.89,5,43.1,1636,False,-14.96,28.16,-1.06,2.29,17.9,31.67,38.91,89.0308,86.1201,74.7137,66.9016,63.4137,140973758,1255,2026-09-25,34.99,141044467.0
NYSE:ASB,ASB,Associated Banc-Corp,Financial Services,Banks - Regional,United States,NYSE,5542647660.0,29.37,41.79,43.64,5,43.1,1637,False,-8.44,26.14,5.16,7.77,17.37,28.57,37.0,27.9302,27.2514,25.0228,22.843,21.4387,68706438,1255,2026-09-25,37.24,188718000.0
NASDAQ:RANI,RANI,"Rani Therapeutics Holdings, Inc.",Healthcare,Biotechnology,United States,NASDAQ,85303366.0,0.759,41.8,44.4,5,43.1,1638,True,-73.37,65.72,-25.86,-31.71,-36.05,-60.96,-73.57,1.0238,1.1114,1.1869,1.9439,2.872,449772,1255,2026-09-25,40.12,112389152.0
NASDAQ:PLBL,PLBL,Polibeli Group Ltd,Consumer Cyclical,Department Stores,Singapore,NASDAQ,1678509079.0,5.26,41.81,43.31,5,43.2,1639,False,-55.23,2.94,-33.72,-34.95,,,,7.9358,8.0865,,,,1294073,285,2026-09-25,47.72,319108190.0
NASDAQ:APOG,APOG,"Apogee Enterprises, Inc.",Industrials,Building Products & Equipment,United States,NASDAQ,775257122.0,37.15,41.82,42.9,5,43.2,1640,True,-23.53,18.8,-1.64,-1.27,-17.03,-22.07,-19.46,37.7679,37.6289,44.7733,47.6734,46.1252,9861956,1255,2026-09-25,35.31,20868294.0
NASDAQ:MSLE,MSLE,Satellos Bioscience Inc.,Healthcare,Biotechnology,Canada,NASDAQ,181231353.0,8.7,41.82,45.12,5,43.2,1641,False,-33.13,55.64,4.07,9.68,24.2,42.01,56.61,8.36,7.9323,7.0048,6.1264,5.5553,290341,1255,2026-09-25,41.93,20831190.0
AMEX:CEV,CEV,Eaton Vance California Municipal Income Trust Shares of Beneficial Interest,Financial Services,Asset Management,United States,AMEX,70265414.0,9.99,41.83,43.25,5,43.2,1642,False,-7.39,6.58,-1.01,-0.31,4.15,6.33,9.74,10.0914,10.0213,9.5923,9.3952,9.1035,292017,1255,2026-09-25,41.83,7033575.0
NYSE:SSMR,SSMR,Sunshine Silver Mining & Refining Company,Basic Materials,Other Industrial Metals & Mining,United States,NYSE,2206203356.0,15.35,41.83,44.64,5,43.2,1643,True,-18.95,22.51,,,,,,,,,,,11204503,79,2026-09-25,41.53,143726603.0
NASDAQ:CCEC,CCEC,Capital Clean Energy Carriers Corp.,Industrials,Marine Shipping,Greece,NASDAQ,1307467429.0,21.75,41.84,44.38,5,43.3,1644,True,-7.43,27.34,2.4,2.98,7.59,17.69,28.12,21.2408,21.1205,20.2153,18.481,16.9767,94694,1255,2026-09-25,32.07,60113445.0
NYSE:CPK,CPK,Chesapeake Utilities Corporation,Utilities,Utilities - Regulated Gas,United States,NYSE,3091093074.0,128.77,41.84,44.95,5,43.3,1645,True,-6.1,8.85,1.26,0.66,3.88,11.22,12.19,127.1703,127.9273,123.9591,115.7754,114.7836,23917369,1255,2026-09-25,39.59,24004761.0
NASDAQ:OIO,OIO,OIO Group,Industrials,Waste Management,Singapore,NASDAQ,574236478.0,1.65,41.84,43.12,5,43.3,1646,False,-87.27,3.12,-71.95,-76.68,-75.4,-68.64,-84.89,5.8831,7.0749,6.7073,5.2617,10.9172,288717,1121,2026-09-25,42.74,348022108.0
NASDAQ:PROK,PROK,ProKidney Corp.,Healthcare,Biotechnology,United States,NASDAQ,328319541.0,1.6,41.85,44.89,5,43.4,1647,False,-51.52,20.3,-16.44,-23.09,-14.56,-19.47,-60.44,1.9147,2.0805,1.8727,1.9868,4.0449,3091769,1255,2026-09-25,45.51,205199713.0
NYSE:NE,NE,Noble Corporation plc A,Energy,Oil & Gas Drilling,United States,NYSE,6835879775.0,42.82,41.86,45.52,5,43.4,1648,False,-19.55,68.13,1.95,9.31,30.97,23.34,23.7,42.002,39.1744,32.6943,34.717,34.6162,53601109,1255,2026-09-25,45.6,159642218.0
NYSE:VMI,VMI,"Valmont Industries, Inc.",Industrials,Conglomerates,United States,NYSE,9012086860.0,466.83,41.86,42.66,5,43.4,1649,True,-19.76,29.1,-1.01,2.18,19.51,37.65,43.13,471.5904,456.8775,390.6143,339.146,326.164,86320762,1255,2026-09-25,39.74,19304858.0
NYSE:FF,FF,FutureFuel Corp.,Basic Materials,Specialty Chemicals,United States,NYSE,224581156.0,5.12,41.87,46.71,5,43.5,1650,False,-19.47,71.2,19.41,23.65,21.19,20.42,16.34,4.2878,4.1408,4.2247,4.2519,4.4008,1980830,1255,2026-09-25,42.51,43863507.0
NASDAQ:INTA,INTA,"Intapp, Inc.",Technology,Software - Application,United States,NASDAQ,2781923580.0,36.1,41.87,47.67,5,43.5,1651,False,-24.27,88.61,18.24,10.93,-17.7,-13.3,-8.93,30.5302,32.5432,43.8633,41.636,39.6379,23645559,1255,2026-09-25,45.0,77061595.0
NASDAQ:XBIT,XBIT,XBiotech Inc.,Healthcare,Biotechnology,United States,NASDAQ,66158376.0,2.17,41.87,42.61,5,43.5,1652,True,-26.19,2.36,-8.58,-9.45,-33.63,-47.79,-47.76,2.3736,2.3966,3.2694,4.1565,4.1537,114144,1255,2026-09-25,39.63,30487731.0
NASDAQ:GNSS,GNSS,Genasys Inc.,Technology,Scientific & Technical Instruments,United States,NASDAQ,67402173.0,1.48,41.88,42.7,5,43.5,1653,False,-41.5,4.96,-20.51,-23.94,-34.13,-32.76,-38.72,1.8619,1.9458,2.247,2.2011,2.415,118090,1255,2026-09-25,42.85,45542009.0
NYSE:PL,PL,Planet Labs PBC,Industrials,Aerospace & Defense,United States,NYSE,5802599164.0,17.43,41.88,39.52,5,43.5,1654,False,-66.09,56.18,-36.2,-28.47,19.84,67.12,95.92,27.3205,24.3674,14.544,10.4299,8.8967,227462606,1255,2026-09-25,42.96,332908730.0
NASDAQ:DLO,DLO,DLocal Limited,Technology,Software - Infrastructure,Uruguay,NASDAQ,2506743459.0,14.08,41.89,45.45,5,43.6,1655,True,-10.77,30.03,5.09,4.29,18.03,14.64,8.55,13.3978,13.5007,11.9287,12.2821,12.9709,24624169,1255,2026-09-25,37.74,178035757.0
NYSE:NRT,NRT,North European Oil Royality Trust,Energy,Oil & Gas E&P,United States,NYSE,79039074.0,8.6,41.89,47.6,5,43.6,1656,False,-8.22,83.95,8.38,16.62,52.38,56.74,33.87,7.9353,7.3746,5.6437,5.4869,6.4241,309797,1255,2026-09-25,42.44,9190590.0
AMEX:REI,REI,"Ring Energy, Inc.",Energy,Oil & Gas E&P,United States,AMEX,345240930.0,1.36,41.89,46.41,5,43.6,1657,False,-31.31,61.9,4.85,10.24,14.05,-0.15,-13.45,1.2971,1.2337,1.1924,1.362,1.5714,6039569,1255,2026-09-25,40.41,253853625.0
NYSE:AXR,AXR,AMREP Corporation,Real Estate,Real Estate - Development,United States,NYSE,118677302.0,22.37,41.9,42.78,5,43.7,1658,False,-21.2,18.99,-7.34,-5.99,-10.1,-4.48,6.1,24.1412,23.7961,24.8843,23.4203,21.0831,196894,1255,2026-09-25,45.23,5305199.0
NASDAQ:NVCR,NVCR,NovoCure Limited,Healthcare,Medical Devices,Switzerland,NASDAQ,1844502106.0,15.84,41.9,45.18,5,43.7,1659,False,-20.76,57.93,8.12,11.08,-3.71,-2.82,-43.49,14.6507,14.2605,16.4496,16.2999,28.029,17474507,1255,2026-09-25,45.09,116445840.0
NASDAQ:NXT,NXT,Nextpower Inc.,Technology,Solar,United States,NASDAQ,12267331692.0,80.85,41.9,41.49,5,43.7,1660,True,-48.31,10.65,-25.12,-22.44,6.0,22.21,,107.9758,104.2441,76.2744,66.1557,,171826634,910,2026-09-25,40.08,151729520.0
NASDAQ:EDRY,EDRY,EuroDry Ltd.,Industrials,Marine Shipping,Greece,NASDAQ,139208744.0,48.16,41.92,48.4,5,43.8,1661,False,-32.97,299.34,92.54,114.28,180.34,165.26,175.59,25.0135,22.4757,17.1789,18.156,17.475,11555474,1255,2026-09-25,44.9,2890547.0
NASDAQ:LIVN,LIVN,LivaNova PLC,Healthcare,Medical Devices,United Kingdom,NASDAQ,4209557017.0,76.63,41.92,44.58,5,43.8,1662,True,-10.19,54.59,7.89,13.14,33.54,38.04,41.05,71.0287,67.7286,57.3833,55.514,54.3293,50952364,1255,2026-09-25,36.68,54933538.0
NASDAQ:LULU,LULU,lululemon athletica inc.,Consumer Cyclical,Apparel Retail,Canada,NASDAQ,10984765044.0,101.3,41.92,41.97,5,43.8,1663,False,-53.08,5.54,-31.26,-33.68,-54.5,-62.96,-65.26,147.3759,152.7444,222.6152,273.4658,291.5606,872301970,1255,2026-09-25,42.32,108437957.0
NYSE:FUBO,FUBO,FuboTV Inc.,Communication Services,Broadcasting,United States,NYSE,283837827.0,9.64,41.94,45.35,5,43.8,1664,False,-81.19,19.16,-35.51,-53.58,-65.64,-63.89,-64.36,14.9479,20.7682,28.0596,26.6962,27.0486,13378664,1255,2026-09-25,42.77,29443758.0
NASDAQ:JANX,JANX,"Janux Therapeutics, Inc.",Healthcare,Biotechnology,United States,NASDAQ,994044970.0,16.3,41.96,45.42,5,43.9,1665,False,-53.08,33.83,8.98,-5.74,-38.64,-40.72,-32.52,14.9567,17.2919,26.5647,27.497,24.154,18295832,1255,2026-09-25,44.53,60984354.0
NASDAQ:MB,MB,MasterBeef Group,Consumer Cyclical,Restaurants,Hong Kong,NASDAQ,68620000.0,4.0,41.96,44.25,5,43.9,1666,False,-58.93,8.93,-29.73,-35.68,,,,5.6924,6.2187,,,,77448,367,2026-09-25,42.16,17155000.0
NASDAQ:HWBK,HWBK,"Hawthorn Bancshares, Inc.",Financial Services,Banks - Regional,United States,NASDAQ,263329872.0,38.16,41.97,45.41,5,43.9,1667,False,-4.83,32.81,7.19,10.43,21.55,39.12,51.72,35.5989,34.5543,31.3937,27.4296,25.1522,679167,1255,2026-09-25,43.45,6900678.0
NYSE:OXY,OXY,Occidental Petroleum Corporation,Energy,Oil & Gas E&P,United States,NYSE,56554929099.0,56.86,42.0,45.82,5,43.9,1668,False,-13.37,48.14,6.89,11.87,18.43,10.84,6.62,53.1954,50.8281,48.0117,51.2969,53.3279,508218045,1255,2026-09-25,46.23,994634701.0
NASDAQ:GDEV,GDEV,GDEV Inc.,Communication Services,Electronic Gaming & Multimedia,Cyprus,NASDAQ,197840330.0,10.9,42.01,43.55,5,44.0,1669,False,-69.89,2.59,-23.93,-33.15,-34.48,-38.76,-58.17,14.3296,16.3045,16.6371,17.7974,26.0553,22057,1255,2026-09-25,42.01,18150489.0
NASDAQ:SWIM,SWIM,"Latham Group, Inc.",Industrials,Building Products & Equipment,United States,NASDAQ,733235373.0,6.245,42.01,45.27,5,44.0,1670,True,-21.74,31.2,1.1,-2.22,-4.1,14.57,25.86,6.1773,6.3868,6.5119,5.451,4.962,5763667,1255,2026-09-25,41.56,117411589.0
NASDAQ:NNNN,NNNN,Anbio Biotechnology,Healthcare,Medical Instruments & Supplies,Germany,NASDAQ,276514560.0,6.3,42.04,37.94,5,44.0,1671,False,-84.68,20.0,-69.81,-71.49,,,,20.8712,22.0996,,,,1646090,403,2026-09-25,39.66,43891200.0
NASDAQ:FFIN,FFIN,"First Financial Bankshares, Inc.",Financial Services,Banks - Regional,United States,NASDAQ,4650728289.0,32.45,42.06,43.23,5,44.0,1672,False,-10.5,15.02,1.01,1.73,-3.3,1.75,2.94,32.1259,31.8982,33.5575,31.8932,31.5229,25163237,1255,2026-09-25,37.82,143319824.0
NYSE:TDW,TDW,Tidewater Inc.,Energy,Oil & Gas Equipment & Services,United States,NYSE,4214175450.0,84.74,42.08,46.37,5,44.0,1673,False,-15.77,79.19,11.88,19.27,38.81,25.06,37.02,75.7396,71.0486,61.0464,67.7597,61.8436,55439755,1255,2026-09-25,45.59,49730652.0
NASDAQ:OCUL,OCUL,"Ocular Therapeutix, Inc.",Healthcare,Biotechnology,United States,NASDAQ,2112967455.0,9.65,42.1,45.62,5,44.1,1674,False,-40.1,40.26,-1.66,-5.49,-0.99,13.67,28.48,9.8131,10.2102,9.7462,8.4894,7.5109,23142394,1255,2026-09-25,43.97,218960358.0
NASDAQ:CCXI,CCXI,Churchill Capital Corp XI,Financial Services,Shell Companies,United States,NASDAQ,520817000.0,12.43,42.11,43.78,5,44.1,1675,True,-34.92,23.19,,,,,,,,,,,25853023,159,2026-09-25,40.03,41900000.0
NASDAQ:EQIX,EQIX,"Equinix, Inc.",Real Estate,REIT - Specialty,United States,NASDAQ,99468953223.0,1008.08,42.12,44.33,5,44.1,1676,False,-9.23,40.95,3.58,8.08,14.04,20.06,27.14,973.1988,932.7313,883.9631,839.6397,792.8833,548872237,1255,2026-09-25,48.64,98671686.0
AMEX:PTHS,PTHS,Pelthos Therapeutics Inc.,Healthcare,Biotechnology,United States,AMEX,77124563.0,22.19,42.12,42.87,5,44.1,1677,False,-40.7,21.99,-11.37,-14.95,9.18,,,25.037,26.0908,20.3242,,,930898,654,2026-09-25,42.99,3475645.0
NYSE:BBAI,BBAI,"BigBear.ai, Inc.",Technology,Information Technology Services,United States,NYSE,1342584580.0,2.8,42.13,42.92,5,44.2,1678,True,-68.57,8.11,-31.08,-39.23,-36.07,-19.76,-10.12,4.0628,4.6074,4.38,3.4896,3.1154,43708739,1255,2026-09-25,42.13,479494493.0
NYSE:LH,LH,Labcorp Holdings Inc.,Healthcare,Diagnostics & Research,United States,NYSE,25049876000.0,309.64,42.13,46.59,5,44.2,1679,False,-8.56,26.81,11.35,12.27,19.85,28.37,35.19,278.0779,275.7984,258.3587,241.2109,229.0453,262689904,1255,2026-09-25,41.39,80900000.0
NYSE:AWI,AWI,Armstrong World Industries Inc,Industrials,Building Products & Equipment,United States,NYSE,6880810701.0,162.81,42.14,44.09,5,44.3,1680,True,-19.46,7.71,-5.47,-7.51,-1.47,12.28,28.66,172.2361,176.0387,165.238,144.9999,126.5398,60308054,1255,2026-09-25,40.55,42262826.0
NYSE:ETO,ETO,Eaton Vance Tax-Advantage Global Dividend Opp,Financial Services,Asset Management,United States,NYSE,498691039.0,30.43,42.14,45.1,5,44.3,1681,True,-4.66,22.54,4.31,6.4,17.33,27.21,37.2,29.1729,28.6008,25.9361,23.921,22.1789,596950,1255,2026-09-25,39.77,16388138.0
AMEX:NXB,NXB,NextBoat Inc. Common Stcok,Consumer Cyclical,Auto & Truck Dealerships,United States,AMEX,50498004.0,2.02,42.14,44.87,5,44.3,1682,False,-46.84,7.45,-15.7,,,,,2.3963,,,,,123997,217,2026-09-25,45.37,24999012.0
NASDAQ:SMXT,SMXT,Solarmax Technology Inc.,Technology,Solar,United States,NASDAQ,132023247.0,2.32,42.14,40.19,5,44.3,1683,True,-82.1,26.78,-65.38,-70.13,-79.1,,,6.701,7.7683,11.1018,,,50307,648,2026-09-25,39.07,56906572.0
NASDAQ:MOB,MOB,Mobilicom Limited,Industrials,Aerospace & Defense,Israel,NASDAQ,60640181.0,4.8,42.15,43.93,5,44.4,1684,False,-52.94,10.6,-18.78,-23.47,6.29,39.97,63.06,5.9098,6.2717,4.516,3.4293,2.9437,701881,1025,2026-09-25,45.54,12633371.0
NASDAQ:SFST,SFST,"Southern First Bancshares, Inc.",Financial Services,Banks - Regional,United States,NASDAQ,573950160.0,60.62,42.15,44.89,5,44.4,1685,False,-6.16,47.31,4.53,9.22,29.56,46.3,52.07,57.991,55.5044,46.7887,41.4344,39.8642,5736756,1255,2026-09-25,38.86,9468000.0
NYSE:OSCR,OSCR,"Oscar Health, Inc.",Healthcare,Healthcare Plans,United States,NYSE,7870699200.0,29.6,42.16,46.17,5,44.4,1686,True,-12.45,172.81,37.18,42.02,62.1,76.27,112.36,21.5774,20.8417,18.2607,16.792,13.9384,175391585,1255,2026-09-25,37.73,265902000.0
NASDAQ:BTSG,BTSG,"BrightSpring Health Services, Inc.",Healthcare,Health Information Services,United States,NASDAQ,11106263535.0,56.59,42.17,43.34,5,44.4,1687,False,-22.38,110.76,9.35,18.65,67.16,,,51.7515,47.6955,33.8546,,,146275249,669,2026-09-25,40.05,196258412.0
NASDAQ:CBUS,CBUS,"Cibus, Inc.",Healthcare,Biotechnology,United States,NASDAQ,116024084.0,1.52,42.17,43.87,5,44.4,1688,True,-62.47,31.03,-19.51,-15.23,-28.72,-75.3,-81.69,1.8884,1.793,2.1324,6.1541,8.3019,161446,1255,2026-09-25,40.16,76331634.0
NYSE:NEXA,NEXA,Nexa Resources S.A.,Basic Materials,Other Industrial Metals & Mining,Luxembourg,NYSE,1647536321.0,12.44,42.17,44.5,5,44.4,1689,False,-24.83,151.88,-0.69,11.76,46.05,57.95,71.02,12.526,11.1309,8.5179,7.8758,7.2739,10748254,1255,2026-09-25,43.7,132438611.0
NASDAQ:FENC,FENC,Fennec Pharmaceuticals Inc.,Healthcare,Biotechnology,United States,NASDAQ,368386203.0,10.605,42.19,45.81,5,44.5,1690,False,-17.02,83.8,19.76,20.93,37.22,34.88,31.59,8.8551,8.7695,7.7286,7.8626,8.0593,2644442,1255,2026-09-25,42.37,34737030.0
NASDAQ:ITIC,ITIC,Investors Title Company,Financial Services,Insurance - Specialty,United States,NASDAQ,540080136.0,286.06,42.19,46.78,5,44.5,1691,False,-6.36,36.9,11.71,11.59,19.6,36.11,50.92,256.0804,256.3457,239.1729,210.1658,189.5453,20148226,1255,2026-09-25,43.29,1887996.0
NASDAQ:HNRG,HNRG,Hallador Energy Company,Utilities,Utilities - Independent Power Producers,United States,NASDAQ,693759370.0,14.72,42.2,43.99,5,44.5,1692,False,-38.18,7.45,-15.44,-18.19,-6.73,10.06,20.6,17.4077,17.9928,15.7827,13.3748,12.2061,10631985,1255,2026-09-25,39.82,47130392.0
NYSE:HUBS,HUBS,"HubSpot, Inc.",Technology,Software - Application,United States,NYSE,10941501928.0,213.74,42.23,45.39,5,44.6,1693,False,-58.89,25.52,-14.75,-25.63,-52.2,-55.52,-53.65,250.712,287.3882,447.1133,480.5288,461.1539,388635198,1255,2026-09-25,45.38,51190708.0
NASDAQ:AXGN,AXGN,"Axogen, Inc.",Healthcare,Medical Devices,United States,NASDAQ,2332712049.0,43.39,42.24,45.12,5,44.6,1694,False,-16.12,178.32,12.2,23.24,73.33,124.64,158.01,38.6708,35.2069,25.0334,19.3152,16.8169,56626251,1255,2026-09-25,41.97,53761513.0
NYSE:RXO,RXO,"RXO, Inc.",Industrials,Trucking,United States,NYSE,3263772974.0,19.79,42.24,42.41,5,44.6,1695,False,-32.46,88.84,1.97,6.91,1.36,-3.49,,19.4084,18.5113,19.5237,20.5055,,34657144,981,2026-09-25,43.33,164920312.0
NASDAQ:AROW,AROW,Arrow Financial Corporation,Financial Services,Banks - Regional,United States,NASDAQ,622317565.0,37.65,42.25,43.88,5,44.7,1696,False,-10.72,49.52,5.07,10.1,24.55,35.81,42.37,35.834,34.1963,30.2281,27.7218,26.4461,3267899,1255,2026-09-25,38.0,16529019.0
NASDAQ:MCFT,MCFT,"MasterCraft Boat Holdings, Inc.",Consumer Cyclical,Recreational Vehicles,United States,NASDAQ,498736539.0,20.59,42.26,41.61,5,44.7,1697,False,-24.8,19.64,-8.59,-6.46,0.97,0.35,-7.18,22.5243,22.0114,20.3916,20.5187,22.1816,6141100,1255,2026-09-25,40.56,24222270.0
NASDAQ:SAFX,SAFX,"XCF Global, Inc.",Utilities,Utilities - Renewable,United States,NASDAQ,150561535.0,0.373,42.26,45.27,5,44.7,1698,False,-74.1,172.26,0.49,-23.72,,,,0.3712,0.489,,,,1771839,434,2026-09-25,48.6,403650229.0
NASDAQ:LFCR,LFCR,"Lifecore Biomedical, Inc.",Healthcare,Drug Manufacturers - Specialty & Generic,United States,NASDAQ,157539509.0,4.2,42.27,43.5,5,44.7,1699,False,-52.38,14.75,-26.26,-30.01,-33.79,-33.9,-36.33,5.6956,6.001,6.3435,6.354,6.596,671752,1255,2026-09-25,45.21,37509407.0
NASDAQ:LTBR,LTBR,Lightbridge Corporation,Industrials,Electrical Equipment & Parts,United States,NASDAQ,224984736.0,6.85,42.27,42.22,5,44.7,1700,False,-75.29,5.87,-39.33,-48.36,-40.86,-22.05,-11.63,11.2903,13.2642,11.5826,8.7879,7.7512,5688724,1255,2026-09-25,39.85,32844487.0
NYSE:AMCR,AMCR,Amcor plc,Consumer Cyclical,Packaging & Containers,Switzerland,NYSE,19654315282.0,42.51,42.29,44.55,5,44.8,1701,True,-12.19,19.49,1.99,3.44,-0.33,0.14,-1.19,41.6803,41.0945,42.6514,42.4499,43.0219,146783676,1255,2026-09-25,38.98,462345690.0
NYSE:BGS,BGS,"B&G Foods, Inc.",Consumer Defensive,Packaged Foods,United States,NYSE,251617703.0,3.1,42.29,40.91,5,44.8,1702,False,-43.85,7.64,-26.1,-25.27,-31.41,-42.21,-51.74,4.1947,4.1485,4.5198,5.3639,6.4235,6810694,1255,2026-09-25,36.62,81167001.0
NYSE:CBT,CBT,Cabot Corporation,Basic Materials,Specialty Chemicals,United States,NYSE,4065702803.0,78.76,42.3,42.82,5,44.9,1703,True,-15.2,37.42,1.04,4.44,-1.6,-2.6,2.05,77.9519,75.4136,80.0435,80.8615,77.1754,31357696,1255,2026-09-25,41.84,51621417.0
NASDAQ:FOXA,FOXA,Fox Corporation,Communication Services,Entertainment,United States,NASDAQ,12580853498.0,63.07,42.3,46.93,5,44.9,1704,False,-16.36,29.84,0.07,0.3,10.84,29.87,42.75,63.0234,62.8826,56.9034,48.5621,44.1827,334133886,1255,2026-09-25,44.93,199474449.0
NYSE:KMI,KMI,"Kinder Morgan, Inc.",Energy,Oil & Gas Midstream,United States,NYSE,68474164237.0,30.75,42.3,44.47,5,44.9,1705,False,-9.54,23.69,-0.64,2.59,10.99,28.08,41.87,30.9477,29.9729,27.7049,24.0093,21.6745,400090637,1255,2026-09-25,47.52,2226802089.0
NYSE:MP,MP,MP Materials Corp.,Basic Materials,Other Industrial Metals & Mining,United States,NYSE,8692823928.0,48.83,42.32,44.48,5,44.9,1706,False,-50.5,28.16,-14.33,-17.25,7.57,37.68,46.74,56.9949,59.0065,45.3925,35.4658,33.2758,251399709,1255,2026-09-25,43.41,178022198.0
NASDAQ:LKQ,LKQ,LKQ Corporation,Consumer Cyclical,Auto Parts,United States,NASDAQ,5892418583.0,23.29,42.34,43.44,5,44.9,1707,True,-30.82,4.96,-16.22,-16.93,-26.73,-33.69,-39.52,27.8001,28.0368,31.7861,35.1207,38.51,80193804,1255,2026-09-25,39.18,253002086.0
NASDAQ:FWONK,FWONK,Liberty Media Corporation - Series C,Communication Services,Entertainment,United States,NASDAQ,21214727840.0,94.61,42.35,44.18,5,45.0,1708,False,-12.67,16.2,2.57,0.98,1.67,10.95,17.64,92.2361,93.6933,93.0595,85.2719,80.4257,216514311,1255,2026-09-25,43.65,224233462.0
NYSE:RAMP,RAMP,"LiveRamp Holdings, Inc.",Technology,Software - Infrastructure,United States,NYSE,2279811825.0,37.5,42.35,47.87,5,45.0,1709,False,-1.34,67.26,16.84,19.76,23.98,21.48,28.35,32.0945,31.3114,30.2478,30.8688,29.2164,48483533,1255,2026-09-25,41.26,60794982.0
NYSE:SVV,SVV,"Savers Value Village, Inc.",Consumer Cyclical,Specialty Retail,United States,NYSE,1438230716.0,9.34,42.35,44.04,5,45.0,1710,False,-31.87,31.55,-1.08,-3.91,-5.7,-19.25,,9.442,9.7198,9.9044,11.5669,,11559597,814,2026-09-25,40.78,153986158.0
NASDAQ:GOSS,GOSS,"Gossamer Bio, Inc.",Healthcare,Biotechnology,United States,NASDAQ,5347983139.0,10.94,42.37,43.11,5,45.1,1711,True,-96.39,5.39,-84.65,-89.12,-89.31,-88.07,-92.17,71.2928,100.5308,102.3014,91.705,139.6455,2738469,1255,2026-09-25,42.3,488846722.0
NYSE:LNC,LNC,Lincoln National Corporation,Financial Services,Insurance - Life,United States,NYSE,7981439438.0,41.69,42.37,46.11,5,45.1,1712,False,-11.3,31.09,7.02,7.03,16.54,29.81,37.83,38.9559,38.9522,35.7726,32.1164,30.2483,84524520,1255,2026-09-25,39.88,191447336.0
NYSE:ARLO,ARLO,"Arlo Technologies, Inc.",Industrials,Building Products & Equipment,United States,NYSE,1394550050.0,12.84,42.38,44.68,5,45.1,1713,False,-33.95,14.34,-5.15,-9.09,-5.84,0.17,13.85,13.5374,14.124,13.6368,12.8178,11.278,17958753,1255,2026-09-25,44.41,108609817.0
NASDAQ:CURR,CURR,Currenc Group Inc.,Technology,Software - Application,Singapore,NASDAQ,336845655.0,3.0,42.39,45.06,5,45.1,1714,False,-33.18,117.39,8.15,12.17,38.31,,,2.7738,2.6745,2.1691,,,2312160,518,2026-09-25,42.6,112281885.0
NYSE:SM,SM,SM Energy Company,Energy,Oil & Gas E&P,United States,NYSE,8129878451.0,33.91,42.4,46.8,5,45.2,1715,False,-17.87,97.14,22.47,29.54,18.94,4.98,5.59,27.689,26.1775,28.5102,32.3007,32.1157,157964195,1255,2026-09-25,46.52,239748701.0
NASDAQ:ACDC,ACDC,ProFrac Holding Corp.,Energy,Oil & Gas Equipment & Services,United States,NASDAQ,833140068.0,4.605,42.41,44.68,5,45.2,1716,True,-42.87,44.36,-16.48,-11.74,-23.11,-31.01,-49.41,5.5137,5.2177,5.9888,6.675,9.1024,5872449,1096,2026-09-25,40.63,180920753.0
NASDAQ:BHRB,BHRB,Burke & Herbert Financial Services Corp.,Financial Services,Banks - Regional,United States,NASDAQ,1408335543.0,69.84,42.41,45.45,5,45.2,1717,False,-5.72,25.41,5.72,7.86,13.9,21.59,20.5,66.0641,64.751,61.3157,57.4392,57.9582,8733651,1255,2026-09-25,37.7,20165171.0
NYSE:IIPR,IIPR,"Innovative Industrial Properties, Inc.",Real Estate,REIT - Industrial,United States,NYSE,1609822498.0,55.52,42.42,43.44,5,45.2,1718,False,-14.15,38.68,4.71,7.51,-1.46,-11.63,-10.7,53.0251,51.6404,56.3435,62.8273,62.1706,19624592,1255,2026-09-25,42.81,28995362.0
NASDAQ:VISN,VISN,"Vistance Networks, Inc.",Technology,Communication Equipment,United States,NASDAQ,1403043105.0,6.22,42.42,44.69,5,45.2,1719,False,-15.29,49.56,4.06,9.11,61.64,125.15,144.76,5.9771,5.7008,3.8481,2.7626,2.5413,61178703,1255,2026-09-25,45.95,225569631.0
NASDAQ:SBCF,SBCF,Seacoast Banking Corporation of Florida,Financial Services,Banks - Regional,United States,NASDAQ,3198063690.0,33.03,42.43,45.18,5,45.3,1720,False,-8.07,17.43,2.89,4.25,13.82,22.42,25.35,32.1021,31.6826,29.0191,26.981,26.3509,27062425,1255,2026-09-25,39.62,96823000.0
NYSE:SITE,SITE,"SiteOne Landscape Supply, Inc.",Industrials,Industrial Distribution,United States,NYSE,3986173661.0,91.31,42.44,42.61,5,45.3,1721,False,-44.07,4.24,-24.46,-25.17,-28.47,-32.39,-33.04,120.881,122.0306,127.6519,135.0587,136.3563,96306304,1255,2026-09-25,44.21,43655390.0
NASDAQ:JAZZ,JAZZ,Jazz Pharmaceuticals plc,Healthcare,Biotechnology,Ireland,NASDAQ,14947454583.0,237.95,42.45,44.85,5,45.4,1722,False,-9.05,87.36,13.2,20.7,50.65,64.82,65.95,210.2041,197.1417,157.9449,144.3663,143.3907,191924854,1255,2026-09-25,39.95,62817628.0
NASDAQ:KYMR,KYMR,"Kymera Therapeutics, Inc.",Healthcare,Biotechnology,United States,NASDAQ,9308711685.0,111.95,42.45,46.73,5,45.4,1723,False,-12.07,108.34,21.07,29.99,77.01,111.58,141.04,92.4679,86.1193,63.2457,52.9115,46.4454,86229722,1255,2026-09-25,48.49,83150618.0
NYSE:PFLT,PFLT,PennantPark Floating Rate Capital Ltd.,Financial Services,Asset Management,United States,NYSE,693533093.0,6.99,42.45,44.43,5,45.4,1724,False,-20.1,4.24,-9.61,-10.16,-15.58,-15.51,-12.43,7.7336,7.7804,8.2798,8.2728,7.9825,5114453,1255,2026-09-25,42.9,99217896.0
NYSE:HEI.A,HEI-A,Heico Corporation,Industrials,Aerospace & Defense,United States,NYSE,19606188147.0,232.02,42.48,41.81,5,45.4,1725,True,-15.93,15.33,-4.18,-4.52,1.26,12.89,24.31,242.1504,243.0071,229.1243,205.5208,186.6523,77391711,1255,2026-09-25,38.24,84502147.0
NASDAQ:WDFC,WDFC,WD-40 Company,Basic Materials,Specialty Chemicals,United States,NASDAQ,2673079690.0,199.17,42.48,40.76,5,45.4,1726,True,-24.52,7.71,-8.39,-6.19,-10.65,-11.56,-6.33,217.4176,212.3149,222.9127,225.2118,212.6284,24619945,1255,2026-09-25,39.1,13421096.0
NASDAQ:MWH,MWH,"SOLV Energy, Inc.",Utilities,Utilities - Renewable,United States,NASDAQ,3118384105.0,25.2,42.49,43.12,5,45.5,1727,True,-46.12,5.62,,,,,,,,,,,35304770,156,2026-09-25,41.5,123745401.0
NASDAQ:MYPS,MYPS,"PLAYSTUDIOS, Inc.",Communication Services,Electronic Gaming & Multimedia,United States,NASDAQ,53263187.0,0.476,42.49,42.41,5,45.5,1728,False,-50.83,16.95,-12.99,-21.31,-53.77,-67.48,-77.59,0.5471,0.6049,1.0295,1.4636,2.1239,159954,1255,2026-09-25,31.15,111897452.0
NASDAQ:ALM,ALM,Almonty Industries Inc.,Basic Materials,Other Industrial Metals & Mining,United States,NASDAQ,3892938168.0,13.72,42.5,44.27,5,45.5,1729,True,-41.42,145.44,-11.71,-0.4,61.82,128.95,188.23,15.5401,13.7755,8.4788,5.9925,4.7601,106557230,1255,2026-09-25,34.43,283741849.0
NYSE:DVA,DVA,DaVita Inc.,Healthcare,Medical Care Facilities,United States,NYSE,11455096950.0,178.47,42.51,42.48,5,45.6,1730,True,-25.93,71.82,5.83,11.96,15.83,24.2,37.57,168.6449,159.4075,154.0773,143.6991,129.7297,132386211,1255,2026-09-25,37.38,64185000.0
NYSE:MUSA,MUSA,Murphy USA Inc.,Consumer Cyclical,Specialty Retail,United States,NYSE,9448494205.0,511.54,42.51,43.21,5,45.6,1731,False,-17.77,44.18,2.05,7.59,9.73,13.97,25.78,501.2826,475.4542,466.1618,448.8539,406.707,149355349,1255,2026-09-25,45.49,18470685.0
NASDAQ:RDNT,RDNT,"RadNet, Inc.",Healthcare,Diagnostics & Research,United States,NASDAQ,5566517566.0,70.79,42.51,47.24,5,45.6,1732,False,-16.21,36.48,7.87,3.77,7.66,19.41,39.69,65.6252,68.2157,65.7512,59.2824,50.6754,59745162,1255,2026-09-25,43.66,78634236.0
NYSE:BOC,BOC,Boston Omaha Corporation,Industrials,Conglomerates,United States,NYSE,399173199.0,13.47,42.52,44.94,5,45.6,1733,False,-10.74,21.79,3.78,3.69,-1.43,-4.41,-16.86,12.9791,12.9909,13.6658,14.091,16.2006,2235921,1255,2026-09-25,41.01,29634239.0
NASDAQ:AMLX,AMLX,"Amylyx Pharmaceuticals, Inc.",Healthcare,Drug Manufacturers - Specialty & Generic,United States,NASDAQ,3278884488.0,29.49,42.53,49.15,5,45.7,1734,False,-25.64,159.14,62.73,70.79,159.32,183.21,93.03,18.1217,17.2668,11.3722,10.4127,15.2773,52436029,1183,2026-09-25,44.65,111186317.0
NASDAQ:ENTX,ENTX,Entera Bio Ltd.,Healthcare,Biotechnology,Israel,NASDAQ,135301692.0,2.745,42.54,48.43,5,45.7,1735,False,-29.97,174.5,53.75,43.11,40.81,55.15,78.52,1.7854,1.9182,1.9494,1.7693,1.5376,1193681,1255,2026-09-25,44.97,49290234.0
NASDAQ:APP,APP,Applovin Corporation,Communication Services,Advertising Agencies,United States,NASDAQ,95006219000.0,310.75,42.55,41.62,5,45.7,1736,False,-57.64,4.07,-33.37,-37.42,-25.29,4.15,35.75,466.4004,496.5717,415.9687,298.3795,228.9082,1558694281,1255,2026-09-25,43.22,305732000.0
NASDAQ:NPT,NPT,Texxon Holding Limited,Consumer Cyclical,Specialty Retail,China,NASDAQ,63670950.0,2.87,42.56,45.24,5,45.8,1737,False,-86.0,137.19,-40.18,,,,,4.7981,,,,,69920,233,2026-09-25,43.79,22185000.0
NASDAQ:SHOE,SHOE,"Shoe Station Group, Inc.",Consumer Cyclical,Apparel Retail,United States,NASDAQ,352967004.0,13.0,42.56,42.57,5,45.8,1738,False,-39.34,5.86,-22.31,-23.56,-37.89,-45.94,-44.86,16.7332,17.0073,20.9307,24.0478,23.5779,19786147,1255,2026-09-25,44.78,27151308.0
NYSE:STAG,STAG,"Stag Industrial, Inc.",Real Estate,REIT - Industrial,United States,NYSE,7093232450.0,36.79,42.56,43.88,5,45.8,1739,False,-12.49,10.27,-2.21,-1.77,3.45,5.39,9.56,37.6197,37.4527,35.5615,34.9096,33.5788,60497568,1255,2026-09-25,48.96,192803274.0
AMEX:TMQ,TMQ,Trilogy Metals Inc.,Basic Materials,Other Industrial Metals & Mining,Canada,AMEX,552786045.0,3.2,42.56,44.31,5,45.8,1740,False,-69.81,55.34,-21.27,-23.18,16.38,60.42,95.44,4.0645,4.1658,2.7495,1.9947,1.6373,4375954,1255,2026-09-25,44.28,172745639.0
NASDAQ:CRAI,CRAI,"CRA International,Inc.",Industrials,Consulting Services,United States,NASDAQ,1047599573.0,162.07,42.57,45.39,5,45.8,1741,False,-26.67,18.49,-3.67,-5.34,-8.3,0.4,10.37,168.2433,171.2168,176.7488,161.4185,146.8467,21393219,1255,2026-09-25,43.31,6463871.0
NASDAQ:MAYS,MAYS,"J. W. Mays, Inc.",Real Estate,Real Estate Services,United States,NASDAQ,80631200.0,40.0,42.6,45.14,5,45.9,1742,False,-27.27,6.52,-2.51,-1.19,-0.8,-3.89,-6.03,41.0307,40.4806,40.3208,41.6172,42.5681,52487,1255,2026-09-25,48.69,2015780.0
AMEX:STXS,STXS,"Stereotaxis, Inc.",Healthcare,Medical Instruments & Supplies,United States,AMEX,129517129.0,1.3,42.6,42.59,5,45.9,1743,True,-63.59,3.17,-30.82,-37.04,-38.98,-38.19,-36.8,1.8791,2.065,2.1303,2.1034,2.0569,687324,1255,2026-09-25,41.22,99628561.0
NYSE:CARS,CARS,Cars.com Inc.,Communication Services,Internet Content & Information,United States,NYSE,583506583.0,10.9,42.61,44.51,5,45.9,1744,False,-19.26,43.8,0.39,-0.49,-13.46,-24.41,-27.68,10.8577,10.9538,12.596,14.4205,15.0722,6654644,1255,2026-09-25,37.74,53532714.0
NASDAQ:CMPS,CMPS,COMPASS Pathways Plc - American Depository Shares,Healthcare,Medical Care Facilities,United Kingdom,NASDAQ,1762438119.0,13.06,42.61,46.49,5,45.9,1745,False,-14.02,164.37,33.47,45.33,96.01,84.86,71.38,9.7849,8.9863,6.6631,7.0648,7.6203,40506561,1255,2026-09-25,42.81,134949320.0
NYSE:BAH,BAH,Booz Allen Hamilton Holding Corporation,Industrials,Consulting Services,United States,NYSE,8774788780.0,72.95,42.62,46.78,5,46.0,1746,False,-27.8,23.1,-5.66,-8.35,-26.95,-34.28,-31.94,77.3294,79.6,99.8602,111.0085,107.179,120091612,1255,2026-09-25,44.94,120284973.0
NYSE:CUBI,CUBI,"Customers Bancorp, Inc",Financial Services,Banks - Regional,United States,NYSE,2606561281.0,77.06,42.63,45.15,5,46.0,1747,False,-7.88,27.33,1.89,4.45,20.18,30.85,49.68,75.6293,73.7756,64.1215,58.8925,51.4816,21835959,1255,2026-09-25,41.3,33825088.0
NASDAQ:AKBA,AKBA,"Akebia Therapeutics, Inc.",Healthcare,Drug Manufacturers - Specialty & Generic,United States,NASDAQ,240359386.0,0.896,42.65,43.21,5,46.0,1748,False,-71.74,6.16,-28.3,-38.75,-54.04,-48.2,-40.21,1.2497,1.4628,1.9495,1.7298,1.4985,7200933,1255,2026-09-25,45.08,268258243.0
NASDAQ:LUCD,LUCD,Lucid Diagnostics Inc.,Healthcare,Medical Devices,United States,NASDAQ,157577295.0,0.826,42.65,42.84,5,46.0,1749,False,-43.81,5.9,-24.79,-25.0,-25.2,-24.73,-31.68,1.0983,1.1014,1.1042,1.0974,1.209,944085,1242,2026-09-25,44.04,190771543.0
NASDAQ:ACIU,ACIU,AC Immune SA,Healthcare,Biotechnology,Switzerland,NASDAQ,256469404.0,2.52,42.66,46.07,5,46.1,1750,False,-36.84,18.87,-10.65,-12.81,-5.39,-13.16,-10.26,2.8205,2.8904,2.6636,2.902,2.8082,435538,1255,2026-09-25,48.98,101773573.0
NASDAQ:CTSH,CTSH,Cognizant Technology Solutions Corporation,Technology,Information Technology Services,United States,NASDAQ,25823966502.0,57.33,42.66,47.78,5,46.1,1751,True,-32.68,48.89,-5.92,-8.68,-16.71,-16.56,-13.48,60.9352,62.7772,68.8341,68.7076,66.259,373024115,1255,2026-09-25,42.08,450444209.0
NASDAQ:WSFS,WSFS,WSFS Financial Corporation,Financial Services,Banks - Regional,United States,NASDAQ,3995930880.0,77.76,42.66,45.68,5,46.1,1752,False,-5.27,56.14,11.19,16.86,29.9,43.26,52.86,69.9365,66.5404,59.8617,54.2797,50.8714,30019133,1255,2026-09-25,38.61,51388000.0
NYSE:CPF,CPF,Central Pacific Financial Corp New,Financial Services,Banks - Regional,United States,NYSE,950966503.0,36.85,42.67,44.9,5,46.2,1753,False,-7.12,38.22,7.27,11.12,22.76,40.74,55.73,34.3537,33.1621,30.0171,26.1833,23.6629,6527760,1255,2026-09-25,42.53,25806418.0
NASDAQ:BANR,BANR,Banner Corporation,Financial Services,Banks - Regional,United States,NASDAQ,2345978268.0,69.03,42.68,45.9,5,46.2,1754,False,-6.73,20.73,6.16,7.59,8.8,20.68,25.07,65.0236,64.162,63.4456,57.2007,55.1944,20419305,1255,2026-09-25,41.06,33984909.0
NASDAQ:ANDE,ANDE,"The Andersons, Inc.",Consumer Defensive,Food Distribution,United States,NASDAQ,2280600130.0,66.97,42.69,45.03,5,46.2,1755,True,-17.19,71.27,-0.89,5.99,29.41,30.7,39.02,67.5741,63.186,51.752,51.2391,48.1716,27313381,1255,2026-09-25,41.96,34054056.0
NYSE:EOG,EOG,"EOG Resources, Inc.",Energy,Oil & Gas E&P,United States,NYSE,74754414186.0,140.35,42.7,45.9,5,46.2,1756,False,-8.71,41.33,7.96,12.29,16.11,18.27,20.75,130.0037,124.9849,120.8756,118.6715,116.2347,491922093,1255,2026-09-25,46.55,532628530.0
NYSE:TNET,TNET,"TriNet Group, Inc.",Industrials,Staffing & Employment Services,United States,NYSE,2988857491.0,65.11,42.7,48.15,5,46.2,1757,False,-9.15,95.03,25.03,21.67,-1.69,-18.7,-19.03,52.0741,53.5153,66.2306,80.0888,80.4109,22350306,1255,2026-09-25,44.08,45904738.0
NASDAQ:OPCH,OPCH,"Option Care Health, Inc.",Healthcare,Medical Care Facilities,United States,NASDAQ,3455545556.0,23.07,42.71,46.51,5,46.3,1758,True,-36.95,18.19,-13.78,-14.73,-18.43,-20.91,-22.23,26.757,27.055,28.2819,29.1677,29.6658,49926011,1255,2026-09-25,40.9,149785243.0
NYSE:PDM,PDM,"Piedmont Realty Trust, Inc.",Real Estate,REIT - Office,United States,NYSE,1147468005.0,9.17,42.71,45.08,5,46.3,1759,False,-7.93,43.51,7.7,8.08,10.55,18.54,21.06,8.5142,8.4848,8.2952,7.7358,7.5746,19031850,1255,2026-09-25,43.18,125132825.0
NYSE:OIS,OIS,"Oil States International, Inc.",Energy,Oil & Gas Equipment & Services,United States,NYSE,499471285.0,8.28,42.72,45.31,5,46.3,1760,False,-42.46,48.39,-10.18,-3.81,21.61,27.94,23.69,9.2185,8.6077,6.8089,6.4719,6.6944,4339415,1255,2026-09-25,43.55,60322619.0
NASDAQ:DORM,DORM,"Dorman Products, Inc.",Consumer Cyclical,Auto Parts,United States,NASDAQ,3706063492.0,124.02,42.73,43.86,5,46.4,1761,False,-21.52,23.4,0.34,-2.2,-3.23,7.9,15.39,123.5941,126.8055,128.1648,114.9416,107.4752,24694612,1255,2026-09-25,38.22,29882789.0
NYSE:QUAD,QUAD,"Quad Graphics, Inc",Industrials,Specialty Business Services,United States,NYSE,361145802.0,9.43,42.73,46.94,5,46.4,1762,False,-12.2,88.92,24.45,31.92,46.99,63.4,80.67,7.5773,7.1484,6.4154,5.771,5.2193,3782367,1255,2026-09-25,37.97,38297540.0
NYSE:SDRL,SDRL,Seadrill Limited,Energy,Oil & Gas Drilling,United States,NYSE,2849515250.0,45.57,42.73,46.74,5,46.4,1763,False,-16.84,60.46,5.31,12.02,26.73,15.71,,43.2703,40.6817,35.9573,39.3818,,26584099,990,2026-09-25,46.44,62530508.0
NASDAQ:NHIV,NHIV,NewHold Investment Corp IV,Financial Services,Shell Companies,United States,NASDAQ,208700812.0,10.05,42.74,43.73,5,46.5,1764,False,-1.08,1.01,,,,,,,,,,,254416,77,2026-09-25,44.56,20766250.0
NASDAQ:TSCO,TSCO,Tractor Supply Company,Consumer Cyclical,Specialty Retail,United States,NASDAQ,16923989108.0,32.27,42.74,45.25,5,46.5,1765,True,-41.89,11.51,-19.14,-24.43,-32.98,-32.13,-29.8,39.9085,42.7045,48.1495,47.5471,45.9671,309472496,1255,2026-09-25,35.33,524449616.0
NYSE:VST,VST,Vistra Corp.,Utilities,Utilities - Independent Power Producers,United States,NYSE,46686284519.0,138.46,42.75,44.24,5,46.5,1766,True,-33.95,3.1,-10.76,-14.48,-12.82,9.92,37.85,155.1605,161.8951,158.8227,125.9691,100.4406,641091754,1255,2026-09-25,41.72,337182468.0
NASDAQ:RPRX,RPRX,Royalty Pharma plc,Healthcare,Biotechnology,United States,NASDAQ,25802985594.0,58.21,42.77,46.5,5,46.5,1767,False,-8.99,70.03,15.8,22.43,48.72,66.91,69.29,50.2689,47.5464,39.1419,34.876,34.3846,198276589,1255,2026-09-25,43.2,443274104.0
NASDAQ:GOOD,GOOD,Gladstone Commercial Corporation - Real Estate Investment Trust,Real Estate,REIT - Diversified,United States,NASDAQ,605087412.0,12.5,42.78,46.18,5,46.6,1768,False,-4.4,29.66,6.55,9.28,2.47,6.55,9.13,11.731,11.4382,12.1985,11.7319,11.4545,4568533,1255,2026-09-25,44.74,48406993.0
AMEX:LPA,LPA,Logistic Properties of the Americas,Real Estate,Real Estate - Development,Costa Rica,AMEX,91944606.0,2.908,42.78,44.65,5,46.6,1769,True,-51.45,22.18,-4.96,-8.8,-48.03,,,3.0598,3.1885,5.5954,,,99212,626,2026-09-25,38.8,31617815.0
NASDAQ:NMFC,NMFC,New Mountain Finance Corporation,Financial Services,Asset Management,United States,NASDAQ,659277682.0,6.98,42.79,45.27,5,46.6,1770,False,-17.67,6.02,-6.0,-8.02,-14.76,-17.48,-16.08,7.4253,7.5883,8.1882,8.4588,8.3178,3340174,1255,2026-09-25,44.28,94452390.0
AMEX:ROLR,ROLR,"High Roller Technologies, Inc.",Consumer Cyclical,Gambling,United States,AMEX,64717023.0,5.9,42.79,45.75,5,46.6,1771,False,-75.16,327.54,4.11,17.33,,,,5.6671,5.0287,,,,196990,482,2026-09-25,47.22,10968987.0
NYSE:ECVT,ECVT,Ecovyst Inc.,Basic Materials,Specialty Chemicals,United States,NYSE,1109858328.0,10.14,42.8,42.02,5,46.7,1772,True,-32.26,29.34,-13.94,-8.68,8.28,9.16,6.46,11.7825,11.1033,9.3647,9.289,9.5245,13445245,1255,2026-09-25,42.8,109453484.0
NASDAQ:CSBR,CSBR,"Champions Oncology, Inc.",Healthcare,Biotechnology,United States,NASDAQ,68078488.0,4.9,42.82,43.54,5,46.7,1773,False,-37.18,2.73,-18.23,-19.86,-26.54,-20.99,-19.24,5.9926,6.1139,6.6707,6.2018,6.0677,67249,1255,2026-09-25,44.25,13893569.0
NASDAQ:HCIC,HCIC,Hennessy Capital Investment Corp. VIII,Financial Services,Shell Companies,United States,NASDAQ,247713580.0,9.98,42.82,47.39,5,46.7,1774,False,-0.3,1.63,,,,,,,,,,,271578,125,2026-09-25,50.47,24821000.0
NYSE:EW,EW,Edwards Lifesciences Corporation,Healthcare,Medical Devices,United States,NYSE,49685782000.0,86.29,42.83,44.89,5,46.7,1775,True,-9.34,18.77,1.45,2.53,9.55,9.59,8.76,85.0606,84.159,78.7646,78.7374,79.3401,289936596,1255,2026-09-25,40.35,575800000.0
NASDAQ:HPK,HPK,"HighPeak Energy, Inc.",Energy,Oil & Gas E&P,United States,NASDAQ,955267266.0,7.56,42.84,46.59,5,46.8,1776,False,-12.5,94.34,17.35,17.28,-15.31,-30.64,-41.86,6.442,6.4462,8.9267,10.9001,13.0024,4228840,1255,2026-09-25,44.13,126358104.0
NASDAQ:BWB,BWB,"Bridgewater Bancshares, Inc.",Financial Services,Banks - Regional,United States,NASDAQ,579147004.0,20.77,42.86,45.65,5,46.8,1777,False,-7.65,28.45,6.89,9.65,22.87,36.71,40.69,19.4312,18.9413,16.9043,15.1932,14.7632,2175404,1255,2026-09-25,40.75,27883823.0
NYSE:GNT,GNT,"GAMCO Natural Resources, Gold & Income Trust",Financial Services,Asset Management,United States,NYSE,146701517.0,8.78,42.86,48.81,5,46.8,1778,True,-4.97,40.7,7.98,12.6,33.36,50.86,65.05,8.131,7.7973,6.5839,5.82,5.3197,390839,1255,2026-09-25,41.63,16708601.0
NASDAQ:FIGR,FIGR,"Figure Technology Solutions, Inc.",Financial Services,Capital Markets,United States,NASDAQ,5825665693.0,31.9,42.88,46.17,5,46.9,1779,False,-56.84,28.06,-13.27,-14.54,,,,36.7816,37.3259,,,,163156348,262,2026-09-25,44.61,182622749.0
NASDAQ:RICK,RICK,"RCI Hospitality Holdings, Inc.",Consumer Cyclical,Restaurants,United States,NASDAQ,210682420.0,27.56,42.88,46.21,5,46.9,1780,True,-11.82,33.12,8.55,8.08,-20.03,-31.5,-43.99,25.3896,25.4997,34.465,40.2342,49.2011,1357597,1255,2026-09-25,39.88,7644500.0
NASDAQ:SHEN,SHEN,Shenandoah Telecommunications Co,Communication Services,Telecom Services,United States,NASDAQ,651088637.0,11.76,42.88,43.36,5,46.9,1781,False,-31.23,18.79,-13.29,-11.12,-9.74,-20.66,-25.62,13.562,13.2319,13.0289,14.8231,15.8115,12873446,1255,2026-09-25,46.66,55364680.0
NASDAQ:NEXM,NEXM,NexMetals Mining Corp.,Basic Materials,Other Industrial Metals & Mining,Canada,NASDAQ,77712998.0,2.18,42.9,44.94,5,46.9,1782,True,-65.62,5.31,-23.98,-32.2,-55.78,-74.65,-81.58,2.8676,3.2152,4.9294,8.5986,11.8372,74359,1255,2026-09-25,40.27,35648164.0
NASDAQ:CEPV,CEPV,"Cantor Equity Partners V, Inc.",Financial Services,Shell Companies,United States,NASDAQ,264594400.0,10.36,42.91,45.68,5,46.9,1783,False,-0.86,2.78,0.9,,,,,10.2674,,,,,14886,224,2026-09-25,42.91,25540000.0
NASDAQ:CLNE,CLNE,Clean Energy Fuels Corp.,Energy,Oil & Gas Refining & Marketing,United States,NASDAQ,352359414.0,1.6,42.92,43.43,5,47.0,1784,False,-47.71,1.91,-24.13,-27.15,-29.91,-36.81,-49.55,2.1089,2.1964,2.2828,2.532,3.1713,3097286,1255,2026-09-25,45.73,220224634.0
NASDAQ:MXCT,MXCT,"MaxCyte, Inc.",Healthcare,Medical Devices,United States,NASDAQ,125332356.0,1.17,42.92,45.91,5,47.0,1785,False,-36.07,73.08,7.1,-2.41,-44.32,-58.47,-65.24,1.0925,1.1989,2.1013,2.8173,3.3658,501884,1255,2026-09-25,45.29,107121672.0
NASDAQ:TANH,TANH,Tantech Holdings Ltd.,Consumer Defensive,Household & Personal Products,China,NASDAQ,207390195.0,14.375,42.93,43.91,5,47.0,1786,False,-84.87,25.0,-51.76,-62.37,-87.66,-97.98,-99.23,29.8003,38.2052,116.4498,712.7073,1871.9194,2924719,1255,2026-09-25,43.18,14427144.0
NASDAQ:NN,NN,NextNav Inc.,Technology,Software - Infrastructure,United States,NASDAQ,1961963183.0,14.38,42.95,44.37,5,47.1,1787,False,-39.04,26.47,-15.32,-11.57,-2.88,20.74,48.59,16.9817,16.2608,14.8069,11.9102,9.6777,36410155,1255,2026-09-25,43.38,136436939.0
NASDAQ:ATGL,ATGL,Alpha Technology Group Limited,Technology,Software - Infrastructure,Hong Kong,NASDAQ,83943750.0,5.5,42.96,40.58,5,47.1,1788,False,-82.03,17.02,-62.28,-65.48,-70.07,,,14.5804,15.9314,18.3769,,,59872,728,2026-09-25,51.87,15262500.0
NYSE:GXO,GXO,"GXO Logistics, Inc.",Industrials,Integrated Freight & Logistics,United States,NYSE,5200196223.0,45.2,42.96,43.52,5,47.1,1789,True,-31.09,2.33,-14.16,-14.07,-9.4,-11.22,-11.44,52.6557,52.6003,49.8895,50.9124,51.0414,62082943,1255,2026-09-25,36.55,115048589.0
NYSE:EXK,EXK,Endeavour Silver Corporation Ordinary Shares (Canada),Basic Materials,Silver,Canada,NYSE,2780796658.0,9.39,42.97,46.25,5,47.1,1790,True,-33.5,32.81,-5.66,-1.95,33.24,67.8,87.01,9.9531,9.5764,7.0475,5.5961,5.021,87378755,1255,2026-09-25,40.17,296144479.0
AMEX:NG,NG,Novagold Resources Inc.,Basic Materials,Gold,Canada,AMEX,3128505778.0,7.13,42.98,45.83,5,47.2,1791,False,-49.79,37.64,-17.75,-18.51,10.93,30.46,31.78,8.6683,8.7494,6.4277,5.4654,5.4107,44947894,1255,2026-09-25,43.1,438780614.0
NYSE:XYZ,XYZ,"Block, Inc.",Technology,Software - Infrastructure,United States,NYSE,40899601900.0,76.42,42.98,45.33,5,47.2,1792,False,-9.94,55.67,9.37,9.11,7.34,10.44,11.94,69.875,70.0417,71.1969,69.1946,68.2667,311510187,1255,2026-09-25,43.76,535195000.0
NASDAQ:DLTH,DLTH,Duluth Holdings Inc.,Consumer Cyclical,Apparel Retail,United States,NASDAQ,137512348.0,3.97,42.99,46.2,5,47.2,1793,False,-16.77,91.79,20.08,21.01,31.9,12.77,-7.83,3.3062,3.2808,3.01,3.5203,4.3074,1170689,1255,2026-09-25,44.72,34637871.0
NYSE:ADNT,ADNT,Adient plc,Consumer Cyclical,Auto Parts,Ireland,NYSE,1382428013.0,17.63,43.02,43.74,5,47.2,1794,True,-34.92,3.71,-15.46,-16.3,-11.16,-24.32,-34.72,20.854,21.0632,19.8436,23.2963,27.0058,17624146,1255,2026-09-25,37.7,78413387.0
NYSE:ALH,ALH,Alliance Laundry Holdings Inc.,Consumer Cyclical,"Furnishings, Fixtures & Appliances",United States,NYSE,4341585133.0,21.86,43.02,41.3,5,47.2,1795,False,-21.96,14.69,-7.08,,,,,23.5253,,,,,21702223,242,2026-09-25,36.22,198608652.0
NYSE:GTN.A,GTN-A,"Gray Media, Inc.",Communication Services,Broadcasting,United States,NYSE,52702099.0,5.34,43.04,42.76,5,47.3,1796,False,-60.83,10.33,-41.92,-41.58,-36.51,-33.67,-35.1,9.1937,9.1401,8.4103,8.051,8.2283,12508,1255,2026-09-25,44.74,9869307.0
NYSE:KVUE,KVUE,Kenvue Inc.,Consumer Defensive,Household & Personal Products,United States,NYSE,34176154290.0,17.8,43.07,44.04,5,47.3,1797,True,-8.15,33.8,1.68,4.48,-5.01,-3.48,,17.5051,17.0365,18.7393,18.4413,,476267084,852,2026-09-25,37.59,1920008668.0
NASDAQ:APYX,APYX,Apyx Medical Corporation,Healthcare,Medical Devices,United States,NASDAQ,124646648.0,2.96,43.09,41.66,5,47.4,1798,True,-39.09,46.53,-20.93,-19.03,13.45,25.29,7.01,3.7434,3.6558,2.609,2.3626,2.7661,281360,1255,2026-09-25,34.39,42110354.0
NASDAQ:ELOX,ELOX,"Eloxx Pharmaceuticals, Inc.",Healthcare,Biotechnology,United States,NASDAQ,51647799.0,15.03,43.09,46.63,5,47.4,1799,False,-28.36,37.26,,,,,,,,,,,502739,76,2026-09-25,47.19,3436314.0
NYSE:CBU,CBU,"Community Financial System, Inc.",Financial Services,Banks - Regional,United States,NYSE,3238458860.0,61.57,43.1,43.64,5,47.4,1800,False,-12.59,18.32,-0.49,1.74,4.89,14.21,17.03,61.8743,60.5195,58.7015,53.9077,52.6087,18347905,1255,2026-09-25,34.78,52598000.0
NYSE:SD,SD,"SandRidge Energy, Inc.",Energy,Oil & Gas E&P,United States,NYSE,512056252.0,13.87,43.1,46.21,5,47.4,1801,False,-20.38,29.06,-5.28,-1.88,12.96,13.96,14.74,14.6435,14.1355,12.2789,12.1714,12.0879,5176169,1255,2026-09-25,48.94,36918259.0
NASDAQ:FOX,FOX,Fox Corporation,Communication Services,Entertainment,United States,NASDAQ,12462897518.0,56.54,43.11,47.42,5,47.4,1802,False,-15.7,28.0,-0.02,0.21,9.22,27.55,39.8,56.5511,56.419,51.7693,44.328,40.4424,75899669,1255,2026-09-25,45.72,220426203.0
NYSE:SMBK,SMBK,"SmartFinancial, Inc.",Financial Services,Banks - Regional,United States,NYSE,860395161.0,50.32,43.13,47.79,5,47.5,1803,False,-5.47,51.7,15.44,20.2,34.98,55.29,66.14,43.5909,41.865,37.2806,32.4033,30.288,5943113,1255,2026-09-25,42.94,17098473.0
NASDAQ:ATRO,ATRO,Astronics Corporation,Industrials,Aerospace & Defense,United States,NASDAQ,2661398802.0,69.22,43.14,44.89,5,47.5,1804,False,-25.93,98.38,8.18,17.69,75.37,122.46,165.06,63.9835,58.816,39.4714,31.1159,26.1153,45476750,1255,2026-09-25,42.96,38448408.0
NASDAQ:LGIH,LGIH,"LGI Homes, Inc.",Consumer Cyclical,Residential Construction,United States,NASDAQ,1161381627.0,49.99,43.16,43.82,5,47.5,1805,False,-24.07,46.0,-1.0,0.15,-20.67,-35.72,-41.79,50.4937,49.9176,63.0163,77.7704,85.8846,16124445,1255,2026-09-25,40.06,23232279.0
NYSE:RY,RY,Royal Bank Of Canada,Financial Services,Banks - Diversified,Canada,NYSE,280683998423.0,201.98,43.17,45.14,5,47.6,1806,False,-6.74,42.43,9.64,14.46,35.51,54.52,69.06,184.2286,176.4658,149.0502,130.7125,119.473,206210481,1255,2026-09-25,36.86,1389662335.0
NYSE:OHI,OHI,"Omega Healthcare Investors, Inc.",Real Estate,REIT - Healthcare Facilities,United States,NYSE,13842857080.0,46.28,43.18,45.05,5,47.6,1807,False,-9.3,24.55,1.69,4.06,16.08,29.09,41.82,45.5129,44.4762,39.869,35.8503,32.6323,96812700,1255,2026-09-25,43.66,299111000.0
NASDAQ:PAHC,PAHC,Phibro Animal Health Corporation,Healthcare,Drug Manufacturers - Specialty & Generic,United States,NASDAQ,725816095.0,34.45,43.18,45.58,5,47.6,1808,True,-41.75,21.68,-16.29,-16.03,5.41,30.5,49.22,41.1523,41.0274,32.6804,26.3986,23.0861,9135047,1255,2026-09-25,39.15,21068682.0
NASDAQ:SUPX,SUPX,SuperX AI Technology Limited,Technology,Software - Infrastructure,Singapore,NASDAQ,297955990.0,6.89,43.19,45.27,5,47.6,1809,False,-90.81,18.59,-32.66,-62.93,-55.79,,,10.231,18.5877,15.5855,,,7128096,613,2026-09-25,43.79,43244701.0
NYSE:MCO,MCO,Moody's Corporation,Financial Services,Financial Data & Stock Exchanges,United States,NYSE,81169927201.0,468.7,43.2,45.19,5,47.7,1810,True,-12.56,14.46,-0.35,-0.72,-1.1,5.34,14.88,470.354,472.1066,473.8965,444.9588,407.9991,337707013,1255,2026-09-25,42.18,173180984.0
NASDAQ:DRIO,DRIO,DarioHealth Corp.,Healthcare,Health Information Services,United States,NASDAQ,64638907.0,6.63,43.21,45.08,5,47.7,1811,False,-61.79,10.68,-22.74,-31.45,-44.45,-64.17,-80.91,8.5814,9.6716,11.9343,18.5016,34.7237,176008,1255,2026-09-25,45.47,9749458.0
NASDAQ:GLBS,GLBS,Globus Maritime Limited,Industrials,Marine Shipping,Greece,NASDAQ,74243115.0,3.44,43.21,48.22,5,47.7,1812,False,-12.47,230.77,43.97,59.97,100.31,88.83,109.97,2.3894,2.1504,1.7173,1.8218,1.6384,581548,1255,2026-09-25,44.55,21582301.0
NASDAQ:WLFC,WLFC,Willis Lease Finance Corporation,Industrials,Rental & Leasing Services,United States,NASDAQ,1298478742.0,54.33,43.23,42.6,5,47.7,1813,True,-31.9,42.54,-10.68,-4.72,-3.17,23.66,47.66,60.8231,57.0236,56.1066,43.9335,36.794,9213046,1255,2026-09-25,36.04,23899848.0
NASDAQ:ABAT,ABAT,American Battery Technology Company,Industrials,Waste Management,United States,NASDAQ,308296564.0,2.26,43.24,44.49,5,47.8,1814,True,-80.05,10.78,-30.01,-36.86,-11.68,-13.96,-50.53,3.2291,3.5792,2.5589,2.6267,4.5683,8170226,1255,2026-09-25,42.79,136414409.0
NASDAQ:FCCO,FCCO,First Community Corporation,Financial Services,Banks - Regional,United States,NASDAQ,309721136.0,32.95,43.25,46.05,5,47.8,1815,False,-5.42,27.15,6.75,9.41,22.88,39.58,49.52,30.8674,30.1162,26.8147,23.606,22.0376,2457905,1255,2026-09-25,39.3,9399731.0
AMEX:STRW,STRW,"Strawberry Fields REIT, Inc.",Real Estate,REIT - Healthcare Facilities,United States,AMEX,179916574.0,13.4,43.27,46.04,5,47.8,1816,True,-7.21,24.79,3.9,6.47,16.69,30.31,,12.897,12.5861,11.4838,10.283,,602103,902,2026-09-25,38.61,13426610.0
NASDAQ:FRST,FRST,Primis Financial Corp.,Financial Services,Banks - Regional,United States,NASDAQ,390345563.0,15.69,43.28,45.99,5,47.9,1817,False,-5.88,68.51,8.81,15.42,31.4,38.47,45.6,14.4196,13.5942,11.941,11.331,10.7765,2441444,1255,2026-09-25,40.23,24878621.0
NASDAQ:HOUR,HOUR,"Hour Loop, Inc.",Consumer Cyclical,Internet Retail,United States,NASDAQ,61233889.0,1.74,43.28,44.56,5,47.9,1818,False,-46.13,3.57,-9.44,-12.48,-6.33,5.11,-2.93,1.9215,1.9881,1.8575,1.6553,1.7924,17429,1183,2026-09-25,44.83,35191890.0
NYSE:MTN,MTN,"Vail Resorts, Inc.",Consumer Cyclical,Resorts & Casinos,United States,NYSE,4850079224.0,136.11,43.29,44.96,5,47.9,1819,False,-14.94,16.15,0.53,-0.14,-4.82,-12.42,-18.38,135.3975,136.2947,143.0026,155.4063,166.7664,122690872,1255,2026-09-25,45.77,35633526.0
NYSE:EVTC,EVTC,"Evertec, Inc.",Technology,Software - Infrastructure,United States,NYSE,1736461294.0,28.18,43.3,45.38,5,47.9,1820,False,-17.7,26.35,-0.15,-1.44,-10.65,-14.64,-15.63,28.2224,28.5911,31.5376,33.0147,33.4005,13764734,1255,2026-09-25,43.44,61620344.0
NYSE:LB,LB,LandBridge Company LLC Class A Shares Representing Limited Liability Company Interests,Energy,Oil & Gas Equipment & Services,United States,NYSE,2265556456.0,81.38,43.3,47.69,5,47.9,1821,False,-9.16,84.96,17.14,20.89,24.59,,,69.4733,67.3189,65.3176,,,18661157,563,2026-09-25,45.45,27839229.0
NASDAQ:FATE,FATE,"Fate Therapeutics, Inc.",Healthcare,Biotechnology,United States,NASDAQ,273914087.0,2.35,43.31,45.8,5,48.0,1822,True,-24.44,144.79,29.07,38.22,44.23,-4.79,-43.09,1.8206,1.7002,1.6293,2.4682,4.1292,3595812,1255,2026-09-25,41.99,116559186.0
NASDAQ:INMB,INMB,INmune Bio Inc.,Healthcare,Biotechnology,United States,NASDAQ,56340192.0,2.03,43.31,46.91,5,48.0,1823,False,-19.12,81.25,23.72,21.56,-44.84,-63.58,-66.96,1.6408,1.67,3.6804,5.5741,6.1445,781329,1255,2026-09-25,41.89,27753789.0
NASDAQ:KELYB,KELYB,"Kelly Services, Inc.",Industrials,Staffing & Employment Services,United States,NASDAQ,73139150.0,22.19,43.31,46.87,5,48.0,1824,False,-40.8,165.01,28.5,38.93,49.55,33.15,34.8,17.2683,15.9717,14.8383,16.6651,16.4609,265325,1255,2026-09-25,47.11,3296041.0
NYSE:CHGG,CHGG,"Chegg, Inc.",Consumer Defensive,Education & Training Services,United States,NYSE,81729952.0,0.73,43.33,43.65,5,48.1,1825,False,-54.94,62.22,-17.81,-22.91,-36.82,-75.59,-88.7,0.8882,0.947,1.1554,2.9906,6.4599,1093233,1255,2026-09-25,43.33,111958838.0
NASDAQ:EMPD,EMPD,Empery Digital Inc.,Consumer Cyclical,Auto Manufacturers,United States,NASDAQ,81238221.0,2.89,43.33,44.51,5,48.1,1826,False,-63.87,14.68,-28.22,-36.05,-76.72,-99.99,-100.0,4.0263,4.5193,12.4116,25375.6258,437287.4336,1055522,1248,2026-09-25,44.69,28110111.0
NASDAQ:PEGA,PEGA,Pegasystems Inc.,Technology,Software - Application,United States,NASDAQ,5548666894.0,33.75,43.34,47.29,5,48.1,1827,False,-49.11,30.19,-15.76,-22.75,-24.9,-14.11,-2.88,40.0642,43.6879,44.9384,39.2957,34.7513,86224459,1255,2026-09-25,45.45,164404945.0
NASDAQ:BANF,BANF,BancFirst Corporation,Financial Services,Banks - Regional,United States,NASDAQ,3651176131.0,108.71,43.37,43.96,5,48.2,1828,False,-15.43,6.12,-2.36,-2.74,-5.03,3.15,8.44,111.3362,111.7781,114.4736,105.3854,100.2518,15301957,1255,2026-09-25,36.84,33586387.0
NASDAQ:BOTJ,BOTJ,"Bank of the James Financial Group, Inc.",Financial Services,Banks - Regional,United States,NASDAQ,121534292.0,26.75,43.37,47.9,5,48.2,1829,False,-4.97,76.39,17.5,24.87,52.65,75.76,91.88,22.7665,21.4218,17.5242,15.2194,13.941,1046503,1255,2026-09-25,42.05,4543338.0
NASDAQ:SNDX,SNDX,"Syndax Pharmaceuticals, Inc.",Healthcare,Biotechnology,United States,NASDAQ,1612702491.0,18.2,43.37,43.56,5,48.2,1830,False,-27.63,38.83,-13.04,-8.84,7.39,1.85,-3.99,20.9287,19.9649,16.9478,17.8698,18.9554,33670659,1255,2026-09-25,40.88,88610027.0
NASDAQ:BJRI,BJRI,"BJ's Restaurants, Inc.",Consumer Cyclical,Restaurants,United States,NASDAQ,1263747640.0,60.13,43.39,45.86,5,48.2,1831,False,-19.03,109.59,23.83,32.19,46.67,58.0,66.38,48.5583,45.4868,40.9974,38.0574,36.1409,26355877,1255,2026-09-25,49.31,21016924.0
NASDAQ:MPB,MPB,Mid Penn Bancorp,Financial Services,Banks - Regional,United States,NASDAQ,919394109.0,36.31,43.39,46.99,5,48.2,1832,False,-5.52,39.66,8.12,11.89,20.86,34.42,38.12,33.584,32.4506,30.0442,27.0128,26.2886,3575813,1255,2026-09-25,41.63,25320686.0
NYSE:LYV,LYV,"Live Nation Entertainment, Inc.",Communication Services,Entertainment,United States,NYSE,39805790619.0,170.87,43.4,44.39,5,48.3,1833,False,-9.33,36.03,4.78,7.12,14.69,31.35,45.94,163.0791,159.5164,148.9899,130.0869,117.0859,336227124,1255,2026-09-25,43.76,232959505.0
NYSE:PIPR,PIPR,Piper Sandler Companies,Financial Services,Capital Markets,United States,NYSE,4882950000.0,72.34,43.4,44.54,5,48.3,1834,True,-21.59,3.93,-8.7,-9.25,-3.71,10.16,26.61,79.2327,79.7127,75.1307,65.6708,57.1359,49262494,1255,2026-09-25,37.74,67500000.0
NYSE:DXC,DXC,DXC Technology Company,Technology,Information Technology Services,United States,NYSE,1726154801.0,10.65,43.41,47.23,5,48.3,1835,False,-30.98,29.56,-9.45,-11.85,-28.34,-36.61,-44.13,11.7609,12.082,14.8621,16.7995,19.0612,29286905,1255,2026-09-25,45.68,162080263.0
NASDAQ:LUNG,LUNG,Pulmonx Corporation,Healthcare,Medical Devices,United States,NASDAQ,80673058.0,1.91,43.41,47.18,5,48.3,1836,True,-26.54,63.25,12.61,12.48,-43.22,-64.22,-71.75,1.6962,1.6982,3.3641,5.3389,6.762,633634,1255,2026-09-25,42.83,42237203.0
NYSE:BKH,BKH,Black Hills Corporation,Utilities,Utilities - Regulated Gas,United States,NYSE,5363987194.0,70.46,43.42,44.69,5,48.4,1837,True,-6.53,22.5,-1.53,0.72,12.04,21.31,23.01,71.5528,69.9556,62.8868,58.083,57.2798,70292238,1255,2026-09-25,40.34,76128118.0
NYSE:MLI,MLI,"Mueller Industries, Inc.",Industrials,Metal Fabrication,United States,NYSE,13385897602.0,60.52,43.42,44.43,5,48.4,1838,True,-13.58,26.19,-2.26,1.15,21.1,44.79,69.85,61.9202,59.8307,49.9767,41.7975,35.6304,113033362,1255,2026-09-25,40.14,221181388.0
NASDAQ:NGEN,NGEN,NervGen Pharma Corp.,Healthcare,Biotechnology,Canada,NASDAQ,206440508.0,1.94,43.43,45.9,5,48.4,1839,False,-67.5,22.01,-40.75,-39.54,-28.84,-19.51,-9.26,3.2743,3.2088,2.7262,2.4103,2.138,1215183,1255,2026-09-25,47.3,106412633.0
NYSE:CVE,CVE,Cenovus Energy Inc,Energy,Oil & Gas Integrated,Canada,NYSE,57042497850.0,30.93,43.44,48.49,5,48.5,1840,False,-8.81,98.4,21.86,30.58,62.62,67.18,71.45,25.3811,23.6858,19.0193,18.5008,18.0399,212160048,1255,2026-09-25,45.85,1844245000.0
NASDAQ:GENB,GENB,"Generate Biomedicines, Inc.",Healthcare,Biotechnology,United States,NASDAQ,1942116133.0,15.15,43.44,46.88,5,48.5,1841,False,-25.66,35.15,,,,,,,,,,,20896048,146,2026-09-25,48.75,128192484.0
NASDAQ:CGNX,CGNX,Cognex Corporation,Technology,Scientific & Technical Instruments,United States,NASDAQ,9762164996.0,58.66,43.45,44.99,5,48.5,1842,True,-18.89,69.28,6.6,12.15,33.63,37.38,33.04,55.0292,52.3054,43.8981,42.6977,44.093,91607318,1255,2026-09-25,40.27,166419451.0
NASDAQ:MNDY,MNDY,monday.com Ltd.,Technology,Software - Application,Israel,NASDAQ,3536652796.0,83.66,43.45,46.25,5,48.5,1843,False,-59.64,42.25,-7.63,-22.77,-55.02,-56.5,-53.2,90.572,108.3302,185.9807,192.3104,178.7505,97166363,1255,2026-09-25,45.98,42274119.0
NASDAQ:WWD,WWD,"Woodward, Inc.",Industrials,Aerospace & Defense,United States,NASDAQ,19503424804.0,330.31,43.45,41.83,5,48.5,1844,True,-24.25,35.89,-8.81,-3.41,21.96,43.44,66.51,362.2044,341.9585,270.8407,230.276,198.3695,246721824,1255,2026-09-25,38.49,59045820.0
NASDAQ:FCNCA,FCNCA,"First Citizens BancShares, Inc.",Financial Services,Banks - Regional,United States,NASDAQ,21708853698.0,2090.3601,43.46,45.25,5,48.6,1845,False,-8.68,28.1,1.64,4.3,5.28,12.65,27.53,2056.6942,2004.1254,1985.5504,1855.544,1639.133,146135440,1255,2026-09-25,37.7,10385222.0
NASDAQ:EGAN,EGAN,eGain Corporation,Technology,Software - Application,United States,NASDAQ,160033972.0,5.83,43.47,42.38,5,48.6,1846,True,-62.29,14.09,-27.65,-34.61,-20.52,-17.96,-19.75,8.0577,8.9152,7.3354,7.1062,7.2651,1950128,1255,2026-09-25,42.4,27450081.0
NASDAQ:NMAD,NMAD,"Nomad Power Solutions, Inc.",Industrials,Electrical Equipment & Parts,United States,NASDAQ,65458080.0,3.58,43.47,43.24,5,48.6,1847,False,-55.47,46.72,-15.91,-16.75,9.55,19.71,-3.54,4.2573,4.3002,3.2678,2.9904,3.7114,840625,1255,2026-09-25,44.51,18284380.0
NASDAQ:BLZE,BLZE,"Backblaze, Inc.",Technology,Software - Infrastructure,United States,NASDAQ,791594302.0,13.19,43.48,45.72,5,48.7,1848,False,-35.44,298.49,56.79,59.55,81.06,80.49,95.05,8.4125,8.2667,7.2848,7.3079,6.7625,23647739,1222,2026-09-25,45.51,60014731.0
AMEX:TGEN,TGEN,Tecogen Inc.,Industrials,Electrical Equipment & Parts,United States,AMEX,91249754.0,3.05,43.48,42.9,5,48.7,1849,True,-74.73,52.5,-26.93,-39.04,-30.44,-4.22,14.39,4.1738,5.0032,4.3848,3.1843,2.6663,413209,1255,2026-09-25,42.18,29917952.0
NASDAQ:VANI,VANI,"Vivani Medical, Inc.",Healthcare,Biotechnology,United States,NASDAQ,106931529.0,1.24,43.49,45.14,5,48.7,1850,False,-33.69,32.2,-2.82,-5.76,-2.03,-4.14,-4.65,1.276,1.3158,1.2657,1.2936,1.3004,321750,1255,2026-09-25,42.23,86235104.0
NASDAQ:FGBI,FGBI,"First Guaranty Bancshares, Inc.",Financial Services,Banks - Regional,United States,NASDAQ,132478143.0,8.01,43.52,43.67,5,48.8,1851,False,-25.19,82.64,-7.53,-3.19,-9.87,-13.9,-26.77,8.6623,8.2737,8.8876,9.3031,10.9381,198652,1255,2026-09-25,41.51,16539094.0
NYSE:RPM,RPM,RPM International Inc.,Basic Materials,Specialty Chemicals,United States,NYSE,12820462920.0,100.44,43.52,43.77,5,48.8,1852,True,-15.54,8.86,-4.8,-5.23,-10.18,-8.09,-2.75,105.5023,105.987,111.8293,109.2847,103.2774,159918904,1255,2026-09-25,37.63,127643000.0
NASDAQ:SEDG,SEDG,"SolarEdge Technologies, Inc.",Technology,Solar,Israel,NASDAQ,1987538841.0,32.68,43.52,43.63,5,48.8,1853,True,-58.37,14.79,-22.48,-20.33,8.58,-20.11,-66.33,42.1549,41.0203,30.0984,40.9082,97.0489,109831166,1255,2026-09-25,41.02,60818202.0
NASDAQ:ALT,ALT,"Altimmune, Inc.",Healthcare,Biotechnology,United States,NASDAQ,595090911.0,3.06,43.54,46.97,5,48.8,1854,True,-50.49,18.15,-13.14,-16.75,-35.83,-44.42,-49.94,3.523,3.6758,4.7682,5.5055,6.113,12493221,1255,2026-09-25,42.42,194474154.0
NYSE:SKYH,SKYH,Sky Harbour Group Corporation,Real Estate,Real Estate - Development,United States,NYSE,345160696.0,10.01,43.54,45.44,5,48.8,1855,True,-12.88,20.6,2.86,2.88,-3.51,-2.57,12.42,9.7318,9.7302,10.3741,10.2744,8.9037,1466355,1255,2026-09-25,36.61,34481588.0
NASDAQ:JLHL,JLHL,Julong Holding Limited,Industrials,Building Products & Equipment,China,NASDAQ,66230336.0,5.785,43.55,43.84,5,48.9,1856,False,-87.09,89.67,-39.17,-30.83,,,,9.5108,8.3634,,,,4203266,315,2026-09-25,43.61,11448632.0
NASDAQ:SRPT,SRPT,"Sarepta Therapeutics, Inc.",Healthcare,Biotechnology,United States,NASDAQ,1971108065.0,18.67,43.55,46.85,5,48.9,1857,True,-23.64,25.64,-2.8,-4.33,-60.02,-73.9,-77.78,19.2078,19.516,46.7036,71.5446,84.0113,65114590,1255,2026-09-25,41.87,105576222.0
NASDAQ:CELH,CELH,"Celsius Holdings, Inc.",Consumer Defensive,Beverages - Non-Alcoholic,United States,NASDAQ,7155373676.0,27.99,43.56,45.27,5,48.9,1858,False,-56.85,17.75,-24.02,-30.21,-27.08,-38.75,-36.52,36.8372,40.1074,38.3834,45.6968,44.092,212201485,1255,2026-09-25,45.44,255640360.0
NASDAQ:SSNC,SSNC,"SS&C Technologies Holdings, Inc.",Technology,Software - Application,United States,NASDAQ,18446229236.0,78.61,43.56,48.87,5,48.9,1859,True,-11.3,27.15,5.56,2.97,1.38,9.74,17.51,74.4701,76.3434,77.5387,71.6299,66.8988,132950655,1255,2026-09-25,43.0,234654996.0
NYSE:UCB,UCB,"United Community Banks, Inc.",Financial Services,Banks - Regional,United States,NYSE,4099515798.0,34.23,43.56,45.29,5,48.9,1860,False,-7.03,21.97,2.81,5.22,11.41,19.52,21.43,33.2933,32.5325,30.7244,28.6397,28.1887,28095541,1255,2026-09-25,38.52,119763827.0
NYSE:BHVN,BHVN,Biohaven Ltd.,Healthcare,Biotechnology,United States,NYSE,1955787260.0,12.99,43.57,45.41,5,49.0,1861,False,-28.27,66.75,8.36,6.56,-37.31,-51.52,,11.9881,12.1898,20.7226,26.7951,,45251432,1005,2026-09-25,44.66,150560990.0
NYSE:AVEX,AVEX,AEVEX Corp.,Industrials,Aerospace & Defense,United States,NYSE,907478251.0,16.07,43.58,44.59,5,49.0,1862,False,-60.3,20.65,,,,,,,,,,,20044446,112,2026-09-25,47.52,56470333.0
NASDAQ:AUR,AUR,"Aurora Innovation, Inc.",Consumer Cyclical,Auto Parts,United States,NASDAQ,9989337992.0,6.04,43.6,46.0,5,49.1,1863,False,-28.1,60.21,9.6,12.71,2.9,22.99,44.43,5.511,5.3589,5.8698,4.9111,4.182,207969931,1255,2026-09-25,44.03,1653863906.0
NASDAQ:USIO,USIO,"Usio, Inc.",Technology,Software - Infrastructure,United States,NASDAQ,64298666.0,2.33,43.61,47.11,5,49.1,1864,False,-20.75,121.9,37.18,41.81,45.43,43.97,38.85,1.6984,1.6431,1.6022,1.6184,1.6781,705538,1255,2026-09-25,40.23,27595994.0
NASDAQ:ATEX,ATEX,Anterix Inc.,Communication Services,Telecom Services,United States,NASDAQ,1587565672.0,81.42,43.62,44.88,5,49.1,1865,True,-24.75,352.58,40.7,62.33,102.93,113.7,121.41,57.8694,50.156,40.1226,38.1004,36.7735,25512097,1255,2026-09-25,43.44,19498473.0
NASDAQ:FBYD,FBYD,"Falcon's Beyond Global, Inc.",Industrials,Conglomerates,United States,NASDAQ,364160364.0,7.43,43.65,41.34,5,49.2,1866,False,-64.28,90.27,-32.45,-35.01,-21.57,,,10.9997,11.4319,9.4728,,,1169707,745,2026-09-25,34.67,49012162.0
NYSE:SPB,SPB,"Spectrum Brands Holdings, Inc.",Consumer Defensive,Household & Personal Products,United States,NYSE,1952556056.0,84.91,43.65,46.02,5,49.2,1867,True,-6.16,73.04,9.46,16.97,20.17,16.33,21.98,77.572,72.5899,70.6602,72.9914,69.6103,25133439,1255,2026-09-25,43.11,22995596.0
NYSE:VAL,VAL,Valaris Limited,Energy,Oil & Gas Drilling,Bermuda,NYSE,5623606009.0,80.99,43.65,45.98,5,49.2,1868,False,-28.59,73.24,-0.83,6.65,34.37,28.27,27.02,81.6708,75.9431,60.2744,63.14,63.7603,111309022,1255,2026-09-25,45.13,69435807.0
NYSE:BY,BY,"Byline Bancorp, Inc.",Financial Services,Banks - Regional,United States,NYSE,1700122657.0,37.44,43.66,46.24,5,49.2,1869,False,-5.81,47.72,10.47,15.23,25.79,38.14,47.58,33.8907,32.4921,29.7634,27.102,25.3698,11113181,1255,2026-09-25,38.23,45409259.0
NASDAQ:ASPS,ASPS,Altisource Portfolio Solutions S.A.,Real Estate,Real Estate Services,Luxembourg,NASDAQ,62696931.0,5.49,43.68,44.29,5,49.3,1870,True,-60.62,26.5,-12.75,-23.26,-27.95,-53.19,-76.6,6.2923,7.1538,7.6199,11.7295,23.4603,46723,1255,2026-09-25,37.83,11420206.0
NASDAQ:BOF,BOF,BranchOut Food Inc.,Consumer Defensive,Packaged Foods,United States,NASDAQ,56822471.0,3.71,43.68,44.81,5,49.3,1871,False,-27.11,83.66,-0.47,5.63,33.79,56.53,,3.7276,3.5122,2.7731,2.3701,,93308,822,2026-09-25,51.42,15316030.0
NYSE:RHP,RHP,"Ryman Hospitality Properties, Inc. (REIT)",Real Estate,REIT - Hotel & Motel,United States,NYSE,7665252177.0,121.46,43.68,45.32,5,49.3,1872,False,-10.68,46.4,11.8,16.41,22.07,24.84,32.01,108.6443,104.3365,99.4966,97.2897,92.0051,72449118,1255,2026-09-25,45.2,63109272.0
NYSE:HOV,HOV,"Hovnanian Enterprises, Inc.",Consumer Cyclical,Residential Construction,United States,NYSE,584004643.0,115.15,43.69,44.68,5,49.3,1873,True,-21.96,22.36,-2.22,-3.2,-8.99,-13.59,-2.1,117.7622,118.9623,126.5221,133.2597,117.6224,13538366,1255,2026-09-25,40.36,5071686.0
NASDAQ:CGEN,CGEN,Compugen Ltd.,Healthcare,Biotechnology,Israel,NASDAQ,225111434.0,2.38,43.7,46.42,5,49.4,1874,False,-23.23,72.46,6.5,12.24,26.59,29.56,48.23,2.2348,2.1204,1.8801,1.837,1.6056,458554,1255,2026-09-25,42.93,94584636.0
NYSE:DKS,DKS,Dick's Sporting Goods Inc,Consumer Cyclical,Specialty Retail,United States,NYSE,8995089663.0,136.43,43.7,39.47,5,49.4,1875,False,-42.42,12.61,-31.28,-32.45,-32.19,-27.93,-20.22,198.5239,201.9572,201.1892,189.2931,171.0025,444905893,1255,2026-09-25,40.23,65931904.0
NASDAQ:WFRD,WFRD,Weatherford International plc,Energy,Oil & Gas Equipment & Services,United States,NASDAQ,6098997490.0,85.08,43.7,44.93,5,49.4,1876,True,-23.4,40.1,-8.26,-3.28,13.39,1.15,9.76,92.7415,87.9684,75.0302,84.1096,77.5134,97878540,1255,2026-09-25,41.0,71685443.0
NASDAQ:ARXS,ARXS,"Arxis, Inc.",Industrials,Aerospace & Defense,United States,NASDAQ,3849095060.0,50.12,43.71,47.46,5,49.4,1877,False,-16.45,47.2,,,,,,,,,,,44546360,113,2026-09-25,48.46,76797587.0
NASDAQ:AGIO,AGIO,"Agios Pharmaceuticals, Inc.",Healthcare,Biotechnology,United States,NASDAQ,1945087316.0,32.58,43.72,45.64,5,49.4,1878,False,-28.38,45.84,5.53,0.74,-6.48,-4.07,1.36,30.8737,32.3392,34.8362,33.9627,32.1414,31209671,1255,2026-09-25,45.3,59701882.0
NASDAQ:ACNT,ACNT,Ascent Industries Co.,Basic Materials,Chemicals,United States,NASDAQ,132861760.0,14.7,43.73,45.83,5,49.5,1879,True,-17.32,23.01,-1.66,1.0,11.85,22.88,27.17,14.9477,14.5544,13.1424,11.9633,11.5591,431522,1255,2026-09-25,42.06,9038215.0
NYSE:BFH,BFH,"Bread Financial Holdings, Inc.",Financial Services,Credit Services,United States,NYSE,4158291059.0,102.91,43.73,46.27,5,49.5,1880,False,-9.05,92.45,16.66,24.43,49.33,76.32,98.17,88.2115,82.7055,68.9144,58.3669,51.929,64662822,1255,2026-09-25,40.58,40407065.0
NYSE:CARR,CARR,Carrier Global Corporation,Industrials,Building Products & Equipment,United States,NYSE,46819818445.0,56.37,43.77,41.62,5,49.5,1881,True,-25.56,13.22,-8.0,-6.28,-12.34,-9.16,-1.79,61.27,60.1492,64.3021,62.0542,57.3975,393232431,1255,2026-09-25,34.55,830580423.0
NASDAQ:KYIV,KYIV,Kyivstar Group Ltd.,Communication Services,Telecom Services,United Arab Emirates,NASDAQ,3013031293.0,13.05,43.78,45.15,5,49.6,1882,False,-19.29,39.87,0.5,0.7,,,,12.9849,12.9594,,,,5154919,454,2026-09-25,46.02,230883624.0
NASDAQ:APPF,APPF,"AppFolio, Inc.",Technology,Software - Application,United States,NASDAQ,4919122089.0,204.22,43.79,48.49,5,49.6,1883,False,-27.73,42.47,9.51,3.17,-6.2,-5.96,3.55,186.4861,197.9524,217.7298,217.1744,197.2201,65718034,1255,2026-09-25,43.95,24087367.0
NASDAQ:THH,THH,TryHard Holdings Limited,Industrials,Specialty Business Services,Japan,NASDAQ,84578162.0,1.69,43.8,41.92,5,49.6,1884,False,-99.69,15.75,-93.99,-95.95,,,,28.1418,41.6994,,,,137792,272,2026-09-25,37.15,50046250.0
NASDAQ:NTLA,NTLA,"Intellia Therapeutics, Inc.",Healthcare,Biotechnology,United States,NASDAQ,1641736755.0,11.75,43.81,45.35,5,49.6,1885,False,-58.01,46.14,-8.1,-11.81,-6.28,-31.14,-49.75,12.7863,13.324,12.5367,17.0626,23.3848,48519277,1255,2026-09-25,48.41,139722277.0
NASDAQ:CPSH,CPSH,CPS Technologies Corp.,Technology,Electronic Components,United States,NASDAQ,74183525.0,3.85,43.83,44.17,5,49.7,1886,False,-66.78,26.64,-18.37,-14.34,17.28,34.44,33.9,4.7166,4.4944,3.2829,2.8637,2.8752,831300,1255,2026-09-25,44.52,19268448.0
NYSE:BBDC,BBDC,"Barings BDC, Inc.",Financial Services,Asset Management,United States,NYSE,907808684.0,8.67,43.84,47.42,5,49.7,1887,True,-5.62,16.09,4.52,5.67,8.02,13.18,21.81,8.2949,8.2049,8.0261,7.6606,7.1174,5490314,1255,2026-09-25,41.23,104706884.0
NASDAQ:BMM,BMM,Blue Moon Metals Inc.,Basic Materials,Other Industrial Metals & Mining,Canada,NASDAQ,541093085.0,5.16,43.84,45.25,5,49.7,1888,False,-39.01,44.54,,,,,,,,,,,2669994,169,2026-09-25,44.75,104863001.0
NYSE:TNC,TNC,Tennant Company,Industrials,Specialty Industrial Machinery,United States,NYSE,1154919785.0,67.74,43.84,42.22,5,49.7,1889,False,-25.35,12.11,-11.51,-11.32,-13.56,-18.77,-14.56,76.5529,76.3906,78.3709,83.3938,79.2816,13190932,1255,2026-09-25,37.46,17049303.0
NYSE:TRV,TRV,"The Travelers Companies, Inc.",Financial Services,Insurance - Property & Casualty,United States,NYSE,75721075987.0,363.04,43.84,48.28,5,49.7,1890,False,-8.29,40.91,14.85,18.06,30.09,44.55,58.15,316.0956,307.5123,279.06,251.1582,229.5536,542615535,1255,2026-09-25,43.0,208575022.0
NASDAQ:INDB,INDB,Independent Bank Corp.,Financial Services,Banks - Regional,United States,NASDAQ,3866632431.0,81.2,43.85,45.05,5,49.8,1891,False,-6.85,29.18,2.27,5.46,16.73,28.77,30.7,79.4003,76.9985,69.5603,63.0577,62.1274,28283093,1255,2026-09-25,37.4,47618626.0
NASDAQ:CEG,CEG,Constellation Energy Corporation - Common Stock When-Issued,Utilities,Utilities - Independent Power Producers,United States,NASDAQ,94014248016.0,263.27,43.86,45.88,5,49.8,1892,True,-34.46,11.49,-9.09,-13.45,-8.74,7.24,27.99,289.5859,304.1828,288.4887,245.4968,205.6972,787789679,1176,2026-09-25,42.36,357102017.0
NYSE:SB,SB,"Safe Bulkers, Inc Common Stock ($0.001 par value)",Industrials,Marine Shipping,Monaco,NYSE,828868361.0,8.14,43.87,48.51,5,49.8,1893,False,-11.33,102.05,24.3,32.63,65.1,74.48,94.55,6.5488,6.1375,4.9303,4.6654,4.1839,14381672,1255,2026-09-25,45.78,101826580.0
NASDAQ:CIVB,CIVB,"Civista Bancshares, Inc.",Financial Services,Banks - Regional,United States,NASDAQ,562692080.0,27.06,43.88,45.26,5,49.9,1894,False,-7.07,39.45,7.82,11.58,22.27,38.05,42.61,25.0976,24.2511,22.1322,19.6011,18.9745,4060850,1255,2026-09-25,43.88,20794238.0
NASDAQ:CCEP,CCEP,Coca-Cola Europacific Partners plc,Consumer Defensive,Beverages - Non-Alcoholic,United Kingdom,NASDAQ,44919748240.0,101.73,43.89,45.08,5,49.9,1895,False,-8.93,21.17,3.84,6.05,14.24,25.54,37.67,97.9637,95.9259,89.051,81.0371,73.8957,184177083,1255,2026-09-25,39.18,441558520.0
NASDAQ:FULT,FULT,Fulton Financial Corporation,Financial Services,Banks - Regional,United States,NASDAQ,4447639030.0,23.23,43.89,45.2,5,49.9,1896,False,-7.78,42.14,6.58,11.14,20.07,31.0,40.58,21.795,20.9023,19.3469,17.7324,16.5249,38264920,1255,2026-09-25,39.77,191461000.0
NYSE:HSBC,HSBC,"HSBC Holdings, plc.",Financial Services,Banks - Diversified,United Kingdom,NYSE,346222349906.0,100.95,43.89,46.89,5,49.9,1897,True,-5.95,60.81,11.93,18.24,47.45,76.05,102.28,90.1873,85.3746,68.4625,57.3428,49.9059,137551486,1255,2026-09-25,40.86,3429641901.0
NASDAQ:QNT,QNT,Quantinuum Inc.,Technology,Software - Application,United States,NASDAQ,1827352737.0,49.53,43.89,45.2,5,49.9,1898,True,-40.45,4.63,,,,,,,,,,,94107060,79,2026-09-25,43.52,36893857.0
NASDAQ:QH,QH,Quhuo Limited,Technology,Software - Application,China,NASDAQ,349930612730.0,3.98,43.9,44.95,5,50.0,1899,True,-64.81,22011.11,41.84,31.55,-92.52,-93.72,-95.28,2.806,3.0255,53.2075,63.3639,84.2645,41929,1255,2026-09-25,42.27,87922264505.0
NASDAQ:OKYO,OKYO,OKYO Pharma Limited,Healthcare,Biotechnology,United Kingdom,NASDAQ,72421747.0,1.38,43.91,44.13,6,50.0,1900,False,-55.63,4.55,-19.32,-23.96,-19.44,-15.66,-18.76,1.7104,1.8149,1.713,1.6363,1.6987,128330,1094,2026-09-25,43.91,52479527.0
NASDAQ:NSSC,NSSC,"NAPCO Security Technologies, Inc.",Industrials,Security & Protection Services,United States,NASDAQ,1274036837.0,35.66,43.92,45.07,6,50.1,1901,False,-23.55,2.92,-9.6,-10.51,0.49,-2.0,2.67,39.4462,39.8491,35.4847,36.3881,34.7313,14420878,1255,2026-09-25,44.08,35727337.0
NASDAQ:SBLK,SBLK,Star Bulk Carriers Corp.,Industrials,Marine Shipping,Greece,NASDAQ,3294623554.0,29.54,43.92,48.88,6,50.1,1902,False,-9.05,88.72,21.61,29.19,52.53,54.53,63.21,24.2916,22.8657,19.3672,19.1158,18.0989,58054775,1255,2026-09-25,46.11,111530926.0
NYSE:SMR,SMR,NuScale Power Corporation,Industrials,Specialty Industrial Machinery,United States,NYSE,2914210710.0,8.42,43.92,45.41,6,50.1,1903,False,-84.24,10.94,-31.23,-48.99,-60.41,-47.95,-41.64,12.2432,16.5054,21.2695,16.1763,14.4288,337254653,1148,2026-09-25,44.32,346105785.0
NASDAQ:VNDA,VNDA,Vanda Pharmaceuticals Inc.,Healthcare,Biotechnology,United States,NASDAQ,303684588.0,5.05,43.92,44.24,6,50.1,1904,True,-47.18,16.9,-23.14,-19.26,-7.09,-2.33,-11.66,6.5706,6.2546,5.4352,5.1704,5.7163,3954552,1255,2026-09-25,40.75,60135562.0
NASDAQ:DEFT,DEFT,"Defi Technologies, Inc.",Financial Services,Capital Markets,Canada,NASDAQ,195499578.0,0.504,43.93,46.31,6,50.2,1905,False,-77.4,29.23,-25.58,-43.85,-71.74,,,0.6772,0.8976,1.7836,,,1557455,530,2026-09-25,47.08,387895989.0
NASDAQ:INSM,INSM,Insmed Incorporated,Healthcare,Biotechnology,United States,NASDAQ,25731892498.0,117.83,43.93,47.1,6,50.2,1906,False,-44.26,28.24,-12.79,-18.23,2.44,30.57,62.08,135.1169,144.1046,115.0227,90.2436,72.6996,262452557,1255,2026-09-25,49.01,218381503.0
NASDAQ:LAKE,LAKE,"Lakeland Industries, Inc.",Consumer Cyclical,Apparel Manufacturing,United States,NASDAQ,103626222.0,10.5,43.93,44.93,6,50.2,1907,False,-39.26,38.52,4.53,-6.26,-30.11,-34.63,-31.68,10.0445,11.2006,15.0246,16.0625,15.3696,636434,1255,2026-09-25,43.75,9869164.0
NASDAQ:SUPN,SUPN,"Supernus Pharmaceuticals, Inc.",Healthcare,Drug Manufacturers - Specialty & Generic,United States,NASDAQ,2475974498.0,42.66,43.94,43.8,6,50.2,1908,False,-25.16,3.34,-11.66,-11.68,1.85,13.43,15.61,48.2885,48.2992,41.8857,37.6105,36.901,26506942,1255,2026-09-25,47.55,58039721.0
NASDAQ:KALU,KALU,Kaiser Aluminum Corporation,Basic Materials,Aluminum,United States,NASDAQ,2494053985.0,152.55,43.95,44.8,6,50.3,1909,True,-21.69,110.95,2.05,11.73,47.42,65.29,77.77,149.486,136.5331,103.4794,92.2918,85.8121,33839434,1255,2026-09-25,42.89,16349092.0
NYSE:EPAM,EPAM,"EPAM Systems, Inc.",Technology,Information Technology Services,United States,NYSE,5654416932.0,108.23,43.96,48.61,6,50.3,1910,True,-51.12,42.33,-18.67,-22.71,-35.23,-43.59,-50.21,133.0717,140.0372,167.0981,191.852,217.3706,133234263,1255,2026-09-25,41.65,52244451.0
NYSE:MTUS,MTUS,Metallus Inc.,Basic Materials,Steel,United States,NYSE,784267865.0,18.84,43.96,45.15,6,50.3,1911,False,-14.48,29.4,-0.29,1.97,13.22,4.96,3.62,18.8945,18.4759,16.6407,17.9492,18.181,6487944,1255,2026-09-25,44.89,41627806.0
NASDAQ:ELBM,ELBM,Electra Battery Materials Corporation,Basic Materials,Other Industrial Metals & Mining,Canada,NASDAQ,57444349.0,0.538,43.98,45.53,6,50.4,1912,True,-92.34,9.8,-21.09,-35.9,-53.13,-61.38,-81.27,0.6818,0.8393,1.148,1.393,2.8722,192135,1255,2026-09-25,40.88,106773882.0
NASDAQ:RNTX,RNTX,"Rein Therapeutics, Inc.",Healthcare,Biotechnology,United States,NASDAQ,63983196.0,0.748,43.98,44.52,6,50.4,1913,True,-60.21,6.55,-32.74,-35.82,-54.18,-65.88,-66.22,1.112,1.1655,1.6324,2.192,2.2146,310398,1255,2026-09-25,43.32,85539032.0
NASDAQ:WMG,WMG,Warner Music Group Corp.,Communication Services,Entertainment,United States,NASDAQ,3968823735.0,27.14,43.99,46.61,6,50.4,1914,False,-20.89,16.24,-4.06,-5.57,-7.36,-8.57,-7.12,28.2878,28.7402,29.296,29.6829,29.221,53039429,1255,2026-09-25,45.26,146235215.0
NYSE:OFRM,OFRM,"Once Upon a Farm, PBC",Consumer Defensive,Packaged Foods,United States,NYSE,681327024.0,16.26,44.0,45.66,6,50.4,1915,False,-37.27,12.29,,,,,,,,,,,5650391,160,2026-09-25,46.55,41902031.0
NYSE:ANVS,ANVS,"Annovis Bio, Inc.",Healthcare,Biotechnology,United States,NYSE,55729847.0,1.31,44.01,41.77,6,50.4,1916,False,-74.31,25.96,-41.6,-43.93,-57.63,-74.68,-82.19,2.2433,2.3365,3.0914,5.1745,7.3564,1809037,1255,2026-09-25,45.27,42541868.0
NASDAQ:ALOY,ALOY,REalloys Inc.,Basic Materials,Other Industrial Metals & Mining,United States,NASDAQ,607256238.0,8.9,44.02,44.63,6,50.5,1917,True,-65.61,50.34,-21.24,-16.21,20.89,53.31,76.7,11.2997,10.6213,7.3621,5.8052,5.0367,18346761,1255,2026-09-25,40.34,68231038.0
NASDAQ:AVGO,AVGO,Broadcom Inc.,Technology,Semiconductors,United States,NASDAQ,1678521869656.0,352.81,44.04,44.26,6,50.5,1918,True,-26.49,20.65,-3.88,-3.14,19.8,48.37,81.77,367.0419,364.2293,294.5031,237.7965,194.0926,9792615582,1255,2026-09-25,42.34,4757580198.0
NASDAQ:HTO,HTO,H2O America,Utilities,Utilities - Regulated Water,United States,NASDAQ,2606423185.0,62.27,44.04,47.66,6,50.5,1919,True,-4.16,43.4,9.1,13.52,18.71,17.05,10.54,57.077,54.8561,52.4567,53.2014,56.3333,29607577,1255,2026-09-25,43.15,41856804.0
NASDAQ:MORN,MORN,"Morningstar, Inc.",Financial Services,Financial Data & Stock Exchanges,United States,NASDAQ,7351909645.0,195.98,44.04,47.65,6,50.5,1920,False,-15.71,38.59,5.25,1.84,-20.75,-24.26,-20.67,186.2075,192.4401,247.3072,258.7585,247.0532,64741171,1255,2026-09-25,44.44,37513571.0
NYSE:GVA,GVA,Granite Construction Incorporated,Industrials,Engineering & Construction,United States,NYSE,5036419811.0,115.08,44.06,43.43,6,50.6,1921,True,-28.19,17.19,-9.31,-5.92,8.83,30.02,52.3,126.8895,122.319,105.7447,88.5096,75.5602,62211584,1255,2026-09-25,33.43,43764510.0
NYSE:AU,AU,AngloGold Ashanti PLC,Basic Materials,Gold,United States,NYSE,50084041036.0,99.03,44.07,48.09,6,50.6,1922,True,-20.04,62.9,4.42,9.97,57.31,103.54,141.85,94.8377,90.0497,62.9533,48.6529,40.9464,258205061,1255,2026-09-25,43.11,505746148.0
NYSE:HTGC,HTGC,"Hercules Capital, Inc.",Financial Services,Asset Management,United States,NYSE,3176173080.0,16.97,44.07,49.53,6,50.6,1923,True,-4.45,29.45,8.36,7.74,6.2,11.02,22.04,15.6602,15.7505,15.9797,15.2854,13.9047,22150384,1255,2026-09-25,39.16,187164000.0
NASDAQ:VMD,VMD,"Viemed Healthcare, Inc.",Healthcare,Medical Devices,United States,NASDAQ,341580906.0,8.91,44.08,41.88,6,50.7,1924,False,-27.74,42.33,-4.07,1.8,9.46,11.9,10.39,9.2881,8.7522,8.1403,7.9621,8.0713,2409089,1255,2026-09-25,40.67,38336802.0
NYSE:VTEX,VTEX,VTEX,Technology,Software - Application,Cayman Islands,NYSE,325367094.0,3.61,44.08,44.41,6,50.7,1925,True,-21.01,25.78,-3.26,-5.81,-25.44,-35.12,-31.11,3.7318,3.8329,4.8415,5.5638,5.2401,2551963,1255,2026-09-25,42.97,90129389.0
NYSE:LPX,LPX,Louisiana-Pacific Corporation,Industrials,Building Products & Equipment,United States,NYSE,4659987496.0,66.7,44.12,44.08,6,50.7,1926,True,-31.52,3.01,-12.99,-14.58,-23.73,-19.53,-13.22,76.661,78.0839,87.4529,82.8835,76.8612,74255040,1255,2026-09-25,42.52,69864880.0
NYSE:BORR,BORR,Borr Drilling Limited,Energy,Oil & Gas Drilling,Bermuda,NYSE,1296484270.0,4.2,44.13,45.92,6,50.8,1927,False,-36.46,72.13,-13.69,-6.56,12.58,-6.32,-12.87,4.8663,4.4946,3.7306,4.4834,4.8204,25503485,1255,2026-09-25,46.05,308686731.0
NASDAQ:CCSI,CCSI,"Consensus Cloud Solutions, Inc.",Technology,Software - Infrastructure,United States,NASDAQ,647975799.0,35.22,44.13,46.27,6,50.8,1928,False,-11.62,74.01,16.45,20.38,32.85,45.31,22.06,30.2449,29.2568,26.5114,24.238,28.8555,5855951,1252,2026-09-25,44.75,18397950.0
AMEX:IBO,IBO,"Impact BioMedical, Inc.",Healthcare,Biotechnology,United States,AMEX,613502804.0,5.69,44.13,46.24,6,50.8,1929,True,-42.37,12.1,-13.19,-14.2,-50.19,,,6.5547,6.6319,11.4232,,,186065,509,2026-09-25,43.66,107821231.0
NYSE:TDAY,TDAY,"USA TODAY Co., Inc.",Communication Services,Publishing,United States,NYSE,941827553.0,6.42,44.13,42.29,6,50.8,1930,False,-28.9,83.95,-6.97,0.44,20.6,40.03,60.6,6.9009,6.3921,5.3233,4.5847,3.9974,13746462,1255,2026-09-25,44.95,146702111.0
NASDAQ:EXFY,EXFY,"Expensify, Inc.",Technology,Software - Application,United States,NASDAQ,174450337.0,2.21,44.14,48.94,6,50.8,1931,False,-18.75,195.85,48.47,45.75,5.53,5.96,-40.48,1.4885,1.5163,2.0941,2.0857,3.7128,1258205,1223,2026-09-25,46.95,78936804.0
NASDAQ:LOPE,LOPE,"Grand Canyon Education, Inc.",Consumer Defensive,Education & Training Services,United States,NASDAQ,3838858649.0,147.28,44.15,46.8,6,50.9,1932,False,-33.22,7.72,-7.22,-10.72,-13.25,-6.91,1.27,158.7454,164.9607,169.7821,158.2083,145.4329,52073971,1255,2026-09-25,52.35,26065037.0
NASDAQ:SERV,SERV,Serve Robotics Inc.,Industrials,Integrated Freight & Logistics,United States,NASDAQ,378651528.0,4.45,44.15,42.87,6,50.9,1933,False,-74.83,3.73,-46.37,-51.25,-55.21,,,8.2978,9.1282,9.9342,,,13798840,640,2026-09-25,45.65,85090231.0
NYSE:ELV,ELV,"Elevance Health, Inc.",Healthcare,Healthcare Plans,United States,NYSE,85899757076.0,396.09,44.17,47.67,6,50.9,1934,False,-6.79,43.16,9.46,11.68,8.52,-1.93,-4.55,361.8524,354.6786,364.9925,403.8918,414.9693,495958831,1255,2026-09-25,45.66,216869290.0
NYSE:SBSW,SBSW,D/B/A Sibanye-Stillwater Limited ADS,Basic Materials,Other Precious Metals & Mining,South Africa,NYSE,7508079668.0,10.61,44.17,47.74,6,50.9,1935,True,-46.07,38.35,-11.65,-9.5,26.22,49.6,46.04,12.0089,11.7239,8.4061,7.0924,7.2649,66860826,1255,2026-09-25,40.03,707641816.0
NASDAQ:FRME,FRME,First Merchants Corporation,Financial Services,Banks - Regional,United States,NASDAQ,2532387045.0,40.71,44.18,45.03,6,51.0,1936,False,-9.2,20.75,2.13,4.55,6.55,14.06,18.1,39.8609,38.9378,38.2071,35.6916,34.4719,20324643,1255,2026-09-25,41.5,62205528.0
NASDAQ:SHC,SHC,Sotera Health Company,Healthcare,Diagnostics & Research,United States,NASDAQ,5229962670.0,18.34,44.19,47.85,6,51.0,1937,False,-6.29,39.68,8.2,9.1,21.66,25.38,26.87,16.9496,16.8096,15.0751,14.6272,14.4562,37196739,1255,2026-09-25,45.88,285166994.0
NYSE:ZWS,ZWS,Zurn Elkay Water Solutions Corporation,Industrials,Pollution & Treatment Controls,United States,NYSE,7737560125.0,46.65,44.19,44.34,6,51.0,1938,True,-12.08,7.24,-3.03,-2.31,9.73,22.02,35.16,48.1083,47.7554,42.5117,38.2309,34.5153,42001107,1255,2026-09-25,43.67,165864097.0
NASDAQ:CRNC,CRNC,Cerence Inc.,Technology,Software - Application,United States,NASDAQ,359243082.0,7.95,44.2,44.5,6,51.1,1939,True,-40.23,33.39,-15.09,-18.01,-14.26,-20.54,-40.74,9.3632,9.6964,9.2724,10.0052,13.4161,4974780,1255,2026-09-25,43.81,45187809.0
NYSE:GHM,GHM,Graham Corporation,Industrials,Specialty Industrial Machinery,United States,NYSE,1019584319.0,87.21,44.21,43.59,6,51.1,1940,False,-29.55,68.36,-3.14,4.44,40.64,76.42,117.53,90.0357,83.4995,62.0113,49.4346,40.0915,14203647,1255,2026-09-25,44.77,11691140.0
NASDAQ:PLRX,PLRX,"Pliant Therapeutics, Inc.",Healthcare,Biotechnology,United States,NASDAQ,66873869.0,1.08,44.21,46.03,6,51.1,1941,False,-42.25,4.85,-9.99,-15.55,-69.88,-84.96,-90.23,1.1999,1.2788,3.5858,7.1814,11.0568,456365,1255,2026-09-25,52.31,61920249.0
NASDAQ:AIAI,AIAI,AIAI Holdings Corporation,Industrials,Conglomerates,United States,NASDAQ,257212450.0,3.64,44.23,41.11,6,51.2,1942,False,-80.01,11.31,,,,,,,,,,,1763926,93,2026-09-25,39.41,70662761.0
NASDAQ:BCPC,BCPC,Balchem Corporation,Basic Materials,Specialty Chemicals,United States,NASDAQ,5394278166.0,167.89,44.23,45.97,6,51.2,1943,True,-8.39,20.4,0.13,2.3,2.47,6.28,11.53,167.6688,164.1202,163.85,157.9715,150.5299,36164781,1255,2026-09-25,44.09,32129836.0
NYSE:EAT,EAT,"Brinker International, Inc.",Consumer Cyclical,Restaurants,United States,NYSE,8886350088.0,207.2,44.23,47.09,6,51.2,1944,True,-18.41,102.56,22.99,29.65,36.76,75.54,112.84,168.4727,159.814,151.5038,118.0374,97.3522,301764694,1255,2026-09-25,43.82,42887790.0
NYSE:HLI,HLI,"Houlihan Lokey, Inc.",Financial Services,Capital Markets,United States,NYSE,6995276230.0,129.07,44.23,45.7,6,51.2,1945,True,-36.31,5.16,-13.61,-17.55,-21.67,-14.26,-4.33,149.4018,156.5361,164.7745,150.5403,134.9067,116986081,1255,2026-09-25,40.6,54197538.0
NASDAQ:OLED,OLED,Universal Display Corporation,Technology,Electronic Components,United States,NASDAQ,3557373361.0,77.39,44.23,44.4,6,51.2,1946,True,-47.8,5.38,-19.2,-24.98,-38.98,-45.41,-43.82,95.7851,103.1656,126.8242,141.7678,137.7541,63643882,1255,2026-09-25,33.66,45966835.0
NYSE:PEN,PEN,"Penumbra, Inc.",Healthcare,Medical Devices,United States,NYSE,12560892782.0,318.89,44.23,45.37,6,51.2,1947,False,-11.27,41.39,-2.33,1.72,12.44,22.26,22.77,326.4874,313.4935,283.6191,260.8337,259.7509,122497695,1255,2026-09-25,47.22,39389422.0
NASDAQ:SLS,SLS,"SELLAS Life Sciences Group, Inc.",Healthcare,Biotechnology,United States,NASDAQ,2282904184.0,11.61,44.26,46.85,6,51.3,1948,False,-24.9,735.25,54.01,83.08,199.69,291.84,321.4,7.5387,6.3414,3.874,2.9629,2.7551,84378446,1255,2026-09-25,46.79,196632574.0
NYSE:LNN,LNN,Lindsay Corporation,Industrials,Farm & Heavy Construction Machinery,United States,NYSE,1161795111.0,114.25,44.29,46.68,6,51.3,1949,True,-18.4,11.76,-2.83,-3.32,-7.62,-5.94,-8.7,117.5778,118.177,123.6752,121.4705,125.1374,20967631,1255,2026-09-25,39.52,10168885.0
NYSE:RNST,RNST,Renasant Corporation,Financial Services,Banks - Regional,United States,NYSE,3688120330.0,40.35,44.3,44.31,6,51.3,1950,False,-8.38,23.77,2.61,5.34,11.28,19.86,23.79,39.3247,38.3041,36.2603,33.6631,32.5952,28301221,1255,2026-09-25,39.92,91403230.0
NASDAQ:DCTH,DCTH,"Delcath Systems, Inc.",Healthcare,Medical Devices,United States,NASDAQ,541301202.0,15.6,44.31,50.01,6,51.4,1951,False,-10.14,90.48,32.92,37.22,31.45,59.79,84.26,11.7367,11.3689,11.8678,9.7628,8.4664,6020150,1255,2026-09-25,51.31,34698795.0
NASDAQ:TROW,TROW,"T. Rowe Price Group, Inc.",Financial Services,Asset Management,United States,NASDAQ,22607269599.0,105.51,44.31,44.17,6,51.4,1952,True,-12.21,25.43,4.03,4.81,7.0,8.02,8.88,101.4228,100.6714,98.6032,97.6802,96.9041,159386341,1255,2026-09-25,37.8,214266606.0
NYSE:ACN,ACN,Accenture plc Class A Ordinary Shares (Ireland),Technology,Information Technology Services,Ireland,NYSE,107769124816.0,176.11,44.32,48.37,6,51.4,1953,False,-37.71,43.22,-9.86,-14.16,-31.87,-36.47,-36.06,195.3815,205.1687,258.4998,277.2108,275.4498,895045344,1255,2026-09-25,45.43,611942109.0
NASDAQ:MDGL,MDGL,"Madrigal Pharmaceuticals, Inc.",Healthcare,Biotechnology,United States,NASDAQ,11934667327.0,516.56,44.33,46.84,6,51.5,1954,False,-14.31,25.27,0.89,1.99,25.62,48.05,65.3,512.015,506.4785,411.2157,348.9132,312.501,114779111,1255,2026-09-25,42.35,23104126.0
NASDAQ:TCBI,TCBI,"Texas Capital Bancshares, Inc.",Financial Services,Banks - Regional,United States,NASDAQ,4165714038.0,95.82,44.33,44.12,6,51.5,1955,False,-10.88,24.82,-2.64,0.09,10.04,22.69,31.32,98.4154,95.7323,87.0798,78.0995,72.9663,48441341,1255,2026-09-25,37.15,43474369.0
NASDAQ:ALEC,ALEC,"Alector, Inc.",Healthcare,Biotechnology,United States,NASDAQ,216499115.0,1.95,44.35,47.03,6,51.5,1956,True,-41.27,71.05,-1.54,-1.49,-8.48,-41.72,-55.91,1.9804,1.9795,2.1308,3.346,4.4231,3171964,1255,2026-09-25,42.95,111025187.0
NASDAQ:ATRA,ATRA,"Atara Biotherapeutics, Inc.",Healthcare,Biotechnology,United States,NASDAQ,79379615.0,8.81,44.35,46.73,6,51.5,1957,True,-51.3,110.77,3.6,-8.72,-7.68,-26.76,-68.84,8.5041,9.6517,9.543,12.0289,28.2757,444334,1255,2026-09-25,40.36,9010172.0
NASDAQ:GTM,GTM,ZoomInfo Technologies Inc.,Technology,Software - Application,United States,NASDAQ,1105192628.0,3.75,44.35,47.64,6,51.5,1958,False,-68.22,43.68,-32.43,-42.84,-55.45,-63.77,-74.12,5.5494,6.5607,8.418,10.3511,14.488,21586835,1255,2026-09-25,50.19,294718034.0
NYSE:RRX,RRX,Regal Rexnord Corporation,Industrials,Specialty Industrial Machinery,United States,NYSE,10396835911.0,156.18,44.37,41.72,6,51.6,1959,True,-34.43,22.04,-16.99,-12.42,-3.14,0.39,3.48,188.1363,178.3241,161.2402,155.5743,150.932,193730292,1255,2026-09-25,36.5,66569573.0
NASDAQ:GRNQ,GRNQ,Greenpro Capital Corp.,Industrials,Consulting Services,Malaysia,NASDAQ,191246845.0,10.55,44.39,45.32,6,51.6,1960,False,-65.18,37.91,-38.39,-37.09,-26.33,-20.56,-22.18,17.1237,16.7709,14.3197,13.28,13.5566,2088040,1255,2026-09-25,47.2,18127663.0
NASDAQ:SPTX,SPTX,"Seaport Therapeutics, Inc.",Healthcare,Biotechnology,United States,NASDAQ,1151977436.0,21.52,44.42,46.59,6,51.6,1961,True,-22.7,41.11,,,,,,,,,,,5861923,102,2026-09-25,42.35,53530550.0
NYSE:COP,COP,ConocoPhillips,Energy,Oil & Gas E&P,United States,NYSE,155088827091.0,127.3,44.47,48.53,6,51.7,1962,False,-9.86,53.3,11.16,16.86,25.94,23.39,24.33,114.524,108.9343,101.0805,103.1714,102.3861,911262506,1255,2026-09-25,47.69,1218294007.0
NYSE:FDS,FDS,FactSet Research Systems Inc.,Financial Services,Financial Data & Stock Exchanges,United States,NYSE,9712238482.0,273.08,44.47,47.56,6,51.7,1963,True,-12.91,45.67,10.21,7.89,-20.04,-26.15,-27.62,247.7752,253.1098,341.5327,369.7774,377.2903,241023362,1255,2026-09-25,43.19,35565543.0
NYSE:CRC,CRC,California Resources Corporation,Energy,Oil & Gas E&P,United States,NYSE,4662620252.0,52.51,44.48,46.42,6,51.7,1964,False,-24.05,23.11,-5.26,-2.31,5.34,6.77,12.01,55.4227,53.749,49.8503,49.1819,46.8813,50138732,1255,2026-09-25,44.05,88794901.0
NYSE:DLB,DLB,Dolby Laboratories,Industrials,Specialty Business Services,United States,NYSE,3479453313.0,58.56,44.48,47.55,6,51.7,1965,True,-17.55,21.42,-1.37,-3.67,-13.17,-16.99,-18.03,59.374,60.7925,67.4449,70.5481,71.4387,62952973,1255,2026-09-25,39.47,59416894.0
NASDAQ:IDXX,IDXX,"IDEXX Laboratories, Inc.",Healthcare,Diagnostics & Research,United States,NASDAQ,40960785022.0,519.26,44.48,44.15,6,51.7,1966,True,-32.27,2.88,-12.35,-14.74,-5.39,-2.41,1.15,592.4129,609.0491,548.8446,532.0987,513.3412,265918961,1255,2026-09-25,40.52,78882997.0
NYSE:LBRT,LBRT,Liberty Energy Inc.,Energy,Oil & Gas Equipment & Services,United States,NYSE,3090845419.0,18.94,44.51,43.85,6,51.8,1967,True,-43.77,61.07,-23.33,-16.99,1.01,-0.25,6.77,24.7017,22.8158,18.7502,18.9869,17.7388,69261334,1255,2026-09-25,38.24,163191416.0
NASDAQ:VCEL,VCEL,Vericel Corporation,Healthcare,Biotechnology,United States,NASDAQ,2033414642.0,39.71,44.51,44.43,6,51.8,1968,False,-17.8,35.34,3.94,5.07,-4.75,-5.8,1.68,38.203,37.7947,41.689,42.1553,39.0532,19768983,1255,2026-09-25,41.71,51206614.0
NASDAQ:PARK,PARK,"Park Dental Partners, Inc.",Healthcare,Medical Care Facilities,United States,NASDAQ,89894725.0,19.91,44.52,47.08,6,51.8,1969,True,-13.62,94.24,8.94,,,,,18.2762,,,,,875679,204,2026-09-25,41.48,4515054.0
NASDAQ:ALRS,ALRS,Alerus Financial Corporation,Financial Services,Banks - Regional,United States,NASDAQ,803793669.0,32.17,44.54,47.74,6,51.9,1970,False,-5.07,59.67,17.81,23.82,40.31,49.94,58.03,27.307,25.9812,22.9283,21.4548,20.357,5699540,1255,2026-09-25,41.73,24985815.0
NASDAQ:AMZN,AMZN,"Amazon.com, Inc.",Consumer Cyclical,Internet Retail,United States,NASDAQ,2685727512886.0,249.67,44.54,46.52,6,51.9,1971,False,-12.09,25.59,3.66,4.8,11.19,21.63,37.47,240.8478,238.2306,224.5426,205.2681,181.6174,8997491431,1255,2026-09-25,44.2,10757109436.0
NYSE:CI,CI,The Cigna Group,Healthcare,Healthcare Plans,United States,NYSE,71876054597.0,272.01,44.54,45.79,6,51.9,1972,True,-10.55,13.81,-1.83,-1.81,-5.82,-8.08,-5.94,277.0733,277.0105,288.8327,295.9181,289.2008,417502278,1255,2026-09-25,36.3,264240486.0
NYSE:WK,WK,Workiva Inc.,Technology,Software - Application,United States,NYSE,3659564799.0,69.64,44.54,49.58,6,51.9,1973,False,-25.37,57.17,8.32,0.48,-8.2,-11.96,-15.14,64.29,69.3049,75.8598,79.1021,82.0638,70332014,1255,2026-09-25,48.79,52549753.0
NYSE:BMY,BMY,Bristol-Myers Squibb Company,Healthcare,Drug Manufacturers - General,United States,NYSE,128405043276.0,62.86,44.55,47.38,6,52.0,1974,False,-7.68,52.54,7.61,13.14,20.12,27.16,21.3,58.4136,55.5586,52.3325,49.4356,51.82,678127895,1255,2026-09-25,35.29,2042714656.0
NASDAQ:CAPR,CAPR,"Capricor Therapeutics, Inc.",Healthcare,Biotechnology,United States,NASDAQ,484143425.0,8.36,44.56,42.24,6,52.0,1975,False,-76.34,117.14,-63.89,-58.26,-48.36,-32.07,-19.84,23.1515,20.0267,16.1895,12.3071,10.4295,30018601,1255,2026-09-25,46.1,57911893.0
NYSE:GSBD,GSBD,"Goldman Sachs BDC, Inc.",Financial Services,Asset Management,United States,NYSE,1073908899.0,9.54,44.56,48.4,6,52.0,1976,True,-6.74,14.85,6.48,6.83,2.96,-0.95,0.93,8.9598,8.9299,9.2661,9.6318,9.4525,7877848,1255,2026-09-25,44.18,112569067.0
NASDAQ:SNEX,SNEX,StoneX Group Inc.,Financial Services,Capital Markets,United States,NASDAQ,8081533754.0,66.81,44.58,45.02,6,52.1,1977,False,-27.91,79.58,4.58,12.66,41.69,74.03,100.17,63.8824,59.304,47.1536,38.3897,33.3766,58075450,1255,2026-09-25,52.19,120962936.0
NASDAQ:IMDX,IMDX,Insight Molecular Diagnostics Inc.,Healthcare,Diagnostics & Research,United States,NASDAQ,126577455.0,3.92,44.59,44.49,6,52.1,1978,False,-53.77,53.73,-23.42,-24.45,-2.01,6.8,-14.03,5.1185,5.1888,4.0005,3.6703,4.5599,975733,1255,2026-09-25,45.27,32290167.0
NASDAQ:MENS,MENS,Jyong Biotech Ltd.,Healthcare,Biotechnology,Taiwan,NASDAQ,150694344.0,2.03,44.6,46.11,6,52.1,1979,False,-96.66,39.04,-31.73,-82.26,,,,2.9737,11.4414,,,,114174,321,2026-09-25,49.61,74233667.0
NYSE:SPHR,SPHR,Sphere Entertainment Co.,Communication Services,Entertainment,United States,NYSE,4099382364.0,141.13,44.6,45.78,6,52.1,1980,False,-19.99,144.21,10.35,21.65,80.14,116.28,153.56,127.8937,116.0167,78.345,65.2531,55.6587,78377162,1255,2026-09-25,40.66,29046853.0
NYSE:PDCC,PDCC,Pearl Diver Credit Company Inc.,Financial Services,Asset Management,United Kingdom,NYSE,59461359.0,8.7,44.63,45.47,6,52.2,1981,True,-37.97,4.09,-13.82,-19.46,-31.14,,,10.0955,10.8025,12.6342,,,19002,550,2026-09-25,43.09,6834639.0
NASDAQ:KNSA,KNSA,"Kiniksa Pharmaceuticals International, plc",Healthcare,Drug Manufacturers - Specialty & Generic,United Kingdom,NASDAQ,3625558617.0,75.08,44.64,49.47,6,52.2,1982,False,-7.22,111.43,35.63,44.21,94.34,132.54,170.1,55.3552,52.0647,38.633,32.2874,27.7972,42103944,1255,2026-09-25,45.34,48289273.0
NYSE:TIC,TIC,"TIC Solutions, Inc.",Industrials,Specialty Business Services,United States,NYSE,1965068750.0,8.89,44.64,48.03,6,52.2,1983,True,-38.65,35.93,-0.57,-6.33,,,,8.941,9.4911,,,,12880684,404,2026-09-25,44.21,221042604.0
NASDAQ:AAOI,AAOI,"Applied Optoelectronics, Inc.",Technology,Communication Equipment,United States,NASDAQ,8575320632.0,101.4,44.65,45.24,6,52.2,1984,True,-54.55,420.27,-5.24,11.73,77.91,140.2,209.7,107.0107,90.7584,56.9949,42.2155,32.7416,683966820,1255,2026-09-25,44.31,84569237.0
NYSE:ATEN,ATEN,"A10 Networks, Inc.",Technology,Software - Infrastructure,United States,NYSE,1852513043.0,25.73,44.66,43.73,6,52.3,1985,False,-32.34,56.61,1.52,8.47,25.59,43.21,50.27,25.3454,23.7198,20.4881,17.9661,17.123,27369763,1255,2026-09-25,46.31,71998175.0
NYSE:APTV,APTV,Aptiv PLC,Consumer Cyclical,Auto Parts,Switzerland,NYSE,9478483404.0,44.79,44.67,42.24,6,52.3,1986,True,-49.49,3.35,-30.22,-33.92,-32.73,-36.67,-42.87,64.1838,67.777,66.5821,70.7223,78.3941,231569400,1255,2026-09-25,38.66,211620527.0
NYSE:BLCO,BLCO,Bausch + Lomb Corporation,Healthcare,Medical Instruments & Supplies,Canada,NYSE,6021806048.0,16.86,44.67,47.56,6,52.3,1987,True,-9.35,17.74,1.35,2.9,5.06,5.72,3.74,16.6352,16.3854,16.0479,15.948,16.2523,6561218,1101,2026-09-25,43.5,357165246.0
NYSE:WTI,WTI,"W&T Offshore, Inc.",Energy,Oil & Gas E&P,United States,NYSE,543038598.0,3.65,44.67,47.42,6,52.3,1988,False,-25.3,145.33,16.24,25.93,59.23,50.42,18.9,3.14,2.8985,2.2923,2.4266,3.0697,14303318,1255,2026-09-25,51.46,148777698.0
NYSE:FSK,FSK,FS KKR Capital Corp.,Financial Services,Asset Management,United States,NYSE,3150747371.0,11.25,44.68,48.45,6,52.4,1989,False,-19.06,26.34,2.81,-0.8,-17.6,-16.77,-12.67,10.9423,11.3408,13.6532,13.5163,12.882,18878387,1255,2026-09-25,42.22,280066433.0
NASDAQ:MYFW,MYFW,"First Western Financial, Inc.",Financial Services,Banks - Regional,United States,NASDAQ,298129388.0,30.53,44.68,46.01,6,52.4,1990,False,-10.7,38.4,7.97,12.18,27.04,41.18,39.42,28.2763,27.2152,24.0314,21.6242,21.8971,1460280,1255,2026-09-25,45.31,9765129.0
NASDAQ:TLRY,TLRY,"Tilray Brands, Inc.",Healthcare,Drug Manufacturers - Specialty & Generic,Canada,NASDAQ,509876378.0,4.13,44.68,44.42,6,52.4,1991,True,-80.33,6.44,-34.62,-46.28,-52.36,-66.01,-74.09,6.3172,7.688,8.6692,12.1518,15.939,14423989,1255,2026-09-25,41.98,123456750.0
NASDAQ:TUSK,TUSK,"Mammoth Energy Services, Inc.",Industrials,Conglomerates,United States,NASDAQ,143548528.0,2.98,44.68,47.06,6,52.4,1992,False,-22.4,72.25,11.66,16.87,9.7,-3.64,-17.16,2.6687,2.5499,2.7166,3.0925,3.5972,288868,1255,2026-09-25,42.17,48170647.0
NASDAQ:HONA,HONA,Honeywell Aerospace Inc.,,,,NASDAQ,50325753676.0,158.78,44.69,44.9,6,52.5,1993,True,-41.18,4.75,,,,,,,,,,,671261476,72,2026-09-25,44.38,316952725.0
NYSE:WAL,WAL,Western Alliance Bancorporation Common Stock (DE),Financial Services,Banks - Regional,United States,NYSE,8473875790.0,77.61,44.69,45.45,6,52.5,1994,False,-17.98,17.61,-3.75,-3.27,-2.98,6.6,16.24,80.6379,80.2331,79.9948,72.8034,66.7681,87685786,1255,2026-09-25,37.93,109185360.0
NASDAQ:TENB,TENB,"Tenable Holdings, Inc.",Technology,Software - Infrastructure,United States,NASDAQ,3693008376.0,33.49,44.7,47.09,6,52.5,1995,False,-21.48,108.79,25.61,24.1,5.92,-6.24,-9.54,26.661,26.9863,31.6195,35.7191,37.0217,206019557,1255,2026-09-25,51.95,110271973.0
NASDAQ:TLPH,TLPH,"Talphera, Inc.",Healthcare,Drug Manufacturers - Specialty & Generic,United States,NASDAQ,61241585.0,1.18,44.71,47.01,6,52.6,1996,False,-19.73,63.89,16.04,11.84,40.94,37.4,10.71,1.0169,1.055,0.8372,0.8588,1.0658,132812,1255,2026-09-25,42.31,51899648.0
NYSE:RDDT,RDDT,"Reddit, Inc.",Communication Services,Internet Content & Information,United States,NYSE,21272131797.0,149.84,44.73,45.78,6,52.6,1997,False,-42.13,22.98,-12.2,-15.83,-8.16,,,170.6647,178.0229,163.1451,,,729079148,631,2026-09-25,46.96,141965642.0
NASDAQ:AEVA,AEVA,"Aeva Technologies, Inc.",Technology,Software - Infrastructure,United States,NASDAQ,1036665366.0,15.35,44.74,44.76,6,52.6,1998,False,-47.59,67.03,-11.44,-8.15,13.24,50.08,62.29,17.3333,16.7115,13.5559,10.2278,9.4581,22614943,1255,2026-09-25,46.17,67535203.0
NYSE:MAS,MAS,Masco Corporation,Industrials,Building Products & Equipment,United States,NYSE,13576354555.0,68.85,44.74,44.62,6,52.6,1999,True,-16.45,18.57,-0.92,0.58,-0.8,1.13,8.75,69.4895,68.4502,69.4085,68.0828,63.3132,164770518,1255,2026-09-25,38.45,197187430.0
NASDAQ:MRDN,MRDN,Meridian Holdings Inc.,Consumer Cyclical,Gambling,United States,NASDAQ,169036291.0,13.36,44.75,47.68,6,52.7,2000,True,-9.24,120.1,25.48,23.35,-20.61,-41.32,-46.56,10.6469,10.831,16.8275,22.7667,24.998,892799,1255,2026-09-25,42.76,12652417.0
NYSE:PARR,PARR,"Par Pacific Holdings, Inc.",Energy,Oil & Gas Refining & Marketing,United States,NYSE,3884175696.0,77.46,44.75,48.82,6,52.7,2001,True,-10.44,132.75,32.15,41.42,104.95,118.18,134.47,58.6158,54.7731,37.7954,35.5032,33.036,80444911,1255,2026-09-25,43.15,50144277.0
NASDAQ:FVCB,FVCB,"FVCBankcorp, Inc.",Financial Services,Banks - Regional,United States,NASDAQ,323582320.0,17.98,44.76,47.44,6,52.7,2002,False,-5.52,51.96,11.74,17.38,31.49,38.66,39.51,16.0907,15.3179,13.6742,12.9674,12.8875,1295496,1255,2026-09-25,39.67,17996792.0
NASDAQ:LPTH,LPTH,"LightPath Technologies, Inc.",Technology,Electronic Components,United States,NASDAQ,626638282.0,9.98,44.76,44.95,6,52.7,2003,False,-45.01,61.49,-17.24,-10.9,42.74,94.98,137.88,12.0595,11.2009,6.9919,5.1186,4.1953,37232283,1255,2026-09-25,45.33,62789407.0
NASDAQ:PSKY,PSKY,Paramount Skydance Corporation,Communication Services,Entertainment,United States,NASDAQ,10833222791.0,9.96,44.76,47.75,6,52.7,2004,False,-47.98,28.12,-5.73,-15.03,-14.64,-14.58,-23.66,10.5649,11.7215,11.6684,11.66,13.0467,225668695,1255,2026-09-25,48.07,1087672971.0
NASDAQ:DRVN,DRVN,Driven Brands Holdings Inc.,Consumer Cyclical,Auto & Truck Dealerships,United States,NASDAQ,2030607917.0,12.31,44.77,44.73,6,52.8,2005,True,-27.97,19.51,-10.18,-11.78,-19.46,-15.46,-29.91,13.7053,13.9539,15.2839,14.5614,17.5641,15404707,1255,2026-09-25,40.0,164955964.0
NASDAQ:EQPT,EQPT,EquipmentShare.com Inc,Industrials,Rental & Leasing Services,United States,NASDAQ,3726886755.0,17.35,44.77,45.57,6,52.8,2006,True,-49.9,8.44,,,,,,,,,,,60077370,170,2026-09-25,37.5,214806153.0
NASDAQ:SELF,SELF,"Global Self Storage, Inc.",Real Estate,REIT - Specialty,United States,NASDAQ,57679747.0,5.05,44.77,46.07,6,52.8,2007,False,-9.63,10.1,0.53,1.76,4.0,10.2,12.75,5.0232,4.9627,4.8557,4.5826,4.4791,162806,1255,2026-09-25,44.77,11421732.0
NYSE:BTI,BTI,"British American Tobacco Industries, p.l.c. Common Stock ADR",Consumer Defensive,Tobacco,United Kingdom,NYSE,119989780696.0,55.63,44.79,44.75,6,52.9,2008,False,-15.44,15.07,-4.3,-1.94,15.05,35.18,46.95,58.1279,56.7283,48.3523,41.1532,37.8559,288248234,1255,2026-09-25,47.56,2156925772.0
NASDAQ:CADL,CADL,"Candel Therapeutics, Inc.",Healthcare,Biotechnology,United States,NASDAQ,807438034.0,11.02,44.79,47.58,6,52.9,2009,False,-19.85,149.32,40.35,50.72,62.37,89.01,129.51,7.8519,7.3116,6.7869,5.8303,4.8015,13939986,1255,2026-09-25,49.28,73270239.0
NASDAQ:EXLS,EXLS,"ExlService Holdings, Inc.",Technology,Information Technology Services,United States,NASDAQ,5309206852.0,34.75,44.8,49.75,6,52.9,2010,False,-21.08,37.79,4.71,0.07,-12.69,-5.64,-2.62,33.1867,34.7273,39.8029,36.8265,35.6845,70131708,1255,2026-09-25,47.83,152782931.0
NYSE:MAIR,MAIR,Madison Air Solutions Corporation,Industrials,Building Products & Equipment,United States,NYSE,4461943665.0,25.16,44.8,42.15,6,52.9,2011,True,-42.64,7.16,,,,,,,,,,,60553480,113,2026-09-25,39.35,177342753.0
NASDAQ:ROKU,ROKU,"Roku, Inc.",Communication Services,Entertainment,United States,NASDAQ,20146141573.0,152.68,44.8,50.63,6,52.9,2012,False,-4.43,84.11,25.03,30.11,55.44,71.37,85.47,122.1172,117.3458,98.2257,89.0917,82.3224,343939404,1255,2026-09-25,46.9,131950102.0
NYSE:CXW,CXW,"CoreCivic, Inc.",Industrials,Security & Protection Services,United States,NYSE,3177286220.0,32.13,44.81,47.79,6,53.0,2013,False,-9.59,99.19,32.75,39.77,49.58,69.62,92.11,24.2041,22.9877,21.4798,18.9423,16.7246,69872614,1255,2026-09-25,53.76,98888460.0
NASDAQ:TMC,TMC,TMC the metals company Inc.,Basic Materials,Other Industrial Metals & Mining,Canada,NASDAQ,1702559072.0,3.93,44.82,45.71,6,53.1,2014,False,-63.24,13.91,-27.22,-31.4,-10.25,17.62,42.13,5.4,5.7287,4.3787,3.3412,2.7652,20808575,1255,2026-09-25,46.27,433221138.0
NASDAQ:TPCS,TPCS,TechPrecision Corporation,Industrials,Metal Fabrication,United States,NASDAQ,52728707.0,5.26,44.82,49.2,6,53.1,2015,True,-15.57,80.76,18.9,16.8,30.17,23.83,4.69,4.4237,4.5034,4.0409,4.2478,5.0244,135966,1255,2026-09-25,44.82,10024469.0
NASDAQ:WIX,WIX,Wix.com Ltd.,Technology,Software - Infrastructure,Israel,NASDAQ,3088075417.0,73.79,44.82,49.09,6,53.1,2016,False,-59.16,82.51,0.11,-13.62,-43.77,-43.77,-38.29,73.7111,85.4296,131.2216,131.2296,119.5811,115284677,1255,2026-09-25,49.82,41849511.0
NYSE:CSL,CSL,Carlisle Companies Incorporated,Industrials,Building Products & Equipment,United States,NYSE,12961501587.0,326.37,44.83,44.86,6,53.1,2017,True,-21.31,11.54,-6.83,-5.09,-10.11,-8.47,-0.23,350.3053,343.8719,363.068,356.5752,327.1207,243747308,1255,2026-09-25,36.91,39714133.0
NYSE:ARDT,ARDT,"Ardent Health, Inc.",Healthcare,Medical Care Facilities,United States,NYSE,1510909327.0,10.54,44.84,47.34,6,53.1,2018,True,-30.7,34.61,9.09,2.81,-15.19,,,9.6613,10.2514,12.4285,,,4675485,550,2026-09-25,43.42,143350031.0
NYSE:NTB,NTB,Bank of N.T. Butterfield & Son Limited (The) Voting,Financial Services,Banks - Diversified,Bermuda,NYSE,2335043750.0,58.95,44.87,46.33,6,53.2,2019,False,-7.76,47.58,7.22,12.14,29.68,47.32,61.76,54.978,52.567,45.4568,40.0138,36.4422,9468601,1255,2026-09-25,42.32,39610581.0
NASDAQ:STGW,STGW,Stagwell Inc.,Communication Services,Advertising Agencies,United States,NASDAQ,2034032000.0,8.32,44.87,48.16,6,53.2,2020,True,-11.02,89.09,23.62,29.74,34.33,35.21,32.03,6.7305,6.413,6.1938,6.1533,6.3016,10210034,1255,2026-09-25,44.59,244475000.0
NASDAQ:AEYE,AEYE,"AudioEye, Inc.",Technology,Software - Application,United States,NASDAQ,85704827.0,6.86,44.88,47.57,6,53.2,2021,False,-55.37,27.04,-8.24,-21.12,-44.07,-44.14,-35.14,7.4761,8.6972,12.2657,12.2814,10.5773,1419547,1255,2026-09-25,49.49,12493415.0
NASDAQ:SLDE,SLDE,"Slide Insurance Holdings, Inc.",Financial Services,Insurance - Property & Casualty,United States,NASDAQ,2698350709.0,23.1,44.88,49.72,6,53.2,2022,False,-12.76,61.16,20.34,24.83,,,,19.1949,18.5057,,,,37933914,320,2026-09-25,48.08,116811719.0
NYSE:SPOT,SPOT,Spotify Technology S.A.,Communication Services,Internet Content & Information,Sweden,NYSE,104868287311.0,510.01,44.88,47.7,6,53.2,2023,False,-29.99,23.56,1.39,-4.18,-7.87,12.27,37.49,502.9934,532.2648,553.59,454.2525,370.9453,774519376,1255,2026-09-25,45.32,205620061.0
NASDAQ:COLB,COLB,"Columbia Banking System, Inc.",Financial Services,Banks - Regional,United States,NASDAQ,8382695880.0,29.64,44.89,45.2,6,53.3,2024,False,-10.74,29.45,1.53,4.47,13.29,25.59,29.35,29.1924,28.3722,26.1628,23.6015,22.9154,88435472,1255,2026-09-25,38.2,282817000.0
NASDAQ:GNLX,GNLX,Genelux Corporation,Healthcare,Biotechnology,United States,NASDAQ,111204232.0,2.48,44.9,44.89,6,53.3,2025,True,-69.9,7.83,-14.1,-28.25,-24.41,-49.59,,2.8871,3.4563,3.2808,4.9192,,686742,920,2026-09-25,41.84,44840416.0
NASDAQ:FLYW,FLYW,Flywire Corporation - Voting,Technology,Software - Infrastructure,United States,NASDAQ,2114875344.0,17.4,44.91,47.26,6,53.4,2026,False,-10.95,63.53,15.85,18.42,19.12,2.75,-10.77,15.0195,14.694,14.6066,16.9341,19.5009,23938316,1255,2026-09-25,40.12,121544560.0
NYSE:OKLO,OKLO,Oklo Inc.,Utilities,Utilities - Independent Power Producers,United States,NYSE,6618617145.0,38.04,44.91,44.77,6,53.4,2027,False,-78.16,6.79,-37.56,-48.02,-33.21,-7.91,13.5,60.9265,73.1811,56.9536,41.3054,33.5161,393796555,1255,2026-09-25,45.45,173990987.0
NYSE:VTOL,VTOL,"Bristow Group, Inc.",Energy,Oil & Gas Equipment & Services,United States,NYSE,1261799793.0,42.62,44.91,45.39,6,53.4,2028,True,-14.3,20.41,-2.05,0.78,11.95,20.69,29.19,43.5113,42.2906,38.0702,35.3133,32.989,13872789,1255,2026-09-25,42.36,29605814.0
NYSE:BDC,BDC,Belden Inc,Technology,Communication Equipment,United States,NYSE,4394342578.0,112.45,44.92,46.13,6,53.4,2029,True,-25.39,13.04,-5.86,-5.29,-3.81,5.5,11.97,119.4532,118.7342,116.9011,106.5858,100.43,50903499,1255,2026-09-25,42.24,39078191.0
NASDAQ:CAMP,CAMP,CAMP4 Therapeutics Corporation,Healthcare,Biotechnology,United States,NASDAQ,203549136.0,3.92,44.92,46.55,6,53.4,2030,False,-45.02,35.17,-13.44,-9.53,,,,4.5288,4.333,,,,1211825,490,2026-09-25,42.84,51925800.0
NYSE:WELL,WELL,Welltower Inc.,Real Estate,REIT - Healthcare Facilities,United States,NYSE,166718746185.0,231.37,44.94,47.14,6,53.5,2031,False,-7.87,41.48,9.2,12.36,32.76,57.29,81.63,211.8811,205.9208,174.2813,147.0945,127.3887,650233237,1255,2026-09-25,48.52,720572011.0
NYSE:FTV,FTV,Fortive Corporation,Technology,Scientific & Technical Instruments,United States,NYSE,16940136447.0,56.09,44.95,43.99,6,53.5,2032,True,-12.38,18.18,-3.52,-0.8,1.3,0.99,3.29,58.1357,56.5396,55.3679,55.5418,54.3019,131824561,1255,2026-09-25,40.66,302017052.0
NASDAQ:XNCR,XNCR,"Xencor, Inc.",Healthcare,Biotechnology,United States,NASDAQ,1764569985.0,23.8,44.96,50.49,6,53.5,2033,False,-18.77,130.4,51.8,54.51,59.27,42.54,22.98,15.6788,15.4033,14.9434,16.6976,19.352,36919299,1255,2026-09-25,45.43,74141596.0
NASDAQ:FNLC,FNLC,"First Bancorp, Inc (ME)",Financial Services,Banks - Regional,United States,NASDAQ,387425990.0,34.35,44.97,48.15,6,53.6,2034,False,-3.73,48.07,14.23,18.87,29.73,38.17,41.41,30.0701,28.8975,26.4775,24.8599,24.2914,1234430,1255,2026-09-25,42.95,11278777.0
NYSE:GNK,GNK,Genco Shipping & Trading Limited Ordinary Shares New (Marshall Islands),Industrials,Marine Shipping,United States,NYSE,1136925261.0,26.09,44.99,48.94,6,53.6,2035,False,-7.22,80.9,15.78,23.04,49.92,56.64,69.43,22.5338,21.2051,17.4021,16.6556,15.3989,18203462,1255,2026-09-25,47.77,43577051.0
NASDAQ:KSPI,KSPI,Joint Stock Company Kaspi.kz - American Depository Shares,Technology,Software - Infrastructure,Kazakhstan,NASDAQ,18179908538.0,95.67,44.99,48.64,6,53.6,2036,True,-10.1,48.38,17.8,21.03,14.13,,,81.2116,79.049,83.8257,,,63189590,674,2026-09-25,36.05,190027266.0
NASDAQ:ESCA,ESCA,"Escalade, Incorporated",Consumer Cyclical,Leisure,United States,NASDAQ,268713764.0,19.52,45.0,46.92,6,53.7,2037,False,-13.63,75.85,12.83,20.57,31.47,33.97,42.57,17.3003,16.1903,14.8476,14.5702,13.6915,561122,1255,2026-09-25,41.19,13766074.0
NASDAQ:TCMD,TCMD,"Tactile Systems Technology, Inc.",Healthcare,Medical Devices,United States,NASDAQ,512703790.0,22.73,45.0,43.07,6,53.7,2038,False,-31.23,67.75,-14.81,-9.76,16.55,29.91,33.66,26.6807,25.1897,19.5019,17.4965,17.0056,6648744,1255,2026-09-25,46.51,22556260.0
NYSE:TRNO,TRNO,Terreno Realty Corporation,Real Estate,REIT - Industrial,United States,NYSE,6984747693.0,66.07,45.0,44.86,6,53.7,2039,False,-12.0,21.09,2.19,4.28,9.3,11.82,14.44,64.6571,63.3567,60.4492,59.0846,57.734,50252284,1255,2026-09-25,48.05,105717386.0
NYSE:SJM,SJM,The J.M. Smucker Company,Consumer Defensive,Packaged Foods,United States,NYSE,12932563490.0,121.0,45.01,48.92,6,53.7,2040,False,-8.57,37.93,13.58,14.8,15.5,14.58,8.12,106.5299,105.4028,104.7615,105.6041,111.9087,168456997,1255,2026-09-25,46.69,106880690.0
NYSE:SKIL,SKIL,Skillsoft Corp.,Consumer Defensive,Education & Training Services,United States,NYSE,53356798.0,5.95,45.01,45.23,6,53.7,2041,False,-66.78,61.68,-11.46,-24.73,-55.6,-55.62,-66.83,6.7199,7.9044,13.4003,13.4062,17.9362,581869,1255,2026-09-25,46.82,8967529.0
NASDAQ:TOWN,TOWN,Towne Bank,Financial Services,Banks - Regional,United States,NASDAQ,3319597280.0,36.36,45.02,47.08,6,53.8,2042,False,-5.46,19.54,5.08,6.88,9.51,19.05,26.14,34.6008,34.0182,33.2017,30.5413,28.8258,18198762,1255,2026-09-25,41.3,91298055.0
NASDAQ:HYPR,HYPR,"Hyperfine, Inc.",Healthcare,Medical Devices,United States,NASDAQ,68466834.0,0.813,45.03,40.93,6,53.8,2043,False,-63.05,5.17,-29.75,-31.32,-24.13,-25.46,-31.68,1.1573,1.1838,1.0715,1.0906,1.1899,322208,1255,2026-09-25,40.12,84215048.0
NYSE:INN,INN,"Summit Hotel Properties, Inc.",Real Estate,REIT - Hotel & Motel,United States,NYSE,619078878.0,5.74,45.03,44.2,6,53.8,2044,False,-17.72,46.51,8.86,9.88,9.98,8.56,5.65,5.273,5.224,5.2193,5.2874,5.4331,4954574,1255,2026-09-25,43.91,107853463.0
NYSE:MPV,MPV,Barings Participation Investors,Financial Services,Asset Management,United States,NYSE,176357857.0,16.37,45.04,48.6,6,53.8,2045,False,-13.57,9.07,-3.06,-4.73,0.11,9.12,20.57,16.887,17.1829,16.3521,15.0018,13.5768,341774,1255,2026-09-25,46.13,10773235.0
NASDAQ:AMTX,AMTX,"Aemetis, Inc",Basic Materials,Specialty Chemicals,United States,NASDAQ,125955994.0,1.79,45.05,47.23,6,53.9,2046,True,-51.09,35.61,-8.88,-11.23,-19.25,-34.99,-45.68,1.9645,2.0165,2.2167,2.7533,3.2951,1668090,1255,2026-09-25,44.01,70366477.0
NASDAQ:ALCO,ALCO,"Alico, Inc.",Consumer Defensive,Farm Products,United States,NASDAQ,289755896.0,39.07,45.06,46.16,6,54.0,2047,True,-12.02,25.1,-2.4,0.77,14.45,22.98,29.34,40.0311,38.7717,34.1384,31.7706,30.2061,853422,1255,2026-09-25,42.91,7416327.0
NYSE:AUNA,AUNA,Auna SA,Healthcare,Medical Care Facilities,Luxembourg,NYSE,153707610.0,5.1,45.06,47.14,6,54.0,2048,True,-24.67,22.89,0.48,-2.24,-16.16,,,5.0754,5.217,6.083,,,577293,630,2026-09-25,44.42,30138747.0
NASDAQ:BLKB,BLKB,"Blackbaud, Inc.",Technology,Software - Application,United States,NASDAQ,1960398289.0,43.19,45.06,49.89,6,54.0,2049,False,-36.44,62.74,0.53,-7.73,-26.5,-33.34,-33.15,42.9608,46.8086,58.7586,64.7941,64.6084,19335908,1255,2026-09-25,45.42,45390097.0
NASDAQ:EMAT,EMAT,Evolution Metals & Technologies Corp.,Basic Materials,Other Industrial Metals & Mining,United States,NASDAQ,1989730067.0,3.2,45.06,44.49,6,54.0,2050,False,-83.16,41.59,,,,,,,,,,,4823242,181,2026-09-25,45.21,621790646.0
NASDAQ:PCTY,PCTY,Paylocity Holding Corporation,Technology,Software - Application,United States,NASDAQ,7675540714.0,143.35,45.06,49.75,6,54.0,2051,False,-12.49,50.74,14.51,10.16,-10.06,-10.27,-15.71,125.1828,130.1238,159.3829,159.7534,170.0747,97753717,1255,2026-09-25,45.55,53544058.0
NYSE:PERF,PERF,Perfect Corp.,Technology,Software - Application,Taiwan,NYSE,161613911.0,1.9,45.06,50.86,6,54.0,2052,False,-9.09,46.15,10.74,8.44,0.06,-8.25,,1.7157,1.7521,1.8989,2.0709,,325519,979,2026-09-25,54.01,85059953.0
NASDAQ:CORZ,CORZ,"Core Scientific, Inc.",Technology,Software - Infrastructure,United States,NASDAQ,5572043247.0,17.34,45.07,44.66,6,54.1,2053,False,-40.53,27.78,-12.44,-10.76,8.04,,,19.8031,19.4312,16.0502,,,198436982,671,2026-09-25,49.43,321340441.0
NASDAQ:CCBG,CCBG,Capital City Bank Group,Financial Services,Banks - Regional,United States,NASDAQ,853268988.0,49.86,45.08,46.99,6,54.1,2054,False,-5.15,31.25,8.33,11.26,22.78,37.8,44.81,46.0246,44.814,40.6079,36.1823,34.4316,3825769,1255,2026-09-25,38.79,17113297.0
NASDAQ:STLD,STLD,"Steel Dynamics, Inc.",Basic Materials,Steel,United States,NASDAQ,33490041042.0,233.66,45.09,46.15,6,54.1,2055,False,-17.18,73.75,8.73,15.75,42.04,56.64,71.16,214.8956,201.873,164.4974,149.1676,136.5181,231694442,1255,2026-09-25,46.42,143328088.0
NASDAQ:NESR,NESR,National Energy Services Reunited Corp,Energy,Oil & Gas Equipment & Services,United States,NASDAQ,3240222303.0,32.13,45.1,49.37,6,54.1,2056,False,-11.51,220.18,29.84,44.81,113.4,,,24.745,22.1874,15.0561,,,54076593,557,2026-09-25,49.15,100847255.0
NYSE:MICC,MICC,The Magnum Ice Cream Company N.V.,Consumer Defensive,Packaged Foods,Netherlands,NYSE,11620689846.0,18.98,45.11,48.22,6,54.2,2057,False,-7.05,45.33,12.7,,,,,16.8408,,,,,15301057,201,2026-09-25,49.36,612259739.0
NASDAQ:NWFL,NWFL,Norwood Financial Corp.,Financial Services,Banks - Regional,United States,NASDAQ,367923315.0,33.78,45.11,49.17,6,54.2,2058,False,-4.17,44.84,10.5,14.3,24.55,29.58,30.26,30.5714,29.554,27.1226,26.0686,25.9332,1122042,1255,2026-09-25,43.49,10891750.0
NASDAQ:SGA,SGA,"Saga Communications, Inc.",Communication Services,Broadcasting,United States,NASDAQ,54730125.0,8.6,45.11,46.17,6,54.2,2059,False,-27.53,5.26,-12.92,-15.27,-18.45,-29.8,-34.51,9.8757,10.15,10.5453,12.2509,13.1312,128390,1255,2026-09-25,45.34,6363968.0
NASDAQ:SLSN,SLSN,"Solesence, Inc.",Consumer Defensive,Household & Personal Products,United States,NASDAQ,58624929.0,0.83,45.13,45.34,6,54.2,2060,True,-80.96,29.69,-30.23,-46.8,-62.81,-54.83,-51.99,1.1895,1.5602,2.2319,1.8376,1.7288,15931,1255,2026-09-25,41.75,70632445.0
AMEX:GROY,GROY,Gold Royalty Corp.,Basic Materials,Gold,Canada,AMEX,729357075.0,3.16,45.14,48.54,6,54.3,2061,True,-39.35,25.4,-11.51,-12.39,15.78,35.61,38.62,3.571,3.607,2.7292,2.3303,2.2795,6175089,1255,2026-09-25,43.4,230809201.0
NYSE:BUD,BUD,Anheuser-Busch Inbev SA Sponsored ADR (Belgium),Consumer Defensive,Beverages - Brewers,Belgium,NYSE,136296707352.0,78.0,45.15,45.76,6,54.3,2062,False,-9.81,35.29,3.4,7.83,18.48,23.08,27.58,75.4384,72.3392,65.8325,63.3711,61.1358,187051579,1255,2026-09-25,41.84,1747393684.0
NASDAQ:TATT,TATT,TAT Technologies Ltd.,Industrials,Aerospace & Defense,United States,NASDAQ,487776457.0,37.57,45.15,45.8,6,54.3,2063,True,-38.52,17.11,-14.17,-12.92,5.92,35.62,67.82,43.7749,43.1466,35.4693,27.7031,22.3876,4300955,1255,2026-09-25,44.0,12983137.0
NASDAQ:FCEL,FCEL,"FuelCell Energy, Inc.",Industrials,Electrical Equipment & Parts,United States,NASDAQ,1318444692.0,16.49,45.18,45.89,6,54.4,2064,True,-54.21,174.83,16.87,28.21,65.82,-0.25,-49.46,14.1098,12.8618,9.9447,16.5306,32.6247,113375455,1255,2026-09-25,44.69,79954196.0
NASDAQ:VERA,VERA,"Vera Therapeutics, Inc.",Healthcare,Biotechnology,United States,NASDAQ,2335815696.0,32.54,45.18,46.22,6,54.4,2065,False,-41.55,35.02,-17.41,-13.37,-4.97,-1.57,15.73,39.3989,37.5606,34.2409,33.0578,28.1182,87245896,1255,2026-09-25,47.61,71782904.0
NASDAQ:VRSN,VRSN,"VeriSign, Inc.",Technology,Software - Infrastructure,United States,NASDAQ,25967400000.0,287.25,45.19,48.61,6,54.4,2066,False,-7.07,36.58,8.97,9.88,15.6,25.86,29.61,263.6137,261.4109,248.4848,228.2297,221.6204,219286456,1255,2026-09-25,49.34,90400000.0
NASDAQ:FSTR,FSTR,L.B. Foster Company,Industrials,Railroads,United States,NASDAQ,391886740.0,37.47,45.2,44.44,6,54.4,2067,False,-17.05,46.48,7.41,12.85,32.85,42.83,64.44,34.8849,33.203,28.2042,26.2331,22.7859,1539461,1255,2026-09-25,45.69,10458680.0
NASDAQ:UFCS,UFCS,"United Fire Group, Inc",Financial Services,Insurance - Property & Casualty,United States,NASDAQ,1368243333.0,53.33,45.2,49.55,6,54.4,2068,False,-4.73,79.84,21.42,28.15,56.46,80.99,89.7,43.9221,41.6158,34.0845,29.4656,28.1121,8708213,1255,2026-09-25,45.91,25656166.0
NYSE:AEG,AEG,Aegon Ltd. New York Registry Shares,Financial Services,Insurance - Diversified,Netherlands,NYSE,13072022865.0,8.89,45.21,48.33,6,54.5,2069,False,-4.17,38.45,12.86,14.69,27.63,40.16,54.5,7.8773,7.7511,6.9652,6.3426,5.754,43435034,1255,2026-09-25,40.49,1470418770.0
NYSE:OEC,OEC,Orion S.A.,Basic Materials,Specialty Chemicals,Luxembourg,NYSE,332129143.0,5.89,45.21,45.34,6,54.5,2070,False,-28.65,36.91,-6.97,-4.73,-38.87,-57.18,-61.91,6.331,6.1822,9.6359,13.7552,15.4642,2437139,1255,2026-09-25,48.87,56388649.0
AMEX:BRBS,BRBS,"Blue Ridge Bankshares, Inc.",Financial Services,Banks - Regional,United States,AMEX,345172562.0,3.85,45.22,50.07,6,54.5,2071,False,-6.33,18.83,7.14,7.27,20.99,32.48,-10.68,3.5936,3.589,3.1822,2.9062,4.3105,5462226,1255,2026-09-25,47.76,89655211.0
NASDAQ:DTI,DTI,Drilling Tools International Corporation,Energy,Oil & Gas Equipment & Services,United States,NASDAQ,86090780.0,2.45,45.22,47.64,6,54.5,2072,False,-45.43,26.94,-17.56,-13.52,-13.53,-25.03,-46.6,2.9718,2.833,2.8335,3.2681,4.588,498565,1190,2026-09-25,45.22,35139094.0
NYSE:GRC,GRC,Gorman-Rupp Company (The),Industrials,Specialty Industrial Machinery,United States,NYSE,1959904133.0,74.21,45.23,44.64,6,54.6,2073,False,-18.92,71.68,7.23,15.47,45.35,63.76,83.94,69.2078,64.2654,51.0567,45.3165,40.3455,14737436,1255,2026-09-25,46.96,26410243.0
NASDAQ:NPCE,NPCE,"Neuropace, Inc.",Healthcare,Medical Devices,United States,NASDAQ,479358055.0,14.06,45.23,45.97,6,54.6,2074,True,-27.11,49.57,-8.6,-4.66,10.67,19.49,43.23,15.3837,14.7469,12.7043,11.7669,9.8161,1925754,1255,2026-09-25,43.95,34093745.0
NASDAQ:FMBH,FMBH,"First Mid Bancshares, Inc.",Financial Services,Banks - Regional,United States,NASDAQ,1323337377.0,49.72,45.25,47.95,6,54.7,2075,False,-4.96,45.51,11.58,15.96,25.51,35.94,45.63,44.5598,42.8773,39.6149,36.5748,34.1416,6644691,1255,2026-09-25,41.39,26615796.0
NYSE:GM,GM,General Motors Company,Consumer Cyclical,Auto Manufacturers,United States,NYSE,74734830833.0,82.63,45.25,46.97,6,54.7,2076,True,-8.3,50.57,2.79,6.79,29.49,48.78,63.93,80.3906,77.3762,63.8114,55.539,50.4058,623201706,1255,2026-09-25,39.59,904451541.0
NYSE:HL,HL,Hecla Mining Company,Basic Materials,Other Precious Metals & Mining,United States,NYSE,12200258611.0,18.19,45.25,48.19,6,54.7,2077,True,-42.78,57.91,-5.29,0.56,49.8,87.68,112.25,19.2057,18.0886,12.1429,9.6921,8.5701,678469613,1255,2026-09-25,43.45,670712403.0
NYSE:SMRT,SMRT,"SmartRent, Inc.",Technology,Software - Application,United States,NYSE,229477302.0,1.19,45.25,46.84,6,54.7,2078,False,-43.87,25.53,-17.15,-17.88,-14.13,-33.02,-42.11,1.4363,1.4491,1.3858,1.7765,2.0555,967539,1255,2026-09-25,45.25,192838069.0
NASDAQ:JOUT,JOUT,Johnson Outdoors Inc.,Consumer Cyclical,Leisure,United States,NASDAQ,411798655.0,44.43,45.26,45.59,6,54.8,2079,True,-16.35,22.83,-3.4,-0.62,18.55,16.09,5.93,45.996,44.7083,37.4767,38.2708,41.941,1851384,1255,2026-09-25,39.79,9268482.0
NASDAQ:LWLG,LWLG,"Lightwave Logic, Inc.",Basic Materials,Specialty Chemicals,United States,NASDAQ,818162846.0,5.31,45.26,43.75,6,54.8,2080,False,-70.86,78.79,-26.85,-21.08,21.36,25.23,11.59,7.259,6.7282,4.3753,4.2403,4.7587,13546048,1255,2026-09-25,44.68,154079632.0
NYSE:RS,RS,"Reliance, Inc.",Basic Materials,Steel,United States,NYSE,19772408060.0,387.28,45.26,46.64,6,54.8,2081,False,-9.52,47.82,9.79,15.12,24.09,28.85,37.55,352.7442,336.4043,312.0923,300.5689,281.562,119789447,1255,2026-09-25,43.94,51054555.0
NASDAQ:ISPR,ISPR,Ispire Technology Inc.,Consumer Defensive,Tobacco,United States,NASDAQ,77489185.0,1.35,45.29,45.27,6,54.8,2082,True,-63.32,22.73,-32.26,-33.78,-55.96,-72.41,,1.9929,2.0385,3.0656,4.8931,,37076,873,2026-09-25,40.15,57399396.0
NASDAQ:MRBK,MRBK,Meridian Corporation,Financial Services,Banks - Regional,United States,NASDAQ,229125657.0,19.27,45.29,46.5,6,54.8,2083,False,-5.97,43.17,2.08,6.99,21.51,38.88,44.96,18.8781,18.0116,15.8587,13.8757,13.2934,1401254,1255,2026-09-25,41.8,11890278.0
NYSE:PLGO,PLGO,Pelagos Insurance Capital Limited,Financial Services,Insurance - Diversified,Bermuda,NYSE,2048502298.0,23.96,45.29,47.23,6,54.8,2084,False,-7.22,40.62,11.93,15.74,28.81,37.63,,21.4054,20.702,18.6012,17.4089,,11039738,814,2026-09-25,45.83,85496757.0
NASDAQ:JYNT,JYNT,The Joint Corp.,Healthcare,Medical Care Facilities,United States,NASDAQ,117321909.0,8.23,45.31,46.15,6,54.9,2085,False,-21.84,7.3,-6.61,-5.86,-16.76,-20.68,-28.14,8.8128,8.742,9.8867,10.3755,11.4532,783675,1255,2026-09-25,47.2,14255396.0
NYSE:MSI,MSI,"Motorola Solutions, Inc.",Technology,Communication Equipment,United States,NYSE,75840061504.0,456.88,45.33,49.17,6,54.9,2086,True,-6.75,26.73,7.07,7.94,5.87,14.02,25.06,426.708,423.2845,431.5396,400.7186,365.3288,431511759,1255,2026-09-25,43.55,165995582.0
NASDAQ:BSIN,BSIN,Big Sky Industrial Inc.,Energy,Oil & Gas E&P,United States,NASDAQ,75341418.0,1.44,45.37,49.41,6,54.9,2087,False,-12.73,108.7,30.08,29.71,11.53,17.12,2.17,1.107,1.1102,1.2911,1.2295,1.4095,1179310,1255,2026-09-25,53.86,52320429.0
NYSE:BEN,BEN,"Franklin Templeton, Inc.",Financial Services,Asset Management,United States,NYSE,17158419089.0,33.02,45.38,47.16,6,55.0,2088,True,-7.69,61.96,14.03,20.12,38.92,43.48,44.62,28.9574,27.4899,23.7689,23.0143,22.832,125084634,1255,2026-09-25,39.99,519637162.0
NASDAQ:HWC,HWC,Hancock Whitney Corporation,Financial Services,Banks - Regional,United States,NASDAQ,5942783350.0,73.85,45.39,46.85,6,55.0,2089,False,-6.82,39.38,6.78,10.52,22.45,36.58,46.12,69.1585,66.8201,60.3087,54.0707,50.5416,60284835,1255,2026-09-25,41.19,80471000.0
NYSE:MTH,MTH,Meritage Homes Corporation,Consumer Cyclical,Residential Construction,United States,NYSE,4235012563.0,64.98,45.39,44.85,6,55.0,2090,False,-23.15,12.15,-5.68,-5.38,-9.09,-11.14,-4.16,68.8928,68.6764,71.481,73.1239,67.7994,55981209,1255,2026-09-25,43.96,65174093.0
NASDAQ:PMTS,PMTS,CPI Card Group Inc.,Financial Services,Credit Services,United States,NASDAQ,284021298.0,24.75,45.39,48.41,6,55.0,2091,True,-18.85,119.22,35.94,41.47,16.83,16.95,7.59,18.2063,17.4945,21.184,21.1632,23.005,6334660,1255,2026-09-25,42.6,11475608.0
NASDAQ:CNXC,CNXC,Concentrix Corporation,Technology,Information Technology Services,United States,NASDAQ,1652376918.0,27.08,45.42,48.42,6,55.1,2092,False,-48.38,31.29,-8.07,-14.14,-31.07,-44.69,-55.86,29.4567,31.5401,39.2836,48.9641,61.3571,52327171,1255,2026-09-25,54.47,61018350.0
NYSE:EVF,EVF,Eaton Vance Senior Income Trust,Financial Services,Asset Management,United States,NYSE,88489307.0,4.87,45.42,45.56,6,55.1,2093,True,-4.3,4.39,-0.51,-1.04,-3.52,-3.07,2.95,4.8949,4.9211,5.0477,5.0243,4.7306,324073,1255,2026-09-25,31.79,18170289.0
NASDAQ:HURC,HURC,"Hurco Companies, Inc.",Industrials,Specialty Industrial Machinery,United States,NASDAQ,140212371.0,21.65,45.42,47.65,6,55.1,2094,False,-7.16,47.48,16.61,18.59,17.96,15.0,8.39,18.5659,18.2556,18.3531,18.8263,19.9733,590028,1255,2026-09-25,45.21,6476322.0
NASDAQ:FNKO,FNKO,"Funko, Inc.",Consumer Cyclical,Leisure,United States,NASDAQ,307117712.0,5.5,45.43,46.49,6,55.2,2095,False,-22.54,95.73,15.99,24.48,-11.73,-19.06,-30.26,4.7418,4.4182,6.2312,6.7951,7.8867,6791433,1255,2026-09-25,44.13,55839584.0
NYSE:JELD,JELD,"JELD-WEN Holding, Inc.",Industrials,Building Products & Equipment,United States,NYSE,158518431.0,1.84,45.44,47.99,6,55.2,2096,True,-63.85,92.67,-2.4,-17.95,-62.51,-78.73,-80.99,1.8852,2.2425,4.9078,8.6509,9.6801,3405141,1255,2026-09-25,39.55,86151321.0
NYSE:GENI,GENI,Genius Sports Limited,Communication Services,Internet Content & Information,United Kingdom,NYSE,1721662883.0,6.44,45.45,46.01,6,55.2,2097,True,-52.05,64.29,-5.15,-16.07,-26.34,-17.59,-9.85,6.7897,7.6728,8.7433,7.8144,7.1436,46088469,1255,2026-09-25,34.24,267338957.0
NYSE:SRL,SRL,Scully Royalty Ltd.,Financial Services,Capital Markets,China,NYSE,81613241.0,5.36,45.46,45.08,6,55.2,2098,True,-47.14,8.28,-22.06,-19.74,-21.74,-19.94,-20.68,6.8774,6.6786,6.8489,6.6948,6.7571,31202,1255,2026-09-25,29.09,15226351.0
NASDAQ:CFFN,CFFN,"Capitol Federal Financial, Inc.",Financial Services,Banks - Regional,United States,NASDAQ,1070938799.0,8.68,45.47,49.44,6,55.3,2099,True,-4.65,51.81,12.82,18.01,34.35,46.42,46.49,7.6935,7.3551,6.4606,5.9282,5.9254,8350745,1255,2026-09-25,44.02,123380046.0
NYSE:NPK,NPK,"National Presto Industries, Inc.",Industrials,Aerospace & Defense,United States,NYSE,1036639780.0,144.66,45.48,49.77,6,55.3,2100,True,-7.74,59.1,10.04,14.96,33.72,49.45,62.57,131.4571,125.8337,108.1817,96.7917,88.9858,16763809,1255,2026-09-25,44.47,7166043.0
NYSE:MCB,MCB,Metropolitan Bank Holding Corp.,Financial Services,Banks - Regional,United States,NYSE,1110840909.0,89.6,45.5,45.36,6,55.3,2101,False,-11.27,37.72,1.12,5.22,21.01,41.28,51.04,88.6089,85.1583,74.044,63.421,59.3208,10826011,1255,2026-09-25,40.03,12397778.0
NYSE:FSS,FSS,Federal Signal Corporation,Industrials,Farm & Heavy Construction Machinery,United States,NYSE,7004524862.0,114.75,45.51,45.94,6,55.3,2102,True,-14.17,9.8,-0.47,-0.48,8.34,18.59,34.19,115.2903,115.3029,105.9184,96.7621,85.5102,49363115,1255,2026-09-25,39.98,61041611.0
NASDAQ:KRNT,KRNT,Kornit Digital Ltd.,Industrials,Specialty Industrial Machinery,Israel,NASDAQ,721057822.0,15.56,45.52,46.24,6,55.4,2103,False,-13.75,26.4,1.13,3.71,-18.35,-15.35,-21.31,15.3859,15.004,19.0561,18.3807,19.7731,4847891,1255,2026-09-25,38.21,46340477.0
NYSE:BF.B,BF-B,Brown Forman Inc,Consumer Defensive,Beverages - Wineries & Distilleries,United States,NYSE,7596430163.0,26.16,45.53,46.54,6,55.4,2104,True,-13.02,16.72,-1.72,-2.03,-12.9,-27.29,-37.94,26.6186,26.7029,30.0343,35.9784,42.1536,70091912,1255,2026-09-25,43.82,290383416.0
NASDAQ:AIRT,AIRT,"Air T, Inc.",Industrials,Conglomerates,United States,NASDAQ,78139006.0,29.03,45.54,48.18,6,55.4,2105,True,-15.27,58.2,20.92,23.42,35.02,35.76,32.81,24.0082,23.5204,21.5005,21.3827,21.8583,1568762,1255,2026-09-25,44.05,2691664.0
NASDAQ:VLOS,VLOS,Velos Acquisition I Corp.,Financial Services,Shell Companies,United States,NASDAQ,307050000.0,10.68,45.54,46.47,6,55.4,2106,False,-4.12,9.54,-0.61,-0.29,0.98,,,10.7459,10.7107,10.5765,,,142498,504,2026-09-25,58.38,28750000.0
NASDAQ:DCBO,DCBO,Docebo Inc.,Technology,Software - Application,Canada,NASDAQ,579739749.0,22.84,45.55,49.26,6,55.5,2107,True,-19.44,55.37,15.21,9.59,-20.0,-31.84,-32.71,19.8247,20.8404,28.5518,33.5111,33.9407,1067707,1255,2026-09-25,41.77,25382651.0
NASDAQ:GCBC,GCBC,"Greene County Bancorp, Inc.",Financial Services,Banks - Regional,United States,NASDAQ,586698213.0,34.46,45.55,50.2,6,55.5,2108,False,-4.33,62.85,27.09,32.17,34.56,31.19,30.08,27.1143,26.0725,25.6094,26.2669,26.4905,1451521,1255,2026-09-25,47.83,17025485.0
NYSE:VTS,VTS,"Vitesse Energy, Inc.",Energy,Oil & Gas E&P,United States,NYSE,698683102.0,16.75,45.56,49.02,6,55.5,2109,False,-23.5,14.37,-3.81,-6.48,-14.01,-12.35,,17.4134,17.9114,19.4801,19.111,,10132454,931,2026-09-25,49.57,41712424.0
NYSE:EGY,EGY,"VAALCO Energy, Inc.",Energy,Oil & Gas E&P,United States,NYSE,622810736.0,5.82,45.57,49.1,6,55.6,2110,False,-10.87,78.63,11.1,18.67,32.52,29.17,35.21,5.2385,4.9043,4.3919,4.5058,4.3044,8506707,1255,2026-09-25,49.47,107012154.0
NYSE:PAAS,PAAS,Pan American Silver Corp.,Basic Materials,Gold,Canada,NYSE,20241654000.0,48.04,45.57,47.44,6,55.6,2111,True,-29.41,46.06,-8.62,-3.2,27.96,57.05,79.33,52.5727,49.6284,37.5425,30.5899,26.7892,185866663,1255,2026-09-25,43.93,421350000.0
NASDAQ:EVGO,EVGO,EVgo Inc.,Consumer Cyclical,Specialty Retail,United States,NASDAQ,194661924.0,1.38,45.58,45.12,6,55.6,2112,True,-72.46,10.4,-36.25,-45.15,-58.92,-56.73,-63.49,2.1648,2.516,3.3593,3.1891,3.7793,6377073,1255,2026-09-25,41.76,141059365.0
NASDAQ:SRTA,SRTA,"Strata Critical Medical, Inc.",Healthcare,Medical Care Facilities,United States,NASDAQ,461186618.0,5.33,45.62,46.73,6,55.6,2113,True,-17.62,32.26,3.19,4.69,20.81,33.98,35.48,5.1653,5.0913,4.4119,3.9781,3.9341,4113475,1255,2026-09-25,43.28,86526570.0
NYSE:CSW,CSW,"CSW Industrials, Inc.",Industrials,Specialty Industrial Machinery,United States,NYSE,4835906942.0,296.8,45.63,46.68,6,55.7,2114,True,-15.51,28.55,1.56,4.6,-1.93,6.0,21.08,292.2398,283.7367,302.6434,280.006,245.1214,40384167,1255,2026-09-25,43.66,16293487.0
NASDAQ:BSRR,BSRR,Sierra Bancorp,Financial Services,Banks - Regional,United States,NASDAQ,517239540.0,39.9,45.64,47.35,6,55.7,2115,False,-6.26,54.53,7.66,13.07,26.3,44.01,59.28,37.0628,35.2872,31.5902,27.7057,25.05,1922693,1255,2026-09-25,42.09,12963397.0
NASDAQ:SEPN,SEPN,"Septerna, Inc.",Healthcare,Biotechnology,United States,NASDAQ,1702502881.0,37.77,45.65,48.35,6,55.7,2116,False,-21.62,125.49,23.59,30.89,,,,30.5596,28.8572,,,,12843023,480,2026-09-25,47.06,45075533.0
NASDAQ:GOAI,GOAI,Eva Live Inc.,Technology,Software - Infrastructure,United States,NASDAQ,76358963.0,2.09,45.66,46.6,6,55.8,2117,False,-72.57,34.84,,,,,,,,,,,466810,167,2026-09-25,45.39,36535389.0
NYSE:GRDN,GRDN,"Guardian Pharmacy Services, Inc.",Healthcare,Medical Care Facilities,United States,NYSE,2051482469.0,41.21,45.66,48.79,6,55.8,2118,False,-14.15,76.04,11.81,18.07,,,,36.8559,34.9038,,,,31512528,501,2026-09-25,47.8,49781181.0
AMEX:WRN,WRN,Western Copper and Gold Corporation,Basic Materials,Other Industrial Metals & Mining,Canada,AMEX,523469604.0,2.32,45.66,47.21,6,55.8,2119,False,-42.72,25.41,-14.46,-10.72,22.48,37.6,39.4,2.7121,2.5985,1.8942,1.6861,1.6643,2860713,1255,2026-09-25,47.17,225633450.0
NASDAQ:AVBH,AVBH,"Avidbank Holdings, Inc.",Financial Services,Banks - Regional,United States,NASDAQ,344101795.0,31.41,45.67,45.96,6,55.8,2120,False,-6.27,28.89,4.64,7.94,23.21,33.31,39.9,30.0185,29.099,25.4925,23.5611,22.4521,2275481,1255,2026-09-25,41.66,10955167.0
NYSE:SGI,SGI,Somnigroup International Inc.,Consumer Cyclical,"Furnishings, Fixtures & Appliances",United States,NYSE,13452873149.0,63.95,45.67,45.7,6,55.8,2121,True,-34.27,4.54,-16.77,-18.6,-9.39,1.66,13.77,76.8398,78.5609,70.5779,62.904,56.2103,248500615,1255,2026-09-25,40.2,210365491.0
NASDAQ:AVIR,AVIR,"Atea Pharmaceuticals, Inc.",Healthcare,Biotechnology,United States,NASDAQ,413740102.0,5.17,45.68,48.43,6,55.9,2122,False,-15.93,83.33,8.46,16.81,35.17,38.34,34.57,4.7669,4.4261,3.8248,3.7371,3.8418,1544642,1255,2026-09-25,45.68,80027099.0
NASDAQ:WULF,WULF,TeraWulf Inc.,Financial Services,Capital Markets,United States,NASDAQ,7799683832.0,15.74,45.69,45.64,6,55.9,2123,False,-45.69,45.34,-12.84,-7.94,39.8,88.27,137.7,18.0585,17.0972,11.2588,8.3603,6.6219,458250773,1255,2026-09-25,48.43,495532645.0
NASDAQ:TOYO,TOYO,"TOYO Co., Ltd",Technology,Solar,Japan,NASDAQ,190953698.0,4.47,45.7,42.05,6,55.9,2124,False,-73.69,6.94,-45.48,-43.53,-21.81,-34.77,-42.28,8.1992,7.9152,5.7169,6.8522,7.7448,2095033,1136,2026-09-25,41.64,42718948.0
NYSE:MSCI,MSCI,MSCI Inc.,Financial Services,Financial Data & Stock Exchanges,United States,NYSE,40083872000.0,551.36,45.71,45.84,6,56.0,2125,False,-14.06,8.92,-3.2,-2.6,-2.35,0.85,4.14,569.5822,566.0917,564.6567,546.6975,529.4303,290811334,1255,2026-09-25,48.38,72700000.0
NYSE:CRGY,CRGY,Crescent Energy Company,Energy,Oil & Gas E&P,United States,NYSE,4342808908.0,13.15,45.72,49.91,6,56.0,2126,False,-14.44,74.73,17.13,23.26,24.08,25.0,25.49,11.2269,10.6689,10.5979,10.5201,10.479,94171536,1204,2026-09-25,48.71,330251628.0
NYSE:USNA,USNA,"USANA Health Sciences, Inc.",Consumer Defensive,Packaged Foods,United States,NYSE,267713660.0,14.5,45.72,43.66,6,56.0,2127,False,-49.18,12.75,-22.76,-25.01,-43.83,-55.97,-63.47,18.7723,19.3356,25.8127,32.9356,39.6885,3116732,1255,2026-09-25,42.95,18463011.0
NASDAQ:SKIN,SKIN,SkinHealth Systems Inc.,Consumer Defensive,Household & Personal Products,United States,NASDAQ,86184027.0,0.665,45.75,46.84,6,56.0,2128,True,-66.75,14.66,-29.87,-37.17,-50.45,-64.73,-83.12,0.9482,1.0585,1.3421,1.8857,3.9395,241613,1255,2026-09-25,44.43,129600040.0
NYSE:VNT,VNT,Vontier Corporation,Technology,Scientific & Technical Instruments,United States,NYSE,4432384000.0,31.48,45.75,47.27,6,56.0,2129,True,-26.93,13.42,-8.16,-10.54,-12.59,-12.96,-5.65,34.2782,35.1877,36.0143,36.1675,33.3645,41530860,1255,2026-09-25,39.85,140800000.0
NASDAQ:CHKP,CHKP,Check Point Software Technologies Ltd.,Technology,Software - Infrastructure,Israel,NASDAQ,13399687206.0,131.24,45.77,47.79,6,56.1,2130,False,-36.57,16.69,-10.83,-16.46,-27.5,-24.4,-18.91,147.1738,157.0934,181.0284,173.5883,161.8403,164190496,1255,2026-09-25,52.31,102100634.0
AMEX:GAU,GAU,Galiano Gold Inc.,Basic Materials,Gold,Canada,AMEX,538100354.0,2.06,45.77,47.6,6,56.1,2131,True,-42.3,19.77,-14.32,-14.53,6.26,21.76,45.8,2.4043,2.4102,1.9387,1.6918,1.4129,5642609,1255,2026-09-25,41.5,261213764.0
NASDAQ:LIFE,LIFE,Ethos Technologies Inc.,Financial Services,Insurance Brokers,United States,NASDAQ,1060384397.0,34.3,45.77,50.99,6,56.1,2132,False,-18.37,248.22,,,,,,,,,,,60721456,166,2026-09-25,48.57,30914997.0
NYSE:BMO,BMO,Bank Of Montreal,Financial Services,Banks - Diversified,Canada,NYSE,120681783454.0,172.3,45.78,47.07,6,56.2,2133,False,-7.27,45.86,11.79,16.51,39.59,57.57,69.04,154.1217,147.8902,123.4361,109.3514,101.9306,117665493,1255,2026-09-25,42.81,700416619.0
NASDAQ:EVCM,EVCM,EverCommerce Inc.,Technology,Software - Application,United States,NASDAQ,1429761664.0,8.08,45.78,43.79,6,56.2,2134,False,-39.7,28.05,-24.38,-23.78,-23.95,-22.32,-21.49,10.6853,10.6007,10.625,10.4015,10.2919,1431228,1255,2026-09-25,48.75,176950701.0
AMEX:GTE,GTE,Gran Tierra Energy Inc.,Energy,Oil & Gas E&P,Canada,AMEX,340162142.0,9.62,45.78,50.32,6,56.2,2135,False,-12.62,180.47,29.39,41.9,58.77,49.35,38.05,7.4348,6.7796,6.0592,6.4414,6.9685,5881008,1255,2026-09-25,53.66,35359890.0
NASDAQ:MYRG,MYRG,"MYR Group, Inc.",Industrials,Engineering & Construction,United States,NASDAQ,4555251165.0,292.58,45.78,41.91,6,56.2,2136,False,-41.62,51.69,-10.66,-3.85,28.82,48.04,65.1,327.5055,304.3015,227.1147,197.6405,177.2102,81477214,1255,2026-09-25,47.53,15569250.0
NYSE:BF.A,BF-A,Brown Forman Inc,Consumer Defensive,Beverages - Wineries & Distilleries,United States,NYSE,4496753860.0,26.69,45.79,46.68,6,56.3,2137,True,-11.27,17.0,-1.26,-1.09,-11.25,-26.54,-37.35,27.0317,26.9855,30.074,36.3318,42.6033,4967984,1255,2026-09-25,42.41,168480849.0
NASDAQ:IBKR,IBKR,"Interactive Brokers Group, Inc.",Financial Services,Capital Markets,United States,NASDAQ,39755024643.0,89.24,45.79,47.38,6,56.3,2138,False,-9.03,46.79,10.7,14.59,40.07,74.6,106.29,80.6148,77.8775,63.7092,51.1116,43.2589,340943678,1255,2026-09-25,46.98,445484364.0
NASDAQ:INVA,INVA,"Innoviva, Inc.",Healthcare,Biotechnology,United States,NASDAQ,1530793454.0,20.74,45.81,45.92,6,56.3,2139,False,-14.44,24.42,-4.66,-2.38,3.11,11.11,20.84,21.7541,21.2455,20.1151,18.6655,17.1631,21054485,1255,2026-09-25,44.37,73808749.0
NASDAQ:OPXS,OPXS,"Optex Systems Holdings, Inc.",Industrials,Aerospace & Defense,United States,NASDAQ,72521877.0,10.42,45.81,45.01,6,56.3,2140,False,-39.84,5.89,-16.26,-19.43,-3.01,12.03,34.43,12.4427,12.9321,10.7437,9.3008,7.7511,406574,1255,2026-09-25,46.45,6959873.0
NYSE:CLW,CLW,Clearwater Paper Corporation,Basic Materials,Paper & Paper Products,United States,NYSE,328038720.0,20.34,45.82,49.52,6,56.4,2141,True,-12.74,63.5,19.08,16.71,-7.74,-27.34,-31.97,17.0816,17.4277,22.0469,27.9917,29.8989,2890817,1255,2026-09-25,45.13,16127764.0
NYSE:ENS,ENS,EnerSys,Industrials,Electrical Equipment & Parts,United States,NYSE,6521636380.0,178.89,45.82,44.46,6,56.4,2142,True,-26.28,64.62,-4.92,1.95,32.86,47.71,60.26,188.1393,175.462,134.649,121.1112,111.6281,102614324,1255,2026-09-25,42.8,36456126.0
NASDAQ:LKFN,LKFN,Lakeland Financial Corporation,Financial Services,Banks - Regional,United States,NASDAQ,1479351651.0,59.51,45.82,46.25,6,56.4,2143,False,-6.58,10.02,0.49,0.85,-1.16,1.02,1.97,59.2171,59.0095,60.2065,58.9082,58.36,11553558,1255,2026-09-25,39.64,24858875.0
NYSE:CM,CM,Canadian Imperial Bank of Commerce,Financial Services,Banks - Diversified,Canada,NYSE,103694156566.0,113.6,45.83,46.55,6,56.5,2144,True,-8.19,44.87,7.72,12.86,38.27,64.05,85.34,105.4591,100.6537,82.161,69.2476,61.2943,168029641,1255,2026-09-25,38.56,912800674.0
NASDAQ:OMSE,OMSE,OMS Energy Technologies Inc.,Energy,Oil & Gas Equipment & Services,Singapore,NASDAQ,185076349.0,4.36,45.83,47.29,6,56.5,2145,True,-35.69,31.72,-2.92,-3.91,,,,4.4912,4.5376,,,,143901,345,2026-09-25,37.31,42448704.0
NASDAQ:TIGO,TIGO,Millicom International Cellular S.A.,Communication Services,Telecom Services,Luxembourg,NASDAQ,15519363958.0,92.63,45.83,47.95,6,56.5,2146,True,-11.2,112.67,18.54,29.3,84.32,136.47,183.45,78.1438,71.6416,50.2553,39.1722,32.6799,74386888,1255,2026-09-25,40.91,167541444.0
NYSE:TY,TY,Tri Continental Corporation,Financial Services,Asset Management,United States,NYSE,1842939789.0,34.62,45.83,47.12,6,56.5,2147,True,-3.17,15.63,4.55,4.96,10.01,16.25,23.21,33.1147,32.9837,31.4687,29.7806,28.0974,1228357,1255,2026-09-25,42.02,53233385.0
NYSE:CXT,CXT,"Crane NXT, Co.",Industrials,Specialty Industrial Machinery,United States,NYSE,2745921753.0,47.72,45.86,46.69,6,56.6,2148,True,-29.72,32.55,1.35,-4.71,-9.45,-11.25,-6.61,47.0853,50.0775,52.7028,53.7691,51.1003,27560016,1255,2026-09-25,43.46,57542367.0
NYSE:GPC,GPC,Genuine Parts Company,Consumer Cyclical,Auto Parts,United States,NYSE,17868003234.0,129.61,45.87,49.41,6,56.6,2149,False,-10.73,42.79,9.77,8.23,8.74,5.16,0.07,118.0734,119.7523,119.189,123.256,129.5132,128807315,1255,2026-09-25,44.92,137859758.0
NYSE:TKC,TKC,Turkcell Iletisim Hizmetleri AS,Communication Services,Telecom Services,Turkey,NYSE,4500883204.0,5.17,45.88,44.35,6,56.6,2150,True,-27.69,4.87,-13.26,-12.58,-13.81,-10.53,-2.14,5.9606,5.9138,5.9986,5.7787,5.283,12324228,1255,2026-09-25,43.43,870577022.0
NYSE:TPVG,TPVG,TriplePoint Venture Growth BDC Corp.,Financial Services,Asset Management,United States,NYSE,196093078.0,4.83,45.88,48.51,6,56.6,2151,True,-16.76,18.86,-1.54,-1.34,-5.55,-11.17,-15.01,4.9056,4.8957,5.1137,5.4373,5.6831,1297147,1255,2026-09-25,44.42,40598981.0
NASDAQ:GRAB,GRAB,Grab Holdings Limited,Technology,Software - Application,Singapore,NASDAQ,12407320000.0,3.13,45.89,44.39,6,56.7,2152,True,-51.02,11.99,-19.51,-26.61,-30.6,-23.99,-19.48,3.8886,4.265,4.5098,4.1179,3.887,222626669,1255,2026-09-25,44.86,3964000000.0
NASDAQ:PEBO,PEBO,Peoples Bancorp Inc.,Financial Services,Banks - Regional,United States,NASDAQ,1409564996.0,39.22,45.91,47.99,6,56.7,2153,False,-6.18,48.91,12.89,17.51,26.46,33.75,41.23,34.7428,33.3766,31.0128,29.3226,27.7693,11308597,1255,2026-09-25,43.81,35939954.0
NASDAQ:SYBT,SYBT,"Stock Yards Bancorp, Inc.",Financial Services,Banks - Regional,United States,NASDAQ,2441012760.0,78.57,45.94,47.15,6,56.7,2154,False,-10.37,27.61,9.06,10.95,10.87,25.41,30.79,72.0443,70.8131,70.8664,62.6512,60.0737,12839223,1255,2026-09-25,43.29,31068000.0
NYSE:TWI,TWI,"Titan International, Inc. (DE)",Industrials,Farm & Heavy Construction Machinery,United States,NYSE,456314429.0,7.07,45.94,47.02,6,56.7,2155,False,-37.98,10.12,-11.76,-11.16,-11.57,-21.95,-29.22,8.0123,7.958,7.9951,9.0586,9.9888,4426152,1255,2026-09-25,45.94,64542352.0
NASDAQ:BRAI,BRAI,Braiin Limited,Technology,Computer Hardware,Australia,NASDAQ,1127302607.0,5.47,45.95,46.2,6,56.8,2156,False,-63.15,18.91,,,,,,,,,,,207595,156,2026-09-25,47.87,206088228.0
NYSE:FLNG,FLNG,FLEX LNG Ltd.,Energy,Oil & Gas Midstream,Bermuda,NYSE,1670372571.0,30.88,45.95,49.3,6,56.8,2157,False,-5.04,40.89,9.26,13.5,31.05,37.5,39.57,28.2625,27.2077,23.5638,22.4587,22.1247,13597520,1255,2026-09-25,47.87,54092376.0
NYSE:PPG,PPG,"PPG Industries, Inc.",Basic Materials,Specialty Chemicals,United States,NYSE,23901696000.0,107.52,45.95,45.18,6,56.8,2158,True,-16.75,16.24,-2.95,-0.52,-1.88,-6.55,-7.96,110.7904,108.0846,109.5844,115.0571,116.8232,182541216,1255,2026-09-25,41.8,222300000.0
NYSE:PSBD,PSBD,Palmer Square Capital BDC Inc.,Financial Services,Asset Management,United States,NYSE,305917602.0,9.83,45.96,48.15,6,56.9,2159,False,-12.18,9.5,-1.54,-2.81,-9.98,,,9.9842,10.1141,10.9199,,,1176848,675,2026-09-25,50.56,31120814.0
NASDAQ:SHAZ,SHAZ,"SharonAI Holdings, Inc.",Technology,Information Technology Services,United States,NASDAQ,1928491750.0,54.68,45.96,46.75,6,56.9,2160,False,-41.01,212.1,,,,,,,,,,,86332067,153,2026-09-25,48.05,35268686.0
NASDAQ:QUIK,QUIK,QuickLogic Corporation,Technology,Semiconductors,United States,NASDAQ,194255040.0,10.96,45.97,43.2,6,56.9,2161,False,-53.83,99.64,-10.37,-0.8,22.91,11.23,21.36,12.2284,11.0479,8.9172,9.8533,9.0312,2582471,1255,2026-09-25,46.37,17724000.0
NASDAQ:NTIC,NTIC,Northern Technologies International Corporation,Basic Materials,Specialty Chemicals,United States,NASDAQ,74037608.0,7.8,45.99,46.26,6,56.9,2162,False,-21.05,6.24,-5.66,-4.27,-14.44,-26.03,-28.21,8.2676,8.1482,9.1161,10.5453,10.8651,93427,1255,2026-09-25,47.29,9492001.0
NASDAQ:RLYB,RLYB,Rallybio Corporation,Healthcare,Biotechnology,United States,NASDAQ,88200578.0,16.62,45.99,49.76,6,56.9,2163,True,-3.48,316.33,43.53,63.08,111.9,57.11,-21.91,11.5798,10.1916,7.8434,10.5788,21.2826,173795,1255,2026-09-25,45.75,5306894.0
NASDAQ:GDRX,GDRX,"GoodRx Holdings, Inc.",Healthcare,Health Information Services,United States,NASDAQ,350782473.0,3.35,46.0,48.99,6,57.0,2164,False,-33.4,79.14,22.29,15.56,-12.91,-30.88,-33.54,2.7395,2.899,3.8467,4.8466,5.0409,3341110,1255,2026-09-25,46.53,104711186.0
NYSE:OGC,OGC,OceanaGold Corporation,Basic Materials,Gold,Canada,NYSE,6257448822.0,28.13,46.0,48.46,6,57.0,2165,False,-33.43,39.05,-7.47,-2.76,39.74,81.23,114.74,30.3997,28.9277,20.1309,15.5216,13.0998,19771727,1255,2026-09-25,45.22,222447523.0
NASDAQ:ITRN,ITRN,Ituran Location and Control Ltd.,Technology,Scientific & Technical Instruments,Israel,NASDAQ,1022435540.0,51.69,46.03,45.11,6,57.1,2166,False,-21.5,56.54,-0.18,6.58,29.07,50.21,67.83,51.7827,48.5002,40.0472,34.411,30.7984,5256905,1255,2026-09-25,47.23,19780142.0
NASDAQ:PTGX,PTGX,"Protagonist Therapeutics, Inc.",Healthcare,Biotechnology,United States,NASDAQ,9123211374.0,141.86,46.03,49.01,6,57.1,2167,True,-10.57,121.66,28.93,37.09,88.13,138.1,189.78,110.0265,103.4762,75.4036,59.581,48.954,96275275,1255,2026-09-25,37.18,64311373.0
NYSE:QXO,QXO,"QXO, Inc.",Industrials,Industrial Distribution,United States,NYSE,12899920438.0,12.43,46.03,44.51,6,57.1,2168,True,-54.08,10.29,-33.45,-33.3,-29.46,-63.81,-60.06,18.6767,18.636,17.6208,34.3443,31.1235,217904651,1255,2026-09-25,44.16,1037805345.0
NASDAQ:TRMK,TRMK,Trustmark Corporation,Financial Services,Banks - Regional,United States,NASDAQ,2680710629.0,46.04,46.03,47.67,6,57.1,2169,False,-4.59,28.43,5.25,8.33,19.12,33.99,43.64,43.7433,42.5015,38.6512,34.3615,32.0525,19364909,1255,2026-09-25,46.47,58225687.0
NASDAQ:GPRE,GPRE,"Green Plains, Inc.",Basic Materials,Chemicals,United States,NASDAQ,1044850196.0,14.92,46.04,46.59,6,57.1,2170,False,-22.41,69.74,1.6,8.61,36.98,4.67,-20.07,14.6852,13.7366,10.8919,14.254,18.6667,26053191,1255,2026-09-25,47.17,70030174.0
NYSE:INVX,INVX,"Innovex International, Inc.",Energy,Oil & Gas Equipment & Services,United States,NYSE,1989881086.0,28.5,46.04,48.22,6,57.1,2171,False,-9.9,65.6,7.72,13.18,38.64,38.75,29.74,26.4584,25.1804,20.5574,20.541,21.9667,25878766,1255,2026-09-25,46.41,69820389.0
NASDAQ:AVPT,AVPT,"AvePoint, Inc.",Technology,Software - Infrastructure,United States,NASDAQ,2756223548.0,13.0,46.06,49.02,6,57.2,2172,False,-15.31,44.61,11.06,6.87,-9.06,4.55,22.89,11.7051,12.1642,14.2948,12.4339,10.5786,22721476,1255,2026-09-25,48.66,212017196.0
NASDAQ:MBLY,MBLY,Mobileye Global Inc.,Consumer Cyclical,Auto Parts,Israel,NASDAQ,2026929251.0,8.03,46.06,45.68,6,57.2,2173,False,-48.33,22.41,-10.82,-18.61,-36.73,-55.88,,9.0044,9.8663,12.6922,18.2012,,40696961,982,2026-09-25,36.85,252419583.0
NASDAQ:NWE,NWE,"NorthWestern Energy Group, Inc.",Utilities,Utilities - Regulated Electric,United States,NASDAQ,4234888794.0,68.84,46.07,46.77,6,57.3,2174,True,-5.36,25.46,0.94,3.53,16.95,26.97,31.13,68.2016,66.4941,58.8649,54.2157,52.4968,31362540,1255,2026-09-25,41.62,61517850.0
NYSE:PSFE,PSFE,Paysafe Limited,Technology,Software - Infrastructure,United Kingdom,NYSE,329555922.0,6.43,46.07,45.43,6,57.3,2175,True,-51.54,6.99,-13.77,-20.31,-47.76,-51.78,-53.47,7.4567,8.0683,12.3095,13.3354,13.8179,2252820,1255,2026-09-25,44.94,51252865.0
NYSE:RVLV,RVLV,"Revolve Group, Inc.",Consumer Cyclical,Internet Retail,United States,NYSE,877942138.0,21.2,46.07,45.25,6,57.3,2176,True,-32.59,21.07,-12.73,-11.32,-13.75,-5.03,-4.05,24.2917,23.9068,24.5804,22.3222,22.0937,18749175,1255,2026-09-25,41.12,41412365.0
NYSE:BDJ,BDJ,Blackrock Enhanced Equity Dividend Trust,Financial Services,Asset Management,United States,NYSE,1700438461.0,9.61,46.08,48.86,6,57.3,2177,False,-2.41,19.71,5.56,7.5,16.33,25.73,31.84,9.1038,8.9395,8.261,7.6435,7.2889,4129838,1255,2026-09-25,43.05,176944689.0
NYSE:WPM,WPM,Wheaton Precious Metals Corp Common Shares (Canada),Basic Materials,Gold,Canada,NYSE,64903557720.0,142.92,46.09,49.98,6,57.4,2178,False,-13.38,52.11,8.14,13.2,41.06,70.03,95.02,132.1585,126.2588,101.3204,84.0578,73.2866,280539341,1255,2026-09-25,46.98,454125089.0
NYSE:ZVIA,ZVIA,Zevia PBC,Consumer Defensive,Beverages - Non-Alcoholic,United States,NYSE,95461071.0,1.33,46.09,45.75,6,57.4,2179,False,-51.28,17.7,-14.57,-24.07,-39.7,-31.13,-44.54,1.5568,1.7515,2.2055,1.9312,2.3982,539453,1255,2026-09-25,46.09,71775241.0
NASDAQ:NAVI,NAVI,Navient Corporation,Financial Services,Credit Services,United States,NASDAQ,857183483.0,9.12,46.11,49.27,6,57.4,2180,False,-27.32,27.31,0.43,-4.83,-17.57,-24.67,-27.62,9.0808,9.5824,11.0644,12.1069,12.5999,14514480,1255,2026-09-25,49.41,93989417.0
NASDAQ:PFX,PFX,PhenixFIN Corporation,Financial Services,Asset Management,United States,NASDAQ,88107234.0,45.59,46.12,48.01,6,57.5,2181,False,-16.21,19.24,4.73,4.31,-1.43,2.22,8.76,43.5298,43.7067,46.2511,44.5979,41.9189,387797,1255,2026-09-25,51.62,1932600.0
NASDAQ:SENEA,SENEA,Seneca Foods Corp.,Consumer Defensive,Packaged Foods,United States,NASDAQ,953711333.0,182.66,46.12,48.77,6,57.5,2182,False,-11.89,80.53,21.93,28.13,60.32,93.27,117.38,149.8057,142.5635,113.9327,94.5083,84.029,18595788,1255,2026-09-25,47.39,5221238.0
NYSE:UI,UI,Ubiquiti Inc.,Technology,Communication Equipment,United States,NYSE,33932917397.0,560.67,46.12,47.25,6,57.5,2183,False,-48.15,9.22,-14.48,-14.36,9.56,45.24,61.35,655.6039,654.7078,511.7311,386.0358,347.482,94319316,1255,2026-09-25,46.86,60522085.0
NASDAQ:ECHO,ECHO,EchoStar Corporation,Communication Services,Telecom Services,United States,NASDAQ,14279282952.0,90.11,46.13,46.63,6,57.5,2184,False,-36.45,34.63,-17.36,-11.43,37.88,84.53,119.37,109.0384,101.7346,65.3538,48.8324,41.0767,284037027,1255,2026-09-25,46.78,158465020.0
NASDAQ:PGC,PGC,Peapack-Gladstone Financial Corporation,Financial Services,Banks - Regional,United States,NASDAQ,797858561.0,45.03,46.13,47.37,6,57.5,2185,False,-6.73,82.9,14.63,22.78,35.68,48.36,46.82,39.2824,36.6752,33.1874,30.3521,30.6696,5787258,1255,2026-09-25,43.6,17718378.0
NYSE:CTRI,CTRI,"Centuri Holdings, Inc.",Utilities,Utilities - Regulated Gas,United States,NYSE,2070169918.0,20.51,46.15,42.13,6,57.6,2186,False,-50.93,7.55,-27.04,-23.1,-11.65,,,28.1116,26.6698,23.2136,,,34137963,611,2026-09-25,44.8,100934662.0
NASDAQ:OSW,OSW,OneSpaWorld Holdings Limited,Consumer Cyclical,Leisure,Bahamas,NASDAQ,2326350479.0,22.92,46.15,43.73,6,57.6,2187,False,-19.93,19.09,-2.18,0.15,8.91,23.88,38.69,23.4316,22.8849,21.0457,18.5021,16.5266,24117808,1255,2026-09-25,41.45,101498712.0
NASDAQ:LIDR,LIDR,"AEye, Inc.",Technology,Software - Infrastructure,United States,NASDAQ,56040932.0,1.21,46.16,46.13,6,57.6,2188,False,-63.88,18.63,-27.95,-35.27,-23.41,-36.57,-77.04,1.6794,1.8693,1.5798,1.9077,5.2704,11127795,1255,2026-09-25,44.98,46314820.0
AMEX:WWR,WWR,"Westwater Resources, Inc.",Basic Materials,Other Industrial Metals & Mining,United States,AMEX,67378213.0,0.53,46.16,48.09,6,57.6,2189,True,-84.77,35.9,-22.78,-35.35,-27.84,-20.49,-28.26,0.6863,0.8198,0.7345,0.6666,0.7387,456743,1255,2026-09-25,44.16,127128703.0
AMEX:KULR,KULR,"KULR Technology Group, Inc.",Technology,Electronic Components,United States,AMEX,112867483.0,2.44,46.17,44.76,6,57.7,2190,False,-55.31,20.79,-20.88,-24.44,-61.26,-51.49,-58.59,3.0838,3.2293,6.2987,5.0299,5.8924,1525942,1255,2026-09-25,49.56,46257165.0
NASDAQ:MVBF,MVBF,MVB Financial Corp.,Financial Services,Banks - Regional,United States,NASDAQ,390581311.0,30.12,46.17,49.34,6,57.7,2191,False,-4.74,24.93,9.63,11.18,29.21,37.28,39.68,27.4738,27.0902,23.3117,21.9402,21.5642,1580786,1255,2026-09-25,41.66,12967507.0
NYSE:CANG,CANG,Cango Inc.,Financial Services,Capital Markets,United States,NYSE,75104957.0,1.91,46.18,46.84,6,57.7,2192,False,-92.09,36.43,-67.33,-77.37,-86.93,-84.21,-82.12,5.8455,8.4388,14.6109,12.0937,10.6834,1117626,1255,2026-09-25,48.8,39321967.0
NYSE:OOMA,OOMA,"Ooma, Inc.",Technology,Software - Application,United States,NYSE,598126897.0,21.77,46.19,50.03,6,57.8,2193,False,-6.89,105.77,31.28,40.25,52.26,69.91,66.53,16.5832,15.5225,14.2982,12.8125,13.0724,12071976,1255,2026-09-25,47.63,27474823.0
NASDAQ:PKBK,PKBK,"Parke Bancorp, Inc.",Financial Services,Banks - Regional,United States,NASDAQ,396154182.0,33.77,46.19,48.85,6,57.8,2194,False,-3.87,73.3,12.64,19.83,41.08,58.05,66.99,29.9795,28.1827,23.9361,21.3665,20.2232,1335833,1255,2026-09-25,46.32,11730950.0
NYSE:EVEX,EVEX,"Eve Holding, Inc.",Industrials,Aerospace & Defense,United States,NYSE,755820947.0,2.17,46.2,44.77,6,57.8,2195,False,-57.11,9.05,-28.34,-34.11,-43.91,-50.87,-59.5,3.0284,3.2936,3.869,4.4165,5.3585,2163451,1099,2026-09-25,40.26,348304584.0
NASDAQ:HSIC,HSIC,"Henry Schein, Inc.",Healthcare,Medical Distribution,United States,NASDAQ,9838990302.0,86.37,46.2,47.92,6,57.8,2196,False,-4.94,39.24,7.91,11.32,16.26,17.89,16.0,80.0419,77.589,74.2897,73.261,74.4537,97480355,1255,2026-09-25,42.6,113916757.0
NASDAQ:HYMC,HYMC,Hycroft Mining Holding Corporation,Basic Materials,Gold,United States,NASDAQ,2001542508.0,21.48,46.22,46.17,6,57.8,2197,True,-61.46,254.46,-29.89,-17.58,47.29,103.0,135.15,30.6354,26.0602,14.5839,10.5814,9.1347,46835984,1255,2026-09-25,43.57,93181681.0
NASDAQ:AVAV,AVAV,"AeroVironment, Inc.",Industrials,Aerospace & Defense,United States,NASDAQ,7694950962.0,152.05,46.23,46.95,6,57.9,2198,False,-62.9,11.25,-25.44,-34.14,-28.34,-20.85,-9.14,203.9296,230.8616,212.1765,192.0957,167.3533,344788705,1255,2026-09-25,52.27,50608030.0
NASDAQ:BVFL,BVFL,"BV Financial, Inc.",Financial Services,Banks - Regional,United States,NASDAQ,180712600.0,20.87,46.26,47.62,6,57.9,2199,False,-4.62,42.65,4.53,8.25,19.02,32.62,35.64,19.9661,19.2802,17.5348,15.7363,15.3864,435587,1255,2026-09-25,45.49,8658965.0
AMEX:CMCL,CMCL,Caledonia Mining Corporation Plc,Basic Materials,Gold,Jersey,AMEX,460422588.0,23.84,46.26,51.01,6,57.9,2200,False,-36.06,42.79,-1.11,-6.38,16.58,39.5,52.77,24.1088,25.4641,20.4492,17.0893,15.6054,4460563,1255,2026-09-25,46.52,19313028.0
NASDAQ:PWP,PWP,Perella Weinberg Partners,Financial Services,Capital Markets,United States,NASDAQ,1055124198.0,14.47,46.27,45.15,6,58.0,2201,False,-39.86,13.49,-18.65,-19.67,-25.29,-16.92,-4.85,17.7865,18.0129,19.3681,17.4174,15.2068,20910534,1255,2026-09-25,39.11,72918051.0
NASDAQ:TRST,TRST,TrustCo Bank Corp NY,Financial Services,Banks - Regional,United States,NASDAQ,956973600.0,56.2,46.27,49.14,6,58.0,2202,False,-4.92,67.4,15.22,21.02,43.91,61.66,69.72,48.7764,46.4368,39.0512,34.764,33.1129,8927672,1255,2026-09-25,46.91,17028000.0
NASDAQ:SHBI,SHBI,"Shore Bancshares, Inc.",Financial Services,Banks - Regional,United States,NASDAQ,768909891.0,23.01,46.28,48.51,6,58.0,2203,False,-5.92,55.38,13.09,18.41,35.23,53.16,57.73,20.3466,19.4326,17.0161,15.0238,14.5886,4333081,1255,2026-09-25,44.19,33416336.0
NYSE:WWW,WWW,"Wolverine World Wide, Inc.",Consumer Cyclical,Footwear & Accessories,United States,NYSE,1563540547.0,19.07,46.29,48.33,6,58.0,2204,False,-30.2,32.5,7.12,3.28,1.15,19.58,26.38,17.8026,18.4641,18.854,15.9473,15.09,13739835,1255,2026-09-25,48.11,81989541.0
NASDAQ:SNFCA,SNFCA,Security National Financial Corporation,Financial Services,Insurance - Life,United States,NASDAQ,195710738.0,8.74,46.3,45.63,6,58.1,2205,False,-12.42,18.26,-2.2,0.21,-4.95,3.6,11.4,8.9366,8.7219,9.1952,8.4364,7.8459,262547,1255,2026-09-25,43.17,22392533.0
NYSE:ALK,ALK,"Alaska Air Group, Inc.",Industrials,Airlines,United States,NYSE,4567551752.0,40.94,46.31,45.35,6,58.1,2206,False,-32.0,19.74,-10.47,-10.16,-18.82,-11.69,-11.27,45.7296,45.5719,50.4312,46.3579,46.1413,103316660,1255,2026-09-25,41.71,111566970.0
NASDAQ:FORR,FORR,"Forrester Research, Inc.",Industrials,Consulting Services,United States,NASDAQ,221296800.0,11.4,46.31,50.64,6,58.1,2207,False,-9.88,125.74,41.22,40.69,11.24,-18.85,-39.4,8.0724,8.1032,10.2486,14.0482,18.8125,1417762,1255,2026-09-25,48.99,19412000.0
NASDAQ:GRWG,GRWG,GrowGeneration Corp.,Consumer Cyclical,Specialty Retail,United States,NASDAQ,93741812.0,1.56,46.31,48.21,6,58.1,2208,False,-29.09,50.0,8.98,5.86,7.24,-11.54,-32.73,1.4314,1.4737,1.4546,1.7635,2.3189,363351,1255,2026-09-25,50.01,60090905.0
NYSE:RMT,RMT,"Royce Micro-Cap Trust, Inc.",Financial Services,Asset Management,United States,NYSE,720355678.0,13.47,46.31,46.83,6,58.1,2209,True,-6.66,51.96,8.42,13.72,33.3,46.24,57.3,12.4241,11.8445,10.1048,9.2108,8.5633,1392921,1255,2026-09-25,43.32,53478521.0
NASDAQ:BRUN,BRUN,Boost Run Inc.,Technology,Software - Infrastructure,United States,NASDAQ,534890151.0,16.77,46.32,45.22,6,58.2,2210,False,-57.22,57.61,-7.66,-1.13,,,,18.1607,16.9612,,,,37643302,436,2026-09-25,46.09,31895656.0
NYSE:CNI,CNI,Canadian National Railway Company,Industrials,Railroads,Canada,NYSE,73150557000.0,120.93,46.32,46.52,6,58.2,2211,False,-6.89,35.32,8.38,12.1,16.65,12.84,12.26,111.5815,107.8761,103.6657,107.1653,107.7231,179533769,1255,2026-09-25,41.97,604900000.0
NYSE:CCS,CCS,"Century Communities, Inc.",Real Estate,Real Estate - Development,United States,NYSE,1781605514.0,62.66,46.33,46.29,6,58.2,2212,False,-14.99,30.82,0.81,1.57,-4.09,-10.84,-6.64,62.1572,61.6934,65.3319,70.2776,67.1141,18301821,1255,2026-09-25,43.9,28432900.0
NYSE:TRIN,TRIN,Trinity Capital Inc.,Financial Services,Asset Management,United States,NYSE,1587415917.0,17.66,46.34,48.78,6,58.3,2213,True,-4.82,40.43,12.31,16.32,29.91,42.03,56.6,15.7242,15.1825,13.5938,12.4336,11.2768,16558461,1255,2026-09-25,42.1,89887651.0
NASDAQ:CFBK,CFBK,CF Bankshares Inc.,Financial Services,Banks - Regional,United States,NASDAQ,224046236.0,34.51,46.35,49.95,6,58.3,2214,False,-4.96,55.42,13.91,19.62,31.55,45.58,54.03,30.2965,28.8507,26.2333,23.7056,22.4053,1221517,1255,2026-09-25,39.1,6492212.0
NASDAQ:SEER,SEER,"Seer, Inc.",Healthcare,Biotechnology,United States,NASDAQ,105014762.0,1.91,46.35,45.98,6,58.3,2215,False,-19.41,17.9,0.95,-1.5,-5.81,-2.31,-28.83,1.892,1.9391,2.0279,1.9552,2.6839,393821,1255,2026-09-25,40.22,54981551.0
NYSE:CPAY,CPAY,"Corpay, Inc.",Technology,Software - Infrastructure,United States,NYSE,26021233573.0,398.11,46.36,50.04,6,58.4,2216,False,-6.38,56.12,15.49,19.8,18.57,25.94,36.71,344.7044,332.3016,335.7519,316.1177,291.1987,176741424,1255,2026-09-25,48.26,65361919.0
NASDAQ:HOFT,HOFT,Hooker Furnishings Corporation,Consumer Cyclical,"Furnishings, Fixtures & Appliances",United States,NASDAQ,141145281.0,13.14,46.36,46.19,6,58.4,2217,True,-25.69,57.77,-0.61,5.51,9.74,-2.81,-5.57,13.2205,12.4533,11.9738,13.5194,13.9148,695934,1255,2026-09-25,45.89,10741650.0
NASDAQ:HYNE,HYNE,"Hoyne Bancorp, Inc.",Financial Services,Banks - Regional,United States,NASDAQ,122425549.0,16.43,46.36,48.38,6,58.4,2218,False,-1.97,20.19,6.17,,,,,15.4753,,,,,131262,203,2026-09-25,46.36,7451342.0
AMEX:USAS,USAS,"Americas Gold and Silver Corporation Common Shares, no par value",Basic Materials,Other Industrial Metals & Mining,Canada,AMEX,1630331661.0,4.83,46.38,47.73,6,58.4,2219,True,-51.84,47.71,-18.3,-12.78,35.63,86.36,115.47,5.9119,5.538,3.5611,2.5917,2.2416,20613083,1255,2026-09-25,43.34,337542787.0
NYSE:DMC,DMC,Del Monte Corporation,Consumer Defensive,Farm Products,Cayman Islands,NYSE,1461077662.0,30.71,46.39,48.46,6,58.5,2220,True,-26.77,15.29,-11.43,-11.14,-6.37,4.21,9.18,34.6743,34.5612,32.8004,29.4692,28.1273,13970940,1255,2026-09-25,44.51,47576609.0
NASDAQ:WASH,WASH,"Washington Trust Bancorp, Inc.",Financial Services,Banks - Regional,United States,NASDAQ,741099060.0,38.86,46.39,49.68,6,58.5,2221,False,-3.48,60.76,14.18,19.69,28.88,39.56,38.16,34.0339,32.4677,30.153,27.8454,28.1278,5459080,1255,2026-09-25,44.86,19071000.0
NASDAQ:GAME,GAME,"GameSquare Holdings, Inc.",Communication Services,Electronic Gaming & Multimedia,United States,NASDAQ,320463764.0,3.11,46.42,48.21,6,58.5,2222,False,-54.59,58.03,-0.97,-11.5,-39.47,-57.69,-76.79,3.1405,3.5142,5.138,7.3502,13.3984,459438,1255,2026-09-25,46.96,103043011.0
NYSE:THO,THO,"Thor Industries, Inc.",Consumer Cyclical,Recreational Vehicles,United States,NYSE,3755939462.0,72.15,46.42,46.03,6,58.5,2223,True,-39.22,6.46,-15.75,-18.9,-20.36,-22.51,-20.2,85.6429,88.9645,90.5963,93.1034,90.4125,59981860,1255,2026-09-25,42.97,52057373.0
NASDAQ:ALMU,ALMU,"Aeluma, Inc.",Technology,Semiconductors,United States,NASDAQ,243277902.0,13.29,46.43,44.99,6,58.6,2224,False,-57.8,23.86,-24.78,-23.03,-3.14,30.81,,17.6689,17.2665,13.7211,10.16,,8447196,898,2026-09-25,46.85,18305335.0
NYSE:OFG,OFG,OFG Bancorp,Financial Services,Banks - Regional,United States,NYSE,2195244100.0,51.94,46.43,49.87,6,58.6,2225,False,-3.73,42.06,14.78,17.47,22.09,30.09,43.2,45.2531,44.2144,42.542,39.9256,36.2716,14495339,1255,2026-09-25,43.82,42265000.0
NASDAQ:UNB,UNB,"Union Bankshares, Inc.",Financial Services,Banks - Regional,United States,NASDAQ,108891627.0,23.6,46.43,47.38,6,58.6,2226,False,-8.6,14.68,0.19,1.1,-6.6,-4.34,1.18,23.5555,23.3434,25.2677,24.6719,23.3247,87214,1255,2026-09-25,43.91,4614052.0
NASDAQ:VINP,VINP,Vinci Compass Investments Ltd.,Financial Services,Asset Management,Brazil,NASDAQ,477321118.0,9.35,46.43,46.85,6,58.6,2227,True,-26.52,3.34,-10.95,-11.53,-4.58,-2.3,3.3,10.4996,10.5683,9.7986,9.5697,9.0517,466088,1255,2026-09-25,43.82,51050387.0
NASDAQ:LAES,LAES,SEALSQ Corp,Technology,Semiconductors,Switzerland,NASDAQ,523518898.0,2.35,46.44,45.46,6,58.7,2228,False,-69.28,12.44,-27.16,-35.59,-26.42,-8.17,,3.2262,3.6483,3.1938,2.5591,,12451686,839,2026-09-25,44.42,222773999.0
NASDAQ:PANL,PANL,Pangaea Logistics Solutions Ltd.,Industrials,Marine Shipping,United States,NASDAQ,523973533.0,8.01,46.44,50.51,6,58.7,2229,False,-12.69,81.29,6.15,12.48,32.57,29.67,37.1,7.5456,7.1213,6.0419,6.1774,5.8426,3702221,1255,2026-09-25,50.59,65414923.0
NASDAQ:NYXH,NYXH,Nyxoah SA,Healthcare,Medical Instruments & Supplies,Belgium,NASDAQ,145105582.0,1.45,46.45,45.58,6,58.7,2230,True,-77.76,14.17,-50.96,-57.65,-74.92,-78.43,-78.49,2.9565,3.4237,5.7809,6.7222,6.7399,913120,1255,2026-09-25,31.77,100072815.0
NASDAQ:TSBK,TSBK,"Timberland Bancorp, Inc.",Financial Services,Banks - Regional,United States,NASDAQ,352820624.0,45.41,46.45,49.52,6,58.7,2231,False,-3.38,49.89,11.5,16.63,32.11,44.3,50.48,40.7257,38.9355,34.3731,31.4691,30.1768,1534275,1255,2026-09-25,43.13,7769668.0
NASDAQ:RGCO,RGCO,RGC Resources Inc.,Utilities,Utilities - Regulated Gas,United States,NASDAQ,221464280.0,21.28,46.47,45.76,6,58.8,2232,False,-19.16,5.64,-3.59,-2.62,1.67,6.98,8.6,22.0717,21.8521,20.9312,19.8907,19.5944,295466,1255,2026-09-25,37.42,10407156.0
NYSE:EPAC,EPAC,Enerpac Tool Group Corp.,Industrials,Specialty Industrial Machinery,United States,NYSE,1840091133.0,35.7,46.48,47.66,6,58.8,2233,False,-17.02,8.41,-3.69,-5.13,-11.57,-6.7,1.99,37.0682,37.6319,40.3729,38.2633,35.0021,15303067,1255,2026-09-25,49.67,51543169.0
NASDAQ:BFST,BFST,"Business First Bancshares, Inc.",Financial Services,Banks - Regional,United States,NASDAQ,1008442092.0,30.86,46.49,48.41,6,58.8,2234,False,-3.95,38.7,7.88,11.5,18.44,27.36,36.4,28.6052,27.676,26.0554,24.2312,22.625,6445879,1255,2026-09-25,41.95,32677968.0
NYSE:RMD,RMD,ResMed Inc.,Healthcare,Medical Instruments & Supplies,United States,NYSE,32202517248.0,222.0,46.49,49.84,6,58.8,2235,True,-20.8,21.78,-1.5,-4.29,-6.45,1.12,2.82,225.3831,231.9487,237.3181,219.551,215.9022,298282060,1255,2026-09-25,46.3,145056384.0
NASDAQ:LBTYB,LBTYB,Liberty Global Ltd.,Communication Services,Telecom Services,Bermuda,NASDAQ,160941046.0,12.41,46.5,47.23,6,58.9,2236,True,-31.09,21.19,-4.49,-1.61,-1.69,-13.55,-19.91,12.993,12.6126,12.6234,14.3555,15.4947,37716,1255,2026-09-25,36.54,12968658.0
NASDAQ:RSSS,RSSS,"Research Solutions, Inc",Technology,Software - Application,United States,NASDAQ,70574293.0,2.11,46.5,45.99,6,58.9,2237,False,-45.48,7.11,-12.83,-18.47,-25.45,-24.31,-19.32,2.4205,2.5881,2.8303,2.7876,2.6153,109258,1255,2026-09-25,47.51,33447532.0
NASDAQ:STIM,STIM,"Neuronetics, Inc.",Healthcare,Medical Devices,United States,NASDAQ,190670682.0,2.74,46.5,51.26,6,58.9,2238,False,-16.97,132.2,52.22,43.43,11.99,14.0,2.2,1.8,1.9104,2.4466,2.4035,2.6811,3681991,1255,2026-09-25,49.96,69587840.0
NASDAQ:EWBC,EWBC,"East West Bancorp, Inc.",Financial Services,Banks - Regional,United States,NASDAQ,17430034414.0,127.23,46.51,46.76,6,59.0,2239,False,-6.86,38.38,5.71,9.26,21.57,38.2,53.22,120.3604,116.4471,104.6581,92.0598,83.0355,105221212,1255,2026-09-25,40.69,136996262.0
AMEX:OSTX,OSTX,OS Therapies Incorporated,Healthcare,Biotechnology,United States,AMEX,75593248.0,1.66,46.51,48.52,6,59.0,2240,False,-25.89,43.1,4.78,1.02,-14.93,,,1.5842,1.6433,1.9514,,,1317661,540,2026-09-25,46.51,45538101.0
NYSE:XRN,XRN,Chiron Real Estate Inc.,Real Estate,REIT - Healthcare Facilities,United States,NYSE,519000450.0,35.85,46.51,47.76,6,59.0,2241,False,-4.67,26.35,3.09,5.97,4.46,1.16,1.56,34.7764,33.8312,34.3196,35.4401,35.2992,3608127,1255,2026-09-25,45.77,14477000.0
NASDAQ:UROY,UROY,Uranium Royalty Corp.,Energy,Uranium,United States,NASDAQ,1577618697.0,4.14,46.52,50.33,6,59.0,2242,False,-24.18,58.62,9.95,8.43,32.77,40.5,48.95,3.7654,3.818,3.1182,2.9467,2.7795,19866863,1255,2026-09-25,49.38,381067318.0
NYSE:JAN,JAN,"Janus Living, Inc. Class A-1",Real Estate,REIT - Residential,United States,NYSE,6377301030.0,30.05,46.53,48.98,6,59.1,2243,False,-5.24,32.79,,,,,,,,,,,56601722,131,2026-09-25,47.9,212222996.0
NYSE:AVBC,AVBC,"Avidia Bancorp, Inc.",Financial Services,Banks - Regional,United States,NYSE,402609112.0,21.68,46.54,49.43,6,59.1,2244,False,-4.03,52.07,10.26,15.84,,,,19.6631,18.7154,,,,4075726,290,2026-09-25,46.7,18570531.0
NASDAQ:CGC,CGC,Canopy Growth Corporation,Healthcare,Drug Manufacturers - Specialty & Generic,Canada,NASDAQ,397669908.0,0.942,46.54,46.76,6,59.1,2245,True,-50.94,9.92,-12.01,-15.12,-42.56,-70.65,-86.58,1.0706,1.1099,1.6399,3.2098,7.0183,2092042,1255,2026-09-25,43.14,422154892.0
NYSE:CLH,CLH,"Clean Harbors, Inc.",Industrials,Waste Management,United States,NYSE,16524520114.0,313.04,46.56,49.3,6,59.1,2246,False,-4.08,55.18,8.29,13.44,23.43,33.64,48.81,289.0643,275.9407,253.626,234.2458,210.3555,124876714,1255,2026-09-25,51.01,52787248.0
NASDAQ:GFUZ,GFUZ,General Fusion Group Ltd.,Industrials,Specialty Industrial Machinery,Canada,NASDAQ,627218021.0,7.77,46.57,47.02,6,59.2,2247,False,-43.53,15.45,-20.62,,,,,9.7889,,,,,1159412,249,2026-09-25,53.17,80723040.0
NYSE:IVZ,IVZ,Invesco Ltd,Financial Services,Asset Management,United States,NYSE,13651180000.0,30.92,46.57,49.07,6,59.2,2248,True,-7.18,42.68,12.78,16.71,43.75,62.72,73.27,27.4162,26.4924,21.5101,19.002,17.8447,133062291,1255,2026-09-25,44.29,441500000.0
NASDAQ:LCNB,LCNB,LCNB Corporation,Financial Services,Banks - Regional,United States,NASDAQ,268404534.0,18.83,46.57,48.4,6,59.2,2249,True,-9.21,38.15,9.93,13.42,22.94,30.33,32.32,17.129,16.6024,15.3161,14.4482,14.2305,614829,1255,2026-09-25,38.71,14254091.0
NYSE:TFPM,TFPM,Triple Flag Precious Metals Corp.,Basic Materials,Other Precious Metals & Mining,Canada,NYSE,6650579927.0,32.19,46.57,49.07,6,59.2,2250,True,-21.78,20.1,-3.01,-1.09,22.51,44.89,61.56,33.1888,32.5458,26.2764,22.2169,19.924,16691573,1022,2026-09-25,45.64,206603912.0
NASDAQ:ATLC,ATLC,Atlanticus Holdings Corporation,Financial Services,Credit Services,United States,NASDAQ,1398414722.0,92.5,46.58,47.17,6,59.3,2251,False,-17.26,92.87,19.71,26.77,46.84,76.81,96.59,77.2685,72.9649,62.9919,52.3161,47.053,11607936,1255,2026-09-25,43.78,15117997.0
NASDAQ:LQDA,LQDA,Liquidia Corporation,Healthcare,Drug Manufacturers - Specialty & Generic,United States,NASDAQ,6085349815.0,68.43,46.58,46.37,6,59.3,2252,False,-24.83,213.9,27.01,42.07,115.7,175.02,236.28,53.8767,48.166,31.7252,24.8815,20.3491,81964841,1255,2026-09-25,51.97,88928099.0
NASDAQ:MBIN,MBIN,Merchants Bancorp,Financial Services,Banks - Regional,United States,NASDAQ,2393234757.0,52.1,46.58,49.03,6,59.3,2253,False,-6.3,72.93,14.2,21.83,32.46,33.33,46.16,45.6197,42.7643,39.3321,39.0749,35.6469,12407127,1255,2026-09-25,47.58,45935408.0
NASDAQ:NAGE,NAGE,"Niagen Bioscience, Inc.",Healthcare,Biotechnology,United States,NASDAQ,242915197.0,3.05,46.6,45.56,6,59.3,2254,False,-69.19,3.04,-30.72,-39.0,-52.41,-39.8,-27.37,4.4027,5.0002,6.4087,5.0664,4.1994,1209825,1255,2026-09-25,42.91,79644327.0
NASDAQ:MDAI,MDAI,"Spectral AI, Inc.",Healthcare,Medical Devices,United States,NASDAQ,50600136.0,1.59,46.62,46.81,6,59.4,2255,False,-40.67,32.5,-6.39,-9.56,-10.63,-16.49,-59.95,1.6986,1.7581,1.7791,1.9039,3.9705,183644,1255,2026-09-25,50.46,31823985.0
NASDAQ:ISBA,ISBA,Isabella Bank Corporation,Financial Services,Banks - Regional,United States,NASDAQ,293327706.0,38.45,46.64,46.45,6,59.4,2256,False,-31.13,12.09,-12.46,-10.01,12.25,33.5,45.98,43.9228,42.7253,34.2549,28.8008,26.3391,2385942,1255,2026-09-25,37.33,7628809.0
NASDAQ:SMMT,SMMT,Summit Therapeutics Inc.,Healthcare,Biotechnology,United States,NASDAQ,12452871287.0,15.61,46.64,49.55,6,59.4,2257,False,-40.83,25.58,-4.73,-8.12,-19.25,5.1,33.99,16.3846,16.9898,19.3307,14.8531,11.6505,102291644,1255,2026-09-25,52.03,797749602.0
NASDAQ:FNRN,FNRN,First Northern Community Bancorp,Financial Services,Banks - Regional,United States,NASDAQ,281708293.0,17.17,46.65,46.76,6,59.5,2258,False,-8.67,43.08,8.43,13.45,38.72,56.93,73.23,15.8351,15.1345,12.3778,10.9412,9.9117,1668783,1255,2026-09-25,43.88,16407006.0
NASDAQ:REFI,REFI,"Chicago Atlantic Real Estate Finance, Inc.",Real Estate,REIT - Mortgage,United States,NASDAQ,270371827.0,10.65,46.66,49.03,6,59.5,2259,True,-10.67,9.12,-2.87,-3.4,-7.63,-6.4,-1.57,10.9646,11.0246,11.5293,11.3778,10.8199,2420869,1204,2026-09-25,45.04,25387026.0
NYSE:SWK,SWK,"Stanley Black & Decker, Inc.",Industrials,Tools & Accessories,United States,NYSE,13802920987.0,91.4,46.66,47.7,6,59.5,2260,True,-11.35,53.45,11.44,15.9,19.4,16.9,18.81,82.0145,78.858,76.5487,78.1843,76.9287,154974547,1255,2026-09-25,42.56,151016641.0
NASDAQ:URBN,URBN,"Urban Outfitters, Inc.",Consumer Cyclical,Apparel Retail,United States,NASDAQ,6452603504.0,75.35,46.66,48.41,6,59.5,2261,True,-9.16,26.49,4.16,5.39,17.19,34.7,53.58,72.3418,71.4936,64.2987,55.9374,49.061,83141306,1255,2026-09-25,44.84,85635083.0
NASDAQ:FUNC,FUNC,First United Corporation,Financial Services,Banks - Regional,United States,NASDAQ,279386560.0,43.29,46.67,48.08,6,59.6,2262,False,-6.26,30.38,8.82,11.2,22.84,42.71,62.88,39.7824,38.9284,35.2402,30.3335,26.5772,1235188,1255,2026-09-25,46.74,6453836.0
NASDAQ:MAAS,MAAS,Maase Inc.,Financial Services,Asset Management,China,NASDAQ,6693771947.0,15.37,46.68,47.77,6,59.6,2263,True,-27.64,437.41,45.78,68.59,35.73,-87.83,-91.84,10.5433,9.117,11.3239,126.2509,188.3089,7173500,1255,2026-09-25,38.36,435508910.0
NASDAQ:CBNK,CBNK,"Capital Bancorp, Inc.",Financial Services,Banks - Regional,United States,NASDAQ,587228832.0,36.05,46.7,48.8,6,59.6,2264,False,-4.83,37.0,11.55,14.38,18.2,32.32,42.61,32.318,31.5186,30.4996,27.2449,25.279,1823603,1255,2026-09-25,45.57,16289288.0
NASDAQ:LIN,LIN,Linde plc,Basic Materials,Specialty Chemicals,United Kingdom,NASDAQ,217252377496.0,469.89,46.7,44.47,6,59.6,2265,True,-13.76,21.86,-2.44,-0.21,2.07,5.59,12.91,481.6396,470.8775,460.3794,445.03,416.1538,923621671,1255,2026-09-25,44.72,462347310.0
NYSE:SPIR,SPIR,"Spire Global, Inc.",Industrials,Specialty Business Services,United States,NYSE,467635512.0,12.08,46.7,45.46,6,59.6,2266,False,-52.59,72.08,-11.77,-7.01,-1.03,9.06,19.51,13.692,12.9912,12.2061,11.0767,10.1081,7865082,1255,2026-09-25,48.67,38711549.0
NYSE:PAGS,PAGS,PagSeguro Digital Ltd.,Technology,Software - Infrastructure,Brazil,NYSE,1439491471.0,9.05,46.71,48.81,6,59.7,2267,True,-20.46,10.44,-3.71,-3.01,6.37,-1.73,-2.29,9.3987,9.3311,8.5084,9.2092,9.2623,28352478,1255,2026-09-25,46.01,159059831.0
NASDAQ:AIRO,AIRO,"AIRO Group Holdings, Inc.",Industrials,Aerospace & Defense,United States,NASDAQ,227666463.0,7.24,46.74,47.38,6,59.7,2268,False,-63.94,23.76,-15.4,-26.31,,,,8.558,9.8251,,,,2977688,323,2026-09-25,46.17,31445644.0
NASDAQ:CATY,CATY,Cathay General Bancorp,Financial Services,Banks - Regional,United States,NASDAQ,4106418802.0,61.45,46.74,48.14,6,59.7,2269,False,-4.78,39.77,10.83,14.75,25.81,37.87,46.51,55.4469,53.5506,48.8425,44.5703,41.9436,31999079,1255,2026-09-25,43.78,66825367.0
NYSE:ALV,ALV,"Autoliv, Inc.",Consumer Cyclical,Auto Parts,Sweden,NYSE,8606837742.0,117.52,46.75,47.15,6,59.8,2270,True,-10.12,18.85,-0.13,0.0,9.02,11.44,18.82,117.676,117.5195,107.8007,105.4604,98.9069,80242876,1255,2026-09-25,37.34,73237217.0
NYSE:BMI,BMI,"Badger Meter, Inc.",Technology,Scientific & Technical Instruments,United States,NYSE,3753216950.0,129.48,46.75,47.21,6,59.8,2271,False,-30.29,14.92,-9.65,-13.9,-28.1,-26.12,-20.39,143.3074,150.3785,180.0862,175.2494,162.6431,48712920,1255,2026-09-25,48.78,28986847.0
NYSE:CDE,CDE,"Coeur Mining, Inc.",Basic Materials,Gold,United States,NYSE,19806874070.0,19.22,46.75,49.38,6,59.8,2272,True,-29.13,39.23,-0.08,1.97,43.8,86.78,125.16,19.235,18.8482,13.3654,10.2901,8.5361,688381976,1255,2026-09-25,44.86,1030534551.0
NASDAQ:IMMR,IMMR,Immersion Corporation,Technology,Software - Application,United States,NASDAQ,241637039.0,7.28,46.75,48.93,6,59.8,2273,False,-6.55,36.44,11.4,11.24,3.82,2.08,5.33,6.5349,6.5445,7.0118,7.1314,6.9116,2765230,1255,2026-09-25,47.03,33191901.0
NYSE:AGI,AGI,Alamos Gold Inc.,Basic Materials,Gold,Canada,NYSE,14441854042.0,34.5,46.77,48.88,6,59.9,2274,True,-37.45,24.1,-11.68,-9.02,11.51,35.34,58.24,39.0616,37.9186,30.9379,25.4916,21.8027,129956512,1255,2026-09-25,44.75,418604465.0
NYSE:AG,AG,First Majestic Silver Corp. Ordinary Shares (Canada),Basic Materials,Silver,Canada,NYSE,9370150341.0,19.01,46.79,48.68,6,59.9,2275,True,-40.51,78.51,-5.41,2.13,48.42,81.84,97.69,20.0982,18.6141,12.808,10.4544,9.6161,187415769,1255,2026-09-25,45.15,492906383.0
NASDAQ:ACHC,ACHC,"Acadia Healthcare Company, Inc.",Healthcare,Medical Care Facilities,United States,NASDAQ,2615186725.0,28.09,46.8,47.46,6,60.0,2276,True,-21.12,140.5,17.86,21.09,-0.64,-35.61,-45.98,23.833,23.1975,28.2718,43.6229,51.9987,41958135,1255,2026-09-25,45.07,93100275.0
NYSE:APG,APG,APi Group Corporation,Industrials,Engineering & Construction,United States,NYSE,16620885023.0,38.46,46.8,45.03,6,60.0,2277,False,-22.15,14.33,-8.16,-5.47,12.14,26.48,45.28,41.8782,40.6862,34.2961,30.4077,26.4736,144652639,1255,2026-09-25,40.67,432160297.0
NYSE:NX,NX,Quanex Building Products Corporation,Industrials,Building Products & Equipment,United States,NYSE,906618029.0,19.74,46.8,48.9,6,60.0,2278,True,-13.58,78.66,6.62,12.98,2.01,-13.56,-13.26,18.5147,17.4728,19.3511,22.8369,22.757,11445512,1255,2026-09-25,43.43,45927965.0
NASDAQ:APLD,APLD,Applied Digital Corporation,Technology,Information Technology Services,United States,NASDAQ,7556944579.0,26.25,46.81,46.24,6,60.0,2279,False,-47.13,27.77,-18.53,-16.86,28.19,71.89,109.85,32.2195,31.5722,20.4779,15.2712,12.5088,413299627,1117,2026-09-25,49.58,287883603.0
NASDAQ:BELFA,BELFA,Bel Fuse Inc.,Technology,Electronic Components,United States,NASDAQ,429609915.0,203.1,46.81,45.46,7,60.0,2280,False,-30.24,83.77,-4.52,4.13,42.6,72.28,106.05,212.7052,195.0493,142.4234,117.8916,98.5692,17839181,1255,2026-09-25,46.86,2115263.0
NYSE:FCF,FCF,First Commonwealth Financial Corporation,Financial Services,Banks - Regional,United States,NYSE,2114032971.0,20.91,46.81,49.15,7,60.0,2281,False,-4.11,40.92,11.03,14.84,22.76,33.08,41.19,18.8331,18.2078,17.0329,15.7118,14.8096,20544584,1255,2026-09-25,47.49,101101529.0
NASDAQ:PEBK,PEBK,"Peoples Bancorp of North Carolina, Inc.",Financial Services,Banks - Regional,United States,NASDAQ,230094179.0,43.24,46.85,48.57,7,60.1,2282,False,-4.0,57.39,7.68,13.67,32.08,42.38,51.0,40.1553,38.0393,32.7374,30.3693,28.6366,1013018,1255,2026-09-25,48.75,5321327.0
NYSE:SES,SES,SES AI Corporation,Consumer Cyclical,Auto Parts,United States,NYSE,174090130.0,0.535,46.85,45.37,7,60.1,2283,False,-84.89,7.0,-55.18,-62.32,-53.12,-58.11,-69.49,1.1936,1.42,1.1412,1.2773,1.7537,10618373,1255,2026-09-25,45.85,325402113.0
NASDAQ:ALGT,ALGT,Allegiant Travel Company,Industrials,Airlines,United States,NASDAQ,2125741475.0,79.09,46.89,45.07,7,60.2,2284,True,-33.63,36.29,-11.46,-6.53,5.64,12.08,5.04,89.3231,84.6117,74.8647,70.5678,75.2965,38888823,1255,2026-09-25,41.58,26877500.0
AMEX:EPM,EPM,"Evolution Petroleum Corporation, Inc.",Energy,Oil & Gas E&P,United States,AMEX,126091363.0,3.52,46.89,47.51,7,60.2,2285,False,-24.43,19.23,-7.71,-8.31,-13.05,-15.56,-21.14,3.8139,3.8388,4.0483,4.1685,4.4636,2168658,1255,2026-09-25,52.33,35821410.0
NASDAQ:COFS,COFS,"ChoiceOne Financial Services, Inc.",Financial Services,Banks - Regional,United States,NASDAQ,494262604.0,33.06,46.91,48.4,7,60.2,2286,False,-3.69,30.51,8.02,9.93,11.28,19.59,26.97,30.6064,30.0739,29.7087,27.6438,26.0368,2341800,1255,2026-09-25,43.93,14950472.0
NYSE:CTO,CTO,"CTO Realty Growth, Inc.",Real Estate,REIT - Diversified,United States,NYSE,776698607.0,20.72,46.92,46.67,7,60.2,2287,False,-6.37,46.69,7.27,11.84,18.94,27.0,33.31,19.3157,18.5271,17.4207,16.3152,15.5432,8711124,1255,2026-09-25,41.87,37485454.0
NASDAQ:IRWD,IRWD,"Ironwood Pharmaceuticals, Inc.",Healthcare,Drug Manufacturers - Specialty & Generic,United States,NASDAQ,679853367.0,4.13,46.93,48.71,7,60.2,2288,False,-23.38,225.2,3.48,13.68,43.37,-14.39,-34.62,3.991,3.633,2.8806,4.8241,6.3167,8673595,1255,2026-09-25,48.79,164613406.0
NASDAQ:SPOK,SPOK,"Spok Holdings, Inc.",Healthcare,Health Information Services,United States,NASDAQ,218803713.0,10.46,46.94,48.06,7,60.3,2289,True,-33.11,5.16,-4.71,-8.67,-18.46,-17.42,-8.54,10.9772,11.4528,12.8273,12.6658,11.4366,1395316,1255,2026-09-25,42.54,20918137.0
NYSE:XHR,XHR,"Xenia Hotels & Resorts, Inc.",Real Estate,REIT - Hotel & Motel,United States,NYSE,1676106822.0,18.17,46.94,44.55,7,60.3,2290,False,-16.73,51.64,7.49,12.85,25.54,31.72,36.5,16.9034,16.1013,14.4739,13.7944,13.3117,16615568,1255,2026-09-25,40.35,92245835.0
NYSE:EG,EG,"Everest Group, Ltd.",Financial Services,Insurance - Reinsurance,Bermuda,NYSE,14335641000.0,370.43,46.95,49.32,7,60.4,2291,False,-6.59,23.65,7.85,9.02,8.23,6.06,8.08,343.4652,339.78,342.2619,349.2594,342.7284,160175249,1255,2026-09-25,48.65,38700000.0
NASDAQ:FRBA,FRBA,First Bank,Financial Services,Banks - Regional,United States,NASDAQ,446145412.0,17.8,46.95,48.48,7,60.4,2292,False,-6.41,23.39,6.51,8.26,14.9,22.74,29.04,16.7124,16.4421,15.4924,14.5022,13.7945,1526410,1255,2026-09-25,39.94,25064349.0
NASDAQ:ICCC,ICCC,ImmuCell Corporation,Healthcare,Biotechnology,United States,NASDAQ,89834714.0,9.93,46.95,47.08,7,60.4,2293,False,-15.27,117.76,18.79,26.56,51.51,67.1,66.34,8.3595,7.846,6.5539,5.9427,5.9697,139857,1255,2026-09-25,48.22,9046799.0
NYSE:MIR,MIR,"Mirion Technologies, Inc.",Industrials,Specialty Industrial Machinery,United States,NYSE,3792705454.0,15.59,46.95,47.63,7,60.4,2294,False,-47.6,8.26,-19.65,-24.18,-17.67,-1.93,12.7,19.403,20.5625,18.9361,15.8964,13.8336,60459165,1255,2026-09-25,48.01,243278092.0
NASDAQ:CRMD,CRMD,CorMedix Inc.,Healthcare,Biotechnology,United States,NASDAQ,615847344.0,7.85,46.96,47.81,7,60.4,2295,False,-38.33,25.6,-3.11,-9.4,-19.31,-0.7,12.86,8.1018,8.6643,9.728,7.9053,6.9553,6980494,1255,2026-09-25,44.24,78451891.0
NASDAQ:ADEA,ADEA,Adeia Inc.,Technology,Software - Application,United States,NASDAQ,2810284725.0,25.48,46.97,46.6,7,60.5,2296,True,-23.95,119.25,3.32,12.59,42.02,64.61,82.81,24.6602,22.6317,17.9417,15.479,13.9382,22180769,1255,2026-09-25,43.59,110293749.0
AMEX:LCTX,LCTX,"Lineage Cell Therapeutics, Inc.",Healthcare,Biotechnology,United States,AMEX,256777244.0,1.03,46.97,45.71,7,60.5,2297,True,-47.45,8.42,-27.38,-30.6,-8.51,-7.02,-11.78,1.4183,1.484,1.1258,1.1078,1.1676,1400644,1255,2026-09-25,34.35,249298295.0
NASDAQ:SENEB,SENEB,Seneca Foods Corp.,Consumer Defensive,Packaged Foods,United States,NASDAQ,290351439.0,187.42,46.97,51.96,7,60.5,2298,False,-10.12,79.35,26.01,32.27,64.96,98.97,123.35,148.7341,141.6937,113.617,94.1975,83.9122,27770,1255,2026-09-25,46.97,1549202.0
NYSE:DEO,DEO,Diageo plc,Consumer Defensive,Beverages - Wineries & Distilleries,United Kingdom,NYSE,48652363274.0,87.52,46.98,48.17,7,60.5,2299,False,-13.45,21.99,2.82,1.11,-10.74,-19.66,-27.87,85.1192,86.5566,98.0522,108.9401,121.3315,81466974,1255,2026-09-25,44.35,555899946.0
NASDAQ:FROG,FROG,JFrog Ltd.,Technology,Software - Application,United States,NASDAQ,10801456986.0,89.18,46.99,49.19,7,60.6,2300,False,-14.27,156.63,31.61,37.68,75.73,98.48,125.02,67.763,64.7745,50.7497,44.9326,39.6326,172293450,1255,2026-09-25,54.83,121119724.0
NYSE:HRTG,HRTG,"Heritage Insurance Holdings, Inc.",Financial Services,Insurance - Property & Casualty,United States,NYSE,1007200177.0,33.27,46.99,52.17,7,60.6,2301,False,-6.07,59.34,20.0,21.39,50.57,89.85,138.65,27.7252,27.4067,22.0957,17.5244,13.9407,9422052,1255,2026-09-25,46.21,30273525.0
NASDAQ:AQST,AQST,"Aquestive Therapeutics, Inc.",Healthcare,Drug Manufacturers - Specialty & Generic,United States,NASDAQ,587185504.0,4.68,47.0,49.82,7,60.6,2302,False,-37.52,58.64,6.89,-1.72,10.31,22.28,46.23,4.3784,4.7621,4.2427,3.8274,3.2005,11590321,1255,2026-09-25,50.95,125466988.0
NASDAQ:CLBK,CLBK,"Columbia Financial, Inc.",Financial Services,Banks - Regional,United States,NASDAQ,1178979803.0,11.33,47.0,51.86,7,60.6,2303,False,-4.15,82.37,25.07,31.64,44.99,46.61,42.09,9.0587,8.6071,7.8142,7.7281,7.9739,52971067,1255,2026-09-25,44.21,104058235.0
NASDAQ:OMCL,OMCL,"Omnicell, Inc.",Healthcare,Health Information Services,United States,NASDAQ,1530820077.0,33.66,47.01,44.21,7,60.7,2304,False,-34.5,14.26,-16.67,-13.62,-10.86,-7.48,-21.39,40.3918,38.9663,37.7595,36.3817,42.8207,19879130,1255,2026-09-25,42.22,45478909.0
NASDAQ:ESLT,ESLT,Elbit Systems Ltd.,Industrials,Aerospace & Defense,Israel,NASDAQ,34435615095.0,735.0,47.04,46.23,7,60.7,2305,False,-27.37,62.16,-4.3,3.57,38.77,75.66,104.24,768.0006,709.6603,529.6574,418.4141,359.865,50205416,1255,2026-09-25,49.36,46851177.0
NASDAQ:GANX,GANX,"Gain Therapeutics, Inc.",Healthcare,Biotechnology,United States,NASDAQ,75924188.0,1.78,47.04,47.81,7,60.7,2306,False,-57.42,11.95,-14.04,-16.39,-12.39,-21.22,-33.72,2.0706,2.1289,2.0318,2.2594,2.6855,621285,1255,2026-09-25,51.35,42654038.0
NASDAQ:INO,INO,"Inovio Pharmaceuticals, Inc.",Healthcare,Biotechnology,United States,NASDAQ,121924525.0,1.18,47.05,49.66,7,60.8,2307,False,-55.47,78.79,-14.63,-24.25,-44.02,-71.12,-81.92,1.3822,1.5578,2.1079,4.0853,6.5264,3870683,1255,2026-09-25,49.69,103325869.0
NYSE:TALO,TALO,"Talos Energy, Inc.",Energy,Oil & Gas E&P,United States,NYSE,2749268222.0,16.47,47.05,50.1,7,60.8,2308,False,-10.15,81.99,15.82,23.01,45.34,38.43,25.66,14.2199,13.3892,11.3321,11.8974,13.107,36056520,1255,2026-09-25,52.68,166925818.0
NASDAQ:MCBS,MCBS,"MetroCity Bankshares, Inc.",Financial Services,Banks - Regional,United States,NASDAQ,1002528269.0,34.98,47.06,48.24,7,60.8,2309,False,-4.87,45.21,11.32,15.67,19.41,29.37,42.08,31.423,30.2416,29.293,27.0391,24.6196,2716754,1255,2026-09-25,44.39,28660042.0
NASDAQ:MNTS,MNTS,Momentus Inc.,Industrials,Aerospace & Defense,United States,NASDAQ,79675497.0,4.23,47.07,45.07,7,60.8,2310,False,-86.15,30.96,-35.3,-53.97,-89.27,-96.65,-99.81,6.538,9.1895,39.4091,126.3382,2259.0691,2496479,1255,2026-09-25,48.5,18835815.0
NYSE:SXC,SXC,"SunCoke Energy, Inc.",Basic Materials,Coking Coal,United States,NYSE,812252314.0,9.57,47.07,50.29,7,60.8,2311,False,-9.46,73.61,23.0,25.36,19.15,15.79,20.56,7.7803,7.6342,8.032,8.2652,7.9381,9146345,1255,2026-09-25,50.81,84874850.0
AMEX:APT,APT,"Alpha Pro Tech, Ltd.",Industrials,Building Products & Equipment,Canada,AMEX,52515030.0,5.14,47.08,47.76,7,60.9,2312,True,-22.59,18.43,1.45,3.19,2.43,0.44,5.83,5.0665,4.9812,5.0182,5.1177,4.8568,135793,1255,2026-09-25,40.12,10216932.0
NASDAQ:RSVR,RSVR,"Reservoir Media, Inc..",Communication Services,Entertainment,United States,NASDAQ,624577973.0,9.49,47.08,46.0,7,60.9,2313,False,-14.5,31.44,2.12,6.31,12.41,18.42,26.18,9.2927,8.927,8.4423,8.0135,7.5208,973242,1255,2026-09-25,47.08,65814328.0
NYSE:OPLN,OPLN,"OPENLANE, Inc.",Consumer Cyclical,Auto & Truck Dealerships,United States,NYSE,3689043411.0,34.82,47.09,46.04,7,60.9,2314,False,-18.83,42.18,4.48,9.2,30.05,50.35,66.42,33.3282,31.8853,26.7748,23.1599,20.9226,35925511,1255,2026-09-25,44.21,105946106.0
NASDAQ:CRSP,CRSP,CRISPR Therapeutics AG,Healthcare,Biotechnology,Switzerland,NASDAQ,5340794261.0,54.23,47.1,48.82,7,61.0,2315,False,-29.37,22.3,1.68,-1.38,7.08,1.75,1.83,53.3321,54.9882,50.6467,53.2966,53.2558,89730392,1255,2026-09-25,51.01,98484128.0
NASDAQ:GEG,GEG,"Great Elm Group, Inc.",Financial Services,Asset Management,United States,NASDAQ,67731137.0,2.16,47.1,48.09,7,61.0,2316,True,-21.74,19.34,-1.18,-4.04,1.45,5.51,5.01,2.1859,2.251,2.1292,2.0472,2.057,51605,1255,2026-09-25,44.6,31357008.0
NASDAQ:CZWI,CZWI,"Citizens Community Bancorp, Inc.",Financial Services,Banks - Regional,United States,NASDAQ,205935930.0,21.34,47.12,48.02,7,61.0,2317,True,-10.46,43.42,6.23,10.83,25.69,42.79,54.84,20.0883,19.2546,16.9781,14.9448,13.7816,1286340,1255,2026-09-25,44.68,9650231.0
NYSE:INGM,INGM,Ingram Micro Holding Corporation,Technology,Information Technology Services,United States,NYSE,6223258170.0,26.98,47.12,47.14,7,61.0,2318,True,-14.46,39.67,5.6,9.43,,,,25.5502,24.655,,,,68857420,481,2026-09-25,42.45,230661904.0
NYSE:AMPX,AMPX,"Amprius Technologies, Inc.",Industrials,Electrical Equipment & Parts,United States,NYSE,1380864908.0,9.75,47.13,45.26,7,61.1,2319,True,-57.44,24.52,-27.68,-26.0,15.63,50.07,43.44,13.482,13.176,8.4323,6.4971,6.7973,43093629,1011,2026-09-25,46.24,141627170.0
NASDAQ:GEHC,GEHC,GE HealthCare Technologies Inc.,Healthcare,Medical Devices,United States,NASDAQ,30095854971.0,66.63,47.13,47.29,7,61.1,2320,False,-24.31,12.07,-7.07,-8.14,-12.02,-13.15,,71.7026,72.5322,75.7368,76.7162,,233217594,947,2026-09-25,45.78,451686252.0
NASDAQ:OSBC,OSBC,"Old Second Bancorp, Inc.",Financial Services,Banks - Regional,United States,NASDAQ,1270927102.0,24.95,47.14,50.46,7,61.1,2321,False,-3.71,51.35,14.27,18.69,31.19,43.51,50.58,21.8347,21.0211,19.0177,17.386,16.5688,11916900,1255,2026-09-25,44.09,50938962.0
NYSE:PACK,PACK,Ranpak Holdings Corp,Consumer Cyclical,Packaging & Containers,United States,NYSE,376478889.0,4.39,47.14,42.56,7,61.1,2322,False,-42.54,35.49,-18.28,-17.64,-18.14,-20.13,-18.62,5.3722,5.3304,5.3631,5.4966,5.3948,2010044,1255,2026-09-25,40.54,85758289.0
NYSE:RHLD,RHLD,Resolute Holdings Management,Industrials,Specialty Business Services,United States,NYSE,1035318078.0,125.38,47.14,47.45,7,61.1,2323,False,-44.61,89.17,-17.97,-14.55,,,,152.8421,146.7217,,,,16737788,400,2026-09-25,49.63,8257442.0
NYSE:ECG,ECG,"Everus Construction Group, Inc.",Industrials,Engineering & Construction,United States,NYSE,5968805406.0,116.94,47.16,45.64,7,61.2,2324,False,-30.87,47.5,-4.82,0.95,,,,122.8611,115.8419,,,,48920187,479,2026-09-25,46.79,51041606.0
NYSE:BSAC,BSAC,Banco Santander - Chile ADS,Financial Services,Banks - Regional,Chile,NYSE,16192233445.0,34.37,47.17,48.82,7,61.2,2325,True,-4.92,38.6,5.65,9.44,32.12,49.68,65.07,32.5326,31.4065,26.0143,22.9624,20.8217,10183192,1255,2026-09-25,41.26,471115317.0
NYSE:AZZ,AZZ,AZZ Inc.,Industrials,Specialty Business Services,United States,NYSE,4122164392.0,137.17,47.19,45.84,7,61.2,2326,False,-14.22,41.15,1.71,7.1,24.7,43.71,68.37,134.8589,128.0782,109.9994,95.4504,81.4708,33050256,1255,2026-09-25,49.12,30051501.0
NASDAQ:ANIK,ANIK,Anika Therapeutics Inc.,Healthcare,Drug Manufacturers - Specialty & Generic,United States,NASDAQ,272611017.0,20.37,47.2,52.09,7,61.3,2327,True,-7.54,126.33,38.35,49.14,42.44,16.13,2.94,14.7234,13.658,14.3006,17.5411,19.7885,1580092,1255,2026-09-25,45.28,13382966.0
NYSE:TM,TM,Toyota Motor Corporation,Consumer Cyclical,Auto Manufacturers,Japan,NYSE,225382592904.0,190.34,47.22,49.36,7,61.3,2328,True,-23.34,14.32,-5.72,-5.46,-0.38,-1.01,6.51,201.8899,201.3412,191.0717,192.2869,178.7063,64679213,1255,2026-09-25,40.28,1184105248.0
NYSE:SXT,SXT,Sensient Technologies Corporation,Basic Materials,Specialty Chemicals,United States,NYSE,5500761011.0,129.22,47.23,50.31,7,61.3,2329,True,-5.99,56.82,18.76,22.47,35.61,51.74,60.66,108.8117,105.5075,95.2885,85.156,80.4289,42517067,1255,2026-09-25,44.01,42568960.0
NASDAQ:ZYME,ZYME,Zymeworks Inc.,Healthcare,Biotechnology,United States,NASDAQ,1936571578.0,26.52,47.23,49.46,7,61.3,2330,False,-14.59,64.11,5.73,10.31,41.67,69.32,93.01,25.0823,24.042,18.7192,15.6624,13.7406,19559410,1255,2026-09-25,48.77,73023061.0
NYSE:FERG,FERG,Ferguson Enterprises Inc.,Industrials,Industrial Distribution,United States,NYSE,43197711363.0,222.74,47.24,46.08,7,61.4,2331,True,-16.17,3.96,-5.72,-5.86,4.23,8.95,20.02,236.261,236.5947,213.7031,204.4418,185.5885,303563545,1255,2026-09-25,43.2,193937826.0
NASDAQ:NHP,NHP,"National Healthcare Properties, Inc.",Real Estate,REIT - Healthcare Facilities,United States,NASDAQ,1179061531.0,16.03,47.24,49.92,7,61.4,2332,False,-6.15,34.23,,,,,,,,,,,10372163,109,2026-09-25,51.12,73553433.0
NASDAQ:SSBI,SSBI,Summit State Bank,Financial Services,Banks - Regional,United States,NASDAQ,84176703.0,12.44,47.25,46.61,7,61.4,2333,True,-11.14,18.48,-5.02,-2.26,14.23,14.72,5.43,13.0981,12.7279,10.89,10.844,11.7996,75504,1255,2026-09-25,41.43,6766616.0
NYSE:ASAN,ASAN,"Asana, Inc.",Technology,Software - Application,United States,NYSE,1451945314.0,9.02,47.26,49.64,7,61.5,2334,False,-40.62,65.2,5.5,-5.97,-29.63,-35.49,-40.87,8.5502,9.5926,12.8173,13.983,15.2556,83109789,1255,2026-09-25,48.74,160969547.0
NASDAQ:CHCO,CHCO,City Holding Company,Financial Services,Banks - Regional,United States,NASDAQ,2003362237.0,141.97,47.27,49.93,7,61.5,2335,False,-4.06,23.81,10.72,12.5,17.05,25.2,33.54,128.2194,126.193,121.2951,113.3965,106.3125,18630646,1255,2026-09-25,38.43,14111166.0
NYSE:ICE,ICE,Intercontinental Exchange Inc.,Financial Services,Financial Data & Stock Exchanges,United States,NYSE,86628783289.0,154.31,47.27,50.08,7,61.5,2336,False,-10.97,25.96,0.08,0.12,-3.21,3.51,12.53,154.1869,154.1186,159.4272,149.0812,137.1236,504231848,1255,2026-09-25,52.93,561394487.0
NASDAQ:SKYX,SKYX,SKYX Platforms Corp.,Industrials,Electrical Equipment & Parts,United States,NASDAQ,165415426.0,1.23,47.27,49.23,7,61.5,2337,True,-60.7,30.02,-19.47,-20.22,-11.3,-8.04,-28.53,1.5274,1.5417,1.3868,1.3375,1.7209,1196777,1160,2026-09-25,45.47,134484086.0
NASDAQ:VOXR,VOXR,Vox Royalty Corp.,Basic Materials,Other Precious Metals & Mining,United States,NASDAQ,374825498.0,5.44,47.27,50.27,7,61.5,2338,True,-14.86,41.19,3.08,7.23,36.06,61.15,74.91,5.2776,5.0734,3.9982,3.3757,3.1102,2227024,1255,2026-09-25,45.95,68901746.0
NYSE:AESI,AESI,Atlas Energy Solutions Inc.,Energy,Oil & Gas Equipment & Services,United States,NYSE,1557572632.0,12.47,47.28,47.31,7,61.6,2339,True,-36.86,53.95,-6.46,-1.92,-14.77,-21.54,,13.3311,12.7145,14.6307,15.893,,45812858,891,2026-09-25,33.66,124905584.0
NASDAQ:EOLS,EOLS,"Evolus, Inc.",Healthcare,Drug Manufacturers - Specialty & Generic,United States,NASDAQ,524862365.0,7.97,47.28,50.63,7,61.6,2340,True,-14.3,102.28,29.79,27.56,-10.02,-19.21,-16.46,6.1408,6.2482,8.8575,9.8646,9.5409,6642837,1255,2026-09-25,44.85,65854751.0
NASDAQ:ORRF,ORRF,"Orrstown Financial Services, Inc.",Financial Services,Banks - Regional,United States,NASDAQ,820689107.0,41.77,47.28,49.2,7,61.6,2341,False,-3.93,34.08,9.65,12.54,20.4,32.59,46.02,38.0952,37.116,34.6914,31.5037,28.6052,4240962,1255,2026-09-25,48.06,19647812.0
NYSE:DGX,DGX,Quest Diagnostics Incorporated,Healthcare,Diagnostics & Research,United States,NYSE,26083432435.0,236.32,47.3,51.0,7,61.7,2342,False,-4.5,37.99,15.96,18.64,30.5,44.0,51.83,203.8004,199.185,181.0876,164.1088,155.6466,263800038,1255,2026-09-25,47.65,110373360.0
NYSE:SII,SII,Sprott Inc.,Financial Services,Asset Management,Canada,NYSE,3205806122.0,124.34,47.3,49.7,7,61.7,2343,True,-24.79,60.36,-0.27,6.76,47.79,82.62,110.05,124.6742,116.4698,84.1307,68.0878,59.1951,16101075,1255,2026-09-25,47.16,25782581.0
NYSE:DSX,DSX,Diana Shipping inc.,Industrials,Marine Shipping,Greece,NYSE,348326941.0,2.8,47.33,52.47,7,61.7,2344,False,-9.97,80.53,18.54,25.56,40.78,25.87,13.47,2.3621,2.23,1.989,2.2244,2.4677,4465815,1255,2026-09-25,53.97,124402479.0
NYSE:GE,GE,GE Aerospace,Industrials,Aerospace & Defense,United States,NYSE,339376322377.0,327.09,47.33,45.72,7,61.7,2345,True,-14.2,19.85,1.31,2.88,23.03,48.11,78.88,322.8491,317.9217,265.8523,220.8459,182.8595,1355436632,1255,2026-09-25,39.67,1037562513.0
NASDAQ:GNTX,GNTX,Gentex Corporation,Consumer Cyclical,Auto Parts,United States,NASDAQ,4808452728.0,22.58,47.33,45.94,7,61.7,2346,True,-20.28,10.25,-2.99,-3.79,-7.48,-15.47,-15.48,23.2768,23.47,24.4054,26.7126,26.7147,50788627,1255,2026-09-25,36.55,212951848.0
NASDAQ:OPBK,OPBK,OP Bancorp,Financial Services,Banks - Regional,United States,NASDAQ,226094548.0,15.18,47.35,49.06,7,61.8,2347,False,-5.22,24.01,6.62,8.54,12.42,25.46,34.84,14.238,13.9856,13.5026,12.0991,11.2581,747640,1255,2026-09-25,45.22,14894239.0
NASDAQ:TILE,TILE,"Interface, Inc.",Consumer Cyclical,"Furnishings, Fixtures & Appliances",United States,NASDAQ,2043577958.0,35.2,47.35,48.78,7,61.8,2348,False,-10.4,44.4,12.82,16.08,34.08,58.99,85.92,31.1992,30.3243,26.2533,22.1395,18.9325,19480028,1255,2026-09-25,47.27,58056192.0
NASDAQ:RIVN,RIVN,"Rivian Automotive, Inc.",Consumer Cyclical,Auto Manufacturers,United States,NASDAQ,22337877571.0,15.47,47.36,47.54,7,61.8,2349,False,-31.09,23.76,-4.72,-2.84,8.13,6.91,-4.49,16.2359,15.9223,14.3063,14.4696,16.1978,336433924,1223,2026-09-25,44.94,1443948130.0
NASDAQ:HTLM,HTLM,HomesToLife Ltd,Consumer Cyclical,Specialty Retail,Singapore,NASDAQ,159643750.0,1.78,47.37,47.59,7,61.9,2350,False,-47.36,14.99,-11.37,-20.27,,,,2.0083,2.2324,,,,5418,498,2026-09-25,47.37,89687500.0
NASDAQ:LLYVK,LLYVK,"Liberty Live Holdings, Inc. - Series C Liberty Live Group",Communication Services,Entertainment,United States,NASDAQ,6349083432.0,99.36,47.37,47.15,7,61.9,2351,False,-8.73,28.49,3.88,5.8,18.46,45.35,,95.6503,93.9091,83.8771,68.3595,,29308622,789,2026-09-25,48.43,63899793.0
NYSE:GEF,GEF,Greif Inc.,Consumer Cyclical,Packaging & Containers,United States,NYSE,2050682430.0,82.66,47.38,50.57,7,61.9,2352,False,-7.59,50.66,15.01,19.59,29.75,33.59,34.84,71.8738,69.1187,63.7061,61.8779,61.3037,31353288,1255,2026-09-25,48.06,24808643.0
NASDAQ:CTBI,CTBI,"Community Trust Bancorp, Inc.",Financial Services,Banks - Regional,United States,NASDAQ,1372450759.0,75.56,47.39,50.01,7,62.0,2353,False,-4.03,53.3,14.34,19.47,32.82,49.0,61.52,66.0828,63.2459,56.8874,50.7109,46.7819,7973527,1255,2026-09-25,45.32,18163721.0
NYSE:EQNR,EQNR,Equinor ASA,Energy,Oil & Gas Integrated,Norway,NYSE,100244977108.0,42.19,47.39,50.97,7,62.0,2354,False,-7.78,94.6,22.72,31.84,54.94,61.52,65.85,34.3785,32.0002,27.2293,26.1212,25.4381,148109152,1255,2026-09-25,52.11,2376036433.0
NASDAQ:ASRV,ASRV,AmeriServ Financial Inc.,Financial Services,Banks - Regional,United States,NASDAQ,79392770.0,4.68,47.4,49.72,7,62.0,2355,True,-10.69,69.16,21.13,27.18,49.29,61.85,60.68,3.8638,3.6797,3.1347,2.8916,2.9127,69326,1255,2026-09-25,47.06,16964267.0
NYSE:MUR,MUR,Murphy Oil Corporation,Energy,Oil & Gas E&P,United States,NYSE,5209036271.0,36.33,47.4,48.76,7,62.0,2356,False,-13.38,42.32,2.96,7.31,22.83,12.81,9.63,35.2845,33.8561,29.5784,32.2032,33.1373,61563126,1255,2026-09-25,51.6,143381125.0
NASDAQ:HMH,HMH,HMH Holding Inc.,Energy,Oil & Gas Equipment & Services,United States,NASDAQ,232042392.0,19.16,47.41,47.59,7,62.1,2357,False,-21.02,13.44,,,,,,,,,,,3611331,123,2026-09-25,41.7,12110772.0
NYSE:UNM,UNM,Unum Group,Financial Services,Insurance - Life,United States,NYSE,14577847000.0,92.09,47.41,50.09,7,62.1,2358,True,-4.64,31.87,12.71,14.75,20.97,38.68,54.13,81.7043,80.2506,76.1245,66.4039,59.7495,190181186,1255,2026-09-25,44.18,158300000.0
NASDAQ:FISI,FISI,"Financial Institutions, Inc.",Financial Services,Banks - Regional,United States,NASDAQ,791982665.0,40.23,47.43,49.62,7,62.1,2359,False,-5.04,62.22,14.27,19.7,38.3,59.56,73.06,35.2047,33.6104,29.09,25.2131,23.246,5805733,1255,2026-09-25,44.89,19686370.0
NASDAQ:NAUT,NAUT,"Nautilus Biotechnology, Inc.",Healthcare,Biotechnology,United States,NASDAQ,122546780.0,0.963,47.45,44.02,7,62.2,2360,False,-75.62,20.07,-53.78,-50.86,-42.47,-52.49,-55.14,2.0836,1.9599,1.674,2.027,2.1468,1010077,1255,2026-09-25,49.63,127255223.0
NASDAQ:RPD,RPD,"Rapid7, Inc.",Technology,Software - Infrastructure,United States,NASDAQ,776571781.0,11.62,47.45,49.83,7,62.2,2361,False,-40.2,130.1,20.73,4.44,-43.72,-60.39,-64.44,9.6251,11.1255,20.6481,29.3323,32.6777,24828371,1255,2026-09-25,57.0,66830618.0
NASDAQ:CZFS,CZFS,"Citizens Financial Services, Inc.",Financial Services,Banks - Regional,United States,NASDAQ,384021088.0,79.85,47.46,50.88,7,62.2,2362,False,-3.98,54.75,18.86,23.62,30.73,42.82,37.32,67.1821,64.5923,61.0817,55.9108,58.1501,2725733,1255,2026-09-25,45.23,4809281.0
NASDAQ:ELTK,ELTK,Eltek Ltd.,Technology,Electronic Components,Israel,NASDAQ,54573115.0,8.12,47.46,47.47,7,62.2,2363,False,-29.7,6.84,-6.75,-10.67,-15.72,-20.91,-10.28,8.7081,9.0897,9.6347,10.267,9.0508,129546,1255,2026-09-25,47.46,6720827.0
NYSE:MCI,MCI,Barings Corporate Investors,Financial Services,Asset Management,United States,NYSE,377814722.0,18.38,47.47,51.84,7,62.2,2364,False,-8.5,15.27,2.83,1.46,1.17,8.74,20.07,17.8744,18.1159,18.1678,16.9022,15.3074,960098,1255,2026-09-25,50.37,20555752.0
NASDAQ:ORLY,ORLY,"O'Reilly Automotive, Inc.",Consumer Cyclical,Auto Parts,United States,NASDAQ,70288199816.0,86.12,47.48,46.92,7,62.3,2365,False,-20.12,4.1,-5.54,-7.37,-5.49,3.01,11.7,91.1679,92.9755,91.1249,83.6042,77.1,562571900,1255,2026-09-25,47.9,816165813.0
AMEX:CTGO,CTGO,Contango Silver & Gold Inc.,Basic Materials,Gold,United States,AMEX,621378996.0,18.55,47.49,48.78,7,62.3,2366,True,-43.96,25.08,-16.42,-17.37,-3.95,-4.02,-10.55,22.1953,22.4483,19.3122,19.3277,20.7377,7626822,1255,2026-09-25,44.63,33497520.0
NASDAQ:PBFS,PBFS,"Pioneer Bancorp, Inc.",Financial Services,Banks - Regional,United States,NASDAQ,443107074.0,17.67,47.49,50.4,7,62.3,2367,True,-4.69,37.62,14.4,17.94,32.06,45.74,52.47,15.4452,14.9816,13.3807,12.1244,11.5892,309930,1255,2026-09-25,39.97,25076801.0
NASDAQ:STEX,STEX,Streamex Corp.,Financial Services,Capital Markets,United States,NASDAQ,72992372.0,0.7,47.49,46.95,7,62.3,2368,False,-88.91,21.11,-57.04,-69.34,-71.91,-69.74,-82.17,1.6293,2.2834,2.4919,2.3134,3.9252,791007,1255,2026-09-25,53.71,104274817.0
NYSE:CNM,CNM,"Core & Main, Inc.",Industrials,Industrial Distribution,United States,NYSE,7981902314.0,42.64,47.5,46.22,7,62.4,2369,True,-27.84,4.97,-13.92,-14.28,-17.05,-13.65,-1.53,49.5358,49.7438,51.4074,49.3804,43.3007,125435827,1255,2026-09-25,40.49,187192831.0
NYSE:DOV,DOV,Dover Corporation,Industrials,Specialty Industrial Machinery,United States,NYSE,25842441573.0,191.88,47.51,44.63,7,62.4,2370,True,-17.15,20.28,-8.33,-5.07,-0.28,5.66,12.86,209.3128,202.1194,192.416,181.5996,170.0085,267971976,1255,2026-09-25,38.49,134680225.0
NASDAQ:SLNG,SLNG,"Stabilis Solutions, Inc.",Energy,Oil & Gas Integrated,United States,NASDAQ,97630580.0,5.25,47.51,49.6,7,62.4,2371,True,-20.33,63.04,13.33,12.58,7.03,12.38,10.36,4.6324,4.6632,4.9052,4.6715,4.7573,234162,1255,2026-09-25,45.98,18596301.0
NASDAQ:MVST,MVST,"Microvast Holdings, Inc.",Consumer Cyclical,Auto Parts,United States,NASDAQ,229212280.0,0.688,47.52,43.44,7,62.5,2372,True,-89.25,18.42,-59.55,-69.86,-68.31,-59.8,-60.15,1.7011,2.2826,2.1707,1.7113,1.7265,4743830,1255,2026-09-25,47.18,333157384.0
NASDAQ:ASTH,ASTH,Astrana Health Inc.,Healthcare,Medical Care Facilities,United States,NASDAQ,1803348913.0,36.37,47.54,46.77,7,62.5,2373,False,-26.98,100.28,12.44,15.91,10.09,3.19,3.89,32.3473,31.3778,33.0363,35.2452,35.0079,15048517,1255,2026-09-25,38.33,49583418.0
NASDAQ:NNE,NNE,Nano Nuclear Energy Inc.,Industrials,Specialty Industrial Machinery,United States,NASDAQ,912331501.0,16.99,47.54,46.94,7,62.5,2374,False,-70.0,14.18,-28.93,-37.83,-39.18,,,23.9057,27.329,27.9358,,,32391791,598,2026-09-25,47.7,53698146.0
NYSE:ESAB,ESAB,ESAB Corporation,Industrials,Metal Fabrication,United States,NYSE,4468197387.0,71.91,47.55,44.12,7,62.5,2375,False,-46.54,10.73,-27.43,-29.61,-35.19,-31.13,-22.0,99.087,102.1561,110.9614,104.4147,92.1959,66600980,1128,2026-09-25,36.71,62135967.0
NYSE:SA,SA,"Seabridge Gold, Inc. Common Shares New",Basic Materials,Gold,Canada,NYSE,3260975052.0,30.3,47.55,49.19,7,62.5,2376,True,-23.0,40.47,-0.35,3.5,39.05,59.22,74.36,30.4054,29.2753,21.7915,19.0303,17.3778,16170228,1255,2026-09-25,46.21,107622939.0
AMEX:OPHC,OPHC,"OptimumBank Holdings, Inc.",Financial Services,Banks - Regional,United States,AMEX,108575013.0,8.85,47.57,52.32,7,62.6,2377,False,-12.38,126.34,46.33,56.83,74.53,86.28,98.3,6.0479,5.6429,5.0706,4.751,4.4628,882761,1255,2026-09-25,56.95,12268363.0
NASDAQ:HNVR,HNVR,"Hanover Bancorp, Inc.",Financial Services,Banks - Regional,United States,NASDAQ,189723083.0,26.51,47.58,50.2,7,62.6,2378,True,-4.43,33.68,12.19,14.25,17.92,29.88,34.44,23.6294,23.2042,22.482,20.4108,19.7189,1014729,1098,2026-09-25,41.29,7156661.0
NYSE:LSPD,LSPD,Lightspeed Commerce Inc. Subordinate Voting Shares,Technology,Software - Application,Canada,NYSE,1276186973.0,9.87,47.58,47.58,7,62.6,2379,False,-26.56,17.92,-1.6,-4.96,-15.79,-22.39,-26.81,10.0308,10.3854,11.721,12.7174,13.4856,6172040,1255,2026-09-25,42.58,129299592.0
NASDAQ:BGC,BGC,"BGC Group, Inc.",Financial Services,Capital Markets,United States,NASDAQ,4300673629.0,11.84,47.59,50.66,7,62.7,2380,False,-6.23,43.64,12.88,16.32,20.75,30.81,50.54,10.4894,10.1786,9.8057,9.0513,7.8648,43413348,1255,2026-09-25,55.72,363232570.0
NASDAQ:EXOZ,EXOZ,eXoZymes Inc.,Healthcare,Biotechnology,United States,NASDAQ,57962087.0,6.245,47.6,47.88,7,62.7,2381,False,-62.15,41.93,-27.89,-36.14,,,,8.6604,9.7794,,,,49734,467,2026-09-25,49.3,9281359.0
NASDAQ:BUSE,BUSE,First Busey Corporation,Financial Services,Banks - Regional,United States,NASDAQ,2503172085.0,30.09,47.61,49.56,7,62.7,2382,False,-4.72,41.09,11.58,15.62,24.58,30.08,35.93,26.9666,26.0256,24.1539,23.1311,22.1367,23577567,1255,2026-09-25,45.81,83189501.0
NYSE:SLVM,SLVM,Sylvamo Corporation,Basic Materials,Paper & Paper Products,United States,NYSE,1428911451.0,35.96,47.61,46.97,7,62.7,2383,True,-32.82,4.17,-13.58,-14.03,-31.1,-32.23,-27.92,41.6122,41.8276,52.1941,53.0644,49.8892,10052895,1255,2026-09-25,47.61,39736136.0
NYSE:WH,WH,"Wyndham Hotels & Resorts, Inc.",Consumer Cyclical,Lodging,United States,NYSE,5194036429.0,69.99,47.61,45.22,7,62.7,2384,True,-21.24,4.23,-9.65,-8.73,-14.88,-10.95,-7.38,77.4648,76.6881,82.2277,78.594,75.5628,85639965,1255,2026-09-25,44.3,74211122.0
NASDAQ:CBFV,CBFV,"CB Financial Services, Inc.",Financial Services,Banks - Regional,United States,NASDAQ,188230228.0,37.05,47.62,49.3,7,62.8,2385,False,-2.56,20.11,4.38,6.32,17.59,32.2,43.97,35.4944,34.8486,31.5083,28.0252,25.7345,174168,1255,2026-09-25,48.32,5080438.0
NASDAQ:ACHV,ACHV,"Achieve Life Sciences, Inc.",Healthcare,Biotechnology,United States,NASDAQ,774049290.0,7.54,47.64,51.11,7,62.8,2386,False,-11.61,184.53,40.54,47.06,77.93,73.77,69.2,5.3652,5.1271,4.2377,4.3392,4.4562,12840893,1255,2026-09-25,53.24,102659057.0
NASDAQ:RTB,RTB,"RTB Digital, Inc.",Technology,Software - Application,United States,NASDAQ,139877369.0,10.27,47.64,46.0,7,62.8,2387,False,-46.73,206.57,18.68,10.37,-53.12,-76.93,-89.61,8.6536,9.3055,21.9076,44.5213,98.8732,1672222,1255,2026-09-25,47.92,13619997.0
NASDAQ:ACNB,ACNB,ACNB Corporation,Financial Services,Banks - Regional,United States,NASDAQ,648129639.0,63.73,47.66,50.99,7,62.9,2388,False,-3.37,55.82,17.84,22.48,37.99,51.46,62.87,54.0819,52.0317,46.1849,42.0766,39.13,4774944,1255,2026-09-25,45.53,10169930.0
NASDAQ:APPN,APPN,Appian Corporation,Technology,Software - Infrastructure,United States,NASDAQ,1524113707.0,36.01,47.66,51.36,7,62.9,2389,False,-21.1,92.36,28.19,22.21,16.78,11.76,3.53,28.0911,29.4648,30.8363,32.2206,34.7807,34210551,1255,2026-09-25,52.86,42324735.0
NYSE:PBT,PBT,Permian Basin Royalty Trust,Energy,Oil & Gas Midstream,United States,NYSE,1562792930.0,33.53,47.68,52.14,7,62.9,2390,False,-7.14,104.79,35.67,43.78,90.55,108.71,95.3,24.7142,23.32,17.5963,16.0657,17.1683,3440654,1255,2026-09-25,49.22,46608796.0
NASDAQ:TLN,TLN,Talen Energy Corporation,Utilities,Utilities - Independent Power Producers,United States,NASDAQ,14586058725.0,304.42,47.68,45.56,7,62.9,2391,True,-31.72,7.89,-13.74,-15.89,-0.35,30.2,,352.9279,361.9239,305.4806,233.8018,,226897513,832,2026-09-25,44.97,47914259.0
NASDAQ:LFVN,LFVN,Lifevantage Corporation,Consumer Defensive,Packaged Foods,United States,NASDAQ,78975046.0,6.26,47.69,47.94,7,63.0,2392,False,-41.03,57.96,7.04,0.47,-38.09,-29.78,-17.83,5.848,6.2305,10.1112,8.9151,7.618,297958,1255,2026-09-25,48.91,12615822.0
NASDAQ:PAYP,PAYP,PayPay Corporation - American Depository Shares,Technology,Software - Infrastructure,Japan,NASDAQ,11179633159.0,16.51,47.71,50.13,7,63.0,2393,False,-32.78,33.47,,,,,,,,,,,13448944,137,2026-09-25,48.27,677143135.0
NASDAQ:TTGT,TTGT,"TechTarget, Inc.",Technology,Information Technology Services,United States,NASDAQ,276906867.0,3.83,47.71,47.78,7,63.0,2394,True,-40.8,12.65,-13.8,-17.55,-60.31,-76.76,-83.0,4.4433,4.6453,9.6508,16.4785,22.5322,1084693,1255,2026-09-25,41.91,72299443.0
NASDAQ:AMAL,AMAL,Amalgamated Financial Corp.,Financial Services,Banks - Regional,United States,NASDAQ,1422648994.0,47.58,47.73,48.69,7,63.1,2395,False,-6.85,91.59,13.97,22.61,36.8,53.19,69.61,41.7469,38.8061,34.78,31.0593,28.0529,12057892,1255,2026-09-25,44.91,29900147.0
NASDAQ:VMAR,VMAR,Vision Marine Technologies Inc.,Consumer Cyclical,Recreational Vehicles,Canada,NASDAQ,51133502.0,7.83,47.73,38.6,7,63.1,2396,False,-99.88,49.14,-97.01,-99.41,-99.97,-100.0,-100.0,261.5445,1326.9083,28030.4303,1700224.0964,6977959.1437,447812,1255,2026-09-25,49.57,6530460.0
NYSE:REXR,REXR,"Rexford Industrial Realty, Inc.",Real Estate,REIT - Industrial,United States,NYSE,8355399966.0,37.47,47.74,50.87,7,63.1,2397,False,-12.14,18.39,3.41,1.24,1.24,-4.98,-10.14,36.2333,37.0106,37.0111,39.434,41.6981,107071061,1255,2026-09-25,53.81,222989057.0
NYSE:CRD.A,CRD-A,Crawford & Company,Financial Services,Insurance Brokers,United States,NYSE,372433312.0,12.5,47.75,50.03,7,63.2,2398,False,-8.67,36.33,13.53,14.3,15.98,20.58,30.54,11.0108,10.9358,10.7782,10.3665,9.5755,987836,1255,2026-09-25,46.54,29794665.0
NASDAQ:FMNB,FMNB,Farmers National Banc Corp.,Financial Services,Banks - Regional,United States,NASDAQ,913687774.0,15.43,47.75,50.14,7,63.2,2399,False,-4.72,28.38,10.91,12.43,15.5,20.99,25.13,13.9116,13.7243,13.3587,12.7531,12.3314,5940716,1255,2026-09-25,45.08,59215021.0
NYSE:NIC,NIC,Nicolet Bankshares Inc.,Financial Services,Banks - Regional,United States,NYSE,3546632321.0,168.4,47.75,49.46,7,63.2,2400,False,-5.73,47.75,11.1,15.2,29.2,48.59,64.42,151.5805,146.1795,130.3369,113.3315,102.4215,25682574,1255,2026-09-25,45.19,21060762.0
NASDAQ:WYFI,WYFI,"WhiteFiber, Inc.",Technology,Information Technology Services,United States,NASDAQ,757610918.0,19.62,47.75,46.19,7,63.2,2401,False,-56.18,82.0,-8.92,-13.58,,,,21.5407,22.7039,,,,29358267,286,2026-09-25,49.95,38614216.0
NYSE:CUZ,CUZ,Cousins Properties Incorporated,Real Estate,REIT - Office,United States,NYSE,4715848962.0,28.65,47.76,47.02,7,63.2,2402,False,-11.3,37.61,8.8,9.62,6.92,15.61,22.02,26.3332,26.1358,26.7947,24.7806,23.4796,42161513,1255,2026-09-25,45.5,164602058.0
NASDAQ:RAIL,RAIL,"Freightcar America, Inc.",Industrials,Railroads,United States,NASDAQ,235441390.0,7.18,47.77,46.75,7,63.3,2403,False,-51.49,7.81,-21.97,-21.48,-22.32,-2.44,13.29,9.2012,9.1439,9.2433,7.3596,6.3377,2077207,1255,2026-09-25,53.95,32791280.0
NASDAQ:DSP,DSP,Viant Technology Inc.,Technology,Software - Application,United States,NASDAQ,244064596.0,12.19,47.78,48.6,7,63.3,2404,False,-13.48,49.75,4.95,9.42,-5.74,6.3,25.24,11.6146,11.1401,12.9326,11.4671,9.7331,6068750,1255,2026-09-25,48.86,20021706.0
NASDAQ:SUJA,SUJA,"Suja Life, Inc.",Consumer Defensive,Beverages - Non-Alcoholic,United States,NASDAQ,204820707.0,8.61,47.78,46.92,7,63.3,2405,False,-51.76,46.68,,,,,,,,,,,4394848,98,2026-09-25,42.4,23788700.0
NYSE:U,U,Unity Software Inc.,Technology,Software - Application,United States,NYSE,18138029125.0,41.55,47.79,52.01,7,63.3,2406,True,-16.01,142.56,29.53,23.82,40.19,47.24,40.57,32.0765,33.558,29.639,28.2188,29.558,421909248,1255,2026-09-25,47.23,436534997.0
NASDAQ:QLYS,QLYS,"Qualys, Inc.",Technology,Software - Infrastructure,United States,NASDAQ,6072468517.0,172.43,47.8,50.54,7,63.4,2407,False,-11.97,126.29,35.87,33.94,30.55,22.16,25.26,126.9079,128.7382,132.0778,141.146,137.6549,132222653,1255,2026-09-25,55.41,35217007.0
NASDAQ:FRMM,FRMM,"Forum Markets, Incorporated",Technology,Software - Application,United States,NASDAQ,66579131.0,5.04,47.82,47.32,7,63.4,2408,False,-80.47,181.56,5.69,-31.19,-62.89,-77.06,-97.37,4.7687,7.3241,13.5808,21.9681,191.7162,624803,1255,2026-09-25,51.37,13210145.0
NASDAQ:PMVP,PMVP,"PMV Pharmaceuticals, Inc.",Healthcare,Biotechnology,United States,NASDAQ,70931249.0,1.33,47.82,50.03,7,63.4,2409,False,-26.11,30.39,4.27,2.5,1.2,-15.52,-57.03,1.2756,1.2976,1.3142,1.5744,3.0952,1280624,1255,2026-09-25,48.2,53331766.0
NYSE:WTTR,WTTR,"Select Water Solutions, Inc.",Energy,Oil & Gas Equipment & Services,United States,NYSE,2467182388.0,19.84,47.83,49.34,7,63.5,2410,False,-10.57,113.89,22.03,31.48,56.37,75.64,92.74,16.2584,15.0899,12.6875,11.2961,10.2934,35310001,1255,2026-09-25,44.82,124353951.0
NASDAQ:UBSI,UBSI,"United Bankshares, Inc.",Financial Services,Banks - Regional,United States,NASDAQ,6417109102.0,46.86,47.84,49.1,7,63.5,2411,False,-4.32,41.57,8.48,12.74,22.48,31.18,35.89,43.1966,41.565,38.2591,35.7221,34.4831,51409660,1255,2026-09-25,43.82,136942149.0
NASDAQ:FIBK,FIBK,"First Interstate BancSystem, Inc.",Financial Services,Banks - Regional,United States,NASDAQ,3585543664.0,36.91,47.88,48.01,7,63.5,2412,False,-7.1,32.64,3.67,6.9,18.22,28.83,31.63,35.6026,34.5272,31.2222,28.6509,28.0401,45274658,1255,2026-09-25,43.39,97142879.0
NASDAQ:IPGP,IPGP,IPG Photonics Corporation,Technology,Semiconductor Equipment & Materials,United States,NASDAQ,3315695282.0,78.12,47.88,45.2,7,63.5,2413,False,-49.24,10.43,-22.89,-19.89,-7.37,-8.9,-14.55,101.3053,97.5154,84.3398,85.7541,91.4219,34043293,1255,2026-09-25,46.13,42443616.0
NASDAQ:XMAX,XMAX,"XMAX, Inc.",Consumer Cyclical,"Furnishings, Fixtures & Appliances",United States,NASDAQ,553976259.0,8.71,47.91,49.04,7,63.6,2414,False,-6.75,71.46,15.51,22.34,106.17,148.67,158.96,7.5403,7.1193,4.2247,3.5026,3.3635,4780025,1255,2026-09-25,49.39,63602326.0
NASDAQ:HOPE,HOPE,"Hope Bancorp, Inc.",Financial Services,Banks - Regional,United States,NASDAQ,1766669592.0,13.83,47.92,49.92,7,63.6,2415,False,-4.62,45.16,11.9,16.13,23.26,29.25,33.68,12.3591,11.9091,11.2206,10.7002,10.3453,12069638,1255,2026-09-25,43.55,127741836.0
NASDAQ:AFRM,AFRM,"Affirm Holdings, Inc.",Financial Services,Credit Services,United States,NASDAQ,21052469928.0,71.52,47.93,47.93,7,63.6,2416,False,-16.62,68.16,7.14,5.46,11.81,33.41,62.86,66.7548,67.8157,63.9679,53.608,43.916,448367517,1255,2026-09-25,48.03,294357801.0
NASDAQ:CDZI,CDZI,"Cadiz, Inc.",Utilities,Utilities - Regulated Water,United States,NASDAQ,306914944.0,3.65,47.93,48.59,7,63.6,2417,False,-47.25,22.48,-20.72,-22.93,-11.97,-2.55,-1.25,4.6041,4.7362,4.1461,3.7453,3.6961,3286821,1255,2026-09-25,49.62,84086286.0
NASDAQ:COKE,COKE,"Coca-Cola Consolidated, Inc.",Consumer Defensive,Beverages - Non-Alcoholic,United States,NASDAQ,10754683487.0,190.29,47.93,49.61,7,63.6,2418,False,-12.04,68.08,5.01,10.32,28.82,48.08,73.15,181.2081,172.4839,147.7137,128.5021,109.8975,110520472,1255,2026-09-25,47.01,56517334.0
NYSE:VRT,VRT,"Vertiv Holdings, LLC",Industrials,Electrical Equipment & Parts,United States,NYSE,97509804457.0,253.28,47.94,46.81,7,63.7,2419,True,-32.65,82.91,-3.57,3.68,41.71,78.54,128.04,262.6496,244.2845,178.7286,141.8591,111.0684,1355854025,1255,2026-09-25,43.58,384988173.0
NYSE:AVNT,AVNT,Avient Corporation,Basic Materials,Specialty Chemicals,United States,NYSE,3785795694.0,41.28,47.95,50.24,7,63.7,2420,True,-10.33,54.93,11.86,16.3,11.98,11.11,13.49,36.9022,35.4948,36.8648,37.153,36.3725,28179223,1255,2026-09-25,43.77,91710167.0
NASDAQ:SLGL,SLGL,Sol-Gel Technologies Ltd.,Healthcare,Biotechnology,Israel,NASDAQ,218532048.0,66.85,47.95,45.9,7,63.7,2421,False,-31.76,138.84,-6.01,4.4,82.53,140.4,116.73,71.1236,64.0317,36.6235,27.8075,30.8443,4227742,1255,2026-09-25,33.52,3268991.0
NASDAQ:SPWR,SPWR,SunPower Inc.,Technology,Solar,United States,NASDAQ,63155765.0,0.314,47.95,45.05,7,63.7,2422,False,-85.12,44.04,-68.98,-73.0,-78.74,-77.87,,1.0121,1.1628,1.4768,1.4191,,7131695,936,2026-09-25,47.13,201133009.0
NASDAQ:PWRL,PWRL,Powerlaw Corp.,Financial Services,Asset Management,United States,NASDAQ,475200364.0,11.01,47.96,42.29,7,63.8,2423,False,-61.84,11.1,,,,,,,,,,,1814216,85,2026-09-25,48.61,43160796.0
NASDAQ:MKSI,MKSI,MKS Inc.,Technology,Scientific & Technical Instruments,United States,NASDAQ,17616859726.0,260.82,47.97,45.78,7,63.8,2424,True,-41.31,115.99,-3.06,7.41,52.92,74.2,93.94,269.0436,242.8186,170.555,149.7283,134.4819,339356960,1255,2026-09-25,46.43,67544129.0
NASDAQ:PPHC,PPHC,"Public Policy Holding Company, Inc.",Industrials,Consulting Services,United States,NASDAQ,331880041.0,11.06,47.98,50.32,7,63.9,2425,False,-23.52,52.65,,,,,,,,,,,3574755,167,2026-09-25,50.4,30007237.0
NASDAQ:YTRA,YTRA,"Yatra Online, Inc.",Consumer Cyclical,Travel Services,India,NASDAQ,61513954.0,0.99,47.98,50.49,7,63.9,2426,False,-48.17,17.86,-14.49,-20.46,-17.03,-24.23,-35.59,1.1578,1.2446,1.1932,1.3066,1.537,40150,1255,2026-09-25,49.46,62135307.0
NYSE:DXYZ,DXYZ,Destiny Tech100 Inc.,Financial Services,Asset Management,United States,NYSE,932858632.0,30.62,47.99,49.16,7,63.9,2427,True,-57.02,47.07,-3.8,0.74,-8.75,,,31.8293,30.3936,33.5569,,,28738660,628,2026-09-25,40.38,30465664.0
NYSE:ST,ST,Sensata Technologies Holding plc,Technology,Scientific & Technical Instruments,United States,NYSE,6140158018.0,42.19,48.0,46.69,7,63.9,2428,True,-21.01,49.16,3.34,8.81,25.1,23.42,17.16,40.8259,38.7726,33.7252,34.1851,36.0108,59559117,1255,2026-09-25,40.51,145535862.0
NYSE:V,V,Visa Inc.,Financial Services,Credit Services,United States,NYSE,626056921522.0,367.38,48.0,50.49,7,63.9,2429,False,-4.36,24.81,9.39,9.37,10.67,19.21,28.87,335.8559,335.9117,331.9742,308.1741,285.0883,2239665975,1255,2026-09-25,48.67,1704112694.0
NYSE:MUX,MUX,McEwen Inc.,Basic Materials,Other Precious Metals & Mining,Canada,NYSE,1167039925.0,19.02,48.02,48.73,7,64.0,2430,True,-34.53,29.39,-10.34,-7.65,27.79,48.71,68.93,21.213,20.5947,14.8838,12.7904,11.2588,20298854,1255,2026-09-25,45.29,61358566.0
NASDAQ:OGI,OGI,Organigram Global Inc.,Healthcare,Drug Manufacturers - Specialty & Generic,Canada,NASDAQ,154852524.0,1.1,48.02,49.08,7,64.0,2431,False,-47.87,26.29,-15.55,-20.55,-22.18,-26.58,-38.53,1.3026,1.3846,1.4135,1.4983,1.7894,555677,1255,2026-09-25,48.02,140775022.0
NYSE:NVS,NVS,Novartis AG,Healthcare,Drug Manufacturers - General,Switzerland,NYSE,276477980626.0,145.46,48.03,46.58,7,64.0,2432,False,-11.11,23.06,-2.43,0.91,15.87,26.19,36.05,149.0902,144.1496,125.5351,115.2721,106.9174,379432990,1255,2026-09-25,44.27,1900714840.0
NASDAQ:GSBC,GSBC,"Great Southern Bancorp, Inc.",Financial Services,Banks - Regional,United States,NASDAQ,858891476.0,78.91,48.04,49.83,7,64.1,2433,False,-3.79,44.51,13.07,17.19,27.14,35.6,40.29,69.7859,67.3376,62.0676,58.1924,56.2464,6655433,1255,2026-09-25,47.42,10884444.0
NASDAQ:LILA,LILA,Liberty Latin America Ltd.,Communication Services,Telecom Services,Bermuda,NASDAQ,320544000.0,8.48,48.04,51.91,7,64.1,2434,False,-4.5,82.49,35.07,38.35,56.51,57.03,55.85,6.2783,6.1296,5.4183,5.4003,5.4412,3215274,1255,2026-09-25,51.23,37800000.0
NYSE:BRK.B,BRK-B,Berkshire Hathaway Inc. New,Financial Services,Insurance - Diversified,United States,NYSE,706817070050.0,505.48,48.05,49.8,7,64.1,2435,True,-4.52,8.61,2.6,2.42,3.43,10.37,19.45,492.6515,493.557,488.7299,457.9953,423.1737,2348452437,1255,2026-09-25,47.68,1398308677.0
NYSE:FSCO,FSCO,FS Credit Opportunities Corp.,Financial Services,Asset Management,United States,NYSE,1033597886.0,5.11,48.05,50.97,7,64.1,2436,True,-17.77,21.68,2.0,-0.92,-6.18,0.49,,5.01,5.1576,5.4469,5.0852,,4813783,969,2026-09-25,44.58,202269645.0
NASDAQ:PFIS,PFIS,Peoples Financial Services Corp.,Financial Services,Banks - Regional,United States,NASDAQ,698723617.0,69.8,48.05,51.02,7,64.1,2437,False,-3.12,63.64,18.59,24.35,36.79,49.56,54.77,58.8579,56.134,51.0286,46.6716,45.098,4010989,1255,2026-09-25,44.52,10010367.0
NASDAQ:ATOM,ATOM,Atomera Incorporated,Technology,Semiconductor Equipment & Materials,United States,NASDAQ,168416775.0,4.35,48.06,44.24,7,64.2,2438,False,-64.08,118.59,-18.38,-11.46,-17.78,-18.33,-26.35,5.3297,4.913,5.2909,5.3264,5.906,1774021,1255,2026-09-25,47.76,38716500.0
AMEX:EQX,EQX,Equinox Gold Corp.,Basic Materials,Gold,Canada,AMEX,9422544598.0,11.94,48.06,49.98,7,64.2,2439,True,-36.09,38.79,-9.3,-7.5,22.97,46.19,65.77,13.1637,12.9086,9.7095,8.1675,7.2029,159586045,1255,2026-09-25,45.88,789157839.0
AMEX:RYDE,RYDE,Ryde Group Ltd.,Technology,Software - Application,Singapore,AMEX,105184441.0,0.701,48.06,48.14,7,64.2,2440,False,-52.95,215.77,3.41,9.85,37.24,,,0.6779,0.6382,0.5108,,,608901,642,2026-09-25,54.14,150049131.0
AMEX:HSLV,HSLV,Highlander Silver Corp.,Basic Materials,Silver,Canada,AMEX,1086281052.0,5.34,48.07,49.92,7,64.3,2441,True,-19.58,31.85,,,,,,,,,,,3763341,138,2026-09-25,46.56,203423418.0
NYSE:MH,MH,"McGraw Hill, Inc.",Consumer Defensive,Education & Training Services,United States,NYSE,2434945619.0,12.73,48.07,50.93,7,64.3,2442,False,-29.24,39.89,-1.98,-3.02,,,,12.9876,13.1258,,,,6597039,296,2026-09-25,61.1,191276168.0
NASDAQ:REGN,REGN,"Regeneron Pharmaceuticals, Inc.",Healthcare,Biotechnology,United States,NASDAQ,79700665010.0,788.04,48.07,51.59,7,64.3,2443,False,-7.51,42.59,7.35,10.18,13.91,1.3,2.19,734.1123,715.2232,691.8385,777.9225,771.1521,557613561,1255,2026-09-25,50.96,101137842.0
NASDAQ:TMDX,TMDX,"TransMedics Group, Inc.",Healthcare,Medical Devices,United States,NASDAQ,2947700099.0,85.29,48.07,49.99,7,64.3,2444,True,-43.3,37.48,-15.69,-19.5,-16.62,-16.55,-8.72,101.1593,105.9565,102.2943,102.2058,93.4331,65614626,1255,2026-09-25,45.05,34560911.0
NASDAQ:HIFS,HIFS,Hingham Institution for Savings,Financial Services,Banks - Regional,United States,NASDAQ,657373255.0,299.18,48.08,49.39,7,64.4,2445,False,-9.86,19.41,2.59,3.46,10.62,24.19,25.69,291.6224,289.1835,270.4582,240.9114,238.0323,12110053,1255,2026-09-25,46.46,2197250.0
NASDAQ:VSAT,VSAT,"ViaSat, Inc.",Technology,Communication Equipment,United States,NASDAQ,10058905880.0,73.02,48.08,48.83,7,64.4,2446,False,-18.7,157.02,21.7,33.23,114.94,153.06,141.36,60.0,54.8086,33.9716,28.8543,30.2541,125718662,1255,2026-09-25,49.5,137755490.0
NASDAQ:CHMG,CHMG,Chemung Financial Corp,Financial Services,Banks - Regional,United States,NASDAQ,395225240.0,82.0,48.09,51.86,7,64.5,2447,False,-3.37,67.53,23.09,29.48,48.1,61.38,71.36,66.6177,63.3298,55.3684,50.8104,47.8512,5833601,1255,2026-09-25,48.55,4819820.0
NASDAQ:NWBI,NWBI,"Northwest Bancshares, Inc.",Financial Services,Banks - Regional,United States,NASDAQ,2241330721.0,15.31,48.09,49.79,7,64.5,2448,False,-3.16,41.29,12.59,16.33,23.11,31.54,35.95,13.5977,13.1603,12.4359,11.6391,11.2617,17263894,1255,2026-09-25,43.23,146396520.0
NASDAQ:RRBI,RRBI,"Red River Bancshares, Inc.",Financial Services,Banks - Regional,United States,NASDAQ,665054296.0,101.0,48.09,51.04,7,64.5,2449,True,-2.4,65.24,11.93,18.53,43.22,59.8,69.31,90.2348,85.2138,70.5185,63.2046,59.6531,6579254,1255,2026-09-25,42.72,6584696.0
NASDAQ:SEIC,SEIC,SEI Investments Company,Financial Services,Asset Management,United States,NASDAQ,12680026578.0,105.65,48.1,51.73,7,64.5,2450,True,-5.36,41.35,17.22,19.71,25.33,37.13,47.13,90.1313,88.2568,84.2972,77.044,71.8072,96179956,1255,2026-09-25,43.74,120019182.0
NYSE:VVX,VVX,"V2X, Inc.",Industrials,Aerospace & Defense,United States,NYSE,2368638115.0,75.65,48.1,47.62,7,64.5,2451,False,-16.69,45.03,5.06,9.92,24.75,35.24,43.13,72.0083,68.8251,60.6401,55.9393,52.8542,55461571,1255,2026-09-25,49.5,31310484.0
NASDAQ:DUOL,DUOL,"Duolingo, Inc.",Technology,Software - Application,United States,NASDAQ,5774421198.0,143.51,48.11,50.4,7,64.6,2452,False,-58.67,59.4,11.44,-7.6,-43.94,-39.43,-30.56,128.7765,155.3083,255.9745,236.9499,206.6785,173906254,1255,2026-09-25,52.03,40237065.0
NYSE:BGR,BGR,BlackRock Energy and Resources Trust,Financial Services,Asset Management,United States,NYSE,434282277.0,17.06,48.12,51.93,7,64.7,2453,False,-4.1,40.8,11.06,15.36,29.24,38.5,46.76,15.3612,14.7883,13.2004,12.3174,11.6241,1622086,1255,2026-09-25,52.23,25456171.0
NYSE:CIEN,CIEN,Ciena Corporation,Technology,Communication Equipment,United States,NYSE,50521653391.0,356.91,48.12,46.64,7,64.7,2454,False,-43.08,160.2,-7.96,3.5,68.11,126.13,174.83,387.7827,344.8545,212.3105,157.8312,129.8639,970786582,1255,2026-09-25,48.59,141552922.0
NASDAQ:CSPI,CSPI,CSP Inc.,Technology,Information Technology Services,United States,NASDAQ,77653940.0,7.71,48.12,47.32,7,64.7,2455,False,-47.8,6.17,-17.15,-21.33,-35.52,-37.96,-27.96,9.3061,9.8,11.9564,12.4266,10.7017,90384,1255,2026-09-25,44.35,10071847.0
NYSE:CVX,CVX,Chevron Corporation,Energy,Oil & Gas Integrated,United States,NYSE,407182156307.0,204.45,48.12,51.96,7,64.7,2456,False,-6.12,43.21,11.94,16.49,28.79,34.7,36.7,182.6371,175.5103,158.7528,151.7865,149.5623,2116267063,1255,2026-09-25,49.95,1991597732.0
NYSE:NXDT,NXDT,NexPoint Diversified Real Estate Trust,Real Estate,REIT - Diversified,United States,NYSE,269480883.0,5.21,48.12,49.57,7,64.7,2457,False,-9.34,118.59,11.87,21.56,27.65,19.95,-0.44,4.6571,4.2859,4.0813,4.3433,5.2332,820617,1255,2026-09-25,48.12,51723778.0
NYSE:STVN,STVN,Stevanato Group S.p.A.,Healthcare,Medical Instruments & Supplies,Italy,NYSE,1050366341.0,21.13,48.12,50.91,7,64.7,2458,False,-23.19,57.9,16.01,8.8,2.16,-5.31,-6.8,18.2138,19.4218,20.6834,22.3155,22.6729,6874288,1255,2026-09-25,50.8,49709718.0
NASDAQ:VELO,VELO,"Velo3D, Inc.",Technology,Computer Hardware,United States,NASDAQ,336453313.0,11.29,48.12,46.79,7,64.7,2459,False,-63.12,280.13,-20.55,-8.29,2.15,-87.18,-97.01,14.2108,12.31,11.0525,88.0414,377.4789,10239493,1255,2026-09-25,45.88,29801002.0
NYSE:YSS,YSS,York Space Systems Inc.,Industrials,Aerospace & Defense,United States,NYSE,1257479195.0,9.57,48.14,42.35,7,64.8,2460,False,-77.97,28.46,,,,,,,,,,,34089431,166,2026-09-25,50.17,131398035.0
NYSE:BNED,BNED,"Barnes & Noble Education, Inc",Consumer Cyclical,Specialty Retail,United States,NYSE,392509405.0,11.33,48.15,47.54,7,64.8,2461,True,-17.02,86.3,10.82,14.2,13.42,-59.48,-82.92,10.2234,9.921,9.9894,27.9635,66.3391,3267834,1255,2026-09-25,44.92,34643372.0
NYSE:FMX,FMX,Fomento Economico Mexicano S.A.B. de C.V.,Consumer Defensive,Beverages - Brewers,Mexico,NYSE,40752317202.0,119.62,48.15,47.89,7,64.8,2462,True,-9.48,33.72,4.87,9.04,20.13,17.13,23.46,114.0658,109.6984,99.5792,102.123,96.8881,42753554,1255,2026-09-25,42.75,340681468.0
NASDAQ:SGP,SGP,"SpyGlass Pharma, Inc.",Healthcare,Biotechnology,United States,NASDAQ,905040920.0,27.07,48.18,52.52,7,64.8,2463,False,-8.79,54.16,,,,,,,,,,,4161901,160,2026-09-25,51.94,33433355.0
NASDAQ:CHRN,CHRN,ChronoScale Holdings Corporation,Technology,Information Technology Services,United States,NASDAQ,2882514276.0,19.85,48.19,48.65,7,64.9,2464,False,-33.01,412.92,35.1,56.8,95.11,45.21,28.27,14.6924,12.6596,10.1736,13.6701,15.4755,2711626,1255,2026-09-25,55.97,145214825.0
NASDAQ:DNMX,DNMX,Dynamix Corporation III,Financial Services,Shell Companies,United States,NASDAQ,202356875.0,10.055,48.19,51.26,7,64.9,2465,True,-0.25,1.77,0.79,,,,,9.9759,,,,,553450,213,2026-09-25,44.86,20125000.0
NASDAQ:PTC,PTC,PTC Inc.,Technology,Software - Application,United States,NASDAQ,15953659853.0,138.12,48.19,48.96,7,64.9,2466,True,-32.91,22.96,-5.37,-10.94,-17.95,-18.37,-13.28,145.9611,155.0904,168.3318,169.2095,159.2735,236525745,1255,2026-09-25,47.22,115505791.0
NASDAQ:TMCI,TMCI,"Treace Medical Concepts, Inc.",Healthcare,Medical Devices,United States,NASDAQ,291928392.0,4.5,48.19,50.31,7,64.9,2467,False,-35.25,275.0,48.25,30.32,-14.93,-33.19,-58.25,3.0353,3.4531,5.2898,6.7356,10.7796,1070568,1255,2026-09-25,49.7,64872976.0
NASDAQ:ANIP,ANIP,"ANI Pharmaceuticals, Inc.",Healthcare,Drug Manufacturers - Specialty & Generic,United States,NASDAQ,1682361732.0,74.0,48.21,47.38,7,65.0,2468,False,-22.42,5.43,-6.0,-8.38,1.21,7.47,17.84,78.7274,80.7703,73.1154,68.8565,62.798,31029060,1255,2026-09-25,48.32,22734618.0
NASDAQ:ROMA,ROMA,Roma Green Finance Limited,Industrials,Consulting Services,Hong Kong,NASDAQ,479622425.0,8.966,48.21,49.89,7,65.0,2469,True,-13.29,589.69,49.39,68.32,157.54,,,6.0019,5.3267,3.4814,,,23686,681,2026-09-25,42.09,53493467.0
NASDAQ:BWEN,BWEN,"Broadwind, Inc.",Industrials,Specialty Industrial Machinery,United States,NASDAQ,98999411.0,4.23,48.23,48.38,7,65.1,2470,True,-22.24,114.72,21.8,29.92,64.63,61.73,48.85,3.473,3.2559,2.5693,2.6154,2.8417,896740,1255,2026-09-25,46.09,23404116.0
NYSE:DCOM,DCOM,"Dime Commercial Bancshares, Inc.",Financial Services,Banks - Regional,United States,NYSE,1782658460.0,40.37,48.23,49.91,7,65.1,2471,False,-3.28,59.94,11.87,17.58,29.26,47.77,54.43,36.0856,34.3349,31.2309,27.3195,26.1421,12112459,1255,2026-09-25,46.13,44158000.0
NASDAQ:DOMH,DOMH,Dominari Holdings Inc.,Financial Services,Capital Markets,United States,NASDAQ,52916248.0,2.34,48.23,46.99,7,65.1,2472,True,-62.36,20.62,-22.49,-29.87,-29.94,-15.73,-16.78,3.019,3.3368,3.3398,2.7769,2.8117,645001,1255,2026-09-25,46.46,22613781.0
NYSE:GRBK,GRBK,"Green Brick Partners, Inc.",Consumer Cyclical,Residential Construction,United States,NYSE,2958705778.0,68.79,48.23,47.29,7,65.1,2473,False,-14.64,12.29,-1.44,-0.56,2.66,8.69,21.31,69.7946,69.1791,67.0102,63.2909,56.7045,29001579,1255,2026-09-25,44.1,43010696.0
NASDAQ:TRMB,TRMB,Trimble Inc.,Technology,Scientific & Technical Instruments,United States,NASDAQ,13485501374.0,57.85,48.23,49.88,7,65.1,2474,True,-30.74,18.38,-8.57,-13.18,-16.4,-9.94,-5.79,63.2736,66.6308,69.2015,64.2373,61.4076,214357729,1255,2026-09-25,47.45,233111519.0
NYSE:CMDB,CMDB,Costamare Bulkers Holdings Limited,Industrials,Marine Shipping,Monaco,NYSE,530877484.0,21.9,48.24,52.23,7,65.2,2475,False,-10.65,74.36,22.02,27.73,,,,17.9483,17.1452,,,,1455699,353,2026-09-25,54.72,24240981.0
AMEX:GENC,GENC,"Gencor Industries, Inc.",Industrials,Farm & Heavy Construction Machinery,United States,AMEX,215436234.0,17.46,48.24,50.62,7,65.2,2476,True,-12.7,42.76,14.89,17.34,13.25,9.0,14.94,15.1978,14.8795,15.4167,16.0188,15.1912,1259698,1255,2026-09-25,45.18,12338845.0
NASDAQ:HCAT,HCAT,"Health Catalyst, Inc",Healthcare,Health Information Services,United States,NASDAQ,128575595.0,1.74,48.24,48.05,7,65.2,2477,False,-49.71,74.7,-3.39,-13.61,-52.23,-65.32,-73.83,1.8011,2.0142,3.6422,5.017,6.6495,796409,1255,2026-09-25,48.24,73894020.0
NASDAQ:NDAQ,NDAQ,"Nasdaq, Inc.",Financial Services,Financial Data & Stock Exchanges,United States,NASDAQ,52292333151.0,93.55,48.26,49.52,7,65.3,2478,False,-6.42,22.14,3.84,4.59,10.25,23.63,33.3,90.0938,89.4405,84.8523,75.6706,70.1801,304048713,1255,2026-09-25,51.49,558977372.0
NASDAQ:WAY,WAY,Waystar Holding Corp.,Healthcare,Health Information Services,United States,NASDAQ,4736185875.0,24.7,48.26,50.75,7,65.3,2479,True,-37.66,42.69,0.66,-8.71,-21.88,,,24.5371,27.0554,31.6196,,,52119484,577,2026-09-25,47.82,191748416.0
NASDAQ:TRI,TRI,Thomson Reuters Corp,Industrials,Specialty Business Services,Canada,NASDAQ,43212979475.0,98.99,48.27,49.45,7,65.3,2480,False,-36.88,30.16,1.63,-6.99,-28.02,-29.07,-25.46,97.3981,106.424,137.5282,139.5596,132.7973,157483700,1255,2026-09-25,50.05,436538837.0
NASDAQ:KNDI,KNDI,"Kandi Technologies Group, Inc.",Consumer Cyclical,Recreational Vehicles,China,NASDAQ,59245065.0,0.59,48.28,45.87,7,65.3,2481,False,-54.26,13.46,-25.73,-31.53,-44.76,-61.44,-68.78,0.7944,0.8617,1.0681,1.5302,1.8896,51051,1255,2026-09-25,45.62,100415365.0
NYSE:BXC,BXC,Bluelinx Holdings Inc.,Industrials,Industrial Distribution,United States,NYSE,594185858.0,76.35,48.29,50.68,7,65.4,2482,True,-16.48,68.39,19.94,19.14,-0.75,-10.61,-8.76,63.6543,64.0831,76.9288,85.4118,83.6847,12432380,1255,2026-09-25,43.98,7782395.0
NYSE:SAN,SAN,"Banco Santander, S.A. Sponsored ADR (Spain)",Financial Services,Banks - Diversified,Spain,NYSE,205976497884.0,14.42,48.3,50.19,7,65.4,2483,False,-4.19,51.27,13.57,18.45,53.48,88.65,122.28,12.697,12.1742,9.3956,7.6439,6.4872,110214774,1255,2026-09-25,45.66,14284084458.0
NASDAQ:SIEB,SIEB,Siebert Financial Corp.,Financial Services,Capital Markets,United States,NASDAQ,90070059.0,2.2,48.31,51.17,7,65.4,2484,False,-45.81,37.5,-1.16,-7.63,-21.58,-11.66,-6.41,2.2259,2.3817,2.8055,2.4904,2.3507,310475,1255,2026-09-25,49.53,40940936.0
AMEX:NVA,NVA,Nova Minerals Corp,Basic Materials,Other Industrial Metals & Mining,United States,AMEX,213813880.0,5.6,48.32,49.69,7,65.4,2485,True,-61.02,83.49,-12.64,-15.83,25.99,,,6.4106,6.6535,4.4448,,,3122844,546,2026-09-25,40.31,38181050.0
NYSE:SKM,SKM,"SK Telecom Co., Ltd.",Communication Services,Telecom Services,South Korea,NYSE,13935139046.0,36.3,48.32,49.56,7,65.4,2486,True,-21.09,84.45,12.56,21.52,41.0,52.46,63.18,32.2481,29.8713,25.7449,23.8094,22.2458,50672639,1255,2026-09-25,44.97,383888128.0
NYSE:NEM,NEM,Newmont Corporation,Basic Materials,Gold,United States,NYSE,127949852468.0,121.43,48.33,51.76,7,65.5,2487,True,-9.96,55.88,9.78,15.05,54.28,85.54,104.38,110.6121,105.5429,78.7091,65.4469,59.4129,956700928,1255,2026-09-25,48.12,1053692271.0
NASDAQ:SLDP,SLDP,"Solid Power, Inc.",Consumer Cyclical,Auto Parts,United States,NASDAQ,537711024.0,2.39,48.33,48.7,7,65.5,2488,False,-71.92,19.5,-27.0,-36.49,-15.86,-1.49,-8.02,3.2739,3.7634,2.8406,2.4263,2.5985,7124489,1255,2026-09-25,45.54,224983692.0
NASDAQ:FCFS,FCFS,"FirstCash Holdings, Inc.",Financial Services,Credit Services,United States,NASDAQ,9431197910.0,217.45,48.34,49.58,7,65.5,2489,True,-8.03,48.15,8.47,13.8,39.87,54.87,70.7,200.4706,191.0883,155.4693,140.408,127.3857,86868781,1255,2026-09-25,47.13,43371800.0
AMEX:QNC,QNC,Quantum eMotion Corp.,Technology,Software - Infrastructure,Canada,AMEX,412414980.0,1.88,48.34,45.76,7,65.5,2490,False,-50.4,12.57,,,,,,,,,,,2167624,149,2026-09-25,48.78,219369670.0
NASDAQ:STKS,STKS,"The ONE Group Hospitality, Inc.",Consumer Cyclical,Restaurants,United States,NASDAQ,51765454.0,1.64,48.35,46.45,7,65.6,2491,True,-47.44,7.19,-12.67,-16.15,-37.35,-50.41,-61.76,1.878,1.9558,2.6179,3.3073,4.2889,36192,1255,2026-09-25,46.83,31564301.0
NASDAQ:ZJK,ZJK,"ZJK Industrial Co., Ltd.",Industrials,Specialty Industrial Machinery,China,NASDAQ,116176723.0,2.1,48.35,49.63,7,65.6,2492,False,-41.18,38.16,-2.33,-8.07,,,,2.1501,2.2843,,,,30981,499,2026-09-25,51.66,55322249.0
NYSE:BRK.A,BRK-A,Berkshire Hathaway Inc.,Financial Services,Insurance - Diversified,United States,NYSE,383574208682.0,758506.0,48.37,49.93,7,65.6,2493,False,-4.45,8.36,2.64,2.45,3.45,10.19,19.04,738966.75,740371.1111,733175.252,688367.8519,637201.3264,179201175,1255,2026-09-25,48.84,505697.0
NASDAQ:MNSB,MNSB,"MainStreet Bancshares, Inc.",Financial Services,Banks - Regional,United States,NASDAQ,176725986.0,24.83,48.38,50.66,7,65.7,2494,False,-3.05,39.58,8.51,12.57,23.82,28.45,22.44,22.8834,22.0568,20.0528,19.3299,20.2795,676564,1255,2026-09-25,48.9,7117438.0
NASDAQ:INGN,INGN,"Inogen, Inc",Healthcare,Medical Devices,United States,NASDAQ,145119406.0,5.36,48.39,44.46,7,65.7,2495,False,-40.11,5.3,-14.62,-18.62,-27.89,-28.25,-43.41,6.2775,6.5863,7.4336,7.47,9.4716,1808892,1255,2026-09-25,42.14,27074516.0
NYSE:MEI,MEI,"Methode Electronics, Inc.",Technology,Electronic Components,United States,NYSE,514695905.0,14.51,48.39,48.52,7,65.7,2496,False,-25.04,190.32,36.19,46.38,57.68,30.93,-15.63,10.6539,9.9126,9.202,11.082,17.1987,12378891,1255,2026-09-25,48.7,35471806.0
NASDAQ:POET,POET,POET Technologies Inc.,Technology,Semiconductors,Canada,NASDAQ,1341024300.0,7.77,48.4,47.77,7,65.8,2497,True,-62.23,86.33,-6.7,-1.49,23.48,60.22,69.23,8.328,7.8876,6.2927,4.8496,4.5913,63943515,1255,2026-09-25,48.14,172590000.0
NASDAQ:SHLS,SHLS,"Shoals Technologies Group, Inc.",Technology,Solar,United States,NASDAQ,1253255473.0,7.47,48.4,47.0,7,65.8,2498,True,-41.5,30.82,-13.13,-13.8,9.87,-9.0,-38.01,8.5989,8.6654,6.7986,8.2088,12.0504,30983931,1255,2026-09-25,48.12,167771817.0
NYSE:WKC,WKC,World Kinect Corporation,Energy,Oil & Gas Refining & Marketing,United States,NYSE,1823555253.0,35.65,48.43,50.17,7,65.8,2499,False,-11.43,60.27,22.46,26.65,30.25,38.07,42.12,29.1115,28.1487,27.3697,25.8194,25.0852,40880410,1255,2026-09-25,52.78,51151620.0
NASDAQ:QBTS,QBTS,D-Wave Quantum Inc.,Technology,Computer Hardware,United States,NASDAQ,6394154578.0,17.41,48.46,47.3,7,65.9,2500,False,-61.12,34.13,-17.33,-23.73,7.73,55.94,96.2,21.0584,22.8266,16.1606,11.1643,8.8737,275123540,1255,2026-09-25,48.88,367269074.0
NYSE:STNG,STNG,Scorpio Tankers Inc.,Energy,Oil & Gas Midstream,Monaco,NYSE,4081129374.0,81.49,48.46,51.23,7,65.9,2501,True,-7.24,67.49,12.78,17.69,41.16,36.52,44.74,72.2585,69.2439,57.7283,59.6889,56.2999,81060479,1255,2026-09-25,46.66,50081352.0
NYSE:YETI,YETI,"YETI Holdings, Inc.",Consumer Cyclical,Leisure,United States,NYSE,3203061896.0,42.28,48.46,46.12,7,65.9,2502,False,-19.74,31.67,-4.91,-1.16,8.19,6.12,6.02,44.4643,42.7758,39.0795,39.8434,39.8782,73414679,1255,2026-09-25,47.01,75758323.0
NASDAQ:CGNT,CGNT,Cognyte Software Ltd.,Technology,Software - Infrastructure,Israel,NASDAQ,627974328.0,8.52,48.48,47.93,7,65.9,2503,False,-30.39,34.38,-4.16,-2.95,-2.97,5.53,20.47,8.89,8.7794,8.7811,8.0737,7.0722,5826938,1255,2026-09-25,53.54,73705907.0
NYSE:MLP,MLP,"Maui Land & Pineapple Company, Inc.",Real Estate,Real Estate Services,United States,NYSE,319621511.0,16.09,48.48,47.88,7,65.9,2504,True,-19.23,13.55,-2.96,-2.34,-9.57,-12.02,-2.55,16.581,16.4747,17.7932,18.288,16.5118,245316,1255,2026-09-25,47.85,19864606.0
NYSE:HBM,HBM,Hudbay Minerals Inc. Ordinary Shares (Canada),Basic Materials,Copper,Canada,NYSE,11827574959.0,26.63,48.49,49.9,7,66.0,2505,True,-16.4,90.92,9.83,18.09,68.04,108.1,145.77,24.2473,22.5513,15.8476,12.7966,10.8354,104387685,1255,2026-09-25,47.66,444144760.0
NYSE:TECK,TECK,Teck Resources Ltd,Basic Materials,Copper,Canada,NYSE,31902180911.0,66.05,48.51,50.37,7,66.0,2506,False,-8.1,73.55,13.51,20.24,39.14,44.14,50.76,58.1898,54.9309,47.4695,45.8227,43.8115,194912229,1255,2026-09-25,49.87,483000468.0
NASDAQ:IART,IART,Integra LifeSciences Holdings Corporation,Healthcare,Medical Devices,United States,NASDAQ,1253692797.0,16.12,48.52,47.36,7,66.0,2507,False,-18.79,81.12,15.14,16.14,-0.12,-26.44,-44.01,14.0004,13.8794,16.1391,21.9141,28.7929,14504007,1255,2026-09-25,45.71,77772506.0
NASDAQ:PHOE,PHOE,Phoenix Asia Holdings Limited,Industrials,Engineering & Construction,Hong Kong,NASDAQ,431784000.0,19.99,48.52,48.84,7,66.0,2508,True,-84.98,128.46,9.1,12.7,,,,18.322,17.7379,,,,161862,357,2026-09-25,43.16,21600000.0
AMEX:GRO,GRO,Brazil Potash Corp.,Basic Materials,Other Industrial Metals & Mining,Canada,AMEX,144655999.0,2.36,48.56,49.63,7,66.1,2509,True,-39.33,24.87,-7.97,-6.61,,,,2.5645,2.5269,,,,458529,457,2026-09-25,46.18,61294915.0
NASDAQ:UVSP,UVSP,Univest Financial Corporation,Financial Services,Banks - Regional,United States,NASDAQ,1162805179.0,42.16,48.56,48.7,7,66.1,2510,False,-6.27,52.74,10.94,16.14,29.96,49.0,60.04,38.0027,36.302,32.4418,28.2955,26.3433,10269050,1255,2026-09-25,43.16,27580768.0
NYSE:MSA,MSA,MSA Safety Incorporated,Industrials,Security & Protection Services,United States,NYSE,7043702079.0,182.46,48.57,49.78,7,66.1,2511,True,-9.38,20.33,4.14,5.76,8.95,8.22,13.41,175.2059,172.5213,167.4678,168.5955,160.8862,46185571,1255,2026-09-25,47.74,38604089.0
NASDAQ:PPTA,PPTA,Perpetua Resources Corp.,Basic Materials,Other Precious Metals & Mining,United States,NASDAQ,2938469875.0,23.49,48.57,49.7,7,66.1,2512,False,-36.89,38.99,-11.46,-9.45,21.69,62.01,100.45,26.531,25.9404,19.3028,14.4989,11.7188,22048584,1255,2026-09-25,48.13,125094503.0
NYSE:GGT,GGT,"Gabelli Multi-Media Trust, Inc. (The)",Financial Services,Asset Management,United States,NYSE,166402339.0,3.98,48.58,49.4,7,66.2,2513,True,-2.83,22.94,4.57,7.06,13.96,16.8,19.38,3.8062,3.7174,3.4924,3.4075,3.334,1662635,1255,2026-09-25,47.05,41809633.0
NYSE:SNAP,SNAP,Snap Inc.,Communication Services,Internet Content & Information,United States,NYSE,7604317999.0,5.42,48.59,50.31,7,66.2,2514,False,-40.37,37.91,-4.64,-12.0,-31.29,-43.06,-44.16,5.6837,6.159,7.8879,9.5189,9.7067,181309691,1255,2026-09-25,48.83,1403010701.0
NASDAQ:VHCP,VHCP,Vine Hill Capital Investment Corp. II,Financial Services,Shell Companies,United States,NASDAQ,231380000.0,10.06,48.6,53.74,7,66.2,2515,False,-0.4,1.72,,,,,,,,,,,377381,159,2026-09-25,48.6,23000000.0
NASDAQ:LLYVA,LLYVA,"Liberty Live Holdings, Inc. - Series A Liberty Live Group",Communication Services,Entertainment,United States,NASDAQ,2463257339.0,96.32,48.61,48.0,7,66.3,2516,False,-8.26,28.68,3.72,5.7,17.94,44.71,,92.8613,91.1265,81.6665,66.5624,,12374924,789,2026-09-25,48.95,25573685.0
NYSE:MA,MA,Mastercard Incorporated,Financial Services,Credit Services,United States,NYSE,493551304880.0,567.65,48.61,50.92,7,66.3,2517,False,-5.37,20.58,6.89,5.95,5.43,12.55,21.46,531.0544,535.7959,538.4339,504.3468,467.3745,1471242341,1255,2026-09-25,47.35,869464115.0
NYSE:GOLD,GOLD,"Gold.com, Inc.",Financial Services,Capital Markets,United States,NYSE,1274742237.0,43.95,48.62,50.28,7,66.3,2518,False,-29.12,85.29,2.52,11.57,35.19,39.15,41.3,42.8717,39.3931,32.5103,31.5843,31.1036,34308963,1255,2026-09-25,47.02,29004374.0
NASDAQ:MEOH,MEOH,Methanex Corporation,Basic Materials,Chemicals,Canada,NASDAQ,4553660520.0,58.86,48.64,50.96,7,66.3,2519,False,-9.88,76.29,9.93,17.84,33.65,33.92,37.43,53.5427,49.948,44.0408,43.9511,42.8293,53470458,1255,2026-09-25,51.73,77364263.0
NASDAQ:SERA,SERA,"Sera Prognostics, Inc.",Healthcare,Medical Devices,United States,NASDAQ,77909571.0,2.04,48.65,49.55,7,66.4,2520,False,-45.6,28.3,-11.26,-17.6,-41.88,-55.04,-49.2,2.2988,2.4758,3.5101,4.5378,4.0154,49772,1255,2026-09-25,55.26,38190966.0
NASDAQ:GILT,GILT,Gilat Satellite Networks Ltd.,Technology,Communication Equipment,Israel,NASDAQ,765275413.0,10.14,48.66,44.97,7,66.4,2521,False,-51.37,6.29,-29.89,-28.33,-3.32,14.66,25.58,14.4634,14.1479,10.4879,8.8436,8.0747,4952927,1255,2026-09-25,45.86,75470948.0
NASDAQ:IA,IA,"Innovative Solutions and Support, Inc.",Industrials,Aerospace & Defense,United States,NASDAQ,338115378.0,18.89,48.66,48.29,7,66.4,2522,False,-38.19,127.04,-6.54,4.01,35.61,62.05,76.08,20.2129,18.1615,13.9296,11.6572,10.7284,5302534,1255,2026-09-25,43.93,17899173.0
NYSE:DHI,DHI,"D.R. Horton, Inc.",Consumer Cyclical,Residential Construction,United States,NYSE,39580526293.0,141.51,48.68,47.77,7,66.5,2523,False,-18.14,7.42,-4.56,-5.12,-3.42,-2.65,6.31,148.2731,149.1493,146.5268,145.369,133.1134,374881103,1255,2026-09-25,46.75,279701267.0
NASDAQ:DXCM,DXCM,"DexCom, Inc.",Healthcare,Medical Devices,United States,NASDAQ,32686989464.0,86.62,48.68,52.05,7,66.5,2524,False,-6.19,57.95,19.36,22.28,16.27,0.6,-6.78,72.5715,70.8383,74.5002,86.1077,92.9187,351060133,1255,2026-09-25,51.54,377360765.0
NYSE:RNR,RNR,RenaissanceRe Holdings Ltd.,Financial Services,Insurance - Reinsurance,Bermuda,NYSE,13529296361.0,325.6,48.68,50.79,7,66.5,2525,False,-3.54,41.16,7.88,11.28,20.6,28.69,38.11,301.8042,292.5926,269.9894,253.0016,235.7541,98077193,1255,2026-09-25,55.97,41551893.0
NASDAQ:OPTX,OPTX,"Syntec Optics Holdings, Inc.",Technology,Electronic Components,United States,NASDAQ,298071097.0,7.4,48.69,47.68,7,66.5,2526,True,-47.55,492.0,-2.06,15.52,85.62,77.15,29.87,7.5553,6.4061,3.9867,4.1772,5.6981,2242279,1171,2026-09-25,47.72,40279878.0
NASDAQ:POWI,POWI,"Power Integrations, Inc.",Technology,Semiconductors,United States,NASDAQ,2909697564.0,52.22,48.71,45.0,7,66.5,2527,True,-39.97,71.84,-8.63,-1.77,-3.12,-11.79,-17.84,57.1496,53.163,53.903,59.2008,63.5552,42853176,1255,2026-09-25,44.08,55719984.0
NASDAQ:OBT,OBT,"Orange County Bancorp, Inc.",Financial Services,Banks - Regional,United States,NASDAQ,507086929.0,37.82,48.72,50.09,7,66.6,2528,False,-3.04,64.97,10.98,17.55,31.25,40.0,49.47,34.0781,32.1733,28.8144,27.0141,25.3023,2112620,1255,2026-09-25,42.99,13407904.0
NYSE:COTY,COTY,Coty Inc.,Consumer Defensive,Household & Personal Products,United States,NYSE,2333236061.0,2.65,48.75,49.78,7,66.6,2529,True,-40.45,43.24,3.82,-5.68,-39.72,-59.53,-64.51,2.5526,2.8096,4.3962,6.5485,7.4677,14256769,1255,2026-09-25,47.61,880466438.0
NASDAQ:KVHI,KVHI,"KVH Industries, Inc.",Communication Services,Telecom Services,United States,NASDAQ,144088380.0,7.39,48.75,45.73,7,66.6,2530,False,-36.78,40.49,-9.14,-3.3,13.67,24.2,8.42,8.1331,7.6419,6.501,5.95,6.816,837957,1255,2026-09-25,48.75,19497751.0
NASDAQ:CMCO,CMCO,Columbus McKinnon Corporation,Industrials,Farm & Heavy Construction Machinery,United States,NASDAQ,485249275.0,16.83,48.77,49.12,7,66.6,2531,True,-26.86,39.33,0.4,2.34,-14.64,-33.28,-38.36,16.7635,16.4453,19.7165,25.2267,27.3028,7203221,1255,2026-09-25,41.9,28832399.0
NASDAQ:BTDR,BTDR,Bitdeer Technologies Group,Technology,Software - Application,Singapore,NASDAQ,2289497044.0,11.51,48.8,49.19,7,66.7,2532,False,-55.56,58.1,-4.16,-12.79,-12.5,3.25,5.85,12.0097,13.1974,13.1538,11.1479,10.8742,120902590,1255,2026-09-25,53.29,198913731.0
NYSE:SHW,SHW,Sherwin-Williams Company (The),Basic Materials,Specialty Chemicals,United States,NYSE,79891707494.0,329.1,48.8,48.02,7,66.7,2533,True,-11.04,12.58,-0.85,-1.03,-3.82,0.14,8.1,331.9095,332.5355,342.1739,328.6286,304.4526,561276897,1255,2026-09-25,39.22,242758151.0
NASDAQ:AVNW,AVNW,"Aviat Networks, Inc.",Technology,Communication Equipment,United States,NASDAQ,259953812.0,20.09,48.81,48.74,7,66.7,2534,False,-24.87,33.13,-5.9,-7.07,-4.44,-17.09,-23.12,21.3489,21.6185,21.0241,24.2301,26.1306,3573639,1255,2026-09-25,47.35,12939463.0
NASDAQ:MITK,MITK,"Mitek Systems, Inc.",Technology,Software - Application,United States,NASDAQ,797505309.0,17.66,48.81,49.12,7,66.7,2535,False,-12.31,104.16,18.34,28.38,52.28,52.19,56.81,14.9233,13.7563,11.597,11.604,11.2624,11285943,1255,2026-09-25,52.64,45158851.0
NYSE:AEM,AEM,Agnico Eagle Mines Limited,Basic Materials,Gold,Canada,NYSE,98477838751.0,194.48,48.84,51.91,7,66.8,2536,True,-22.52,42.96,3.49,6.14,35.01,68.54,97.96,187.9167,183.2304,144.0519,115.3909,98.2408,427331302,1255,2026-09-25,48.28,506364864.0
NASDAQ:ONDS,ONDS,Ondas Inc,Technology,Communication Equipment,United States,NASDAQ,4353566965.0,7.64,48.84,47.57,7,66.8,2537,False,-45.47,45.52,-19.35,-16.33,39.23,92.28,122.87,9.4729,9.1315,5.4874,3.9733,3.428,480510987,1255,2026-09-25,48.08,569838608.0
NASDAQ:EPSN,EPSN,Epsilon Energy Ltd.,Energy,Oil & Gas E&P,United States,NASDAQ,179374299.0,5.93,48.85,50.88,7,66.8,2538,False,-6.65,44.12,9.26,12.65,5.49,11.63,13.37,5.4274,5.2642,5.6214,5.312,5.2307,1077585,1255,2026-09-25,52.44,30248617.0
NASDAQ:HRZN,HRZN,Horizon Technology Finance Corporation,Financial Services,Asset Management,United States,NASDAQ,316048944.0,4.63,48.87,50.68,7,66.9,2539,True,-21.08,31.13,0.31,-2.55,-16.86,-26.84,-28.75,4.6156,4.7512,5.5688,6.3284,6.4983,2942973,1255,2026-09-25,46.6,68261111.0
NYSE:VAC,VAC,Marriott Vacations Worldwide Corporation,Consumer Cyclical,Resorts & Casinos,United States,NYSE,3531153840.0,102.82,48.87,49.53,7,66.9,2540,True,-16.92,136.08,30.13,37.78,40.64,37.22,20.49,79.0145,74.6286,73.108,74.9296,85.336,50625173,1255,2026-09-25,45.35,34343064.0
NYSE:GDDY,GDDY,GoDaddy Inc.,Technology,Software - Infrastructure,United States,NYSE,12862292538.0,97.14,48.9,50.29,7,66.9,2541,False,-31.43,29.54,3.15,-4.61,-30.24,-26.76,-17.81,94.177,101.8306,139.2463,132.6261,118.1903,267549912,1255,2026-09-25,53.28,132409847.0
NASDAQ:EZPW,EZPW,"EZCORP, Inc. - Class A Non-Voting",Financial Services,Credit Services,United States,NASDAQ,1822025099.0,31.16,48.91,49.2,7,66.9,2542,False,-12.45,78.98,10.07,18.59,56.08,87.77,112.98,28.3081,26.2761,19.9642,16.595,14.6306,21804373,1255,2026-09-25,43.7,58473206.0
NASDAQ:LNZA,LNZA,"LanzaTech Global, Inc.",Industrials,Waste Management,United States,NASDAQ,78927653.0,6.03,48.91,47.1,7,66.9,2543,False,-85.44,15.96,-48.77,-55.63,-86.59,-95.55,-97.81,11.7715,13.5891,44.9539,135.421,275.1457,391351,1255,2026-09-25,47.56,13089163.0
NYSE:AOS,AOS,A.O. Smith Corporation,Industrials,Specialty Industrial Machinery,United States,NYSE,6454269101.0,58.65,48.93,47.63,7,67.0,2544,True,-26.26,5.78,-8.45,-9.18,-11.71,-15.95,-13.04,64.0655,64.5755,66.4298,69.784,67.4428,86135834,1255,2026-09-25,42.82,110047214.0
NYSE:HTH,HTH,Hilltop Holdings Inc.,Financial Services,Financial Conglomerates,United States,NYSE,2208964240.0,38.56,48.93,49.48,7,67.0,2545,False,-3.09,26.93,3.88,6.57,16.59,21.13,25.03,37.1197,36.1819,33.0737,31.8331,30.8414,13393752,1255,2026-09-25,45.72,57286417.0
NYSE:MGA,MGA,"Magna International, Inc.",Consumer Cyclical,Auto Parts,Canada,NYSE,17694595750.0,65.0,48.93,48.5,7,67.0,2546,True,-11.02,52.71,7.14,12.62,35.4,38.12,36.36,60.6668,57.7151,48.0062,47.0614,47.6696,74000424,1255,2026-09-25,38.89,272224550.0
NYSE:BCC,BCC,"Boise Cascade, L.L.C.",Basic Materials,Lumber & Wood Production,United States,NYSE,2714536235.0,77.14,48.96,48.97,7,67.1,2547,True,-14.51,18.55,0.27,1.68,-15.34,-22.93,-15.99,76.9323,75.8627,91.1138,100.0897,91.8181,24937128,1255,2026-09-25,45.4,35189736.0
NYSE:EARN,EARN,Ellington Credit Company Common Shares of Beneficial Interest,Financial Services,Asset Management,United States,NYSE,160043088.0,4.26,48.96,48.72,7,67.1,2548,True,-14.39,9.1,-2.79,-3.02,-5.65,-3.9,-1.73,4.3821,4.3927,4.5152,4.4331,4.335,1460953,1255,2026-09-25,40.09,37568800.0
NYSE:BGY,BGY,Blackrock Enhanced International Dividend Trust,Financial Services,Asset Management,United States,NYSE,522845405.0,5.77,48.97,50.37,7,67.1,2549,True,-2.14,15.79,3.26,4.32,10.45,17.35,23.75,5.5879,5.5309,5.2239,4.917,4.6628,1200500,1255,2026-09-25,44.13,90614455.0
NASDAQ:NKTX,NKTX,"Nkarta, Inc.",Healthcare,Biotechnology,United States,NASDAQ,196749734.0,2.75,48.97,50.42,7,67.1,2550,False,-25.07,58.96,9.45,13.73,16.02,-25.35,-34.14,2.5126,2.418,2.3704,3.6838,4.1754,1820187,1255,2026-09-25,53.2,71545358.0
NASDAQ:STBA,STBA,"S&T Bancorp, Inc.",Financial Services,Banks - Regional,United States,NASDAQ,1756899112.0,49.82,48.97,49.9,7,67.1,2551,False,-5.95,48.64,11.16,15.52,24.79,35.94,44.54,44.8173,43.1254,39.922,36.6482,34.467,14190414,1255,2026-09-25,46.68,35264936.0
NASDAQ:INCY,INCY,Incyte Corporation,Healthcare,Biotechnology,United States,NASDAQ,25112223752.0,123.89,48.98,51.36,7,67.2,2552,False,-4.65,51.71,16.6,19.16,41.95,59.06,62.47,106.2489,103.9719,87.2759,77.8881,76.2523,188854819,1255,2026-09-25,50.18,202697746.0
NASDAQ:FBNC,FBNC,First Bancorp,Financial Services,Banks - Regional,United States,NASDAQ,2627263034.0,63.5,49.0,49.39,7,67.2,2553,False,-4.28,38.82,7.23,10.91,26.13,43.0,51.84,59.2212,57.2526,50.3461,44.4062,41.8196,14690355,1255,2026-09-25,44.47,41374221.0
NASDAQ:IESC,IESC,"IES Holdings, Inc.",Industrials,Engineering & Construction,United States,NASDAQ,6457929493.0,324.13,49.0,48.8,7,67.2,2554,False,-18.35,81.11,12.59,20.42,63.52,114.41,172.26,287.8881,269.1709,198.2151,151.1733,119.0526,87250334,1255,2026-09-25,47.53,19923887.0
NYSE:KOP,KOP,Koppers Holdings Inc.,Basic Materials,Specialty Chemicals,United States,NYSE,889856589.0,46.27,49.0,49.14,7,67.2,2555,True,-11.41,77.22,17.2,24.85,35.83,24.51,29.79,39.4786,37.0597,34.0641,37.1613,35.6511,8107689,1255,2026-09-25,46.76,19231826.0
NASDAQ:ASTL,ASTL,Algoma Steel Group Inc.,Basic Materials,Steel,Canada,NASDAQ,448955517.0,4.26,49.01,49.47,7,67.3,2556,True,-26.55,33.54,-3.65,-1.17,-26.14,-34.32,-35.05,4.4215,4.3104,5.768,6.4862,6.5589,3334030,1255,2026-09-25,46.89,105388619.0
NASDAQ:FRAF,FRAF,Franklin Financial Services Corporation,Financial Services,Banks - Regional,United States,NASDAQ,281488455.0,62.65,49.01,50.13,7,67.3,2557,False,-2.51,47.02,11.4,15.47,40.38,61.52,75.04,56.2363,54.2562,44.6278,38.7871,35.7918,2399057,1255,2026-09-25,46.68,4493032.0
NASDAQ:INCR,INCR,Intercure Ltd.,Healthcare,Drug Manufacturers - Specialty & Generic,Israel,NASDAQ,308580777.0,5.21,49.01,50.71,7,67.3,2558,False,-37.98,42.74,10.06,-0.81,-20.27,-31.18,-44.38,4.734,5.2524,6.5343,7.5707,9.3678,43530,1255,2026-09-25,50.41,59228556.0
NYSE:AAUC,AAUC,Allied Gold Corporation,Basic Materials,Gold,Canada,NYSE,2820752535.0,22.29,49.02,48.9,7,67.4,2559,True,-30.37,52.05,-16.11,-10.03,25.8,,,26.5692,24.7757,17.7188,,,10115413,530,2026-09-25,47.42,126547893.0
NASDAQ:CHCI,CHCI,"Comstock Holding Companies, Inc.",Real Estate,Real Estate Services,United States,NASDAQ,194053445.0,19.33,49.02,52.48,7,67.4,2560,False,-8.61,86.76,26.84,28.54,51.93,86.77,118.19,15.2394,15.0377,12.7228,10.3497,8.8594,1024324,1255,2026-09-25,49.52,10038978.0
NASDAQ:ONB,ONB,Old National Bancorp,Financial Services,Banks - Regional,United States,NASDAQ,9751709300.0,25.49,49.02,48.55,7,67.4,2561,False,-6.07,33.22,5.67,8.89,15.75,28.31,37.62,24.1225,23.4098,22.0225,19.8659,18.5218,103250048,1255,2026-09-25,41.55,382570000.0
NYSE:CSR,CSR,D/B/A Centerspace,Real Estate,REIT - Residential,United States,NYSE,929046053.0,55.29,49.05,49.04,7,67.5,2562,False,-18.64,5.54,-7.66,-7.49,-6.94,-4.61,-2.33,59.8764,59.7674,59.4127,57.9632,56.6078,21235595,1255,2026-09-25,48.33,16803148.0
NASDAQ:VEEA,VEEA,Veea Inc.,Technology,Information Technology Services,United States,NASDAQ,169760215.0,3.08,49.05,48.14,7,67.5,2563,True,-83.32,97.44,-64.1,-67.32,-89.25,-96.61,-97.43,8.5785,9.4238,28.6419,90.9654,119.702,70770459,1255,2026-09-25,48.69,55116953.0
NYSE:MAN,MAN,ManpowerGroup,Industrials,Staffing & Employment Services,United States,NYSE,2669986504.0,57.41,49.06,53.71,7,67.5,2564,True,-8.8,128.14,55.18,60.66,35.58,14.24,4.75,36.9948,35.7345,42.3447,50.2538,54.8085,45499850,1255,2026-09-25,47.24,46507342.0
NASDAQ:USCB,USCB,"USCB Financial Holdings, Inc.",Financial Services,Banks - Regional,United States,NASDAQ,417737806.0,22.63,49.06,53.09,7,67.5,2565,False,-3.62,41.05,14.61,17.87,25.58,42.58,54.37,19.746,19.199,18.0199,15.8722,14.6597,2074652,1255,2026-09-25,49.8,18459470.0
NASDAQ:MANH,MANH,"Manhattan Associates, Inc.",Technology,Software - Application,United States,NASDAQ,12011563422.0,206.03,49.07,53.57,7,67.6,2566,False,-7.92,70.44,28.37,24.1,5.72,-0.35,6.24,160.4975,166.0176,194.8774,206.7624,193.9288,132821600,1255,2026-09-25,53.38,58300070.0
NYSE:DD,DD,"DuPont de Nemours, Inc.",Basic Materials,Specialty Chemicals,United States,NYSE,17783405306.0,131.71,49.09,46.98,7,67.6,2567,True,-13.74,44.88,-3.49,1.12,18.34,26.38,33.81,136.4748,130.2551,111.2974,104.2165,98.432,156602254,1255,2026-09-25,44.89,135019401.0
NYSE:VVR,VVR,Invesco Senior Income Trust Common Stock (DE),Financial Services,Asset Management,United States,NYSE,444843334.0,2.89,49.09,48.63,7,67.6,2568,True,-5.23,1.63,-1.49,-1.59,-4.91,-4.95,-0.02,2.9337,2.9367,3.0392,3.0404,2.8905,2223183,1255,2026-09-25,37.3,153925029.0
NASDAQ:FBIZ,FBIZ,"First Business Financial Services, Inc.",Financial Services,Banks - Regional,United States,NASDAQ,589783568.0,70.53,49.1,52.55,7,67.6,2569,False,-3.18,51.28,17.59,21.79,34.39,52.08,66.71,59.9773,57.9091,52.4817,46.3781,42.3071,4281900,1255,2026-09-25,47.11,8362166.0
NASDAQ:RDCM,RDCM,Radcom Ltd.,Communication Services,Telecom Services,Israel,NASDAQ,173409586.0,10.36,49.11,44.91,7,67.7,2570,True,-35.81,4.54,-17.34,-18.57,-17.42,-9.41,-6.43,12.5328,12.7228,12.546,11.4356,11.0719,1102493,1255,2026-09-25,47.47,16738377.0
NASDAQ:ICHR,ICHR,Ichor Holdings,Technology,Semiconductor Equipment & Materials,United States,NASDAQ,2020197051.0,57.94,49.14,46.3,7,67.7,2571,True,-48.4,306.6,1.52,17.95,57.11,61.04,66.96,57.0726,49.1223,36.8786,35.9787,34.703,37820864,1255,2026-09-25,46.31,34867053.0
NASDAQ:PNBK,PNBK,Patriot National Bancorp Inc.,Financial Services,Banks - Regional,United States,NASDAQ,110329351.0,1.0,49.18,47.23,7,67.7,2572,True,-47.92,8.7,-20.97,-20.94,-36.71,-56.34,-75.56,1.2653,1.2649,1.5801,2.2903,4.091,235036,1255,2026-09-25,36.52,110329351.0
NYSE:REX,REX,REX American Resources Corporation,Basic Materials,Chemicals,United States,NYSE,1411051839.0,42.84,49.19,48.53,7,67.8,2573,False,-16.26,40.14,3.32,8.35,37.29,50.85,69.15,41.4633,39.5398,31.2045,28.3998,25.326,10005572,1255,2026-09-25,52.06,32937718.0
AMEX:RLGT,RLGT,"Radiant Logistics, Inc.",Industrials,Integrated Freight & Logistics,United States,AMEX,401815694.0,8.58,49.19,49.27,7,67.8,2574,True,-12.54,47.17,7.93,13.46,22.43,29.86,32.35,7.9493,7.5619,7.0082,6.6069,6.483,3731959,1255,2026-09-25,48.62,46831666.0
NASDAQ:LMAT,LMAT,"LeMaitre Vascular, Inc.",Healthcare,Medical Instruments & Supplies,United States,NASDAQ,1862792243.0,81.52,49.21,45.18,7,67.8,2575,False,-30.18,3.5,-13.46,-11.87,-10.31,-1.4,8.69,94.2009,92.4988,90.889,82.6763,75.0047,21497300,1255,2026-09-25,46.22,22850739.0
NASDAQ:HURA,HURA,"TuHURA Biosciences, Inc.",Healthcare,Biotechnology,United States,NASDAQ,133733309.0,2.1,49.22,48.58,7,67.8,2576,False,-33.33,377.27,14.69,9.25,-27.12,-76.68,-95.78,1.831,1.9221,2.8813,9.0064,49.7204,393123,1255,2026-09-25,49.22,63682528.0
NASDAQ:BGIN,BGIN,Bgin Blockchain Limited,Technology,Computer Hardware,Singapore,NASDAQ,172104975.0,1.9,49.23,48.33,7,67.9,2577,True,-61.69,11.76,-28.16,,,,,2.6447,,,,,12944,234,2026-09-25,46.95,90581566.0
AMEX:IDR,IDR,"Idaho Strategic Resources, Inc.",Basic Materials,Gold,United States,AMEX,480461615.0,30.39,49.23,48.33,7,67.9,2578,True,-42.29,15.33,-17.39,-17.12,15.85,50.16,83.83,36.7868,36.6675,26.2333,20.2381,16.5318,6214925,1255,2026-09-25,46.53,15809859.0
NYSE:SBXE,SBXE,SilverBox Corp V,Financial Services,Shell Companies,United States,NYSE,278760000.0,10.1,49.23,50.22,7,67.9,2579,False,-0.79,1.92,,,,,,,,,,,402940,170,2026-09-25,49.23,27600000.0
NASDAQ:AFRI,AFRI,Forafric Global PLC,Consumer Defensive,Farm Products,Gibraltar,NASDAQ,295793051.0,10.97,49.24,51.25,7,67.9,2580,False,-2.92,28.45,6.87,9.04,14.91,9.98,6.89,10.265,10.0605,9.5462,9.9745,10.2629,298552,1255,2026-09-25,52.78,26963815.0
NASDAQ:KIDS,KIDS,OrthoPediatrics Corp.,Healthcare,Medical Devices,United States,NASDAQ,579196615.0,22.55,49.25,50.88,7,68.0,2581,False,-14.91,54.03,19.64,21.43,8.16,-5.17,-21.13,18.8486,18.5711,20.8487,23.779,28.5911,4466572,1255,2026-09-25,50.04,25684994.0
NASDAQ:PLYX,PLYX,"Polaryx Therapeutics, Inc.",Healthcare,Biotechnology,United States,NASDAQ,104178125.0,2.09,49.25,46.64,7,68.0,2582,False,-94.03,11.76,,,,,,,,,,,72748,164,2026-09-25,52.54,49845993.0
NASDAQ:ADV,ADV,Advantage Solutions Inc.,Communication Services,Advertising Agencies,United States,NASDAQ,440339674.0,33.12,49.31,48.37,7,68.0,2583,False,-29.26,163.9,12.94,11.02,-21.71,-42.47,-42.29,29.3243,29.8313,42.3043,57.5689,57.3923,1836980,1255,2026-09-25,53.66,13295280.0
NASDAQ:ASTS,ASTS,"AST SpaceMobile, Inc.",Technology,Communication Equipment,United States,NASDAQ,18465513933.0,61.81,49.32,48.04,7,68.0,2584,False,-53.56,26.56,-24.18,-21.63,12.03,56.12,99.14,81.5243,78.8669,55.1726,39.5922,31.0377,599367108,1255,2026-09-25,48.11,298746383.0
NYSE:HDB,HDB,HDFC Bank Limited,Financial Services,Banks - Regional,India,NYSE,118156522184.0,23.01,49.33,47.98,7,68.1,2585,False,-38.11,5.36,-16.0,-21.04,-26.58,-24.63,-25.37,27.3932,29.1399,31.3385,30.5299,30.8311,259370688,1255,2026-09-25,47.39,5135007483.0
NASDAQ:HON,HON,Honeywell International Inc.,Industrials,Conglomerates,United States,NASDAQ,67365599126.0,212.55,49.34,46.08,7,68.1,2586,True,-17.6,9.18,-7.03,-4.7,-1.63,2.97,6.16,228.6327,223.0416,216.0689,206.4134,200.2115,665366563,1255,2026-09-25,48.03,316940010.0
NYSE:TD,TD,Toronto Dominion Bank (The),Financial Services,Banks - Diversified,Canada,NYSE,199319953150.0,120.65,49.34,50.43,7,68.1,2587,True,-3.33,56.3,13.38,19.42,48.53,67.09,77.58,106.4123,101.0301,81.2311,72.2051,67.9413,201944414,1255,2026-09-25,44.75,1652051000.0
NYSE:MYE,MYE,"Myers Industries, Inc.",Consumer Cyclical,Packaging & Containers,United States,NYSE,1179702675.0,31.36,49.35,50.02,7,68.1,2588,False,-14.28,103.66,26.31,35.3,76.25,81.93,79.31,24.827,23.1775,17.7931,17.2373,17.4891,11091718,1255,2026-09-25,51.55,37618070.0
NASDAQ:APPS,APPS,"Digital Turbine, Inc.",Technology,Software - Application,United States,NASDAQ,1343599382.0,11.11,49.36,50.76,7,68.2,2589,True,-22.79,293.97,61.84,66.97,116.96,139.21,68.4,6.8648,6.6538,5.1208,4.6445,6.5974,31485074,1255,2026-09-25,47.46,120936038.0
NASDAQ:RPAY,RPAY,Repay Holdings Corporation,Technology,Software - Infrastructure,United States,NASDAQ,313815608.0,3.79,49.38,49.81,7,68.2,2590,False,-28.76,57.92,7.57,3.4,-23.65,-39.02,-42.28,3.5232,3.6655,4.9643,6.2149,6.5666,1563321,1255,2026-09-25,55.4,82800952.0
NASDAQ:FUSB,FUSB,"First US Bancshares, Inc.",Financial Services,Banks - Regional,United States,NASDAQ,90801556.0,16.44,49.39,49.98,7,68.2,2591,False,-3.24,39.51,5.93,10.05,20.87,35.25,48.67,15.519,14.9391,13.6015,12.1556,11.0581,137246,1255,2026-09-25,49.67,5523209.0
NYSE:MATX,MATX,"Matson, Inc.",Industrials,Marine Shipping,United States,NYSE,6718110874.0,224.66,49.39,52.81,7,68.2,2592,False,-5.84,157.54,25.19,37.55,56.66,69.98,93.42,179.4575,163.3285,143.4041,132.1684,116.1507,70286278,1255,2026-09-25,49.59,29903458.0
NASDAQ:TARS,TARS,"Tarsus Pharmaceuticals, Inc.",Healthcare,Biotechnology,United States,NASDAQ,3302434326.0,75.69,49.39,52.59,7,68.2,2593,False,-16.62,36.65,10.24,9.33,30.52,59.35,90.77,68.6609,69.2308,57.9919,47.4996,39.6761,62822524,1255,2026-09-25,49.96,43631052.0
NASDAQ:ECBK,ECBK,"ECB Bancorp, Inc.",Financial Services,Banks - Regional,United States,NASDAQ,181207179.0,20.7,49.4,50.75,7,68.3,2594,False,-3.94,39.58,10.99,13.89,23.56,35.12,37.97,18.65,18.1759,16.7528,15.3199,15.0028,223616,1045,2026-09-25,49.4,8753970.0
NASDAQ:IRD,IRD,"Opus Genetics, Inc.",Healthcare,Biotechnology,United States,NASDAQ,393013375.0,4.76,49.4,52.38,7,68.3,2595,False,-21.58,188.48,21.24,35.07,105.68,107.63,80.31,3.9261,3.5241,2.3143,2.2926,2.6399,28630579,1255,2026-09-25,51.56,82565835.0
NASDAQ:XSLL,XSLL,Xsolla SPAC 1,Financial Services,Shell Companies,United States,NASDAQ,208318318.0,9.98,49.4,53.95,7,68.3,2596,False,-0.2,1.84,,,,,,,,,,,624489,133,2026-09-25,49.4,20873579.0
NYSE:ZETA,ZETA,Zeta Global Holdings Corp.,Technology,Software - Infrastructure,United States,NYSE,6644485293.0,29.45,49.4,53.67,7,68.3,2597,False,-9.88,102.41,40.47,43.65,49.56,66.54,90.71,20.9646,20.5016,19.6916,17.6838,15.442,201821826,1255,2026-09-25,50.12,225619195.0
NASDAQ:PRE,PRE,Prenetics Global Limited,Consumer Defensive,Packaged Foods,Hong Kong,NASDAQ,354184054.0,22.97,49.41,51.86,7,68.4,2598,False,-12.5,94.83,20.3,27.34,90.0,134.33,77.96,19.0936,18.039,12.0896,9.8026,12.9073,4881041,1255,2026-09-25,49.18,15419419.0
NASDAQ:BSBK,BSBK,Bogota Financial Corp.,Financial Services,Banks - Regional,United States,NASDAQ,117167856.0,9.115,49.42,50.21,7,68.5,2599,True,-3.34,11.84,4.83,4.87,9.58,14.37,8.08,8.6953,8.692,8.3179,7.9699,8.4339,34521,1255,2026-09-25,44.57,12854400.0
NASDAQ:LOVE,LOVE,The Lovesac Company,Consumer Cyclical,"Furnishings, Fixtures & Appliances",United States,NASDAQ,222357569.0,15.19,49.42,47.8,7,68.5,2600,False,-18.77,44.12,0.62,1.69,-19.07,-24.62,-28.69,15.0969,14.9373,18.7699,20.1507,21.3009,4929563,1255,2026-09-25,45.17,14638418.0
NASDAQ:MDIA,MDIA,Mediaco Holding Inc.,Communication Services,Broadcasting,United States,NASDAQ,83833036.0,1.09,49.42,51.26,7,68.5,2601,False,-16.15,97.82,31.62,23.51,4.3,-11.46,-11.45,0.8281,0.8825,1.045,1.2311,1.231,16514,1255,2026-09-25,58.15,76911042.0
NASDAQ:AIFC,AIFC,AI Financial Corporation,Technology,Software - Infrastructure,United States,NASDAQ,72714986.0,0.52,49.43,48.84,7,68.5,2602,False,-83.23,40.54,-48.79,-58.7,-84.02,-81.02,-78.29,1.0154,1.259,3.254,2.7391,2.3952,348325,1255,2026-09-25,52.94,139836511.0
NYSE:CHE,CHE,Chemed Corp,Healthcare,Medical Care Facilities,United States,NYSE,6798465105.0,512.16,49.43,50.11,7,68.5,2603,True,-7.22,39.32,13.28,14.12,3.95,-1.08,-0.53,452.1251,448.7942,492.6754,517.7617,514.9015,75749059,1255,2026-09-25,33.19,13274104.0
NASDAQ:NECB,NECB,"NorthEast Community Bancorp, Inc.",Financial Services,Banks - Regional,United States,NASDAQ,368675128.0,26.77,49.45,50.76,7,68.6,2604,False,-4.61,40.85,8.51,13.05,15.38,28.82,42.26,24.6695,23.6807,23.2024,20.781,18.8179,936430,1255,2026-09-25,46.79,13771951.0
NASDAQ:OTTR,OTTR,Otter Tail Corporation,Industrials,Conglomerates,United States,NASDAQ,3750863961.0,89.34,49.45,49.03,7,68.6,2605,True,-4.65,22.12,2.45,4.6,10.64,11.25,16.87,87.1999,85.4133,80.7519,80.3064,76.4431,23091350,1255,2026-09-25,44.73,41984150.0
NASDAQ:PCB,PCB,PCB Bancorp,Financial Services,Banks - Regional,United States,NASDAQ,389363213.0,27.71,49.45,50.01,7,68.6,2606,False,-8.79,44.74,12.48,16.52,29.7,44.17,53.77,24.6348,23.7804,21.365,19.2207,18.02,827433,1255,2026-09-25,46.31,14051361.0
NASDAQ:CLAR,CLAR,Clarus Corporation,Consumer Cyclical,Leisure,United States,NASDAQ,137620520.0,3.58,49.46,51.37,7,68.6,2607,False,-6.28,43.79,12.2,11.28,1.74,-14.91,-31.98,3.1908,3.2172,3.5187,4.2072,5.2635,413976,1255,2026-09-25,43.63,38441486.0
NASDAQ:WMT,WMT,Walmart Inc.,Consumer Defensive,Discount Stores,United States,NASDAQ,859313387157.0,107.98,49.47,47.98,7,68.7,2608,True,-19.35,8.23,-8.57,-6.3,4.15,21.36,37.4,118.1077,115.2372,103.6747,88.9723,78.5854,2431148855,1255,2026-09-25,48.29,7958079155.0
NYSE:OGG,OGG,Osisko Gold Group Inc.,Basic Materials,Gold,Canada,NYSE,844078217.0,2.77,49.49,50.21,7,68.7,2609,False,-42.05,23.66,-12.34,-13.38,7.46,9.78,-8.21,3.1599,3.1977,2.5776,2.5232,3.0177,3287831,1255,2026-09-25,47.18,304721378.0
NASDAQ:GCMG,GCMG,GCM Grosvenor Inc.,Financial Services,Asset Management,United States,NASDAQ,787396472.0,13.04,49.5,50.32,7,68.7,2610,True,-6.37,40.79,13.21,14.26,12.65,24.01,36.1,11.518,11.4126,11.5758,10.5149,9.5813,6744126,1255,2026-09-25,40.53,60383165.0
NASDAQ:HFWA,HFWA,Heritage Financial Corporation,Financial Services,Banks - Regional,United States,NASDAQ,1168687906.0,28.57,49.52,48.36,7,68.7,2611,False,-7.82,36.61,5.61,9.43,17.33,30.0,32.5,27.0515,26.108,24.3499,21.9767,21.5625,12375211,1255,2026-09-25,43.44,40906122.0
NASDAQ:ACIC,ACIC,American Coastal Insurance Corporation,Financial Services,Insurance - Property & Casualty,United States,NASDAQ,455562042.0,9.4,49.53,45.71,7,68.8,2612,True,-23.3,3.64,-13.36,-13.84,-13.5,-9.35,10.87,10.8492,10.9098,10.8665,10.3698,8.4783,2457728,1255,2026-09-25,34.01,48464047.0
NASDAQ:HFBL,HFBL,"Home Federal Bancorp, Inc. of Louisiana",Financial Services,Banks - Regional,United States,NASDAQ,75452785.0,24.8,49.54,51.59,7,68.8,2613,False,-7.57,86.39,24.0,31.29,58.62,73.72,72.13,19.9994,18.8892,15.6347,14.2756,14.4076,21130,1255,2026-09-25,50.78,3042451.0
NASDAQ:TWLV,TWLV,Twelve Seas Investment Company III,Financial Services,Shell Companies,United States,NASDAQ,178514700.0,10.06,49.54,54.28,7,68.8,2614,False,-3.08,2.24,,,,,,,,,,,196404,179,2026-09-25,57.88,17745000.0
NYSE:ANGX,ANGX,"Angel Studios, Inc.",Communication Services,Entertainment,United States,NYSE,623272618.0,4.8,49.55,52.59,7,68.9,2615,False,-48.5,120.18,26.45,12.3,,,,3.7959,4.2741,,,,10201707,262,2026-09-25,50.98,129848462.0
NYSE:COHR,COHR,Coherent Corp.,Technology,Scientific & Technical Instruments,United States,NYSE,57875980331.0,295.83,49.55,49.07,7,68.9,2616,True,-30.7,177.59,3.38,16.02,72.2,122.65,170.68,286.157,254.9798,171.7902,132.8691,109.2923,1827664899,1255,2026-09-25,47.97,195639321.0
NYSE:OWLT,OWLT,"Owlet, Inc.",Healthcare,Medical Devices,United States,NYSE,146482328.0,5.04,49.55,48.32,7,68.9,2617,False,-69.49,13.51,-34.3,-38.37,-26.34,-17.39,-20.6,7.6714,8.1785,6.8425,6.1009,6.3474,1079262,1255,2026-09-25,50.25,29063954.0
NYSE:AYI,AYI,Acuity Inc.,Industrials,Electrical Equipment & Parts,United States,NYSE,9562012423.0,319.42,49.56,47.94,7,68.9,2618,False,-15.15,24.07,1.26,-1.46,3.02,13.03,25.6,315.4349,324.1497,310.0687,282.6016,254.3096,87732590,1255,2026-09-25,41.36,29935547.0
NYSE:AII,AII,"American Integrity Insurance Group, Inc.",Financial Services,Insurance - Property & Casualty,United States,NYSE,493492680.0,25.19,49.57,54.86,7,69.0,2619,False,-5.9,53.97,28.17,25.66,,,,19.6542,20.046,,,,5861932,348,2026-09-25,50.86,19590817.0
NYSE:SLF,SLF,Sun Life Financial Inc.,Financial Services,Insurance - Diversified,Canada,NYSE,44294094381.0,79.91,49.58,50.96,7,69.0,2620,True,-4.12,42.77,13.83,17.94,28.17,39.66,49.69,70.2039,67.7561,62.3493,57.2188,53.3827,47823808,1255,2026-09-25,46.61,554299767.0
NASDAQ:BCBP,BCBP,"BCB Bancorp, Inc. (NJ)",Financial Services,Banks - Regional,United States,NASDAQ,151927624.0,8.75,49.61,45.76,7,69.0,2621,False,-23.71,19.52,-3.91,-0.98,-4.08,-6.29,-13.15,9.1057,8.8363,9.1222,9.3374,10.0745,3533207,1255,2026-09-25,49.61,17363157.0
NYSE:JOE,JOE,St. Joe Company (The),Real Estate,Real Estate - Diversified,United States,NYSE,3717558450.0,65.3,49.61,49.93,7,69.0,2622,True,-9.65,40.63,0.45,4.22,18.1,18.9,25.87,65.0104,62.6546,55.2923,54.9215,51.88,19560786,1255,2026-09-25,47.44,56930451.0
AMEX:NFGC,NFGC,New Found Gold Corp,Basic Materials,Gold,Canada,AMEX,672144461.0,1.75,49.62,50.61,7,69.1,2623,True,-49.71,28.68,-18.51,-19.72,-10.22,-27.91,-39.28,2.1476,2.1798,1.9493,2.4276,2.8821,1929835,1255,2026-09-25,48.97,384082549.0
NYSE:UNFI,UNFI,"United Natural Foods, Inc.",Consumer Defensive,Food Distribution,United States,NYSE,2774802569.0,45.85,49.63,48.4,7,69.1,2624,False,-17.42,51.87,3.97,7.01,33.19,66.4,60.93,44.1006,42.8477,34.4255,27.5543,28.4898,33009707,1255,2026-09-25,50.93,60519140.0
NASDAQ:HNNA,HNNA,"Hennessy Advisors, Inc.",Financial Services,Asset Management,United States,NASDAQ,80446371.0,10.18,49.64,51.88,7,69.1,2625,False,-2.86,20.34,4.71,5.14,1.93,16.08,24.54,9.7222,9.6828,9.9875,8.77,8.1742,83893,1255,2026-09-25,50.06,7902394.0
NASDAQ:LILAK,LILAK,Liberty Latin America Ltd.,Communication Services,Telecom Services,Bermuda,NASDAQ,1367739000.0,8.49,49.64,53.04,7,69.1,2626,False,-4.07,80.6,34.66,37.68,56.01,56.56,55.64,6.3049,6.1665,5.442,5.4228,5.4549,11828530,1255,2026-09-25,51.24,161100000.0
NASDAQ:MAZE,MAZE,"Maze Therapeutics, Inc.",Healthcare,Biotechnology,United States,NASDAQ,1441744049.0,26.05,49.65,48.45,7,69.2,2627,False,-49.74,16.35,-21.78,-21.06,,,,33.3049,33.0001,,,,20831675,415,2026-09-25,50.29,55345261.0
NASDAQ:INDV,INDV,"Indivior Pharmaceuticals, Inc.",Healthcare,Drug Manufacturers - Specialty & Generic,United States,NASDAQ,4234088235.0,35.82,49.67,47.08,7,69.2,2628,False,-14.37,57.59,0.28,4.72,51.28,67.36,69.54,35.7206,34.2062,23.6772,21.4024,21.1281,73874578,1255,2026-09-25,51.22,118204585.0
NYSE:SKE,SKE,Skeena Resources Limited,Basic Materials,Other Industrial Metals & Mining,Canada,NYSE,3934715848.0,31.71,49.67,50.75,7,69.2,2629,True,-16.82,104.05,6.19,15.46,61.21,114.44,155.06,29.8605,27.4648,19.6701,14.7871,12.4324,14074405,1255,2026-09-25,48.42,124084385.0
NYSE:ANDG,ANDG,Andersen Group Inc.,Consumer Cyclical,Personal Services,United States,NYSE,685903920.0,52.96,49.68,53.49,7,69.3,2630,False,-7.82,188.77,,,,,,,,,,,22720910,194,2026-09-25,51.16,12951358.0
NASDAQ:VRM,VRM,"Vroom, Inc.",Financial Services,Credit Services,United States,NASDAQ,50305677.0,9.66,49.68,50.72,7,69.3,2631,False,-66.02,40.0,-27.78,-37.53,,,,13.3762,15.4635,,,,705758,402,2026-09-25,50.67,5207627.0
NYSE:CRD.B,CRD-B,Crawford & Company,Financial Services,Insurance Brokers,United States,NYSE,224134421.0,11.83,49.7,51.0,7,69.3,2632,False,-9.69,32.99,13.31,14.52,14.43,19.29,30.64,10.44,10.3301,10.3384,9.9171,9.0551,550134,1255,2026-09-25,51.87,18946274.0
NYSE:EGO,EGO,Eldorado Gold Corporation,Basic Materials,Gold,Canada,NYSE,10933169117.0,41.92,49.71,52.29,7,69.3,2633,False,-15.2,69.09,14.03,19.92,57.12,87.88,120.83,36.7608,34.9574,26.6805,22.3116,18.9832,132431834,1255,2026-09-25,50.34,260810332.0
NYSE:ACHR,ACHR,Archer Aviation Inc.,Industrials,Aerospace & Defense,United States,NYSE,4279671971.0,5.61,49.72,49.9,7,69.4,2634,False,-58.87,26.35,-10.76,-20.08,-26.57,-15.35,-3.49,6.2864,7.0193,7.6401,6.6275,5.8129,133619099,1255,2026-09-25,52.23,762864879.0
NYSE:NATL,NATL,NCR Atleos Corporation,Technology,Software - Application,United States,NYSE,3400607278.0,46.08,49.72,50.0,7,69.4,2635,False,-4.26,35.01,5.79,9.02,26.98,,,43.5579,42.2665,36.29,,,30815575,742,2026-09-25,47.59,73797901.0
NASDAQ:CNDT,CNDT,Conduent Incorporated,Technology,Information Technology Services,United States,NASDAQ,254358775.0,1.64,49.74,50.4,7,69.4,2636,False,-42.25,41.38,2.72,-5.84,-33.53,-41.08,-45.28,1.5966,1.7418,2.4671,2.7834,2.9971,1829028,1255,2026-09-25,48.96,155096814.0
NASDAQ:COCO,COCO,"The Vita Coco Company, Inc.",Consumer Defensive,Beverages - Non-Alcoholic,United States,NASDAQ,3390260724.0,58.59,49.74,46.45,7,69.4,2637,False,-30.27,50.19,-4.42,1.34,26.76,48.64,70.54,61.2968,57.8166,46.2213,39.418,34.3553,86963766,1237,2026-09-25,51.48,57864153.0
NASDAQ:GLXY,GLXY,Galaxy Digital Inc.,Financial Services,Capital Markets,United States,NASDAQ,4641761790.0,24.24,49.76,50.07,7,69.5,2638,False,-43.44,43.94,-3.04,-9.03,,,,25.0002,26.6462,,,,123965331,342,2026-09-25,53.27,191491823.0
AMEX:INTT,INTT,inTest Corporation,Technology,Semiconductor Equipment & Materials,United States,AMEX,145373081.0,11.57,49.76,46.13,7,69.5,2639,False,-38.78,61.14,-11.69,-4.08,19.16,13.32,-0.58,13.1009,12.0617,9.7095,10.2103,11.6376,1312670,1255,2026-09-25,50.96,12564657.0
AMEX:REPX,REPX,"Riley Exploration Permian, Inc.",Energy,Oil & Gas E&P,United States,AMEX,879770651.0,40.55,49.76,53.4,7,69.5,2640,False,-9.69,73.56,22.54,28.55,38.65,47.66,47.36,33.0911,31.5449,29.246,27.4617,27.5168,17472472,1255,2026-09-25,55.39,21695947.0
NYSE:AGCO,AGCO,AGCO Corporation,Industrials,Farm & Heavy Construction Machinery,United States,NYSE,8265144657.0,118.02,49.77,51.38,7,69.6,2641,True,-15.52,19.88,1.99,3.88,11.37,11.65,8.99,115.7138,113.6119,105.9734,105.7087,108.289,155509194,1255,2026-09-25,46.9,70031729.0
NASDAQ:GOOGL,GOOGL,Alphabet Inc.,Communication Services,Internet Content & Information,United States,NASDAQ,2017832219297.0,343.92,49.77,49.33,7,69.6,2642,False,-14.47,45.76,1.81,5.92,36.24,57.23,80.28,337.8176,324.6849,252.4333,218.7322,190.7745,9214826894,1255,2026-09-25,48.59,5867155790.0
NYSE:OR,OR,OR Royalties Inc.,Basic Materials,Gold,Canada,NYSE,6708602014.0,35.78,49.77,51.75,7,69.6,2643,True,-24.77,27.56,-3.09,-1.98,20.18,44.13,63.21,36.921,36.5042,29.7724,24.8244,21.9223,30728596,1255,2026-09-25,49.56,187495864.0
NYSE:VATE,VATE,INNOVATE Corp.,Industrials,Engineering & Construction,United States,NYSE,105997299.0,7.77,49.77,46.98,7,69.6,2644,True,-61.27,95.23,-11.07,-2.49,8.92,2.59,-25.77,8.7372,7.968,7.1339,7.5742,10.4677,786253,1255,2026-09-25,46.51,13641866.0
NASDAQ:NVMI,NVMI,Nova Ltd.,Technology,Semiconductor Equipment & Materials,Israel,NASDAQ,11711982665.0,368.23,49.78,46.61,7,69.7,2645,False,-39.2,33.52,-16.62,-11.56,15.03,36.52,62.35,441.6454,416.3395,320.1295,269.7317,226.8153,218435213,1255,2026-09-25,49.14,31806161.0
NYSE:WSO,WSO,"Watsco, Inc.",Industrials,Industrial Distribution,United States,NYSE,11272621173.0,317.23,49.78,46.87,7,69.7,2646,False,-29.97,4.94,-13.98,-13.25,-22.59,-22.06,-15.66,368.786,365.6628,409.7897,407.0302,376.1496,149798653,1255,2026-09-25,52.31,35534537.0
NYSE:CYH,CYH,"Community Health Systems, Inc.",Healthcare,Medical Care Facilities,United States,NYSE,414567510.0,2.94,49.8,49.16,7,69.7,2647,True,-33.33,18.07,-4.81,-6.66,-10.97,-12.82,-16.98,3.0885,3.1499,3.3023,3.3725,3.5411,3596042,1255,2026-09-25,45.28,141009357.0
NYSE:ALLE,ALLE,Allegion plc,Industrials,Security & Protection Services,Ireland,NYSE,13135632333.0,154.47,49.82,50.81,7,69.7,2648,True,-13.09,23.88,3.43,0.93,5.21,12.62,19.87,149.3508,153.0423,146.8242,137.1564,128.8688,216622813,1255,2026-09-25,45.03,85036786.0
NYSE:CAAP,CAAP,Corporacion America Airports SA,Industrials,Airports & Air Services,Luxembourg,NYSE,3897758243.0,23.88,49.82,49.52,7,69.7,2649,True,-18.24,41.88,-4.24,-0.38,12.11,24.57,41.53,24.9382,23.9702,21.3007,19.1692,16.8733,4947893,1255,2026-09-25,45.98,163222707.0
NASDAQ:FCBC,FCBC,"First Community Bankshares, Inc.",Financial Services,Banks - Regional,United States,NASDAQ,898433635.0,47.62,49.82,51.05,7,69.7,2650,False,-3.9,59.67,14.44,20.61,25.23,34.22,44.17,41.6104,39.4831,38.0275,35.4789,33.0302,4955313,1255,2026-09-25,47.91,18866729.0
NASDAQ:AUGO,AUGO,Aura Minerals Inc.,Basic Materials,Gold,United States,NASDAQ,6978095000.0,83.57,49.83,53.22,7,69.8,2651,True,-21.91,184.49,18.04,31.75,,,,70.7989,63.4323,,,,98525837,302,2026-09-25,48.98,83500000.0
NYSE:PKG,PKG,Packaging Corporation of America,Consumer Cyclical,Packaging & Containers,United States,NYSE,21132417095.0,237.18,49.83,49.64,7,69.8,2652,False,-7.27,26.87,6.35,8.78,12.97,21.58,34.24,223.0262,218.0354,209.9487,195.0789,176.6806,142711740,1255,2026-09-25,51.08,89098647.0
NASDAQ:NBRG,NBRG,Newbridge Acquisition Limited,Financial Services,Shell Companies,Hong Kong,NASDAQ,61454025.0,10.06,49.84,56.05,7,69.9,2653,False,-0.3,1.93,,,,,,,,,,,30027,130,2026-09-25,49.84,6108750.0
NASDAQ:AMSC,AMSC,American Superconductor Corporation,Industrials,Specialty Industrial Machinery,United States,NASDAQ,1454353833.0,30.01,49.85,47.34,7,69.9,2654,False,-54.99,15.65,-15.97,-21.65,-13.77,6.73,33.68,35.713,38.3013,34.8024,28.1183,22.4498,20800871,1255,2026-09-25,51.99,48462307.0
NASDAQ:RBCAA,RBCAA,"Republic Bancorp, Inc.",Financial Services,Banks - Regional,United States,NASDAQ,1652827415.0,94.55,49.85,51.43,7,69.9,2655,False,-5.55,49.16,18.44,22.49,31.02,46.94,63.11,79.8294,77.1918,72.1659,64.3441,57.9658,11259416,1255,2026-09-25,47.65,17480988.0
NYSE:C,C,"Citigroup, Inc.",Financial Services,Banks - Diversified,United States,NYSE,225241272000.0,134.28,49.86,49.88,7,70.0,2656,False,-7.35,45.98,7.82,12.67,38.7,64.23,87.36,124.54,119.176,96.8099,81.7642,71.6685,1310863731,1255,2026-09-25,43.86,1677400000.0
NASDAQ:OVLY,OVLY,Oak Valley Bancorp (CA),Financial Services,Banks - Regional,United States,NASDAQ,287487860.0,34.17,49.86,50.91,7,70.0,2657,False,-2.04,37.6,4.76,8.61,18.75,25.74,32.05,32.6166,31.461,28.774,27.1759,25.8769,706800,1255,2026-09-25,47.42,8413458.0
NASDAQ:QCRH,QCRH,"QCR Holdings, Inc.",Financial Services,Banks - Regional,United States,NASDAQ,1651784687.0,100.92,49.86,50.74,7,70.0,2658,False,-5.18,51.21,9.25,13.37,22.98,36.19,49.68,92.3789,89.0207,82.0616,74.1034,67.4217,10836285,1255,2026-09-25,47.04,16367268.0
NASDAQ:COLM,COLM,Columbia Sportswear Company,Consumer Cyclical,Apparel Manufacturing,United States,NASDAQ,2945709619.0,57.6,49.87,48.12,8,70.0,2659,False,-14.61,20.16,-2.14,0.45,-9.59,-14.77,-17.4,58.8594,57.3417,63.7104,67.5826,69.7345,37636533,1255,2026-09-25,46.55,51140792.0
NASDAQ:GALT,GALT,Galectin Therapeutics Inc.,Healthcare,Biotechnology,United States,NASDAQ,256841902.0,3.9,49.87,51.15,8,70.0,2660,False,-40.09,87.5,17.59,4.96,30.52,41.15,58.29,3.3167,3.7158,2.9881,2.7629,2.4639,1356973,1255,2026-09-25,51.63,65856898.0
NYSE:SXI,SXI,Standex International Corporation,Industrials,Specialty Industrial Machinery,United States,NYSE,3394237697.0,280.17,49.89,46.79,8,70.1,2661,False,-21.59,39.58,2.8,6.25,27.15,40.22,56.12,272.5473,263.6898,220.3452,199.8114,179.4576,36325659,1255,2026-09-25,49.39,12114922.0
NASDAQ:CERS,CERS,Cerus Corporation,Healthcare,Medical Devices,United States,NASDAQ,527995233.0,2.62,49.9,49.03,8,70.1,2662,False,-20.12,87.14,8.1,16.12,38.6,38.7,22.72,2.4237,2.2562,1.8903,1.889,2.135,4332818,1255,2026-09-25,49.25,201524898.0
NYSE:CODI,CODI,D/B/A Compass Diversified Holdings Shares of Beneficial Interest,Industrials,Conglomerates,United States,NYSE,846404618.0,11.25,49.91,50.9,8,70.1,2663,False,-11.49,141.94,24.0,30.93,-5.63,-23.66,-27.68,9.0727,8.5924,11.9208,14.7372,15.5556,6075022,1255,2026-09-25,49.91,75235966.0
NASDAQ:MAKO,MAKO,Mako Mining Corp,Basic Materials,Gold,Canada,NASDAQ,873895177.0,9.98,49.91,52.94,8,70.1,2664,False,-9.85,98.8,28.83,37.02,92.2,142.21,193.55,7.7467,7.2834,5.1925,4.1205,3.3998,1973296,1255,2026-09-25,50.88,87564647.0
NYSE:ARIS,ARIS,Aris Mining Corporation,Basic Materials,Gold,Canada,NYSE,3907733018.0,18.93,49.92,51.79,8,70.2,2665,True,-16.53,108.25,5.95,15.07,74.47,127.44,176.12,17.8669,16.4504,10.85,8.323,6.8557,28869607,1255,2026-09-25,47.92,206430693.0
NYSE:KPET,KPET,KPET Ultra Paceline Corporation,Financial Services,Shell Companies,United States,NYSE,232117650.0,9.99,49.92,48.57,8,70.2,2666,False,-1.28,0.4,,,,,,,,,,,71481,86,2026-09-25,49.92,23235000.0
NYSE:LEN.B,LEN-B,Lennar Corporation Class B,Consumer Cyclical,Residential Construction,United States,NYSE,2446021798.0,80.49,49.92,48.55,8,70.2,2667,True,-34.8,7.74,-11.05,-15.73,-25.49,-29.45,-23.68,90.4853,95.5144,108.026,114.0967,105.459,10055271,1255,2026-09-25,48.52,30389139.0
NASDAQ:MBWM,MBWM,Mercantile Bank Corporation,Financial Services,Banks - Regional,United States,NASDAQ,1037674318.0,60.03,49.92,51.48,8,70.2,2668,False,-3.4,43.32,12.24,16.56,26.08,37.84,51.21,53.4822,51.5031,47.6137,43.5514,39.7009,6926602,1255,2026-09-25,46.63,17285929.0
NASDAQ:RBB,RBB,RBB Bancorp,Financial Services,Banks - Regional,United States,NASDAQ,451485727.0,26.58,49.92,50.86,8,70.2,2669,False,-4.22,62.6,12.45,17.7,29.62,38.59,46.73,23.6379,22.5834,20.5065,19.1784,18.1149,2582121,1255,2026-09-25,47.33,16985919.0
NASDAQ:STRL,STRL,"Sterling Infrastructure, Inc.",Industrials,Engineering & Construction,United States,NASDAQ,15720107375.0,512.29,49.92,46.91,8,70.2,2670,False,-48.45,80.66,-4.17,3.03,48.98,95.77,147.33,534.607,497.2421,343.8725,261.6737,207.1313,271602722,1255,2026-09-25,50.28,30685954.0
NASDAQ:GDYN,GDYN,"Grid Dynamics Holdings, Inc.",Technology,Information Technology Services,United States,NASDAQ,628733328.0,7.75,49.94,53.09,8,70.3,2671,False,-22.96,48.75,9.09,5.29,-30.42,-32.29,-32.67,7.1041,7.3607,11.1375,11.4462,11.5097,7534026,1255,2026-09-25,48.77,81126881.0
NASDAQ:RR,RR,Richtech Robotics Inc.,Industrials,Specialty Industrial Machinery,United States,NASDAQ,312223916.0,1.7,49.94,48.88,8,70.3,2672,True,-75.92,25.93,-31.91,-42.17,-30.5,,,2.4966,2.9396,2.4461,,,8292346,715,2026-09-25,45.81,183661127.0
NYSE:CTOS,CTOS,"Custom Truck One Source, Inc.",Industrials,Rental & Leasing Services,United States,NYSE,2149240158.0,9.45,49.95,48.05,8,70.4,2673,True,-21.05,76.97,12.0,18.67,47.9,56.38,52.55,8.4378,7.963,6.3895,6.0431,6.1949,9049794,1255,2026-09-25,45.19,227432821.0
NASDAQ:DRTS,DRTS,Alpha Tau Medical Ltd.,Healthcare,Biotechnology,Israel,NASDAQ,1313338237.0,14.54,49.95,53.03,8,70.4,2674,False,-6.19,319.02,52.18,73.01,156.32,208.75,224.39,9.5544,8.404,5.6726,4.7094,4.4823,9509134,1255,2026-09-25,52.79,90325876.0
NYSE:LZM,LZM,Lifezone Metals Limited,Basic Materials,Other Industrial Metals & Mining,Isle of Man,NYSE,358759082.0,3.99,49.96,49.96,8,70.4,2675,True,-34.59,32.56,-8.31,-9.93,-17.05,-31.9,-43.92,4.3518,4.4298,4.8102,5.8589,7.1148,1290932,1201,2026-09-25,46.55,89914557.0
NASDAQ:NBBK,NBBK,"NB Bancorp, Inc.",Financial Services,Banks - Regional,United States,NASDAQ,990297874.0,22.6,49.96,52.14,8,70.4,2676,False,-2.8,35.8,6.86,10.04,17.4,,,21.1497,20.5373,19.25,,,6047145,688,2026-09-25,47.55,43818490.0
NYSE:KO,KO,Coca-Cola Company (The),Consumer Defensive,Beverages - Non-Alcoholic,United States,NYSE,377806849028.0,87.81,49.97,52.26,8,70.5,2677,False,-3.97,37.27,11.59,14.95,23.99,32.52,38.54,78.6876,76.3896,70.8182,66.2633,63.3837,1382883520,1255,2026-09-25,51.7,4302549243.0
NYSE:THC,THC,Tenet Healthcare Corporation,Healthcare,Medical Care Facilities,United States,NYSE,20911589490.0,259.71,49.97,52.92,8,70.5,2678,True,-7.5,60.94,22.49,23.56,43.42,67.13,96.88,212.0274,210.1881,181.0835,155.3937,131.9111,215511319,1255,2026-09-25,39.8,80519000.0
NASDAQ:PDLB,PDLB,"Ponce Financial Group, Inc.",Financial Services,Banks - Regional,United States,NASDAQ,491981906.0,20.34,49.99,51.08,8,70.6,2679,False,-2.02,45.08,11.59,15.95,32.66,53.54,67.64,18.2273,17.5422,15.3322,13.247,12.1328,1686151,1255,2026-09-25,48.42,24187901.0
AMEX:TII,TII,Titan Mining Corporation,Basic Materials,Other Industrial Metals & Mining,Canada,AMEX,283069740.0,2.88,49.99,52.43,8,70.6,2680,False,-43.97,97.94,0.57,3.39,69.26,130.6,167.66,2.8636,2.7857,1.7015,1.2489,1.076,895628,1255,2026-09-25,51.5,98288104.0
NYSE:ASC,ASC,Ardmore Shipping Corporation,Industrials,Marine Shipping,Bermuda,NYSE,728326660.0,17.85,50.0,53.12,8,70.6,2681,False,-6.35,84.15,21.1,27.21,45.63,36.57,42.09,14.7393,14.0323,12.2571,13.0699,12.5626,10748317,1255,2026-09-25,49.72,40802614.0
NASDAQ:GOOG,GOOG,Alphabet Inc. - Class C Capital Stock,Communication Services,Internet Content & Information,United States,NASDAQ,1885149160000.0,341.08,50.0,49.31,8,70.6,2682,False,-14.42,43.99,1.39,5.38,35.01,55.51,78.24,336.3963,323.678,252.6276,219.3282,191.3648,5956620998,1255,2026-09-25,48.33,5527000000.0
NASDAQ:CSTE,CSTE,Caesarstone Ltd.,Industrials,Building Products & Equipment,Israel,NASDAQ,101656600.0,2.94,50.01,52.03,8,70.6,2683,False,-17.42,374.19,48.44,59.47,19.82,-8.23,-23.48,1.9805,1.8436,2.4537,3.2038,3.842,165359,1255,2026-09-25,52.3,34577075.0
NASDAQ:CCNE,CCNE,CNB Financial Corporation,Financial Services,Banks - Regional,United States,NASDAQ,1009875990.0,34.09,50.02,50.77,8,70.7,2684,False,-4.02,51.74,11.81,16.82,29.97,42.54,50.22,30.49,29.1818,26.2284,23.9157,22.6938,5212872,1255,2026-09-25,47.37,29623819.0
NASDAQ:COCH,COCH,"Envoy Medical, Inc.",Healthcare,Medical Devices,United States,NASDAQ,55070094.0,0.715,50.02,50.22,8,70.7,2685,False,-55.03,83.33,2.81,-0.54,-40.87,-60.25,-81.53,0.6955,0.7189,1.2092,1.7986,3.8704,39286,1255,2026-09-25,50.25,77021110.0
NYSE:AIN,AIN,Albany International Corporation,Consumer Cyclical,Textile Manufacturing,United States,NYSE,1729085644.0,60.98,50.03,47.46,8,70.7,2686,True,-19.66,50.21,1.42,4.66,-4.9,-14.14,-19.29,60.1272,58.2631,64.1199,71.0232,75.5555,16518063,1255,2026-09-25,48.65,28354963.0
NASDAQ:RNXT,RNXT,"RenovoRx, Inc.",Healthcare,Biotechnology,United States,NASDAQ,74864561.0,1.66,50.03,52.9,8,70.7,2687,False,-34.13,126.47,57.6,57.8,50.5,46.59,13.97,1.0533,1.0519,1.103,1.1324,1.4565,3080134,1255,2026-09-25,50.84,45099133.0
NYSE:NVGS,NVGS,Navigator Holdings Ltd. Ordinary Shares (Marshall Islands),Energy,Oil & Gas Midstream,United Kingdom,NYSE,1420837655.0,23.02,50.04,52.61,8,70.8,2688,False,-8.14,62.11,12.57,17.57,33.61,39.63,48.87,20.4488,19.5803,17.2299,16.4867,15.4635,11046782,1255,2026-09-25,53.28,61721879.0
NYSE:BP,BP,BP p.l.c.,Energy,Oil & Gas Integrated,United Kingdom,NYSE,113691999566.0,44.15,50.07,51.69,8,70.8,2689,False,-5.98,41.62,8.7,12.7,29.71,33.07,36.51,40.6167,39.1765,34.0365,33.1778,32.3413,447975981,1255,2026-09-25,51.58,2575130228.0
NYSE:EROC,EROC,"ERock, Inc.",Industrials,Specialty Industrial Machinery,United States,NYSE,606992690.0,12.6,50.07,48.83,8,70.8,2690,True,-32.8,40.16,,,,,,,,,,,32640839,75,2026-09-25,46.98,48174023.0
NASDAQ:CLOV,CLOV,"Clover Health Investments, Corp.",Healthcare,Healthcare Plans,United States,NASDAQ,1935052597.0,4.49,50.08,50.77,8,70.9,2691,False,-17.01,164.12,36.5,40.69,35.9,71.78,99.55,3.2893,3.1914,3.304,2.6137,2.2501,19172151,1255,2026-09-25,50.74,430969398.0
NASDAQ:NTGR,NTGR,"NETGEAR, Inc.",Technology,Communication Equipment,United States,NASDAQ,592356659.0,22.07,50.11,48.88,8,70.9,2692,False,-38.71,11.07,-4.7,-10.32,-12.39,2.34,8.06,23.1591,24.6092,25.1911,21.5651,20.4237,7523498,1255,2026-09-25,50.55,26839903.0
NASDAQ:HOVR,HOVR,New Horizon Aircraft Ltd.,Industrials,Aerospace & Defense,Canada,NASDAQ,115608698.0,1.73,50.12,48.23,8,70.9,2693,False,-55.75,44.17,-9.75,-13.43,18.74,-26.87,,1.9169,1.9984,1.457,2.3657,,931713,874,2026-09-25,51.88,66825837.0
NASDAQ:LARK,LARK,Landmark Bancorp Inc.,Financial Services,Banks - Regional,United States,NASDAQ,195035607.0,31.97,50.12,51.58,8,70.9,2694,False,-4.08,36.3,12.83,15.73,26.98,44.48,53.43,28.3358,27.6237,25.1777,22.1274,20.8372,301827,1255,2026-09-25,42.99,6100582.0
NASDAQ:SRCE,SRCE,1st Source Corporation,Financial Services,Banks - Regional,United States,NASDAQ,2072090826.0,86.09,50.12,51.65,8,70.9,2695,False,-5.21,53.14,15.48,20.43,31.7,43.88,54.17,74.5497,71.4846,65.3707,59.8361,55.8395,8928625,1255,2026-09-25,45.6,24068891.0
NYSE:CACI,CACI,"CACI International, Inc.",Technology,Information Technology Services,United States,NYSE,13659495708.0,618.32,50.13,53.2,8,71.0,2696,False,-9.08,40.28,10.11,10.12,22.17,32.89,45.29,561.537,561.4715,506.113,465.2941,425.576,162291256,1255,2026-09-25,49.51,22091305.0
NASDAQ:IMKTA,IMKTA,"Ingles Markets, Incorporated",Consumer Defensive,Grocery Stores,United States,NASDAQ,1218755992.0,83.77,50.14,47.68,8,71.0,2697,False,-11.87,25.76,-0.64,2.34,14.6,13.55,9.11,84.3072,81.8537,73.0983,73.7751,76.7728,8946502,1255,2026-09-25,51.93,14548836.0
NYSE:MATV,MATV,"Mativ Holdings, Inc.",Basic Materials,Specialty Chemicals,United States,NYSE,656999742.0,11.92,50.14,54.92,8,71.0,2698,False,-18.37,66.46,16.82,14.73,22.95,5.9,-6.94,10.204,10.39,9.6947,11.2564,12.8091,6185877,1255,2026-09-25,55.01,55117428.0
NASDAQ:CRNT,CRNT,Ceragon Networks Ltd.,Technology,Communication Equipment,Israel,NASDAQ,191785696.0,2.11,50.15,48.04,8,71.1,2699,False,-34.06,11.64,-9.42,-9.09,-18.82,-17.68,-12.08,2.3295,2.321,2.5992,2.5633,2.4,644008,1255,2026-09-25,52.14,90893695.0
NASDAQ:ELE,ELE,Elemental Royalty Corporation,Basic Materials,Other Precious Metals & Mining,Canada,NASDAQ,1335304042.0,20.74,50.15,52.4,8,71.1,2700,True,-14.16,65.33,11.04,15.04,45.0,69.24,80.21,18.678,18.0282,14.303,12.255,11.509,9692382,1255,2026-09-25,45.78,64383030.0
NYSE:EXPD,EXPD,"Expeditors International of Washington, Inc.",Industrials,Integrated Freight & Logistics,United States,NYSE,24368042000.0,187.46,50.15,53.0,8,71.1,2701,True,-3.32,67.43,16.2,21.19,39.18,45.55,52.33,161.3301,154.6848,134.6863,128.7983,123.0597,188990001,1255,2026-09-25,42.8,129990622.0
AMEX:UAVS,UAVS,"AgEagle Aerial Systems, Inc.",Technology,Computer Hardware,United States,AMEX,58011149.0,0.99,50.15,51.37,8,71.1,2702,False,-65.74,47.76,-2.89,-15.53,-46.42,-95.74,-99.11,1.0195,1.172,1.8476,23.2522,110.9412,1128451,1255,2026-09-25,51.4,58597120.0
AMEX:GORO,GORO,Goldgroup Mining Inc.,Basic Materials,Other Precious Metals & Mining,Canada,AMEX,263838670.0,3.5,50.16,50.5,8,71.2,2703,False,-44.27,75.0,-14.68,-10.94,23.16,81.24,130.7,4.1023,3.9297,2.8418,1.9311,1.5172,5880300,1255,2026-09-25,50.82,75382477.0
NASDAQ:SSRM,SSRM,SSR Mining Inc.,Basic Materials,Gold,United States,NASDAQ,7403281413.0,35.68,50.17,52.67,8,71.2,2704,False,-9.0,83.34,22.47,28.63,86.16,133.23,135.83,29.1346,27.738,19.1663,15.298,15.1297,89943856,1255,2026-09-25,50.74,207491071.0
NASDAQ:TRGS,TRGS,TRG Latin America Acquisitions Corp.,Financial Services,Shell Companies,United States,NASDAQ,207735720.0,9.96,50.18,53.0,8,71.2,2705,False,-0.7,1.32,,,,,,,,,,,113047,111,2026-09-25,50.18,20857000.0
NYSE:RYAM,RYAM,Rayonier Advanced Materials Inc.,Basic Materials,Chemicals,United States,NYSE,577948365.0,8.57,50.2,50.43,8,71.3,2706,False,-27.06,55.25,-0.2,4.48,18.65,34.2,39.27,8.5875,8.2027,7.2226,6.3862,6.1533,6417250,1255,2026-09-25,54.03,67438549.0
NASDAQ:VCTR,VCTR,"Victory Capital Holdings, Inc.",Financial Services,Asset Management,United States,NASDAQ,6689165955.0,108.75,50.2,52.0,8,71.3,2707,True,-9.82,83.53,31.39,38.47,55.73,82.56,111.18,82.7701,78.5354,69.8308,59.5703,51.4954,84576397,1255,2026-09-25,43.85,61509572.0
NASDAQ:FFBC,FFBC,First Financial Bancorp.,Financial Services,Banks - Regional,United States,NASDAQ,3400589239.0,32.4,50.21,48.8,8,71.3,2708,False,-9.73,44.29,8.53,13.27,22.41,32.5,39.23,29.8529,28.605,26.4684,24.4524,23.2707,30546789,1255,2026-09-25,37.09,104956458.0
NYSE:LEN,LEN,Lennar Corporation,Consumer Cyclical,Residential Construction,United States,NYSE,17293068146.0,82.15,50.22,48.67,8,71.3,2709,True,-37.32,7.48,-13.0,-17.97,-27.93,-33.03,-28.95,94.4281,100.1499,113.9899,122.6655,115.6265,372036328,1255,2026-09-25,48.65,210506003.0
NYSE:WTS,WTS,"Watts Water Technologies, Inc.",Industrials,Specialty Industrial Machinery,United States,NYSE,9830137134.0,357.79,50.22,50.3,8,71.3,2710,True,-8.62,36.74,11.54,15.08,33.76,47.74,61.68,320.7813,310.9071,267.4925,242.1681,221.2953,73320440,1255,2026-09-25,46.57,27474600.0
NYSE:BB,BB,BlackBerry Limited,Technology,Software - Infrastructure,Canada,NYSE,4811884539.0,8.21,50.23,49.16,8,71.4,2711,False,-35.91,160.63,31.15,39.13,71.45,95.44,91.46,6.26,5.9012,4.7887,4.2007,4.2881,120429894,1255,2026-09-25,59.59,586100431.0
NYSE:VSH,VSH,"Vishay Intertechnology, Inc.",Technology,Semiconductors,United States,NYSE,4598688608.0,32.55,50.23,47.49,8,71.4,2712,True,-49.69,180.3,8.51,21.06,53.01,53.2,52.14,29.9963,26.8871,21.2734,21.2471,21.3953,109911018,1255,2026-09-25,46.9,141280756.0
NASDAQ:WDAY,WDAY,"Workday, Inc.",Technology,Software - Application,United States,NASDAQ,38079450000.0,189.45,50.23,52.9,8,71.4,2713,False,-23.51,68.4,19.84,9.41,-9.66,-14.97,-11.74,158.0822,173.1627,209.705,222.8165,214.6544,607433601,1255,2026-09-25,51.5,201000000.0
NASDAQ:ARCT,ARCT,Arcturus Therapeutics Holdings Inc.,Healthcare,Biotechnology,United States,NASDAQ,393659506.0,13.85,50.24,54.28,8,71.5,2714,False,-40.2,150.45,66.01,49.69,10.77,-21.24,-26.82,8.3431,9.2525,12.5032,17.5848,18.9248,15152394,1255,2026-09-25,51.67,28423069.0
NYSE:BKSY,BKSY,BlackSky Technology Inc.,Industrials,Specialty Business Services,United States,NYSE,951427804.0,23.25,50.24,47.74,8,71.5,2715,False,-54.97,76.94,-15.4,-10.89,20.3,44.26,51.69,27.4838,26.0922,19.3271,16.1167,15.3274,20813076,1255,2026-09-25,49.87,40921626.0
NYSE:RBC,RBC,RBC Bearings Incorporated,Industrials,Tools & Accessories,United States,NYSE,16010655190.0,506.1,50.24,45.96,8,71.5,2716,False,-22.01,36.89,-7.61,-2.61,17.03,34.22,49.27,547.8108,519.6523,432.4534,377.0549,339.0473,157090835,1255,2026-09-25,48.96,31635359.0
NYSE:CHH,CHH,"Choice Hotels International, Inc.",Consumer Cyclical,Lodging,United States,NYSE,4631896142.0,101.81,50.25,47.67,8,71.6,2717,True,-16.39,21.65,-3.49,-1.66,-13.34,-13.04,-13.01,105.4956,103.5262,117.4799,117.0817,117.0362,57875672,1255,2026-09-25,47.86,45495493.0
NASDAQ:ORMP,ORMP,Oramed Pharmaceuticals Inc.,Healthcare,Biotechnology,United States,NASDAQ,193580363.0,4.73,50.25,52.17,8,71.6,2718,False,-11.42,131.68,22.72,33.92,67.39,79.04,56.45,3.8542,3.5318,2.8257,2.6418,3.0234,946001,1255,2026-09-25,53.29,40926081.0
NASDAQ:RCBC,RCBC,River City Bank,Financial Services,Banks - Regional,United States,NASDAQ,729054113.0,51.08,50.25,55.61,8,71.6,2719,True,-3.95,33.95,15.48,18.34,33.75,51.66,66.82,44.2312,43.1631,38.1912,33.6798,30.6191,5023510,1255,2026-09-25,45.52,14272790.0
NYSE:GGG,GGG,Graco Inc.,Industrials,Specialty Industrial Machinery,United States,NYSE,12609724737.0,77.86,50.27,49.43,8,71.6,2720,True,-17.28,6.8,-4.53,-4.46,-5.52,-4.66,-1.02,81.5536,81.4912,82.4106,81.6668,78.6631,196267076,1255,2026-09-25,46.17,161953824.0
NASDAQ:GSIT,GSIT,"GSI Technology, Inc.",Technology,Semiconductors,United States,NASDAQ,215267330.0,5.61,50.27,47.8,8,71.6,2721,True,-56.75,52.45,-19.7,-20.14,9.59,28.7,39.44,6.9867,7.0244,5.1193,4.3591,4.0233,2786289,1255,2026-09-25,48.25,38372073.0
NASDAQ:PCRX,PCRX,"Pacira BioSciences, Inc.",Healthcare,Drug Manufacturers - Specialty & Generic,United States,NASDAQ,988419851.0,25.12,50.27,50.23,8,71.6,2722,False,-9.05,31.11,5.06,5.68,8.5,3.14,-12.8,23.9094,23.7691,23.1529,24.3551,28.8067,13906802,1255,2026-09-25,54.04,39347924.0
NASDAQ:CARL,CARL,"Carlsmed, Inc.",Healthcare,Health Information Services,United States,NASDAQ,412271419.0,15.1,50.28,53.46,8,71.7,2723,False,-11.12,71.01,23.59,21.13,,,,12.2182,12.4656,,,,1343219,297,2026-09-25,46.33,27302743.0
NASDAQ:SIDU,SIDU,"Sidus Space, Inc.",Industrials,Aerospace & Defense,United States,NASDAQ,206169771.0,2.12,50.3,47.73,8,71.7,2724,False,-65.81,234.38,-24.31,-12.81,-3.08,-34.84,-90.52,2.801,2.4314,2.1874,3.2536,22.3679,7202561,1200,2026-09-25,47.42,97249892.0
NASDAQ:OCTV,OCTV,Octave Intelligence plc,Technology,Software - Application,United States,NASDAQ,4847082798.0,18.83,50.32,50.28,8,71.8,2725,False,-25.01,21.48,,,,,,,,,,,62431336,88,2026-09-25,52.15,257412788.0
NASDAQ:SABR,SABR,Sabre Corporation,Technology,Software - Infrastructure,United States,NASDAQ,861782935.0,2.18,50.32,51.89,8,71.8,2726,False,-6.44,166.5,28.98,27.18,-8.65,-19.06,-32.83,1.6901,1.7141,2.3865,2.6935,3.2455,12913263,1255,2026-09-25,54.24,395313273.0
NYSE:T,T,AT&T Inc.,Communication Services,Telecom Services,United States,NYSE,173913547797.0,25.38,50.33,52.83,8,71.8,2727,False,-10.69,25.59,2.49,2.42,3.64,18.14,28.97,24.7644,24.7814,24.4892,21.4827,19.6785,978134571,1255,2026-09-25,51.25,6852385650.0
NASDAQ:ALGM,ALGM,"Allegro MicroSystems, Inc.",Technology,Semiconductors,United States,NASDAQ,6848721193.0,36.76,50.34,46.07,8,71.8,2728,False,-47.2,61.23,-8.2,-2.02,16.15,20.83,14.77,40.043,37.5189,31.6496,30.4221,32.0297,81936685,1255,2026-09-25,42.55,186309064.0
NASDAQ:FRSH,FRSH,Freshworks Inc.,Technology,Software - Application,United States,NASDAQ,3164585522.0,12.54,50.34,52.55,8,71.8,2729,False,-9.91,82.27,22.85,19.47,-0.21,-10.73,-13.44,10.2077,10.4961,12.5659,14.0476,14.4869,54428129,1255,2026-09-25,54.55,252359292.0
NASDAQ:ADMA,ADMA,ADMA Biologics Inc,Healthcare,Biotechnology,United States,NASDAQ,2174028067.0,9.38,50.37,50.77,8,71.9,2730,False,-53.97,23.42,-21.83,-26.79,-40.08,-28.27,-12.17,11.9993,12.8128,15.6532,13.0775,10.6792,26393313,1255,2026-09-25,53.29,231772715.0
NASDAQ:SIBN,SIBN,"SI-BONE, Inc.",Healthcare,Medical Devices,United States,NASDAQ,824453171.0,18.59,50.37,52.02,8,71.9,2731,True,-13.13,60.12,13.74,13.61,16.35,14.32,8.36,16.3439,16.3624,15.9782,16.2611,17.1561,10335816,1255,2026-09-25,49.21,44349283.0
NASDAQ:HNST,HNST,"The Honest Company, Inc.",Consumer Defensive,Household & Personal Products,United States,NASDAQ,582315873.0,5.29,50.39,54.11,8,72.0,2732,False,-11.09,151.9,51.29,53.91,24.14,38.74,53.66,3.4966,3.4371,4.2612,3.8128,3.4426,11198628,1255,2026-09-25,50.07,110078615.0
NASDAQ:NOVT,NOVT,Novanta Inc.,Technology,Scientific & Technical Instruments,United States,NASDAQ,5125822701.0,143.93,50.39,48.85,8,72.0,2733,True,-14.71,45.06,2.98,7.57,5.13,-0.59,-2.17,139.7588,133.7956,136.9044,144.7862,147.1292,51046268,1255,2026-09-25,47.34,35613303.0
AMEX:UMAC,UMAC,"Unusual Machines, Inc.",Technology,Computer Hardware,United States,AMEX,1149443848.0,24.05,50.39,50.51,8,72.0,2734,False,-29.39,209.92,31.24,41.09,92.24,,,18.3252,17.0462,12.5106,,,62170082,656,2026-09-25,50.01,47793923.0
NASDAQ:AIP,AIP,"Arteris, Inc.",Technology,Semiconductors,United States,NASDAQ,1103048650.0,23.89,50.4,46.68,8,72.0,2735,False,-50.83,146.8,-2.31,7.62,54.99,90.35,120.59,24.4545,22.1987,15.4138,12.5509,10.8301,16381617,1233,2026-09-25,51.9,46171982.0
NASDAQ:MOVE,MOVE,"Corvex, Inc.",Technology,Software - Infrastructure,United States,NASDAQ,325272719.0,11.77,50.41,48.7,8,72.0,2736,False,-51.88,235.09,-6.51,5.13,-25.38,-63.02,-82.0,12.5889,11.1958,15.7741,31.8319,65.3763,7040193,1255,2026-09-25,51.67,27635745.0
NASDAQ:ACET,ACET,"Adicet Bio, Inc.",Healthcare,Biotechnology,United States,NASDAQ,84321089.0,9.02,50.43,50.91,8,72.1,2737,True,-45.79,47.63,11.96,1.32,-21.61,-46.9,-80.19,8.0565,8.9025,11.506,16.9873,45.5391,1539864,1255,2026-09-25,39.9,9348236.0
NASDAQ:CBC,CBC,"Central Bancompany, Inc.",Financial Services,Banks - Regional,United States,NASDAQ,7686967274.0,32.06,50.45,51.31,8,72.1,2738,False,-3.97,42.11,17.37,,,,,27.3155,,,,,53190127,211,2026-09-25,49.73,239768162.0
AMEX:ITRG,ITRG,Integra Resources Corp.,Basic Materials,Other Precious Metals & Mining,Canada,AMEX,557625560.0,2.75,50.45,51.87,8,72.1,2739,True,-40.48,34.8,-10.46,-10.53,23.13,54.97,82.38,3.0712,3.0735,2.2334,1.7745,1.5079,5293491,1255,2026-09-25,48.44,202772931.0
NASDAQ:POWL,POWL,"Powell Industries, Inc.",Industrials,Electrical Equipment & Parts,United States,NASDAQ,6904890435.0,189.53,50.46,46.61,8,72.1,2740,False,-41.1,101.85,-7.85,1.81,44.88,86.78,137.1,205.6737,186.1571,130.8178,101.4737,79.9365,102593044,1255,2026-09-25,52.34,36431649.0
NYSE:GCO,GCO,Genesco Inc.,Consumer Cyclical,Apparel Retail,United States,NYSE,383634847.0,34.54,50.5,49.42,8,72.2,2741,False,-19.15,57.36,6.9,8.34,13.59,16.07,9.4,32.311,31.8819,30.4067,29.757,31.5708,7977453,1255,2026-09-25,50.06,11106973.0
NASDAQ:LIMN,LIMN,"Liminatus Pharma, Inc.",Healthcare,Biotechnology,United States,NASDAQ,281737719.0,4.195,50.5,46.28,8,72.2,2742,False,-95.91,25.98,-72.77,-83.32,,,,15.4082,25.1487,,,,108381,352,2026-09-25,50.22,67160362.0
NASDAQ:DPRO,DPRO,Draganfly Inc.,Technology,Computer Hardware,Canada,NASDAQ,197323708.0,5.35,50.51,51.65,8,72.2,2743,False,-61.15,40.79,-12.39,-19.52,7.14,-13.44,-53.52,6.1064,6.6473,4.9934,6.181,11.5098,10940713,1255,2026-09-25,54.98,36882936.0
NYSE:FIGS,FIGS,"FIGS, Inc.",Consumer Cyclical,Apparel Manufacturing,United States,NYSE,2130607673.0,13.42,50.52,51.17,8,72.2,2744,False,-21.61,104.26,5.5,13.41,53.91,73.19,75.22,12.7208,11.8331,8.7195,7.7486,7.659,35678871,1255,2026-09-25,41.33,158763612.0
NASDAQ:GRRR,GRRR,Gorilla Technology Group Inc.,Technology,Software - Infrastructure,United Kingdom,NASDAQ,388882211.0,14.01,50.54,49.67,8,72.3,2745,False,-35.67,47.86,2.24,-1.16,-7.52,16.43,-40.22,13.7026,14.174,15.15,12.0332,23.4362,8918599,1255,2026-09-25,53.31,27757474.0
NYSE:WMS,WMS,"Advanced Drainage Systems, Inc.",Industrials,Building Products & Equipment,United States,NYSE,10203799706.0,133.13,50.54,47.8,8,72.3,2746,True,-23.79,6.22,-8.68,-8.25,-1.21,-3.79,3.32,145.7842,145.1072,134.755,138.3777,128.8476,103398596,1255,2026-09-25,42.11,76645382.0
NASDAQ:CBLL,CBLL,"CeriBell, Inc.",Healthcare,Medical Devices,United States,NASDAQ,898862563.0,23.69,50.56,54.35,8,72.3,2747,False,-5.39,116.94,16.8,25.56,,,,20.2831,18.8676,,,,8730968,490,2026-09-25,51.8,37942700.0
NASDAQ:RUM,RUM,RUM Group Inc.,Communication Services,Internet Content & Information,United States,NASDAQ,2305219305.0,8.36,50.57,52.18,8,72.4,2748,False,-18.28,79.01,23.91,23.34,9.59,18.53,10.5,6.7466,6.7778,7.6287,7.0533,7.5654,49255564,1255,2026-09-25,53.28,275743936.0
NASDAQ:ENSG,ENSG,"The Ensign Group, Inc.",Healthcare,Medical Care Facilities,United States,NASDAQ,10209916788.0,175.18,50.58,50.43,8,72.4,2749,True,-18.77,19.11,-3.61,-3.4,7.71,18.18,30.61,181.7468,181.3531,162.6413,148.2338,134.1256,61813093,1255,2026-09-25,46.08,58282434.0
NYSE:MSGE,MSGE,Madison Square Garden Entertainment Corp.,Communication Services,Entertainment,United States,NYSE,3198279383.0,79.09,50.58,51.2,8,72.4,2750,False,-10.55,89.35,17.51,25.61,57.65,74.71,,67.3071,62.9656,50.1689,45.2706,,36843808,865,2026-09-25,50.97,40438480.0
NASDAQ:KRYS,KRYS,"Krystal Biotech, Inc.",Healthcare,Biotechnology,United States,NASDAQ,10194689220.0,345.82,50.6,50.76,8,72.4,2751,False,-8.55,114.6,15.6,24.37,57.59,75.8,102.56,299.1573,278.0641,219.4416,196.7069,170.7221,94632500,1255,2026-09-25,50.03,29479756.0
NASDAQ:VIR,VIR,"Vir Biotechnology, Inc.",Healthcare,Biotechnology,United States,NASDAQ,1797830043.0,10.66,50.61,52.49,8,72.5,2752,False,-8.34,108.2,19.57,28.74,41.12,30.32,-9.51,8.915,8.2801,7.5539,8.1802,11.7801,24662746,1255,2026-09-25,51.41,168651974.0
NYSE:EGP,EGP,"EastGroup Properties, Inc.",Real Estate,REIT - Industrial,United States,NYSE,10836398842.0,201.52,50.62,49.05,8,72.5,2753,False,-9.79,25.89,3.58,6.17,14.44,17.67,21.98,194.5507,189.8054,176.0993,171.2608,165.2099,102142147,1255,2026-09-25,54.06,53773317.0
NASDAQ:CECO,CECO,CECO Environmental Corp.,Industrials,Pollution & Treatment Controls,United States,NASDAQ,4292622778.0,73.5,50.64,49.58,8,72.5,2754,True,-26.26,54.93,2.49,8.91,50.28,83.24,121.05,71.7143,67.4864,48.9072,40.1114,33.2511,53450082,1255,2026-09-25,49.57,58403031.0
NASDAQ:SPRO,SPRO,"Spero Therapeutics, Inc.",Healthcare,Biotechnology,United States,NASDAQ,71218836.0,1.23,50.64,45.45,8,72.5,2755,False,-58.72,10.81,-42.42,-43.27,-31.36,-25.93,-26.1,2.1362,2.1682,1.792,1.6605,1.6644,985852,1255,2026-09-25,52.75,57901493.0
NASDAQ:QXL,QXL,Quantum X Labs Inc.,Technology,Information Technology Services,Israel,NASDAQ,66681960.0,5.0,50.65,51.32,8,72.6,2756,False,-27.01,380.77,51.49,57.7,24.43,50.5,51.88,3.3005,3.1707,4.0184,3.3223,3.2922,424968,1255,2026-09-25,53.38,13336392.0
AMEX:VZLA,VZLA,Vizsla Silver Corp.,Basic Materials,Other Industrial Metals & Mining,Canada,AMEX,1386521614.0,3.95,50.67,52.18,8,72.6,2757,True,-42.42,33.45,-1.6,-3.71,19.85,47.42,70.65,4.0144,4.1021,3.2959,2.6795,2.3147,19554639,1174,2026-09-25,50.36,351018130.0
NASDAQ:AEIS,AEIS,"Advanced Energy Industries, Inc.",Industrials,Electrical Equipment & Parts,United States,NASDAQ,11190180550.0,279.68,50.71,48.47,8,72.6,2758,True,-28.06,68.26,-7.8,-0.59,39.19,66.88,87.24,303.347,281.3372,200.9274,167.5938,149.3713,146109325,1255,2026-09-25,49.93,40010657.0
NYSE:EME,EME,"EMCOR Group, Inc.",Industrials,Engineering & Construction,United States,NYSE,33621007641.0,762.21,50.73,49.16,8,72.7,2759,False,-19.19,31.27,-0.85,2.31,23.98,49.54,80.11,768.719,745.0287,614.7775,509.6982,423.1808,267972606,1255,2026-09-25,47.64,44109901.0
NYSE:RACE,RACE,Ferrari N.V.,Consumer Cyclical,Auto Manufacturers,Italy,NYSE,72297348347.0,411.33,50.73,52.56,8,72.7,2760,False,-17.46,32.24,12.79,9.96,-0.66,1.89,12.25,364.6909,374.0636,414.073,403.7047,366.4538,145541115,1255,2026-09-25,51.14,175764832.0
NYSE:CRCL,CRCL,"Circle Internet Group, Inc.",Financial Services,Capital Markets,United States,NYSE,20457344111.0,89.0,50.74,52.02,8,72.7,2761,False,-40.86,77.18,3.38,-2.58,,,,86.0907,91.3601,,,,1429357536,329,2026-09-25,54.62,229857799.0
NASDAQ:EBAY,EBAY,eBay Inc.,Consumer Cyclical,Internet Retail,United States,NASDAQ,47907600000.0,107.9,50.75,50.49,8,72.7,2762,True,-8.77,37.12,7.93,11.0,28.67,50.9,68.78,99.9761,97.2032,83.8575,71.5063,63.9307,580528095,1255,2026-09-25,50.59,444000000.0
NYSE:ZGN,ZGN,Ermenegildo Zegna N.V.,Consumer Cyclical,Apparel Manufacturing,Italy,NYSE,3415612396.0,12.73,50.75,47.45,8,72.7,2763,False,-16.52,48.03,5.98,9.86,29.21,22.14,17.93,12.0112,11.5879,9.852,10.4224,10.7948,16309286,1196,2026-09-25,45.13,268312050.0
NYSE:TREX,TREX,"Trex Company, Inc.",Industrials,Building Products & Equipment,United States,NYSE,4653624072.0,44.79,50.77,49.6,8,72.8,2764,True,-16.39,48.66,6.98,6.45,-15.22,-26.83,-24.77,41.8692,42.0771,52.8297,61.2098,59.5408,69148157,1255,2026-09-25,42.5,103898729.0
NYSE:PG,PG,Procter & Gamble Company (The),Consumer Defensive,Household & Personal Products,United States,NYSE,340511028553.0,146.23,50.78,50.63,8,72.8,2765,True,-11.23,8.29,0.15,0.24,-3.79,-3.16,-0.27,146.0154,145.8853,151.9852,151.0029,146.6311,1174229814,1255,2026-09-25,48.95,2328598978.0
NASDAQ:ALPS,ALPS,ALPS Group Inc,,,,NASDAQ,65894529.0,0.396,50.79,45.74,8,72.8,2766,False,-84.53,46.67,-47.57,,,,,0.7553,,,,,24640,226,2026-09-25,53.13,166400326.0
NASDAQ:CPHC,CPHC,Canterbury Park Holding Corporation,Consumer Cyclical,Resorts & Casinos,United States,NASDAQ,81272271.0,15.78,50.79,50.69,8,72.8,2767,False,-5.89,10.31,1.46,1.28,-7.14,-13.35,-18.86,15.5529,15.5809,16.9927,18.2106,19.4473,25502,1255,2026-09-25,50.79,5150334.0
NASDAQ:BBCP,BBCP,"Concrete Pumping Holdings, Inc.",Industrials,Engineering & Construction,United States,NASDAQ,492343713.0,9.77,50.8,50.78,8,72.9,2768,True,-17.83,72.8,19.3,24.89,38.89,43.56,46.34,8.1896,7.8231,7.0344,6.8053,6.6762,2575502,1255,2026-09-25,47.38,50393420.0
NASDAQ:CRWV,CRWV,"CoreWeave, Inc.",Technology,Software - Infrastructure,United States,NASDAQ,39203001317.0,87.59,50.8,49.98,8,72.9,2769,False,-38.78,44.02,-4.98,-8.75,,,,92.1831,95.9891,,,,2510260669,376,2026-09-25,53.93,447573939.0
AMEX:IAUX,IAUX,i-80 Gold Corp.,Basic Materials,Gold,United States,AMEX,1499968994.0,1.74,50.8,52.26,8,72.9,2770,True,-16.35,95.51,8.55,17.37,59.37,49.35,20.67,1.603,1.4825,1.0918,1.1651,1.442,14848174,1255,2026-09-25,50.11,862051146.0
NASDAQ:BFC,BFC,Bank First Corporation,Financial Services,Banks - Regional,United States,NASDAQ,1685789650.0,152.13,50.82,51.11,8,73.0,2771,False,-3.59,29.69,7.48,10.3,25.8,42.7,54.32,141.5365,137.9179,120.9312,106.6109,98.582,10569685,1255,2026-09-25,45.88,11081244.0
NASDAQ:JMSB,JMSB,"John Marshall Bancorp, Inc.",Financial Services,Banks - Regional,United States,NASDAQ,325851229.0,23.09,50.82,51.91,8,73.0,2772,False,-2.86,25.96,9.14,11.28,16.94,21.15,16.79,21.157,20.7494,19.7454,19.0588,19.7712,1897448,1255,2026-09-25,48.16,14112223.0
NASDAQ:KGEI,KGEI,Kolibri Global Energy Inc.,Energy,Oil & Gas E&P,United States,NASDAQ,226255974.0,6.35,50.83,53.98,8,73.0,2773,False,-7.7,87.87,27.03,29.33,16.79,32.27,41.16,4.9987,4.9098,5.4371,4.8006,4.4986,1045142,1255,2026-09-25,57.56,35630862.0
NASDAQ:SGRY,SGRY,"Surgery Partners, Inc.",Healthcare,Medical Care Facilities,United States,NASDAQ,1883349533.0,14.4,50.83,49.8,8,73.0,2774,True,-37.23,25.33,-1.25,-7.57,-26.97,-36.68,-43.13,14.5819,15.5798,19.7183,22.743,25.3209,37987153,1255,2026-09-25,49.33,130788162.0
NASDAQ:CSHR,CSHR,CoinShares PLC,Financial Services,Capital Markets,Jersey,NASDAQ,728744556.0,5.53,50.84,52.04,8,73.1,2775,False,-35.77,54.47,,,,,,,,,,,2066002,123,2026-09-25,57.69,131780209.0
NYSE:Q,Q,"Qnity Electronics, Inc.",Technology,Semiconductor Equipment & Materials,United States,NYSE,26102505721.0,124.69,50.85,48.2,8,73.1,2776,True,-28.96,69.99,0.19,,,,,124.4503,,,,,205677519,230,2026-09-25,47.54,209339207.0
NASDAQ:ZD,ZD,"Ziff Davis, Inc.",Communication Services,Advertising Agencies,United States,NASDAQ,2081568454.0,56.51,50.87,53.57,8,73.1,2777,True,-4.56,113.16,26.23,32.3,33.24,18.35,3.57,44.7661,42.7147,42.4122,47.7501,54.5597,41238465,1255,2026-09-25,50.66,36835400.0
NYSE:MMM,MMM,3M Company,Industrials,Conglomerates,United States,NYSE,87440735802.0,169.55,50.88,50.3,8,73.2,2778,True,-7.34,21.23,6.34,6.24,13.39,30.91,44.04,159.4398,159.5937,149.5232,129.5182,117.7138,479488656,1255,2026-09-25,46.85,515722417.0
NYSE:OPTU,OPTU,"Optimum Communications, Inc.",Communication Services,Telecom Services,United States,NYSE,285483564.0,1.01,50.88,51.0,8,73.2,2779,False,-62.45,66.94,-22.01,-31.37,-49.1,-52.0,-60.54,1.2951,1.4716,1.9841,2.104,2.5596,2132389,1255,2026-09-25,53.92,282656994.0
NYSE:PAYC,PAYC,"Paycom Software, Inc.",Technology,Software - Application,United States,NYSE,10279410025.0,220.46,50.9,57.01,8,73.2,2780,False,-8.34,94.93,44.18,38.58,17.76,18.88,2.96,152.9054,159.0799,187.2106,185.4467,214.1141,174842198,1255,2026-09-25,51.36,46627098.0
NYSE:TEN,TEN,Tsakos Energy Navigation Ltd,Energy,Oil & Gas Midstream,Greece,NYSE,1392799087.0,46.23,50.9,54.75,8,73.2,2781,False,-12.46,125.44,29.68,39.97,80.54,90.34,109.25,35.6499,33.0287,25.6059,24.2879,22.0937,24895678,1255,2026-09-25,53.0,30127603.0
NASDAQ:WGS,WGS,GeneDx Holdings Corp.,Healthcare,Diagnostics & Research,United States,NASDAQ,2624421587.0,88.4,50.91,53.78,8,73.2,2782,False,-47.23,156.16,9.98,-3.34,0.45,39.22,73.7,80.3767,91.4578,88.0022,63.4978,50.8917,62644441,1255,2026-09-25,51.0,29688027.0
NASDAQ:MGYR,MGYR,"Magyar Bancorp, Inc.",Financial Services,Banks - Regional,United States,NASDAQ,125183061.0,19.37,50.93,52.63,8,73.3,2783,False,-2.32,21.64,8.85,10.39,21.28,36.88,45.5,17.7947,17.5464,15.9714,14.1512,13.3129,44069,1255,2026-09-25,50.93,6462729.0
NYSE:CAL,CAL,"Caleres, Inc.",Consumer Cyclical,Apparel Retail,United States,NYSE,420543595.0,12.52,50.94,49.92,8,73.3,2784,False,-14.5,43.79,0.79,1.78,-19.94,-40.86,-42.12,12.4223,12.3005,15.6392,21.1697,21.6304,7567263,1255,2026-09-25,50.6,33589744.0
NYSE:EVTL,EVTL,Vertical Aerospace Ltd.,Industrials,Aerospace & Defense,United Kingdom,NYSE,94095395.0,0.739,50.95,42.71,8,73.3,2785,True,-89.85,37.87,-74.58,-77.75,-83.61,-87.11,-93.63,2.9075,3.3217,4.5091,5.7341,11.607,3995865,1255,2026-09-25,44.13,127328004.0
NASDAQ:CIFR,CIFR,Cipher Digital Inc.,Technology,Information Technology Services,United States,NASDAQ,7252442263.0,17.73,50.96,49.56,8,73.4,2786,False,-39.24,54.58,-3.44,-2.72,51.8,96.69,143.97,18.3623,18.2264,11.6801,9.0142,7.2674,582563594,1255,2026-09-25,52.56,409049197.0
NYSE:TRAK,TRAK,"ReposiTrak, Inc.",Technology,Software - Application,United States,NYSE,149568440.0,8.23,50.96,48.95,8,73.4,2787,False,-51.27,15.67,-12.09,-21.17,-45.7,-44.15,-35.35,9.3622,10.4398,15.1573,14.7349,12.73,747283,1255,2026-09-25,52.23,18173565.0
NASDAQ:ECPG,ECPG,Encore Capital Group Inc,Financial Services,Credit Services,United States,NASDAQ,2109950945.0,98.41,50.97,52.04,8,73.4,2788,False,-5.14,142.81,26.79,38.51,73.76,85.04,88.24,77.615,71.0491,56.6342,53.1827,52.2802,38818958,1255,2026-09-25,49.1,21440412.0
NASDAQ:MGRC,MGRC,McGrath RentCorp,Industrials,Rental & Leasing Services,United States,NASDAQ,2765717821.0,113.23,50.97,48.59,8,73.4,2789,True,-7.8,19.96,0.74,1.57,0.82,2.89,7.99,112.3933,111.4808,112.3109,110.0482,104.852,16527634,1255,2026-09-25,45.37,24425663.0
NASDAQ:SLNH,SLNH,"Soluna Holdings, Inc.",Financial Services,Capital Markets,United States,NASDAQ,192451772.0,1.22,50.97,49.93,8,73.4,2790,False,-72.4,100.0,-3.58,-20.13,-22.56,-46.25,-74.87,1.2653,1.5275,1.5755,2.2696,4.8545,8848769,1255,2026-09-25,53.91,157747354.0
NASDAQ:LSBK,LSBK,"Lake Shore Bancorp, Inc.",Financial Services,Banks - Regional,United States,NASDAQ,140133237.0,17.82,50.98,53.15,8,73.5,2791,True,-5.46,45.69,11.59,15.39,35.81,56.4,69.58,15.9697,15.4438,13.1213,11.3941,10.5084,638833,1255,2026-09-25,47.77,7863818.0
NASDAQ:PRCH,PRCH,"Porch Group, Inc.",Financial Services,Insurance - Property & Casualty,United States,NASDAQ,1876482889.0,16.53,50.99,53.36,8,73.5,2792,True,-8.47,158.28,50.29,44.16,70.87,130.64,185.72,10.9984,11.4664,9.6741,7.167,5.7854,25666180,1255,2026-09-25,50.31,113519836.0
NASDAQ:ATLO,ATLO,Ames National Corporation,Financial Services,Banks - Regional,United States,NASDAQ,281836740.0,31.82,51.0,53.04,8,73.5,2793,False,-3.05,67.86,14.02,20.93,47.07,57.44,62.13,27.9072,26.3127,21.6362,20.2111,19.6266,1014026,1255,2026-09-25,50.89,8857220.0
NYSE:HSHP,HSHP,Himalaya Shipping Ltd.,Industrials,Marine Shipping,Bermuda,NYSE,826923300.0,17.54,51.02,54.75,8,73.6,2794,False,-9.26,160.17,34.63,47.48,100.94,123.9,,13.0279,11.8932,8.7289,7.8338,,9139884,875,2026-09-25,57.21,47145000.0
NYSE:NABL,NABL,"N-able, Inc.",Technology,Information Technology Services,United States,NYSE,753513160.0,4.0,51.04,50.47,8,73.6,2795,False,-52.94,33.33,-17.48,-26.4,-44.65,-56.47,-59.74,4.8475,5.435,7.227,9.1901,9.9343,13519786,1255,2026-09-25,51.58,188378290.0
NYSE:DG,DG,Dollar General Corporation,Consumer Defensive,Discount Stores,United States,NYSE,27538037011.0,124.84,51.08,51.28,8,73.6,2796,False,-19.31,31.97,-1.16,2.86,19.19,13.08,-5.0,126.3033,121.3641,104.7406,110.397,131.4129,330304635,1255,2026-09-25,47.09,220586647.0
NASDAQ:CHEF,CHEF,"The Chefs' Warehouse, Inc.",Consumer Defensive,Food Distribution,United States,NASDAQ,4498584072.0,110.27,51.09,53.04,8,73.6,2797,False,-4.54,101.96,36.15,44.19,67.51,100.37,121.93,80.9898,76.4757,65.8281,55.034,49.6859,76665608,1255,2026-09-25,51.29,40796083.0
NASDAQ:GABC,GABC,"German American Bancorp, Inc.",Financial Services,Banks - Regional,United States,NASDAQ,1860049125.0,49.5,51.12,52.06,8,73.7,2798,False,-3.66,35.98,12.22,15.43,22.04,32.88,39.52,44.1092,42.8827,40.56,37.2506,35.4793,6556052,1255,2026-09-25,46.18,37576750.0
NASDAQ:HQ,HQ,Horizon Quantum Holdings Ltd.,Technology,Software - Infrastructure,Singapore,NASDAQ,496285029.0,15.59,51.13,49.92,8,73.7,2799,False,-59.39,87.15,,,,,,,,,,,6967973,131,2026-09-25,51.92,31833549.0
NASDAQ:IREN,IREN,IREN Limited,Financial Services,Capital Markets,Australia,NASDAQ,15769333990.0,44.125,51.13,51.1,8,73.7,2800,False,-42.25,50.55,-3.22,-7.05,46.71,98.62,151.6,45.5936,47.4721,30.0762,22.2157,17.5375,1709656801,1218,2026-09-25,56.05,357378674.0
NASDAQ:XLO,XLO,"Xilio Therapeutics, Inc.",Healthcare,Biotechnology,United States,NASDAQ,59439257.0,9.04,51.13,51.07,8,73.7,2801,False,-25.18,26.61,5.15,-0.42,-12.97,-24.02,-52.0,8.5976,9.0782,10.3877,11.8985,18.8323,96693,1236,2026-09-25,49.04,6575139.0
NYSE:FSM,FSM,Fortuna Mining Corp.,Basic Materials,Gold,Canada,NYSE,3541571854.0,11.69,51.14,53.85,8,73.8,2802,True,-14.42,49.11,13.94,17.58,48.99,77.76,102.47,10.26,9.9425,7.8463,6.5763,5.7738,51694538,1255,2026-09-25,48.51,302957387.0
NASDAQ:IRMD,IRMD,iRadimed Corporation,Healthcare,Medical Devices,United States,NASDAQ,1096273082.0,85.76,51.16,47.54,8,73.8,2803,True,-18.03,26.83,-8.35,-5.54,16.75,36.08,52.02,93.5688,90.7921,73.4549,63.0213,56.4141,10736930,1255,2026-09-25,48.83,12783035.0
NYSE:OBK,OBK,"Origin Bancorp, Inc.",Financial Services,Banks - Regional,United States,NYSE,1654776728.0,53.64,51.16,52.63,8,73.8,2804,False,-2.4,68.47,15.89,22.41,37.61,49.0,52.76,46.2871,43.8205,38.9784,35.9994,35.1131,8328187,1255,2026-09-25,47.58,30849678.0
NASDAQ:HELP,HELP,Cybin Inc.,Healthcare,Biotechnology,Canada,NASDAQ,781619224.0,12.61,51.17,54.41,8,73.9,2805,True,-10.06,225.84,73.76,79.41,63.81,27.47,13.09,7.2572,7.0286,7.6981,9.8927,11.1504,23458064,1255,2026-09-25,51.04,61984078.0
NASDAQ:CMTV,CMTV,Community Bancorp.,Financial Services,Banks - Regional,United States,NASDAQ,228667844.0,40.82,51.19,51.27,8,73.9,2806,False,-3.27,88.87,15.19,24.64,63.09,89.1,102.87,35.4373,32.7501,25.0297,21.5859,20.1215,1990322,1255,2026-09-25,49.32,5601858.0
NYSE:CLF,CLF,Cleveland-Cliffs Inc.,Basic Materials,Steel,United States,NYSE,6949177772.0,12.18,51.2,52.06,8,73.9,2807,False,-24.72,55.75,6.64,4.74,12.21,-5.9,-11.98,11.4213,11.629,10.8545,12.9435,13.8381,157004984,1255,2026-09-25,55.04,570540047.0
NASDAQ:CTAS,CTAS,Cintas Corporation,Industrials,Specialty Business Services,United States,NASDAQ,79997896940.0,199.91,51.22,51.73,8,74.0,2808,False,-7.44,22.88,6.87,6.8,1.49,8.74,20.76,187.0638,187.1902,196.9758,183.8379,165.5494,410639033,1255,2026-09-25,47.37,400169561.0
NASDAQ:DYNC,DYNC,Dynamix Corporation,Financial Services,Shell Companies,United States,NASDAQ,180857000.0,10.895,51.22,53.06,8,74.0,2809,True,-0.5,6.29,2.45,2.94,,,,10.6348,10.5842,,,,216093,450,2026-09-25,48.08,16600000.0
NASDAQ:MGNI,MGNI,"Magnite, Inc.",Communication Services,Advertising Agencies,United States,NASDAQ,3432863622.0,23.97,51.22,54.57,8,74.0,2810,False,-6.48,114.02,44.0,43.16,41.61,62.22,75.28,16.646,16.7436,16.9263,14.7766,13.6749,56961657,1255,2026-09-25,52.12,143215003.0
NASDAQ:USAU,USAU,U.S. Gold Corp.,Basic Materials,Gold,United States,NASDAQ,257253131.0,15.59,51.22,51.32,8,74.0,2811,True,-31.02,23.24,-5.45,-5.42,20.06,54.22,80.35,16.4893,16.4833,12.985,10.109,8.6444,2548013,1255,2026-09-25,50.85,16501163.0
NASDAQ:OFIX,OFIX,Orthofix Medical Inc.,Healthcare,Medical Devices,United States,NASDAQ,381580395.0,9.44,51.23,47.37,8,74.0,2812,True,-41.84,9.26,-20.22,-24.57,-31.68,-31.59,-37.15,11.8328,12.5155,13.8174,13.7984,15.0195,3476497,1255,2026-09-25,44.82,40421652.0
NASDAQ:BSET,BSET,"Bassett Furniture Industries, Incorporated",Consumer Cyclical,"Furnishings, Fixtures & Appliances",United States,NASDAQ,158273157.0,18.28,51.24,49.78,8,74.1,2813,False,-15.21,34.54,12.73,15.15,20.39,26.68,27.53,16.2155,15.8747,15.1839,14.4296,14.3335,407794,1255,2026-09-25,44.81,8658269.0
NASDAQ:DSGX,DSGX,The Descartes Systems Group Inc.,Technology,Software - Application,Canada,NASDAQ,6736155910.0,78.61,51.24,51.95,8,74.1,2814,False,-19.75,25.14,4.77,0.71,-15.27,-14.13,-9.74,75.0288,78.0531,92.777,91.5427,87.0885,65108591,1255,2026-09-25,55.16,85690827.0
NASDAQ:LUNR,LUNR,"Intuitive Machines, Inc.",Industrials,Aerospace & Defense,United States,NASDAQ,2504660543.0,15.61,51.24,48.7,8,74.1,2815,False,-65.84,93.91,-22.53,-14.36,4.78,37.19,41.49,20.1494,18.2266,14.8985,11.3785,11.033,104829168,1218,2026-09-25,51.8,160452309.0
NYSE:ASPN,ASPN,"Aspen Aerogels, Inc.",Basic Materials,Specialty Chemicals,United States,NYSE,432620305.0,5.22,51.25,50.46,8,74.1,2816,False,-40.82,103.11,19.09,10.91,-30.77,-52.55,-50.24,4.3833,4.7063,7.5397,11.0019,10.4905,4503480,1255,2026-09-25,53.22,82877453.0
NYSE:MAGN,MAGN,Magnera Corporation,Consumer Defensive,Household & Personal Products,United States,NYSE,431828000.0,12.13,51.26,49.56,8,74.2,2817,False,-20.51,52.39,-1.58,1.41,-15.47,-28.09,-47.64,12.3247,11.9614,14.3495,16.8675,23.1675,4499258,1255,2026-09-25,46.3,35600000.0
NASDAQ:PLUS,PLUS,ePlus inc.,Technology,Software - Application,United States,NASDAQ,2366979777.0,90.51,51.26,52.38,8,74.2,2818,False,-6.45,31.62,6.87,8.54,15.63,17.15,28.2,84.6949,83.3865,78.2766,77.2626,70.6033,20937884,1255,2026-09-25,53.72,26151583.0
NYSE:BIRK,BIRK,Birkenstock Holding plc,Consumer Cyclical,Footwear & Accessories,United Kingdom,NYSE,6179243482.0,33.6,51.27,46.57,8,74.2,2819,False,-31.39,11.96,-14.76,-15.97,-26.12,,,39.4172,39.9877,45.4776,,,73199260,742,2026-09-25,41.19,183906056.0
NASDAQ:CAMT,CAMT,Camtek Ltd.,Technology,Semiconductor Equipment & Materials,Israel,NASDAQ,6860841413.0,147.05,51.27,49.9,8,74.2,2820,True,-29.12,55.77,-4.97,0.7,30.87,43.8,74.44,154.7478,146.0297,112.3656,102.2609,84.2998,53117930,1255,2026-09-25,49.6,46656521.0
AMEX:CTM,CTM,"Castellum, Inc.",Technology,Information Technology Services,United States,AMEX,59565633.0,0.629,51.28,49.29,8,74.3,2821,True,-51.98,16.48,-18.67,-24.8,-26.2,-3.24,,0.7734,0.8364,0.8523,0.6501,,365057,991,2026-09-25,50.16,94698939.0
NASDAQ:FSUN,FSUN,FirstSun Capital Bancorp,Financial Services,Banks - Regional,United States,NASDAQ,1858458347.0,39.74,51.29,52.15,8,74.3,2822,False,-4.01,31.76,5.13,6.11,5.33,7.97,12.73,37.8024,37.4511,37.7278,36.8061,35.2511,15621243,1041,2026-09-25,46.71,46765434.0
NASDAQ:RBKB,RBKB,"Rhinebeck Bancorp, Inc.",Financial Services,Banks - Regional,United States,NASDAQ,200638581.0,12.83,51.29,53.13,8,74.3,2823,False,-2.06,86.32,14.84,22.91,41.54,62.58,73.48,11.1718,10.4384,9.0645,7.8917,7.3955,2117341,1255,2026-09-25,52.01,15638237.0
NASDAQ:CLNN,CLNN,Clene Inc.,Consumer Defensive,Packaged Foods,United States,NASDAQ,54946720.0,4.3,51.3,48.19,8,74.4,2824,True,-65.6,31.1,-21.47,-30.05,-18.29,-29.03,-57.48,5.4757,6.1469,5.2626,6.0585,10.1129,596530,1255,2026-09-25,49.41,12778307.0
NASDAQ:BWFG,BWFG,"Bankwell Financial Group, Inc.",Financial Services,Banks - Regional,United States,NASDAQ,530057006.0,66.48,51.31,54.0,8,74.4,2825,False,-3.05,65.96,22.39,27.6,56.53,81.96,97.57,54.319,52.1012,42.4716,36.5355,33.6496,5013772,1255,2026-09-25,48.16,7973180.0
NASDAQ:CVBF,CVBF,CVB Financial Corporation,Financial Services,Banks - Regional,United States,NASDAQ,3970847952.0,22.53,51.31,51.45,8,74.4,2826,False,-3.3,28.58,9.33,11.81,15.74,23.51,24.49,20.6067,20.1507,19.4657,18.2418,18.0976,31053864,1255,2026-09-25,46.9,176247135.0
NYSE:HIMS,HIMS,"Hims & Hers Health, Inc.",Healthcare,Drug Manufacturers - Specialty & Generic,United States,NYSE,6563015718.0,29.42,51.31,50.09,8,74.4,2827,False,-53.12,102.62,5.99,-6.77,-16.34,5.86,28.93,27.7583,31.5577,35.1671,27.7913,22.8194,280809209,1255,2026-09-25,50.78,223080072.0
NYSE:STM,STM,STMicroelectronics N.V.,Technology,Semiconductors,Netherlands,NYSE,46315189539.0,51.93,51.31,48.32,8,74.4,2828,True,-34.83,147.2,10.34,21.86,52.26,43.69,37.91,47.0617,42.6133,34.1054,36.1405,37.6541,413301517,1255,2026-09-25,50.2,891877326.0
NASDAQ:PNRG,PNRG,PrimeEnergy Resources Corporation,Energy,Oil & Gas E&P,United States,NASDAQ,337628060.0,208.67,51.32,52.37,8,74.5,2829,False,-23.45,61.86,5.02,9.81,12.83,30.98,47.4,198.7042,190.0305,184.9491,159.3096,141.5715,22996743,1255,2026-09-25,53.57,1618000.0
NASDAQ:VFS,VFS,VinFast Auto Ltd.,Consumer Cyclical,Auto Manufacturers,Vietnam,NASDAQ,7439724512.0,3.18,51.32,50.86,8,74.5,2830,True,-33.19,13.17,-6.1,-5.68,-9.54,-22.86,-48.24,3.3867,3.3715,3.5153,4.1226,6.1432,1192076,1255,2026-09-25,48.33,2339536010.0
NYSE:IGI,IGI,Western Asset Investment Grade Opportunity Trust Inc.,Financial Services,Asset Management,United States,NYSE,94399988.0,15.75,51.34,50.81,8,74.5,2831,False,-2.71,3.39,-0.15,-0.18,1.26,2.79,5.56,15.7744,15.7781,15.5545,15.3219,14.9197,362220,1255,2026-09-25,51.34,5993650.0
NASDAQ:API,API,"Agora, Inc. - ADS",Technology,Software - Application,United States,NASDAQ,275775212.0,4.21,51.35,50.9,8,74.6,2832,False,-19.96,29.94,2.21,4.87,3.86,18.35,20.12,4.1192,4.0146,4.0537,3.5572,3.5049,578706,1255,2026-09-25,54.09,65504801.0
NYSE:HLT,HLT,Hilton Worldwide Holdings Inc.,Consumer Cyclical,Lodging,United States,NYSE,70661379144.0,313.96,51.39,48.69,8,74.6,2833,False,-10.31,22.52,-0.26,2.99,13.33,26.2,41.8,314.7928,304.8417,277.0364,248.7854,221.4027,526399056,1255,2026-09-25,49.14,225064910.0
NYSE:NVR,NVR,"NVR, Inc.",Consumer Cyclical,Residential Construction,United States,NYSE,16865936601.0,6297.6001,51.39,50.17,8,74.6,2834,True,-22.99,13.19,-6.34,-8.6,-15.46,-15.29,-8.85,6723.6996,6890.3696,7449.5867,7434.5175,6908.6963,257440710,1255,2026-09-25,48.39,2678153.0
NASDAQ:FSLY,FSLY,"Fastly, Inc.",Technology,Software - Application,United States,NASDAQ,3906240000.0,24.96,51.41,52.03,8,74.6,2835,False,-25.49,217.56,27.46,42.43,98.12,96.79,92.7,19.583,17.5249,12.5985,12.6834,12.9529,206607021,1255,2026-09-25,56.12,156500000.0
AMEX:MTA,MTA,Metalla Royalty & Streaming Ltd.,Basic Materials,Other Precious Metals & Mining,Canada,AMEX,940968613.0,10.07,51.42,53.87,8,74.7,2836,False,-11.28,67.83,26.01,29.76,79.47,113.08,114.12,7.9913,7.7603,5.611,4.726,4.7029,2903603,1255,2026-09-25,52.84,93442762.0
NASDAQ:NBTB,NBTB,NBT Bancorp Inc.,Financial Services,Banks - Regional,United States,NASDAQ,2682167664.0,51.57,51.42,51.87,8,74.7,2837,False,-4.21,35.8,12.03,15.25,18.4,26.57,32.24,46.0326,44.7456,43.5551,40.7438,38.9982,17422094,1255,2026-09-25,47.08,52010232.0
NASDAQ:BELFB,BELFB,Bel Fuse Inc.,Technology,Electronic Components,United States,NASDAQ,3059430024.0,252.69,51.43,48.86,8,74.7,2838,True,-24.11,88.24,4.57,13.45,61.67,103.24,144.56,241.6422,222.7238,156.2976,124.3332,103.3229,36740316,1255,2026-09-25,50.2,12107444.0
NYSE:HNI,HNI,HNI Corporation,Consumer Cyclical,"Furnishings, Fixtures & Appliances",United States,NYSE,3398785187.0,47.21,51.43,53.58,8,74.7,2839,True,-7.82,64.35,15.88,15.6,8.51,11.34,23.61,40.7392,40.8404,43.5073,42.4011,38.1913,28171269,1255,2026-09-25,48.35,71992908.0
NASDAQ:ICUI,ICUI,"ICU Medical, Inc.",Healthcare,Medical Instruments & Supplies,United States,NASDAQ,4122691846.0,164.95,51.52,50.83,8,74.8,2840,False,-11.91,44.53,12.46,15.35,13.46,23.03,16.32,146.6687,143.0058,145.3815,134.0769,141.8079,41341536,1255,2026-09-25,53.31,24993585.0
NASDAQ:LOGI,LOGI,Logitech International S.A. - Registered Shares,Technology,Computer Hardware,Switzerland,NASDAQ,14474908482.0,101.09,51.52,51.05,8,74.8,2841,True,-18.88,19.72,2.84,0.08,7.76,12.01,23.94,98.2935,101.0139,93.8144,90.2482,81.5608,74037496,1255,2026-09-25,48.78,143188332.0
NYSE:KRO,KRO,Kronos Worldwide Inc,Basic Materials,Specialty Chemicals,United States,NYSE,949188207.0,8.25,51.54,53.19,8,74.8,2842,True,-6.87,97.06,27.92,34.96,17.36,4.83,4.56,6.4493,6.113,7.0299,7.8702,7.8904,3486296,1255,2026-09-25,48.81,115053116.0
NYSE:ALTG,ALTG,Alta Equipment Group Inc.,Industrials,Rental & Leasing Services,United States,NYSE,202371059.0,6.22,51.55,49.65,8,74.9,2843,True,-25.06,48.45,-2.36,-0.45,-1.99,-16.75,-31.13,6.3702,6.248,6.3462,7.4716,9.0314,1292985,1255,2026-09-25,42.93,32535540.0
NYSE:BRCC,BRCC,BRC Inc.,Consumer Defensive,Packaged Foods,United States,NYSE,1078776963.0,9.22,51.56,48.91,8,74.9,2844,False,-48.2,47.52,-11.01,-16.14,-46.05,-64.39,-72.73,10.3603,10.9947,17.0892,25.8924,33.8071,977395,1160,2026-09-25,49.34,117004009.0
NYSE:VGNT,VGNT,Versigent PLC,Consumer Cyclical,Auto Parts,Switzerland,NYSE,3312860732.0,46.73,51.57,52.17,8,74.9,2845,True,-6.95,73.93,,,,,,,,,,,34775924,126,2026-09-25,46.19,70893660.0
NASDAQ:HIVE,HIVE,HIVE Digital Technologies Ltd,Financial Services,Capital Markets,United States,NASDAQ,864697805.0,3.16,51.6,51.31,8,74.9,2846,False,-54.6,80.57,8.89,-2.92,6.6,3.25,1.08,2.902,3.2549,2.9644,3.0604,3.1262,41537870,1255,2026-09-25,56.06,273638546.0
NYSE:TLYS,TLYS,"Tilly's, Inc.",Consumer Cyclical,Apparel Retail,United States,NYSE,98988472.0,4.27,51.6,51.54,8,74.9,2847,False,-21.65,261.86,25.23,40.66,47.0,2.81,-17.11,3.4097,3.0356,2.9047,4.1535,5.1514,6406518,1255,2026-09-25,51.01,23182312.0
NYSE:JXN,JXN,Jackson Financial Inc.,Financial Services,Insurance - Life,United States,NYSE,9284202004.0,133.12,51.61,53.6,8,75.0,2848,False,-4.72,51.62,17.14,21.35,36.39,58.35,88.35,113.6423,109.6948,97.6007,84.0646,70.6751,118214832,1255,2026-09-25,45.3,69743104.0
NYSE:NOW,NOW,"ServiceNow, Inc.",Technology,Software - Application,United States,NYSE,140212364440.0,135.62,51.61,53.86,8,75.0,2849,False,-28.34,63.4,16.28,5.14,-15.64,-12.86,-3.25,116.6319,128.992,160.7614,155.6428,140.1764,2031756376,1255,2026-09-25,54.15,1033862000.0
NASDAQ:TRNS,TRNS,"Transcat, Inc.",Industrials,Specialty Business Services,United States,NASDAQ,821136131.0,87.73,51.61,50.67,8,75.0,2850,True,-10.26,68.52,11.99,16.2,5.69,-4.81,-2.86,78.3397,75.5008,83.0104,92.1672,90.3102,8583005,1255,2026-09-25,48.42,9359810.0
NASDAQ:VRNS,VRNS,"Varonis Systems, Inc.",Technology,Software - Infrastructure,United States,NASDAQ,5312297431.0,46.25,51.62,53.52,8,75.1,2851,False,-26.95,129.07,37.46,27.81,8.4,6.58,18.63,33.6449,36.1852,42.6647,43.393,38.987,96933906,1255,2026-09-25,58.81,114860485.0
NASDAQ:TTRX,TTRX,Turn Therapeutics Inc.,Healthcare,Biotechnology,United States,NASDAQ,372052620.0,12.49,51.64,55.2,8,75.1,2852,False,-18.58,360.89,107.21,,,,,6.0278,,,,,2353353,243,2026-09-25,57.28,29788040.0
NYSE:COLD,COLD,"Americold Realty Trust, Inc.",Real Estate,REIT - Industrial,United States,NYSE,4205411206.0,14.74,51.7,50.82,8,75.1,2853,True,-9.29,53.43,10.11,13.33,-5.82,-19.94,-26.75,13.3866,13.0065,15.6514,18.412,20.1234,53168051,1255,2026-09-25,46.19,285306052.0
NASDAQ:TSAT,TSAT,Telesat Corporation - Class A Common Shares and Class B Variable Voting Shares,Technology,Communication Equipment,Canada,NASDAQ,728262912.0,48.21,51.7,51.72,8,75.1,2854,False,-21.48,104.45,17.49,25.4,69.83,117.75,154.28,41.0338,38.4443,28.3868,22.1402,18.9595,5861637,1255,2026-09-25,51.33,15106055.0
NYSE:CLPR,CLPR,Clipper Realty Inc.,Real Estate,REIT - Residential,United States,NYSE,53643119.0,3.32,51.71,53.94,8,75.2,2855,False,-10.88,25.62,8.41,5.94,-3.44,-4.62,-11.44,3.0623,3.1339,3.4382,3.4807,3.7489,192683,1255,2026-09-25,57.77,16157566.0
NASDAQ:HSTM,HSTM,"HealthStream, Inc.",Healthcare,Health Information Services,United States,NASDAQ,850161971.0,29.1,51.72,53.03,8,75.2,2856,False,-2.25,47.01,19.49,18.15,6.93,8.23,11.71,24.3544,24.6306,27.2133,26.886,26.0497,5821897,1255,2026-09-25,48.43,29215188.0
NASDAQ:PFG,PFG,Principal Financial Group Inc,Financial Services,Asset Management,United States,NASDAQ,24572789648.0,114.77,51.72,52.93,8,75.2,2857,False,-3.16,51.46,15.16,20.05,33.2,41.19,46.04,99.6653,95.6054,86.1609,81.2884,78.5889,178013988,1255,2026-09-25,49.95,214104641.0
NYSE:GFL,GFL,"GFL Environmental Inc. Subordinate voting shares, no par value",Industrials,Waste Management,United States,NYSE,14755500092.0,42.27,51.73,52.74,8,75.3,2858,True,-10.71,26.08,3.7,1.47,-3.96,3.46,9.4,40.7606,41.6572,44.0125,40.8582,38.6375,129767379,1255,2026-09-25,48.99,349077362.0
NYSE:PM,PM,Philip Morris International Inc,Consumer Defensive,Tobacco,United States,NYSE,296884687861.0,190.48,51.74,51.91,8,75.3,2859,False,-4.84,35.48,8.6,11.87,21.19,41.24,56.25,175.4017,170.2745,157.1732,134.861,121.9042,835714271,1255,2026-09-25,53.81,1558613439.0
NYSE:PSTL,PSTL,"Postal Realty Trust, Inc.",Real Estate,REIT - Office,United States,NYSE,711865000.0,23.65,51.74,52.0,8,75.3,2860,False,-4.31,70.1,14.33,21.68,46.13,60.02,68.09,20.685,19.4359,16.1844,14.7796,14.0698,9608894,1255,2026-09-25,48.79,30100000.0
NASDAQ:AUPH,AUPH,Aurinia Pharmaceuticals Inc,Healthcare,Biotechnology,Canada,NASDAQ,2114211471.0,16.44,51.76,52.27,8,75.3,2861,False,-11.71,48.78,5.76,8.76,37.9,61.76,67.98,15.544,15.1162,11.9215,10.1631,9.7866,13378805,1255,2026-09-25,54.49,128601671.0
NYSE:GLW,GLW,Corning Incorporated,Technology,Electronic Components,United States,NYSE,134739632691.0,156.74,51.76,50.08,8,75.3,2862,True,-38.58,101.93,5.6,15.97,68.64,115.28,151.82,148.4272,135.1515,92.942,72.8061,62.2434,1325323044,1255,2026-09-25,49.74,859637825.0
NASDAQ:DUOT,DUOT,"Duos Technologies Group, Inc.",Technology,Software - Application,United States,NASDAQ,287116611.0,9.14,51.77,50.13,8,75.4,2863,False,-37.57,45.19,-2.68,-2.0,18.71,46.85,59.91,9.3915,9.3262,7.6995,6.224,5.7159,6165270,1255,2026-09-25,57.28,31413196.0
NASDAQ:PAYS,PAYS,"Paysign, Inc.",Technology,Software - Infrastructure,United States,NASDAQ,708326144.0,12.67,51.78,54.72,8,75.4,2864,False,-10.4,298.43,77.21,86.35,133.91,165.4,196.48,7.1498,6.7992,5.4166,4.7739,4.2734,9903705,1255,2026-09-25,55.35,55905773.0
NYSE:GEV,GEV,GE Vernova Inc.,Industrials,Specialty Industrial Machinery,United States,NYSE,255049027173.0,957.63,51.8,49.59,8,75.4,2865,False,-18.49,75.09,5.25,13.46,52.27,,,909.8637,844.0043,628.9179,,,2082519756,627,2026-09-25,51.27,266333581.0
NYSE:ITW,ITW,Illinois Tool Works Inc.,Industrials,Specialty Industrial Machinery,United States,NYSE,78921864000.0,274.32,51.81,50.05,8,75.5,2866,True,-7.74,15.95,2.9,4.7,7.67,10.76,14.9,266.6009,262.0032,254.7842,247.6746,238.741,339812259,1255,2026-09-25,47.83,287700000.0
NASDAQ:OWLS,OWLS,OBOOK Holdings Inc.,Technology,Software - Infrastructure,Taiwan,NASDAQ,208796269.0,5.52,51.81,51.12,8,75.5,2867,True,-90.06,10.18,-5.95,,,,,5.8695,,,,,174059,237,2026-09-25,49.27,37825411.0
NASDAQ:CVCO,CVCO,"Cavco Industries, Inc.",Consumer Cyclical,Residential Construction,United States,NASDAQ,4295252876.0,557.28,51.82,49.89,8,75.5,2868,False,-20.13,22.27,-0.27,-0.21,7.65,21.09,35.49,558.7718,558.4717,517.6643,460.2041,411.2933,56715651,1255,2026-09-25,45.33,7707531.0
NASDAQ:FMAO,FMAO,"Farmers & Merchants Bancorp, Inc.",Financial Services,Banks - Regional,United States,NASDAQ,480922807.0,34.93,51.83,55.33,8,75.5,2869,False,-2.46,55.72,22.2,26.53,32.44,43.63,47.73,28.5836,27.6052,26.3745,24.3192,23.644,1677640,1255,2026-09-25,53.14,13768188.0
NYSE:WOLF,WOLF,"Wolfspeed, Inc. Common Stock New",Technology,Semiconductors,United States,NYSE,1432870825.0,27.57,51.84,48.91,8,75.6,2870,True,-62.49,86.28,-5.75,,,,,29.2504,,,,,62733702,250,2026-09-25,47.89,51972101.0
NASDAQ:CUE,CUE,"Cue Biopharma, Inc.",Healthcare,Biotechnology,United States,NASDAQ,131932774.0,31.41,51.89,52.07,8,75.6,2871,False,-16.99,491.53,58.48,56.7,26.41,-9.44,-38.57,19.8198,20.0451,24.8485,34.6825,51.1288,12709599,1255,2026-09-25,54.69,4200343.0
NYSE:PSO,PSO,"Pearson, Plc",Communication Services,Publishing,United Kingdom,NYSE,9684701515.0,16.13,51.9,50.85,8,75.6,2872,False,-7.94,37.11,11.24,12.92,11.19,18.93,27.75,14.5007,14.285,14.5066,13.5626,12.6261,11135818,1255,2026-09-25,49.18,600415469.0
NASDAQ:RELL,RELL,"Richardson Electronics, Ltd.",Technology,Electronic Components,United States,NASDAQ,220541760.0,17.52,51.9,50.26,8,75.6,2873,True,-19.47,88.13,19.38,27.11,40.62,48.65,32.65,14.6754,13.7835,12.4588,11.7864,13.2081,1813810,1255,2026-09-25,48.43,12588000.0
NASDAQ:FDMT,FDMT,"4D Molecular Therapeutics, Inc.",Healthcare,Biotechnology,United States,NASDAQ,756437395.0,14.47,51.91,53.94,8,75.7,2874,False,-13.66,101.25,39.69,39.86,81.16,20.48,8.57,10.3589,10.3463,7.9875,12.0099,13.3278,13483420,1255,2026-09-25,53.99,52276254.0
NASDAQ:HYFT,HYFT,MindWalk Holdings Corp.,Healthcare,Biotechnology,United States,NASDAQ,64842468.0,1.38,51.91,50.79,8,75.7,2875,True,-50.36,35.29,-6.84,-10.36,15.45,11.46,-25.29,1.4814,1.5395,1.1953,1.2381,1.8473,272911,1255,2026-09-25,50.59,46987296.0
NASDAQ:ANGO,ANGO,"AngioDynamics, Inc.",Healthcare,Medical Instruments & Supplies,United States,NASDAQ,640238706.0,15.49,51.93,54.38,8,75.7,2876,True,-3.97,59.69,24.66,25.64,43.65,65.16,55.92,12.4254,12.3286,10.7833,9.3787,9.9347,6888540,1255,2026-09-25,47.12,41332389.0
NASDAQ:TLNC,TLNC,Talon Capital Corp.,Financial Services,Shell Companies,United States,NASDAQ,262952960.0,10.24,51.93,50.18,8,75.7,2877,False,-1.35,3.43,0.36,,,,,10.2032,,,,,1062333,243,2026-09-25,43.25,25679000.0
AMEX:BKTI,BKTI,BK Technologies Corporation,Technology,Communication Equipment,United States,AMEX,279991126.0,74.78,51.94,48.76,8,75.8,2878,False,-22.87,19.53,-7.93,-5.58,25.43,68.65,103.4,81.2183,79.2023,59.6184,44.341,36.7654,2995334,1255,2026-09-25,52.29,3744198.0
NASDAQ:CLMT,CLMT,"Calumet, Inc",Basic Materials,Specialty Chemicals,United States,NASDAQ,4675444437.0,53.65,51.94,56.81,8,75.8,2879,False,-9.14,203.45,56.62,72.49,125.37,152.86,166.86,34.254,31.1038,23.8052,21.2169,20.1039,82411480,1255,2026-09-25,52.7,87147147.0
NYSE:VSTS,VSTS,Vestis Corporation,Industrials,Rental & Leasing Services,United States,NYSE,1803234369.0,13.65,51.95,51.36,8,75.8,2880,False,-17.27,225.0,29.89,44.49,38.37,,,10.5085,9.4472,9.8652,,,22072520,752,2026-09-25,55.01,132105082.0
NASDAQ:DJT,DJT,Trump Media & Technology Group Corp.,Communication Services,Internet Content & Information,United States,NASDAQ,2531357988.0,9.14,51.97,51.17,8,75.9,2881,False,-48.13,29.46,-8.78,-15.99,-48.6,-58.34,-55.21,10.0196,10.8801,17.7815,21.9371,20.4059,27421754,1252,2026-09-25,51.34,276953828.0
NASDAQ:OCC,OCC,Optical Cable Corporation,Technology,Communication Equipment,United States,NASDAQ,128257647.0,14.53,51.99,50.29,8,75.9,2882,False,-46.03,249.28,30.06,37.68,101.93,154.01,175.62,11.1719,10.5533,7.1956,5.7202,5.2718,3753873,1255,2026-09-25,50.24,8827092.0
NASDAQ:BOT,BOT,"RoboStrategy, Inc.",Financial Services,Asset Management,United States,NASDAQ,690793785.0,28.62,52.01,50.17,8,75.9,2883,False,-31.43,36.22,,,,,,,,,,,6407184,96,2026-09-25,57.84,24136750.0
NYSE:GRND,GRND,Grindr Inc.,Technology,Software - Application,United States,NYSE,2802738657.0,15.77,52.03,51.88,8,75.9,2884,False,-12.1,60.1,16.58,16.18,0.61,16.62,32.89,13.5271,13.5736,15.6744,13.5221,11.8666,19878968,1255,2026-09-25,53.48,177725977.0
NASDAQ:XRX,XRX,Xerox Holdings Corporation,Industrials,Business Equipment & Supplies,United States,NASDAQ,435726760.0,3.32,52.03,53.17,8,75.9,2885,False,-11.14,174.29,33.78,28.06,-24.07,-52.92,-60.38,2.4816,2.5925,4.3725,7.052,8.3794,9097867,1255,2026-09-25,52.41,131243000.0
NASDAQ:CZNC,CZNC,Citizens & Northern Corp,Financial Services,Banks - Regional,United States,NASDAQ,461112098.0,25.7,52.09,55.09,8,76.0,2886,False,-1.65,42.2,14.01,18.12,28.77,36.64,38.57,22.5419,21.7571,19.9578,18.8087,18.5461,1441140,1255,2026-09-25,47.42,17942105.0
NYSE:GHC,GHC,Graham Holdings Company,Industrials,Conglomerates,United States,NYSE,3777560883.0,1154.89,52.1,50.65,8,76.0,2887,True,-6.41,22.33,2.56,3.82,13.13,26.92,39.63,1126.0221,1112.372,1020.876,909.952,827.0895,43402669,1255,2026-09-25,48.79,3270927.0
NYSE:SAP,SAP,SAP SE ADS,Technology,Software - Application,Germany,NYSE,243167747598.0,210.68,52.13,54.8,8,76.0,2888,True,-23.57,43.93,9.37,2.6,-9.92,-1.3,11.7,192.6241,205.3318,233.8829,213.4568,188.6099,416945208,1255,2026-09-25,50.13,1154204232.0
NYSE:BKKT,BKKT,"Bakkt, Inc.",Technology,Software - Infrastructure,United States,NYSE,380008854.0,8.5,52.16,51.97,8,76.1,2889,False,-81.13,24.09,-12.26,-34.54,-38.88,-49.69,-62.47,9.6875,12.9857,13.9065,16.8938,22.6502,10999549,1255,2026-09-25,57.45,44706924.0
NASDAQ:LMB,LMB,"Limbach Holdings, Inc.",Industrials,Building Products & Equipment,United States,NASDAQ,613696529.0,51.48,52.17,47.2,8,76.1,2890,False,-54.89,24.89,-31.73,-33.38,-42.56,-31.76,-15.59,75.4012,77.2775,89.6251,75.4429,60.9909,20022230,1255,2026-09-25,51.73,11921067.0
NASDAQ:GTLB,GTLB,GitLab Inc.,Technology,Software - Infrastructure,United States,NASDAQ,7860591000.0,46.845,52.18,56.47,8,76.1,2891,False,-8.22,141.22,45.89,34.71,7.06,-0.8,1.02,32.1095,34.7738,43.7559,47.2246,46.3741,286679541,1242,2026-09-25,59.34,167800000.0
NASDAQ:PYPL,PYPL,"PayPal Holdings, Inc.",Financial Services,Credit Services,United States,NASDAQ,47084566505.0,55.04,52.18,51.41,8,76.1,2892,False,-26.9,42.08,9.65,3.0,-14.03,-12.72,-15.94,50.1949,53.4352,64.0199,63.0602,65.4771,774261184,1255,2026-09-25,41.03,855460874.0
NYSE:M,M,Macy's Inc,Consumer Cyclical,Department Stores,United States,NYSE,5955179279.0,22.64,52.19,50.48,8,76.2,2893,False,-12.88,42.01,6.55,9.12,33.66,37.91,39.91,21.2477,20.747,16.9388,16.4162,16.1813,148033798,1255,2026-09-25,49.41,263037954.0
NYSE:LPG,LPG,Dorian LPG Ltd.,Energy,Oil & Gas Midstream,United States,NYSE,2285878646.0,53.43,52.2,55.96,8,76.2,2894,False,-8.37,139.22,43.61,54.19,86.58,82.79,108.87,37.2049,34.6529,28.6371,29.23,25.5809,33317771,1255,2026-09-25,54.6,42782681.0
NASDAQ:NVTS,NVTS,Navitas Semiconductor Corporation,Technology,Semiconductors,United States,NASDAQ,3185340554.0,12.2,52.2,48.95,8,76.2,2895,False,-61.62,89.74,-7.07,-2.16,48.3,69.74,73.53,13.1285,12.469,8.2264,7.1877,7.0306,128025620,1238,2026-09-25,49.23,261093488.0
NASDAQ:BHF,BHF,"Brighthouse Financial, Inc.",Financial Services,Insurance - Life,United States,NASDAQ,3058413593.0,53.24,52.21,45.84,8,76.3,2896,False,-20.07,17.94,-12.99,-11.59,-5.22,-0.18,1.75,61.1896,60.2215,56.1712,53.3369,52.3242,55178993,1255,2026-09-25,53.45,57445785.0
NASDAQ:PYPD,PYPD,PolyPid Ltd.,Healthcare,Biotechnology,Israel,NASDAQ,100088687.0,5.22,52.23,52.99,8,76.3,2897,False,-6.45,65.71,13.28,18.72,37.82,28.94,-30.93,4.6082,4.3968,3.7876,4.0483,7.558,497585,1255,2026-09-25,56.89,19174078.0
NASDAQ:HUT,HUT,Hut 8 Corp.,Financial Services,Capital Markets,United States,NASDAQ,10901361924.0,96.82,52.24,51.41,8,76.3,2898,False,-27.21,191.98,22.42,35.13,112.55,185.75,246.56,79.0856,71.6484,45.5524,33.8832,27.9373,424123620,1255,2026-09-25,56.61,112594112.0
NYSE:GEF.B,GEF-B,"Greif, Inc. Corporation",Consumer Cyclical,Packaging & Containers,United States,NYSE,2310049176.0,108.15,52.25,54.56,8,76.4,2899,True,-4.79,91.97,22.96,31.26,51.0,61.41,63.36,87.9568,82.3956,71.6205,67.0045,66.2019,10336724,1255,2026-09-25,50.68,21359678.0
NYSE:LANV,LANV,Lanvin Group Holdings Limited,Consumer Cyclical,Luxury Goods,China,NYSE,126884964.0,1.085,52.25,48.29,8,76.4,2900,False,-51.99,8.5,-27.87,-33.13,-40.73,-45.36,-65.27,1.5043,1.6225,1.8307,1.9858,3.1238,38476,1255,2026-09-25,44.51,116944667.0
NASDAQ:MDLN,MDLN,Medline Inc.,Healthcare,Medical Instruments & Supplies,United States,NASDAQ,29342534689.0,34.7,52.25,49.23,8,76.4,2901,False,-30.59,9.67,,,,,,,,,,,277001525,194,2026-09-25,52.06,845606187.0
NYSE:WENC,WENC,West Enclave Merger Corp.,Financial Services,Shell Companies,Mexico,NYSE,160495830.0,10.0,52.25,54.34,8,76.4,2902,False,-0.2,1.21,,,,,,,,,,,55920,94,2026-09-25,52.25,16049583.0
NYSE:CAT,CAT,"Caterpillar, Inc.",Industrials,Farm & Heavy Construction Machinery,United States,NYSE,377659695305.0,821.58,52.26,49.24,8,76.4,2903,True,-22.71,78.77,4.3,11.66,48.66,74.74,101.14,787.7126,735.7965,552.6399,470.1763,408.4589,1935703430,1255,2026-09-25,46.82,459674889.0
NASDAQ:CRUS,CRUS,"Cirrus Logic, Inc.",Technology,Semiconductors,United States,NASDAQ,6050289943.0,119.92,52.27,47.86,8,76.5,2904,True,-32.97,10.55,-14.29,-12.19,-1.02,5.54,13.31,139.9183,136.5688,121.1585,113.6305,105.8338,111164967,1255,2026-09-25,50.14,50452718.0
NASDAQ:SRAD,SRAD,Sportradar Group AG,Technology,Software - Application,Switzerland,NASDAQ,2879043984.0,13.24,52.27,50.11,8,76.5,2905,True,-54.84,9.24,-18.3,-26.25,-33.75,-21.29,-14.45,16.2066,17.952,19.985,16.8214,15.4759,29900116,1255,2026-09-25,50.63,217450452.0
NASDAQ:MSBI,MSBI,"Midland States Bancorp, Inc.",Financial Services,Banks - Regional,United States,NASDAQ,690215245.0,33.26,52.28,54.03,8,76.5,2906,False,-2.72,140.22,26.07,37.53,56.46,58.92,62.05,26.382,24.1837,21.2581,20.9281,20.5246,5412949,1255,2026-09-25,50.81,20752112.0
NASDAQ:TLSA,TLSA,Tiziana Life Sciences Ltd,Healthcare,Biotechnology,United Kingdom,NASDAQ,128531722.0,1.01,52.29,50.2,8,76.5,2907,False,-55.9,31.17,-20.96,-28.05,-24.07,-10.34,-1.37,1.2778,1.4038,1.3302,1.1265,1.024,610583,1255,2026-09-25,54.73,127259131.0
NASDAQ:COST,COST,Costco Wholesale Corporation,Consumer Defensive,Discount Stores,United States,NASDAQ,409228935967.0,922.77,52.32,49.18,8,76.6,2908,True,-15.54,9.04,-3.71,-2.8,-3.07,5.61,18.81,958.3253,949.3809,951.9596,873.7631,776.6712,2116448973,1255,2026-09-25,38.39,443478804.0
NASDAQ:CXDO,CXDO,"Crexendo, Inc.",Communication Services,Telecom Services,United States,NASDAQ,197409622.0,6.09,52.32,46.87,8,76.6,2909,False,-41.83,8.75,-12.96,-11.65,-2.52,10.61,32.36,6.9971,6.8934,6.2474,5.506,4.6011,1880379,1255,2026-09-25,43.55,32415373.0
NASDAQ:DBCA,DBCA,D. Boral Acquisition I Corp.,Financial Services,Shell Companies,United States,NASDAQ,310428500.0,10.03,52.32,53.86,8,76.6,2910,False,-0.5,2.03,,,,,,,,,,,377970,148,2026-09-25,52.32,30950000.0
NASDAQ:HELE,HELE,Helen of Troy Limited,Consumer Defensive,Household & Personal Products,United States,NASDAQ,666851706.0,28.63,52.33,51.82,8,76.6,2911,False,-5.26,106.27,24.75,27.39,-15.6,-48.21,-57.85,22.9497,22.4736,33.9235,55.2848,67.9309,11630628,1255,2026-09-25,57.02,23292061.0
NYSE:CGAU,CGAU,Centerra Gold Inc.,Basic Materials,Gold,Canada,NYSE,4412906125.0,22.56,52.34,54.87,8,76.7,2912,False,-6.97,129.28,25.09,34.87,92.7,132.1,161.61,18.0355,16.7266,11.7071,9.72,8.6234,28606838,1255,2026-09-25,54.19,195607541.0
NYSE:MCS,MCS,Marcus Corporation (The),Communication Services,Entertainment,United States,NYSE,669878382.0,28.09,52.34,53.87,8,76.7,2913,False,-9.47,118.9,38.11,46.89,53.45,70.04,75.33,20.3383,19.1225,18.3059,16.5201,16.0214,5886453,1255,2026-09-25,54.42,23847575.0
NYSE:PBF,PBF,PBF Energy Inc.,Energy,Oil & Gas Refining & Marketing,United States,NYSE,8734979592.0,73.69,52.35,54.26,8,76.7,2914,False,-5.89,188.44,57.65,68.19,117.55,100.97,99.79,46.7439,43.8129,33.8722,36.6675,36.8829,296831672,1255,2026-09-25,49.15,118536838.0
NASDAQ:ULTA,ULTA,"Ulta Beauty, Inc.",Consumer Cyclical,Specialty Retail,United States,NASDAQ,23437772357.0,545.2,52.35,53.31,8,76.7,2915,False,-22.87,20.95,-2.12,-1.28,11.94,16.58,16.61,556.9959,552.2436,487.0338,467.6486,467.5384,343581291,1255,2026-09-25,53.95,42989311.0
NYSE:TNK,TNK,Teekay Tankers Ltd.,Energy,Oil & Gas Midstream,Bermuda,NYSE,2823780184.0,94.07,52.37,56.3,8,76.8,2916,False,-6.79,97.12,29.36,36.12,68.7,72.99,92.82,72.7206,69.1101,55.7609,54.3774,48.7857,50374370,1255,2026-09-25,52.39,30017861.0
NYSE:E,E,ENI S.p.A.,Energy,Oil & Gas Integrated,Italy,NYSE,79261474407.0,54.71,52.44,52.93,8,76.8,2917,False,-3.48,66.41,12.88,19.65,46.59,59.82,73.15,48.4675,45.7245,37.321,34.2326,31.5969,18195939,1255,2026-09-25,54.2,1448756615.0
NYSE:ETD,ETD,Ethan Allen Interiors Inc.,Consumer Cyclical,"Furnishings, Fixtures & Appliances",United States,NYSE,541752557.0,21.29,52.46,54.43,8,76.8,2918,False,-10.84,33.33,10.82,8.87,1.27,-0.15,2.49,19.2115,19.5554,21.0239,21.322,20.7725,14216114,1255,2026-09-25,49.07,25446339.0
NYSE:ELF,ELF,"e.l.f. Beauty, Inc.",Consumer Defensive,Household & Personal Products,United States,NYSE,5864824950.0,99.51,52.48,54.78,8,76.9,2919,False,-31.41,100.75,28.14,18.84,5.97,-13.29,-6.46,77.6543,83.731,93.9051,114.7633,106.3821,152757081,1255,2026-09-25,54.5,58937041.0
NASDAQ:TBCH,TBCH,Turtle Beach Corporation,Technology,Consumer Electronics,United States,NASDAQ,252856144.0,12.74,52.48,51.43,8,76.9,2920,False,-25.45,25.64,2.22,-2.07,-8.82,-6.34,1.34,12.463,13.0092,13.9724,13.6031,12.5715,3870405,1255,2026-09-25,53.02,19847421.0
NASDAQ:ECX,ECX,ECARX Holdings Inc.,Consumer Cyclical,Auto Parts,United Kingdom,NASDAQ,378262649.0,1.09,52.49,50.93,8,76.9,2921,False,-58.71,23.58,-16.55,-26.21,-33.35,-41.08,-64.75,1.3061,1.4772,1.6353,1.85,3.0918,1272205,1255,2026-09-25,53.93,347029953.0
NASDAQ:NCEW,NCEW,New Century Logistics (BVI) Limited,Industrials,Integrated Freight & Logistics,Hong Kong,NASDAQ,56416000.0,17.63,52.49,51.93,8,76.9,2922,False,-14.83,485.71,32.71,54.58,,,,13.2843,11.4053,,,,6899,443,2026-09-25,52.49,3200000.0
NASDAQ:KEEL,KEEL,Keel Infrastructure Corp.,Technology,Information Technology Services,United States,NASDAQ,2294548874.0,3.8,52.5,50.66,8,77.0,2923,False,-42.94,122.87,10.77,9.49,54.36,61.5,86.9,3.4304,3.4707,2.4617,2.353,2.0332,120893572,1255,2026-09-25,54.89,603828651.0
NYSE:RBLX,RBLX,Roblox Corporation,Communication Services,Electronic Gaming & Multimedia,United States,NYSE,31114474363.0,46.44,52.5,52.45,8,77.0,2924,False,-67.19,30.67,-18.05,-32.36,-36.47,-24.46,-16.07,56.6661,68.6578,73.1043,61.4747,55.3325,508571860,1255,2026-09-25,60.06,669992988.0
NASDAQ:CAKE,CAKE,The Cheesecake Factory Incorporated,Consumer Cyclical,Restaurants,United States,NASDAQ,5199488647.0,104.49,52.51,53.72,8,77.0,2925,False,-10.91,145.23,44.9,54.86,76.15,106.26,127.92,72.1135,67.4718,59.3178,50.6589,45.8449,145081349,1255,2026-09-25,53.57,49760634.0
NYSE:RDY,RDY,Dr. Reddy's Laboratories Ltd,Healthcare,Drug Manufacturers - Specialty & Generic,India,NYSE,10204250894.0,12.25,52.53,50.16,8,77.0,2926,False,-19.79,8.41,-7.56,-8.52,-11.36,-12.32,-7.84,13.2515,13.3904,13.8196,13.9717,13.2919,35337881,1255,2026-09-25,53.99,833000073.0
NYSE:BWLP,BWLP,BW LPG Limited,Energy,Oil & Gas Midstream,Singapore,NYSE,3678467855.0,24.23,52.54,56.41,8,77.1,2927,True,-7.31,125.67,37.24,47.54,78.19,92.29,126.73,17.655,16.4221,13.5977,12.6007,10.6866,11775438,1255,2026-09-25,50.81,151814604.0
NASDAQ:CCC,CCC,CCC Intelligent Solutions Holdings Inc.,Technology,Software - Application,United States,NASDAQ,4064063458.0,6.9,52.55,53.33,8,77.1,2928,False,-27.29,63.51,12.02,4.45,-17.82,-26.41,-26.77,6.1596,6.6062,8.396,9.3769,9.4223,81308461,1255,2026-09-25,51.81,588994704.0
NYSE:CION,CION,CION Investment Corporation,Financial Services,Asset Management,United States,NYSE,356490744.0,7.16,52.58,54.46,8,77.1,2929,True,-20.64,24.48,1.07,-2.13,-9.1,-8.83,-3.05,7.0843,7.316,7.8771,7.8533,7.3854,2481607,1249,2026-09-25,51.11,49789210.0
NYSE:CURV,CURV,Torrid Holdings Inc.,Consumer Cyclical,Apparel Retail,United States,NYSE,233872895.0,2.35,52.62,52.65,8,77.2,2930,False,-14.55,143.27,38.51,43.94,-21.96,-36.84,-34.93,1.6966,1.6326,3.0111,3.7204,3.6113,1146331,1255,2026-09-25,57.95,99520381.0
NASDAQ:FLEX,FLEX,Flex Ltd.,Technology,Electronic Components,United States,NASDAQ,42017554053.0,114.68,52.62,49.81,8,77.2,2931,False,-29.24,110.38,16.4,26.51,73.32,116.73,160.46,98.5218,90.6519,66.1675,52.9129,44.0295,367076059,1255,2026-09-25,49.59,366389554.0
NYSE:BBVA,BBVA,Banco Bilbao Vizcaya Argentaria S.A.,Financial Services,Banks - Diversified,Spain,NYSE,159514995128.0,28.87,52.63,54.29,8,77.2,2932,False,-2.6,68.06,19.66,24.77,61.84,95.7,132.02,24.1275,23.1382,17.8386,14.752,12.4431,35231501,1255,2026-09-25,48.87,5525285595.0
NYSE:S,S,"SentinelOne, Inc.",Technology,Software - Infrastructure,United States,NYSE,7536353369.0,22.38,52.66,54.16,8,77.2,2933,False,-7.14,87.44,35.95,35.11,19.19,12.92,17.19,16.4622,16.5637,18.7772,19.8194,19.0967,208214877,1255,2026-09-25,63.69,336745012.0
NASDAQ:CLPT,CLPT,ClearPoint Neuro Inc.,Healthcare,Medical Devices,United States,NASDAQ,444745219.0,14.83,52.71,51.21,8,77.3,2934,True,-49.9,71.25,10.48,-0.0,6.53,28.21,37.84,13.4227,14.8306,13.9212,11.5671,10.759,8395669,1255,2026-09-25,50.99,29989563.0
NYSE:CNH,CNH,CNH Industrial N.V.,Industrials,Farm & Heavy Construction Machinery,United Kingdom,NYSE,16230952529.0,13.09,52.76,55.54,8,77.3,2935,False,-9.1,43.34,19.25,21.26,15.62,18.09,12.29,10.9765,10.7947,11.3217,11.0851,11.6568,334862376,1255,2026-09-25,55.49,1239950537.0
NYSE:EPC,EPC,Edgewell Personal Care Company,Consumer Defensive,Household & Personal Products,United States,NYSE,1281982489.0,27.82,52.76,52.63,8,77.3,2936,False,-5.69,78.36,24.27,28.99,11.01,-2.44,-9.79,22.3863,21.5677,25.0618,28.5153,30.8408,16226122,1255,2026-09-25,48.41,46081326.0
NASDAQ:PONO,PONO,"Pono Capital Four, Inc.",Financial Services,Shell Companies,Cayman Islands,NASDAQ,122294100.0,10.02,52.76,56.54,8,77.3,2937,False,-0.4,1.62,,,,,,,,,,,708569,100,2026-09-25,52.76,12205000.0
NYSE:ZIM,ZIM,ZIM Integrated Shipping Services Ltd.,Industrials,Marine Shipping,Israel,NYSE,3517969051.0,29.19,52.76,54.8,8,77.3,2938,False,-4.33,142.56,16.1,26.66,54.48,89.99,112.32,25.1432,23.046,18.8959,15.3639,13.7483,39271423,1255,2026-09-25,54.33,120519666.0
NYSE:KODK,KODK,Eastman Kodak Company Common New,Industrials,Specialty Business Services,United States,NYSE,931094391.0,9.51,52.78,52.36,8,77.4,2939,False,-34.46,64.25,3.65,8.94,27.5,46.75,60.2,9.1754,8.7293,7.4591,6.4804,5.9362,8385754,1255,2026-09-25,52.78,97906876.0
NASDAQ:AMCX,AMCX,AMC Global Media Inc.,Communication Services,Entertainment,United States,NASDAQ,394510577.0,12.16,52.79,54.01,8,77.4,2940,False,-5.37,86.5,29.49,33.56,45.5,21.73,4.52,9.3907,9.1043,8.3576,9.9893,11.6341,7378436,1255,2026-09-25,50.65,32443304.0
NASDAQ:PROV,PROV,"Provident Financial Holdings, Inc.",Financial Services,Banks - Regional,United States,NASDAQ,115383525.0,18.42,52.81,57.89,8,77.4,2941,False,-1.55,25.79,10.15,12.46,19.22,29.17,34.66,16.722,16.3784,15.4504,14.2602,13.6785,357882,1255,2026-09-25,50.25,6264035.0
NASDAQ:BMRC,BMRC,Bank of Marin Bancorp,Financial Services,Banks - Regional,United States,NASDAQ,451768313.0,27.91,52.82,52.17,8,77.5,2942,False,-7.09,27.57,5.8,7.48,16.87,30.85,30.56,26.3808,25.9682,23.8804,21.3297,21.3773,4471367,1255,2026-09-25,50.94,16186611.0
NYSE:KB,KB,KB Financial Group Inc,Financial Services,Banks - Regional,South Korea,NYSE,44681763686.0,127.26,52.82,54.14,8,77.5,2943,True,-4.23,64.21,18.63,24.29,50.52,76.05,102.82,107.2723,102.3919,84.5484,72.2872,62.7441,19571682,1255,2026-09-25,49.14,351106111.0
NASDAQ:LYTS,LYTS,LSI Industries Inc.,Technology,Electronic Components,United States,NASDAQ,774264600.0,21.09,52.82,47.98,8,77.5,2944,False,-21.11,23.11,-3.07,-2.22,6.25,17.19,28.21,21.7569,21.5694,19.849,17.9969,16.4497,8623896,1255,2026-09-25,51.09,36712404.0
NASDAQ:IDCC,IDCC,"InterDigital, Inc.",Technology,Software - Application,United States,NASDAQ,8624625599.0,334.21,52.83,53.89,8,77.6,2945,False,-15.13,33.62,5.41,2.87,25.3,57.07,89.46,317.0604,324.8896,266.7187,212.7722,176.4012,74151857,1255,2026-09-25,48.75,25806007.0
NASDAQ:SPCX,SPCX,Space Exploration Technologies Corp.,Industrials,Aerospace & Defense,United States,NASDAQ,1144284942707.0,148.68,52.83,52.38,8,77.6,2946,True,-29.67,37.32,,,,,,,,,,,13409179909,73,2026-09-25,52.2,7696293669.0
NASDAQ:ASO,ASO,"Academy Sports and Outdoors, Inc.",Consumer Cyclical,Specialty Retail,United States,NASDAQ,3047582751.0,49.14,52.85,52.26,8,77.6,2947,True,-18.98,19.09,-6.0,-4.41,-1.68,-5.16,-5.48,52.2754,51.4074,49.9778,51.8134,51.9886,108631984,1255,2026-09-25,49.67,62018371.0
NYSE:TK,TK,Teekay Corporation Ltd.,Energy,Oil & Gas Midstream,Bermuda,NYSE,1192061948.0,13.7,52.87,55.45,8,77.6,2948,False,-6.87,87.47,21.9,28.48,62.26,83.53,109.37,11.2387,10.6633,8.4435,7.4648,6.5435,7980917,1255,2026-09-25,52.32,87011821.0
NASDAQ:CAE,CAE,CAE Inc,Industrials,Aerospace & Defense,Canada,NASDAQ,7994470994.0,24.86,52.89,50.39,8,77.7,2949,False,-26.99,7.34,-9.08,-9.22,-4.14,4.06,6.92,27.3437,27.3852,25.9345,23.8898,23.2503,24100422,1255,2026-09-25,50.52,321579686.0
NYSE:FIX,FIX,"Comfort Systems USA, Inc.",Industrials,Engineering & Construction,United States,NYSE,58384224321.0,1658.91,52.89,50.44,8,77.7,2950,False,-19.68,112.6,7.88,17.96,75.74,131.2,189.63,1537.679,1406.3675,943.9737,717.5251,572.7752,527706411,1255,2026-09-25,51.27,35194329.0
NASDAQ:PLBC,PLBC,Plumas Bancorp,Financial Services,Banks - Regional,United States,NASDAQ,433787560.0,62.29,52.89,54.12,8,77.7,2951,False,-2.01,58.13,16.72,22.46,33.76,46.67,55.93,53.3657,50.8646,46.5691,42.4687,39.9473,3193724,1255,2026-09-25,46.99,6964000.0
NYSE:VSXY,VSXY,Victorias Secret & Co.,Consumer Cyclical,Apparel Retail,United States,NYSE,6590658505.0,82.91,52.9,51.5,8,77.7,2952,False,-17.07,223.99,26.52,40.35,93.34,132.47,141.03,65.5329,59.0745,42.8831,35.6652,34.3984,173223591,1255,2026-09-25,54.64,79491720.0
NASDAQ:DH,DH,Definitive Healthcare Corp.,Healthcare,Health Information Services,United States,NASDAQ,99720405.0,0.945,52.95,54.34,8,77.8,2953,False,-76.72,50.48,-25.16,-41.33,-65.74,-77.32,-84.27,1.2627,1.6107,2.7585,4.1672,6.0073,1264078,1255,2026-09-25,61.34,105524238.0
NASDAQ:ETON,ETON,"Eton Pharmaceuticals, Inc.",Healthcare,Drug Manufacturers - Specialty & Generic,United States,NASDAQ,1579991209.0,57.68,52.95,55.32,8,77.8,2954,False,-10.48,301.95,85.26,102.59,171.14,271.79,362.09,31.1344,28.4716,21.2729,15.514,12.4825,28590805,1255,2026-09-25,57.61,27392358.0
NYSE:PBR,PBR,Petroleo Brasileiro S.A. Petrobras ADS,Energy,Oil & Gas Integrated,Brazil,NYSE,75799126626.0,20.37,52.95,55.47,8,77.8,2955,False,-6.43,84.17,19.12,27.19,46.95,54.99,73.53,17.1006,16.016,13.8623,13.1428,11.7386,461102127,1255,2026-09-25,58.68,3721115691.0
NASDAQ:UAL,UAL,"United Airlines Holdings, Inc.",Industrials,Airlines,United States,NASDAQ,36997703295.0,113.99,52.95,50.5,8,77.8,2956,False,-16.25,33.78,4.57,6.86,18.15,44.08,60.79,109.0076,106.6746,96.4752,79.1177,70.8931,421498072,1255,2026-09-25,48.37,324569728.0
NYSE:MFC,MFC,Manulife Financial Corporation,Financial Services,Insurance - Life,Canada,NYSE,73056482693.0,43.86,52.97,53.96,8,77.9,2957,True,-1.64,46.99,13.92,17.93,31.58,49.3,68.37,38.5021,37.1914,33.3341,29.3769,26.0504,76984251,1255,2026-09-25,49.33,1665674480.0
NASDAQ:RGLD,RGLD,"Royal Gold, Inc.",Basic Materials,Gold,United States,NASDAQ,21427968339.0,252.49,52.98,55.09,8,77.9,2958,False,-16.67,50.28,5.21,9.97,30.51,49.97,63.67,239.9925,229.5887,193.4662,168.3646,154.2685,169647896,1255,2026-09-25,52.98,84866602.0
NASDAQ:SYM,SYM,Symbotic Inc.,Industrials,Specialty Industrial Machinery,United States,NASDAQ,5530053916.0,43.47,52.98,51.93,8,77.9,2959,False,-50.21,13.74,-14.62,-19.83,0.47,3.98,15.67,50.9145,54.2205,43.2688,41.8052,37.5809,73739097,1255,2026-09-25,54.95,127215411.0
NASDAQ:PUSA,PUSA,Aureus Greenway Holdings Inc.,Consumer Cyclical,Leisure,United States,NASDAQ,100230125.0,3.72,53.01,51.76,8,77.9,2960,False,-52.4,70.64,-5.34,-9.51,,,,3.9299,4.1109,,,,1901084,407,2026-09-25,54.55,26943582.0
NYSE:WAB,WAB,Westinghouse Air Brake Technologies Corporation,Industrials,Railroads,United States,NYSE,48646325088.0,288.0,53.03,52.44,8,78.0,2961,False,-5.72,51.47,11.13,16.55,31.17,49.3,69.87,259.1661,247.1059,219.5663,192.8974,169.5382,222566308,1255,2026-09-25,56.24,168910851.0
NYSE:NIQ,NIQ,NIQ Global Intelligence plc,,,,NYSE,5259063055.0,17.83,53.07,58.09,8,78.0,2962,False,-7.33,123.71,37.74,34.92,,,,12.9447,13.215,,,,20410427,297,2026-09-25,56.64,294955864.0
NASDAQ:SCWO,SCWO,374Water Inc.,Industrials,Pollution & Treatment Controls,United States,NASDAQ,52661467.0,3.01,53.09,55.48,8,78.0,2963,False,-57.0,71.02,16.42,7.06,-31.52,-58.13,-76.24,2.5854,2.8114,4.3954,7.1886,12.6679,194317,1255,2026-09-25,56.58,17495504.0
NASDAQ:ETS,ETS,Elite Express Holding Inc.,Industrials,Trucking,United States,NASDAQ,70834508.0,1.59,53.13,55.13,8,78.0,2964,False,-38.85,274.12,115.15,117.78,,,,0.739,0.7301,,,,987612,276,2026-09-25,54.2,44550005.0
NASDAQ:IBRX,IBRX,"ImmunityBio, Inc.",Healthcare,Biotechnology,United States,NASDAQ,8839667566.0,8.44,53.18,53.33,8,78.1,2965,False,-26.93,326.26,20.06,39.32,83.45,82.66,94.79,7.03,6.0581,4.6007,4.6207,4.333,84979079,1255,2026-09-25,56.17,1047353977.0
AMEX:IE,IE,Ivanhoe Electric Inc.,Basic Materials,Copper,United States,AMEX,1671559222.0,10.56,53.2,51.81,8,78.1,2966,True,-46.99,30.69,-18.63,-19.6,-0.46,2.54,-3.15,12.9771,13.1344,10.609,10.2987,10.904,22751090,1066,2026-09-25,48.01,158291593.0
NYSE:ANF,ANF,Abercrombie & Fitch Company,Consumer Cyclical,Apparel Retail,United States,NYSE,6029827364.0,135.71,53.22,56.02,8,78.1,2967,False,-10.76,106.84,34.66,41.38,33.67,26.65,54.9,100.7789,95.9875,101.5286,107.1545,87.6094,215523483,1255,2026-09-25,51.84,44431710.0
NASDAQ:MMSI,MMSI,"Merit Medical Systems, Inc.",Healthcare,Medical Instruments & Supplies,United States,NASDAQ,5224661750.0,87.5,53.22,55.93,8,78.1,2968,False,-6.1,45.08,14.06,11.81,0.22,3.67,7.61,76.7118,78.2571,87.3112,84.4024,81.3112,52122220,1255,2026-09-25,52.2,59710420.0
NASDAQ:ARCL,ARCL,ARC Group Acquisition I Corp,Financial Services,Shell Companies,United States,NASDAQ,127452420.0,9.99,53.23,55.03,8,78.2,2969,False,-0.4,1.22,,,,,,,,,,,288498,83,2026-09-25,53.23,12758000.0
NYSE:DFIN,DFIN,"Donnelley Financial Solutions, Inc.",Technology,Software - Application,United States,NYSE,1202716936.0,48.92,53.23,53.18,8,78.2,2970,False,-11.9,33.15,4.46,3.35,-6.18,-11.23,-5.92,46.8323,47.3337,52.1448,55.1103,51.9965,11854431,1255,2026-09-25,55.22,24585383.0
NASDAQ:CXII,CXII,Churchill Capital Corp XII,Financial Services,Shell Companies,United States,NASDAQ,450482500.0,10.79,53.25,54.55,8,78.2,2971,False,-0.64,7.36,,,,,,,,,,,290646,70,2026-09-25,48.67,41750000.0
NASDAQ:SCZM,SCZM,Santacruz Silver Mining Ltd.,Basic Materials,Other Industrial Metals & Mining,Canada,NASDAQ,879181827.0,9.48,53.27,53.82,8,78.3,2972,False,-41.34,92.67,5.2,11.65,78.74,148.7,202.81,9.0116,8.4908,5.3037,3.8118,3.1307,4496800,1255,2026-09-25,48.17,92740699.0
NYSE:URI,URI,"United Rentals, Inc.",Industrials,Rental & Leasing Services,United States,NYSE,65171626757.0,1047.0601,53.28,50.73,8,78.3,2973,True,-10.11,47.93,11.44,12.82,24.38,37.42,57.36,939.594,928.0909,841.8488,761.9595,665.3955,440549936,1255,2026-09-25,46.72,62242489.0
NASDAQ:TNGX,TNGX,"Tango Therapeutics, Inc.",Healthcare,Biotechnology,United States,NASDAQ,4057341053.0,24.92,53.29,50.75,8,78.3,2974,False,-24.26,260.64,21.11,37.76,124.23,137.59,170.21,20.5763,18.0901,11.1138,10.4888,9.2223,67969846,1255,2026-09-25,52.03,162814649.0
NASDAQ:VRTX,VRTX,Vertex Pharmaceuticals Incorporated,Healthcare,Biotechnology,United States,NASDAQ,133549872371.0,526.19,53.29,53.73,8,78.3,2975,False,-5.69,37.79,11.52,14.06,15.09,17.95,26.86,471.8514,461.3287,457.1836,446.0971,414.768,546534908,1255,2026-09-25,50.85,253805417.0
NASDAQ:CBRL,CBRL,"Cracker Barrel Old Country Store, Inc.",Consumer Cyclical,Restaurants,United States,NASDAQ,1158029143.0,51.81,53.32,51.39,8,78.4,2976,False,-12.25,111.3,35.76,38.98,18.42,8.4,-10.6,38.1617,37.278,43.7515,47.7951,57.9559,56326578,1255,2026-09-25,53.4,22351460.0
NYSE:AMN,AMN,AMN Healthcare Services Inc,Healthcare,Medical Care Facilities,United States,NYSE,1340445957.0,34.56,53.33,53.11,8,78.4,2977,False,-5.57,128.87,35.91,44.05,41.16,-7.52,-34.96,25.4281,23.9916,24.4828,37.3685,53.1332,20043725,1255,2026-09-25,53.33,38786052.0
NYSE:SKY,SKY,"Champion Homes, Inc.",Consumer Cyclical,Residential Construction,United States,NYSE,4815326066.0,87.72,53.33,52.42,8,78.4,2978,False,-9.99,36.51,5.45,7.31,4.9,9.1,15.42,83.1858,81.7432,83.6254,80.4057,76.0028,45696209,1255,2026-09-25,48.02,54894278.0
NYSE:HUBB,HUBB,Hubbell Inc,Industrials,Electrical Equipment & Parts,United States,NYSE,24652734280.0,466.62,53.34,49.99,8,78.4,2979,False,-15.84,15.94,-3.75,-1.43,6.65,14.66,26.58,484.8203,473.4009,437.5279,406.9504,368.6391,217219329,1255,2026-09-25,52.9,52832571.0
NASDAQ:LIND,LIND,Lindblad Expeditions Holdings Inc.,Consumer Cyclical,Travel Services,United States,NASDAQ,1866320000.0,28.45,53.35,51.57,8,78.5,2980,False,-17.49,148.47,29.98,43.09,81.67,114.7,130.61,21.8874,19.882,15.6603,13.2511,12.3367,25194715,1255,2026-09-25,47.96,65600000.0
NASDAQ:ABTC,ABTC,American Bitcoin Corp.,Financial Services,Capital Markets,United States,NASDAQ,218443007.0,9.1,53.37,52.73,8,78.5,2981,False,-91.61,75.34,-39.41,-67.11,-77.86,-91.26,-97.91,15.019,27.6716,41.0955,104.0982,434.8936,16302104,1255,2026-09-25,57.71,24004726.0
NYSE:SW,SW,Smurfit WestRock plc,Consumer Cyclical,Packaging & Containers,Ireland,NYSE,24343108160.0,46.41,53.38,52.01,8,78.5,2982,True,-8.63,45.74,9.37,12.12,7.11,11.75,18.2,42.4329,41.3936,43.3284,41.5288,39.2645,200157734,1255,2026-09-25,51.53,524522908.0
NASDAQ:AKAM,AKAM,"Akamai Technologies, Inc.",Technology,Software - Infrastructure,United States,NASDAQ,16565218287.0,113.94,53.41,51.18,8,78.5,2983,True,-29.29,58.32,2.53,8.8,19.38,15.44,18.78,111.1307,104.7261,95.4424,98.6983,95.9254,552036832,1255,2026-09-25,49.25,145385451.0
NASDAQ:DMII,DMII,Drugs Made In America Acquisition II Corp.,Financial Services,Shell Companies,United States,NASDAQ,647192000.0,10.16,53.42,55.46,8,78.6,2984,True,-0.2,2.94,1.28,,,,,10.0311,,,,,561365,204,2026-09-25,48.91,63700000.0
NYSE:ESI,ESI,Element Solutions Inc.,Basic Materials,Specialty Chemicals,United States,NYSE,8702202539.0,35.71,53.42,50.0,8,78.6,2985,True,-27.09,56.81,0.26,6.38,23.51,33.02,44.84,35.6157,33.5669,28.9116,26.845,24.6547,199631110,1255,2026-09-25,47.97,243690914.0
NYSE:ESTC,ESTC,Elastic N.V.,Technology,Software - Application,Netherlands,NYSE,9160217900.0,88.12,53.42,55.63,8,78.6,2986,False,-11.8,103.51,36.19,28.49,10.54,1.2,9.12,64.7056,68.5802,79.7188,87.0736,80.7574,254131905,1255,2026-09-25,59.09,103951633.0
NASDAQ:SHOP,SHOP,Shopify Inc. - Class A Subordinate Voting Shares,Technology,Software - Application,Canada,NASDAQ,173485400806.0,142.25,53.43,53.11,8,78.6,2987,False,-20.54,49.11,9.48,4.84,16.14,36.02,57.31,129.9291,135.6846,122.4836,104.5831,90.429,1434444610,1255,2026-09-25,56.31,1219581025.0
NASDAQ:BLNK,BLNK,Blink Charging Co.,Industrials,Engineering & Construction,United States,NASDAQ,83192028.0,0.579,53.44,51.38,8,78.7,2988,True,-76.84,23.19,-14.07,-34.07,-44.75,-64.72,-83.99,0.6738,0.8782,1.0479,1.641,3.6174,676534,1255,2026-09-25,49.26,143682259.0
NASDAQ:BSEM,BSEM,"BioStem Technologies, Inc.",Healthcare,Biotechnology,United States,NASDAQ,70313996.0,4.14,53.46,53.11,8,78.7,2989,False,-49.51,38.0,-6.94,-7.14,-50.83,-49.21,-38.97,4.4489,4.4581,8.42,8.1517,6.784,737353,1255,2026-09-25,48.88,16984057.0
NYSE:MO,MO,"Altria Group, Inc.",Consumer Defensive,Tobacco,United States,NYSE,114911776987.0,68.82,53.46,52.21,8,78.7,2990,False,-6.67,31.86,5.72,8.33,19.66,36.01,47.92,65.0948,63.5254,57.5148,50.6006,46.5243,565307081,1255,2026-09-25,53.87,1669743926.0
NYSE:HAFN,HAFN,Hafnia Limited,Industrials,Marine Shipping,Singapore,NYSE,4458049241.0,8.92,53.48,57.17,8,78.8,2991,False,-11.86,96.9,30.36,37.19,66.14,,,6.8426,6.502,5.3689,,,25827597,618,2026-09-25,53.48,499781305.0
NASDAQ:ELMT,ELMT,The Elmet Group Co.,Industrials,Aerospace & Defense,United States,NASDAQ,588804509.0,19.64,53.49,53.91,8,78.8,2992,False,-14.53,54.16,,,,,,,,,,,26416699,108,2026-09-25,53.87,29979863.0
NASDAQ:RDWR,RDWR,Radware Ltd.,Technology,Software - Infrastructure,Israel,NASDAQ,1243958404.0,29.56,53.51,52.84,8,78.8,2993,False,-8.0,35.97,9.83,11.71,17.55,29.69,33.77,26.9147,26.4604,25.1464,22.7928,22.0968,8995964,1255,2026-09-25,55.1,42082490.0
NASDAQ:ALOV,ALOV,"Aldabra 4 Liquidity Opportunity Vehicle, Inc.",Financial Services,Shell Companies,United States,NASDAQ,300150000.0,10.0,53.53,54.89,8,78.8,2994,False,-0.4,1.83,,,,,,,,,,,1001436,135,2026-09-25,53.53,30015000.0
NYSE:BCH,BCH,Banco De Chile ADS,Financial Services,Banks - Regional,Chile,NYSE,21233790468.0,42.04,53.53,53.28,8,78.8,2995,True,-3.8,49.61,7.57,11.54,35.33,55.34,73.72,39.0798,37.6916,31.065,27.0629,24.2002,12418920,1255,2026-09-25,49.21,505085406.0
NASDAQ:HRMY,HRMY,"Harmony Biosciences Holdings, Inc.",Healthcare,Biotechnology,United States,NASDAQ,2388651812.0,41.26,53.54,55.67,8,78.9,2996,False,-3.73,59.31,19.12,21.97,20.93,24.46,16.09,34.6364,33.8271,34.1192,33.1515,35.5412,45916926,1255,2026-09-25,52.94,57892676.0
NASDAQ:KDP,KDP,Keurig Dr Pepper Inc.,Consumer Defensive,Beverages - Non-Alcoholic,United States,NASDAQ,43469875098.0,31.95,53.54,53.0,8,78.9,2997,True,-4.63,29.37,9.62,11.84,6.08,5.91,4.73,29.145,28.5686,30.1189,30.1659,30.5085,319755689,1255,2026-09-25,44.57,1360559471.0
NASDAQ:ACMR,ACMR,"ACM Research, Inc.",Technology,Semiconductor Equipment & Materials,United States,NASDAQ,4956296587.0,77.3,53.55,50.82,8,78.9,2998,True,-39.08,160.53,17.12,28.9,86.48,122.9,168.13,66.0002,59.9689,41.4522,34.6789,28.8292,79090186,1255,2026-09-25,52.19,64117679.0
NYSE:SGU,SGU,Star Group L.P.,Energy,Oil & Gas Refining & Marketing,United States,NYSE,421259360.0,12.83,53.55,53.02,8,78.9,2999,True,-3.14,17.43,3.71,5.7,10.76,16.75,20.48,12.3716,12.1379,11.5831,10.9896,10.6494,261767,1255,2026-09-25,45.93,32833933.0
NYSE:CMBT,CMBT,CMB.TECH NV,Energy,Oil & Gas Midstream,Belgium,NYSE,5516127309.0,19.01,53.57,57.82,8,79.0,3000,False,-6.86,122.8,36.41,46.7,66.37,59.15,66.47,13.9362,12.9586,11.4262,11.9447,11.4197,21618570,1255,2026-09-25,54.05,290169769.0
NYSE:WSM,WSM,"Williams-Sonoma, Inc. Common Stock (DE)",Consumer Cyclical,Specialty Retail,United States,NYSE,27305439091.0,231.9,53.57,52.27,8,79.0,3001,False,-7.9,37.97,12.13,14.48,24.36,41.82,68.86,206.8113,202.5609,186.4763,163.5198,137.3341,274650329,1255,2026-09-25,49.99,117746611.0
NASDAQ:CBRS,CBRS,Cerebras Systems Inc.,Technology,Semiconductors,United States,NASDAQ,23207089786.0,206.75,53.6,50.91,8,79.1,3002,False,-33.54,22.69,,,,,,,,,,,1143212317,93,2026-09-25,53.44,112247109.0
NYSE:RLJ,RLJ,RLJ Lodging Trust Common Shares of Beneficial Interest $0.01 par value,Real Estate,REIT - Hotel & Motel,United States,NYSE,1701612931.0,11.2,53.6,51.45,8,79.1,3003,False,-10.26,78.86,21.28,28.32,36.73,32.59,30.97,9.2347,8.7284,8.1916,8.447,8.5514,18435781,1255,2026-09-25,51.27,151929726.0
NASDAQ:RJET,RJET,Republic Airways Holdings Inc.,Industrials,Airlines,United States,NASDAQ,875711201.0,18.7,53.61,51.13,8,79.1,3004,False,-26.23,14.44,-1.99,-4.08,4.41,9.2,-8.09,19.0796,19.4948,17.9102,17.1245,20.3459,1555700,1255,2026-09-25,53.81,46829476.0
NASDAQ:CPSS,CPSS,"Consumer Portfolio Services, Inc.",Financial Services,Credit Services,United States,NASDAQ,207438281.0,9.56,53.63,52.59,8,79.1,3005,False,-7.18,30.96,6.0,8.37,3.74,4.86,3.42,9.0188,8.8215,9.215,9.1166,9.2441,278966,1255,2026-09-25,49.52,21698565.0
NASDAQ:ZS,ZS,"Zscaler, Inc.",Technology,Software - Infrastructure,United States,NASDAQ,31218023801.0,193.05,53.65,55.29,8,79.1,3006,False,-42.59,63.53,15.3,-0.74,-8.99,-5.93,3.18,167.4337,194.4804,212.1296,205.2206,187.0992,723766229,1255,2026-09-25,70.6,161709525.0
NYSE:BJ,BJ,"BJ's Wholesale Club Holdings, Inc.",Consumer Defensive,Discount Stores,United States,NYSE,11976419041.0,93.79,53.66,52.28,8,79.2,3007,False,-8.75,11.89,0.33,0.73,-3.83,3.97,9.98,93.4847,93.1067,97.5204,90.2087,85.2762,143038291,1255,2026-09-25,48.52,127693987.0
NASDAQ:MDB,MDB,"MongoDB, Inc.",Technology,Software - Infrastructure,United States,NASDAQ,33012480118.0,410.44,53.68,53.6,8,79.2,3008,False,-13.1,81.65,19.07,19.31,40.07,32.76,38.18,344.7017,343.9998,293.025,309.1624,297.0268,799006488,1255,2026-09-25,57.14,80431927.0
NASDAQ:AMPL,AMPL,"Amplitude, Inc.",Technology,Software - Application,United States,NASDAQ,1381432244.0,13.3,53.69,56.45,8,79.2,3009,False,-6.99,137.08,46.64,42.75,30.54,29.76,22.78,9.0698,9.3173,10.1881,10.25,10.8328,21809615,1254,2026-09-25,58.34,103867086.0
NYSE:IT,IT,"Gartner, Inc.",Technology,Information Technology Services,United States,NYSE,12580259943.0,187.9,53.7,54.13,8,79.3,3010,False,-28.85,49.45,7.82,-0.05,-39.51,-46.99,-46.05,174.2749,187.9848,310.6457,354.4786,348.2597,197782246,1255,2026-09-25,47.01,66951889.0
NASDAQ:MTC,MTC,"MMTec, Inc.",Financial Services,Capital Markets,Hong Kong,NASDAQ,528811276.0,5.31,53.7,55.66,8,79.3,3011,False,-41.39,1646.71,23.19,42.06,101.23,5.35,-8.79,4.3104,3.7379,2.6388,5.0401,5.8219,185600,1255,2026-09-25,60.97,99587811.0
NASDAQ:AYA,AYA,Aya Gold & Silver Inc.,Basic Materials,Silver,Canada,NASDAQ,4081167354.0,28.47,53.71,55.15,8,79.3,3012,True,-6.29,207.78,46.35,60.15,109.64,138.74,169.93,19.4533,17.7766,13.5804,11.9251,10.5471,38136827,1255,2026-09-25,51.7,143349749.0
NYSE:BTGO,BTGO,"BitGo Holdings, Inc.",Financial Services,Capital Markets,United States,NYSE,801138122.0,7.48,53.71,54.75,8,79.3,3013,False,-59.55,59.49,,,,,,,,,,,17499765,172,2026-09-25,60.02,107104027.0
NASDAQ:ORIC,ORIC,"Oric Pharmaceuticals, Inc.",Healthcare,Biotechnology,United States,NASDAQ,1362291116.0,13.16,53.74,54.07,8,79.4,3014,False,-10.17,76.05,22.35,18.73,32.33,34.9,51.41,10.7559,11.0843,9.9449,9.755,8.6917,18251496,1255,2026-09-25,54.01,103517562.0
NYSE:CPA,CPA,"Copa Holdings, S.A.",Industrials,Airlines,Panama,NYSE,3993057716.0,133.72,53.76,51.54,8,79.4,3015,True,-13.79,27.22,3.74,5.78,22.46,33.63,42.0,128.8998,126.4155,109.1979,100.0705,94.1692,41277043,1255,2026-09-25,45.81,29861335.0
NASDAQ:SPSC,SPSC,"SPS Commerce, Inc.",Technology,Software - Application,United States,NASDAQ,2926814146.0,81.3,53.77,56.22,8,79.4,3016,False,-28.08,62.89,18.28,9.72,-28.19,-40.57,-42.06,68.7367,74.0967,113.2107,136.8062,140.3276,45383209,1255,2026-09-25,58.09,36000174.0
NASDAQ:BCAL,BCAL,California BanCorp,Financial Services,Banks - Regional,United States,NASDAQ,694862932.0,21.64,53.83,54.64,8,79.4,3017,False,-1.49,38.28,11.9,14.03,26.59,33.41,35.59,19.3394,18.9767,17.094,16.2208,15.9596,5160753,1255,2026-09-25,52.7,32110117.0
NYSE:OPY,OPY,"Oppenheimer Holdings, Inc. Class A Common Stock (DE)",Financial Services,Capital Markets,United States,NYSE,1270666965.0,119.78,53.83,53.88,8,79.4,3018,False,-3.98,90.1,22.44,30.82,56.17,85.01,107.11,97.8307,91.5618,76.697,64.7416,57.8348,14506806,1255,2026-09-25,52.05,10608340.0
NASDAQ:EPRX,EPRX,Eupraxia Pharmaceuticals Inc.,Healthcare,Biotechnology,Canada,NASDAQ,523268845.0,8.01,53.88,55.45,8,79.5,3019,False,-11.69,50.28,9.99,14.32,47.3,,,7.2825,7.0066,5.4379,,,4808840,621,2026-09-25,56.76,65326947.0
NYSE:CE,CE,Celanese Corporation,Basic Materials,Chemicals,United States,NYSE,5164008962.0,47.09,53.89,52.23,8,79.5,3020,False,-31.94,32.76,-7.94,-3.7,-18.32,-44.37,-47.67,51.1532,48.9004,57.6535,84.6514,89.9787,91504134,1255,2026-09-25,55.75,109662539.0
NYSE:ROK,ROK,"Rockwell Automation, Inc.",Industrials,Specialty Industrial Machinery,United States,NYSE,48309586695.0,434.15,53.89,50.38,8,79.5,3021,False,-12.04,31.82,3.16,6.23,24.27,35.1,41.25,420.8571,408.6993,349.3716,321.3509,307.3656,305044835,1255,2026-09-25,53.0,111273953.0
NYSE:JBL,JBL,Jabil Inc.,Technology,Electronic Components,United States,NYSE,33190262570.0,316.74,53.9,50.55,8,79.6,3022,False,-17.85,64.67,5.73,12.77,42.34,67.58,94.7,299.5867,280.8675,222.5311,189.0075,162.6769,343363931,1255,2026-09-25,50.02,104787089.0
AMEX:FLYX,FLYX,"flyExclusive, Inc.",Industrials,Airlines,United States,AMEX,65762115.0,1.27,53.93,49.33,8,79.6,3023,False,-82.43,15.45,-44.45,-51.04,-54.18,,,2.2861,2.5938,2.7716,,,354652,687,2026-09-25,51.21,51781193.0
NASDAQ:NTNX,NTNX,"Nutanix, Inc.",Technology,Software - Infrastructure,United States,NASDAQ,18389904227.0,68.03,53.93,57.39,8,79.6,3024,False,-11.82,97.7,36.23,27.96,10.78,16.14,33.8,49.9369,53.1647,61.4085,58.5736,50.8427,164642988,1255,2026-09-25,56.62,270320509.0
NYSE:TTE,TTE,TotalEnergies SE,Energy,Oil & Gas Integrated,France,NYSE,201913035372.0,90.94,53.95,54.76,8,79.6,3025,False,-2.84,62.62,10.95,17.21,35.24,40.06,48.45,81.963,77.5894,67.2421,64.9278,61.2583,138835575,1255,2026-09-25,57.97,2220288491.0
NASDAQ:CORT,CORT,Corcept Therapeutics Incorporated,Healthcare,Biotechnology,United States,NASDAQ,12550223892.0,116.1,53.97,55.45,8,79.7,3026,False,-6.05,261.12,67.78,63.24,72.18,113.49,147.37,69.1989,71.1212,67.4281,54.3819,46.9331,193969018,1255,2026-09-25,57.65,108098397.0
NYSE:SOLV,SOLV,Solventum Corporation,Healthcare,Medical Instruments & Supplies,United States,NYSE,15499136724.0,89.5,53.97,55.21,8,79.7,3027,False,-3.18,43.22,15.07,15.95,19.94,,,77.7808,77.1868,74.6216,,,80225274,628,2026-09-25,50.09,173174712.0
NYSE:TSLX,TSLX,"Sixth Street Specialty Lending, Inc.",Financial Services,Asset Management,United States,NYSE,1723655544.0,18.14,53.97,53.98,8,79.7,3028,False,-13.28,14.61,1.35,-0.87,-3.09,0.98,8.39,17.8983,18.2993,18.719,17.9647,16.7366,7243870,1255,2026-09-25,54.2,95019600.0
NASDAQ:MDXG,MDXG,"MiMedx Group, Inc",Healthcare,Biotechnology,United States,NASDAQ,680701386.0,4.67,53.99,55.81,8,79.8,3029,False,-41.33,51.13,2.27,-7.85,-25.08,-29.08,-23.64,4.5665,5.0676,6.2333,6.5849,6.1157,5455431,1255,2026-09-25,56.25,145760468.0
NASDAQ:VKTX,VKTX,"Viking Therapeutics, Inc.",Healthcare,Biotechnology,United States,NASDAQ,4148178440.0,35.56,54.01,53.09,8,79.8,3030,False,-15.59,41.73,6.78,6.01,0.6,-7.12,11.99,33.3027,33.5445,35.347,38.2846,31.7526,249687478,1255,2026-09-25,57.01,116652937.0
NYSE:BCSS,BCSS,Bain Capital GSS Investment Corp.,Financial Services,Shell Companies,United States,NYSE,483539000.0,10.31,54.07,54.14,8,79.8,3031,True,-0.29,2.49,1.21,,,,,10.1869,,,,,244254,212,2026-09-25,51.3,46900000.0
NASDAQ:CRML,CRML,Critical Metals Corp.,Basic Materials,Other Industrial Metals & Mining,United States,NASDAQ,1150138936.0,7.83,54.07,52.69,8,79.8,3032,False,-73.87,52.63,-18.75,-21.77,7.2,-6.1,-11.7,9.6364,10.0088,7.3038,8.3384,8.8671,82032646,1163,2026-09-25,56.97,146888753.0
NYSE:PH,PH,Parker-Hannifin Corporation,Industrials,Specialty Industrial Machinery,United States,NYSE,123354096950.0,978.33,54.08,51.8,8,79.9,3033,False,-8.71,37.65,4.11,7.7,24.69,42.56,64.36,939.6986,908.406,784.6376,686.2378,595.2417,579864525,1255,2026-09-25,53.0,126086389.0
NYSE:BAP,BAP,Credicorp Ltd.,Financial Services,Banks - Regional,Peru,NYSE,30679762093.0,386.16,54.09,53.23,8,79.9,3034,True,-4.0,63.17,13.53,20.32,51.44,80.03,104.05,340.1323,320.9347,254.985,214.4983,189.2462,127710540,1255,2026-09-25,51.57,79448317.0
NYSE:PEB,PEB,Pebblebrook Hotel Trust Common Shares of Beneficial Interest,Real Estate,REIT - Hotel & Motel,United States,NYSE,2071362966.0,18.42,54.09,52.74,8,79.9,3035,False,-6.73,80.98,22.4,29.79,44.06,39.45,36.25,15.0488,14.1921,12.7865,13.209,13.519,41928395,1255,2026-09-25,57.61,112451844.0
NASDAQ:LAB,LAB,Standard BioTools Inc.,Healthcare,Medical Devices,United States,NASDAQ,290508318.0,0.74,54.11,50.35,8,79.9,3036,False,-55.95,15.63,-27.06,-31.07,-41.06,-53.46,-55.61,1.0146,1.0736,1.2556,1.5902,1.6672,1021436,1255,2026-09-25,54.11,392578808.0
NASDAQ:CLSK,CLSK,"CleanSpark, Inc.",Financial Services,Capital Markets,United States,NASDAQ,3579690054.0,13.95,54.13,52.83,8,80.0,3037,False,-39.87,70.54,10.7,5.2,17.95,16.63,41.19,12.6014,13.2606,11.8269,11.9607,9.8803,232089762,1255,2026-09-25,56.48,256608606.0
NASDAQ:WTBA,WTBA,West Bancorporation,Financial Services,Banks - Regional,United States,NASDAQ,497506858.0,29.19,54.15,55.77,8,80.0,3038,False,-2.7,58.8,17.06,21.69,35.05,47.74,53.17,24.9355,23.987,21.614,19.7578,19.0571,1466410,1255,2026-09-25,52.09,17043743.0
NASDAQ:AOSL,AOSL,Alpha and Omega Semiconductor Limited,Technology,Semiconductors,United States,NASDAQ,835933114.0,27.93,54.16,49.14,9,80.0,3039,True,-47.62,59.87,-6.62,-3.3,-5.54,-4.08,-4.77,29.9112,28.8841,29.5666,29.1185,29.3297,14754128,1255,2026-09-25,51.56,29929578.0
NASDAQ:KLAC,KLAC,KLA Corporation,Technology,Semiconductor Equipment & Materials,United States,NASDAQ,245475237463.0,187.92,54.16,50.38,9,80.0,3040,True,-37.64,92.25,7.0,15.37,57.38,85.49,118.97,175.621,162.889,119.403,101.3092,85.8206,1724378455,1255,2026-09-25,53.5,1306275210.0
NASDAQ:TSEM,TSEM,Tower Semiconductor Ltd.,Technology,Semiconductors,Israel,NASDAQ,26050309883.0,230.47,54.16,51.96,9,80.0,3041,True,-27.26,237.19,18.85,34.11,111.7,175.76,216.85,193.9245,171.8504,108.8676,83.5776,72.7375,420389468,1255,2026-09-25,48.68,113031240.0
NYSE:ONON,ONON,On Holding AG,Consumer Cyclical,Footwear & Accessories,Switzerland,NYSE,9012883847.0,29.96,54.19,48.27,9,80.1,3042,False,-40.83,11.96,-22.12,-23.41,-33.59,-27.53,-19.69,38.4695,39.1183,45.1163,41.3396,37.3031,318183054,1255,2026-09-25,57.82,300830569.0
NASDAQ:VCYT,VCYT,"Veracyte, Inc.",Healthcare,Diagnostics & Research,United States,NASDAQ,3652150909.0,45.43,54.2,51.32,9,80.1,3043,False,-24.9,51.38,7.01,8.83,20.95,37.27,47.24,42.4525,41.7457,37.5603,33.0953,30.854,62041728,1255,2026-09-25,62.98,80390731.0
NYSE:RDW,RDW,Redwire Corporation,Industrials,Aerospace & Defense,United States,NYSE,2775150509.0,11.62,54.21,52.13,9,80.1,3044,False,-55.14,129.64,5.95,13.5,0.58,27.43,54.2,10.9675,10.2382,11.5527,9.1185,7.5356,139737044,1255,2026-09-25,54.03,238825345.0
NASDAQ:PACH,PACH,Pioneer Acquisition I Corp,Financial Services,Shell Companies,United States,NASDAQ,228445874.0,10.33,54.23,57.33,9,80.2,3045,False,-0.19,3.71,1.31,1.6,,,,10.1961,10.1675,,,,755559,280,2026-09-25,70.36,22114799.0
NASDAQ:PSMT,PSMT,"PriceSmart, Inc.",Consumer Defensive,Discount Stores,United States,NASDAQ,5392259359.0,174.73,54.24,50.52,9,80.2,3046,False,-11.36,53.3,8.81,14.83,40.84,61.46,78.38,160.5866,152.1586,124.0671,108.2154,97.9535,38179340,1255,2026-09-25,50.87,30860524.0
NASDAQ:PLSE,PLSE,"Pulse Biosciences, Inc",Healthcare,Medical Instruments & Supplies,United States,NASDAQ,3573297431.0,51.63,54.27,57.54,9,80.2,3047,False,-6.47,307.82,92.49,109.74,147.26,197.24,265.63,26.8228,24.6168,20.881,17.3701,14.121,37265124,1255,2026-09-25,54.8,69209712.0
NASDAQ:KELYA,KELYA,"Kelly Services, Inc.",Industrials,Staffing & Employment Services,United States,NASDAQ,517029496.0,16.48,54.28,56.26,9,80.3,3048,True,-4.63,108.17,43.17,45.77,32.68,9.68,8.4,11.5107,11.3054,12.4211,15.0255,15.2035,4841551,1255,2026-09-25,53.12,31373149.0
NASDAQ:UCTT,UCTT,"Ultra Clean Holdings, Inc.",Technology,Semiconductor Equipment & Materials,United States,NASDAQ,3482714667.0,77.69,54.29,50.35,9,80.3,3049,True,-45.52,258.85,10.22,26.39,72.19,81.3,92.85,70.4837,61.4708,45.1177,42.8506,40.2856,58271576,1255,2026-09-25,52.82,44828352.0
NYSE:SUNB,SUNB,"Sunbelt Rentals Holdings, Inc.",Industrials,Rental & Leasing Services,United States,NYSE,30770663553.0,75.06,54.31,52.11,9,80.3,3050,True,-11.52,20.7,,,,,,,,,,,632790499,145,2026-09-25,48.31,409947556.0
NYSE:WFG,WFG,West Fraser Timber Co. Ltd,Basic Materials,Lumber & Wood Production,Canada,NYSE,5449281618.0,71.68,54.32,54.01,9,80.3,3051,True,-5.62,24.98,8.07,9.22,-1.63,-3.54,-3.21,66.3285,65.6285,72.8691,74.313,74.0583,16675294,1255,2026-09-25,51.69,76022344.0
NYSE:MOD,MOD,Modine Manufacturing Company,Consumer Cyclical,Auto Parts,United States,NYSE,10520034074.0,198.07,54.35,50.06,9,80.4,3052,False,-35.46,65.5,-7.01,-1.04,27.18,51.35,89.18,212.9991,200.1431,155.7355,130.8671,104.697,227708109,1255,2026-09-25,53.57,53112708.0
NYSE:PRSU,PRSU,"Pursuit Attractions and Hospitality, Inc.",Consumer Cyclical,Travel Services,United States,NYSE,1352699730.0,49.28,54.35,52.08,9,80.4,3053,False,-11.95,52.66,15.55,20.0,28.07,34.1,43.89,42.6494,41.0663,38.4789,36.7474,34.2474,11680131,1255,2026-09-25,48.32,27449264.0
NASDAQ:DOCU,DOCU,"DocuSign, Inc.",Technology,Software - Application,United States,NASDAQ,12888761040.0,67.5,54.36,56.63,9,80.4,3054,False,-17.82,61.68,25.71,18.34,-2.06,6.01,10.7,53.6969,57.0387,68.9177,63.6707,60.9772,257942698,1255,2026-09-25,58.43,190944608.0
NYSE:IHS,IHS,IHS Holding Limited,Real Estate,Real Estate Services,United Kingdom,NYSE,2838136530.0,8.43,54.36,55.27,9,80.4,3055,False,-3.44,35.1,3.7,7.54,34.77,55.15,41.81,8.1289,7.8386,6.2551,5.4336,5.9448,8972689,1242,2026-09-25,52.79,336671000.0
NYSE:DNOW,DNOW,DNOW Inc.,Industrials,Industrial Distribution,United States,NYSE,2907957525.0,15.93,54.37,55.15,9,80.5,3056,False,-5.57,43.26,15.2,14.54,11.46,16.05,21.18,13.8275,13.9077,14.2916,13.7274,13.1455,35414668,1255,2026-09-25,54.05,182545984.0
NYSE:MFG,MFG,"Mizuho Financial Group, Inc. Sponosred ADR (Japan)",Financial Services,Banks - Regional,Japan,NYSE,134856875126.0,11.07,54.37,54.69,9,80.5,3057,True,-3.32,81.77,20.5,27.72,58.69,88.93,118.12,9.1865,8.6674,6.976,5.8592,5.0753,36373913,1255,2026-09-25,43.65,12182192875.0
NASDAQ:PANW,PANW,"Palo Alto Networks, Inc.",Technology,Software - Infrastructure,United States,NASDAQ,305413100000.0,374.74,54.38,54.68,9,80.5,3058,False,-5.37,164.52,52.81,58.02,76.64,95.46,123.37,245.2331,237.1437,212.1431,191.725,167.7639,2561261625,1255,2026-09-25,61.09,815000000.0
NASDAQ:VSTM,VSTM,"Verastem, Inc.",Healthcare,Biotechnology,United States,NASDAQ,680141966.0,7.74,54.41,56.59,9,80.5,3059,False,-27.26,124.35,27.22,15.63,23.78,15.91,14.29,6.084,6.6937,6.253,6.6774,6.7722,18982307,1255,2026-09-25,55.48,87873639.0
NASDAQ:NNBR,NNBR,"NN, Inc.",Industrials,Conglomerates,United States,NASDAQ,283629770.0,3.67,54.43,53.45,9,80.6,3060,True,-10.71,221.93,52.41,62.69,46.05,29.76,41.62,2.4081,2.2559,2.5129,2.8283,2.5914,6443548,1255,2026-09-25,52.53,77283316.0
NASDAQ:PLPC,PLPC,Preformed Line Products Company,Industrials,Electrical Equipment & Parts,United States,NASDAQ,2069533794.0,423.33,54.44,53.89,9,80.6,3061,False,-11.95,127.8,30.82,41.08,90.62,122.19,145.35,323.5946,300.0699,222.0784,190.5294,172.5385,28477561,1255,2026-09-25,57.38,4888701.0
NYSE:PWR,PWR,"Quanta Services, Inc.",Industrials,Engineering & Construction,United States,NYSE,97592406698.0,649.13,54.44,51.73,9,80.6,3062,False,-17.32,62.25,8.11,14.51,45.02,72.96,101.12,600.4596,566.8633,447.6211,375.2985,322.7631,536809038,1255,2026-09-25,52.74,150343393.0
NASDAQ:RVMD,RVMD,"Revolution Medicines, Inc.",Healthcare,Biotechnology,United States,NASDAQ,43575896816.0,204.97,54.45,54.33,9,80.6,3063,False,-7.32,382.17,43.57,63.12,144.19,205.59,262.92,142.7705,125.6586,83.9386,67.0725,56.4773,411620739,1255,2026-09-25,49.03,212596462.0
NYSE:DBI,DBI,Designer Brands Inc.,Consumer Cyclical,Footwear & Accessories,United States,NYSE,263861841.0,6.13,54.46,52.84,9,80.7,3064,False,-31.62,99.83,-6.22,3.25,23.69,1.32,-11.1,6.5363,5.9372,4.9558,6.0498,6.8954,4751157,1255,2026-09-25,57.67,43044346.0
NASDAQ:LITE,LITE,Lumentum Holdings Inc.,Technology,Communication Equipment,United States,NASDAQ,73260370000.0,941.65,54.46,53.69,9,80.7,3065,True,-10.58,529.4,29.13,51.0,165.34,272.77,363.21,729.229,623.6052,354.8894,252.6075,203.2894,4024340188,1255,2026-09-25,53.18,77800000.0
NASDAQ:NKSH,NKSH,"National Bankshares, Inc.",Financial Services,Banks - Regional,United States,NASDAQ,269829532.0,42.37,54.46,55.96,9,80.7,3066,False,-2.15,63.44,15.14,21.07,37.66,45.02,46.3,36.7989,34.9969,30.7796,29.2176,28.9608,1439643,1255,2026-09-25,53.35,6368410.0
NYSE:CON,CON,"Concentra Group Holdings Parent, Inc.",Healthcare,Medical Care Facilities,United States,NYSE,4479941918.0,35.01,54.47,56.72,9,80.8,3067,True,-3.74,89.02,33.86,40.76,52.55,,,26.1539,24.8726,22.9497,,,33403937,545,2026-09-25,50.88,127961780.0
NASDAQ:FNWD,FNWD,Finward Bancorp,Financial Services,Banks - Regional,United States,NASDAQ,187359006.0,43.24,54.47,55.44,9,80.8,3068,False,-4.24,43.43,16.43,18.62,32.37,46.38,49.06,37.1381,36.4533,32.665,29.5387,29.0079,581663,1255,2026-09-25,44.94,4333002.0
NASDAQ:WNEB,WNEB,"Western New England Bancorp, Inc.",Financial Services,Banks - Regional,United States,NASDAQ,280040832.0,13.97,54.47,52.76,9,80.8,3069,False,-5.2,31.39,4.16,7.33,25.2,42.39,53.06,13.4115,13.0158,11.1582,9.8111,9.1271,745110,1255,2026-09-25,51.9,20045872.0
NASDAQ:ESQ,ESQ,"Esquire Financial Holdings, Inc.",Financial Services,Banks - Regional,United States,NASDAQ,1057648632.0,122.28,54.49,53.07,9,80.8,3070,False,-7.86,32.55,8.92,11.54,27.28,52.32,73.12,112.2671,109.631,96.0683,80.2802,70.6316,26040937,1255,2026-09-25,56.98,8649400.0
NASDAQ:VIVO,VIVO,VivoPower PLC,Technology,Software - Infrastructure,United Kingdom,NASDAQ,126583226.0,4.12,54.5,51.15,9,80.9,3071,False,-37.58,240.5,20.22,17.7,29.34,43.21,20.28,3.427,3.5003,3.1855,2.877,3.4253,1209539,1255,2026-09-25,52.64,30724084.0
NYSE:LXFR,LXFR,Luxfer Holdings PLC,Industrials,Specialty Industrial Machinery,United States,NYSE,461596907.0,17.25,54.51,54.1,9,80.9,3072,False,-8.9,52.57,13.19,17.58,29.37,43.88,41.8,15.2397,14.6715,13.3339,11.9891,12.1653,7249653,1255,2026-09-25,54.51,26759241.0
NASDAQ:LAUR,LAUR,"Laureate Education, Inc.",Consumer Defensive,Education & Training Services,United States,NASDAQ,5151826064.0,37.4,54.53,52.65,9,80.9,3073,False,-7.56,29.55,6.88,9.99,36.28,62.54,86.86,34.9941,34.0032,27.4444,23.0103,20.015,36687385,1255,2026-09-25,61.01,137749360.0
NASDAQ:CLST,CLST,"Catalyst Bancorp, Inc.",Financial Services,Banks - Regional,United States,NASDAQ,72528938.0,17.9,54.55,56.64,9,80.9,3074,False,-1.38,35.61,9.12,12.45,28.72,36.35,39.17,16.404,15.9179,13.9056,13.1281,12.8616,57037,1243,2026-09-25,54.55,4051896.0
NYSE:NGVC,NGVC,"Natural Grocers by Vitamin Cottage, Inc.",Consumer Defensive,Grocery Stores,United States,NYSE,684541752.0,29.71,54.56,52.6,9,81.0,3075,False,-25.88,27.35,7.2,2.56,-12.48,4.34,24.79,27.7141,28.9684,33.9451,28.4739,23.8085,4304390,1255,2026-09-25,56.6,23040786.0
NASDAQ:HUHU,HUHU,HUHUTECH International Group Inc.,Industrials,Specialty Industrial Machinery,China,NASDAQ,137495807.0,5.31,54.57,51.35,9,81.0,3076,False,-54.62,42.74,-30.84,-30.43,,,,7.6774,7.6326,,,,241977,483,2026-09-25,66.05,25893749.0
NASDAQ:CURX,CURX,Curanex Pharmaceuticals Inc,Healthcare,Biotechnology,United States,NASDAQ,134335449.0,4.74,54.58,52.17,9,81.0,3077,True,-70.38,29.51,-27.41,-38.46,,,,6.5294,7.7029,,,,115817,273,2026-09-25,49.05,28340812.0
NYSE:HGTY,HGTY,"Hagerty, Inc.",Financial Services,Insurance - Property & Casualty,United States,NYSE,1387138408.0,13.59,54.58,56.71,9,81.0,3078,True,-3.07,40.54,14.85,14.05,22.69,30.13,34.81,11.8332,11.9153,11.0765,10.4437,10.081,8737063,1255,2026-09-25,54.35,102070523.0
NASDAQ:HAFC,HAFC,Hanmi Financial Corporation,Financial Services,Banks - Regional,United States,NASDAQ,951774823.0,32.1,54.6,53.75,9,81.1,3079,False,-2.78,45.26,10.39,13.47,27.61,47.38,55.38,29.0779,28.2901,25.155,21.78,20.6591,7358494,1255,2026-09-25,50.46,29650306.0
NYSE:NMAX,NMAX,"Newsmax, Inc.",Communication Services,Broadcasting,United States,NYSE,977445053.0,10.87,54.61,55.95,9,81.1,3080,False,-16.64,110.66,37.29,30.16,,,,7.9177,8.3515,,,,13600280,375,2026-09-25,56.25,89921348.0
NASDAQ:ASML,ASML,ASML Holding N.V. - New York Registry Shares,Technology,Semiconductor Equipment & Materials,Netherlands,NASDAQ,669847315590.0,1743.9399,54.63,52.48,9,81.1,3081,True,-12.23,87.51,14.6,22.94,62.5,75.96,95.02,1521.7297,1418.5337,1073.2036,991.0977,894.2533,2188623143,1255,2026-09-25,52.33,384100000.0
NASDAQ:WEST,WEST,Westrock Coffee Company,Consumer Defensive,Packaged Foods,United States,NASDAQ,789243913.0,8.09,54.64,52.77,9,81.1,3082,True,-16.86,118.06,28.05,36.26,30.06,10.27,-3.69,6.3179,5.9372,6.2204,7.3368,8.3996,2422355,1238,2026-09-25,51.31,97557962.0
NASDAQ:SOTK,SOTK,Sono-Tek Corporation,Technology,Scientific & Technical Instruments,United States,NASDAQ,78740782.0,5.01,54.65,51.47,9,81.2,3083,True,-18.14,39.17,7.99,9.8,18.17,13.27,5.5,4.6392,4.563,4.2397,4.4232,4.7487,292131,1255,2026-09-25,47.55,15716723.0
NASDAQ:DHC,DHC,Diversified Healthcare Trust - Common Shares of Beneficial Interest,Real Estate,REIT - Healthcare Facilities,United States,NASDAQ,1968329308.0,8.13,54.66,50.35,9,81.2,3084,True,-15.66,102.06,9.44,19.52,65.94,95.71,134.59,7.4285,6.8022,4.8994,4.1541,3.4656,15244074,1255,2026-09-25,54.31,242106926.0
NASDAQ:MDWD,MDWD,MediWound Ltd.,Healthcare,Biotechnology,Israel,NASDAQ,177875209.0,13.84,54.66,51.98,9,81.2,3085,False,-29.71,9.75,-13.26,-15.59,-19.73,-14.68,-6.72,15.955,16.3957,17.2415,16.2205,14.837,1452925,1255,2026-09-25,54.53,12852255.0
NASDAQ:AMKR,AMKR,"Amkor Technology, Inc.",Technology,Semiconductor Equipment & Materials,United States,NASDAQ,13319537024.0,53.61,54.69,50.67,9,81.3,3086,True,-42.59,91.03,-5.79,3.18,43.36,53.81,67.09,56.9027,51.9567,37.3967,34.8537,32.0851,198141707,1255,2026-09-25,52.93,248452472.0
NYSE:MUFG,MUFG,"Mitsubishi UFJ Financial Group, Inc.",Financial Services,Banks - Diversified,Japan,NYSE,264780966112.0,23.48,54.7,55.14,9,81.3,3087,True,-2.69,60.6,20.99,26.41,49.99,73.6,100.49,19.4063,18.5738,15.6541,13.5257,11.7111,68611180,1255,2026-09-25,44.56,11276872492.0
NASDAQ:ATEC,ATEC,"Alphatec Holdings, Inc.",Healthcare,Medical Devices,United States,NASDAQ,1556347767.0,10.12,54.71,54.52,9,81.3,3088,True,-55.38,44.78,-14.09,-22.1,-15.07,-14.46,-17.7,11.7803,12.9909,11.9151,11.8301,12.2959,23333007,1255,2026-09-25,51.72,153789305.0
NASDAQ:ACFN,ACFN,"Acorn Energy, Inc.",Technology,Scientific & Technical Instruments,United States,NASDAQ,52648335.0,20.99,54.72,54.77,9,81.4,3089,False,-28.31,63.86,14.79,11.25,13.26,40.35,66.25,18.2858,18.8671,18.5333,14.9554,12.6259,1377077,1255,2026-09-25,53.6,2508258.0
NYSE:BNS,BNS,Bank Nova Scotia Halifax Pfd 3,Financial Services,Banks - Diversified,Canada,NYSE,113960858884.0,93.48,54.72,55.87,9,81.4,3090,True,-1.96,50.73,17.98,22.58,46.75,65.44,76.93,79.2365,76.258,63.6989,56.5025,52.8338,156523451,1255,2026-09-25,49.91,1219093484.0
NYSE:DOCS,DOCS,"Doximity, Inc.",Healthcare,Health Information Services,United States,NYSE,3395380185.0,26.35,54.72,55.05,9,81.4,3091,True,-64.92,46.31,-3.18,-23.02,-42.6,-33.71,-30.01,27.2155,34.2315,45.9077,39.7483,37.648,70675081,1255,2026-09-25,52.88,128856933.0
NASDAQ:TMS,TMS,Teamshares Inc.,Financial Services,Financial Conglomerates,United States,NASDAQ,575886192.0,8.0,54.75,53.41,9,81.4,3092,False,-36.0,48.42,-14.51,-16.18,,,,9.3583,9.5442,,,,1655762,361,2026-09-25,67.73,71985774.0
NASDAQ:RCKY,RCKY,"Rocky Brands, Inc.",Consumer Cyclical,Footwear & Accessories,United States,NASDAQ,337704245.0,45.1,54.78,53.61,9,81.4,3093,True,-10.85,72.54,15.93,22.55,52.17,57.44,68.41,38.9019,36.8002,29.6382,28.6449,26.7793,2264691,1255,2026-09-25,51.95,7487899.0
NASDAQ:CEPO,CEPO,"Cantor Equity Partners I, Inc.",Financial Services,Shell Companies,United States,NASDAQ,220682500.0,10.765,54.79,54.56,9,81.5,3094,False,-0.32,21.91,1.94,2.14,,,,10.5604,10.5398,,,,1088189,431,2026-09-25,54.79,20500000.0
NASDAQ:PBHC,PBHC,"Pathfinder Bancorp, Inc.",Financial Services,Banks - Regional,United States,NASDAQ,84602296.0,17.35,54.8,55.63,9,81.5,3095,False,-5.14,44.64,19.22,19.21,15.69,22.23,19.84,14.5529,14.5538,14.9973,14.1942,14.4772,82525,1255,2026-09-25,54.8,4876213.0
NASDAQ:FTEK,FTEK,"Fuel Tech, Inc.",Industrials,Pollution & Treatment Controls,United States,NASDAQ,53604228.0,1.72,54.81,54.71,9,81.5,3096,False,-46.08,44.54,15.26,1.96,5.84,18.99,21.98,1.4923,1.6869,1.625,1.4455,1.4101,401769,1255,2026-09-25,54.81,31165249.0
NASDAQ:ON,ON,ON Semiconductor Corporation,Technology,Semiconductors,United States,NASDAQ,30045128474.0,77.2,54.82,50.16,9,81.6,3097,True,-42.36,71.94,-3.34,4.72,20.45,13.95,9.12,79.8694,73.7209,64.0924,67.7502,70.7481,801022172,1255,2026-09-25,48.04,389185602.0
NASDAQ:TASK,TASK,"TaskUs, Inc.",Technology,Information Technology Services,United States,NASDAQ,299673190.0,8.2,54.82,56.29,9,81.6,3098,True,-29.51,79.43,20.99,14.03,-4.72,-3.22,-6.73,6.7774,7.1911,8.6064,8.473,8.792,4186830,1255,2026-09-25,51.35,36545511.0
NYSE:ONTO,ONTO,Onto Innovation Inc.,Technology,Semiconductor Equipment & Materials,United States,NYSE,14308239612.0,287.64,54.85,52.1,9,81.6,3099,True,-24.0,137.05,15.1,27.05,55.79,58.27,81.13,249.9073,226.4,184.6315,181.7454,158.8036,233699688,1255,2026-09-25,51.98,49743567.0
NYSE:RL,RL,Ralph Lauren Corporation,Consumer Cyclical,Apparel Manufacturing,United States,NYSE,13439483497.0,357.1,54.85,50.71,9,81.6,3100,False,-13.34,19.51,-1.72,0.29,18.87,42.42,66.39,363.3375,356.054,300.4241,250.7285,214.6118,249793385,1255,2026-09-25,51.1,37635070.0
NASDAQ:CAC,CAC,Camden National Corporation,Financial Services,Banks - Regional,United States,NASDAQ,976942505.0,57.82,54.86,54.91,9,81.6,3101,False,-3.26,67.31,15.17,21.4,32.81,47.5,54.6,50.2058,47.6295,43.5347,39.2005,37.3994,5510816,1255,2026-09-25,47.81,16896273.0
AMEX:FSI,FSI,Flexible Solutions International Inc. Common Stock (CDA),Basic Materials,Specialty Chemicals,Canada,AMEX,73935488.0,5.8,54.89,53.73,9,81.7,3102,False,-42.0,18.37,-2.41,-9.9,0.52,28.01,41.27,5.9432,6.4371,5.77,4.5308,4.1056,56953,1255,2026-09-25,54.89,12747498.0
NYSE:GPRK,GPRK,Geopark Ltd,Energy,Oil & Gas E&P,Colombia,NYSE,726832434.0,11.2,54.9,55.84,9,81.7,3103,False,-6.43,89.49,21.22,26.91,36.79,34.91,27.38,9.2391,8.8248,8.188,8.302,8.7925,15247684,1255,2026-09-25,57.52,64895753.0
NASDAQ:DIOD,DIOD,Diodes Incorporated,Technology,Semiconductors,United States,NASDAQ,4403343307.0,95.84,54.92,52.38,9,81.7,3104,True,-21.93,126.25,15.47,25.52,47.35,42.82,34.13,83.001,76.3529,65.0424,67.1065,71.4547,49152949,1255,2026-09-25,53.34,45944734.0
NASDAQ:RIOT,RIOT,"Riot Platforms, Inc.",Financial Services,Capital Markets,United States,NASDAQ,8697478290.0,23.0,54.92,53.68,9,81.7,3105,False,-19.83,94.42,19.76,21.13,54.77,69.58,84.9,19.205,18.9875,14.8604,13.5632,12.4395,356899939,1255,2026-09-25,57.16,378151230.0
NYSE:SNOW,SNOW,Snowflake Inc.,Technology,Software - Application,United States,NYSE,116436804000.0,335.94,54.95,56.54,9,81.8,3106,True,-5.76,177.38,49.28,45.98,66.12,78.92,86.58,225.0452,230.1277,202.2243,187.7552,180.0477,1848974247,1255,2026-09-25,53.92,346600000.0
NASDAQ:GFS,GFS,GlobalFoundries Inc.,Technology,Semiconductors,United States,NASDAQ,26886340817.0,49.0,54.96,49.3,9,81.8,3107,False,-45.32,52.59,-8.98,-1.88,10.83,4.79,-2.11,53.8339,49.9382,44.2111,46.7586,50.0559,186653637,1232,2026-09-25,49.24,548700833.0
NASDAQ:PXS,PXS,Pyxis Tankers Inc.,Energy,Oil & Gas Midstream,Greece,NASDAQ,66861937.0,6.53,54.99,58.96,9,81.8,3108,False,-11.28,149.24,50.07,61.86,74.36,62.56,57.17,4.3514,4.0343,3.7452,4.017,4.1547,1464726,1255,2026-09-25,56.99,10239194.0
NYSE:PK,PK,Park Hotels & Resorts Inc.,Real Estate,REIT - Hotel & Motel,United States,NYSE,3107013114.0,15.43,55.0,54.75,9,81.9,3109,False,-4.58,67.29,24.91,29.93,36.43,34.35,42.55,12.3531,11.8756,11.3095,11.4851,10.8244,51452928,1255,2026-09-25,50.44,201361835.0
NASDAQ:RGTI,RGTI,"Rigetti Computing, Inc.",Technology,Computer Hardware,United States,NASDAQ,5537764125.0,16.66,55.0,51.85,9,81.9,3110,False,-70.43,29.15,-10.37,-24.19,3.67,50.01,92.79,18.5883,21.9747,16.0706,11.1059,8.6415,263886446,1255,2026-09-25,53.87,332398807.0
NASDAQ:TONX,TONX,TON Strategy Company,Technology,Software - Application,United States,NASDAQ,202096956.0,3.575,55.0,54.54,9,81.9,3111,False,-49.51,98.61,25.2,13.56,-36.65,-79.39,-98.72,2.8555,3.1481,5.6435,17.348,279.7759,1387643,1255,2026-09-25,62.66,56530617.0
NASDAQ:ICLR,ICLR,ICON plc,Healthcare,Diagnostics & Research,Ireland,NASDAQ,13295984837.0,172.33,55.02,54.37,9,82.0,3112,False,-15.07,115.2,17.33,12.74,1.38,-18.52,-19.27,146.8812,152.8546,169.9845,211.49,213.4636,163398519,1255,2026-09-25,56.79,77154209.0
NASDAQ:SND,SND,"Smart Sand, Inc.",Energy,Oil & Gas Equipment & Services,United States,NASDAQ,224815112.0,5.23,55.02,54.78,9,82.0,3113,False,-8.19,172.72,13.49,26.35,72.33,100.61,122.96,4.6083,4.1392,3.0349,2.6071,2.3457,1310266,1255,2026-09-25,49.29,42985681.0
NASDAQ:ABSI,ABSI,Absci Corporation,Healthcare,Biotechnology,United States,NASDAQ,1649959243.0,9.74,55.03,54.51,9,82.0,3114,False,-16.18,323.48,71.1,85.07,129.88,140.66,171.86,5.6925,5.2629,4.2371,4.0473,3.5827,35678077,1255,2026-09-25,61.14,169400333.0
NASDAQ:ULCC,ULCC,"Frontier Group Holdings, Inc.",Industrials,Airlines,United States,NASDAQ,1425035622.0,6.19,55.03,51.91,9,82.0,3115,False,-23.2,99.68,15.73,20.93,17.16,17.99,-3.73,5.3487,5.1186,5.2836,5.2463,6.4297,14230303,1255,2026-09-25,47.54,230215771.0
NASDAQ:CPIX,CPIX,Cumberland Pharmaceuticals Inc.,Healthcare,Drug Manufacturers - Specialty & Generic,United States,NASDAQ,114021444.0,7.61,55.04,55.45,9,82.0,3116,False,-15.16,416.51,75.93,96.32,135.06,192.56,224.33,4.3255,3.8764,3.2374,2.6012,2.3464,366703,1255,2026-09-25,61.52,14983107.0
NYSE:ECL,ECL,Ecolab Inc.,Basic Materials,Specialty Chemicals,United States,NYSE,78658967434.0,279.49,55.05,53.2,9,82.1,3117,True,-8.63,14.35,2.75,3.3,6.93,14.55,25.71,271.9994,270.552,261.369,243.9937,222.3237,328947465,1255,2026-09-25,48.44,281437502.0
NYSE:NEU,NEU,NewMarket Corp,Basic Materials,Specialty Chemicals,United States,NYSE,8258740444.0,898.04,55.06,55.86,9,82.1,3118,False,-6.32,55.48,21.92,20.88,34.27,44.66,62.65,736.5687,742.9163,668.8241,620.7801,552.1424,107496556,1255,2026-09-25,52.86,9196406.0
NASDAQ:RXT,RXT,"Rackspace Technology, Inc.",Technology,Software - Infrastructure,United States,NASDAQ,1008017142.0,3.97,55.07,51.64,9,82.1,3119,False,-47.28,870.66,35.9,53.06,76.5,85.31,72.7,2.9213,2.5937,2.2493,2.1424,2.2988,25881687,1255,2026-09-25,60.89,253908600.0
NASDAQ:AEHL,AEHL,Antelope Enterprise Holdings Limited,Industrials,Building Products & Equipment,China,NASDAQ,145987433.0,9.36,55.09,52.13,9,82.2,3120,False,-97.75,164.41,-80.06,-89.65,-97.6,-99.7,-99.91,46.9513,90.4439,389.9438,3097.4991,9935.9243,32796955,1255,2026-09-25,53.98,15596948.0
NYSE:SCCO,SCCO,Southern Copper Corporation,Basic Materials,Copper,United States,NYSE,170136921488.0,203.92,55.09,54.46,9,82.2,3121,True,-7.18,85.05,14.05,21.71,58.42,79.81,104.71,178.7989,167.5513,128.7221,113.4109,99.6134,218767203,1255,2026-09-25,53.13,834331706.0
NYSE:ING,ING,"ING Group, N.V.",Financial Services,Banks - Diversified,Netherlands,NYSE,104444159596.0,36.55,55.1,57.1,9,82.2,3122,False,-1.93,61.34,22.24,27.31,55.83,81.39,107.0,29.9007,28.7102,23.4553,20.1498,17.6573,63988901,1255,2026-09-25,51.04,2857569346.0
NASDAQ:DRH,DRH,Diamondrock Hospitality Company,Real Estate,REIT - Hotel & Motel,United States,NASDAQ,2555524956.0,12.49,55.12,53.29,9,82.2,3123,False,-6.65,71.63,16.57,22.91,38.97,44.83,49.77,10.7144,10.1619,8.9872,8.6241,8.3396,35760941,1255,2026-09-25,52.93,204605681.0
NASDAQ:MARA,MARA,"MARA Holdings, Inc.",Financial Services,Capital Markets,United States,NASDAQ,4784944813.0,12.55,55.12,53.94,9,82.2,3124,False,-45.05,86.48,14.37,3.96,-13.22,-19.13,-10.9,10.9734,12.0719,14.4615,15.5194,14.085,550165627,1255,2026-09-25,58.32,381270503.0
NYSE:QGEN,QGEN,Qiagen N.V.,Healthcare,Diagnostics & Research,Netherlands,NYSE,9112125000.0,44.18,55.14,55.12,9,82.3,3125,False,-19.91,36.62,4.64,2.78,2.0,3.03,1.54,42.219,42.9869,43.3146,42.8816,43.5083,74198704,1255,2026-09-25,57.4,206250000.0
NASDAQ:ATII,ATII,Archimedes Tech SPAC Partners II Co.,Financial Services,Shell Companies,United States,NASDAQ,316317100.0,10.69,55.15,50.87,9,82.3,3126,False,-6.06,4.7,0.36,0.99,,,,10.6511,10.5849,,,,3537865,372,2026-09-25,53.83,29590000.0
NASDAQ:BVS,BVS,Bioventus Inc.,Healthcare,Medical Devices,United States,NASDAQ,935600543.0,13.81,55.17,55.0,9,82.3,3127,True,-9.5,112.14,36.42,45.52,48.92,71.93,103.27,10.1233,9.4901,9.2737,8.0321,6.7938,6708412,1255,2026-09-25,51.28,67748048.0
AMEX:NHC,NHC,National HealthCare Corporation,Healthcare,Medical Care Facilities,United States,AMEX,3551281578.0,227.36,55.18,54.52,9,82.4,3128,True,-3.97,95.92,24.93,33.69,65.82,85.93,115.24,181.9828,170.0666,137.1122,122.2808,105.6327,24454542,1255,2026-09-25,47.39,15619641.0
NYSE:SHO,SHO,"Sunstone Hotel Investors, Inc. Sunstone Hotel Investors, Inc.",Real Estate,REIT - Hotel & Motel,United States,NYSE,2084599311.0,11.19,55.19,52.09,9,82.4,3129,False,-5.57,30.59,10.52,13.22,16.07,16.86,18.96,10.125,9.8831,9.6405,9.5757,9.4063,24796813,1255,2026-09-25,52.61,186291270.0
NASDAQ:GIBO,GIBO,GIBO Holdings Limited,Communication Services,Internet Content & Information,Hong Kong,NASDAQ,80321967.0,33.0,55.2,54.26,9,82.4,3130,False,-56.72,2540.0,-9.35,-19.26,-99.82,-99.89,,36.4056,40.871,18442.2703,29852.962,,814664,778,2026-09-25,55.2,2433999.0
NYSE:PSX,PSX,Phillips 66,Energy,Oil & Gas Refining & Marketing,United States,NYSE,102539131365.0,255.75,55.2,59.97,9,82.4,3131,False,-6.73,107.73,42.52,50.8,78.62,86.31,103.64,179.4502,169.5939,143.1823,137.2694,125.5889,886169068,1255,2026-09-25,55.34,400935020.0
NASDAQ:SY,SY,So-Young International Inc. - American Depository Shares,Healthcare,Health Information Services,China,NASDAQ,228907004.0,2.7,55.21,56.94,9,82.5,3132,False,-39.6,104.55,5.27,-1.46,21.32,48.7,54.26,2.5649,2.7401,2.2256,1.8157,1.7503,3349703,1255,2026-09-25,55.21,84780372.0
NASDAQ:AIIR,AIIR,Air Global PLC,Consumer Defensive,Tobacco,United Arab Emirates,NASDAQ,1222145907.0,7.62,55.23,53.81,9,82.5,3133,True,-49.2,35.47,-14.15,-17.14,,,,8.8764,9.196,,,,37020,315,2026-09-25,52.78,160386602.0
NYSE:GFF,GFF,Griffon Corporation,Industrials,Building Products & Equipment,United States,NYSE,4512817824.0,98.39,55.23,53.54,9,82.5,3134,True,-8.03,48.83,13.43,17.19,26.15,37.24,58.59,86.7375,83.9554,77.9942,71.6941,62.0392,32085180,1255,2026-09-25,50.38,45866631.0
NYSE:AKO.B,AKO-B,Embotelladora Andina S.A.,Consumer Defensive,Beverages - Non-Alcoholic,Chile,NYSE,2421622662.0,30.7,55.26,54.19,9,82.5,3135,True,-4.16,45.17,8.15,11.24,27.47,47.95,66.57,28.3875,27.5977,24.0837,20.7509,18.4304,514408,1255,2026-09-25,52.33,78880217.0
NASDAQ:BPRN,BPRN,"Princeton Bancorp, Inc.",Financial Services,Banks - Regional,United States,NASDAQ,295672022.0,43.41,55.29,57.07,9,82.6,3136,False,-1.07,51.56,17.97,21.97,30.18,35.11,41.08,36.7962,35.5909,33.3459,32.1289,30.7705,1205028,1255,2026-09-25,53.47,6811150.0
NASDAQ:NVDA,NVDA,NVIDIA Corporation,Technology,Semiconductors,United States,NASDAQ,5451420470000.0,225.07,55.3,54.62,9,82.6,3137,True,-4.31,36.58,13.03,14.53,33.74,61.13,101.59,199.1272,196.5094,168.289,139.6788,111.646,25725724837,1255,2026-09-25,54.84,24221000000.0
NASDAQ:TSLA,TSLA,"Tesla, Inc.",Consumer Cyclical,Auto Manufacturers,United States,NASDAQ,1469666080781.0,372.11,55.31,53.55,9,82.6,3138,False,-24.04,24.74,-5.94,-7.84,2.48,19.36,30.31,395.622,403.7628,363.0914,311.7528,285.5506,14504079465,1255,2026-09-25,59.14,3949547394.0
NASDAQ:AAL,AAL,"American Airlines Group, Inc.",Industrials,Airlines,United States,NASDAQ,9181523220.0,13.87,55.32,50.56,9,82.6,3139,False,-23.58,36.25,-0.15,1.61,3.75,5.48,2.26,13.8915,13.6505,13.3686,13.1494,13.5635,932218508,1255,2026-09-25,46.9,661969951.0
NYSE:HVT,HVT,"Haverty Furniture Companies, Inc.",Consumer Cyclical,Home Improvement Retail,United States,NYSE,416046287.0,27.95,55.33,55.78,9,82.7,3140,False,-2.76,47.82,16.24,19.55,28.53,20.54,18.35,24.045,23.38,21.7467,23.1873,23.6155,3652290,1255,2026-09-25,53.22,14885377.0
NASDAQ:BYFC,BYFC,Broadway Financial Corporation,Financial Services,Banks - Regional,United States,NASDAQ,73552087.0,11.91,55.34,58.39,9,82.7,3141,False,-3.25,108.95,30.99,38.61,51.67,64.58,58.71,9.0924,8.5922,7.8526,7.2367,7.5044,25448,1255,2026-09-25,55.34,6175658.0
NASDAQ:LINK,LINK,"Interlink Electronics, Inc.",Technology,Electronic Components,United States,NASDAQ,87412539.0,5.55,55.34,54.76,9,82.7,3142,True,-42.03,101.82,37.48,25.62,28.01,30.59,31.94,4.0371,4.4179,4.3356,4.2498,4.2065,153236,1255,2026-09-25,48.21,15750007.0
NYSE:SPCE,SPCE,"Virgin Galactic Holdings, Inc.",Industrials,Aerospace & Defense,United States,NYSE,410033907.0,3.19,55.34,53.62,9,82.7,3143,False,-57.58,47.0,6.65,0.5,-16.07,-71.25,-89.2,2.9911,3.1742,3.8007,11.0966,29.5235,18134679,1255,2026-09-25,55.79,128537275.0
NYSE:DINO,DINO,HF Sinclair Corporation,Energy,Oil & Gas Refining & Marketing,United States,NYSE,18990870750.0,106.82,55.37,59.02,9,82.8,3144,True,-8.4,138.28,54.87,63.51,108.33,111.88,117.81,68.9757,65.331,51.2745,50.4158,49.0431,314717093,1255,2026-09-25,53.52,177783849.0
NASDAQ:HBT,HBT,"HBT Financial, Inc.",Financial Services,Banks - Regional,United States,NASDAQ,1318253435.0,36.25,55.37,56.66,9,82.8,3145,False,-2.61,62.15,22.1,27.54,41.92,56.96,67.61,29.6889,28.4234,25.5429,23.0944,21.6272,4526206,1255,2026-09-25,49.49,36365612.0
NYSE:MDA,MDA,MDA Space Ltd.,Industrials,Aerospace & Defense,Canada,NYSE,5098833750.0,31.49,55.37,51.02,9,82.8,3146,True,-35.31,33.38,,,,,,,,,,,38692772,137,2026-09-25,55.31,161919141.0
NASDAQ:LECO,LECO,"Lincoln Electric Holdings, Inc.",Industrials,Tools & Accessories,United States,NASDAQ,14809214177.0,271.7,55.39,52.85,9,82.9,3147,False,-8.53,24.32,3.48,6.0,18.69,23.53,32.84,262.5724,256.3173,228.9079,219.9441,204.5313,115166983,1255,2026-09-25,50.13,54505757.0
NASDAQ:RXRX,RXRX,"Recursion Pharmaceuticals, Inc.",Healthcare,Biotechnology,United States,NASDAQ,1962295215.0,3.74,55.39,54.86,9,82.9,3148,False,-44.92,31.69,4.3,-4.15,-25.01,-39.37,-45.19,3.5857,3.902,4.9874,6.1688,6.8239,70090537,1255,2026-09-25,59.4,524677865.0
NASDAQ:STLN,STLN,"Starling Oncology, Inc.",Healthcare,Medical Care Facilities,United States,NASDAQ,678761326.0,6.66,55.4,55.98,9,82.9,3149,True,-5.53,179.25,53.5,58.06,125.74,179.59,207.14,4.3388,4.2137,2.9504,2.3821,2.1684,8670061,1255,2026-09-25,52.74,101916115.0
NYSE:MX,MX,Magnachip Semiconductor Corporation,Technology,Semiconductors,South Korea,NYSE,120483366.0,3.3,55.41,49.55,9,82.9,3150,True,-63.05,45.37,-9.18,-4.9,-9.92,-25.59,-42.37,3.6335,3.47,3.6636,4.4348,5.7258,2524364,1255,2026-09-25,50.74,36510111.0
NYSE:VLTO,VLTO,Veralto Corp,Industrials,Pollution & Treatment Controls,United States,NYSE,23682085436.0,97.14,55.43,54.41,9,83.0,3151,False,-8.95,18.31,4.55,2.65,-1.0,,,92.9158,94.6356,98.1246,,,171325728,747,2026-09-25,51.22,243793344.0
NASDAQ:PLAB,PLAB,"Photronics, Inc.",Technology,Semiconductor Equipment & Materials,United States,NASDAQ,1792496419.0,30.4,55.44,51.54,9,83.0,3152,True,-44.69,49.9,-15.54,-8.79,10.36,12.95,21.94,35.9931,33.3295,27.547,26.9148,24.9301,32166582,1255,2026-09-25,52.26,58963698.0
NYSE:WNC,WNC,Wabash National Corporation,Industrials,Farm & Heavy Construction Machinery,United States,NYSE,530805364.0,13.03,55.46,54.05,9,83.0,3153,True,-8.94,93.64,26.15,31.07,15.12,-12.04,-21.4,10.3292,9.9413,11.319,14.8131,16.577,9266514,1255,2026-09-25,40.45,40737173.0
NASDAQ:FDBC,FDBC,"Fidelity D & D Bancorp, Inc.",Financial Services,Banks - Regional,United States,NASDAQ,323766793.0,55.74,55.5,55.58,9,83.0,3154,False,-1.73,39.99,17.59,20.29,24.67,24.78,27.61,47.4003,46.3389,44.7085,44.6711,43.68,661256,1255,2026-09-25,51.47,5808518.0
NASDAQ:GIW,GIW,GigCapital8 Corp.,Financial Services,Shell Companies,United States,NASDAQ,260681470.0,10.16,55.51,57.98,9,83.1,3155,False,-0.1,2.94,1.28,,,,,10.0316,,,,,742091,230,2026-09-25,59.6,25657625.0
NASDAQ:MTSI,MTSI,"MACOM Technology Solutions Holdings, Inc.",Technology,Semiconductors,United States,NASDAQ,21787784181.0,285.57,55.52,52.08,9,83.1,3156,False,-30.29,133.73,5.57,16.2,54.55,84.94,116.11,270.5023,245.7572,184.7791,154.4119,132.1398,354382312,1255,2026-09-25,55.27,76295774.0
NASDAQ:NBIS,NBIS,Nebius Group N.V.,Communication Services,Internet Content & Information,Netherlands,NASDAQ,52309029790.0,237.33,55.55,53.9,9,83.1,3157,False,-17.22,221.28,44.62,55.35,,,,164.1041,152.7691,,,,3396390975,484,2026-09-25,58.3,220406311.0
NASDAQ:ACRV,ACRV,"Acrivon Therapeutics, Inc.",Healthcare,Biotechnology,United States,NASDAQ,89883631.0,2.1,55.58,54.9,9,83.2,3158,False,-30.23,62.79,14.79,11.84,-28.12,-49.17,,1.8294,1.8777,2.9217,4.1315,,627320,968,2026-09-25,56.61,42801729.0
AMEX:PAAI,PAAI,"Paradium.AI, Inc.",Communication Services,Internet Content & Information,United States,AMEX,83318643.0,1.75,55.58,54.76,9,83.2,3159,False,-73.16,116.05,-21.63,-36.31,-42.53,-32.69,-54.07,2.233,2.7478,3.0449,2.5998,3.8101,12153672,1255,2026-09-25,55.71,47610653.0
NASDAQ:CRON,CRON,Cronos Group Inc.,Healthcare,Drug Manufacturers - Specialty & Generic,Canada,NASDAQ,1248031210.0,3.34,55.59,56.65,9,83.2,3160,True,-5.92,45.22,19.65,22.12,39.27,42.47,43.6,2.7914,2.735,2.3982,2.3444,2.326,2719444,1255,2026-09-25,54.34,373662039.0
NYSE:MET,MET,"MetLife, Inc.",Financial Services,Insurance - Life,United States,NYSE,62863773308.0,97.7,55.6,55.93,9,83.2,3161,False,-2.25,46.32,18.29,20.01,23.2,31.44,39.22,82.593,81.4069,79.3037,74.3285,70.1754,298362722,1255,2026-09-25,53.71,643436779.0
NYSE:DLX,DLX,Deluxe Corporation,Industrials,Conglomerates,United States,NYSE,1113926204.0,24.33,55.61,52.39,9,83.3,3162,False,-21.79,42.86,-2.05,3.41,20.32,26.02,34.57,24.8394,23.5278,20.2204,19.3059,18.0792,10578585,1255,2026-09-25,55.17,45784061.0
NASDAQ:PSNL,PSNL,"Personalis, Inc.",Healthcare,Diagnostics & Research,United States,NASDAQ,1757119501.0,16.46,55.64,57.16,9,83.3,3163,False,-10.45,226.59,59.07,64.64,120.79,192.01,240.97,10.3477,9.9976,7.4551,5.6369,4.8275,39654402,1255,2026-09-25,57.41,106750881.0
NASDAQ:GLBE,GLBE,Global-E Online Ltd.,Consumer Cyclical,Internet Retail,Israel,NASDAQ,6747250096.0,40.17,55.66,54.65,9,83.3,3164,False,-5.17,45.86,12.97,12.51,5.45,8.26,13.27,35.5589,35.7049,38.0933,37.1061,35.4626,60835451,1255,2026-09-25,59.44,167967391.0
NASDAQ:WLTH,WLTH,Wealthfront Corporation,Technology,Software - Application,United States,NASDAQ,1520497179.0,10.18,55.67,54.88,9,83.3,3165,False,-27.03,41.39,,,,,,,,,,,37854264,196,2026-09-25,55.86,149361216.0
NASDAQ:NXPI,NXPI,NXP Semiconductors N.V.,Technology,Semiconductors,Netherlands,NASDAQ,60035246546.0,238.08,55.68,51.51,9,83.4,3166,True,-27.87,31.54,-2.21,0.81,6.8,6.67,13.75,243.4619,236.1774,222.9238,223.1831,209.3095,826020495,1255,2026-09-25,49.68,252164174.0
NASDAQ:CRDF,CRDF,"Cardiff Oncology, Inc.",Healthcare,Biotechnology,United States,NASDAQ,96466108.0,1.24,55.71,55.31,9,83.4,3167,False,-61.37,53.09,-25.2,-29.87,-50.27,-50.09,-45.3,1.6578,1.7681,2.4935,2.4847,2.2668,1107713,1255,2026-09-25,60.24,77795248.0
NASDAQ:ENGN,ENGN,enGene Therapeutics Inc.,Healthcare,Biotechnology,Canada,NASDAQ,131299353.0,1.96,55.72,52.29,9,83.4,3168,True,-83.89,36.11,-62.57,-65.87,-65.37,-73.43,-75.96,5.2366,5.7433,5.6591,7.3776,8.1538,1366765,1167,2026-09-25,52.84,66989466.0
NASDAQ:ALMR,ALMR,"Alamar Biosciences, Inc.",Healthcare,Medical Devices,United States,NASDAQ,2273406901.0,32.8,55.73,55.61,9,83.5,3169,False,-10.31,71.82,,,,,,,,,,,13701566,112,2026-09-25,57.27,69311186.0
NASDAQ:MFIN,MFIN,Medallion Financial Corp.,Financial Services,Credit Services,United States,NASDAQ,275578074.0,11.96,55.73,58.22,9,83.5,3170,False,-2.13,53.38,20.63,21.9,29.8,39.66,49.34,9.9142,9.8115,9.2139,8.5638,8.0083,814910,1255,2026-09-25,52.88,23041645.0
NASDAQ:AMAT,AMAT,"Applied Materials, Inc.",Technology,Semiconductor Equipment & Materials,United States,NASDAQ,385070323550.0,485.0,55.74,51.32,9,83.5,3171,True,-32.85,144.33,15.28,27.23,75.74,98.17,128.48,420.7012,381.2101,275.9706,244.7453,212.273,2867288104,1255,2026-09-25,52.51,793959430.0
NYSE:AMTB,AMTB,Amerant Bancorp Inc.,Financial Services,Banks - Regional,United States,NYSE,1137512066.0,29.57,55.75,56.86,9,83.5,3172,False,-3.0,79.95,23.8,30.5,37.96,39.27,38.09,23.8858,22.6582,21.4334,21.2316,21.413,10370366,1255,2026-09-25,52.88,38468450.0
NASDAQ:CLFD,CLFD,"Clearfield, Inc.",Technology,Communication Equipment,United States,NASDAQ,422224522.0,31.07,55.75,52.35,9,83.5,3173,True,-39.39,19.5,-3.84,-4.3,-7.57,-6.13,-24.39,32.3107,32.4662,33.6142,33.0978,41.0925,4286546,1255,2026-09-25,53.25,13589460.0
NASDAQ:RDNW,RDNW,"RideNow Group, Inc.",Consumer Cyclical,Auto & Truck Dealerships,United States,NASDAQ,233535287.0,6.06,55.75,51.1,9,83.5,3174,False,-26.63,86.46,-5.44,1.23,24.01,16.98,-3.3,6.4086,5.9862,4.8866,5.1802,6.2667,386295,1255,2026-09-25,56.61,38537176.0
NASDAQ:INVZ,INVZ,Innoviz Technologies Ltd.,Consumer Cyclical,Auto Parts,Israel,NASDAQ,85225654.0,0.385,55.76,49.52,9,83.6,3175,True,-83.82,27.06,-46.15,-58.55,-62.44,-66.46,-78.64,0.715,0.9288,1.0251,1.1478,1.8026,1031239,1255,2026-09-25,53.26,221365334.0
NASDAQ:GRPN,GRPN,"Groupon, Inc.",Communication Services,Internet Content & Information,United States,NASDAQ,809058774.0,21.3,55.78,52.36,9,83.6,3176,False,-25.47,120.95,21.54,18.48,14.78,26.15,47.44,17.5251,17.9775,18.5567,16.8847,14.447,23131616,1255,2026-09-25,53.73,37983980.0
NASDAQ:TTMI,TTMI,"TTM Technologies, Inc.",Technology,Electronic Components,United States,NASDAQ,13414312121.0,129.17,55.82,51.6,9,83.6,3177,False,-41.68,141.08,4.17,16.02,83.22,146.58,201.77,123.9946,111.339,70.4984,52.3844,42.8039,213290008,1255,2026-09-25,53.92,103850059.0
NASDAQ:ALNY,ALNY,"Alnylam Pharmaceuticals, Inc.",Healthcare,Biotechnology,United States,NASDAQ,34249781843.0,255.96,55.85,52.64,9,83.7,3178,False,-47.89,24.57,-16.61,-24.21,-19.58,-6.75,-0.36,306.9521,337.7434,318.2942,274.4912,256.8856,396398144,1255,2026-09-25,51.92,133809118.0
AMEX:SBMT,SBMT,Silver Bow Mining Corp.,Basic Materials,Other Industrial Metals & Mining,United States,AMEX,249811110.0,8.46,55.85,54.54,9,83.7,3179,True,-21.3,37.56,,,,,,,,,,,595553,103,2026-09-25,50.41,29528500.0
AMEX:TMP,TMP,Tompkins Financial Corporation,Financial Services,Banks - Regional,United States,AMEX,1432105851.0,99.57,55.86,55.3,9,83.7,3180,False,-1.62,65.72,16.94,23.02,38.82,56.67,59.92,85.1453,80.936,71.7234,63.5526,62.2639,11880576,1255,2026-09-25,50.69,14382905.0
NYSE:GAP,GAP,"Gap, Inc. (The)",Consumer Cyclical,Apparel Retail,United States,NYSE,7854740318.0,21.82,55.88,54.38,9,83.8,3181,False,-23.86,18.91,-6.56,-6.06,-2.09,2.99,19.42,23.3523,23.2283,22.2847,21.1862,18.2712,168396354,1255,2026-09-25,54.91,359978933.0
NASDAQ:SYNA,SYNA,Synaptics Incorporated,Technology,Semiconductors,United States,NASDAQ,4012518079.0,102.72,55.88,51.58,9,83.8,3182,True,-30.39,75.53,4.68,11.64,27.64,20.96,16.82,98.1277,92.0104,80.4785,84.9214,87.9316,61559277,1255,2026-09-25,48.33,39062676.0
NASDAQ:CVLT,CVLT,"Commvault Systems, Inc.",Technology,Software - Application,United States,NASDAQ,6031841845.0,145.54,55.91,55.13,9,83.8,3183,False,-24.6,93.59,26.71,19.32,0.22,11.65,27.97,114.8587,121.9766,145.2198,130.3558,113.7287,77211049,1255,2026-09-25,62.39,41444564.0
NASDAQ:ROST,ROST,"Ross Stores, Inc.",Consumer Cyclical,Apparel Retail,United States,NASDAQ,75742827665.0,236.12,55.91,53.17,9,83.8,3184,False,-7.31,61.18,9.41,15.6,37.11,48.08,62.24,215.8085,204.2569,172.2091,159.4506,145.5375,464481388,1255,2026-09-25,54.95,320781076.0
NASDAQ:ACLS,ACLS,"Axcelis Technologies, Inc.",Technology,Semiconductor Equipment & Materials,United States,NASDAQ,3783650060.0,123.11,55.92,50.86,9,83.9,3185,True,-35.75,66.1,3.66,10.2,34.33,20.3,14.34,118.7672,111.7153,91.6508,102.34,107.6729,38775670,1255,2026-09-25,48.65,30733897.0
NASDAQ:TRMD,TRMD,TORM plc,Energy,Oil & Gas Midstream,United Kingdom,NASDAQ,3513239490.0,34.32,55.92,58.34,9,83.9,3186,True,-10.23,104.05,31.81,39.98,66.6,59.3,71.66,26.0371,24.5175,20.6001,21.5447,19.9929,67607124,1255,2026-09-25,55.83,102367118.0
NYSE:HUM,HUM,Humana Inc.,Healthcare,Healthcare Plans,United States,NYSE,47783556962.0,397.93,55.95,55.05,9,83.9,3187,False,-2.9,144.94,37.52,40.52,46.82,28.96,13.32,289.3515,283.1901,271.0236,308.5772,351.1694,380374821,1255,2026-09-25,44.71,120080308.0
NASDAQ:PI,PI,"Impinj, Inc.",Technology,Semiconductors,United States,NASDAQ,5447240750.0,178.28,55.97,56.44,9,83.9,3188,True,-26.3,95.18,24.41,17.84,21.75,29.55,38.41,143.296,151.2899,146.433,137.6132,128.8024,71935696,1255,2026-09-25,54.36,30554413.0
NYSE:CLDT,CLDT,Chatham Lodging Trust (REIT) Common Shares of Beneficial Interest,Real Estate,REIT - Hotel & Motel,United States,NYSE,623194287.0,13.35,55.99,54.83,9,84.0,3189,False,-3.19,121.58,34.19,45.03,61.24,59.37,53.34,9.9487,9.205,8.2797,8.3768,8.706,3550519,1255,2026-09-25,57.32,46681220.0
NASDAQ:FSBW,FSBW,"FS Bancorp, Inc.",Financial Services,Banks - Regional,United States,NASDAQ,327574466.0,44.18,56.0,55.09,9,84.0,3190,False,-1.75,21.5,6.95,8.48,10.61,18.21,26.12,41.3109,40.7245,39.9411,37.3727,35.0303,1206957,1255,2026-09-25,56.81,7414542.0
NASDAQ:FAST,FAST,Fastenal Company,Industrials,Industrial Distribution,United States,NASDAQ,57868302606.0,50.43,56.04,55.27,9,84.0,3191,False,-3.72,30.93,10.42,12.31,19.27,30.59,44.01,45.6709,44.9042,42.2821,38.6181,35.0185,334229045,1255,2026-09-25,58.83,1147497573.0
NYSE:YEXT,YEXT,"Yext, Inc.",Technology,Software - Infrastructure,United States,NYSE,648605311.0,6.47,56.04,57.39,9,84.0,3192,False,-27.06,93.71,17.72,5.87,-3.4,1.41,-3.66,5.4963,6.1112,6.6978,6.3802,6.7161,8207031,1255,2026-09-25,56.04,100248116.0
NYSE:ENR,ENR,"Energizer Holdings, Inc.",Industrials,Electrical Equipment & Parts,United States,NYSE,1506416670.0,22.0,56.05,54.79,9,84.1,3193,False,-9.61,39.98,11.75,9.9,-6.1,-10.31,-13.63,19.6865,20.0177,23.4297,24.5293,25.472,20339195,1255,2026-09-25,58.2,68473485.0
NASDAQ:SFNC,SFNC,Simmons First National Corporation,Financial Services,Banks - Regional,United States,NASDAQ,3355398857.0,23.23,56.06,54.49,9,84.1,3194,False,-2.79,40.25,11.08,14.81,16.51,23.83,26.72,20.9129,20.2331,19.9388,18.76,18.3317,31416972,1255,2026-09-25,53.39,144442482.0
NYSE:XFLT,XFLT,XAI Floating Rate & Alternative Income Trust Common Shares of Beneficial Interest,Financial Services,Asset Management,United States,NYSE,293499135.0,19.27,56.06,58.33,9,84.1,3195,False,-14.52,35.89,7.0,3.33,-9.6,-13.14,-10.25,18.0098,18.6498,21.3158,22.1844,21.4708,1375214,1255,2026-09-25,59.27,15230884.0
NYSE:CBNA,CBNA,"Chain Bridge Bancorp, Inc.",Financial Services,Banks - Regional,United States,NYSE,160792016.0,47.76,56.07,56.6,9,84.2,3196,True,-3.14,64.01,23.13,28.3,,,,38.7891,37.2266,,,,970027,495,2026-09-25,54.31,3366667.0
NYSE:HLF,HLF,Herbalife Ltd.,Consumer Defensive,Packaged Foods,United States,NYSE,1301051171.0,12.55,56.07,53.18,9,84.2,3197,False,-37.12,61.94,-11.02,-4.54,19.58,17.3,3.91,14.1048,13.1469,10.4949,10.6991,12.0775,21781185,1255,2026-09-25,51.44,103669416.0
NYSE:SITC,SITC,SITE Centers Corp.,Real Estate,REIT - Retail,United States,NYSE,160573114.0,3.06,56.09,50.68,9,84.2,3198,False,-41.72,8.9,-23.71,-27.1,-35.62,-40.62,-39.12,4.0113,4.1978,4.7534,5.1534,5.026,2991978,1255,2026-09-25,53.16,52474874.0
NASDAQ:EXEL,EXEL,"Exelixis, Inc.",Healthcare,Biotechnology,United States,NASDAQ,14410983207.0,58.16,56.1,55.61,9,84.2,3199,False,-1.64,68.38,19.54,23.77,38.9,63.98,86.55,48.6516,46.9904,41.8722,35.4679,31.1773,125424365,1255,2026-09-25,55.35,247781692.0
NYSE:RGA,RGA,"Reinsurance Group of America, Incorporated",Financial Services,Insurance - Reinsurance,United States,NYSE,16289847980.0,248.65,56.11,56.9,9,84.3,3200,True,-2.84,39.38,14.97,18.26,21.78,27.63,38.9,216.2722,210.2593,204.1814,194.818,179.0146,79854149,1255,2026-09-25,49.44,65513163.0
NASDAQ:NTCT,NTCT,"NetScout Systems, Inc.",Technology,Software - Infrastructure,United States,NASDAQ,2867358874.0,39.44,56.16,52.77,9,84.3,3201,True,-12.04,54.85,13.15,18.86,41.84,54.29,46.88,34.855,33.1817,27.8068,25.5616,26.8526,25547577,1255,2026-09-25,54.8,72701797.0
NASDAQ:GLSI,GLSI,"Greenwich LifeSciences, Inc.",Healthcare,Biotechnology,United States,NASDAQ,267436950.0,18.22,56.17,53.73,9,84.3,3202,False,-45.72,132.1,-16.1,-4.85,18.2,25.29,31.12,21.7161,19.1483,15.4144,14.5427,13.8954,2191121,1255,2026-09-25,55.66,14678208.0
NASDAQ:IVVD,IVVD,"Invivyd, Inc.",Healthcare,Biotechnology,United States,NASDAQ,275163360.0,0.934,56.17,54.55,9,84.3,3203,True,-67.57,74.58,-32.71,-37.29,-19.08,-39.48,-42.98,1.388,1.4895,1.1542,1.5433,1.6379,4563430,1255,2026-09-25,54.78,294607452.0
NYSE:IEX,IEX,IDEX Corporation,Industrials,Specialty Industrial Machinery,United States,NYSE,16961473672.0,230.08,56.18,53.86,9,84.4,3204,True,-4.34,46.6,10.28,15.14,18.7,16.58,14.88,208.638,199.8219,193.8346,197.3498,200.2757,125328069,1255,2026-09-25,53.58,73719896.0
NASDAQ:AVO,AVO,"Mission Produce, Inc.",Consumer Defensive,Food Distribution,United States,NASDAQ,1160522264.0,13.14,56.23,54.17,9,84.4,3205,False,-14.34,29.97,1.87,3.53,6.55,11.97,10.1,12.8982,12.6919,12.3319,11.735,11.9344,11050373,1255,2026-09-25,53.06,88319807.0
NASDAQ:CV,CV,"CapsoVision, Inc.",Healthcare,Medical Devices,United States,NASDAQ,332257847.0,6.65,56.23,53.76,9,84.4,3206,False,-53.88,49.1,-2.61,2.8,,,,6.8283,6.4691,,,,1715052,311,2026-09-25,47.87,49963586.0
NASDAQ:LFUS,LFUS,"Littelfuse, Inc.",Technology,Electronic Components,United States,NASDAQ,10901650187.0,429.22,56.23,52.97,9,84.4,3207,True,-12.07,83.75,12.55,21.05,47.21,56.53,61.19,381.3503,354.5917,291.5643,274.2167,266.2835,78891062,1255,2026-09-25,52.42,25398747.0
NASDAQ:LRCX,LRCX,Lam Research Corporation,Technology,Semiconductor Equipment & Materials,United States,NASDAQ,394415338380.0,315.21,56.31,52.85,9,84.5,3208,True,-27.18,147.14,16.54,28.48,91.75,129.96,172.89,270.467,245.3365,164.3863,137.0696,115.5095,2734913181,1255,2026-09-25,53.06,1251278000.0
NASDAQ:ZSQR,ZSQR,Z Squared Inc.,Technology,Software - Infrastructure,United States,NASDAQ,199335650.0,3.78,56.32,48.18,9,84.5,3209,False,-79.89,65.07,-63.09,-66.84,-62.13,-63.63,-81.61,10.241,11.3987,9.9805,10.3928,20.5562,1285632,1255,2026-09-25,55.37,52734299.0
NASDAQ:SCSC,SCSC,"ScanSource, Inc.",Technology,Electronics & Computer Distribution,United States,NASDAQ,1184920041.0,58.3,56.33,56.18,9,84.5,3210,True,-1.0,70.12,28.42,30.62,33.72,36.25,47.45,45.3992,44.6334,43.5969,42.7897,39.539,15369905,1255,2026-09-25,55.49,20324529.0
NASDAQ:TITN,TITN,Titan Machinery Inc.,Industrials,Industrial Distribution,United States,NASDAQ,547368208.0,23.49,56.33,56.75,9,84.5,3211,True,-10.41,66.01,23.13,27.02,31.79,21.73,2.32,19.0779,18.4936,17.8241,19.297,22.9583,7403867,1255,2026-09-25,56.27,23302180.0
AMEX:PLX,PLX,"Protalix BioTherapeutics, Inc. (DE)",Healthcare,Biotechnology,United States,AMEX,219154866.0,2.72,56.36,57.23,9,84.6,3212,False,-13.65,62.87,17.69,19.6,32.33,49.89,51.61,2.3112,2.2743,2.0554,1.8146,1.7941,1878210,1255,2026-09-25,58.81,80571642.0
NASDAQ:PENG,PENG,"Penguin Solutions, Inc.",Technology,Information Technology Services,United States,NASDAQ,2880864538.0,56.22,56.39,53.08,9,84.6,3213,True,-30.93,246.18,44.69,58.8,102.77,122.17,136.65,38.8554,35.4026,27.726,25.3054,23.7563,74210873,1255,2026-09-25,51.0,51242699.0
NASDAQ:SAIL,SAIL,"SailPoint, Inc.",Technology,Software - Infrastructure,United States,NASDAQ,11706657058.0,20.64,56.39,56.76,9,84.6,3214,False,-12.65,96.76,28.44,20.91,,,,16.0702,17.0711,,,,103133265,406,2026-09-25,66.77,567182997.0
NASDAQ:HURN,HURN,Huron Consulting Group Inc.,Industrials,Consulting Services,United States,NASDAQ,2513473175.0,157.98,56.4,57.5,9,84.7,3215,True,-14.87,75.22,13.93,10.75,15.19,26.47,39.05,138.6614,142.6394,137.1528,124.9165,113.6101,36412902,1255,2026-09-25,55.96,15910072.0
NASDAQ:INKT,INKT,"MiNK Therapeutics, Inc.",Healthcare,Biotechnology,United States,NASDAQ,60679530.0,12.18,56.4,54.9,9,84.7,3216,False,-21.22,42.29,6.63,3.19,13.15,17.36,-5.8,11.4228,11.8031,10.7647,10.3786,12.9301,167904,1241,2026-09-25,58.43,4981899.0
AMEX:MRT,MRT,"Marti Technologies, Inc.",Technology,Software - Application,Turkey,AMEX,184779153.0,2.15,56.4,55.46,9,84.7,3217,False,-18.25,65.38,7.72,3.69,-11.64,6.32,-40.81,1.996,2.0734,2.4333,2.0222,3.6324,112018,1255,2026-09-25,55.46,85943792.0
NASDAQ:NSIT,NSIT,"Insight Enterprises, Inc.",Technology,Electronics & Computer Distribution,United States,NASDAQ,4803328921.0,159.03,56.4,58.68,9,84.7,3218,False,-3.83,146.83,54.82,56.01,24.69,8.77,13.13,102.7167,101.9326,127.537,146.2045,140.5721,57993794,1255,2026-09-25,57.47,30203917.0
NASDAQ:ULBI,ULBI,Ultralife Corporation,Industrials,Electrical Equipment & Parts,United States,NASDAQ,102605081.0,6.16,56.43,52.57,9,84.8,3219,False,-22.52,21.98,-1.89,-2.13,-8.69,-19.1,-11.89,6.2789,6.2938,6.7463,7.6142,6.991,252067,1255,2026-09-25,53.18,16656669.0
NYSE:MPC,MPC,Marathon Petroleum Corporation,Energy,Oil & Gas Refining & Marketing,United States,NYSE,114882904605.0,393.52,56.46,60.64,9,84.8,3220,False,-7.38,144.78,54.25,62.99,100.06,113.24,135.93,255.1199,241.434,196.702,184.5444,166.7929,1242754989,1255,2026-09-25,55.08,291936635.0
NASDAQ:POWW,POWW,Outdoor Holding Company,Industrials,Aerospace & Defense,United States,NASDAQ,266014401.0,2.29,56.47,54.5,9,84.8,3221,False,-10.55,59.03,11.54,16.31,35.48,24.01,18.35,2.0531,1.9688,1.6903,1.8467,1.935,1182311,1255,2026-09-25,60.33,116163494.0
NYSE:UHS,UHS,"Universal Health Services, Inc.",Healthcare,Medical Care Facilities,United States,NYSE,9531021209.0,178.86,56.5,56.67,9,84.8,3222,True,-26.43,26.85,-1.51,-5.36,-4.71,-1.37,6.22,181.5963,188.9922,187.6986,181.3457,168.3869,137961148,1255,2026-09-25,54.16,53287606.0
NASDAQ:BTCS,BTCS,BTCS Inc.,Financial Services,Capital Markets,United States,NASDAQ,76156318.0,1.53,56.53,56.32,9,84.9,3223,False,-74.33,55.96,-12.03,-29.69,-38.4,-27.76,-19.31,1.7393,2.1761,2.4838,2.1178,1.8962,3042612,1255,2026-09-25,62.79,49775371.0
NASDAQ:AMGN,AMGN,Amgen Inc.,Healthcare,Drug Manufacturers - General,United States,NASDAQ,223768447483.0,414.61,56.55,55.41,9,84.9,3224,True,-6.64,57.13,15.68,19.46,32.34,38.13,47.73,358.4033,347.0697,313.2929,300.1675,280.6616,1226232755,1255,2026-09-25,52.11,539708274.0
NASDAQ:CFFI,CFFI,C&F Financial Corporation,Financial Services,Banks - Regional,United States,NASDAQ,304228735.0,93.6,56.57,57.78,9,84.9,3225,False,-2.76,47.14,20.98,24.48,32.79,47.75,56.01,77.3675,75.1941,70.4872,63.3505,59.996,7025025,1255,2026-09-25,54.94,3250307.0
NYSE:DHX,DHX,"DHI Group, Inc.",Technology,Software - Application,United States,NYSE,204328938.0,4.73,56.58,57.0,9,85.0,3226,False,-5.21,215.33,51.81,63.32,86.96,91.43,59.23,3.1157,2.8962,2.53,2.4709,2.9705,1372100,1255,2026-09-25,56.58,43198507.0
NYSE:LAW,LAW,"CS Disco, Inc.",Technology,Software - Application,United States,NYSE,278984666.0,4.35,56.58,54.57,9,85.0,3227,True,-51.18,57.61,-6.2,-13.81,-12.52,-21.24,-29.03,4.6373,5.0469,4.9723,5.5229,6.1295,887243,1255,2026-09-25,52.08,64134406.0
NYSE:CHPT,CHPT,"ChargePoint Holdings, Inc.",Consumer Cyclical,Specialty Retail,United States,NYSE,231265845.0,8.93,56.65,57.81,9,85.0,3228,False,-27.63,98.0,36.36,22.63,-26.26,-59.89,-86.71,6.5488,7.2818,12.1099,22.2611,67.1752,39717029,1255,2026-09-25,57.14,25897631.0
NASDAQ:GPRO,GPRO,"GoPro, Inc.",Technology,Consumer Electronics,United States,NASDAQ,189292741.0,1.29,56.67,57.42,9,85.0,3229,True,-45.11,124.35,24.84,6.28,13.13,-14.85,-44.4,1.0333,1.2138,1.1403,1.515,2.3202,129426591,1255,2026-09-25,55.33,146738559.0
NYSE:BIO,BIO,"Bio-Rad Laboratories, Inc.",Healthcare,Medical Devices,United States,NYSE,8267913360.0,381.0,56.72,59.32,9,85.1,3230,False,-2.39,57.63,24.43,24.01,27.89,25.72,14.84,306.1896,307.2232,297.9017,303.0563,331.7656,102441957,1255,2026-09-25,63.87,21700560.0
AMEX:NEWP,NEWP,New Pacific Metals Corp.,Basic Materials,Silver,Canada,AMEX,1225162440.0,6.62,56.72,56.53,9,85.1,3231,False,-10.66,224.51,39.17,54.38,130.58,170.61,171.9,4.7569,4.2882,2.8711,2.4464,2.4347,5478829,1255,2026-09-25,56.91,185069855.0
NYSE:CPRI,CPRI,Capri Holdings Limited,Consumer Cyclical,Luxury Goods,United Kingdom,NYSE,1733421201.0,15.1,56.74,52.28,9,85.1,3232,False,-45.41,18.8,-20.94,-23.49,-27.55,-46.17,-53.92,19.0999,19.735,20.8415,28.0532,32.7697,86581898,1255,2026-09-25,57.8,114796106.0
NASDAQ:SHOO,SHOO,"Steven Madden, Ltd.",Consumer Cyclical,Footwear & Accessories,United States,NASDAQ,3293229746.0,45.06,56.75,54.2,9,85.1,3233,False,-7.71,45.06,10.29,13.05,25.33,22.57,28.14,40.8568,39.8579,35.9532,36.762,35.166,48743662,1255,2026-09-25,53.62,73085436.0
AMEX:XTNT,XTNT,"Xtant Medical Holdings, Inc.",Healthcare,Medical Devices,United States,AMEX,53299925.0,0.38,56.78,52.51,9,85.2,3234,False,-58.7,22.58,-26.13,-31.53,-31.53,-44.42,-46.09,0.5144,0.555,0.555,0.6837,0.7049,1816215,1255,2026-09-25,56.78,140262960.0
NYSE:NXDR,NXDR,"Nextdoor Holdings, Inc.",Communication Services,Internet Content & Information,United States,NYSE,637270250.0,2.51,56.79,55.7,9,85.2,3235,False,-9.39,84.56,24.73,26.3,24.3,22.37,17.47,2.0124,1.9873,2.0193,2.0512,2.1367,5961646,1225,2026-09-25,51.9,253892530.0
NYSE:IFS,IFS,Intercorp Financial Services Inc.,Financial Services,Banks - Regional,Peru,NYSE,6247835944.0,56.25,56.83,53.69,9,85.2,3236,False,-7.3,52.08,13.2,18.37,43.28,70.19,88.64,49.6895,47.5197,39.2589,33.052,29.8179,11140531,1255,2026-09-25,50.8,111072639.0
NASDAQ:MNRO,MNRO,"Monro, Inc.",Consumer Cyclical,Auto Parts,United States,NASDAQ,429568184.0,13.74,56.83,53.27,9,85.2,3237,False,-39.19,24.63,-15.85,-16.11,-19.18,-28.87,-42.03,16.328,16.3793,17.0015,19.3176,23.6999,12634382,1255,2026-09-25,59.37,31264060.0
NASDAQ:TELO,TELO,"Telomir Pharmaceuticals, Inc.",Healthcare,Biotechnology,United States,NASDAQ,84593196.0,1.23,56.86,54.27,9,85.3,3238,True,-36.27,33.84,-2.58,-5.48,-46.85,,,1.2625,1.3013,2.3142,,,84672,659,2026-09-25,54.42,68774956.0
NYSE:AMWL,AMWL,American Well Corporation,Healthcare,Health Information Services,United States,NYSE,202271755.0,13.43,56.88,57.46,9,85.3,3239,False,-3.17,255.29,70.18,84.08,71.87,25.75,-38.32,7.8916,7.2958,7.8139,10.6795,21.7743,1369601,1255,2026-09-25,57.43,15061188.0
NASDAQ:COIN,COIN,"Coinbase Global, Inc.",Financial Services,Financial Data & Stock Exchanges,United States,NASDAQ,43471099574.0,195.11,56.89,55.98,9,85.3,3240,False,-49.62,38.29,4.11,-8.72,-18.46,-10.73,8.46,187.4031,213.7435,239.2869,218.5518,179.8965,1861897028,1255,2026-09-25,59.29,222803032.0
NYSE:NRGV,NRGV,"Energy Vault Holdings, Inc.",Utilities,Utilities - Renewable,United States,NYSE,797452788.0,4.4,56.89,55.76,9,85.3,3241,True,-32.2,75.3,6.03,9.89,63.54,88.71,73.72,4.15,4.0042,2.6905,2.3316,2.5329,17375892,1255,2026-09-25,55.05,181239270.0
NASDAQ:SNDL,SNDL,SNDL Inc.,Consumer Defensive,Beverages - Wineries & Distilleries,Canada,NASDAQ,364420000.0,1.4,56.89,55.4,9,85.3,3242,False,-50.27,16.67,-4.06,-12.0,-16.13,-18.29,-20.45,1.4593,1.591,1.6692,1.7133,1.7599,1718510,1255,2026-09-25,56.89,260300000.0
NASDAQ:ASYS,ASYS,"Amtech Systems, Inc.",Technology,Semiconductor Equipment & Materials,United States,NASDAQ,275899114.0,15.78,56.91,51.98,9,85.4,3243,True,-34.22,123.83,0.02,11.05,62.77,88.3,83.8,15.7765,14.21,9.6945,8.3803,8.5856,4383110,1255,2026-09-25,53.77,17484101.0
NYSE:DDD,DDD,3D Systems Corporation,Technology,Computer Hardware,United States,NYSE,593144886.0,3.57,56.92,55.85,9,85.4,3244,True,-7.99,101.69,35.18,35.0,36.08,14.16,-21.95,2.641,2.6444,2.6235,3.1271,4.574,7834824,1255,2026-09-25,52.46,166147027.0
NASDAQ:VALU,VALU,"Value Line, Inc.",Financial Services,Financial Data & Stock Exchanges,United States,NASDAQ,376991478.0,40.16,56.92,55.5,9,85.4,3245,False,-2.05,26.66,10.99,10.71,4.73,4.17,-0.65,36.1834,36.2763,38.3458,38.5509,40.4216,160917,1255,2026-09-25,53.95,9387238.0
NASDAQ:PURR,PURR,Hyperliquid Strategies Inc,Financial Services,Capital Markets,United States,NASDAQ,2577243429.0,12.85,56.93,58.45,9,85.5,3246,False,-8.8,314.52,90.1,,,,,6.7596,,,,,340547146,204,2026-09-25,66.88,200563691.0
NASDAQ:CODA,CODA,"Coda Octopus Group, Inc.",Industrials,Aerospace & Defense,United States,NASDAQ,121606528.0,10.78,56.94,55.35,9,85.5,3247,True,-35.68,34.92,-3.44,0.76,17.15,30.68,33.97,11.1636,10.6987,9.2018,8.2492,8.0465,1301651,1255,2026-09-25,55.48,11280754.0
NASDAQ:SKYW,SKYW,"SkyWest, Inc.",Industrials,Airlines,United States,NASDAQ,4056850143.0,102.29,56.96,54.05,9,85.5,3248,False,-11.77,30.47,5.58,5.06,2.4,16.62,41.3,96.8856,97.3626,99.8918,87.7154,72.3901,33983031,1255,2026-09-25,53.74,39660281.0
NASDAQ:AMBA,AMBA,"Ambarella, Inc.",Technology,Semiconductor Equipment & Materials,United States,NASDAQ,3188339686.0,72.68,56.99,53.13,9,85.6,3249,False,-23.9,49.39,6.39,1.77,7.37,15.8,10.87,68.315,71.4189,67.6932,62.7655,65.557,138400502,1255,2026-09-25,52.12,43868185.0
NYSE:BWMX,BWMX,"Betterware de Mexico, S.A.P.I. de C.V.",Consumer Cyclical,Specialty Retail,Mexico,NYSE,623463221.0,16.74,56.99,54.05,9,85.6,3250,True,-9.29,41.28,1.57,6.34,29.47,30.87,44.45,16.4814,15.742,12.9291,12.7911,11.5887,1285101,1255,2026-09-25,53.35,37243920.0
NASDAQ:ANGI,ANGI,Angi Inc.,Communication Services,Internet Content & Information,United States,NASDAQ,219228247.0,5.42,57.01,53.63,9,85.6,3251,False,-67.62,25.17,-28.95,-38.2,-59.13,-66.97,-71.36,7.6284,8.7705,13.2615,16.4072,18.9226,4391783,1255,2026-09-25,51.92,40448016.0
NASDAQ:AUC,AUC,ATIF Holdings Limited,Financial Services,Capital Markets,United States,NASDAQ,87457403.0,8.48,57.05,56.15,9,85.6,3252,False,-19.54,89.29,19.21,15.56,-22.58,-35.21,-52.58,7.1137,7.3385,10.9538,13.089,17.8843,47383,1255,2026-09-25,60.58,10313373.0
NASDAQ:IPAR,IPAR,"Interparfums, Inc.",Consumer Defensive,Household & Personal Products,United States,NASDAQ,3776800353.0,117.93,57.05,54.89,9,85.6,3253,True,-7.6,53.24,18.52,21.62,8.92,4.92,5.67,99.5022,96.9651,108.2743,112.3951,111.599,24317511,1255,2026-09-25,53.0,32025781.0
NYSE:GNRC,GNRC,Generac Holdlings Inc.,Industrials,Specialty Industrial Machinery,United States,NYSE,12281433701.0,208.14,57.07,52.63,9,85.7,3254,True,-29.57,52.63,-1.55,3.03,17.09,29.29,38.28,211.4081,202.0262,177.7676,160.9857,150.5183,296036266,1255,2026-09-25,50.61,59005639.0
NASDAQ:SOPH,SOPH,SOPHiA GENETICS SA,Healthcare,Health Information Services,Switzerland,NASDAQ,699686518.0,8.34,57.09,57.83,9,85.7,3255,False,-6.5,143.15,48.64,55.25,91.64,91.94,104.28,5.6109,5.3719,4.3518,4.3451,4.0826,5626122,1255,2026-09-25,55.81,83895266.0
NASDAQ:IRDM,IRDM,Iridium Communications Inc,Communication Services,Telecom Services,United States,NASDAQ,5165568671.0,48.75,57.14,54.55,9,85.7,3256,False,-12.22,214.15,35.31,51.54,65.73,63.64,37.82,36.029,32.1699,29.416,29.7916,35.3731,50760455,1255,2026-09-25,58.19,105960383.0
NYSE:KMT,KMT,Kennametal Inc.,Industrials,Tools & Accessories,United States,NYSE,2364799496.0,31.03,57.14,51.4,9,85.7,3257,False,-27.44,55.47,-9.06,-2.91,14.41,20.94,23.24,34.1207,31.9588,27.1209,25.658,25.1792,41193297,1255,2026-09-25,48.9,76210103.0
NASDAQ:TEAM,TEAM,Atlassian Corporation,Technology,Software - Application,Australia,NASDAQ,29969733156.0,187.74,57.18,60.7,9,85.8,3258,False,-4.05,228.5,67.87,55.27,10.33,6.22,7.51,111.8373,120.9091,170.1626,176.7422,174.6328,641238930,1255,2026-09-25,61.8,159634245.0
NASDAQ:OPK,OPK,"Opko Health, Inc.",Healthcare,Diagnostics & Research,United States,NASDAQ,1223978289.0,1.64,57.2,57.59,9,85.8,3259,False,-5.2,49.09,24.63,22.65,16.52,19.19,15.04,1.3159,1.3372,1.4074,1.376,1.4256,4814212,1255,2026-09-25,57.2,746328225.0
NASDAQ:COYA,COYA,"Coya Therapeutics, Inc.",Healthcare,Biotechnology,United States,NASDAQ,119162490.0,5.08,57.21,55.34,9,85.9,3260,False,-30.98,34.39,6.52,0.52,-10.26,-16.17,,4.7691,5.0539,5.6609,6.0596,,704725,938,2026-09-25,60.11,23457183.0
NASDAQ:DJCO,DJCO,Daily Journal Corp. (S.C.),Technology,Software - Application,United States,NASDAQ,904970473.0,656.86,57.21,58.44,9,85.9,3261,True,-4.48,75.38,18.43,24.42,34.14,46.6,61.49,554.6606,527.9538,489.6892,448.0507,406.7457,41773566,1255,2026-09-25,56.54,1377722.0
NASDAQ:FIVN,FIVN,"Five9, Inc.",Technology,Software - Infrastructure,United States,NASDAQ,2738693851.0,35.77,57.21,57.99,9,85.9,3262,False,-7.45,162.82,60.66,61.52,33.9,-3.27,-20.69,22.2645,22.1461,26.7142,36.9775,45.1026,77526134,1255,2026-09-25,60.46,76563988.0
NASDAQ:UTMD,UTMD,"Utah Medical Products, Inc.",Healthcare,Medical Instruments & Supplies,United States,NASDAQ,236190975.0,74.18,57.21,56.45,9,85.9,3263,False,-3.24,40.53,13.25,16.16,21.93,15.92,6.5,65.5006,63.8582,60.8368,63.9926,69.653,2543188,1255,2026-09-25,59.86,3184025.0
NYSE:CTS,CTS,CTS Corporation,Technology,Electronic Components,United States,NYSE,1701949222.0,59.6,57.23,52.12,9,86.0,3264,False,-12.64,63.91,7.11,13.27,21.89,25.22,28.54,55.644,52.6159,48.8985,47.5944,46.3681,13200516,1255,2026-09-25,56.9,28556195.0
NYSE:JNJ,JNJ,Johnson & Johnson,Healthcare,Drug Manufacturers - General,United States,NYSE,653612697478.0,271.22,57.23,56.91,9,86.0,3265,False,-2.59,56.04,13.83,18.87,42.37,54.84,60.74,238.2597,228.1578,190.502,175.1596,168.7279,1710413096,1255,2026-09-25,56.29,2409898597.0
NYSE:GTES,GTES,Gates Industrial Corporation Ltd.,Industrials,Specialty Industrial Machinery,United States,NYSE,6799640426.0,26.86,57.26,53.61,9,86.0,3266,True,-9.99,27.66,6.43,7.87,16.21,31.77,46.12,25.2379,24.8996,23.114,20.3844,18.3826,48243784,1255,2026-09-25,51.98,253151170.0
NASDAQ:PRTS,PRTS,"CarParts.com, Inc.",Consumer Cyclical,Auto Parts,United States,NASDAQ,69325309.0,8.56,57.28,58.38,9,86.0,3267,False,-14.4,119.49,27.95,30.31,8.51,-29.93,-61.19,6.6902,6.5692,7.8886,12.2159,22.0542,776892,1255,2026-09-25,58.23,8098751.0
NASDAQ:APXT,APXT,Apex Treasury Corporation,Financial Services,Shell Companies,United States,NASDAQ,349525800.0,10.14,57.29,57.08,9,86.1,3268,False,-0.1,2.74,1.28,,,,,10.0122,,,,,1480226,215,2026-09-25,57.29,34470000.0
NYSE:BSTZ,BSTZ,BlackRock Science and Technology Term Trust Common Shares of Beneficial Interest,Financial Services,Asset Management,United States,NYSE,2045825904.0,29.76,57.29,56.22,9,86.1,3269,True,-0.88,61.36,21.89,27.33,49.54,69.2,85.47,24.4146,23.3719,19.9015,17.5882,16.0456,4675511,1255,2026-09-25,55.47,68744150.0
NASDAQ:HOOD,HOOD,"Robinhood Markets, Inc.",Financial Services,Capital Markets,United States,NASDAQ,94401249940.0,119.4,57.29,56.93,9,86.1,3270,False,-21.68,83.24,26.18,16.43,46.69,100.51,153.26,94.6278,102.5512,81.3966,59.5472,47.1459,2662948279,1255,2026-09-25,58.96,790630234.0
NASDAQ:FRHC,FRHC,Freedom Holding Corp.,Financial Services,Financial Conglomerates,United States,NASDAQ,10955806519.0,172.08,57.3,56.51,9,86.1,3271,False,-2.43,53.6,19.9,18.6,20.25,41.14,57.6,143.524,145.0978,143.0997,121.92,109.186,15118841,1255,2026-09-25,63.37,63666937.0
NASDAQ:SSYS,SSYS,"Stratasys, Ltd.",Technology,Computer Hardware,United States,NASDAQ,717083640.0,8.26,57.3,53.24,9,86.1,3272,True,-33.6,11.32,-7.36,-10.2,-13.37,-16.4,-25.62,8.916,9.1986,9.5353,9.8803,11.1058,5110412,1255,2026-09-25,51.78,86814000.0
NASDAQ:MRVI,MRVI,"Maravai LifeSciences Holdings, Inc.",Healthcare,Biotechnology,United States,NASDAQ,1121046846.0,7.6,57.31,56.58,9,86.2,3273,False,-15.56,182.53,60.04,70.88,82.22,42.34,0.74,4.7487,4.4476,4.1708,5.3392,7.5444,20404328,1255,2026-09-25,58.26,147506164.0
NASDAQ:KROS,KROS,"Keros Therapeutics, Inc.",Healthcare,Biotechnology,United States,NASDAQ,229981146.0,11.62,57.33,55.55,9,86.2,3274,True,-46.79,17.26,-11.82,-15.98,-38.77,-59.31,-64.32,13.178,13.8299,18.9772,28.5598,32.5718,2145095,1255,2026-09-25,56.31,19791837.0
NASDAQ:SGC,SGC,"Superior Group of Companies, Inc.",Consumer Cyclical,Apparel Manufacturing,United States,NASDAQ,201366551.0,12.88,57.33,53.86,9,86.2,3275,False,-7.87,57.47,14.09,18.3,12.25,7.07,16.99,11.2894,10.8874,11.4745,12.03,11.0099,493882,1255,2026-09-25,51.06,15634049.0
NASDAQ:SNDK,SNDK,Sandisk Corporation - Common Stock When-Issued,Technology,Computer Hardware,United States,NASDAQ,263273971772.0,1777.8,57.33,55.5,9,86.2,3276,True,-23.86,1785.46,60.46,93.83,,,,1107.9116,917.2019,,,,17799380003,406,2026-09-25,56.19,148089758.0
NYSE:AAMI,AAMI,Acadian Asset Management Inc.,Financial Services,Asset Management,United States,NYSE,3331813217.0,93.88,57.36,57.24,9,86.3,3277,False,-3.42,124.92,37.75,47.88,98.19,143.01,174.34,68.1524,63.4832,47.3694,38.6325,34.2199,44814852,1255,2026-09-25,56.09,35490128.0
NYSE:MOG.A,MOG-A,Moog Inc.,Industrials,Aerospace & Defense,United States,NYSE,11028676775.0,387.8,57.37,52.91,9,86.3,3278,False,-12.93,99.09,14.55,24.33,55.03,78.03,107.39,338.5478,311.911,250.1511,217.8298,186.995,93759219,1255,2026-09-25,54.43,28439084.0
NASDAQ:BEEP,BEEP,Mobile Infrastructure Corporation,Industrials,Infrastructure Operations,United States,NASDAQ,118222372.0,2.87,57.45,59.15,9,86.3,3279,False,-23.06,107.97,18.58,10.72,-9.54,-13.82,,2.4204,2.5921,3.1728,3.3304,,63813,773,2026-09-25,56.78,41192464.0
NASDAQ:GIX,GIX,GigCapital9 Corp.,Financial Services,Shell Companies,United States,NASDAQ,257146430.0,10.01,57.48,61.66,9,86.4,3280,False,-0.3,2.14,,,,,,,,,,,258706,132,2026-09-25,57.48,25688954.0
NYSE:CNNE,CNNE,"Cannae Holdings, Inc.",Consumer Cyclical,Restaurants,United States,NYSE,691623564.0,15.74,57.49,56.72,9,86.4,3281,True,-12.68,50.98,13.1,8.67,-3.65,-6.74,-9.73,13.9171,14.4847,16.3359,16.8767,17.437,8557900,1255,2026-09-25,54.36,43940506.0
NYSE:EFOR,EFOR,"Everforth, Inc.",Technology,Information Technology Services,United States,NYSE,1357920000.0,33.12,57.49,58.5,9,86.4,3282,True,-37.84,94.14,-1.02,-7.85,-37.11,-49.83,-52.67,33.4608,35.9429,52.6615,66.0166,69.9731,24061736,1255,2026-09-25,54.48,41000000.0
NASDAQ:HWKN,HWKN,"Hawkins, Inc.",Basic Materials,Specialty Chemicals,United States,NASDAQ,2693516347.0,129.03,57.5,51.93,9,86.4,3283,False,-29.32,9.65,-10.7,-11.36,-6.58,8.98,29.46,144.4835,145.5668,138.1122,118.4007,99.6692,24025268,1255,2026-09-25,53.13,20875117.0
NYSE:XFLH,XFLH,XFLH Capital Corporation,Financial Services,Shell Companies,United States,NYSE,139438562.0,10.04,57.54,55.69,9,86.5,3284,False,-1.86,1.83,,,,,,,,,,,84942,140,2026-09-25,57.54,13888303.0
NYSE:INSP,INSP,"Inspire Medical Systems, Inc.",Healthcare,Medical Devices,United States,NYSE,2038181438.0,70.5,57.56,59.51,9,86.5,3285,True,-51.04,76.03,12.1,2.99,-37.6,-47.87,-56.98,62.8916,68.4531,112.9897,135.235,163.8837,58575097,1255,2026-09-25,54.38,28910375.0
NASDAQ:FTNT,FTNT,"Fortinet, Inc.",Technology,Software - Infrastructure,United States,NASDAQ,127269970249.0,173.46,57.58,57.19,9,86.5,3286,False,-2.95,130.57,49.31,58.49,69.92,95.07,112.05,116.1776,109.4482,102.0832,88.924,81.8018,754642235,1255,2026-09-25,64.49,733713653.0
NYSE:AVTR,AVTR,"Avantor, Inc.",Healthcare,Medical Instruments & Supplies,United States,NYSE,10314472310.0,15.25,57.59,60.02,9,86.5,3287,False,-3.85,105.8,43.38,38.1,7.65,-11.05,-16.04,10.6362,11.0424,14.1668,17.1437,18.1641,132318754,1255,2026-09-25,59.69,676358840.0
NASDAQ:GSAT,GSAT,"Globalstar, Inc.",Communication Services,Telecom Services,United States,NASDAQ,10674026601.0,82.88,57.69,56.08,9,86.6,3288,True,-1.84,142.41,12.6,20.3,78.14,118.68,148.16,73.608,68.895,46.5253,37.901,33.3972,47579034,1255,2026-09-25,53.28,128788931.0
NASDAQ:NVEC,NVEC,NVE Corporation,Technology,Semiconductors,United States,NASDAQ,527879926.0,109.13,57.7,54.22,9,86.6,3289,True,-17.98,96.78,28.14,35.06,48.79,52.12,56.94,85.1622,80.7982,73.3434,71.74,69.5363,11092414,1255,2026-09-25,54.19,4837166.0
NYSE:ABM,ABM,ABM Industries Incorporated,Industrials,Specialty Business Services,United States,NYSE,2916158347.0,49.78,57.73,57.79,9,86.7,3290,True,-1.62,35.02,14.07,14.38,7.9,10.18,12.84,43.6403,43.5202,46.1341,45.1792,44.1161,27375239,1255,2026-09-25,56.2,58580923.0
NYSE:ADCT,ADCT,ADC Therapeutics SA,Healthcare,Drug Manufacturers - Specialty & Generic,Switzerland,NYSE,161532771.0,1.27,57.73,53.01,9,86.7,3291,False,-73.98,32.29,-54.04,-58.29,-53.35,-54.17,-54.89,2.7633,3.0447,2.7226,2.771,2.815,1935710,1255,2026-09-25,59.51,127191158.0
NASDAQ:BCML,BCML,BayCom Corp,Financial Services,Banks - Regional,United States,NASDAQ,336770616.0,30.87,57.73,53.96,9,86.7,3292,False,-10.37,18.33,3.17,5.2,12.6,24.87,36.01,29.9227,29.3444,27.4161,24.7226,22.6967,1472321,1255,2026-09-25,50.69,10909317.0
NASDAQ:BPAC,BPAC,Blueport Acquisition Ltd,,,,NASDAQ,60602478.0,10.19,57.73,59.3,9,86.7,3293,False,-0.1,2.83,,,,,,,,,,,29860,182,2026-09-25,57.73,5947250.0
NASDAQ:POCI,POCI,"Precision Optics Corporation, Inc.",Healthcare,Medical Instruments & Supplies,United States,NASDAQ,50674743.0,4.63,57.73,54.63,9,86.7,3294,False,-22.32,18.72,0.69,1.77,0.49,-8.16,-13.09,4.5982,4.5495,4.6076,5.0416,5.3272,181234,1255,2026-09-25,65.74,10944869.0
NYSE:AKA,AKA,a.k.a. Brands Holding Corp.,Consumer Cyclical,Apparel Retail,United States,NYSE,121423872.0,11.22,57.74,55.48,9,86.8,3295,False,-24.7,30.62,5.83,2.71,-14.12,-14.07,-11.96,10.6024,10.9238,13.0648,13.057,12.7436,36716,1255,2026-09-25,52.91,10822092.0
NYSE:BLSH,BLSH,Bullish,Technology,Software - Infrastructure,Cayman Islands,NYSE,5698944843.0,37.58,57.74,58.49,9,86.8,3296,False,-45.37,72.46,11.58,0.56,,,,33.6804,37.3704,,,,56360816,282,2026-09-25,64.39,151648346.0
NASDAQ:ARQT,ARQT,"Arcutis Biotherapeutics, Inc.",Healthcare,Biotechnology,United States,NASDAQ,3367244428.0,26.92,57.76,55.48,9,86.8,3297,True,-13.72,60.91,6.46,7.6,39.67,76.59,82.43,25.2861,25.0176,19.2735,15.2441,14.7567,84052717,1255,2026-09-25,54.8,125083374.0
NYSE:LVWR,LVWR,"LiveWire Group, Inc.",Consumer Cyclical,Auto Manufacturers,United States,NYSE,307142745.0,1.5,57.78,55.19,9,86.8,3298,False,-75.85,131.48,-20.85,-40.03,-54.08,-69.68,-73.8,1.8952,2.5013,3.2664,4.9474,5.7246,687577,1255,2026-09-25,54.63,204761830.0
NASDAQ:UFPT,UFPT,"UFP Technologies, Inc.",Healthcare,Medical Devices,United States,NASDAQ,2287426015.0,295.65,57.8,56.15,9,86.9,3299,False,-11.7,59.57,22.33,25.78,22.55,25.23,40.1,241.6868,235.0466,241.2572,236.0901,211.0279,33031431,1255,2026-09-25,60.84,7736939.0
NASDAQ:BWIN,BWIN,"The Baldwin Insurance Group, Inc.",Financial Services,Insurance Brokers,United States,NASDAQ,3084308518.0,31.85,57.81,57.88,9,86.9,3300,True,-1.97,93.03,31.82,29.6,-2.97,-0.03,4.7,24.1615,24.5758,32.8233,31.8597,30.42,151003742,1255,2026-09-25,57.75,96838572.0
NASDAQ:VABK,VABK,Virginia National Bankshares Corporation,Financial Services,Banks - Regional,United States,NASDAQ,262070053.0,48.33,57.81,57.26,9,86.9,3301,False,-1.81,32.46,14.31,16.61,24.48,34.98,40.59,42.2815,41.4443,38.8259,35.806,34.3765,375573,1255,2026-09-25,48.98,5422513.0
NASDAQ:BTBT,BTBT,"Bit Digital, Inc.",Financial Services,Capital Markets,United States,NASDAQ,621984000.0,1.76,57.82,55.69,9,86.9,3302,False,-58.29,45.45,0.87,-13.36,-30.52,-32.43,-27.93,1.7448,2.0313,2.533,2.6047,2.442,45934607,1255,2026-09-25,59.64,353400000.0
AMEX:HYLN,HYLN,Hyliion Holdings Corp.,Consumer Cyclical,Auto Parts,United States,AMEX,752540953.0,4.22,57.83,54.42,9,87.0,3303,False,-47.9,167.09,30.56,41.2,69.75,100.12,97.38,3.2323,2.9887,2.4861,2.1087,2.138,7433197,1255,2026-09-25,57.35,178327240.0
NASDAQ:CRDO,CRDO,Credo Technology Group Holding Ltd,Technology,Semiconductors,Cayman Islands,NASDAQ,39341242141.0,210.97,57.86,52.8,9,87.0,3304,False,-30.26,140.26,19.75,22.79,73.57,138.66,203.02,176.1684,171.8138,121.5452,88.3975,69.622,1723452028,1170,2026-09-25,51.78,186477898.0
NASDAQ:LAND,LAND,Gladstone Land Corporation,Real Estate,REIT - Specialty,United States,NASDAQ,408934712.0,9.48,57.9,58.51,9,87.0,3305,False,-21.39,18.89,0.92,2.42,-0.57,-8.46,-17.25,9.3936,9.2561,9.5345,10.3562,11.4557,7108110,1255,2026-09-25,58.29,43136573.0
NYSE:MSGS,MSGS,Madison Square Garden Sports Corp. Class A Common Stock (New),Communication Services,Entertainment,United States,NYSE,7874148316.0,402.84,57.91,55.68,9,87.0,3306,False,-2.72,89.21,18.18,27.35,54.05,70.52,81.67,340.8587,316.331,261.5058,236.2356,221.7374,113876159,1255,2026-09-25,57.6,19546590.0
NASDAQ:FTRE,FTRE,Fortrea Holdings Inc.,Healthcare,Biotechnology,United States,NASDAQ,1891539000.0,19.89,57.92,56.8,9,87.1,3307,False,-3.91,136.79,31.97,40.26,52.33,6.22,,15.0715,14.1804,13.057,18.7255,,27260168,822,2026-09-25,59.08,95100000.0
NASDAQ:PPLI,PPLI,People Incorporated,Communication Services,Internet Content & Information,United States,NASDAQ,2743919880.0,40.0,57.93,52.96,9,87.1,3308,True,-16.0,26.9,-1.14,2.37,4.16,1.65,-1.45,40.4618,39.0745,38.4033,39.3491,40.5904,46676394,1255,2026-09-25,34.1,68597997.0
NYSE:ROG,ROG,Rogers Corporation,Technology,Electronic Components,United States,NYSE,2461541830.0,137.76,57.93,54.66,9,87.1,3309,True,-17.55,82.32,13.15,21.04,39.98,30.79,16.83,121.7486,113.8178,98.4171,105.3253,117.9119,28690725,1255,2026-09-25,56.1,17868335.0
NYSE:NVT,NVT,nVent Electric plc,Industrials,Electrical Equipment & Parts,United Kingdom,NYSE,26588459513.0,164.41,57.94,54.87,9,87.2,3310,False,-10.69,73.89,18.44,25.09,63.05,85.62,113.65,138.8169,131.4287,100.8317,88.5747,76.9538,395145248,1255,2026-09-25,56.56,161720452.0
NYSE:HAE,HAE,Haemonetics Corporation,Healthcare,Medical Devices,United States,NYSE,4785462010.0,105.3,57.95,62.31,9,87.2,3311,False,-3.22,120.89,41.36,46.71,48.88,40.26,36.52,74.4888,71.775,70.7265,75.0758,77.1304,63014575,1255,2026-09-25,60.69,45445983.0
NASDAQ:PDEX,PDEX,"Pro-Dex, Inc.",Healthcare,Medical Instruments & Supplies,United States,NASDAQ,229144313.0,71.77,57.97,57.01,9,87.2,3312,False,-2.23,200.17,33.26,45.21,54.65,93.05,122.84,53.8587,49.4236,46.4069,37.1778,32.2069,5299263,1255,2026-09-25,60.7,3192759.0
NASDAQ:DXPE,DXPE,"DXP Enterprises, Inc.",Industrials,Industrial Distribution,United States,NASDAQ,2978570435.0,192.1,57.98,56.57,9,87.2,3313,False,-4.35,124.6,25.39,33.27,66.33,110.83,153.24,153.1994,144.1412,115.4943,91.1143,75.858,21283422,1255,2026-09-25,60.3,15505312.0
NASDAQ:PNTG,PNTG,"The Pennant Group, Inc.",Healthcare,Medical Care Facilities,United States,NASDAQ,1417473299.0,40.77,58.0,56.57,9,87.3,3314,True,-4.03,72.46,20.07,26.43,36.43,53.42,77.9,33.956,32.246,29.8837,26.5742,22.9175,15018272,1255,2026-09-25,52.1,34767557.0
NASDAQ:FRNM,FRNM,"Freenome, Inc.",Healthcare,Diagnostics & Research,United States,NASDAQ,1696520915.0,15.99,58.04,59.32,9,87.3,3315,False,-6.55,60.06,29.27,32.83,42.93,,,12.3692,12.0377,11.1875,,,16624628,574,2026-09-25,58.22,106098869.0
NASDAQ:PDFS,PDFS,"PDF Solutions, Inc.",Technology,Software - Application,United States,NASDAQ,2074545526.0,49.55,58.09,53.75,9,87.3,3316,True,-30.0,106.72,16.55,26.05,56.45,55.48,51.79,42.5129,39.3098,31.6706,31.8687,32.6441,28848676,1255,2026-09-25,54.36,41867720.0
NASDAQ:MEDP,MEDP,"Medpace Holdings, Inc.",Healthcare,Diagnostics & Research,United States,NASDAQ,17273965046.0,618.88,58.11,58.43,9,87.3,3317,False,-1.79,57.31,18.46,16.56,40.33,51.09,71.5,522.4542,530.9767,441.0328,409.6193,360.8574,143060115,1255,2026-09-25,59.15,27911655.0
NASDAQ:III,III,"Information Services Group, Inc.",Technology,Information Technology Services,United States,NASDAQ,251634581.0,5.26,58.13,59.68,9,87.4,3318,False,-11.06,42.61,13.89,10.46,24.17,32.42,29.06,4.6183,4.7618,4.2361,3.9721,4.0758,1105000,1255,2026-09-25,58.75,47839274.0
NYSE:KT,KT,KT Corporation,Communication Services,Telecom Services,South Korea,NYSE,9382393235.0,19.7,58.15,57.21,9,87.4,3319,False,-19.72,14.14,-1.36,-0.0,5.25,18.33,29.64,19.9712,19.7008,18.7181,16.6483,15.1953,23453931,1255,2026-09-25,53.88,476263616.0
NYSE:TT,TT,Trane Technologies plc,Industrials,Building Products & Equipment,Ireland,NYSE,99987332556.0,454.44,58.18,52.85,9,87.4,3320,False,-9.52,21.58,2.27,3.58,9.64,23.13,41.99,444.3598,438.7357,414.4871,369.0669,320.0395,458995800,1255,2026-09-25,46.32,220023177.0
NASDAQ:AUBN,AUBN,"Auburn National Bancorporation, Inc.",Financial Services,Banks - Regional,United States,NASDAQ,95121361.0,27.23,58.19,57.0,9,87.4,3321,False,-4.74,32.37,9.66,9.73,18.45,28.86,32.06,24.8304,24.8145,22.9889,21.1308,20.6187,54973,1255,2026-09-25,57.81,3493256.0
NASDAQ:OABI,OABI,"OmniAb, Inc.",Healthcare,Biotechnology,United States,NASDAQ,668323589.0,4.61,58.22,60.34,9,87.5,3322,False,-8.53,238.97,96.4,109.31,86.73,40.54,25.83,2.3472,2.2025,2.4688,3.2802,3.6636,6713477,1252,2026-09-25,63.47,144972579.0
AMEX:ELLO,ELLO,Ellomay Capital Ltd Ordinary Shares (Israel),Utilities,Utilities - Renewable,Israel,AMEX,302955395.0,21.98,58.25,55.98,9,87.5,3323,False,-26.22,27.2,-5.21,-2.27,15.22,26.19,29.19,23.188,22.4897,19.0762,17.4185,17.0132,36548,1255,2026-09-25,58.25,13783230.0
NASDAQ:KLIC,KLIC,"Kulicke and Soffa Industries, Inc.",Technology,Semiconductor Equipment & Materials,Singapore,NASDAQ,4771711725.0,91.18,58.29,53.1,9,87.5,3324,True,-31.68,161.48,11.82,24.89,63.56,74.23,78.82,81.5384,73.0093,55.746,52.3323,50.9906,61127790,1255,2026-09-25,54.54,52332877.0
NYSE:VLO,VLO,Valero Energy Corporation,Energy,Oil & Gas Refining & Marketing,United States,NYSE,111479754350.0,387.18,58.29,61.15,9,87.5,3325,False,-6.32,152.82,52.9,64.4,112.05,132.17,152.26,253.2174,235.5065,182.5854,166.7652,153.4824,1522617078,1255,2026-09-25,56.34,287927461.0
NASDAQ:RCMT,RCMT,"RCM Technologies, Inc.",Industrials,Conglomerates,United States,NASDAQ,286835739.0,40.47,58.3,61.12,9,87.6,3326,False,-3.64,130.6,53.76,58.98,71.87,74.47,89.9,26.3196,25.456,23.5475,23.1966,21.3112,3418192,1255,2026-09-25,59.07,7087614.0
NASDAQ:TGTX,TGTX,"TG Therapeutics, Inc.",Healthcare,Biotechnology,United States,NASDAQ,8791589999.0,57.43,58.3,57.42,9,87.6,3327,False,-2.76,113.18,41.06,46.42,59.45,95.73,122.2,40.7146,39.2214,36.0179,29.3408,25.8461,103340793,1255,2026-09-25,58.67,153083580.0
AMEX:EXOD,EXOD,"Exodus Movement, Inc.",Technology,Software - Infrastructure,United States,AMEX,85765490.0,7.92,58.32,56.45,9,87.6,3328,False,-75.02,70.69,-10.3,-32.14,-64.78,-55.77,-44.14,8.8292,11.6705,22.486,17.9064,14.1779,653873,1255,2026-09-25,58.66,10828976.0
NYSE:VFC,VFC,V.F. Corporation,Consumer Cyclical,Apparel Manufacturing,United States,NYSE,5562854166.0,14.15,58.32,51.58,9,87.6,3329,False,-33.53,12.12,-17.28,-15.09,-14.68,-11.61,-19.08,17.1058,16.6649,16.5844,16.0084,17.4868,93570004,1255,2026-09-25,52.25,393134570.0
NASDAQ:AEHR,AEHR,Aehr Test Systems,Technology,Semiconductor Equipment & Materials,United States,NASDAQ,3405248776.0,104.39,58.34,54.98,9,87.7,3330,False,-28.31,438.09,54.19,77.15,187.55,242.46,237.66,67.7037,58.9273,36.3031,30.4826,30.9158,253527759,1255,2026-09-25,53.47,32620450.0
NYSE:KWR,KWR,Quaker Houghton,Basic Materials,Specialty Chemicals,United States,NYSE,2812598892.0,163.45,58.36,55.42,9,87.7,3331,False,-8.83,43.48,10.57,13.17,18.48,8.84,4.52,147.822,144.4351,137.9539,150.1806,156.3814,23914809,1255,2026-09-25,50.98,17207702.0
NASDAQ:QUBT,QUBT,Quantum Computing Inc.,Technology,Computer Hardware,United States,NASDAQ,2020793484.0,8.96,58.41,54.46,9,87.7,3332,False,-63.61,42.0,-3.47,-15.23,-13.99,24.27,54.4,9.2817,10.5693,10.4169,7.2101,5.8032,59487420,1255,2026-09-25,62.84,225534987.0
NASDAQ:SITM,SITM,SiTime Corporation,Technology,Semiconductors,United States,NASDAQ,19838641568.0,662.27,58.41,55.19,9,87.7,3333,False,-26.54,162.02,27.02,39.56,96.33,151.37,193.76,521.3919,474.5582,337.3229,263.4667,225.4463,279513810,1255,2026-09-25,55.92,29955519.0
NASDAQ:CROX,CROX,"Crocs, Inc.",Consumer Cyclical,Footwear & Accessories,United States,NASDAQ,6047791760.0,126.14,58.49,54.36,9,87.8,3334,True,-10.66,71.88,19.35,25.18,22.82,16.53,16.87,105.6878,100.7689,102.7063,108.2469,107.9304,135645181,1255,2026-09-25,54.41,47945075.0
NYSE:DE,DE,Deere & Company,Industrials,Farm & Heavy Construction Machinery,United States,NYSE,186498273930.0,690.46,58.52,58.85,9,87.8,3335,False,-2.68,58.66,18.82,24.01,36.03,49.65,56.19,581.0783,556.7937,507.596,461.3865,442.0691,938522383,1255,2026-09-25,60.61,270107282.0
NASDAQ:UEIC,UEIC,Universal Electronics Inc.,Technology,Consumer Electronics,United States,NASDAQ,64667146.0,5.12,58.53,58.12,9,87.8,3336,False,-8.39,95.16,26.63,29.06,-8.99,-24.68,-40.33,4.0432,3.9671,5.6257,6.7974,8.5807,329088,1255,2026-09-25,64.55,12630302.0
NYSE:BETA,BETA,"Beta Technologies, Inc.",Industrials,Aerospace & Defense,United States,NYSE,5300770660.0,23.85,58.54,56.88,9,87.9,3337,True,-35.19,75.5,18.15,,,,,20.1857,,,,,84392244,224,2026-09-25,56.0,222254535.0
NYSE:EHC,EHC,Encompass Health Corporation,Healthcare,Medical Care Facilities,United States,NYSE,12248110408.0,123.47,58.55,58.65,9,87.9,3338,True,-2.37,32.1,14.76,12.37,14.5,26.97,40.9,107.5905,109.8743,107.8307,97.2468,87.6323,103314179,1255,2026-09-25,53.65,99199080.0
NYSE:ABBV,ABBV,AbbVie Inc.,Healthcare,Drug Manufacturers - General,United States,NYSE,467119783117.0,264.34,58.58,57.82,9,87.9,3339,False,-0.61,34.88,15.74,16.4,28.93,40.67,51.88,228.3964,227.1034,205.0302,187.9088,174.0432,1058344179,1255,2026-09-25,60.3,1767117285.0
NASDAQ:ZOOZ,ZOOZ,ZOOZ Strategy Ltd.,Industrials,Electrical Equipment & Parts,Israel,NASDAQ,62459712.0,7.71,58.58,58.44,9,87.9,3340,True,-83.67,55.13,12.04,-28.07,-69.04,,,6.8814,10.719,24.9008,,,293490,621,2026-09-25,57.63,8101130.0
NASDAQ:EGBN,EGBN,"Eagle Bancorp, Inc.",Financial Services,Banks - Regional,United States,NASDAQ,870196273.0,28.54,58.59,55.88,9,88.0,3341,False,-1.99,80.83,9.46,16.23,23.35,27.91,17.7,26.0731,24.5549,23.1383,22.3125,24.2484,8508893,1255,2026-09-25,55.76,30490409.0
NASDAQ:STX,STX,Seagate Technology Holdings PLC - Ordinary Shares (Ireland),Technology,Computer Hardware,Singapore,NASDAQ,208120410000.0,916.83,58.63,55.55,9,88.0,3342,True,-16.07,335.78,44.56,65.39,174.4,265.42,353.88,634.2428,554.3383,334.1201,250.9004,201.9964,3191465830,1255,2026-09-25,57.34,227000000.0
NASDAQ:FAC,FAC,Factorial Energy Inc.,Industrials,Electrical Equipment & Parts,United States,NASDAQ,574685946.0,6.28,58.67,52.85,9,88.0,3343,True,-71.38,36.52,-32.83,-33.93,,,,9.3496,9.5055,,,,2502471,317,2026-09-25,55.74,91510501.0
NYSE:DELL,DELL,Dell Technologies Inc.,Technology,Computer Hardware,United States,NYSE,182965533023.0,562.89,58.69,58.67,9,88.0,3344,True,-4.34,409.2,99.35,122.1,206.84,262.68,342.96,282.3655,253.4396,183.4485,155.2049,127.0741,5923655521,1255,2026-09-25,54.1,325046693.0
NASDAQ:AGCC,AGCC,Agencia Comercial Spirits Ltd,Consumer Defensive,Beverages - Wineries & Distilleries,Taiwan,NASDAQ,341797500.0,15.0,58.7,54.46,9,88.1,3345,False,-37.4,274.06,4.54,,,,,14.3489,,,,,242136,233,2026-09-25,57.82,22786500.0
NASDAQ:ENGS,ENGS,Energys Group Limited,Industrials,Waste Management,United Kingdom,NASDAQ,91885043.0,2.94,58.71,57.47,9,88.1,3346,False,-75.94,359.38,75.58,22.19,,,,1.6744,2.4061,,,,6309784,374,2026-09-25,57.06,31253416.0
NYSE:DOCN,DOCN,"DigitalOcean Holdings, Inc.",Technology,Software - Infrastructure,United States,NYSE,16337906416.0,139.75,58.73,55.85,9,88.1,3347,False,-22.91,309.1,35.41,54.25,122.67,163.57,189.26,103.2025,90.598,62.7608,53.0218,48.3136,364636762,1255,2026-09-25,60.34,116908096.0
NYSE:BTX,BTX,BlackRock Technology and Private Equity Term Trust Common Shares of Beneficial Interest,Financial Services,Asset Management,United States,NYSE,1055061094.0,9.04,58.78,56.75,9,88.2,3348,True,-2.27,56.05,19.89,24.29,34.4,42.8,50.04,7.5405,7.2733,6.7261,6.3308,6.025,3410683,1255,2026-09-25,56.94,116710298.0
AMEX:LEGO,LEGO,Legato Merger Corp. IV,Financial Services,Shell Companies,United States,AMEX,312666670.0,10.0,58.8,58.8,9,88.2,3349,False,0.0,2.04,,,,,,,,,,,553454,135,2026-09-25,58.8,31266667.0
NYSE:BMEZ,BMEZ,BlackRock Health Sciences Term Trust Common Shares of Beneficial Interest,Financial Services,Asset Management,United States,NYSE,1050648601.0,16.81,58.82,59.66,9,88.2,3350,False,-1.89,30.85,15.11,16.5,23.88,30.8,36.01,14.6035,14.4298,13.5699,12.8519,12.3597,2239521,1255,2026-09-25,58.6,62501404.0
NASDAQ:NFE,NFE,New Fortress Energy Inc.,Energy,Oil & Gas Midstream,United States,NASDAQ,1948028313.0,6.82,58.82,61.29,9,88.2,3351,True,-46.59,2543.41,480.14,435.91,53.57,3.98,46.0,1.1756,1.2726,4.441,6.5589,4.6713,3848507,1253,2026-09-25,56.41,285634650.0
AMEX:USBC,USBC,"USBC, Inc.",Technology,Scientific & Technical Instruments,United States,AMEX,197953659.0,0.51,58.83,58.41,9,88.3,3352,False,-62.22,70.0,16.65,-4.88,-77.95,-93.61,-97.16,0.4372,0.5362,2.3127,7.981,17.9516,168051,1254,2026-09-25,58.83,388144429.0
NASDAQ:JAKK,JAKK,"JAKKS Pacific, Inc.",Consumer Cyclical,Leisure,United States,NASDAQ,289085822.0,25.26,58.86,56.4,9,88.3,3353,False,-4.21,76.4,18.74,24.09,19.29,17.23,22.34,21.2729,20.356,21.1752,21.5475,20.6469,1238714,1255,2026-09-25,50.03,11444411.0
NYSE:WRBY,WRBY,Warby Parker Inc.,Healthcare,Medical Instruments & Supplies,United States,NYSE,2860485388.0,26.71,58.91,55.11,9,88.3,3354,False,-11.96,61.98,5.87,9.71,15.85,33.68,45.7,25.228,24.3456,23.0558,19.9803,18.3328,77004222,1253,2026-09-25,57.25,107094174.0
NYSE:MOG.B,MOG-B,Moog Inc.,Industrials,Aerospace & Defense,United States,NYSE,1273776324.0,392.72,58.93,54.0,9,88.3,3355,False,-12.73,92.3,15.28,24.99,56.3,80.08,109.94,340.68,314.1947,251.2617,218.0811,187.0628,69529,1255,2026-09-25,58.93,3243472.0
NYSE:BIII,BIII,Black Spade Acquisition III Co,Financial Services,Shell Companies,Hong Kong,NYSE,173362500.0,10.05,58.94,62.34,9,88.4,3356,False,-0.2,2.13,,,,,,,,,,,2180152,166,2026-09-25,58.94,17250000.0
NYSE:PD,PD,"PagerDuty, Inc.",Technology,Software - Application,United States,NYSE,1109022485.0,14.38,58.95,60.95,9,88.4,3357,False,-13.53,150.96,48.5,32.88,2.38,-13.03,-24.05,9.6832,10.8217,14.0456,16.5337,18.9338,25327013,1255,2026-09-25,67.91,77122565.0
NASDAQ:HTFL,HTFL,"Heartflow, Inc.",Healthcare,Health Information Services,United States,NASDAQ,4240461513.0,49.17,58.98,61.54,9,88.4,3358,False,-3.11,139.97,57.2,55.04,,,,31.279,31.7153,,,,100443390,284,2026-09-25,57.63,86240828.0
NYSE:ERO,ERO,Ero Copper Corp.,Basic Materials,Copper,Canada,NYSE,3949006648.0,37.87,58.99,57.77,9,88.4,3359,False,-6.26,106.38,27.23,34.43,75.87,86.41,95.1,29.7651,28.1703,21.5327,20.3151,19.4109,49627617,1255,2026-09-25,56.96,104277968.0
NASDAQ:AXTI,AXTI,AXT Inc,Technology,Semiconductor Equipment & Materials,United States,NASDAQ,5164506145.0,78.94,59.04,55.62,9,88.5,3360,False,-43.95,1858.81,34.42,63.79,213.79,344.33,450.23,58.7281,48.1948,25.1566,17.7661,14.3468,583511695,1255,2026-09-25,56.83,65423184.0
NASDAQ:WBTN,WBTN,WEBTOON Entertainment Inc.,Communication Services,Internet Content & Information,United States,NASDAQ,1492991419.0,11.04,59.05,56.63,9,88.5,3361,False,-44.94,33.82,-1.26,-9.95,-5.43,,,11.1812,12.2593,11.6733,,,4317735,564,2026-09-25,57.56,135234730.0
NASDAQ:IRHO,IRHO,Iron Horse Acquisitions II Corp.,Financial Services,Shell Companies,United States,NASDAQ,294959200.0,10.06,59.1,58.74,9,88.5,3362,False,-0.1,2.13,,,,,,,,,,,377454,160,2026-09-25,59.1,29320000.0
NASDAQ:TSSI,TSSI,"TSS, Inc.",Technology,Information Technology Services,United States,NASDAQ,277089946.0,9.87,59.1,53.72,9,88.5,3363,False,-51.67,42.63,-8.71,-15.42,-20.54,13.01,47.95,10.812,11.6699,12.4212,8.7341,6.671,8662009,1255,2026-09-25,63.44,28073956.0
NYSE:IBTA,IBTA,"Ibotta, Inc.",Technology,Software - Application,United States,NYSE,829311198.0,41.06,59.15,58.81,9,88.6,3364,False,-3.16,113.3,36.84,38.22,0.4,,,30.0065,29.7065,40.8977,,,8028723,611,2026-09-25,62.95,20197545.0
NASDAQ:AGPU,AGPU,Axe Compute Inc.,Technology,Software - Infrastructure,United States,NASDAQ,137643925.0,12.09,59.2,59.23,9,88.6,3365,True,-32.83,757.45,95.68,78.08,12.03,-34.16,-66.69,6.1785,6.789,10.7914,18.3615,36.2913,3615586,1255,2026-09-25,54.42,11384940.0
NYSE:WS,WS,"Worthington Steel, Inc.",Basic Materials,Steel,United States,NYSE,1847379774.0,36.26,59.21,54.7,9,88.6,3366,False,-24.51,30.16,-1.86,1.41,9.57,,,36.9458,35.7542,33.0934,,,10299319,709,2026-09-25,55.47,50948146.0
NASDAQ:AFCG,AFCG,Advanced Flower Capital Inc.,Financial Services,Asset Management,United States,NASDAQ,81200268.0,3.56,59.23,58.41,9,88.7,3367,True,-7.83,76.34,23.39,20.93,-20.52,-30.39,-33.95,2.8852,2.9439,4.4793,5.1144,5.3901,277938,1255,2026-09-25,54.8,22809064.0
NYSE:VLN,VLN,Valens Semiconductor Ltd.,Technology,Semiconductors,Israel,NYSE,203552311.0,1.88,59.24,54.41,9,88.7,3368,True,-46.74,69.37,2.3,3.82,-7.74,-13.07,-24.78,1.8377,1.8108,2.0378,2.1628,2.4995,1178300,1252,2026-09-25,57.4,108272506.0
NASDAQ:XMTR,XMTR,"Xometry, Inc.",Industrials,Industrial Distribution,United States,NASDAQ,5407703811.0,100.57,59.26,57.59,9,88.7,3369,True,-4.34,178.59,41.01,48.12,100.43,150.61,169.61,71.3187,67.8993,50.178,40.1298,37.3021,75498655,1255,2026-09-25,55.66,53770546.0
NYSE:HCA,HCA,"HCA Healthcare, Inc.",Healthcare,Medical Care Facilities,United States,NYSE,94310218415.0,435.61,59.27,57.78,9,88.7,3370,True,-19.66,21.03,-2.24,-2.65,9.07,18.77,29.23,445.6023,447.4605,399.4031,366.7595,337.0905,652420493,1255,2026-09-25,52.37,216501500.0
NYSE:FPS,FPS,"Forgent Power Solutions, Inc.",Industrials,Electrical Equipment & Parts,United States,NYSE,10131076456.0,38.97,59.29,54.84,9,88.8,3371,True,-39.67,39.33,,,,,,,,,,,355879372,161,2026-09-25,59.25,259971169.0
NASDAQ:SAIC,SAIC,Science Applications International Corporation,Technology,Information Technology Services,United States,NASDAQ,5606328968.0,132.61,59.3,59.91,9,88.8,3372,True,-0.84,62.44,24.54,27.93,21.27,17.23,20.11,106.4799,103.6587,109.3524,113.1189,110.4042,70758533,1255,2026-09-25,58.93,42276819.0
NASDAQ:PBYI,PBYI,Puma Biotechnology Inc,Healthcare,Biotechnology,United States,NASDAQ,497287685.0,9.77,59.33,59.07,9,88.8,3373,False,-0.51,107.87,32.57,41.43,90.89,105.68,121.19,7.3698,6.908,5.1182,4.75,4.4169,2893900,1255,2026-09-25,60.44,50899456.0
NASDAQ:CMRC,CMRC,"Commerce.com, Inc. - Series 1",Technology,Software - Application,United States,NASDAQ,268577354.0,3.255,59.36,57.89,9,88.9,3374,True,-40.93,58.01,6.97,-4.06,-28.0,-42.22,-51.8,3.043,3.3929,4.5211,5.6339,6.7535,3718981,1255,2026-09-25,56.33,82512244.0
NASDAQ:MCHP,MCHP,Microchip Technology Incorporated,Technology,Semiconductors,United States,NASDAQ,42729328635.0,78.69,59.36,53.97,9,88.9,3375,True,-22.93,64.73,1.05,6.31,17.63,10.48,10.59,77.8749,74.0178,66.8944,71.2244,71.153,624622730,1255,2026-09-25,50.67,543008370.0
NASDAQ:VIRC,VIRC,Virco Manufacturing Corporation,Consumer Cyclical,"Furnishings, Fixtures & Appliances",United States,NASDAQ,102242030.0,6.5,59.36,57.49,9,88.9,3376,False,-15.32,20.45,5.62,2.6,-21.49,-29.33,-18.12,6.1543,6.3353,8.2795,9.1973,7.9385,170384,1255,2026-09-25,61.88,15729543.0
NASDAQ:RKLB,RKLB,Rocket Lab Corporation,Industrials,Aerospace & Defense,United States,NASDAQ,42807249776.0,73.95,59.41,53.37,9,88.9,3377,False,-50.78,87.31,-8.81,-2.08,44.03,106.51,163.38,81.0911,75.5181,51.3426,35.81,28.0777,1331743313,1255,2026-09-25,58.93,578867475.0
NASDAQ:GH,GH,"Guardant Health, Inc.",Healthcare,Diagnostics & Research,United States,NASDAQ,23786271132.0,177.25,59.44,58.68,9,88.9,3378,False,-3.19,195.27,45.21,55.3,127.35,193.95,227.75,122.0606,114.1371,77.9651,60.2999,54.0805,319494287,1255,2026-09-25,58.73,134196170.0
NASDAQ:TOP,TOP,TOP Financial Group Limited,Financial Services,Capital Markets,Singapore,NASDAQ,1882758111.0,15.47,59.45,60.17,9,89.0,3379,True,-7.53,397.43,110.89,119.98,120.7,56.67,-9.1,7.3357,7.0325,7.0095,9.8745,17.018,1680401,1084,2026-09-25,55.4,121703821.0
NYSE:WCC,WCC,"WESCO International, Inc.",Industrials,Industrial Distribution,United States,NYSE,17906399874.0,367.44,59.47,56.54,9,89.0,3380,True,-1.64,77.56,16.57,22.81,52.42,72.26,88.37,315.2009,299.1881,241.0687,213.3021,195.0643,166873365,1255,2026-09-25,56.81,48732854.0
NASDAQ:BBNX,BBNX,"Beta Bionics, Inc.",Healthcare,Medical Devices,United States,NASDAQ,967728189.0,21.51,59.48,59.42,9,89.0,3381,False,-32.76,142.78,33.85,19.91,,,,16.0699,17.9387,,,,29980882,416,2026-09-25,61.05,44989688.0
NYSE:LUV,LUV,Southwest Airlines Company,Industrials,Airlines,United States,NYSE,20879406019.0,42.68,59.48,53.66,9,89.0,3382,False,-21.07,46.42,-0.97,4.45,19.48,30.63,32.18,43.0986,40.8628,35.7217,32.6725,32.2892,238733382,1255,2026-09-25,53.87,489208201.0
AMEX:MYO,MYO,Myomo Inc.,Healthcare,Medical Devices,United States,AMEX,63768645.0,1.61,59.5,57.56,9,89.1,3383,False,-13.44,151.56,56.28,58.88,-34.87,-42.0,-29.21,1.0302,1.0134,2.472,2.776,2.2744,564180,1255,2026-09-25,63.93,39607854.0
NASDAQ:JRSH,JRSH,"Jerash Holdings (US), Inc.",Consumer Cyclical,Apparel Manufacturing,United States,NASDAQ,72135659.0,5.68,59.51,59.74,9,89.1,3384,False,-1.39,104.65,50.31,56.32,70.51,83.98,79.58,3.7788,3.6336,3.3313,3.0873,3.163,444734,1255,2026-09-25,60.45,12699940.0
NYSE:WT,WT,"WisdomTree, Inc.",Financial Services,Asset Management,United States,NYSE,3721061026.0,24.33,59.51,58.9,9,89.1,3385,False,-2.84,127.84,36.7,46.31,79.03,106.35,136.1,17.7985,16.6288,13.5896,11.7905,10.3048,71971461,1255,2026-09-25,56.97,152941267.0
NASDAQ:RUSHB,RUSHB,"Rush Enterprises, Inc.",Consumer Cyclical,Auto & Truck Dealerships,United States,NASDAQ,920422615.0,55.19,59.53,58.22,9,89.2,3386,False,-3.18,74.16,20.95,26.78,39.53,52.62,65.29,45.63,43.5307,39.554,36.1608,33.3904,12353022,1255,2026-09-25,58.96,16677344.0
NASDAQ:WSHP,WSHP,WeShop Holdings Limited,Communication Services,Internet Content & Information,Jersey,NASDAQ,70209439.0,6.06,59.54,55.42,9,89.2,3387,True,-96.97,34.37,-75.55,,,,,24.7861,,,,,750555,216,2026-09-25,55.8,11585716.0
NASDAQ:MFI,MFI,mF International Limited,Technology,Software - Application,Hong Kong,NASDAQ,470837981.0,9.6,59.57,56.72,9,89.2,3388,False,-75.59,57.38,-16.75,-34.87,-34.3,,,11.531,14.7393,14.6127,,,158025,610,2026-09-25,59.57,49045623.0
NYSE:OGN,OGN,Organon & Co.,Healthcare,Drug Manufacturers - General,United States,NYSE,3605627515.0,13.73,59.57,61.95,9,89.2,3389,True,-0.36,141.59,28.31,34.59,19.33,4.25,-8.89,10.7007,10.2017,11.506,13.1701,15.0704,38281084,1255,2026-09-25,57.76,262609433.0
NYSE:LTC,LTC,"LTC Properties, Inc.",Real Estate,REIT - Healthcare Facilities,United States,NYSE,2197731721.0,42.94,59.58,59.4,9,89.3,3390,False,-0.97,34.2,14.28,16.79,24.06,31.91,36.62,37.5745,36.7675,34.6121,32.5513,31.4306,26148066,1255,2026-09-25,63.83,51181456.0
NASDAQ:ENTG,ENTG,"Entegris, Inc.",Technology,Semiconductor Equipment & Materials,United States,NASDAQ,23132847000.0,151.89,59.62,55.82,9,89.3,3391,True,-17.38,121.29,16.48,25.12,42.49,37.54,45.85,130.4029,121.3967,106.597,110.4314,104.1401,297818449,1255,2026-09-25,57.17,152300000.0
NYSE:HNGE,HNGE,"Hinge Health, Inc.",Healthcare,Health Information Services,United States,NYSE,5223466848.0,95.57,59.63,59.31,9,89.3,3392,True,0.0,206.61,59.31,66.01,,,,59.9908,57.5692,,,,181763660,338,2026-09-25,52.75,54655926.0
NASDAQ:MBVI,MBVI,M3-Brigade Acquisition VI Corp.,Financial Services,Shell Companies,United States,NASDAQ,353280000.0,10.24,59.64,61.4,9,89.3,3393,False,-0.1,2.5,1.16,,,,,10.1223,,,,,491522,236,2026-09-25,59.64,34500000.0
NASDAQ:MQ,MQ,"Marqeta, Inc.",Technology,Software - Infrastructure,United States,NASDAQ,1645120000.0,16.96,59.65,55.56,9,89.4,3394,False,-21.48,12.77,1.05,-1.91,-6.62,-14.21,-17.36,16.7844,17.291,18.1632,19.7697,20.5224,12305510,1255,2026-09-25,53.62,97000000.0
NASDAQ:OPRX,OPRX,OptimizeRx Corporation,Healthcare,Health Information Services,United States,NASDAQ,150871203.0,8.04,59.66,58.31,9,89.4,3395,False,-62.92,77.09,2.42,-18.45,-16.8,-20.31,-28.91,7.8503,9.8588,9.6632,10.089,11.3099,1209466,1255,2026-09-25,57.13,18765075.0
NASDAQ:TH,TH,Target Hospitality Corp.,Industrials,Specialty Business Services,United States,NASDAQ,2049468890.0,20.58,59.7,59.18,9,89.4,3396,False,-4.06,230.87,50.22,65.9,102.77,100.02,82.38,13.6997,12.405,10.1495,10.2889,11.2841,46347039,1255,2026-09-25,68.69,99585466.0
NASDAQ:PAYO,PAYO,Payoneer Global Inc.,Technology,Software - Infrastructure,United States,NASDAQ,2424853841.0,7.17,59.71,60.96,9,89.4,3397,True,-0.14,67.92,20.72,21.23,2.33,9.98,13.49,5.9393,5.9144,7.0065,6.5191,6.3176,20775396,1255,2026-09-25,52.82,338194399.0
NYSE:AMBQ,AMBQ,"Ambiq Micro, Inc.",Technology,Semiconductors,United States,NYSE,1685110118.0,69.79,59.75,55.49,9,89.5,3398,True,-22.87,206.63,38.57,52.17,,,,50.3635,45.8622,,,,36781296,292,2026-09-25,58.54,24145438.0
NASDAQ:BDSX,BDSX,"Biodesix, Inc.",Healthcare,Diagnostics & Research,United States,NASDAQ,301354042.0,29.1,59.75,59.26,9,89.5,3399,False,-4.9,432.97,77.43,100.04,86.47,38.02,23.04,16.4008,14.5473,15.6059,21.0836,23.6507,2167866,1255,2026-09-25,61.45,10355809.0
NASDAQ:CUB,CUB,Lionheart Holdings,Financial Services,Shell Companies,United States,NASDAQ,234093226.0,10.89,59.78,57.86,9,89.5,3400,True,-0.18,3.71,1.09,1.47,3.73,,,10.7725,10.7327,10.4988,,,1114781,533,2026-09-25,55.82,21496164.0
NASDAQ:SNPS,SNPS,"Synopsys, Inc.",Technology,Software - Infrastructure,United States,NASDAQ,81524237412.0,425.76,59.81,55.41,9,89.5,3401,False,-20.35,15.79,-4.39,-4.15,-10.86,-14.52,-8.93,445.2919,444.2112,477.612,498.0972,467.4849,767951803,1255,2026-09-25,59.51,191479325.0
NASDAQ:AZTA,AZTA,"Azenta, Inc.",Healthcare,Medical Instruments & Supplies,United States,NASDAQ,1568077192.0,34.02,59.83,59.13,9,89.6,3402,False,-17.04,112.36,20.69,17.68,1.66,-16.86,-20.58,28.1889,28.9095,33.466,40.9203,42.833,27835318,1255,2026-09-25,61.29,46092804.0
NASDAQ:LCUT,LCUT,"Lifetime Brands, Inc.",Consumer Cyclical,"Furnishings, Fixtures & Appliances",United States,NASDAQ,213922875.0,9.36,59.86,56.36,9,89.6,3403,False,-5.45,221.8,43.74,59.01,77.92,57.25,57.72,6.5119,5.8863,5.2608,5.9524,5.9344,1522108,1255,2026-09-25,58.19,22855008.0
NYSE:APLE,APLE,"Apple Hospitality REIT, Inc.",Real Estate,REIT - Hotel & Motel,United States,NYSE,3821933699.0,16.19,59.87,55.56,9,89.6,3404,False,-4.23,53.8,17.91,23.05,27.84,26.88,28.04,13.731,13.1576,12.6646,12.7602,12.6447,41229898,1255,2026-09-25,58.09,236067554.0
NYSE:DBRG,DBRG,"DigitalBridge Group, Inc.",Financial Services,Asset Management,United States,NYSE,2952001108.0,15.98,59.89,58.75,9,89.7,3405,False,-0.06,74.6,3.05,9.13,23.65,15.08,16.15,15.5066,14.6433,12.924,13.8865,13.7586,93015027,1255,2026-09-25,59.89,184730983.0
NASDAQ:ECOR,ECOR,"electroCore, Inc.",Healthcare,Medical Devices,United States,NASDAQ,100256641.0,11.12,59.95,60.11,9,89.7,3406,False,-9.52,151.58,53.16,63.26,37.97,49.35,62.92,7.2606,6.8114,8.0596,7.4456,6.8256,909833,1255,2026-09-25,62.91,9015885.0
NASDAQ:VIAV,VIAV,Viavi Solutions Inc.,Technology,Communication Equipment,United States,NASDAQ,10035172120.0,40.68,59.95,54.66,9,89.7,3407,False,-26.48,233.17,12.47,27.71,92.83,140.84,164.16,36.1712,31.8528,21.0965,16.8906,15.3995,187337539,1255,2026-09-25,50.85,246685647.0
NASDAQ:VUZI,VUZI,Vuzix Corporation,Technology,Consumer Electronics,United States,NASDAQ,244485279.0,2.94,59.95,56.71,9,89.7,3408,True,-42.8,44.83,3.05,1.08,9.57,23.61,0.43,2.853,2.9087,2.6833,2.3785,2.9274,1899532,1255,2026-09-25,52.62,83158258.0
NASDAQ:VRA,VRA,"Vera Bradley, Inc.",Consumer Cyclical,Footwear & Accessories,United States,NASDAQ,114606156.0,4.03,59.98,58.36,9,89.8,3409,False,-6.06,123.89,22.9,30.61,28.67,-8.07,-12.47,3.2792,3.0854,3.132,4.3836,4.6039,3729702,1255,2026-09-25,61.32,28438252.0
NASDAQ:RDZN,RDZN,"Roadzen, Inc.",Technology,Software - Application,United States,NASDAQ,118387644.0,1.4,60.0,55.39,9,89.8,3410,False,-41.91,68.07,-6.66,-5.07,6.17,-36.75,-67.21,1.4998,1.4747,1.3186,2.2133,4.2696,474524,1179,2026-09-25,50.8,84562603.0
NYSE:KN,KN,Knowles Corporation,Technology,Electronic Components,United States,NYSE,3205449535.0,37.53,60.01,55.52,9,89.8,3411,False,-12.31,81.57,19.74,26.73,56.94,74.93,86.34,31.3432,29.6135,23.9142,21.4544,20.1403,24366257,1255,2026-09-25,56.0,85410326.0
NASDAQ:OBIO,OBIO,"Orchestra BioMed Holdings, Inc.",Healthcare,Biotechnology,United States,NASDAQ,356290254.0,5.95,60.01,61.04,9,89.8,3412,False,-4.8,145.87,36.56,40.15,43.57,20.14,-7.5,4.3572,4.2454,4.1443,4.9526,6.4322,2137517,1255,2026-09-25,60.01,59880715.0
NYSE:INSW,INSW,"International Seaways, Inc.",Energy,Oil & Gas Midstream,United States,NYSE,5229676085.0,105.64,60.02,61.3,9,89.9,3413,False,-4.96,184.51,47.71,61.23,115.27,132.52,160.6,71.5166,65.5221,49.0725,45.4318,40.5376,82338621,1255,2026-09-25,58.74,49504696.0
NASDAQ:RIGL,RIGL,"Rigel Pharmaceuticals, Inc.",Healthcare,Biotechnology,United States,NASDAQ,891430214.0,48.18,60.02,60.13,9,89.9,3414,True,-5.46,89.39,32.44,33.11,65.91,108.17,134.79,36.3791,36.195,29.0401,23.1447,20.5203,11170366,1255,2026-09-25,58.96,18502080.0
NYSE:RBRK,RBRK,"Rubrik, Inc.",Technology,Software - Infrastructure,United States,NYSE,17632813387.0,109.55,60.04,59.74,9,89.9,3415,False,-5.21,150.06,54.03,51.84,54.63,,,71.1245,72.1464,70.8453,,,368363428,607,2026-09-25,65.92,160956763.0
NYSE:GATX,GATX,GATX Corporation,Industrials,Rental & Leasing Services,United States,NYSE,6486598306.0,183.73,60.09,57.35,9,89.9,3416,True,-7.79,22.58,3.08,5.14,12.95,23.54,33.18,178.2392,174.7531,162.6627,148.7172,137.957,42107881,1255,2026-09-25,59.5,35305058.0
NASDAQ:SLAB,SLAB,"Silicon Laboratories, Inc.",Technology,Semiconductors,United States,NASDAQ,7296898521.0,221.24,60.12,59.13,9,90.0,3417,False,-0.33,90.59,10.31,18.94,41.97,54.08,53.13,200.5668,186.0083,155.8314,143.591,144.4817,66500212,1255,2026-09-25,61.38,32981823.0
NASDAQ:PLXS,PLXS,Plexus Corp.,Technology,Electronic Components,United States,NASDAQ,7039346801.0,263.09,60.13,55.58,9,90.0,3418,True,-13.41,98.2,14.84,24.39,50.1,73.52,90.58,229.0897,211.4972,175.2761,151.6206,138.0491,54305641,1255,2026-09-25,59.09,26756421.0
NYSE:BOW,BOW,Bowhead Specialty Holdings Inc.,Financial Services,Insurance - Property & Casualty,United States,NYSE,1108612062.0,33.76,60.16,61.12,10,90.0,3419,False,-0.32,57.46,21.93,23.41,9.95,,,27.6885,27.3563,30.7037,,,10002080,587,2026-09-25,65.64,32838035.0
NYSE:ECO,ECO,Okeanis Eco Tankers Corp.,Industrials,Marine Shipping,Greece,NYSE,3041578624.0,77.9,60.16,62.89,10,90.0,3420,False,-9.73,222.34,64.27,78.9,143.13,169.39,,47.4231,43.5442,32.0402,28.917,,60095662,783,2026-09-25,60.99,39044655.0
NASDAQ:TXN,TXN,Texas Instruments Incorporated,Technology,Semiconductors,United States,NASDAQ,253946784046.0,278.07,60.16,54.85,10,90.0,3421,True,-15.89,84.4,13.72,21.71,35.1,44.85,52.18,244.5234,228.465,205.8185,191.97,182.7288,1603070282,1255,2026-09-25,53.95,913247686.0
NYSE:AER,AER,AerCap Holdings N.V.,Industrials,Rental & Leasing Services,Ireland,NYSE,23453434339.0,149.21,60.17,55.66,10,90.1,3422,False,-3.63,25.55,3.96,6.42,22.63,38.75,57.28,143.5316,140.2031,121.6736,107.5395,94.8696,166276137,1255,2026-09-25,52.16,157184065.0
NYSE:MTRN,MTRN,Materion Corporation,Basic Materials,Other Industrial Metals & Mining,United States,NYSE,5511561466.0,264.96,60.17,56.32,10,90.1,3423,False,-10.85,138.42,35.57,47.05,91.72,103.62,117.24,195.4363,180.1883,138.1993,130.1234,121.9674,60940974,1255,2026-09-25,54.92,20801485.0
NASDAQ:NTAP,NTAP,"NetApp, Inc.",Technology,Software - Infrastructure,United States,NASDAQ,39472522405.0,201.15,60.17,59.08,10,90.1,3424,False,-2.86,115.49,48.06,53.24,68.65,79.78,101.36,135.8554,131.2642,119.2677,111.8863,99.8972,484879406,1255,2026-09-25,56.83,196234265.0
NYSE:ANET,ANET,"Arista Networks, Inc.",Technology,Computer Hardware,United States,NYSE,260081447419.0,206.55,60.18,58.24,10,90.2,3425,False,-1.88,77.86,31.53,34.43,60.17,89.47,127.23,157.0391,153.6459,128.9528,109.0137,90.8977,939074233,1255,2026-09-25,59.53,1259169438.0
NASDAQ:KOPN,KOPN,Kopin Corporation,Technology,Electronic Components,United States,NASDAQ,924653402.0,4.99,60.19,56.7,10,90.2,3426,False,-21.91,174.18,38.42,43.61,104.3,138.62,160.49,3.6049,3.4746,2.4425,2.0912,1.9156,15983790,1255,2026-09-25,57.61,185301283.0
NYSE:RNG,RNG,"RingCentral, Inc.",Technology,Software - Application,United States,NYSE,5641861667.0,76.16,60.2,62.29,10,90.2,3427,False,-4.59,208.5,77.42,91.09,116.83,124.36,124.11,42.9272,39.8559,35.1241,33.9448,33.983,118878023,1255,2026-09-25,70.09,74079066.0
NASDAQ:SBET,SBET,"Sharplink, Inc.",Financial Services,Capital Markets,United States,NASDAQ,2024828809.0,9.63,60.27,60.62,10,90.3,3428,False,-49.95,111.18,29.66,11.47,-5.41,-16.55,-55.21,7.4273,8.6394,10.1813,11.5404,21.5023,81868159,1255,2026-09-25,64.17,210262597.0
NASDAQ:GEMI,GEMI,"Gemini Space Station, Inc.",Financial Services,Capital Markets,United States,NASDAQ,284235273.0,5.54,60.28,58.51,10,90.3,3429,False,-78.4,56.5,-9.6,-34.72,,,,6.1284,8.4867,,,,15088995,261,2026-09-25,62.24,51306006.0
NASDAQ:SBFG,SBFG,"SB Financial Group, Inc.",Financial Services,Banks - Regional,United States,NASDAQ,186714341.0,29.86,60.32,60.87,10,90.3,3430,False,-2.83,68.52,28.07,32.52,42.42,61.76,73.46,23.3149,22.5326,20.9662,18.459,17.2141,483491,1255,2026-09-25,72.4,6252992.0
NASDAQ:WABC,WABC,Westamerica Bancorporation,Financial Services,Banks - Regional,United States,NASDAQ,1395531340.0,60.67,60.35,58.21,10,90.3,3431,False,-2.08,38.75,12.28,15.69,21.03,25.46,28.53,54.0345,52.4424,50.1289,48.3574,47.2016,14651373,1255,2026-09-25,54.88,23002000.0
NASDAQ:QTRX,QTRX,Quanterix Corporation,Healthcare,Medical Devices,United States,NASDAQ,154036558.0,3.27,60.42,54.87,10,90.4,3432,False,-59.43,35.12,-24.67,-29.91,-48.48,-69.87,-73.17,4.3408,4.6655,6.3475,10.8537,12.1888,2445475,1255,2026-09-25,58.04,47105981.0
NASDAQ:VLGEA,VLGEA,"Village Super Market, Inc.",Consumer Defensive,Grocery Stores,United States,NASDAQ,484753315.0,45.37,60.42,58.27,10,90.4,3433,False,-3.25,48.46,10.78,15.33,25.06,39.29,54.12,40.9539,39.3385,36.2792,32.5727,29.4376,2169563,1255,2026-09-25,64.25,10684446.0
NASDAQ:MPWR,MPWR,"Monolithic Power Systems, Inc.",Technology,Semiconductors,United States,NASDAQ,67181840813.0,1367.4301,60.44,55.58,10,90.4,3434,True,-18.96,60.4,7.6,13.36,43.7,59.38,81.63,1270.8874,1206.3093,951.6129,857.9628,752.8499,930714952,1255,2026-09-25,57.55,49130000.0
NASDAQ:SAMG,SAMG,Silvercrest Asset Management Group Inc.,Financial Services,Asset Management,United States,NASDAQ,79122756.0,10.3,60.46,55.92,10,90.4,3435,False,-31.16,13.31,-14.88,-16.79,-25.21,-25.32,-27.5,12.1002,12.3784,13.7722,13.7924,14.2062,993686,1255,2026-09-25,57.5,7681821.0
NYSE:BFLY,BFLY,"Butterfly Network, Inc.",Healthcare,Medical Devices,United States,NYSE,2299218930.0,9.39,60.47,58.18,10,90.5,3436,False,-5.44,394.21,70.02,92.29,153.79,233.28,238.39,5.5228,4.8834,3.7,2.8174,2.7749,45698877,1255,2026-09-25,60.69,244858246.0
NASDAQ:KMTS,KMTS,"Kestra Medical Technologies, Ltd.",Healthcare,Medical Instruments & Supplies,United States,NASDAQ,1590488704.0,27.14,60.48,57.42,10,90.5,3437,False,-4.27,51.87,15.32,13.5,,,,23.5347,23.9109,,,,9867329,392,2026-09-25,53.59,58603121.0
NASDAQ:QSI,QSI,Quantum-Si Incorporated,Healthcare,Medical Devices,United States,NASDAQ,164984101.0,0.834,60.5,55.36,10,90.5,3438,False,-68.29,18.8,-12.6,-25.12,-35.77,-38.61,-46.55,0.9542,1.1138,1.2985,1.3585,1.5604,1185752,1255,2026-09-25,53.38,197822663.0
NASDAQ:EFSI,EFSI,Eagle Financial Services Inc,Financial Services,Banks - Regional,United States,NASDAQ,247453831.0,45.72,60.51,60.38,10,90.5,3439,False,-1.85,45.12,16.73,18.89,30.14,39.27,42.24,39.1658,38.4545,35.1326,32.8277,32.1434,2088868,1255,2026-09-25,58.59,5412376.0
NASDAQ:GILD,GILD,"Gilead Sciences, Inc.",Healthcare,Drug Manufacturers - General,United States,NASDAQ,187390141083.0,150.93,60.58,60.33,10,90.6,3440,True,-1.38,39.89,12.26,15.25,31.49,51.85,63.79,134.4509,130.9643,114.7879,99.3922,92.1469,875635703,1255,2026-09-25,58.3,1241569874.0
NASDAQ:VECO,VECO,Veeco Instruments Inc.,Technology,Semiconductor Equipment & Materials,United States,NASDAQ,3036309219.0,49.67,60.58,53.88,10,90.6,3441,True,-40.19,88.22,10.66,19.04,50.5,48.41,62.34,44.8852,41.7239,33.0033,33.4683,30.5959,26224720,1255,2026-09-25,50.19,61129640.0
NYSE:IQV,IQV,"IQVIA Holdings, Inc.",Healthcare,Diagnostics & Research,United States,NYSE,44502902000.0,270.37,60.59,62.3,10,90.7,3442,False,-1.69,72.58,32.04,30.97,37.89,31.53,31.12,204.7583,206.4351,196.0775,205.5507,206.1979,434265479,1255,2026-09-25,67.07,164600000.0
NYSE:SCL,SCL,Stepan Company,Basic Materials,Specialty Chemicals,United States,NYSE,1466930806.0,64.53,60.59,59.45,10,90.7,3443,True,-1.92,57.22,18.72,23.54,17.28,2.94,-7.41,54.3552,52.2331,55.0237,62.688,69.697,9560638,1255,2026-09-25,57.53,22732540.0
NYSE:TXNM,TXNM,"TXNM Energy, Inc.",Utilities,Utilities - Regulated Electric,United States,NYSE,6478588680.0,58.52,60.59,59.26,10,90.7,3444,True,-0.89,6.51,1.19,1.89,9.49,22.43,26.27,57.8291,57.4331,53.4496,47.8004,46.3467,108025985,1255,2026-09-25,54.08,110707257.0
NASDAQ:KMDA,KMDA,Kamada Ltd.,Healthcare,Drug Manufacturers - Specialty & Generic,Israel,NASDAQ,503094052.0,8.72,60.6,60.51,10,90.7,3445,False,-1.69,38.94,13.03,16.76,26.89,39.37,50.63,7.7146,7.468,6.8721,6.2567,5.789,1227558,1255,2026-09-25,63.83,57694272.0
NYSE:PAC,PAC,"Grupo Aeroportuario Del Pacifico, S.A. B. de C.V. Grupo Aeroportuario Del Pacifico, S.A. de C.V. (each representing 10 Series B shares)",Industrials,Airports & Air Services,Mexico,NYSE,11212178769.0,215.94,60.61,54.15,10,90.7,3446,False,-28.12,8.21,-11.16,-9.72,-1.37,10.72,17.2,243.0572,239.199,218.9336,195.0263,184.2486,27391772,1255,2026-09-25,55.14,51922658.0
NYSE:TRLV,TRLV,Trulieve Cannabis Corp. Subordinate Voting Shares,Healthcare,Drug Manufacturers - Specialty & Generic,United States,NYSE,2074488267.0,12.21,60.62,60.28,10,90.8,3447,False,-6.08,156.51,43.2,48.73,72.47,60.51,64.85,8.5265,8.2094,7.0796,7.6072,7.4068,27732097,1255,2026-09-25,61.51,169900759.0
NASDAQ:CLGN,CLGN,CollPlant Biotechnologies Ltd.,Healthcare,Biotechnology,Israel,NASDAQ,80359880.0,4.25,60.66,58.44,10,90.8,3448,False,-86.46,55.68,-35.31,-57.0,-79.0,-86.43,-90.04,6.5698,9.8842,20.2349,31.3252,42.6544,4257039,1255,2026-09-25,58.71,18908207.0
NYSE:EQH,EQH,"Equitable Holdings, Inc.",Financial Services,Asset Management,United States,NYSE,14696066365.0,53.84,60.68,60.04,10,90.8,3449,False,-0.37,54.43,20.44,19.55,14.95,27.01,40.85,44.7015,45.0366,46.8361,42.3907,38.2254,169781141,1255,2026-09-25,54.12,272958142.0
NASDAQ:MNOV,MNOV,"MediciNova, Inc.",Healthcare,Biotechnology,United States,NASDAQ,126990815.0,2.58,60.78,62.98,10,90.8,3450,False,-25.22,118.64,72.24,75.57,67.19,67.58,50.04,1.498,1.4695,1.5431,1.5396,1.7195,2426667,1255,2026-09-25,62.95,49221246.0
NYSE:ELME,ELME,Elme Communities,Real Estate,REIT - Residential,United States,NYSE,153724138.0,1.73,60.82,57.19,10,90.9,3451,True,-45.6,28.15,-15.41,-19.75,-24.68,-22.77,-23.75,2.0452,2.1557,2.2968,2.2399,2.2689,1134259,1255,2026-09-25,55.79,88857883.0
NASDAQ:PRAA,PRAA,"PRA Group, Inc.",Financial Services,Credit Services,United States,NASDAQ,787609337.0,20.65,60.89,58.84,10,90.9,3452,False,-7.11,98.18,19.53,22.81,16.01,7.61,-6.37,17.2766,16.8143,17.7997,19.1898,22.0554,8719502,1255,2026-09-25,57.38,38140888.0
NASDAQ:CWBC,CWBC,Community West Bancshares,Financial Services,Banks - Regional,United States,NASDAQ,726382695.0,26.77,60.91,57.89,10,90.9,3453,False,-4.01,37.6,9.99,13.11,26.61,34.73,39.93,24.3397,23.6671,21.1433,19.8695,19.1305,4943584,1255,2026-09-25,55.76,27134206.0
NASDAQ:MRAM,MRAM,"Everspin Technologies, Inc.",Technology,Semiconductors,United States,NASDAQ,433076747.0,18.47,60.91,55.48,10,90.9,3454,False,-58.03,146.27,14.77,25.28,77.49,94.76,106.47,16.093,14.7425,10.406,9.4836,8.9454,14126606,1255,2026-09-25,58.21,23447577.0
NYSE:EMR,EMR,Emerson Electric Company,Industrials,Specialty Industrial Machinery,United States,NYSE,88624623000.0,158.23,60.99,57.71,10,91.0,3455,False,-3.41,29.34,10.45,12.63,21.52,32.22,43.21,143.2552,140.4827,130.213,119.6741,110.4879,337885342,1255,2026-09-25,57.9,560100000.0
NASDAQ:GYRE,GYRE,"Gyre Therapeutics, Inc.",Healthcare,Biotechnology,United States,NASDAQ,819443040.0,7.35,61.0,58.85,10,91.0,3456,True,-17.14,32.19,3.57,1.57,-15.36,-30.83,-19.73,7.0966,7.2362,8.6836,10.6255,9.1569,1337118,1255,2026-09-25,60.59,111488849.0
NASDAQ:RDVT,RDVT,"Red Violet, Inc.",Technology,Software - Application,United States,NASDAQ,1108255745.0,78.55,61.02,60.34,10,91.0,3457,False,-0.65,128.34,45.66,45.8,67.41,105.1,132.91,53.9281,53.8734,46.9212,38.2979,33.7259,17090140,1255,2026-09-25,62.52,14108921.0
NYSE:LXP,LXP,LXP Industrial Trust Common Stock (Maryland REIT),Real Estate,REIT - Industrial,United States,NYSE,3589318232.0,60.88,61.04,64.06,10,91.0,3458,False,-0.44,44.13,16.3,19.73,33.95,39.91,41.51,52.3472,50.8468,45.4507,43.5144,43.0212,52870254,1255,2026-09-25,64.06,58957264.0
NASDAQ:NEO,NEO,"NeoGenomics, Inc.",Healthcare,Diagnostics & Research,United States,NASDAQ,2483430255.0,19.33,61.05,61.72,10,91.1,3459,False,-2.91,168.85,58.98,64.48,70.54,52.61,49.9,12.1585,11.7523,11.3343,12.6661,12.8954,37046960,1255,2026-09-25,63.39,128475440.0
NASDAQ:CTSO,CTSO,Cytosorbents Corporation,Healthcare,Medical Devices,United States,NASDAQ,275251236.0,4.38,61.06,65.45,10,91.1,3460,True,-31.67,1308.36,397.37,405.03,364.38,336.64,212.17,0.8806,0.8673,0.9432,1.0031,1.4031,185365,1254,2026-09-25,60.32,62842748.0
NASDAQ:LQDT,LQDT,"Liquidity Services, Inc.",Consumer Cyclical,Internet Retail,United States,NASDAQ,1359813484.0,43.61,61.06,59.16,10,91.1,3461,False,0.0,96.8,23.09,30.63,42.96,63.4,82.69,35.4298,33.384,30.5045,26.6898,23.871,9723662,1255,2026-09-25,59.77,31181231.0
NYSE:INFQ,INFQ,"Infleqtion, Inc.",Technology,Software - Infrastructure,United States,NYSE,3166036888.0,14.51,61.09,57.92,10,91.2,3462,False,-26.98,64.7,,,,,,,,,,,113386715,154,2026-09-25,59.73,218196891.0
NASDAQ:HVMC,HVMC,Highview Merger Corp.,Financial Services,Shell Companies,United States,NASDAQ,242751600.0,10.26,61.11,63.12,10,91.2,3463,False,-0.1,3.22,1.33,,,,,10.1253,,,,,335338,246,2026-09-25,61.11,23660000.0
NYSE:BMNR,BMNR,"BitMine Immersion Technologies, Inc.",Financial Services,Capital Markets,United States,NYSE,16624919419.0,27.56,61.12,60.93,10,91.2,3464,False,-56.39,107.06,25.71,4.01,,,,21.9236,26.4977,,,,1096623490,329,2026-09-25,63.16,603226394.0
NASDAQ:ODD,ODD,ODDITY Tech Ltd.,Consumer Defensive,Household & Personal Products,Israel,NASDAQ,644525607.0,18.64,61.14,59.43,10,91.2,3465,False,-70.08,90.01,-6.55,-27.15,-52.52,-51.95,,19.9474,25.586,39.259,38.7926,,31840098,801,2026-09-25,58.78,34577554.0
NASDAQ:PGEN,PGEN,"Precigen, Inc.",Healthcare,Biotechnology,United States,NASDAQ,2762960095.0,7.75,61.19,60.96,10,91.3,3466,False,-1.77,150.0,58.51,66.18,146.47,204.71,240.65,4.8892,4.6635,3.1444,2.5434,2.275,31633379,1255,2026-09-25,60.45,356510980.0
NASDAQ:NSTS,NSTS,"NSTS Bancorp, Inc.",Financial Services,Banks - Regional,United States,NASDAQ,68246507.0,14.12,61.22,63.03,10,91.3,3467,True,-0.28,30.4,8.35,11.57,15.76,25.06,29.78,13.0321,12.6561,12.1976,11.2903,10.88,230328,1176,2026-09-25,60.12,4833322.0
AMEX:INFU,INFU,"InfuSystems Holdings, Inc.",Healthcare,Medical Devices,United States,AMEX,256509445.0,12.71,61.24,61.4,10,91.3,3468,True,-3.05,71.29,30.37,30.34,49.98,50.81,48.02,9.7495,9.7511,8.4743,8.4276,8.5865,1749988,1255,2026-09-25,60.89,20181703.0
NYSE:NGVT,NGVT,Ingevity Corporation,Basic Materials,Specialty Chemicals,United States,NYSE,2509588306.0,73.0,61.26,55.79,10,91.3,3469,False,-6.25,58.01,4.44,9.96,32.4,42.11,32.39,69.8993,66.3876,55.138,51.3698,55.1399,18488189,1255,2026-09-25,57.04,34377922.0
NASDAQ:CDNS,CDNS,"Cadence Design Systems, Inc.",Technology,Software - Application,United States,NASDAQ,89813919090.0,326.13,61.28,54.69,10,91.4,3470,False,-21.68,22.76,0.18,-0.09,4.14,7.93,18.11,325.5292,326.432,313.1615,302.1634,276.1211,796166677,1255,2026-09-25,59.42,275393000.0
NASDAQ:DFDV,DFDV,DeFi Development Corp.,Financial Services,Asset Management,United States,NASDAQ,181913958.0,6.04,61.28,61.47,10,91.4,3471,False,-66.28,144.53,41.05,5.62,-15.91,16.91,,4.2821,5.7186,7.1827,5.1662,,14833825,797,2026-09-25,58.94,30118205.0
NASDAQ:FFIV,FFIV,"F5, Inc.",Technology,Software - Infrastructure,United States,NASDAQ,25177327560.0,443.06,61.31,59.41,10,91.4,3472,False,-2.84,97.8,30.11,35.4,47.17,70.48,91.25,340.5221,327.2216,301.0513,259.8833,231.6605,229134057,1255,2026-09-25,63.35,56826000.0
NYSE:XXI,XXI,"Twenty One Capital, Inc.",Consumer Defensive,Education & Training Services,United States,NYSE,2302804031.0,6.64,61.31,58.9,10,91.4,3473,True,-73.02,55.5,-3.72,-27.56,-52.75,,,6.8962,9.1659,14.0526,,,16325479,532,2026-09-25,61.19,346807836.0
NASDAQ:LCCC,LCCC,Lakeshore Acquisition III Corp.,Financial Services,Shell Companies,United States,NASDAQ,93680600.0,10.52,61.33,61.72,10,91.5,3474,False,-0.38,4.37,1.62,2.08,,,,10.3521,10.3054,,,,5628,318,2026-09-25,61.33,8905000.0
NASDAQ:PKOH,PKOH,Park-Ohio Holdings Corp.,Industrials,Specialty Industrial Machinery,United States,NASDAQ,691688039.0,48.04,61.35,60.06,10,91.5,3475,False,-8.51,159.58,51.22,63.67,85.34,89.56,114.31,31.7676,29.3516,25.9194,25.3424,22.4158,3043286,1255,2026-09-25,59.35,14398169.0
NYSE:JCI,JCI,Johnson Controls International plc,Industrials,Building Products & Equipment,Ireland,NYSE,90982368794.0,150.2,61.37,57.49,10,91.5,3476,True,-2.67,43.54,10.41,14.58,36.75,61.41,78.02,136.034,131.0878,109.8332,93.0549,84.3743,474964282,1255,2026-09-25,53.71,605741470.0
NYSE:CLS,CLS,"Celestica, Inc.",Technology,Electronic Components,Canada,NYSE,42019053508.0,365.44,61.42,57.24,10,91.5,3477,False,-22.64,56.39,10.83,13.25,65.18,126.75,194.07,329.7321,322.6779,221.2383,161.1622,124.2712,746642294,1255,2026-09-25,64.92,114982086.0
NASDAQ:DDI,DDI,"DoubleDown Interactive Co., Ltd. - American Depository Shares",Communication Services,Electronic Gaming & Multimedia,South Korea,NASDAQ,644194720.0,13.0,61.44,61.46,10,91.6,3478,False,-0.76,57.58,24.62,28.1,23.29,22.27,27.08,10.432,10.1484,10.5444,10.6318,10.2298,2225478,1255,2026-09-25,61.44,49553440.0
NYSE:HPE,HPE,Hewlett Packard Enterprise Company,Technology,Communication Equipment,United States,NYSE,83345369612.0,62.94,61.45,60.27,10,91.6,3479,False,-0.91,220.05,76.24,90.27,140.49,174.52,203.29,35.713,33.0792,26.1719,22.9275,20.7523,1593396371,1255,2026-09-25,62.85,1324203521.0
NASDAQ:TVA,TVA,Texas Ventures Acquisition III Corp,Financial Services,Shell Companies,United States,NASDAQ,237825000.0,10.57,61.46,58.56,10,91.6,3480,False,-9.27,2.52,0.33,-0.44,,,,10.5353,10.6169,,,,5934557,342,2026-09-25,61.46,22500000.0
NYSE:DDS,DDS,"Dillard's, Inc.",Consumer Cyclical,Department Stores,United States,NYSE,7723689263.0,664.07,61.5,59.29,10,91.7,3481,False,-5.07,30.11,9.88,10.25,31.81,47.1,62.91,604.3466,602.3189,503.7904,451.4313,407.6355,116698780,1255,2026-09-25,57.66,11630836.0
NASDAQ:LSCC,LSCC,Lattice Semiconductor Corporation,Technology,Semiconductors,United States,NASDAQ,18150986212.0,128.05,61.51,55.89,10,91.7,3482,False,-17.53,107.44,15.18,24.74,61.98,71.98,69.66,111.1705,102.653,79.0507,74.457,75.4762,187662706,1255,2026-09-25,55.92,141749209.0
NASDAQ:ORBS,ORBS,Eightco Holdings Inc.,Consumer Cyclical,Packaging & Containers,United States,NASDAQ,442333160.0,1.14,61.53,60.12,10,91.7,3483,True,-90.6,97.57,4.84,-45.35,-49.53,-52.93,-92.04,1.0874,2.0862,2.2586,2.4217,14.3253,13816152,1093,2026-09-25,56.51,388011544.0
NASDAQ:CTOR,CTOR,"Citius Oncology, Inc.",Healthcare,Drug Manufacturers - Specialty & Generic,United States,NASDAQ,97630264.0,1.05,61.55,60.83,10,91.7,3484,False,-48.28,112.98,19.39,2.82,-12.67,-75.99,,0.8795,1.0212,1.2023,4.3732,,94268,952,2026-09-25,61.55,92981204.0
NASDAQ:BRKR,BRKR,Bruker Corporation,Healthcare,Medical Devices,United States,NASDAQ,9769840548.0,64.18,61.56,58.43,10,91.8,3485,False,-0.17,109.4,31.59,36.72,37.03,17.59,10.61,48.7714,46.9414,46.8377,54.579,58.0261,131614350,1255,2026-09-25,61.26,152225624.0
NASDAQ:SHMD,SHMD,SCHMID Group N.V.,Industrials,Specialty Industrial Machinery,Germany,NASDAQ,287002923.0,4.37,61.56,54.88,10,91.8,3486,True,-58.06,74.8,-26.37,-21.25,3.97,,,5.9355,5.549,4.2032,,,4412860,603,2026-09-25,48.18,65675726.0
NYSE:HHH,HHH,Howard Hughes Holdings Inc.,Real Estate,Real Estate - Development,United States,NYSE,4086710493.0,68.43,61.57,57.43,10,91.8,3487,False,-23.84,13.63,-2.1,-5.75,-6.88,-5.05,-4.95,69.8951,72.6054,73.4881,72.0702,71.9941,45645518,1255,2026-09-25,51.54,59721036.0
NYSE:SPNT,SPNT,SiriusPoint Ltd.,Financial Services,Insurance - Reinsurance,Bermuda,NYSE,2948268106.0,25.38,61.65,59.32,10,91.8,3488,False,-3.53,43.88,12.42,15.95,32.06,50.58,73.82,22.5771,21.8886,19.2179,16.8548,14.6013,26690945,1255,2026-09-25,69.98,116165016.0
NYSE:FPI,FPI,Farmland Partners Inc.,Real Estate,REIT - Specialty,United States,NYSE,473829641.0,10.86,61.68,61.28,10,91.9,3489,True,-15.26,20.71,2.95,4.76,4.97,8.83,9.71,10.5486,10.3661,10.3454,9.9791,9.8986,6634957,1255,2026-09-25,56.46,43630722.0
AMEX:DC,DC,Dakota Gold Corp.,Basic Materials,Gold,United States,AMEX,885264721.0,6.61,61.76,60.56,10,91.9,3490,False,-5.57,69.92,17.82,22.92,56.94,82.27,87.48,5.6103,5.3773,4.2119,3.6265,3.5256,9526724,1123,2026-09-25,64.85,133928097.0
NYSE:ETSS,ETSS,Energy Transition Special Opportunities,Financial Services,Shell Companies,United States,NYSE,149250000.0,9.95,61.77,61.25,10,91.9,3491,False,0.0,1.02,,,,,,,,,,,983238,79,2026-09-25,48.47,15000000.0
NYSE:WOR,WOR,"Worthington Enterprises, Inc.",Industrials,Metal Fabrication,United States,NYSE,3045678052.0,62.24,61.77,59.32,10,91.9,3492,False,-0.04,33.9,13.23,13.38,19.75,21.77,32.54,54.9696,54.894,51.9733,51.1115,46.9605,29840102,1255,2026-09-25,57.04,48934416.0
NASDAQ:OSPN,OSPN,OneSpan Inc.,Technology,Software - Infrastructure,United States,NASDAQ,660267458.0,17.81,61.81,61.42,10,92.0,3493,True,-1.11,78.75,35.78,35.06,24.23,34.96,36.24,13.117,13.1864,14.3363,13.1961,13.0724,9513842,1255,2026-09-25,60.52,37072850.0
NYSE:RAL,RAL,Ralliant Corporation,Technology,Electronic Components,United States,NYSE,7748119760.0,70.03,61.81,57.96,10,92.0,3494,True,-4.81,82.92,24.69,29.99,,,,56.1625,53.8735,,,,98162954,316,2026-09-25,61.64,110640008.0
NYSE:UMC,UMC,United Microelectronics Corporation (NEW),Technology,Semiconductors,Taiwan,NYSE,60967257580.0,24.31,61.81,59.77,10,92.0,3495,True,-11.68,252.39,59.68,78.81,140.49,166.96,189.93,15.2238,13.5957,10.1086,9.1061,8.3848,269674447,1255,2026-09-25,60.89,2507908580.0
NASDAQ:ARQQ,ARQQ,Arqit Quantum Inc.,Technology,Software - Infrastructure,United Kingdom,NASDAQ,428099311.0,24.6,61.83,58.39,10,92.0,3496,False,-57.78,108.83,29.13,7.46,9.43,30.24,-20.63,19.0511,22.893,22.4797,18.8877,30.9924,7755949,1255,2026-09-25,57.8,17402411.0
NASDAQ:ZBRA,ZBRA,Zebra Technologies Corporation,Technology,Communication Equipment,United States,NASDAQ,17626260376.0,370.04,61.86,61.33,10,92.1,3497,True,-3.4,85.67,39.88,38.91,23.75,26.31,27.82,264.5349,266.3912,299.0294,292.9578,289.5103,201938639,1255,2026-09-25,59.44,47633392.0
NYSE:FRO,FRO,Frontline Plc,Energy,Oil & Gas Midstream,Cyprus,NYSE,10625790492.0,47.73,61.87,63.22,10,92.1,3498,False,-7.18,166.53,48.19,60.07,110.51,125.84,159.3,32.2093,29.8179,22.6736,21.1348,18.4073,181284886,1255,2026-09-25,63.15,222622889.0
NYSE:CRBG,CRBG,Corebridge Financial Inc.,Financial Services,Asset Management,United States,NYSE,15708465720.0,34.87,61.91,60.87,10,92.1,3499,False,-0.03,58.84,20.68,19.89,17.18,26.49,42.38,28.8936,29.0843,29.7567,27.5675,24.4907,141133000,1010,2026-09-25,55.28,450486542.0
NASDAQ:NTSK,NTSK,"Netskope, Inc.",Technology,Software - Infrastructure,United States,NASDAQ,4449688856.0,17.67,62.04,61.62,10,92.2,3500,False,-27.16,128.59,37.08,20.58,,,,12.8905,14.6537,,,,125777732,257,2026-09-25,71.65,251821667.0
NASDAQ:UCAR,UCAR,U Power Limited,Consumer Cyclical,Auto & Truck Dealerships,China,NASDAQ,114133965.0,4.44,62.05,62.03,10,92.2,3501,True,-79.73,1068.42,-25.6,-50.01,-82.88,-98.23,,5.9676,8.8811,25.9379,250.5339,,171179,860,2026-09-25,60.63,25705848.0
NASDAQ:WATT,WATT,Energous Corporation,Technology,Communication Equipment,United States,NASDAQ,76740359.0,13.95,62.07,52.28,10,92.2,3502,False,-60.52,271.5,-10.8,-0.03,7.35,-41.85,-86.91,15.6392,13.9548,12.9946,23.989,106.5582,1781128,1255,2026-09-25,56.09,5501101.0
NASDAQ:OKTA,OKTA,"Okta, Inc.",Technology,Software - Infrastructure,United States,NASDAQ,32424942110.0,195.19,62.08,62.38,10,92.2,3503,False,-5.54,210.17,78.8,86.59,97.3,105.04,119.33,109.1675,104.6086,98.9319,95.1942,88.9928,761799174,1255,2026-09-25,71.77,166119894.0
NASDAQ:GCT,GCT,GigaCloud Technology Inc,Technology,Software - Infrastructure,United States,NASDAQ,1556759611.0,53.98,62.09,61.5,10,92.3,3504,False,0.0,112.02,28.93,36.43,78.81,92.34,136.38,41.8692,39.567,30.1888,28.0648,22.8362,35487111,1030,2026-09-25,61.86,28839563.0
NASDAQ:RNW,RNW,ReNew Energy Global plc - Class A Shares,Utilities,Utilities - Renewable,United Kingdom,NASDAQ,1681503534.0,6.84,62.11,61.35,10,92.3,3505,False,-16.48,52.0,17.16,10.14,6.38,7.98,10.89,5.838,6.2104,6.4297,6.3343,6.168,12761550,1255,2026-09-25,64.42,245833850.0
NASDAQ:CRWD,CRWD,"CrowdStrike Holdings, Inc.",Technology,Software - Infrastructure,United States,NASDAQ,256733712266.0,252.13,62.14,61.18,10,92.3,3506,False,-3.95,187.94,67.96,73.12,106.02,140.4,189.03,150.1115,145.6424,122.3815,104.878,87.2325,2840664533,1255,2026-09-25,67.05,1018259280.0
NASDAQ:OSUR,OSUR,"OraSure Technologies, Inc.",Healthcare,Medical Instruments & Supplies,United States,NASDAQ,270574813.0,3.93,62.16,56.73,10,92.3,3507,False,-12.67,86.26,17.68,22.31,18.03,-5.5,-12.01,3.3395,3.2132,3.3295,4.1588,4.4665,1998668,1255,2026-09-25,62.16,68848553.0
NYSE:NET,NET,"Cloudflare, Inc.",Technology,Software - Infrastructure,United States,NYSE,112099930763.0,349.02,62.19,60.93,10,92.4,3508,False,-2.73,117.88,50.71,52.94,88.31,132.5,175.23,231.5853,228.2061,185.3426,150.1145,126.8092,1024214406,1255,2026-09-25,67.07,321184834.0
NYSE:SEI,SEI,"Solaris Energy Infrastructure, Inc.",Energy,Oil & Gas Equipment & Services,United States,NYSE,4349255929.0,70.97,62.19,58.54,10,92.4,3509,False,-14.2,87.34,17.12,22.39,71.8,132.74,183.38,60.5969,57.9872,41.3106,30.4929,25.0439,175381612,1255,2026-09-25,61.22,61283020.0
NASDAQ:APUR,APUR,Aperture AC,Financial Services,Shell Companies,United States,NASDAQ,109938830.0,10.03,62.2,61.54,10,92.4,3510,True,-0.59,1.52,,,,,,,,,,,1942162,88,2026-09-25,62.2,10961000.0
NASDAQ:EUDA,EUDA,Euda Health Holdings Limited,Real Estate,Real Estate Services,Singapore,NASDAQ,53484633.0,17.862,62.25,58.72,10,92.4,3511,True,-77.04,239.58,-7.01,-32.33,-64.05,-62.55,-64.17,19.2081,26.3969,49.6867,47.6966,49.858,478714,1200,2026-09-25,55.22,2994325.0
NASDAQ:CRSR,CRSR,"Corsair Gaming, Inc.",Technology,Computer Hardware,United States,NASDAQ,1460011002.0,13.66,62.27,60.63,10,92.5,3512,False,-4.81,198.25,68.93,72.39,67.31,47.4,24.26,8.0862,7.9241,8.1645,9.2671,10.9933,14182605,1255,2026-09-25,61.2,106882211.0
NYSE:WEAV,WEAV,"Weave Communications, Inc.",Healthcare,Health Information Services,United States,NYSE,584807417.0,7.35,62.29,59.75,10,92.5,3513,True,-3.16,68.19,20.17,18.44,-17.01,-20.93,-14.72,6.1165,6.2059,8.8569,9.2953,8.6189,15914179,1222,2026-09-25,61.83,79565635.0
NYSE:BZH,BZH,"Beazer Homes USA, Inc.",Consumer Cyclical,Residential Construction,United States,NYSE,912129740.0,33.37,62.36,62.11,10,92.5,3514,False,-2.05,85.08,28.15,31.62,31.04,25.05,35.3,26.0392,25.3537,25.4653,26.6852,24.6637,22437600,1255,2026-09-25,61.94,27333825.0
AMEX:TONT,TONT,Graf Global Corp.,Financial Services,Shell Companies,United States,AMEX,154339989.0,10.9,62.38,57.9,10,92.5,3515,False,-3.54,3.42,1.14,1.42,3.83,,,10.7774,10.7474,10.4976,,,300827,529,2026-09-25,65.98,14159632.0
NASDAQ:ACB,ACB,Aurora Cannabis Inc.,Healthcare,Drug Manufacturers - Specialty & Generic,Canada,NASDAQ,253962799.0,4.1,62.43,62.69,10,92.6,3516,False,-34.19,58.91,13.85,5.61,-6.13,-12.26,-26.51,3.6012,3.8823,4.3677,4.6728,5.5787,3494049,1255,2026-09-25,66.37,61942146.0
NASDAQ:OMER,OMER,Omeros Corporation,Healthcare,Biotechnology,United States,NASDAQ,1453297128.0,20.08,62.44,63.25,10,92.6,3517,False,-4.61,389.76,57.07,72.35,126.22,184.6,218.37,12.784,11.6508,8.8764,7.0556,6.3071,29387365,1255,2026-09-25,62.83,72375355.0
NASDAQ:UPXI,UPXI,"Upexi, Inc.",Communication Services,Internet Content & Information,United States,NASDAQ,90346400.0,1.23,62.44,60.14,10,92.6,3518,False,-84.03,117.7,1.09,-34.66,-67.33,-83.5,-94.59,1.2167,1.8825,3.7649,7.4559,22.7315,5763464,1255,2026-09-25,58.74,73452358.0
NASDAQ:SWKS,SWKS,"Skyworks Solutions, Inc.",Technology,Semiconductors,United States,NASDAQ,13443238344.0,89.34,62.46,62.16,10,92.7,3519,True,-2.31,71.65,37.76,35.63,28.15,15.03,9.93,64.8502,65.8697,69.7131,77.6648,81.2677,670563241,1255,2026-09-25,60.93,150472782.0
NYSE:TWLO,TWLO,Twilio Inc.,Technology,Software - Infrastructure,United States,NYSE,41859230588.0,275.8,62.46,61.87,10,92.7,3520,False,-7.96,175.55,60.25,71.43,106.62,151.85,183.64,172.1083,160.8836,133.4801,109.511,97.2365,594161056,1255,2026-09-25,77.42,151773860.0
NYSE:TSM,TSM,Taiwan Semiconductor Manufacturing Company Ltd.,Technology,Semiconductors,Taiwan,NYSE,2337077054998.0,450.61,62.47,59.01,10,92.7,3521,False,-5.39,66.67,18.16,24.43,60.52,95.8,133.17,381.3471,362.1432,280.7207,230.1394,193.2526,4214224079,1255,2026-09-25,62.86,5186474013.0
NASDAQ:FOSL,FOSL,"Fossil Group, Inc.",Consumer Cyclical,Footwear & Accessories,United States,NASDAQ,366429908.0,6.2,62.49,60.91,10,92.7,3522,True,-3.28,246.37,39.35,53.02,117.94,168.08,137.8,4.4493,4.0518,2.8448,2.3128,2.6072,4007473,1255,2026-09-25,57.97,59101598.0
NASDAQ:SIGA,SIGA,SIGA Technologies Inc.,Healthcare,Drug Manufacturers - Specialty & Generic,United States,NASDAQ,247448135.0,3.45,62.51,56.94,10,92.8,3523,False,-57.75,20.21,-23.18,-30.1,-34.29,-34.95,-33.11,4.4908,4.9355,5.2507,5.3033,5.1579,2268454,1255,2026-09-25,55.05,71724097.0
NASDAQ:AGEN,AGEN,Agenus Inc.,Healthcare,Biotechnology,United States,NASDAQ,355626361.0,8.54,62.54,61.02,10,92.8,3524,False,-1.84,208.3,91.21,94.41,108.17,22.03,-42.99,4.4662,4.3928,4.1024,6.998,14.9789,7008953,1255,2026-09-25,62.13,41642431.0
NASDAQ:SLMT,SLMT,Brera Holdings PLC,Technology,Software - Infrastructure,Ireland,NASDAQ,52624425.0,4.78,62.58,57.15,10,92.8,3525,True,-98.43,63.14,-47.39,-84.33,-90.88,-92.87,,9.0864,30.5091,52.3878,67.0514,,463869,919,2026-09-25,48.8,11009294.0
NASDAQ:HMR,HMR,Heidmar Maritime Holdings Corp.,Industrials,Marine Shipping,Greece,NASDAQ,104415835.0,1.77,62.6,61.61,10,92.8,3526,False,-4.32,130.47,61.91,57.52,,,,1.0932,1.1237,,,,300295,402,2026-09-25,65.49,58991997.0
NYSE:MTW,MTW,"Manitowoc Company, Inc. (The)",Industrials,Farm & Heavy Construction Machinery,United States,NYSE,795038190.0,22.14,62.66,63.88,10,92.9,3527,True,-2.72,127.54,54.16,62.33,86.26,79.89,73.88,14.362,13.6388,11.8864,12.3076,12.7327,8764093,1255,2026-09-25,58.33,35909584.0
NASDAQ:HYPD,HYPD,"Hyperion DeFi, Inc.",Healthcare,Biotechnology,United States,NASDAQ,61237298.0,4.04,62.67,60.73,10,92.9,3528,False,-65.85,72.65,19.28,-0.58,-44.92,-89.05,-94.87,3.387,4.0635,7.3342,36.8918,78.7113,2092797,1255,2026-09-25,66.6,15157747.0
NYSE:DV,DV,"DoubleVerify Holdings, Inc.",Communication Services,Advertising Agencies,United States,NYSE,2057954774.0,13.41,62.72,63.4,10,92.9,3529,True,-0.81,55.75,21.61,21.58,-2.75,-27.66,-37.08,11.0274,11.0296,13.7892,18.5386,21.3134,46999549,1255,2026-09-25,60.57,153464189.0
NYSE:TEL,TEL,TE Connectivity plc,Technology,Electronic Components,Ireland,NYSE,63378131492.0,218.59,62.77,58.63,10,92.9,3530,True,-11.26,12.49,2.38,1.01,16.64,28.47,38.81,213.5185,216.4049,187.4111,170.148,157.4737,410678566,1255,2026-09-25,57.95,289940672.0
NASDAQ:BIIB,BIIB,Biogen Inc.,Healthcare,Drug Manufacturers - General,United States,NASDAQ,33628809945.0,227.6,62.78,60.06,10,93.0,3531,True,0.0,67.76,17.35,22.03,37.61,22.17,8.57,193.9483,186.5119,165.3948,186.2975,209.6315,205652567,1255,2026-09-25,61.56,147753998.0
NASDAQ:GGR,GGR,Gogoro Inc.,Consumer Cyclical,Auto Manufacturers,Taiwan,NASDAQ,61224416.0,3.05,62.78,55.97,10,93.0,3532,False,-53.93,38.64,-11.09,-15.77,-47.34,-81.31,-89.77,3.4306,3.6211,5.7924,16.322,29.8132,42954,1255,2026-09-25,62.13,20073579.0
NASDAQ:BRBI,BRBI,BRBI BR Partners S.A. - ADSs,Financial Services,Capital Markets,Brazil,NASDAQ,295037928.0,11.24,62.79,57.07,10,93.0,3533,False,-29.44,23.04,-12.34,-13.25,,,,12.823,12.9569,,,,4767,256,2026-09-25,62.79,26248926.0
NASDAQ:NATH,NATH,"Nathan's Famous, Inc.",Consumer Cyclical,Restaurants,United States,NASDAQ,415786828.0,101.55,62.79,59.73,10,93.0,3534,True,-5.94,14.12,2.85,2.71,7.56,20.11,27.49,98.7325,98.875,94.4085,84.5444,79.6543,3205694,1255,2026-09-25,30.94,4094405.0
NYSE:BE,BE,Bloom Energy Corporation,Industrials,Electrical Equipment & Parts,United States,NYSE,85030044790.0,288.7,62.8,59.51,10,93.1,3535,True,-16.52,320.29,42.25,57.65,176.42,291.9,381.98,202.9562,183.1221,104.4436,73.6662,59.8984,4350059369,1255,2026-09-25,56.15,294527346.0
NASDAQ:LGND,LGND,Ligand Pharmaceuticals Incorporated,Healthcare,Biotechnology,United States,NASDAQ,6042780713.0,301.52,62.82,58.58,10,93.1,3536,False,-6.54,80.81,26.31,31.82,73.25,112.62,144.01,238.7174,228.7432,174.0325,141.8106,123.567,65173371,1255,2026-09-25,60.9,20041061.0
NASDAQ:NUAI,NUAI,"New Era Energy & Digital, Inc.",Technology,Software - Infrastructure,United States,NASDAQ,715113952.0,7.06,62.88,60.42,10,93.1,3537,True,-12.41,411.59,43.3,48.96,69.79,10.46,-3.92,4.9267,4.7394,4.158,6.3915,7.3478,52161561,1184,2026-09-25,61.88,101290928.0
NASDAQ:FORM,FORM,"FormFactor, Inc.",Technology,Semiconductor Equipment & Materials,United States,NASDAQ,10109954381.0,129.69,62.91,57.91,10,93.2,3538,True,-18.91,267.6,21.88,37.68,99.49,122.56,155.0,106.406,94.1981,65.011,58.273,50.8589,127227048,1255,2026-09-25,62.5,77954772.0
NASDAQ:SATL,SATL,Satellogic Inc.,Industrials,Aerospace & Defense,United States,NASDAQ,849371184.0,6.17,62.93,58.91,10,93.2,3539,False,-42.55,385.83,22.71,38.15,63.99,110.17,110.17,5.0279,4.4662,3.7625,2.9357,2.9358,26119076,1255,2026-09-25,60.51,137661456.0
NASDAQ:SMTC,SMTC,Semtech Corporation,Technology,Semiconductors,United States,NASDAQ,16981457926.0,182.3,63.06,60.59,10,93.2,3540,False,-1.46,195.8,59.57,73.66,138.68,203.4,251.79,114.2461,104.9735,76.3798,60.0856,51.8204,530987156,1255,2026-09-25,60.0,93151168.0
NYSE:GRMN,GRMN,Garmin Ltd. Common Stock (Switzerland),Technology,Scientific & Technical Instruments,Switzerland,NYSE,56725644939.0,294.14,63.09,60.19,10,93.2,3541,False,-5.71,59.81,21.27,23.7,33.24,52.52,75.67,242.5398,237.7793,220.7675,192.8544,167.4364,239738134,1255,2026-09-25,64.32,192852536.0
NASDAQ:MRVL,MRVL,"Marvell Technology, Inc.",Technology,Semiconductors,United States,NASDAQ,229398256841.0,261.94,63.1,59.04,10,93.3,3542,True,-17.2,255.53,61.23,78.19,129.96,168.87,208.96,162.4622,147.0004,113.907,97.4241,84.7799,4635414718,1255,2026-09-25,62.0,875766423.0
NASDAQ:NDSN,NDSN,Nordson Corporation,Industrials,Specialty Industrial Machinery,United States,NASDAQ,18151235920.0,325.77,63.1,60.41,10,93.3,3543,False,-2.38,48.89,15.04,19.67,33.47,34.57,37.76,283.1871,272.2132,244.0777,242.0818,236.4684,113988938,1255,2026-09-25,60.78,55717948.0
NASDAQ:BDCI,BDCI,BTC Development Corp.,Financial Services,Shell Companies,United States,NASDAQ,264639300.0,10.155,63.13,65.42,10,93.3,3544,False,-0.44,1.86,0.99,,,,,10.055,,,,,105120,237,2026-09-25,63.13,26060000.0
NASDAQ:SANM,SANM,Sanmina Corporation,Technology,Electronic Components,United States,NASDAQ,12047077708.0,224.77,63.13,58.09,10,93.3,3545,True,-20.5,98.67,20.15,26.34,69.7,107.43,135.15,187.0753,177.9038,132.4478,108.3616,95.5865,123232662,1255,2026-09-25,61.72,53597356.0
NASDAQ:MLAB,MLAB,"Mesa Laboratories, Inc.",Technology,Scientific & Technical Instruments,United States,NASDAQ,750070281.0,134.04,63.17,62.69,10,93.4,3546,False,-2.52,110.56,36.86,44.23,32.28,31.49,17.22,97.9405,92.9375,101.3323,101.9356,114.3477,17225074,1255,2026-09-25,69.81,5595869.0
NASDAQ:MU,MU,"Micron Technology, Inc.",Technology,Semiconductors,United States,NASDAQ,1222319619464.0,1082.28,63.2,59.42,10,93.4,3547,False,-10.8,591.21,63.74,90.34,221.97,321.9,422.04,660.9749,568.6143,336.1438,256.5227,207.3194,24901178881,1255,2026-09-25,63.02,1129393151.0
NASDAQ:ARHS,ARHS,"Arhaus, Inc.",Consumer Cyclical,Specialty Retail,United States,NASDAQ,528461545.0,9.71,63.22,59.92,10,93.4,3548,False,-14.16,68.87,17.57,13.68,8.07,-3.22,-0.74,8.259,8.5415,8.9852,10.0336,9.7826,10658241,1227,2026-09-25,61.13,54424464.0
NYSE:MANE,MANE,"Veradermics, Incorporated",Healthcare,Biotechnology,United States,NYSE,4870141544.0,116.57,63.23,58.61,10,93.4,3549,True,-10.15,214.8,,,,,,,,,,,79730398,162,2026-09-25,62.37,41778687.0
NASDAQ:KE,KE,"Kimball Electronics, Inc.",Industrials,Electrical Equipment & Parts,United States,NASDAQ,655814185.0,27.27,63.25,59.4,10,93.5,3550,False,-13.1,20.5,5.01,2.7,18.91,19.18,17.48,25.9685,26.554,22.934,22.8814,23.2124,4799077,1255,2026-09-25,64.99,24048925.0
NASDAQ:XP,XP,XP Inc.,Financial Services,Capital Markets,Cayman Islands,NASDAQ,8510110950.0,20.51,63.25,62.78,10,93.5,3551,False,-9.47,37.28,14.02,14.58,22.2,14.62,17.45,17.9883,17.9005,16.7842,17.8936,17.4627,151613362,1255,2026-09-25,63.38,414924961.0
NYSE:WST,WST,"West Pharmaceutical Services, Inc.",Healthcare,Medical Instruments & Supplies,United States,NYSE,26069997275.0,370.44,63.28,61.12,10,93.5,3552,False,-1.44,60.62,23.69,26.06,33.34,23.43,22.29,299.4988,293.8557,277.8099,300.1128,302.9211,217306359,1255,2026-09-25,67.05,70375762.0
NYSE:IONQ,IONQ,"IonQ, Inc.",Technology,Computer Hardware,United States,NYSE,16976317235.0,45.48,63.29,57.28,10,93.5,3553,False,-44.6,71.04,4.23,-2.82,13.38,51.25,85.02,43.6342,46.8004,40.1137,30.0688,24.5816,968536317,1255,2026-09-25,62.32,373269948.0
NASDAQ:MSFT,MSFT,Microsoft Corporation,Technology,Software - Infrastructure,United States,NASDAQ,3832843816089.0,516.17,63.31,62.26,10,93.6,3554,True,-3.99,46.57,19.87,15.82,16.75,21.34,33.14,430.6098,445.6538,442.0976,425.3904,387.6805,10936945361,1255,2026-09-25,54.46,7425545491.0
NYSE:SBH,SBH,"Sally Beauty Holdings, Inc. (Name to be changed from Sally Holdings, Inc.)",Consumer Cyclical,Specialty Retail,United States,NYSE,1608430977.0,17.18,63.34,60.63,10,93.6,3555,False,0.0,45.35,15.65,15.18,32.75,39.25,37.64,14.855,14.9154,12.9416,12.3378,12.4816,20393171,1255,2026-09-25,61.41,93622292.0
NYSE:AME,AME,"AMETEK, Inc.",Industrials,Specialty Industrial Machinery,United States,NYSE,57470360721.0,250.74,63.36,59.06,10,93.6,3556,False,-2.87,40.71,9.78,13.74,25.88,34.05,43.1,228.3936,220.4457,199.1847,187.043,175.226,354471498,1255,2026-09-25,60.37,229203002.0
NYSE:BHE,BHE,"Benchmark Electronics, Inc.",Technology,Electronic Components,United States,NYSE,2964112871.0,82.52,63.37,57.7,10,93.7,3557,True,-16.37,131.46,20.25,30.77,59.31,83.2,107.62,68.6223,63.1027,51.7993,45.0426,39.746,29964046,1255,2026-09-25,62.74,35919933.0
NYSE:GCTS,GCTS,"GCT Semiconductor Holding, Inc.",Technology,Semiconductors,United States,NYSE,202847515.0,2.23,63.41,56.78,10,93.7,3558,False,-40.21,125.25,26.89,32.01,24.54,-42.45,-59.33,1.7574,1.6893,1.7905,3.8748,5.4825,2955159,1192,2026-09-25,64.2,90963011.0
NASDAQ:QRVO,QRVO,"Qorvo, Inc.",Technology,Semiconductors,United States,NASDAQ,10407506045.0,117.97,63.42,63.15,10,93.7,3559,True,-1.35,55.18,31.24,31.51,39.16,28.38,26.63,89.8857,89.7031,84.7736,91.8903,93.1643,164340959,1255,2026-09-25,61.74,88221633.0
NASDAQ:MSTR,MSTR,Strategy Inc,Technology,Software - Application,United States,NASDAQ,54828205669.0,158.61,63.49,61.97,10,93.7,3560,False,-55.9,92.7,16.16,-1.68,-36.05,-20.61,1.16,136.5416,161.3169,248.0103,199.7785,156.7865,3554443147,1255,2026-09-25,65.8,345679375.0
NYSE:EFXT,EFXT,Enerflex Ltd,Energy,Oil & Gas Equipment & Services,Canada,NYSE,2877118106.0,23.57,63.63,58.21,10,93.8,3561,False,-16.77,120.53,9.57,20.06,69.64,115.16,142.64,21.5113,19.6317,13.8943,10.9544,9.714,11313081,1255,2026-09-25,61.26,122066954.0
NYSE:CRT,CRT,Cross Timbers Royalty Trust,Energy,Oil & Gas E&P,United States,NYSE,75000000.0,12.5,63.64,64.13,10,93.8,3562,False,-4.36,88.42,30.23,36.38,36.81,22.32,5.7,9.5981,9.1655,9.1365,10.2188,11.8265,443589,1255,2026-09-25,61.03,6000000.0
NASDAQ:CNTN,CNTN,"Canton Strategic Holdings, Inc.",Healthcare,Biotechnology,United States,NASDAQ,198205041.0,2.57,63.66,58.94,10,93.8,3563,False,-53.1,38.92,-15.85,-15.23,2.06,-65.72,-95.82,3.0542,3.0318,2.5181,7.4961,61.4439,1864251,1180,2026-09-25,54.7,77122584.0
NASDAQ:HITI,HITI,High Tide Inc.,Healthcare,Pharmaceutical Retailers,Canada,NASDAQ,245157791.0,2.79,63.7,62.38,10,93.9,3564,True,-25.8,36.1,14.77,8.65,7.49,18.0,31.47,2.4309,2.5679,2.5957,2.3645,2.1222,2229833,1255,2026-09-25,59.1,87870176.0
NASDAQ:PLTR,PLTR,Palantir Technologies Inc.,Technology,Software - Infrastructure,United States,NASDAQ,435495849920.0,189.67,63.7,61.98,10,93.9,3565,False,-8.45,76.82,24.76,20.31,45.12,100.39,157.68,152.0236,157.6461,130.6999,94.6525,73.6057,4705444153,1255,2026-09-25,67.37,2296071334.0
NASDAQ:NUTX,NUTX,Nutex Health Inc.,Healthcare,Medical Care Facilities,United States,NASDAQ,1514651527.0,220.11,63.74,62.27,10,93.9,3566,False,0.0,152.97,50.44,56.81,104.98,183.12,136.53,146.3142,140.3685,107.3814,77.7446,93.0593,32108322,1124,2026-09-25,55.48,6881339.0
NASDAQ:AMRX,AMRX,"Amneal Pharmaceuticals, Inc.",Healthcare,Drug Manufacturers - Specialty & Generic,United States,NASDAQ,6313180710.0,19.77,63.77,61.55,10,93.9,3567,False,-1.93,105.94,33.52,41.05,77.21,109.7,157.2,14.8069,14.0166,11.1562,9.4275,7.6867,47305502,1255,2026-09-25,64.16,319331346.0
NASDAQ:NTRB,NTRB,Nutriband Inc.,Healthcare,Biotechnology,United States,NASDAQ,97247864.0,8.0,63.78,65.17,10,93.9,3568,False,-11.01,184.7,94.07,74.45,46.39,63.16,75.41,4.1222,4.5858,5.4649,4.9032,4.5606,903038,1251,2026-09-25,74.41,12155983.0
NASDAQ:GCL,GCL,GCL Global Holdings Ltd,Communication Services,Electronic Gaming & Multimedia,Singapore,NASDAQ,96390553.0,0.753,63.79,60.62,10,94.0,3569,False,-73.67,97.64,14.79,-16.46,-77.73,-87.2,-89.21,0.656,0.9014,3.3817,5.8843,6.9787,292764,1113,2026-09-25,58.83,128008703.0
NASDAQ:SMCI,SMCI,"Super Micro Computer, Inc.",Technology,Computer Hardware,United States,NASDAQ,27983727148.0,43.26,63.82,61.13,10,94.0,3570,False,-26.28,110.72,36.06,25.62,15.95,-4.41,15.0,31.7939,34.4385,37.3077,45.2556,37.619,1492856541,1255,2026-09-25,60.11,646873027.0
NYSE:CNK,CNK,"Cinemark Holdings Inc Cinemark Holdings, Inc.",Communication Services,Entertainment,United States,NYSE,4377990763.0,37.77,63.85,60.6,10,94.0,3571,False,-1.4,73.77,28.77,30.93,31.44,49.84,69.09,29.331,28.8485,28.7351,25.2075,22.3376,80363679,1255,2026-09-25,59.93,115911855.0
NASDAQ:SWBI,SWBI,"Smith & Wesson Brands, Inc.",Industrials,Aerospace & Defense,United States,NASDAQ,637807990.0,14.26,63.87,57.19,10,94.0,3572,False,-12.84,81.96,7.43,14.99,30.07,22.06,27.24,13.2734,12.401,10.9631,11.6829,11.2069,9150876,1255,2026-09-25,61.25,44727068.0
NASDAQ:GTBP,GTBP,"GT Biopharma, Inc.",Healthcare,Biotechnology,United States,NASDAQ,248473409.0,6.89,63.96,65.98,10,94.1,3573,True,-40.76,2758.92,641.7,681.55,332.35,159.28,-15.65,0.9289,0.8816,1.5936,2.6573,8.1682,1020967,1254,2026-09-25,63.69,36062904.0
NASDAQ:CSTL,CSTL,"Castle Biosciences, Inc.",Healthcare,Diagnostics & Research,United States,NASDAQ,1093977846.0,35.81,64.04,63.53,10,94.1,3574,False,-16.8,97.3,22.81,22.65,35.48,44.5,49.28,29.1597,29.1974,26.4323,24.7815,23.9879,11609197,1255,2026-09-25,61.29,30549507.0
NASDAQ:CURI,CURI,CuriosityStream Inc.,Communication Services,Broadcasting,United States,NASDAQ,183791560.0,3.1,64.05,59.4,10,94.1,3575,False,-36.83,35.9,4.93,-3.37,1.53,36.13,58.78,2.9545,3.2081,3.0532,2.2773,1.9524,2259085,1255,2026-09-25,65.19,59287600.0
NASDAQ:DGII,DGII,Digi International Inc.,Technology,Communication Equipment,United States,NASDAQ,2971338031.0,78.3,64.08,59.5,10,94.2,3576,False,-8.14,121.37,32.28,42.63,81.1,107.94,110.95,59.1906,54.8959,43.2355,37.6551,37.1176,27135158,1255,2026-09-25,60.97,37948123.0
NASDAQ:NXXT,NXXT,"NextNRG, Inc.",Utilities,Utilities - Renewable,United States,NASDAQ,143081564.0,0.851,64.08,63.97,10,94.2,3577,False,-69.82,482.88,36.32,-1.92,-53.1,-69.37,-79.04,0.6242,0.8677,1.8147,2.7779,4.0606,374793,1254,2026-09-25,65.82,168133448.0
NASDAQ:HALO,HALO,"Halozyme Therapeutics, Inc.",Healthcare,Biotechnology,United States,NASDAQ,13510020700.0,113.9,64.13,65.7,10,94.2,3578,False,-1.15,84.81,47.67,51.28,71.02,93.12,106.87,77.13,75.289,66.6006,58.9802,55.0593,249398750,1255,2026-09-25,67.82,118613000.0
NASDAQ:AAON,AAON,"AAON, Inc.",Industrials,Building Products & Equipment,United States,NASDAQ,7298333361.0,89.1,64.15,54.97,10,94.2,3579,False,-39.78,21.63,-8.65,-8.45,-8.99,-1.72,8.83,97.5401,97.3212,97.896,90.6598,81.8716,91984932,1255,2026-09-25,57.13,81911710.0
NASDAQ:DYOR,DYOR,Insight Digital Partners II,Financial Services,Shell Companies,United States,NASDAQ,174742500.0,10.13,64.17,65.44,10,94.3,3580,False,-0.1,2.32,1.19,,,,,10.0108,,,,,337138,214,2026-09-25,88.22,17250000.0
NASDAQ:KAZR,KAZR,Skyline Builders Group Holding Limited,Industrials,Engineering & Construction,United States,NASDAQ,61054396.0,2.68,64.17,59.11,10,94.3,3581,False,-44.28,56.73,-7.61,-8.94,,,,2.9009,2.9432,,,,709355,402,2026-09-25,65.88,22781491.0
NYSE:WAT,WAT,Waters Corporation,Healthcare,Diagnostics & Research,United States,NYSE,42567495577.0,433.54,64.17,62.22,10,94.3,3582,False,0.0,53.02,19.63,19.99,21.9,27.31,31.36,362.3883,361.3233,355.6556,340.5363,330.0301,274081405,1255,2026-09-25,62.45,98185855.0
NASDAQ:SENS,SENS,"Senseonics Holdings, Inc.",Healthcare,Medical Devices,United States,NASDAQ,522029650.0,10.0,64.2,64.36,10,94.3,3583,False,-11.5,105.76,45.01,43.23,10.63,6.55,-13.71,6.896,6.982,9.0389,9.3855,11.5883,6711659,1255,2026-09-25,71.4,52202965.0
NASDAQ:RWAY,RWAY,Runway Growth Finance Corp.,Financial Services,Asset Management,United States,NASDAQ,287909622.0,6.78,64.22,62.62,10,94.4,3584,True,-21.61,35.35,4.21,-1.07,-9.69,-12.21,-10.34,6.5063,6.8536,7.5079,7.7228,7.5615,2338716,1237,2026-09-25,62.0,42464546.0
NASDAQ:CDRO,CDRO,"Codere Online Luxembourg, S.A.",Consumer Cyclical,Gambling,Luxembourg,NASDAQ,455153849.0,10.01,64.27,61.3,10,94.4,3585,False,-1.86,84.35,14.61,20.99,26.13,38.8,62.81,8.7343,8.2736,7.9363,7.2118,6.1481,327140,1255,2026-09-25,61.31,45469915.0
NASDAQ:OUST,OUST,"Ouster, Inc.",Technology,Electronic Components,United States,NASDAQ,2942129749.0,43.72,64.29,57.97,10,94.4,3586,False,-30.07,162.9,41.01,44.25,95.74,150.82,187.83,31.0056,30.3089,22.3359,17.4305,15.1895,76270186,1255,2026-09-25,59.95,67294825.0
NYSE:VIA,VIA,"Via Transportation, Inc.",Technology,Software - Application,United States,NYSE,2277795324.0,29.41,64.31,64.32,10,94.4,3587,False,-45.47,120.96,42.57,14.69,,,,20.6289,25.6435,,,,24793609,261,2026-09-25,68.57,77449688.0
NASDAQ:CBAT,CBAT,CBAK Energy Technology Limited,Industrials,Electrical Equipment & Parts,China,NASDAQ,110807295.0,1.25,64.34,65.29,10,94.5,3588,False,-14.38,155.1,52.56,48.41,39.88,31.21,27.6,0.8193,0.8423,0.8936,0.9526,0.9796,903626,1255,2026-09-25,75.99,88645836.0
NASDAQ:ALAB,ALAB,"Astera Labs, Inc.",Technology,Semiconductors,United States,NASDAQ,62498762718.0,364.62,64.39,59.21,10,94.5,3589,False,-24.51,263.64,54.36,63.6,122.31,,,236.2112,222.8691,164.0151,,,1229555765,632,2026-09-25,63.61,171407939.0
NASDAQ:MASS,MASS,908 Devices Inc.,Healthcare,Medical Devices,United States,NASDAQ,469351214.0,11.44,64.46,62.98,10,94.5,3590,False,-0.69,124.75,51.03,51.48,90.79,88.36,66.13,7.5748,7.5522,5.9961,6.0734,6.886,3855071,1255,2026-09-25,65.73,41027204.0
NASDAQ:BAND,BAND,Bandwidth Inc.,Technology,Software - Infrastructure,United States,NASDAQ,1868068796.0,61.81,64.5,59.38,10,94.6,3591,False,-21.2,382.14,69.91,92.93,157.01,189.95,208.72,36.3786,32.037,24.0501,21.3176,20.0216,52647650,1255,2026-09-25,64.54,30222760.0
NASDAQ:HCHL,HCHL,Happy City Holdings Limited,Consumer Cyclical,Restaurants,Hong Kong,NASDAQ,70663828.0,3.96,64.5,65.95,10,94.6,3592,False,-19.02,296.0,32.67,28.92,,,,2.9848,3.0717,,,,0,317,2026-09-25,64.5,17844401.0
NASDAQ:DGXX,DGXX,Digi Power X Inc. - Common Subordinate Voting Shares,Utilities,Utilities - Independent Power Producers,United States,NASDAQ,452313999.0,4.59,64.53,58.08,10,94.6,3593,False,-45.74,142.86,16.59,16.77,56.49,89.32,115.26,3.9369,3.9307,2.9331,2.4245,2.1323,9239420,1255,2026-09-25,63.49,98543355.0
NASDAQ:CERT,CERT,"Certara, Inc.",Healthcare,Health Information Services,United States,NASDAQ,1417193579.0,9.11,64.55,62.3,10,94.6,3594,False,-33.01,103.35,26.97,14.81,-5.83,-21.42,-30.9,7.1752,7.935,9.6737,11.5926,13.184,19909853,1255,2026-09-25,61.85,155564608.0
NASDAQ:NVAX,NVAX,"Novavax, Inc.",Healthcare,Biotechnology,United States,NASDAQ,1747977205.0,10.63,64.76,62.53,10,94.7,3595,False,-5.0,70.9,20.99,23.65,26.65,26.9,17.13,8.7858,8.5968,8.393,8.3764,9.0752,58410706,1255,2026-09-25,64.44,164438119.0
NASDAQ:VBNK,VBNK,VersaBank,Financial Services,Banks - Regional,Canada,NASDAQ,753701267.0,23.41,64.8,62.63,10,94.7,3596,False,-1.23,108.3,31.62,41.14,60.91,79.09,101.28,17.7857,16.5869,14.5489,13.0717,11.6306,3550611,1255,2026-09-25,64.17,32195697.0
NASDAQ:AUDC,AUDC,AudioCodes Ltd.,Technology,Communication Equipment,Israel,NASDAQ,271335525.0,10.66,64.82,61.38,10,94.7,3597,False,0.0,59.16,20.79,21.01,19.58,15.37,5.67,8.8252,8.8094,8.9143,9.2395,10.0885,973259,1255,2026-09-25,62.7,25453614.0
NASDAQ:LEGH,LEGH,Legacy Housing Corporation,Consumer Cyclical,Residential Construction,United States,NASDAQ,696800909.0,29.3,64.82,61.56,10,94.7,3598,False,-0.1,55.93,24.92,26.24,21.38,23.03,27.78,23.4545,23.2101,24.1385,23.8152,22.9292,2128198,1255,2026-09-25,62.85,23781601.0
NASDAQ:WEYS,WEYS,"Weyco Group, Inc.",Consumer Cyclical,Footwear & Accessories,United States,NASDAQ,452207663.0,47.44,64.89,63.47,10,94.8,3599,False,0.0,85.49,32.69,38.97,49.92,61.28,74.99,35.7536,34.1375,31.6431,29.4145,27.1098,1318334,1255,2026-09-25,64.81,9532202.0
NASDAQ:APAC,APAC,StoneBridge Acquisition II Corporation,Financial Services,Shell Companies,United States,NASDAQ,62932275.0,10.26,64.98,65.21,10,94.8,3600,False,0.0,3.64,1.63,,,,,10.095,,,,,37631,211,2026-09-25,64.98,6133750.0
NASDAQ:SLP,SLP,"Simulations Plus, Inc.",Healthcare,Health Information Services,United States,NASDAQ,373350509.0,18.46,65.0,63.16,10,94.8,3601,False,-11.42,62.5,12.72,11.99,-13.19,-33.92,-41.65,16.3764,16.4836,21.2649,27.936,31.6365,3470364,1255,2026-09-25,65.0,20224838.0
NASDAQ:ALLT,ALLT,Allot Ltd.,Technology,Software - Infrastructure,Israel,NASDAQ,425141730.0,8.69,65.05,60.48,10,94.8,3602,False,-24.43,39.04,6.34,2.45,15.79,51.74,71.19,8.1721,8.4818,7.5052,5.7268,5.0763,2681453,1255,2026-09-25,64.03,48923099.0
NASDAQ:ABCL,ABCL,AbCellera Biologics Inc.,Healthcare,Biotechnology,Canada,NASDAQ,3878267491.0,12.7,65.07,64.59,10,94.9,3603,False,-0.24,356.83,122.09,130.02,194.43,199.0,138.72,5.7185,5.5213,4.3134,4.2475,5.3201,50482024,1255,2026-09-25,64.69,305375393.0
NYSE:GME,GME,GameStop Corporation,Consumer Cyclical,Specialty Retail,United States,NYSE,10494888501.0,23.39,65.07,63.07,10,94.9,3604,False,-15.53,30.89,5.31,4.57,-2.23,6.76,6.67,22.2097,22.3676,23.9238,21.9085,21.9276,206615743,1255,2026-09-25,83.9,448691257.0
NASDAQ:SVCO,SVCO,"Silvaco Group, Inc.",Technology,Software - Application,United States,NASDAQ,280146635.0,8.36,65.08,57.17,10,94.9,3605,False,-39.38,158.82,13.71,20.92,25.43,,,7.3519,6.9137,6.6653,,,2761775,597,2026-09-25,66.89,33510363.0
NASDAQ:MYGN,MYGN,"Myriad Genetics, Inc.",Healthcare,Diagnostics & Research,United States,NASDAQ,398859020.0,4.17,65.1,57.42,10,95.0,3606,False,-49.02,45.8,-13.53,-22.18,-49.08,-67.16,-71.29,4.8226,5.3585,8.1901,12.6975,14.5264,7926380,1255,2026-09-25,64.4,95649645.0
NASDAQ:XERS,XERS,"Xeris Biopharma Holdings, Inc.",Healthcare,Drug Manufacturers - Specialty & Generic,United States,NASDAQ,1659114785.0,9.1,65.1,61.31,10,95.0,3607,False,-8.08,72.02,27.55,24.12,53.42,93.74,128.13,7.1343,7.3314,5.9315,4.697,3.989,15751035,1255,2026-09-25,62.95,182320306.0
NASDAQ:BUUU,BUUU,BUUU Group Limited,Industrials,Specialty Business Services,Hong Kong,NASDAQ,516919000.0,44.2,65.17,65.81,10,95.0,3608,False,-8.28,588.47,137.6,168.9,,,,18.6025,16.4375,,,,2920188,281,2026-09-25,71.28,11695000.0
NASDAQ:INOD,INOD,Innodata Inc.,Technology,Information Technology Services,United States,NASDAQ,2260077327.0,69.21,65.19,58.72,10,95.0,3609,False,-43.04,100.9,13.45,10.16,34.33,82.52,128.95,61.0072,62.828,51.5221,37.9197,30.2294,89148148,1255,2026-09-25,72.03,32655358.0
NASDAQ:HSDT,HSDT,Solana Company,Financial Services,Asset Management,United States,NASDAQ,171656824.0,2.94,65.21,64.21,10,95.1,3610,False,-83.84,131.5,34.19,-14.66,-97.79,-99.76,-99.91,2.1909,3.4451,132.9814,1219.0947,3166.6797,1427073,1255,2026-09-25,64.44,58386675.0
NASDAQ:SBC,SBC,SBC Medical Group Holdings Incorporated,Industrials,Consulting Services,United States,NASDAQ,503950021.0,4.9,65.3,65.49,10,95.1,3611,True,-4.67,70.73,29.33,29.85,11.05,-29.08,,3.7888,3.7735,4.4124,6.9088,,964397,1004,2026-09-25,62.17,102846943.0
NASDAQ:CYRX,CYRX,"CryoPort, Inc.",Industrials,Integrated Freight & Logistics,United States,NASDAQ,877504269.0,17.41,65.31,61.75,10,95.1,3612,True,-1.19,125.52,41.0,48.31,83.4,64.68,34.99,12.3478,11.739,9.4928,10.5718,12.8969,9295349,1255,2026-09-25,65.2,50402313.0
NASDAQ:INDP,INDP,"Indaptus Therapeutics, Inc.",Healthcare,Biotechnology,United States,NASDAQ,512982947.0,3.85,65.31,63.54,10,95.1,3613,False,-18.95,311.32,69.81,59.26,-64.06,-85.64,-88.69,2.2673,2.4174,10.7135,26.8172,34.046,3936545,1255,2026-09-25,67.78,133242324.0
NASDAQ:RMBS,RMBS,"Rambus, Inc.",Technology,Semiconductors,United States,NASDAQ,11405822171.0,105.16,65.31,58.14,10,95.1,3614,False,-38.38,31.9,-2.42,-0.84,27.41,41.41,56.22,107.7653,106.0468,82.5337,74.3669,67.3141,252620679,1255,2026-09-25,64.79,108461603.0
NASDAQ:TAYD,TAYD,"Taylor Devices, Inc.",Industrials,Specialty Industrial Machinery,United States,NASDAQ,203544452.0,63.23,65.36,61.74,10,95.2,3615,False,-29.71,53.17,1.54,7.45,27.29,37.62,62.79,62.2688,58.8445,49.672,45.9466,38.8404,2696038,1255,2026-09-25,67.37,3219112.0
NASDAQ:ISRG,ISRG,"Intuitive Surgical, Inc.",Healthcare,Medical Instruments & Supplies,United States,NASDAQ,145167095437.0,405.18,65.4,59.26,10,95.2,3616,False,-31.66,22.03,-10.14,-12.72,-17.58,-10.85,-0.96,450.8979,464.213,491.6197,454.5172,409.0944,913299526,1255,2026-09-25,62.58,358278038.0
NASDAQ:LIEN,LIEN,"Chicago Atlantic BDC, Inc.",Financial Services,Asset Management,United States,NASDAQ,229821524.0,10.04,65.53,62.73,10,95.2,3617,True,0.0,19.13,8.44,8.8,9.26,16.71,26.85,9.2588,9.2276,9.1891,8.6023,7.9146,498054,1164,2026-09-25,62.25,22890590.0
NASDAQ:OLLI,OLLI,"Ollie's Bargain Outlet Holdings, Inc.",Consumer Defensive,Discount Stores,United States,NASDAQ,5093189851.0,84.25,65.55,61.18,10,95.3,3618,False,-36.96,36.15,-6.46,-13.27,-19.67,-13.14,-4.07,90.0701,97.1418,104.8787,96.9956,87.8242,161482636,1255,2026-09-25,66.06,60453292.0
NYSE:ARW,ARW,"Arrow Electronics, Inc.",Technology,Electronics & Computer Distribution,United States,NYSE,11903982629.0,232.8,65.58,61.08,10,95.3,3619,False,-0.86,128.53,31.34,41.74,64.34,72.03,77.46,177.246,164.2486,141.6572,135.3276,131.1855,116873851,1255,2026-09-25,61.76,51133946.0
NASDAQ:SRZN,SRZN,"Surrozen, Inc.",Healthcare,Biotechnology,United States,NASDAQ,342970359.0,29.54,65.58,62.46,10,95.3,3620,False,-13.45,155.54,21.25,33.01,81.01,111.69,111.53,24.3638,22.2091,16.3197,13.9544,13.9651,25383804,1255,2026-09-25,77.0,11610371.0
AMEX:NRXS,NRXS,"Neuraxis, Inc.",Healthcare,Biotechnology,United States,AMEX,94328456.0,7.56,65.59,61.75,10,95.3,3621,False,-14.19,227.27,21.25,36.4,87.17,105.43,,6.2349,5.5426,4.0391,3.6801,,1082798,786,2026-09-25,69.97,12477309.0
NASDAQ:AAPL,AAPL,Apple Inc.,Technology,Consumer Electronics,United States,NASDAQ,4977636972600.0,341.07,65.71,62.46,10,95.4,3622,True,0.0,39.57,18.68,20.64,35.13,47.09,59.69,287.3879,282.7243,252.4087,231.8762,213.584,14106578713,1255,2026-09-25,61.36,14594180000.0
NYSE:WSO.B,WSO-B,"Watsco, Inc.",Industrials,Industrial Distribution,United States,NYSE,1847133722.0,326.71,65.79,53.14,10,95.4,3623,False,-27.31,6.48,-10.27,-10.27,-20.42,-19.26,-12.86,364.1126,364.0925,410.5425,404.6356,374.9226,19121,1255,2026-09-25,65.79,5653741.0
NASDAQ:MKTW,MKTW,"MarketWise, Inc.",Financial Services,Financial Data & Stock Exchanges,United States,NASDAQ,53672785.0,20.34,65.87,61.07,10,95.4,3624,False,-2.43,63.2,23.7,27.08,44.47,10.49,-2.82,16.4427,16.0051,14.0792,18.409,20.93,522360,1255,2026-09-25,57.86,2638780.0
NASDAQ:FEIM,FEIM,"Frequency Electronics, Inc.",Technology,Communication Equipment,United States,NASDAQ,968930517.0,88.43,65.93,62.59,10,95.4,3625,False,-0.64,226.67,48.38,63.41,142.26,221.82,302.0,59.5972,54.114,36.5016,27.478,21.9977,30082553,1255,2026-09-25,62.34,10957034.0
NASDAQ:BSVN,BSVN,Bank7 Corp.,Financial Services,Banks - Regional,United States,NASDAQ,531654860.0,55.85,65.97,63.95,10,95.5,3626,False,-2.21,47.54,23.25,25.16,30.64,48.7,64.62,45.3129,44.6236,42.7504,37.5582,33.926,2933401,1255,2026-09-25,63.29,9519335.0
NASDAQ:TECH,TECH,Bio-Techne Corp,Healthcare,Biotechnology,United States,NASDAQ,11313411442.0,72.61,66.03,66.44,10,95.5,3627,False,0.0,68.19,17.91,18.37,18.49,12.9,7.34,61.5793,61.3395,61.2803,64.3152,67.6472,211096303,1255,2026-09-25,65.07,155810652.0
NYSE:IMAX,IMAX,Imax Corporation,Communication Services,Entertainment,Canada,NYSE,3073900490.0,56.05,66.18,63.81,10,95.5,3628,False,0.0,80.28,36.93,42.03,72.67,104.89,126.01,40.932,39.4628,32.4602,27.3562,24.8001,48841330,1255,2026-09-25,63.57,54842114.0
NASDAQ:TWIN,TWIN,"Twin Disc, Incorporated",Industrials,Specialty Industrial Machinery,United States,NASDAQ,376868470.0,26.13,66.26,62.61,10,95.6,3629,False,0.0,96.06,35.61,42.05,85.37,86.27,97.82,19.2692,18.3945,14.096,14.028,13.2088,2109043,1255,2026-09-25,65.02,14422827.0
NYSE:KEYS,KEYS,Keysight Technologies Inc.,Technology,Scientific & Technical Instruments,United States,NYSE,61889757521.0,362.15,66.29,61.08,10,95.6,3630,False,-3.0,127.07,21.29,32.28,66.58,87.77,95.7,298.5844,273.7744,217.3998,192.8648,185.0541,361571672,1255,2026-09-25,64.45,170895368.0
NASDAQ:PACB,PACB,"Pacific Biosciences of California, Inc.",Healthcare,Medical Devices,United States,NASDAQ,503174735.0,1.62,66.33,61.04,10,95.6,3631,False,-39.33,45.95,2.8,-0.83,3.07,-37.08,-64.26,1.5759,1.6335,1.5717,2.5745,4.5329,8129677,1255,2026-09-25,64.48,310601688.0
NASDAQ:ORIQ,ORIQ,Origin Investment Corp I,Financial Services,Shell Companies,Singapore,NASDAQ,90045000.0,10.44,66.35,64.8,10,95.6,3632,False,0.0,4.24,1.78,2.05,,,,10.2578,10.23,,,,172578,264,2026-09-25,66.35,8625000.0
NASDAQ:BLLN,BLLN,"BillionToOne, Inc.",Healthcare,Diagnostics & Research,United States,NASDAQ,5100784009.0,123.08,66.38,60.9,10,95.7,3633,False,-17.93,92.22,29.63,,,,,94.948,,,,,67163459,222,2026-09-25,68.74,41442834.0
NYSE:PFE,PFE,"Pfizer, Inc.",Healthcare,Drug Manufacturers - General,United States,NYSE,163409641797.0,28.67,66.45,63.84,10,95.7,3634,False,-1.21,30.0,11.51,13.41,18.85,18.35,7.86,25.7097,25.2804,24.1232,24.2238,26.5797,942834330,1255,2026-09-25,63.35,5699673589.0
NASDAQ:OBA,OBA,Oxley Bridge Acquisition Limited,Financial Services,Shell Companies,Canada,NASDAQ,261602000.0,10.34,66.46,66.76,10,95.7,3635,False,0.0,3.92,1.52,1.86,,,,10.1853,10.1516,,,,368838,280,2026-09-25,66.46,25300000.0
NASDAQ:PSIX,PSIX,"Power Solutions International, Inc.",Industrials,Specialty Industrial Machinery,United States,NASDAQ,1075303492.0,46.65,66.48,61.91,10,95.7,3636,True,-57.43,83.37,-15.46,-21.58,-10.87,26.99,65.22,55.1823,59.4854,52.3375,36.7354,28.2343,16866391,1255,2026-09-25,66.26,23050450.0
NASDAQ:OPRT,OPRT,Oportun Financial Corporation,Financial Services,Credit Services,United States,NASDAQ,392872782.0,8.55,66.49,64.83,10,95.8,3637,True,0.0,107.02,48.2,50.76,57.21,77.5,71.34,5.7691,5.6711,5.4387,4.8169,4.99,4619813,1255,2026-09-25,62.67,45950033.0
AMEX:OPTT,OPTT,"Ocean Power Technologies, Inc.",Industrials,Specialty Industrial Machinery,United States,AMEX,542979034.0,2.01,66.5,67.43,10,95.8,3638,False,-26.37,1727.27,378.29,363.85,337.13,405.78,348.01,0.4202,0.4333,0.4598,0.3974,0.4487,1282847,1255,2026-09-25,68.56,270138823.0
NASDAQ:SILC,SILC,Silicom Ltd,Technology,Communication Equipment,Israel,NASDAQ,303358909.0,52.78,66.52,61.37,10,95.8,3639,False,0.0,290.96,65.97,84.67,140.65,162.91,117.19,31.8005,28.5813,21.9324,20.075,24.3008,7249783,1255,2026-09-25,64.85,5747611.0
NYSE:AES,AES,The AES Corporation,Utilities,Utilities - Diversified,United States,NYSE,10604655192.0,14.87,66.54,64.46,10,95.8,3640,False,-11.84,19.8,3.21,4.58,14.42,8.04,-3.05,14.4071,14.2192,12.9957,13.7637,15.3377,112640606,1255,2026-09-25,63.75,713157713.0
NASDAQ:LAWR,LAWR,"Robot Consulting Co., Ltd. - ADS",Industrials,Consulting Services,Japan,NASDAQ,172350000.0,3.75,66.66,61.41,10,95.9,3641,False,0.0,26.69,0.0,0.91,,,,3.75,3.7163,,,,0,301,2026-09-25,66.66,45960000.0
NASDAQ:OESX,OESX,"Orion Energy Systems, Inc.",Industrials,Electrical Equipment & Parts,United States,NASDAQ,124090415.0,30.59,66.69,66.4,10,95.9,3642,False,0.0,284.3,119.54,128.09,190.39,196.64,153.34,13.9335,13.4112,10.534,10.3122,12.0748,2493607,1255,2026-09-25,63.83,4056568.0
NASDAQ:MGRT,MGRT,Mega Fortune Company Limited,Technology,Information Technology Services,Hong Kong,NASDAQ,1673512500.0,121.71,66.84,64.44,10,95.9,3643,False,-14.41,2797.86,95.45,140.83,,,,62.2713,50.537,,,,1106872,302,2026-09-25,66.81,13750000.0
NASDAQ:INTC,INTC,Intel Corporation,Technology,Semiconductors,United States,NASDAQ,620412000000.0,123.0,66.9,62.59,10,95.9,3644,False,-12.73,266.62,55.3,74.17,165.04,187.55,211.68,79.2018,70.6188,46.4077,42.7748,39.4639,11273187761,1255,2026-09-25,73.01,5044000000.0
NYSE:EMBJ,EMBJ,Embraer S.A.,Industrials,Aerospace & Defense,Brazil,NYSE,13992856018.0,78.63,66.97,64.07,10,96.0,3645,False,-1.01,46.92,18.22,20.04,41.9,76.26,113.98,66.5126,65.5032,55.4127,44.6099,36.7471,91637903,1255,2026-09-25,60.26,177958235.0
NASDAQ:DDOG,DDOG,"Datadog, Inc.",Technology,Software - Application,United States,NASDAQ,89797974152.0,268.13,66.98,60.89,10,96.0,3646,False,-6.95,161.3,47.55,50.98,75.69,91.05,112.52,181.7181,177.5894,152.6196,140.3481,126.1679,850554932,1255,2026-09-25,62.45,334904614.0
NASDAQ:STKE,STKE,Sol Strategies Inc.,Financial Services,Capital Markets,Canada,NASDAQ,63398239.0,1.65,67.11,63.33,10,96.0,3647,True,-66.63,85.39,15.83,-9.11,-77.28,-67.45,-57.93,1.4245,1.8154,7.2611,5.0695,3.9217,557258,1255,2026-09-25,62.03,38423175.0
NYSE:VEEV,VEEV,Veeva Systems Inc.,Healthcare,Health Information Services,United States,NYSE,45594582918.0,280.68,67.19,65.97,10,96.1,3648,False,-8.34,85.35,40.41,29.67,22.15,27.7,33.73,199.8996,216.4543,229.7873,219.7954,209.8853,467887237,1255,2026-09-25,63.87,162443291.0
NASDAQ:BNC,BNC,CEA Industries Inc.,Industrials,Farm & Heavy Construction Machinery,United States,NASDAQ,251572224.0,6.11,67.23,66.85,10,96.1,3649,False,-46.26,207.04,62.27,36.68,-16.12,-15.12,-24.0,3.7652,4.4704,7.284,7.1986,8.0391,28798173,1255,2026-09-25,69.57,41173850.0
NASDAQ:VERI,VERI,"Veritone, Inc.",Technology,Software - Infrastructure,United States,NASDAQ,121770265.0,1.31,67.34,59.95,10,96.1,3650,False,-84.39,66.88,-44.75,-56.32,-54.03,-53.61,-62.06,2.371,2.9992,2.8495,2.8236,3.4532,2903301,1255,2026-09-25,69.44,92954401.0
NASDAQ:TELA,TELA,"TELA Bio, Inc.",Healthcare,Medical Devices,United States,NASDAQ,56405344.0,1.26,67.46,65.84,10,96.1,3651,False,-19.75,125.0,45.63,31.4,-17.75,-55.47,-72.54,0.8652,0.9589,1.5319,2.8297,4.589,299967,1255,2026-09-25,68.41,44766146.0
NASDAQ:ALVO,ALVO,Alvotech,Healthcare,Drug Manufacturers - Specialty & Generic,Luxembourg,NASDAQ,1944764028.0,5.75,67.5,66.78,10,96.2,3652,False,-35.97,91.67,37.78,21.86,-25.08,-37.3,-37.86,4.1732,4.7184,7.6745,9.1709,9.2537,6203354,1073,2026-09-25,72.96,338219831.0
NASDAQ:COHU,COHU,"Cohu, Inc.",Technology,Semiconductor Equipment & Materials,United States,NASDAQ,3160748249.0,67.0,67.5,62.35,10,96.2,3653,True,-9.35,257.52,56.89,73.91,124.57,120.68,111.77,42.7054,38.5248,29.8341,30.3604,31.6386,54643979,1255,2026-09-25,63.93,47175347.0
NASDAQ:RGEN,RGEN,Repligen Corporation,Healthcare,Medical Instruments & Supplies,United States,NASDAQ,10704708591.0,189.68,67.55,65.42,10,96.2,3654,False,-0.51,84.39,32.8,30.97,34.77,28.42,23.36,142.8287,144.824,140.7388,147.7024,153.7622,181465410,1255,2026-09-25,69.01,56435621.0
NASDAQ:BATRK,BATRK,"Atlanta Braves Holdings, Inc. - Series C",Communication Services,Entertainment,United States,NASDAQ,2867526132.0,54.26,67.57,61.93,10,96.2,3655,False,0.0,42.64,16.13,19.88,25.82,29.93,35.62,46.7238,45.263,43.1249,41.7613,40.0084,23003874,1255,2026-09-25,66.77,52847883.0
NASDAQ:MNTK,MNTK,"Montauk Renewables, Inc.",Basic Materials,Specialty Chemicals,United States,NASDAQ,417059537.0,2.93,67.58,66.28,10,96.3,3656,False,0.0,161.61,77.24,70.65,18.29,-22.73,-45.56,1.6531,1.717,2.4769,3.7917,5.3823,1737403,1255,2026-09-25,66.76,142341139.0
NYSE:DT,DT,"Dynatrace, Inc.",Technology,Software - Application,United States,NYSE,16891018727.0,57.95,67.6,65.6,10,96.3,3657,False,-1.24,79.08,37.21,33.79,20.92,20.12,23.6,42.2355,43.3148,47.9226,48.2448,46.8843,379015496,1255,2026-09-25,71.46,291475733.0
NYSE:GBTG,GBTG,"Global Business Travel Group, Inc.",Consumer Cyclical,Travel Services,United Kingdom,NYSE,4962547708.0,9.5,67.62,66.77,10,96.3,3658,False,-0.11,91.15,20.07,20.54,22.01,31.48,35.3,7.9118,7.881,7.7861,7.2254,7.0214,22846152,1030,2026-09-25,56.32,522373443.0
NASDAQ:MXL,MXL,"MaxLinear, Inc",Technology,Semiconductors,United States,NASDAQ,8510649043.0,93.84,67.71,61.57,10,96.3,3659,False,-26.7,619.08,81.44,111.8,216.54,259.9,242.31,51.7207,44.306,29.6458,26.0737,27.4135,211526928,1255,2026-09-25,62.01,90693191.0
NYSE:TBBB,TBBB,BBB Foods Inc.,Consumer Defensive,Discount Stores,Mexico,NYSE,4174372349.0,53.56,67.79,66.17,10,96.4,3660,False,0.0,122.06,36.77,44.92,63.94,,,39.1595,36.9573,32.6698,,,30423750,659,2026-09-25,66.06,77938244.0
NASDAQ:AVT,AVT,"Avnet, Inc.",Technology,Electronics & Computer Distribution,United States,NASDAQ,8455042269.0,103.08,67.83,63.67,10,96.4,3661,True,0.0,137.15,38.08,48.91,72.44,86.19,99.52,74.6497,69.2221,59.7767,55.3632,51.6645,125270774,1255,2026-09-25,64.91,82024081.0
NYSE:GIC,GIC,Global Industrial Company,Industrials,Industrial Distribution,United States,NYSE,1587835608.0,41.5,67.89,67.02,10,96.4,3662,True,-0.84,59.78,26.39,28.56,41.06,34.44,42.04,32.834,32.2814,29.4205,30.8693,29.2169,5825103,1255,2026-09-25,66.16,38261099.0
NASDAQ:FWDI,FWDI,"Forward Industries, Inc.",Consumer Cyclical,Footwear & Accessories,United States,NASDAQ,621002289.0,8.42,67.93,66.46,10,96.4,3663,False,-71.19,137.85,58.65,12.9,11.47,20.32,5.6,5.3073,7.4582,7.5538,6.9983,7.9736,17039762,1255,2026-09-25,67.49,73753241.0
NASDAQ:RCEL,RCEL,"Avita Medical, Inc.",Healthcare,Medical Devices,United States,NASDAQ,364395998.0,11.84,67.95,68.14,10,96.5,3664,False,0.0,262.08,125.4,134.58,74.75,40.73,28.01,5.2528,5.0473,6.7756,8.413,9.2493,3190663,1255,2026-09-25,66.2,30776689.0
NASDAQ:QCOM,QCOM,QUALCOMM Incorporated,Technology,Semiconductors,United States,NASDAQ,212068500000.0,201.97,67.96,63.42,10,96.5,3665,True,-18.8,64.28,20.47,20.66,26.08,28.47,39.05,167.6462,167.3823,160.1974,157.2058,145.251,2642524058,1255,2026-09-25,63.53,1050000000.0
NASDAQ:BATRA,BATRA,"Atlanta Braves Holdings, Inc. - Series A",Communication Services,Entertainment,United States,NASDAQ,609082579.0,59.03,68.02,62.76,10,96.5,3666,False,0.0,40.82,15.82,19.6,26.47,30.91,37.58,50.9653,49.3565,46.6756,45.0908,42.9047,3814326,1255,2026-09-25,67.24,10318187.0
NASDAQ:ALNT,ALNT,Allient Inc.,Technology,Electronic Components,United States,NASDAQ,1971765357.0,116.01,68.07,63.76,10,96.6,3667,True,0.0,176.33,51.18,62.57,131.52,172.66,184.75,76.7366,71.3616,50.1091,42.5467,40.7405,22530517,1255,2026-09-25,65.44,16996512.0
NASDAQ:FBLA,FBLA,"FB Bancorp, Inc.",Financial Services,Banks - Regional,United States,NASDAQ,264646136.0,16.47,68.11,65.86,10,96.6,3668,False,0.0,40.89,15.69,19.23,,,,14.2369,13.8134,,,,1857733,482,2026-09-25,62.77,16068375.0
NASDAQ:FLGT,FLGT,"Fulgent Genetics, Inc.",Healthcare,Diagnostics & Research,United States,NASDAQ,630493831.0,22.2,68.13,64.07,10,96.6,3669,False,-28.04,60.99,10.22,4.69,9.91,3.66,-10.16,20.1411,21.2059,20.1987,21.4151,24.7093,7054122,1255,2026-09-25,62.87,28400623.0
NYSE:PRGO,PRGO,Perrigo Company plc,Healthcare,Drug Manufacturers - Specialty & Generic,Ireland,NYSE,2133631013.0,15.42,68.17,65.78,10,96.6,3670,False,-26.66,74.56,30.97,20.29,-15.03,-25.73,-33.18,11.7736,12.819,18.1482,20.763,23.0755,41356297,1255,2026-09-25,62.39,138367770.0
NASDAQ:CRCT,CRCT,"Cricut, Inc.",Technology,Computer Hardware,United States,NASDAQ,337816685.0,6.14,68.28,64.87,10,96.7,3671,False,0.0,67.97,33.56,31.31,26.55,26.29,13.3,4.5974,4.6759,4.8517,4.862,5.4194,3958154,1255,2026-09-25,62.39,55019004.0
NYSE:BEBE,BEBE,TGE Value Creative Solutions Corp,Financial Services,Shell Companies,France,NYSE,150600000.0,10.04,68.34,65.61,10,96.7,3672,False,-0.1,2.34,,,,,,,,,,,110959,160,2026-09-25,68.34,15000000.0
NASDAQ:SMTI,SMTI,Sanara MedTech Inc.,Healthcare,Medical Instruments & Supplies,United States,NASDAQ,322308719.0,35.06,68.35,71.28,10,96.7,3673,False,-0.62,114.57,44.57,41.61,23.66,17.18,9.05,24.2508,24.758,28.3516,29.9188,32.1492,7937805,1255,2026-09-25,69.83,9193061.0
NASDAQ:ATRC,ATRC,"AtriCure, Inc.",Healthcare,Medical Instruments & Supplies,United States,NASDAQ,2969574244.0,58.38,68.48,70.74,10,96.7,3674,False,-3.93,125.75,62.35,62.99,67.53,75.79,62.08,35.9598,35.8187,34.8476,33.2102,36.0185,85487153,1255,2026-09-25,81.93,50866294.0
NASDAQ:EMBC,EMBC,Embecta Corp.,Healthcare,Medical Instruments & Supplies,United States,NASDAQ,350033294.0,5.9,68.48,65.31,10,96.7,3675,False,-58.57,104.48,-16.85,-29.44,-45.46,-49.29,-59.48,7.0959,8.3619,10.817,11.6338,14.5623,6810381,1133,2026-09-25,63.47,59327677.0
NASDAQ:AVAT,AVAT,Avalanche Treasury Corporation,Financial Services,Asset Management,United States,NASDAQ,72707241.0,1.84,68.54,62.97,10,96.8,3676,True,-82.67,515.38,-72.84,-75.54,,,,6.7738,7.5238,,,,3756830,414,2026-09-25,67.88,39514805.0
NASDAQ:CRVL,CRVL,CorVel Corp.,Financial Services,Insurance Brokers,United States,NASDAQ,3791503355.0,74.33,68.58,65.73,10,96.8,3677,False,-5.48,61.59,21.34,16.4,-12.53,-11.66,-4.96,61.2574,63.8556,84.9753,84.1383,78.21,15341576,1255,2026-09-25,67.02,51009059.0
NASDAQ:GRML,GRML,Greenland Mines Ltd,Basic Materials,Other Precious Metals & Mining,United States,NASDAQ,2206758952.0,14.66,68.59,63.3,10,96.8,3678,False,-55.58,414.39,-3.1,-15.27,-35.01,-89.61,-93.74,15.1293,17.3018,22.5576,141.1394,234.2327,254713700,1106,2026-09-25,69.4,150529260.0
NASDAQ:VTRS,VTRS,Viatris Inc.,Healthcare,Drug Manufacturers - Specialty & Generic,United States,NASDAQ,20763973821.0,17.83,68.82,63.38,10,96.9,3679,False,0.0,94.54,19.09,27.81,51.01,59.59,68.21,14.9718,13.9505,11.8075,11.1726,10.5997,141260421,1255,2026-09-25,63.19,1164552654.0
NASDAQ:YDES,YDES,YD Bio Limited,Healthcare,Biotechnology,Taiwan,NASDAQ,405863613.0,5.73,68.84,65.13,10,96.9,3680,False,-71.48,201.58,-8.47,-27.31,,,,6.2605,7.8827,,,,2787381,273,2026-09-25,62.55,70831346.0
NYSE:DHR,DHR,Danaher Corporation,Healthcare,Diagnostics & Research,United States,NYSE,157813339262.0,224.49,68.88,64.48,10,96.9,3681,False,-6.86,38.94,11.5,10.11,7.42,2.54,2.43,201.3309,203.8691,208.9785,218.924,219.1556,848742138,1255,2026-09-25,68.26,702986054.0
NASDAQ:BLFS,BLFS,"BioLife Solutions, Inc.",Healthcare,Medical Instruments & Supplies,United States,NASDAQ,1880521903.0,38.49,68.91,67.27,10,96.9,3682,False,-0.23,112.07,46.84,46.58,52.11,68.14,73.12,26.212,26.2589,25.3047,22.8914,22.2337,33540646,1255,2026-09-25,69.87,48857415.0
NYSE:FIRY,FIRY,Firy Inc.,Communication Services,Electronic Gaming & Multimedia,United States,NYSE,151244475.0,12.42,68.94,65.6,10,97.0,3683,False,-5.19,444.74,87.57,87.4,96.05,98.66,53.84,6.6215,6.6275,6.3352,6.252,8.0731,1769876,1255,2026-09-25,73.69,12177494.0
NASDAQ:SONO,SONO,"Sonos, Inc.",Technology,Consumer Electronics,United States,NASDAQ,2150584538.0,18.18,69.03,63.59,10,97.0,3684,False,-5.11,43.15,18.83,16.09,30.29,26.82,21.21,15.2996,15.6597,13.9538,14.3349,14.9991,31694064,1255,2026-09-25,67.2,118293979.0
NYSE:SG,SG,"Sweetgreen, Inc.",Consumer Cyclical,Restaurants,United States,NYSE,881136976.0,8.24,69.07,62.75,10,97.0,3685,False,-19.29,75.32,20.18,19.84,-45.87,-51.18,-47.29,6.8562,6.876,15.2238,16.8796,15.6317,35622161,1217,2026-09-25,69.51,106934099.0
NYSE:CBZ,CBZ,"CBIZ, Inc.",Industrials,Specialty Business Services,United States,NYSE,2967724465.0,54.68,69.3,71.71,10,97.1,3686,False,-3.73,117.5,37.17,28.66,-5.38,-10.71,-6.41,39.8633,42.4992,57.7889,61.2421,58.4253,60490832,1255,2026-09-25,69.3,54274405.0
NASDAQ:SDGR,SDGR,"Schrodinger, Inc.",Healthcare,Health Information Services,United States,NASDAQ,1891305919.0,28.85,69.46,69.22,10,97.1,3687,False,-6.03,160.61,84.27,75.85,53.66,37.63,24.87,15.6564,16.4064,18.7757,20.9617,23.1035,57631558,1255,2026-09-25,72.52,65556531.0
NYSE:USPH,USPH,"U.S. Physical Therapy, Inc.",Healthcare,Medical Care Facilities,United States,NYSE,1291162059.0,84.84,69.53,65.51,10,97.1,3688,False,-6.58,45.72,12.7,11.29,9.51,4.21,1.28,75.2814,76.2301,77.4698,81.4115,83.7668,13700267,1255,2026-09-25,66.49,15218789.0
NASDAQ:EGHT,EGHT,8x8 Inc,Technology,Software - Application,United States,NASDAQ,326099348.0,2.3,69.54,62.88,10,97.1,3689,True,-16.67,44.65,14.05,14.77,8.83,0.12,-16.09,2.0167,2.004,2.1134,2.2971,2.7409,3253886,1255,2026-09-25,68.84,141782325.0
NYSE:CVI,CVI,CVR Energy Inc.,Energy,Oil & Gas Refining & Marketing,United States,NYSE,5179336460.0,51.52,69.55,69.54,10,97.2,3690,True,-4.84,150.2,62.62,58.44,86.84,84.36,86.69,31.6813,32.5179,27.5747,27.9446,27.5972,60128052,1255,2026-09-25,69.03,100530599.0
NASDAQ:CLMB,CLMB,"Climb Global Solutions, Inc.",Technology,Electronics & Computer Distribution,United States,NASDAQ,590609224.0,31.65,69.64,65.82,10,97.2,3691,False,-11.58,89.75,26.42,21.41,15.31,35.78,58.51,25.0355,26.0687,27.4477,23.3097,19.9671,4016253,1255,2026-09-25,67.72,18660639.0
NASDAQ:ASST,ASST,"Strive, Inc.",Financial Services,Asset Management,United States,NASDAQ,2187610975.0,29.44,69.66,70.27,10,97.2,3692,False,-46.47,310.89,93.15,64.69,-14.14,-21.29,,15.2418,17.8764,34.2888,37.4055,,282179309,914,2026-09-25,72.83,74307438.0
NASDAQ:NAKA,NAKA,Nakamoto Inc.,Financial Services,Capital Markets,United States,NASDAQ,173847369.0,9.99,69.79,68.36,10,97.2,3693,False,-80.18,196.44,10.44,-26.29,-90.93,,,9.0458,13.5538,110.1028,,,2035107,582,2026-09-25,68.39,17402139.0
NYSE:ARX,ARX,Accelerant Holdings,Financial Services,Insurance Brokers,Cayman Islands,NYSE,2227784082.0,19.75,70.0,68.27,10,97.3,3694,False,-0.65,111.0,36.17,38.08,,,,14.5042,14.3036,,,,35105761,296,2026-09-25,69.84,112799194.0
NASDAQ:PUBM,PUBM,"PubMatic, Inc.",Technology,Software - Application,United States,NASDAQ,710161969.0,18.6,70.01,67.39,10,97.3,3695,False,0.0,196.18,69.39,77.33,62.05,36.48,32.06,10.9804,10.4888,11.4781,13.6288,14.0848,12228251,1255,2026-09-25,69.68,38180751.0
NASDAQ:KRT,KRT,Karat Packaging Inc.,Consumer Cyclical,Packaging & Containers,United States,NASDAQ,1059874479.0,53.09,70.08,70.12,10,97.3,3696,False,-1.98,169.18,69.4,80.55,93.3,107.08,135.51,31.3398,29.4044,27.4645,25.6374,22.543,8447256,1255,2026-09-25,77.58,19963731.0
NYSE:MG,MG,Mistras Group Inc,Industrials,Security & Protection Services,United States,NYSE,684694975.0,21.52,70.08,66.44,10,97.3,3697,False,0.0,129.18,31.53,41.59,75.75,97.29,122.9,16.3613,15.199,12.245,10.9079,9.6546,9819345,1255,2026-09-25,69.22,31816681.0
NASDAQ:CEVA,CEVA,"CEVA, Inc.",Technology,Semiconductors,United States,NASDAQ,1008509158.0,36.2,70.19,60.29,10,97.4,3698,False,-27.69,110.34,23.31,26.71,32.06,43.26,41.04,29.3568,28.5683,27.4115,25.2682,25.6662,18558099,1255,2026-09-25,66.0,27859369.0
NASDAQ:CD,CD,Chaince Digital Holdings Inc. - American,Financial Services,Capital Markets,United States,NASDAQ,423435454.0,5.33,70.29,64.41,10,97.4,3699,False,-85.11,101.13,8.48,-21.16,-9.93,18.35,43.06,4.9133,6.7607,5.9176,4.5036,3.7257,826857,1255,2026-09-25,69.14,79443800.0
NASDAQ:VNCE,VNCE,Vince Holding Corp.,Consumer Cyclical,Apparel Manufacturing,United States,NASDAQ,147743881.0,11.5,70.43,68.04,10,97.4,3700,False,0.0,477.89,145.45,167.03,259.76,306.66,220.73,4.6854,4.3067,3.1966,2.8279,3.5856,4837468,1255,2026-09-25,69.13,12847294.0
NASDAQ:VICR,VICR,Vicor Corporation,Technology,Electronic Components,United States,NASDAQ,9696326387.0,281.96,70.45,63.3,10,97.4,3701,True,-25.76,481.84,33.32,53.54,142.57,211.41,244.19,211.4953,183.6357,116.2388,90.5438,81.9193,198340440,1255,2026-09-25,69.29,34389014.0
NYSE:BALY,BALY,Bally's Corporation,Consumer Cyclical,Resorts & Casinos,United States,NYSE,685283130.0,14.0,70.75,62.9,10,97.5,3702,False,-28.06,58.37,5.31,1.34,,,,13.2947,13.8152,,,,1414307,451,2026-09-25,71.22,48948795.0
NASDAQ:CNXN,CNXN,"PC Connection, Inc.",Technology,Electronics & Computer Distribution,United States,NASDAQ,2254267003.0,89.32,70.78,67.34,10,97.5,3703,False,0.0,61.36,30.88,34.6,35.05,37.3,48.19,68.2437,66.3586,66.1386,65.0538,60.2729,11857268,1255,2026-09-25,70.08,25238099.0
NYSE:ACA,ACA,"Arcosa, Inc.",Industrials,Engineering & Construction,United States,NYSE,7157268349.0,146.62,70.83,66.75,10,97.5,3704,False,0.0,64.76,16.15,21.9,38.08,50.22,64.24,126.2299,120.2784,106.1829,97.6064,89.2718,98071689,1255,2026-09-25,69.74,48815089.0
NYSE:AKO.A,AKO-A,Embotelladora Andina S.A.,Consumer Defensive,Beverages - Non-Alcoholic,Chile,NYSE,2048553854.0,25.97,71.11,65.83,10,97.6,3705,False,0.0,47.4,14.43,17.01,36.7,58.82,79.06,22.6947,22.1946,18.9975,16.3522,14.5036,10030,1255,2026-09-25,71.11,78881550.0
NASDAQ:FSEA,FSEA,"First Seacoast Bancorp, Inc.",Financial Services,Banks - Regional,United States,NASDAQ,80884460.0,17.24,71.13,69.31,10,97.6,3706,False,0.0,54.97,16.5,21.78,39.42,56.56,61.26,14.7987,14.1568,12.366,11.0117,10.6907,79355,1255,2026-09-25,61.08,4691674.0
AMEX:SDEV,SDEV,Stablecoin Development Corporation,Financial Services,Asset Management,United States,AMEX,75170172.0,1.49,71.19,64.96,10,97.6,3707,False,-98.44,77.38,-78.1,-77.42,-67.4,-83.85,-97.37,6.8023,6.5985,4.5704,9.2285,56.6468,1974166,1255,2026-09-25,65.05,50449780.0
NASDAQ:META,META,"Meta Platforms, Inc.",Communication Services,Internet Content & Information,United States,NASDAQ,1657506895075.0,751.66,71.38,68.34,10,97.6,3708,False,-3.33,43.22,20.18,18.28,17.66,31.84,57.22,625.4246,635.5159,638.8309,570.1268,478.1005,15525849254,1255,2026-09-25,80.55,2205128509.0
NASDAQ:XGN,XGN,Exagen Inc.,Healthcare,Diagnostics & Research,United States,NASDAQ,210673796.0,8.72,71.42,69.28,10,97.7,3709,False,-27.09,229.06,81.56,48.34,53.81,96.47,118.32,4.8027,5.8783,5.6692,4.4384,3.9941,2099737,1255,2026-09-25,71.95,24159839.0
NASDAQ:FEAM,FEAM,"5E Advanced Materials, Inc.",Basic Materials,Specialty Chemicals,United States,NASDAQ,116242624.0,2.8,71.45,68.59,10,97.7,3710,False,-60.2,166.67,39.78,10.28,-41.27,-80.56,-94.44,2.0032,2.539,4.7679,14.4056,50.3483,1714149,1138,2026-09-25,71.1,41515223.0
NASDAQ:ADPT,ADPT,Adaptive Biotechnologies Corporation,Healthcare,Diagnostics & Research,United States,NASDAQ,4681124675.0,29.43,71.62,68.37,10,97.7,3711,False,-0.47,137.15,60.52,64.57,123.51,190.89,209.4,18.3346,17.8834,13.1673,10.1173,9.5119,59338978,1255,2026-09-25,72.96,159059622.0
NASDAQ:SGHT,SGHT,"Sight Sciences, Inc.",Healthcare,Medical Devices,United States,NASDAQ,485880782.0,8.93,71.65,69.73,10,97.7,3712,False,-1.33,179.06,51.92,53.69,87.92,84.33,51.09,5.8782,5.8105,4.7519,4.8445,5.9106,1707646,1255,2026-09-25,67.64,54409942.0
NASDAQ:PPIH,PPIH,"Perma-Pipe International Holdings, Inc.",Industrials,Building Products & Equipment,United States,NASDAQ,257910131.0,31.74,71.75,66.58,10,97.8,3713,False,-10.06,41.44,6.84,9.8,37.89,75.22,98.02,29.7066,28.9078,23.0187,18.1139,16.0288,2892945,1255,2026-09-25,69.36,8125713.0
NASDAQ:CTKB,CTKB,"Cytek Biosciences, Inc.",Healthcare,Medical Devices,United States,NASDAQ,729655617.0,5.65,71.86,67.95,10,97.8,3714,False,-3.91,68.41,23.14,23.87,23.46,8.45,-13.58,4.5881,4.5614,4.5763,5.2096,6.5377,6736261,1255,2026-09-25,75.74,129142587.0
NASDAQ:DMAC,DMAC,DiaMedica Therapeutics Inc.,Healthcare,Biotechnology,United States,NASDAQ,427833759.0,7.94,71.9,66.47,10,97.8,3715,False,-15.44,48.97,11.51,11.6,32.34,59.65,86.61,7.1206,7.1147,5.9999,4.9735,4.2549,1263276,1255,2026-09-25,70.54,53883345.0
NASDAQ:QNBC,QNBC,QNB Corp.,Financial Services,Banks - Regional,United States,NASDAQ,284323984.0,45.79,71.93,70.08,10,97.8,3716,False,0.0,37.05,13.08,17.05,29.26,47.62,59.75,40.4933,39.1196,35.4256,31.0185,28.6629,584678,1255,2026-09-25,68.72,6209303.0
NASDAQ:FLXS,FLXS,"Flexsteel Industries, Inc.",Consumer Cyclical,"Furnishings, Fixtures & Appliances",United States,NASDAQ,364241824.0,89.37,72.01,68.66,10,97.9,3717,False,0.0,164.82,53.4,64.95,83.97,112.51,149.94,58.2585,54.1812,48.579,42.055,35.7559,7960543,1255,2026-09-25,70.43,4075661.0
NASDAQ:SKYA,SKYA,"SkyAI, Inc.",Technology,Software - Infrastructure,United States,NASDAQ,79565676.0,1.88,72.43,67.11,10,97.9,3718,False,-72.75,97.89,12.78,-16.93,-98.72,-99.78,-99.92,1.667,2.2631,147.1986,861.5673,2445.566,511996,1116,2026-09-25,72.43,42322168.0
NASDAQ:GLOO,GLOO,"Gloo Holdings, Inc.",Technology,Software - Application,United States,NASDAQ,136058912.0,4.77,72.45,66.46,10,97.9,3719,False,-49.79,61.69,-7.32,,,,,5.1469,,,,,5768683,214,2026-09-25,72.45,28523881.0
NASDAQ:XHLD,XHLD,"TEN Holdings, Inc.",Communication Services,Broadcasting,United States,NASDAQ,155107887.0,12.95,72.5,71.69,10,97.9,3720,False,0.0,1524.84,355.33,320.58,,,,2.8441,3.0791,,,,37331076,406,2026-09-25,71.66,11977443.0
NASDAQ:IOSP,IOSP,Innospec Inc.,Basic Materials,Specialty Chemicals,United States,NASDAQ,2431576960.0,98.72,72.53,68.92,10,98.0,3721,False,0.0,51.59,21.21,23.75,12.72,3.17,2.78,81.4479,79.7724,87.5816,95.6849,96.0471,19120411,1255,2026-09-25,67.55,24631047.0
NASDAQ:TEM,TEM,"Tempus AI, Inc.",Healthcare,Health Information Services,United States,NASDAQ,14909986105.0,85.01,72.54,68.58,10,98.0,3722,False,-17.67,104.6,51.12,38.12,43.04,,,56.2545,61.5494,59.433,,,502423347,572,2026-09-25,70.41,175390967.0
NYSE:ATKR,ATKR,Atkore Inc.,Industrials,Electrical Equipment & Parts,United States,NYSE,3193370346.0,94.57,72.55,68.33,10,98.0,3723,False,0.0,72.38,27.49,31.19,32.33,1.43,-5.97,74.1797,72.0887,71.4629,93.2361,100.5728,72245157,1255,2026-09-25,72.33,33767266.0
NYSE:TMO,TMO,Thermo Fisher Scientific Inc,Healthcare,Diagnostics & Research,United States,NYSE,249579418050.0,675.0,72.58,70.11,10,98.1,3724,False,-0.5,54.26,25.16,24.49,30.29,28.06,27.55,539.3135,542.1978,518.0788,527.084,529.2122,1383282803,1255,2026-09-25,74.99,369747286.0
NASDAQ:ALDF,ALDF,Aldel Financial II Inc.,Financial Services,Shell Companies,United States,NASDAQ,256752225.0,10.83,72.71,70.47,10,98.1,3725,False,0.0,4.23,1.86,2.16,,,,10.632,10.6013,,,,547862,446,2026-09-25,72.71,23707500.0
NASDAQ:SFWL,SFWL,Shengfeng Development Limited,Industrials,Integrated Freight & Logistics,China,NASDAQ,380586097.0,9.37,72.92,73.3,10,98.1,3726,False,-14.12,1267.88,557.59,603.61,679.05,317.32,,1.4249,1.3317,1.2028,2.2453,,45372,874,2026-09-25,70.74,40617513.0
NASDAQ:LTRX,LTRX,"Lantronix, Inc.",Technology,Communication Equipment,United States,NASDAQ,313152351.0,7.02,72.98,65.21,10,98.1,3727,False,-16.92,56.7,16.09,20.54,55.7,57.76,57.15,6.0468,5.8238,4.5088,4.4497,4.4672,7432749,1255,2026-09-25,68.15,44608597.0
NYSE:PS,PS,Pershing Square Inc.,Financial Services,Asset Management,United States,NYSE,22464000000.0,56.16,73.24,69.7,10,98.2,3728,False,0.0,132.88,,,,,,,,,,,33398302,104,2026-09-25,69.1,400000000.0
NASDAQ:NEOG,NEOG,Neogen Corporation,Healthcare,Medical Devices,United States,NASDAQ,3000450780.0,13.76,73.3,70.15,10,98.2,3729,False,-1.57,156.72,39.77,52.01,51.38,20.56,5.2,9.8447,9.0518,9.0898,11.4139,13.0796,40417059,1255,2026-09-25,72.41,218056016.0
NASDAQ:TWST,TWST,Twist Bioscience Corporation,Healthcare,Diagnostics & Research,United States,NASDAQ,11385064339.0,182.83,73.36,70.38,10,98.2,3730,False,-0.65,618.39,149.86,184.02,253.54,292.64,350.72,73.1722,64.3714,51.7142,46.5648,40.5637,296372442,1255,2026-09-25,74.39,62271314.0
NASDAQ:DSGR,DSGR,"Distribution Solutions Group, Inc.",Industrials,Industrial Distribution,United States,NASDAQ,1617089553.0,34.96,73.41,72.96,10,98.2,3731,False,0.0,81.05,18.5,19.69,14.34,13.08,22.48,29.5011,29.2097,30.5747,30.9164,28.5423,7663410,1255,2026-09-25,73.03,46255422.0
NYSE:RSKD,RSKD,Riskified Ltd.,Technology,Software - Application,United States,NYSE,728316049.0,7.78,73.6,70.61,10,98.3,3732,False,-1.64,105.28,56.6,57.95,59.3,58.23,58.05,4.968,4.9255,4.8838,4.917,4.9224,16406501,1255,2026-09-25,76.92,93613888.0
NASDAQ:SUIG,SUIG,Sui Group Holdings Limited,Financial Services,Credit Services,United States,NASDAQ,128631000.0,1.59,73.62,68.36,10,98.3,3733,False,-65.28,97.03,16.0,-5.77,-25.89,-32.27,-31.59,1.3707,1.6873,2.1454,2.3474,2.3241,1263070,1255,2026-09-25,70.6,80900000.0
NYSE:DNA,DNA,"Ginkgo Bioworks Holdings, Inc.",Healthcare,Biotechnology,United States,NYSE,568829763.0,10.66,73.68,67.39,10,98.3,3734,False,-33.95,94.53,29.08,19.29,15.42,-44.93,-68.07,8.2584,8.9358,9.2357,19.3588,33.3854,12672732,1255,2026-09-25,71.8,53361141.0
NYSE:RVTY,RVTY,"Revvity, Inc.",Healthcare,Diagnostics & Research,United States,NYSE,16857797298.0,151.11,73.69,71.18,10,98.3,3735,False,0.0,83.81,44.04,47.12,45.68,44.78,37.7,104.9111,102.7107,103.7285,104.3712,109.7368,301743529,1255,2026-09-25,73.4,111559773.0
NASDAQ:EFTY,EFTY,"Etoiles Capital Group Co., Ltd.",Industrials,Consulting Services,Hong Kong,NASDAQ,226952200.0,15.02,73.7,73.52,10,98.4,3736,False,-11.54,17.34,0.0,-0.02,,,,15.02,15.0228,,,,0,285,2026-09-25,73.7,15110000.0
NASDAQ:ILMN,ILMN,"Illumina, Inc.",Healthcare,Diagnostics & Research,United States,NASDAQ,40851000000.0,270.0,73.7,70.69,10,98.4,3737,False,-1.42,196.7,69.5,80.96,109.37,113.68,87.75,159.288,149.2043,128.9568,126.3583,143.811,934205269,1255,2026-09-25,76.83,151300000.0
NASDAQ:CAI,CAI,"Caris Life Sciences, Inc.",Healthcare,Biotechnology,United States,NASDAQ,9037394048.0,31.98,73.8,71.44,10,98.4,3738,False,-2.94,119.79,51.34,41.19,,,,21.1318,22.6507,,,,150410139,320,2026-09-25,75.81,282595186.0
NYSE:SBXD,SBXD,SilverBox Corp IV,Financial Services,Shell Companies,United States,NYSE,232982450.0,11.39,73.88,71.0,10,98.4,3739,True,0.0,8.89,5.94,6.41,,,,10.7515,10.7044,,,,21850,494,2026-09-25,63.25,20455000.0
NYSE:PRLB,PRLB,"Proto Labs, Inc.",Industrials,Metal Fabrication,United States,NYSE,2290176831.0,96.25,73.89,68.01,10,98.5,3740,False,0.0,105.62,40.38,48.37,84.94,111.35,129.68,68.5621,64.8696,52.0433,45.54,41.9067,18781719,1255,2026-09-25,70.1,23794045.0
NASDAQ:TXG,TXG,"10x Genomics, Inc.",Healthcare,Health Information Services,United States,NASDAQ,10017554840.0,85.71,73.93,72.7,10,98.5,3741,False,0.0,655.82,160.46,194.54,308.06,238.62,181.39,32.9077,29.0994,21.0044,25.3117,30.4594,203363050,1255,2026-09-25,72.71,116877317.0
NYSE:ITGR,ITGR,Integer Holdings Corporation,Healthcare,Medical Devices,United States,NYSE,4289854359.0,126.34,73.96,74.56,10,98.5,3742,True,-0.13,99.53,33.33,36.98,17.15,17.58,26.95,94.7551,92.2304,107.8471,107.4477,99.5164,94946676,1255,2026-09-25,72.92,33954839.0
NYSE:EAF,EAF,GrafTech International Ltd.,Industrials,Electrical Equipment & Parts,United States,NYSE,288871034.0,11.09,74.06,69.48,10,98.6,3743,True,-44.05,112.05,18.75,5.98,-5.42,-18.89,-50.04,9.3389,10.464,11.7257,13.6733,22.1962,5821198,1255,2026-09-25,71.76,26047884.0
NASDAQ:PSIG,PSIG,PS International Group Ltd.,Industrials,Integrated Freight & Logistics,Hong Kong,NASDAQ,70270934.0,4.57,74.14,67.63,10,98.6,3744,False,-61.43,323.15,-6.69,-2.93,5.29,,,4.8977,4.708,4.3403,,,5111271,549,2026-09-25,74.83,15376572.0
NASDAQ:IPDN,IPDN,"Professional Diversity Network, Inc.",Industrials,Staffing & Employment Services,United States,NASDAQ,57736454.0,4.5,74.21,74.94,10,98.6,3745,True,-16.97,5354.55,451.04,309.98,124.72,-8.93,-52.68,0.8166,1.0976,2.0025,4.9411,9.5098,13856816,1254,2026-09-25,72.58,12830323.0
NASDAQ:IOVA,IOVA,"Iovance Biotherapeutics, Inc.",Healthcare,Biotechnology,United States,NASDAQ,4911526356.0,11.0,74.36,72.56,10,98.6,3746,False,0.0,507.73,147.52,175.83,145.2,82.44,73.53,4.4442,3.988,4.4861,6.0293,6.339,130112148,1255,2026-09-25,73.15,446502396.0
NYSE:RGR,RGR,"Sturm, Ruger & Company, Inc.",Industrials,Aerospace & Defense,United States,NYSE,684029139.0,42.81,74.62,68.21,10,98.7,3747,False,-8.09,50.16,12.38,12.14,14.48,8.87,1.97,38.0926,38.177,37.394,39.3237,41.9836,8363715,1255,2026-09-25,71.11,15978256.0
NASDAQ:NTWK,NTWK,NETSOL Technologies Inc.,Technology,Software - Application,United States,NASDAQ,58194429.0,4.9,75.01,69.15,10,98.7,3748,False,-6.13,75.0,28.42,27.56,42.59,57.46,63.34,3.8157,3.8414,3.4364,3.1119,2.9998,132050,1255,2026-09-25,71.65,11876414.0
NYSE:UTZ,UTZ,Utz Brands Inc,Consumer Defensive,Packaged Foods,United States,NYSE,1260767749.0,14.24,75.12,76.81,10,98.7,3749,False,0.0,112.24,46.1,43.1,19.83,9.04,4.49,9.7468,9.9508,11.8836,13.0589,13.6278,21203150,1255,2026-09-25,75.12,88537061.0
NYSE:A,A,"Agilent Technologies, Inc.",Healthcare,Diagnostics & Research,United States,NYSE,48801415604.0,172.79,75.14,71.34,10,98.7,3750,False,-0.03,57.4,31.12,28.89,33.48,33.33,33.0,131.7772,134.0611,129.4541,129.597,129.9183,401498975,1255,2026-09-25,75.24,282431944.0
NASDAQ:SVCC,SVCC,Stellar V Capital Corp.,Financial Services,Shell Companies,United States,NASDAQ,166749600.0,10.72,75.29,72.34,10,98.8,3751,False,0.0,4.38,2.0,2.31,,,,10.51,10.4777,,,,194567,380,2026-09-25,72.71,15555000.0
AMEX:AGIG,AGIG,Abundia Global Impact Group Inc.,Utilities,Utilities - Renewable,United States,AMEX,58990580.0,1.34,75.31,69.49,10,98.8,3752,False,-80.8,61.45,-16.47,-41.38,-79.62,-85.83,-90.74,1.6042,2.286,6.5745,9.4586,14.4633,151072,1255,2026-09-25,71.22,44022821.0
NASDAQ:WBD,WBD,"Warner Bros. Discovery, Inc. - Series A",Communication Services,Entertainment,United States,NASDAQ,77370238624.0,30.86,75.44,71.32,10,98.8,3753,False,0.0,80.47,11.65,17.13,67.53,101.41,110.2,27.6401,26.3474,18.4204,15.3222,14.6811,1212722534,1255,2026-09-25,75.32,2507136702.0
NASDAQ:RVSB,RVSB,Riverview Bancorp Inc,Financial Services,Banks - Regional,United States,NASDAQ,119955647.0,5.95,75.65,70.47,10,98.8,3754,True,-1.77,19.88,11.09,11.86,12.53,16.81,13.86,5.3561,5.3193,5.2876,5.0938,5.2258,313971,1255,2026-09-25,74.05,20160613.0
NYSE:JILL,JILL,"J. Jill, Inc.",Consumer Cyclical,Apparel Retail,United States,NYSE,368253351.0,24.63,75.71,73.98,10,98.9,3755,True,0.0,127.83,55.92,57.25,38.44,16.03,14.52,15.7963,15.6625,17.7913,21.2267,21.5078,4908256,1255,2026-09-25,72.81,14951415.0
NASDAQ:IBEX,IBEX,IBEX Limited,Technology,Information Technology Services,United States,NASDAQ,596217335.0,44.53,75.85,71.93,10,98.9,3756,False,0.0,68.67,33.62,30.65,50.29,76.77,81.92,33.3254,34.0826,29.6295,25.1909,24.4775,7086733,1255,2026-09-25,72.36,13389116.0
NASDAQ:CHEC,CHEC,Chenghe Acquisition III Co.,Financial Services,Shell Companies,Singapore,NASDAQ,134236240.0,10.28,75.91,71.59,10,98.9,3757,False,0.0,3.42,1.65,,,,,10.1135,,,,,47365,219,2026-09-25,71.41,13058000.0
NASDAQ:AMPH,AMPH,"Amphastar Pharmaceuticals, Inc.",Healthcare,Drug Manufacturers - Specialty & Generic,United States,NASDAQ,1152147973.0,26.13,75.96,71.64,10,98.9,3758,False,-11.12,54.89,16.95,13.5,-6.04,-23.82,-26.65,22.3421,23.0229,27.8097,34.2995,35.6246,12175001,1255,2026-09-25,77.92,44092919.0
NYSE:TISI,TISI,"Team, Inc.",Industrials,Specialty Business Services,United States,NYSE,132844361.0,29.06,76.04,73.95,10,99.0,3759,False,0.0,129.72,68.12,72.29,66.6,102.61,129.74,17.2849,16.8666,17.4433,14.343,12.649,1140954,1255,2026-09-25,75.69,4571382.0
NASDAQ:MRNA,MRNA,"Moderna, Inc.",Healthcare,Biotechnology,United States,NASDAQ,78912851190.0,198.88,76.07,72.73,10,99.0,3760,False,0.0,789.45,209.51,253.03,334.1,208.75,136.04,64.2559,56.3357,45.8148,64.4152,84.2554,2511259485,1255,2026-09-25,75.12,396786259.0
NASDAQ:HQI,HQI,"HireQuest, Inc.",Industrials,Staffing & Employment Services,United States,NASDAQ,279363311.0,20.04,76.23,70.84,10,99.0,3761,False,0.0,167.62,63.64,74.1,73.16,66.22,45.38,12.2465,11.5107,11.5728,12.056,13.7846,479020,1255,2026-09-25,70.48,13940285.0
NASDAQ:CYPH,CYPH,Cypherpunk Technologies Inc.,Financial Services,Asset Management,United States,NASDAQ,438633666.0,4.12,76.33,75.25,10,99.1,3762,False,0.0,1090.75,289.99,295.13,260.51,157.19,66.8,1.0564,1.0427,1.1428,1.6019,2.47,52168673,1255,2026-09-25,76.03,106464482.0
NASDAQ:VFF,VFF,"Village Farms International, Inc.",Consumer Defensive,Farm Products,United States,NASDAQ,386141282.0,3.17,76.46,72.36,10,99.1,3763,False,-24.16,72.28,12.74,8.45,56.44,89.73,105.26,2.8117,2.9229,2.0263,1.6708,1.5444,2071795,1255,2026-09-25,74.64,121811130.0
NYSE:SRFM,SRFM,Surf Air Mobility Inc.,Industrials,Airlines,United States,NYSE,123203999.0,1.11,76.5,68.8,10,99.1,3764,False,-79.63,136.67,-19.4,-39.77,-58.06,-69.09,,1.3771,1.8428,2.6465,3.5914,,5188512,795,2026-09-25,69.04,110994594.0
NYSE:HZO,HZO,"MarineMax, Inc. (FL)",Consumer Cyclical,Specialty Retail,United States,NYSE,1155156396.0,52.44,76.84,75.45,10,99.1,3765,True,-0.23,144.7,54.27,63.47,79.01,74.95,72.46,33.9931,32.0785,29.2943,29.9734,30.4072,43160154,1255,2026-09-25,76.61,22028154.0
NASDAQ:SAFT,SAFT,"Safety Insurance Group, Inc.",Financial Services,Insurance - Property & Casualty,United States,NASDAQ,1519576692.0,103.51,77.06,78.33,10,99.2,3766,False,-0.13,60.91,29.55,33.24,37.53,40.63,44.43,79.9017,77.6861,75.2655,73.6052,71.6701,13159359,1255,2026-09-25,77.06,14680482.0
NASDAQ:BRTX,BRTX,"BioRestorative Therapies, Inc.",Healthcare,Biotechnology,United States,NASDAQ,64969333.0,2.55,77.14,78.55,10,99.2,3767,True,-7.61,1674.53,314.8,227.52,106.59,86.66,35.98,0.6148,0.7786,1.2343,1.3661,1.8753,95468,1254,2026-09-25,76.58,25478170.0
NASDAQ:SCPQ,SCPQ,Social Commerce Partners Corporation,Financial Services,Shell Companies,United States,NASDAQ,104017500.0,10.05,77.43,71.75,10,99.2,3768,False,0.0,1.93,,,,,,,,,,,168032,156,2026-09-25,77.43,10350000.0
NASDAQ:QMCO,QMCO,Quantum Corporation,Technology,Computer Hardware,United States,NASDAQ,1247384160.0,31.68,77.48,73.45,10,99.2,3769,False,0.0,635.03,190.28,198.84,161.25,191.05,130.54,10.9135,10.6012,12.1263,10.8847,13.7415,40685255,1255,2026-09-25,73.69,39374500.0
NASDAQ:AOUT,AOUT,"American Outdoor Brands, Inc.",Consumer Cyclical,Leisure,United States,NASDAQ,219499956.0,17.55,77.62,72.85,10,99.3,3770,False,0.0,175.94,68.34,79.41,63.45,74.9,78.59,10.4254,9.7823,10.7374,10.0342,9.8272,5400940,1255,2026-09-25,75.43,12507120.0
NYSE:ACVA,ACVA,ACV Auctions Inc.,Consumer Cyclical,Auto & Truck Dealerships,United States,NYSE,1826157991.0,10.46,78.0,72.89,10,99.3,3771,False,-0.19,152.05,53.12,46.89,-13.04,-22.73,-21.19,6.8313,7.121,12.0287,13.5364,13.2723,137007236,1255,2026-09-25,78.0,174584894.0
AMEX:MPU,MPU,Mega Matrix Inc.,Communication Services,Entertainment,Singapore,AMEX,172542071.0,2.78,78.45,78.91,10,99.3,3772,False,-14.2,1535.29,303.02,256.36,151.74,99.01,92.89,0.6898,0.7801,1.1043,1.3969,1.4412,59995,1253,2026-09-25,81.63,62065493.0
NASDAQ:MCTA,MCTA,Charming Medical Limited,Healthcare,Medical Care Facilities,Hong Kong,NASDAQ,445550190.0,29.355,78.51,78.43,10,99.3,3773,False,0.0,373.47,0.0,,,,,29.355,,,,,0,234,2026-09-25,78.51,15178000.0
NYSE:HBB,HBB,Hamilton Beach Brands Holding Company,Consumer Cyclical,"Furnishings, Fixtures & Appliances",United States,NYSE,371119213.0,37.26,78.61,74.63,10,99.4,3774,False,-0.13,177.37,73.17,85.87,94.77,98.73,123.51,21.5163,20.0466,19.1303,18.7486,16.6701,2593487,1255,2026-09-25,79.01,9960258.0
NASDAQ:PRTH,PRTH,"Priority Technology Holdings, Inc.",Technology,Software - Infrastructure,United States,NASDAQ,640723223.0,7.78,78.84,71.53,10,99.4,3775,False,-0.26,67.67,33.84,30.98,11.13,30.08,40.52,5.8128,5.9398,7.0009,5.9809,5.5366,14910517,1255,2026-09-25,79.14,82355170.0
NASDAQ:VREX,VREX,Varex Imaging Corporation,Healthcare,Medical Devices,United States,NASDAQ,777602648.0,18.45,78.95,80.39,10,99.4,3776,False,-0.7,97.96,43.82,46.52,54.39,36.34,20.76,12.8289,12.592,11.95,13.5321,15.2776,13163610,1255,2026-09-25,80.52,42146485.0
AMEX:EVI,EVI,"EVI Industries, Inc.",Industrials,Industrial Distribution,United States,AMEX,261629067.0,20.33,79.01,71.93,10,99.4,3777,True,-36.33,56.02,5.97,-1.06,0.8,-0.64,-0.63,19.1842,20.5481,20.1694,20.4602,20.4597,979565,1255,2026-09-25,76.45,12869113.0
NASDAQ:CDNA,CDNA,"CareDx, Inc.",Healthcare,Diagnostics & Research,United States,NASDAQ,3294435321.0,63.68,79.3,76.68,10,99.5,3778,False,0.0,345.94,130.57,153.03,183.48,227.99,264.68,27.6183,25.167,22.4639,19.415,17.462,68596249,1255,2026-09-25,76.78,51734223.0
NASDAQ:HLP,HLP,Hongli Group Inc.,Basic Materials,Steel,China,NASDAQ,165172638.0,2.21,79.59,76.52,10,99.5,3779,False,0.0,415.15,116.6,97.35,97.53,61.54,,1.0203,1.1198,1.1188,1.3681,,223235,877,2026-09-25,79.38,74738750.0
NYSE:CHT,CHT,"Chunghwa Telecom Co., Ltd.",Communication Services,Telecom Services,Taiwan,NYSE,35800615828.0,46.15,80.23,74.52,10,99.5,3780,True,-0.11,17.75,10.04,10.54,15.32,21.25,25.83,41.9379,41.7515,40.0179,38.0629,36.6776,11233221,1255,2026-09-25,79.61,775744655.0
NASDAQ:NRSN,NRSN,NeuroSense Therapeutics Ltd.,Healthcare,Biotechnology,Israel,NASDAQ,250893700.0,6.95,80.4,80.9,10,99.6,3781,False,-6.08,1993.37,574.32,559.94,492.12,515.26,463.67,1.0307,1.0531,1.1737,1.1296,1.233,217660,1202,2026-09-25,87.01,36099813.0
NASDAQ:TKNO,TKNO,"Alpha Teknova, Inc.",Healthcare,Drug Manufacturers - Specialty & Generic,United States,NASDAQ,500218881.0,9.33,80.52,75.54,10,99.6,3782,False,0.0,368.84,110.57,104.3,73.51,107.46,116.89,4.4307,4.5668,5.3771,4.4973,4.3017,1842450,1255,2026-09-25,80.26,53614028.0
NASDAQ:BWMN,BWMN,Bowman Consulting Group Ltd.,Industrials,Engineering & Construction,United States,NASDAQ,745304236.0,42.57,80.66,76.88,10,99.6,3783,False,-4.19,68.19,27.6,23.17,37.83,37.76,44.18,33.3609,34.5633,30.8864,30.9021,29.5259,13259850,1255,2026-09-25,80.58,17507734.0
NASDAQ:MAMK,MAMK,MaxsMaking Inc.,Industrials,Conglomerates,China,NASDAQ,119600000.0,13.0,80.82,78.98,10,99.6,3784,False,-4.62,437.19,0.0,9.94,,,,13.0,11.8246,,,,0,309,2026-09-25,80.82,9200000.0
NASDAQ:KBSX,KBSX,FST Corp.,Consumer Cyclical,Leisure,Taiwan,NASDAQ,75206885.0,1.68,81.02,74.26,10,99.7,3785,False,-1.18,100.0,39.42,32.69,-50.87,-72.08,-76.42,1.205,1.2662,3.4194,6.0165,7.1252,25815,1134,2026-09-25,76.51,44766003.0
NASDAQ:NTRA,NTRA,"Natera, Inc.",Healthcare,Diagnostics & Research,United States,NASDAQ,59084937998.0,412.56,83.75,79.05,10,99.7,3786,False,0.0,157.51,68.69,75.58,112.04,161.84,217.08,244.5602,234.9688,194.569,157.5617,130.1107,520266677,1255,2026-09-25,83.12,143215382.0
NASDAQ:CPOP,CPOP,"Pop Culture Group Co., Ltd",Communication Services,Entertainment,China,NASDAQ,57815856.0,5.08,83.98,78.86,10,99.7,3787,False,-75.22,2007.88,84.51,39.07,-20.54,-51.54,-80.46,2.7532,3.653,6.3928,10.4828,25.9996,2427043,1254,2026-09-25,92.38,11381074.0
AMEX:MGLD,MGLD,"The Marygold Companies, Inc.",Financial Services,Asset Management,United States,AMEX,82625639.0,1.93,84.27,79.16,10,99.7,3788,False,0.0,122.86,78.93,80.58,76.98,71.81,62.15,1.0787,1.0688,1.0905,1.1234,1.1903,1511843,1139,2026-09-25,49.32,42811212.0
NASDAQ:TJGC,TJGC,TJGC Group Limited,Communication Services,Advertising Agencies,Hong Kong,NASDAQ,265024000.0,26.24,84.33,83.78,10,99.8,3789,False,-6.95,1652.84,446.97,470.65,,,,4.7974,4.5982,,,,18643763,422,2026-09-25,93.48,10100000.0
NASDAQ:MKTX,MKTX,"MarketAxess Holdings, Inc.",Financial Services,Capital Markets,United States,NASDAQ,5778320773.0,164.19,84.74,77.51,10,99.8,3790,False,-14.32,51.23,5.47,4.15,-12.54,-17.2,-24.35,155.6736,157.6475,187.7403,198.3049,217.0458,151214654,1255,2026-09-25,83.34,35192891.0
NASDAQ:ZKIN,ZKIN,"ZK International Group Co., Ltd",Basic Materials,Steel,China,NASDAQ,134683924.0,2.35,85.77,79.45,10,99.8,3791,False,-23.95,132.67,60.45,41.57,50.21,86.07,110.17,1.4647,1.66,1.5645,1.263,1.1182,113536,1255,2026-09-25,77.82,57312308.0
NASDAQ:GLND,GLND,Greenland Energy Company,Energy,Oil & Gas E&P,United States,NASDAQ,242265275.0,5.54,87.03,81.0,10,99.8,3792,False,-57.38,394.64,,,,,,,,,,,120124068,130,2026-09-25,86.5,43730194.0
NASDAQ:GRAL,GRAL,"GRAIL, Inc.",Healthcare,Diagnostics & Research,United States,NASDAQ,5445686486.0,126.89,87.11,81.02,10,99.9,3793,False,0.0,194.89,74.77,69.93,143.48,,,72.6058,74.6706,52.1159,,,122250605,574,2026-09-25,86.7,42916593.0
NASDAQ:ALP,ALP,Alpha Compute Corp,Financial Services,Asset Management,British Virgin Islands,NASDAQ,131321885.0,5.58,89.41,89.31,10,99.9,3794,False,-48.85,5536.36,736.73,271.05,46.69,-29.14,-79.71,0.6669,1.5038,3.8039,7.8747,27.4997,699534,1253,2026-09-25,90.12,23534388.0
NASDAQ:MSGY,MSGY,Masonglory Limited,Industrials,Engineering & Construction,Hong Kong,NASDAQ,114795750.0,8.07,91.28,85.17,10,99.9,3795,True,-95.08,345.86,8.37,-31.98,,,,7.447,11.8641,,,,22237831,308,2026-09-25,42.4,14225000.0
NASDAQ:SVRN,SVRN,"SVRN, Inc.",Industrials,Marine Shipping,Greece,NASDAQ,88651064.0,47.26,91.76,89.73,10,99.9,3796,False,0.0,1052.68,283.8,197.04,-81.87,-91.33,-99.72,12.3137,15.9105,260.6602,545.0393,17090.8306,4693062,1210,2026-09-25,90.44,1875816.0
NASDAQ:MAGH,MAGH,Magnitude International Ltd,Industrials,Engineering & Construction,Singapore,NASDAQ,225446000.0,6.76,92.17,86.78,10,100.0,3797,False,0.0,440.8,0.0,14.72,,,,6.76,5.8925,,,,0,283,2026-09-25,92.17,33350000.0
NYSE:BIO.B,BIO-B,"Bio-Rad Laboratories, Inc.",Healthcare,Medical Devices,United States,NYSE,1847683753.0,365.08,97.2,92.63,10,100.0,3798,False,0.0,42.87,20.09,20.26,23.84,21.42,11.9,303.9954,303.5735,294.7897,300.6828,326.2464,0,1255,2026-09-25,97.2,5061038.0
