tv_ticker,vendor_symbol,company_name,sector,industry,country,exchange,market_cap,price,rsi14,rsi21,rsi_decile,rsi_pctile,rsi_rank,hook_turning_up,pct_from_52w_high,pct_from_52w_low,prem_ma_200d,prem_ma_1y,prem_ma_2y,prem_ma_3y,prem_ma_4y,ma_200d,ma_1y,ma_2y,ma_3y,ma_4y,avg_dollar_vol_20d,bars_available,asof,rsi_fast_prev,shares_outstanding
AMEX:GPUS,GPUS,"Hyperscale Data, Inc.",Industrials,Conglomerates,United States,AMEX,61352901.0,0.19,14.67,26.03,1,0.0,1,False,-93.97,0.0,-78.92,-83.48,-98.28,-99.88,-100.0,0.9013,1.1504,11.0725,152.0219,24045.8947,6329054,1255,2026-09-04,14.67,322910003.0
NASDAQ:NXL,NXL,"Nexalin Technology, Inc.",Healthcare,Medical Devices,United States,NASDAQ,111377188.0,5.06,17.79,26.44,1,0.1,2,False,-90.93,0.0,-66.5,-73.76,-86.93,-85.02,,15.1063,19.281,38.711,33.7745,,76271,996,2026-09-04,18.66,22011302.0
NASDAQ:REYN,REYN,Reynolds Consumer Products Inc.,Consumer Cyclical,Packaging & Containers,United States,NASDAQ,4605782957.0,21.85,19.81,28.49,1,0.1,3,True,-18.9,8.36,-5.37,-5.26,-6.84,-9.06,-10.01,23.0892,23.0642,23.4552,24.0257,24.2809,34528922,1255,2026-09-04,19.46,210790982.0
NASDAQ:RCON,RCON,"Recon Technology, Ltd.",Energy,Oil & Gas Equipment & Services,China,NASDAQ,100997219.0,1.43,20.03,23.66,1,0.1,4,False,-99.68,0.0,-99.17,-99.33,-99.58,-99.68,-99.86,172.3163,212.7352,338.5858,446.4276,1029.9993,4718996,1255,2026-09-04,20.07,70627426.0
NASDAQ:RARE,RARE,Ultragenyx Pharmaceutical Inc.,Healthcare,Biotechnology,United States,NASDAQ,1508409757.0,15.3,21.14,26.15,1,0.1,5,True,-58.13,3.03,-41.15,-43.67,-55.36,-58.99,-60.41,25.9965,27.1629,34.2713,37.3042,38.6462,82781235,1255,2026-09-04,19.1,98588873.0
NASDAQ:GIII,GIII,"G-III Apparel Group, LTD.",Consumer Cyclical,Apparel Manufacturing,United States,NASDAQ,1170366495.0,27.74,21.31,27.57,1,0.2,6,True,-24.64,11.79,-10.8,-8.27,-4.34,-2.86,7.98,31.0983,30.2417,28.9999,28.5572,25.6891,19226395,1255,2026-09-04,16.79,42190573.0
NASDAQ:RPID,RPID,"Rapid Micro Biosystems, Inc.",Healthcare,Medical Devices,United States,NASDAQ,59372187.0,1.31,22.01,28.25,1,0.2,7,False,-72.01,0.0,-52.36,-53.99,-47.7,-33.74,-30.9,2.7499,2.8469,2.5048,1.9771,1.8957,322815,1255,2026-09-04,24.62,45322280.0
NASDAQ:WATR,WATR,Air Water Ventures Limited,Industrials,Industrial Distribution,United Arab Emirates,NASDAQ,60002943.0,1.92,22.17,22.51,1,0.2,8,False,-81.72,0.0,-79.44,-79.8,,,,9.337,9.503,,,,449610,308,2026-09-04,22.46,31251533.0
NASDAQ:XCH,XCH,XCHG Limited - ADS,Industrials,Electrical Equipment & Parts,Germany,NASDAQ,218391648.0,3.12,22.28,28.32,1,0.2,9,False,-92.08,0.0,-82.44,-84.39,,,,17.7705,19.9905,,,,133119,499,2026-09-04,23.58,69997323.0
NYSE:TJX,TJX,"TJX Companies, Inc. (The)",Consumer Cyclical,Apparel Retail,United States,NYSE,145909363228.0,132.08,22.79,27.95,1,0.3,10,False,-21.32,0.59,-14.14,-12.6,-2.97,7.82,19.7,153.835,151.1161,136.1165,122.5014,110.3426,1048495382,1255,2026-09-04,22.91,1104704446.0
NASDAQ:DLHC,DLHC,DLH Holdings Corp.,Industrials,Specialty Business Services,United States,NASDAQ,58986652.0,4.07,22.86,27.91,1,0.3,11,False,-38.05,0.0,-26.7,-27.12,-32.74,-51.21,-55.7,5.5522,5.5842,6.0515,8.3417,9.1864,53458,1255,2026-09-04,24.05,14493035.0
NASDAQ:SKYE,SKYE,"Skye Bioscience, Inc.",Healthcare,Biotechnology,United States,NASDAQ,65367323.0,1.86,22.93,25.34,1,0.3,12,True,-95.11,10.71,-70.01,-79.58,-89.54,-93.76,-94.37,6.2025,9.1091,17.7821,29.7947,33.0405,548734,1255,2026-09-04,19.89,35143722.0
NYSE:EVTL,EVTL,Vertical Aerospace Ltd.,Industrials,Aerospace & Defense,United Kingdom,NYSE,76142146.0,0.598,23.0,26.54,1,0.3,13,False,-91.79,2.22,-81.35,-83.29,-87.29,-90.02,-95.17,3.2061,3.5792,4.7063,5.9928,12.3818,9038335,1255,2026-09-04,23.08,127328004.0
NASDAQ:ALMS,ALMS,Alumis Inc.,Healthcare,Biotechnology,United States,NASDAQ,1370095999.0,11.1,23.25,27.74,1,0.4,14,False,-63.37,181.01,-50.0,-40.16,-12.25,,,22.1986,18.5494,12.6493,,,41440526,549,2026-09-04,23.55,123432072.0
NASDAQ:SXTC,SXTC,"China SXT Pharmaceuticals, Inc.",Healthcare,Drug Manufacturers - Specialty & Generic,China,NASDAQ,85226312.0,2.23,23.3,27.57,1,0.4,15,True,-99.99,1.36,-99.93,-99.97,-99.98,-99.98,-100.0,3308.7737,6439.7251,11265.6959,14670.1623,44964.5265,8102813,1255,2026-09-04,23.24,38218077.0
NASDAQ:DRS,DRS,"Leonardo DRS, Inc.",Industrials,Aerospace & Defense,United States,NASDAQ,9768229449.0,36.6,23.68,30.53,1,0.4,16,False,-26.2,13.12,-12.36,-11.67,-5.15,11.48,31.06,41.7613,41.4336,38.5882,32.831,27.9266,32596533,1255,2026-09-04,24.84,266891515.0
AMEX:ELMD,ELMD,"Electromed, Inc.",Healthcare,Medical Devices,United States,AMEX,231841792.0,28.0,23.73,28.57,1,0.4,17,True,-39.54,20.95,-10.85,-6.69,3.57,24.84,43.41,31.4082,30.0069,27.036,22.4286,19.5244,3642645,1255,2026-09-04,21.72,8280064.0
NASDAQ:PSNY,PSNY,Polestar Automotive Holding UK Limited - Class A ADS,Consumer Cyclical,Auto Manufacturers,Sweden,NASDAQ,1325388241.0,9.21,23.87,28.14,1,0.5,18,True,-70.19,5.98,-47.63,-52.57,-65.95,-73.49,-85.14,17.5867,19.4163,27.0496,34.7393,61.986,2566266,1255,2026-09-04,18.48,143907518.0
NASDAQ:RACC,RACC,Research Alliance Corporation III,Financial Services,Shell Companies,United States,NASDAQ,88946000.0,11.44,24.0,32.34,1,0.5,19,False,-60.96,11.28,,,,,,,,,,,1958760,75,2026-09-04,25.37,7775000.0
NYSE:BURL,BURL,"Burlington Stores, Inc.",Consumer Cyclical,Apparel Retail,United States,NYSE,16700455518.0,265.33,24.02,29.02,1,0.5,20,False,-28.71,9.45,-15.05,-12.63,-5.85,4.96,13.59,312.3213,303.6916,281.8268,252.788,233.5915,470134204,1255,2026-09-04,18.18,62942206.0
NASDAQ:COLL,COLL,"Collegium Pharmaceutical, Inc.",Healthcare,Drug Manufacturers - Specialty & Generic,United States,NASDAQ,763166820.0,23.53,24.46,28.65,1,0.6,21,False,-52.79,0.0,-38.17,-37.67,-32.47,-30.15,-23.83,38.0555,37.7499,34.8422,33.6878,30.8896,23693536,1255,2026-09-04,24.92,32433779.0
NYSE:FOA,FOA,Finance of America Companies Inc.,Financial Services,Credit Services,United States,NYSE,153351541.0,17.16,24.56,31.14,1,0.6,22,False,-38.49,6.92,-19.77,-21.15,-19.63,0.57,2.33,21.3892,21.7642,21.3514,17.0635,16.7695,1005172,1255,2026-09-04,24.93,8936570.0
AMEX:ELA,ELA,Envela Corporation,Consumer Cyclical,Luxury Goods,United States,AMEX,365306107.0,14.07,24.67,28.03,1,0.6,23,True,-51.28,99.57,-18.99,-9.31,29.28,60.36,72.57,17.3675,15.5146,10.8833,8.774,8.1534,1852870,1255,2026-09-04,18.25,25963476.0
NASDAQ:EVCM,EVCM,EverCommerce Inc.,Technology,Software - Application,United States,NASDAQ,1401449552.0,7.92,24.7,31.2,1,0.6,24,False,-40.9,0.0,-26.45,-26.87,-26.0,-24.18,-23.48,10.7675,10.8297,10.7033,10.4453,10.3497,1365589,1255,2026-09-04,24.77,176950701.0
NASDAQ:SMTK,SMTK,"SmartKem, Inc.",Technology,Semiconductor Equipment & Materials,United Kingdom,NASDAQ,50184138.0,2.34,25.37,31.98,1,0.7,25,False,-98.35,0.0,-90.9,-94.17,-97.21,,,25.7103,40.1655,83.9069,,,2406370,568,2026-09-04,25.53,21446213.0
NASDAQ:SCHL,SCHL,Scholastic Corporation,Communication Services,Publishing,United States,NASDAQ,643109378.0,35.66,25.5,31.81,1,0.7,26,False,-24.19,50.75,-4.2,1.42,25.78,17.79,12.0,37.2224,35.1605,28.3522,30.2745,31.8397,11934313,1255,2026-09-04,35.06,18034475.0
NASDAQ:EGAN,EGAN,eGain Corporation,Technology,Software - Application,United States,NASDAQ,160308473.0,5.84,25.53,32.49,1,0.7,27,False,-62.23,0.0,-30.46,-35.7,-20.38,-17.99,-20.05,8.3975,9.0825,7.3345,7.1209,7.3048,1007850,1255,2026-09-04,47.21,27450081.0
NYSE:ENOV,ENOV,Enovis Corporation,Healthcare,Medical Devices,United States,NYSE,1068361912.0,18.56,25.54,33.15,1,0.7,28,False,-44.3,0.0,-24.96,-28.82,-42.33,-52.26,-56.95,24.7323,26.0755,32.1824,38.8776,43.1143,27112727,1255,2026-09-04,27.38,57562603.0
NASDAQ:TENX,TENX,"Tenax Therapeutics, Inc.",Healthcare,Biotechnology,United States,NASDAQ,51458808.0,1.94,25.59,27.95,1,0.8,29,True,-89.41,41.09,-83.68,-82.16,-76.39,-79.09,-94.79,11.8855,10.8727,8.2168,9.2758,37.2357,20983376,1255,2026-09-04,23.61,26525159.0
NYSE:RCL,RCL,Royal Caribbean Cruises Ltd.,Consumer Cyclical,Travel Services,United States,NYSE,70925618156.0,265.19,25.61,34.23,1,0.8,30,False,-23.43,8.99,-7.34,-8.35,0.13,21.72,47.02,286.1885,289.3447,264.8383,217.8696,180.3754,470017882,1255,2026-09-04,25.79,267452084.0
NASDAQ:TZOO,TZOO,Travelzoo,Communication Services,Internet Content & Information,United States,NASDAQ,64248181.0,6.25,25.82,29.57,1,0.8,31,True,-48.39,23.76,-19.37,-22.59,-45.68,-40.7,-34.0,7.7511,8.0739,11.5068,10.5404,9.4692,349289,1255,2026-09-04,22.82,10279709.0
NASDAQ:LGCL,LGCL,Lucas GC Limited,Technology,Software - Application,China,NASDAQ,160891919.0,3.76,25.89,31.11,1,0.8,32,False,-99.86,0.0,-98.23,-98.76,-99.81,,,212.3416,303.9417,2001.1971,,,7531080,629,2026-09-04,25.92,42790404.0
AMEX:IOR,IOR,"Income Opportunity Realty Investors, Inc.",Financial Services,Mortgage Finance,United States,AMEX,78558559.0,19.32,25.97,37.12,1,0.9,33,False,-10.14,11.68,3.94,4.56,6.67,13.62,23.27,18.5882,18.4782,18.1121,17.0045,15.6728,4955,1255,2026-09-04,25.97,4066178.0
AMEX:QNC,QNC,Quantum eMotion Corp.,Technology,Software - Infrastructure,Canada,AMEX,377315832.0,1.72,26.37,32.6,1,0.9,34,False,-54.62,0.0,,,,,,,,,,,1104420,135,2026-09-04,27.28,219369670.0
NYSE:KRMN,KRMN,Karman Holdings Inc.,Industrials,Aerospace & Defense,United States,NYSE,5298401434.0,39.98,26.45,33.73,1,0.9,35,False,-65.32,0.0,-44.19,-44.34,,,,71.6363,71.8282,,,,120403554,392,2026-09-04,27.15,132526299.0
NASDAQ:INV,INV,"Innventure, Inc.",Financial Services,Asset Management,United States,NASDAQ,93289670.0,1.11,26.6,30.07,1,0.9,36,True,-84.84,0.91,-74.25,-74.43,-82.45,-85.83,-86.84,4.3102,4.3405,6.3257,7.8361,8.4335,9134156,1197,2026-09-04,26.26,84044748.0
NYSE:VTN,VTN,Invesco Trust for Investment Grade New York Municipals,Financial Services,Asset Management,United States,NYSE,153011114.0,10.44,26.65,32.83,1,1.0,37,False,-9.74,9.91,-4.8,-3.51,2.66,7.85,12.38,10.9669,10.82,10.1698,9.6798,9.2902,256274,1255,2026-09-04,28.23,14656237.0
AMEX:FJET,FJET,"Starfighters Space, Inc.",Industrials,Aerospace & Defense,United States,AMEX,153988853.0,2.8,26.66,33.61,1,1.0,38,True,-91.11,0.72,,,,,,,,,,,2366505,179,2026-09-04,25.91,54996019.0
NYSE:NRDY,NRDY,Nerdy Inc.,Technology,Software - Application,United States,NYSE,1187841924.0,9.35,26.76,31.69,1,1.0,39,False,-56.1,0.0,-32.73,-36.0,-48.67,-63.14,-69.71,13.9002,14.6098,18.2151,25.3647,30.8645,392767,1255,2026-09-04,28.77,127041917.0
NYSE:VCV,VCV,Invesco California Value Municipal Income Trust,Financial Services,Asset Management,United States,NYSE,502444424.0,10.23,26.79,33.5,1,1.1,40,False,-6.28,7.04,-2.48,-1.71,2.97,9.57,14.54,10.4904,10.4084,9.9351,9.3367,8.9311,910866,1255,2026-09-04,29.39,49114802.0
NASDAQ:AXG,AXG,Solowin Holdings,Financial Services,Capital Markets,Hong Kong,NASDAQ,356344191.0,2.24,27.14,27.2,1,1.1,41,False,-52.24,0.9,-35.76,-34.5,-22.75,,,3.4867,3.42,2.8995,,,427918,752,2026-09-04,28.75,159082228.0
NYSE:OXM,OXM,"Oxford Industries, Inc.",Consumer Cyclical,Apparel Manufacturing,United States,NYSE,460917871.0,30.87,27.14,33.3,1,1.1,42,False,-35.98,2.15,-18.13,-18.05,-35.51,-49.23,-54.45,37.7072,37.6716,47.8657,60.7982,67.772,12951366,1255,2026-09-04,45.67,14930932.0
NASDAQ:COCO,COCO,"The Vita Coco Company, Inc.",Consumer Defensive,Beverages - Non-Alcoholic,United States,NASDAQ,3190050755.0,55.13,27.2,32.89,1,1.1,43,True,-34.38,43.61,-9.66,-3.16,21.39,41.67,63.2,61.0243,56.9296,45.4139,38.9149,33.7815,56932701,1223,2026-09-04,27.0,57864153.0
NASDAQ:VEEA,VEEA,Veea Inc.,Technology,Information Technology Services,United States,NASDAQ,93698820.0,1.7,27.24,29.52,1,1.2,44,False,-90.79,1.8,-81.13,-82.79,-95.05,-98.21,-98.61,9.0068,9.8796,34.3658,94.9172,122.4019,491844,1255,2026-09-04,27.88,55116953.0
NASDAQ:ELTX,ELTX,"Elicio Therapeutics, Inc.",Healthcare,Biotechnology,United States,NASDAQ,63297310.0,2.41,27.5,33.64,1,1.2,45,False,-83.77,0.0,-69.95,-71.61,-68.37,-66.63,-68.34,8.0194,8.488,7.6186,7.2212,7.6121,807342,1255,2026-09-04,29.28,26264444.0
NASDAQ:ODFL,ODFL,"Old Dominion Freight Line, Inc.",Industrials,Trucking,United States,NASDAQ,38655064761.0,185.87,27.54,32.92,1,1.2,46,True,-25.16,48.09,-5.17,0.85,3.05,0.28,4.05,195.9963,184.3116,180.3605,185.3511,178.6391,329516942,1255,2026-09-04,27.34,207968283.0
NYSE:SDHC,SDHC,Smith Douglas Homes Corp.,Real Estate,Real Estate - Development,United States,NYSE,93572751.0,11.21,27.66,32.91,1,1.2,47,True,-49.41,3.41,-26.87,-29.07,-44.97,,,15.329,15.8037,20.3701,,,652035,665,2026-09-04,23.06,8347257.0
NYSE:XPER,XPER,Xperi Inc.,Technology,Software - Application,United States,NYSE,279491730.0,5.79,27.69,32.1,1,1.3,48,False,-32.99,13.31,-11.69,-11.45,-21.62,-29.02,,6.5564,6.5387,7.3873,8.1569,,3077523,994,2026-09-04,28.39,48271456.0
NASDAQ:ALTI,ALTI,"AlTi Global, Inc.",Financial Services,Asset Management,United States,NASDAQ,332232219.0,3.0,27.77,35.32,1,1.3,49,False,-42.2,6.76,-23.6,-23.13,-22.89,-34.36,-46.87,3.9266,3.9027,3.8908,4.5703,5.6466,657361,1255,2026-09-04,47.0,110744073.0
NASDAQ:FER,FER,Ferrovial N.V.,Industrials,Engineering & Construction,Netherlands,NASDAQ,41851272598.0,58.05,27.81,32.44,1,1.3,50,False,-21.19,7.06,-12.51,-10.64,5.8,20.09,35.93,66.3477,64.9589,54.8685,48.3373,42.7065,70346374,1255,2026-09-04,27.97,720952155.0
NASDAQ:JUNS,JUNS,"Jupiter Neurosciences, Inc.",Healthcare,Biotechnology,United States,NASDAQ,185386069.0,3.28,28.05,30.01,1,1.3,51,True,-97.57,0.61,-90.98,-93.67,,,,36.3607,51.7803,,,,16831417,440,2026-09-04,27.82,56520143.0
NASDAQ:OSW,OSW,OneSpaWorld Holdings Limited,Consumer Cyclical,Leisure,Bahamas,NASDAQ,2273571149.0,22.4,28.18,33.57,1,1.4,52,False,-21.75,16.39,-3.77,-2.03,7.38,22.38,37.07,23.2772,22.863,20.8613,18.303,16.3422,22396257,1255,2026-09-04,26.79,101498712.0
NYSE:ANVS,ANVS,"Annovis Bio, Inc.",Healthcare,Biotechnology,United States,NYSE,59133197.0,1.39,28.32,33.82,1,1.4,53,True,-72.75,0.72,-43.53,-42.08,-57.74,-74.07,-81.59,2.4617,2.3998,3.2891,5.3597,7.5519,1471858,1255,2026-09-04,27.45,42541868.0
NYSE:PL,PL,Planet Labs PBC,Industrials,Aerospace & Defense,United States,NYSE,6032306188.0,18.12,28.61,33.35,1,1.4,54,False,-64.75,177.49,-32.83,-24.47,28.18,78.12,107.23,26.9776,23.9906,14.136,10.173,8.744,159935847,1255,2026-09-04,29.35,332908730.0
NYSE:HE,HE,"Hawaiian Electric Industries, Inc.",Utilities,Utilities - Regulated Electric,United States,NYSE,1914529070.0,11.09,28.72,30.77,1,1.5,55,False,-35.07,1.84,-19.21,-16.5,-6.62,-7.65,-38.38,13.7275,13.2813,11.8768,12.0084,17.9981,27248259,1255,2026-09-04,28.72,172635624.0
NASDAQ:SMXT,SMXT,Solarmax Technology Inc.,Technology,Solar,United States,NASDAQ,149664284.0,2.63,28.72,33.22,1,1.5,56,False,-80.94,0.0,-64.15,-68.6,-76.91,,,7.3358,8.3763,11.3892,,,72335,634,2026-09-04,30.94,56906572.0
NASDAQ:DCX,DCX,Digital Currency X Technology Inc.,Consumer Cyclical,Auto Manufacturers,Hong Kong,NASDAQ,201102148.0,0.572,28.77,33.17,1,1.5,57,False,-99.84,0.0,-83.37,-98.07,-99.95,-99.99,-100.0,3.4396,29.6924,1188.4033,10577.9244,80380.4076,63270,1169,2026-09-04,31.96,351577182.0
NYSE:MEC,MEC,"Mayville Engineering Company, Inc.",Industrials,Metal Fabrication,United States,NYSE,501212158.0,19.66,28.92,32.39,1,1.5,58,False,-47.63,56.53,-14.53,-7.83,5.08,14.3,24.09,23.0011,21.3294,18.7098,17.2003,15.8433,11227756,1255,2026-09-04,26.74,25494006.0
NASDAQ:SION,SION,"Sionna Therapeutics, Inc.",Healthcare,Biotechnology,United States,NASDAQ,324179369.0,7.18,28.94,30.07,1,1.6,59,True,-85.93,59.56,-80.67,-80.0,,,,37.1358,35.892,,,,25313084,396,2026-09-04,27.43,45150330.0
NASDAQ:LINC,LINC,Lincoln Educational Services Corporation,Consumer Defensive,Education & Training Services,United States,NASDAQ,813319466.0,25.64,28.95,30.02,1,1.6,60,False,-53.95,44.04,-28.55,-21.96,2.05,27.08,53.41,35.8862,32.853,25.1241,20.1758,16.7133,35198534,1255,2026-09-04,27.97,31720728.0
NASDAQ:ADTN,ADTN,"ADTRAN Holdings, Inc.",Technology,Communication Equipment,United States,NASDAQ,575086510.0,7.1,28.98,31.74,1,1.6,61,False,-63.4,0.0,-37.77,-35.23,-26.45,-16.25,-29.27,11.4098,10.9624,9.6533,8.4781,10.0377,13648233,1255,2026-09-04,29.45,80998100.0
NASDAQ:NATR,NATR,"Nature's Sunshine Products, Inc.",Consumer Defensive,Packaged Foods,United States,NASDAQ,246539891.0,14.02,29.03,29.09,1,1.6,62,True,-49.57,6.7,-37.03,-33.08,-20.55,-19.42,-10.68,22.2656,20.9519,17.6466,17.3987,15.6959,3343293,1255,2026-09-04,25.29,17584871.0
NASDAQ:TCMD,TCMD,"Tactile Systems Technology, Inc.",Healthcare,Medical Devices,United States,NASDAQ,493305406.0,21.87,29.05,34.09,1,1.7,63,False,-33.83,64.93,-18.73,-11.48,13.58,25.68,30.09,26.9113,24.7074,19.256,17.4012,16.8109,10108773,1255,2026-09-04,29.68,22556260.0
NASDAQ:QTTB,QTTB,Q32 Bio Inc.,Healthcare,Biotechnology,United States,NASDAQ,356208680.0,11.99,29.11,38.68,1,1.7,64,False,-43.92,617.96,49.19,74.28,20.31,-10.93,-25.08,8.0368,6.8797,9.9655,13.4615,16.0045,6046081,1255,2026-09-04,32.7,29708814.0
NYSE:RBC,RBC,RBC Bearings Incorporated,Industrials,Tools & Accessories,United States,NYSE,15455138286.0,488.54,29.14,32.57,1,1.7,65,False,-24.71,32.14,-10.18,-4.85,14.48,31.21,45.59,543.9107,513.4415,426.7637,372.3378,335.557,121558746,1255,2026-09-04,29.84,31635359.0
NASDAQ:PZZA,PZZA,"Papa John's International, Inc.",Consumer Cyclical,Restaurants,United States,NASDAQ,746217678.0,22.68,29.17,31.23,1,1.7,66,True,-57.41,0.58,-32.51,-37.18,-42.11,-49.37,-55.56,33.607,36.1035,39.1799,44.793,51.0348,29924563,1255,2026-09-04,27.66,32902014.0
NYSE:SXI,SXI,Standex International Corporation,Industrials,Specialty Industrial Machinery,United States,NYSE,3341053189.0,275.78,29.21,36.97,1,1.8,67,False,-22.82,39.37,2.0,5.97,26.72,39.6,55.88,270.3723,260.2454,217.6236,197.556,176.9149,33826098,1255,2026-09-04,29.46,12114922.0
NASDAQ:CALM,CALM,"Cal-Maine Foods, Inc.",Consumer Defensive,Farm Products,United States,NASDAQ,3501421680.0,74.63,29.28,35.65,1,1.8,68,False,-32.51,4.4,-7.98,-10.63,-13.56,0.66,12.2,81.1054,83.511,86.3385,74.1416,66.5157,69047311,1255,2026-09-04,31.81,46917080.0
NYSE:DKS,DKS,Dick's Sporting Goods Inc,Consumer Cyclical,Specialty Retail,United States,NYSE,9174424442.0,139.15,29.28,30.75,1,1.8,69,False,-41.82,11.94,-32.41,-33.37,-32.17,-27.0,-19.2,205.8873,208.8416,205.1393,190.6099,172.2238,742303748,1255,2026-09-04,29.52,65931904.0
NASDAQ:PRVA,PRVA,"Privia Health Group, Inc.",Healthcare,Health Information Services,United States,NASDAQ,2603415647.0,20.66,29.32,33.26,1,1.8,70,False,-26.48,3.2,-11.1,-11.84,-8.14,-5.34,-11.41,23.2406,23.4337,22.4917,21.8255,23.3222,22415407,1255,2026-09-04,29.42,126012374.0
NASDAQ:IRMD,IRMD,iRadimed Corporation,Healthcare,Medical Devices,United States,NASDAQ,1066744271.0,83.45,29.46,35.16,1,1.9,71,False,-20.24,23.42,-11.26,-7.35,15.24,33.97,49.9,94.0403,90.0685,72.4121,62.2914,55.6713,9365423,1255,2026-09-04,38.99,12783035.0
NASDAQ:IMA,IMA,"ImageneBio, Inc.",Healthcare,Biotechnology,United States,NASDAQ,55164530.0,4.85,29.59,35.76,1,1.9,72,False,-47.79,6.59,-19.75,-25.34,-59.13,-70.08,-80.79,6.0433,6.4964,11.8665,16.2098,25.2483,55078,1255,2026-09-04,30.3,11374130.0
NASDAQ:NNNN,NNNN,Anbio Biotechnology,Healthcare,Medical Instruments & Supplies,Germany,NASDAQ,287048448.0,6.54,29.63,32.03,1,1.9,73,False,-86.33,0.0,-70.88,-72.9,,,,22.4619,24.1304,,,,1710742,389,2026-09-04,29.97,43891200.0
NYSE:PFGC,PFGC,Performance Food Group Company,Consumer Defensive,Food Distribution,United States,NYSE,15493772004.0,98.63,29.65,36.04,1,1.9,74,False,-15.45,21.72,1.62,0.71,7.44,17.86,28.07,97.056,97.9327,91.7997,83.6841,77.0098,182668054,1255,2026-09-04,30.66,157089851.0
NYSE:FTW,FTW,Presidio Production Company,Energy,Oil & Gas E&P,United States,NYSE,308974444.0,10.42,29.71,33.8,1,2.0,75,False,-22.1,6.84,-3.93,-2.37,,,,10.8462,10.6732,,,,1118458,486,2026-09-04,40.9,29652058.0
NASDAQ:DHC,DHC,Diversified Healthcare Trust - Common Shares of Beneficial Interest,Real Estate,REIT - Healthcare Facilities,United States,NASDAQ,1818223014.0,7.51,29.75,34.87,1,2.0,76,False,-22.1,86.65,4.24,13.65,57.29,85.38,122.59,7.2047,6.6082,4.7747,4.0511,3.3739,11192926,1255,2026-09-04,32.93,242106926.0
NYSE:CDP,CDP,COPT Defense Properties Common Shares of Beneficial Interest,Real Estate,REIT - Office,United States,NYSE,3986331206.0,35.16,29.77,38.48,1,2.0,77,False,-8.32,32.62,8.93,11.96,19.85,30.03,37.03,32.2773,31.4052,29.3379,27.0397,25.6578,25839995,1255,2026-09-04,30.94,113376883.0
NASDAQ:TRIP,TRIP,"TripAdvisor, Inc.",Consumer Cyclical,Travel Services,United States,NASDAQ,1085649707.0,9.33,29.78,34.01,1,2.1,78,True,-51.25,0.97,-23.17,-28.38,-33.43,-41.51,-44.65,12.143,13.0273,14.0151,15.9523,16.8576,30976993,1255,2026-09-04,29.01,116361169.0
NYSE:FLO,FLO,"Flowers Foods, Inc.",Consumer Defensive,Packaged Foods,United States,NYSE,1329197552.0,6.27,29.79,34.2,1,2.1,79,False,-55.05,0.0,-28.16,-33.21,-52.82,-59.22,-63.3,8.7273,9.3875,13.2892,15.3748,17.0856,48702073,1255,2026-09-04,32.36,211993230.0
NASDAQ:EYPT,EYPT,"EyePoint, Inc.",Healthcare,Biotechnology,United States,NASDAQ,394851592.0,4.58,29.8,32.0,1,2.1,80,True,-75.7,2.23,-66.4,-65.97,-57.99,-62.29,-57.03,13.6319,13.4592,10.9022,12.1457,10.6575,39727286,1255,2026-09-04,29.72,86212138.0
NASDAQ:PLTK,PLTK,Playtika Holding Corp.,Communication Services,Electronic Gaming & Multimedia,Israel,NASDAQ,836834999.0,2.2,29.97,33.49,1,2.1,81,False,-48.39,0.0,-35.79,-36.48,-51.13,-58.7,-64.5,3.4264,3.4634,4.5019,5.3271,6.1965,4463347,1255,2026-09-04,30.99,380379545.0
NASDAQ:CNXU,CNXU,Conexeu Sciences Inc.,Healthcare,Biotechnology,United States,NASDAQ,132988900.0,4.97,30.0,35.27,1,2.2,82,False,-70.5,0.0,,,,,,,,,,,2146503,74,2026-09-04,31.32,26758330.0
NASDAQ:AIIO,AIIO,Robo.ai Inc.,Consumer Cyclical,Auto Manufacturers,United Arab Emirates,NASDAQ,290955294.0,1.84,30.08,36.79,1,2.2,83,False,-96.49,212.39,-54.83,-78.97,-87.24,-96.07,-97.89,4.0731,8.7495,14.4168,46.8127,87.1874,1617124,1255,2026-09-04,27.9,158127877.0
NYSE:NCLH,NCLH,Norwegian Cruise Line Holdings Ltd.,Consumer Cyclical,Travel Services,United States,NYSE,7149098063.0,15.57,30.14,35.35,1,2.2,84,False,-42.2,5.27,-21.55,-24.14,-27.53,-22.44,-18.01,19.8466,20.5251,21.4839,20.0754,18.9894,235147042,1255,2026-09-04,30.26,459158514.0
NASDAQ:CXAI,CXAI,CXApp Inc.,Technology,Software - Application,United States,NASDAQ,371985480.0,3.41,30.23,34.47,1,2.2,85,False,-92.74,0.0,-69.32,-79.13,-91.68,-94.63,-97.86,11.1147,16.3379,40.9761,63.5386,159.0707,1744517,1255,2026-09-04,30.3,109086651.0
NYSE:FICO,FICO,Fair Isaac Corporation,Technology,Software - Application,United States,NYSE,20134611205.0,932.26,30.24,35.41,1,2.3,86,False,-50.4,1.07,-28.54,-32.06,-42.4,-37.52,-27.4,1304.5792,1372.0873,1618.5807,1492.0881,1284.1211,334868967,1255,2026-09-04,47.6,21597635.0
NYSE:AADX,AADX,"Applied Aerospace & Defense, Inc.",Industrials,Aerospace & Defense,United States,NYSE,2229048188.0,12.93,30.26,35.53,1,2.3,87,False,-45.79,5.98,,,,,,,,,,,24785929,66,2026-09-04,26.51,172393518.0
NYSE:XYL,XYL,Xylem Inc. Common Stock New,Industrials,Specialty Industrial Machinery,United States,NYSE,24677221160.0,105.69,30.28,35.64,1,2.3,88,False,-29.93,0.16,-14.28,-17.14,-16.09,-13.78,-9.56,123.3028,127.5576,125.9528,122.5858,116.8573,192433863,1255,2026-09-04,33.79,233486812.0
NASDAQ:DVLT,DVLT,Datavault AI Inc.,Technology,Software - Infrastructure,United States,NASDAQ,171112399.0,0.2,30.43,34.6,1,2.3,89,False,-94.15,0.0,-71.47,-77.07,-80.64,-97.22,-99.97,0.701,0.8721,1.033,7.1829,591.6506,14547885,1255,2026-09-04,39.85,855561995.0
NASDAQ:TDUP,TDUP,ThredUp Inc.,Consumer Cyclical,Internet Retail,United States,NASDAQ,294772153.0,2.72,30.5,31.61,1,2.4,90,True,-76.55,7.94,-46.55,-54.22,-45.38,-32.53,-24.0,5.0891,5.9415,4.9795,4.0314,3.579,7096041,1255,2026-09-04,28.71,108372115.0
NYSE:XHR,XHR,"Xenia Hotels & Resorts, Inc.",Real Estate,REIT - Hotel & Motel,United States,NYSE,1657657655.0,17.97,30.52,36.45,1,2.4,91,False,-17.64,49.97,8.27,13.05,25.33,31.51,35.51,16.5977,15.896,14.3386,13.6639,13.2612,12005257,1255,2026-09-04,32.18,92245835.0
NYSE:TXT,TXT,Textron Inc.,Industrials,Aerospace & Defense,United States,NYSE,13599005527.0,79.07,30.64,35.09,1,2.4,92,False,-21.5,0.0,-12.17,-10.59,-5.27,-5.58,-1.05,90.0213,88.4337,83.4663,83.7434,79.906,119674093,1255,2026-09-04,31.29,171986917.0
NYSE:GETY,GETY,"Getty Images Holdings, Inc.",Communication Services,Internet Content & Information,United States,NYSE,99293341.0,0.237,30.67,33.51,1,2.4,93,True,-89.96,1.28,-73.48,-78.81,-86.7,-91.07,-93.19,0.8937,1.1186,1.7813,2.6553,3.4822,1146412,1255,2026-09-04,29.83,418959244.0
NYSE:HEI.A,HEI-A,Heico Corporation,Industrials,Aerospace & Defense,United States,NYSE,20295725666.0,240.18,30.68,38.09,1,2.5,94,True,-12.98,19.39,-1.22,-1.69,5.2,17.88,29.7,243.1349,244.2964,228.3182,203.7481,185.1787,69757093,1255,2026-09-04,28.94,84502147.0
NYSE:HEI,HEI,Heico Corporation,Industrials,Aerospace & Defense,United States,NYSE,17978070394.0,325.48,30.83,37.88,1,2.5,95,False,-13.13,24.76,0.91,1.27,10.06,24.28,37.12,322.5501,321.4084,295.7328,261.8895,237.361,176503138,1255,2026-09-04,30.95,55235561.0
NASDAQ:NVX,NVX,NOVONIX Limited - American Depository Shares,Industrials,Electrical Equipment & Parts,Australia,NASDAQ,750703779.0,3.01,30.84,33.23,1,2.5,96,True,-89.76,5.24,-60.34,-67.51,-74.94,-79.45,-85.94,7.5893,9.2643,12.0092,14.6457,21.4072,131160,1152,2026-09-04,25.77,249403249.0
NYSE:HAWK,HAWK,"HawkEye 360, Inc.",Industrials,Aerospace & Defense,United States,NYSE,1700585062.0,17.36,30.86,36.09,1,2.6,97,True,-49.91,0.23,,,,,,,,,,,21853459,84,2026-09-04,30.55,97959969.0
NYSE:AGX,AGX,"Argan, Inc.",Industrials,Engineering & Construction,United States,NYSE,5859905054.0,417.99,30.87,34.5,1,2.6,98,False,-47.61,106.04,-18.42,-9.99,34.13,85.02,134.18,512.3882,464.3611,311.6301,225.9143,178.492,167689652,1255,2026-09-04,28.94,14019247.0
NASDAQ:EYE,EYE,"National Vision Holdings, Inc.",Consumer Cyclical,Specialty Retail,United States,NASDAQ,1341152972.0,16.74,30.89,35.96,1,2.6,99,False,-43.18,8.42,-28.58,-30.09,-14.1,-10.52,-22.08,23.4399,23.9445,19.4888,18.7075,21.4838,44747716,1255,2026-09-04,31.66,80116665.0
NASDAQ:LIND,LIND,Lindblad Expeditions Holdings Inc.,Consumer Cyclical,Travel Services,United States,NASDAQ,1697072000.0,25.87,30.91,38.41,1,2.6,100,False,-24.97,125.94,24.14,35.25,70.37,100.41,113.95,20.8399,19.1277,15.1844,12.9086,12.0915,24010131,1255,2026-09-04,31.39,65600000.0
NYSE:INVH,INVH,Invitation Homes Inc.,Real Estate,REIT - Residential,United States,NYSE,16864851131.0,28.39,31.01,37.94,1,2.7,101,False,-7.19,19.02,3.23,2.98,-3.26,-5.07,-4.38,27.5021,27.5684,29.3452,29.9077,29.6913,99614242,1255,2026-09-04,31.59,594041956.0
NASDAQ:CDNS,CDNS,"Cadence Design Systems, Inc.",Technology,Software - Application,United States,NASDAQ,80607531100.0,292.7,31.05,34.85,1,2.7,102,False,-29.71,10.18,-10.52,-11.3,-6.3,-2.82,6.66,327.1298,329.996,312.3635,301.1929,274.4152,720587908,1255,2026-09-04,35.51,275393000.0
NYSE:TROX,TROX,Tronox Holdings plc Ordinary Shares (UK),Basic Materials,Chemicals,United States,NYSE,767310892.0,4.81,31.09,35.17,1,2.7,103,False,-53.48,70.51,-27.7,-20.75,-29.92,-46.38,-50.09,6.6532,6.0695,6.8637,8.9706,9.6373,13137908,1255,2026-09-04,32.09,159524094.0
NYSE:GD,GD,General Dynamics Corporation,Industrials,Aerospace & Defense,United States,NYSE,97235550311.0,359.39,31.1,38.67,1,2.7,104,False,-9.24,15.5,2.01,3.26,15.23,22.6,31.62,352.3042,348.0438,311.8903,293.1512,273.0476,333945037,1255,2026-09-04,35.54,270557195.0
NYSE:EXR,EXR,Extra Space Storage Inc,Real Estate,REIT - Industrial,United States,NYSE,29419285952.0,139.25,31.11,37.56,1,2.8,105,False,-8.9,13.77,-0.2,0.23,-1.72,1.38,1.94,139.527,138.9297,141.6834,137.3572,136.6027,124703739,1255,2026-09-04,35.12,211269558.0
NASDAQ:BNAI,BNAI,Brand Engagement Network Inc.,Technology,Software - Infrastructure,United States,NASDAQ,71570749.0,10.57,31.12,36.52,1,2.8,106,False,-83.22,780.83,-47.05,-36.63,-5.41,-66.75,-78.51,19.9621,16.6808,11.1751,31.7932,49.1881,1429580,1255,2026-09-04,31.74,6771121.0
NYSE:ONON,ONON,On Holding AG,Consumer Cyclical,Footwear & Accessories,Switzerland,NYSE,8420247626.0,27.99,31.2,34.22,1,2.8,107,False,-44.72,0.94,-29.31,-30.08,-38.7,-32.35,-24.73,39.5962,40.0289,45.6577,41.373,37.1845,306553414,1249,2026-09-04,32.5,300830569.0
NASDAQ:MYRG,MYRG,"MYR Group, Inc.",Industrials,Engineering & Construction,United States,NASDAQ,4461991358.0,286.59,31.26,33.63,1,2.9,108,False,-42.81,64.89,-11.25,-3.98,29.18,47.02,64.22,322.9118,298.4754,221.8511,194.9333,174.5145,87663829,1255,2026-09-04,29.46,15569250.0
NASDAQ:TTWO,TTWO,"Take-Two Interactive Software, Inc.",Communication Services,Electronic Gaming & Multimedia,United States,NASDAQ,40142831308.0,214.69,31.26,37.1,1,2.9,109,True,-18.15,13.18,-5.79,-7.73,-1.12,10.07,21.47,227.8854,232.685,217.1126,195.0522,176.7434,610398822,1255,2026-09-04,30.48,186980443.0
NYSE:YETI,YETI,"YETI Holdings, Inc.",Consumer Cyclical,Leisure,United States,NYSE,3092454745.0,40.82,31.3,35.55,1,2.9,110,False,-22.51,27.13,-8.09,-3.84,4.67,2.12,2.53,44.413,42.4501,38.9987,39.974,39.8125,90036426,1255,2026-09-04,33.21,75758323.0
NASDAQ:THH,THH,TryHard Holdings Limited,Industrials,Specialty Business Services,Japan,NASDAQ,83577238.0,1.67,31.38,36.62,1,2.9,111,False,-99.7,0.0,-95.53,-96.31,,,,37.3765,45.281,,,,710365,258,2026-09-04,31.97,50046250.0
NYSE:UP,UP,Wheels Up Experience Inc.,Industrials,Airports & Air Services,United States,NYSE,158094830.0,4.36,31.38,35.18,1,2.9,112,False,-91.45,0.93,-55.85,-70.93,-81.76,-86.75,-93.53,9.8746,15.0005,23.907,32.9129,67.3853,485260,1255,2026-09-04,32.69,36260282.0
NYSE:VIK,VIK,Viking Holdings Ltd,Consumer Cyclical,Travel Services,Bermuda,NYSE,27320702660.0,85.81,31.39,36.3,1,3.0,113,True,-20.74,50.33,4.14,10.14,38.55,,,82.4015,77.9104,61.9364,,,361825983,589,2026-09-04,30.66,318386000.0
NYSE:BKSY,BKSY,BlackSky Technology Inc.,Industrials,Specialty Business Services,United States,NYSE,838893333.0,20.5,31.41,37.03,1,3.0,114,False,-60.29,56.01,-24.39,-20.89,8.46,28.95,34.5,27.113,25.9131,18.9002,15.8971,15.242,23298118,1255,2026-09-04,31.73,40921626.0
NYSE:ZGN,ZGN,Ermenegildo Zegna N.V.,Consumer Cyclical,Apparel Manufacturing,Italy,NYSE,3369999348.0,12.56,31.47,37.61,1,3.0,115,False,-17.64,46.05,5.67,9.94,28.46,20.15,16.69,11.8863,11.4242,9.7772,10.454,10.7632,13488584,1182,2026-09-04,32.42,268312050.0
NASDAQ:WDFC,WDFC,WD-40 Company,Basic Materials,Specialty Chemicals,United States,NASDAQ,2785816897.0,207.57,31.5,37.03,1,3.1,116,False,-21.33,12.25,-4.44,-2.54,-7.52,-7.84,-2.26,217.2234,212.9823,224.4406,225.2311,212.3675,19811327,1255,2026-09-04,33.98,13421096.0
NYSE:RVLV,RVLV,"Revolve Group, Inc.",Consumer Cyclical,Internet Retail,United States,NYSE,884153993.0,21.35,31.68,38.48,1,3.1,117,False,-32.11,21.93,-13.02,-11.26,-13.39,-3.78,-3.62,24.5465,24.0603,24.6517,22.1892,22.1525,18715343,1255,2026-09-04,32.63,41412365.0
NYSE:TRNO,TRNO,Terreno Realty Corporation,Real Estate,REIT - Industrial,United States,NYSE,6940346391.0,65.65,31.72,38.45,1,3.1,118,False,-12.56,20.32,2.14,4.48,8.67,11.48,14.04,64.2736,62.8343,60.4109,58.8902,57.567,42984506,1255,2026-09-04,32.45,105717386.0
NASDAQ:WATT,WATT,Energous Corporation,Technology,Communication Equipment,United States,NASDAQ,59026814.0,10.73,31.73,34.82,1,3.1,119,False,-69.63,185.75,-29.58,-21.8,-19.23,-56.63,-90.86,15.2365,13.7217,13.2852,24.7393,117.3563,2683299,1255,2026-09-04,31.03,5501101.0
NYSE:CCL,CCL,Carnival Corporation Ltd.,Consumer Cyclical,Travel Services,United States,NYSE,32200450788.0,23.51,31.75,36.47,1,3.2,120,True,-29.72,1.21,-14.55,-15.24,-7.95,6.19,21.17,27.5125,27.7366,25.5415,22.1396,19.4031,471778419,1255,2026-09-04,31.44,1369649119.0
NYSE:PACK,PACK,Ranpak Holdings Corp,Consumer Cyclical,Packaging & Containers,United States,NYSE,389342632.0,4.54,31.75,35.22,1,3.2,121,True,-40.58,40.12,-16.28,-15.62,-16.36,-17.9,-16.06,5.4231,5.3802,5.428,5.5299,5.4089,1940792,1255,2026-09-04,25.39,85758289.0
NYSE:PMM,PMM,Franklin Managed Municipal Income Trust Shares of Beneficial Interest,Financial Services,Asset Management,United States,NYSE,262140390.0,6.12,31.77,37.68,1,3.2,122,False,-6.3,7.94,-0.06,1.02,4.66,8.43,10.69,6.1238,6.0585,5.8473,5.6443,5.5287,475203,1255,2026-09-04,31.77,42833397.0
NASDAQ:ATOM,ATOM,Atomera Incorporated,Technology,Semiconductor Equipment & Materials,United States,NASDAQ,156414660.0,4.04,31.79,35.8,1,3.2,123,True,-66.64,103.02,-22.32,-17.24,-23.01,-24.64,-32.81,5.2012,4.8818,5.2474,5.3611,6.0129,2102297,1255,2026-09-04,28.72,38716500.0
NASDAQ:LULU,LULU,lululemon athletica inc.,Consumer Cyclical,Apparel Retail,Canada,NASDAQ,10909942854.0,100.61,31.79,35.86,1,3.2,124,False,-53.4,0.0,-34.14,-35.7,-55.69,-63.92,-65.87,152.7701,156.4792,227.0501,278.8797,294.7506,687557368,1255,2026-09-04,53.43,108437957.0
NYSE:YSS,YSS,York Space Systems Inc.,Industrials,Aerospace & Defense,United States,NYSE,1177326394.0,8.96,31.82,33.28,1,3.3,125,True,-79.38,5.29,,,,,,,,,,,33976285,152,2026-09-04,27.17,131398035.0
NYSE:VVV,VVV,Valvoline Inc.,Consumer Cyclical,Auto & Truck Dealerships,United States,NYSE,4084980610.0,32.03,31.84,35.41,1,3.3,126,True,-21.24,10.95,-6.93,-7.44,-11.3,-13.46,-11.41,34.4141,34.6041,36.1122,37.0105,36.1572,63442029,1255,2026-09-04,27.46,127536079.0
NYSE:PINS,PINS,"Pinterest, Inc.",Communication Services,Internet Content & Information,United States,NYSE,9827706283.0,20.4,31.88,38.51,1,3.3,127,False,-46.25,32.3,-6.96,-15.41,-28.09,-33.26,-30.21,21.9265,24.1164,28.3695,30.5683,29.2315,224848444,1255,2026-09-04,34.26,481750308.0
NYSE:SPG,SPG,"Simon Property Group, Inc.",Real Estate,REIT - Retail,United States,NYSE,67917603649.0,209.44,32.03,38.04,1,3.4,128,False,-11.52,25.07,5.04,7.82,18.85,31.89,46.78,199.3839,194.2447,176.2163,158.7934,142.694,250802285,1255,2026-09-04,34.92,324281912.0
NYSE:ENHA,ENHA,Enhanced Group Inc.,Consumer Defensive,Packaged Foods,United States,NYSE,203278355.0,1.58,32.1,32.02,1,3.4,129,True,-83.71,2.6,,,,,,,,,,,2247307,83,2026-09-04,31.55,128657187.0
NYSE:KLC,KLC,"KinderCare Learning Companies, Inc.",Consumer Defensive,Education & Training Services,United States,NYSE,316203558.0,2.67,32.1,33.91,1,3.4,130,False,-65.14,45.11,-32.08,-39.35,,,,3.9313,4.4023,,,,3457211,478,2026-09-04,32.43,118428299.0
NYSE:UTI,UTI,Universal Technical Institute Inc,Consumer Defensive,Education & Training Services,United States,NYSE,1222362658.0,22.2,32.16,33.44,1,3.4,131,False,-56.64,6.47,-33.38,-32.06,-24.5,-7.94,12.08,33.3225,32.6753,29.4034,24.1145,19.8077,42748706,1255,2026-09-04,28.8,55061381.0
NASDAQ:HYPR,HYPR,"Hyperfine, Inc.",Healthcare,Medical Devices,United States,NASDAQ,68466834.0,0.813,32.18,34.25,1,3.5,132,False,-63.05,0.87,-30.74,-33.15,-24.52,-26.97,-32.06,1.1739,1.2161,1.0772,1.1132,1.1967,472235,1255,2026-09-04,35.34,84215048.0
NASDAQ:AMBA,AMBA,"Ambarella, Inc.",Technology,Semiconductor Equipment & Materials,United States,NASDAQ,2758870155.0,62.89,32.2,39.19,1,3.5,133,False,-34.15,29.27,-9.04,-13.03,-6.58,0.42,-4.07,69.1367,72.3154,67.3188,62.626,65.5593,87375718,1255,2026-09-04,32.78,43868185.0
NASDAQ:BBIO,BBIO,"BridgeBio Pharma, Inc.",Healthcare,Biotechnology,United States,NASDAQ,14658255351.0,74.84,32.24,40.15,1,3.5,134,False,-17.0,52.73,1.35,6.47,43.0,67.42,101.2,73.8416,70.2894,52.336,44.7016,37.197,164541183,1255,2026-09-04,33.67,195861242.0
NYSE:NLOP,NLOP,Net Lease Office Properties Common Shares of Beneficial Interest,Real Estate,REIT - Office,United States,NYSE,162954825.0,11.0,32.31,38.5,1,3.6,135,False,-17.73,15.36,-1.87,-0.35,4.28,,,11.2101,11.0389,10.549,,,1018973,716,2026-09-04,35.75,14814075.0
NYSE:TRN,TRN,"Trinity Industries, Inc.",Industrials,Railroads,United States,NYSE,2256239844.0,28.32,32.31,35.63,1,3.6,136,False,-25.61,17.06,-9.03,-6.19,-4.71,1.05,6.6,31.1304,30.1898,29.7207,28.0261,26.5661,15523257,1255,2026-09-04,29.65,79669486.0
NASDAQ:ARDX,ARDX,"Ardelyx, Inc.",Healthcare,Biotechnology,United States,NASDAQ,933771083.0,3.78,32.34,32.19,1,3.6,137,True,-52.69,1.89,-35.44,-35.02,-30.81,-34.28,-25.3,5.8546,5.8174,5.4629,5.7518,5.06,16965351,1255,2026-09-04,27.5,247029387.0
NASDAQ:WSC,WSC,WillScot Holdings Corporation,Industrials,Rental & Leasing Services,United States,NASDAQ,3616273686.0,19.98,32.36,35.39,1,3.6,138,True,-31.02,35.14,-9.9,-9.01,-25.08,-36.13,-42.18,22.1752,21.9594,26.668,31.2815,34.5569,71171504,1255,2026-09-04,26.84,180994679.0
NYSE:TNL,TNL,Travel Leisure Co.,Consumer Cyclical,Travel Services,United States,NYSE,4064840698.0,66.33,32.43,37.27,1,3.7,139,False,-15.45,17.03,-6.28,-3.37,13.02,28.26,40.23,70.7721,68.6429,58.6872,51.7146,47.3006,41893782,1255,2026-09-04,32.57,61282085.0
NYSE:TKC,TKC,Turkcell Iletisim Hizmetleri AS,Communication Services,Telecom Services,Turkey,NYSE,4439942812.0,5.1,32.44,35.15,1,3.7,140,True,-28.67,1.59,-15.06,-14.63,-16.45,-12.84,-4.3,6.0041,5.9737,6.1038,5.8515,5.3294,11092729,1255,2026-09-04,28.9,870577022.0
NYSE:EIX,EIX,Edison International,Utilities,Utilities - Regulated Electric,United States,NYSE,21845889588.0,56.77,32.45,34.68,1,3.7,141,False,-29.37,13.19,-15.74,-11.97,-8.65,-8.78,-6.68,67.3733,64.4908,62.1488,62.2315,60.8345,394142574,1255,2026-09-04,31.5,384813979.0
NYSE:LHX,LHX,"L3Harris Technologies, Inc.",Industrials,Aerospace & Defense,United States,NYSE,47754738273.0,256.45,32.53,35.98,1,3.7,142,False,-31.4,0.0,-17.62,-16.16,-3.99,5.26,11.23,311.304,305.8945,267.1192,243.6272,230.5651,428272570,1255,2026-09-04,35.92,186214616.0
NYSE:TPR,TPR,"Tapestry, Inc.",Consumer Cyclical,Luxury Goods,United States,NYSE,24677741368.0,122.14,32.53,36.28,1,3.7,143,True,-25.6,25.2,-11.12,-7.18,20.53,53.39,77.93,137.4156,131.5869,101.3339,79.629,68.6442,509804351,1255,2026-09-04,32.52,202044714.0
NASDAQ:MRCY,MRCY,Mercury Systems Inc,Industrials,Aerospace & Defense,United States,NASDAQ,4948767385.0,82.42,32.54,37.19,1,3.8,144,False,-34.7,24.65,-9.04,-5.91,23.81,49.05,56.31,90.6108,87.5994,66.5707,55.2974,52.7272,79747269,1255,2026-09-04,34.61,60043283.0
NASDAQ:REAL,REAL,"The RealReal, Inc.",Consumer Cyclical,Luxury Goods,United States,NASDAQ,1188008998.0,9.86,32.61,38.4,1,3.8,145,False,-41.66,21.43,-17.96,-16.58,11.25,44.65,78.52,12.0184,11.8202,8.8628,6.8165,5.5233,31174573,1255,2026-09-04,34.61,120487728.0
NASDAQ:TTEC,TTEC,"TTEC Holdings, Inc.",Technology,Information Technology Services,United States,NASDAQ,67148566.0,1.38,32.66,35.11,1,3.8,146,False,-64.43,2.99,-47.95,-50.92,-62.07,-80.83,-90.87,2.6514,2.8118,3.638,7.199,15.1112,936586,1255,2026-09-04,32.66,48658381.0
NYSE:SON,SON,Sonoco Products Company,Consumer Cyclical,Packaging & Containers,United States,NYSE,5136556406.0,51.95,32.69,39.34,1,3.9,147,False,-13.41,38.0,3.15,7.34,11.29,9.01,6.84,50.3626,48.3973,46.6789,47.6582,48.6237,49807905,1255,2026-09-04,34.76,98875003.0
NASDAQ:GRPN,GRPN,"Groupon, Inc.",Communication Services,Internet Content & Information,United States,NASDAQ,716757703.0,18.87,32.74,38.69,1,3.9,148,False,-33.97,95.75,8.86,3.97,2.93,12.72,31.71,17.334,18.1494,18.3324,16.7411,14.3266,23745798,1255,2026-09-04,32.64,37983980.0
NASDAQ:OM,OM,"Outset Medical, Inc.",Healthcare,Medical Devices,United States,NASDAQ,66548695.0,3.59,32.76,38.33,1,3.9,149,True,-77.29,13.61,-15.67,-41.03,-63.22,-87.57,-96.31,4.2573,6.0877,9.7605,28.8824,97.3733,572071,1255,2026-09-04,31.82,18537241.0
NASDAQ:EXTR,EXTR,"Extreme Networks, Inc.",Technology,Communication Equipment,United States,NASDAQ,2847387200.0,21.7,32.79,36.27,1,4.0,150,False,-35.63,57.93,3.51,4.24,17.52,24.38,20.51,20.964,20.8183,18.4645,17.4467,18.0064,33767018,1255,2026-09-04,33.62,131216000.0
NASDAQ:TYGO,TYGO,"Tigo Energy, Inc.",Technology,Solar,United States,NASDAQ,81224550.0,1.07,32.79,32.53,1,4.0,151,True,-79.26,2.88,-61.39,-59.73,-42.96,-46.85,-76.56,2.7713,2.6568,1.8759,2.013,4.5654,943765,1255,2026-09-04,31.72,75910794.0
NYSE:LION,LION,Lionsgate Studios Corp,,,,NYSE,3322973688.0,11.17,32.81,35.6,1,4.0,152,True,-31.89,89.0,1.6,10.75,31.08,24.77,21.02,10.9946,10.0861,8.5215,8.9522,9.2301,28347277,1134,2026-09-04,30.74,297490930.0
NYSE:UE,UE,Urban Edge Properties Common Shares of Beneficial Interest,Real Estate,REIT - Retail,United States,NYSE,2643899474.0,20.98,32.86,36.88,1,4.0,153,False,-11.51,16.71,0.55,2.07,5.8,13.27,22.16,20.8655,20.5537,19.8306,18.522,17.1748,17069842,1255,2026-09-04,35.62,126019994.0
NYSE:EPRT,EPRT,"Essential Properties Realty Trust, Inc.",Real Estate,REIT - Retail,United States,NYSE,6409530106.0,29.64,32.89,38.45,1,4.1,154,False,-12.52,5.02,-3.71,-2.65,-2.26,5.89,13.64,30.7819,30.4455,30.3265,27.9922,26.0829,46977568,1255,2026-09-04,33.55,216245955.0
NASDAQ:LINE,LINE,"Lineage, Inc.",Real Estate,REIT - Industrial,United States,NASDAQ,8690330512.0,38.17,32.91,38.38,1,4.1,155,False,-14.4,23.53,0.61,0.93,-15.82,,,37.9401,37.8164,45.3435,,,30757739,531,2026-09-04,33.62,227674365.0
NASDAQ:INDV,INDV,"Indivior Pharmaceuticals, Inc.",Healthcare,Drug Manufacturers - Specialty & Generic,United States,NASDAQ,4130068200.0,34.94,32.93,37.1,1,4.1,156,True,-16.47,55.22,-1.9,4.1,52.01,65.08,67.35,35.6172,33.5648,22.9855,21.1656,20.878,74156653,1255,2026-09-04,31.75,118204585.0
NASDAQ:TREE,TREE,"LendingTree, Inc.",Financial Services,Financial Conglomerates,United States,NASDAQ,397870704.0,28.35,32.96,34.75,1,4.1,157,False,-62.95,3.58,-35.11,-40.52,-39.9,-33.5,-26.07,43.6868,47.6639,47.1714,42.6345,38.349,12997050,1255,2026-09-04,30.58,14034240.0
NASDAQ:ZSQR,ZSQR,Z Squared Inc.,Technology,Software - Infrastructure,United States,NASDAQ,155566182.0,2.95,32.99,35.23,1,4.2,158,False,-84.31,1.37,-73.69,-75.4,-70.51,-72.46,-87.36,11.213,11.9917,10.0028,10.7131,23.3473,1178902,1255,2026-09-04,33.78,52734299.0
NASDAQ:FLNT,FLNT,"Fluent, Inc.",Communication Services,Advertising Agencies,United States,NASDAQ,93919493.0,3.15,33.01,39.51,1,4.2,159,True,-26.23,83.14,1.28,8.49,15.92,8.54,-15.82,3.1102,2.9035,2.7173,2.902,3.7422,141933,1255,2026-09-04,27.88,29815712.0
NYSE:RBA,RBA,"RB Global, Inc.",Industrials,Specialty Business Services,United States,NYSE,15563502000.0,83.54,33.01,34.39,1,4.2,160,False,-29.4,2.14,-18.82,-19.25,-16.47,-6.96,2.72,102.9081,103.4522,100.0083,89.7867,81.3272,172182613,1255,2026-09-04,32.11,186300000.0
NYSE:LEO,LEO,"BNY Mellon Strategic Municipals, Inc.",Financial Services,Asset Management,United States,NYSE,378105484.0,6.07,33.02,37.34,1,4.2,161,False,-5.87,5.86,-2.29,-1.54,2.39,6.24,8.08,6.2122,6.165,5.9282,5.7136,5.616,1097998,1255,2026-09-04,38.46,62290854.0
NASDAQ:POWI,POWI,"Power Integrations, Inc.",Technology,Semiconductors,United States,NASDAQ,2811073193.0,50.45,33.03,36.42,1,4.3,162,False,-42.0,66.02,-9.9,-4.43,-6.76,-15.49,-20.89,55.9918,52.7884,54.1087,59.7005,63.7736,41174932,1255,2026-09-04,33.17,55719984.0
NASDAQ:MATW,MATW,Matthews International Corporation,Industrials,Conglomerates,United States,NASDAQ,659307515.0,21.13,33.06,34.44,1,4.3,163,False,-25.96,3.73,-17.36,-15.65,-11.49,-16.71,-21.21,25.5687,25.0503,23.8725,25.3687,26.819,17915892,1255,2026-09-04,32.66,31202438.0
NYSE:UNF,UNF,Unifirst Corporation,Industrials,Specialty Business Services,United States,NYSE,3999020294.0,275.17,33.08,40.78,1,4.3,164,True,-8.52,84.55,12.55,20.89,32.56,41.78,45.62,244.493,227.6149,207.578,194.0786,188.9582,60220140,1255,2026-09-04,31.93,14532908.0
AMEX:TPET,TPET,Trio Petroleum Corp.,Energy,Oil & Gas E&P,United States,AMEX,77911106.0,1.76,33.12,35.56,1,4.3,165,False,-89.97,0.0,-66.57,-71.43,-83.6,-93.06,,5.2642,6.1603,10.7321,25.3783,,341602,850,2026-09-04,33.78,44267674.0
NASDAQ:VITL,VITL,"Vital Farms, Inc.",Consumer Defensive,Farm Products,United States,NASDAQ,425056664.0,9.92,33.14,37.67,1,4.4,166,False,-80.59,19.81,-45.95,-56.65,-66.46,-63.93,-58.82,18.3536,22.8815,29.5732,27.5006,24.0882,13933117,1255,2026-09-04,34.83,42848454.0
NYSE:HLIO,HLIO,"Helios Technologies, Inc.",Industrials,Specialty Industrial Machinery,United States,NYSE,2366780160.0,71.62,33.15,37.04,1,4.4,167,False,-22.77,52.74,1.29,6.66,33.04,40.35,36.03,70.7061,67.146,53.8322,51.0313,52.6496,24216068,1255,2026-09-04,34.31,33046358.0
NASDAQ:AIP,AIP,"Arteris, Inc.",Technology,Semiconductors,United States,NASDAQ,986695255.0,21.37,33.18,36.3,1,4.4,168,True,-56.02,148.78,-10.53,-0.39,42.62,74.33,101.29,23.8847,21.4544,14.9834,12.2584,10.6168,16446285,1219,2026-09-04,29.33,46171982.0
NASDAQ:MIDD,MIDD,The Middleby Corporation,Industrials,Specialty Industrial Machinery,United States,NASDAQ,5052719928.0,111.75,33.22,36.41,1,4.5,169,False,-22.49,24.38,-7.4,-4.96,-4.08,-2.07,-2.11,120.6747,117.5828,116.5067,114.1073,114.1574,72308305,1255,2026-09-04,34.25,45214496.0
NASDAQ:WYNN,WYNN,"Wynn Resorts, Limited",Consumer Cyclical,Resorts & Casinos,United States,NASDAQ,9426229982.0,91.54,33.22,37.45,1,4.5,170,False,-30.72,1.04,-14.14,-16.66,-8.66,-5.34,-3.7,106.6144,109.8451,100.2216,96.7079,95.0578,145146375,1255,2026-09-04,33.26,102973891.0
NASDAQ:INSE,INSE,"Inspired Entertainment, Inc.",Consumer Cyclical,Gambling,United States,NASDAQ,147343299.0,5.59,33.23,35.5,1,4.5,171,False,-43.08,2.57,-27.0,-28.82,-33.45,-36.1,-42.73,7.6579,7.8535,8.3998,8.7475,9.7602,1138036,1255,2026-09-04,33.23,26358372.0
NASDAQ:DMRC,DMRC,Digimarc Corporation,Technology,Software - Application,United States,NASDAQ,118980782.0,5.31,33.24,37.0,1,4.5,172,False,-67.68,21.79,-27.66,-31.42,-64.89,-73.88,-74.51,7.3399,7.7426,15.1243,20.3304,20.8299,792236,1255,2026-09-04,34.84,22406927.0
NASDAQ:ESLT,ESLT,Elbit Systems Ltd.,Industrials,Aerospace & Defense,Israel,NASDAQ,32949495761.0,703.28,33.25,38.07,1,4.6,173,True,-30.5,55.16,-6.2,1.0,36.65,72.18,99.57,749.7908,696.2884,514.6711,408.4448,352.3916,62764769,1255,2026-09-04,32.27,46851177.0
NASDAQ:JBSS,JBSS,"John B. Sanfilippo & Son, Inc.",Consumer Defensive,Packaged Foods,United States,NASDAQ,658544352.0,72.43,33.25,37.73,1,4.6,174,False,-18.17,28.71,-4.22,-0.06,1.57,-6.53,-7.99,75.6173,72.4736,71.3074,77.4866,78.72,12752888,1255,2026-09-04,34.91,9092149.0
NYSE:COOK,COOK,"Traeger, Inc.",Consumer Cyclical,"Furnishings, Fixtures & Appliances",United States,NYSE,139006896.0,49.97,33.27,37.91,1,4.6,175,True,-39.06,104.63,-1.33,-3.33,-39.31,-48.67,-57.81,50.6431,51.691,82.3385,97.3507,118.4317,2220499,1255,2026-09-04,29.13,2781807.0
NYSE:SAR,SAR,Saratoga Investment Corp New,Financial Services,Asset Management,United States,NYSE,287719002.0,17.64,33.28,36.71,1,4.6,176,False,-21.64,3.8,-14.26,-13.93,-12.09,-6.81,-2.91,20.575,20.4948,20.066,18.9288,18.1681,2424485,1255,2026-09-04,34.97,16310601.0
NASDAQ:HUBG,HUBG,"Hub Group, Inc.",Industrials,Integrated Freight & Logistics,United States,NASDAQ,2222023305.0,36.68,33.3,36.6,1,4.7,177,False,-29.72,11.82,-13.28,-10.2,-8.53,-9.02,-8.34,42.2991,40.8453,40.0998,40.3176,40.0163,56575294,1255,2026-09-04,32.6,60578607.0
NASDAQ:ELDN,ELDN,"Eledon Pharmaceuticals, Inc.",Healthcare,Biotechnology,United States,NASDAQ,233107225.0,3.02,33.4,37.29,1,4.7,178,True,-30.73,117.27,3.17,3.4,-5.68,8.32,13.08,2.9273,2.9208,3.2018,2.788,2.6706,3343912,1255,2026-09-04,27.56,77187823.0
NASDAQ:OSS,OSS,"One Stop Systems, Inc.",Technology,Computer Hardware,United States,NASDAQ,246947099.0,9.97,33.42,37.39,1,4.7,179,True,-50.03,129.72,-10.18,0.05,50.69,91.78,115.31,11.1001,9.9654,6.6161,5.1987,4.6304,9078720,1255,2026-09-04,30.74,24769017.0
NASDAQ:UCFI,UCFI,CN Healthy Food Tech Group Corp.,Consumer Defensive,Packaged Foods,China,NASDAQ,287814756.0,5.51,33.44,37.27,1,4.7,180,False,-49.36,34.72,0.0,-5.14,-31.88,,,5.51,5.8089,8.0883,,,0,640,2026-09-04,33.44,52234983.0
NASDAQ:VRRM,VRRM,Verra Mobility Corporation,Technology,Information Technology Services,United States,NASDAQ,618260078.0,4.07,33.49,35.79,1,4.8,181,False,-83.76,5.71,-69.16,-73.61,-79.58,-80.76,-79.73,13.1991,15.4233,19.9337,21.151,20.0781,14208252,1255,2026-09-04,36.7,151906653.0
NYSE:HXL,HXL,Hexcel Corporation,Industrials,Aerospace & Defense,United States,NYSE,6955845115.0,91.98,33.53,38.61,1,4.8,182,False,-16.45,51.85,4.14,10.12,29.36,32.36,35.17,88.3241,83.5263,71.1052,69.4933,68.0494,66927033,1255,2026-09-04,34.51,75623452.0
NASDAQ:OKUR,OKUR,"OnKure Therapeutics, Inc.",Healthcare,Biotechnology,United States,NASDAQ,144615818.0,3.58,33.55,37.99,1,4.8,183,False,-32.07,54.31,-2.29,2.25,-34.55,-75.21,-84.61,3.6638,3.5012,5.4695,14.4416,23.2656,602869,1255,2026-09-04,32.12,40395480.0
NYSE:BROS,BROS,Dutch Bros Inc.,Consumer Cyclical,Restaurants,United States,NYSE,6390432333.0,46.58,33.56,35.79,1,4.8,184,True,-36.46,0.74,-18.56,-18.18,-18.52,-3.85,5.04,57.196,56.93,57.1649,48.4444,44.3451,200689074,1249,2026-09-04,32.36,137192622.0
NASDAQ:LASR,LASR,"nLIGHT, Inc.",Technology,Semiconductors,United States,NASDAQ,2259732883.0,40.06,33.57,36.77,1,4.9,185,False,-52.84,42.87,-30.1,-22.74,22.95,55.91,80.71,57.3092,51.8503,32.5834,25.6944,22.1687,67586236,1255,2026-09-04,35.09,56408709.0
NASDAQ:FHTX,FHTX,Foghorn Therapeutics Inc.,Healthcare,Biotechnology,United States,NASDAQ,288872496.0,4.92,33.58,40.65,1,4.9,186,True,-30.41,39.38,-3.67,-1.57,-7.79,-9.17,-16.88,5.1075,4.9986,5.3356,5.4168,5.9195,2494367,1255,2026-09-04,32.46,58713922.0
NASDAQ:MNST,MNST,Monster Beverage Corporation,Consumer Defensive,Beverages - Non-Alcoholic,United States,NASDAQ,42856315380.0,43.82,33.58,38.98,1,4.9,187,False,-12.31,40.31,4.87,9.24,28.51,38.3,44.59,41.7849,40.1149,34.0998,31.685,30.3063,456158803,1255,2026-09-04,34.63,978008110.0
NYSE:KNF,KNF,Knife Riv Holding Co.,Basic Materials,Building Materials,United States,NYSE,3509090855.0,61.83,33.6,36.09,1,4.9,188,False,-34.2,3.17,-21.0,-19.34,-26.83,-21.48,,78.2697,76.6508,84.5071,78.7406,,51207938,816,2026-09-04,34.2,56753855.0
NYSE:ATEN,ATEN,"A10 Networks, Inc.",Technology,Software - Infrastructure,United States,NYSE,1770435123.0,24.59,33.64,35.92,1,5.0,189,False,-35.33,49.67,-0.54,5.72,22.13,38.55,45.18,24.7245,23.2591,20.1346,17.7484,16.9379,33212951,1255,2026-09-04,34.12,71998175.0
NASDAQ:ARCI,ARCI,Archimedes Tech SPAC Partners III Co.,Financial Services,Shell Companies,United States,NASDAQ,356146200.0,10.1,33.65,46.51,1,5.0,190,False,-0.69,2.64,,,,,,,,,,,232693,121,2026-09-04,38.29,35262000.0
NYSE:CTRI,CTRI,"Centuri Holdings, Inc.",Utilities,Utilities - Regulated Gas,United States,NYSE,2073197957.0,20.54,33.66,35.76,1,5.0,191,True,-50.86,6.04,-27.37,-23.33,-11.18,,,28.2816,26.7919,23.1256,,,32333675,597,2026-09-04,33.35,100934662.0
NASDAQ:INSG,INSG,Inseego Corp.,Technology,Communication Equipment,United States,NASDAQ,69623310.0,4.24,33.67,32.84,1,5.1,192,True,-79.1,5.47,-60.35,-62.97,-62.52,-54.23,-56.6,10.693,11.4517,11.3139,9.2637,9.7695,1479106,1255,2026-09-04,28.51,16420592.0
NYSE:TDAY,TDAY,"USA TODAY Co., Inc.",Communication Services,Publishing,United States,NYSE,928624363.0,6.33,33.69,35.46,1,5.1,193,False,-29.9,81.38,-6.84,0.91,19.9,40.14,60.69,6.7945,6.2731,5.2794,4.5168,3.9393,19026341,1255,2026-09-04,36.26,146702111.0
NASDAQ:SFD,SFD,"Smithfield Foods, Inc.",Consumer Defensive,Packaged Foods,United States,NASDAQ,8644695468.0,21.97,33.74,35.57,1,5.1,194,False,-23.77,9.02,-8.49,-6.54,,,,24.0095,23.5078,,,,38557365,404,2026-09-04,34.36,393477263.0
NYSE:KTF,KTF,DWS Municipal Income Trust,Financial Services,Asset Management,United States,NYSE,340020234.0,8.68,33.77,36.62,1,5.1,195,False,-5.19,5.49,-1.26,-0.64,2.2,6.97,11.45,8.7907,8.7356,8.4928,8.1141,7.7884,1226039,1255,2026-09-04,32.14,39172838.0
NASDAQ:CDNL,CDNL,Cardinal Infrastructure Group Inc.,Industrials,Engineering & Construction,United States,NASDAQ,724814340.0,36.43,33.83,36.51,1,5.2,196,True,-61.37,65.37,,,,,,,,,,,34324849,185,2026-09-04,31.39,19896084.0
NYSE:MTZ,MTZ,"MasTec, Inc.",Industrials,Engineering & Construction,United States,NYSE,19047530616.0,237.19,33.84,36.08,1,5.2,197,True,-45.79,35.54,-22.09,-16.28,11.23,39.12,56.97,304.4516,283.3247,213.2375,170.4954,151.1076,400975863,1255,2026-09-04,30.61,80304948.0
NASDAQ:WINA,WINA,Winmark Corporation,Consumer Cyclical,Specialty Retail,United States,NASDAQ,1142920411.0,318.17,33.84,37.29,1,5.2,198,True,-36.48,0.24,-20.61,-22.31,-18.0,-15.52,-8.7,400.7615,409.5222,388.0236,376.6185,348.4924,17100084,1255,2026-09-04,33.23,3592169.0
NYSE:MAC,MAC,Macerich Company (The),Real Estate,REIT - Retail,United States,NYSE,6915279875.0,23.24,33.87,39.69,1,5.2,199,True,-12.33,47.08,10.2,14.66,25.02,38.4,55.06,21.0886,20.2693,18.5884,16.7919,14.9878,63027346,1255,2026-09-04,30.05,297559375.0
NASDAQ:INGN,INGN,"Inogen, Inc",Healthcare,Medical Devices,United States,NASDAQ,146743877.0,5.42,33.89,36.52,1,5.3,200,False,-39.44,1.69,-15.26,-19.92,-28.68,-27.56,-44.61,6.3963,6.7686,7.6,7.4816,9.7846,1321262,1255,2026-09-04,34.84,27074516.0
NYSE:PSA,PSA,Public Storage,Real Estate,REIT - Industrial,United States,NYSE,56399083353.0,302.01,33.89,38.92,1,5.3,201,False,-8.61,19.14,2.55,3.59,3.54,7.97,10.34,294.4934,291.5367,291.6797,279.7217,273.7158,235777416,1255,2026-09-04,36.82,186745748.0
NASDAQ:AMSF,AMSF,"AMERISAFE, Inc.",Financial Services,Insurance - Specialty,United States,NASDAQ,486111008.0,25.99,33.92,35.31,1,5.3,202,False,-39.21,1.13,-21.54,-24.63,-34.51,-34.87,-34.76,33.1236,34.4848,39.6856,39.9034,39.8402,11435172,1255,2026-09-04,36.27,18703771.0
NYSE:CIEN,CIEN,Ciena Corporation,Technology,Communication Equipment,United States,NYSE,45438487962.0,321.0,33.92,37.79,1,5.3,203,True,-48.8,175.09,-14.89,-3.59,57.2,110.76,155.45,377.1646,332.9427,204.1981,152.3071,125.6626,908316008,1255,2026-09-04,32.82,141552922.0
NASDAQ:MBAI,MBAI,MBody AI Ltd.,Healthcare,Diagnostics & Research,Israel,NASDAQ,50247334.0,6.5,33.93,38.25,1,5.4,204,False,-70.61,41.98,-39.28,-41.04,-26.75,-44.79,-55.48,10.705,11.0248,8.8732,11.7724,14.5986,233843,1255,2026-09-04,33.93,7730359.0
NYSE:ATR,ATR,"AptarGroup, Inc.",Healthcare,Medical Instruments & Supplies,United States,NYSE,8131346462.0,127.41,33.98,42.22,1,5.4,205,False,-11.91,14.22,1.34,1.17,-8.16,-6.63,-1.28,125.731,125.9395,138.729,136.4512,129.0666,49474251,1255,2026-09-04,36.24,63820316.0
NASDAQ:NWPX,NWPX,"NWPX Infrastructure, Inc.",Basic Materials,Steel,United States,NASDAQ,1037733911.0,107.68,34.02,37.63,1,5.4,206,False,-28.18,117.84,14.55,25.54,64.17,97.64,119.93,93.9989,85.7714,65.5893,54.482,48.9612,16522838,1255,2026-09-04,37.98,9637202.0
NYSE:BRSP,BRSP,"BrightSpire Capital, Inc.",Real Estate,REIT - Mortgage,United States,NYSE,592133162.0,4.68,34.03,36.04,1,5.5,207,True,-20.58,0.86,-12.94,-11.5,-6.26,-5.22,-2.93,5.3758,5.2879,4.9928,4.9378,4.8212,4618264,1255,2026-09-04,32.1,126524180.0
NASDAQ:BZAI,BZAI,"Blaize Holdings, Inc.",Technology,Software - Application,United States,NASDAQ,65457752.0,0.46,34.03,35.34,1,5.5,208,False,-92.69,2.22,-70.04,-77.25,-89.13,-92.87,-93.78,1.5353,2.0223,4.2301,6.4486,7.3933,4726124,1154,2026-09-04,36.12,142299461.0
NYSE:SYK,SYK,Stryker Corporation,Healthcare,Medical Devices,United States,NYSE,116208147785.0,303.13,34.07,39.71,1,5.5,209,False,-22.1,7.56,-10.1,-11.82,-15.23,-11.44,-5.16,337.1963,343.7527,357.5734,342.2784,319.6259,734907365,1255,2026-09-04,36.39,383360762.0
NYSE:SO,SO,Southern Company (The),Utilities,Utilities - Regulated Electric,United States,NYSE,101358480934.0,88.11,34.08,37.73,1,5.5,210,False,-9.62,7.37,-3.22,-3.21,0.26,8.84,15.89,91.0406,91.0306,87.8807,80.952,76.0286,488048246,1255,2026-09-04,37.04,1150362966.0
NYSE:ALH,ALH,Alliance Laundry Holdings Inc.,Consumer Cyclical,"Furnishings, Fixtures & Appliances",United States,NYSE,4514374660.0,22.73,34.12,37.5,1,5.6,211,False,-18.85,19.25,-3.83,,,,,23.6343,,,,,48615491,228,2026-09-04,33.44,198608652.0
NYSE:ULS,ULS,UL Solutions Inc.,Industrials,Specialty Business Services,United States,NYSE,5744573130.0,73.83,34.12,35.29,1,5.6,212,False,-29.37,16.39,-12.8,-10.62,5.27,,,84.6692,82.598,70.1326,,,42943799,602,2026-09-04,36.33,77808115.0
NASDAQ:FLNC,FLNC,"Fluence Energy, Inc.",Utilities,Utilities - Renewable,United States,NASDAQ,1374598922.0,10.35,34.14,37.13,1,5.6,213,True,-67.89,53.11,-42.68,-40.39,-28.45,-35.85,-39.75,18.0564,17.363,14.466,16.1348,17.179,64451015,1218,2026-09-04,32.48,132811490.0
NASDAQ:BAER,BAER,"Bridger Aerospace Group Holdings, Inc.",Industrials,Security & Protection Services,United States,NASDAQ,64265970.0,1.115,34.16,35.1,1,5.6,214,False,-65.9,5.19,-44.0,-42.69,-45.25,-63.63,-73.25,1.9911,1.9454,2.0364,3.0658,4.1683,1636274,1255,2026-09-04,31.5,57637641.0
NYSE:AKR,AKR,Acadia Realty Trust,Real Estate,REIT - Retail,United States,NYSE,2786423590.0,20.29,34.18,38.91,1,5.7,215,True,-10.7,10.28,-1.65,-0.18,-0.45,8.31,18.32,20.6297,20.326,20.3809,18.734,17.1478,29874568,1255,2026-09-04,33.89,137329896.0
NASDAQ:CRDO,CRDO,Credo Technology Group Holding Ltd,Technology,Semiconductors,Cayman Islands,NASDAQ,31807535062.0,170.57,34.2,39.15,1,5.7,216,True,-43.62,94.25,-2.72,-0.23,45.22,99.6,153.17,175.3448,170.9703,117.4591,85.4553,67.3739,1352076111,1156,2026-09-04,31.59,186477898.0
NYSE:BNT,BNT,Brookfield Wealth Solutions Ltd. Class A Exchangeable Limited Voting Shares,Financial Services,Insurance - Diversified,Bermuda,NYSE,2411511170.0,40.24,34.22,37.53,1,5.7,217,False,-18.61,1.46,-9.62,-10.0,-2.71,10.98,21.66,44.5212,44.7088,41.3626,36.2579,33.0769,531407,1255,2026-09-04,35.17,59928210.0
NYSE:UDR,UDR,"UDR, Inc.",Real Estate,REIT - Residential,United States,NYSE,11687592396.0,36.38,34.25,38.83,1,5.7,218,True,-11.13,11.89,-0.52,0.44,-4.31,-0.73,0.15,36.5701,36.2214,38.0185,36.6469,36.3243,95477646,1255,2026-09-04,34.09,321264222.0
NYSE:LMT,LMT,Lockheed Martin Corporation,Industrials,Aerospace & Defense,United States,NYSE,121229766736.0,525.28,34.26,40.52,1,5.8,219,False,-21.38,21.77,-4.49,-1.59,4.76,10.13,13.7,549.9937,533.7863,501.405,476.9628,461.9787,568573785,1255,2026-09-04,36.77,230790753.0
NASDAQ:OSUR,OSUR,"OraSure Technologies, Inc.",Healthcare,Medical Instruments & Supplies,United States,NASDAQ,239592964.0,3.48,34.27,38.37,1,5.8,220,False,-22.67,64.93,6.9,8.86,3.88,-17.19,-22.2,3.2554,3.1967,3.3501,4.2022,4.4731,1540452,1255,2026-09-04,38.07,68848553.0
NASDAQ:TXRH,TXRH,"Texas Roadhouse, Inc.",Consumer Cyclical,Restaurants,United States,NASDAQ,12459705819.0,189.56,34.27,42.09,1,5.8,221,True,-11.2,22.6,6.33,8.06,7.94,17.44,30.52,178.2691,175.4191,175.6135,161.4072,145.2334,138805417,1255,2026-09-04,33.13,65729615.0
NASDAQ:IDN,IDN,"Intellicheck, Inc.",Technology,Software - Application,United States,NASDAQ,56500907.0,2.79,34.3,34.07,1,5.8,222,False,-68.97,4.1,-47.66,-47.08,-35.06,-24.28,-17.16,5.3305,5.2717,4.2962,3.6845,3.3679,1739417,1255,2026-09-04,36.95,20251221.0
NASDAQ:FBYD,FBYD,"Falcon's Beyond Global, Inc.",Industrials,Conglomerates,United States,NASDAQ,398958999.0,8.14,34.32,37.23,1,5.9,223,False,-60.87,108.45,-30.26,-30.18,-14.33,,,11.6721,11.6589,9.5021,,,797043,731,2026-09-04,32.69,49012162.0
NASDAQ:SANG,SANG,Sangoma Technologies Corporation,Technology,Software - Infrastructure,Canada,NASDAQ,123464311.0,3.71,34.33,39.51,1,5.9,224,False,-38.68,7.23,-14.3,-17.53,-28.36,-22.9,-21.41,4.3292,4.4986,5.1789,4.8121,4.7207,23075,1255,2026-09-04,36.15,33278790.0
NASDAQ:RDCM,RDCM,Radcom Ltd.,Communication Services,Telecom Services,Israel,NASDAQ,167885921.0,10.03,34.37,35.19,1,5.9,225,False,-37.86,0.6,-21.13,-22.56,-19.96,-12.1,-9.59,12.7174,12.952,12.5316,11.4104,11.0937,1527384,1255,2026-09-04,34.37,16738377.0
NASDAQ:MLTX,MLTX,MoonLake Immunotherapeutics,Healthcare,Biotechnology,Switzerland,NASDAQ,1276775892.0,15.01,34.38,37.86,1,5.9,226,False,-75.79,140.35,-11.19,-18.11,-53.97,-60.61,-56.25,16.9017,18.3284,32.6119,38.1085,34.3103,22986456,1255,2026-09-04,35.8,85061685.0
NASDAQ:BIOA,BIOA,"BioAge Labs, Inc.",Healthcare,Drug Manufacturers - Specialty & Generic,United States,NASDAQ,426301719.0,9.59,34.42,35.79,1,6.0,227,True,-61.79,101.47,-43.34,-34.75,,,,16.9266,14.6984,,,,5648748,487,2026-09-04,33.63,44452734.0
NYSE:PNR,PNR,Pentair plc.,Industrials,Specialty Industrial Machinery,United Kingdom,NYSE,9609516000.0,60.21,34.42,36.88,1,6.0,228,False,-45.87,0.62,-29.32,-33.01,-35.41,-30.26,-22.34,85.1809,89.8842,93.2193,86.3374,77.5274,236634703,1255,2026-09-04,33.4,159600000.0
NASDAQ:ATGL,ATGL,Alpha Technology Group Limited,Technology,Software - Infrastructure,Hong Kong,NASDAQ,94627500.0,6.2,34.44,35.46,1,6.0,229,True,-81.72,3.33,-60.84,-64.21,-66.06,,,15.8326,17.3228,18.2687,,,102492,714,2026-09-04,31.48,15262500.0
NASDAQ:MVST,MVST,"Microvast Holdings, Inc.",Consumer Cyclical,Auto Parts,United States,NASDAQ,230211752.0,0.691,34.46,36.45,1,6.1,230,False,-89.2,0.14,-63.67,-71.56,-68.01,-60.25,-60.51,1.9018,2.4299,2.16,1.7384,1.7499,5896273,1255,2026-09-04,35.33,333157384.0
NYSE:CMI,CMI,Cummins Inc.,Industrials,Specialty Industrial Machinery,United States,NYSE,77377369320.0,560.75,34.49,37.1,1,6.1,231,True,-22.64,44.12,-5.95,0.08,25.63,47.41,65.03,596.2144,560.2968,446.3437,380.3904,339.7849,529807203,1255,2026-09-04,25.08,137989067.0
NASDAQ:NPT,NPT,Texxon Holding Limited,Consumer Cyclical,Specialty Retail,China,NASDAQ,63670950.0,2.87,34.49,42.84,1,6.1,232,False,-86.0,137.19,-41.58,,,,,4.9124,,,,,74230,219,2026-09-04,36.26,22185000.0
NASDAQ:BHF,BHF,"Brighthouse Financial, Inc.",Financial Services,Insurance - Life,United States,NASDAQ,3077945160.0,53.58,34.51,33.77,1,6.1,233,False,-19.56,23.57,-13.88,-10.89,-4.25,0.47,2.46,62.2175,60.1263,55.9577,53.3284,52.2913,58233145,1255,2026-09-04,35.03,57445785.0
NASDAQ:OFIX,OFIX,Orthofix Medical Inc.,Healthcare,Medical Devices,United States,NASDAQ,375517147.0,9.29,34.51,39.04,1,6.1,234,False,-42.76,3.8,-24.42,-27.64,-33.77,-33.33,-38.81,12.2912,12.8382,14.0271,13.9349,15.183,2881580,1255,2026-09-04,34.77,40421652.0
NASDAQ:GRML,GRML,Greenland Mines Ltd,Basic Materials,Other Precious Metals & Mining,United States,NASDAQ,716519278.0,4.76,34.57,36.39,1,6.2,235,True,-85.58,6.25,-70.76,-74.2,-79.74,-96.84,-98.02,16.2767,18.448,23.4895,150.8643,241.009,4707283,1092,2026-09-04,32.76,150529260.0
NASDAQ:UTHR,UTHR,United Therapeutics Corporation,Healthcare,Drug Manufacturers - Specialty & Generic,United States,NASDAQ,24284010758.0,487.61,34.6,37.55,1,6.2,236,False,-18.29,23.56,-6.85,-3.38,16.53,33.96,46.78,523.4546,504.6926,418.4495,363.9959,332.2142,245809946,1255,2026-09-04,35.6,49802118.0
NYSE:TFIN,TFIN,"Triumph Financial, Inc.",Financial Services,Banks - Regional,United States,NYSE,1663059775.0,69.6,34.61,39.78,1,6.2,237,True,-14.16,48.24,3.99,8.19,2.14,-0.75,3.87,66.9303,64.3314,68.1407,70.1243,67.0081,11861613,1255,2026-09-04,30.44,23894537.0
NYSE:NOC,NOC,Northrop Grumman Corporation,Industrials,Aerospace & Defense,United States,NYSE,73159617129.0,514.98,34.62,39.56,1,6.3,238,False,-32.35,4.29,-13.84,-13.31,-5.25,1.04,4.28,597.6891,594.0592,543.5176,509.6657,493.8365,374276053,1255,2026-09-04,39.68,142063026.0
NYSE:SITC,SITC,SITE Centers Corp.,Real Estate,REIT - Retail,United States,NYSE,150602888.0,2.87,34.62,36.33,1,6.3,239,False,-47.77,0.0,-30.65,-33.61,-40.89,-44.74,-43.11,4.1385,4.3231,4.855,5.194,5.0453,2642173,1255,2026-09-04,34.62,52474874.0
NYSE:DIN,DIN,"Dine Brands Global, Inc.",Consumer Cyclical,Restaurants,United States,NYSE,401866344.0,31.68,34.64,40.04,1,6.3,240,False,-17.35,40.74,-0.84,3.76,14.13,1.48,-15.54,31.9475,30.5331,27.7581,31.2166,37.5084,7809305,1255,2026-09-04,36.7,12685175.0
NYSE:XFLH,XFLH,XFLH Capital Corporation,Financial Services,Shell Companies,United States,NYSE,138327498.0,9.96,34.65,40.55,1,6.3,241,False,-2.64,1.01,,,,,,,,,,,22303,126,2026-09-04,34.65,13888303.0
NYSE:BYD,BYD,Boyd Gaming Corporation,Consumer Cyclical,Resorts & Casinos,United States,NYSE,5668575400.0,78.02,34.73,37.51,1,6.4,242,False,-14.51,2.27,-7.18,-6.75,0.16,9.26,13.86,84.0513,83.6675,77.8976,71.4105,68.5249,64389119,1255,2026-09-04,33.41,72655414.0
NASDAQ:MAMA,MAMA,"Mama's Creations, Inc.",Consumer Defensive,Packaged Foods,United States,NASDAQ,704898932.0,15.16,34.73,39.02,1,6.4,243,False,-26.59,61.11,-0.87,6.0,37.78,66.27,106.11,15.2932,14.3015,11.0027,9.1175,7.3552,8983584,1255,2026-09-04,41.0,46497291.0
NASDAQ:RRR,RRR,"Red Rock Resorts, Inc.",Consumer Cyclical,Resorts & Casinos,United States,NASDAQ,3341310983.0,57.15,34.8,39.28,1,6.4,244,False,-15.03,12.43,-3.57,-2.86,7.35,11.63,18.94,59.2643,58.8349,53.2386,51.1953,48.0481,44462995,1255,2026-09-04,34.42,58465634.0
AMEX:VKI,VKI,Invesco Advantage Municipal Income Trust II Common Shares of Beneficial Interest (DE),Financial Services,Asset Management,United States,AMEX,385158438.0,8.67,34.84,38.77,1,6.4,245,False,-8.01,11.28,-1.11,0.07,5.7,11.19,15.01,8.7671,8.6642,8.2021,7.7977,7.5385,536996,1255,2026-09-04,38.8,44424272.0
NASDAQ:HON,HON,Honeywell International Inc.,Industrials,Conglomerates,United States,NASDAQ,66433795496.0,209.61,34.85,38.31,1,6.5,246,False,-18.74,7.67,-8.06,-5.98,-2.81,1.83,4.97,227.978,222.9373,215.6778,205.8398,199.6845,634219381,1255,2026-09-04,31.78,316940010.0
NASDAQ:SHMD,SHMD,SCHMID Group N.V.,Industrials,Specialty Industrial Machinery,Germany,NASDAQ,206878537.0,3.15,34.86,37.48,1,6.5,247,True,-69.77,50.0,-47.51,-42.59,-25.19,,,6.0016,5.4866,4.2109,,,3022586,589,2026-09-04,33.84,65675726.0
NASDAQ:CNVS,CNVS,Cineverse Corp.,Communication Services,Entertainment,United States,NASDAQ,54093319.0,2.31,34.88,39.54,1,6.5,248,False,-37.74,26.23,-7.28,-12.15,-24.82,-4.71,-37.42,2.4913,2.6294,3.0728,2.4243,3.6911,381330,1255,2026-09-04,34.88,23417021.0
NASDAQ:LIMN,LIMN,"Liminatus Pharma, Inc.",Healthcare,Biotechnology,United States,NASDAQ,249164943.0,3.71,34.88,38.39,1,6.5,249,True,-97.22,1.78,-79.91,-87.66,,,,18.4647,30.0741,,,,4563269,338,2026-09-04,34.73,67160362.0
NYSE:NNN,NNN,"NNN REIT, Inc.",Real Estate,REIT - Retail,United States,NYSE,8490776140.0,44.63,34.89,39.88,1,6.6,250,False,-8.83,19.11,3.53,5.2,9.35,14.0,16.51,43.1091,42.4249,40.8127,39.1495,38.3062,57218671,1255,2026-09-04,39.61,190248177.0
NASDAQ:IMUX,IMUX,"Immunic, Inc.",Healthcare,Biotechnology,United States,NASDAQ,178577642.0,13.11,34.91,40.24,1,6.6,251,True,-22.43,157.06,18.92,25.31,22.8,14.71,-7.88,11.0239,10.462,10.676,11.4292,14.2321,3556068,1255,2026-09-04,31.43,13621483.0
NASDAQ:SFIX,SFIX,"Stitch Fix, Inc.",Consumer Cyclical,Apparel Retail,United States,NASDAQ,360773026.0,3.05,34.91,38.74,1,6.6,252,False,-47.68,1.33,-22.94,-25.71,-25.56,-20.5,-22.1,3.9578,4.1057,4.0973,3.8364,3.9154,4731331,1255,2026-09-04,35.48,118286238.0
NYSE:GBX,GBX,"Greenbrier Companies, Inc. (The)",Industrials,Railroads,United States,NYSE,1338450816.0,43.26,34.92,37.89,1,6.7,253,False,-25.49,7.72,-11.37,-9.4,-12.57,-8.68,0.55,48.8088,47.7472,49.4791,47.3729,43.0245,15846350,1255,2026-09-04,31.35,30939686.0
NASDAQ:GNSS,GNSS,Genasys Inc.,Technology,Scientific & Technical Instruments,United States,NASDAQ,66035913.0,1.45,34.92,38.2,1,6.7,254,False,-43.8,2.84,-24.13,-27.13,-36.84,-35.07,-40.46,1.9112,1.9898,2.2957,2.2332,2.4353,160300,1255,2026-09-04,32.51,45542009.0
NYSE:YELP,YELP,Yelp Inc.,Communication Services,Internet Content & Information,United States,NYSE,1191098649.0,21.66,34.94,39.1,1,6.7,255,False,-35.97,9.5,-15.98,-19.75,-31.1,-37.07,-36.57,25.7798,26.989,31.4355,34.4207,34.1472,24674500,1255,2026-09-04,37.61,54990704.0
NYSE:SAM,SAM,"Boston Beer Company, Inc. (The)",Consumer Defensive,Beverages - Brewers,United States,NYSE,1408543701.0,168.78,34.97,40.0,1,6.7,256,False,-35.1,4.78,-17.05,-18.11,-26.24,-34.9,-39.66,203.4673,206.0935,228.8101,259.2523,279.7143,29085154,1255,2026-09-04,37.62,8345442.0
NASDAQ:NCMI,NCMI,"National CineMedia, Inc.",Communication Services,Advertising Agencies,United States,NASDAQ,232575117.0,2.48,34.98,36.83,1,6.8,257,False,-47.94,11.71,-29.18,-32.26,-47.38,-46.34,-43.68,3.5016,3.6613,4.7131,4.6216,4.4034,4223492,1255,2026-09-04,35.2,93780289.0
NASDAQ:LE,LE,"Lands' End, Inc.",Consumer Cyclical,Apparel Retail,United States,NASDAQ,336305085.0,10.94,34.99,40.36,1,6.8,258,True,-42.87,8.42,-18.85,-21.21,-17.33,-11.83,-4.77,13.4807,13.8851,13.234,12.4085,11.4885,2180045,1255,2026-09-04,32.71,30740867.0
NASDAQ:MBOT,MBOT,Microbot Medical Inc.,Healthcare,Medical Devices,United States,NASDAQ,96717313.0,1.44,35.01,37.34,1,6.8,259,False,-68.0,0.0,-29.37,-34.83,-29.44,-18.58,-31.73,2.0387,2.2097,2.0408,1.7685,2.1092,1233154,1255,2026-09-04,35.01,67164801.0
NASDAQ:CENTA,CENTA,Central Garden & Pet Company - Class A Common Stock Nonvoting,Consumer Defensive,Packaged Foods,United States,NASDAQ,1851046897.0,36.07,35.02,40.69,1,6.8,260,True,-11.16,37.3,6.24,9.27,10.77,9.0,11.54,33.9515,33.0094,32.5623,33.092,32.3371,11584462,1255,2026-09-04,34.9,51318184.0
NYSE:UHAL.B,UHAL-B,U-Haul Holding Company Series N Non-Voting,Industrials,Rental & Leasing Services,United States,NYSE,10382174640.0,58.97,35.04,42.32,1,6.9,261,False,-10.68,47.89,14.38,15.05,5.69,3.18,,51.5557,51.2579,55.7934,57.1523,,20465986,957,2026-09-04,37.23,176058583.0
NYSE:SKT,SKT,Tanger Inc.,Real Estate,REIT - Retail,United States,NYSE,4288315518.0,37.33,35.06,39.38,1,6.9,262,True,-10.67,21.29,4.23,6.32,12.86,23.66,39.02,35.8152,35.1101,33.0754,30.1871,26.8517,30152865,1255,2026-09-04,32.16,114875851.0
NASDAQ:LCID,LCID,"Lucid Group, Inc.",Consumer Cyclical,Auto Manufacturers,United States,NASDAQ,1826401861.0,4.68,35.1,39.09,1,6.9,263,True,-81.11,2.86,-44.77,-56.75,-74.58,-80.81,-88.68,8.4742,10.8196,18.4098,24.3876,41.3407,54800571,1255,2026-09-04,33.48,390256808.0
NASDAQ:QUIK,QUIK,QuickLogic Corporation,Technology,Semiconductors,United States,NASDAQ,190710240.0,10.76,35.11,37.73,1,6.9,264,False,-54.68,112.23,-9.6,-0.07,21.93,9.68,19.87,11.9022,10.7675,8.825,9.8108,8.9766,3224234,1255,2026-09-04,33.0,17724000.0
NYSE:BHR,BHR,Braemar Hotels & Resorts Inc.,Real Estate,REIT - Hotel & Motel,United States,NYSE,130490704.0,1.9,35.15,38.45,1,7.0,265,True,-39.49,2.15,-23.66,-24.82,-24.53,-21.78,-28.54,2.4888,2.5274,2.5174,2.4291,2.659,696606,1255,2026-09-04,29.34,68679318.0
NYSE:VSXY,VSXY,Victorias Secret & Co.,Consumer Cyclical,Apparel Retail,United States,NYSE,6006394363.0,75.56,35.17,40.85,1,7.0,266,True,-24.42,195.85,20.15,34.47,82.66,118.71,123.71,62.8871,56.1911,41.3654,34.5478,33.7751,160055389,1255,2026-09-04,31.48,79491720.0
NYSE:AON,AON,Aon plc Class A Ordinary Shares (Ireland),Financial Services,Insurance Brokers,Ireland,NYSE,68535606471.0,323.09,35.18,39.41,1,7.0,267,False,-15.06,5.05,-3.86,-4.71,-8.12,-4.05,-1.49,336.0719,339.0555,351.6464,336.7359,327.9844,341992180,1255,2026-09-04,36.97,212125434.0
NYSE:SLQT,SLQT,"SelectQuote, Inc.",Financial Services,Insurance Brokers,United States,NYSE,94522407.0,0.536,35.18,37.82,1,7.0,268,False,-74.84,3.08,-45.2,-54.56,-73.72,-73.63,-71.24,0.9781,1.1795,2.0399,2.0327,1.8635,843244,1255,2026-09-04,35.88,176347774.0
NYSE:ELS,ELS,"Equity Lifestyle Properties, Inc.",Real Estate,REIT - Residential,United States,NYSE,12113513518.0,62.42,35.2,41.08,1,7.1,269,False,-7.73,7.92,-1.13,-0.01,-0.43,0.21,1.14,63.1334,62.4258,62.6918,62.2872,61.7137,79358130,1255,2026-09-04,36.23,194064619.0
NYSE:HRI,HRI,Herc Holdings Inc.,Industrials,Rental & Leasing Services,United States,NYSE,4711159088.0,140.92,35.2,41.19,1,7.1,270,False,-21.04,56.36,0.68,2.66,-2.57,0.23,4.82,139.9635,137.2701,144.6309,140.5935,134.4419,55740580,1255,2026-09-04,32.23,33431444.0
NYSE:PKE,PKE,Park Aerospace Corp.,Industrials,Aerospace & Defense,United States,NYSE,680377880.0,31.28,35.2,40.22,1,7.1,271,True,-18.18,70.93,7.18,15.27,51.65,71.43,89.06,29.1849,27.137,20.6269,18.2466,16.5452,7457025,1255,2026-09-04,31.55,21751211.0
NYSE:TPB,TPB,"Turning Point Brands, Inc.",Consumer Defensive,Tobacco,United States,NYSE,1456825907.0,75.22,35.21,40.13,1,7.2,272,False,-47.29,6.67,-20.46,-20.56,-5.04,21.2,44.6,94.5633,94.6846,79.2164,62.0619,52.0195,21825112,1255,2026-09-04,37.74,19367534.0
NYSE:RTX,RTX,RTX Corporation,Industrials,Aerospace & Defense,United States,NYSE,270616357734.0,200.79,35.26,42.62,1,7.2,273,False,-10.95,34.28,4.68,7.86,27.86,49.43,63.6,191.8056,186.1551,157.0434,134.372,122.7307,859141708,1255,2026-09-04,36.78,1347758144.0
NYSE:MDU,MDU,"MDU Resources Group, Inc. Common Stock (Holding Company)",Utilities,Utilities - Regulated Gas,United States,NYSE,4090247890.0,19.57,35.27,38.31,1,7.2,274,False,-13.59,26.03,-5.16,-2.69,7.7,22.71,34.43,20.6339,20.11,18.1714,15.9481,14.5576,28599322,1255,2026-09-04,37.92,209006024.0
NASDAQ:BYND,BYND,"Beyond Meat, Inc.",Consumer Defensive,Packaged Foods,United States,NASDAQ,6075886802.0,11.79,35.28,36.84,1,7.2,275,True,-89.14,4.61,-48.9,-61.68,-84.37,-90.64,-94.26,23.0715,30.7651,75.448,126.0235,205.4975,24652957,1255,2026-09-04,31.28,515342392.0
NASDAQ:ADSK,ADSK,"Autodesk, Inc.",Technology,Software - Application,United States,NASDAQ,46008550193.0,217.9,35.3,41.2,1,7.3,276,False,-33.32,16.08,-11.78,-16.31,-20.5,-16.22,-11.35,247.0026,260.3546,274.0905,260.0951,245.8015,506987534,1255,2026-09-04,44.8,211145251.0
NYSE:CALX,CALX,"Calix, Inc",Technology,Software - Infrastructure,United States,NYSE,2264185044.0,35.96,35.34,40.19,1,7.3,277,False,-47.44,2.22,-22.14,-27.18,-20.81,-15.79,-21.4,46.1844,49.3802,45.4099,42.7053,45.7482,30147272,1255,2026-09-04,40.76,62963989.0
NASDAQ:HUHU,HUHU,HUHUTECH International Group Inc.,Industrials,Specialty Industrial Machinery,China,NASDAQ,109530558.0,4.23,35.34,36.98,1,7.3,278,False,-63.85,1.68,-47.26,-45.41,,,,8.0212,7.7487,,,,284187,469,2026-09-04,36.74,25893749.0
NASDAQ:DNLI,DNLI,Denali Therapeutics Inc.,Healthcare,Biotechnology,United States,NASDAQ,3536052940.0,22.28,35.4,41.44,1,7.3,279,False,-18.12,74.75,6.9,13.11,13.86,12.57,1.74,20.8418,19.6984,19.568,19.7926,21.8999,27542580,1255,2026-09-04,38.63,158709737.0
NASDAQ:PENN,PENN,"PENN Entertainment, Inc.",Consumer Cyclical,Resorts & Casinos,United States,NASDAQ,2283017779.0,17.07,35.42,38.08,1,7.4,280,False,-22.62,45.15,3.19,1.71,-2.9,-7.61,-19.3,16.5428,16.7829,17.579,18.4752,21.1515,44341456,1255,2026-09-04,36.45,133744451.0
NASDAQ:FIP,FIP,FTAI Infrastructure Inc.,Industrials,Conglomerates,United States,NASDAQ,402937723.0,3.41,35.43,38.67,1,7.4,281,True,-45.97,1.19,-29.36,-29.35,-39.24,-38.91,-30.24,4.8272,4.8263,5.6126,5.582,4.8881,3928298,1037,2026-09-04,33.6,118163555.0
NASDAQ:GLUE,GLUE,"Monte Rosa Therapeutics, Inc.",Healthcare,Biotechnology,United States,NASDAQ,1169195145.0,13.84,35.44,36.86,1,7.4,282,False,-45.32,188.33,-25.27,-16.78,23.22,51.17,59.55,18.5196,16.6302,11.2322,9.1552,8.6743,14274241,1255,2026-09-04,38.36,84479418.0
NASDAQ:CASY,CASY,"Caseys General Stores, Inc.",Consumer Cyclical,Specialty Retail,United States,NASDAQ,27979045426.0,756.09,35.45,39.39,1,7.4,283,False,-17.42,50.05,4.11,9.84,34.71,58.71,83.02,726.2638,688.3829,561.285,476.409,413.1116,260575292,1255,2026-09-04,35.89,37004914.0
NASDAQ:KOD,KOD,Kodiak Sciences Inc,Healthcare,Biotechnology,United States,NASDAQ,2212773674.0,35.36,35.46,40.72,1,7.5,284,False,-23.86,283.93,6.71,20.17,104.46,180.44,218.65,33.1353,29.4238,17.2947,12.6089,11.0969,22662166,1255,2026-09-04,38.21,62578441.0
NASDAQ:TNGX,TNGX,"Tango Therapeutics, Inc.",Healthcare,Biotechnology,United States,NASDAQ,3666585895.0,22.52,35.52,39.76,1,7.5,285,False,-31.55,254.09,14.91,31.18,110.01,120.92,151.75,19.5976,17.1669,10.7235,10.1936,8.9453,51139910,1255,2026-09-04,36.5,162814649.0
NYSE:MMM,MMM,3M Company,Industrials,Conglomerates,United States,NYSE,86930170610.0,168.56,35.54,43.97,1,7.5,286,True,-7.88,20.52,5.68,6.1,13.55,31.76,44.52,159.4931,158.8697,148.4457,127.9335,116.6316,463709912,1255,2026-09-04,34.77,515722417.0
NYSE:BW,BW,"Babcock & Wilcox Enterprises, Inc.",Industrials,Specialty Industrial Machinery,United States,NYSE,1056760670.0,7.1,35.55,36.8,1,7.6,287,False,-67.51,253.23,-38.6,-28.58,25.72,62.87,49.44,11.5643,9.9416,5.6475,4.3594,4.7511,52523426,1255,2026-09-04,35.75,148839531.0
NYSE:BCSF,BCSF,"Bain Capital Specialty Finance, Inc.",Financial Services,Asset Management,United States,NYSE,766745753.0,11.82,35.57,39.24,1,7.6,288,False,-13.66,2.58,-5.73,-6.01,-9.51,-6.35,1.59,12.5381,12.5759,13.0629,12.622,11.6346,5206952,1255,2026-09-04,36.88,64868507.0
NASDAQ:FWONK,FWONK,Liberty Media Corporation - Series C Liberty Formula One,Communication Services,Entertainment,United States,NASDAQ,21414295621.0,95.5,35.59,42.11,1,7.6,289,False,-11.84,17.29,3.63,1.53,3.19,12.68,19.42,92.1562,94.0613,92.5489,84.7568,79.9692,185792139,1255,2026-09-04,38.73,224233462.0
NASDAQ:NFE,NFE,New Fortress Energy Inc.,Energy,Oil & Gas Midstream,United States,NASDAQ,78263894.0,0.274,35.62,36.81,1,7.6,290,False,-90.58,0.0,-65.99,-72.83,-93.95,-97.8,-98.49,0.8056,1.0084,4.5271,12.4421,18.1026,564429,1255,2026-09-04,37.07,285634650.0
NYSE:PCG,PCG,Pacific Gas & Electric Co.,Utilities,Utilities - Regulated Electric,United States,NYSE,31493846756.0,14.3,35.63,37.47,1,7.7,291,False,-24.74,7.76,-14.37,-13.29,-14.85,-15.15,-13.57,16.6999,16.4915,16.7943,16.8541,16.5455,744115423,1255,2026-09-04,32.74,2202366906.0
NASDAQ:VCEL,VCEL,Vericel Corporation,Healthcare,Biotechnology,United States,NASDAQ,2057993817.0,40.19,35.63,40.5,1,7.7,292,False,-16.81,36.98,5.34,7.5,-4.0,-4.44,3.44,38.154,37.3854,41.866,42.0553,38.8544,20171169,1255,2026-09-04,36.77,51206614.0
NASDAQ:OMH,OMH,Ohmyhome Limited,Real Estate,Real Estate Services,Singapore,NASDAQ,78915757.0,2.86,35.65,37.21,1,7.7,293,False,-96.96,0.0,-93.23,-93.82,-94.36,-94.68,,42.2342,46.2488,50.7063,53.737,,6515136,868,2026-09-04,36.22,27592922.0
NYSE:KLAR,KLAR,Klarna Group plc,Financial Services,Credit Services,United Kingdom,NYSE,5448615333.0,14.41,35.68,38.27,1,7.7,294,True,-68.32,17.44,-26.81,,,,,19.6887,,,,,136000711,248,2026-09-04,35.58,378113486.0
NYSE:SNA,SNA,Snap-On Incorporated,Industrials,Tools & Accessories,United States,NYSE,19811488492.0,383.0,35.68,40.82,1,7.7,295,False,-8.09,21.92,2.94,5.44,13.28,23.24,32.52,372.0574,363.2349,338.1079,310.7678,289.0193,99556030,1255,2026-09-04,36.71,51727124.0
NASDAQ:KTOS,KTOS,"Kratos Defense & Security Solutions, Inc.",Industrials,Aerospace & Defense,United States,NASDAQ,8967205635.0,47.82,35.7,40.71,1,7.8,296,False,-63.42,8.98,-33.22,-35.52,-12.57,11.88,36.11,71.6118,74.1578,54.6924,42.7428,35.1341,182239509,1255,2026-09-04,36.19,187519984.0
NYSE:ITW,ITW,Illinois Tool Works Inc.,Industrials,Specialty Industrial Machinery,United States,NYSE,77713524000.0,270.12,35.73,41.91,1,7.8,297,False,-9.15,14.17,2.04,3.37,6.38,9.43,13.73,264.7219,261.3137,253.9221,246.8334,237.5198,276148584,1255,2026-09-04,37.27,287700000.0
NASDAQ:LYTS,LYTS,LSI Industries Inc.,Technology,Electronic Components,United States,NASDAQ,742691933.0,20.23,35.79,37.55,1,7.8,298,False,-24.32,18.09,-6.34,-6.86,2.63,13.05,24.31,21.5998,21.7191,19.7116,17.8941,16.274,10080298,1255,2026-09-04,34.45,36712404.0
NYSE:ADC,ADC,Agree Realty Corporation,Real Estate,REIT - Retail,United States,NYSE,8721869621.0,72.62,35.82,39.3,1,7.9,299,False,-9.84,7.51,-2.17,-0.97,1.71,10.63,13.75,74.229,73.3306,71.3992,65.643,63.8394,110269992,1255,2026-09-04,36.49,120102859.0
NYSE:H,H,Hyatt Hotels Corporation,Consumer Cyclical,Lodging,United States,NYSE,6899514075.0,165.85,35.82,38.91,1,7.9,300,False,-17.86,22.9,-1.89,1.11,8.53,13.38,22.29,169.044,164.022,152.8194,146.2749,135.6249,118244394,1255,2026-09-04,34.97,41600929.0
NASDAQ:ALKS,ALKS,Alkermes plc,Healthcare,Drug Manufacturers - Specialty & Generic,Ireland,NASDAQ,7733886839.0,46.1,35.83,41.45,1,7.9,301,False,-16.52,73.83,22.25,27.63,40.01,49.69,54.26,37.7109,36.1202,32.9267,30.7966,29.8845,62915739,1255,2026-09-04,39.04,167763272.0
NASDAQ:ANIP,ANIP,"ANI Pharmaceuticals, Inc.",Healthcare,Drug Manufacturers - Specialty & Generic,United States,NASDAQ,1619386840.0,71.23,35.83,38.68,1,7.9,302,False,-27.91,1.05,-10.2,-13.2,-2.04,3.76,14.37,79.321,82.0628,72.7147,68.6512,62.2818,28185832,1255,2026-09-04,37.61,22734618.0
NASDAQ:OSIS,OSIS,"OSI Systems, Inc.",Technology,Electronic Components,United States,NASDAQ,3364981994.0,204.15,35.9,39.58,1,8.0,303,False,-34.08,3.25,-18.64,-18.68,-7.56,6.91,21.62,250.908,251.0419,220.8471,190.9606,167.8657,67019047,1255,2026-09-04,38.27,16482890.0
NASDAQ:EVLV,EVLV,"Evolv Technologies Holdings, Inc.",Industrials,Security & Protection Services,United States,NASDAQ,899357050.0,5.0,35.92,39.13,1,8.0,304,True,-42.92,2.04,-17.24,-21.85,-7.87,1.04,6.92,6.0417,6.3979,5.4268,4.9487,4.6765,11105260,1255,2026-09-04,34.65,179871410.0
NYSE:STUB,STUB,"StubHub Holdings, Inc.",Communication Services,Internet Content & Information,United States,NYSE,2314536187.0,6.6,35.95,36.68,1,8.0,305,False,-70.0,8.37,-33.15,,,,,9.8729,,,,,54141457,244,2026-09-04,34.48,350687301.0
NASDAQ:KRMD,KRMD,"KORU Medical Systems, Inc.",Healthcare,Medical Instruments & Supplies,United States,NASDAQ,149282250.0,3.25,35.96,37.27,1,8.1,306,True,-50.15,1.56,-28.0,-26.36,-15.71,-2.94,-2.6,4.5137,4.4134,3.8559,3.3485,3.3366,764929,1255,2026-09-04,33.34,45933000.0
NASDAQ:CRUS,CRUS,"Cirrus Logic, Inc.",Technology,Semiconductors,United States,NASDAQ,5711752205.0,113.21,35.97,34.65,1,8.1,307,False,-36.72,4.36,-19.14,-17.15,-6.84,0.33,7.58,140.0027,136.6507,121.5235,112.8396,105.2341,97124262,1255,2026-09-04,35.75,50452718.0
NYSE:BN,BN,Brookfield Corporation Class A Limited Voting Shares,Financial Services,Asset Management,Canada,NYSE,90032809867.0,40.31,36.0,38.95,1,8.1,308,False,-17.74,5.52,-8.8,-9.3,-2.19,11.52,23.73,44.2006,44.4451,41.2119,36.1472,32.5798,162918087,1255,2026-09-04,36.64,2233510540.0
NASDAQ:GNLX,GNLX,Genelux Corporation,Healthcare,Biotechnology,United States,NASDAQ,109410615.0,2.44,36.01,39.6,1,8.1,309,False,-70.39,6.09,-20.2,-30.97,-25.63,-54.1,,3.0577,3.5346,3.281,5.3162,,920105,906,2026-09-04,39.21,44840416.0
NASDAQ:MTRX,MTRX,Matrix Service Company,Industrials,Engineering & Construction,United States,NASDAQ,298781487.0,10.62,36.06,38.33,1,8.2,310,True,-31.92,4.94,-12.66,-14.24,-15.58,-11.3,1.58,12.1594,12.3834,12.5805,11.9731,10.4549,3061587,1255,2026-09-04,34.26,28133850.0
NASDAQ:AMPG,AMPG,"Amplitech Group, Inc.",Technology,Communication Equipment,United States,NASDAQ,85391753.0,3.37,36.07,38.94,1,8.2,311,False,-65.26,91.48,-12.91,-12.42,16.97,35.55,37.05,3.8696,3.8478,2.881,2.4862,2.459,10601732,1255,2026-09-04,36.65,25338799.0
NYSE:YUMC,YUMC,"Yum China Holdings, Inc.",Consumer Cyclical,Restaurants,China,NYSE,14940239475.0,43.6,36.07,41.61,1,8.2,312,False,-23.37,9.18,-7.71,-6.04,-4.21,0.78,-4.76,47.2402,46.4028,45.5141,43.2635,45.7809,67245383,1255,2026-09-04,36.46,342666043.0
NASDAQ:APWC,APWC,"Asia Pacific Wire & Cable Corporation Limited - Common shares, Par value .01 per share",Industrials,Electrical Equipment & Parts,Taiwan,NASDAQ,56488462.0,1.37,36.12,40.98,1,8.2,313,False,-38.84,6.2,-12.96,-16.93,-16.27,-12.37,-11.83,1.574,1.6492,1.6362,1.5633,1.5538,14753,1255,2026-09-04,37.21,41232454.0
NASDAQ:APYX,APYX,Apyx Medical Corporation,Healthcare,Medical Devices,United States,NASDAQ,128436580.0,3.05,36.15,38.21,1,8.3,314,False,-37.24,55.61,-20.03,-15.44,19.13,27.81,8.62,3.8141,3.6071,2.5603,2.3863,2.8079,465837,1255,2026-09-04,36.51,42110354.0
NASDAQ:LGN,LGN,Legence Corp.,Industrials,Engineering & Construction,United States,NASDAQ,4071634290.0,52.97,36.15,38.26,1,8.3,315,False,-48.21,78.23,-15.26,,,,,62.5108,,,,,61733317,247,2026-09-04,35.34,76866798.0
NASDAQ:AAL,AAL,"American Airlines Group, Inc.",Industrials,Airlines,United States,NASDAQ,8691665457.0,13.13,36.16,39.61,1,8.3,316,True,-27.66,28.98,-5.73,-3.6,-1.32,-0.24,-3.25,13.9274,13.6206,13.3063,13.162,13.5714,819524218,1255,2026-09-04,33.46,661969951.0
NYSE:FUL,FUL,H. B. Fuller Company,Basic Materials,Specialty Chemicals,United States,NYSE,2898603579.0,53.89,36.16,40.16,1,8.3,317,True,-19.47,10.27,-9.7,-9.32,-11.57,-17.5,-17.65,59.6821,59.4303,60.9426,65.3243,65.4415,34127727,1255,2026-09-04,35.06,53787411.0
NASDAQ:FCEL,FCEL,"FuelCell Energy, Inc.",Industrials,Electrical Equipment & Parts,United States,NASDAQ,1195315230.0,14.95,36.19,41.05,1,8.4,318,False,-58.48,269.14,11.37,21.33,51.71,-11.88,-56.16,13.4233,12.3222,9.8545,16.9657,34.0987,153471522,1255,2026-09-04,34.99,79954196.0
NASDAQ:RTB,RTB,"RTB Digital, Inc.",Technology,Software - Application,United States,NASDAQ,155812766.0,11.44,36.2,41.74,1,8.4,319,True,-40.66,241.49,29.55,21.87,-49.77,-76.4,-89.03,8.8303,9.3874,22.7756,48.4759,104.2597,883419,1255,2026-09-04,35.37,13619997.0
NASDAQ:SSBI,SSBI,Summit State Bank,Financial Services,Banks - Regional,United States,NASDAQ,85665359.0,12.66,36.23,39.75,1,8.4,320,False,-9.57,20.57,-2.48,-0.28,17.52,16.21,7.08,12.9824,12.6955,10.7725,10.8939,11.8224,29560,1255,2026-09-04,36.23,6766616.0
NYSE:UHAL,UHAL,U-Haul Holding Company,Industrials,Rental & Leasing Services,United States,NYSE,1305879980.0,67.19,36.23,43.35,1,8.4,321,False,-10.73,59.26,17.89,18.56,8.68,8.12,9.59,56.9936,56.6699,61.824,62.1413,61.3121,10028879,1255,2026-09-04,37.8,19435630.0
NASDAQ:ALMU,ALMU,"Aeluma, Inc.",Technology,Semiconductors,United States,NASDAQ,236871035.0,12.94,36.27,39.3,1,8.5,322,True,-58.91,20.6,-27.02,-25.98,-3.67,29.67,,17.731,17.4819,13.4334,9.9789,,6549582,884,2026-09-04,35.39,18305335.0
NASDAQ:AUC,AUC,ATIF Holdings Limited,Financial Services,Capital Markets,United States,NASDAQ,64149180.0,6.22,36.29,40.87,1,8.5,323,False,-43.3,38.84,-11.88,-15.72,-44.57,-53.6,-65.86,7.0589,7.3805,11.221,13.4039,18.2208,20964,1255,2026-09-04,37.98,10313373.0
NASDAQ:CENT,CENT,Central Garden & Pet Company,Consumer Defensive,Packaged Foods,United States,NASDAQ,402510718.0,41.71,36.3,42.19,1,8.5,324,True,-10.38,43.93,9.04,12.54,13.05,11.3,16.25,38.2513,37.0622,36.8941,37.4763,35.8798,5262161,1255,2026-09-04,36.2,9650221.0
NYSE:OUT,OUT,OUTFRONT Media Inc.,Real Estate,REIT - Specialty,United States,NYSE,5098799250.0,28.96,36.3,38.73,1,8.5,325,False,-13.37,77.22,3.9,12.36,38.5,62.53,75.18,27.8722,25.7752,20.9102,17.8186,16.5313,44920815,1255,2026-09-04,37.28,176063510.0
NYSE:ROL,ROL,"Rollins, Inc.",Consumer Cyclical,Personal Services,United States,NYSE,17253874187.0,35.86,36.31,34.99,1,8.6,326,False,-44.71,0.42,-30.85,-32.07,-31.23,-26.54,-21.79,51.8609,52.7918,52.1416,48.8136,45.8523,161989355,1255,2026-09-04,34.54,481145404.0
NASDAQ:PWRL,PWRL,Powerlaw Corp.,Financial Services,Asset Management,United States,NASDAQ,441103335.0,10.22,36.32,34.72,1,8.6,327,False,-64.58,3.13,,,,,,,,,,,1500936,71,2026-09-04,36.69,43160796.0
NASDAQ:AIFU,AIFU,AIFU Inc.,Financial Services,Insurance Brokers,China,NASDAQ,111166245.0,18.76,36.33,37.5,1,8.6,328,False,-85.79,50.08,-53.19,-64.49,-87.73,-97.45,-98.5,40.0753,52.8304,152.9243,736.0659,1249.8153,1020458,1255,2026-09-04,43.16,5925706.0
NYSE:PHG,PHG,Koninklijke Philips N.V. NY Registry Shares,Healthcare,Medical Devices,Netherlands,NYSE,25305597250.0,25.89,36.33,41.91,1,8.6,329,False,-18.27,5.16,-4.26,-4.2,0.01,6.27,15.77,27.0417,27.0243,25.8885,24.362,22.3637,19295685,1255,2026-09-04,38.16,977427472.0
NYSE:SUNB,SUNB,"Sunbelt Rentals Holdings, Inc.",Industrials,Rental & Leasing Services,United States,NYSE,28118302866.0,68.59,36.35,40.19,1,8.7,330,True,-19.47,9.85,,,,,,,,,,,443845890,131,2026-09-04,27.83,409947556.0
NYSE:JOBY,JOBY,"Joby Aviation, Inc.",Industrials,Airports & Air Services,United States,NYSE,6629752822.0,6.74,36.36,39.42,1,8.7,331,False,-65.56,1.35,-34.89,-41.32,-32.38,-21.12,-12.7,10.3523,11.4859,9.9669,8.545,7.7205,197262925,1255,2026-09-04,38.26,983642852.0
NYSE:LII,LII,"Lennox International, Inc.",Industrials,Building Products & Equipment,United States,NYSE,13496980408.0,390.53,36.36,36.17,1,8.7,332,False,-32.01,4.42,-21.32,-22.0,-28.27,-23.98,-13.47,496.3388,500.6928,544.4635,513.7454,451.336,187095283,1255,2026-09-04,33.67,34560675.0
AMEX:MPTI,MPTI,"M-tron Industries, Inc.",Technology,Electronic Components,United States,AMEX,322250005.0,74.57,36.36,40.02,1,8.7,333,True,-25.99,70.88,4.59,10.53,29.45,52.29,,71.2966,67.4631,57.6054,48.9669,,10058170,985,2026-09-04,29.87,4321443.0
NYSE:UNFI,UNFI,"United Natural Foods, Inc.",Consumer Defensive,Food Distribution,United States,NYSE,2658605820.0,43.93,36.38,39.83,1,8.8,334,True,-20.88,56.89,1.23,4.72,30.76,62.35,54.35,43.3978,41.9501,33.5946,27.0592,28.4605,24312435,1255,2026-09-04,34.55,60519140.0
NASDAQ:LWAY,LWAY,"Lifeway Foods, Inc.",Consumer Defensive,Packaged Foods,United States,NASDAQ,382200019.0,25.01,36.39,39.94,1,8.8,335,False,-26.05,40.51,1.27,-0.52,1.12,17.84,42.98,24.6961,25.1396,24.734,21.2231,17.4923,4616285,1255,2026-09-04,39.69,15281888.0
NYSE:BIT,BIT,BlackRock Multi-Sector Income Trust Common Shares of Beneficial Interest,Financial Services,Asset Management,United States,NYSE,677904983.0,11.88,36.44,39.19,1,8.9,336,False,-5.03,2.08,-2.19,-2.04,-2.86,-0.94,2.74,12.1465,12.1268,12.2304,11.9922,11.5629,4626528,1255,2026-09-04,37.15,57062709.0
NYSE:MBI,MBI,MBIA Inc.,Financial Services,Insurance - Specialty,United States,NYSE,242955366.0,4.77,36.44,36.84,1,8.9,337,False,-39.62,2.14,-23.31,-25.8,-18.16,-14.17,-10.1,6.22,6.4285,5.8284,5.5572,5.3057,2496897,1255,2026-09-04,36.76,50934039.0
NASDAQ:NMRA,NMRA,"Neumora Therapeutics, Inc.",Healthcare,Biotechnology,United States,NASDAQ,242722360.0,1.31,36.45,39.69,1,8.9,338,False,-63.51,43.17,-36.52,-36.61,-62.28,,,2.0635,2.0665,3.4729,,,1064073,747,2026-09-04,38.4,185284244.0
NYSE:WLY,WLY,"John Wiley & Sons, Inc.",Communication Services,Publishing,United States,NYSE,2024030455.0,48.19,36.47,42.82,1,8.9,339,False,-13.51,70.1,21.68,23.16,19.36,26.29,28.97,39.6049,39.1285,40.3729,38.1568,37.3652,26466401,1255,2026-09-04,44.65,42001047.0
NASDAQ:SYRE,SYRE,"Spyre Therapeutics, Inc.",Healthcare,Biotechnology,United States,NASDAQ,7727134692.0,88.98,36.48,42.53,1,8.9,340,False,-18.31,500.4,43.55,67.09,138.62,168.67,220.49,61.9856,53.2538,37.2892,33.1185,27.7637,107833329,1255,2026-09-04,32.7,86841253.0
NYSE:ESAB,ESAB,ESAB Corporation,Industrials,Metal Fabrication,United States,NYSE,4661440244.0,75.02,36.5,39.1,1,9.0,341,False,-44.23,1.42,-26.38,-28.21,-32.89,-28.16,-18.27,101.8954,104.5045,111.7852,104.4321,91.7846,64174452,1114,2026-09-04,35.66,62135967.0
NYSE:MAIR,MAIR,Madison Air Solutions Corporation,Industrials,Building Products & Equipment,United States,NYSE,4593177303.0,25.9,36.51,37.69,1,9.0,342,False,-40.95,3.72,,,,,,,,,,,80386276,99,2026-09-04,35.21,177342753.0
NYSE:IDA,IDA,"IDACORP, Inc.",Utilities,Utilities - Regulated Electric,United States,NYSE,7849165235.0,135.7,36.56,39.41,1,9.0,343,False,-11.66,12.62,-1.62,-0.04,10.82,22.19,27.02,137.9315,135.7483,122.4543,111.0536,106.8312,62750058,1255,2026-09-04,37.6,57842043.0
NASDAQ:GBFH,GBFH,GBank Financial Holdings Inc.,Financial Services,Banks - Regional,United States,NASDAQ,293892849.0,20.31,36.57,35.77,1,9.1,344,False,-51.65,4.53,-31.27,-35.41,-38.6,,,29.5492,31.446,33.0757,,,1659476,543,2026-09-04,32.72,14470352.0
NASDAQ:LFMD,LFMD,"LifeMD, Inc.",Healthcare,Health Information Services,United States,NASDAQ,148956531.0,3.08,36.58,38.48,1,9.1,345,True,-55.81,16.67,-20.01,-28.44,-45.83,-50.58,-41.71,3.8503,4.3038,5.6854,6.2325,5.2836,2274742,1255,2026-09-04,34.99,48362510.0
NYSE:SYY,SYY,Sysco Corporation,Consumer Defensive,Food Distribution,United States,NYSE,38323163577.0,80.05,36.58,42.31,1,9.1,346,False,-10.94,17.15,1.78,2.24,6.26,9.37,10.7,78.6527,78.2971,75.3346,73.1922,72.3104,199389121,1255,2026-09-04,40.96,478740332.0
NYSE:WSO.B,WSO-B,"Watsco, Inc.",Industrials,Industrial Distribution,United States,NYSE,1786864843.0,316.05,36.59,35.0,1,9.1,347,False,-29.69,3.01,-13.63,-14.21,-23.72,-21.97,-15.52,365.9423,368.4196,414.3132,405.0478,374.1191,45560,1255,2026-09-04,36.59,5653741.0
NASDAQ:UPB,UPB,"Upstream Bio, Inc.",Healthcare,Biotechnology,United States,NASDAQ,327064116.0,6.01,36.61,39.77,1,9.2,348,False,-81.56,1.52,-56.75,-60.65,,,,13.8947,15.2745,,,,4189753,476,2026-09-04,37.5,54419986.0
NYSE:BIRK,BIRK,Birkenstock Holding plc,Consumer Cyclical,Footwear & Accessories,United Kingdom,NYSE,6252805904.0,34.0,36.63,39.0,1,9.2,349,False,-32.26,9.01,-15.38,-16.77,-25.94,,,40.1801,40.8504,45.9114,,,125074993,728,2026-09-04,36.35,183906056.0
NYSE:LZB,LZB,La-Z-Boy Incorporated,Consumer Cyclical,"Furnishings, Fixtures & Appliances",United States,NYSE,1310767141.0,32.76,36.68,38.27,1,9.2,350,False,-21.67,14.71,-9.97,-7.72,-12.52,-9.22,-1.74,36.3891,35.5003,37.4499,36.0865,33.3393,27913507,1255,2026-09-04,31.17,40011207.0
NYSE:PRKS,PRKS,United Parks & Resorts Inc.,Consumer Cyclical,Leisure,United States,NYSE,1906632108.0,40.45,36.71,40.27,1,9.2,351,False,-26.73,36.06,5.07,-0.38,-11.1,-14.11,-17.87,38.4994,40.6056,45.5014,47.0937,49.2503,22352165,1255,2026-09-04,37.25,47135528.0
NASDAQ:ENSG,ENSG,"The Ensign Group, Inc.",Healthcare,Medical Care Facilities,United States,NASDAQ,9954056903.0,170.79,36.72,43.04,1,9.3,352,False,-20.81,16.13,-6.29,-5.64,5.43,16.37,28.53,182.2482,180.9996,161.9902,146.7609,132.8808,50132915,1255,2026-09-04,39.19,58282434.0
NASDAQ:INIO,INIO,INNIO N.V.,Industrials,Specialty Industrial Machinery,Germany,NASDAQ,15577500000.0,20.77,36.76,38.7,1,9.3,353,False,-49.5,6.68,,,,,,,,,,,78130090,63,2026-09-04,34.25,750000000.0
NASDAQ:NAMS,NAMS,NewAmsterdam Pharma Company N.V.,Healthcare,Biotechnology,Netherlands,NASDAQ,2969361067.0,25.4,36.79,38.53,1,9.3,354,False,-38.72,5.31,-21.99,-22.08,-4.6,9.78,25.34,32.5602,32.5978,26.6243,23.137,20.2656,28570472,1255,2026-09-04,39.04,116903979.0
NASDAQ:PECO,PECO,"Phillips Edison & Company, Inc.",Real Estate,REIT - Retail,United States,NASDAQ,5003438000.0,38.96,36.79,39.35,1,9.3,355,False,-11.24,20.92,1.87,4.56,8.67,13.2,18.34,38.2458,37.2623,35.8524,34.4157,32.9215,29712487,1255,2026-09-04,38.86,128425000.0
NASDAQ:RLMD,RLMD,"Relmada Therapeutics, Inc.",Healthcare,Biotechnology,United States,NASDAQ,465093943.0,4.43,36.81,37.17,1,9.4,356,True,-43.64,193.38,-19.13,-7.78,47.64,37.62,5.58,5.4781,4.8038,3.0005,3.219,4.196,4643089,1255,2026-09-04,34.08,104987346.0
NASDAQ:STRO,STRO,"Sutro Biopharma, Inc.",Healthcare,Biotechnology,United States,NASDAQ,332568711.0,20.07,36.81,38.96,1,9.4,357,False,-50.94,174.93,-9.82,2.42,6.25,-21.21,-40.24,22.2561,19.5965,18.8895,25.4741,33.5823,5962910,1255,2026-09-04,38.95,16570439.0
NYSE:FNF,FNF,"Fidelity National Financial, Inc.",Financial Services,Insurance - Specialty,United States,NYSE,12322032181.0,45.78,36.82,40.17,1,9.4,358,False,-19.03,6.98,-8.69,-10.08,-12.85,-7.23,1.9,50.1346,50.9137,52.5302,49.3457,44.9251,78528194,1255,2026-09-04,44.04,269157540.0
NYSE:FTV,FTV,Fortive Corporation,Technology,Scientific & Technical Instruments,United States,NYSE,17196850941.0,56.94,36.83,40.28,1,9.4,359,False,-11.05,20.02,-1.7,1.44,2.87,2.46,5.07,57.9224,56.13,55.3507,55.5755,54.1907,125933549,1255,2026-09-04,38.97,302017052.0
NYSE:AAP,AAP,Advance Auto Parts Inc.,Consumer Cyclical,Auto Parts,United States,NYSE,2665344409.0,44.18,36.84,38.55,1,9.5,360,True,-29.77,15.72,-14.99,-15.94,-7.52,-15.0,-35.45,51.9696,52.5577,47.7703,51.9754,68.4424,119398521,1255,2026-09-04,31.29,60329208.0
NYSE:DD,DD,"DuPont de Nemours, Inc.",Basic Materials,Specialty Chemicals,United States,NYSE,17767202978.0,131.59,36.86,40.74,1,9.5,361,True,-13.82,44.75,-2.93,2.49,19.14,27.16,34.9,135.5574,128.3898,110.4466,103.4814,97.5461,166287190,1255,2026-09-04,35.52,135019401.0
NYSE:FVR,FVR,"FrontView REIT, Inc.",Real Estate,REIT - Diversified,United States,NYSE,445627080.0,19.08,36.87,41.34,1,9.5,362,False,-12.96,52.38,10.47,16.29,,,,17.2717,16.4071,,,,3897777,483,2026-09-04,37.73,23355717.0
NASDAQ:MGRC,MGRC,McGrath RentCorp,Industrials,Rental & Leasing Services,United States,NASDAQ,2725659734.0,111.59,36.88,40.63,1,9.6,363,False,-9.92,18.23,0.02,-0.35,-0.33,1.69,6.89,111.5709,111.9828,111.959,109.7335,104.4011,13852841,1255,2026-09-04,28.95,24425663.0
NASDAQ:MZTI,MZTI,The Marzetti Company,Consumer Defensive,Packaged Foods,United States,NASDAQ,2890044734.0,105.39,36.88,40.96,1,9.6,364,False,-41.88,0.64,-22.33,-25.91,-33.06,-35.14,-36.63,135.6938,142.247,157.4361,162.4799,166.3055,42248198,1255,2026-09-04,37.22,27422381.0
NYSE:CAVA,CAVA,"CAVA Group, Inc.",Consumer Cyclical,Restaurants,United States,NYSE,7076951491.0,60.76,36.9,40.06,1,9.6,365,False,-37.61,39.39,-15.65,-12.63,-30.41,-22.33,,72.034,69.5402,87.3102,78.231,,214211664,809,2026-09-04,38.32,116473856.0
NYSE:DOV,DOV,Dover Corporation,Industrials,Specialty Industrial Machinery,United States,NYSE,25977121798.0,192.88,36.91,39.06,1,9.6,366,False,-16.72,20.91,-7.69,-4.1,0.38,6.76,14.09,208.9498,201.1359,192.1444,180.6696,169.0622,210607689,1255,2026-09-04,33.25,134680225.0
NASDAQ:GSIT,GSIT,"GSI Technology, Inc.",Technology,Semiconductors,United States,NASDAQ,205290591.0,5.35,36.92,40.44,1,9.7,367,True,-58.75,82.59,-24.33,-22.65,5.96,24.07,34.05,7.0701,6.9169,5.0491,4.3121,3.991,2596594,1255,2026-09-04,36.42,38372073.0
NASDAQ:SWBI,SWBI,"Smith & Wesson Brands, Inc.",Industrials,Aerospace & Defense,United States,NASDAQ,576531907.0,12.89,36.92,38.27,1,9.7,368,True,-22.0,62.84,-1.3,5.09,16.86,9.84,14.28,13.0594,12.2659,11.0302,11.7349,11.2791,7897442,1255,2026-09-04,21.61,44727068.0
NASDAQ:RZLV,RZLV,Rezolve AI PLC,Technology,Software - Infrastructure,United Kingdom,NASDAQ,881408967.0,2.21,36.93,40.94,1,9.7,369,True,-71.37,2.79,-17.89,-31.25,-31.0,-61.71,-67.82,2.6916,3.2145,3.2028,5.7713,6.8674,57748646,1209,2026-09-04,36.49,398827587.0
NASDAQ:GFS,GFS,GlobalFoundries Inc.,Technology,Semiconductors,United States,NASDAQ,24806764660.0,45.21,36.96,37.79,1,9.7,370,False,-49.67,42.96,-15.07,-8.31,2.38,-3.99,-10.22,53.2335,49.306,44.1593,47.0888,50.3575,182931922,1218,2026-09-04,34.37,548700833.0
NASDAQ:CXDO,CXDO,"Crexendo, Inc.",Communication Services,Telecom Services,United States,NASDAQ,194816392.0,6.01,36.98,39.26,1,9.8,371,True,-42.6,7.32,-14.76,-13.46,-3.28,10.5,31.82,7.0511,6.9449,6.2141,5.4391,4.5591,1806551,1255,2026-09-04,33.79,32415373.0
NASDAQ:CCAP,CCAP,"Crescent Capital BDC, Inc.",Financial Services,Asset Management,United States,NASDAQ,382092522.0,10.37,37.0,40.2,1,9.8,372,False,-26.02,0.0,-14.14,-15.47,-21.83,-21.19,-15.73,12.0785,12.2682,13.2663,13.1587,12.3053,2481000,1255,2026-09-04,38.89,36845952.0
NASDAQ:JBLU,JBLU,JetBlue Airways Corporation,Industrials,Airlines,United States,NASDAQ,1746955398.0,4.63,37.0,40.41,1,9.8,373,True,-28.33,14.89,-9.29,-7.73,-13.64,-14.73,-22.09,5.104,5.0181,5.3612,5.4301,5.9426,105007193,1255,2026-09-04,36.35,377312181.0
NASDAQ:TNON,TNON,"Tenon Medical, Inc.",Healthcare,Medical Devices,United States,NASDAQ,64638679.0,3.72,37.07,37.62,1,9.8,374,False,-91.76,0.0,-84.32,-86.46,-92.35,-97.42,-99.67,23.7224,27.4662,48.6591,144.3968,1143.1059,34714556,1094,2026-09-04,37.26,17375989.0
NYSE:XPOF,XPOF,"Xponential Fitness, Inc.",Consumer Cyclical,Leisure,United States,NYSE,205616070.0,4.91,37.09,38.77,1,9.9,375,False,-45.44,15.26,-26.21,-27.87,-46.67,-54.07,-64.82,6.654,6.807,9.2074,10.6913,13.9576,3202858,1255,2026-09-04,37.43,41877000.0
NASDAQ:DFTX,DFTX,"Definium Therapeutics, Inc.",Healthcare,Biotechnology,United States,NASDAQ,5056190545.0,38.09,37.1,43.31,1,9.9,376,True,-21.38,321.35,52.79,71.9,159.38,223.69,290.03,24.9292,22.1583,14.6853,11.7675,9.766,91619287,1255,2026-09-04,36.74,132743254.0
NASDAQ:KWM,KWM,"K Wave Media, Ltd.",Communication Services,Entertainment,Cayman Islands,NASDAQ,104768797.0,1.53,37.1,35.34,1,9.9,377,False,-98.31,22.4,-87.74,-93.51,,,,12.4812,23.5659,,,,425121,330,2026-09-04,33.52,68476338.0
NYSE:MTN,MTN,"Vail Resorts, Inc.",Consumer Cyclical,Resorts & Casinos,United States,NYSE,4809100669.0,134.96,37.12,41.58,1,9.9,378,False,-15.66,15.17,-0.1,-1.04,-6.08,-13.9,-19.41,135.0909,136.3779,143.6954,156.7431,167.4634,74975941,1255,2026-09-04,38.27,35633526.0
NASDAQ:RFIL,RFIL,"RF Industries, Ltd.",Industrials,Electrical Equipment & Parts,United States,NASDAQ,114009968.0,10.51,37.17,38.7,1,10.0,379,False,-51.12,86.02,-13.07,-6.17,31.45,64.46,75.27,12.0901,11.2006,7.9956,6.3905,5.9965,2087170,1255,2026-09-04,32.95,10847761.0
NYSE:GOOS,GOOS,Canada Goose Holdings Inc. Subordinate Voting Shares,Consumer Cyclical,Apparel Manufacturing,Canada,NYSE,379793059.0,8.14,37.19,38.08,1,10.0,380,False,-46.09,0.74,-26.04,-29.55,-26.13,-29.0,-37.96,11.0058,11.5536,11.0195,11.464,13.1199,5924185,1255,2026-09-04,37.42,46657624.0
NASDAQ:RKLB,RKLB,Rocket Lab Corporation,Industrials,Aerospace & Defense,United States,NASDAQ,37198023944.0,64.26,37.19,39.91,1,10.0,381,False,-57.23,62.77,-19.14,-13.77,29.37,85.31,136.04,79.4736,74.5201,49.6721,34.6771,27.2243,1244254556,1255,2026-09-04,36.14,578867475.0
NASDAQ:SWMR,SWMR,"Swarmer, Inc",Technology,Software - Infrastructure,United States,NASDAQ,350046219.0,32.24,37.23,41.56,2,10.0,382,False,-58.94,22.31,,,,,,,,,,,13269880,120,2026-09-04,38.69,10857513.0
NASDAQ:FWONA,FWONA,Liberty Media Corporation - Series A Liberty Formula One,Communication Services,Entertainment,United States,NASDAQ,2120329706.0,88.38,37.25,43.29,2,10.1,383,False,-11.02,18.61,4.52,2.56,4.49,14.55,21.97,84.5562,86.1748,84.5839,77.1539,72.4597,11137807,1255,2026-09-04,40.53,23991058.0
NASDAQ:EH,EH,EHang Holdings Limited - ADS,Industrials,Aerospace & Defense,China,NASDAQ,264197465.0,4.69,37.31,37.74,2,10.1,384,False,-75.87,5.63,-52.92,-59.25,-67.44,-68.05,-65.72,9.9625,11.51,14.4039,14.6799,13.6811,3694370,1255,2026-09-04,32.72,56332082.0
NASDAQ:SCOR,SCOR,"comScore, Inc.",Technology,Software - Application,United States,NASDAQ,78034408.0,5.17,37.32,38.19,2,10.1,385,True,-42.49,6.6,-27.46,-27.62,-22.31,-43.39,-59.3,7.1272,7.1426,6.6542,9.1323,12.7042,265208,1255,2026-09-04,30.9,15093696.0
NASDAQ:NTCT,NTCT,"NetScout Systems, Inc.",Technology,Software - Infrastructure,United States,NASDAQ,2705960884.0,37.22,37.33,41.02,2,10.2,386,False,-16.99,50.08,9.39,14.65,36.34,46.72,39.09,34.0261,32.4627,27.2986,25.3674,26.7595,24680172,1255,2026-09-04,38.86,72701797.0
NASDAQ:PAL,PAL,"Proficient Auto Logistics, Inc.",Industrials,Integrated Freight & Logistics,United States,NASDAQ,142182779.0,5.12,37.33,38.95,2,10.2,387,False,-51.42,4.07,-31.14,-30.04,-39.11,,,7.4355,7.318,8.4091,,,4969268,583,2026-09-04,33.9,27770074.0
AMEX:LODE,LODE,Comstock Inc.,Basic Materials,Other Precious Metals & Mining,United States,AMEX,236089691.0,3.11,37.36,41.32,2,10.2,388,False,-34.8,31.22,-10.78,-9.37,-9.25,-10.1,-18.07,3.4857,3.4315,3.427,3.4593,3.7957,3098949,1255,2026-09-04,41.08,75913084.0
NYSE:VFC,VFC,V.F. Corporation,Consumer Cyclical,Apparel Manufacturing,United States,NYSE,5287659966.0,13.45,37.36,38.53,2,10.2,389,True,-37.26,2.78,-23.03,-20.23,-20.03,-16.96,-25.0,17.4747,16.8618,16.8181,16.1979,17.9343,83527313,1255,2026-09-04,31.78,393134570.0
NYSE:INN,INN,"Summit Hotel Properties, Inc.",Real Estate,REIT - Hotel & Motel,United States,NYSE,624471551.0,5.79,37.39,40.5,2,10.3,390,True,-17.01,47.79,10.97,11.17,10.86,9.8,6.35,5.2174,5.2084,5.2227,5.273,5.4443,5347869,1255,2026-09-04,33.87,107853463.0
NASDAQ:GLND,GLND,Greenland Energy Company,Energy,Oil & Gas E&P,United States,NASDAQ,59910366.0,1.37,37.43,38.58,2,10.3,391,True,-89.46,22.32,,,,,,,,,,,2277758,116,2026-09-04,33.45,43730194.0
NYSE:SPIR,SPIR,"Spire Global, Inc.",Industrials,Specialty Business Services,United States,NYSE,463764357.0,11.98,37.44,40.99,2,10.3,392,True,-52.98,70.66,-10.87,-7.09,-1.24,9.31,18.65,13.4416,12.8945,12.1303,10.9597,10.0968,7596265,1255,2026-09-04,36.27,38711549.0
NYSE:GNRC,GNRC,Generac Holdlings Inc.,Industrials,Specialty Industrial Machinery,United States,NYSE,11054706467.0,187.35,37.45,38.89,2,10.3,393,False,-36.61,37.38,-10.15,-6.97,6.22,17.44,24.15,208.5039,201.3808,176.3732,159.529,150.9013,192574332,1255,2026-09-04,32.95,59005639.0
NYSE:VICI,VICI,VICI Properties Inc.,Real Estate,REIT - Diversified,United States,NYSE,27989391626.0,25.42,37.46,40.55,2,10.4,394,False,-19.45,0.0,-6.85,-8.66,-11.0,-8.04,-7.12,27.289,27.8308,28.5603,27.6432,27.3698,233994141,1255,2026-09-04,40.64,1101077562.0
NASDAQ:ANIX,ANIX,"Anixa Biosciences, Inc.",Healthcare,Biotechnology,United States,NASDAQ,104450803.0,3.07,37.48,43.07,2,10.4,395,True,-41.19,30.64,-2.99,-7.08,-2.65,-4.36,-11.57,3.1646,3.304,3.1536,3.21,3.4717,942761,1255,2026-09-04,36.46,34023063.0
NYSE:AAT,AAT,"American Assets Trust, Inc.",Real Estate,REIT - Diversified,United States,NYSE,1353056229.0,22.04,37.49,40.56,2,10.4,396,False,-13.42,30.1,8.54,10.4,8.84,12.15,13.6,20.3052,19.9633,20.2499,19.6524,19.4019,9342516,1255,2026-09-04,39.57,61390936.0
NASDAQ:OPEN,OPEN,Opendoor Technologies Inc,Real Estate,Real Estate Services,United States,NASDAQ,3038920391.0,3.15,37.49,38.87,2,10.4,397,False,-70.06,3.62,-37.81,-44.37,-13.45,-5.24,1.13,5.065,5.6623,3.6395,3.3242,3.1148,128037680,1255,2026-09-04,36.67,964736632.0
NYSE:BRX,BRX,Brixmor Property Group Inc.,Real Estate,REIT - Retail,United States,NYSE,8945328011.0,29.15,37.5,39.54,2,10.5,398,False,-10.83,22.07,1.36,3.25,9.21,18.67,26.54,28.7592,28.2323,26.6928,24.5635,23.037,64815108,1255,2026-09-04,39.06,306872316.0
NYSE:EVEX,EVEX,"Eve Holding, Inc.",Industrials,Aerospace & Defense,United States,NYSE,773236176.0,2.22,37.53,41.07,2,10.5,399,False,-56.13,1.83,-30.06,-34.55,-42.92,-50.98,-59.2,3.1743,3.392,3.8892,4.5286,5.4406,2044496,1085,2026-09-04,39.12,348304584.0
NASDAQ:CARG,CARG,"CarGurus, Inc.",Consumer Cyclical,Auto & Truck Dealerships,United States,NASDAQ,2540954845.0,33.74,37.56,43.55,2,10.5,400,False,-13.55,25.15,-0.67,-1.76,0.47,12.74,26.1,33.9678,34.3456,33.5823,29.9274,26.7573,28507479,1255,2026-09-04,39.88,75309865.0
NASDAQ:LNT,LNT,Alliant Energy Corporation,Utilities,Utilities - Regulated Electric,United States,NASDAQ,17555090205.0,67.97,37.58,39.61,2,10.5,401,False,-12.23,10.16,-2.29,-0.89,6.88,17.23,22.59,69.5604,68.5776,63.5918,57.9824,55.4453,158854451,1255,2026-09-04,37.76,258277037.0
NYSE:BGS,BGS,"B&G Foods, Inc.",Consumer Defensive,Packaged Foods,United States,NYSE,267039433.0,3.29,37.59,39.42,2,10.6,402,False,-40.41,0.0,-22.79,-21.59,-28.79,-39.67,-49.9,4.2609,4.1958,4.6202,5.4537,6.5674,7504708,1255,2026-09-04,40.56,81167001.0
NYSE:EGP,EGP,"EastGroup Properties, Inc.",Real Estate,REIT - Industrial,United States,NYSE,10680456223.0,198.62,37.66,41.21,2,10.6,403,False,-11.08,25.67,3.02,5.86,13.24,16.46,20.79,192.8004,187.6339,175.4001,170.5449,164.4395,70630646,1255,2026-09-04,37.08,53773317.0
NASDAQ:STKS,STKS,"The ONE Group Hospitality, Inc.",Consumer Cyclical,Restaurants,United States,NASDAQ,51449811.0,1.63,37.66,40.72,2,10.6,404,False,-47.76,0.0,-14.19,-18.9,-38.92,-52.05,-62.66,1.8994,2.0098,2.6685,3.3995,4.3656,32194,1255,2026-09-04,38.78,31564301.0
NYSE:HII,HII,"Huntington Ingalls Industries, Inc.",Industrials,Aerospace & Defense,United States,NYSE,11266956706.0,285.93,37.67,41.83,2,10.7,405,False,-36.42,8.84,-17.09,-14.04,3.99,8.55,14.84,344.8621,332.6402,274.954,263.4078,248.9734,119959838,1255,2026-09-04,41.11,39404598.0
NYSE:BC,BC,Brunswick Corporation,Consumer Cyclical,Recreational Vehicles,United States,NYSE,4836047420.0,74.43,37.69,40.97,2,10.7,406,True,-15.23,29.57,-4.53,-0.71,8.52,4.48,3.96,77.9657,74.9657,68.5881,71.2363,71.595,53633228,1255,2026-09-04,30.84,64974438.0
NASDAQ:REKR,REKR,"Rekor Systems, Inc.",Technology,Software - Infrastructure,United States,NASDAQ,73757950.0,0.536,37.69,39.84,2,10.7,407,False,-83.25,4.69,-44.94,-55.11,-55.34,-66.28,-66.15,0.9734,1.194,1.2002,1.5897,1.5833,1028510,1255,2026-09-04,33.43,137608115.0
NYSE:RLJ,RLJ,RLJ Lodging Trust Common Shares of Beneficial Interest $0.01 par value,Real Estate,REIT - Hotel & Motel,United States,NYSE,1660591905.0,10.93,37.7,42.89,2,10.7,408,True,-12.42,74.55,21.95,28.36,34.76,30.14,28.03,8.9625,8.5153,8.1105,8.3987,8.537,18940467,1255,2026-09-04,36.24,151929726.0
NYSE:DECK,DECK,Deckers Outdoor Corporation,Consumer Cyclical,Footwear & Accessories,United States,NYSE,11685765149.0,85.81,37.71,38.78,2,10.8,409,False,-29.05,7.88,-16.32,-15.74,-30.0,-31.62,-23.51,102.5515,101.84,122.5913,125.4906,112.1814,238185961,1255,2026-09-04,34.11,136181857.0
NASDAQ:BELFA,BELFA,Bel Fuse Inc.,Technology,Electronic Components,United States,NASDAQ,428171536.0,202.42,37.73,41.05,2,10.8,410,True,-30.48,83.16,-2.63,6.18,45.26,75.92,110.42,207.8841,190.6392,139.3521,115.0652,96.1978,31856703,1255,2026-09-04,36.99,2115263.0
NYSE:EAF,EAF,GrafTech International Ltd.,Industrials,Electrical Equipment & Parts,United States,NYSE,161496881.0,6.2,37.73,41.59,2,10.8,411,False,-68.72,18.55,-36.47,-41.57,-47.02,-56.3,-72.88,9.7587,10.6117,11.7036,14.1861,22.8641,1803935,1255,2026-09-04,38.8,26047884.0
NASDAQ:INVZ,INVZ,Innoviz Technologies Ltd.,Consumer Cyclical,Auto Parts,Israel,NASDAQ,76371040.0,0.345,37.73,37.07,2,10.8,412,False,-85.5,6.15,-55.73,-65.91,-66.63,-70.84,-81.56,0.7793,1.012,1.0338,1.1831,1.8708,1100800,1255,2026-09-04,30.89,221365334.0
NASDAQ:IHRT,IHRT,"iHeartMedia, Inc.",Communication Services,Broadcasting,United States,NASDAQ,364824474.0,2.805,37.8,38.27,2,10.9,413,False,-55.69,33.57,-26.54,-23.7,1.67,10.11,-16.59,3.8182,3.6762,2.7589,2.5474,3.3629,1893357,1255,2026-09-04,39.01,130062201.0
NYSE:MTH,MTH,Meritage Homes Corporation,Consumer Cyclical,Residential Construction,United States,NYSE,4388171682.0,67.33,37.8,41.58,2,10.9,414,False,-20.96,15.34,-3.47,-3.53,-7.55,-8.56,-0.85,69.748,69.7934,72.8306,73.6302,67.904,40661491,1255,2026-09-04,38.11,65174093.0
NASDAQ:LPTH,LPTH,"LightPath Technologies, Inc.",Technology,Electronic Components,United States,NASDAQ,607173566.0,9.67,37.84,41.3,2,10.9,415,False,-46.72,82.45,-18.67,-12.08,43.22,94.69,137.08,11.8902,10.9984,6.7517,4.967,4.0787,41769781,1255,2026-09-04,37.65,62789407.0
NASDAQ:AIBZ,AIBZ,Bitzero Holdings Inc.,Technology,Software - Infrastructure,Canada,NASDAQ,272855712.0,4.95,37.86,39.5,2,11.0,416,False,-47.62,10.0,,,,,,,,,,,2294595,62,2026-09-04,33.31,55122366.0
NYSE:MUSA,MUSA,Murphy USA Inc.,Consumer Cyclical,Specialty Retail,United States,NYSE,9444615361.0,511.33,37.86,40.61,2,11.0,417,False,-17.8,44.12,3.98,9.21,9.74,14.86,26.75,491.7739,468.195,465.9653,445.1898,403.423,145651787,1255,2026-09-04,40.59,18470685.0
NYSE:LW,LW,"Lamb Weston Holdings, Inc.",Consumer Defensive,Packaged Foods,United States,NYSE,6856178019.0,49.87,37.9,45.42,2,11.0,418,False,-22.77,31.72,7.37,1.81,-6.69,-21.85,-29.18,46.4483,48.9849,53.4479,63.8167,70.4183,65708456,1255,2026-09-04,40.03,137481011.0
NASDAQ:MWH,MWH,"SOLV Energy, Inc.",Utilities,Utilities - Renewable,United States,NASDAQ,3127046283.0,25.27,37.9,40.48,2,11.0,419,False,-45.97,5.91,,,,,,,,,,,53671483,142,2026-09-04,34.45,123745401.0
NASDAQ:RYTM,RYTM,"Rhythm Pharmaceuticals, Inc.",Healthcare,Biotechnology,United States,NASDAQ,7047303793.0,102.74,37.9,43.56,2,11.0,420,False,-12.65,35.51,3.16,2.55,26.03,52.81,83.08,99.5902,100.1814,81.5171,67.2332,56.1171,55319191,1255,2026-09-04,41.23,68593574.0
NASDAQ:CROX,CROX,"Crocs, Inc.",Consumer Cyclical,Footwear & Accessories,United States,NASDAQ,5634984665.0,117.53,37.94,41.99,2,11.1,421,False,-16.76,60.14,13.77,19.1,13.95,9.05,9.48,103.3032,98.6824,103.1387,107.7798,107.3485,114112172,1255,2026-09-04,34.76,47945075.0
NASDAQ:OTLK,OTLK,"Outlook Therapeutics, Inc.",Healthcare,Biotechnology,United States,NASDAQ,124726998.0,0.667,37.94,40.1,2,11.1,422,False,-73.0,236.87,-22.86,-28.49,-63.61,-82.53,-92.67,0.8647,0.9327,1.8329,3.8187,9.0978,17087953,1255,2026-09-04,36.03,186996998.0
NYSE:BBAR,BBAR,Banco BBVA Argentina S.A. ADS,Financial Services,Banks - Regional,Argentina,NYSE,3026787790.0,14.82,37.96,39.58,2,11.1,423,False,-31.78,89.55,-11.41,-4.75,-8.27,15.53,41.72,16.7294,15.5587,16.1561,12.8279,10.4572,14312024,1255,2026-09-04,40.28,204236693.0
NASDAQ:ENVX,ENVX,Enovix Corporation,Industrials,Electrical Equipment & Parts,United States,NASDAQ,724269421.0,3.32,37.97,38.7,2,11.2,424,False,-74.83,5.9,-46.09,-53.12,-60.44,-64.19,-68.19,6.1586,7.0812,8.3917,9.2724,10.4384,31358898,1255,2026-09-04,38.85,218153440.0
NYSE:HGV,HGV,Hilton Grand Vacations Inc.,Consumer Cyclical,Resorts & Casinos,United States,NYSE,3268300297.0,42.05,37.97,40.03,2,11.2,425,True,-23.11,13.68,-8.73,-7.5,-1.83,-0.35,-0.86,46.0737,45.4615,42.8339,42.1997,42.4158,41803764,1255,2026-09-04,36.96,77724145.0
NASDAQ:SPRO,SPRO,"Spero Therapeutics, Inc.",Healthcare,Biotechnology,United States,NASDAQ,70060807.0,1.21,37.98,35.63,2,11.2,426,False,-59.4,5.22,-45.4,-45.31,-32.65,-27.26,-27.19,2.2161,2.2123,1.7966,1.6635,1.6618,558204,1255,2026-09-04,39.12,57901493.0
NASDAQ:SUPN,SUPN,"Supernus Pharmaceuticals, Inc.",Healthcare,Drug Manufacturers - Specialty & Generic,United States,NASDAQ,2526469055.0,43.53,37.99,41.42,2,11.2,427,False,-23.63,0.65,-10.25,-10.24,4.6,16.44,18.31,48.5012,48.4947,41.6172,37.3846,36.7933,26374841,1255,2026-09-04,39.88,58039721.0
NYSE:HAYW,HAYW,"Hayward Holdings, Inc.",Industrials,Electrical Equipment & Parts,United States,NYSE,2952704581.0,13.92,38.0,40.99,2,11.3,428,False,-19.58,6.42,-8.42,-8.87,-7.09,-3.55,1.86,15.1993,15.2757,14.9827,14.4328,13.6655,24463187,1255,2026-09-04,32.84,212119582.0
NYSE:RRX,RRX,Regal Rexnord Corporation,Industrials,Specialty Industrial Machinery,United States,NYSE,10841520659.0,162.86,38.0,38.74,2,11.3,429,False,-31.63,27.26,-12.97,-8.32,1.02,4.7,8.08,187.135,177.6309,161.2194,155.5434,150.6851,203464286,1255,2026-09-04,37.67,66569573.0
NYSE:CTOS,CTOS,"Custom Truck One Source, Inc.",Industrials,Rental & Leasing Services,United States,NYSE,2090107625.0,9.19,38.01,40.83,2,11.3,430,True,-23.22,72.1,11.95,18.21,47.39,53.34,49.2,8.2089,7.7743,6.2351,5.9931,6.1596,8890329,1255,2026-09-04,31.52,227432821.0
NYSE:GMED,GMED,"Globus Medical, Inc.",Healthcare,Medical Devices,United States,NYSE,8871394475.0,78.29,38.03,43.03,2,11.3,431,True,-19.14,42.09,-8.85,-3.46,2.47,12.08,15.32,85.894,81.0988,76.4012,69.8506,67.8885,99749006,1255,2026-09-04,37.39,113314529.0
NASDAQ:AVGO,AVGO,Broadcom Inc.,Technology,Semiconductors,United States,NASDAQ,1702737952864.0,357.9,38.05,41.57,2,11.4,432,True,-25.56,22.17,-3.02,-1.79,23.64,53.48,88.2,369.0301,364.4056,289.4651,233.1916,190.1711,8759284900,1255,2026-09-04,37.51,4757580198.0
NASDAQ:ERAS,ERAS,"Erasca, Inc.",Healthcare,Biotechnology,United States,NASDAQ,5619992590.0,16.19,38.06,43.09,2,11.4,433,False,-27.95,944.52,26.08,52.14,157.4,227.72,235.47,12.8415,10.6416,6.2899,4.9402,4.826,62965188,1255,2026-09-04,38.46,347127399.0
NYSE:VVX,VVX,"V2X, Inc.",Industrials,Aerospace & Defense,United States,NYSE,2322611703.0,74.18,38.06,42.28,2,11.4,434,False,-18.31,42.22,5.1,9.43,23.67,33.76,41.76,70.5816,67.7854,59.983,55.4576,52.3278,35172174,1255,2026-09-04,41.82,31310484.0
NYSE:IVT,IVT,InvenTrust Properties Corp.,Real Estate,REIT - Retail,United States,NYSE,2543047014.0,32.63,38.07,40.15,2,11.5,435,True,-11.16,22.63,3.87,6.47,12.06,20.03,27.31,31.4149,30.6459,29.1187,27.1848,25.6313,18298520,1255,2026-09-04,36.36,77935857.0
NYSE:KTB,KTB,"Kontoor Brands, Inc.",Consumer Cyclical,Apparel Manufacturing,United States,NYSE,4067492899.0,73.59,38.07,41.74,2,11.5,436,False,-16.54,29.95,2.82,0.98,1.87,10.4,23.6,71.5704,72.876,72.2425,66.6564,59.5394,60703368,1255,2026-09-04,38.21,55272359.0
NASDAQ:PODC,PODC,"PodcastOne, Inc.",Communication Services,Internet Content & Information,United States,NASDAQ,82438787.0,2.73,38.07,38.89,2,11.5,437,False,-45.18,80.79,-9.63,-2.12,17.33,,,3.0208,2.7893,2.3268,,,234919,751,2026-09-04,38.71,30197358.0
NYSE:MPT,MPT,"Medical Properties Trust, Inc.",Real Estate,REIT - Healthcare Facilities,United States,NYSE,2398381000.0,4.01,38.1,38.83,2,11.5,438,False,-30.84,1.01,-17.18,-16.95,-12.36,-7.58,-22.49,4.8419,4.8287,4.5754,4.3387,5.1735,37132323,1255,2026-09-04,39.42,598100000.0
NASDAQ:ARQT,ARQT,"Arcutis Biotherapeutics, Inc.",Healthcare,Biotechnology,United States,NASDAQ,2989492639.0,23.9,38.13,41.72,2,11.5,439,True,-23.4,42.86,-6.66,-2.75,26.72,60.26,62.5,25.6045,24.5763,18.8611,14.9132,14.7076,40758663,1255,2026-09-04,35.48,125083374.0
NASDAQ:COST,COST,Costco Wholesale Corporation,Consumer Defensive,Discount Stores,United States,NASDAQ,406111279975.0,915.74,38.15,41.51,2,11.6,440,False,-16.19,8.21,-4.4,-3.82,-3.76,5.63,18.77,957.896,952.1234,951.5176,866.9194,771.0161,1674380540,1255,2026-09-04,41.24,443478804.0
NASDAQ:POWL,POWL,"Powell Industries, Inc.",Industrials,Electrical Equipment & Parts,United States,NASDAQ,6600321849.0,181.17,38.16,38.94,2,11.6,441,False,-43.7,103.05,-9.54,-0.11,42.34,83.76,133.75,200.2654,181.3694,127.2833,98.5896,77.506,98373003,1255,2026-09-04,32.91,36431649.0
NYSE:SARO,SARO,"StandardAero, Inc.",Industrials,Aerospace & Defense,United States,NYSE,8248629625.0,24.81,38.16,40.48,2,11.6,442,False,-25.09,3.07,-10.65,-10.34,,,,27.7659,27.6724,,,,83299601,483,2026-09-04,36.37,332471972.0
NASDAQ:LWLG,LWLG,"Lightwave Logic, Inc.",Basic Materials,Specialty Chemicals,United States,NASDAQ,824326031.0,5.35,38.17,40.22,2,11.7,443,False,-70.64,80.13,-25.61,-19.38,24.27,25.95,11.4,7.1919,6.6363,4.3053,4.2477,4.8024,17328777,1255,2026-09-04,34.42,154079632.0
NYSE:GHM,GHM,Graham Corporation,Industrials,Specialty Industrial Machinery,United States,NYSE,1026248269.0,87.78,38.18,40.6,2,11.7,444,False,-29.09,84.8,-0.21,7.68,45.26,82.35,124.93,87.9621,81.5223,60.4312,48.137,39.0258,18585205,1255,2026-09-04,35.35,11691140.0
NYSE:MWA,MWA,MUELLER WATER PRODUCTS,Industrials,Specialty Industrial Machinery,United States,NYSE,3739210012.0,23.95,38.22,41.02,2,11.7,445,False,-20.72,5.34,-8.59,-7.69,-3.95,10.2,23.46,26.2005,25.9464,24.9341,21.7326,19.3984,23206821,1255,2026-09-04,37.47,156125679.0
NYSE:VGM,VGM,Invesco Trust for Investment Grade Municipals Common Stock (DE),Financial Services,Asset Management,United States,NYSE,547742877.0,10.1,38.25,42.53,2,11.7,446,True,-4.21,12.18,0.91,2.08,7.63,13.0,16.9,10.009,9.8944,9.3839,8.9379,8.6396,1233136,1255,2026-09-04,35.51,54231968.0
NYSE:FBIN,FBIN,"Fortune Brands Innovations, Inc.",Industrials,Building Products & Equipment,United States,NYSE,5142739207.0,43.11,38.26,41.87,2,11.8,447,True,-31.9,30.8,-7.66,-9.49,-22.66,-28.21,-27.19,46.6856,47.6318,55.7436,60.0521,59.208,103658064,1255,2026-09-04,33.62,119293417.0
NYSE:LPX,LPX,Louisiana-Pacific Corporation,Industrials,Building Products & Equipment,United States,NYSE,4762688870.0,68.17,38.26,41.91,2,11.8,448,True,-30.25,2.13,-12.1,-14.21,-22.74,-17.59,-11.06,77.5565,79.4651,88.2349,82.7211,76.6463,74345522,1255,2026-09-04,36.61,69864880.0
NYSE:HSY,HSY,The Hershey Company,Consumer Defensive,Confectioners,United States,NYSE,25333947560.0,173.15,38.3,42.66,2,11.8,449,False,-25.57,9.9,-8.75,-7.62,-1.81,-2.3,-7.39,189.7636,187.4381,176.3336,177.2171,186.9589,208596798,1255,2026-09-04,40.82,146312143.0
NASDAQ:SVC,SVC,Service Properties Trust - Common Shares of Beneficial Interest,Real Estate,REIT - Hotel & Motel,United States,NASDAQ,985723300.0,7.61,38.32,41.33,2,11.8,450,False,-46.56,30.59,-13.5,-19.24,-34.59,-57.11,-65.03,8.7975,9.4231,11.635,17.7435,21.7616,11116456,1255,2026-09-04,38.32,129530000.0
NYSE:URI,URI,"United Rentals, Inc.",Industrials,Rental & Leasing Services,United States,NYSE,62856199942.0,1009.86,38.33,42.13,2,11.9,451,False,-13.3,42.68,9.25,9.29,21.15,34.38,54.12,924.3657,924.0449,833.5591,751.496,655.2576,446621702,1255,2026-09-04,34.12,62242489.0
NYSE:CHH,CHH,"Choice Hotels International, Inc.",Consumer Cyclical,Lodging,United States,NYSE,4577756506.0,100.62,38.35,41.22,2,11.9,452,True,-17.36,20.23,-3.96,-3.41,-14.83,-14.38,-14.13,104.7637,104.1756,118.138,117.5238,117.1821,47827826,1255,2026-09-04,35.23,45495493.0
AMEX:INTT,INTT,inTest Corporation,Technology,Semiconductor Equipment & Materials,United States,AMEX,140221572.0,11.16,38.37,39.61,2,11.9,453,False,-40.95,57.18,-13.19,-5.92,16.41,8.33,-3.78,12.8553,11.862,9.5865,10.3021,11.5989,1623093,1255,2026-09-04,34.51,12564657.0
NYSE:ACR,ACR,ACRES Commercial Realty Corp.,Real Estate,REIT - Mortgage,United States,NYSE,101038740.0,14.28,38.38,37.49,2,12.0,454,False,-40.6,2.51,-24.92,-26.27,-23.62,-11.79,-0.92,19.0186,19.3691,18.6968,16.1882,14.4132,392202,1255,2026-09-04,35.23,7075542.0
NASDAQ:AOSL,AOSL,Alpha and Omega Semiconductor Limited,Technology,Semiconductors,United States,NASDAQ,754225366.0,25.2,38.38,40.11,2,12.0,455,True,-52.74,44.25,-14.57,-13.26,-15.47,-13.67,-14.46,29.498,29.0508,29.8116,29.1919,29.4596,17806312,1255,2026-09-04,35.16,29929578.0
NASDAQ:MPWR,MPWR,"Monolithic Power Systems, Inc.",Technology,Semiconductors,United States,NASDAQ,60128241800.0,1223.86,38.39,41.74,2,12.0,456,True,-27.47,47.75,-1.93,3.21,30.08,45.04,65.07,1247.9719,1185.7388,940.8548,843.8361,741.4304,747638457,1255,2026-09-04,36.68,49130000.0
NYSE:MX,MX,Magnachip Semiconductor Corporation,Technology,Semiconductors,South Korea,NYSE,112816243.0,3.09,38.39,40.61,2,12.0,457,True,-65.4,36.12,-14.3,-11.15,-16.64,-31.77,-47.14,3.6057,3.4778,3.707,4.5291,5.8452,1398799,1255,2026-09-04,36.22,36510111.0
NYSE:JBGS,JBGS,JBG SMITH Properties,Real Estate,REIT - Diversified,United States,NYSE,681593972.0,11.7,38.4,39.24,2,12.0,458,False,-49.4,5.94,-21.27,-26.67,-26.22,-22.94,-22.16,14.8612,15.9547,15.8578,15.1831,15.0308,10226500,1255,2026-09-04,39.05,58255895.0
NYSE:DBI,DBI,Designer Brands Inc.,Consumer Cyclical,Footwear & Accessories,United States,NYSE,226413260.0,5.26,38.41,41.03,2,12.1,459,True,-41.8,70.09,-18.42,-10.52,5.6,-14.92,-25.62,6.4474,5.8784,4.981,6.1827,7.0717,2732423,1255,2026-09-04,35.08,43044346.0
NASDAQ:KVHI,KVHI,"KVH Industries, Inc.",Communication Services,Telecom Services,United States,NASDAQ,140578785.0,7.21,38.44,40.01,2,12.1,460,True,-38.32,37.07,-10.42,-4.84,12.14,21.86,5.24,8.0487,7.5771,6.4293,5.9167,6.8509,1148416,1255,2026-09-04,35.45,19497751.0
NYSE:LOAR,LOAR,Loar Holdings Inc.,Industrials,Aerospace & Defense,United States,NYSE,6352420357.0,67.85,38.47,42.8,2,12.1,461,False,-17.16,26.23,0.44,-2.64,-8.52,,,67.5545,69.6881,74.1702,,,46421064,593,2026-09-04,42.8,93624471.0
NYSE:L,L,Loews Corporation,Financial Services,Insurance - Property & Casualty,United States,NYSE,22343949796.0,109.3,38.48,41.55,2,12.2,462,False,-8.41,14.25,0.54,2.29,13.42,23.92,35.81,108.7094,106.8521,96.3637,88.2019,80.4826,75494147,1255,2026-09-04,41.52,204427720.0
NYSE:WY,WY,Weyerhaeuser Company,Real Estate,REIT - Specialty,United States,NYSE,16591342720.0,23.02,38.51,42.44,2,12.2,463,True,-12.79,11.75,-3.38,-2.8,-9.47,-13.61,-14.5,23.8251,23.6841,25.4272,26.6464,26.9241,112879181,1255,2026-09-04,35.12,720736000.0
NASDAQ:KRUS,KRUS,"Kura Sushi USA, Inc.",Consumer Cyclical,Restaurants,United States,NASDAQ,492932039.0,44.21,38.54,41.09,2,12.2,464,True,-46.75,3.6,-21.89,-23.6,-34.78,-38.86,-38.78,56.6031,57.8637,67.7895,72.3051,72.2105,7570107,1255,2026-09-04,35.61,11149786.0
NASDAQ:XLAB,XLAB,Exascale Labs Holdings Inc.,Technology,Software - Infrastructure,United States,NASDAQ,142481840.0,4.39,38.54,36.8,2,12.2,465,False,-60.05,9.48,-53.79,-54.27,,,,9.4996,9.599,,,,2312975,263,2026-09-04,41.03,32456000.0
NASDAQ:ORGO,ORGO,Organogenesis Holdings Inc. - Class A,Healthcare,Drug Manufacturers - Specialty & Generic,United States,NASDAQ,220033477.0,1.71,38.55,38.36,2,12.3,466,True,-73.85,4.91,-44.81,-49.83,-52.5,-49.25,-47.63,3.0984,3.4081,3.6004,3.3692,3.2652,1250804,1255,2026-09-04,32.93,128674548.0
NASDAQ:DGII,DGII,Digi International Inc.,Technology,Communication Equipment,United States,NASDAQ,2632081811.0,69.36,38.56,43.9,2,12.3,467,False,-18.63,103.1,21.49,31.08,65.17,87.92,89.55,57.0929,52.9158,41.9927,36.9087,36.5918,28088644,1255,2026-09-04,40.19,37948123.0
NYSE:GRC,GRC,Gorman-Rupp Company (The),Industrials,Specialty Industrial Machinery,United States,NYSE,1989747708.0,75.34,38.56,41.95,2,12.3,468,False,-17.68,81.23,12.09,20.39,50.64,69.23,89.96,67.215,62.581,50.0131,44.5189,39.6603,11122789,1255,2026-09-04,37.42,26410243.0
NASDAQ:BAND,BAND,Bandwidth Inc.,Technology,Software - Infrastructure,United States,NASDAQ,1322850205.0,43.77,38.58,41.69,2,12.3,469,False,-44.2,241.42,30.07,45.83,89.97,112.67,124.5,33.6522,30.014,23.0408,20.581,19.4969,35655269,1255,2026-09-04,43.33,30222760.0
NYSE:BALY,BALY,Bally's Corporation,Consumer Cyclical,Resorts & Casinos,United States,NYSE,447391986.0,9.14,38.59,39.52,2,12.4,470,False,-53.03,3.39,-33.46,-33.71,,,,13.7369,13.7875,,,,1380031,437,2026-09-04,44.66,48948795.0
NASDAQ:BLZE,BLZE,"Backblaze, Inc.",Technology,Software - Infrastructure,United States,NASDAQ,807498206.0,13.455,38.59,44.48,2,12.4,471,False,-34.14,306.5,72.39,66.79,90.0,87.28,101.99,7.8052,8.0672,7.0815,7.1846,6.6611,47158990,1208,2026-09-04,37.51,60014731.0
NASDAQ:NAUT,NAUT,"Nautilus Biotechnology, Inc.",Healthcare,Biotechnology,United States,NASDAQ,115165977.0,0.905,38.6,35.82,2,12.4,472,False,-77.09,36.91,-58.2,-53.48,-47.5,-56.32,-58.17,2.1651,1.9454,1.724,2.0718,2.1636,556690,1255,2026-09-04,39.58,127255223.0
NASDAQ:LLYVK,LLYVK,"Liberty Live Holdings, Inc. - Series C Liberty Live Group",Communication Services,Entertainment,United States,NASDAQ,6325760008.0,98.995,38.62,43.08,2,12.5,473,False,-9.06,28.02,4.91,5.37,20.31,47.44,,94.3575,93.9518,82.2812,67.1434,,26509571,775,2026-09-04,43.27,63899793.0
NASDAQ:RMBS,RMBS,"Rambus, Inc.",Technology,Semiconductors,United States,NASDAQ,9269128592.0,85.46,38.62,40.18,2,12.5,474,True,-49.92,16.62,-20.85,-19.42,5.39,15.92,28.72,107.9716,106.0595,81.0914,73.7223,66.3939,176508714,1255,2026-09-04,36.54,108461603.0
NASDAQ:ESOA,ESOA,Energy Services of America Corporation,Industrials,Engineering & Construction,United States,NASDAQ,219997615.0,11.79,38.63,38.11,2,12.5,475,True,-39.04,49.89,-11.18,-6.89,0.87,19.16,46.38,13.2738,12.6618,11.6884,9.894,8.0542,2288426,1255,2026-09-04,31.45,18659679.0
NASDAQ:NXT,NXT,Nextpower Inc.,Technology,Solar,United States,NASDAQ,12821144440.0,84.5,38.63,39.93,2,12.5,476,False,-45.97,31.35,-22.1,-18.39,12.66,29.14,,108.4737,103.5411,75.0069,65.4314,,175509399,896,2026-09-04,36.79,151729520.0
NASDAQ:ARBE,ARBE,Arbe Robotics Ltd.,Technology,Scientific & Technical Instruments,Israel,NASDAQ,78005237.0,0.636,38.65,41.95,2,12.6,477,True,-76.36,14.59,-32.88,-43.59,-55.85,-60.9,-70.53,0.9476,1.1274,1.4404,1.6268,2.158,573551,1255,2026-09-04,36.29,122649743.0
NASDAQ:DDOG,DDOG,"Datadog, Inc.",Technology,Software - Application,United States,NASDAQ,71311239459.0,212.93,38.65,42.0,2,12.6,478,False,-26.1,107.5,20.73,23.72,42.78,54.56,71.38,176.3686,172.1083,149.1353,137.7671,124.2472,987149469,1255,2026-09-04,39.31,334904614.0
NASDAQ:IZEA,IZEA,"IZEA Worldwide, Inc.",Communication Services,Internet Content & Information,United States,NASDAQ,52364919.0,2.99,38.66,39.64,2,12.6,479,False,-47.54,1.7,-22.4,-24.96,-10.61,0.07,3.25,3.8529,3.9847,3.3451,2.9879,2.8959,247787,1255,2026-09-04,39.67,17513351.0
NYSE:HASI,HASI,"HA Sustainable Infrastructure Capital, Inc.",Financial Services,Asset Management,United States,NYSE,4899892870.0,38.34,38.68,43.46,2,12.6,480,False,-10.49,45.76,4.0,9.08,24.25,35.75,41.49,36.8643,35.1488,30.857,28.2431,27.0976,43937950,1255,2026-09-04,49.7,127801066.0
NASDAQ:CEVA,CEVA,"CEVA, Inc.",Technology,Semiconductors,United States,NASDAQ,750809995.0,26.95,38.73,40.4,2,12.7,481,False,-46.16,56.6,-6.03,-4.58,-0.97,7.32,5.13,28.6793,28.2439,27.2146,25.1123,25.6358,26882757,1255,2026-09-04,36.67,27859369.0
NYSE:FR,FR,"First Industrial Realty Trust, Inc.",Real Estate,REIT - Industrial,United States,NYSE,8199480724.0,61.85,38.76,42.22,2,12.7,482,False,-10.18,26.1,2.41,5.41,14.45,20.34,23.7,60.3921,58.6746,54.041,51.3957,50.0,45958747,1255,2026-09-04,37.19,132570424.0
NYSE:CMS,CMS,CMS Energy Corporation,Utilities,Utilities - Regulated Electric,United States,NYSE,21467490731.0,68.46,38.77,39.93,2,12.7,483,False,-13.0,1.3,-5.59,-5.11,-1.64,6.07,10.52,72.5121,72.149,69.5999,64.545,61.9441,235393363,1255,2026-09-04,39.56,313577136.0
NYSE:HR,HR,Healthcare Realty Trust Incorporated,Real Estate,REIT - Healthcare Facilities,United States,NYSE,6625492571.0,19.12,38.77,41.08,2,12.7,484,False,-11.49,21.46,4.31,5.62,14.96,23.18,23.15,18.3302,18.1026,16.6323,15.5221,15.5261,59636049,1255,2026-09-04,42.03,346521578.0
NYSE:CPNG,CPNG,"Coupang, Inc.",Consumer Cyclical,Internet Retail,United States,NYSE,25033723916.0,15.29,38.78,41.82,2,12.8,485,False,-54.4,1.12,-20.77,-29.9,-35.14,-30.4,-26.05,19.2987,21.8132,23.5724,21.9695,20.6751,232671450,1255,2026-09-04,40.85,1637261211.0
NYSE:PLD,PLD,"Prologis, Inc.",Real Estate,REIT - Industrial,United States,NYSE,128148657840.0,137.34,38.78,42.28,2,12.8,486,False,-8.48,27.76,0.9,4.03,14.78,17.97,20.33,136.1137,132.0164,119.6563,116.4189,114.1398,424615523,1255,2026-09-04,41.22,933076000.0
NYSE:TDOC,TDOC,"Teladoc Health, Inc.",Healthcare,Health Information Services,United States,NYSE,1140975652.0,6.28,38.78,40.56,2,12.8,487,False,-35.39,40.49,-6.1,-10.19,-20.0,-39.14,-56.14,6.6878,6.9923,7.8503,10.3182,14.3189,23047827,1255,2026-09-04,41.96,181684021.0
NASDAQ:COGT,COGT,"Cogent Biosciences, Inc.",Healthcare,Biotechnology,United States,NASDAQ,5939371819.0,34.76,38.8,42.08,2,12.9,488,False,-18.86,190.39,-5.94,6.01,67.55,111.31,124.66,36.9565,32.7906,20.7465,16.4495,15.4721,59286212,1255,2026-09-04,39.53,170868004.0
NASDAQ:SLGL,SLGL,Sol-Gel Technologies Ltd.,Healthcare,Biotechnology,Israel,NASDAQ,227260254.0,69.52,38.8,42.46,2,12.9,489,False,-29.04,190.27,0.19,12.24,98.47,156.71,125.92,69.389,61.9368,35.0273,27.0807,30.7713,5313863,1255,2026-09-04,39.52,3268991.0
NASDAQ:WVE,WVE,"Wave Life Sciences, Inc.",Healthcare,Biotechnology,Singapore,NASDAQ,957654131.0,4.86,38.81,39.8,2,12.9,490,True,-77.19,3.4,-47.79,-45.51,-47.71,-39.25,-31.31,9.309,8.9198,9.2941,7.9997,7.0754,19085378,1255,2026-09-04,33.55,197048175.0
NYSE:VMC,VMC,Vulcan Materials Company (Holding Company),Basic Materials,Building Materials,United States,NYSE,34031264224.0,262.63,38.82,41.27,2,12.9,491,True,-20.05,2.58,-8.59,-9.0,-4.1,0.78,9.19,287.319,288.6028,273.8631,260.6031,240.5217,238300230,1255,2026-09-04,36.0,129578739.0
NYSE:FPS,FPS,"Forgent Power Solutions, Inc.",Industrials,Electrical Equipment & Parts,United States,NYSE,8150096148.0,31.35,38.84,39.48,2,12.9,492,False,-51.46,12.08,,,,,,,,,,,161590288,147,2026-09-04,35.54,259971169.0
NYSE:WIT,WIT,Wipro Limited,Technology,Information Technology Services,India,NYSE,17905156021.0,1.81,38.85,41.7,2,13.0,493,False,-40.18,2.84,-19.45,-22.39,-32.77,-32.19,-29.52,2.2469,2.3323,2.6923,2.6691,2.5682,13013751,1255,2026-09-04,37.05,9892351393.0
NASDAQ:ALHC,ALHC,"Alignment Healthcare, Inc.",Healthcare,Healthcare Plans,United States,NASDAQ,2808671917.0,13.54,38.88,38.99,2,13.0,494,False,-44.87,5.95,-28.28,-26.73,-16.4,2.96,11.19,18.8795,18.4799,16.1955,13.1506,12.1774,57779515,1255,2026-09-04,38.92,207435149.0
NASDAQ:ALGM,ALGM,"Allegro MicroSystems, Inc.",Technology,Semiconductors,United States,NASDAQ,6820774833.0,36.61,38.89,40.37,2,13.0,495,False,-47.41,60.57,-7.13,-1.81,16.96,20.35,14.9,39.4197,37.2847,31.3024,30.4202,31.8615,75510496,1255,2026-09-04,34.41,186309064.0
NYSE:FND,FND,"Floor & Decor Holdings, Inc.",Consumer Cyclical,Home Improvement Retail,United States,NYSE,5348990942.0,50.23,38.89,42.09,2,13.0,496,False,-44.45,15.5,-13.36,-17.74,-34.35,-41.45,-41.93,57.9727,61.0643,76.5065,85.7957,86.4929,116107885,1255,2026-09-04,35.85,106489965.0
NASDAQ:AVAV,AVAV,"AeroVironment, Inc.",Industrials,Aerospace & Defense,United States,NASDAQ,7320451540.0,144.65,38.9,42.39,2,13.1,497,False,-64.7,5.83,-31.92,-38.93,-32.08,-24.37,-13.12,212.4682,236.8453,212.9721,191.2651,166.4965,202608776,1255,2026-09-04,40.54,50608030.0
NASDAQ:MYGN,MYGN,"Myriad Genetics, Inc.",Healthcare,Diagnostics & Research,United States,NASDAQ,305122368.0,3.19,38.9,38.81,2,13.1,498,False,-61.0,11.54,-36.99,-42.6,-63.93,-75.35,-78.42,5.0629,5.5576,8.8443,12.9394,14.7801,4861150,1255,2026-09-04,39.95,95649645.0
NYSE:RDY,RDY,Dr. Reddy's Laboratories Ltd,Healthcare,Drug Manufacturers - Specialty & Generic,India,NYSE,9971010874.0,11.97,38.9,41.1,2,13.1,499,False,-21.62,5.93,-10.54,-11.51,-14.02,-14.48,-9.77,13.3798,13.5269,13.9212,13.9967,13.2655,30009965,1255,2026-09-04,40.8,833000073.0
NYSE:SRG,SRG,Seritage Growth Properties,Real Estate,Real Estate Services,United States,NYSE,117155183.0,2.08,38.9,38.67,2,13.1,500,False,-53.57,2.97,-26.71,-32.98,-38.17,-56.59,-65.8,2.8382,3.1035,3.364,4.7919,6.0826,323045,1255,2026-09-04,45.15,56324607.0
NASDAQ:VUZI,VUZI,Vuzix Corporation,Technology,Consumer Electronics,United States,NASDAQ,202906150.0,2.44,38.9,42.7,2,13.1,501,False,-52.53,20.2,-13.99,-15.87,-7.44,1.76,-18.55,2.8369,2.9003,2.6363,2.3978,2.9956,2958230,1255,2026-09-04,38.9,83158258.0
NYSE:ECVT,ECVT,Ecovyst Inc.,Basic Materials,Specialty Chemicals,United States,NYSE,1117520072.0,10.21,38.91,37.88,2,13.2,502,False,-31.8,30.23,-12.53,-7.49,10.24,9.94,7.39,11.672,11.0369,9.2616,9.2867,9.5078,12739602,1255,2026-09-04,38.91,109453484.0
NASDAQ:SSTI,SSTI,"SoundThinking, Inc.",Technology,Software - Application,United States,NASDAQ,79213325.0,6.115,38.92,39.73,2,13.2,503,False,-52.49,9.59,-16.29,-23.92,-43.72,-53.06,-64.55,7.3048,8.0379,10.8646,13.0271,17.2508,1185629,1255,2026-09-04,38.2,12953937.0
NASDAQ:BCBP,BCBP,"BCB Bancorp, Inc. (NJ)",Financial Services,Banks - Regional,United States,NASDAQ,150538571.0,8.67,38.96,39.08,2,13.3,504,False,-24.41,18.43,-4.16,-1.74,-5.64,-7.39,-14.65,9.0462,8.8235,9.188,9.362,10.1579,1182667,1255,2026-09-04,38.11,17363157.0
NYSE:NJR,NJR,NewJersey Resources Corporation,Utilities,Utilities - Regulated Gas,United States,NYSE,5389211998.0,53.4,38.96,41.15,2,13.3,505,False,-11.07,24.43,1.07,4.28,11.47,18.62,20.62,52.8369,51.208,47.9037,45.0183,44.2699,29573588,1255,2026-09-04,40.8,100921573.0
NASDAQ:HOFT,HOFT,Hooker Furnishings Corporation,Consumer Cyclical,"Furnishings, Fixtures & Appliances",United States,NASDAQ,140930448.0,13.12,38.97,42.01,2,13.3,506,True,-26.42,56.23,-0.19,5.9,8.26,-4.26,-6.4,13.1452,12.3886,12.1186,13.7039,14.0177,482741,1255,2026-09-04,30.45,10741650.0
NYSE:UIS,UIS,Unisys Corporation New,Technology,Information Technology Services,United States,NYSE,191039802.0,2.62,38.97,40.09,2,13.3,507,True,-45.19,31.0,-9.33,-13.94,-37.88,-40.93,-43.6,2.8895,3.0444,4.2178,4.4358,4.6451,1593277,1255,2026-09-04,37.14,72915955.0
NYSE:LYV,LYV,"Live Nation Entertainment, Inc.",Communication Services,Entertainment,United States,NYSE,40418474118.0,173.5,38.98,43.42,2,13.4,508,False,-7.94,38.13,8.14,8.83,18.03,35.05,49.59,160.4411,159.4163,147.002,128.4704,115.9856,308850150,1255,2026-09-04,43.99,232959505.0
NASDAQ:BELFB,BELFB,Bel Fuse Inc.,Technology,Electronic Components,United States,NASDAQ,2951673773.0,243.79,39.01,42.17,2,13.4,509,True,-26.78,81.61,3.62,12.23,61.01,101.98,143.07,235.284,217.2256,151.4138,120.6988,100.2973,40152438,1255,2026-09-04,36.16,12107444.0
NYSE:ESRT,ESRT,"Empire State Realty Trust, Inc.",Real Estate,REIT - Diversified,United States,NYSE,778429794.0,4.54,39.01,39.45,2,13.4,510,False,-41.99,3.42,-20.12,-24.78,-38.63,-42.74,-40.48,5.6835,6.0355,7.3983,7.9291,7.6276,9387195,1255,2026-09-04,31.66,171460307.0
NYSE:LUV,LUV,Southwest Airlines Company,Industrials,Airlines,United States,NYSE,19382428924.0,39.62,39.01,40.09,2,13.4,511,False,-26.73,35.92,-7.11,-1.86,11.98,22.13,23.03,42.6521,40.3695,35.3802,32.4418,32.2033,175963359,1255,2026-09-04,33.43,489208201.0
NASDAQ:OFLX,OFLX,"Omega Flex, Inc.",Industrials,Specialty Industrial Machinery,United States,NASDAQ,271638205.0,26.91,39.01,39.87,2,13.4,512,False,-26.78,8.46,-11.23,-10.61,-20.07,-37.3,-51.01,30.3157,30.1038,33.6659,42.9162,54.935,921794,1255,2026-09-04,28.75,10094322.0
NASDAQ:HTLM,HTLM,HomesToLife Ltd,Consumer Cyclical,Specialty Retail,Singapore,NASDAQ,153365625.0,1.71,39.03,42.65,2,13.5,513,False,-54.12,10.47,-18.16,-26.58,,,,2.0895,2.329,,,,6593,484,2026-09-04,42.06,89687500.0
NASDAQ:IMVT,IMVT,"Immunovant, Inc.",Healthcare,Biotechnology,United States,NASDAQ,8058374992.0,39.25,39.04,45.93,2,13.5,514,True,-12.7,165.56,28.44,39.57,59.02,44.03,60.61,30.5594,28.122,24.6823,27.2504,24.4387,50328632,1255,2026-09-04,38.13,205308917.0
NYSE:BIPC,BIPC,Brookfield Infrastructure Corporation Brookfield Infrastructure Corporation,Utilities,Utilities - Regulated Gas,United States,NYSE,4593701450.0,37.35,39.06,41.54,2,13.6,515,False,-24.39,7.66,-10.54,-10.5,-5.84,1.69,0.91,41.7521,41.7316,39.666,36.7289,37.0142,39603315,1255,2026-09-04,38.08,122990668.0
NASDAQ:SPCB,SPCB,"SuperCom, Ltd.",Industrials,Security & Protection Services,Israel,NASDAQ,62302084.0,9.92,39.06,43.09,2,13.6,516,False,-24.73,37.78,2.74,0.16,16.09,31.25,-31.96,9.6559,9.904,8.5453,7.5581,14.5797,1151332,1255,2026-09-04,41.02,6280452.0
NYSE:ORN,ORN,"Orion Group Holdings, Inc. Common",Industrials,Engineering & Construction,United States,NYSE,375796291.0,9.28,39.07,38.1,2,13.6,517,False,-45.86,28.89,-23.24,-18.72,-0.67,8.86,31.14,12.0893,11.4175,9.3424,8.5248,7.0763,3633274,1255,2026-09-04,36.67,40495290.0
NYSE:SES,SES,SES AI Corporation,Consumer Cyclical,Auto Parts,United States,NYSE,163677263.0,0.503,39.09,38.99,2,13.6,518,False,-85.79,0.6,-61.03,-65.72,-56.37,-61.5,-72.32,1.2906,1.4671,1.153,1.3066,1.8171,5477242,1255,2026-09-04,39.65,325402113.0
NASDAQ:ERII,ERII,"Energy Recovery, Inc.",Industrials,Pollution & Treatment Controls,United States,NASDAQ,393290326.0,7.63,39.1,40.81,2,13.7,519,False,-57.87,0.66,-30.76,-36.24,-43.65,-47.58,-54.86,11.0189,11.9666,13.5397,14.5555,16.9046,7945554,1255,2026-09-04,39.54,51545259.0
NYSE:HPP,HPP,"Hudson Pacific Properties, Inc.",Real Estate,REIT - Office,United States,NYSE,683991923.0,12.61,39.1,42.68,2,13.7,520,False,-41.32,128.86,14.94,1.34,-26.82,-51.21,-61.55,10.9705,12.4437,17.2316,25.8429,32.7996,8219423,1255,2026-09-04,39.99,54242024.0
NYSE:STZ,STZ,"Constellation Brands, Inc.",Consumer Defensive,Beverages - Brewers,United States,NYSE,21887056860.0,128.18,39.11,42.06,2,13.7,521,False,-21.98,2.54,-10.61,-9.22,-22.63,-32.12,-34.9,143.3933,141.1959,165.6784,188.8455,196.8941,232787801,1255,2026-09-04,40.94,170752511.0
NASDAQ:SEAT,SEAT,Vivid Seats Inc.,Communication Services,Internet Content & Information,United States,NASDAQ,66363962.0,6.04,39.12,41.77,2,13.7,522,True,-65.15,13.96,-15.3,-28.59,-82.33,-90.26,-92.94,7.1308,8.4576,34.1777,61.9878,85.5522,354426,1224,2026-09-04,37.04,10987411.0
NASDAQ:ILPT,ILPT,Industrial Logistics Properties Trust - Common Shares of Beneficial Interest,Real Estate,REIT - Industrial,United States,NASDAQ,549318601.0,8.23,39.13,43.52,2,13.8,523,False,-11.07,67.64,18.37,23.47,55.78,73.92,85.43,6.9529,6.6656,5.2832,4.7321,4.4384,2386422,1255,2026-09-04,39.44,66745881.0
NYSE:IRT,IRT,"Independence Realty Trust, Inc.",Real Estate,REIT - Residential,United States,NYSE,3792649233.0,16.09,39.14,43.0,2,13.8,524,False,-7.26,10.19,-1.07,-0.67,-6.75,-1.71,0.2,16.2647,16.1977,17.2548,16.3707,16.0584,35965690,1255,2026-09-04,39.89,235714682.0
NASDAQ:CNTB,CNTB,Connect Biopharma Holdings Limited,Healthcare,Biotechnology,United States,NASDAQ,115853490.0,1.84,39.15,41.64,2,13.8,525,False,-50.14,39.71,-25.64,-20.35,6.58,16.77,27.71,2.4744,2.31,1.7264,1.5757,1.4408,2061841,1255,2026-09-04,40.88,62963853.0
NYSE:HLT,HLT,Hilton Worldwide Holdings Inc.,Consumer Cyclical,Lodging,United States,NYSE,70035698694.0,311.18,39.15,42.07,2,13.8,526,False,-11.11,21.44,-0.44,2.78,13.36,26.55,42.13,312.5566,302.7726,274.4983,245.8912,218.9329,592331154,1255,2026-09-04,41.66,225064910.0
NASDAQ:LMAT,LMAT,"LeMaitre Vascular, Inc.",Healthcare,Medical Instruments & Supplies,United States,NASDAQ,1843369115.0,80.67,39.16,39.61,2,13.9,527,True,-30.9,2.42,-14.61,-13.41,-11.42,-1.88,8.19,94.4683,93.1638,91.0742,82.2181,74.5623,26808180,1255,2026-09-04,38.57,22850739.0
NYSE:ATS,ATS,ATS Corporation,Industrials,Specialty Industrial Machinery,Canada,NYSE,1906190144.0,19.65,39.18,37.4,2,13.9,528,False,-44.46,6.27,-30.54,-29.85,-30.62,-36.51,-40.15,28.2907,28.0121,28.3221,30.9478,32.83,5316189,1255,2026-09-04,38.5,97007132.0
NYSE:LEVI,LEVI,Levi Strauss & Co,Consumer Cyclical,Apparel Manufacturing,United States,NYSE,2115610457.0,21.06,39.2,40.22,2,13.9,529,False,-17.51,19.07,-2.97,-2.74,7.95,13.7,20.97,21.7052,21.6536,19.5093,18.5232,17.41,46459034,1255,2026-09-04,34.25,100456337.0
NYSE:DTE,DTE,DTE Energy Company,Utilities,Utilities - Regulated Electric,United States,NYSE,28316624430.0,136.08,39.21,40.3,2,13.9,530,False,-11.88,8.3,-2.91,-2.18,3.46,12.28,17.21,140.1595,139.111,131.5281,121.1966,116.1012,166519459,1255,2026-09-04,42.24,208088069.0
NASDAQ:SUNS,SUNS,"Sunrise Realty Trust, Inc.",Real Estate,REIT - Mortgage,United States,NASDAQ,101116173.0,7.48,39.22,41.86,2,14.0,531,False,-27.02,5.5,-8.39,-10.39,-18.9,,,8.1649,8.3477,9.2232,,,579823,543,2026-09-04,38.51,13518205.0
NASDAQ:CBUS,CBUS,"Cibus, Inc.",Healthcare,Biotechnology,United States,NASDAQ,121367298.0,1.59,39.24,43.88,2,14.0,532,False,-60.74,37.07,-15.26,-10.76,-28.5,-75.3,-81.17,1.8764,1.7816,2.2238,6.4369,8.4444,227962,1255,2026-09-04,38.07,76331634.0
NASDAQ:LLYVA,LLYVA,"Liberty Live Holdings, Inc. - Series A Liberty Live Group",Communication Services,Entertainment,United States,NASDAQ,2445483628.0,95.625,39.24,43.46,2,14.0,533,False,-8.92,27.76,4.38,4.86,19.32,46.21,,91.612,91.1906,80.1415,65.4009,,13707352,775,2026-09-04,43.58,25573685.0
NYSE:RL,RL,Ralph Lauren Corporation,Consumer Cyclical,Apparel Manufacturing,United States,NYSE,13217436584.0,351.2,39.26,41.23,2,14.0,534,False,-15.01,17.2,-3.78,-1.15,18.4,42.08,65.9,365.0115,355.2689,296.6164,247.1787,211.6912,221494641,1255,2026-09-04,33.09,37635070.0
NASDAQ:WING,WING,Wingstop Inc.,Consumer Cyclical,Restaurants,United States,NASDAQ,2975022236.0,109.205,39.27,39.54,2,14.1,535,False,-64.47,0.0,-42.33,-45.94,-57.31,-59.75,-55.31,189.3687,201.9988,255.821,271.2955,244.3749,127022373,1255,2026-09-04,40.2,27242546.0
NYSE:BB,BB,BlackBerry Limited,Technology,Software - Infrastructure,Canada,NYSE,4512973319.0,7.7,39.28,41.98,2,14.1,536,False,-39.89,144.44,28.56,35.59,66.25,85.56,80.83,5.9895,5.6787,4.6315,4.1496,4.2581,77515076,1255,2026-09-04,39.28,586100431.0
NASDAQ:BJRI,BJRI,"BJ's Restaurants, Inc.",Consumer Cyclical,Restaurants,United States,NASDAQ,1258703578.0,59.89,39.3,44.28,2,14.1,537,True,-19.35,108.75,27.75,36.6,49.14,59.96,67.92,46.8824,43.8449,40.1575,37.4412,35.6667,29794280,1255,2026-09-04,36.15,21016924.0
NASDAQ:THRY,THRY,"Thryv Holdings, Inc.",Technology,Software - Application,United States,NASDAQ,92247555.0,2.08,39.3,37.49,2,14.1,538,False,-84.01,15.56,-46.68,-60.69,-79.37,-84.36,-86.63,3.9011,5.2907,10.0804,13.3004,15.5526,1624413,1255,2026-09-04,31.2,44349786.0
NYSE:LOB,LOB,"Live Oak Bancshares, Inc.",Financial Services,Banks - Regional,United States,NYSE,1833294188.0,39.61,39.32,43.16,2,14.2,539,False,-9.41,35.13,5.33,7.24,9.35,9.43,14.55,37.6038,36.935,36.2237,36.1979,34.5796,8231049,1255,2026-09-04,38.8,46283620.0
NYSE:AXP,AXP,American Express Company,Financial Services,Credit Services,United States,NYSE,220259055131.0,326.16,39.34,42.99,2,14.2,540,False,-14.57,12.25,-2.87,-3.11,4.82,19.19,34.01,335.7847,336.6442,311.1709,273.6547,243.3835,765520809,1255,2026-09-04,42.73,675309833.0
AMEX:FLYX,FLYX,"flyExclusive, Inc.",Industrials,Airlines,United States,AMEX,59548372.0,1.15,39.34,39.63,2,14.2,541,False,-84.09,2.68,-52.8,-58.78,-59.64,,,2.4363,2.7898,2.8491,,,403970,673,2026-09-04,41.47,51781193.0
NASDAQ:GLOO,GLOO,"Gloo Holdings, Inc.",Technology,Software - Application,United States,NASDAQ,88281412.0,3.095,39.35,39.95,2,14.3,542,False,-67.42,4.92,-43.23,,,,,5.4522,,,,,343058,200,2026-09-04,37.57,28523881.0
NASDAQ:AENT,AENT,Alliance Entertainment Holding Corporation,Communication Services,Entertainment,United States,NASDAQ,261411308.0,5.13,39.36,40.81,2,14.3,543,False,-39.15,11.04,-21.12,-21.05,-5.05,22.37,9.24,6.5036,6.4978,5.4026,4.1921,4.6959,90351,1255,2026-09-04,39.6,50957370.0
NASDAQ:RXT,RXT,"Rackspace Technology, Inc.",Technology,Software - Infrastructure,United States,NASDAQ,809968434.0,3.19,39.37,41.66,2,14.3,544,False,-57.64,679.95,16.53,29.14,44.13,51.12,37.52,2.7376,2.4702,2.2133,2.1109,2.3196,26578617,1255,2026-09-04,40.92,253908600.0
NASDAQ:XEL,XEL,Xcel Energy Inc.,Utilities,Utilities - Regulated Electric,United States,NASDAQ,47297309650.0,75.72,39.37,41.71,2,14.3,545,False,-8.41,8.79,-2.81,-2.51,5.77,15.92,18.66,77.9126,77.6721,71.5892,65.321,63.81,360768783,1255,2026-09-04,42.33,624634306.0
NYSE:BTI,BTI,"British American Tobacco Industries, p.l.c. Common Stock ADR",Consumer Defensive,Tobacco,United Kingdom,NYSE,119385841480.0,55.35,39.43,41.41,2,14.4,546,False,-15.86,14.49,-4.62,-2.11,15.93,36.29,47.64,58.0328,56.542,47.7426,40.6118,37.4909,249718402,1255,2026-09-04,42.28,2156925772.0
NYSE:KPET,KPET,KPET Ultra Paceline Corporation,Financial Services,Shell Companies,United States,NYSE,231885300.0,9.98,39.44,43.87,2,14.4,547,False,-1.38,0.3,,,,,,,,,,,204998,72,2026-09-04,39.44,23235000.0
NASDAQ:CMPR,CMPR,Cimpress plc,Industrials,Specialty Business Services,Ireland,NASDAQ,2119096270.0,87.45,39.45,42.15,2,14.4,548,False,-16.96,53.15,5.17,10.41,25.04,18.7,33.75,83.1532,79.2077,69.9364,73.6712,65.3829,17979991,1255,2026-09-04,41.31,24232090.0
NASDAQ:PLAY,PLAY,"Dave & Buster's Entertainment, Inc.",Communication Services,Entertainment,United States,NASDAQ,303357412.0,8.72,39.45,41.27,2,14.4,549,True,-63.95,3.2,-35.37,-39.59,-58.63,-70.37,-72.46,13.4915,14.4346,21.0796,29.4337,31.6666,14186819,1255,2026-09-04,38.87,34788694.0
NASDAQ:ARRY,ARRY,"Array Technologies, Inc.",Technology,Solar,United States,NASDAQ,707601339.0,4.6,39.48,38.95,2,14.5,550,True,-61.54,5.5,-41.3,-42.31,-36.48,-52.25,-62.52,7.8358,7.9735,7.2421,9.6337,12.2736,27209252,1255,2026-09-04,37.57,153826378.0
NASDAQ:CDXS,CDXS,"Codexis, Inc.",Healthcare,Biotechnology,United States,NASDAQ,157039657.0,1.46,39.49,39.82,2,14.5,551,True,-48.77,48.98,-22.46,-26.52,-44.72,-45.82,-53.65,1.8828,1.9871,2.6409,2.6945,3.1503,1808701,1255,2026-09-04,36.58,107561409.0
NASDAQ:CLBT,CLBT,Cellebrite DI Ltd.,Technology,Software - Infrastructure,Israel,NASDAQ,2856085905.0,11.45,39.49,40.74,2,14.5,552,False,-41.46,9.67,-22.08,-25.34,-32.04,-21.86,-7.45,14.6948,15.3353,16.8479,14.6524,12.3718,58488395,1255,2026-09-04,43.13,249439817.0
NYSE:EVC,EVC,Entravision Communications Corporation,Communication Services,Advertising Agencies,United States,NYSE,696219917.0,8.42,39.49,41.69,2,14.5,553,False,-37.54,341.71,41.91,62.73,134.38,162.94,147.62,5.9334,5.1743,3.5925,3.2022,3.4004,15811222,1255,2026-09-04,39.29,82686451.0
NYSE:MAA,MAA,"Mid-America Apartment Communities, Inc.",Real Estate,REIT - Residential,United States,NYSE,14934497793.0,128.32,39.5,42.61,2,14.6,554,False,-8.71,8.98,-1.22,-1.22,-6.76,-2.68,-2.98,129.9066,129.9031,137.6216,131.8559,132.2582,99339391,1255,2026-09-04,40.15,116384802.0
NYSE:PRMB,PRMB,Primo Brands Corporation,Consumer Defensive,Beverages - Non-Alcoholic,United States,NYSE,7983108364.0,22.0,39.51,42.8,2,14.6,555,True,-12.9,55.59,7.23,6.69,-10.56,0.96,12.22,20.5161,20.62,24.5986,21.7913,19.6037,99124072,1255,2026-09-04,38.49,362868562.0
NASDAQ:LFTO,LFTO,"Liftoff Mobile, Inc.",Communication Services,Advertising Agencies,United States,NASDAQ,3173272816.0,18.74,39.52,40.25,2,14.6,556,False,-34.13,2.07,,,,,,,,,,,18000155,65,2026-09-04,39.38,169331527.0
NASDAQ:XBIT,XBIT,XBiotech Inc.,Healthcare,Biotechnology,United States,NASDAQ,67073008.0,2.2,39.54,41.87,2,14.7,557,False,-25.17,3.77,-7.79,-9.45,-35.23,-47.66,-47.37,2.386,2.4297,3.3967,4.203,4.1802,118187,1255,2026-09-04,39.54,30487731.0
NYSE:GTY,GTY,Getty Realty Corporation,Real Estate,REIT - Retail,United States,NYSE,2014670698.0,32.53,39.55,42.41,2,14.7,558,False,-11.14,33.13,3.55,7.41,12.84,19.3,20.07,31.4135,30.2848,28.8282,27.267,27.092,16871104,1255,2026-09-04,41.07,61932699.0
NYSE:IEX,IEX,IDEX Corporation,Industrials,Specialty Industrial Machinery,United States,NYSE,16494089531.0,223.74,39.56,44.47,2,14.7,559,True,-6.98,42.56,9.23,14.04,15.91,13.54,11.95,204.8313,196.1934,193.0253,197.0513,199.8658,127217774,1255,2026-09-04,38.3,73719896.0
NASDAQ:LIN,LIN,Linde plc,Basic Materials,Specialty Chemicals,United Kingdom,NASDAQ,220803204837.0,477.57,39.56,41.56,2,14.7,560,False,-12.35,23.86,0.06,1.35,3.79,7.73,15.51,477.2837,471.1956,460.1396,443.3161,413.4445,915401988,1255,2026-09-04,43.31,462347310.0
NASDAQ:NXH,NXH,"Neighborhood Intelligence, Inc.",Consumer Cyclical,Internet Retail,United States,NASDAQ,377215848.0,3.95,39.56,40.15,2,14.7,561,False,-67.38,7.05,-27.03,-35.62,-40.37,-64.54,-72.2,5.4132,6.1359,6.6246,11.1407,14.2094,8639982,1255,2026-09-04,37.41,95497683.0
NASDAQ:MGEE,MGEE,MGE Energy Inc.,Utilities,Utilities - Regulated Electric,United States,NASDAQ,2920448330.0,77.37,39.57,43.1,2,14.8,562,False,-8.92,8.17,-0.78,-1.84,-7.13,-2.31,1.3,77.9809,78.8185,83.3118,79.2004,76.3778,10976945,1255,2026-09-04,40.78,37746521.0
NASDAQ:SEER,SEER,"Seer, Inc.",Healthcare,Biotechnology,United States,NASDAQ,107214024.0,1.95,39.6,44.3,2,14.8,563,True,-17.72,20.37,2.95,-0.07,-3.54,-0.89,-30.05,1.8941,1.9514,2.0216,1.9675,2.7878,416916,1255,2026-09-04,37.97,54981551.0
NYSE:BFLY,BFLY,"Butterfly Network, Inc.",Healthcare,Medical Devices,United States,NYSE,1802156691.0,7.36,39.61,45.06,2,14.8,564,True,-24.12,390.67,42.81,62.54,108.87,172.74,168.09,5.1538,4.5281,3.5237,2.6986,2.7454,43830466,1255,2026-09-04,38.67,244858246.0
NYSE:ETSY,ETSY,"Etsy, Inc.",Consumer Cyclical,Internet Retail,United States,NYSE,7260510634.0,76.51,39.63,44.49,2,14.9,565,False,-12.09,73.69,19.68,19.19,30.53,24.67,5.46,63.9287,64.1897,58.6171,61.372,72.5473,234287609,1255,2026-09-04,50.79,94896231.0
NASDAQ:SVCO,SVCO,"Silvaco Group, Inc.",Technology,Software - Application,United States,NASDAQ,219157774.0,6.54,39.64,40.31,2,14.9,566,False,-52.57,102.48,-8.55,-4.03,-4.89,,,7.1516,6.8144,6.8763,,,2426250,583,2026-09-04,37.06,33510363.0
NASDAQ:ACLS,ACLS,"Axcelis Technologies, Inc.",Technology,Semiconductor Equipment & Materials,United States,NASDAQ,3536856867.0,115.08,39.65,41.54,2,15.0,567,True,-39.94,55.26,-1.36,4.19,26.05,11.12,7.56,116.6675,110.4504,91.2982,103.5681,106.9948,38796720,1255,2026-09-04,34.12,30733897.0
NYSE:AIR,AIR,AAR Corp.,Industrials,Aerospace & Defense,United States,NYSE,5047993407.0,126.54,39.65,43.42,2,15.0,568,False,-17.68,71.19,10.93,17.89,46.12,59.64,75.62,114.0761,107.3398,86.5971,79.2683,72.0553,50030975,1255,2026-09-04,38.4,39892472.0
NASDAQ:AKAM,AKAM,"Akamai Technologies, Inc.",Technology,Software - Infrastructure,United States,NASDAQ,15297457154.0,105.22,39.65,41.67,2,15.0,569,False,-34.7,46.2,-3.98,2.24,10.62,6.7,10.01,109.5843,102.9116,95.1164,98.6136,95.6492,334376912,1255,2026-09-04,41.09,145385451.0
NYSE:Q,Q,"Qnity Electronics, Inc.",Technology,Semiconductor Equipment & Materials,United States,NYSE,25219094267.0,120.47,39.65,41.34,2,15.0,570,False,-31.37,64.24,-0.83,,,,,121.4787,,,,,216674999,216,2026-09-04,36.65,209339207.0
NYSE:MOG.B,MOG-B,Moog Inc.,Industrials,Aerospace & Defense,United States,NYSE,1214647829.0,374.49,39.66,43.04,2,15.0,571,True,-16.78,91.42,13.42,23.0,52.18,75.6,104.71,330.1744,304.4589,246.089,213.2616,182.9374,79751,1255,2026-09-04,35.2,3243472.0
NASDAQ:GILT,GILT,Gilat Satellite Networks Ltd.,Technology,Communication Equipment,Israel,NASDAQ,763765994.0,10.12,39.7,39.99,2,15.0,572,False,-51.46,2.22,-30.57,-28.83,-2.13,15.24,26.14,14.5748,14.2188,10.3401,8.7817,8.023,5742479,1255,2026-09-04,42.13,75470948.0
NYSE:YOU,YOU,"Clear Secure, Inc.",Technology,Software - Application,United States,NYSE,4460150706.0,44.33,39.72,39.96,2,15.1,573,False,-28.71,51.82,-3.95,1.85,25.18,48.6,57.36,46.1519,43.5269,35.4143,29.8315,28.1716,78105488,1255,2026-09-04,40.57,100612468.0
NYSE:APLE,APLE,"Apple Hospitality REIT, Inc.",Real Estate,REIT - Hotel & Motel,United States,NYSE,3682653842.0,15.6,39.74,43.7,2,15.1,574,True,-7.72,48.2,16.33,20.59,24.07,22.76,23.87,13.4102,12.9365,12.5735,12.7079,12.594,35599780,1255,2026-09-04,39.27,236067554.0
NYSE:VTEX,VTEX,VTEX,Technology,Software - Application,Cayman Islands,NYSE,325367094.0,3.61,39.74,42.35,2,15.1,575,False,-22.37,25.78,-3.91,-6.75,-26.78,-35.55,-31.21,3.7569,3.8713,4.9305,5.6014,5.2477,2777796,1255,2026-09-04,39.74,90129389.0
NASDAQ:AMAT,AMAT,"Applied Materials, Inc.",Technology,Semiconductor Equipment & Materials,United States,NASDAQ,361021292415.0,454.71,39.75,42.54,2,15.2,576,True,-37.04,182.15,11.92,24.28,69.4,90.26,119.44,406.2809,365.8769,268.4294,238.991,207.2155,3676519951,1255,2026-09-04,33.03,793959430.0
NASDAQ:HLMN,HLMN,Hillman Solutions Corp.,Industrials,Tools & Accessories,United States,NASDAQ,1506889774.0,7.68,39.76,42.9,2,15.2,577,False,-28.49,9.09,-9.3,-11.15,-14.33,-14.07,-12.66,8.4674,8.6438,8.9642,8.9376,8.793,9844850,1255,2026-09-04,39.76,196209606.0
NASDAQ:MAZE,MAZE,"Maze Therapeutics, Inc.",Healthcare,Biotechnology,United States,NASDAQ,1450599291.0,26.21,39.77,43.09,2,15.2,578,True,-49.44,75.08,-23.39,-20.12,,,,34.2128,32.8112,,,,10796720,401,2026-09-04,37.29,55345261.0
NASDAQ:MKSI,MKSI,MKS Inc.,Technology,Scientific & Technical Instruments,United States,NASDAQ,17582412220.0,260.31,39.78,41.25,2,15.2,579,True,-41.42,150.17,-0.62,10.66,56.37,77.44,96.84,261.937,235.2384,166.4719,146.7017,132.2416,343043967,1255,2026-09-04,33.85,67544129.0
NYSE:SRFM,SRFM,Surf Air Mobility Inc.,Industrials,Airlines,United States,NYSE,74366378.0,0.67,39.79,40.31,2,15.3,580,False,-87.71,1.67,-54.78,-67.19,-74.83,-82.52,,1.4816,2.0423,2.662,3.8331,,1425434,781,2026-09-04,40.15,110994594.0
NASDAQ:STOK,STOK,"Stoke Therapeutics, Inc.",Healthcare,Biotechnology,United States,NASDAQ,1856616136.0,29.81,39.79,43.82,2,15.3,581,False,-22.27,44.15,-6.73,-3.56,40.54,74.68,94.75,31.9624,30.9094,21.2107,17.0659,15.3068,26857653,1255,2026-09-04,40.7,62281655.0
NASDAQ:ADUR,ADUR,Aduro Clean Technologies Inc.,Industrials,Pollution & Treatment Controls,Canada,NASDAQ,481321698.0,13.58,39.8,43.64,2,15.3,582,False,-21.91,47.77,3.59,2.59,36.32,,,13.1088,13.2371,9.9621,,,6191042,516,2026-09-04,41.91,35443424.0
AMEX:HCWC,HCWC,Healthy Choice Wellness Corp.,Consumer Defensive,Grocery Stores,United States,AMEX,186665619.0,7.02,39.8,43.34,2,15.3,583,True,-78.43,14.61,-30.65,-44.71,,,,10.1226,12.6966,,,,1569478,495,2026-09-04,39.53,26590544.0
NYSE:EXP,EXP,Eagle Materials Inc,Basic Materials,Building Materials,United States,NYSE,5965737206.0,194.48,39.82,42.16,2,15.4,584,True,-19.35,12.5,-7.66,-9.04,-14.94,-13.44,-4.95,210.6203,213.817,228.6324,224.6743,204.6181,69183853,1255,2026-09-04,38.52,30675325.0
NASDAQ:GLPI,GLPI,"Gaming and Leisure Properties, Inc.",Real Estate,REIT - Specialty,United States,NASDAQ,11872659575.0,41.92,39.82,41.3,2,15.4,585,False,-12.99,4.89,-5.94,-5.41,-5.44,-1.9,-0.33,44.5676,44.3186,44.3323,42.7298,42.0608,173126232,1255,2026-09-04,42.9,283221841.0
NASDAQ:IBIO,IBIO,"iBio, Inc.",Healthcare,Biotechnology,United States,NASDAQ,65078915.0,1.31,39.82,41.09,2,15.4,586,True,-57.33,65.82,-28.86,-21.84,-31.16,-40.55,-87.31,1.8414,1.6761,1.903,2.2037,10.3228,1090361,1255,2026-09-04,38.46,49678561.0
NASDAQ:SLSN,SLSN,"Solesence, Inc.",Consumer Defensive,Household & Personal Products,United States,NASDAQ,60037578.0,0.85,39.82,43.56,2,15.4,587,False,-80.5,32.81,-33.54,-50.02,-62.25,-53.82,-51.51,1.279,1.7005,2.2518,1.8404,1.7528,18107,1255,2026-09-04,40.75,70632445.0
NASDAQ:APEI,APEI,"American Public Education, Inc.",Consumer Defensive,Education & Training Services,United States,NASDAQ,832060616.0,45.36,39.83,41.21,2,15.5,588,False,-25.47,47.9,-5.71,-0.38,32.53,69.69,104.1,48.1076,45.5333,34.2267,26.7307,22.2245,13610953,1255,2026-09-04,39.92,18343488.0
NASDAQ:ARKO,ARKO,ARKO Corp.,Consumer Cyclical,Specialty Retail,United States,NASDAQ,548588176.0,4.89,39.84,37.66,2,15.5,589,False,-43.04,30.95,-19.02,-14.16,-11.64,-15.73,-22.85,6.0388,5.6968,5.5343,5.8028,6.3387,5700777,1255,2026-09-04,38.19,112185721.0
NYSE:CCS,CCS,"Century Communities, Inc.",Real Estate,Real Estate - Development,United States,NYSE,1834206379.0,64.51,39.87,44.66,2,15.5,590,False,-12.48,34.68,3.85,4.18,-2.69,-8.36,-3.5,62.1186,61.9246,66.2964,70.3989,66.8524,17214710,1255,2026-09-04,37.42,28432900.0
NYSE:EVMN,EVMN,"Evommune, Inc.",Healthcare,Biotechnology,United States,NYSE,441945424.0,12.27,39.87,41.16,2,15.5,591,True,-61.13,11.04,-38.4,,,,,19.9199,,,,,5182039,208,2026-09-04,36.9,36018372.0
NASDAQ:BTQ,BTQ,BTQ Technologies Corp.,Technology,Software - Infrastructure,Canada,NASDAQ,435529998.0,3.025,39.91,42.2,2,15.6,592,True,-78.61,40.7,-25.32,,,,,4.0507,,,,,7753159,237,2026-09-04,38.85,143976859.0
NASDAQ:QBTS,QBTS,D-Wave Quantum Inc.,Technology,Computer Hardware,United States,NASDAQ,6089321247.0,16.58,39.91,42.43,2,15.6,593,False,-62.97,27.73,-22.94,-27.98,5.53,52.58,89.95,21.517,23.0226,15.7117,10.8666,8.7286,265940313,1255,2026-09-04,40.85,367269074.0
AMEX:REA,REA,"Rare Earths Americas, Inc.",Basic Materials,Other Industrial Metals & Mining,United States,AMEX,233512418.0,11.73,39.92,43.09,2,15.6,594,False,-57.5,29.19,,,,,,,,,,,1320611,86,2026-09-04,42.09,19907282.0
NASDAQ:ALGT,ALGT,Allegiant Travel Company,Industrials,Airlines,United States,NASDAQ,2100745400.0,78.16,39.95,40.76,2,15.7,595,False,-34.41,34.69,-12.15,-6.66,5.83,10.62,3.51,88.9736,83.7408,73.8526,70.6538,75.5084,43878833,1255,2026-09-04,35.5,26877500.0
NYSE:LANV,LANV,Lanvin Group Holdings Limited,Consumer Cyclical,Luxury Goods,China,NYSE,119283560.0,1.02,39.96,40.34,2,15.7,596,False,-56.5,2.0,-35.17,-39.39,-44.87,-50.21,-68.59,1.5734,1.683,1.8502,2.0487,3.2471,67087,1255,2026-09-04,42.7,116944667.0
NASDAQ:LQDA,LQDA,Liquidia Corporation,Healthcare,Drug Manufacturers - Specialty & Generic,United States,NASDAQ,6105803277.0,68.66,39.96,43.29,2,15.7,597,True,-24.57,214.95,33.69,49.83,128.03,189.05,252.3,51.3558,45.8262,30.1097,23.7537,19.4888,118506824,1255,2026-09-04,39.9,88928099.0
NYSE:AMRZ,AMRZ,Amrize Ltd,Basic Materials,Building Materials,Switzerland,NYSE,24255974206.0,43.82,39.97,40.65,2,15.7,598,False,-32.64,2.36,-17.48,-16.33,,,,53.102,52.3707,,,,182547854,304,2026-09-04,40.67,553536609.0
NASDAQ:PLBL,PLBL,Polibeli Group Ltd,Consumer Cyclical,Department Stores,Singapore,NASDAQ,1723184226.0,5.4,39.99,42.43,2,15.8,599,True,-54.04,5.68,-34.65,-34.91,,,,8.2627,8.2956,,,,1977473,271,2026-09-04,39.49,319108190.0
NYSE:BEPC,BEPC,Brookfield Renewable Corporation Brookfield Renewable Corporation Class A Subordinate Voting Shares,Utilities,Utilities - Renewable,United States,NYSE,4688265516.0,31.75,40.02,41.11,2,15.8,600,False,-26.15,1.18,-15.3,-15.03,-3.1,6.49,9.05,37.4847,37.3683,32.7667,29.815,29.1162,52937888,1255,2026-09-04,37.48,147661906.0
NASDAQ:INOD,INOD,Innodata Inc.,Technology,Information Technology Services,United States,NASDAQ,1817597226.0,55.66,40.02,41.49,2,15.8,601,False,-54.19,61.57,-8.38,-11.64,10.73,50.48,89.05,60.7525,62.9894,50.2663,36.9882,29.4415,68758276,1255,2026-09-04,38.5,32655358.0
NYSE:NSC,NSC,Norfolk Southern Corporation,Industrials,Railroads,United States,NYSE,73999474569.0,329.46,40.02,45.53,2,15.8,602,True,-6.66,23.1,7.4,9.24,20.87,29.75,35.6,306.7707,301.6066,272.5817,253.926,242.9704,395796498,1255,2026-09-04,37.87,224608373.0
NYSE:FDXF,FDXF,"FedEx Freight Holding Company, Inc.",Industrials,Integrated Freight & Logistics,United States,NYSE,19355122317.0,129.45,40.03,42.53,2,15.9,603,False,-31.31,2.25,,,,,,,,,,,174697032,71,2026-09-04,36.43,149518133.0
NASDAQ:SRTA,SRTA,"Strata Critical Medical, Inc.",Healthcare,Medical Care Facilities,United States,NASDAQ,460321352.0,5.32,40.03,44.36,2,15.9,604,False,-17.77,33.33,4.45,5.06,22.29,35.14,35.38,5.0934,5.0638,4.3502,3.9367,3.9296,5047669,1255,2026-09-04,41.09,86526570.0
NYSE:TV,TV,Grupo Televisa S.A.B.,Communication Services,Telecom Services,Mexico,NYSE,1386167800.0,2.63,40.03,42.84,2,15.9,605,False,-23.55,10.97,-9.44,-7.91,7.86,6.58,-8.86,2.9041,2.8558,2.4384,2.4675,2.8855,2193954,1255,2026-09-04,41.96,527060000.0
NYSE:GCTS,GCTS,"GCT Semiconductor Holding, Inc.",Technology,Semiconductors,United States,NYSE,161004529.0,1.77,40.05,42.3,2,16.0,606,False,-52.55,78.79,3.41,6.41,-2.16,-56.12,-68.35,1.7117,1.6634,1.8091,4.0342,5.593,4344742,1178,2026-09-04,38.9,90963011.0
NASDAQ:IIIV,IIIV,"i3 Verticals, Inc.",Technology,Software - Infrastructure,United States,NASDAQ,324527228.0,16.6,40.05,39.63,2,16.0,607,True,-49.86,3.75,-23.7,-29.98,-32.24,-28.99,-29.25,21.7556,23.7083,24.4995,23.3757,23.4617,8672932,1255,2026-09-04,39.29,19549833.0
NYSE:PEG,PEG,Public Service Enterprise Group Incorporated,Utilities,Utilities - Regulated Electric,United States,NYSE,36726287327.0,73.7,40.06,40.27,2,16.0,608,False,-13.81,1.5,-6.91,-7.15,-7.89,-0.28,6.74,79.1729,79.3721,80.0123,73.9087,69.0462,189793782,1255,2026-09-04,40.72,498321402.0
NYSE:CPRI,CPRI,Capri Holdings Limited,Consumer Cyclical,Luxury Goods,United Kingdom,NYSE,1556635197.0,13.56,40.08,38.63,2,16.0,609,False,-50.98,6.69,-31.66,-32.56,-36.91,-52.85,-59.19,19.8416,20.1076,21.4938,28.7618,33.2304,59257608,1255,2026-09-04,35.47,114796106.0
NYSE:WH,WH,"Wyndham Hotels & Resorts, Inc.",Consumer Cyclical,Lodging,United States,NYSE,5328358560.0,71.8,40.08,41.63,2,16.0,610,True,-19.71,5.29,-8.06,-7.89,-13.4,-9.25,-5.43,78.0949,77.9497,82.9105,79.1222,75.9264,83871487,1255,2026-09-04,36.43,74211122.0
AMEX:BKTI,BKTI,BK Technologies Corporation,Technology,Communication Equipment,United States,AMEX,273925526.0,73.16,40.09,41.69,2,16.1,611,True,-24.54,16.94,-9.29,-7.66,25.78,69.35,103.7,80.657,79.2285,58.1662,43.1997,35.9154,2824515,1255,2026-09-04,38.97,3744198.0
NYSE:RH,RH,RH,Consumer Cyclical,Specialty Retail,United States,NYSE,2800891446.0,147.99,40.12,42.81,2,16.1,612,True,-41.04,31.14,-9.0,-12.37,-34.31,-38.2,-41.04,162.6284,168.8857,225.2855,239.4479,251.0012,99284662,1255,2026-09-04,38.75,18926221.0
NYSE:SPXC,SPXC,"SPX Technologies, Inc.",Industrials,Building Products & Equipment,United States,NYSE,9831232434.0,196.37,40.12,42.1,2,16.1,613,False,-20.31,8.67,-8.46,-6.69,6.92,22.47,42.35,214.508,210.4511,183.6559,160.3452,137.9533,76749958,1255,2026-09-04,37.02,50064839.0
AMEX:FNGD,FNGD,"MicroSectors FANG Index -3X Inverse Leveraged ETNs due January 8, 2038",,,,AMEX,17150229158.0,26.3,40.13,40.58,2,16.2,614,True,-69.34,2.98,-44.1,-44.6,-70.97,-88.48,-97.39,47.0449,47.4757,90.6043,228.3662,1007.5203,9788794,1255,2026-09-04,36.13,652099968.0
AMEX:GMTL,GMTL,Guardian Metal Resources PLC ADS,Basic Materials,Other Precious Metals & Mining,United Kingdom,AMEX,421564469.0,10.82,40.15,43.01,2,16.2,615,False,-47.58,16.72,,,,,,,,,,,2100528,117,2026-09-04,41.68,38961596.0
NYSE:CMTG,CMTG,"Claros Mortgage Trust, Inc.",Real Estate,REIT - Mortgage,United States,NYSE,228556414.0,1.62,40.16,39.51,2,16.2,616,False,-58.99,10.2,-35.09,-39.69,-53.42,-70.48,-76.74,2.4957,2.686,3.4775,5.4881,6.965,1089802,1214,2026-09-04,38.54,141084206.0
NYSE:MOG.A,MOG-A,Moog Inc.,Industrials,Aerospace & Defense,United States,NYSE,10570238741.0,371.68,40.16,43.33,2,16.2,617,False,-16.55,94.67,13.22,22.91,51.57,74.42,103.21,328.2844,302.4067,245.2139,213.0909,182.9075,93167348,1255,2026-09-04,39.24,28439084.0
NYSE:HD,HD,"Home Depot, Inc. (The)",Consumer Cyclical,Home Improvement Retail,United States,NYSE,320124310756.0,321.05,40.18,43.34,2,16.3,618,False,-22.03,9.52,-5.19,-7.64,-10.5,-6.99,-2.13,338.6395,347.6144,358.7349,345.1599,328.0485,1212132795,1255,2026-09-04,36.65,997116682.0
NASDAQ:KLIC,KLIC,"Kulicke and Soffa Industries, Inc.",Technology,Semiconductor Equipment & Materials,Singapore,NASDAQ,4271409421.0,81.62,40.18,41.37,2,16.3,619,True,-39.0,133.46,3.53,15.44,49.44,57.67,61.65,78.8355,70.706,54.6185,51.7659,50.4932,63825797,1255,2026-09-04,34.92,52332877.0
NASDAQ:ALDX,ALDX,"Aldeyra Therapeutics, Inc.",Healthcare,Biotechnology,United States,NASDAQ,89275181.0,1.48,40.19,41.77,2,16.3,620,False,-74.31,19.35,-50.95,-57.41,-64.07,-63.28,-69.71,3.0173,3.4751,4.1191,4.0302,4.8853,1043540,1255,2026-09-04,40.19,60321068.0
NYSE:ENS,ENS,EnerSys,Industrials,Electrical Equipment & Parts,United States,NYSE,6631733881.0,181.91,40.19,41.99,2,16.3,621,True,-25.16,76.53,-2.17,5.85,37.13,51.83,65.08,185.936,171.8629,132.651,119.8134,110.1964,110943814,1255,2026-09-04,37.46,36456126.0
NYSE:MAX,MAX,"MediaAlpha, Inc.",Communication Services,Internet Content & Information,United States,NYSE,638357318.0,12.05,40.2,44.87,2,16.4,622,False,-15.56,68.06,10.12,7.89,4.63,-3.1,0.54,10.9426,11.1684,11.5167,12.4354,11.9848,6897459,1255,2026-09-04,42.12,52975711.0
NYSE:PII,PII,Polaris Inc.,Consumer Cyclical,Recreational Vehicles,United States,NYSE,3557608320.0,62.52,40.2,42.63,2,16.4,623,True,-15.41,33.25,-1.75,-0.66,10.48,-2.7,-13.58,63.6332,62.9341,56.5919,64.2555,72.3419,49480537,1255,2026-09-04,33.66,56903524.0
NASDAQ:PTRN,PTRN,Pattern Group Inc. - Series A,Technology,Software - Application,United States,NASDAQ,3132291204.0,20.2,40.2,42.86,2,16.4,624,False,-31.29,110.64,21.83,,,,,16.5803,,,,,30634003,242,2026-09-04,42.3,155063921.0
NYSE:WM,WM,"Waste Management, Inc.",Industrials,Waste Management,United States,NYSE,87533628144.0,218.99,40.21,42.72,2,16.4,625,False,-10.42,12.65,-2.31,-1.04,-0.23,5.37,12.8,224.1617,221.2946,219.4975,207.8284,194.1337,445816939,1255,2026-09-04,44.98,399715184.0
NASDAQ:HOVR,HOVR,New Horizon Aircraft Ltd.,Industrials,Aerospace & Defense,Canada,NASDAQ,112267406.0,1.68,40.22,42.91,2,16.5,626,False,-57.03,40.0,-11.93,-16.39,17.32,-33.61,,1.9077,2.0094,1.432,2.5305,,1294214,860,2026-09-04,39.34,66825837.0
NASDAQ:TOYO,TOYO,"TOYO Co., Ltd",Technology,Solar,Japan,NASDAQ,190099319.0,4.45,40.22,39.12,2,16.5,627,False,-73.81,6.46,-46.69,-44.31,-21.93,-36.17,-43.12,8.3475,7.9903,5.6999,6.9719,7.8229,4765579,1122,2026-09-04,38.86,42718948.0
NASDAQ:TSSI,TSSI,"TSS, Inc.",Technology,Information Technology Services,United States,NASDAQ,236382710.0,8.42,40.23,41.01,2,16.5,628,False,-58.77,21.68,-21.98,-30.13,-31.65,-1.83,28.42,10.7924,12.0503,12.3191,8.5765,6.5565,10024913,1255,2026-09-04,35.49,28073956.0
NASDAQ:DYN,DYN,"Dyne Therapeutics, Inc.",Healthcare,Biotechnology,United States,NASDAQ,4534203345.0,24.28,40.27,47.28,2,16.5,629,False,-9.34,96.28,21.9,26.75,29.7,19.69,33.22,19.9178,19.1552,18.7195,20.286,18.225,43695426,1255,2026-09-04,45.77,186746431.0
NYSE:LUCK,LUCK,Lucky Strike Entertainment Corporation,Consumer Cyclical,Leisure,United States,NYSE,489756314.0,6.29,40.28,40.77,2,16.6,630,False,-39.1,3.11,-20.1,-22.45,-30.62,-36.14,-40.32,7.8719,8.1106,9.0659,9.85,10.5391,534939,1255,2026-09-04,38.63,77862689.0
NASDAQ:VMD,VMD,"Viemed Healthcare, Inc.",Healthcare,Medical Devices,United States,NASDAQ,348098162.0,9.08,40.28,39.7,2,16.6,631,False,-26.36,45.05,-0.64,5.13,12.08,14.41,13.09,9.1387,8.6367,8.1013,7.9364,8.029,3777476,1255,2026-09-04,38.41,38336802.0
AMEX:LGCY,LGCY,Legacy Education Inc.,Consumer Defensive,Education & Training Services,United States,AMEX,133099440.0,10.52,40.29,41.97,2,16.6,632,False,-26.59,29.08,-7.87,-5.97,,,,11.4183,11.1885,,,,458812,487,2026-09-04,44.54,12652038.0
NASDAQ:CNCK,CNCK,Coincheck Group N.V.,Financial Services,Capital Markets,Netherlands,NASDAQ,377294875.0,1.97,40.31,43.58,2,16.7,633,False,-75.0,40.71,-18.4,-29.98,-62.6,-71.71,-74.51,2.4144,2.8135,5.2674,6.9648,7.7278,86867,1252,2026-09-04,46.43,191520241.0
NASDAQ:OMCL,OMCL,"Omnicell, Inc.",Healthcare,Health Information Services,United States,NASDAQ,1563110102.0,34.37,40.31,40.85,2,16.7,634,False,-33.12,16.67,-15.57,-11.66,-9.71,-6.6,-21.44,40.7075,38.9081,38.065,36.7976,43.7522,23785965,1255,2026-09-04,42.22,45478909.0
NASDAQ:ICHR,ICHR,Ichor Holdings,Technology,Semiconductor Equipment & Materials,United States,NASDAQ,1965804448.0,56.38,40.32,41.47,2,16.7,635,False,-49.79,295.65,3.79,19.96,56.09,58.58,64.22,54.3214,47.0008,36.1193,35.5533,34.3324,39587689,1255,2026-09-04,34.24,34867053.0
NYSE:COLD,COLD,"Americold Realty Trust, Inc.",Real Estate,REIT - Industrial,United States,NYSE,4057052059.0,14.22,40.33,44.1,2,16.7,636,True,-12.49,48.02,8.68,10.33,-10.93,-23.83,-29.82,13.0842,12.8891,15.9651,18.6699,20.2629,47114311,1255,2026-09-04,38.21,285306052.0
AMEX:NRXS,NRXS,"Neuraxis, Inc.",Healthcare,Biotechnology,United States,AMEX,74364762.0,5.96,40.36,41.58,2,16.8,637,False,-32.35,158.01,0.16,12.24,51.38,64.03,,5.9505,5.3098,3.9372,3.6336,,541609,772,2026-09-04,43.19,12477309.0
NASDAQ:JBIO,JBIO,"Jade Biosciences, Inc.",Healthcare,Biotechnology,United States,NASDAQ,1211111512.0,19.9,40.37,44.35,2,16.8,638,True,-25.88,186.33,10.48,23.26,-45.34,-89.86,-93.7,18.0128,16.1449,36.4046,196.2492,315.9455,15723983,1255,2026-09-04,39.99,60859875.0
NASDAQ:TNYA,TNYA,"Tenaya Therapeutics, Inc.",Healthcare,Biotechnology,United States,NASDAQ,148210232.0,0.683,40.37,42.54,2,16.8,639,False,-67.48,24.18,-14.39,-28.2,-38.13,-64.32,-71.59,0.7978,0.9512,1.1039,1.914,2.4041,1292190,1255,2026-09-04,43.22,216998876.0
NASDAQ:FELE,FELE,"Franklin Electric Co., Inc.",Industrials,Specialty Industrial Machinery,United States,NASDAQ,4410535649.0,99.76,40.39,43.09,2,16.9,640,False,-9.12,11.57,0.3,1.38,3.05,4.11,6.57,99.4625,98.3988,96.8069,95.822,93.6061,19526271,1255,2026-09-04,38.52,44211464.0
NYSE:SMA,SMA,"SmartStop Self Storage REIT, Inc.",Real Estate,REIT - Industrial,United States,NYSE,1803801311.0,32.58,40.39,44.59,2,16.9,641,False,-12.23,12.21,2.79,0.9,,,,31.6949,32.2902,,,,23368573,359,2026-09-04,45.82,55365295.0
NASDAQ:MOB,MOB,Mobilicom Limited,Industrials,Aerospace & Defense,Israel,NASDAQ,63924857.0,5.06,40.41,44.08,2,16.9,642,True,-50.39,16.59,-15.98,-21.07,14.82,50.39,74.06,6.0225,6.4109,4.4068,3.3645,2.907,895103,1011,2026-09-04,38.22,12633371.0
NYSE:RWT,RWT,"Redwood Trust, Inc.",Real Estate,REIT - Mortgage,United States,NYSE,566487570.0,4.51,40.41,41.98,2,16.9,643,True,-27.58,2.04,-12.43,-12.21,-13.99,-13.09,-11.06,5.1504,5.1374,5.2438,5.1892,5.071,6289289,1255,2026-09-04,38.34,125607000.0
NYSE:CTS,CTS,CTS Corporation,Technology,Electronic Components,United States,NYSE,1632843230.0,57.18,40.42,42.39,2,17.0,644,True,-16.24,57.15,4.69,10.48,17.64,20.81,23.83,54.6205,51.7539,48.6066,47.3323,46.1745,9060549,1255,2026-09-04,37.01,28556195.0
NASDAQ:PMN,PMN,ProMIS Neurosciences Inc.,Healthcare,Biotechnology,Canada,NASDAQ,112992932.0,12.6,40.42,44.64,2,17.0,645,False,-49.17,86.39,1.29,3.86,-21.63,-50.48,-74.7,12.4393,12.1314,16.0771,25.4436,49.8106,460154,1255,2026-09-04,42.18,8967693.0
NASDAQ:BCAX,BCAX,Bicara Therapeutics Inc.,Healthcare,Biotechnology,United States,NASDAQ,1522358575.0,23.17,40.43,43.17,2,17.0,646,False,-23.78,121.93,10.28,17.37,,,,21.0109,19.7402,,,,14267274,496,2026-09-04,41.27,65703866.0
NYSE:PH,PH,Parker-Hannifin Corporation,Industrials,Specialty Industrial Machinery,United States,NYSE,121369497188.0,962.59,40.45,44.79,2,17.0,647,False,-10.18,35.43,3.22,7.26,24.3,42.41,64.36,932.5886,897.4301,774.431,675.9207,585.6429,615561794,1255,2026-09-04,40.88,126086389.0
NASDAQ:BIYA,BIYA,Baiya International Group Inc.,Technology,Software - Application,China,NASDAQ,61002169.0,2.26,40.47,41.86,2,17.1,648,False,-98.66,17.1,-89.32,-94.66,,,,21.1597,42.2835,,,,307085,367,2026-09-04,41.08,26992110.0
NASDAQ:BLDP,BLDP,"Ballard Power Systems, Inc.",Industrials,Electrical Equipment & Parts,Canada,NASDAQ,705453487.0,2.34,40.47,39.26,2,17.1,649,False,-63.32,23.81,-22.9,-23.26,1.95,-8.27,-28.06,3.0352,3.0492,2.2952,2.551,3.2526,6492039,1255,2026-09-04,37.27,301475849.0
NASDAQ:NCEW,NCEW,New Century Logistics (BVI) Limited,Industrials,Integrated Freight & Logistics,Hong Kong,NASDAQ,51968000.0,16.24,40.47,44.09,2,17.1,650,False,-21.55,439.53,31.79,51.81,,,,12.3222,10.6977,,,,9241,429,2026-09-04,40.47,3200000.0
NASDAQ:OPXS,OPXS,"Optex Systems Holdings, Inc.",Industrials,Aerospace & Defense,United States,NASDAQ,71617093.0,10.29,40.47,41.75,2,17.1,651,False,-40.59,4.57,-18.94,-21.03,-3.58,12.07,34.62,12.6946,13.0308,10.6723,9.1821,7.6439,389493,1255,2026-09-04,41.67,6959873.0
NYSE:O,O,Realty Income Corporation,Real Estate,REIT - Retail,United States,NYSE,57954872500.0,61.25,40.49,43.67,2,17.2,652,False,-6.95,14.05,1.17,2.7,8.97,15.14,16.19,60.544,59.6417,56.2075,53.1942,52.7168,328790402,1255,2026-09-04,44.6,946202000.0
NASDAQ:AEVA,AEVA,"Aeva Technologies, Inc.",Technology,Software - Infrastructure,United States,NASDAQ,1059627335.0,15.69,40.51,43.02,2,17.2,653,False,-46.43,70.73,-8.15,-6.4,18.77,56.4,66.2,17.0828,16.7626,13.2102,10.0318,9.4403,29364612,1255,2026-09-04,38.54,67535203.0
NASDAQ:HQY,HQY,"HealthEquity, Inc.",Healthcare,Health Information Services,United States,NASDAQ,8031659223.0,96.07,40.57,45.21,2,17.2,654,False,-10.04,31.23,7.48,6.32,3.75,10.48,18.54,89.3837,90.3554,92.5932,86.9607,81.0457,87328534,1255,2026-09-04,46.01,83602157.0
NYSE:PM,PM,Philip Morris International Inc,Consumer Defensive,Tobacco,United States,NYSE,284493711021.0,182.53,40.57,44.96,2,17.2,655,False,-8.81,29.83,5.77,8.33,17.68,37.35,51.64,172.575,168.4926,155.105,132.8934,120.3672,774044713,1255,2026-09-04,45.53,1558613439.0
NASDAQ:RDZN,RDZN,"Roadzen, Inc.",Technology,Software - Application,United States,NASDAQ,109085758.0,1.29,40.58,44.11,2,17.3,656,False,-46.47,54.86,-15.43,-11.65,-2.83,-46.14,-70.63,1.5254,1.4601,1.3276,2.3949,4.3925,401075,1165,2026-09-04,44.54,84562603.0
NASDAQ:AAON,AAON,"AAON, Inc.",Industrials,Building Products & Equipment,United States,NASDAQ,6503789774.0,79.4,40.63,38.94,2,17.3,657,False,-46.34,8.39,-19.25,-18.71,-19.21,-12.12,-2.34,98.3334,97.6718,98.2753,90.3556,81.2996,101715130,1255,2026-09-04,37.43,81911710.0
NASDAQ:BSY,BSY,"Bentley Systems, Incorporated",Technology,Software - Application,United States,NASDAQ,9852810949.0,33.71,40.63,45.59,2,17.3,658,False,-40.32,18.61,-4.75,-12.51,-22.12,-25.94,-24.13,35.3922,38.5321,43.2864,45.5173,44.4301,78555251,1255,2026-09-04,49.85,292281547.0
NYSE:CBT,CBT,Cabot Corporation,Basic Materials,Specialty Chemicals,United States,NYSE,4206113057.0,81.48,40.65,43.3,2,17.3,659,True,-12.27,42.16,6.18,8.21,1.08,1.06,5.82,76.7363,75.2957,80.6123,80.6263,76.9982,28752041,1255,2026-09-04,39.59,51621417.0
NYSE:BWMX,BWMX,"Betterware de Mexico, S.A.P.I. de C.V.",Consumer Cyclical,Specialty Retail,Mexico,NYSE,586219301.0,15.74,40.66,41.66,2,17.4,660,True,-14.71,32.84,-3.37,1.21,23.06,23.54,37.48,16.2896,15.5518,12.7908,12.7406,11.4493,1098508,1255,2026-09-04,33.38,37243920.0
NASDAQ:CLPT,CLPT,ClearPoint Neuro Inc.,Healthcare,Medical Devices,United States,NASDAQ,418654299.0,13.96,40.66,44.31,2,17.4,661,False,-52.84,61.2,4.04,-5.01,0.65,22.4,30.04,13.4181,14.6955,13.8693,11.4053,10.735,7957506,1255,2026-09-04,41.24,29989563.0
NASDAQ:NVEC,NVEC,NVE Corporation,Technology,Semiconductors,United States,NASDAQ,485651466.0,100.4,40.69,45.13,2,17.4,662,False,-24.54,81.04,22.04,27.64,38.64,41.02,46.2,82.2651,78.6603,72.4203,71.1981,68.6748,14613379,1255,2026-09-04,37.69,4837166.0
NASDAQ:TRON,TRON,Tron Inc.,Consumer Cyclical,Leisure,United States,NASDAQ,702085455.0,1.48,40.69,43.9,2,17.4,663,False,-64.16,30.97,-14.89,-24.02,-26.83,-21.15,,1.739,1.9478,2.0226,1.8769,,2857583,768,2026-09-04,46.46,474382064.0
NASDAQ:VCYT,VCYT,"Veracyte, Inc.",Healthcare,Diagnostics & Research,United States,NASDAQ,3419017789.0,42.53,40.7,41.98,2,17.5,664,False,-29.69,41.72,-0.28,3.23,14.13,29.75,39.27,42.6489,41.1998,37.2634,32.7794,30.5378,53275874,1255,2026-09-04,46.48,80390731.0
NASDAQ:AXON,AXON,"Axon Enterprise, Inc.",Industrials,Aerospace & Defense,United States,NASDAQ,41564073047.0,515.67,40.73,44.79,2,17.5,665,False,-33.68,49.06,2.0,-5.51,-11.12,7.94,27.69,505.5594,545.744,580.1907,477.7421,403.8464,481351590,1255,2026-09-04,43.9,80602077.0
NYSE:GLAS,GLAS,Glass House Brands Inc. Subordinate Voting Shares,Healthcare,Drug Manufacturers - Specialty & Generic,United States,NYSE,740928037.0,8.88,40.74,42.11,2,17.5,666,False,-34.62,67.26,-4.61,-0.61,14.88,20.97,41.21,9.3093,8.9349,7.73,7.3409,6.2885,4326907,1255,2026-09-04,36.74,83437842.0
NASDAQ:HBNB,HBNB,Hotel101 Global Holdings Corp.,Real Estate,Real Estate Services,Singapore,NASDAQ,1221649055.0,5.22,40.74,43.26,2,17.5,667,False,-47.8,80.0,-22.26,-15.06,,,,6.715,6.1458,,,,4655,317,2026-09-04,48.35,234032386.0
NASDAQ:AIOT,AIOT,"PowerFleet, Inc.",Technology,Software - Infrastructure,United States,NASDAQ,405362272.0,3.02,40.75,41.27,2,17.6,668,False,-46.55,8.24,-24.31,-28.69,-37.61,-31.64,-24.77,3.99,4.2348,4.8402,4.4177,4.0144,8112426,1255,2026-09-04,41.36,134225918.0
NASDAQ:PTCT,PTCT,"PTC Therapeutics, Inc.",Healthcare,Biotechnology,United States,NASDAQ,5783833579.0,69.3,40.76,42.59,2,17.6,669,False,-22.61,21.69,-5.52,-3.34,17.63,41.61,44.48,73.3478,71.6934,58.914,48.9365,47.9649,56789627,1255,2026-09-04,46.3,83460802.0
NASDAQ:AARD,AARD,"Aardvark Therapeutics, Inc.",Healthcare,Biotechnology,United States,NASDAQ,117736770.0,5.38,40.77,44.62,2,17.6,670,False,-69.1,54.6,-32.47,-38.68,,,,7.9672,8.7732,,,,847492,392,2026-09-04,43.62,21884158.0
NYSE:IIM,IIM,Invesco Value Municipal Income Trust,Financial Services,Asset Management,United States,NYSE,583589258.0,12.39,40.79,44.51,2,17.7,671,False,-3.54,12.53,1.91,2.69,8.5,14.13,17.83,12.1573,12.0652,11.4195,10.8564,10.5148,1285392,1255,2026-09-04,40.79,47101635.0
NASDAQ:NEGG,NEGG,"Newegg Commerce, Inc.",Consumer Cyclical,Internet Retail,United States,NASDAQ,321312840.0,15.32,40.79,43.19,2,17.7,672,False,-83.46,19.04,-57.52,-61.98,-47.09,-39.76,-43.32,36.0673,40.2976,28.9528,25.4309,27.0276,1105056,1255,2026-09-04,46.67,20973423.0
NYSE:REZI,REZI,"Resideo Technologies, Inc.",Industrials,Industrial Distribution,United States,NYSE,3010354049.0,19.88,40.79,42.12,2,17.7,673,False,-35.8,6.64,-16.76,-19.35,-0.78,12.03,21.0,23.884,24.6505,20.0363,17.7446,16.4303,57957683,1255,2026-09-04,37.93,151426260.0
NYSE:UA,UA,"Under Armour, Inc.",Consumer Cyclical,Apparel Manufacturing,United States,NYSE,1039541176.0,5.12,40.79,41.0,2,17.7,674,False,-35.03,29.29,-11.28,-7.59,-17.45,-21.19,-25.0,5.7712,5.5406,6.2025,6.4968,6.8263,12805234,1255,2026-09-04,40.07,203035386.0
NASDAQ:TSHA,TSHA,"Taysha Gene Therapies, Inc.",Healthcare,Biotechnology,United States,NASDAQ,1609221712.0,5.6,40.8,44.18,2,17.8,675,True,-19.77,97.88,2.97,8.54,53.71,73.66,101.4,5.4383,5.1593,3.6433,3.2248,2.7805,15345082,1255,2026-09-04,39.9,287361020.0
NYSE:ECG,ECG,"Everus Construction Group, Inc.",Industrials,Engineering & Construction,United States,NYSE,5984117887.0,117.24,40.82,42.21,2,17.8,676,False,-30.69,58.07,-3.11,3.0,,,,120.9992,113.8212,,,,64841825,465,2026-09-04,37.84,51041606.0
NYSE:PRIM,PRIM,Primoris Services Corporation,Industrials,Engineering & Construction,United States,NYSE,4038194812.0,74.43,40.85,40.97,2,17.8,677,True,-63.29,3.22,-39.81,-40.55,-25.55,-7.21,12.26,123.6544,125.1892,99.9687,80.2165,66.3003,82153486,1255,2026-09-04,38.97,54254935.0
NASDAQ:STRL,STRL,"Sterling Infrastructure, Inc.",Industrials,Engineering & Construction,United States,NASDAQ,14928409761.0,486.49,40.85,40.99,2,17.8,678,False,-51.04,71.56,-6.92,-0.21,45.92,91.64,142.6,522.6646,487.5045,333.3844,253.8496,200.5286,274000600,1255,2026-09-04,34.11,30685954.0
NASDAQ:CCLD,CCLD,"CareCloud, Inc.",Healthcare,Health Information Services,United States,NASDAQ,94759276.0,2.23,40.86,44.09,2,17.9,679,False,-41.47,7.21,-17.32,-21.06,-18.07,-4.64,-13.74,2.6973,2.8248,2.7217,2.3386,2.5853,931600,1255,2026-09-04,41.24,42492949.0
NYSE:NXDR,NXDR,"Nextdoor Holdings, Inc.",Communication Services,Internet Content & Information,United States,NYSE,568719267.0,2.24,40.86,45.04,2,17.9,680,False,-19.13,64.71,13.91,13.55,11.02,9.58,4.29,1.9665,1.9727,2.0177,2.0442,2.1479,4357562,1211,2026-09-04,41.53,253892530.0
NASDAQ:SMID,SMID,Smith-Midland Corporation,Basic Materials,Building Materials,United States,NASDAQ,138129601.0,26.03,40.86,41.76,2,17.9,681,False,-39.8,4.58,-18.56,-21.57,-24.8,-23.4,-15.14,31.9623,33.1888,34.6143,33.9829,30.6731,408329,1255,2026-09-04,42.34,5306554.0
NASDAQ:VIAV,VIAV,Viavi Solutions Inc.,Technology,Communication Equipment,United States,NASDAQ,8599461654.0,34.86,40.86,42.69,2,17.9,682,True,-37.0,200.26,0.13,14.34,71.66,112.62,131.09,34.8134,30.4883,20.3071,16.3957,15.0853,152135493,1255,2026-09-04,36.91,246685647.0
NASDAQ:IA,IA,"Innovative Solutions and Support, Inc.",Industrials,Aerospace & Defense,United States,NASDAQ,331492684.0,18.52,40.87,44.57,2,18.0,683,False,-39.4,122.6,-5.41,4.22,36.15,61.62,74.96,19.5784,17.7695,13.6023,11.459,10.5854,5944825,1255,2026-09-04,39.71,17899173.0
NYSE:POR,POR,Portland General Electric Co,Utilities,Utilities - Regulated Electric,United States,NYSE,5734553402.0,48.76,40.87,43.03,2,18.0,684,False,-9.11,21.85,-2.35,0.42,8.89,14.38,15.46,49.9333,48.5556,44.7784,42.6292,42.23,48779974,1255,2026-09-04,43.9,117607740.0
NYSE:ESS,ESS,"Essex Property Trust, Inc.",Real Estate,REIT - Residential,United States,NYSE,17903963103.0,278.61,40.88,44.05,2,18.0,685,False,-6.61,18.57,5.65,6.54,4.43,10.32,16.58,263.7073,261.5032,266.7999,252.5522,238.9809,132354087,1255,2026-09-04,40.93,64261739.0
AMEX:BUDA,BUDA,"Buda Juice, Inc.",Consumer Defensive,Beverages - Non-Alcoholic,United States,AMEX,99276661.0,7.9,40.89,43.85,2,18.0,686,False,-27.26,10.34,,,,,,,,,,,77476,166,2026-09-04,41.51,12566666.0
NYSE:PHIN,PHIN,PHINIA Inc.,Consumer Cyclical,Auto Parts,United States,NYSE,2529493596.0,69.04,40.91,41.97,2,18.1,687,False,-18.57,36.56,-2.29,2.61,21.67,41.38,,70.66,67.2841,56.7423,48.8344,,22254987,801,2026-09-04,37.34,36638088.0
NASDAQ:LUNR,LUNR,"Intuitive Machines, Inc.",Industrials,Aerospace & Defense,United States,NASDAQ,2376298696.0,14.81,40.92,42.5,2,18.1,688,True,-67.59,83.98,-25.13,-17.3,1.05,32.41,35.11,19.782,17.9082,14.6564,11.1849,10.9617,157511199,1204,2026-09-04,40.11,160452309.0
NYSE:GBAB,GBAB,Guggenheim Taxable Municipal Bond & Investment Grade Debt Trust Common Shares of Beneficial Interest,Financial Services,Asset Management,United States,NYSE,377868759.0,13.65,40.93,43.23,2,18.1,689,False,-6.98,3.32,-2.42,-2.72,-0.78,2.03,5.25,13.9884,14.0321,13.7571,13.3778,12.9694,1324097,1255,2026-09-04,40.2,27682693.0
NYSE:KFRC,KFRC,"Kforce, Inc.",Industrials,Staffing & Employment Services,United States,NYSE,976577770.0,54.53,40.94,46.9,2,18.2,690,True,-9.79,130.29,38.37,46.99,30.84,14.74,11.38,39.4102,37.0979,41.6757,47.5242,48.9581,15317944,1255,2026-09-04,37.88,17909000.0
NYSE:VTOL,VTOL,"Bristow Group, Inc.",Energy,Oil & Gas Equipment & Services,United States,NYSE,1282523862.0,43.32,40.94,44.39,2,18.2,691,False,-12.89,22.39,0.48,3.12,14.38,23.64,32.13,43.111,42.0088,37.873,35.0369,32.7864,11010408,1255,2026-09-04,42.51,29605814.0
NASDAQ:MRTN,MRTN,"Marten Transport, Ltd.",Industrials,Trucking,United States,NASDAQ,1174883544.0,14.4,40.95,40.33,2,18.2,692,False,-20.96,55.12,2.04,7.78,4.15,-5.05,-11.7,14.1125,13.3603,13.8257,15.1659,16.3071,7313630,1255,2026-09-04,35.12,81589135.0
AMEX:PTHS,PTHS,Pelthos Therapeutics Inc.,Healthcare,Biotechnology,United States,AMEX,84631956.0,24.35,40.95,43.66,2,18.2,693,False,-34.93,33.86,-4.12,-8.61,22.04,,,25.3976,26.6454,19.9526,,,1142373,640,2026-09-04,40.99,3475645.0
AMEX:TGEN,TGEN,Tecogen Inc.,Industrials,Electrical Equipment & Parts,United States,AMEX,93643190.0,3.13,40.95,41.1,2,18.2,694,False,-74.07,56.5,-29.34,-40.36,-27.61,-0.46,18.59,4.4294,5.2485,4.3236,3.1443,2.6393,687084,1255,2026-09-04,37.91,29917952.0
NASDAQ:RUN,RUN,Sunrun Inc.,Technology,Solar,United States,NASDAQ,2120703161.0,8.89,40.96,40.62,2,18.3,695,False,-58.48,6.21,-38.68,-42.11,-31.9,-33.09,-43.45,14.4969,15.356,13.0534,13.2862,15.7193,68923846,1255,2026-09-04,41.37,238549287.0
NYSE:AVA,AVA,Avista Corporation,Utilities,Utilities - Diversified,United States,NYSE,3103073046.0,37.55,40.97,41.36,2,18.3,696,False,-10.37,10.86,-4.67,-3.07,1.46,7.51,8.4,39.3891,38.7406,37.0106,34.9281,34.6389,24860490,1255,2026-09-04,41.69,82638430.0
NYSE:WEC,WEC,"WEC Energy Group, Inc.",Utilities,Utilities - Regulated Electric,United States,NYSE,34520483635.0,105.94,40.97,42.15,2,18.3,697,False,-10.09,5.03,-3.7,-3.53,2.41,12.64,16.53,110.0052,109.8148,103.4434,94.0482,90.9106,252660076,1255,2026-09-04,43.69,325849383.0
NASDAQ:ALTO,ALTO,"Alto Ingredients, Inc.",Basic Materials,Specialty Chemicals,United States,NASDAQ,313040018.0,4.04,40.98,42.03,2,18.4,698,True,-32.55,339.13,-0.32,16.56,68.46,69.81,59.16,4.0528,3.466,2.3982,2.3791,2.5383,7300419,1255,2026-09-04,40.6,77485153.0
NYSE:SWX,SWX,"Southwest Gas Holdings, Inc. Common Stock (DE)",Utilities,Utilities - Regulated Gas,United States,NYSE,6373331316.0,88.06,40.98,44.11,2,18.4,699,False,-5.03,17.55,2.28,4.57,13.7,21.85,28.36,86.0945,84.214,77.4486,72.2712,68.6053,35739656,1255,2026-09-04,43.58,72374873.0
NYSE:CALY,CALY,Callaway Golf Company,Consumer Cyclical,Leisure,United States,NYSE,2858145252.0,15.9,40.99,42.07,2,18.4,700,False,-19.13,89.51,6.15,14.73,43.78,31.21,11.93,14.9786,13.8592,11.0586,12.1177,14.2056,25112973,1255,2026-09-04,37.47,179757563.0
NASDAQ:NXST,NXST,"Nexstar Media Group, Inc.",Communication Services,Broadcasting,United States,NASDAQ,5447424980.0,176.83,40.99,44.3,2,18.4,701,False,-28.92,15.44,-9.71,-9.15,-0.25,6.32,8.49,195.8491,194.634,177.2695,166.3119,162.9907,58060686,1255,2026-09-04,41.96,30806000.0
NASDAQ:CSCO,CSCO,"Cisco Systems, Inc.",Technology,Communication Equipment,United States,NASDAQ,430404665418.0,109.2,41.0,44.07,2,18.5,702,True,-15.69,67.54,15.87,22.71,47.67,68.4,83.11,94.2431,88.9934,73.951,64.8461,59.6379,2218384610,1255,2026-09-04,39.17,3941434665.0
NASDAQ:SEPN,SEPN,"Septerna, Inc.",Healthcare,Biotechnology,United States,NASDAQ,1656525838.0,36.75,41.0,46.6,2,18.5,703,False,-23.74,157.35,23.73,33.37,,,,29.7021,27.5546,,,,19678395,466,2026-09-04,41.15,45075533.0
NYSE:UNP,UNP,Union Pacific Corporation,Industrials,Railroads,United States,NYSE,172056145731.0,289.62,41.01,47.06,2,18.5,704,True,-6.33,37.6,12.35,15.91,21.99,25.14,30.95,257.7818,249.8616,237.4065,231.4439,221.1711,701172059,1255,2026-09-04,40.26,594075498.0
NASDAQ:CTW,CTW,CTW,Communication Services,Electronic Gaming & Multimedia,Japan,NASDAQ,120960000.0,2.4,41.02,44.88,2,18.6,705,True,-20.27,98.35,8.8,8.63,,,,2.2059,2.2094,,,,70096,273,2026-09-04,38.57,50400000.0
AMEX:EVI,EVI,"EVI Industries, Inc.",Industrials,Industrial Distribution,United States,AMEX,175792084.0,13.66,41.02,42.01,2,18.6,706,True,-59.86,4.83,-29.56,-35.56,-32.2,-33.72,-33.01,19.393,21.1967,20.1476,20.6099,20.3903,1408280,1255,2026-09-04,32.81,12869113.0
NASDAQ:CVRX,CVRX,"CVRx, Inc.",Healthcare,Medical Devices,United States,NASDAQ,80934629.0,3.05,41.03,40.29,2,18.6,707,True,-71.79,28.69,-53.15,-56.44,-64.62,-72.67,-73.69,6.5102,7.0018,8.6207,11.1589,11.5937,3110905,1255,2026-09-04,40.06,26535944.0
NASDAQ:CSIQ,CSIQ,Canadian Solar Inc.,Technology,Solar,Canada,NASDAQ,897595022.0,13.22,41.04,42.72,2,18.6,708,False,-60.63,22.63,-26.14,-25.24,-9.22,-18.92,-38.55,17.8998,17.6843,14.5633,16.3042,21.5126,26304700,1255,2026-09-04,43.21,67896749.0
NYSE:UAA,UAA,"Under Armour, Inc.",Consumer Cyclical,Apparel Manufacturing,United States,NYSE,991407406.0,5.25,41.05,41.12,2,18.7,709,False,-35.5,25.9,-11.6,-7.97,-19.76,-23.14,-28.16,5.9387,5.7046,6.5425,6.831,7.3076,44096642,1255,2026-09-04,38.92,188839506.0
NYSE:CHCT,CHCT,Community Healthcare Trust Incorporated,Real Estate,REIT - Healthcare Facilities,United States,NYSE,428576895.0,15.0,41.07,40.24,2,18.7,710,False,-19.34,25.98,-6.44,-2.94,-0.21,-9.56,-20.46,16.0332,15.455,15.0315,16.5858,18.8589,5535486,1255,2026-09-04,38.73,28571793.0
NASDAQ:REAX,REAX,Real REMAX Group Inc.,Real Estate,Real Estate Services,United States,NASDAQ,4069017094.0,18.67,41.09,44.31,2,18.7,711,False,-64.44,17.42,-28.87,-36.82,-51.64,-48.79,-39.65,26.2494,29.5519,38.61,36.4554,30.9337,22910689,1255,2026-09-04,40.14,217944140.0
NYSE:DBD,DBD,Diebold Nixdorf Incorporated,Technology,Software - Application,United States,NYSE,2331112198.0,68.67,41.1,40.72,2,18.8,712,False,-24.33,25.08,-8.87,-4.62,14.82,36.21,,75.3506,71.9953,59.8046,50.4135,,17352958,769,2026-09-04,39.33,33946588.0
NASDAQ:SSII,SSII,SS Innovations International Inc.,Healthcare,Medical Devices,India,NASDAQ,682448534.0,3.41,41.1,43.34,2,18.8,713,True,-65.83,3.65,-23.73,-32.1,-41.48,,,4.4711,5.0223,5.8269,,,129942,522,2026-09-04,39.89,200131535.0
NYSE:STE,STE,STERIS plc (Ireland),Healthcare,Medical Devices,United States,NYSE,21888020351.0,224.59,41.1,46.98,2,18.8,714,False,-15.68,12.98,-2.99,-4.06,-2.0,-0.01,4.09,231.5008,234.0929,229.1779,224.6139,215.7647,138967149,1255,2026-09-04,43.25,97457680.0
NASDAQ:LTRX,LTRX,"Lantronix, Inc.",Technology,Communication Equipment,United States,NASDAQ,232856876.0,5.22,41.11,43.62,2,18.8,715,False,-38.22,17.3,-12.99,-9.45,17.08,17.84,16.84,5.9996,5.7646,4.4586,4.4297,4.4675,6527683,1255,2026-09-04,41.11,44608597.0
AMEX:CMT,CMT,Core Molding Technologies Inc,Basic Materials,Specialty Chemicals,United States,AMEX,206546772.0,24.12,41.14,45.54,2,18.8,716,True,-14.92,37.36,7.89,10.79,27.46,26.04,30.7,22.3555,21.7705,18.9231,19.1371,18.454,620339,1255,2026-09-04,40.1,8563299.0
NASDAQ:XNDU,XNDU,Xanadu Quantum Technologies Limited - Class B Subordinate Voting Shares,Technology,Software - Infrastructure,Canada,NASDAQ,420724475.0,9.72,41.17,43.63,2,18.9,717,False,-73.09,30.12,,,,,,,,,,,14348696,116,2026-09-04,43.76,43284411.0
NYSE:OWLT,OWLT,"Owlet, Inc.",Healthcare,Medical Devices,United States,NYSE,144738491.0,4.98,41.18,43.66,2,18.9,718,False,-69.85,12.16,-39.57,-40.21,-27.06,-18.05,-24.36,8.2413,8.3288,6.8273,6.0769,6.5838,1440316,1255,2026-09-04,42.22,29063954.0
NYSE:AMTM,AMTM,"Amentum Holdings, Inc.",Industrials,Specialty Business Services,United States,NYSE,4900985359.0,20.06,41.2,42.85,2,18.9,719,False,-46.55,0.8,-23.94,-21.93,,,,26.3732,25.6941,,,,54912660,489,2026-09-04,41.56,244316319.0
NASDAQ:ICCC,ICCC,ImmuCell Corporation,Healthcare,Biotechnology,United States,NASDAQ,89563310.0,9.9,41.2,44.52,2,18.9,720,False,-15.53,117.11,23.56,29.69,55.1,69.23,66.72,8.0124,7.6338,6.383,5.85,5.9382,311552,1255,2026-09-04,43.4,9046799.0
NASDAQ:MYPS,MYPS,"PLAYSTUDIOS, Inc.",Communication Services,Electronic Gaming & Multimedia,United States,NASDAQ,58186675.0,0.52,41.21,43.4,2,19.0,721,False,-50.94,27.76,-6.84,-17.81,-50.91,-65.74,-75.99,0.5582,0.6327,1.0592,1.5177,2.1658,170347,1255,2026-09-04,39.39,111897452.0
NYSE:PHR,PHR,"Phreesia, Inc.",Healthcare,Health Information Services,United States,NYSE,676222066.0,10.94,41.21,46.17,2,19.0,722,False,-61.11,35.73,-11.02,-24.99,-44.97,-46.53,-52.34,12.2946,14.5849,19.8816,20.4596,22.9567,9195563,1255,2026-09-04,43.03,61811889.0
NASDAQ:AIRS,AIRS,"AirSculpt Technologies, Inc.",Healthcare,Medical Care Facilities,United States,NASDAQ,197175178.0,2.795,41.23,40.43,2,19.1,723,False,-76.01,76.9,-15.28,-34.8,-39.26,-44.02,-47.36,3.2992,4.2866,4.6019,4.9927,5.3092,3341498,1217,2026-09-04,33.77,70545681.0
NASDAQ:DRH,DRH,Diamondrock Hospitality Company,Real Estate,REIT - Hotel & Motel,United States,NASDAQ,2471636626.0,12.08,41.23,45.19,2,19.1,724,True,-9.72,65.99,15.51,21.73,36.29,41.59,45.92,10.4583,9.9234,8.8633,8.5318,8.2786,28553038,1255,2026-09-04,40.71,204605681.0
NASDAQ:NEXN,NEXN,Nexxen International Ltd.,Communication Services,Advertising Agencies,Israel,NASDAQ,532690647.0,9.56,41.23,45.45,2,19.1,725,False,-12.69,67.72,23.37,20.42,10.64,28.03,30.87,7.749,7.9387,8.6406,7.4668,7.3048,5450195,1255,2026-09-04,41.98,55720779.0
NASDAQ:SIDU,SIDU,"Sidus Space, Inc.",Industrials,Aerospace & Defense,United States,NASDAQ,201307276.0,2.07,41.23,43.32,2,19.1,726,False,-66.61,226.5,-23.62,-13.07,-6.22,-40.88,-92.02,2.71,2.3811,2.2074,3.5012,25.9513,10144755,1186,2026-09-04,43.12,97249892.0
NASDAQ:ICUI,ICUI,"ICU Medical, Inc.",Healthcare,Medical Instruments & Supplies,United States,NASDAQ,4188424974.0,167.58,41.24,48.33,2,19.1,727,True,-10.51,46.83,15.1,18.45,15.0,25.46,18.11,145.599,141.479,145.7253,133.5719,141.8899,43565087,1255,2026-09-04,38.82,24993585.0
NASDAQ:ELVR,ELVR,Elevra Lithium Limited - American Depository Shares,Basic Materials,Other Industrial Metals & Mining,Australia,NASDAQ,1102787115.0,56.84,41.25,43.34,2,19.2,728,True,-44.45,252.82,-8.63,4.27,,,,62.2087,54.5101,,,,2333751,255,2026-09-04,41.11,19401603.0
NASDAQ:MMYT,MMYT,MakeMyTrip Limited,Consumer Cyclical,Travel Services,India,NASDAQ,4936996503.0,55.62,41.25,46.65,2,19.2,729,False,-45.4,53.22,-2.48,-12.82,-33.0,-26.91,-13.33,57.0337,63.7983,83.0196,76.0982,64.1761,22782325,1255,2026-09-04,45.81,88762972.0
NYSE:MLM,MLM,"Martin Marietta Materials, Inc.",Basic Materials,Building Materials,United States,NYSE,30920091942.0,514.77,41.27,42.16,2,19.2,730,True,-26.99,1.95,-14.09,-14.61,-9.84,-6.72,1.84,599.17,602.8362,570.9831,551.8557,505.4822,316639481,1255,2026-09-04,38.14,60065839.0
NYSE:ZWS,ZWS,Zurn Elkay Water Solutions Corporation,Industrials,Pollution & Treatment Controls,United States,NYSE,7896789658.0,47.61,41.27,44.15,2,19.2,731,False,-10.27,9.45,-1.07,-0.31,13.06,25.66,39.06,48.1257,47.7564,42.1114,37.8893,34.2375,35600036,1255,2026-09-04,41.32,165864097.0
NASDAQ:AMKR,AMKR,"Amkor Technology, Inc.",Technology,Semiconductor Equipment & Materials,United States,NASDAQ,11868574587.0,47.77,41.28,41.78,2,19.3,732,True,-48.84,95.22,-14.59,-5.64,29.83,39.1,51.02,55.9281,50.6269,36.794,34.3431,31.6322,214471052,1255,2026-09-04,39.5,248452472.0
NASDAQ:FHB,FHB,"First Hawaiian, Inc.",Financial Services,Banks - Regional,United States,NASDAQ,3172099811.0,26.07,41.29,41.71,2,19.3,733,False,-13.26,19.18,-0.44,1.53,6.24,15.2,19.49,26.1861,25.6781,24.5396,22.6305,21.8177,44833140,1255,2026-09-04,40.07,121676249.0
NASDAQ:FSLY,FSLY,"Fastly, Inc.",Technology,Software - Application,United States,NASDAQ,3222335000.0,20.59,41.29,44.91,2,19.3,734,False,-38.54,179.76,10.42,23.98,70.31,62.92,61.62,18.6463,16.6073,12.0894,12.6382,12.7399,131116032,1255,2026-09-04,42.78,156500000.0
NYSE:MANE,MANE,"Veradermics, Incorporated",Healthcare,Biotechnology,United States,NYSE,4115618456.0,98.51,41.3,44.34,2,19.3,735,True,-24.07,166.03,,,,,,,,,,,62945832,148,2026-09-04,39.96,41778687.0
NYSE:HUN,HUN,Huntsman Corporation,Basic Materials,Chemicals,United States,NYSE,1687206336.0,9.62,41.31,40.98,2,19.4,736,True,-39.46,32.38,-19.07,-14.58,-26.37,-39.25,-45.82,11.8861,11.2617,13.0657,15.8366,17.7556,21591520,1255,2026-09-04,36.98,175385274.0
NYSE:FBK,FBK,FB Financial Corporation,Financial Services,Banks - Regional,United States,NYSE,2936322099.0,56.99,41.34,44.96,2,19.4,737,False,-8.2,12.76,2.23,2.85,10.77,23.83,33.42,55.7455,55.4084,51.4472,46.0234,42.7157,16052272,1255,2026-09-04,41.34,51523462.0
NASDAQ:SHLS,SHLS,"Shoals Technologies Group, Inc.",Technology,Solar,United States,NASDAQ,1196213055.0,7.13,41.34,42.07,2,19.4,738,False,-44.17,24.87,-17.44,-17.59,5.42,-15.68,-42.05,8.6357,8.652,6.7634,8.4554,12.3047,33921343,1255,2026-09-04,39.89,167771817.0
NYSE:BBN,BBN,BlackRock Taxable Municipal Bond Trust Common Shares of Beneficial Interest,Financial Services,Asset Management,United States,NYSE,967052844.0,15.65,41.35,44.51,2,19.5,739,False,-4.7,3.07,-0.74,-0.6,2.52,6.55,8.83,15.7662,15.744,15.2653,14.6878,14.3801,1928885,1255,2026-09-04,41.35,61792514.0
NASDAQ:CYTK,CYTK,"Cytokinetics, Incorporated",Healthcare,Biotechnology,United States,NASDAQ,9873237523.0,72.72,41.35,43.24,2,19.5,740,False,-16.66,52.9,4.24,8.28,31.01,31.03,40.75,69.7629,67.1607,55.507,55.4985,51.6666,132643321,1255,2026-09-04,44.13,135770593.0
NASDAQ:IDXX,IDXX,"IDEXX Laboratories, Inc.",Healthcare,Diagnostics & Research,United States,NASDAQ,42232378934.0,535.38,41.35,43.79,2,19.5,741,True,-30.17,1.7,-11.82,-13.14,-2.35,0.76,4.75,607.1428,616.38,548.2784,531.3517,511.1043,278444636,1255,2026-09-04,38.06,78882997.0
NASDAQ:RMIX,RMIX,"Suncrete, Inc.",Basic Materials,Building Materials,United States,NASDAQ,814150033.0,16.7,41.37,43.57,2,19.5,742,False,-32.77,58.9,,,,,,,,,,,6809324,108,2026-09-04,35.69,48751499.0
NYSE:SMG,SMG,Scotts Miracle-Gro Company (The),Basic Materials,Agricultural Inputs,United States,NYSE,3460079793.0,59.47,41.37,43.42,2,19.5,743,True,-18.17,17.74,-2.97,-0.76,-3.05,0.02,2.83,61.2878,59.9242,61.3378,59.4573,57.8332,49604580,1255,2026-09-04,40.54,58181937.0
NYSE:TRAK,TRAK,"ReposiTrak, Inc.",Technology,Software - Application,United States,NYSE,143934635.0,7.92,41.37,42.21,2,19.5,744,False,-55.16,11.31,-18.57,-27.59,-48.76,-46.27,-37.61,9.7258,10.9374,15.4562,14.7403,12.6937,615684,1255,2026-09-04,41.07,18173565.0
NASDAQ:MGPI,MGPI,"MGP Ingredients, Inc.",Consumer Defensive,Beverages - Wineries & Distilleries,United States,NASDAQ,351190846.0,16.4,41.38,43.8,2,19.6,745,True,-42.42,4.75,-17.62,-21.57,-45.98,-66.06,-73.32,19.9077,20.9095,30.3564,48.3211,61.4675,3370188,1255,2026-09-04,40.68,21414076.0
NYSE:RXO,RXO,"RXO, Inc.",Industrials,Trucking,United States,NYSE,3407253646.0,20.66,41.38,42.5,2,19.6,746,False,-29.49,97.14,9.2,12.64,4.81,0.91,,18.9198,18.341,19.712,20.473,,30695294,967,2026-09-04,36.65,164920312.0
NYSE:NI,NI,NiSource Inc,Utilities,Utilities - Regulated Gas,United States,NYSE,19843990351.0,41.39,41.39,39.93,2,19.7,747,False,-15.1,7.95,-7.11,-5.77,2.7,17.02,26.87,44.5589,43.9233,40.3003,35.3708,32.6245,228958568,1255,2026-09-04,43.76,479439245.0
NYSE:GRMN,GRMN,Garmin Ltd. Common Stock (Switzerland),Technology,Scientific & Technical Instruments,Switzerland,NYSE,53425938048.0,277.03,41.4,48.37,2,19.7,748,False,-11.54,49.93,16.76,17.36,26.74,45.62,67.58,237.2714,236.0491,218.5754,190.2416,165.3117,240182480,1255,2026-09-04,41.54,192852536.0
NASDAQ:BOKF,BOKF,BOK Financial Corporation,Financial Services,Banks - Regional,United States,NASDAQ,8305890906.0,136.7,41.42,44.85,2,19.7,749,False,-6.01,34.38,5.49,9.35,20.87,33.28,39.25,129.5883,125.0154,113.0925,102.5651,98.1706,30056584,1255,2026-09-04,43.21,60759992.0
NYSE:AORT,AORT,"Artivion, Inc.",Healthcare,Medical Devices,United States,NYSE,1241253460.0,25.57,41.43,45.7,2,19.8,750,False,-46.32,27.21,-24.19,-28.16,-20.76,-9.13,3.62,33.7275,35.5907,32.27,28.1402,24.6756,18394932,1255,2026-09-04,41.71,48543350.0
NYSE:CSR,CSR,D/B/A Centerspace,Real Estate,REIT - Residential,United States,NYSE,888886529.0,52.9,41.43,41.57,2,19.8,751,True,-22.16,0.97,-12.37,-11.43,-11.41,-8.67,-6.69,60.3696,59.726,59.7153,57.919,56.692,6171152,1255,2026-09-04,37.08,16803148.0
NASDAQ:RGNX,RGNX,REGENXBIO Inc.,Healthcare,Biotechnology,United States,NASDAQ,572340990.0,8.94,41.43,44.03,2,19.8,752,False,-44.06,58.23,-13.43,-14.52,-6.77,-24.25,-36.96,10.327,10.458,9.5895,11.8021,14.1824,12210850,1255,2026-09-04,43.17,64020245.0
NASDAQ:FSLR,FSLR,"First Solar, Inc.",Technology,Solar,United States,NASDAQ,21972198157.0,204.45,41.44,42.87,2,19.8,753,False,-35.76,10.69,-11.34,-11.5,0.41,3.91,6.86,230.5972,231.0269,203.6141,196.7584,191.3216,406618313,1255,2026-09-04,43.52,107469788.0
NYSE:GVA,GVA,Granite Construction Incorporated,Industrials,Engineering & Construction,United States,NYSE,5221106043.0,119.3,41.44,42.82,2,19.8,754,False,-25.56,21.49,-5.47,-2.16,14.05,36.97,60.46,126.1989,121.9345,104.6013,87.0967,74.3486,55752890,1255,2026-09-04,41.72,43764510.0
NYSE:GWRE,GWRE,"Guidewire Software, Inc.",Technology,Software - Application,United States,NYSE,13522498641.0,162.42,41.45,46.62,2,19.9,755,False,-37.98,58.17,3.41,-6.56,-13.15,-0.2,16.18,157.0676,173.8188,187.0041,162.7502,139.7967,254218777,1255,2026-09-04,66.33,83256364.0
NYSE:NXRT,NXRT,"NexPoint Residential Trust, Inc.",Real Estate,REIT - Residential,United States,NYSE,607574553.0,23.78,41.46,41.15,2,19.9,756,True,-26.28,1.67,-12.75,-14.51,-24.77,-23.4,-26.87,27.2548,27.8158,31.6103,31.0433,32.5183,8459318,1255,2026-09-04,40.49,25549813.0
NYSE:PACS,PACS,"PACS Group, Inc.",Healthcare,Medical Care Facilities,United States,NYSE,6726575980.0,42.5,41.46,45.9,2,19.9,757,False,-12.28,451.23,12.57,30.78,70.02,,,37.7556,32.4963,24.9975,,,27411172,603,2026-09-04,44.37,158272376.0
NASDAQ:TMS,TMS,Teamshares Inc.,Financial Services,Financial Conglomerates,United States,NASDAQ,444152226.0,6.17,41.46,42.18,2,19.9,758,False,-50.64,14.47,-35.33,-36.29,,,,9.5405,9.6843,,,,621950,347,2026-09-04,41.76,71985774.0
NYSE:HHH,HHH,Howard Hughes Holdings Inc.,Real Estate,Real Estate - Development,United States,NYSE,3829312828.0,64.12,41.48,43.18,2,20.0,759,False,-28.64,4.01,-10.34,-12.86,-13.12,-11.27,-10.93,71.5127,73.5805,73.7992,72.2628,71.9885,29337632,1255,2026-09-04,37.88,59721036.0
NYSE:AVEX,AVEX,AEVEX Corp.,Industrials,Aerospace & Defense,United States,NYSE,930066385.0,16.47,41.49,43.94,2,20.0,760,False,-59.31,23.65,,,,,,,,,,,26624735,98,2026-09-04,40.62,56470333.0
NYSE:NKE,NKE,"Nike, Inc.",Consumer Cyclical,Footwear & Accessories,United States,NYSE,46161060518.0,38.4,41.52,42.28,2,20.0,761,False,-46.81,0.96,-23.82,-28.47,-37.55,-45.91,-51.4,50.4044,53.6847,61.492,70.9978,79.0066,1092761237,1255,2026-09-04,43.28,1202110951.0
NYSE:CURB,CURB,Curbline Properties Corp.,Real Estate,REIT - Retail,United States,NYSE,3390170597.0,29.47,41.53,44.68,3,20.1,762,True,-7.18,37.05,8.81,12.73,,,,27.0841,26.1422,,,,41515827,487,2026-09-04,40.26,115038025.0
NASDAQ:CVGI,CVGI,"Commercial Vehicle Group, Inc.",Consumer Cyclical,Auto Parts,United States,NASDAQ,109978119.0,3.24,41.53,40.05,3,20.1,763,True,-43.94,141.79,-0.33,10.82,30.66,-12.33,-31.17,3.2506,2.9238,2.4798,3.6955,4.7073,1154939,1255,2026-09-04,34.51,33943864.0
NYSE:WPC,WPC,W. P. Carey Inc. REIT,Real Estate,REIT - Diversified,United States,NYSE,16033074325.0,70.38,41.53,43.34,3,20.1,764,True,-8.23,14.25,0.94,2.52,13.1,20.73,19.81,69.7239,68.6478,62.2277,58.297,58.741,78199599,1255,2026-09-04,40.52,227807251.0
NASDAQ:GEHC,GEHC,GE HealthCare Technologies Inc.,Healthcare,Medical Devices,United States,NASDAQ,31103115313.0,68.86,41.6,47.47,3,20.1,765,False,-21.78,15.83,-5.25,-5.86,-9.8,-10.27,,72.6785,73.145,76.3414,76.7374,,185801176,933,2026-09-04,44.8,451686252.0
NASDAQ:OCS,OCS,Oculis Holding AG,Healthcare,Biotechnology,Switzerland,NASDAQ,734922848.0,12.17,41.61,41.36,3,20.2,766,False,-62.73,13.63,-42.16,-41.07,-36.38,-26.67,-19.42,21.0419,20.6528,19.1304,16.5962,15.1029,2175080,1255,2026-09-04,41.61,60388073.0
NYSE:BKT,BKT,BlackRock Income Trust Inc. (The),Financial Services,Asset Management,United States,NYSE,331338979.0,10.23,41.64,44.49,3,20.2,767,False,-4.73,2.45,-0.98,-1.05,-0.54,2.57,4.89,10.3312,10.3383,10.2857,9.9735,9.7528,1198674,1255,2026-09-04,45.63,32388952.0
NYSE:PSO,PSO,"Pearson, Plc",Communication Services,Publishing,United Kingdom,NYSE,9594639195.0,15.98,41.64,46.04,3,20.2,768,False,-8.79,35.83,11.88,12.8,10.72,18.75,27.47,14.2835,14.1672,14.4322,13.4565,12.5363,10088396,1255,2026-09-04,44.59,600415469.0
NASDAQ:TXN,TXN,Texas Instruments Incorporated,Technology,Semiconductors,United States,NASDAQ,236019731970.0,258.44,41.64,42.96,3,20.2,769,True,-21.82,71.39,8.83,15.6,26.86,36.12,42.72,237.4761,223.5625,203.7162,189.855,181.0865,1435288895,1255,2026-09-04,36.98,913247686.0
NASDAQ:TBLA,TBLA,Taboola.com Ltd.,Communication Services,Internet Content & Information,United States,NASDAQ,939078973.0,3.86,41.65,41.36,3,20.3,770,False,-30.82,30.85,-6.57,-3.34,4.37,2.31,9.31,4.1313,3.9935,3.6984,3.7728,3.5314,9588098,1255,2026-09-04,41.98,243284708.0
NYSE:MKC.V,MKC-V,"McCormick & Company, Incorporated",Consumer Defensive,Packaged Foods,United States,NYSE,772224220.0,52.19,41.66,47.14,3,20.3,771,False,-26.2,15.52,-7.26,-9.93,-20.51,-20.8,-23.62,56.2757,57.946,65.6531,65.896,68.3309,193808,1255,2026-09-04,44.36,14796402.0
NASDAQ:APP,APP,Applovin Corporation,Communication Services,Advertising Agencies,United States,NASDAQ,98005449920.0,320.56,41.67,39.76,3,20.3,772,True,-56.3,7.36,-34.05,-37.37,-21.81,9.32,42.59,486.0419,511.8589,409.9675,293.2398,224.8188,1657158633,1255,2026-09-04,37.99,305732000.0
NASDAQ:HCSG,HCSG,"Healthcare Services Group, Inc.",Healthcare,Medical Care Facilities,United States,NASDAQ,1497554648.0,21.82,41.67,44.35,3,20.3,773,True,-13.79,43.74,4.8,9.13,35.25,52.11,54.39,20.8209,19.9954,16.1332,14.3449,14.1328,14152982,1255,2026-09-04,39.89,68632202.0
NYSE:INGR,INGR,Ingredion Incorporated,Consumer Defensive,Packaged Foods,United States,NYSE,6385360517.0,101.26,41.67,45.55,3,20.3,774,False,-18.73,7.85,-5.35,-6.91,-15.05,-11.29,-6.35,106.9804,108.7765,119.1941,114.1431,108.1299,59351574,1255,2026-09-04,42.95,63059061.0
NASDAQ:TROW,TROW,"T. Rowe Price Group, Inc.",Financial Services,Asset Management,United States,NASDAQ,23522188007.0,109.78,41.67,45.02,3,20.3,775,False,-9.78,28.9,7.51,8.0,10.28,11.22,12.02,102.1095,101.647,99.546,98.7058,98.0,141190549,1255,2026-09-04,45.08,214266606.0
NASDAQ:ATEX,ATEX,Anterix Inc.,Communication Services,Telecom Services,United States,NASDAQ,1682133266.0,86.27,41.68,45.75,3,20.4,776,False,-20.27,379.54,60.87,84.06,121.64,131.86,138.34,53.6284,46.8693,38.9232,37.2078,36.1966,30979438,1255,2026-09-04,42.74,19498473.0
NYSE:CTRE,CTRE,"CareTrust REIT, Inc.",Real Estate,REIT - Healthcare Facilities,United States,NYSE,9215731567.0,39.01,41.68,44.24,3,20.4,777,False,-10.12,22.12,1.38,4.09,19.67,35.24,51.26,38.4797,37.4767,32.5971,28.8444,25.7906,91101001,1255,2026-09-04,46.79,236240235.0
NYSE:PFSI,PFSI,"PennyMac Financial Services, Inc.",Financial Services,Mortgage Finance,United States,NYSE,3805574089.0,73.29,41.68,41.69,3,20.4,778,False,-53.55,3.55,-24.66,-28.44,-27.7,-23.01,-14.79,97.2814,102.4141,101.3664,95.1999,86.012,36016310,1255,2026-09-04,41.44,51924875.0
NASDAQ:PGNY,PGNY,"Progyny, Inc.",Healthcare,Healthcare Plans,United States,NASDAQ,2031941678.0,25.94,41.7,43.09,3,20.5,779,False,-19.84,59.14,7.55,10.37,18.38,2.02,-7.72,24.1196,23.5029,21.9134,25.4256,28.1102,26871987,1255,2026-09-04,46.38,78332370.0
NYSE:UHT,UHT,Universal Health Realty Income Trust,Real Estate,REIT - Healthcare Facilities,United States,NYSE,567481839.0,40.83,41.7,44.45,3,20.5,780,False,-10.89,22.32,0.83,3.04,7.59,12.04,10.88,40.4931,39.6263,37.9492,36.4416,36.8226,3946813,1255,2026-09-04,44.5,13898649.0
NYSE:SNN,SNN,"Smith & Nephew SNATS, Inc.",Healthcare,Medical Devices,United Kingdom,NYSE,12132846122.0,28.87,41.71,43.42,3,20.5,781,False,-23.64,0.73,-9.19,-11.24,-4.11,1.93,4.5,31.7932,32.5249,30.1078,28.3234,27.6268,47603665,1255,2026-09-04,39.21,420257919.0
NASDAQ:QNT,QNT,Quantinuum Inc.,Technology,Software - Application,United States,NASDAQ,1831780000.0,49.65,41.72,44.22,3,20.6,782,False,-40.3,4.88,,,,,,,,,,,92933688,65,2026-09-04,40.01,36893857.0
NASDAQ:WYFI,WYFI,"WhiteFiber, Inc.",Technology,Information Technology Services,United States,NASDAQ,754521781.0,19.54,41.74,42.84,3,20.6,783,False,-56.35,81.26,-9.28,-14.56,,,,21.5382,22.8707,,,,67897493,272,2026-09-04,39.26,38614216.0
AMEX:CEV,CEV,Eaton Vance California Municipal Income Trust Shares of Beneficial Interest,Financial Services,Asset Management,United States,AMEX,72867837.0,10.36,41.75,46.19,3,20.7,784,True,-4.43,13.99,2.26,3.3,7.59,10.16,13.54,10.1309,10.0287,9.6289,9.4042,9.1242,235551,1255,2026-09-04,41.17,7033575.0
NASDAQ:EXC,EXC,Exelon Corporation,Utilities,Utilities - Regulated Electric,United States,NASDAQ,44960283120.0,43.64,41.75,42.98,3,20.7,785,False,-11.57,5.88,-3.22,-2.75,3.25,10.62,13.15,45.0906,44.8735,42.2655,39.4506,38.5668,281778435,1255,2026-09-04,46.07,1030253967.0
NASDAQ:VECO,VECO,Veeco Instruments Inc.,Technology,Semiconductor Equipment & Materials,United States,NASDAQ,2730661019.0,44.67,41.75,42.6,3,20.7,786,True,-46.21,82.25,1.86,9.57,36.87,34.66,47.59,43.8555,40.7703,32.6363,33.1732,30.267,27501137,1255,2026-09-04,35.89,61129640.0
NASDAQ:ALGN,ALGN,"Align Technology, Inc.",Healthcare,Medical Instruments & Supplies,United States,NASDAQ,11361499667.0,158.64,41.76,43.23,3,20.7,787,False,-19.68,27.03,-6.98,-2.56,-11.68,-24.12,-30.19,170.5464,162.8038,179.6244,209.0676,227.2471,131949044,1255,2026-09-04,43.07,71618127.0
NYSE:GE,GE,GE Aerospace,Industrials,Aerospace & Defense,United States,NYSE,349783074383.0,337.12,41.76,44.35,3,20.7,788,False,-11.57,23.53,5.08,6.63,28.81,55.65,88.31,320.8127,316.1512,261.7159,216.5834,179.0262,1231706606,1255,2026-09-04,38.86,1037562513.0
NYSE:CIA,CIA,"Citizens, Inc. Class A Common Stock ($1.00 Par)",Financial Services,Insurance - Life,United States,NYSE,199686578.0,3.95,41.78,39.34,3,20.8,789,False,-38.09,6.18,-23.99,-25.14,-17.5,-4.01,4.82,5.197,5.2766,4.788,4.1151,3.7682,545596,1255,2026-09-04,42.49,50553564.0
NYSE:SHW,SHW,Sherwin-Williams Company (The),Basic Materials,Specialty Chemicals,United States,NYSE,81010822570.0,333.71,41.78,45.92,3,20.8,790,False,-10.22,14.16,0.33,-0.14,-2.8,1.9,10.11,332.6245,334.1829,343.3228,327.474,303.0703,536082540,1255,2026-09-04,40.32,242758151.0
NASDAQ:ENPH,ENPH,"Enphase Energy, Inc.",Technology,Solar,United States,NASDAQ,4806100848.0,36.37,41.79,42.89,3,20.8,791,False,-49.72,39.24,-10.73,-8.21,-28.59,-49.34,-66.78,40.741,39.6212,50.9342,71.789,109.4689,138489979,1255,2026-09-04,41.54,132144648.0
NASDAQ:TRNS,TRNS,"Transcat, Inc.",Industrials,Specialty Business Services,United States,NASDAQ,800076559.0,85.48,41.8,45.13,3,20.8,792,False,-12.56,64.2,12.24,14.07,1.66,-7.72,-5.18,76.1592,74.9397,84.0871,92.6315,90.1509,10445148,1255,2026-09-04,42.24,9359810.0
NASDAQ:MNTS,MNTS,Momentus Inc.,Industrials,Aerospace & Defense,United States,NASDAQ,78733707.0,4.18,41.81,42.31,3,20.9,793,True,-86.31,29.41,-41.19,-58.87,-90.41,-97.23,-99.84,7.107,10.1623,43.5766,151.0524,2550.9257,4021898,1255,2026-09-04,41.09,18835815.0
NASDAQ:OPAL,OPAL,OPAL Fuels Inc.,Utilities,Utilities - Regulated Gas,United States,NASDAQ,61018663.0,2.01,41.81,44.13,3,20.9,794,True,-27.7,12.92,-11.13,-11.92,-21.93,-41.7,-55.23,2.2618,2.2821,2.5745,3.4476,4.4898,412808,1255,2026-09-04,39.64,30357544.0
NYSE:BHE,BHE,"Benchmark Electronics, Inc.",Technology,Electronic Components,United States,NYSE,2609223933.0,72.64,41.82,42.73,3,20.9,795,False,-26.38,103.75,9.48,19.05,43.03,64.92,86.17,66.3497,61.0187,50.7855,44.0455,39.0182,23802232,1255,2026-09-04,37.35,35919933.0
NASDAQ:ANNX,ANNX,"Annexon, Inc.",Healthcare,Biotechnology,United States,NASDAQ,797913160.0,4.87,41.84,43.96,3,21.0,796,True,-30.03,129.72,-9.67,-0.29,12.23,11.94,8.46,5.3913,4.8843,4.3395,4.3506,4.4902,12370187,1255,2026-09-04,40.84,163842538.0
NYSE:DUK,DUK,Duke Energy Corporation (Holding Company),Utilities,Utilities - Regulated Electric,United States,NYSE,93723057208.0,120.22,41.84,43.6,3,21.0,797,False,-8.34,8.22,-1.73,-1.33,3.66,12.49,18.85,122.338,121.8434,115.9719,106.8715,101.1496,500921585,1255,2026-09-04,46.04,779596217.0
NASDAQ:FNWB,FNWB,First Northwest Bancorp,Financial Services,Banks - Regional,United States,NASDAQ,104548851.0,11.0,41.84,46.03,3,21.0,798,False,-9.61,58.05,8.01,12.81,13.22,4.1,-1.34,10.1838,9.7508,9.7158,10.5671,11.1493,249030,1255,2026-09-04,44.91,9504441.0
NASDAQ:HDRN,HDRN,"Hadron Energy, Inc.",Industrials,Specialty Industrial Machinery,United States,NASDAQ,127982927.0,1.79,41.84,38.94,3,21.0,799,False,-84.73,21.77,-75.15,-77.4,,,,7.2027,7.9188,,,,151626,498,2026-09-04,43.77,71498842.0
NASDAQ:QH,QH,Quhuo Limited,Technology,Software - Application,China,NASDAQ,354326725955.0,4.03,41.84,44.46,3,21.0,800,True,-64.37,22288.89,55.13,28.16,-92.71,-93.89,-95.41,2.5979,3.1445,55.2675,66.0008,87.8676,91350,1255,2026-09-04,40.0,87922264505.0
NASDAQ:QS,QS,QuantumScape Corporation,Consumer Cyclical,Auto Parts,United States,NASDAQ,3169294618.0,5.48,41.86,42.9,3,21.1,801,False,-70.28,12.18,-31.6,-40.76,-26.66,-22.52,-24.87,8.0115,9.2502,7.4722,7.0728,7.2942,93330955,1255,2026-09-04,40.99,578338434.0
NASDAQ:CCXI,CCXI,Churchill Capital Corp XI,Financial Services,Shell Companies,United States,NASDAQ,561460000.0,13.4,41.89,45.22,3,21.1,802,False,-29.84,32.8,,,,,,,,,,,35272515,145,2026-09-04,44.58,41900000.0
NYSE:EMA,EMA,Emera Incorporated,Utilities,Utilities - Regulated Electric,Canada,NYSE,15402065000.0,50.35,41.89,42.9,3,21.1,803,False,-7.75,12.07,-0.36,1.17,12.81,25.03,29.96,50.5308,49.7687,44.6342,40.2692,38.7441,20638215,1255,2026-09-04,41.26,305900000.0
NYSE:FRT,FRT,Federal Realty Investment Trust,Real Estate,REIT - Retail,United States,NYSE,10115311077.0,117.09,41.9,43.4,3,21.2,804,False,-7.9,27.33,6.68,9.65,14.97,19.34,23.11,109.7587,106.7854,101.8413,98.1182,95.1096,73655895,1255,2026-09-04,42.21,86389197.0
NYSE:MDA,MDA,MDA Space Ltd.,Industrials,Aerospace & Defense,Canada,NYSE,4779853042.0,29.52,41.9,42.8,3,21.2,805,False,-39.36,25.03,,,,,,,,,,,37020280,123,2026-09-04,39.38,161919141.0
NASDAQ:ON,ON,ON Semiconductor Corporation,Technology,Semiconductors,United States,NASDAQ,28947625077.0,74.38,41.91,41.81,3,21.2,806,False,-44.46,65.66,-5.07,2.62,16.14,9.04,5.2,78.3492,72.4803,64.0451,68.2104,70.7043,543591628,1255,2026-09-04,40.2,389185602.0
NASDAQ:VICR,VICR,Vicor Corporation,Technology,Electronic Components,United States,NASDAQ,6484048590.0,188.55,41.92,42.44,3,21.2,807,True,-50.35,289.08,-6.84,8.17,69.66,115.16,136.34,202.383,174.311,111.1338,87.6344,79.779,171506605,1255,2026-09-04,37.04,34389014.0
NASDAQ:BKNG,BKNG,Booking Holdings Inc.,Consumer Cyclical,Travel Services,United States,NASDAQ,149776252894.0,193.29,41.93,47.08,3,21.3,808,False,-12.75,25.72,4.29,1.62,0.05,10.84,25.38,185.339,190.2008,193.1935,174.3859,154.169,991957727,1255,2026-09-04,43.52,774878436.0
NYSE:PEW,PEW,GrabAGun Digital Holdings Inc.,Industrials,Aerospace & Defense,United States,NYSE,69090172.0,2.35,41.93,43.44,3,21.3,809,False,-64.66,3.52,-18.46,-28.79,-66.96,,,2.8819,3.2999,7.1131,,,651198,665,2026-09-04,36.81,29400073.0
NYSE:AMBQ,AMBQ,"Ambiq Micro, Inc.",Technology,Semiconductors,United States,NYSE,1387155413.0,57.45,41.94,43.09,3,21.3,810,True,-36.51,152.42,20.72,30.14,,,,47.5908,44.1433,,,,26074159,278,2026-09-04,39.89,24145438.0
NYSE:JBTM,JBTM,JBT Marel Corporation,Industrials,Specialty Industrial Machinery,United States,NYSE,6129422829.0,117.72,41.94,42.12,3,21.3,811,False,-30.0,2.34,-14.87,-14.62,-8.14,-0.29,3.15,138.2864,137.8715,128.1584,118.0676,114.1256,67759705,1255,2026-09-04,41.74,52067812.0
NYSE:LVS,LVS,Las Vegas Sands Corp.,Consumer Cyclical,Resorts & Casinos,United States,NYSE,28738501534.0,44.37,41.94,42.82,3,21.3,812,False,-35.03,1.28,-17.26,-17.54,-9.85,-6.96,-7.43,53.6253,53.8111,49.2158,47.6869,47.9296,201699238,1255,2026-09-04,42.67,647701184.0
NASDAQ:SYBT,SYBT,"Stock Yards Bancorp, Inc.",Financial Services,Banks - Regional,United States,NASDAQ,2469595320.0,79.49,41.94,46.52,3,21.3,813,False,-9.7,28.57,11.39,12.16,12.63,27.78,32.29,71.3614,70.8704,70.5786,62.2084,60.0891,10591334,1255,2026-09-04,45.42,31068000.0
NYSE:GBCI,GBCI,"Glacier Bancorp, Inc.",Financial Services,Banks - Regional,United States,NYSE,6097362189.0,46.83,41.97,42.95,3,21.4,814,True,-14.09,19.04,-0.71,0.37,2.2,11.44,14.01,47.1627,46.6597,45.8237,42.0224,41.0741,42013269,1255,2026-09-04,38.0,130202054.0
AMEX:TMQ,TMQ,Trilogy Metals Inc.,Basic Materials,Other Industrial Metals & Mining,Canada,AMEX,570060609.0,3.3,41.97,44.55,3,21.4,815,True,-68.87,79.35,-20.18,-19.45,23.5,69.86,106.18,4.1345,4.0969,2.6721,1.9428,1.6005,4303282,1255,2026-09-04,40.9,172745639.0
NASDAQ:IMKTA,IMKTA,"Ingles Markets, Incorporated",Consumer Defensive,Grocery Stores,United States,NASDAQ,1208571807.0,83.07,41.98,42.64,3,21.5,816,False,-12.61,24.71,-0.82,2.46,14.14,12.86,8.16,83.755,81.0732,72.7819,73.6034,76.8003,9464814,1255,2026-09-04,39.93,14548836.0
NYSE:REX,REX,REX American Resources Corporation,Basic Materials,Chemicals,United States,NYSE,1365597788.0,41.46,41.99,43.02,3,21.5,817,False,-18.96,37.83,1.7,6.68,35.39,48.22,66.3,40.7682,38.8622,30.6221,27.9724,24.9311,7197060,1255,2026-09-04,42.65,32937718.0
NYSE:HWM,HWM,Howmet Aerospace Inc.,Industrials,Aerospace & Defense,United States,NYSE,103735867117.0,259.27,42.01,43.73,3,21.5,818,False,-11.41,45.8,5.68,10.44,39.88,78.55,117.55,245.3434,234.7665,185.3465,145.2088,119.1765,737398444,1255,2026-09-04,42.75,400107483.0
NYSE:DEI,DEI,"Douglas Emmett, Inc.",Real Estate,REIT - Office,United States,NYSE,1912681749.0,11.42,42.03,44.67,3,21.5,819,True,-27.85,29.06,4.65,-0.26,-13.89,-10.74,-9.58,10.9126,11.4495,13.2627,12.7935,12.6293,15904304,1255,2026-09-04,37.69,167485267.0
NASDAQ:AGNT,AGNT,"AGNT, Inc.",Real Estate,Real Estate Services,United States,NASDAQ,662225414.0,4.03,42.04,43.43,3,21.6,820,False,-64.85,6.4,-38.17,-45.05,-54.77,-59.58,-63.03,6.5183,7.3335,8.9093,9.97,10.9015,5147439,1255,2026-09-04,42.31,164323924.0
NASDAQ:ROST,ROST,"Ross Stores, Inc.",Consumer Cyclical,Apparel Retail,United States,NASDAQ,74000986422.0,230.69,42.05,45.42,3,21.6,821,False,-9.61,60.48,8.73,15.33,35.46,46.35,60.4,212.1601,200.0271,170.2969,157.6325,143.8199,665097998,1255,2026-09-04,43.2,320781076.0
NYSE:ALX,ALX,"Alexander's, Inc.",Real Estate,REIT - Retail,United States,NYSE,1340255042.0,262.42,42.06,46.12,3,21.6,822,False,-6.76,35.05,9.88,12.03,22.52,31.25,39.26,238.8248,234.2424,214.189,199.9451,188.4392,9258010,1255,2026-09-04,42.95,5107290.0
NASDAQ:GRAB,GRAB,Grab Holdings Limited,Technology,Software - Application,Singapore,NASDAQ,13556880000.0,3.42,42.06,44.34,3,21.6,823,False,-46.98,4.59,-15.42,-22.72,-24.37,-17.18,-12.02,4.0433,4.4257,4.5219,4.1296,3.8873,112116848,1255,2026-09-04,42.06,3964000000.0
NYSE:GRND,GRND,Grindr Inc.,Technology,Software - Application,United States,NYSE,2710321149.0,15.25,42.07,46.82,3,21.7,824,False,-14.99,54.82,14.07,12.24,-2.09,14.31,29.29,13.3691,13.587,15.575,13.3409,11.7948,20876380,1255,2026-09-04,48.3,177725977.0
NYSE:CDRE,CDRE,"Cadre Holdings, Inc.",Industrials,Aerospace & Defense,United States,NYSE,1273652142.0,29.76,42.08,45.11,3,21.7,825,False,-34.97,9.42,-14.79,-16.44,-13.52,-11.18,-3.12,34.9236,35.6163,34.4137,33.5076,30.718,10053792,1213,2026-09-04,42.6,42797451.0
NASDAQ:PCT,PCT,"PureCycle Technologies, Inc.",Industrials,Pollution & Treatment Controls,United States,NASDAQ,1282585144.0,6.39,42.08,43.07,3,21.7,826,True,-57.77,26.28,-22.24,-30.07,-34.78,-22.85,-21.93,8.2173,9.1379,9.7978,8.2826,8.1855,23661548,1255,2026-09-04,40.32,200717550.0
NASDAQ:SEZL,SEZL,Sezzle Inc.,Financial Services,Credit Services,United States,NASDAQ,4054745951.0,120.58,42.08,43.45,3,21.7,827,False,-36.05,136.57,22.79,28.65,48.4,,,98.2006,93.7303,81.2522,,,72508310,748,2026-09-04,43.62,33627019.0
NYSE:ALB,ALB,Albemarle Corporation,Basic Materials,Specialty Chemicals,United States,NYSE,14892787728.0,126.28,42.09,43.8,3,21.8,828,False,-41.28,76.34,-19.1,-11.42,14.44,11.32,-10.87,156.0947,142.5638,110.3425,113.4408,141.6837,272202833,1255,2026-09-04,48.94,117934651.0
NASDAQ:KG,KG,"Kestrel Group, Ltd.",Financial Services,Insurance - Reinsurance,Bermuda,NASDAQ,59306147.0,7.58,42.1,41.54,3,21.8,829,False,-73.92,7.21,-29.8,-44.42,-61.46,-70.51,-74.69,10.7974,13.6384,19.6677,25.6999,29.9519,156450,1255,2026-09-04,42.1,7824030.0
NASDAQ:BWEN,BWEN,"Broadwind, Inc.",Industrials,Specialty Industrial Machinery,United States,NASDAQ,97127081.0,4.15,42.11,45.74,3,21.9,830,False,-23.71,110.66,22.58,32.0,65.08,58.88,46.84,3.3856,3.1439,2.514,2.6121,2.8263,2429673,1255,2026-09-04,41.06,23404116.0
NASDAQ:FRMI,FRMI,Fermi Inc.,Real Estate,REIT - Specialty,United States,NASDAQ,3266986798.0,5.12,42.11,43.3,3,21.9,831,False,-84.26,10.58,-35.91,,,,,7.9891,,,,,117281194,234,2026-09-04,38.36,638083359.0
NASDAQ:LIF,LIF,"Life360, Inc.",Technology,Software - Application,United States,NASDAQ,3579169791.0,44.17,42.11,43.68,3,21.9,832,False,-60.17,15.93,-15.46,-28.08,-21.52,,,52.2456,61.418,56.2833,,,49812081,564,2026-09-04,41.36,81031691.0
NASDAQ:PPLI,PPLI,People Incorporated,Communication Services,Internet Content & Information,United States,NASDAQ,2674635903.0,38.99,42.11,42.44,3,21.9,833,False,-18.12,23.7,-3.16,-0.04,1.15,-1.22,-4.44,40.2607,39.0051,38.5474,39.4699,40.8006,35595347,1255,2026-09-04,41.87,68597997.0
NYSE:SNDA,SNDA,"Sonida Senior Living, Inc.",Healthcare,Medical Care Facilities,United States,NYSE,1784480426.0,37.69,42.11,44.97,3,21.9,834,False,-12.49,47.63,6.21,11.42,29.38,46.2,68.33,35.4868,33.8275,29.1305,25.7791,22.3908,20445411,1255,2026-09-04,42.99,47346257.0
NASDAQ:XENE,XENE,Xenon Pharmaceuticals Inc.,Healthcare,Biotechnology,Canada,NASDAQ,5775766612.0,59.75,42.11,45.09,3,21.9,835,False,-15.8,67.55,13.19,19.39,37.33,40.97,44.99,52.7893,50.0443,43.5081,42.3855,41.209,40903649,1255,2026-09-04,44.23,96665550.0
NASDAQ:LAMR,LAMR,Lamar Advertising Company,Real Estate,REIT - Specialty,United States,NASDAQ,13124414212.0,150.76,42.12,44.45,3,22.0,836,False,-8.26,34.69,8.33,11.84,20.67,31.07,41.53,139.1643,134.7954,124.9352,115.0265,106.5245,79364469,1255,2026-09-04,44.14,87055016.0
NASDAQ:ORKA,ORKA,"Oruka Therapeutics, Inc.",Healthcare,Biotechnology,United States,NASDAQ,5579472464.0,92.51,42.12,47.53,3,22.0,837,True,-18.19,520.87,58.97,81.93,175.27,234.17,282.42,58.1951,50.8488,33.6071,27.6834,24.1907,83983581,1255,2026-09-04,39.15,60312101.0
NYSE:SAFE,SAFE,Safehold Inc. New,Real Estate,REIT - Diversified,United States,NYSE,1082743230.0,15.12,42.12,44.47,3,22.0,838,True,-11.94,22.96,2.42,2.64,-5.14,-9.29,-28.55,14.7623,14.7316,15.9393,16.669,21.1631,3902390,1255,2026-09-04,40.64,71610002.0
NASDAQ:NB,NB,NioCorp Developments Ltd.,Basic Materials,Other Industrial Metals & Mining,United States,NASDAQ,601274508.0,4.13,42.13,43.61,3,22.1,839,True,-64.61,6.99,-23.46,-27.95,2.76,14.22,,5.396,5.732,4.0191,3.6158,,14415884,869,2026-09-04,41.34,145587048.0
NASDAQ:NTGR,NTGR,"NETGEAR, Inc.",Technology,Communication Equipment,United States,NASDAQ,571958333.0,21.31,42.13,42.97,3,22.1,840,False,-40.82,7.25,-9.02,-14.71,-15.09,-0.37,4.28,23.4232,24.9855,25.0967,21.3886,20.436,6819182,1255,2026-09-04,39.78,26839903.0
NASDAQ:EMAT,EMAT,Evolution Metals & Technologies Corp.,Basic Materials,Other Industrial Metals & Mining,United States,NASDAQ,1877807751.0,3.02,42.15,41.06,3,22.1,841,False,-84.11,33.63,,,,,,,,,,,4297577,167,2026-09-04,45.25,621790646.0
NASDAQ:AMCI,AMCI,AMC Robotics Corporation,Technology,Computer Hardware,United States,NASDAQ,88121998.0,3.9,42.16,43.81,3,22.2,842,True,-82.43,43.91,-35.91,-45.56,-58.27,-60.39,,6.0848,7.1634,9.3466,9.8469,,683699,907,2026-09-04,41.04,22595384.0
NASDAQ:KMB,KMB,Kimberly-Clark Corporation,Consumer Defensive,Household & Personal Products,United States,NASDAQ,34840459871.0,104.96,42.18,45.89,3,22.2,843,False,-15.76,15.72,4.35,1.82,-8.23,-8.43,-8.13,100.5805,103.088,114.3778,114.6183,114.2451,318831434,1255,2026-09-04,46.54,331940357.0
NASDAQ:AIAI,AIAI,AIAI Holdings Corporation,Industrials,Conglomerates,United States,NASDAQ,295370341.0,4.18,42.22,40.1,3,22.2,844,False,-77.05,20.11,,,,,,,,,,,6061246,79,2026-09-04,42.35,70662761.0
NASDAQ:MDB,MDB,"MongoDB, Inc.",Technology,Software - Infrastructure,United States,NASDAQ,29658468762.0,368.74,42.23,46.55,3,22.2,845,False,-21.93,63.2,7.68,8.33,27.07,19.38,24.92,342.4481,340.3949,290.1799,308.8695,295.1762,811065908,1255,2026-09-04,45.41,80431927.0
NYSE:BLDR,BLDR,"Builders FirstSource, Inc.",Industrials,Building Products & Equipment,United States,NYSE,7078770906.0,65.79,42.24,43.04,3,22.3,846,False,-55.91,4.78,-27.0,-32.08,-46.01,-50.98,-46.71,90.1199,96.8682,121.865,134.2175,123.4627,129787651,1255,2026-09-04,38.08,107596457.0
NYSE:OC,OC,Owens Corning Inc Common Stock New,Industrials,Building Products & Equipment,United States,NYSE,11170888412.0,138.72,42.25,46.09,3,22.3,847,False,-12.71,43.95,12.02,11.19,-0.96,-2.6,6.07,123.8354,124.7635,140.0632,142.4202,130.787,120928701,1255,2026-09-04,34.12,80528319.0
NYSE:MKC,MKC,"McCormick & Company, Incorporated",Consumer Defensive,Packaged Foods,United States,NYSE,13231192212.0,52.08,42.27,46.87,3,22.3,848,False,-26.0,15.25,-7.6,-10.28,-20.77,-20.99,-23.72,56.3634,58.0454,65.7338,65.913,68.273,130168642,1255,2026-09-04,44.4,254055150.0
NASDAQ:NNOX,NNOX,NANO-X IMAGING LTD,Healthcare,Medical Devices,Israel,NASDAQ,57768650.0,0.83,42.27,40.77,3,22.3,849,True,-81.76,16.41,-61.21,-66.48,-80.1,-84.41,-87.75,2.1398,2.4761,4.1711,5.3249,6.7759,1207990,1255,2026-09-04,27.59,69600783.0
NASDAQ:ADV,ADV,Advantage Solutions Inc.,Communication Services,Advertising Agencies,United States,NASDAQ,418136556.0,31.45,42.29,44.27,3,22.4,850,False,-35.82,150.6,9.64,2.88,-28.56,-46.02,-45.79,28.6836,30.5708,44.0223,58.2635,58.0101,2572399,1255,2026-09-04,43.56,13295280.0
NASDAQ:AIRJ,AIRJ,AirJoule Technologies Corporation,Industrials,Building Products & Equipment,United States,NASDAQ,330870687.0,4.57,42.31,46.08,3,22.4,851,False,-30.65,82.07,17.82,11.12,-11.03,-35.19,-41.67,3.8787,4.1126,5.1367,7.0515,7.8344,7519354,1153,2026-09-04,39.05,72400588.0
NASDAQ:BOF,BOF,BranchOut Food Inc.,Consumer Defensive,Packaged Foods,United States,NASDAQ,58354074.0,3.81,42.31,44.99,3,22.4,852,False,-25.15,88.61,3.75,11.12,39.25,62.64,,3.6723,3.4288,2.7362,2.3425,,124969,808,2026-09-04,43.93,15316030.0
NASDAQ:NEWT,NEWT,"NewtekOne, Inc.",Financial Services,Banks - Regional,United States,NASDAQ,359405906.0,12.44,42.31,42.01,3,22.4,853,False,-20.05,35.53,-1.6,1.96,6.95,8.38,4.85,12.6425,12.2006,11.6311,11.4781,11.8648,3439496,1255,2026-09-04,39.62,28891150.0
NYSE:WRBY,WRBY,Warby Parker Inc.,Healthcare,Medical Instruments & Supplies,United States,NYSE,2607743137.0,24.35,42.34,44.37,3,22.5,854,True,-19.74,47.67,-1.96,-0.66,6.92,23.26,33.9,24.8367,24.5123,22.7731,19.7545,18.185,55155978,1239,2026-09-04,34.54,107094174.0
NASDAQ:CPSH,CPSH,CPS Technologies Corp.,Technology,Electronic Components,United States,NASDAQ,73798156.0,3.83,42.36,42.88,3,22.5,855,False,-66.95,25.99,-17.97,-14.28,19.26,34.74,33.71,4.6691,4.4679,3.2114,2.8425,2.8643,907133,1255,2026-09-04,42.59,19268448.0
NASDAQ:ADAG,ADAG,"Adagene Inc. - ADS, each representing 1.25",Healthcare,Biotechnology,China,NASDAQ,236539887.0,3.58,42.37,45.23,3,22.5,856,False,-25.1,154.8,10.93,21.0,43.1,45.48,63.13,3.2272,2.9588,2.5017,2.4608,2.1946,902787,1255,2026-09-04,45.86,66072594.0
NYSE:D,D,"Dominion Energy, Inc.",Utilities,Utilities - Regulated Electric,United States,NYSE,57907988482.0,65.84,42.38,44.13,3,22.6,857,False,-7.23,18.93,4.8,6.52,15.09,25.47,27.16,62.8268,61.811,57.2096,52.4743,51.7791,241901882,1255,2026-09-04,44.29,879525949.0
NASDAQ:RDNW,RDNW,"RideNow Group, Inc.",Consumer Cyclical,Auto & Truck Dealerships,United States,NASDAQ,225057108.0,5.84,42.38,42.75,3,22.6,858,False,-29.3,79.69,-8.31,-1.01,20.58,12.49,-10.09,6.3694,5.8996,4.8435,5.1914,6.4955,452940,1255,2026-09-04,42.65,38537176.0
NASDAQ:GEOS,GEOS,Geospace Technologies Corporation,Energy,Oil & Gas Equipment & Services,United States,NASDAQ,69593544.0,5.38,42.39,41.15,3,22.6,859,False,-81.06,4.87,-49.81,-58.92,-54.02,-54.06,-47.93,10.7188,13.0952,11.7004,11.712,10.3332,773910,1255,2026-09-04,36.82,12935603.0
NYSE:NTST,NTST,NetSTREIT Corp.,Real Estate,REIT - Retail,United States,NYSE,1953965595.0,20.09,42.39,44.66,3,22.6,860,False,-8.74,21.14,3.88,5.81,18.82,24.12,25.41,19.3397,18.9876,16.9073,16.186,16.0199,37516189,1255,2026-09-04,48.33,97260607.0
NASDAQ:RBBN,RBBN,Ribbon Communications Inc.,Technology,Software - Application,United States,NASDAQ,350516743.0,1.99,42.4,42.75,3,22.7,861,False,-50.99,2.05,-19.63,-26.82,-39.06,-36.51,-35.79,2.4759,2.7194,3.2654,3.1346,3.0993,1273588,1255,2026-09-04,42.4,176139067.0
NASDAQ:WEST,WEST,Westrock Coffee Company,Consumer Defensive,Packaged Foods,United States,NASDAQ,756074206.0,7.75,42.41,46.03,3,22.7,862,True,-20.35,108.89,27.9,33.88,24.78,5.06,-8.17,6.0596,5.7887,6.2108,7.3769,8.4399,2873117,1224,2026-09-04,40.26,97557962.0
NYSE:DTM,DTM,"DT Midstream, Inc.",Energy,Oil & Gas Midstream,United States,NYSE,13213021138.0,129.52,42.42,42.25,3,22.7,863,True,-14.08,27.31,-2.49,1.43,16.82,39.75,59.93,132.8227,127.6965,110.8712,92.6771,80.9856,130654835,1255,2026-09-04,39.96,102015296.0
NYSE:RHP,RHP,"Ryman Hospitality Properties, Inc. (REIT)",Real Estate,REIT - Hotel & Motel,United States,NYSE,7793363999.0,123.49,42.42,46.03,3,22.7,864,True,-9.19,48.84,16.0,20.15,25.11,28.06,35.23,106.4532,102.777,98.7053,96.4296,91.3166,117947282,1255,2026-09-04,38.93,63109272.0
NYSE:BRBR,BRBR,"BellRing Brands, Inc.",Consumer Defensive,Packaged Foods,United States,NYSE,1208126862.0,10.39,42.48,43.63,3,22.8,865,False,-73.67,31.52,-39.68,-49.55,-75.85,-77.58,-75.47,17.2251,20.595,43.0306,46.3449,42.3591,31359991,1255,2026-09-04,42.57,116277850.0
NYSE:SUI,SUI,"Sun Communities, Inc.",Real Estate,REIT - Residential,United States,NYSE,14718681616.0,119.44,42.5,45.33,3,22.8,866,False,-11.33,2.61,-3.66,-3.46,-1.47,1.47,0.95,123.9799,123.7239,121.226,117.7094,118.3173,257228405,1255,2026-09-04,43.64,123230757.0
NYSE:VTR,VTR,"Ventas, Inc.",Real Estate,REIT - Healthcare Facilities,United States,NYSE,46303667827.0,90.27,42.51,46.37,3,22.8,867,False,-10.21,37.92,6.82,10.94,25.89,44.5,58.32,84.5039,81.3715,71.7032,62.4709,57.0167,271817740,1255,2026-09-04,49.45,512946359.0
NYSE:BNL,BNL,"Broadstone Net Lease, Inc.",Real Estate,REIT - Diversified,United States,NYSE,3990662010.0,20.81,42.52,45.22,3,22.8,868,False,-8.89,26.31,7.71,9.94,21.81,31.28,36.96,19.3201,18.9282,17.0839,15.8517,15.1947,44018500,1255,2026-09-04,43.57,191766555.0
NASDAQ:STTK,STTK,"Shattuck Labs, Inc.",Healthcare,Biotechnology,United States,NASDAQ,648500440.0,6.79,42.53,46.73,3,22.9,869,False,-15.76,338.06,23.76,42.15,123.56,72.34,84.53,5.4865,4.7765,3.0372,3.9398,3.6796,5932041,1255,2026-09-04,45.13,95508165.0
NASDAQ:FNKO,FNKO,"Funko, Inc.",Consumer Cyclical,Leisure,United States,NASDAQ,317168837.0,5.68,42.55,46.12,3,22.9,870,False,-20.0,102.14,24.2,31.74,-10.96,-16.82,-30.09,4.5732,4.3116,6.3793,6.8288,8.1249,7698866,1255,2026-09-04,42.68,55839584.0
NASDAQ:PERI,PERI,Perion Network Ltd,Communication Services,Internet Content & Information,Israel,NASDAQ,366165270.0,9.31,42.55,45.92,3,22.9,871,True,-15.82,20.75,-1.44,-1.6,0.46,-28.32,-46.29,9.4459,9.461,9.2676,12.989,17.3338,4066906,1255,2026-09-04,39.77,39330319.0
NASDAQ:KLRA,KLRA,"Kailera Therapeutics, Inc.",Healthcare,Biotechnology,United States,NASDAQ,2102849818.0,16.23,42.57,42.67,3,23.0,872,True,-37.58,5.39,,,,,,,,,,,12498898,98,2026-09-04,39.15,129565608.0
NASDAQ:PCAR,PCAR,PACCAR Inc.,Industrials,Farm & Heavy Construction Machinery,United States,NASDAQ,65637709639.0,124.7,42.57,46.18,3,23.0,873,False,-9.54,37.39,4.7,9.11,17.93,23.05,35.82,119.0968,114.2934,105.7395,101.3386,91.8115,312483337,1255,2026-09-04,41.98,526364953.0
NASDAQ:BRID,BRID,Bridgford Foods Corporation,Consumer Defensive,Packaged Foods,United States,NASDAQ,54914834.0,6.05,42.59,42.44,3,23.0,874,False,-28.82,1.51,-17.02,-18.36,-25.93,-32.59,-38.67,7.2912,7.4109,8.1677,8.9754,9.864,21462,1255,2026-09-04,38.19,9076832.0
NYSE:RDW,RDW,Redwire Corporation,Industrials,Aerospace & Defense,United States,NYSE,2514830883.0,10.53,42.59,45.3,3,23.0,875,False,-59.34,108.1,-0.48,4.34,-7.77,17.34,41.89,10.5806,10.0922,11.4173,8.9739,7.4214,153779168,1255,2026-09-04,40.7,238825345.0
NASDAQ:SNPS,SNPS,"Synopsys, Inc.",Technology,Software - Infrastructure,United States,NASDAQ,75412217358.0,393.84,42.59,44.05,3,23.0,876,False,-35.34,5.78,-11.93,-12.31,-17.97,-21.12,-15.59,447.1918,449.1078,480.1082,499.2814,466.5657,732525241,1255,2026-09-04,50.32,191479325.0
NYSE:MCS,MCS,Marcus Corporation (The),Communication Services,Entertainment,United States,NYSE,650323370.0,27.27,42.6,49.4,3,23.1,877,False,-12.12,112.51,40.07,47.79,52.09,67.59,72.09,19.4685,18.4518,17.9298,16.2715,15.8467,7247615,1255,2026-09-04,44.44,23847575.0
NASDAQ:SEVN,SEVN,Seven Hills Realty Trust,Real Estate,REIT - Mortgage,United States,NASDAQ,170830809.0,7.54,42.6,43.35,3,23.1,878,False,-22.53,1.62,-5.6,-8.05,-18.87,-18.89,-12.72,7.9875,8.2003,9.294,9.2964,8.6388,970030,1255,2026-09-04,40.64,22656606.0
NYSE:BBAI,BBAI,"BigBear.ai, Inc.",Technology,Information Technology Services,United States,NYSE,1400123920.0,2.92,42.62,43.59,3,23.2,879,False,-67.23,12.74,-31.99,-38.86,-32.76,-15.79,-5.68,4.2936,4.7757,4.3428,3.4677,3.096,52935873,1255,2026-09-04,44.75,479494493.0
NYSE:GGG,GGG,Graco Inc.,Industrials,Specialty Industrial Machinery,United States,NYSE,12612963813.0,77.88,42.62,46.19,3,23.2,880,False,-17.26,6.83,-4.84,-4.88,-5.61,-4.56,-0.72,81.8433,81.8744,82.508,81.5995,78.4449,197948563,1255,2026-09-04,42.62,161953824.0
NYSE:JHS,JHS,John Hancock Income Securities Trust,Financial Services,Asset Management,United States,NYSE,126481913.0,10.86,42.62,44.45,3,23.2,881,False,-5.66,2.45,-1.93,-2.13,0.49,4.41,7.33,11.0735,11.0964,10.8066,10.4016,10.1179,111886,1255,2026-09-04,50.32,11646585.0
NYSE:PKG,PKG,Packaging Corporation of America,Consumer Cyclical,Packaging & Containers,United States,NYSE,21138654001.0,237.25,42.62,46.07,3,23.2,882,False,-7.84,26.09,7.07,8.82,12.82,21.97,34.63,221.5888,218.0116,210.2919,194.5176,176.2198,123161360,1255,2026-09-04,38.76,89098647.0
NYSE:CARR,CARR,Carrier Global Corporation,Industrials,Building Products & Equipment,United States,NYSE,49593957057.0,59.71,42.65,42.17,3,23.2,883,False,-21.15,19.93,-2.18,-1.18,-7.79,-3.72,4.48,61.0415,60.4218,64.756,62.0172,57.1501,306906334,1255,2026-09-04,39.08,830580423.0
NASDAQ:JLHL,JLHL,Julong Holding Limited,Industrials,Building Products & Equipment,China,NASDAQ,69722169.0,6.09,42.65,43.83,3,23.2,884,False,-86.41,99.67,-35.05,-26.38,,,,9.3762,8.2727,,,,4942103,301,2026-09-04,43.11,11448632.0
NASDAQ:DUOT,DUOT,"Duos Technologies Group, Inc.",Technology,Software - Application,United States,NASDAQ,275179597.0,8.76,42.66,45.01,3,23.3,885,False,-40.16,39.16,-7.39,-5.34,16.39,42.17,54.96,9.4588,9.254,7.5262,6.1616,5.6532,13908907,1255,2026-09-04,42.84,31413196.0
NASDAQ:TNDM,TNDM,"Tandem Diabetes Care, Inc.",Healthcare,Medical Devices,United States,NASDAQ,1363728871.0,19.9,42.66,48.32,3,23.3,886,False,-29.58,68.79,0.59,6.76,-11.65,-21.88,-31.01,19.7831,18.6393,22.5232,25.4728,28.8434,33476773,1255,2026-09-04,46.12,68529089.0
NYSE:WAB,WAB,Westinghouse Air Brake Technologies Corporation,Industrials,Railroads,United States,NYSE,47778123314.0,282.86,42.67,47.32,3,23.3,887,False,-7.4,53.07,11.48,16.92,30.75,49.16,69.57,253.7265,241.923,216.3323,189.6346,166.8126,249637720,1255,2026-09-04,39.89,168910851.0
NASDAQ:SPRY,SPRY,"ARS Pharmaceuticals, Inc.",Healthcare,Biotechnology,United States,NASDAQ,558084332.0,5.62,42.68,42.34,3,23.4,888,False,-56.97,9.55,-34.38,-36.14,-50.59,-44.42,-39.4,8.5645,8.8003,11.3752,10.1116,9.2744,9884734,1255,2026-09-04,43.45,99303262.0
NASDAQ:FBIO,FBIO,"Fortress Biotech, Inc.",Healthcare,Biotechnology,United States,NASDAQ,90355876.0,2.72,42.69,44.58,3,23.4,889,True,-37.9,22.52,-9.57,-9.66,12.62,13.28,-39.42,3.0077,3.011,2.4153,2.4011,4.4901,1529791,1255,2026-09-04,42.09,33219072.0
NASDAQ:ULBI,ULBI,Ultralife Corporation,Industrials,Electrical Equipment & Parts,United States,NASDAQ,102105381.0,6.13,42.72,46.39,3,23.4,890,True,-22.89,21.39,-2.13,-3.63,-10.51,-20.31,-12.19,6.2635,6.3607,6.85,7.6919,6.9812,305986,1255,2026-09-04,41.76,16656669.0
NASDAQ:CAE,CAE,CAE Inc,Industrials,Aerospace & Defense,Canada,NASDAQ,7849760135.0,24.41,42.73,44.09,3,23.4,891,False,-28.31,5.4,-11.26,-11.39,-5.23,2.17,5.38,27.5066,27.5478,25.7577,23.8907,23.1642,21029915,1255,2026-09-04,43.35,321579686.0
NYSE:ALK,ALK,"Alaska Air Group, Inc.",Industrials,Airlines,United States,NYSE,4690275419.0,42.04,42.77,43.86,3,23.5,892,True,-34.17,22.96,-8.38,-9.82,-16.58,-9.29,-9.01,45.8842,46.6155,50.3956,46.3471,46.2052,97728350,1255,2026-09-04,39.89,111566970.0
NASDAQ:LTBR,LTBR,Lightbridge Corporation,Industrials,Electrical Equipment & Parts,United States,NASDAQ,248961211.0,7.58,42.78,43.53,3,23.5,893,True,-72.66,5.28,-36.42,-44.94,-33.85,-13.29,-1.95,11.9214,13.7665,11.4588,8.7417,7.7307,4602242,1255,2026-09-04,41.13,32844487.0
NYSE:VRTS,VRTS,"Virtus Investment Partners, Inc.",Financial Services,Asset Management,United States,NYSE,1065330710.0,159.43,42.78,47.64,3,23.5,894,False,-15.93,31.2,7.98,4.54,-4.12,-9.06,-7.46,147.6424,152.5021,166.2765,175.3179,172.2834,16188259,1255,2026-09-04,40.21,6682122.0
NASDAQ:KNDI,KNDI,"Kandi Technologies Group, Inc.",Consumer Cyclical,Recreational Vehicles,China,NASDAQ,62257526.0,0.62,42.8,43.52,3,23.5,895,False,-55.71,1.64,-24.45,-31.45,-43.61,-60.78,-67.55,0.8206,0.9044,1.0994,1.581,1.9108,46624,1255,2026-09-04,45.65,100415365.0
NYSE:SPHR,SPHR,Sphere Entertainment Co.,Communication Services,Entertainment,United States,NYSE,4136852804.0,142.42,42.81,45.3,3,23.6,896,False,-19.25,191.25,15.26,28.0,88.5,125.07,163.57,123.5604,111.2676,75.5543,63.279,54.0353,109882745,1255,2026-09-04,43.23,29046853.0
NYSE:BXMT,BXMT,"Blackstone Mortgage Trust, Inc.",Real Estate,REIT - Mortgage,United States,NYSE,2393318992.0,14.2,42.83,39.57,3,23.6,897,False,-27.83,3.42,-19.16,-18.77,-16.28,-13.38,-11.39,17.5653,17.482,16.9618,16.3938,16.0247,27548320,1255,2026-09-04,41.82,168543591.0
NYSE:IRM,IRM,Iron Mountain Incorporated (Delaware)Common Stock REIT,Real Estate,REIT - Specialty,United States,NYSE,34768734222.0,116.86,42.84,44.14,3,23.6,898,False,-12.17,50.42,7.52,9.6,14.34,27.23,44.56,108.6838,106.6197,102.2026,91.8494,80.8391,177848581,1255,2026-09-04,38.72,297524681.0
NASDAQ:RJET,RJET,Republic Airways Holdings Inc.,Industrials,Airlines,United States,NASDAQ,839184210.0,17.92,42.84,44.82,3,23.6,899,False,-29.31,9.67,-6.96,-8.66,0.05,4.54,-12.9,19.2607,19.619,17.9119,17.1421,20.5737,1424338,1255,2026-09-04,35.59,46829476.0
NASDAQ:CHRW,CHRW,"C.H. Robinson Worldwide, Inc.",Industrials,Integrated Freight & Logistics,United States,NASDAQ,17402775921.0,147.64,42.85,41.45,3,23.7,900,False,-29.2,20.5,-13.83,-9.76,12.01,29.27,36.57,171.3361,163.6034,131.8104,114.2123,108.1049,180987071,1255,2026-09-04,40.23,117873042.0
NASDAQ:HIT,HIT,"Health In Tech, Inc.",Technology,Software - Application,United States,NASDAQ,52757965.0,0.98,42.86,43.9,3,23.7,901,False,-74.01,13.16,-23.46,-39.8,,,,1.2804,1.628,,,,75197,426,2026-09-04,45.76,53834658.0
NASDAQ:FEIM,FEIM,"Frequency Electronics, Inc.",Technology,Communication Equipment,United States,NASDAQ,664763253.0,60.67,42.92,45.22,3,23.8,902,False,-24.02,124.12,8.48,18.28,75.29,132.53,189.75,55.9276,51.2931,34.6103,26.0911,20.9387,14785060,1255,2026-09-04,41.41,10957034.0
NYSE:JBS,JBS,JBS N.V.,Consumer Defensive,Packaged Foods,Netherlands,NYSE,10112412568.0,13.03,42.92,46.76,3,23.8,903,False,-23.59,12.32,-5.51,-4.29,,,,13.7899,13.6144,,,,80718078,309,2026-09-04,44.67,776086920.0
NYSE:WSM,WSM,"Williams-Sonoma, Inc. Common Stock (DE)",Consumer Cyclical,Specialty Retail,United States,NYSE,26777934274.0,227.42,42.92,46.82,3,23.8,904,False,-9.68,35.31,11.85,13.17,23.65,41.61,68.3,203.3257,200.9571,183.9277,160.5952,135.1292,261225624,1255,2026-09-04,35.99,117746611.0
NYSE:ARMK,ARMK,Aramark,Industrials,Specialty Business Services,United States,NYSE,14930503364.0,56.78,42.93,47.43,3,23.8,905,False,-8.81,59.22,22.35,27.05,37.83,52.22,63.9,46.4093,44.6916,41.1958,37.3024,34.6423,153294119,1255,2026-09-04,45.48,262953564.0
NASDAQ:HAPN,HAPN,"Happen, Inc.",Financial Services,Banks - Regional,United States,NASDAQ,2048482486.0,17.75,42.93,44.73,3,23.8,906,False,-17.75,33.26,0.56,1.56,16.42,37.89,48.24,17.6518,17.4767,15.2472,12.8722,11.9736,18340174,1255,2026-09-04,40.92,115407464.0
NASDAQ:CGNT,CGNT,Cognyte Software Ltd.,Technology,Software - Infrastructure,Israel,NASDAQ,624289032.0,8.47,42.94,44.67,3,23.9,907,False,-30.8,33.6,-4.66,-3.62,-3.08,5.73,20.54,8.8841,8.7879,8.7395,8.0109,7.0267,4676992,1255,2026-09-04,43.14,73705907.0
NASDAQ:FLEX,FLEX,Flex Ltd.,Technology,Electronic Components,United States,NASDAQ,40123320059.0,109.51,42.94,43.76,3,23.9,908,False,-32.43,100.9,15.47,24.92,71.33,113.8,156.62,94.8387,87.6635,63.9183,51.2203,42.6743,330945458,1255,2026-09-04,40.76,366389554.0
NYSE:WMS,WMS,"Advanced Drainage Systems, Inc.",Industrials,Building Products & Equipment,United States,NYSE,10405377060.0,135.76,42.94,44.56,3,23.9,909,False,-22.28,4.99,-7.74,-6.94,0.42,-1.79,5.31,147.1481,145.882,135.196,138.2364,128.9106,89632015,1255,2026-09-04,41.36,76645382.0
NYSE:ZVIA,ZVIA,Zevia PBC,Consumer Defensive,Beverages - Non-Alcoholic,United States,NYSE,98332080.0,1.37,42.96,44.4,3,23.9,910,False,-49.82,21.24,-16.84,-24.44,-37.67,-29.91,-43.95,1.6475,1.8132,2.198,1.9547,2.4442,488148,1255,2026-09-04,42.96,71775241.0
NASDAQ:RGTI,RGTI,"Rigetti Computing, Inc.",Technology,Computer Hardware,United States,NASDAQ,5052461866.0,15.2,42.97,44.64,3,24.0,911,False,-73.02,17.83,-21.21,-31.86,-2.91,40.1,79.65,19.2911,22.3082,15.6551,10.8495,8.4608,266312653,1255,2026-09-04,42.84,332398807.0
NYSE:AGL,AGL,"agilon health, inc.",Healthcare,Medical Care Facilities,United States,NYSE,1476515061.0,88.5,42.98,45.32,3,24.0,912,True,-31.84,1018.84,71.75,93.03,51.87,-23.34,-59.17,51.5284,45.8479,58.2726,115.4523,216.735,21774824,1255,2026-09-04,40.08,16683786.0
NYSE:CNP,CNP,"CenterPoint Energy, Inc (Holding Co)",Utilities,Utilities - Regulated Electric,United States,NYSE,26131433825.0,39.67,42.99,42.38,3,24.0,913,False,-11.4,8.71,-3.29,-1.84,8.34,19.26,25.25,41.0208,40.415,36.6152,33.2633,31.6722,217405241,1255,2026-09-04,46.04,658720288.0
NASDAQ:RCAT,RCAT,"Red Cat Holdings, Inc.",Industrials,Aerospace & Defense,United States,NASDAQ,1273849258.0,8.37,42.99,44.81,3,24.0,914,False,-51.79,36.32,-23.79,-23.61,-6.41,32.07,65.71,10.9824,10.9576,8.943,6.3376,5.051,79672326,1255,2026-09-04,44.52,152192265.0
NASDAQ:ISRG,ISRG,"Intuitive Surgical, Inc.",Healthcare,Medical Instruments & Supplies,United States,NASDAQ,131380556535.0,366.7,43.02,44.21,3,24.1,915,False,-38.15,10.45,-20.94,-21.62,-25.84,-19.06,-9.83,463.8077,467.8594,494.4592,453.0301,406.6932,876443850,1255,2026-09-04,44.79,358278038.0
NASDAQ:VELO,VELO,"Velo3D, Inc.",Technology,Computer Hardware,United States,NASDAQ,345989633.0,11.61,43.02,44.83,3,24.1,916,True,-62.07,290.91,-15.98,-2.36,4.27,-88.69,-97.16,13.8182,11.8901,11.1349,102.6402,408.9229,19078140,1255,2026-09-04,42.83,29801002.0
NASDAQ:PTC,PTC,PTC Inc.,Technology,Software - Application,United States,NASDAQ,16288626647.0,141.02,43.03,48.04,3,24.1,917,False,-34.07,25.54,-5.18,-11.35,-16.73,-16.74,-11.32,148.7184,159.0679,169.3627,169.3735,159.0234,172962833,1255,2026-09-04,54.2,115505791.0
NASDAQ:RAIL,RAIL,"Freightcar America, Inc.",Industrials,Railroads,United States,NASDAQ,232818088.0,7.1,43.03,42.75,3,24.1,918,False,-52.03,6.13,-23.36,-23.13,-23.7,-2.44,12.77,9.2644,9.2366,9.3051,7.2778,6.2959,1318688,1255,2026-09-04,40.53,32791280.0
NASDAQ:BXBL,BXBL,"BOXABL, Inc.",Consumer Cyclical,Residential Construction,United States,NASDAQ,1536095403.0,4.35,43.05,40.26,3,24.2,919,False,-70.79,11.83,-52.6,-53.46,,,,9.1771,9.3475,,,,940728,394,2026-09-04,44.2,353125380.0
NASDAQ:FRMM,FRMM,"Forum Markets, Incorporated",Technology,Software - Application,United States,NASDAQ,70145870.0,5.31,43.05,46.0,3,24.2,920,False,-79.42,196.65,2.3,-36.85,-62.04,-77.99,-97.74,5.1908,8.4082,13.9875,24.1273,235.0521,782429,1255,2026-09-04,46.57,13210145.0
NYSE:WST,WST,"West Pharmaceutical Services, Inc.",Healthcare,Medical Instruments & Supplies,United States,NYSE,23925647807.0,339.97,43.05,46.68,3,24.2,921,False,-6.99,47.41,15.87,18.03,23.1,13.03,12.59,293.4025,288.0363,276.1837,300.7656,301.9548,154846346,1255,2026-09-04,45.87,70375762.0
NASDAQ:LSTR,LSTR,"Landstar System, Inc.",Industrials,Integrated Freight & Logistics,United States,NASDAQ,6038057696.0,177.92,43.06,43.3,3,24.3,922,True,-20.87,51.0,4.12,10.32,13.36,9.51,9.62,170.8796,161.2704,156.9492,162.4707,162.3022,68999027,1255,2026-09-04,37.66,33936925.0
NYSE:EFX,EFX,"Equifax, Inc.",Industrials,Consulting Services,United States,NYSE,20800700837.0,177.05,43.07,47.19,3,24.3,923,False,-31.74,16.87,-5.13,-9.62,-21.57,-22.17,-19.25,186.62,195.8872,225.7347,227.4936,219.2493,196578604,1255,2026-09-04,55.84,117484896.0
NASDAQ:NAMM,NAMM,Namib Minerals,Basic Materials,Gold,Cayman Islands,NASDAQ,73006760.0,1.34,43.07,43.9,3,24.3,924,False,-79.06,45.65,-31.2,-35.85,,,,1.9476,2.0889,,,,727434,314,2026-09-04,49.63,54482657.0
NASDAQ:DTIL,DTIL,"Precision BioSciences, Inc.",Healthcare,Biotechnology,United States,NASDAQ,192742785.0,7.47,43.09,46.57,3,24.4,925,True,-19.5,109.24,21.36,22.27,24.17,-3.96,-44.48,6.1552,6.1093,6.0157,7.7777,13.4548,2156830,1255,2026-09-04,40.73,25802247.0
NYSE:ENVA,ENVA,"Enova International, Inc.",Financial Services,Credit Services,United States,NYSE,5741066385.0,230.58,43.09,46.98,3,24.4,926,False,-13.14,121.69,29.93,39.53,74.52,114.42,151.71,177.4654,165.2566,132.1214,107.5368,91.607,66222287,1255,2026-09-04,44.76,24898371.0
NASDAQ:KDK,KDK,"Kodiak AI, Inc.",Technology,Software - Infrastructure,United States,NASDAQ,737835529.0,3.82,43.09,40.82,3,24.4,927,False,-65.02,9.14,-46.85,,,,,7.1873,,,,,3706069,238,2026-09-04,38.31,193150662.0
NYSE:SKIL,SKIL,Skillsoft Corp.,Consumer Defensive,Education & Training Services,United States,NYSE,61068872.0,6.81,43.1,45.75,3,24.4,928,True,-61.98,85.05,-2.35,-18.52,-50.01,-50.43,-63.33,6.9739,8.3577,13.6223,13.7369,18.5731,351287,1255,2026-09-04,38.36,8967529.0
NYSE:CCK,CCK,"Crown Holdings, Inc.",Consumer Cyclical,Packaging & Containers,United States,NYSE,12524860447.0,115.16,43.12,48.48,3,24.5,929,False,-5.44,29.24,9.05,11.44,18.14,25.34,29.26,105.6007,103.3399,97.4815,91.8753,89.0931,88131928,1255,2026-09-04,44.36,108760511.0
NASDAQ:PHAR,PHAR,"Pharming Group N.V. - ADS, each representing 10",Healthcare,Biotechnology,Netherlands,NASDAQ,794838333.0,11.23,43.12,43.5,3,24.5,930,False,-46.98,14.36,-25.53,-25.04,-7.92,-3.65,-3.95,15.0792,14.9807,12.1956,11.6558,11.6916,287687,1255,2026-09-04,45.9,70778124.0
NASDAQ:SATL,SATL,Satellogic Inc.,Industrials,Aerospace & Defense,United States,NASDAQ,638749156.0,4.64,43.12,45.06,3,24.5,931,True,-56.8,265.35,-2.61,6.06,27.34,61.95,58.73,4.7645,4.3749,3.6439,2.8652,2.9231,24695067,1255,2026-09-04,42.92,137661456.0
NYSE:BMN,BMN,BlackRock 2037 Municipal Target Term Trust Common Shares of Beneficial Interest,Financial Services,Asset Management,United States,NYSE,154306090.0,25.1,43.13,45.51,3,24.5,932,False,-6.83,4.94,-1.57,-0.63,2.45,6.29,,25.5001,25.2582,24.4994,23.6139,,202191,967,2026-09-04,53.46,6147653.0
NYSE:AMPX,AMPX,"Amprius Technologies, Inc.",Industrials,Electrical Equipment & Parts,United States,NYSE,1400692711.0,9.89,43.14,43.11,3,24.5,933,False,-56.83,39.1,-27.19,-24.89,20.77,54.6,,13.5833,13.1671,8.1892,6.3971,,52033379,997,2026-09-04,40.1,141627170.0
NASDAQ:NHIV,NHIV,NewHold Investment Corp IV,Financial Services,Shell Companies,United States,NASDAQ,209739125.0,10.1,43.15,47.51,3,24.6,934,False,-0.59,1.51,,,,,,,,,,,108392,63,2026-09-04,43.15,20766250.0
NYSE:BV,BV,"BrightView Holdings, Inc.",Industrials,Specialty Business Services,United States,NYSE,1058752000.0,11.36,43.16,42.15,3,24.6,935,False,-23.5,7.17,-10.62,-11.12,-19.18,-11.59,-0.84,12.7095,12.7812,14.0563,12.8491,11.4566,10047293,1255,2026-09-04,42.52,93200000.0
NYSE:HUBB,HUBB,Hubbell Inc,Industrials,Electrical Equipment & Parts,United States,NYSE,24341022111.0,460.72,43.16,44.29,3,24.6,936,False,-16.91,14.48,-4.54,-2.44,5.76,13.97,26.16,482.6526,472.2291,435.6182,404.2448,365.175,211700034,1255,2026-09-04,42.84,52832571.0
NASDAQ:FFIN,FFIN,"First Financial Bankshares, Inc.",Financial Services,Banks - Regional,United States,NASDAQ,4792614915.0,33.44,43.2,45.2,3,24.7,937,False,-8.38,17.74,3.95,3.82,-1.19,4.6,5.1,32.1679,32.2089,33.8413,31.9703,31.8164,20326396,1255,2026-09-04,41.8,143319824.0
NYSE:AKO.B,AKO-B,Embotelladora Andina S.A.,Consumer Defensive,Beverages - Non-Alcoholic,Chile,NYSE,2309612754.0,29.28,43.22,46.57,3,24.7,938,False,-8.6,38.46,4.17,7.5,23.5,43.42,61.41,28.107,27.2363,23.7087,20.4151,18.1405,384147,1255,2026-09-04,48.05,78880217.0
NASDAQ:BZFD,BZFD,"BuzzFeed, Inc.",Communication Services,Internet Content & Information,United States,NASDAQ,90688044.0,1.09,43.22,44.22,3,24.7,939,False,-47.85,92.24,5.05,-6.2,-39.57,-38.38,-55.34,1.0376,1.1621,1.8036,1.769,2.4404,511550,1255,2026-09-04,46.86,83200040.0
NYSE:CNI,CNI,Canadian National Railway Company,Industrials,Railroads,Canada,NYSE,74626513000.0,123.37,43.22,46.63,3,24.7,940,False,-5.52,37.3,11.87,15.43,18.61,14.81,14.07,110.2794,106.8759,104.012,107.4554,108.1513,170058240,1255,2026-09-04,42.5,604900000.0
NYSE:CUZ,CUZ,Cousins Properties Incorporated,Real Estate,REIT - Office,United States,NYSE,4791565908.0,29.11,43.23,45.77,3,24.8,941,False,-9.88,39.82,11.72,11.52,8.86,18.23,24.42,26.0556,26.1029,26.7396,24.6206,23.3959,38590484,1255,2026-09-04,44.7,164602058.0
NYSE:TU,TU,Telus Corporation,Communication Services,Telecom Services,Canada,NYSE,15098243708.0,9.67,43.23,41.88,3,24.8,942,False,-38.8,1.58,-18.68,-22.36,-27.98,-29.86,-32.99,11.8915,12.4545,13.4275,13.786,14.4317,54761154,1255,2026-09-04,45.27,1561348884.0
NASDAQ:RCKY,RCKY,"Rocky Brands, Inc.",Consumer Cyclical,Footwear & Accessories,United States,NASDAQ,330515862.0,44.14,43.24,48.17,3,24.8,943,True,-12.75,68.87,16.53,22.72,50.97,56.99,66.61,37.8801,35.9677,29.237,28.1156,26.4932,2014799,1255,2026-09-04,38.57,7487899.0
NASDAQ:UAL,UAL,"United Airlines Holdings, Inc.",Industrials,Airlines,United States,NASDAQ,36150576305.0,111.38,43.24,44.62,3,24.8,944,False,-18.17,30.71,2.86,4.63,17.5,42.87,59.36,108.2878,106.4501,94.7901,77.9566,69.8907,356394498,1255,2026-09-04,38.5,324569728.0
NASDAQ:TCBK,TCBK,TriCo Bancshares,Financial Services,Banks - Regional,United States,NASDAQ,1735936096.0,54.4,43.26,45.65,3,24.9,945,False,-11.72,36.5,7.2,10.55,20.79,31.08,32.71,50.7471,49.2078,45.0376,41.5004,40.9911,12284867,1255,2026-09-04,42.54,31910590.0
NYSE:TT,TT,Trane Technologies plc,Industrials,Building Products & Equipment,Ireland,NYSE,98548380978.0,447.9,43.26,44.49,3,24.9,946,False,-10.83,19.83,1.26,2.49,8.66,22.82,41.69,442.3181,436.9973,412.2022,364.6906,316.104,409255435,1255,2026-09-04,40.29,220023177.0
NASDAQ:WWD,WWD,"Woodward, Inc.",Industrials,Aerospace & Defense,United States,NASDAQ,20442843800.0,346.22,43.26,42.78,3,24.9,947,False,-20.6,46.42,-3.6,2.73,30.03,52.81,77.47,359.1512,337.0148,266.2582,226.5722,195.0915,183609743,1255,2026-09-04,40.39,59045820.0
NASDAQ:AXSM,AXSM,"Axsome Therapeutics, Inc.",Healthcare,Biotechnology,United States,NASDAQ,10635704437.0,206.68,43.27,43.29,3,25.0,948,False,-19.0,81.14,6.14,14.39,45.25,71.59,93.11,194.7303,180.6802,142.2915,120.4491,107.0243,134985753,1255,2026-09-04,44.87,51459766.0
NASDAQ:QTRX,QTRX,Quanterix Corporation,Healthcare,Medical Devices,United States,NASDAQ,126715089.0,2.69,43.27,43.54,3,25.0,949,True,-66.63,11.16,-41.82,-43.75,-59.4,-76.15,-78.1,4.6236,4.7822,6.625,11.2777,12.2813,2445178,1255,2026-09-04,40.08,47105981.0
NASDAQ:UFPI,UFPI,"UFP Industries, Inc.",Basic Materials,Lumber & Wood Production,United States,NASDAQ,4765801807.0,84.38,43.28,45.38,3,25.0,950,False,-26.12,7.51,-7.66,-7.77,-16.19,-18.6,-13.75,91.3754,91.4845,100.6808,103.6658,97.8296,30728870,1255,2026-09-04,39.32,56480230.0
NYSE:VATE,VATE,INNOVATE Corp.,Industrials,Engineering & Construction,United States,NYSE,101495483.0,7.44,43.31,42.75,3,25.0,951,False,-62.91,86.93,-13.13,-4.94,5.79,-3.73,-29.6,8.5641,7.8264,7.0328,7.7279,10.5679,2225374,1255,2026-09-04,43.47,13641866.0
NASDAQ:LRMR,LRMR,"Larimar Therapeutics, Inc.",Healthcare,Biotechnology,United States,NASDAQ,397871649.0,3.83,43.32,46.68,3,25.1,952,True,-35.63,36.3,-2.59,-3.38,-6.38,-21.52,-17.98,3.9318,3.9641,4.091,4.8803,4.6694,3975159,1255,2026-09-04,43.32,103882937.0
NASDAQ:UPST,UPST,"Upstart Holdings, Inc.",Financial Services,Credit Services,United States,NASDAQ,2684709510.0,28.05,43.32,44.94,3,25.1,953,False,-59.3,15.81,-17.62,-25.97,-42.12,-33.03,-25.24,34.0507,37.8925,48.465,41.8874,37.5187,119478785,1255,2026-09-04,45.28,95711569.0
NASDAQ:XMAX,XMAX,"XMAX, Inc.",Consumer Cyclical,"Furnishings, Fixtures & Appliances",United States,NASDAQ,548888073.0,8.63,43.32,46.92,3,25.1,954,False,-7.6,96.14,17.94,24.83,114.52,154.57,161.98,7.3171,6.9133,4.0229,3.39,3.2941,4644725,1255,2026-09-04,44.35,63602326.0
NASDAQ:PBHC,PBHC,"Pathfinder Bancorp, Inc.",Financial Services,Banks - Regional,United States,NASDAQ,76995403.0,15.79,43.33,47.13,3,25.2,955,True,-5.82,31.63,10.29,9.56,5.68,11.96,8.94,14.3169,14.4127,14.9406,14.1029,14.4947,96013,1255,2026-09-04,38.1,4876213.0
NASDAQ:QDEL,QDEL,QuidelOrtho Corporation,Healthcare,Medical Devices,United States,NASDAQ,952628116.0,13.97,43.33,45.13,3,25.2,956,True,-60.51,40.26,-28.17,-33.74,-50.9,-62.29,-71.51,19.4491,21.0844,28.4538,37.0485,49.03,19547609,1255,2026-09-04,43.0,68190989.0
NASDAQ:VERI,VERI,"Veritone, Inc.",Technology,Software - Infrastructure,United States,NASDAQ,84309642.0,0.907,43.33,41.33,3,25.2,957,False,-89.19,15.54,-65.3,-71.38,-68.83,-68.22,-74.33,2.6135,3.1693,2.9099,2.8543,3.5331,4990329,1255,2026-09-04,35.17,92954401.0
NYSE:CIM,CIM,Chimera Investment Corporation,Real Estate,REIT - Mortgage,United States,NYSE,973639650.0,11.64,43.34,41.37,3,25.2,958,False,-13.72,9.56,-5.62,-4.81,-3.16,0.17,-0.93,12.3331,12.2276,12.0195,11.6203,11.7498,8506325,1255,2026-09-04,40.37,83646018.0
NYSE:HIMS,HIMS,"Hims & Hers Health, Inc.",Healthcare,Drug Manufacturers - Specialty & Generic,United States,NYSE,6181548795.0,27.71,43.34,45.39,3,25.2,959,False,-55.85,90.84,-2.36,-15.78,-20.38,1.19,23.1,28.3795,32.9015,34.8036,27.3851,22.5107,383025003,1255,2026-09-04,43.6,223080072.0
NYSE:TKR,TKR,Timken Company (The),Industrials,Tools & Accessories,United States,NYSE,8558943852.0,123.16,43.34,44.02,3,25.2,960,False,-15.02,76.35,11.35,19.15,39.02,45.21,50.72,110.6013,103.3665,88.5901,84.8179,81.7127,110232952,1255,2026-09-04,38.83,69494510.0
NASDAQ:VIVO,VIVO,VivoPower PLC,Technology,Software - Infrastructure,United Kingdom,NASDAQ,119516687.0,3.89,43.34,45.52,3,25.2,961,False,-41.06,221.49,17.01,9.3,24.48,34.67,10.85,3.3244,3.559,3.125,2.8885,3.5094,1846432,1255,2026-09-04,43.98,30724084.0
NYSE:FLG,FLG,"Flagstar Bank, N.A.",Financial Services,Banks - Regional,United States,NYSE,5638096501.0,13.52,43.35,43.18,3,25.3,962,True,-11.91,26.5,-0.45,2.52,10.78,-5.93,-23.43,13.5806,13.1876,12.2047,14.3728,17.658,52615413,1255,2026-09-04,41.8,417018972.0
NASDAQ:ELVA,ELVA,Electrovaya Inc.,Industrials,Electrical Equipment & Parts,Canada,NASDAQ,341601612.0,6.9,43.36,43.35,3,25.3,963,False,-43.72,63.12,-19.15,-14.34,25.84,47.73,53.27,8.5339,8.0547,5.483,4.6707,4.5018,4610090,1255,2026-09-04,41.26,49507480.0
NASDAQ:POOL,POOL,Pool Corporation,Industrials,Industrial Distribution,United States,NASDAQ,6731033159.0,185.22,43.37,44.68,3,25.4,964,False,-43.08,7.1,-12.91,-18.75,-32.62,-37.88,-39.15,212.6728,227.967,274.8982,298.1717,304.38,112888621,1255,2026-09-04,41.74,36340747.0
NYSE:NEE,NEE,"NextEra Energy, Inc.",Utilities,Utilities - Regulated Electric,United States,NYSE,174033161977.0,83.43,43.38,43.3,3,25.4,965,False,-13.49,23.02,-3.59,-1.41,7.78,16.43,17.26,86.5385,84.6194,77.4078,71.6593,71.1488,867432525,1255,2026-09-04,47.15,2085978209.0
NASDAQ:ONDS,ONDS,Ondas Inc,Technology,Communication Equipment,United States,NASDAQ,4342170193.0,7.62,43.38,45.07,3,25.4,966,False,-45.61,45.14,-19.98,-16.06,43.66,97.81,125.01,9.5225,9.0779,5.3043,3.8521,3.3865,609769435,1255,2026-09-04,43.47,569838608.0
NASDAQ:CV,CV,"CapsoVision, Inc.",Healthcare,Medical Devices,United States,NASDAQ,299281880.0,5.99,43.41,44.45,3,25.4,967,False,-58.46,68.26,-11.77,-5.66,,,,6.7892,6.3491,,,,501058,297,2026-09-04,42.78,49963586.0
NASDAQ:OLED,OLED,Universal Display Corporation,Technology,Electronic Components,United States,NASDAQ,3784909194.0,82.34,43.43,45.47,3,25.5,968,False,-44.81,5.65,-16.81,-23.16,-37.06,-42.86,-40.74,98.9787,107.1538,130.8174,144.0967,138.9557,61160428,1255,2026-09-04,44.07,45966835.0
NASDAQ:BCPC,BCPC,Balchem Corporation,Basic Materials,Specialty Chemicals,United States,NASDAQ,5513801156.0,171.61,43.44,47.7,3,25.5,969,False,-6.36,23.07,2.97,4.99,4.7,9.1,14.42,166.6552,163.4501,163.9077,157.3013,149.9796,26653124,1255,2026-09-04,43.65,32129836.0
NYSE:ALC,ALC,Alcon Inc.,Healthcare,Medical Instruments & Supplies,Switzerland,NYSE,34382850000.0,70.5,43.45,47.74,3,25.5,970,False,-18.74,13.67,-5.04,-5.38,-13.83,-13.61,-10.71,74.2398,74.5074,81.8153,81.6079,78.9557,114194646,1255,2026-09-04,51.12,487700000.0
NASDAQ:RSVR,RSVR,"Reservoir Media, Inc..",Communication Services,Entertainment,United States,NASDAQ,641031555.0,9.74,43.45,44.34,3,25.5,971,False,-12.25,34.9,6.36,10.11,16.05,22.59,30.17,9.1574,8.8455,8.393,7.9451,7.4827,350052,1255,2026-09-04,44.41,65814328.0
AMEX:KULR,KULR,"KULR Technology Group, Inc.",Technology,Electronic Components,United States,AMEX,117955771.0,2.55,43.46,43.74,3,25.6,972,False,-53.3,26.24,-18.45,-23.78,-59.46,-49.65,-57.65,3.1269,3.3458,6.2907,5.0647,6.0207,2713770,1255,2026-09-04,43.46,46257165.0
NYSE:NPKI,NPKI,NPK International Inc.,Industrials,Building Products & Equipment,United States,NYSE,1122508799.0,13.22,43.46,44.24,3,25.6,973,True,-19.14,26.75,-5.54,-2.2,25.66,40.65,63.38,13.9957,13.5169,10.5207,9.3992,8.0915,10386945,1255,2026-09-04,41.32,84909894.0
NASDAQ:YDDL,YDDL,One and One Green Technologies. INC,Industrials,Waste Management,Philippines,NASDAQ,75618465.0,1.65,43.46,41.88,3,25.6,974,False,-89.24,0.0,-66.77,,,,,4.9659,,,,,4106879,228,2026-09-04,44.68,45829373.0
NASDAQ:LAES,LAES,SEALSQ Corp,Technology,Semiconductors,Switzerland,NASDAQ,539113078.0,2.42,43.47,44.22,3,25.7,975,False,-68.37,15.79,-28.11,-34.69,-22.99,-6.75,,3.3663,3.7054,3.1425,2.5952,,20387650,825,2026-09-04,42.39,222773999.0
NASDAQ:CAR,CAR,"Avis Budget Group, Inc.",Industrials,Rental & Leasing Services,United States,NASDAQ,4900741852.0,138.73,43.48,43.75,3,25.7,976,False,-80.57,58.21,-12.04,-11.18,5.59,4.06,-5.46,157.7269,156.1872,131.3913,133.3182,146.7384,42985329,1255,2026-09-04,43.2,35325754.0
NASDAQ:COAG,COAG,"Hemab Therapeutics Holdings, Inc.",Healthcare,Biotechnology,United States,NASDAQ,2074187258.0,44.41,43.48,47.94,3,25.7,977,True,-19.17,77.78,,,,,,,,,,,15034604,88,2026-09-04,43.37,46705410.0
NASDAQ:ACIC,ACIC,American Coastal Insurance Corporation,Financial Services,Insurance - Property & Casualty,United States,NASDAQ,462347008.0,9.54,43.49,42.78,3,25.7,978,False,-22.16,3.92,-13.15,-13.1,-12.38,-7.61,14.09,10.9839,10.9781,10.8879,10.3255,8.3618,2475321,1255,2026-09-04,43.49,48464047.0
NASDAQ:LSCC,LSCC,Lattice Semiconductor Corporation,Technology,Semiconductors,United States,NASDAQ,16428733323.0,115.9,43.49,44.31,3,25.7,979,True,-25.36,87.75,7.31,15.86,50.26,56.61,55.35,108.0082,100.0366,77.1311,74.0054,74.6035,166618383,1255,2026-09-04,40.33,141749209.0
NASDAQ:BRUN,BRUN,Boost Run Inc.,Technology,Software - Infrastructure,United States,NASDAQ,562639372.0,17.64,43.5,43.65,3,25.8,980,False,-55.0,71.6,-1.03,5.9,,,,17.8241,16.6576,,,,49337494,422,2026-09-04,40.97,31895656.0
NASDAQ:PANW,PANW,"Palo Alto Networks, Inc.",Technology,Software - Infrastructure,United States,NASDAQ,271606900000.0,333.26,43.5,47.2,3,25.8,981,False,-15.84,135.24,42.99,46.15,61.18,78.0,103.26,233.067,228.0336,206.7623,187.2246,163.9578,2231024747,1255,2026-09-04,43.02,815000000.0
NYSE:ACVA,ACVA,ACV Auctions Inc.,Consumer Cyclical,Auto & Truck Dealerships,United States,NYSE,1218602560.0,6.98,43.51,46.38,3,25.8,982,True,-40.9,68.19,4.64,-2.52,-43.25,-48.88,-47.36,6.6704,7.1607,12.2987,13.6547,13.2599,36274200,1255,2026-09-04,36.18,174584894.0
NYSE:ASPN,ASPN,"Aspen Aerogels, Inc.",Basic Materials,Specialty Chemicals,United States,NYSE,407757069.0,4.92,43.52,45.58,3,25.9,983,True,-44.22,91.44,15.6,2.49,-39.23,-55.37,-53.58,4.2559,4.8006,8.096,11.0248,10.5984,4483870,1255,2026-09-04,40.09,82877453.0
NYSE:CC,CC,Chemours Company (The),Basic Materials,Specialty Chemicals,United States,NYSE,2302634624.0,15.3,43.52,43.04,3,25.9,984,False,-44.73,48.11,-14.86,-11.04,-4.79,-18.57,-27.62,17.9694,17.1996,16.07,18.7895,21.1396,32497026,1255,2026-09-04,44.97,150498995.0
NYSE:OHI,OHI,"Omega Healthcare Investors, Inc.",Real Estate,REIT - Healthcare Facilities,United States,NYSE,13872768180.0,46.38,43.52,45.23,3,25.9,985,False,-9.1,24.82,2.42,5.21,17.26,30.75,43.54,45.2844,44.0852,39.5526,35.4713,32.3106,76900317,1255,2026-09-04,49.3,299111000.0
NYSE:SSTK,SSTK,"Shutterstock, Inc.",Communication Services,Internet Content & Information,United States,NYSE,210876200.0,5.74,43.54,38.75,3,25.9,986,False,-76.81,7.89,-59.62,-63.25,-69.72,-76.86,-81.25,14.2142,15.6205,18.9556,24.8081,30.6165,5291828,1255,2026-09-04,44.02,36738014.0
NASDAQ:NHIC,NHIC,NewHold Investment Corp III,,,,NASDAQ,222012162.0,10.62,43.55,43.86,3,26.0,987,True,-7.17,4.53,0.55,1.19,,,,10.5617,10.4951,,,,2510051,348,2026-09-04,41.2,20905100.0
NYSE:AER,AER,AerCap Holdings N.V.,Industrials,Rental & Leasing Services,Ireland,NYSE,22854563051.0,145.4,43.56,46.22,3,26.0,988,False,-6.09,22.34,1.77,4.62,20.91,37.15,55.5,142.8744,138.9805,120.2535,106.0152,93.5022,149916323,1255,2026-09-04,45.95,157184065.0
NASDAQ:OIO,OIO,OIO Group,Industrials,Waste Management,Singapore,NASDAQ,612518910.0,1.76,43.6,43.15,3,26.0,989,True,-86.42,7.98,-73.23,-76.81,-74.07,-66.71,-84.43,6.5739,7.5902,6.787,5.2875,11.3074,213000,1107,2026-09-04,40.54,348022108.0
NASDAQ:RGP,RGP,"Resources Connection, Inc.",Industrials,Consulting Services,United States,NASDAQ,139152249.0,4.04,43.6,45.52,3,26.0,990,False,-21.18,20.18,-3.5,-4.84,-23.68,-43.37,-54.5,4.1863,4.2454,5.2934,7.1336,8.8789,1095679,1255,2026-09-04,50.92,34443626.0
NASDAQ:AAOI,AAOI,"Applied Optoelectronics, Inc.",Technology,Communication Equipment,United States,NASDAQ,8924591581.0,105.53,43.62,45.0,3,26.1,991,True,-52.7,441.46,3.96,21.89,93.6,160.42,236.62,101.5104,86.5756,54.5084,40.5224,31.3503,1229612223,1255,2026-09-04,40.22,84569237.0
NASDAQ:EXPE,EXPE,"Expedia Group, Inc.",Consumer Cyclical,Travel Services,United States,NASDAQ,34124355354.0,298.04,43.62,48.76,3,26.1,992,False,-11.99,59.01,15.61,18.89,41.26,63.32,84.07,257.7924,250.6932,210.9917,182.4917,161.9172,452956024,1255,2026-09-04,45.98,114495891.0
NASDAQ:KIDS,KIDS,OrthoPediatrics Corp.,Healthcare,Medical Devices,United States,NASDAQ,575600716.0,22.41,43.62,49.77,3,26.1,993,False,-15.43,53.07,20.89,21.61,6.32,-6.67,-22.65,18.5377,18.4282,21.0779,24.0113,28.9725,5725217,1255,2026-09-04,45.01,25684994.0
NYSE:SEG,SEG,Seaport Entertainment Group Inc.,Real Estate,Real Estate Services,United States,NYSE,336178157.0,26.26,43.64,47.35,3,26.2,994,True,-10.16,44.05,13.9,12.94,10.28,,,23.0562,23.2519,23.8124,,,1880304,528,2026-09-04,41.36,12801910.0
NYSE:SLVM,SLVM,Sylvamo Corporation,Basic Materials,Paper & Paper Products,United States,NYSE,1429308812.0,35.97,43.64,44.4,3,26.2,995,True,-32.8,4.2,-14.96,-14.74,-32.39,-32.26,-27.89,42.297,42.1863,53.2021,53.0975,49.8825,9106654,1243,2026-09-04,40.68,39736136.0
NASDAQ:TECX,TECX,"Tectonic Therapeutic, Inc.",Healthcare,Biotechnology,United States,NASDAQ,580227470.0,30.75,43.64,46.17,3,26.2,996,True,-18.93,109.04,12.4,22.01,12.92,29.83,47.82,27.3579,25.2034,27.2328,23.6856,20.8023,8376529,1255,2026-09-04,41.12,18869186.0
NYSE:LAC,LAC,Lithium Americas Corp.,Basic Materials,Other Industrial Metals & Mining,Canada,NYSE,1088848572.0,3.0,43.65,42.94,3,26.2,997,True,-70.15,10.7,-32.73,-36.09,-21.92,,,4.4596,4.6942,3.8423,,,28396465,735,2026-09-04,42.05,362949524.0
NASDAQ:CERS,CERS,Cerus Corporation,Healthcare,Medical Devices,United States,NASDAQ,521949486.0,2.59,43.66,45.8,3,26.3,998,True,-21.04,119.49,9.38,18.39,38.16,38.3,20.17,2.3679,2.1877,1.8747,1.8728,2.1552,5266767,1255,2026-09-04,42.35,201524898.0
NASDAQ:STEX,STEX,Streamex Corp.,Financial Services,Capital Markets,United States,NASDAQ,74556494.0,0.715,43.66,44.54,3,26.3,999,True,-89.79,3.77,-61.84,-72.05,-71.22,-70.1,-82.32,1.8738,2.5583,2.4842,2.391,4.0445,816017,1255,2026-09-04,41.07,104274817.0
NASDAQ:PTLO,PTLO,Portillo's Inc.,Consumer Cyclical,Restaurants,United States,NASDAQ,319923834.0,4.42,43.67,45.85,3,26.3,1000,True,-35.19,16.01,-11.15,-14.26,-47.05,-55.66,-65.16,4.9745,5.1554,8.348,9.9679,12.6879,6079484,1223,2026-09-04,43.04,72380958.0
NYSE:QXO,QXO,"QXO, Inc.",Industrials,Industrial Distribution,United States,NYSE,13854701356.0,13.35,43.69,43.95,3,26.3,1001,False,-50.68,3.65,-30.16,-30.18,-24.51,-61.35,-57.25,19.1144,19.1218,17.6841,34.5379,31.2282,204073601,1255,2026-09-04,44.59,1037805345.0
NASDAQ:LUCD,LUCD,Lucid Diagnostics Inc.,Healthcare,Medical Devices,United States,NASDAQ,179325250.0,0.94,43.7,45.59,3,26.4,1002,False,-36.05,7.8,-15.61,-15.86,-14.87,-15.4,-23.38,1.1138,1.1172,1.1042,1.1111,1.2269,787706,1228,2026-09-04,45.41,190771543.0
NASDAQ:QURE,QURE,uniQure N.V.,Healthcare,Biotechnology,Netherlands,NASDAQ,3086805334.0,44.5,43.7,49.84,3,26.4,1003,False,-36.96,392.8,56.96,42.25,105.68,170.32,161.81,28.3511,31.282,21.6356,16.462,16.9974,53033325,1255,2026-09-04,44.83,69366412.0
NASDAQ:MPLT,MPLT,"MapLight Therapeutics, Inc.",Healthcare,Biotechnology,United States,NASDAQ,586852132.0,13.77,43.71,40.47,3,26.4,1004,False,-65.4,39.02,-37.32,,,,,21.967,,,,,7430785,216,2026-09-04,40.06,42618165.0
NASDAQ:AMSC,AMSC,American Superconductor Corporation,Industrials,Specialty Industrial Machinery,United States,NASDAQ,1432061172.0,29.55,43.72,42.57,3,26.5,1005,False,-55.68,13.87,-17.53,-25.8,-14.49,6.59,33.65,35.8321,39.8231,34.5587,27.7221,22.1107,18152866,1255,2026-09-04,40.39,48462307.0
NASDAQ:IMDX,IMDX,Insight Molecular Diagnostics Inc.,Healthcare,Diagnostics & Research,United States,NASDAQ,133358390.0,4.13,43.72,43.94,3,26.5,1006,False,-51.3,66.53,-21.25,-19.61,3.87,12.9,-12.81,5.2446,5.1373,3.976,3.658,4.7366,887876,1255,2026-09-04,43.43,32290167.0
NYSE:FUN,FUN,Six Flags Entertainment Corporation Common Stock New,Consumer Cyclical,Leisure,United States,NYSE,1585183140.0,15.51,43.74,43.26,3,26.5,1007,True,-42.0,20.89,-12.57,-16.4,-45.06,-52.37,-54.97,17.7402,18.5531,28.2302,32.5636,34.4436,29966403,1255,2026-09-04,40.07,102203942.0
NASDAQ:SELF,SELF,"Global Self Storage, Inc.",Real Estate,REIT - Specialty,United States,NASDAQ,59621441.0,5.22,43.74,47.22,3,26.5,1008,False,-7.94,12.17,2.75,3.96,6.23,12.66,15.04,5.0802,5.0214,4.9139,4.6335,4.5374,158334,1255,2026-09-04,46.87,11421732.0
NASDAQ:HRTX,HRTX,"Heron Therapeutics, Inc.",Healthcare,Biotechnology,United States,NASDAQ,64354985.0,0.34,43.75,40.35,3,26.6,1009,False,-77.18,13.33,-61.59,-64.47,-75.68,-79.62,-81.92,0.8853,0.9569,1.398,1.6683,1.8802,1051332,1255,2026-09-04,40.36,189279369.0
NASDAQ:NYAX,NYAX,Nayax Ltd.,Technology,Software - Infrastructure,Israel,NASDAQ,1952633981.0,52.24,43.75,42.98,3,26.6,1010,False,-31.09,31.52,-11.22,-6.97,13.08,35.6,,58.8426,56.1548,46.1955,38.524,,1628289,993,2026-09-04,44.55,37378139.0
NASDAQ:VSEC,VSEC,VSE Corporation,Industrials,Aerospace & Defense,United States,NASDAQ,5721133864.0,203.91,43.76,46.47,3,26.6,1011,False,-16.25,31.86,3.24,6.5,32.56,61.67,91.58,197.5166,191.4646,153.8197,126.1284,106.4377,74954769,1255,2026-09-04,42.87,28057152.0
NYSE:IGI,IGI,Western Asset Investment Grade Opportunity Trust Inc.,Financial Services,Asset Management,United States,NYSE,94579797.0,15.78,43.77,46.23,3,26.6,1012,False,-2.31,2.11,-0.44,-0.54,0.91,2.78,5.49,15.8503,15.8661,15.6375,15.3535,14.9589,174502,1255,2026-09-04,44.97,5993650.0
NASDAQ:TMCR,TMCR,The Metals Royalty Company Inc.,Basic Materials,Other Industrial Metals & Mining,Canada,NASDAQ,355362518.0,5.75,43.77,43.22,3,26.6,1013,True,-63.38,10.58,,,,,,,,,,,574208,105,2026-09-04,42.59,61802177.0
NYSE:CYH,CYH,"Community Health Systems, Inc.",Healthcare,Medical Care Facilities,United States,NYSE,407517042.0,2.89,43.78,45.64,3,26.7,1014,False,-34.47,16.06,-7.32,-8.38,-14.42,-14.42,-18.38,3.1182,3.1542,3.377,3.3771,3.5407,3118479,1255,2026-09-04,45.33,141009357.0
NASDAQ:CSX,CSX,CSX Corporation,Industrials,Railroads,United States,NASDAQ,91530785649.0,49.41,43.79,47.77,3,26.7,1015,False,-6.92,56.15,15.12,20.05,35.18,40.32,46.31,42.9194,41.1588,36.5513,35.2124,33.7709,463765235,1255,2026-09-04,39.66,1852474917.0
NASDAQ:CCSI,CCSI,"Consensus Cloud Solutions, Inc.",Technology,Software - Infrastructure,United States,NASDAQ,650551512.0,35.36,43.8,46.48,3,26.7,1016,False,-11.27,74.7,20.93,22.71,35.29,46.85,21.78,29.2411,28.8148,26.1356,24.0792,29.0353,7448945,1238,2026-09-04,42.91,18397950.0
NYSE:DOW,DOW,Dow Inc.,Basic Materials,Chemicals,United States,NYSE,21265710532.0,29.44,43.8,45.5,3,26.7,1017,False,-28.15,49.6,-4.42,1.52,-5.72,-18.91,-22.35,30.8026,28.9996,31.226,36.3044,37.9143,247180088,1255,2026-09-04,49.31,722340711.0
NYSE:PRG,PRG,"PROG Holdings, Inc.",Industrials,Rental & Leasing Services,United States,NYSE,1564984861.0,39.29,43.81,45.2,3,26.8,1018,True,-17.06,51.91,12.68,15.17,12.79,15.85,25.15,34.8699,34.1135,34.8347,33.9145,31.3951,19399533,1255,2026-09-04,38.95,39831633.0
NYSE:CSW,CSW,"CSW Industrials, Inc.",Industrials,Specialty Industrial Machinery,United States,NYSE,5025889000.0,308.46,43.83,48.06,3,26.8,1019,False,-12.19,33.6,6.13,9.61,1.64,11.02,27.06,290.6434,281.4204,303.4864,277.838,242.7701,37957350,1255,2026-09-04,41.51,16293487.0
NYSE:HTB,HTB,"HomeTrust Bancshares, Inc.",Financial Services,Banks - Regional,United States,NYSE,794052788.0,47.25,43.83,44.95,3,26.8,1020,False,-8.6,24.37,4.69,7.21,19.13,35.06,48.31,45.1353,44.0738,39.6621,34.9833,31.8591,10926638,1255,2026-09-04,41.67,16805350.0
NASDAQ:MDLZ,MDLZ,"Mondelez International, Inc.",Consumer Defensive,Confectioners,United States,NASDAQ,78212157733.0,61.28,43.83,47.25,3,26.8,1021,False,-5.71,21.0,4.85,4.64,1.07,-1.21,-1.05,58.4429,58.5653,60.6289,62.0279,61.9297,431130900,1255,2026-09-04,44.68,1276308057.0
NASDAQ:IPGP,IPGP,IPG Photonics Corporation,Technology,Semiconductor Equipment & Materials,United States,NASDAQ,3310602048.0,78.0,43.84,42.44,3,26.9,1022,True,-49.32,10.26,-23.06,-20.2,-7.17,-9.52,-14.84,101.3776,97.7386,84.0246,86.211,91.5894,46164778,1255,2026-09-04,40.99,42443616.0
NYSE:ONL,ONL,Orion Properties Inc.,Real Estate,REIT - Office,United States,NYSE,154009484.0,2.71,43.85,46.44,3,26.9,1023,True,-9.06,45.84,8.39,7.79,-0.14,-11.29,-29.3,2.5002,2.5143,2.7139,3.055,3.8331,827643,1200,2026-09-04,42.08,56830068.0
NASDAQ:AIRG,AIRG,"Airgain, Inc.",Technology,Communication Equipment,United States,NASDAQ,66547845.0,5.25,43.86,42.47,3,27.0,1024,False,-28.96,71.01,-2.4,2.51,-5.95,-1.07,-5.75,5.3788,5.1215,5.5821,5.3069,5.5702,347098,1255,2026-09-04,43.86,12675780.0
NASDAQ:WLFC,WLFC,Willis Lease Finance Corporation,Industrials,Rental & Leasing Services,United States,NASDAQ,1343649455.0,56.22,43.86,42.93,3,27.0,1025,False,-29.53,47.5,-6.01,-0.81,1.09,30.25,55.34,59.8132,56.6798,55.6133,43.164,36.1919,13081887,1255,2026-09-04,41.4,23899848.0
NASDAQ:KLRS,KLRS,"Kalaris Therapeutics, Inc.",Healthcare,Biotechnology,United States,NASDAQ,92789884.0,3.9,43.87,44.66,3,27.0,1026,False,-64.48,16.77,-39.41,-36.64,-49.15,-71.82,-90.67,6.4364,6.155,7.6695,13.8383,41.819,183780,1255,2026-09-04,45.37,23792278.0
NASDAQ:MSLE,MSLE,Satellos Bioscience Inc.,Healthcare,Biotechnology,Canada,NASDAQ,186855774.0,8.97,43.87,47.88,3,27.0,1027,False,-31.05,64.65,10.37,15.95,30.53,48.75,64.28,8.1272,7.7361,6.8722,6.0304,5.4603,200723,1255,2026-09-04,45.35,20831190.0
NASDAQ:INDP,INDP,"Indaptus Therapeutics, Inc.",Healthcare,Biotechnology,United States,NASDAQ,162555635.0,1.22,43.88,42.38,3,27.0,1028,True,-74.32,30.34,-44.24,-48.93,-89.64,-95.71,-96.52,2.188,2.3887,11.7801,28.4249,35.0242,1133447,1255,2026-09-04,40.77,133242324.0
NASDAQ:NN,NN,NextNav Inc.,Technology,Software - Infrastructure,United States,NASDAQ,2071112734.0,15.18,43.89,45.56,3,27.1,1029,False,-35.65,33.51,-10.19,-7.25,3.98,29.45,59.54,16.9028,16.3674,14.5992,11.7261,9.5151,46852743,1255,2026-09-04,47.13,136436939.0
NYSE:R,R,"Ryder System, Inc.",Industrials,Rental & Leasing Services,United States,NYSE,9526895886.0,248.44,43.89,44.77,3,27.1,1030,False,-11.02,57.84,10.67,15.76,35.49,56.35,78.54,224.4925,214.6124,183.359,158.9007,139.1512,65711152,1255,2026-09-04,41.48,38346868.0
NASDAQ:NXPI,NXPI,NXP Semiconductors N.V.,Technology,Semiconductors,Netherlands,NASDAQ,57453085404.0,227.84,43.92,42.55,3,27.1,1031,True,-31.28,25.32,-6.06,-3.74,1.82,1.94,8.93,242.5392,236.6953,223.7659,223.4941,209.162,664645558,1255,2026-09-04,40.86,252164174.0
NASDAQ:ALOY,ALOY,REalloys Inc.,Basic Materials,Other Industrial Metals & Mining,United States,NASDAQ,689133484.0,10.1,43.94,45.95,3,27.2,1032,True,-60.97,70.61,-9.73,-3.74,40.71,77.32,103.25,11.1892,10.4924,7.178,5.6959,4.9692,28804280,1255,2026-09-04,43.69,68231038.0
NYSE:APG,APG,APi Group Corporation,Industrials,Engineering & Construction,United States,NYSE,17303698292.0,40.04,43.94,45.24,3,27.2,1033,False,-18.95,19.02,-4.49,-1.22,18.19,33.27,53.45,41.9232,40.5338,33.8778,30.0432,26.093,107900460,1255,2026-09-04,43.86,432160297.0
NYSE:NC,NC,"NACCO Industries, Inc.",Energy,Thermal Coal,United States,NYSE,250690665.0,41.93,43.95,42.33,3,27.2,1034,True,-27.93,12.8,-13.69,-11.23,5.64,14.72,15.18,48.582,47.2353,39.6924,36.5505,36.4051,810083,1255,2026-09-04,36.16,5978790.0
NASDAQ:PLYX,PLYX,"Polaryx Therapeutics, Inc.",Healthcare,Biotechnology,United States,NASDAQ,99691986.0,2.0,43.95,42.64,3,27.2,1035,True,-94.29,6.95,,,,,,,,,,,234201,150,2026-09-04,43.46,49845993.0
NYSE:DHI,DHI,"D.R. Horton, Inc.",Consumer Cyclical,Residential Construction,United States,NYSE,39927355864.0,142.75,43.96,45.51,3,27.3,1036,False,-21.5,8.36,-4.23,-5.42,-3.42,-1.46,8.04,149.0613,150.9229,147.8013,144.8599,132.1269,268129768,1255,2026-09-04,46.08,279701267.0
NASDAQ:PYPL,PYPL,"PayPal Holdings, Inc.",Financial Services,Credit Services,United States,NASDAQ,47016129635.0,54.96,43.97,48.1,3,27.3,1037,False,-27.0,41.87,8.35,1.41,-14.81,-13.07,-16.77,50.7252,54.1968,64.5136,63.2241,66.0378,720958122,1255,2026-09-04,48.58,855460874.0
NASDAQ:FTAI,FTAI,FTAI Aviation Ltd.,Industrials,Aerospace & Defense,United States,NASDAQ,20143318223.0,196.28,43.98,44.04,3,27.3,1038,False,-36.34,29.18,-16.01,-10.88,13.67,44.03,81.92,233.6954,220.2319,172.6716,136.278,107.8952,250363506,1255,2026-09-04,45.65,102625424.0
AMEX:IE,IE,Ivanhoe Electric Inc.,Basic Materials,Copper,United States,AMEX,1581333014.0,9.99,43.98,46.3,3,27.3,1039,True,-49.85,23.64,-24.33,-23.66,-5.08,-3.84,-8.39,13.2028,13.0867,10.5251,10.3889,10.9052,19793359,1052,2026-09-04,41.94,158291593.0
NASDAQ:HDSN,HDSN,"Hudson Technologies, Inc.",Basic Materials,Specialty Chemicals,United States,NASDAQ,225068016.0,5.35,44.0,44.65,3,27.4,1040,False,-48.75,10.54,-15.02,-22.18,-23.24,-36.41,-38.09,6.296,6.8748,6.9702,8.4127,8.641,3868103,1255,2026-09-04,41.07,42068788.0
NASDAQ:NOEM,NOEM,CO2 Energy Transition Corp.,Financial Services,Shell Companies,United States,NASDAQ,102471668.0,10.69,44.01,47.05,3,27.4,1041,False,-10.92,5.42,2.14,2.68,,,,10.4659,10.4108,,,,1069,411,2026-09-04,44.01,9585750.0
NASDAQ:ROAD,ROAD,"Construction Partners, Inc.",Industrials,Engineering & Construction,United States,NASDAQ,5023135120.0,104.68,44.01,45.66,3,27.4,1042,False,-25.48,11.95,-8.76,-9.7,2.17,23.73,48.17,114.7308,115.9276,102.4593,84.6028,70.6469,67361456,1255,2026-09-04,41.11,47985624.0
NYSE:SI,SI,"Shoulder Innovations, Inc.",,,,NYSE,421400752.0,20.32,44.04,47.68,3,27.4,1043,False,-16.21,84.56,24.83,30.24,,,,16.2783,15.6014,,,,2315542,277,2026-09-04,44.47,20738226.0
NASDAQ:NBIX,NBIX,"Neurocrine Biosciences, Inc.",Healthcare,Drug Manufacturers - Specialty & Generic,United States,NASDAQ,15649599354.0,155.64,44.05,44.94,3,27.5,1044,False,-16.1,26.43,5.49,6.21,15.29,16.49,22.98,147.5378,146.5371,135.002,133.61,126.5615,177901015,1255,2026-09-04,48.64,100549983.0
NYSE:SW,SW,Smurfit WestRock plc,Consumer Cyclical,Packaging & Containers,Ireland,NYSE,24038884874.0,45.83,44.05,47.76,3,27.5,1045,True,-9.77,43.92,9.94,10.9,5.88,10.86,17.42,41.6848,41.3259,43.2833,41.3401,39.0314,212454084,1255,2026-09-04,41.16,524522908.0
NYSE:ALTG,ALTG,Alta Equipment Group Inc.,Industrials,Rental & Leasing Services,United States,NYSE,198466794.0,6.1,44.07,45.12,3,27.5,1046,True,-28.82,45.58,-2.87,-3.75,-3.98,-19.72,-33.04,6.28,6.338,6.3528,7.5987,9.1094,1116959,1255,2026-09-04,35.18,32535540.0
NYSE:TPL,TPL,Texas Pacific Land Corporation,Energy,Oil & Gas E&P,United States,NYSE,24997712558.0,362.42,44.07,44.89,3,27.5,1047,False,-32.65,33.05,-7.17,-3.07,-4.8,13.06,25.05,390.4202,373.9096,380.6759,320.5414,289.8086,133849336,1255,2026-09-04,46.1,68974429.0
NYSE:BA,BA,Boeing Company (The),Industrials,Aerospace & Defense,United States,NYSE,167756036745.0,212.25,44.12,45.34,3,27.6,1048,False,-15.82,18.5,-3.63,-2.95,6.03,6.76,7.44,220.2467,218.6928,200.176,198.8021,197.5586,1059300083,1255,2026-09-04,41.43,790370020.0
NASDAQ:BYRN,BYRN,"Byrna Technologies, Inc.",Industrials,Aerospace & Defense,United States,NASDAQ,83511550.0,3.68,44.12,42.9,3,27.6,1049,True,-86.68,15.72,-61.52,-69.06,-78.63,-74.39,-70.39,9.5623,11.8956,17.2218,14.3692,12.4285,1666135,1255,2026-09-04,35.88,22693356.0
NASDAQ:AVNW,AVNW,"Aviat Networks, Inc.",Technology,Communication Equipment,United States,NASDAQ,255942578.0,19.78,44.13,45.81,3,27.7,1050,False,-26.03,31.08,-7.72,-9.31,-6.37,-19.18,-24.77,21.4338,21.8096,21.126,24.4754,26.2914,3723221,1255,2026-09-04,39.68,12939463.0
NASDAQ:GOOG,GOOG,Alphabet Inc. - Class C Capital Stock,Communication Services,Internet Content & Information,United States,NASDAQ,1853258370000.0,335.31,44.13,45.26,3,27.7,1051,False,-15.87,43.57,0.29,5.3,35.47,55.56,78.23,334.3368,318.4316,247.5226,215.5519,188.1308,5156719566,1255,2026-09-04,46.88,5527000000.0
NASDAQ:NDLS,NDLS,Noodles & Company,Consumer Cyclical,Restaurants,United States,NASDAQ,85442571.0,14.32,44.13,47.27,3,27.7,1052,False,-23.09,267.18,46.02,60.85,69.96,24.12,-21.13,9.8071,8.9027,8.4255,11.5371,18.1567,597260,1255,2026-09-04,44.64,5966660.0
NYSE:DVA,DVA,DaVita Inc.,Healthcare,Medical Care Facilities,United States,NYSE,11809398150.0,183.99,44.14,42.33,3,27.7,1053,False,-23.64,77.13,12.13,17.51,19.98,29.45,43.25,164.0803,156.5721,153.346,142.1367,128.4374,114950310,1255,2026-09-04,40.74,64185000.0
NYSE:OIA,OIA,Invesco Municipal Income Opportunities Trust,Financial Services,Asset Management,United States,NYSE,287111704.0,5.99,44.15,45.33,3,27.7,1054,False,-3.7,7.65,-0.06,0.89,4.05,6.24,8.4,5.9934,5.9373,5.7566,5.6383,5.5257,599954,1255,2026-09-04,39.52,47931837.0
NASDAQ:LFVN,LFVN,Lifevantage Corporation,Consumer Defensive,Packaged Foods,United States,NASDAQ,78848888.0,6.25,44.16,46.48,3,27.8,1055,True,-46.59,57.71,6.65,-3.5,-38.68,-29.91,-17.52,5.8602,6.4769,10.1919,8.9173,7.5775,338240,1255,2026-09-04,38.07,12615822.0
NASDAQ:PLBY,PLBY,"Playboy, Inc.",Consumer Cyclical,Leisure,United States,NASDAQ,135246428.0,1.17,44.16,45.19,3,27.8,1056,False,-56.83,5.41,-26.62,-25.48,-20.04,-7.55,-26.58,1.5944,1.5701,1.4632,1.2655,1.5935,985432,1255,2026-09-04,45.44,115595238.0
NYSE:BBUC,BBUC,Brookfield Business Corporation Class A Subordinate Voting Shares,Industrials,Conglomerates,Bermuda,NYSE,5785923717.0,28.02,44.17,43.27,3,27.8,1057,False,-25.09,3.7,-14.71,-15.57,-6.19,5.21,12.13,32.8542,33.1881,29.8675,26.6334,24.9895,8906932,1130,2026-09-04,36.19,206492638.0
NYSE:UWMC,UWMC,UWM Holdings Corporation,Financial Services,Mortgage Finance,United States,NYSE,498661514.0,1.47,44.19,41.8,3,27.8,1058,False,-76.3,22.5,-56.18,-60.93,-66.29,-68.84,-66.82,3.3547,3.7624,4.361,4.718,4.4298,23257310,1255,2026-09-04,43.54,339225520.0
NASDAQ:ITRN,ITRN,Ituran Location and Control Ltd.,Technology,Scientific & Technical Instruments,Israel,NASDAQ,1023424547.0,51.74,44.21,42.87,3,27.9,1059,True,-21.42,63.34,1.92,9.05,31.73,52.55,70.45,50.7654,47.4446,39.2761,33.916,30.3557,6552926,1255,2026-09-04,39.92,19780142.0
NYSE:SLGN,SLGN,Silgan Holdings Inc.,Consumer Cyclical,Packaging & Containers,United States,NYSE,4351892434.0,41.18,44.21,46.0,3,27.9,1060,False,-14.44,14.21,-0.67,-0.53,-10.57,-8.43,-8.93,41.4586,41.3999,46.0462,44.9725,45.2169,40179973,1255,2026-09-04,46.34,105679758.0
NYSE:BF.A,BF-A,Brown Forman Inc,Consumer Defensive,Beverages - Wineries & Distilleries,United States,NYSE,4570885433.0,27.13,44.22,46.86,3,27.9,1061,False,-9.81,18.93,0.09,0.51,-11.13,-26.61,-37.12,27.1062,26.9925,30.5275,36.9668,43.1444,3126292,1255,2026-09-04,50.25,168480849.0
NYSE:OMC,OMC,Omnicom Group Inc.,Communication Services,Advertising Agencies,United States,NYSE,22666463794.0,82.62,44.22,48.16,3,27.9,1062,False,-7.11,25.37,7.16,7.94,5.31,4.45,6.09,77.098,76.5411,78.4516,79.1013,77.8808,187256863,1255,2026-09-04,49.15,274345967.0
NYSE:RAL,RAL,Ralliant Corporation,Technology,Electronic Components,United States,NYSE,7021214908.0,63.46,44.23,45.6,3,28.0,1063,False,-13.81,65.63,15.69,20.8,,,,54.8555,52.5313,,,,72033184,302,2026-09-04,41.53,110640008.0
NYSE:AOMR,AOMR,"Angel Oak Mortgage REIT, Inc.",Real Estate,REIT - Mortgage,United States,NYSE,207040717.0,8.31,44.24,46.16,3,28.0,1064,False,-6.64,13.65,2.66,2.75,5.55,6.79,16.27,8.0949,8.0873,7.8727,7.7819,7.1471,1286877,1255,2026-09-04,40.83,24914647.0
NASDAQ:IART,IART,Integra LifeSciences Holdings Corporation,Healthcare,Medical Devices,United States,NASDAQ,1300356300.0,16.72,44.24,46.4,3,28.0,1065,True,-15.77,87.87,21.3,20.84,3.21,-25.23,-42.81,13.7839,13.836,16.2001,22.3632,29.2364,10211666,1255,2026-09-04,40.23,77772506.0
NASDAQ:MBX,MBX,"MBX Biosciences, Inc.",Healthcare,Biotechnology,United States,NASDAQ,2972441125.0,61.72,44.25,49.94,3,28.0,1066,False,-12.7,533.35,51.58,72.32,,,,40.7172,35.8173,,,,25468211,496,2026-09-04,43.31,48160096.0
NASDAQ:CIGI,CIGI,Colliers International Group Inc. - Subordinate Voting Shares,Real Estate,Real Estate Services,Canada,NASDAQ,4929030136.0,99.02,44.26,46.9,3,28.1,1067,False,-41.36,11.68,-13.54,-19.79,-23.99,-20.6,-16.51,114.5306,123.449,130.272,124.7051,118.5939,22001614,1255,2026-09-04,47.42,49778127.0
NASDAQ:SHOE,SHOE,"Shoe Station Group, Inc.",Consumer Cyclical,Apparel Retail,United States,NASDAQ,382018904.0,14.07,44.27,44.28,3,28.1,1068,False,-40.69,9.58,-17.09,-19.72,-35.02,-41.82,-40.61,16.9708,17.5262,21.6514,24.1845,23.6922,10935323,1255,2026-09-04,39.36,27151308.0
NASDAQ:CWCO,CWCO,Consolidated Water Co. Ltd.,Utilities,Utilities - Regulated Water,Cayman Islands,NASDAQ,468485563.0,29.28,44.28,45.93,3,28.1,1069,False,-23.12,2.9,-10.32,-11.15,-0.98,0.54,12.47,32.6507,32.9529,29.571,29.1236,26.0332,2688500,1255,2026-09-04,40.1,16000190.0
NYSE:PAC,PAC,"Grupo Aeroportuario Del Pacifico, S.A. B. de C.V. Grupo Aeroportuario Del Pacifico, S.A. de C.V. (each representing 10 Series B shares)",Industrials,Airports & Air Services,Mexico,NYSE,10808739716.0,208.17,44.28,43.01,3,28.1,1070,False,-30.7,2.8,-14.95,-13.88,-4.43,7.21,13.68,244.7618,241.7292,217.8298,194.1762,183.1133,23982531,1255,2026-09-04,44.41,51922658.0
NASDAQ:CORZ,CORZ,"Core Scientific, Inc.",Technology,Software - Infrastructure,United States,NASDAQ,5748780489.0,17.89,44.29,43.46,3,28.2,1071,False,-38.65,31.83,-9.16,-7.46,12.85,,,19.6935,19.3318,15.8534,,,211292021,657,2026-09-04,44.33,321340441.0
NYSE:DNA,DNA,"Ginkgo Bioworks Holdings, Inc.",Healthcare,Biotechnology,United States,NYSE,370859930.0,6.95,44.29,44.63,3,28.2,1072,False,-56.94,26.82,-16.38,-23.7,-24.43,-66.49,-80.06,8.3118,9.109,9.1962,20.738,34.8555,8823870,1255,2026-09-04,44.29,53361141.0
NASDAQ:HLIT,HLIT,Harmonic Inc.,Technology,Communication Equipment,United States,NASDAQ,1278088016.0,11.78,44.3,45.41,3,28.3,1073,True,-31.15,33.11,3.51,5.77,6.61,4.59,-1.47,11.3804,11.1372,11.0493,11.2625,11.9561,21454046,1255,2026-09-04,41.89,108496436.0
NASDAQ:OPTX,OPTX,"Syntec Optics Holdings, Inc.",Technology,Electronic Components,United States,NASDAQ,304918676.0,7.57,44.3,45.61,3,28.3,1074,False,-46.35,505.6,5.76,24.02,98.04,78.54,31.92,7.1574,6.1037,3.8225,4.24,5.7381,2051478,1157,2026-09-04,45.92,40279878.0
NASDAQ:SIFY,SIFY,Sify Technologies Limited - American Depository Shares,Communication Services,Telecom Services,India,NASDAQ,1039436725.0,14.35,44.3,45.7,3,28.3,1075,False,-17.29,38.38,-0.19,2.45,56.32,66.49,60.76,14.3774,14.0073,9.18,8.6191,8.9262,361488,1255,2026-09-04,45.19,72434615.0
NYSE:WTM,WTM,"White Mountains Insurance Group, Ltd.",Financial Services,Insurance - Property & Casualty,Bermuda,NYSE,5209650578.0,2103.49,44.3,46.26,3,28.3,1076,False,-9.31,27.5,-0.98,1.84,7.99,13.76,20.9,2124.2445,2065.4119,1947.9183,1848.9979,1739.928,45695174,1255,2026-09-04,46.41,2476670.0
NASDAQ:QUBT,QUBT,Quantum Computing Inc.,Technology,Computer Hardware,United States,NASDAQ,1806535246.0,8.01,44.31,45.46,3,28.3,1077,False,-67.47,26.94,-15.78,-27.81,-21.47,13.19,39.91,9.5105,11.0956,10.2005,7.0764,5.7251,62532422,1255,2026-09-04,43.54,225534987.0
NASDAQ:ABEO,ABEO,Abeona Therapeutics Inc.,Healthcare,Biotechnology,United States,NASDAQ,341970864.0,6.0,44.32,46.16,3,28.4,1078,True,-19.57,43.88,9.18,9.77,5.58,9.2,20.86,5.4954,5.466,5.6827,5.4944,4.9644,9955917,1255,2026-09-04,42.2,56995144.0
NYSE:ONTO,ONTO,Onto Innovation Inc.,Technology,Semiconductor Equipment & Materials,United States,NYSE,13331773392.0,268.01,44.32,46.05,3,28.4,1079,True,-29.18,158.62,11.19,22.98,46.91,49.6,71.77,241.0388,217.9213,182.4284,179.1454,156.0262,284135674,1255,2026-09-04,38.21,49743567.0
NASDAQ:UCTT,UCTT,"Ultra Clean Holdings, Inc.",Technology,Semiconductor Equipment & Materials,United States,NASDAQ,3246917535.0,72.43,44.32,44.43,3,28.4,1080,False,-49.2,234.55,7.89,22.95,64.43,72.11,82.56,67.1362,58.9091,44.0494,42.084,39.6744,71795358,1255,2026-09-04,37.19,44828352.0
NYSE:FERG,FERG,Ferguson Enterprises Inc.,Industrials,Industrial Distribution,United States,NYSE,44297338837.0,228.41,44.34,45.74,3,28.4,1081,False,-14.03,10.01,-3.95,-3.55,7.31,12.46,24.13,237.8017,236.8048,212.8492,203.1063,184.0095,366112779,1255,2026-09-04,38.33,193937826.0
NASDAQ:LGIH,LGIH,"LGI Homes, Inc.",Consumer Cyclical,Residential Construction,United States,NASDAQ,1277775345.0,55.0,44.35,46.66,3,28.5,1082,False,-17.92,60.63,8.97,9.03,-15.0,-30.39,-36.38,50.4707,50.4434,64.7065,79.0097,86.4457,14897538,1255,2026-09-04,42.74,23232279.0
NYSE:PRI,PRI,"Primerica, Inc.",Financial Services,Insurance - Life,United States,NYSE,9218616445.0,295.62,44.35,46.51,3,28.5,1083,False,-9.07,21.4,8.63,9.41,10.02,17.6,29.65,272.1417,270.1936,268.6882,251.3712,228.0057,52658353,1255,2026-09-04,46.58,31184008.0
NYSE:CVLG,CVLG,"Covenant Logistics Group, Inc.",Industrials,Trucking,United States,NYSE,717508164.0,35.05,44.36,43.13,3,28.5,1084,False,-29.59,95.79,9.84,18.11,29.26,36.55,47.13,31.9112,29.6756,27.1166,25.6689,23.823,6316198,1255,2026-09-04,39.93,20470989.0
NYSE:VLN,VLN,Valens Semiconductor Ltd.,Technology,Semiconductors,Israel,NYSE,185145985.0,1.71,44.36,44.98,3,28.5,1085,True,-51.56,54.05,-6.42,-6.08,-16.46,-21.47,-32.52,1.8274,1.8207,2.0468,2.1774,2.5339,1642760,1238,2026-09-04,41.13,108272506.0
NASDAQ:WALD,WALD,Waldencast plc,Consumer Defensive,Household & Personal Products,United Kingdom,NASDAQ,161988648.0,1.37,44.39,44.59,3,28.6,1086,False,-55.52,79.55,-13.89,-17.11,-40.68,-63.65,-72.44,1.5911,1.6529,2.3095,3.7693,4.9703,247153,1255,2026-09-04,44.39,118239889.0
NASDAQ:APLD,APLD,Applied Digital Corporation,Technology,Information Technology Services,United States,NASDAQ,7591490611.0,26.37,44.41,43.99,3,28.6,1087,False,-46.89,89.85,-18.11,-15.37,32.56,77.23,116.68,32.2007,31.1581,19.8923,14.879,12.1699,432224659,1103,2026-09-04,42.64,287883603.0
NYSE:EVF,EVF,Eaton Vance Senior Income Trust,Financial Services,Asset Management,United States,NYSE,89761228.0,4.94,44.42,47.74,3,28.6,1088,False,-3.93,5.18,0.11,-0.53,-2.96,-2.14,4.09,4.9347,4.9661,5.0909,5.0479,4.7461,258970,1255,2026-09-04,47.49,18170289.0
NYSE:WKC,WKC,World Kinect Corporation,Energy,Oil & Gas Refining & Marketing,United States,NYSE,1810767348.0,35.4,44.42,48.66,3,28.6,1089,True,-12.05,59.15,25.37,28.37,30.43,38.58,42.15,28.2372,27.5765,27.141,25.544,24.9038,30892795,1255,2026-09-04,41.01,51151620.0
NYSE:DEO,DEO,Diageo plc,Consumer Defensive,Beverages - Wineries & Distilleries,United Kingdom,NYSE,49580716184.0,89.19,44.43,48.79,3,28.7,1090,False,-16.14,24.31,4.54,2.34,-10.0,-18.97,-27.09,85.3139,87.1494,99.0964,110.0705,122.3284,90264904,1255,2026-09-04,48.31,555899946.0
NASDAQ:ECX,ECX,ECARX Holdings Inc.,Consumer Cyclical,Auto Parts,United Kingdom,NASDAQ,364381451.0,1.05,44.45,45.73,3,28.7,1091,False,-60.23,19.05,-22.79,-31.08,-36.54,-44.68,-67.34,1.36,1.5236,1.6546,1.8982,3.2147,596706,1255,2026-09-04,46.13,347029953.0
NASDAQ:HYMC,HYMC,Hycroft Mining Holding Corporation,Basic Materials,Gold,United States,NASDAQ,2114292342.0,22.69,44.45,45.95,3,28.7,1092,False,-59.29,312.55,-24.11,-9.99,61.46,121.45,153.69,29.8991,25.2084,14.0531,10.2462,8.9441,48925099,1255,2026-09-04,46.33,93181681.0
NYSE:AQN,AQN,Algonquin Power & Utilities Corp.,Utilities,Utilities - Diversified,Canada,NYSE,4364003634.0,5.67,44.46,45.32,3,28.8,1093,True,-17.0,7.89,-6.11,-4.72,3.76,3.74,-4.19,6.0388,5.9508,5.4645,5.4657,5.918,20148261,1255,2026-09-04,37.64,769665544.0
NYSE:DFH,DFH,"Dream Finders Homes, Inc.",Consumer Cyclical,Residential Construction,United States,NYSE,455368619.0,13.8,44.46,45.76,3,28.8,1094,False,-55.47,9.79,-15.27,-22.94,-37.88,-44.26,-38.36,16.2873,17.9083,22.2138,24.7568,22.3894,8453991,1255,2026-09-04,44.46,32997726.0
NYSE:BEBE,BEBE,TGE Value Creative Solutions Corp,Financial Services,Shell Companies,France,NYSE,149700000.0,9.98,44.48,48.02,3,28.8,1095,False,-0.6,1.73,,,,,,,,,,,22383,146,2026-09-04,44.48,15000000.0
NASDAQ:NVTS,NVTS,Navitas Semiconductor Corporation,Technology,Semiconductors,United States,NASDAQ,3080903158.0,11.8,44.48,44.27,3,28.8,1096,True,-62.88,110.71,-8.59,-3.09,48.01,65.65,69.83,12.9096,12.1766,7.9722,7.1233,6.948,161062256,1224,2026-09-04,38.51,261093488.0
NASDAQ:ORLY,ORLY,"O'Reilly Automotive, Inc.",Consumer Cyclical,Auto Parts,United States,NASDAQ,71732813305.0,87.89,44.48,46.53,3,28.8,1097,False,-18.48,6.24,-4.64,-6.57,-3.24,5.66,14.79,92.1696,94.0754,90.8366,83.182,76.5668,414317490,1255,2026-09-04,42.22,816165813.0
NASDAQ:USGO,USGO,U.S. GoldMining Inc.,Basic Materials,Other Industrial Metals & Mining,Canada,NASDAQ,117263151.0,8.45,44.49,46.54,3,28.9,1098,False,-46.62,15.28,-19.69,-21.36,-15.37,-3.82,,10.5215,10.7455,9.985,8.7852,,783303,848,2026-09-04,45.21,13877296.0
NASDAQ:AFRM,AFRM,"Affirm Holdings, Inc.",Financial Services,Credit Services,United States,NASDAQ,21296786902.0,72.35,44.5,46.64,3,28.9,1099,False,-21.51,70.12,8.77,5.3,14.56,37.23,67.24,66.5135,68.7088,63.1572,52.7219,43.2612,407904438,1255,2026-09-04,47.77,294357801.0
NASDAQ:HCAT,HCAT,"Health Catalyst, Inc",Healthcare,Health Information Services,United States,NASDAQ,124880894.0,1.69,44.5,45.1,3,28.9,1100,False,-51.16,69.68,-9.09,-19.04,-55.72,-67.45,-75.08,1.8589,2.0873,3.817,5.1918,6.7804,1183416,1255,2026-09-04,45.78,73894020.0
NASDAQ:INDI,INDI,"indie Semiconductor, Inc.",Technology,Semiconductors,United States,NASDAQ,760638928.0,3.6,44.5,46.19,3,28.9,1101,True,-40.0,47.54,-5.37,-9.02,-4.09,-22.02,-35.26,3.8045,3.9569,3.7537,4.6165,5.5604,28790506,1255,2026-09-04,41.1,211288591.0
NYSE:ATO,ATO,Atmos Energy Corporation,Utilities,Utilities - Regulated Gas,United States,NYSE,27969085374.0,167.56,44.52,44.62,3,29.0,1102,False,-11.84,5.54,-3.49,-2.83,5.97,18.17,26.48,173.6172,172.4449,158.1177,141.8007,132.4775,161525734,1255,2026-09-04,49.06,166919822.0
NYSE:AZZ,AZZ,AZZ Inc.,Industrials,Specialty Business Services,United States,NYSE,4207811170.0,140.02,44.52,45.18,3,29.0,1103,False,-12.43,44.09,5.61,10.35,29.23,49.29,74.72,132.5837,126.8907,108.3487,93.7914,80.1391,30495491,1255,2026-09-04,38.85,30051501.0
NASDAQ:LFCR,LFCR,"Lifecore Biomedical, Inc.",Healthcare,Drug Manufacturers - Specialty & Generic,United States,NASDAQ,165041391.0,4.4,44.52,45.03,3,29.0,1104,True,-50.11,20.22,-25.83,-28.86,-30.83,-31.47,-34.09,5.9325,6.1848,6.3608,6.4204,6.6754,564906,1255,2026-09-04,42.84,37509407.0
NASDAQ:AGCC,AGCC,Agencia Comercial Spirits Ltd,Consumer Defensive,Beverages - Wineries & Distilleries,Taiwan,NASDAQ,328809195.0,14.43,44.53,45.64,3,29.1,1105,False,-39.77,259.85,3.85,,,,,13.8952,,,,,400934,219,2026-09-04,47.02,22786500.0
NASDAQ:HUMA,HUMA,"Humacyte, Inc.",Healthcare,Biotechnology,United States,NASDAQ,163131084.0,0.605,44.53,44.64,3,29.1,1106,True,-75.6,10.0,-35.61,-43.92,-73.22,-79.37,-79.91,0.9396,1.0788,2.259,2.9322,3.011,6483938,1255,2026-09-04,43.46,269638156.0
NYSE:BMA,BMA,Banco Macro S.A. ADR (representing Ten Class B Common Shares),Financial Services,Banks - Regional,Argentina,NYSE,4935410928.0,78.57,44.54,44.56,3,29.2,1107,False,-22.31,107.9,-4.95,1.54,1.47,24.03,53.39,82.6597,77.381,77.4293,63.3451,51.2213,26912712,1255,2026-09-04,45.9,62815463.0
NASDAQ:DAKT,DAKT,"Daktronics, Inc.",Technology,Electronic Components,United States,NASDAQ,934311731.0,19.35,44.54,45.79,3,29.2,1108,False,-30.22,12.04,-6.03,-5.58,9.57,27.11,53.63,20.5909,20.4939,17.6594,15.2228,12.5955,12704183,1255,2026-09-04,46.2,48284844.0
NASDAQ:JJSF,JJSF,J & J Snack Foods Corp.,Consumer Defensive,Packaged Foods,United States,NASDAQ,1577349820.0,84.11,44.54,49.28,3,29.2,1109,False,-19.98,21.58,1.74,-0.37,-22.35,-30.89,-33.24,82.6692,84.4187,108.3246,121.7109,125.9799,17822663,1255,2026-09-04,49.42,18753416.0
NASDAQ:NUCL,NUCL,Eagle Nuclear Energy Corp.,Energy,Uranium,United States,NASDAQ,199959434.0,6.76,44.55,45.19,3,29.2,1110,False,-48.83,40.25,,,,,,,,,,,1879051,134,2026-09-04,45.11,29579798.0
NASDAQ:PFX,PFX,PhenixFIN Corporation,Financial Services,Asset Management,United States,NASDAQ,88899600.0,46.0,44.56,48.24,3,29.2,1111,False,-15.46,20.32,6.22,4.95,-0.55,3.58,10.13,43.3084,43.8313,46.2531,44.4119,41.7678,370434,1255,2026-09-04,44.9,1932600.0
NASDAQ:EGHT,EGHT,8x8 Inc,Technology,Software - Application,United States,NASDAQ,267968594.0,1.89,44.59,46.5,3,29.3,1112,False,-31.52,18.87,-6.3,-6.21,-10.45,-18.24,-32.0,2.0171,2.0151,2.1105,2.3118,2.7794,2451697,1255,2026-09-04,46.28,141782325.0
NASDAQ:LONA,LONA,"LeonaBio, Inc.",Healthcare,Biotechnology,United States,NASDAQ,71014966.0,7.56,44.6,45.69,3,29.3,1113,False,-35.27,110.0,0.82,11.44,35.45,-37.63,-54.77,7.4982,6.7838,5.5814,12.1221,16.7144,454169,1255,2026-09-04,47.36,9393514.0
NYSE:RPM,RPM,RPM International Inc.,Basic Materials,Specialty Chemicals,United States,NYSE,13468889360.0,105.52,44.6,46.36,3,29.3,1114,False,-16.04,14.37,-0.21,-1.56,-5.99,-3.32,2.36,105.7412,107.1967,112.2462,109.1401,103.0911,168183330,1255,2026-09-04,38.66,127643000.0
NYSE:GEV,GEV,GE Vernova Inc.,Industrials,Specialty Industrial Machinery,United States,NYSE,250872916623.0,941.95,44.62,45.25,3,29.3,1115,False,-19.82,72.22,6.37,13.98,54.7,,,885.5725,826.3949,608.8985,,,1955719509,613,2026-09-04,44.6,266333581.0
NASDAQ:SHOO,SHOO,"Steven Madden, Ltd.",Consumer Cyclical,Footwear & Accessories,United States,NASDAQ,3192371844.0,43.68,44.62,47.02,3,29.3,1116,False,-10.98,47.51,6.81,10.86,20.87,18.95,24.37,40.894,39.4014,36.1386,36.7226,35.122,39006246,1255,2026-09-04,36.15,73085436.0
NASDAQ:MCHX,MCHX,"Marchex, Inc.",Communication Services,Advertising Agencies,United States,NASDAQ,68976857.0,1.74,44.63,48.06,3,29.4,1117,False,-13.86,29.85,6.13,3.77,-1.2,4.93,1.68,1.6394,1.6768,1.7611,1.6583,1.7113,34156,1255,2026-09-04,47.04,39641872.0
NYSE:SPH,SPH,"Suburban Propane Partners, L.P.",Utilities,Utilities - Regulated Gas,United States,NYSE,1168801020.0,17.52,44.64,45.95,3,29.4,1118,False,-12.78,7.72,-5.39,-4.21,-1.27,3.23,11.31,18.5183,18.2901,17.7457,16.9725,15.7403,3854093,1255,2026-09-04,44.64,66712387.0
NASDAQ:MXL,MXL,"MaxLinear, Inc",Technology,Semiconductors,United States,NASDAQ,5690090803.0,62.74,44.65,45.27,3,29.4,1119,True,-51.0,380.77,32.23,53.27,124.89,150.24,133.72,47.4474,40.9345,27.8987,25.0717,26.8436,147975068,1255,2026-09-04,40.7,90693191.0
NASDAQ:UNCY,UNCY,"Unicycive Therapeutics, Inc.",Healthcare,Biotechnology,United States,NASDAQ,141348019.0,5.16,44.68,44.95,3,29.5,1120,False,-39.72,37.97,-19.63,-14.51,-10.59,-22.15,-31.69,6.4206,6.0358,5.771,6.6279,7.5543,3923566,1255,2026-09-04,47.94,27393027.0
AMEX:NINE,NINE,"Nine Energy Service, Inc.",Energy,Oil & Gas Equipment & Services,United States,AMEX,142987398.0,10.25,44.69,46.14,3,29.5,1121,False,-21.21,28.12,,,,,,,,,,,1054247,110,2026-09-04,45.06,13949990.0
NASDAQ:ACHC,ACHC,"Acadia Healthcare Company, Inc.",Healthcare,Medical Care Facilities,United States,NASDAQ,2618910736.0,28.13,44.72,46.51,3,29.6,1122,False,-21.01,140.84,22.61,22.99,-5.1,-36.71,-46.68,22.9434,22.8727,29.6425,44.4453,52.7605,44652103,1255,2026-09-04,45.68,93100275.0
AMEX:PRK,PRK,Park National Corporation,Financial Services,Banks - Regional,United States,AMEX,3517634072.0,194.73,44.72,49.09,3,29.6,1123,False,-7.89,34.52,13.6,15.85,18.71,30.33,39.79,171.4171,168.089,164.0384,149.414,139.3023,17883852,1255,2026-09-04,46.18,18064161.0
NASDAQ:SYNA,SYNA,Synaptics Incorporated,Technology,Semiconductors,United States,NASDAQ,3866814297.0,98.99,44.72,44.12,3,29.6,1124,False,-32.92,69.16,2.89,9.2,23.94,16.82,12.26,96.2083,90.654,79.8673,84.7378,88.1777,66843427,1255,2026-09-04,42.48,39062676.0
NYSE:WSO,WSO,"Watsco, Inc.",Industrials,Industrial Distribution,United States,NYSE,11197998645.0,315.13,44.72,42.56,3,29.6,1125,False,-30.43,4.25,-14.86,-14.69,-23.78,-22.62,-16.02,370.1313,369.3909,413.4253,407.2749,375.2328,152396761,1255,2026-09-04,44.87,35534537.0
NASDAQ:CRTO,CRTO,Criteo S.A.,Communication Services,Advertising Agencies,France,NASDAQ,885308566.0,17.62,44.73,45.33,3,29.6,1126,False,-25.81,11.1,-7.11,-9.73,-34.21,-38.99,-39.47,18.9689,19.519,26.7837,28.8808,29.11,6588810,1255,2026-09-04,48.64,50244527.0
NYSE:BLW,BLW,Blackrock Limited Duration Income Trust,Financial Services,Asset Management,United States,NYSE,490509220.0,12.55,44.74,48.91,3,29.7,1127,False,-4.15,7.92,0.22,-0.19,1.4,6.27,12.29,12.5229,12.5735,12.3765,11.8092,11.1767,1690054,1255,2026-09-04,47.27,39084400.0
NASDAQ:LAUR,LAUR,"Laureate Education, Inc.",Consumer Defensive,Education & Training Services,United States,NASDAQ,5063666474.0,36.76,44.74,47.22,3,29.7,1128,True,-9.14,33.43,6.28,9.37,36.8,62.8,87.18,34.5873,33.6108,26.8705,22.5798,19.6393,34941364,1255,2026-09-04,37.95,137749360.0
NYSE:SHO,SHO,"Sunstone Hotel Investors, Inc. Sunstone Hotel Investors, Inc.",Real Estate,REIT - Hotel & Motel,United States,NYSE,2060381446.0,11.06,44.74,46.44,3,29.7,1129,False,-6.67,29.07,10.88,13.03,15.26,16.14,17.81,9.9747,9.7851,9.596,9.5229,9.3883,25794915,1255,2026-09-04,42.66,186291270.0
AMEX:STXS,STXS,"Stereotaxis, Inc.",Healthcare,Medical Instruments & Supplies,United States,AMEX,138483700.0,1.39,44.74,43.91,3,29.7,1130,False,-61.06,10.32,-28.77,-35.35,-35.44,-34.15,-32.76,1.9514,2.1501,2.1532,2.1108,2.0671,801392,1255,2026-09-04,44.74,99628561.0
NYSE:GHC,GHC,Graham Holdings Company,Industrials,Conglomerates,United States,NYSE,3715413270.0,1135.89,44.75,45.99,3,29.8,1131,False,-7.95,20.32,1.28,2.11,12.46,26.31,38.74,1121.5103,1112.4591,1010.0493,899.2866,818.7241,42069008,1255,2026-09-04,41.14,3270927.0
NYSE:BWXT,BWXT,"BWX Technologies, Inc.",Industrials,Aerospace & Defense,United States,NYSE,14437552536.0,157.59,44.76,43.4,3,29.8,1132,False,-33.71,5.4,-18.01,-17.66,0.94,18.78,37.64,192.2149,191.3872,156.1258,132.6704,114.4975,170225909,1255,2026-09-04,47.19,91614649.0
NASDAQ:RZLT,RZLT,"Rezolute, Inc. - Common Stock (NV)",Healthcare,Biotechnology,United States,NASDAQ,441018876.0,4.58,44.77,47.57,3,29.8,1133,True,-58.14,227.14,11.03,-10.48,-6.88,12.95,28.85,4.1251,5.1162,4.9183,4.0549,3.5545,6235203,1255,2026-09-04,43.28,96292331.0
NYSE:PRSU,PRSU,"Pursuit Attractions and Hospitality, Inc.",Consumer Cyclical,Travel Services,United States,NYSE,1317290179.0,47.99,44.79,46.12,3,29.8,1134,False,-14.26,48.67,15.32,18.79,26.11,31.98,40.75,41.6148,40.3993,38.0532,36.3625,34.0948,9674718,1255,2026-09-04,44.83,27449264.0
NASDAQ:ACMR,ACMR,"ACM Research, Inc.",Technology,Semiconductor Equipment & Materials,United States,NASDAQ,4772920025.0,74.44,44.8,45.7,3,29.9,1135,True,-41.34,176.01,17.69,28.9,86.54,121.1,165.39,63.2502,57.7524,39.9065,33.6687,28.0496,68055659,1255,2026-09-04,36.86,64117679.0
NASDAQ:EQ,EQ,"Equillium, Inc.",Healthcare,Biotechnology,United States,NASDAQ,139730689.0,2.21,44.8,45.52,3,29.9,1136,False,-30.94,163.1,11.17,18.24,71.52,78.61,81.97,1.9879,1.8691,1.2885,1.2373,1.2145,976604,1255,2026-09-04,45.2,63226556.0
NYSE:KVUE,KVUE,Kenvue Inc.,Consumer Defensive,Household & Personal Products,United States,NYSE,35980962438.0,18.74,44.8,47.84,3,29.9,1137,False,-4.44,39.2,6.5,8.9,-1.64,0.3,,17.5964,17.2083,19.0524,18.6847,,380306791,838,2026-09-04,48.58,1920008668.0
NASDAQ:CCCC,CCCC,"C4 Therapeutics, Inc.",Healthcare,Biotechnology,United States,NASDAQ,415732755.0,3.76,44.81,47.31,3,30.0,1138,True,-19.49,119.88,23.5,28.2,21.99,-0.43,-12.16,3.0444,2.9329,3.0822,3.7763,4.2807,9574751,1255,2026-09-04,44.05,110567222.0
NASDAQ:IONS,IONS,"Ionis Pharmaceuticals, Inc.",Healthcare,Biotechnology,United States,NASDAQ,9653647265.0,58.09,44.81,44.75,3,30.0,1139,False,-32.84,12.21,-20.88,-19.78,6.49,12.56,19.25,73.4186,72.4148,54.5495,51.6069,48.7141,135354761,1255,2026-09-04,44.91,166184322.0
NYSE:BTT,BTT,BlackRock Municipal 2030 Target Term Trust,Financial Services,Asset Management,United States,NYSE,1430935493.0,22.49,44.85,46.64,3,30.0,1140,False,-1.72,2.98,0.05,0.42,4.57,8.17,10.13,22.4798,22.3955,21.5077,20.7907,20.4204,1990094,1255,2026-09-04,48.26,63625411.0
NYSE:JBL,JBL,Jabil Inc.,Technology,Electronic Components,United States,NYSE,32543726231.0,310.57,44.86,45.38,3,30.0,1141,False,-19.45,61.47,6.1,12.53,43.15,67.55,95.03,292.7087,275.9934,216.9514,185.3552,159.2444,306860287,1255,2026-09-04,42.14,104787089.0
AMEX:LCTX,LCTX,"Lineage Cell Therapeutics, Inc.",Healthcare,Biotechnology,United States,AMEX,269242159.0,1.08,44.86,44.66,4,30.0,1142,False,-44.9,4.85,-26.33,-28.22,-3.76,-3.0,-7.83,1.4661,1.5046,1.1221,1.1133,1.1718,929186,1255,2026-09-04,47.84,249298295.0
NASDAQ:AVXL,AVXL,Anavex Life Sciences Corp.,Healthcare,Biotechnology,United States,NASDAQ,265041228.0,2.86,44.87,47.37,4,30.1,1143,True,-72.12,22.22,-18.05,-36.56,-56.6,-54.65,-59.72,3.4899,4.5085,6.5899,6.3069,7.1002,2396859,1255,2026-09-04,44.53,92671758.0
NASDAQ:CCEP,CCEP,Coca-Cola Europacific Partners plc,Consumer Defensive,Beverages - Non-Alcoholic,United Kingdom,NASDAQ,46699229075.0,105.76,44.87,48.51,4,30.1,1144,False,-5.33,25.97,8.92,11.22,19.72,31.86,44.74,97.0979,95.0921,88.3412,80.2075,73.0709,166389252,1255,2026-09-04,55.64,441558520.0
NASDAQ:EBAY,EBAY,eBay Inc.,Consumer Cyclical,Internet Retail,United States,NASDAQ,45914040000.0,103.41,44.87,45.58,4,30.1,1145,False,-12.57,31.42,5.43,7.49,25.32,47.14,64.16,98.0881,96.2004,82.5143,70.2784,62.9929,430861131,1255,2026-09-04,49.38,444000000.0
NASDAQ:RELL,RELL,"Richardson Electronics, Ltd.",Technology,Electronic Components,United States,NASDAQ,218150040.0,17.33,44.87,47.02,4,30.1,1146,True,-20.35,86.09,22.04,29.46,40.88,48.41,31.55,14.2004,13.3865,12.3012,11.6771,13.174,3170206,1255,2026-09-04,41.99,12588000.0
NYSE:CSTM,CSTM,Constellium SE Ordinary Shares (France),Basic Materials,Aluminum,France,NYSE,3678222538.0,27.14,44.88,44.4,4,30.2,1147,True,-24.92,97.67,2.03,11.67,48.37,47.2,55.9,26.6007,24.3044,18.2918,18.438,17.4084,38358383,1255,2026-09-04,39.43,135527728.0
NYSE:LEN,LEN,Lennar Corporation,Consumer Cyclical,Residential Construction,United States,NYSE,17594091731.0,83.58,44.89,46.25,4,30.2,1148,False,-40.12,2.16,-14.24,-18.83,-28.27,-32.15,-27.63,97.4526,102.9711,116.5141,123.1894,115.4898,197357692,1255,2026-09-04,46.92,210506003.0
NASDAQ:LAB,LAB,Standard BioTools Inc.,Healthcare,Medical Devices,United States,NASDAQ,270879378.0,0.69,44.9,43.28,4,30.2,1149,False,-58.93,7.81,-35.02,-37.74,-46.57,-57.68,-58.85,1.0618,1.1082,1.2913,1.6303,1.6767,1112303,1255,2026-09-04,40.19,392578808.0
NASDAQ:FORM,FORM,"FormFactor, Inc.",Technology,Semiconductor Equipment & Materials,United States,NASDAQ,8099500811.0,103.9,44.91,45.67,4,30.3,1150,False,-35.03,253.88,1.83,16.02,64.95,83.11,109.33,102.0373,89.5535,62.9874,56.7425,49.6351,120274360,1255,2026-09-04,37.88,77954772.0
NASDAQ:TLPH,TLPH,"Talphera, Inc.",Healthcare,Drug Manufacturers - Specialty & Generic,United States,NASDAQ,62279578.0,1.2,44.91,48.11,4,30.3,1151,False,-18.37,118.18,17.09,15.57,44.54,40.65,6.53,1.0249,1.0383,0.8302,0.8532,1.1264,359778,1255,2026-09-04,44.91,51899648.0
NYSE:CRH,CRH,CRH PLC,Basic Materials,Building Materials,Ireland,NYSE,62709718007.0,94.26,44.94,44.24,4,30.3,1152,True,-27.45,3.36,-14.81,-15.39,-8.44,2.54,18.22,110.647,111.4051,102.9514,91.924,79.7328,405866313,1255,2026-09-04,38.45,665284511.0
NYSE:EVN,EVN,Eaton Vance Municipal Income Trust,Financial Services,Asset Management,United States,NYSE,423810715.0,10.62,44.95,46.47,4,30.4,1153,True,-4.8,7.76,0.61,0.7,5.41,10.74,14.61,10.5551,10.5463,10.0752,9.5904,9.2664,657987,1255,2026-09-04,42.22,39906847.0
NYSE:PLNT,PLNT,"Planet Fitness, Inc.",Consumer Cyclical,Leisure,United States,NYSE,4025172635.0,50.87,44.95,45.74,4,30.4,1154,False,-54.57,15.59,-31.03,-35.6,-42.51,-37.08,-35.17,73.7597,78.9865,88.4837,80.8516,78.4635,94376233,1255,2026-09-04,47.01,79126649.0
NYSE:TE,TE,T1 Energy Inc.,Industrials,Electrical Equipment & Parts,United States,NYSE,1284648348.0,4.6,44.95,43.83,4,30.4,1155,False,-61.79,162.86,-29.35,-20.79,25.7,43.91,-4.54,6.5114,5.8077,3.6596,3.1965,4.819,106326534,1255,2026-09-04,43.97,279271380.0
NASDAQ:ELOX,ELOX,"Eloxx Pharmaceuticals, Inc.",Healthcare,Biotechnology,United States,NASDAQ,51544710.0,15.0,44.96,48.14,4,30.4,1156,True,-28.5,36.99,,,,,,,,,,,888145,62,2026-09-04,41.71,3436314.0
NASDAQ:MCHB,MCHB,Mechanics Bancorp,Financial Services,Banks - Regional,United States,NASDAQ,3485320352.0,15.82,44.96,48.31,4,30.4,1157,False,-6.41,36.5,10.22,13.99,27.82,37.19,22.65,14.3532,13.8786,12.3768,11.5312,12.8982,6908043,1255,2026-09-04,45.44,220311021.0
NYSE:DOCN,DOCN,"DigitalOcean Holdings, Inc.",Technology,Software - Infrastructure,United States,NYSE,13148653557.0,112.47,44.97,45.1,4,30.5,1158,False,-37.96,243.32,15.82,31.96,86.91,120.34,139.01,97.1061,85.2336,60.1724,51.0431,47.0571,250536817,1255,2026-09-04,42.28,116908096.0
NASDAQ:EBC,EBC,"Eastern Bankshares, Inc.",Financial Services,Banks - Regional,United States,NASDAQ,5090736000.0,22.24,44.97,47.76,4,30.5,1159,False,-5.96,35.79,9.06,12.42,24.85,38.26,42.75,20.3915,19.7825,17.8129,16.086,15.5793,40076514,1255,2026-09-04,41.92,228900000.0
NASDAQ:GLRE,GLRE,"Greenlight Reinsurance, Ltd.",Financial Services,Insurance - Reinsurance,Cayman Islands,NASDAQ,511426628.0,15.42,44.97,44.77,4,30.5,1160,False,-18.84,29.04,-1.35,2.79,7.32,13.57,23.53,15.6306,15.0012,14.3686,13.578,12.4833,1811335,1255,2026-09-04,46.16,33166448.0
NASDAQ:GOOGL,GOOGL,Alphabet Inc.,Communication Services,Internet Content & Information,United States,NASDAQ,1985797548683.0,338.46,44.97,45.91,4,30.5,1161,False,-15.83,44.99,0.88,6.02,36.91,57.51,80.53,335.4963,319.2317,247.2052,214.8774,187.4812,7633830546,1255,2026-09-04,47.77,5867155790.0
NASDAQ:ATII,ATII,Archimedes Tech SPAC Partners II Co.,Financial Services,Shell Companies,United States,NASDAQ,315133500.0,10.65,44.98,44.35,4,30.6,1162,True,-6.41,4.41,0.18,0.86,,,,10.6306,10.5594,,,,1301869,358,2026-09-04,42.74,29590000.0
NYSE:CNK,CNK,"Cinemark Holdings Inc Cinemark Holdings, Inc.",Communication Services,Entertainment,United States,NYSE,4061551399.0,35.04,44.98,49.76,4,30.6,1163,True,-8.53,61.21,22.1,23.35,22.86,40.99,59.04,28.6976,28.4075,28.5202,24.8524,22.0322,78172694,1255,2026-09-04,44.61,115911855.0
NASDAQ:MB,MB,MasterBeef Group,Consumer Cyclical,Restaurants,Hong Kong,NASDAQ,73080300.0,4.26,44.98,46.06,4,30.6,1164,False,-64.76,16.01,-27.39,-34.99,,,,5.8668,6.5527,,,,471321,353,2026-09-04,44.13,17155000.0
NASDAQ:FWRG,FWRG,"First Watch Restaurant Group, Inc.",Consumer Cyclical,Restaurants,United States,NASDAQ,742820864.0,12.05,44.99,46.88,4,30.7,1165,True,-35.42,19.19,-10.67,-15.09,-24.35,-29.69,-28.79,13.4898,14.1921,15.9295,17.1372,16.9218,12014212,1237,2026-09-04,39.87,61644885.0
NASDAQ:QXL,QXL,Quantum X Labs Inc.,Technology,Information Technology Services,Israel,NASDAQ,59680354.0,4.475,44.99,46.94,4,30.7,1166,False,-34.67,330.29,46.0,47.17,11.23,36.52,37.65,3.065,3.0407,4.0234,3.2779,3.2509,170034,1255,2026-09-04,47.89,13336392.0
NYSE:OLP,OLP,"One Liberty Properties, Inc.",Real Estate,REIT - Diversified,United States,NYSE,521921196.0,23.92,45.0,46.87,4,30.7,1167,True,-5.97,27.24,7.15,9.45,6.58,13.53,19.46,22.3248,21.8551,22.4422,21.0686,20.0234,1595759,1255,2026-09-04,41.19,21819448.0
NYSE:DOUG,DOUG,Douglas Elliman Inc.,Real Estate,Real Estate Services,United States,NYSE,164540008.0,1.81,45.01,47.26,4,30.7,1168,False,-41.8,16.03,-12.93,-17.96,-14.94,-10.67,-23.35,2.0788,2.2063,2.1279,2.0262,2.3613,811203,1175,2026-09-04,45.94,90906082.0
NYSE:EME,EME,"EMCOR Group, Inc.",Industrials,Engineering & Construction,United States,NYSE,33265922938.0,754.16,45.04,45.72,4,30.8,1169,False,-20.05,29.88,-0.59,2.17,24.75,50.89,82.01,758.6154,738.1552,604.5594,499.7947,414.3548,268309813,1255,2026-09-04,41.38,44109901.0
NYSE:DEA,DEA,"Easterly Government Properties, Inc.",Real Estate,REIT - Office,United States,NYSE,1150388509.0,24.31,45.05,48.24,4,30.8,1170,False,-3.41,25.22,7.85,9.76,6.58,3.71,-0.98,22.5401,22.1488,22.8089,23.4404,24.5507,8134777,1255,2026-09-04,45.05,47321617.0
NYSE:VSH,VSH,"Vishay Intertechnology, Inc.",Technology,Semiconductors,United States,NYSE,4492728041.0,31.8,45.05,43.83,4,30.8,1171,True,-51.0,172.97,10.47,22.18,51.86,50.24,49.55,28.7858,26.0266,20.9399,21.1656,21.2642,119460013,1255,2026-09-04,40.12,141280756.0
NASDAQ:AEIS,AEIS,"Advanced Energy Industries, Inc.",Industrials,Electrical Equipment & Parts,United States,NASDAQ,11238993551.0,280.9,45.07,45.51,4,30.9,1172,False,-27.75,82.98,-6.03,2.02,43.23,70.69,91.34,298.9399,275.3462,196.1164,164.5633,146.8089,146319717,1255,2026-09-04,42.21,40010657.0
NYSE:AME,AME,"AMETEK, Inc.",Industrials,Specialty Industrial Machinery,United States,NYSE,54486137635.0,237.72,45.07,47.1,4,30.9,1173,False,-8.05,33.21,5.37,9.13,20.42,28.02,36.78,225.598,217.8414,197.4032,185.684,173.7996,331898236,1255,2026-09-04,39.56,229203002.0
NASDAQ:FSTR,FSTR,L.B. Foster Company,Industrials,Railroads,United States,NASDAQ,397639014.0,38.02,45.07,44.56,4,30.9,1174,False,-15.83,48.63,11.4,16.49,37.22,46.94,69.49,34.1298,32.6393,27.707,25.8737,22.4321,2710797,1255,2026-09-04,39.38,10458680.0
NYSE:STVN,STVN,Stevanato Group S.p.A.,Healthcare,Medical Instruments & Supplies,Italy,NYSE,1019546316.0,20.51,45.07,49.64,4,30.9,1175,False,-25.45,53.27,12.22,4.12,-0.66,-8.74,-9.3,18.277,19.6977,20.6468,22.474,22.613,9286587,1255,2026-09-04,45.35,49709718.0
NYSE:AHRT,AHRT,"AH Realty Trust, Inc.",Real Estate,REIT - Diversified,United States,NYSE,502065168.0,6.61,45.09,45.51,4,31.0,1176,False,-7.94,31.04,4.02,4.09,-6.64,-15.12,-18.56,6.3544,6.3505,7.0803,7.7872,8.1164,3636748,1255,2026-09-04,37.71,75955396.0
NASDAQ:AMRX,AMRX,"Amneal Pharmaceuticals, Inc.",Healthcare,Drug Manufacturers - Specialty & Generic,United States,NASDAQ,5569138674.0,17.44,45.09,48.96,4,31.0,1177,False,-8.69,81.67,21.35,28.73,60.19,90.31,133.63,14.3718,13.5475,10.8868,9.1639,7.4648,30987999,1255,2026-09-04,50.88,319331346.0
NYSE:ETX,ETX,Eaton Vance Municipal Income 2028 Term Trust Common Shares of Beneficial Interest,Financial Services,Asset Management,United States,NYSE,197763543.0,18.15,45.09,44.87,4,31.0,1178,False,-3.98,1.26,-1.29,-1.3,2.67,6.52,9.22,18.3871,18.3893,17.6783,17.0392,16.6177,359120,1255,2026-09-04,45.09,10896063.0
NASDAQ:MRLN,MRLN,"Merlin, Inc.",Industrials,Aerospace & Defense,United States,NASDAQ,323355574.0,3.35,45.1,42.88,4,31.0,1179,False,-79.18,19.22,-59.5,-61.86,,,,8.2708,8.7845,,,,4622904,441,2026-09-04,45.27,96524052.0
NASDAQ:GANX,GANX,"Gain Therapeutics, Inc.",Healthcare,Biotechnology,United States,NASDAQ,76777268.0,1.8,45.11,47.22,4,31.0,1180,False,-56.94,13.92,-16.98,-15.25,-10.84,-21.44,-33.64,2.1681,2.1238,2.0189,2.2913,2.7125,951003,1255,2026-09-04,46.4,42654038.0
NYSE:MSGE,MSGE,Madison Square Garden Entertainment Corp.,Communication Services,Entertainment,United States,NYSE,3130342737.0,77.41,45.12,48.44,4,31.1,1181,False,-12.45,89.45,18.64,26.83,57.64,74.3,,65.2478,61.0338,49.1071,44.4113,,27222006,851,2026-09-04,46.33,40438480.0
NASDAQ:FLWS,FLWS,"1-800-FLOWERS.COM, Inc.",Consumer Cyclical,Specialty Retail,United States,NASDAQ,138122877.0,3.73,45.13,45.73,4,31.1,1182,True,-33.98,24.33,-3.38,-6.06,-30.13,-43.65,-47.73,3.8605,3.9708,5.3384,6.6194,7.1364,794915,1255,2026-09-04,37.39,37030262.0
NYSE:CTO,CTO,"CTO Realty Growth, Inc.",Real Estate,REIT - Diversified,United States,NYSE,805562406.0,21.49,45.14,48.17,4,31.1,1183,True,-4.62,49.44,10.96,15.8,22.01,30.49,36.55,19.3672,18.5578,17.6135,16.4688,15.7383,7416258,1255,2026-09-04,43.16,37485454.0
NASDAQ:RPD,RPD,"Rapid7, Inc.",Technology,Software - Infrastructure,United States,NASDAQ,735136798.0,11.0,45.14,48.72,4,31.1,1184,False,-47.14,117.82,11.74,-4.94,-48.31,-63.34,-66.94,9.8439,11.5722,21.2823,30.009,33.2712,26711428,1255,2026-09-04,47.94,66830618.0
NASDAQ:PLAB,PLAB,"Photronics, Inc.",Technology,Semiconductor Equipment & Materials,United States,NASDAQ,1717612523.0,29.13,45.15,44.91,4,31.2,1185,False,-47.0,43.64,-18.05,-11.78,6.38,8.83,17.71,35.5442,33.0211,27.3817,26.7657,24.7467,47796521,1255,2026-09-04,39.63,58963698.0
NASDAQ:CLNE,CLNE,Clean Energy Fuels Corp.,Energy,Oil & Gas Refining & Marketing,United States,NASDAQ,363370646.0,1.65,45.16,43.76,4,31.2,1186,True,-46.08,5.1,-23.11,-26.54,-28.79,-36.08,-49.03,2.146,2.2461,2.317,2.5814,3.2371,3105199,1255,2026-09-04,42.81,220224634.0
NASDAQ:HYFT,HYFT,MindWalk Holdings Corp.,Healthcare,Biotechnology,United States,NASDAQ,62023231.0,1.32,45.16,46.4,4,31.2,1187,False,-52.52,29.41,-13.05,-15.92,12.2,5.57,-30.55,1.5182,1.5699,1.1765,1.2504,1.9008,156206,1255,2026-09-04,45.96,46987296.0
NYSE:WU,WU,Western Union Company (The),Financial Services,Credit Services,United States,NYSE,2239291084.0,7.18,45.16,45.25,4,31.2,1188,False,-26.06,12.89,-13.69,-12.55,-15.13,-19.93,-20.8,8.3188,8.21,8.4601,8.9675,9.0655,56794815,1255,2026-09-04,47.17,311878981.0
NASDAQ:AGIO,AGIO,"Agios Pharmaceuticals, Inc.",Healthcare,Biotechnology,United States,NASDAQ,1976132294.0,33.1,45.17,46.81,4,31.3,1189,False,-27.24,48.16,8.51,1.77,-5.85,-2.16,3.08,30.503,32.523,35.1578,33.8316,32.1121,30278103,1255,2026-09-04,45.32,59701882.0
NYSE:ASAN,ASAN,"Asana, Inc.",Technology,Software - Application,United States,NYSE,1418141709.0,8.81,45.17,49.41,4,31.3,1190,False,-42.0,61.36,-0.04,-10.55,-31.69,-37.84,-42.94,8.8133,9.8487,12.8966,14.1721,15.4398,49509967,1255,2026-09-04,61.85,160969547.0
NYSE:RNST,RNST,Renasant Corporation,Financial Services,Banks - Regional,United States,NYSE,3784093722.0,41.4,45.17,45.9,4,31.3,1191,False,-6.55,26.25,5.79,7.94,14.29,23.35,26.84,39.135,38.3554,36.2249,33.5634,32.6388,23807978,1255,2026-09-04,43.06,91403230.0
NASDAQ:DTCX,DTCX,"Datacentrex, Inc.",Financial Services,Financial Data & Stock Exchanges,United States,NASDAQ,78135988.0,2.01,45.19,47.13,4,31.4,1192,False,-66.39,23.31,-17.98,-31.44,-54.7,-57.42,-62.18,2.4505,2.9315,4.4367,4.72,5.3146,747843,1120,2026-09-04,48.05,38873626.0
NYSE:NWAX,NWAX,New America Acquisition I Corp.,Financial Services,Shell Companies,United States,NYSE,378595000.0,10.15,45.19,48.29,4,31.4,1193,False,-0.68,1.5,,,,,,,,,,,1194510,155,2026-09-04,48.39,37300000.0
NASDAQ:CPIX,CPIX,Cumberland Pharmaceuticals Inc.,Healthcare,Drug Manufacturers - Specialty & Generic,United States,NASDAQ,101735297.0,6.79,45.2,49.88,4,31.4,1194,False,-24.3,360.85,72.26,87.5,121.4,172.16,198.78,3.9418,3.6213,3.0669,2.4948,2.2726,582497,1255,2026-09-04,44.66,14983107.0
NASDAQ:AZ,AZ,A2Z Cust2Mate Solutions Corp.,Technology,Software - Application,Canada,NASDAQ,273872809.0,6.15,45.21,47.51,4,31.4,1195,False,-30.19,20.12,-4.43,-6.95,-10.29,14.2,19.31,6.4352,6.6092,6.8555,5.3851,5.1547,5088203,1255,2026-09-04,42.33,44532164.0
NASDAQ:AIRO,AIRO,"AIRO Group Holdings, Inc.",Industrials,Aerospace & Defense,United States,NASDAQ,232697766.0,7.4,45.22,47.16,4,31.5,1196,False,-64.66,26.5,-14.56,-29.71,,,,8.6613,10.5282,,,,5436191,309,2026-09-04,41.17,31445644.0
NASDAQ:ESTA,ESTA,Establishment Labs Holdings Inc.,Healthcare,Medical Devices,United States,NASDAQ,2186383673.0,74.29,45.22,44.39,4,31.5,1197,True,-22.33,101.66,1.33,9.44,38.44,49.48,38.84,73.3176,67.8792,53.6627,49.6992,53.5083,31627034,1255,2026-09-04,40.5,29430390.0
NYSE:OEC,OEC,Orion S.A.,Basic Materials,Specialty Chemicals,Luxembourg,NYSE,343406872.0,6.09,45.22,45.75,4,31.5,1198,True,-42.02,41.56,-2.66,-4.31,-38.68,-56.66,-60.98,6.2562,6.3642,9.9322,14.0521,15.6092,2517051,1255,2026-09-04,42.53,56388649.0
NYSE:BAK,BAK,Braskem SA ADR,Basic Materials,Chemicals,Brazil,NYSE,326082046.0,1.89,45.23,41.87,4,31.5,1199,False,-62.35,27.7,-42.36,-40.5,-50.23,-63.01,-69.93,3.2791,3.1765,3.7972,5.1095,6.2857,5365635,1255,2026-09-04,47.13,172530183.0
NYSE:ATMU,ATMU,Atmus Filtration Technologies Inc.,Consumer Cyclical,Auto Parts,United States,NYSE,3948045170.0,48.34,45.24,45.49,4,31.6,1200,False,-26.1,13.49,-11.1,-8.01,6.3,24.26,,54.3773,52.5477,45.4741,38.9031,,33838979,822,2026-09-04,42.91,81672428.0
NYSE:OPFI,OPFI,OppFi Inc.,Financial Services,Credit Services,United States,NYSE,633617900.0,7.42,45.24,43.61,4,31.6,1201,False,-39.38,12.59,-17.74,-20.31,-20.13,2.59,25.07,9.0202,9.3115,9.2902,7.2326,5.9328,8465842,1255,2026-09-04,43.2,85393248.0
NASDAQ:BATRK,BATRK,"Atlanta Braves Holdings, Inc. - Series C",Communication Services,Entertainment,United States,NASDAQ,2665647219.0,50.44,45.25,47.13,4,31.6,1202,False,-5.86,32.6,10.02,12.75,17.74,21.59,27.1,45.8481,44.7348,42.8402,41.4845,39.6861,28290879,1255,2026-09-04,46.9,52847883.0
NASDAQ:CRBU,CRBU,"Caribou Biosciences, Inc.",Healthcare,Biotechnology,United States,NASDAQ,155713503.0,1.57,45.25,45.48,4,31.6,1203,False,-44.72,12.95,-12.36,-16.49,-8.74,-39.55,-57.42,1.7914,1.8801,1.7204,2.597,3.6868,1598105,1255,2026-09-04,45.25,99180575.0
NYSE:FITB,FITB,Fifth Third Bancorp,Financial Services,Banks - Regional,United States,NYSE,49743660510.0,54.87,45.25,46.99,4,31.6,1204,False,-7.58,39.33,8.89,12.6,23.87,37.74,50.02,50.389,48.7312,44.2951,39.8369,36.5749,268826755,1255,2026-09-04,45.89,906573000.0
NASDAQ:FTRE,FTRE,Fortrea Holdings Inc.,Healthcare,Biotechnology,United States,NASDAQ,1683270000.0,17.7,45.26,48.15,4,31.7,1205,False,-14.49,110.71,21.08,29.27,34.82,-6.28,,14.6179,13.692,13.1291,18.8868,,20577490,808,2026-09-04,52.65,95100000.0
NASDAQ:MCHP,MCHP,Microchip Technology Incorporated,Technology,Semiconductors,United States,NASDAQ,40274930803.0,74.17,45.26,44.97,4,31.7,1206,False,-27.35,55.27,-3.14,0.97,10.92,4.13,4.53,76.5712,73.4607,66.8677,71.2271,70.9585,613238058,1255,2026-09-04,42.69,543008370.0
NYSE:TRU,TRU,TransUnion,Financial Services,Financial Data & Stock Exchanges,United States,NYSE,15305008000.0,79.88,45.26,49.21,4,31.7,1207,False,-14.21,24.17,4.63,2.85,-5.71,-0.72,4.0,76.3457,77.6668,84.7135,80.4588,76.8069,151399011,1255,2026-09-04,58.86,191600000.0
NYSE:PATH,PATH,"UiPath, Inc.",Technology,Software - Infrastructure,United States,NYSE,6887595016.0,15.19,45.27,50.69,4,31.8,1208,False,-21.25,61.94,17.83,15.49,18.41,3.42,3.22,12.8919,13.1531,12.828,14.6881,14.7155,1134213795,1255,2026-09-04,71.04,453429560.0
NASDAQ:TRUP,TRUP,"Trupanion, Inc.",Financial Services,Insurance - Property & Casualty,United States,NASDAQ,1212649122.0,27.8,45.27,49.17,4,31.8,1209,False,-38.48,29.54,-2.9,-11.63,-28.44,-21.71,-26.12,28.6292,31.4588,38.8503,35.5074,37.6266,15933853,1255,2026-09-04,50.3,43620472.0
NASDAQ:CASH,CASH,"Pathward Financial, Inc.",Financial Services,Banks - Regional,United States,NASDAQ,1728135985.0,83.19,45.28,45.28,4,31.8,1210,False,-16.7,25.39,-1.66,1.34,5.42,18.71,30.95,84.5969,82.0928,78.9131,70.0761,63.5258,15974365,1255,2026-09-04,43.27,20773362.0
NASDAQ:OTTR,OTTR,Otter Tail Corporation,Industrials,Conglomerates,United States,NASDAQ,3769756829.0,89.79,45.28,47.62,4,31.8,1211,False,-4.17,22.73,3.68,5.64,11.73,12.23,17.92,86.6065,84.9998,80.3631,80.0079,76.1449,18366682,1255,2026-09-04,42.84,41984150.0
NASDAQ:JYNT,JYNT,The Joint Corp.,Healthcare,Medical Care Facilities,United States,NASDAQ,118604895.0,8.32,45.29,45.98,4,31.9,1212,False,-21.8,8.47,-5.67,-5.97,-16.57,-19.98,-28.17,8.8203,8.8484,9.9727,10.3971,11.5829,588564,1255,2026-09-04,43.6,14255396.0
NASDAQ:RAPP,RAPP,"Rapport Therapeutics, Inc.",Healthcare,Biotechnology,United States,NASDAQ,2195966150.0,45.77,45.3,50.28,4,31.9,1213,False,-12.82,218.73,31.49,38.61,88.18,,,34.8083,33.0202,24.3219,,,13229882,563,2026-09-04,52.03,47978286.0
NASDAQ:ATLC,ATLC,Atlanticus Holdings Corporation,Financial Services,Credit Services,United States,NASDAQ,1407939061.0,93.13,45.31,46.83,4,32.0,1214,False,-16.69,94.18,24.62,29.92,51.89,81.94,101.72,74.7328,71.6848,61.3129,51.1859,46.1688,13492317,1255,2026-09-04,50.63,15117997.0
NYSE:COMP,COMP,"Compass, Inc.",Real Estate,Real Estate Services,United States,NYSE,8195780405.0,11.12,45.31,47.65,4,32.0,1215,False,-18.11,66.47,9.7,14.02,32.12,64.63,89.8,10.1369,9.7529,8.4168,6.7544,5.8588,113580136,1255,2026-09-04,44.55,737030612.0
NYSE:BF.B,BF-B,Brown Forman Inc,Consumer Defensive,Beverages - Wineries & Distilleries,United States,NYSE,7761948710.0,26.73,45.32,47.5,4,32.0,1216,False,-11.13,19.27,-0.07,0.03,-12.4,-26.95,-37.4,26.7482,26.7218,30.513,36.5935,42.7029,55461614,1255,2026-09-04,51.36,290383416.0
NYSE:USFD,USFD,US Foods Holding Corp.,Consumer Defensive,Food Distribution,United States,NYSE,22911861090.0,104.04,45.32,50.52,4,32.0,1217,False,-6.22,48.52,15.14,19.15,32.36,51.97,71.98,90.3627,87.3214,78.6018,68.4626,60.4945,191448570,1255,2026-09-04,46.4,220221656.0
NYSE:ONIT,ONIT,Onity Group Inc.,Financial Services,Mortgage Finance,United States,NYSE,299003578.0,35.46,45.33,45.2,4,32.0,1218,False,-33.53,5.35,-13.53,-13.04,-5.01,5.55,8.19,41.0077,40.7794,37.3321,33.5942,32.7766,2389424,1255,2026-09-04,41.99,8432137.0
NASDAQ:SMBC,SMBC,"Southern Missouri Bancorp, Inc.",Financial Services,Banks - Regional,United States,NASDAQ,816693955.0,74.17,45.35,47.37,4,32.1,1219,False,-6.18,57.45,11.1,16.18,24.76,37.56,45.6,66.7614,63.8382,59.4494,53.9176,50.9393,7231321,1255,2026-09-04,39.12,11011109.0
NASDAQ:TRVI,TRVI,"Trevi Therapeutics, Inc.",Healthcare,Biotechnology,United States,NASDAQ,2450569760.0,17.26,45.35,48.08,4,32.1,1220,False,-11.49,146.22,23.03,31.04,89.58,152.56,202.86,14.0291,13.1719,9.1046,6.8341,5.6989,25134100,1255,2026-09-04,42.73,141979708.0
NASDAQ:OUST,OUST,"Ouster, Inc.",Technology,Electronic Components,United States,NASDAQ,2451550475.0,36.43,45.36,46.64,4,32.1,1221,False,-41.73,119.06,21.48,21.61,69.58,116.36,145.1,29.9888,29.9568,21.4827,16.8379,14.8633,101105245,1255,2026-09-04,43.97,67294825.0
NYSE:PWR,PWR,"Quanta Services, Inc.",Industrials,Engineering & Construction,United States,NYSE,93875918023.0,624.41,45.38,45.85,4,32.1,1222,False,-20.47,67.77,6.24,12.89,42.76,69.98,97.64,587.7319,553.0967,437.399,367.3486,315.9353,687329473,1255,2026-09-04,44.02,150343393.0
NYSE:LEN.B,LEN-B,Lennar Corporation Class B,Consumer Cyclical,Residential Construction,United States,NYSE,2497075552.0,82.17,45.39,46.68,4,32.2,1223,False,-38.54,2.93,-11.71,-16.22,-25.38,-28.18,-21.83,93.0656,98.0763,110.1168,114.4041,105.1222,6092291,1255,2026-09-04,46.93,30389139.0
NASDAQ:CINF,CINF,Cincinnati Financial Corporation,Financial Services,Insurance - Property & Casualty,United States,NASDAQ,26260093500.0,171.1,45.41,46.53,4,32.2,1224,False,-10.9,14.91,2.98,4.42,12.78,25.18,35.09,166.1428,163.8508,151.7048,136.6853,126.66,74744542,1255,2026-09-04,53.85,153478045.0
NASDAQ:CLFD,CLFD,"Clearfield, Inc.",Technology,Communication Equipment,United States,NASDAQ,389338029.0,28.65,45.41,44.63,4,32.2,1225,True,-44.11,10.19,-11.12,-12.3,-15.36,-13.58,-31.93,32.2358,32.6695,33.849,33.1509,42.0895,4904336,1255,2026-09-04,43.63,13589460.0
NASDAQ:NTIC,NTIC,Northern Technologies International Corporation,Basic Materials,Specialty Chemicals,United States,NASDAQ,75841088.0,7.99,45.42,46.41,4,32.3,1226,False,-19.12,8.83,-3.01,-1.89,-13.52,-24.87,-26.74,8.2377,8.1441,9.2393,10.6355,10.9066,40570,1255,2026-09-04,47.18,9492001.0
NASDAQ:SOUN,SOUN,"SoundHound AI, Inc.",Technology,Software - Application,United States,NASDAQ,2717155323.0,6.74,45.43,47.24,4,32.3,1227,False,-68.5,18.25,-19.18,-32.75,-33.89,-15.86,1.31,8.3398,10.0224,10.195,8.0104,6.6526,174422215,1093,2026-09-04,45.43,403138772.0
NASDAQ:UFPT,UFPT,"UFP Technologies, Inc.",Healthcare,Medical Devices,United States,NASDAQ,2234350614.0,288.79,45.43,51.1,4,32.3,1228,True,-13.75,55.87,21.67,25.26,19.12,23.46,38.57,237.347,230.5437,242.4433,233.9159,208.4013,39675426,1255,2026-09-04,43.47,7736939.0
NASDAQ:SBUX,SBUX,Starbucks Corporation,Consumer Cyclical,Restaurants,United States,NASDAQ,119095800000.0,104.47,45.45,48.4,4,32.4,1229,False,-3.71,36.55,8.11,11.66,13.16,16.81,16.29,96.6356,93.5598,92.3193,89.4326,89.8381,582966007,1255,2026-09-04,49.68,1140000000.0
NYSE:STC,STC,Stewart Information Services Corporation,Financial Services,Insurance - Property & Casualty,United States,NYSE,2056288500.0,67.53,45.45,47.84,4,32.4,1230,False,-10.42,18.62,0.14,-0.69,1.35,8.11,19.31,67.4328,67.9993,66.6292,62.4653,56.5992,13016258,1255,2026-09-04,55.09,30450000.0
NASDAQ:WTF,WTF,Waton Financial Limited,Financial Services,Capital Markets,Hong Kong,NASDAQ,131688299.0,2.73,45.45,46.36,4,32.4,1231,False,-61.55,10.53,-18.46,-28.91,,,,3.3479,3.8405,,,,13680,360,2026-09-04,47.89,48237472.0
NYSE:BRT,BRT,BRT Apartments Corp. (MD),Real Estate,REIT - Residential,United States,NYSE,270100292.0,14.35,45.46,46.55,4,32.4,1232,False,-8.19,10.48,0.72,0.44,-3.44,-3.88,-5.92,14.2475,14.2878,14.861,14.9298,15.2537,532379,1255,2026-09-04,51.96,18822320.0
NYSE:MRSH,MRSH,Marsh,Financial Services,Insurance Brokers,United States,NYSE,88637220918.0,185.74,45.46,49.85,4,32.4,1233,False,-8.85,18.73,5.27,3.65,-5.95,-5.42,-1.1,176.4477,179.1997,197.4989,196.3763,187.801,364480094,1255,2026-09-04,50.32,477211268.0
NASDAQ:NMAD,NMAD,"Nomad Power Solutions, Inc.",Industrials,Electrical Equipment & Parts,United States,NASDAQ,73686051.0,4.03,45.46,44.78,4,32.4,1234,True,-49.88,65.16,-6.32,-8.26,25.07,35.94,7.1,4.3021,4.3928,3.2222,2.9646,3.7628,854597,1255,2026-09-04,37.37,18284380.0
NYSE:BRCC,BRCC,BRC Inc.,Consumer Defensive,Packaged Foods,United States,NYSE,1023785079.0,8.75,45.47,43.19,4,32.5,1235,False,-50.84,40.0,-17.42,-23.15,-51.02,-67.02,-74.95,10.5957,11.3862,17.8636,26.5343,34.9238,1370557,1146,2026-09-04,43.2,117004009.0
NASDAQ:FTLF,FTLF,"FitLife Brands, Inc.",Consumer Defensive,Packaged Foods,United States,NASDAQ,92220327.0,9.82,45.47,46.05,4,32.5,1236,True,-52.7,10.59,-22.92,-30.17,-32.62,-28.97,-21.3,12.7407,14.0626,14.5738,13.825,12.4773,124565,1255,2026-09-04,45.15,9391072.0
NYSE:PSFE,PSFE,Paysafe Limited,Technology,Software - Infrastructure,United Kingdom,NYSE,343906724.0,6.71,45.47,45.35,4,32.5,1237,False,-54.29,11.65,-10.92,-20.96,-47.36,-50.15,-52.13,7.5321,8.4891,12.7474,13.4592,14.016,3023564,1255,2026-09-04,46.57,51252865.0
NYSE:CAT,CAT,"Caterpillar, Inc.",Industrials,Farm & Heavy Construction Machinery,United States,NYSE,374147779153.0,813.94,45.48,45.01,4,32.6,1238,False,-23.42,96.43,5.55,13.76,50.84,76.85,103.66,771.1207,715.5003,539.5972,460.2439,399.6615,2003773210,1255,2026-09-04,41.26,459674889.0
NASDAQ:IMSR,IMSR,Terrestrial Energy Inc.,Utilities,Utilities - Regulated Electric,United States,NASDAQ,426000620.0,5.15,45.48,45.47,4,32.6,1239,True,-81.0,11.35,-29.26,-43.53,,,,7.2805,9.12,,,,5898819,477,2026-09-04,44.19,82718567.0
NYSE:FTS,FTS,Fortis Inc.,Utilities,Utilities - Regulated Electric,Canada,NYSE,28134689304.0,55.26,45.49,45.89,4,32.6,1240,False,-5.31,15.99,1.45,3.5,13.86,23.82,29.81,54.4678,53.3898,48.5319,44.631,42.5714,41531484,1255,2026-09-04,48.58,509132995.0
NASDAQ:CGC,CGC,Canopy Growth Corporation,Healthcare,Drug Manufacturers - Specialty & Generic,Canada,NASDAQ,410756710.0,0.973,45.53,47.76,4,32.7,1241,False,-49.32,13.54,-10.24,-14.26,-44.29,-71.21,-87.01,1.0839,1.1348,1.7466,3.3793,7.4892,4041127,1255,2026-09-04,45.53,422154892.0
NYSE:CWEN,CWEN,"Clearway Energy, Inc.",Utilities,Utilities - Renewable,United States,NYSE,3855566556.0,31.82,45.53,44.51,4,32.7,1242,False,-21.71,20.07,-9.75,-6.65,5.18,16.86,18.71,35.2594,34.0886,30.2534,27.2286,26.8049,35675386,1255,2026-09-04,41.23,121168025.0
NYSE:CAL,CAL,"Caleres, Inc.",Consumer Cyclical,Apparel Retail,United States,NYSE,417520518.0,12.43,45.54,46.99,4,32.7,1243,True,-19.38,41.91,-0.09,-0.63,-23.94,-42.34,-43.3,12.4415,12.5093,16.343,21.5574,21.9217,5956707,1255,2026-09-04,41.87,33589744.0
NASDAQ:LSAK,LSAK,"Lesaka Technologies, Inc.",Technology,Software - Infrastructure,South Africa,NASDAQ,387801509.0,4.52,45.54,45.9,4,32.7,1244,False,-17.06,21.83,-3.23,-1.2,-3.35,0.63,3.36,4.6708,4.5751,4.6767,4.4918,4.3733,392871,1255,2026-09-04,49.32,85796794.0
NASDAQ:BLMN,BLMN,"Bloomin' Brands, Inc.",Consumer Cyclical,Restaurants,United States,NASDAQ,838163870.0,9.79,45.55,49.54,4,32.8,1245,True,-17.38,86.12,31.17,32.41,9.61,-25.51,-35.1,7.4638,7.3935,8.9317,13.1426,15.0854,18468867,1255,2026-09-04,44.79,85614287.0
NASDAQ:SOTK,SOTK,Sono-Tek Corporation,Technology,Scientific & Technical Instruments,United States,NASDAQ,78897949.0,5.02,45.55,46.83,4,32.8,1246,False,-17.97,39.44,9.51,10.83,18.79,13.22,5.1,4.5839,4.5293,4.2261,4.4338,4.7763,163082,1255,2026-09-04,44.3,15716723.0
NASDAQ:BOT,BOT,"RoboStrategy, Inc.",Financial Services,Asset Management,United States,NASDAQ,646864900.0,26.8,45.56,46.09,4,32.8,1247,False,-35.79,27.56,,,,,,,,,,,10360990,82,2026-09-04,46.6,24136750.0
AMEX:MAIA,MAIA,"MAIA Biotechnology, Inc.",Healthcare,Biotechnology,United States,AMEX,80257001.0,1.32,45.56,47.03,4,32.8,1248,False,-55.25,51.55,-10.76,-10.34,-24.57,-31.15,-41.19,1.4792,1.4723,1.7501,1.9173,2.2446,504739,1031,2026-09-04,46.69,60800758.0
NASDAQ:SOWG,SOWG,Sow Good Inc.,Consumer Defensive,Confectioners,United States,NASDAQ,61165156.0,3.04,45.57,47.45,4,32.9,1249,False,-79.53,169.03,-42.2,-53.61,-89.71,-96.18,-95.87,5.2599,6.5525,29.5295,79.4988,73.5217,61806,1255,2026-09-04,51.13,20120117.0
NASDAQ:VLY,VLY,Valley National Bancorp,Financial Services,Banks - Regional,United States,NASDAQ,7759559473.0,14.03,45.57,46.35,4,32.9,1250,False,-7.64,48.16,7.75,12.37,31.84,46.39,49.87,13.0215,12.4853,10.6415,9.584,9.3615,82512175,1255,2026-09-04,42.11,553069100.0
NASDAQ:ULCC,ULCC,"Frontier Group Holdings, Inc.",Industrials,Airlines,United States,NASDAQ,1372085995.0,5.96,45.58,46.41,4,32.9,1251,False,-26.05,92.26,13.46,17.13,13.82,13.61,-8.66,5.2527,5.0883,5.2363,5.2462,6.5254,14620284,1255,2026-09-04,40.66,230215771.0
NASDAQ:VRXA,VRXA,Veraxa Biotech AG,Healthcare,Biotechnology,Germany,NASDAQ,248877751.0,1.76,45.58,41.4,4,32.9,1252,False,-92.9,30.37,-79.96,-80.73,,,,8.7829,9.1322,,,,621174,485,2026-09-04,38.0,141407813.0
NASDAQ:DASH,DASH,"DoorDash, Inc.",Consumer Cyclical,Internet Retail,United States,NASDAQ,87092300435.0,211.73,45.59,51.16,4,33.0,1253,False,-24.85,44.43,12.33,4.9,7.67,26.79,50.34,188.4875,201.8333,196.6511,166.9966,140.8332,912494573,1255,2026-09-04,54.83,411336610.0
NASDAQ:PRTH,PRTH,"Priority Technology Holdings, Inc.",Technology,Software - Infrastructure,United States,NASDAQ,457071194.0,5.55,45.59,44.7,4,33.0,1254,False,-28.48,19.61,-3.46,-7.39,-20.56,-6.32,0.89,5.7488,5.9926,6.9868,5.9242,5.5013,2445393,1255,2026-09-04,41.06,82355170.0
NASDAQ:SVRA,SVRA,"Savara, Inc.",Healthcare,Biotechnology,United States,NASDAQ,1100459128.0,5.37,45.59,46.8,4,33.0,1255,False,-22.62,59.35,-3.83,2.91,29.87,27.88,45.28,5.5838,5.2182,4.135,4.1994,3.6964,8284460,1255,2026-09-04,45.59,204927212.0
NASDAQ:AEHR,AEHR,Aehr Test Systems,Technology,Semiconductor Equipment & Materials,United States,NASDAQ,2813840017.0,86.26,45.61,47.15,4,33.0,1256,True,-40.76,344.64,37.5,55.86,153.15,190.77,189.21,62.7364,55.3429,34.0746,29.6658,29.8256,277505059,1255,2026-09-04,38.85,32620450.0
NASDAQ:NKLR,NKLR,Terra Innovatum Global N.V.,Utilities,Utilities - Regulated Electric,Italy,NASDAQ,582339785.0,5.27,45.62,47.4,4,33.1,1257,True,-71.14,34.78,0.45,,,,,5.2464,,,,,1381139,231,2026-09-04,41.12,110500908.0
NASDAQ:SHAZ,SHAZ,"SharonAI Holdings, Inc.",Technology,Information Technology Services,United States,NASDAQ,1972930295.0,55.94,45.62,46.56,4,33.1,1258,False,-39.65,219.29,,,,,,,,,,,105808724,139,2026-09-04,44.38,35268686.0
NASDAQ:CIRC,CIRC,"Circle8 Group, Inc.",Industrials,Staffing & Employment Services,United States,NASDAQ,59015842.0,0.656,45.64,45.27,4,33.1,1259,False,-86.61,49.09,-65.17,-69.45,-78.86,-83.85,-91.9,1.8834,2.1471,3.1037,4.0612,8.1022,611806,1255,2026-09-04,45.72,89963174.0
NASDAQ:KOPN,KOPN,Kopin Corporation,Technology,Electronic Components,United States,NASDAQ,793089491.0,4.28,45.64,48.05,4,33.1,1260,True,-33.02,135.16,24.05,27.71,83.06,110.83,128.96,3.4501,3.3515,2.338,2.0301,1.8693,20526233,1255,2026-09-04,45.42,185301283.0
NASDAQ:GLBE,GLBE,Global-E Online Ltd.,Consumer Cyclical,Internet Retail,Israel,NASDAQ,6444908793.0,38.37,45.65,48.93,4,33.2,1261,True,-9.42,39.32,7.81,7.78,0.92,3.36,8.45,35.5898,35.6002,38.0214,37.1217,35.38,57585716,1255,2026-09-04,45.22,167967391.0
NYSE:NGVT,NGVT,Ingevity Corporation,Basic Materials,Specialty Chemicals,United States,NYSE,2425018618.0,70.54,45.66,46.23,4,33.2,1262,False,-9.41,52.68,2.79,7.31,30.05,38.23,27.95,68.6236,65.7371,54.2411,51.0314,55.1303,15481459,1255,2026-09-04,42.46,34377922.0
NASDAQ:NVMI,NVMI,Nova Ltd.,Technology,Semiconductor Equipment & Materials,Israel,NASDAQ,11835072508.0,372.1,45.66,43.84,4,33.2,1263,False,-38.56,45.52,-15.01,-9.84,17.87,40.27,66.73,437.8283,412.6991,315.6847,265.2788,223.1704,175676437,1255,2026-09-04,37.75,31806161.0
NYSE:TKO,TKO,"TKO Group Holdings, Inc.",Communication Services,Entertainment,United States,NYSE,13944736855.0,186.01,45.66,46.67,4,33.2,1264,False,-16.66,6.63,-5.28,-4.63,8.48,28.65,43.55,196.3821,195.043,171.4729,144.585,129.5824,189929744,1255,2026-09-04,49.84,74967673.0
NASDAQ:CCOI,CCOI,"Cogent Communications Holdings, Inc.",Communication Services,Telecom Services,United States,NASDAQ,503280513.0,10.05,45.67,43.81,4,33.3,1265,True,-77.6,11.54,-44.72,-54.56,-75.55,-78.68,-79.16,18.1795,22.1186,41.1033,47.1323,48.2148,17798339,1255,2026-09-04,45.07,50077663.0
NASDAQ:LXRX,LXRX,"Lexicon Pharmaceuticals, Inc.",Healthcare,Biotechnology,United States,NASDAQ,994999914.0,2.24,45.67,48.02,4,33.3,1266,False,-15.15,107.41,25.41,32.02,69.24,54.5,34.51,1.7862,1.6967,1.3236,1.4498,1.6654,5886462,1255,2026-09-04,47.01,444196390.0
NASDAQ:PTON,PTON,"Peloton Interactive, Inc.",Consumer Cyclical,Leisure,United States,NASDAQ,2252638085.0,5.4,45.67,45.92,4,33.3,1267,False,-40.0,45.55,-1.81,-9.49,-17.49,-7.9,-20.66,5.4996,5.9664,6.5448,5.8633,6.8059,37972026,1255,2026-09-04,45.08,417155201.0
NASDAQ:EQIX,EQIX,"Equinix, Inc.",Real Estate,REIT - Specialty,United States,NASDAQ,102221893262.0,1035.98,45.68,47.41,4,33.4,1268,False,-6.72,44.86,8.75,12.82,17.98,24.22,31.67,952.656,918.2884,878.0986,833.9837,786.7897,573553344,1255,2026-09-04,46.92,98671686.0
NYSE:HOV,HOV,"Hovnanian Enterprises, Inc.",Consumer Cyclical,Residential Construction,United States,NYSE,622752324.0,122.79,45.68,47.01,4,33.4,1269,False,-21.14,30.47,4.11,1.74,-4.8,-7.88,5.32,117.9431,120.6843,128.976,133.2911,116.5863,18164121,1255,2026-09-04,44.01,5071686.0
NYSE:S,S,"SentinelOne, Inc.",Technology,Software - Infrastructure,United States,NYSE,6694490839.0,19.88,45.68,48.98,4,33.4,1270,False,-16.61,66.5,24.07,21.58,5.75,0.8,3.74,16.0227,16.3512,18.7999,19.7224,19.1631,187866910,1255,2026-09-04,45.22,336745012.0
NASDAQ:ACGL,ACGL,Arch Capital Group Ltd.,Financial Services,Insurance - Diversified,Bermuda,NASDAQ,33452100000.0,98.1,45.69,47.8,4,33.4,1271,False,-7.87,15.79,2.08,3.56,3.71,7.37,16.84,96.0996,94.7255,94.5876,91.3648,83.9576,220066712,1255,2026-09-04,52.46,341000000.0
NASDAQ:CEPS,CEPS,"Cantor Equity Partners VI, Inc.",Financial Services,Shell Companies,United States,NASDAQ,122248000.0,10.36,45.7,48.48,4,33.5,1272,False,-0.77,3.08,,,,,,,,,,,227037,147,2026-09-04,45.7,11800000.0
NASDAQ:ZUMZ,ZUMZ,Zumiez Inc.,Consumer Cyclical,Apparel Retail,United States,NASDAQ,304206036.0,18.03,45.7,45.47,4,33.5,1273,True,-41.12,4.16,-20.92,-19.62,-8.08,-6.5,-8.03,22.7989,22.4306,19.6151,19.2843,19.6046,3762589,1255,2026-09-04,41.98,16872215.0
NASDAQ:EVRG,EVRG,"Evergy, Inc.",Utilities,Utilities - Regulated Electric,United States,NASDAQ,18796032058.0,81.54,45.71,46.09,4,33.5,1274,False,-6.71,19.24,2.74,4.44,16.49,30.45,35.98,79.3652,78.0748,70.0003,62.505,59.9659,164281500,1255,2026-09-04,47.78,230513025.0
NASDAQ:BBSI,BBSI,"Barrett Business Services, Inc.",Industrials,Staffing & Employment Services,United States,NASDAQ,832817698.0,33.91,45.72,46.2,4,33.6,1275,False,-28.83,27.4,1.07,-3.94,-11.02,-3.03,7.26,33.5498,35.3018,38.1111,34.9707,31.6157,6950925,1255,2026-09-04,45.08,24559649.0
NASDAQ:LGVN,LGVN,Longeveron Inc.,Healthcare,Biotechnology,United States,NASDAQ,205314329.0,6.81,45.72,46.92,4,33.6,1276,True,-41.29,40.7,-5.46,-7.48,-42.06,-82.41,-94.1,7.2035,7.3603,11.7538,38.7203,115.332,564062,1255,2026-09-04,42.34,30148947.0
NYSE:BOC,BOC,Boston Omaha Corporation,Industrials,Conglomerates,United States,NYSE,407767129.0,13.76,45.76,47.87,4,33.6,1277,False,-8.81,24.41,6.51,6.01,0.51,-2.8,-15.96,12.9189,12.9798,13.6905,14.1562,16.3724,1737958,1255,2026-09-04,46.6,29634239.0
NASDAQ:COLM,COLM,Columbia Sportswear Company,Consumer Cyclical,Apparel Manufacturing,United States,NASDAQ,2951846514.0,57.72,45.76,45.42,4,33.6,1278,False,-14.43,20.41,-1.41,1.03,-10.26,-14.85,-17.4,58.5448,57.1328,64.3175,67.7867,69.8794,38261745,1255,2026-09-04,46.06,51140792.0
NASDAQ:FGBI,FGBI,"First Guaranty Bancshares, Inc.",Financial Services,Banks - Regional,United States,NASDAQ,141243863.0,8.54,45.77,44.93,4,33.7,1279,False,-20.34,94.47,1.2,3.09,-4.65,-8.72,-23.19,8.439,8.2843,8.956,9.3556,11.1182,167114,1255,2026-09-04,43.74,16539094.0
NASDAQ:PEP,PEP,"PepsiCo, Inc.",Consumer Defensive,Beverages - Non-Alcoholic,United States,NASDAQ,188002580000.0,137.63,45.77,47.08,4,33.7,1280,False,-16.82,3.51,-5.46,-4.62,-3.43,-5.98,-7.89,145.5819,144.3033,142.512,146.3804,149.4219,914465649,1255,2026-09-04,48.44,1366000000.0
NASDAQ:KLTR,KLTR,"Kaltura, Inc.",Technology,Software - Application,United States,NASDAQ,227065860.0,1.51,45.79,49.04,4,33.7,1281,False,-20.11,39.81,4.63,2.69,-10.87,-7.04,-11.38,1.4431,1.4704,1.6942,1.6244,1.704,496644,1255,2026-09-04,47.62,150374742.0
NASDAQ:PLXS,PLXS,Plexus Corp.,Technology,Electronic Components,United States,NASDAQ,6581544438.0,245.98,45.8,45.63,4,33.7,1282,False,-19.04,85.31,11.04,19.81,43.21,65.42,81.09,221.5153,205.3147,171.7627,148.6972,135.8342,56547837,1255,2026-09-04,41.88,26756421.0
NYSE:GTN.A,GTN-A,"Gray Media, Inc.",Communication Services,Broadcasting,United States,NYSE,58919763.0,5.97,45.81,44.69,4,33.8,1283,False,-56.81,6.99,-37.11,-37.15,-30.31,-27.12,-29.48,9.4928,9.4995,8.5664,8.1921,8.4654,17905,1255,2026-09-04,45.81,9869307.0
NASDAQ:CRNT,CRNT,Ceragon Networks Ltd.,Technology,Communication Equipment,Israel,NASDAQ,190876760.0,2.1,45.83,44.54,4,33.8,1284,True,-34.38,11.11,-9.61,-9.81,-19.78,-17.95,-12.52,2.3232,2.3284,2.6176,2.5595,2.4006,883913,1255,2026-09-04,40.12,90893695.0
NYSE:WLK,WLK,Westlake Corporation,Basic Materials,Specialty Chemicals,United States,NYSE,9582314982.0,74.79,45.83,45.55,4,33.8,1285,True,-38.6,36.25,-14.0,-11.42,-19.61,-29.51,-29.18,86.9683,84.431,93.0389,106.1025,105.6066,57356891,1255,2026-09-04,45.2,128122944.0
NASDAQ:OCC,OCC,Optical Cable Corporation,Technology,Communication Equipment,United States,NASDAQ,122255224.0,13.85,45.85,46.55,4,33.8,1286,True,-48.55,232.93,29.16,35.52,101.29,150.69,169.93,10.7232,10.2197,6.8807,5.5247,5.1309,3120161,1255,2026-09-04,40.25,8827092.0
NYSE:OI,OI,"O-I Glass, Inc.",Consumer Cyclical,Packaging & Containers,United States,NYSE,1097130594.0,7.14,45.85,44.2,4,33.8,1287,True,-57.07,12.26,-35.82,-37.49,-40.27,-44.39,-50.54,11.1254,11.4231,11.9533,12.8403,14.4364,18967531,1255,2026-09-04,43.62,153659747.0
NASDAQ:PSMT,PSMT,"PriceSmart, Inc.",Consumer Defensive,Discount Stores,United States,NASDAQ,5372817228.0,174.1,45.87,46.27,4,33.9,1288,False,-11.68,59.65,10.79,16.83,43.03,63.61,80.6,157.14,149.0178,121.7224,106.4118,96.4017,38849172,1255,2026-09-04,45.24,30860524.0
NYSE:AYI,AYI,Acuity Inc.,Industrials,Electrical Equipment & Parts,United States,NYSE,9999969475.0,334.05,45.88,48.33,4,33.9,1289,True,-11.26,29.75,4.74,2.58,8.28,19.38,32.43,318.9347,325.6496,308.5157,279.825,252.2534,68475344,1255,2026-09-04,40.94,29935547.0
AMEX:RLGT,RLGT,"Radiant Logistics, Inc.",Industrials,Integrated Freight & Logistics,United States,AMEX,395259261.0,8.44,45.88,46.18,4,33.9,1290,False,-12.17,44.77,8.5,13.59,21.5,28.55,30.69,7.7789,7.4302,6.9463,6.5657,6.4578,1085226,1255,2026-09-04,44.9,46831666.0
NASDAQ:GAME,GAME,"GameSquare Holdings, Inc.",Communication Services,Electronic Gaming & Multimedia,United States,NASDAQ,303976882.0,2.95,45.9,47.33,4,34.0,1291,False,-56.92,49.9,-7.35,-19.24,-43.85,-61.4,-78.37,3.184,3.6528,5.2536,7.6424,13.6362,940748,1255,2026-09-04,46.33,103043011.0
NYSE:APTV,APTV,Aptiv PLC,Consumer Cyclical,Auto Parts,Switzerland,NYSE,10147204270.0,47.95,45.91,42.88,4,34.0,1292,False,-45.92,7.13,-27.76,-31.45,-28.71,-33.2,-39.37,66.3752,69.9439,67.26,71.7866,79.0907,220262817,1255,2026-09-04,39.84,211620527.0
NASDAQ:ANPA,ANPA,Rich Sparkle Holdings Limited,Industrials,Specialty Business Services,Hong Kong,NASDAQ,59953967.0,3.97,45.92,44.73,4,34.0,1293,True,-97.49,13.43,-78.44,-81.05,,,,18.4134,20.9516,,,,1098962,294,2026-09-04,41.52,15101755.0
NASDAQ:CVCO,CVCO,"Cavco Industries, Inc.",Consumer Cyclical,Residential Construction,United States,NASDAQ,4363926977.0,566.19,45.92,47.74,4,34.0,1294,True,-18.86,24.23,0.89,1.25,10.11,24.36,39.16,561.2067,559.2065,514.1968,455.2975,406.8528,54256660,1255,2026-09-04,43.21,7707531.0
NASDAQ:PAX,PAX,Patria Investments Limited,Financial Services,Asset Management,Cayman Islands,NASDAQ,762515365.0,11.14,45.92,48.07,4,34.0,1295,False,-34.12,5.8,-11.52,-13.39,-7.51,-7.38,-7.08,12.5905,12.8617,12.0447,12.0271,11.9884,12698450,1255,2026-09-04,50.25,68448417.0
NASDAQ:FAC,FAC,Factorial Energy Inc.,Industrials,Electrical Equipment & Parts,United States,NASDAQ,476769710.0,5.21,45.93,42.86,4,34.1,1296,False,-76.25,13.26,-46.07,-46.54,,,,9.6603,9.7465,,,,1474414,303,2026-09-04,46.56,91510501.0
NYSE:PEB,PEB,Pebblebrook Hotel Trust Common Shares of Beneficial Interest,Real Estate,REIT - Hotel & Motel,United States,NYSE,2027506747.0,18.03,45.95,48.01,4,34.1,1297,True,-8.71,77.15,23.91,30.33,42.6,37.21,33.45,14.5514,13.8337,12.6439,13.1405,13.5102,33599148,1255,2026-09-04,40.84,112451844.0
NASDAQ:XE,XE,"X-Energy, Inc.",Industrials,Specialty Industrial Machinery,United States,NASDAQ,5090894179.0,17.71,45.95,46.76,4,34.1,1298,False,-50.78,28.05,,,,,,,,,,,102128387,93,2026-09-04,46.66,287458734.0
NASDAQ:VRSK,VRSK,"Verisk Analytics, Inc.",Industrials,Consulting Services,United States,NASDAQ,24181685469.0,185.79,45.96,47.77,4,34.2,1299,False,-31.33,18.78,-4.2,-8.34,-23.58,-23.46,-19.15,193.9435,202.7033,243.125,242.7461,229.8024,221889852,1255,2026-09-04,51.68,130156012.0
NASDAQ:WMT,WMT,Walmart Inc.,Consumer Defensive,Discount Stores,United States,NASDAQ,852628600667.0,107.14,45.96,44.77,4,34.2,1300,False,-19.97,7.6,-9.32,-6.76,4.2,21.81,37.92,118.1457,114.9134,102.826,87.9566,77.685,3004796457,1255,2026-09-04,49.01,7958079155.0
NYSE:FVRR,FVRR,"Fiverr International Ltd. Ordinary Shares, no par value",Communication Services,Internet Content & Information,Israel,NYSE,332544234.0,9.25,45.97,45.74,4,34.3,1301,True,-65.32,6.81,-28.26,-38.4,-56.83,-58.65,-62.7,12.8929,15.0163,21.4275,22.3717,24.7998,5372548,1255,2026-09-04,45.02,35950728.0
NASDAQ:SKYW,SKYW,"SkyWest, Inc.",Industrials,Airlines,United States,NASDAQ,3928747436.0,99.06,45.97,47.6,4,34.3,1302,False,-16.91,26.35,2.16,1.24,-0.26,14.25,38.91,96.9683,97.8504,99.321,86.7026,71.3103,26941345,1255,2026-09-04,39.42,39660281.0
NYSE:USNA,USNA,"USANA Health Sciences, Inc.",Consumer Defensive,Packaged Foods,United States,NYSE,276206645.0,14.96,45.97,42.87,4,34.3,1303,True,-52.99,16.33,-21.72,-25.94,-43.5,-55.71,-62.92,19.1121,20.2003,26.4756,33.7805,40.3476,3188359,1255,2026-09-04,40.91,18463011.0
NASDAQ:PNTG,PNTG,"The Pennant Group, Inc.",Healthcare,Medical Care Facilities,United States,NASDAQ,1321167166.0,38.0,45.99,48.24,4,34.3,1304,False,-9.57,60.74,14.76,20.99,27.89,45.88,68.3,33.1118,31.4068,29.7131,26.0491,22.5794,8880719,1255,2026-09-04,50.1,34767557.0
AMEX:STRW,STRW,"Strawberry Fields REIT, Inc.",Real Estate,REIT - Healthcare Facilities,United States,AMEX,182870428.0,13.62,45.99,47.9,4,34.3,1305,False,-6.84,25.43,5.34,7.91,18.11,32.78,,12.9299,12.6211,11.5316,10.2579,,529190,888,2026-09-04,47.91,13426610.0
NYSE:VMRK,VMRK,Vivmark Residential Common Shares of Beneficial Interest,Real Estate,REIT - Residential,United States,NYSE,26063848364.0,65.35,45.99,46.83,4,34.3,1306,False,-6.84,15.26,3.79,4.64,1.64,5.66,8.6,62.9632,62.4506,64.2925,61.849,60.1764,380879733,1255,2026-09-04,43.55,398834711.0
NASDAQ:ENLT,ENLT,Enlight Renewable Energy Ltd.,Utilities,Utilities - Renewable,Israel,NASDAQ,11033611294.0,78.92,46.02,46.05,4,34.4,1307,False,-26.53,180.85,8.68,22.61,90.51,138.23,,72.6184,64.3693,41.4249,33.1271,,12306196,922,2026-09-04,43.21,139807543.0
NYSE:COHR,COHR,Coherent Corp.,Technology,Scientific & Technical Instruments,United States,NYSE,55142899017.0,281.86,46.03,46.26,4,34.4,1308,True,-33.97,188.08,1.96,15.38,70.16,120.23,166.49,276.4354,244.2802,165.6454,127.9829,105.7667,2127402055,1255,2026-09-04,40.41,195639321.0
NYSE:XPO,XPO,"XPO, Inc.",Industrials,Trucking,United States,NYSE,22609396392.0,193.1,46.03,45.47,4,34.4,1309,True,-15.44,56.15,2.23,8.98,28.03,44.22,73.95,188.8824,177.1819,150.8238,133.8904,111.0111,172409300,1255,2026-09-04,34.9,117086465.0
NYSE:HDB,HDB,HDFC Bank Limited,Financial Services,Banks - Regional,India,NYSE,119029473456.0,23.18,46.04,44.99,4,34.5,1310,False,-37.65,3.21,-18.19,-22.29,-26.55,-24.45,-25.08,28.3334,29.8293,31.5605,30.6831,30.9398,225661645,1255,2026-09-04,47.37,5135007483.0
NASDAQ:STRT,STRT,STRATTEC SECURITY CORPORATION,Consumer Cyclical,Auto Parts,United States,NASDAQ,316920116.0,75.84,46.04,45.93,4,34.5,1311,False,-16.58,23.6,-4.21,-1.2,22.64,53.19,77.86,79.1725,76.7633,61.8405,49.5079,42.6395,8079985,1255,2026-09-04,43.43,4178799.0
NASDAQ:CEPV,CEPV,"Cantor Equity Partners V, Inc.",Financial Services,Shell Companies,United States,NASDAQ,265105200.0,10.38,46.06,49.77,4,34.5,1312,False,-0.67,2.98,1.19,,,,,10.2583,,,,,25604,210,2026-09-04,46.06,25540000.0
NASDAQ:SRAD,SRAD,Sportradar Group AG,Technology,Software - Application,Switzerland,NASDAQ,2805110831.0,12.9,46.06,45.33,4,34.5,1313,False,-58.71,4.79,-23.41,-31.79,-35.35,-23.15,-16.49,16.8439,18.911,19.9544,16.7857,15.4472,25076313,1250,2026-09-04,48.46,217450452.0
NYSE:NEU,NEU,NewMarket Corp,Basic Materials,Specialty Chemicals,United States,NYSE,8138819310.0,885.0,46.07,52.41,4,34.6,1314,False,-8.0,52.7,21.35,19.37,33.82,44.01,62.24,729.2946,741.396,661.3576,614.5374,545.5041,108941477,1255,2026-09-04,51.63,9196406.0
NYSE:NOA,NOA,North American Construction Group Ltd. Common Shares (no par),Energy,Oil & Gas Equipment & Services,Canada,NYSE,361819336.0,13.35,46.07,46.97,4,34.6,1315,False,-19.41,12.43,-5.58,-5.35,-14.48,-22.38,-20.24,14.1393,14.1045,15.6095,17.1998,16.7368,1968417,1255,2026-09-04,46.87,27102572.0
NYSE:RLI,RLI,RLI Corp. Common Stock (DE),Financial Services,Insurance - Property & Casualty,United States,NYSE,5726635200.0,62.4,46.07,50.49,4,34.6,1316,False,-6.07,36.78,8.79,8.49,-1.63,-1.02,2.15,57.3602,57.5175,63.4347,63.0401,61.0861,35043408,1255,2026-09-04,54.14,91773000.0
NYSE:MBC,MBC,"MasterBrand, Inc.",Consumer Cyclical,"Furnishings, Fixtures & Appliances",United States,NYSE,1731704070.0,8.51,46.08,47.0,4,34.7,1317,False,-38.42,25.52,-12.14,-17.32,-30.57,-35.36,,9.6864,10.2925,12.2562,13.1656,,14310169,937,2026-09-04,39.5,203490490.0
NYSE:WCN,WCN,"Waste Connections, Inc.",Industrials,Waste Management,Canada,NYSE,41555406341.0,164.87,46.08,48.09,4,34.7,1318,False,-7.45,10.87,-0.03,-0.83,-5.83,-2.18,3.09,164.9238,166.254,175.0786,168.5377,159.93,160342839,1255,2026-09-04,51.26,252049532.0
NYSE:TEX,TEX,Terex Corporation,Industrials,Farm & Heavy Construction Machinery,United States,NYSE,7227189000.0,63.23,46.09,47.06,4,34.7,1319,False,-15.0,52.55,3.86,7.51,20.3,18.56,22.95,60.8814,58.8149,52.5601,53.333,51.4284,59617770,1255,2026-09-04,44.68,114300000.0
NYSE:ZIP,ZIP,"ZipRecruiter, Inc.",Communication Services,Internet Content & Information,United States,NYSE,289040730.0,4.22,46.09,48.91,4,34.7,1320,True,-23.13,149.7,23.35,15.66,-19.19,-42.45,-56.86,3.4211,3.6486,5.2219,7.3325,9.7812,5022135,1255,2026-09-04,45.34,68493064.0
NYSE:FIX,FIX,"Comfort Systems USA, Inc.",Industrials,Engineering & Construction,United States,NYSE,56674835762.0,1610.34,46.1,46.01,4,34.8,1321,False,-22.03,128.46,8.03,18.51,77.31,133.08,191.92,1490.6351,1358.8024,908.2286,690.9066,551.6336,613255300,1255,2026-09-04,43.07,35194329.0
NYSE:GTES,GTES,Gates Industrial Corporation Ltd.,Industrials,Specialty Industrial Machinery,United States,NYSE,6569272862.0,25.95,46.1,46.82,4,34.8,1322,False,-13.04,23.34,3.94,4.33,13.48,28.95,42.76,24.9663,24.874,22.868,20.1244,18.177,41267497,1255,2026-09-04,38.95,253151170.0
NASDAQ:ODYS,ODYS,Odysight.ai Inc.,Technology,Scientific & Technical Instruments,Israel,NASDAQ,63250504.0,3.77,46.1,45.02,4,34.8,1323,True,-48.36,34.16,-18.63,-15.49,-27.99,-24.81,-22.71,4.6334,4.4612,5.2354,5.0138,4.8778,144314,1255,2026-09-04,40.08,16777322.0
NASDAQ:FROG,FROG,JFrog Ltd.,Technology,Software - Application,United States,NASDAQ,10610087822.0,87.6,46.11,49.02,4,34.8,1324,False,-15.79,152.09,33.37,40.21,78.78,100.19,126.6,65.6839,62.4756,48.9975,43.7589,38.6576,196818921,1255,2026-09-04,49.58,121119724.0
NASDAQ:NBTX,NBTX,Nanobiotix S.A. - ADSs,Healthcare,Biotechnology,France,NASDAQ,1970488458.0,38.8,46.12,48.06,4,34.9,1325,False,-29.54,345.98,20.47,32.03,129.21,188.66,244.77,32.2064,29.3873,16.9274,13.4413,11.2539,7326513,1255,2026-09-04,48.53,50785785.0
NASDAQ:GOGO,GOGO,Gogo Inc.,Communication Services,Telecom Services,United States,NASDAQ,384077405.0,2.84,46.14,44.16,4,34.9,1326,False,-73.61,12.7,-34.16,-46.03,-61.22,-64.99,-70.92,4.3135,5.2623,7.3229,8.1127,9.7676,5871674,1255,2026-09-04,39.4,135238523.0
NYSE:MYE,MYE,"Myers Industries, Inc.",Consumer Cyclical,Packaging & Containers,United States,NYSE,1196630807.0,31.81,46.14,49.65,4,34.9,1327,False,-13.42,106.48,32.58,41.76,83.09,86.66,83.22,23.9927,22.4398,17.3739,17.0413,17.3619,10747427,1255,2026-09-04,39.63,37618070.0
NASDAQ:NNE,NNE,Nano Nuclear Energy Inc.,Industrials,Specialty Industrial Machinery,United States,NASDAQ,951531147.0,17.72,46.17,46.39,4,35.0,1328,False,-68.71,19.09,-29.1,-37.74,-36.16,,,24.9915,28.4604,27.7564,,,31661325,584,2026-09-04,45.77,53698146.0
NYSE:NYT,NYT,New York Times Company (The),Communication Services,Publishing,United States,NYSE,10798632555.0,67.28,46.17,45.22,4,35.0,1329,True,-21.39,24.13,-8.11,-3.8,9.84,20.19,32.69,73.2191,69.935,61.2531,55.9792,50.7042,114291407,1255,2026-09-04,45.11,160502862.0
NASDAQ:IRDM,IRDM,Iridium Communications Inc,Communication Services,Telecom Services,United States,NASDAQ,5002389681.0,47.21,46.18,48.48,4,35.0,1330,True,-15.27,203.23,39.05,54.02,63.27,58.15,33.33,33.9515,30.6515,28.9146,29.852,35.4083,43324737,1255,2026-09-04,44.37,105960383.0
NYSE:NGVC,NGVC,"Natural Grocers by Vitamin Cottage, Inc.",Consumer Defensive,Grocery Stores,United States,NYSE,643529153.0,27.93,46.18,45.59,4,35.0,1331,False,-30.32,19.72,1.24,-4.83,-17.56,-0.76,18.52,27.5876,29.349,33.8803,28.1449,23.5647,4124430,1255,2026-09-04,40.43,23040786.0
NASDAQ:KRRO,KRRO,"Korro Bio, Inc.",Healthcare,Biotechnology,United States,NASDAQ,176532269.0,12.24,46.19,47.93,4,35.1,1332,True,-76.17,131.82,8.87,-26.09,-47.18,-59.64,-69.99,11.2432,16.5617,23.1732,30.324,40.7906,1005224,1255,2026-09-04,38.87,14422571.0
NASDAQ:TLN,TLN,Talen Energy Corporation,Utilities,Utilities - Independent Power Producers,United States,NASDAQ,15188820103.0,317.0,46.19,44.8,4,35.1,1333,False,-28.9,7.92,-11.47,-13.82,5.14,38.28,,358.051,367.8329,301.4942,229.2489,,267468612,818,2026-09-04,39.44,47914259.0
NASDAQ:HTLD,HTLD,"Heartland Express, Inc.",Industrials,Trucking,United States,NASDAQ,963971818.0,12.44,46.2,44.74,4,35.1,1334,False,-23.2,76.68,5.04,12.28,18.05,11.21,1.93,11.8428,11.0792,10.5378,11.1863,12.2043,9425711,1255,2026-09-04,44.88,77489696.0
NASDAQ:JAKK,JAKK,"JAKKS Pacific, Inc.",Consumer Cyclical,Leisure,United States,NASDAQ,281303622.0,24.58,46.2,49.74,4,35.1,1335,True,-6.79,71.65,19.01,23.17,16.38,14.78,19.24,20.653,19.9558,21.1203,21.4156,20.6139,2596212,1255,2026-09-04,38.71,11444411.0
NYSE:KBR,KBR,"KBR, Inc.",Industrials,Engineering & Construction,United States,NYSE,4641814739.0,36.82,46.22,49.29,4,35.1,1336,False,-24.87,23.05,-3.24,-6.7,-21.52,-27.42,-28.05,38.0512,39.4624,46.9135,50.7282,51.1713,41630344,1255,2026-09-04,49.79,126067755.0
NYSE:RMT,RMT,"Royce Micro-Cap Trust, Inc.",Financial Services,Asset Management,United States,NYSE,744955798.0,13.93,46.23,48.24,4,35.2,1337,False,-5.11,54.48,12.74,17.76,37.59,50.68,61.79,12.3557,11.8293,10.1246,9.2445,8.6101,1313299,1255,2026-09-04,41.92,53478521.0
NYSE:RYAN,RYAN,"Ryan Specialty Holdings, Inc.",Financial Services,Insurance - Specialty,United States,NYSE,5426009580.0,41.91,46.23,50.16,4,35.2,1338,False,-27.45,43.63,1.13,-4.77,-23.84,-21.31,-16.39,41.4432,44.0105,55.0253,53.2598,50.1284,56419045,1255,2026-09-04,48.73,129468136.0
NYSE:NNI,NNI,"Nelnet, Inc.",Financial Services,Credit Services,United States,NYSE,3223151574.0,127.31,46.24,45.85,4,35.2,1339,False,-11.27,4.87,-2.88,-2.24,5.08,14.29,20.41,131.0813,130.233,121.1527,111.3898,105.7318,18334702,1255,2026-09-04,46.08,25317348.0
NASDAQ:DKNG,DKNG,DraftKings Inc.,Consumer Cyclical,Gambling,United States,NASDAQ,11912052896.0,24.01,46.26,47.27,4,35.3,1340,False,-48.43,15.88,-10.25,-16.36,-29.95,-31.92,-23.44,26.7508,28.7053,34.2757,35.2656,31.3609,240479895,1255,2026-09-04,47.22,496128817.0
NASDAQ:ROC,ROC,Rank One Computing Corporation,,,,NASDAQ,80708937.0,4.23,46.26,45.52,4,35.3,1341,False,-42.13,4.19,,,,,,,,,,,123467,136,2026-09-04,43.33,19080127.0
NYSE:VVR,VVR,Invesco Senior Income Trust Common Stock (DE),Financial Services,Asset Management,United States,NYSE,449461085.0,2.92,46.26,47.22,4,35.3,1342,False,-7.69,1.68,-1.61,-1.87,-5.22,-4.78,0.34,2.9676,2.9756,3.0809,3.0666,2.9101,1969799,1255,2026-09-04,48.7,153925029.0
NASDAQ:MTSI,MTSI,"MACOM Technology Solutions Holdings, Inc.",Technology,Semiconductors,United States,NASDAQ,20519748417.0,268.95,46.28,45.83,4,35.4,1343,False,-34.35,120.13,2.04,13.02,49.37,78.25,108.24,263.5797,237.9676,180.0537,150.8848,129.151,324335233,1255,2026-09-04,42.02,76295774.0
AMEX:NHC,NHC,National HealthCare Corporation,Healthcare,Medical Care Facilities,United States,AMEX,3415078308.0,218.64,46.28,49.41,4,35.4,1344,False,-7.65,96.09,24.59,33.32,62.88,83.3,111.48,175.492,163.9936,134.2336,119.2805,103.3839,24278162,1255,2026-09-04,49.35,15619641.0
NYSE:VOYG,VOYG,"Voyager Technologies, Inc.",Industrials,Aerospace & Defense,United States,NYSE,1815911539.0,33.94,46.28,48.38,4,35.4,1345,True,-34.44,88.66,9.96,10.75,,,,30.8653,30.6459,,,,52133244,311,2026-09-04,41.77,53503581.0
NYSE:AHR,AHR,"American Healthcare REIT, Inc.",Real Estate,REIT - Healthcare Facilities,United States,NYSE,11311844694.0,54.72,46.29,49.43,4,35.4,1346,False,-5.2,38.3,8.64,12.07,38.93,,,50.366,48.8249,39.3864,,,171225073,647,2026-09-04,51.73,206722308.0
NASDAQ:ASTE,ASTE,"Astec Industries, Inc.",Industrials,Farm & Heavy Construction Machinery,United States,NASDAQ,1016734099.0,44.22,46.3,43.19,4,35.4,1347,False,-31.61,9.63,-14.11,-12.3,2.48,8.67,8.94,51.4853,50.4206,43.1501,40.6935,40.5929,9743129,1255,2026-09-04,37.04,22992630.0
NASDAQ:BETR,BETR,Better Home & Finance Holding Company,Financial Services,Mortgage Finance,United States,NASDAQ,189423382.0,14.475,46.31,43.41,4,35.5,1348,False,-83.18,24.78,-52.77,-59.57,-41.26,-41.12,-91.38,30.6471,35.7997,24.6427,24.5818,167.856,10191603,1255,2026-09-04,40.94,13086244.0
NASDAQ:POWW,POWW,Outdoor Holding Company,Industrials,Aerospace & Defense,United States,NASDAQ,252074782.0,2.17,46.32,47.83,4,35.5,1349,True,-15.23,52.82,7.09,12.55,29.92,17.64,10.98,2.0264,1.928,1.6702,1.8446,1.9553,1514829,1255,2026-09-04,43.17,116163494.0
NYSE:BX,BX,Blackstone Inc.,Financial Services,Asset Management,United States,NYSE,102466665225.0,136.15,46.34,50.73,4,35.6,1350,False,-24.91,35.93,5.93,1.35,-4.5,3.02,14.27,128.5273,134.3322,142.5589,132.1566,119.1469,509781063,1255,2026-09-04,48.9,752601287.0
NYSE:FCN,FCN,"FTI Consulting, Inc.",Industrials,Consulting Services,United States,NYSE,4188675927.0,151.7,46.34,46.71,4,35.6,1351,False,-18.89,8.05,-7.91,-7.58,-12.75,-18.04,-17.14,164.7279,164.1332,173.8587,185.0969,183.0825,55817683,1255,2026-09-04,49.48,27611575.0
NYSE:TAP,TAP,Molson Coors Beverage Company,Consumer Defensive,Beverages - Brewers,United States,NYSE,7096224388.0,40.5,46.34,48.05,4,35.6,1352,False,-22.97,6.61,-5.89,-6.41,-15.06,-18.54,-18.56,43.0358,43.2748,47.6789,49.7181,49.7292,99983678,1255,2026-09-04,46.77,175215417.0
NASDAQ:TENB,TENB,"Tenable Holdings, Inc.",Technology,Software - Infrastructure,United States,NASDAQ,3776815075.0,34.25,46.34,48.83,4,35.6,1353,False,-19.7,113.53,31.44,28.14,7.86,-4.65,-7.64,26.0567,26.7294,31.7537,35.9197,37.0817,138953075,1255,2026-09-04,47.05,110271973.0
NASDAQ:SILC,SILC,Silicom Ltd,Technology,Communication Equipment,Israel,NASDAQ,234904862.0,40.87,46.36,47.81,4,35.6,1354,False,-19.83,202.74,37.86,51.16,94.32,107.27,68.88,29.6453,27.0371,21.0318,19.7178,24.2012,9590125,1255,2026-09-04,44.77,5747611.0
NASDAQ:PATK,PATK,"Patrick Industries, Inc.",Consumer Cyclical,Recreational Vehicles,United States,NASDAQ,2746712791.0,82.84,46.37,46.31,4,35.7,1355,True,-42.35,1.89,-19.21,-19.07,-13.26,-2.85,11.69,102.5419,102.3659,95.4989,85.2698,74.1671,33794792,1255,2026-09-04,42.61,33156842.0
NASDAQ:UPBD,UPBD,"Upbound Group, Inc.",Technology,Software - Application,United States,NASDAQ,1106414919.0,18.98,46.37,46.92,4,35.7,1356,True,-24.75,25.77,1.91,-0.5,-12.48,-19.24,-17.56,18.625,19.0755,21.6877,23.5007,23.0219,14617622,1255,2026-09-04,42.79,58293726.0
AMEX:LPA,LPA,Logistic Properties of the Americas,Real Estate,Real Estate - Development,Costa Rica,AMEX,97066692.0,3.07,46.38,47.41,4,35.7,1357,False,-53.63,28.99,0.07,-8.77,-47.07,,,3.0679,3.3652,5.7999,,,72425,612,2026-09-04,49.49,31617815.0
NASDAQ:HROW,HROW,"Harrow, Inc.",Healthcare,Drug Manufacturers - Specialty & Generic,United States,NASDAQ,1436582624.0,38.54,46.39,47.15,4,35.7,1358,True,-29.67,32.76,-6.66,-6.39,1.41,26.07,42.39,41.2917,41.1726,38.0039,30.5696,27.0663,22865600,1255,2026-09-04,45.2,37275107.0
NYSE:FLOC,FLOC,Flowco Holdings Inc.,Energy,Oil & Gas Equipment & Services,United States,NYSE,882489818.0,21.1,46.4,47.64,4,35.8,1359,False,-24.12,51.38,-1.16,4.83,,,,21.3473,20.1279,,,,12556991,411,2026-09-04,48.98,41824162.0
NASDAQ:TRAX,TRAX,"First Tracks Biotherapeutics, Inc.",Healthcare,Biotechnology,United States,NASDAQ,1411745735.0,40.46,46.4,51.23,4,35.8,1360,False,-15.57,164.1,,,,,,,,,,,26836754,107,2026-09-04,51.0,34892381.0
NASDAQ:VFS,VFS,VinFast Auto Ltd.,Consumer Cyclical,Auto Manufacturers,Vietnam,NASDAQ,7205770911.0,3.08,46.4,46.72,4,35.8,1361,False,-35.29,9.61,-9.4,-8.77,-12.82,-30.7,-50.6,3.3994,3.376,3.533,4.4444,6.2348,993618,1255,2026-09-04,46.4,2339536010.0
NYSE:CHE,CHE,Chemed Corp,Healthcare,Medical Care Facilities,United States,NYSE,6900410223.0,519.84,46.41,51.23,4,35.9,1362,False,-5.83,41.41,16.37,16.63,5.14,0.43,1.07,446.7059,445.7269,494.4411,517.6175,514.3594,78329046,1255,2026-09-04,49.29,13274104.0
NYSE:ES,ES,Eversource Energy (D/B/A),Utilities,Utilities - Regulated Electric,United States,NYSE,26720485776.0,71.05,46.41,47.24,4,35.9,1363,False,-5.76,18.2,2.46,2.8,11.24,17.8,14.97,69.3454,69.1148,63.8722,60.3132,61.7962,132155104,1255,2026-09-04,48.96,376080025.0
NASDAQ:LCUT,LCUT,"Lifetime Brands, Inc.",Consumer Cyclical,"Furnishings, Fixtures & Appliances",United States,NASDAQ,202723921.0,8.87,46.41,49.14,4,35.9,1364,True,-10.4,204.96,43.65,57.84,70.82,50.6,49.82,6.1747,5.6198,5.1926,5.8896,5.9203,1978551,1255,2026-09-04,45.46,22855008.0
NYSE:COUR,COUR,"Coursera, Inc.",Consumer Defensive,Education & Training Services,United States,NYSE,1660880066.0,5.8,46.42,48.83,4,35.9,1365,False,-51.95,13.95,-6.69,-17.38,-24.92,-41.24,-45.28,6.2158,7.0203,7.7249,9.87,10.5994,25297075,1255,2026-09-04,51.27,286358632.0
NYSE:IONQ,IONQ,"IonQ, Inc.",Technology,Computer Hardware,United States,NYSE,14751628345.0,39.52,46.42,46.47,4,35.9,1366,False,-51.86,48.63,-10.63,-17.38,0.78,33.24,63.94,44.2188,47.8361,39.2131,29.6618,24.1069,730871393,1255,2026-09-04,45.22,373269948.0
NYSE:KMI,KMI,"Kinder Morgan, Inc.",Energy,Oil & Gas Midstream,United States,NYSE,69921585595.0,31.4,46.43,47.55,4,36.0,1367,False,-7.63,26.3,2.59,5.74,14.67,32.47,46.41,30.6063,29.6952,27.3831,23.7027,21.4459,331491152,1255,2026-09-04,48.35,2226802089.0
NASDAQ:GRRR,GRRR,Gorilla Technology Group Inc.,Technology,Software - Infrastructure,United Kingdom,NASDAQ,382775566.0,13.79,46.44,47.44,4,36.0,1368,True,-36.69,45.54,0.59,-4.69,-7.23,14.44,-44.59,13.7085,14.4691,14.8653,12.0501,24.885,16972309,1255,2026-09-04,46.02,27757474.0
NYSE:HCA,HCA,"HCA Healthcare, Inc.",Healthcare,Medical Care Facilities,United States,NYSE,87683107500.0,405.0,46.44,48.7,4,36.0,1369,False,-25.45,12.31,-10.19,-9.4,1.48,11.15,21.04,450.9598,447.0386,399.1059,364.3599,334.5879,501556222,1255,2026-09-04,49.15,216501500.0
NYSE:MLP,MLP,"Maui Land & Pineapple Company, Inc.",Real Estate,Real Estate Services,United States,NYSE,318429634.0,16.03,46.45,46.42,4,36.0,1370,False,-19.53,13.13,-3.07,-3.51,-11.06,-12.06,-2.35,16.5369,16.613,18.0238,18.2284,16.4159,309895,1255,2026-09-04,52.45,19864606.0
NYSE:EVH,EVH,"Evolent Health, Inc",Healthcare,Health Information Services,United States,NYSE,485918209.0,4.32,46.47,47.68,4,36.1,1371,False,-56.76,99.08,12.04,-6.77,-51.91,-71.52,-77.43,3.8558,4.6337,8.9838,15.1676,19.1433,12338928,1255,2026-09-04,44.73,112481067.0
NASDAQ:ASO,ASO,"Academy Sports and Outdoors, Inc.",Consumer Cyclical,Specialty Retail,United States,NASDAQ,2787105593.0,44.94,46.48,45.35,4,36.1,1372,False,-26.13,8.59,-13.85,-12.58,-10.63,-13.5,-13.69,52.1623,51.4072,50.2857,51.9547,52.0709,79071043,1255,2026-09-04,39.88,62018371.0
NASDAQ:TTD,TTD,"The Trade Desk, Inc.",Communication Services,Advertising Agencies,United States,NASDAQ,6161606133.0,14.43,46.48,43.49,4,36.1,1373,False,-73.34,10.74,-42.35,-51.76,-75.89,-78.64,-78.15,25.0322,29.9133,59.8608,67.547,66.0553,298845220,1255,2026-09-04,52.02,426999732.0
NYSE:FMX,FMX,Fomento Economico Mexicano S.A.B. de C.V.,Consumer Defensive,Beverages - Brewers,Mexico,NYSE,41021455562.0,120.41,46.49,47.05,4,36.2,1374,False,-8.88,45.28,7.23,11.47,21.8,18.38,25.4,112.2916,108.0237,98.8564,101.7158,96.0213,44070987,1255,2026-09-04,48.36,340681468.0
NASDAQ:SKWD,SKWD,"Skyward Specialty Insurance Group, Inc.",Financial Services,Insurance - Property & Casualty,United States,NASDAQ,2324739347.0,57.34,46.49,48.65,4,36.2,1375,False,-12.63,38.97,15.05,16.28,14.88,28.8,,49.8397,49.3132,49.9118,44.5194,,28290229,914,2026-09-04,49.06,40543065.0
NYSE:CVSA,CVSA,Covista Inc.,Consumer Defensive,Education & Training Services,United States,NYSE,4359016316.0,128.09,46.51,48.92,4,36.2,1376,True,-17.07,43.34,11.76,8.0,15.95,38.18,61.39,114.6106,118.6023,110.4667,92.7006,79.3654,45298953,1255,2026-09-04,45.93,34030887.0
NASDAQ:IMRX,IMRX,Immuneering Corporation,Healthcare,Biotechnology,United States,NASDAQ,311841478.0,4.82,46.52,48.67,4,36.2,1377,False,-47.95,22.96,-8.32,-13.67,22.27,18.64,-7.02,5.2577,5.5834,3.9421,4.0627,5.184,3247442,1255,2026-09-04,53.16,64697402.0
NASDAQ:JRVR,JRVR,"James River Group Holdings, Inc.",Financial Services,Insurance - Specialty,United States,NASDAQ,192345321.0,4.16,46.53,45.63,4,36.3,1378,False,-41.42,8.89,-23.95,-23.68,-22.06,-37.94,-58.63,5.4703,5.4509,5.3374,6.7031,10.0565,1040283,1255,2026-09-04,48.06,46236856.0
NYSE:ABCB,ABCB,Ameris Bancorp,Financial Services,Banks - Regional,United States,NYSE,5774521811.0,86.05,46.54,46.7,4,36.3,1379,False,-7.64,24.91,4.36,6.92,20.36,36.36,49.52,82.4571,80.48,71.494,63.1048,57.552,25769645,1255,2026-09-04,45.31,67106587.0
NASDAQ:FFIV,FFIV,"F5, Inc.",Technology,Software - Infrastructure,United States,NASDAQ,22188848220.0,390.47,46.55,47.79,4,36.3,1380,False,-9.46,74.32,19.34,21.43,32.4,53.15,71.35,327.202,321.5481,294.9216,254.9572,227.8826,188577097,1255,2026-09-04,47.29,56826000.0
NASDAQ:XFOR,XFOR,"X4 Pharmaceuticals, Inc.",Healthcare,Biotechnology,United States,NASDAQ,381051572.0,4.04,46.55,48.35,4,36.3,1381,False,-13.49,41.26,2.54,5.35,-43.14,-70.98,-80.89,3.94,3.8347,7.1052,13.9209,21.1401,2537469,1255,2026-09-04,46.55,94319696.0
NASDAQ:ADSE,ADSE,ADS-TEC ENERGY PLC,Industrials,Electrical Equipment & Parts,Ireland,NASDAQ,868499679.0,11.56,46.56,47.28,4,36.4,1382,False,-10.25,37.78,-0.8,1.59,-6.0,2.13,19.19,11.6536,11.3795,12.2975,11.3184,9.6988,215732,1255,2026-09-04,47.61,75129730.0
NYSE:GDV,GDV,Gabelli Dividend & Income Trust Common Shares of Beneficial Interest,Financial Services,Asset Management,United States,NYSE,2621639984.0,29.98,46.56,50.66,4,36.4,1383,False,-2.47,19.96,6.81,8.79,19.61,30.96,40.39,28.0675,27.5575,25.0641,22.8933,21.3548,2859671,1255,2026-09-04,51.12,87446297.0
NASDAQ:FRVO,FRVO,Fervo Energy Company,Utilities,Utilities - Renewable,United States,NASDAQ,5209369646.0,18.16,46.58,44.34,4,36.4,1384,True,-57.27,22.95,,,,,,,,,,,126829914,80,2026-09-04,43.49,286859562.0
NYSE:BGSI,BGSI,Boyd Group Services Inc.,Consumer Cyclical,Auto & Truck Dealerships,Canada,NYSE,2517785890.0,90.47,46.59,44.98,4,36.5,1385,False,-50.26,9.53,-30.51,,,,,130.1944,,,,,5120500,211,2026-09-04,46.14,27830064.0
NASDAQ:DGXX,DGXX,Digi Power X Inc. - Common Subordinate Voting Shares,Utilities,Utilities - Independent Power Producers,United States,NASDAQ,369537581.0,3.75,46.59,45.27,4,36.5,1386,False,-55.67,98.41,-4.34,-2.56,31.4,58.29,79.6,3.9203,3.8484,2.854,2.3691,2.088,11515241,1255,2026-09-04,45.86,98543355.0
NYSE:FG,FG,"F&G Annuities & Life, Inc.",Financial Services,Insurance - Life,United States,NYSE,3317424150.0,25.04,46.59,44.68,4,36.5,1387,False,-26.32,23.48,-8.73,-10.75,-23.03,-25.91,,27.4352,28.057,32.5308,33.7947,,14251810,949,2026-09-04,45.26,132484990.0
NASDAQ:IESC,IESC,"IES Holdings, Inc.",Industrials,Engineering & Construction,United States,NASDAQ,6426848230.0,322.57,46.59,47.51,4,36.5,1388,False,-18.74,84.52,15.49,23.34,68.49,121.19,181.09,279.3106,261.5258,191.447,145.832,114.7586,99551612,1255,2026-09-04,44.07,19923887.0
NASDAQ:MPAA,MPAA,"Motorcar Parts of America, Inc.",Consumer Cyclical,Auto Parts,United States,NASDAQ,228713141.0,12.08,46.59,44.98,4,36.5,1389,False,-31.87,26.89,-1.53,-7.09,9.46,22.74,20.07,12.268,13.0023,11.0363,9.8417,10.0605,1589742,1255,2026-09-04,40.36,18933207.0
NASDAQ:ASYS,ASYS,"Amtech Systems, Inc.",Technology,Semiconductor Equipment & Materials,United States,NASDAQ,261387310.0,14.95,46.6,45.92,4,36.6,1390,True,-37.68,132.87,-2.25,7.77,58.13,81.04,75.27,15.2946,13.8723,9.4545,8.2579,8.5299,7078017,1255,2026-09-04,42.27,17484101.0
NASDAQ:INNV,INNV,InnovAge Holding Corp.,Healthcare,Medical Care Facilities,United States,NASDAQ,1459166225.0,10.75,46.6,49.64,4,36.6,1391,False,-11.23,183.64,30.25,41.77,83.01,88.73,81.36,8.253,7.5827,5.8741,5.696,5.9273,1990026,1255,2026-09-04,47.05,135736393.0
NASDAQ:RRGB,RRGB,"Red Robin Gourmet Burgers, Inc.",Consumer Cyclical,Restaurants,United States,NASDAQ,156692044.0,8.47,46.6,51.07,4,36.6,1392,True,-20.02,227.03,67.63,60.57,65.04,38.32,17.26,5.0528,5.2748,5.1322,6.1235,7.2231,4283917,1255,2026-09-04,43.57,18499651.0
NASDAQ:INMD,INMD,InMode Ltd.,Healthcare,Medical Devices,Israel,NASDAQ,857038311.0,14.91,46.61,49.34,4,36.6,1393,True,-10.29,16.85,3.75,2.79,-3.42,-14.59,-32.08,14.3714,14.5054,15.4376,17.4569,21.9507,6554324,1255,2026-09-04,43.67,57480772.0
NASDAQ:AVO,AVO,"Mission Produce, Inc.",Consumer Defensive,Food Distribution,United States,NASDAQ,1119895153.0,12.68,46.63,48.58,4,36.7,1394,True,-17.34,25.42,-1.15,0.01,2.95,8.67,5.91,12.8274,12.6789,12.3172,11.6683,11.972,6619263,1255,2026-09-04,44.05,88319807.0
NYSE:GL,GL,Globe Life Inc.,Financial Services,Insurance - Life,United States,NYSE,13531152499.0,174.27,46.63,48.37,4,36.7,1395,False,-6.32,34.5,13.47,16.14,30.23,41.2,45.57,153.5826,150.0545,133.821,123.4244,119.7147,81760834,1255,2026-09-04,51.24,77644761.0
NASDAQ:INTU,INTU,Intuit Inc.,Technology,Software - Application,United States,NASDAQ,91005759900.0,332.7,46.65,49.88,4,36.7,1396,False,-52.08,31.01,-21.66,-29.71,-40.65,-41.72,-37.51,424.6897,473.3256,560.5724,570.8485,532.396,1416611482,1255,2026-09-04,52.47,273537000.0
NYSE:ACEL,ACEL,"Accel Entertainment, Inc.",Consumer Cyclical,Gambling,United States,NYSE,966947652.0,11.88,46.67,46.43,4,36.8,1397,False,-11.41,23.62,1.87,3.73,4.3,6.7,11.21,11.662,11.4529,11.3903,11.134,10.6825,3444720,1255,2026-09-04,44.05,81392900.0
NYSE:MKL,MKL,Markel Group Inc.,Financial Services,Insurance - Property & Casualty,United States,NYSE,22632984078.0,1826.72,46.67,45.73,4,36.8,1398,False,-16.66,4.3,-6.74,-6.59,-2.85,4.24,11.22,1958.6875,1955.5436,1880.2889,1752.3782,1642.4508,109525747,1255,2026-09-04,50.35,12389958.0
NASDAQ:NERV,NERV,"Minerva Neurosciences, Inc",Healthcare,Biotechnology,United States,NASDAQ,206387981.0,4.43,46.68,47.78,4,36.8,1399,False,-45.11,118.23,-12.75,-4.87,32.02,15.85,5.28,5.0775,4.6567,3.3555,3.8239,4.208,1155444,1255,2026-09-04,51.65,46588709.0
NYSE:NET,NET,"Cloudflare, Inc.",Technology,Software - Infrastructure,United States,NYSE,89584873899.0,278.92,46.68,49.16,4,36.8,1400,False,-15.69,74.12,25.44,25.55,56.38,92.12,126.62,222.3461,222.1616,178.361,145.179,123.0799,1030718517,1255,2026-09-04,48.61,321184834.0
NYSE:GGT,GGT,"Gabelli Multi-Media Trust, Inc. (The)",Financial Services,Asset Management,United States,NYSE,169747110.0,4.06,46.69,48.99,4,36.9,1401,False,-2.85,22.92,5.65,7.92,14.61,17.12,19.58,3.8428,3.7622,3.5424,3.4664,3.3953,1668529,1255,2026-09-04,44.8,41809633.0
NASDAQ:VC,VC,Visteon Corporation,Consumer Cyclical,Auto Parts,United States,NASDAQ,2739874315.0,102.64,46.69,46.86,4,36.9,1402,False,-19.2,22.38,1.05,-1.44,5.41,-0.52,-8.61,101.5763,104.1419,97.3691,103.1753,112.3151,38214806,1255,2026-09-04,45.44,26694021.0
AMEX:RYDE,RYDE,Ryde Group Ltd.,Technology,Software - Application,Singapore,AMEX,107885325.0,0.719,46.7,47.66,4,36.9,1403,False,-51.74,223.87,8.3,16.1,1.02,,,0.6639,0.6193,0.7117,,,83653,628,2026-09-04,46.8,150049131.0
NASDAQ:STAA,STAA,STAAR Surgical Company,Healthcare,Medical Instruments & Supplies,United States,NASDAQ,1168535978.0,23.47,46.7,45.5,4,36.9,1404,False,-29.6,45.78,-2.36,-4.53,-1.36,-17.96,-36.8,24.038,24.5829,23.794,28.609,37.1366,21843541,1255,2026-09-04,47.41,49788495.0
NASDAQ:AXTI,AXTI,AXT Inc,Technology,Semiconductor Equipment & Materials,United States,NASDAQ,4032685062.0,61.64,46.71,47.31,4,37.0,1405,True,-56.23,1927.63,12.85,38.33,164.61,272.95,356.61,54.6191,44.5612,23.2951,16.5275,13.4994,690419933,1255,2026-09-04,41.91,65423184.0
NYSE:GRBK,GRBK,"Green Brick Partners, Inc.",Consumer Cyclical,Residential Construction,United States,NYSE,3057630379.0,71.09,46.73,47.99,4,37.0,1406,True,-11.79,16.05,2.1,2.38,5.68,13.06,26.75,69.6289,69.434,67.2668,62.8758,56.0866,22800051,1255,2026-09-04,45.32,43010696.0
NYSE:BAH,BAH,Booz Allen Hamilton Holding Corporation,Industrials,Consulting Services,United States,NYSE,8756746034.0,72.8,46.78,49.5,4,37.0,1407,False,-28.35,22.85,-6.31,-9.97,-28.52,-34.75,-32.18,77.705,80.8599,101.8531,111.5645,107.35,122327102,1255,2026-09-04,49.99,120284973.0
NYSE:HMN,HMN,Horace Mann Educators Corporation,Financial Services,Insurance - Property & Casualty,United States,NYSE,2057016902.0,50.94,46.78,48.79,4,37.0,1408,False,-5.88,23.69,10.18,11.2,20.5,32.2,39.8,46.2323,45.8079,42.2727,38.5312,36.4384,11808517,1255,2026-09-04,53.94,40381172.0
NASDAQ:PENG,PENG,"Penguin Solutions, Inc.",Technology,Information Technology Services,United States,NASDAQ,2652322100.0,51.76,46.78,46.96,4,37.0,1409,False,-36.4,218.72,41.37,52.29,93.03,108.74,122.29,36.6134,33.9876,26.8139,24.7968,23.2848,82882631,1255,2026-09-04,40.62,51242699.0
NASDAQ:QSI,QSI,Quantum-Si Incorporated,Healthcare,Medical Devices,United States,NASDAQ,151532160.0,0.766,46.81,46.43,4,37.1,1410,False,-70.87,9.12,-23.03,-33.13,-41.24,-44.75,-51.93,0.9952,1.1455,1.3037,1.3863,1.5936,2205038,1255,2026-09-04,46.03,197822663.0
NASDAQ:WTFC,WTFC,Wintrust Financial Corporation,Financial Services,Banks - Regional,United States,NASDAQ,10396228406.0,154.12,46.81,46.86,4,37.1,1411,False,-7.34,30.05,4.21,7.02,17.39,31.41,44.05,147.891,144.0088,131.2861,117.2805,106.9918,73015414,1255,2026-09-04,45.13,67455414.0
NYSE:UAMY,UAMY,United States Antimony Corporation,Basic Materials,Other Industrial Metals & Mining,United States,NYSE,770565234.0,5.2,46.82,45.66,4,37.2,1412,True,-70.23,20.65,-32.22,-33.37,5.23,53.11,96.68,7.6716,7.8038,4.9413,3.3963,2.6439,43038479,1255,2026-09-04,46.01,148185622.0
NYSE:UNH,UNH,UnitedHealth Group Incorporated Common Stock (DE),Healthcare,Healthcare Plans,United States,NYSE,360660468605.0,397.14,46.82,47.4,4,37.2,1413,False,-8.99,54.2,13.75,14.41,0.59,-6.96,-9.18,349.1392,347.1222,394.7948,426.8492,437.2911,1622935547,1255,2026-09-04,49.83,908144404.0
NASDAQ:ZKIN,ZKIN,"ZK International Group Co., Ltd",Basic Materials,Steel,China,NASDAQ,65336031.0,1.14,46.82,46.14,4,37.2,1414,False,-63.11,12.87,-25.61,-33.33,-25.98,-8.66,2.43,1.5326,1.7098,1.5402,1.248,1.1129,25934,1255,2026-09-04,46.82,57312308.0
NASDAQ:HQ,HQ,Horizon Quantum Holdings Ltd.,Technology,Software - Infrastructure,Singapore,NASDAQ,495330022.0,15.56,46.83,47.73,4,37.2,1415,False,-59.47,86.79,,,,,,,,,,,5063176,117,2026-09-04,47.56,31833549.0
NASDAQ:TTAN,TTAN,"ServiceTitan, Inc.",Technology,Software - Application,United States,NASDAQ,7275065686.0,87.92,46.83,50.99,4,37.2,1416,False,-26.5,59.02,12.14,5.77,,,,78.3988,83.1254,,,,105736262,433,2026-09-04,54.49,82746425.0
NASDAQ:HBAN,HBAN,Huntington Bancshares Incorporated,Financial Services,Banks - Regional,United States,NASDAQ,34407664487.0,17.03,46.86,47.44,4,37.3,1417,False,-9.92,15.51,1.4,2.42,7.21,18.3,25.67,16.7944,16.6281,15.8849,14.3959,13.5511,347853034,1255,2026-09-04,47.42,2020414826.0
NASDAQ:RIVN,RIVN,"Rivian Automotive, Inc.",Consumer Cyclical,Auto Manufacturers,United States,NASDAQ,22727743566.0,15.74,46.86,47.85,4,37.3,1418,False,-29.89,25.92,-3.38,-0.74,10.52,7.71,-4.5,16.2909,15.8571,14.2416,14.6138,16.4819,331203055,1209,2026-09-04,48.31,1443948130.0
NASDAQ:SIBN,SIBN,"SI-BONE, Inc.",Healthcare,Medical Devices,United States,NASDAQ,820461736.0,18.5,46.86,51.61,4,37.3,1419,False,-13.55,59.35,12.85,14.29,16.37,13.3,7.93,16.394,16.1862,15.8979,16.3279,17.1407,9899287,1255,2026-09-04,48.62,44349283.0
NYSE:WRB,WRB,W.R. Berkley Corporation,Financial Services,Insurance - Property & Casualty,United States,NYSE,25654950120.0,69.14,46.86,47.3,4,37.3,1420,False,-9.55,9.79,0.68,-0.56,4.73,15.18,25.66,68.6747,69.5303,66.0202,60.0252,55.0218,106391169,1255,2026-09-04,48.85,371058000.0
NYSE:LPL,LPL,"LG Display Co, Ltd AMERICAN DEPOSITORY SHARES",Technology,Consumer Electronics,South Korea,NYSE,3300000000.0,3.3,46.87,45.5,4,37.4,1421,True,-42.71,18.28,-20.31,-23.32,-14.96,-18.56,-25.4,4.1408,4.3037,3.8806,4.052,4.4238,8428733,1255,2026-09-04,43.72,1000000000.0
NASDAQ:SGRY,SGRY,"Surgery Partners, Inc.",Healthcare,Medical Care Facilities,United States,NASDAQ,1865039190.0,14.26,46.87,46.89,4,37.4,1422,False,-37.84,24.11,-3.34,-10.94,-29.38,-38.25,-44.12,14.7524,16.0111,20.1916,23.092,25.5194,38755785,1255,2026-09-04,45.92,130788162.0
NASDAQ:CRGO,CRGO,Freightos Limited,Industrials,Integrated Freight & Logistics,Spain,NASDAQ,66154877.0,1.28,46.88,46.81,4,37.4,1423,False,-68.78,11.3,-31.81,-41.92,-44.74,-46.18,-61.63,1.8772,2.2037,2.3165,2.3783,3.3355,663035,1204,2026-09-04,47.53,51683498.0
NYSE:KBDC,KBDC,"Kayne Anderson BDC, Inc.",Financial Services,Asset Management,United States,NYSE,892407527.0,13.45,46.89,47.26,4,37.5,1424,False,-9.38,11.58,-1.63,-0.46,-1.0,,,13.6722,13.5123,13.5863,,,5597659,574,2026-09-04,47.23,66350002.0
NYSE:PINE,PINE,"Alpine Income Property Trust, Inc.",Real Estate,REIT - Retail,United States,NYSE,324710532.0,19.65,46.89,47.29,4,37.5,1425,False,-9.66,56.29,5.45,11.38,21.01,27.75,30.95,18.6339,17.6426,16.2387,15.3813,15.006,1934910,1255,2026-09-04,41.93,16524709.0
NYSE:AROC,AROC,"Archrock, Inc.",Energy,Oil & Gas Equipment & Services,United States,NYSE,5729301573.0,32.69,46.91,45.02,4,37.5,1426,False,-21.56,44.66,-0.17,5.51,20.74,40.04,66.92,32.7456,30.9823,27.0755,23.3433,19.5839,56874769,1255,2026-09-04,45.94,175261596.0
NASDAQ:ANTA,ANTA,Antalpha Platform Holding Company,Financial Services,Credit Services,Singapore,NASDAQ,90293930.0,3.76,46.92,44.61,4,37.5,1427,True,-72.25,23.24,-49.39,-54.8,,,,7.4292,8.3189,,,,24860,331,2026-09-04,42.47,24014343.0
NASDAQ:GNTX,GNTX,Gentex Corporation,Consumer Cyclical,Auto Parts,United States,NASDAQ,4927705763.0,23.14,46.93,46.69,4,37.6,1428,True,-18.76,12.98,-0.55,-2.67,-5.84,-13.86,-13.5,23.2688,23.7749,24.574,26.8631,26.7509,55811107,1255,2026-09-04,42.67,212951848.0
NYSE:ROK,ROK,"Rockwell Automation, Inc.",Industrials,Specialty Industrial Machinery,United States,NYSE,48271753551.0,433.81,46.93,46.49,4,37.6,1429,False,-12.11,31.72,3.75,7.37,25.88,36.11,42.4,418.146,404.0383,344.6194,318.725,304.6508,289918005,1255,2026-09-04,42.81,111273953.0
NYSE:BOH,BOH,Bank of Hawaii Corporation,Financial Services,Banks - Regional,United States,NYSE,3045176067.0,77.19,46.94,46.34,4,37.7,1430,False,-9.27,34.0,3.41,6.93,12.89,21.92,26.84,74.6426,72.1855,68.3742,63.3098,60.8578,21586397,1255,2026-09-04,43.31,39450396.0
NYSE:BOOT,BOOT,"Boot Barn Holdings, Inc.",Consumer Cyclical,Apparel Retail,United States,NYSE,4672648581.0,154.29,46.94,47.29,4,37.7,1431,True,-25.81,14.15,-9.91,-10.9,-3.13,11.46,26.36,171.2681,173.1603,159.2827,138.4234,122.1003,91668773,1255,2026-09-04,38.03,30284844.0
NASDAQ:CCB,CCB,Coastal Financial Corporation,Financial Services,Banks - Regional,United States,NASDAQ,769077077.0,50.33,46.94,42.73,4,37.7,1432,False,-57.7,26.11,-38.42,-42.31,-40.76,-28.99,-20.91,81.7364,87.2434,84.9646,70.8785,63.6401,10310813,1255,2026-09-04,43.81,15280689.0
NYSE:OPLN,OPLN,"OPENLANE, Inc.",Consumer Cyclical,Auto & Truck Dealerships,United States,NYSE,3756848919.0,35.46,46.94,46.06,4,37.7,1433,False,-17.34,44.79,8.53,12.36,35.0,55.5,71.89,32.6736,31.5589,26.2675,22.8032,20.6294,55148106,1255,2026-09-04,43.09,105946106.0
NASDAQ:RILY,RILY,"BRC Group Holdings, Inc.",Financial Services,Financial Conglomerates,United States,NASDAQ,282568713.0,7.03,46.94,46.48,4,37.7,1434,False,-34.18,88.98,-3.13,1.24,22.2,-40.11,-60.53,7.2571,6.9441,5.7529,11.7377,17.8117,3684070,1255,2026-09-04,48.56,40194696.0
NASDAQ:PDYN,PDYN,Palladyne AI Corp.,Technology,Software - Infrastructure,United States,NASDAQ,269764525.0,5.71,46.96,47.75,4,37.8,1435,False,-44.56,37.59,-7.92,-13.42,-11.07,21.75,17.13,6.2009,6.5948,6.4207,4.6901,4.8748,5049942,1241,2026-09-04,46.23,47244225.0
NASDAQ:SEDG,SEDG,"SolarEdge Technologies, Inc.",Technology,Solar,Israel,NASDAQ,2079982508.0,34.2,46.96,44.29,4,37.8,1436,True,-56.44,20.13,-18.66,-16.44,15.18,-20.5,-66.04,42.0433,40.9293,29.6936,43.0214,100.7195,85861258,1255,2026-09-04,45.9,60818202.0
NASDAQ:ANGO,ANGO,"AngioDynamics, Inc.",Healthcare,Medical Instruments & Supplies,United States,NASDAQ,628252313.0,15.2,46.97,53.14,4,37.8,1437,False,-5.77,56.7,24.29,25.92,43.91,64.7,51.63,12.2296,12.0712,10.5621,9.2287,10.0242,5676422,1255,2026-09-04,52.07,41332389.0
NYSE:OTIS,OTIS,Otis Worldwide Corporation,Industrials,Specialty Industrial Machinery,United States,NYSE,27107463630.0,71.21,46.98,47.47,4,37.8,1438,False,-23.01,3.32,-9.98,-12.15,-18.54,-18.24,-15.42,79.1053,81.055,87.4118,87.0967,84.1918,234251385,1255,2026-09-04,48.41,380669339.0
NYSE:CBL,CBL,"CBL & Associates Properties, Inc.",Real Estate,REIT - Retail,United States,NYSE,1701342795.0,54.98,46.99,50.1,4,37.9,1439,False,-8.44,104.16,26.56,35.77,68.0,94.46,111.36,43.4401,40.4944,32.7262,28.2737,26.013,11364081,1215,2026-09-04,46.62,30944758.0
NYSE:NMG,NMG,Nouveau Monde Graphite Inc.,Basic Materials,Other Industrial Metals & Mining,Canada,NYSE,460760062.0,1.4,46.99,46.73,4,37.9,1440,True,-72.39,11.11,-32.78,-37.08,-28.48,-31.5,-46.66,2.0828,2.2251,1.9574,2.0438,2.6246,548411,1255,2026-09-04,45.05,329114330.0
NASDAQ:SLBT,SLBT,SL Science Holding Limited,Healthcare,Biotechnology,Taiwan,NASDAQ,1614988100.0,2.88,46.99,44.5,4,37.9,1441,False,-77.52,10.77,-63.19,-65.5,,,,7.8242,8.3472,,,,136911,398,2026-09-04,52.9,560759757.0
NASDAQ:MRAM,MRAM,"Everspin Technologies, Inc.",Technology,Semiconductors,United States,NASDAQ,383836835.0,16.37,47.01,46.76,4,37.9,1442,True,-62.8,151.46,5.46,14.83,61.99,74.83,85.73,15.5227,14.2562,10.1056,9.3636,8.8137,19023597,1255,2026-09-04,43.87,23447577.0
NYSE:BLND,BLND,"Blend Labs, Inc.",Technology,Software - Application,United States,NYSE,367844817.0,1.54,47.02,46.74,4,38.0,1443,True,-64.76,11.59,-23.13,-33.64,-48.91,-44.78,-37.54,2.0034,2.3207,3.0141,2.7888,2.4656,3511093,1255,2026-09-04,44.22,238860271.0
NYSE:CLDT,CLDT,Chatham Lodging Trust (REIT) Common Shares of Beneficial Interest,Real Estate,REIT - Hotel & Motel,United States,NYSE,608723109.0,13.04,47.02,50.18,4,38.0,1444,True,-5.44,116.43,37.47,47.19,60.37,57.17,50.31,9.4855,8.8591,8.131,8.2968,8.6753,3497270,1255,2026-09-04,45.92,46681220.0
NASDAQ:LZ,LZ,"LegalZoom.com, Inc.",Industrials,Specialty Business Services,United States,NASDAQ,1052200793.0,6.13,47.02,47.0,4,38.0,1445,False,-44.77,12.89,-15.57,-22.26,-24.72,-30.3,-32.49,7.2602,7.8856,8.1431,8.7953,9.0804,15669956,1255,2026-09-04,51.9,171647764.0
NASDAQ:CBRL,CBRL,"Cracker Barrel Old Country Store, Inc.",Consumer Cyclical,Restaurants,United States,NASDAQ,1222401347.0,54.69,47.04,51.27,4,38.0,1446,True,-7.37,123.04,48.99,46.85,25.87,13.62,-6.63,36.7066,37.2412,43.45,48.134,58.5745,42546722,1255,2026-09-04,44.6,22351460.0
NASDAQ:ALLO,ALLO,"Allogene Therapeutics, Inc.",Healthcare,Biotechnology,United States,NASDAQ,679954485.0,1.97,47.05,48.36,4,38.1,1447,False,-35.62,87.62,0.17,8.66,7.95,-14.15,-44.0,1.9666,1.8129,1.8249,2.2948,3.5181,10094948,1255,2026-09-04,47.67,345154561.0
NYSE:CE,CE,Celanese Corporation,Basic Materials,Chemicals,United States,NYSE,4898625617.0,44.67,47.05,46.35,4,38.1,1448,False,-35.44,25.94,-11.85,-8.52,-25.26,-48.1,-50.79,50.6745,48.8289,59.7636,86.077,90.7741,59060548,1255,2026-09-04,49.05,109662539.0
NYSE:BXP,BXP,"BXP, Inc.",Real Estate,REIT - Office,United States,NYSE,10795024597.0,67.69,47.06,49.24,4,38.1,1449,False,-10.42,34.83,8.13,5.34,2.71,8.22,12.42,62.5993,64.2586,65.9029,62.5496,60.2106,79081779,1255,2026-09-04,49.04,159477391.0
NYSE:MEI,MEI,"Methode Electronics, Inc.",Technology,Electronic Components,United States,NYSE,556552636.0,15.69,47.06,49.52,4,38.1,1450,True,-18.94,213.93,53.97,63.92,72.76,39.62,-10.26,10.1902,9.5718,9.0822,11.2373,17.483,12717910,1255,2026-09-04,45.16,35471806.0
NYSE:NLY,NLY,Annaly Capital Management Inc.,Real Estate,REIT - Mortgage,United States,NYSE,17192226422.0,22.81,47.06,50.0,4,38.1,1451,False,-3.92,25.05,5.69,8.3,21.83,33.61,42.62,21.5823,21.0628,18.7235,17.0723,15.9934,134368048,1255,2026-09-04,47.49,753714442.0
NASDAQ:APOG,APOG,"Apogee Enterprises, Inc.",Industrials,Building Products & Equipment,United States,NASDAQ,834105711.0,39.97,47.08,48.17,4,38.2,1452,False,-17.73,27.82,6.24,5.53,-12.06,-16.43,-13.33,37.624,37.8764,45.4521,47.8292,46.1162,7555408,1255,2026-09-04,34.68,20868294.0
NASDAQ:CMTV,CMTV,Community Bancorp.,Financial Services,Banks - Regional,United States,NASDAQ,223850246.0,39.96,47.08,49.0,4,38.2,1453,False,-5.31,88.24,16.87,26.15,64.39,89.41,102.13,34.1926,31.677,24.3077,21.0975,19.7695,1410651,1255,2026-09-04,54.38,5601858.0
NYSE:MAS,MAS,Masco Corporation,Industrials,Building Products & Equipment,United States,NYSE,14335526161.0,72.7,47.08,47.5,4,38.2,1454,False,-11.78,25.2,5.33,5.93,4.41,7.22,15.38,69.0189,68.6323,69.6323,67.8029,63.0078,134533753,1255,2026-09-04,42.23,197187430.0
NASDAQ:ROIV,ROIV,Roivant Sciences Ltd.,Healthcare,Biotechnology,United Kingdom,NASDAQ,25233651116.0,34.93,47.08,49.89,4,38.2,1455,False,-7.05,170.57,22.6,33.75,86.68,117.83,149.93,28.49,26.1168,18.7112,16.0354,13.9759,269919304,1255,2026-09-04,43.2,722406273.0
NASDAQ:LNZA,LNZA,"LanzaTech Global, Inc.",Industrials,Waste Management,United States,NASDAQ,80105678.0,6.12,47.09,45.5,4,38.3,1456,False,-85.22,17.69,-50.24,-57.34,-87.47,-95.9,-97.88,12.2998,14.3474,48.8512,149.3525,288.7397,385799,1242,2026-09-04,49.42,13089163.0
NASDAQ:RUSHA,RUSHA,"Rush Enterprises, Inc.",Consumer Cyclical,Auto & Truck Dealerships,United States,NASDAQ,3109805752.0,50.95,47.09,48.86,4,38.3,1457,False,-7.65,65.21,12.13,17.96,28.84,41.33,55.54,45.4373,43.1929,39.5463,36.0499,32.7566,30313903,1255,2026-09-04,42.54,61036423.0
NASDAQ:SIGI,SIGI,"Selective Insurance Group, Inc.",Financial Services,Insurance - Property & Casualty,United States,NASDAQ,5494524000.0,92.19,47.09,48.1,4,38.3,1458,False,-7.53,27.05,7.95,9.96,8.47,4.48,4.2,85.4045,83.8404,84.9896,88.2391,88.4732,30166324,1255,2026-09-04,51.4,59600000.0
NASDAQ:ACAD,ACAD,ACADIA Pharmaceuticals Inc.,Healthcare,Biotechnology,United States,NASDAQ,4798029077.0,28.02,47.1,51.82,4,38.4,1459,True,-8.34,39.68,14.53,16.46,31.38,31.94,33.38,24.4655,24.0602,21.3281,21.2373,21.0073,43341103,1255,2026-09-04,45.8,171235870.0
NYSE:PNFP,PNFP,"Pinnacle Financial Partners, Inc.",Financial Services,Banks - Regional,United States,NYSE,15252510000.0,101.01,47.1,48.67,4,38.4,1460,False,-6.92,24.24,5.42,6.9,1.28,9.52,17.93,95.8165,94.4867,99.735,92.2258,85.6539,90104818,1255,2026-09-04,48.11,151000000.0
NASDAQ:SAIA,SAIA,"Saia, Inc.",Industrials,Trucking,United States,NASDAQ,9547924221.0,357.94,47.1,44.65,4,38.4,1461,False,-26.52,42.9,-7.03,-2.47,-5.17,-11.02,-3.44,384.9973,366.9895,377.4346,402.2854,370.6877,152194416,1255,2026-09-04,40.84,26674650.0
NYSE:MHO,MHO,"M/I Homes, Inc.",Consumer Cyclical,Residential Construction,United States,NYSE,3793989560.0,148.26,47.11,48.95,4,38.5,1462,False,-9.04,25.98,7.75,7.59,9.7,14.12,31.42,137.5919,137.7957,135.1535,129.9129,112.8148,28120411,1255,2026-09-04,45.67,25590109.0
NYSE:BANC,BANC,"Banc of California, Inc.",Financial Services,Banks - Regional,United States,NYSE,2988512365.0,18.92,47.14,46.5,4,38.5,1463,True,-13.33,23.83,-0.82,1.96,14.93,24.96,28.92,19.0758,18.5568,16.4626,15.1407,14.6753,39996834,1255,2026-09-04,44.74,157955199.0
NYSE:RDDT,RDDT,"Reddit, Inc.",Communication Services,Internet Content & Information,United States,NYSE,21928013063.0,154.46,47.14,46.99,4,38.5,1464,False,-42.94,26.77,-11.51,-15.84,-3.78,,,174.5446,183.5211,160.5207,,,1115772971,617,2026-09-04,48.08,141965642.0
NYSE:CARS,CARS,Cars.com Inc.,Communication Services,Internet Content & Information,United States,NYSE,627938735.0,11.73,47.15,49.72,4,38.5,1465,False,-14.94,54.75,7.72,5.98,-8.17,-19.38,-22.22,10.889,11.0683,12.773,14.55,15.0805,6329522,1255,2026-09-04,48.05,53532714.0
NASDAQ:ASTS,ASTS,"AST SpaceMobile, Inc.",Technology,Communication Equipment,United States,NASDAQ,18614887125.0,62.31,47.16,46.49,4,38.6,1466,True,-53.18,68.82,-23.46,-19.97,14.84,61.71,105.42,81.4044,77.8591,54.2576,38.5326,30.3329,661404495,1255,2026-09-04,46.9,298746383.0
NASDAQ:XRAY,XRAY,DENTSPLY SIRONA Inc.,Healthcare,Medical Instruments & Supplies,United States,NASDAQ,2279717653.0,11.38,47.16,47.18,4,38.6,1467,False,-22.48,18.05,-2.86,-4.04,-21.79,-40.85,-49.69,11.7152,11.8586,14.5508,19.2381,22.6196,42900609,1255,2026-09-04,47.89,200326683.0
NYSE:AMBP,AMBP,Ardagh Metal Packaging S.A.,Consumer Cyclical,Packaging & Containers,Luxembourg,NYSE,2994508633.0,5.01,47.18,51.61,4,38.7,1468,False,-6.53,58.37,17.45,21.9,38.48,49.6,52.47,4.2658,4.1099,3.6177,3.3489,3.2859,8559889,1255,2026-09-04,52.02,597706314.0
NYSE:KWR,KWR,Quaker Houghton,Basic Materials,Specialty Chemicals,United States,NYSE,2779043873.0,161.5,47.18,50.6,4,38.7,1469,True,-9.91,41.77,10.53,12.63,17.0,7.46,3.22,146.1104,143.3899,138.0355,150.2912,156.4646,25583966,1255,2026-09-04,44.89,17207702.0
NASDAQ:LGND,LGND,Ligand Pharmaceuticals Incorporated,Healthcare,Biotechnology,United States,NASDAQ,5723727022.0,285.6,47.18,49.04,4,38.7,1470,False,-11.47,72.66,22.9,28.65,69.11,107.5,137.29,232.3929,222.0033,168.8824,137.6413,120.3578,58285569,1255,2026-09-04,51.08,20041061.0
NASDAQ:OLMA,OLMA,"Olema Pharmaceuticals, Inc.",Healthcare,Biotechnology,United States,NASDAQ,938985313.0,10.75,47.18,46.32,4,38.7,1471,True,-70.0,44.49,-39.41,-32.46,-5.11,-8.2,6.95,17.742,15.9163,11.3292,11.7107,10.0512,10386706,1255,2026-09-04,46.88,87347471.0
NYSE:AOS,AOS,A.O. Smith Corporation,Industrials,Specialty Industrial Machinery,United States,NYSE,6655655503.0,60.48,47.19,48.38,4,38.7,1472,False,-23.96,9.08,-6.32,-7.45,-9.7,-13.52,-10.21,64.5572,65.345,66.9733,69.9331,67.3536,76380309,1255,2026-09-04,47.38,110047214.0
NYSE:SFBS,SFBS,"ServisFirst Bancshares, Inc.",Financial Services,Banks - Regional,United States,NYSE,2357961222.0,43.13,47.19,48.9,4,38.7,1473,False,-5.76,29.22,8.42,9.35,8.18,18.4,24.3,39.7798,39.441,39.8671,36.4262,34.6987,19500285,1255,2026-09-04,41.69,54671023.0
NASDAQ:CHDN,CHDN,"Churchill Downs, Incorporated",Consumer Cyclical,Gambling,United States,NASDAQ,6068800158.0,87.07,47.2,48.46,4,38.8,1474,False,-25.95,6.0,-7.44,-7.88,-17.77,-22.41,-23.46,94.0725,94.5163,105.8827,112.2153,113.7557,76666091,1255,2026-09-04,54.26,69700243.0
NYSE:NVR,NVR,"NVR, Inc.",Consumer Cyclical,Residential Construction,United States,NYSE,16869284292.0,6298.8501,47.2,48.03,4,38.8,1475,False,-26.27,13.21,-7.48,-10.06,-16.4,-15.28,-8.44,6808.2588,7003.28,7534.3699,7435.111,6879.6906,203610991,1255,2026-09-04,51.03,2678153.0
NASDAQ:WAFD,WAFD,"WaFd, Inc.",Financial Services,Banks - Regional,United States,NASDAQ,2684535028.0,36.3,47.2,47.87,4,38.8,1476,False,-7.0,34.66,7.24,10.41,16.05,22.37,24.23,33.8478,32.8778,31.2785,29.6653,29.2203,16178958,1255,2026-09-04,41.98,73954133.0
NYSE:VMI,VMI,"Valmont Industries, Inc.",Industrials,Conglomerates,United States,NYSE,9294516933.0,481.46,47.21,45.83,4,38.9,1477,False,-17.39,32.92,3.03,6.5,24.86,43.57,48.66,467.2952,452.0669,385.5884,335.3466,323.8573,78186106,1255,2026-09-04,43.11,19304858.0
NYSE:GFR,GFR,Greenfire Resources Ltd.,Energy,Oil & Gas E&P,Canada,NYSE,772642640.0,6.16,47.22,48.86,4,38.9,1478,False,-13.24,42.26,6.69,10.59,7.79,4.42,-11.87,5.7738,5.57,5.7146,5.8993,6.99,5303448,1187,2026-09-04,48.22,125429000.0
NASDAQ:GSHD,GSHD,"Goosehead Insurance, Inc.",Financial Services,Insurance Brokers,United States,NASDAQ,1552180914.0,65.21,47.22,52.5,4,38.9,1479,False,-22.72,89.73,17.26,10.35,-19.07,-14.28,-4.93,55.6106,59.0961,80.5741,76.0733,68.5909,18966016,1255,2026-09-04,51.63,23802805.0
NASDAQ:MAT,MAT,"Mattel, Inc.",Consumer Cyclical,Leisure,United States,NASDAQ,4221967570.0,14.53,47.22,48.73,4,38.9,1480,True,-34.43,11.34,-12.12,-13.82,-18.48,-20.18,-21.09,16.533,16.8608,17.8238,18.2033,18.4125,47166779,1255,2026-09-04,43.15,290569000.0
NYSE:PSN,PSN,Parsons Corporation,Technology,Information Technology Services,United States,NYSE,5081800647.0,47.58,47.22,46.51,4,38.9,1481,False,-46.71,18.01,-19.17,-25.38,-34.35,-34.2,-27.59,58.8674,63.7635,72.4758,72.314,65.7078,48876693,1255,2026-09-04,43.28,106805394.0
NYSE:ECL,ECL,Ecolab Inc.,Basic Materials,Specialty Chemicals,United States,NYSE,78599865559.0,279.28,47.23,50.07,4,39.0,1482,True,-8.94,13.96,2.69,3.13,6.91,15.03,26.2,271.9697,270.8079,261.2211,242.792,221.295,395688839,1255,2026-09-04,46.74,281437502.0
NASDAQ:CING,CING,Cingulate Inc.,Healthcare,Biotechnology,United States,NASDAQ,68692084.0,5.1,47.24,49.38,4,39.0,1483,False,-56.26,53.15,-3.42,2.43,8.53,-72.47,-93.16,5.2805,4.9792,4.6992,18.5252,74.5096,766883,1190,2026-09-04,50.84,13469036.0
NASDAQ:GDEV,GDEV,GDEV Inc.,Communication Services,Electronic Gaming & Multimedia,Cyprus,NASDAQ,206915575.0,11.4,47.26,46.16,4,39.0,1484,True,-68.51,7.29,-23.55,-31.7,-32.53,-37.2,-57.19,14.9117,16.6907,16.8976,18.1532,26.63,40575,1255,2026-09-04,46.63,18150489.0
NASDAQ:BLBD,BLBD,Blue Bird Corporation,Industrials,Farm & Heavy Construction Machinery,United States,NASDAQ,2013672458.0,63.63,47.27,45.1,4,39.1,1485,False,-21.93,36.57,3.14,5.47,24.71,39.92,66.26,61.69,60.3273,51.0207,45.4749,38.2705,39206020,1255,2026-09-04,47.34,31646589.0
NYSE:CWK,CWK,Cushman & Wakefield Ltd.,Real Estate,Real Estate Services,United States,NYSE,3200544898.0,13.66,47.27,48.77,4,39.1,1486,False,-20.58,15.76,-3.47,-5.97,1.86,11.41,14.31,14.1517,14.5274,13.4106,12.2612,11.9504,23140546,1255,2026-09-04,45.05,234300505.0
NYSE:AXS,AXS,Axis Capital Holdings Limited,Financial Services,Insurance - Specialty,Bermuda,NYSE,7379813301.0,101.14,47.28,46.19,4,39.1,1487,False,-15.2,15.58,-1.25,0.25,5.6,20.39,33.36,102.4249,100.8901,95.7799,84.0112,75.8414,55010868,1255,2026-09-04,48.2,72966317.0
NASDAQ:AZTA,AZTA,"Azenta, Inc.",Healthcare,Medical Instruments & Supplies,United States,NASDAQ,1444087549.0,31.33,47.28,51.9,4,39.1,1488,True,-23.6,95.57,10.67,8.87,-7.54,-24.11,-27.31,28.3104,28.7762,33.8856,41.2813,43.0995,25124356,1255,2026-09-04,46.51,46092804.0
NYSE:ESI,ESI,Element Solutions Inc.,Basic Materials,Specialty Chemicals,United States,NYSE,8775309813.0,36.01,47.29,46.04,4,39.2,1489,False,-26.48,58.13,2.91,8.73,25.66,35.52,47.42,34.9926,33.1195,28.6573,26.5715,24.4275,159054916,1255,2026-09-04,41.61,243690914.0
NASDAQ:SSYS,SSYS,"Stratasys, Ltd.",Technology,Computer Hardware,United States,NASDAQ,694512000.0,8.0,47.29,46.8,4,39.2,1490,False,-35.69,7.82,-10.88,-14.29,-15.88,-19.85,-28.74,8.9764,9.3339,9.5103,9.9813,11.2269,7126641,1255,2026-09-04,41.66,86814000.0
NASDAQ:TLRY,TLRY,"Tilray Brands, Inc.",Healthcare,Drug Manufacturers - Specialty & Generic,Canada,NASDAQ,555555375.0,4.5,47.29,47.53,4,39.2,1491,False,-78.57,15.98,-32.15,-44.54,-50.19,-64.32,-72.48,6.632,8.1147,9.0339,12.6126,16.3539,16455629,1255,2026-09-04,48.36,123456750.0
NYSE:VLTO,VLTO,Veralto Corp,Industrials,Pollution & Treatment Controls,United States,NYSE,23479736961.0,96.31,47.29,51.35,4,39.2,1492,False,-11.25,17.3,3.29,1.13,-2.21,,,93.2423,95.2327,98.4885,,,143280113,733,2026-09-04,54.0,243793344.0
NYSE:E,E,ENI S.p.A.,Energy,Oil & Gas Integrated,Italy,NYSE,77624379432.0,53.58,47.3,49.9,4,39.3,1493,False,-6.57,61.08,12.27,18.84,44.77,57.04,70.32,47.7221,45.0857,37.0109,34.1182,31.4591,19606013,1255,2026-09-04,54.8,1448756615.0
NASDAQ:FATN,FATN,"FatPipe, Inc.",Technology,Software - Infrastructure,United States,NASDAQ,82329497.0,5.87,47.32,50.05,4,39.3,1494,False,-33.97,304.83,62.46,48.99,,,,3.6132,3.94,,,,450114,355,2026-09-04,49.96,14025468.0
NYSE:ST,ST,Sensata Technologies Holding plc,Technology,Scientific & Technical Instruments,United States,NYSE,6269684935.0,43.08,47.32,46.31,4,39.3,1495,True,-19.34,52.3,7.51,12.88,28.55,26.43,19.79,40.0694,38.1658,33.5127,34.0739,35.9644,56456467,1255,2026-09-04,40.94,145535862.0
NASDAQ:BLLN,BLLN,"BillionToOne, Inc.",Healthcare,Diagnostics & Research,United States,NASDAQ,4119003271.0,99.39,47.33,46.69,4,39.4,1496,False,-33.73,55.22,4.36,,,,,95.2387,,,,,57825337,208,2026-09-04,47.44,41442834.0
NASDAQ:GUTS,GUTS,"Fractyl Health, Inc.",Healthcare,Biotechnology,United States,NASDAQ,110578327.0,0.697,47.33,47.6,4,39.4,1497,True,-70.59,77.35,-28.14,-31.72,-51.38,,,0.97,1.0208,1.4336,,,1149402,650,2026-09-04,45.92,158648963.0
NYSE:IIPR,IIPR,"Innovative Industrial Properties, Inc.",Real Estate,REIT - Industrial,United States,NYSE,1658534706.0,57.2,47.33,46.92,4,39.4,1498,True,-11.55,42.87,9.64,11.6,-0.6,-9.13,-8.09,52.1722,51.2534,57.5473,62.949,62.2381,17753145,1255,2026-09-04,44.58,28995362.0
NASDAQ:CSGP,CSGP,"CoStar Group, Inc.",Real Estate,Real Estate Services,United States,NASDAQ,12524657445.0,30.91,47.36,48.66,4,39.5,1499,False,-65.45,13.89,-29.31,-39.27,-52.35,-56.22,-57.24,43.7266,50.9004,64.8704,70.6064,72.288,211571566,1255,2026-09-04,51.45,405197588.0
NASDAQ:JAZZ,JAZZ,Jazz Pharmaceuticals plc,Healthcare,Biotechnology,Ireland,NASDAQ,15504018767.0,246.81,47.36,49.37,4,39.5,1500,False,-5.66,97.1,20.1,29.29,59.99,73.29,73.62,205.5115,190.8945,154.2673,142.424,142.1572,259945001,1255,2026-09-04,48.07,62817628.0
AMEX:SLSR,SLSR,Solaris Resources Inc.,Basic Materials,Other Precious Metals & Mining,Switzerland,AMEX,1359667570.0,8.14,47.36,48.31,4,39.5,1501,False,-26.86,60.24,-7.95,-1.46,36.63,60.71,64.83,8.8434,8.2606,5.9579,5.065,4.9383,1331466,1255,2026-09-04,49.31,167035328.0
NYSE:MSGS,MSGS,Madison Square Garden Sports Corp. Class A Common Stock (New),Communication Services,Entertainment,United States,NYSE,7645844144.0,391.16,47.37,49.27,4,39.6,1502,False,-5.54,99.59,19.02,27.8,52.68,68.49,79.17,328.6516,306.0699,256.1991,232.1528,218.32,98966452,1255,2026-09-04,43.82,19546590.0
NYSE:PPG,PPG,"PPG Industries, Inc.",Basic Materials,Specialty Chemicals,United States,NYSE,25015419000.0,112.53,47.37,47.81,4,39.6,1503,True,-12.87,21.65,2.16,4.1,2.32,-2.51,-3.76,110.1491,108.0948,109.9814,115.4291,116.931,141541628,1255,2026-09-04,42.27,222300000.0
NYSE:PUK,PUK,Prudential Public Limited Company,Financial Services,Insurance - Life,Hong Kong,NYSE,34514981830.0,27.75,47.37,47.62,4,39.6,1504,False,-16.34,11.09,-5.52,-4.19,14.46,23.03,20.08,29.3719,28.9628,24.2453,22.5557,23.1092,28578223,1255,2026-09-04,53.15,1243783129.0
NYSE:TRTX,TRTX,"TPG RE Finance Trust, Inc.",Real Estate,REIT - Mortgage,United States,NYSE,605707481.0,7.89,47.37,45.5,4,39.6,1505,False,-10.12,6.87,-3.29,-3.2,3.43,13.83,22.85,8.158,8.1506,7.6285,6.9312,6.4225,6297304,1255,2026-09-04,44.75,76769009.0
NYSE:ACRE,ACRE,Ares Commercial Real Estate Corporation,Real Estate,REIT - Mortgage,United States,NYSE,253548686.0,4.57,47.38,48.49,4,39.6,1506,False,-14.59,14.57,-2.55,-0.44,0.48,-9.15,-15.92,4.6895,4.5903,4.5481,5.0302,5.4353,1342266,1255,2026-09-04,46.11,55481113.0
NASDAQ:GRSD,GRSD,Grandstand Limited,Consumer Cyclical,Gambling,Jersey,NASDAQ,66967731.0,1.9,47.38,46.06,4,39.6,1507,False,-77.62,14.46,-46.98,-56.91,-76.9,-78.39,-78.96,3.5837,4.4098,8.2255,8.7928,9.03,676833,1255,2026-09-04,47.93,35246174.0
NASDAQ:ODD,ODD,ODDITY Tech Ltd.,Consumer Defensive,Household & Personal Products,Israel,NASDAQ,475441368.0,13.75,47.38,47.94,4,39.6,1508,False,-78.41,40.16,-36.42,-51.01,-65.4,-64.87,,21.6262,28.0655,39.738,39.1455,,10846572,787,2026-09-04,50.13,34577554.0
NYSE:ABT,ABT,Abbott Laboratories,Healthcare,Medical Devices,United States,NYSE,188690618973.0,108.33,47.4,52.73,4,39.7,1509,False,-18.87,32.15,2.96,-1.4,-6.2,-2.1,0.76,105.2174,109.8632,115.4948,110.653,107.51,836284278,1255,2026-09-04,48.6,1741813154.0
NYSE:BMI,BMI,"Badger Meter, Inc.",Technology,Scientific & Technical Instruments,United States,NYSE,3840467359.0,132.49,47.4,48.17,4,39.7,1510,False,-28.66,17.59,-9.56,-13.4,-27.23,-24.63,-18.28,146.4871,152.9919,182.0578,175.7808,162.1301,39897250,1255,2026-09-04,52.9,28986847.0
NASDAQ:TLSA,TLSA,Tiziana Life Sciences Ltd,Healthcare,Biotechnology,United Kingdom,NASDAQ,129804314.0,1.02,47.4,46.9,4,39.7,1511,False,-55.46,14.61,-23.54,-29.6,-23.29,-9.14,-0.13,1.334,1.4488,1.3297,1.1226,1.0213,1012189,1255,2026-09-04,41.6,127259131.0
NASDAQ:AHCO,AHCO,AdaptHealth Corp.,Healthcare,Medical Devices,United States,NASDAQ,882991446.0,6.49,47.41,41.96,4,39.8,1512,False,-51.49,24.33,-34.97,-33.93,-33.57,-32.29,-42.61,9.9807,9.8237,9.7699,9.5844,11.3095,17547582,1255,2026-09-04,46.32,136054152.0
NYSE:CSL,CSL,Carlisle Companies Incorporated,Industrials,Building Products & Equipment,United States,NYSE,13984934795.0,352.14,47.41,48.45,4,39.8,1513,False,-15.1,20.35,0.82,1.95,-3.57,-0.89,7.83,349.266,345.4128,365.1784,355.3169,326.5843,212919611,1255,2026-09-04,43.22,39714133.0
NASDAQ:PLPC,PLPC,Preformed Line Products Company,Industrials,Electrical Equipment & Parts,United States,NASDAQ,1947902913.0,398.45,47.41,49.83,4,39.8,1514,False,-17.12,114.41,29.02,38.33,86.38,114.33,137.41,308.8247,288.0332,213.7783,185.9047,167.8322,38053767,1255,2026-09-04,45.48,4888701.0
NYSE:UMH,UMH,"UMH Properties, Inc.",Real Estate,REIT - Residential,United States,NYSE,1358400810.0,15.95,47.41,51.44,4,39.8,1515,False,-4.26,19.68,5.55,7.3,1.96,6.66,9.38,15.1118,14.8647,15.6433,14.9546,14.582,12177405,1255,2026-09-04,47.41,85166195.0
NASDAQ:AGNC,AGNC,AGNC Investment Corp.,Real Estate,REIT - Mortgage,United States,NASDAQ,12397976747.0,10.65,47.42,49.77,4,39.9,1516,False,-4.74,25.46,4.55,7.34,20.51,31.58,40.81,10.187,9.9215,8.8376,8.0942,7.5632,156829874,1255,2026-09-04,47.86,1164129272.0
NYSE:GIL,GIL,"Gildan Activewear, Inc. Class A Sub. Vot.",Consumer Cyclical,Apparel Manufacturing,Canada,NYSE,9889244683.0,53.4,47.42,47.79,4,39.9,1517,False,-25.45,8.13,-8.87,-8.44,0.96,15.12,27.54,58.5959,58.3221,52.8939,46.3858,41.8678,53189176,1255,2026-09-04,48.46,185191848.0
NYSE:AUB,AUB,Atlantic Union Bankshares Corporation,Financial Services,Banks - Regional,United States,NYSE,5806117590.0,40.91,47.43,48.77,4,40.0,1518,False,-4.89,34.44,8.25,11.1,17.9,23.28,27.97,37.7907,36.8212,34.6986,33.1856,31.9682,36524547,1255,2026-09-04,46.03,141924165.0
NYSE:OKLO,OKLO,Oklo Inc.,Utilities,Utilities - Independent Power Producers,United States,NYSE,7180608033.0,41.27,47.43,46.17,4,40.0,1519,False,-76.3,12.02,-36.36,-46.09,-26.37,1.21,24.64,64.8494,76.5494,56.0483,40.7785,33.1124,389473405,1255,2026-09-04,44.23,173990987.0
NASDAQ:AEP,AEP,"American Electric Power Company, Inc.",Utilities,Utilities - Regulated Electric,United States,NASDAQ,67777470324.0,124.5,47.44,45.82,4,40.0,1520,False,-9.55,20.6,-0.6,1.68,13.2,25.76,32.48,125.2464,122.447,109.9867,98.9971,93.9736,389898484,1255,2026-09-04,48.25,544397352.0
NASDAQ:KLAC,KLAC,KLA Corporation,Technology,Semiconductor Equipment & Materials,United States,NASDAQ,242444678976.0,185.6,47.44,46.32,4,40.0,1521,False,-38.41,106.17,8.43,17.19,59.41,87.74,121.52,171.1708,158.3779,116.428,98.8595,83.7838,1702065669,1255,2026-09-04,35.64,1306275210.0
NASDAQ:LOCO,LOCO,"El Pollo Loco Holdings, Inc.",Consumer Cyclical,Restaurants,United States,NASDAQ,468097930.0,15.37,47.44,47.95,5,40.0,1522,True,-10.64,69.65,15.4,21.84,28.29,37.03,40.79,13.3185,12.6148,11.981,11.2168,10.9169,3755229,1255,2026-09-04,41.43,30455298.0
NYSE:LEU,LEU,Centrus Energy Corp.,Energy,Uranium,United States,NYSE,3295840461.0,173.89,47.45,48.48,5,40.1,1523,True,-60.12,18.61,-17.43,-25.13,2.46,35.07,64.3,210.5998,232.2473,169.7112,128.744,105.8378,103223912,1255,2026-09-04,45.42,18953594.0
NASDAQ:MDWD,MDWD,MediWound Ltd.,Healthcare,Biotechnology,Israel,NASDAQ,170806469.0,13.29,47.45,45.14,5,40.1,1524,False,-32.5,5.39,-18.21,-19.98,-23.39,-17.57,-10.4,16.2487,16.6087,17.3474,16.1227,14.8319,1266617,1255,2026-09-04,45.98,12852255.0
NYSE:CB,CB,Chubb Limited,Financial Services,Insurance - Property & Casualty,Switzerland,NYSE,131785373836.0,341.59,47.48,48.58,5,40.1,1525,False,-6.03,28.14,5.01,8.19,14.88,23.27,33.26,325.2909,315.7281,297.352,277.1005,256.3397,574680474,1255,2026-09-04,55.13,385799859.0
NASDAQ:USAR,USAR,"USA Rare Earth, Inc.",Basic Materials,Other Industrial Metals & Mining,United States,NASDAQ,4308658811.0,17.61,47.48,47.71,5,40.1,1526,False,-54.47,47.98,-8.47,-9.77,13.28,27.24,,19.2386,19.5168,15.5454,13.8399,,241023361,789,2026-09-04,47.88,244671142.0
NYSE:MITT,MITT,"TPG Mortgage Investment Trust, Inc.",Real Estate,REIT - Mortgage,United States,NYSE,216263630.0,6.8,47.49,44.8,5,40.2,1527,False,-21.35,7.59,-9.83,-7.9,1.03,12.22,23.49,7.5413,7.3834,6.7308,6.0593,5.5063,2082959,1255,2026-09-04,45.88,31803475.0
NASDAQ:CLOV,CLOV,"Clover Health Investments, Corp.",Healthcare,Healthcare Plans,United States,NASDAQ,1833774788.0,4.255,47.51,48.35,5,40.2,1528,False,-21.35,150.29,35.53,37.04,30.76,66.76,91.63,3.1394,3.105,3.254,2.5515,2.2204,15403175,1255,2026-09-04,47.51,430969398.0
NYSE:ROG,ROG,Rogers Corporation,Technology,Electronic Components,United States,NYSE,2283930580.0,127.82,47.53,47.04,5,40.2,1529,False,-23.5,69.16,8.11,15.24,31.01,21.26,6.91,118.2301,110.9185,97.5667,105.4083,119.5615,24323648,1255,2026-09-04,45.47,17868335.0
NASDAQ:CHRN,CHRN,ChronoScale Holdings Corporation,Technology,Information Technology Services,United States,NASDAQ,2942052354.0,20.26,47.55,48.56,5,40.3,1530,False,-31.62,428.98,48.87,71.84,100.24,49.78,29.34,13.609,11.7901,10.1178,13.5264,15.6644,3554164,1255,2026-09-04,46.86,145214825.0
NYSE:AMCR,AMCR,Amcor plc,Consumer Cyclical,Packaging & Containers,Switzerland,NYSE,20874907904.0,45.15,47.56,51.01,5,40.3,1531,False,-6.74,26.91,8.73,10.06,3.55,4.18,2.24,41.5242,41.0242,43.6032,43.3373,44.1601,171336320,1255,2026-09-04,48.1,462345690.0
NASDAQ:CZR,CZR,"Caesars Entertainment, Inc.",Consumer Cyclical,Resorts & Casinos,United States,NASDAQ,6046420641.0,29.68,47.6,50.27,5,40.3,1532,False,-2.4,63.62,12.07,14.89,1.58,-11.02,-19.39,26.4839,25.8328,29.2176,33.3545,36.8197,104667048,1255,2026-09-04,47.6,203720372.0
NYSE:PEN,PEN,"Penumbra, Inc.",Healthcare,Medical Devices,United States,NYSE,12690090086.0,322.17,47.6,49.17,5,40.3,1533,True,-10.36,42.84,-0.72,3.73,14.95,23.9,24.92,324.5225,310.5915,280.2582,260.0169,257.9061,83419614,1255,2026-09-04,43.87,39389422.0
NASDAQ:UPWK,UPWK,Upwork Inc.,Communication Services,Internet Content & Information,United States,NASDAQ,1085724424.0,8.79,47.62,48.15,5,40.4,1534,False,-60.24,12.12,-31.63,-36.14,-36.93,-34.35,-32.22,12.8563,13.7635,13.9374,13.3894,12.9691,32956656,1255,2026-09-04,55.21,123518137.0
NASDAQ:AVBH,AVBH,"Avidbank Holdings, Inc.",Financial Services,Banks - Regional,United States,NASDAQ,349688931.0,31.92,47.63,48.42,5,40.4,1535,False,-4.74,30.98,7.81,10.9,26.84,36.53,43.0,29.6089,28.7827,25.165,23.3803,22.3211,1969032,1255,2026-09-04,43.01,10955167.0
NASDAQ:XLO,XLO,"Xilio Therapeutics, Inc.",Healthcare,Biotechnology,United States,NASDAQ,59176251.0,9.0,47.63,49.68,5,40.4,1536,False,-25.51,26.05,3.47,-1.75,-13.87,-27.43,-53.11,8.6981,9.1604,10.4493,12.4024,19.1956,98389,1222,2026-09-04,48.43,6575139.0
NASDAQ:PDFS,PDFS,"PDF Solutions, Inc.",Technology,Software - Application,United States,NASDAQ,1911261418.0,45.65,47.64,46.91,5,40.4,1537,False,-35.51,136.16,10.87,20.37,46.32,44.3,41.07,41.1747,37.9246,31.1984,31.6347,32.3593,28224211,1255,2026-09-04,42.38,41867720.0
NYSE:FAF,FAF,First American Corporation (New),Financial Services,Insurance - Specialty,United States,NYSE,7427775000.0,72.75,47.65,49.91,5,40.5,1538,False,-8.1,29.03,9.77,11.35,16.27,22.39,27.93,66.2722,65.3337,62.5706,59.4391,56.8661,47689319,1255,2026-09-04,63.43,102100000.0
NASDAQ:HMH,HMH,HMH Holding Inc.,Energy,Oil & Gas Equipment & Services,United States,NASDAQ,236160054.0,19.5,47.65,48.16,5,40.5,1539,False,-19.62,15.45,,,,,,,,,,,3325125,109,2026-09-04,51.92,12110772.0
NASDAQ:SBGI,SBGI,"Sinclair, Inc.",Communication Services,Broadcasting,United States,NASDAQ,670652599.0,13.81,47.65,48.79,5,40.5,1540,False,-15.21,16.21,-1.68,-0.53,0.77,7.99,7.15,14.0455,13.8842,13.704,12.788,12.8884,5861109,1255,2026-09-04,49.46,48562824.0
NASDAQ:KMTS,KMTS,"Kestra Medical Technologies, Ltd.",Healthcare,Medical Instruments & Supplies,United States,NASDAQ,1496723710.0,25.54,47.66,50.58,5,40.6,1541,True,-9.91,50.24,8.29,7.54,,,,23.5848,23.7494,,,,6920939,378,2026-09-04,44.51,58603121.0
NASDAQ:MRDN,MRDN,Meridian Holdings Inc.,Consumer Cyclical,Gambling,United States,NASDAQ,171440250.0,13.55,47.66,49.92,5,40.6,1542,True,-7.95,123.23,30.74,26.22,-21.41,-41.52,-46.74,10.3641,10.7354,17.2407,23.1698,25.4411,1036352,1255,2026-09-04,46.46,12652417.0
NASDAQ:ALPS,ALPS,ALPS Group Inc,,,,NASDAQ,63232124.0,0.38,47.68,43.14,5,40.6,1543,False,-85.16,40.74,-53.13,,,,,0.8107,,,,,30796,212,2026-09-04,47.68,166400326.0
NASDAQ:CURR,CURR,Currenc Group Inc.,Technology,Software - Application,Singapore,NASDAQ,369407402.0,3.29,47.69,48.86,5,40.6,1544,True,-26.73,138.41,20.85,27.37,52.18,,,2.7224,2.583,2.1619,,,2430506,504,2026-09-04,42.95,112281885.0
NASDAQ:ROMA,ROMA,Roma Green Finance Limited,Industrials,Consulting Services,Hong Kong,NASDAQ,470475042.0,8.795,47.7,49.75,5,40.6,1545,False,-14.94,576.54,58.63,76.35,171.23,,,5.5444,4.9872,3.2426,,,40392,667,2026-09-04,46.76,53493467.0
NASDAQ:AISP,AISP,"Airship AI Holdings, Inc",Technology,Software - Infrastructure,United States,NASDAQ,70601102.0,2.05,47.71,47.26,5,40.7,1546,False,-70.63,19.88,-21.86,-34.11,-43.1,-54.65,-65.62,2.6235,3.1112,3.6029,4.5206,5.9621,585715,1255,2026-09-04,50.66,34439562.0
NYSE:BSX,BSX,Boston Scientific Corporation,Healthcare,Medical Devices,United States,NYSE,71047777556.0,47.8,47.71,48.44,5,40.7,1547,True,-55.8,12.13,-28.4,-35.06,-43.94,-39.14,-32.5,66.7622,73.6027,85.2601,78.5387,70.8132,941859764,1255,2026-09-04,43.99,1486355179.0
NYSE:CP,CP,Canadian Pacific Kansas City Limited,Industrials,Railroads,Canada,NYSE,80523656918.0,91.6,47.71,49.79,5,40.7,1548,False,-5.26,33.55,10.41,12.92,16.11,16.46,17.66,82.9636,81.1164,78.8897,78.6554,77.8482,185757668,1255,2026-09-04,46.62,879079224.0
NYSE:PBA,PBA,Pembina Pipeline Corp. Ordinary Shares (Canada),Energy,Oil & Gas Midstream,Canada,NYSE,28147268350.0,48.41,47.71,49.08,5,40.7,1549,False,-5.76,35.59,9.98,13.17,21.51,30.64,39.1,44.0189,42.7778,39.8402,37.0551,34.8032,40755906,1255,2026-09-04,49.2,581435000.0
NASDAQ:GLSI,GLSI,"Greenwich LifeSciences, Inc.",Healthcare,Biotechnology,United States,NASDAQ,234117418.0,15.95,47.72,46.8,5,40.8,1550,True,-52.48,103.18,-24.46,-15.29,3.99,10.79,15.66,21.1136,18.8287,15.3376,14.3966,13.7904,2145714,1255,2026-09-04,46.04,14678208.0
NASDAQ:MCRI,MCRI,"Monarch Casino & Resort, Inc.",Consumer Cyclical,Resorts & Casinos,United States,NASDAQ,2177944752.0,121.52,47.72,48.28,5,40.8,1551,False,-9.0,38.0,12.35,14.83,28.6,43.28,51.7,108.1649,105.8306,94.4938,84.8154,80.1036,17211406,1255,2026-09-04,44.94,17922521.0
NYSE:MIAX,MIAX,"Miami International Holdings, Inc.",Financial Services,Capital Markets,United States,NYSE,4102870450.0,42.39,47.72,48.32,5,40.8,1552,False,-25.42,21.29,-2.06,-1.67,,,,43.2821,43.11,,,,55315748,267,2026-09-04,48.95,96788640.0
NYSE:SRL,SRL,Scully Royalty Ltd.,Financial Services,Capital Markets,China,NYSE,86790201.0,5.7,47.73,48.14,5,40.9,1553,True,-43.79,15.15,-17.54,-14.71,-17.47,-14.98,-15.96,6.9125,6.6833,6.9064,6.704,6.7828,123923,1255,2026-09-04,44.96,15226351.0
NYSE:ORA,ORA,"Ormat Technologies, Inc.",Utilities,Utilities - Renewable,United States,NYSE,6480277375.0,105.45,47.74,46.84,5,40.9,1554,True,-27.25,17.32,-8.52,-6.28,12.0,23.17,23.45,115.2687,112.5185,94.1512,85.6148,85.4186,72459771,1255,2026-09-04,45.31,61453555.0
NASDAQ:LFUS,LFUS,"Littelfuse, Inc.",Technology,Electronic Components,United States,NASDAQ,10643852905.0,419.07,47.75,47.81,5,40.9,1555,False,-14.15,79.41,13.31,21.08,46.04,54.55,59.0,369.8284,346.1227,286.9607,271.1571,263.5626,87739160,1255,2026-09-04,45.28,25398747.0
NYSE:APD,APD,"Air Products and Chemicals, Inc.",Basic Materials,Specialty Chemicals,United States,NYSE,67088469623.0,301.27,47.76,50.2,5,41.0,1556,False,-4.11,33.16,7.53,9.12,7.3,11.83,12.86,280.1799,276.0823,280.7727,269.3971,266.9475,280745727,1255,2026-09-04,51.18,222685530.0
NYSE:EROC,EROC,"ERock, Inc.",Industrials,Specialty Industrial Machinery,United States,NYSE,593985704.0,12.33,47.76,46.55,5,41.0,1557,False,-34.24,37.15,,,,,,,,,,,44207697,61,2026-09-04,44.29,48174023.0
NASDAQ:ZENA,ZENA,"ZenaTech, Inc.",Technology,Software - Infrastructure,Canada,NASDAQ,149325444.0,1.68,47.76,49.67,5,41.0,1558,False,-74.89,35.48,-28.56,-41.85,,,,2.3516,2.889,,,,9038518,484,2026-09-04,48.71,88884193.0
NASDAQ:RLAY,RLAY,"Relay Therapeutics, Inc.",Healthcare,Biotechnology,United States,NASDAQ,4149583921.0,19.04,47.77,50.52,5,41.0,1559,False,-8.24,377.19,46.88,65.87,141.45,137.68,88.44,12.9631,11.4787,7.8858,8.0107,10.1041,46218453,1255,2026-09-04,47.45,217940332.0
NASDAQ:PARK,PARK,"Park Dental Partners, Inc.",Healthcare,Medical Care Facilities,United States,NASDAQ,92242553.0,20.43,47.78,49.88,5,41.0,1560,False,-11.37,99.32,,,,,,,,,,,495731,190,2026-09-04,48.19,4515054.0
NYSE:FCPT,FCPT,"Four Corners Property Trust, Inc.",Real Estate,REIT - Retail,United States,NYSE,2736047481.0,24.93,47.79,49.01,5,41.1,1561,False,-4.98,15.11,3.72,4.59,1.47,6.69,8.91,24.0352,23.8355,24.5691,23.3673,22.8912,17114009,1255,2026-09-04,47.35,109749197.0
NYSE:FSS,FSS,Federal Signal Corporation,Industrials,Farm & Heavy Construction Machinery,United States,NYSE,7281043360.0,119.28,47.79,48.6,5,41.1,1562,False,-10.78,14.14,3.75,2.95,13.47,24.63,41.23,114.9725,115.8641,105.1243,95.7053,84.4559,42617756,1255,2026-09-04,43.5,61041611.0
NASDAQ:GCL,GCL,GCL Global Holdings Ltd,Communication Services,Electronic Gaming & Multimedia,Singapore,NASDAQ,69124700.0,0.54,47.79,49.39,5,41.1,1563,False,-82.86,41.73,-23.42,-47.4,-85.31,-91.1,-92.4,0.7051,1.0266,3.6761,6.0697,7.1074,762896,1099,2026-09-04,52.03,128008703.0
NYSE:TREX,TREX,"Trex Company, Inc.",Industrials,Building Products & Equipment,United States,NYSE,4740899004.0,45.63,47.8,49.05,5,41.1,1564,True,-29.37,51.44,10.94,6.53,-14.56,-25.99,-23.42,41.1288,42.8311,53.4088,61.6531,59.5877,63178892,1255,2026-09-04,37.37,103898729.0
NYSE:STM,STM,STMicroelectronics N.V.,Technology,Semiconductors,Netherlands,NYSE,46591671510.0,52.24,47.81,45.75,5,41.2,1565,False,-34.55,148.24,15.51,26.28,55.79,44.83,39.33,45.2265,41.3685,33.5315,36.0687,37.4938,376547247,1255,2026-09-04,45.01,891877326.0
NASDAQ:FTNT,FTNT,"Fortinet, Inc.",Technology,Software - Infrastructure,United States,NASDAQ,114672106827.0,156.29,47.82,49.85,5,41.2,1566,False,-9.54,107.75,42.01,49.45,57.09,79.76,94.97,110.0553,104.5773,99.4932,86.9427,80.1601,698035096,1255,2026-09-04,47.88,733713653.0
AMEX:NEWP,NEWP,New Pacific Metals Corp.,Basic Materials,Silver,Canada,AMEX,1141881005.0,6.17,47.82,52.48,5,41.2,1567,False,-16.73,203.94,36.95,51.43,125.38,159.59,158.79,4.5054,4.0746,2.7377,2.3768,2.3842,4368866,1255,2026-09-04,57.82,185069855.0
NASDAQ:SRZN,SRZN,"Surrozen, Inc.",Healthcare,Biotechnology,United States,NASDAQ,264252044.0,22.76,47.82,48.1,5,41.2,1568,True,-33.31,100.35,-5.48,4.6,42.14,65.81,60.31,24.0808,21.7585,16.0126,13.7264,14.1973,4544796,1255,2026-09-04,46.1,11610371.0
NYSE:MICC,MICC,The Magnum Ice Cream Company N.V.,Consumer Defensive,Packaged Foods,Netherlands,NYSE,11828858157.0,19.32,47.84,52.04,5,41.3,1569,False,-5.39,47.93,,,,,,,,,,,14788651,187,2026-09-04,54.06,612259739.0
NYSE:TNC,TNC,Tennant Company,Industrials,Specialty Industrial Machinery,United States,NYSE,1227038337.0,71.97,47.84,44.65,5,41.3,1570,False,-20.69,19.11,-6.24,-6.6,-8.86,-13.83,-9.05,76.7633,77.0598,78.9682,83.5215,79.132,16508084,1255,2026-09-04,42.51,17049303.0
NYSE:CPK,CPK,Chesapeake Utilities Corporation,Utilities,Utilities - Regulated Gas,United States,NYSE,3184471594.0,132.66,47.85,50.34,5,41.3,1571,False,-3.81,11.51,3.64,3.42,6.76,14.45,15.1,128.0041,128.2737,124.2554,115.9126,115.2537,20555566,1255,2026-09-04,46.37,24004761.0
NYSE:PRM,PRM,"Perimeter Solutions, SA",Basic Materials,Specialty Chemicals,United States,NYSE,5180915521.0,31.76,47.86,47.76,5,41.4,1572,False,-15.93,53.5,7.93,13.24,54.63,101.34,130.64,29.4276,28.0473,20.5387,15.7745,13.7705,34516441,1210,2026-09-04,49.13,163127063.0
AMEX:UMAC,UMAC,"Unusual Machines, Inc.",Technology,Computer Hardware,United States,AMEX,1135583610.0,23.76,47.86,49.59,5,41.4,1573,False,-30.24,206.19,37.24,45.14,99.63,,,17.3127,16.3707,11.9018,,,131684259,642,2026-09-04,49.64,47793923.0
NASDAQ:LNTH,LNTH,"Lantheus Holdings, Inc.",Healthcare,Drug Manufacturers - Specialty & Generic,United States,NASDAQ,6573761100.0,100.97,47.87,48.84,5,41.4,1574,False,-8.99,101.5,19.9,29.52,20.82,26.18,28.91,84.2153,77.958,83.5674,80.0181,78.3273,140369199,1255,2026-09-04,47.93,65106082.0
NYSE:NATL,NATL,NCR Atleos Corporation,Technology,Software - Application,United States,NYSE,3401345257.0,46.09,47.88,49.59,5,41.4,1575,True,-4.24,35.04,7.49,10.01,28.79,,,42.8767,41.8952,35.7874,,,29615386,728,2026-09-04,41.39,73797901.0
NASDAQ:VSNT,VSNT,"Versant Media Group, Inc.",Communication Services,Entertainment,United States,NASDAQ,5448652466.0,38.61,47.88,49.85,5,41.4,1576,False,-16.93,43.75,,,,,,,,,,,60035707,182,2026-09-04,60.97,141120240.0
NASDAQ:PODD,PODD,Insulet Corporation,Healthcare,Medical Devices,United States,NASDAQ,10215154122.0,147.48,47.89,47.11,5,41.5,1577,False,-58.2,10.67,-29.84,-36.9,-41.84,-35.74,-39.16,210.2014,233.7123,253.5798,229.4987,242.42,234210810,1255,2026-09-04,51.94,69264674.0
NASDAQ:VLOS,VLOS,Velos Acquisition I Corp.,Financial Services,Shell Companies,United States,NASDAQ,308200000.0,10.72,47.91,48.03,5,41.5,1578,False,-3.76,9.95,-0.17,0.17,,,,10.7384,10.7013,,,,284410,490,2026-09-04,47.91,28750000.0
NASDAQ:DJT,DJT,Trump Media & Technology Group Corp.,Communication Services,Internet Content & Information,United States,NASDAQ,2498123529.0,9.02,47.93,49.12,5,41.6,1579,False,-48.81,27.76,-11.26,-20.43,-49.89,-59.14,-56.24,10.1641,11.3366,17.9989,22.0764,20.6123,37979810,1238,2026-09-04,54.54,276953828.0
NYSE:MOH,MOH,Molina Healthcare Inc,Healthcare,Healthcare Plans,United States,NYSE,10481760000.0,200.8,47.93,48.43,5,41.6,1580,False,-17.33,63.72,13.2,13.45,-13.76,-26.18,-28.59,177.3795,176.9946,232.8314,272.0264,281.2074,114908958,1255,2026-09-04,50.51,52200000.0
NASDAQ:PROF,PROF,Profound Medical Corp.,Healthcare,Medical Devices,Canada,NASDAQ,250366319.0,6.89,47.97,48.44,5,41.6,1581,True,-20.35,78.04,-0.22,4.42,5.2,-5.82,-12.52,6.905,6.5986,6.5496,7.3158,7.8763,659073,1255,2026-09-04,45.34,36337637.0
NASDAQ:PLUG,PLUG,"Plug Power, Inc.",Industrials,Electrical Equipment & Parts,United States,NASDAQ,3027299908.0,2.17,47.98,46.41,5,41.6,1582,False,-47.58,53.9,-12.23,-13.7,3.03,-20.85,-60.76,2.4722,2.5144,2.1061,2.7417,5.5298,141388532,1255,2026-09-04,44.3,1395069082.0
NYSE:FDX,FDX,FedEx Corporation,Industrials,Integrated Freight & Logistics,United States,NYSE,76302164754.0,322.52,48.0,49.79,5,41.7,1583,False,-4.96,80.5,11.06,19.4,38.27,44.89,56.55,290.4018,270.1167,233.2511,222.6002,206.0223,514916701,1255,2026-09-04,49.63,236581188.0
NYSE:LMND,LMND,"Lemonade, Inc.",Financial Services,Insurance - Property & Casualty,United States,NYSE,4130020008.0,53.41,48.0,46.9,5,41.7,1584,False,-44.69,12.73,-17.07,-15.23,9.63,40.87,62.72,64.4017,63.0084,48.718,37.9133,32.8226,47571625,1255,2026-09-04,52.52,77326718.0
NYSE:RPC,RPC,"Ridgepost Capital, Inc.",Financial Services,Asset Management,United States,NYSE,669791551.0,8.5,48.0,49.75,5,41.7,1585,False,-30.03,24.17,-1.27,-6.07,-17.16,-13.17,-14.28,8.6089,9.0494,10.2608,9.7891,9.9164,5071834,1223,2026-09-04,49.55,78799006.0
NASDAQ:CSWC,CSWC,Capital Southwest Corporation,Financial Services,Asset Management,United States,NASDAQ,1527419045.0,24.58,48.01,52.24,5,41.8,1586,True,-3.87,39.74,10.48,13.54,21.14,25.38,37.68,22.2493,21.6497,20.2901,19.6047,17.8527,15039584,1255,2026-09-04,47.4,62140726.0
AMEX:IDR,IDR,"Idaho Strategic Resources, Inc.",Basic Materials,Gold,United States,AMEX,497220066.0,31.45,48.01,48.3,5,41.8,1587,True,-40.28,19.35,-15.57,-14.15,21.97,58.97,94.24,37.2498,36.6325,25.7857,19.7836,16.191,7179299,1255,2026-09-04,47.85,15809859.0
NASDAQ:VINP,VINP,Vinci Compass Investments Ltd.,Financial Services,Asset Management,Brazil,NASDAQ,485489180.0,9.51,48.01,48.28,5,41.8,1588,False,-25.26,5.11,-10.68,-10.12,-2.8,-0.49,5.27,10.6473,10.581,9.7839,9.557,9.0343,428399,1255,2026-09-04,58.36,51050387.0
NYSE:MTB,MTB,M&T Bank Corporation,Financial Services,Banks - Regional,United States,NYSE,34760730720.0,239.84,48.03,49.43,5,41.8,1589,False,-5.0,38.11,10.1,13.68,22.73,38.16,47.6,217.8399,210.9816,195.4234,173.598,162.4974,215605848,1255,2026-09-04,48.36,144933000.0
NYSE:TGLS,TGLS,Tecnoglass Holdings Inc.,Basic Materials,Building Materials,United States,NYSE,1811859085.0,40.84,48.03,46.88,5,41.8,1590,False,-44.12,8.27,-10.51,-16.62,-33.71,-27.14,-19.41,45.6339,48.9787,61.6111,56.0523,50.6748,9200234,1255,2026-09-04,40.63,44364816.0
NASDAQ:SERA,SERA,"Sera Prognostics, Inc.",Healthcare,Medical Devices,United States,NASDAQ,77145751.0,2.02,48.05,49.11,5,41.9,1591,True,-46.13,27.04,-15.03,-20.38,-44.83,-55.42,-49.67,2.3773,2.5372,3.6613,4.5316,4.0133,44790,1255,2026-09-04,44.98,38190966.0
NYSE:SCI,SCI,Service Corporation International,Consumer Cyclical,Personal Services,United States,NYSE,11204531367.0,82.21,48.06,50.64,5,41.9,1592,False,-5.85,20.11,3.54,3.36,4.6,10.84,15.29,79.3955,79.5409,78.5941,74.1672,71.3056,57013440,1255,2026-09-04,50.54,136291587.0
NASDAQ:KHC,KHC,The Kraft Heinz Company,Consumer Defensive,Packaged Foods,United States,NASDAQ,29466574304.0,24.85,48.07,49.78,5,41.9,1593,False,-8.59,21.19,7.03,6.43,-1.63,-7.5,-10.99,23.2185,23.3489,25.2619,26.8646,27.9173,379096283,1255,2026-09-04,49.63,1185777638.0
NYSE:SKY,SKY,"Champion Homes, Inc.",Consumer Cyclical,Residential Construction,United States,NYSE,4817521837.0,87.76,48.08,50.74,5,41.9,1594,False,-9.95,36.57,5.68,8.05,4.73,9.53,16.1,83.0465,81.2206,83.7945,80.1255,75.5929,54989269,1255,2026-09-04,43.29,54894278.0
NASDAQ:MBLY,MBLY,Mobileye Global Inc.,Consumer Cyclical,Auto Parts,Israel,NASDAQ,2160711630.0,8.56,48.09,48.17,5,42.0,1595,True,-44.92,30.49,-7.44,-16.21,-33.12,-54.31,,9.2477,10.2159,12.7998,18.7356,,31062046,968,2026-09-04,42.91,252419583.0
NASDAQ:MBIN,MBIN,Merchants Bancorp,Financial Services,Banks - Regional,United States,NASDAQ,2419877293.0,52.68,48.1,51.47,5,42.0,1596,False,-5.46,74.49,18.89,26.31,34.52,36.14,49.06,44.3087,41.7058,39.1617,38.6944,35.3419,8399127,1255,2026-09-04,47.52,45935408.0
NYSE:RM,RM,Regional Management Corp.,Financial Services,Credit Services,United States,NYSE,314571200.0,33.68,48.1,46.05,5,42.0,1597,False,-23.45,11.02,-5.91,-7.6,0.75,11.42,15.67,35.7973,36.4492,33.4281,30.2284,29.1172,3106711,1255,2026-09-04,44.72,9340000.0
NYSE:SAH,SAH,"Sonic Automotive, Inc.",Consumer Cyclical,Auto & Truck Dealerships,United States,NYSE,1586419587.0,81.0,48.1,47.15,5,42.0,1598,False,-28.1,40.54,11.64,12.16,17.64,28.85,38.25,72.5555,72.2174,68.8523,62.8645,58.5877,19108099,1255,2026-09-04,44.27,19585427.0
NASDAQ:ICLR,ICLR,ICON plc,Healthcare,Diagnostics & Research,Ireland,NASDAQ,12718871354.0,164.85,48.11,50.4,5,42.1,1599,False,-18.76,105.86,11.83,7.65,-5.07,-22.68,-23.0,147.4105,153.1298,173.6547,213.1922,214.0882,91639456,1255,2026-09-04,46.33,77154209.0
NYSE:CAG,CAG,"ConAgra Brands, Inc.",Consumer Defensive,Packaged Foods,United States,NYSE,7408196138.0,15.48,48.12,52.11,5,42.1,1600,False,-19.82,24.46,0.42,-1.69,-19.17,-26.37,-32.72,15.4151,15.7469,19.1509,21.0249,23.0087,152368707,1255,2026-09-04,50.49,478565642.0
NYSE:BH.A,BH-A,Biglari Holdings Inc.,Consumer Cyclical,Restaurants,United States,NYSE,407191675.0,1928.21,48.13,50.33,5,42.1,1601,False,-21.71,44.56,6.59,8.69,31.87,52.26,67.22,1809.0689,1774.0745,1462.223,1266.4233,1153.0909,33326361,1255,2026-09-04,50.15,211176.0
NASDAQ:AKBA,AKBA,"Akebia Therapeutics, Inc.",Healthcare,Drug Manufacturers - Specialty & Generic,United States,NASDAQ,261551787.0,0.975,48.14,46.05,5,42.1,1602,False,-69.24,15.52,-24.64,-37.98,-50.32,-43.83,-34.6,1.2937,1.5721,1.9624,1.7357,1.4908,7928823,1255,2026-09-04,48.97,268258243.0
NYSE:GAM,GAM,"General American Investors, Inc.",Financial Services,Asset Management,United States,NYSE,1594629700.0,66.48,48.18,51.78,5,42.2,1603,False,-2.16,22.38,6.74,8.93,23.21,37.85,52.77,62.2842,61.0299,53.9577,48.2276,43.516,928777,1255,2026-09-04,54.98,23986608.0
NASDAQ:QLYS,QLYS,"Qualys, Inc.",Technology,Software - Infrastructure,United States,NASDAQ,6044999252.0,171.65,48.2,52.91,5,42.2,1604,False,-12.37,125.26,37.67,35.73,31.38,21.96,24.97,124.6822,126.4678,130.647,140.748,137.348,110939895,1255,2026-09-04,50.42,35217007.0
NASDAQ:TFSL,TFSL,TFS Financial Corporation,Financial Services,Banks - Regional,United States,NASDAQ,4927192717.0,17.57,48.2,50.28,5,42.2,1605,False,-5.59,46.91,16.02,20.14,33.68,42.89,49.69,15.1437,14.6252,13.1429,12.2963,11.7375,13821855,1255,2026-09-04,46.23,280432141.0
NASDAQ:ANGI,ANGI,Angi Inc.,Communication Services,Internet Content & Information,United States,NASDAQ,198195278.0,4.9,48.21,46.98,5,42.3,1606,True,-73.46,13.16,-39.46,-48.23,-64.63,-70.73,-74.69,8.094,9.4646,13.8536,16.7415,19.3629,3953744,1255,2026-09-04,47.47,40448016.0
NASDAQ:BTSG,BTSG,"BrightSpring Health Services, Inc.",Healthcare,Health Information Services,United States,NASDAQ,11918773361.0,60.73,48.21,47.71,5,42.3,1607,False,-16.71,151.68,21.17,32.12,86.16,,,50.1188,45.9653,32.6229,,,135177458,655,2026-09-04,50.0,196258412.0
NYSE:LTH,LTH,"Life Time Group Holdings, Inc.",Consumer Cyclical,Leisure,United States,NYSE,9660260012.0,43.23,48.21,51.66,5,42.3,1608,True,-5.47,75.8,33.36,38.47,47.2,73.52,90.72,32.4159,31.2187,29.3691,24.9135,22.6664,125812745,1233,2026-09-04,47.41,223461948.0
AMEX:VENU,VENU,Venu Holding Corporation,Consumer Cyclical,Restaurants,United States,AMEX,114963090.0,2.0,48.21,44.89,5,42.3,1609,False,-85.59,11.11,-58.0,-68.7,,,,4.7624,6.3904,,,,853402,443,2026-09-04,44.06,57481545.0
NYSE:YUM,YUM,"Yum! Brands, Inc.",Consumer Cyclical,Restaurants,United States,NYSE,41143830000.0,150.71,48.22,48.57,5,42.4,1610,False,-10.02,10.6,-2.2,-0.97,3.74,8.59,12.4,154.0939,152.1847,145.2752,138.7904,134.0807,344089537,1255,2026-09-04,51.42,273000000.0
NYSE:AMRC,AMRC,"Ameresco, Inc.",Industrials,Engineering & Construction,United States,NYSE,809125304.0,23.15,48.23,47.37,5,42.4,1611,False,-46.45,25.07,-18.66,-22.52,-9.48,-12.82,-30.85,28.4608,29.8773,25.5735,26.5529,33.4775,17056506,1255,2026-09-04,46.57,34951417.0
NASDAQ:DWSN,DWSN,Dawson Geophysical Company,Energy,Oil & Gas Equipment & Services,United States,NASDAQ,113342866.0,3.65,48.25,46.85,5,42.4,1612,False,-51.78,133.97,10.02,20.87,63.44,80.27,91.86,3.3174,3.0199,2.2332,2.0248,1.9024,634568,1255,2026-09-04,47.87,31052840.0
NASDAQ:NODK,NODK,"NI Holdings, Inc.",Financial Services,Insurance - Property & Casualty,United States,NASDAQ,312546729.0,15.26,48.25,48.97,5,42.4,1613,False,-6.55,22.28,8.46,9.45,8.28,8.44,9.58,14.0695,13.9428,14.0931,14.0721,13.9262,284698,1255,2026-09-04,50.38,20481437.0
NASDAQ:CELH,CELH,"Celsius Holdings, Inc.",Consumer Defensive,Beverages - Non-Alcoholic,United States,NASDAQ,7837933438.0,30.66,48.27,49.67,5,42.5,1614,False,-52.73,28.99,-18.75,-26.32,-20.42,-33.92,-30.59,37.7362,41.6117,38.529,46.3976,44.1722,293180289,1255,2026-09-04,52.15,255640360.0
NASDAQ:UNB,UNB,"Union Bankshares, Inc.",Financial Services,Banks - Regional,United States,NASDAQ,109722157.0,23.78,48.27,48.78,5,42.5,1615,False,-7.9,15.55,1.54,1.69,-5.83,-3.24,2.16,23.4197,23.3857,25.2533,24.576,23.2778,142014,1255,2026-09-04,49.93,4614052.0
NYSE:EIC,EIC,Eagle Point Income Company Common Shares of Beneficial Interest,Financial Services,Asset Management,United States,NYSE,230437570.0,10.0,48.28,48.21,5,42.6,1616,True,-20.09,10.98,-1.27,-4.47,-12.98,-12.02,-7.28,10.1286,10.4678,11.4922,11.3668,10.7848,861950,1255,2026-09-04,44.49,23043757.0
NYSE:ENR,ENR,"Energizer Holdings, Inc.",Industrials,Electrical Equipment & Parts,United States,NYSE,1453692087.0,21.23,48.28,50.21,5,42.6,1617,True,-23.83,35.09,9.42,4.41,-10.0,-14.02,-16.77,19.4031,20.3335,23.5877,24.6914,25.5078,20564279,1255,2026-09-04,41.95,68473485.0
NASDAQ:FATE,FATE,"Fate Therapeutics, Inc.",Healthcare,Biotechnology,United States,NASDAQ,289066781.0,2.48,48.28,49.3,5,42.6,1618,True,-20.26,161.05,43.77,53.1,48.85,0.44,-44.46,1.725,1.6199,1.6661,2.4691,4.4656,3650777,1255,2026-09-04,45.16,116559186.0
NASDAQ:WSHP,WSHP,WeShop Holdings Limited,Communication Services,Internet Content & Information,Jersey,NASDAQ,58392009.0,5.04,48.28,47.26,5,42.6,1619,False,-97.48,11.75,-85.05,,,,,33.7183,,,,,4522186,202,2026-09-04,50.37,11585716.0
NYSE:MFA,MFA,"MFA Financial, Inc.",Real Estate,REIT - Mortgage,United States,NYSE,909286276.0,8.95,48.29,47.01,5,42.6,1620,False,-10.6,12.37,-1.82,0.08,3.04,7.25,13.47,9.1157,8.9428,8.6858,8.3449,7.8874,11665344,1255,2026-09-04,44.12,101596232.0
NASDAQ:ALLT,ALLT,Allot Ltd.,Technology,Software - Infrastructure,Israel,NASDAQ,373772476.0,7.64,48.3,48.53,5,42.7,1621,False,-33.57,22.24,-7.52,-10.69,3.71,35.93,52.06,8.2616,8.5546,7.3665,5.6207,5.0243,2036572,1255,2026-09-04,46.58,48923099.0
NASDAQ:ZS,ZS,"Zscaler, Inc.",Technology,Software - Infrastructure,United States,NASDAQ,27458277345.0,169.8,48.3,51.16,5,42.7,1622,False,-49.5,43.84,-1.54,-14.98,-19.71,-17.02,-9.08,172.4524,199.7065,211.4775,204.6291,186.758,515107338,1255,2026-09-04,53.76,161709525.0
NASDAQ:RMNI,RMNI,"Rimini Street, Inc.",Technology,Software - Application,United States,NASDAQ,467713560.0,5.01,48.31,52.02,5,42.7,1623,False,-11.33,68.69,26.06,23.18,40.69,52.23,41.88,3.9744,4.0674,3.561,3.291,3.5311,2461137,1255,2026-09-04,51.28,93356000.0
NASDAQ:KEEL,KEEL,Keel Infrastructure Corp.,Technology,Information Technology Services,United States,NASDAQ,2095285419.0,3.47,48.32,46.57,5,42.7,1624,False,-47.9,171.09,2.83,2.17,43.8,50.47,73.58,3.3745,3.3962,2.4131,2.3061,1.9991,132648707,1255,2026-09-04,45.87,603828651.0
NYSE:RVT,RVT,"Royce Small-Cap Trust, Inc.",Financial Services,Asset Management,United States,NYSE,2260059552.0,18.47,48.32,50.28,5,42.7,1625,False,-2.94,31.89,6.94,9.94,21.6,32.11,41.22,17.2716,16.7993,15.1891,13.9811,13.0791,3224135,1255,2026-09-04,48.32,122363809.0
NASDAQ:ASML,ASML,ASML Holding N.V. - New York Registry Shares,Technology,Semiconductor Equipment & Materials,Netherlands,NASDAQ,658685408000.0,1714.88,48.33,48.96,5,42.8,1626,True,-13.69,120.82,16.11,24.93,63.62,76.58,95.49,1476.9827,1372.6297,1048.066,971.1736,877.2373,2033886125,1255,2026-09-04,38.89,384100000.0
NASDAQ:GGR,GGR,Gogoro Inc.,Consumer Cyclical,Auto Manufacturers,Taiwan,NASDAQ,53395720.0,2.66,48.34,45.52,5,42.8,1627,True,-63.96,20.91,-24.11,-30.81,-57.35,-84.65,-91.45,3.5052,3.8445,6.2364,17.3252,31.1291,268688,1255,2026-09-04,48.03,20073579.0
NASDAQ:VISN,VISN,"Vistance Networks, Inc.",Technology,Communication Equipment,United States,NASDAQ,1443645638.0,6.4,48.34,47.9,5,42.8,1628,True,-12.84,53.89,8.7,14.4,72.63,140.51,156.21,5.8878,5.5943,3.7074,2.6611,2.498,64192681,1255,2026-09-04,47.7,225569631.0
NYSE:CBU,CBU,"Community Financial System, Inc.",Financial Services,Banks - Regional,United States,NYSE,3358382300.0,63.85,48.36,47.68,5,42.9,1629,False,-10.06,21.75,3.16,5.09,8.31,18.42,20.61,61.8948,60.7564,58.952,53.9188,52.9376,11609744,1255,2026-09-04,45.84,52598000.0
NYSE:MOD,MOD,Modine Manufacturing Company,Consumer Cyclical,Auto Parts,United States,NYSE,10338919739.0,194.66,48.36,45.59,5,42.9,1630,False,-36.57,62.65,-7.51,-1.62,26.78,51.82,90.32,210.4567,197.8668,153.5442,128.2181,102.283,242819495,1255,2026-09-04,42.62,53112708.0
NASDAQ:SERV,SERV,Serve Robotics Inc.,Industrials,Integrated Freight & Logistics,United States,NASDAQ,420771192.0,4.945,48.36,45.45,5,42.9,1631,True,-72.03,13.16,-43.27,-48.21,-50.64,,,8.7171,9.5474,10.0184,,,21795958,626,2026-09-04,45.68,85090231.0
NASDAQ:LYFT,LYFT,"Lyft, Inc.",Technology,Software - Application,United States,NASDAQ,6348291935.0,16.72,48.37,51.57,5,42.9,1632,False,-31.95,32.17,4.79,-1.55,7.78,12.23,18.73,15.9555,16.9829,15.513,14.8979,14.0825,172402429,1255,2026-09-04,54.9,379682532.0
NYSE:PXED,PXED,"Phoenix Education Partners, Inc.",Consumer Defensive,Education & Training Services,United States,NYSE,1037443481.0,28.78,48.38,47.99,5,43.0,1633,False,-22.92,10.2,-3.69,,,,,29.8837,,,,,2440694,228,2026-09-04,58.94,36047376.0
NASDAQ:URGN,URGN,UroGen Pharma Ltd.,Healthcare,Biotechnology,United States,NASDAQ,2148139797.0,44.09,48.38,52.72,5,43.0,1634,False,-12.33,168.51,55.96,66.97,128.34,147.5,174.73,28.2709,26.4053,19.3088,17.8138,16.0485,41073543,1255,2026-09-04,51.51,48721701.0
NASDAQ:METCB,METCB,"Ramaco Resources, Inc.",Basic Materials,Coking Coal,United States,NASDAQ,78932415.0,6.86,48.39,46.95,5,43.0,1635,True,-67.58,13.29,-33.42,-40.2,-34.15,-33.54,,10.3027,11.4714,10.4183,10.3223,,546792,808,2026-09-04,43.15,11506183.0
NASDAQ:NAGE,NAGE,"Niagen Bioscience, Inc.",Healthcare,Biotechnology,United States,NASDAQ,252472517.0,3.17,48.39,47.13,5,43.0,1636,True,-69.04,7.09,-31.99,-40.98,-50.62,-37.08,-24.11,4.6613,5.3708,6.4194,5.0378,4.1772,1374788,1255,2026-09-04,44.89,79644327.0
NASDAQ:POET,POET,POET Technologies Inc.,Technology,Semiconductors,Canada,NASDAQ,1366912800.0,7.92,48.39,47.37,5,43.0,1637,False,-61.5,89.93,-2.62,2.16,28.57,66.01,74.6,8.1327,7.7528,6.1599,4.7709,4.536,78566259,1255,2026-09-04,41.07,172590000.0
NASDAQ:TBCH,TBCH,Turtle Beach Corporation,Technology,Consumer Electronics,United States,NASDAQ,247695814.0,12.48,48.41,48.99,5,43.1,1638,False,-26.97,23.08,-0.54,-5.18,-10.99,-7.96,-0.25,12.5482,13.1611,14.0216,13.5597,12.5114,5258340,1255,2026-09-04,48.84,19847421.0
NASDAQ:ACIW,ACIW,"ACI Worldwide, Inc.",Technology,Software - Infrastructure,United States,NASDAQ,5382980132.0,52.95,48.42,49.96,5,43.1,1639,False,-12.01,37.64,14.45,12.48,8.56,22.52,38.06,46.266,47.0757,48.775,43.2176,38.3523,44063973,1255,2026-09-04,48.22,101661570.0
NYSE:SEI,SEI,"Solaris Energy Infrastructure, Inc.",Energy,Oil & Gas Equipment & Services,United States,NYSE,3370566100.0,55.0,48.42,46.72,5,43.1,1640,False,-33.64,122.94,-7.41,-2.12,37.97,86.45,126.39,59.4032,56.1902,39.8643,29.499,24.2941,126700005,1255,2026-09-04,44.89,61283020.0
NASDAQ:OMDA,OMDA,"Omada Health, Inc.",Healthcare,Health Information Services,United States,NASDAQ,1353642504.0,22.77,48.43,51.26,5,43.2,1641,True,-14.97,108.14,34.06,24.45,,,,16.9853,18.2966,,,,28213015,314,2026-09-04,45.39,59448507.0
NASDAQ:ADPT,ADPT,Adaptive Biotechnologies Corporation,Healthcare,Diagnostics & Research,United States,NASDAQ,3861967622.0,24.28,48.44,52.99,5,43.2,1642,False,-8.17,95.65,37.31,41.85,93.55,149.42,162.28,17.6822,17.1169,12.5448,9.7346,9.2574,47335983,1255,2026-09-04,50.64,159059622.0
NASDAQ:COCH,COCH,"Envoy Medical, Inc.",Healthcare,Medical Devices,United States,NASDAQ,54684988.0,0.71,48.44,49.5,5,43.2,1643,False,-55.35,82.05,1.3,-4.97,-44.5,-64.11,-82.24,0.7009,0.7472,1.2792,1.9781,3.9969,72062,1255,2026-09-04,51.91,77021110.0
NASDAQ:COKE,COKE,"Coca-Cola Consolidated, Inc.",Consumer Defensive,Beverages - Non-Alcoholic,United States,NASDAQ,10700426846.0,189.33,48.44,50.2,5,43.2,1644,False,-12.48,70.25,5.7,12.47,29.75,50.11,75.59,179.1199,168.334,145.921,126.1248,107.8273,81244472,1255,2026-09-04,59.04,56517334.0
NASDAQ:MIRM,MIRM,"Mirum Pharmaceuticals, Inc.",Healthcare,Biotechnology,United States,NASDAQ,6153005804.0,100.9,48.44,47.05,5,43.2,1645,False,-21.52,57.41,5.04,10.61,46.24,79.93,110.45,96.0617,91.2207,68.9947,56.0779,47.9448,50763036,1255,2026-09-04,47.82,60981227.0
NASDAQ:IBOC,IBOC,International Bancshares Corporation,Financial Services,Banks - Regional,United States,NASDAQ,4471453256.0,71.91,48.45,47.05,5,43.3,1646,False,-6.69,15.69,2.02,3.17,8.4,18.08,28.07,70.4872,69.6981,66.3348,60.8973,56.1509,20532520,1255,2026-09-04,45.9,62181244.0
NASDAQ:JACK,JACK,Jack In The Box Inc.,Consumer Cyclical,Restaurants,United States,NASDAQ,307848162.0,16.14,48.45,50.14,5,43.3,1647,True,-31.38,71.7,1.63,-1.07,-34.26,-56.63,-66.0,15.8809,16.3153,24.5507,37.2105,47.4704,13902699,1255,2026-09-04,41.3,19073616.0
NASDAQ:RMR,RMR,The RMR Group Inc.,Real Estate,Real Estate Services,United States,NASDAQ,314625599.0,19.55,48.45,49.08,5,43.3,1648,True,-6.48,49.82,14.02,18.22,19.61,13.17,10.59,17.1464,16.5376,16.3452,17.2753,17.6774,1975240,1255,2026-09-04,45.1,16093381.0
NASDAQ:ZYBT,ZYBT,Zhengye Biotechnology Holding Limited,Healthcare,Drug Manufacturers - Specialty & Generic,China,NASDAQ,76300115.0,1.61,48.45,50.14,5,43.3,1649,False,-84.94,149.23,31.43,-12.42,,,,1.225,1.8384,,,,364524,417,2026-09-04,48.88,47391376.0
NYSE:ETR,ETR,Entergy Corporation,Utilities,Utilities - Regulated Electric,United States,NYSE,50055560790.0,107.27,48.48,47.25,5,43.4,1650,False,-8.05,26.62,2.69,5.37,20.57,42.39,57.25,104.4612,101.7997,88.9716,75.3331,68.2152,224012406,1255,2026-09-04,50.61,466631498.0
NYSE:JOE,JOE,St. Joe Company (The),Real Estate,Real Estate - Diversified,United States,NYSE,3763672116.0,66.11,48.48,50.81,5,43.4,1651,False,-8.53,42.38,2.33,6.84,20.02,20.68,28.42,64.6066,61.8756,55.0838,54.7794,51.4782,12766486,1255,2026-09-04,48.28,56930451.0
NYSE:TG,TG,Tredegar Corporation,Industrials,Metal Fabrication,United States,NYSE,270810630.0,7.76,48.48,48.7,5,43.4,1652,False,-25.02,23.37,-4.76,-3.59,-2.04,10.23,3.33,8.148,8.0487,7.9213,7.0398,7.5102,1252151,1255,2026-09-04,45.05,34898277.0
NASDAQ:ABSI,ABSI,Absci Corporation,Healthcare,Biotechnology,United States,NASDAQ,1494110937.0,8.82,48.52,50.24,5,43.5,1653,False,-24.1,283.48,67.21,79.97,115.46,125.61,151.35,5.2748,4.9009,4.0935,3.9094,3.5091,26845665,1255,2026-09-04,48.3,169400333.0
NYSE:AWI,AWI,Armstrong World Industries Inc,Industrials,Building Products & Equipment,United States,NYSE,7325415631.0,173.33,48.52,51.12,5,43.5,1654,False,-14.25,14.67,-0.25,-2.52,5.59,20.94,38.21,173.7634,177.8118,164.1485,143.3147,125.411,58077408,1255,2026-09-04,43.54,42262826.0
NASDAQ:CMPS,CMPS,COMPASS Pathways Plc - American Depository Shares,Healthcare,Medical Care Facilities,United Kingdom,NASDAQ,1790777476.0,13.27,48.52,50.92,5,43.5,1655,False,-11.94,170.82,44.84,56.53,105.37,90.35,73.83,9.1621,8.4778,6.4614,6.9715,7.6339,29781443,1255,2026-09-04,48.73,134949320.0
NASDAQ:HELE,HELE,Helen of Troy Limited,Consumer Defensive,Household & Personal Products,United States,NASDAQ,661494532.0,28.4,48.52,50.16,5,43.5,1656,True,-6.02,104.61,27.13,27.7,-18.2,-50.12,-58.96,22.3393,22.2391,34.7199,56.9388,69.2017,9840109,1255,2026-09-04,47.27,23292061.0
NYSE:STWD,STWD,"STARWOOD PROPERTY TRUST, INC. Starwood Property Trust Inc.",Real Estate,REIT - Mortgage,United States,NYSE,5961637006.0,16.08,48.52,47.41,5,43.5,1657,False,-13.56,3.54,-4.2,-4.96,-5.23,-2.38,1.81,16.7854,16.9188,16.9665,16.4712,15.7946,63674881,1255,2026-09-04,43.05,370748570.0
NYSE:DLR,DLR,"Digital Realty Trust, Inc.",Real Estate,REIT - Specialty,United States,NYSE,69699779017.0,188.39,48.53,49.46,5,43.6,1658,False,-7.0,29.07,6.13,7.42,11.99,21.2,34.26,177.5042,175.3805,168.2251,155.431,140.3214,385887380,1255,2026-09-04,47.64,369976002.0
NASDAQ:MAAS,MAAS,Maase Inc.,Financial Services,Asset Management,China,NASDAQ,7120570679.0,16.35,48.55,49.82,5,43.6,1659,False,-23.02,471.68,68.12,93.52,28.67,-87.6,-91.6,9.7251,8.4489,12.7069,131.9076,194.6329,3199778,1255,2026-09-04,50.05,435508910.0
NASDAQ:SONO,SONO,"Sonos, Inc.",Technology,Consumer Electronics,United States,NASDAQ,1816995517.0,15.36,48.57,49.72,5,43.7,1660,False,-19.83,20.94,-0.52,-1.65,10.98,7.52,2.47,15.4408,15.6173,13.84,14.2852,14.9904,21503895,1255,2026-09-04,55.63,118293979.0
NASDAQ:GTX,GTX,Garrett Motion Inc.,Consumer Cyclical,Auto Parts,United States,NASDAQ,5216220790.0,27.97,48.59,46.54,5,43.7,1661,False,-22.57,127.14,17.94,28.45,79.12,112.02,138.8,23.7159,21.7756,15.615,13.1923,11.7127,77191027,1255,2026-09-04,43.81,186493414.0
NYSE:QTWO,QTWO,"Q2 Holdings, Inc.",Technology,Software - Application,United States,NYSE,3874097200.0,62.13,48.59,54.11,5,43.7,1662,False,-26.25,47.61,9.27,4.36,-15.25,-4.64,10.37,56.8616,59.5362,73.3135,65.1547,56.29,39836647,1255,2026-09-04,57.96,62354695.0
NASDAQ:ZNTL,ZNTL,"Zentalis Pharmaceuticals, Inc.",Healthcare,Biotechnology,United States,NASDAQ,284033529.0,3.99,48.59,47.98,5,43.7,1663,False,-39.64,211.72,22.54,37.68,55.67,-31.47,-60.49,3.2561,2.898,2.5632,5.8224,10.0976,4220230,1255,2026-09-04,52.02,71186348.0
NASDAQ:UMBF,UMBF,UMB Financial Corporation,Financial Services,Banks - Regional,United States,NASDAQ,10918576313.0,143.76,48.6,50.21,5,43.8,1664,False,-5.45,39.75,12.86,15.39,24.22,39.97,51.85,127.3757,124.5814,115.7274,102.7085,94.6742,68889476,1255,2026-09-04,47.85,75950030.0
NYSE:BKU,BKU,"BankUnited, Inc.",Financial Services,Banks - Regional,United States,NYSE,3352185461.0,46.38,48.61,48.12,5,43.8,1665,False,-7.67,33.9,0.67,4.49,16.66,31.68,40.79,46.0736,44.3854,39.7563,35.2229,32.9419,27062421,1255,2026-09-04,44.54,72276530.0
NASDAQ:SABS,SABS,"SAB Biotherapeutics, Inc.",Healthcare,Biotechnology,United States,NASDAQ,284446430.0,3.72,48.62,49.45,5,43.8,1666,False,-18.95,90.77,-2.63,4.22,24.1,-1.47,-22.4,3.8204,3.5693,2.9976,3.7755,4.7936,1109989,1255,2026-09-04,48.62,76464094.0
NASDAQ:CGON,CGON,"CG Oncology, Inc.",Healthcare,Biotechnology,United States,NASDAQ,6586078659.0,74.67,48.63,51.08,5,43.9,1667,True,-7.45,125.79,22.21,31.85,74.26,,,61.0998,56.633,42.8505,,,53222789,656,2026-09-04,47.77,88202473.0
NASDAQ:ADEA,ADEA,Adeia Inc.,Technology,Software - Application,United States,NASDAQ,2922784348.0,26.5,48.64,47.9,5,43.9,1668,False,-20.9,128.02,11.69,19.98,50.96,74.6,93.87,23.7257,22.0872,17.5541,15.1778,13.669,22044674,1255,2026-09-04,42.99,110293749.0
NASDAQ:FANG,FANG,"Diamondback Energy, Inc.",Energy,Oil & Gas E&P,United States,NASDAQ,56043235028.0,199.22,48.64,50.69,5,43.9,1669,False,-5.74,51.65,11.25,16.6,23.72,22.94,31.01,179.0748,170.8514,161.0259,162.0425,152.0687,357846614,1255,2026-09-04,53.89,281313297.0
NYSE:TFII,TFII,TFI International Inc.,Industrials,Trucking,Canada,NYSE,11269486480.0,137.11,48.64,47.55,5,43.9,1670,False,-15.79,71.2,9.39,16.16,20.58,14.24,17.7,125.3365,118.0383,113.7089,120.0177,116.4933,28970511,1255,2026-09-04,42.11,82193031.0
NYSE:ACHR,ACHR,Archer Aviation Inc.,Industrials,Aerospace & Defense,United States,NYSE,4355958459.0,5.71,48.65,50.12,5,44.0,1671,False,-58.14,28.6,-11.39,-20.85,-24.63,-14.07,-1.26,6.4438,7.2144,7.5758,6.6451,5.7827,237105261,1255,2026-09-04,49.58,762864879.0
NASDAQ:RXST,RXST,"RxSight, Inc.",Healthcare,Medical Devices,United States,NASDAQ,263903382.0,6.375,48.66,51.13,5,44.0,1672,False,-51.3,38.89,-15.62,-18.64,-64.39,-76.25,-74.17,7.5549,7.8358,17.9042,26.8404,24.6822,5685910,1255,2026-09-04,51.62,41396609.0
NASDAQ:NTSK,NTSK,"Netskope, Inc.",Technology,Software - Infrastructure,United States,NASDAQ,3510394038.0,13.94,48.67,51.22,5,44.0,1673,False,-45.95,80.34,7.06,,,,,13.0206,,,,,76705103,243,2026-09-04,51.56,251821667.0
NYSE:SOC,SOC,Sable Offshore Corp.,Energy,Oil & Gas Drilling,United States,NYSE,908660711.0,4.74,48.67,44.71,5,44.0,1674,True,-80.72,53.9,-50.05,-56.01,-72.87,-69.88,-66.92,9.4887,10.7761,17.4689,15.7347,14.3282,45006234,1255,2026-09-04,48.29,191700572.0
NYSE:WELL,WELL,Welltower Inc.,Real Estate,REIT - Healthcare Facilities,United States,NYSE,170177491838.0,236.17,48.67,51.18,5,44.0,1675,False,-5.95,45.07,12.7,16.82,37.94,63.75,88.77,209.5654,202.1716,171.2078,144.2303,125.1075,633091319,1255,2026-09-04,57.01,720572011.0
NASDAQ:ALNT,ALNT,Allient Inc.,Technology,Electronic Components,United States,NASDAQ,1608209965.0,94.62,48.69,49.93,5,44.1,1676,False,-17.17,125.38,29.05,38.59,97.77,129.31,137.96,73.3218,68.272,47.8438,41.2634,39.7628,23270811,1255,2026-09-04,42.57,16996512.0
NASDAQ:ENTG,ENTG,"Entegris, Inc.",Technology,Semiconductor Equipment & Materials,United States,NASDAQ,21130102000.0,138.74,48.71,48.85,5,44.1,1677,True,-24.53,102.14,10.1,17.09,31.25,26.61,34.06,126.014,118.4905,105.7037,109.5799,103.494,297833534,1255,2026-09-04,41.74,152300000.0
NYSE:ABX,ABX,"Abacus Global Management, Inc.",Financial Services,Insurance - Life,United States,NYSE,921813947.0,9.61,48.72,48.41,5,44.2,1678,False,-19.92,97.32,7.01,15.46,21.97,14.3,10.99,8.9805,8.3233,7.8791,8.4078,8.6584,4884810,1255,2026-09-04,50.97,95922367.0
NYSE:ASIX,ASIX,AdvanSix Inc.,Basic Materials,Chemicals,United States,NYSE,470435178.0,17.45,48.72,45.83,5,44.2,1679,True,-32.18,25.49,-9.35,-8.79,-20.27,-23.78,-31.95,19.2501,19.1315,21.8858,22.8935,25.6413,4872016,1255,2026-09-04,46.31,26959036.0
NASDAQ:MCFT,MCFT,"MasterCraft Boat Holdings, Inc.",Consumer Cyclical,Recreational Vehicles,United States,NASDAQ,584967820.0,24.15,48.72,49.14,5,44.2,1680,True,-11.8,40.33,7.97,9.16,18.88,17.6,8.73,22.3679,22.1242,20.3148,20.5357,22.2101,4332862,1255,2026-09-04,38.21,24222270.0
NASDAQ:STLN,STLN,"Starling Oncology, Inc.",Healthcare,Medical Care Facilities,United States,NASDAQ,604362562.0,5.93,48.73,51.45,5,44.3,1681,False,-10.96,148.64,44.6,47.21,113.57,159.3,175.27,4.1009,4.0282,2.7766,2.2869,2.1543,7641393,1255,2026-09-04,49.53,101916115.0
NYSE:VAC,VAC,Marriott Vacations Worldwide Corporation,Consumer Cyclical,Resorts & Casinos,United States,NYSE,3661657484.0,106.62,48.73,50.72,5,44.3,1682,True,-14.53,142.87,40.25,44.84,46.69,41.52,23.53,76.0238,73.6139,72.686,75.3403,86.312,56594480,1255,2026-09-04,38.87,34343064.0
NASDAQ:WULF,WULF,TeraWulf Inc.,Financial Services,Capital Markets,United States,NASDAQ,8181243969.0,16.51,48.73,46.31,5,44.3,1683,False,-43.03,80.83,-7.62,-1.6,51.22,104.1,157.52,17.8717,16.7789,10.9176,8.0891,6.4111,486162213,1255,2026-09-04,47.24,495532645.0
NASDAQ:CERT,CERT,"Certara, Inc.",Healthcare,Health Information Services,United States,NASDAQ,1235182988.0,7.94,48.74,52.6,5,44.3,1684,False,-41.62,77.23,9.96,-1.95,-18.59,-32.21,-40.23,7.2211,8.0979,9.7533,11.7132,13.2834,19432177,1255,2026-09-04,52.75,155564608.0
NASDAQ:DORM,DORM,"Dorman Products, Inc.",Consumer Cyclical,Auto Parts,United States,NASDAQ,3923610196.0,131.3,48.74,49.04,5,44.3,1685,False,-21.07,30.65,5.91,1.96,2.71,15.07,22.76,123.9703,128.7748,127.8358,114.108,106.9549,22276566,1255,2026-09-04,45.61,29882789.0
NYSE:FE,FE,FirstEnergy Corp.,Utilities,Utilities - Regulated Electric,United States,NYSE,27062989620.0,46.77,48.74,48.35,5,44.3,1686,False,-8.07,13.01,0.11,1.4,9.95,17.61,22.07,46.7197,46.1242,42.5389,39.7687,38.3147,171735422,1255,2026-09-04,51.62,578639932.0
NASDAQ:EVER,EVER,"EverQuote, Inc.",Communication Services,Internet Content & Information,United States,NASDAQ,791365790.0,24.91,48.75,50.89,5,44.4,1687,False,-10.62,74.56,16.51,14.93,13.49,25.33,43.3,21.3805,21.675,21.9482,19.8753,17.3835,12413553,1255,2026-09-04,51.24,31769000.0
NASDAQ:LMB,LMB,"Limbach Holdings, Inc.",Industrials,Building Products & Equipment,United States,NASDAQ,594384401.0,49.86,48.76,43.05,5,44.4,1688,False,-56.31,20.96,-35.04,-37.8,-44.68,-33.63,-17.44,76.7513,80.1595,90.1326,75.1275,60.3946,19727703,1255,2026-09-04,48.08,11921067.0
NASDAQ:TARA,TARA,"Protara Therapeutics, Inc.",Healthcare,Biotechnology,United States,NASDAQ,221444694.0,3.94,48.76,47.32,5,44.4,1689,False,-47.88,30.03,-23.27,-21.41,-6.92,8.63,12.97,5.1347,5.0133,4.2327,3.627,3.4876,1373891,1255,2026-09-04,50.61,56204237.0
NYSE:WTS,WTS,"Watts Water Technologies, Inc.",Industrials,Specialty Industrial Machinery,United States,NYSE,9976851498.0,363.13,48.76,51.08,5,44.4,1690,False,-7.26,38.78,15.29,18.38,38.07,52.01,66.41,314.9627,306.7421,263.0082,238.8872,218.2137,66894073,1255,2026-09-04,42.5,27474600.0
NYSE:THO,THO,"Thor Industries, Inc.",Consumer Cyclical,Recreational Vehicles,United States,NYSE,4005294279.0,76.94,48.78,49.35,5,44.5,1691,False,-35.18,7.73,-12.26,-15.23,-15.76,-17.72,-14.91,87.689,90.7657,91.3315,93.5082,90.4226,41805904,1255,2026-09-04,44.65,52057373.0
NASDAQ:APPS,APPS,"Digital Turbine, Inc.",Technology,Software - Application,United States,NASDAQ,1295224967.0,10.71,48.79,50.69,5,44.5,1692,False,-25.57,279.79,67.37,70.05,119.28,134.23,60.12,6.3989,6.2983,4.8841,4.5724,6.6888,31716959,1255,2026-09-04,50.09,120936038.0
NYSE:HPE,HPE,Hewlett Packard Enterprise Company,Technology,Communication Equipment,United States,NYSE,68858583092.0,52.0,48.79,51.49,5,44.5,1693,False,-13.07,163.76,56.97,66.73,107.57,134.47,158.15,33.1273,31.1885,25.0518,22.1781,20.143,1157862048,1255,2026-09-04,55.43,1324203521.0
NASDAQ:STRA,STRA,"Strategic Education, Inc.",Consumer Defensive,Education & Training Services,United States,NASDAQ,1844987245.0,81.59,48.79,50.43,5,44.5,1694,True,-6.19,14.73,2.92,3.04,-0.14,-3.74,0.4,79.2758,79.1819,81.7058,84.7579,81.2682,19696512,1255,2026-09-04,47.82,22612909.0
NASDAQ:SHIM,SHIM,Shimmick Corporation,Industrials,Engineering & Construction,United States,NASDAQ,154517823.0,3.77,48.8,48.56,5,44.6,1695,False,-43.48,83.9,0.32,7.18,32.9,,,3.7578,3.5175,2.8367,,,712722,704,2026-09-04,46.48,40986160.0
AMEX:SLI,SLI,Standard Lithium Ltd.,Basic Materials,Other Industrial Metals & Mining,Canada,AMEX,596054753.0,2.42,48.8,47.38,5,44.6,1696,False,-57.17,25.39,-35.01,-34.89,-12.13,-0.41,-14.59,3.7236,3.7168,2.7541,2.43,2.8332,4296478,1255,2026-09-04,49.25,246303617.0
NYSE:TTAM,TTAM,Titan America SA,Basic Materials,Building Materials,Belgium,NYSE,2852087334.0,15.47,48.8,46.64,5,44.6,1697,False,-19.93,9.45,-6.23,-4.53,,,,16.4986,16.2049,,,,3648804,396,2026-09-04,44.53,184362465.0
NYSE:PLOW,PLOW,"Douglas Dynamics, Inc.",Consumer Cyclical,Auto Parts,United States,NYSE,978195622.0,42.3,48.81,46.99,5,44.7,1698,True,-21.96,46.07,2.08,7.89,30.89,43.37,44.38,41.4379,39.2057,32.3172,29.5041,29.2979,9548753,1255,2026-09-04,42.35,23125192.0
NASDAQ:DIOD,DIOD,Diodes Incorporated,Technology,Semiconductors,United States,NASDAQ,4217267134.0,91.79,48.82,48.63,5,44.7,1699,True,-25.23,116.69,15.0,23.67,43.03,37.31,29.05,79.8189,74.2247,64.1763,66.8479,71.1254,68194563,1255,2026-09-04,46.81,45944734.0
NYSE:BALL,BALL,Ball Corporation,Consumer Cyclical,Packaging & Containers,United States,NYSE,16685668844.0,62.67,48.83,51.02,5,44.7,1700,False,-6.6,36.92,6.74,10.85,12.35,11.27,13.63,58.7106,56.5338,55.7811,56.3226,55.1522,102814377,1255,2026-09-04,50.68,266246511.0
NASDAQ:WOOF,WOOF,"Petco Health and Wellness Company, Inc.",Consumer Cyclical,Specialty Retail,United States,NASDAQ,668991074.0,2.7,48.83,49.03,5,44.7,1701,True,-30.95,15.88,-3.19,-7.99,-17.09,-15.06,-44.47,2.789,2.9346,3.2567,3.1786,4.8626,6590623,1255,2026-09-04,38.11,247774472.0
NASDAQ:ASPS,ASPS,Altisource Portfolio Solutions S.A.,Real Estate,Real Estate Services,Luxembourg,NASDAQ,64524164.0,5.65,48.84,46.58,5,44.8,1702,False,-59.47,30.18,-13.43,-24.32,-26.73,-53.9,-77.06,6.5266,7.4661,7.7108,12.2552,24.6327,61429,1255,2026-09-04,49.51,11420206.0
NYSE:AGM.A,AGM-A,Federal Agricultural Mortgage Corporation,Financial Services,Credit Services,United States,NYSE,160801680.0,156.0,48.85,52.49,5,44.8,1703,False,-8.77,37.22,15.37,17.78,16.44,18.13,26.03,135.2177,132.4482,133.9803,132.0615,123.7842,34952,1255,2026-09-04,52.29,1030780.0
NASDAQ:ADBE,ADBE,Adobe Inc.,Technology,Software - Application,United States,NASDAQ,105937725000.0,266.51,48.86,52.04,5,44.9,1704,False,-27.47,37.8,-0.53,-6.19,-25.5,-36.57,-35.14,267.9347,284.0939,357.708,420.1567,410.8738,1185121561,1255,2026-09-04,61.53,397500000.0
NASDAQ:ORIC,ORIC,"Oric Pharmaceuticals, Inc.",Healthcare,Biotechnology,United States,NASDAQ,1331235847.0,12.86,48.86,52.37,5,44.9,1705,True,-12.22,72.04,20.63,17.21,30.29,32.87,50.18,10.6608,10.9717,9.87,9.6789,8.5629,14603662,1255,2026-09-04,47.59,103517562.0
NASDAQ:VMAR,VMAR,Vision Marine Technologies Inc.,Consumer Cyclical,Recreational Vehicles,Canada,NASDAQ,56717045.0,8.685,48.86,36.24,5,44.9,1706,False,-99.87,65.43,-98.46,-99.47,-99.98,-100.0,-100.0,563.3664,1640.2908,41321.6454,2049038.2398,7444700.1084,2403660,1255,2026-09-04,48.07,6530460.0
NYSE:M,M,Macy's Inc,Consumer Cyclical,Department Stores,United States,NYSE,6063024840.0,23.05,48.87,48.73,5,44.9,1707,False,-12.06,43.35,8.02,11.76,36.8,41.11,42.14,21.3387,20.6236,16.8498,16.3344,16.2159,119696191,1255,2026-09-04,42.22,263037954.0
NASDAQ:OTEX,OTEX,Open Text Corporation,Technology,Software - Application,Canada,NASDAQ,5811763522.0,23.95,48.88,50.33,5,44.9,1708,False,-37.07,21.05,-4.14,-11.93,-12.14,-17.31,-18.54,24.9853,27.193,27.2581,28.9621,29.4011,36126690,1255,2026-09-04,53.88,242662360.0
NYSE:SOBO,SOBO,South Bow Corporation,Energy,Oil & Gas Midstream,Canada,NYSE,7728060430.0,37.05,48.88,50.57,5,44.9,1709,False,-4.19,50.95,14.11,18.65,,,,32.4684,31.2269,,,,19221486,482,2026-09-04,52.06,208584627.0
NYSE:BXDC,BXDC,Blackstone Digital Infrastructure Trust Inc.,Real Estate,REIT - Specialty,United States,NYSE,2046212569.0,20.33,48.89,49.23,5,45.0,1710,False,-9.0,3.51,,,,,,,,,,,16955172,79,2026-09-04,51.37,100649905.0
NYSE:NEXA,NEXA,Nexa Resources S.A.,Basic Materials,Other Industrial Metals & Mining,Luxembourg,NYSE,1827652832.0,13.8,48.89,49.8,5,45.0,1711,False,-16.61,190.47,14.17,29.19,65.71,78.05,92.67,12.087,10.6816,8.3276,7.7508,7.1627,10968726,1255,2026-09-04,49.26,132438611.0
NASDAQ:NOVT,NOVT,Novanta Inc.,Technology,Scientific & Technical Instruments,United States,NASDAQ,5283589633.0,148.36,48.89,48.74,5,45.0,1712,False,-12.08,49.53,7.82,12.13,7.71,2.24,0.93,137.6018,132.3049,137.7374,145.1162,146.9904,49038600,1255,2026-09-04,47.51,35613303.0
NYSE:CPS,CPS,Cooper-Standard Holdings Inc.,Consumer Cyclical,Auto Parts,United States,NYSE,482588619.0,27.18,48.9,48.2,5,45.1,1713,False,-39.87,7.64,-11.38,-13.86,9.63,26.06,42.13,30.6701,31.5532,24.7926,21.5618,19.1233,5216932,1255,2026-09-04,46.0,17755284.0
NASDAQ:QNST,QNST,"QuinStreet, Inc.",Communication Services,Advertising Agencies,United States,NASDAQ,1075951780.0,18.73,48.9,53.13,5,45.1,1714,False,-14.94,77.37,32.71,30.77,13.48,18.38,25.75,14.1135,14.323,16.5046,15.8221,14.8951,20143965,1255,2026-09-04,49.13,57445370.0
NYSE:AKO.A,AKO-A,Embotelladora Andina S.A.,Consumer Defensive,Beverages - Non-Alcoholic,Chile,NYSE,1845828270.0,23.4,48.91,50.74,5,45.2,1715,False,-9.26,32.81,3.98,6.75,25.21,45.42,63.99,22.5033,21.9199,18.6882,16.0916,14.2689,21093,1255,2026-09-04,61.59,78881550.0
NYSE:LCII,LCII,LCI Industries,Consumer Cyclical,Recreational Vehicles,United States,NYSE,2494360618.0,102.6,48.91,49.09,5,45.2,1716,True,-32.68,26.04,-11.12,-7.47,-0.27,0.06,1.65,115.4362,110.8855,102.8787,102.539,100.9385,25765223,1255,2026-09-04,45.13,24311507.0
NASDAQ:LRCX,LRCX,Lam Research Corporation,Technology,Semiconductor Equipment & Materials,United States,NASDAQ,384955676700.0,307.65,48.91,48.58,5,45.2,1717,False,-29.0,200.49,18.02,30.53,94.22,131.44,174.46,260.6797,235.6943,158.4038,132.9262,112.0912,2342453791,1255,2026-09-04,42.07,1251278000.0
NASDAQ:WSBK,WSBK,"Winchester Bancorp, Inc.",Financial Services,Banks - Regional,United States,NASDAQ,116400052.0,12.99,48.91,49.88,5,45.2,1718,False,-2.07,37.17,6.19,11.15,,,,12.2333,11.6867,,,,157121,338,2026-09-04,52.75,8960743.0
NYSE:CCI,CCI,Crown Castle Inc.,Real Estate,REIT - Specialty,United States,NYSE,33137710000.0,75.83,48.93,47.36,5,45.2,1719,False,-20.51,3.02,-9.24,-10.89,-15.84,-16.09,-19.96,83.5456,85.0938,90.1051,90.3672,94.7397,178589624,1255,2026-09-04,54.97,437000000.0
NASDAQ:HURA,HURA,"TuHURA Biosciences, Inc.",Healthcare,Biotechnology,United States,NASDAQ,136280610.0,2.14,48.93,48.58,5,45.2,1720,False,-32.06,386.36,17.74,9.99,-28.51,-81.73,-96.0,1.8176,1.9456,2.9933,11.7115,53.4433,620599,1255,2026-09-04,46.8,63682528.0
NASDAQ:NAVN,NAVN,"Navan, Inc.",Technology,Software - Application,United States,NASDAQ,6640158003.0,27.78,48.95,52.24,5,45.3,1721,False,-9.16,226.44,54.71,,,,,17.9558,,,,,61502025,213,2026-09-04,48.57,239026566.0
NYSE:JLL,JLL,Jones Lang LaSalle Incorporated,Real Estate,Real Estate Services,United States,NYSE,16671351259.0,362.36,48.96,52.31,5,45.3,1722,False,-7.75,29.34,10.85,12.52,25.03,42.26,57.1,326.8924,322.0285,289.8268,254.7204,230.663,112987846,1255,2026-09-04,48.93,46007703.0
NYSE:KN,KN,Knowles Corporation,Technology,Electronic Components,United States,NYSE,3031212470.0,35.49,48.96,48.28,5,45.3,1723,False,-17.08,71.7,16.79,23.0,51.71,68.48,78.92,30.3872,28.8529,23.3929,21.0643,19.836,26269541,1255,2026-09-04,45.05,85410326.0
NYSE:LDOS,LDOS,"Leidos Holdings, Inc.",Technology,Information Technology Services,United States,NYSE,16735756251.0,133.05,48.96,52.39,5,45.3,1724,True,-32.77,33.05,-12.76,-16.71,-14.92,-7.78,1.66,152.5141,159.7473,156.3773,144.2735,130.8738,174317043,1255,2026-09-04,47.84,125785466.0
NYSE:MTRN,MTRN,Materion Corporation,Basic Materials,Other Industrial Metals & Mining,United States,NYSE,5080554696.0,244.24,48.97,49.44,5,45.4,1725,False,-17.82,123.45,31.19,41.53,82.14,91.74,104.23,186.1719,172.574,134.0983,127.3787,119.5928,68263442,1255,2026-09-04,47.02,20801485.0
NASDAQ:IPAR,IPAR,"Interparfums, Inc.",Consumer Defensive,Household & Personal Products,United States,NASDAQ,3737088385.0,116.69,48.98,50.79,5,45.4,1726,True,-9.23,50.55,19.32,20.2,7.04,2.88,4.36,97.7949,97.0766,109.0169,113.4263,111.8134,26026141,1255,2026-09-04,42.03,32025781.0
NASDAQ:MBUU,MBUU,"Malibu Boats, Inc.",Consumer Cyclical,Recreational Vehicles,United States,NASDAQ,547480703.0,27.88,48.99,49.43,5,45.4,1727,True,-19.45,16.36,-0.98,-2.8,-13.08,-21.5,-31.36,28.1549,28.6823,32.077,35.5177,40.6205,6484865,1255,2026-09-04,41.44,19637041.0
NASDAQ:ARHS,ARHS,"Arhaus, Inc.",Consumer Cyclical,Specialty Retail,United States,NASDAQ,475125571.0,8.73,49.0,51.36,5,45.5,1728,True,-22.83,51.83,4.7,0.75,-3.72,-13.09,-10.71,8.3381,8.665,9.0677,10.0452,9.7766,10950664,1213,2026-09-04,42.96,54424464.0
NYSE:BH,BH,Biglari Holdings Inc.,Consumer Cyclical,Restaurants,United States,NYSE,799404975.0,383.75,49.0,51.02,5,45.5,1729,False,-19.54,54.84,9.51,10.35,31.99,52.04,66.49,350.4131,347.7513,290.7484,252.4012,230.4946,69300173,1255,2026-09-04,50.21,2083140.0
NASDAQ:ACTG,ACTG,Acacia Research Corporation,Industrials,Business Equipment & Supplies,United States,NASDAQ,438514659.0,4.54,49.02,48.69,5,45.5,1730,True,-12.02,44.13,3.12,8.16,10.92,8.1,9.1,4.4026,4.1975,4.0931,4.1998,4.1615,998899,1255,2026-09-04,46.91,96589132.0
NYSE:EMR,EMR,Emerson Electric Company,Industrials,Specialty Industrial Machinery,United States,NYSE,85594482000.0,152.82,49.02,51.08,5,45.5,1731,False,-6.72,24.92,7.79,9.67,18.7,28.84,39.63,141.7696,139.3502,128.7499,118.6109,109.4451,350473107,1255,2026-09-04,44.51,560100000.0
NASDAQ:ENGN,ENGN,enGene Therapeutics Inc.,Healthcare,Biotechnology,Canada,NASDAQ,121920828.0,1.82,49.02,45.69,5,45.5,1732,False,-85.05,26.39,-67.72,-69.58,-68.59,-75.88,-77.99,5.6383,5.983,5.7945,7.5443,8.2672,1394271,1153,2026-09-04,49.85,66989466.0
NASDAQ:FOSL,FOSL,"Fossil Group, Inc.",Consumer Cyclical,Footwear & Accessories,United States,NASDAQ,304373230.0,5.15,49.03,51.78,5,45.6,1733,False,-15.44,187.71,20.44,31.44,89.15,128.72,99.03,4.2761,3.9182,2.7228,2.2516,2.5876,4362411,1255,2026-09-04,48.46,59101598.0
NYSE:EPR,EPR,EPR Properties,Real Estate,REIT - Specialty,United States,NYSE,4595769231.0,59.99,49.04,50.08,5,45.6,1734,False,-5.79,30.14,9.27,10.88,20.35,32.33,42.93,54.8998,54.1054,49.8442,45.3342,41.9708,44731181,1255,2026-09-04,52.66,76608922.0
NYSE:REXR,REXR,"Rexford Industrial Realty, Inc.",Real Estate,REIT - Industrial,United States,NYSE,8203767407.0,36.79,49.04,51.16,5,45.6,1735,False,-13.74,16.24,1.26,-0.98,-1.21,-7.07,-12.22,36.334,37.1546,37.2392,39.5903,41.9129,77540331,1255,2026-09-04,51.56,222989057.0
NYSE:CNM,CNM,"Core & Main, Inc.",Industrials,Industrial Distribution,United States,NYSE,8296386270.0,44.32,49.05,47.55,5,45.7,1736,False,-33.83,5.35,-11.22,-11.89,-13.73,-9.83,2.95,49.9211,50.3034,51.3741,49.1536,43.0491,84492639,1255,2026-09-04,46.84,187192831.0
NYSE:PUMP,PUMP,ProPetro Holding Corp.,Energy,Oil & Gas Equipment & Services,United States,NYSE,1408790328.0,11.47,49.05,46.55,5,45.7,1737,False,-36.98,153.76,-9.83,-0.14,22.97,25.35,25.61,12.7209,11.4864,9.3277,9.1506,9.1315,30269586,1255,2026-09-04,45.87,122823917.0
NASDAQ:NMRK,NMRK,"Newmark Group, Inc.",Real Estate,Real Estate Services,United States,NASDAQ,2382693306.0,15.25,49.06,49.55,5,45.7,1738,False,-21.2,11.12,-2.4,-5.41,3.3,17.54,31.97,15.6248,16.1223,14.7626,12.9738,11.5554,21685190,1255,2026-09-04,45.22,156242184.0
NASDAQ:CTAS,CTAS,Cintas Corporation,Industrials,Specialty Business Services,United States,NASDAQ,80221991894.0,200.47,49.07,52.36,5,45.8,1739,False,-7.18,23.23,7.8,7.07,1.77,9.88,22.11,185.9679,187.2332,196.9924,182.4474,164.1737,339932953,1255,2026-09-04,50.13,400169561.0
NASDAQ:NTAP,NTAP,"NetApp, Inc.",Technology,Software - Infrastructure,United States,NASDAQ,36419117241.0,185.59,49.08,52.79,5,45.8,1740,False,-10.38,98.82,42.75,45.82,58.56,69.23,89.16,130.0101,127.2691,117.0441,109.6669,98.1135,498680332,1255,2026-09-04,48.84,196234265.0
NYSE:SVV,SVV,"Savers Value Village, Inc.",Consumer Cyclical,Specialty Retail,United States,NYSE,1609155351.0,10.45,49.08,50.72,5,45.8,1741,False,-23.78,47.18,11.31,5.54,5.48,-11.41,,9.388,9.9015,9.9071,11.7955,,22507712,800,2026-09-04,46.29,153986158.0
AMEX:WRN,WRN,Western Copper and Gold Corporation,Basic Materials,Other Industrial Metals & Mining,Canada,AMEX,541520280.0,2.4,49.09,50.09,5,45.8,1742,False,-40.74,58.94,-11.37,-6.19,29.03,43.88,45.57,2.7078,2.5583,1.8601,1.6681,1.6487,2306410,1255,2026-09-04,49.78,225633450.0
AMEX:CTM,CTM,"Castellum, Inc.",Technology,Information Technology Services,United States,AMEX,59186837.0,0.625,49.1,47.5,5,45.9,1743,False,-52.29,15.74,-22.19,-27.65,-25.57,-3.01,,0.8033,0.8639,0.8397,0.6444,,501393,977,2026-09-04,44.08,94698939.0
NYSE:FHI,FHI,"Federated Hermes, Inc.",Financial Services,Asset Management,United States,NYSE,4736387947.0,62.4,49.1,52.19,5,45.9,1744,False,-4.57,35.45,12.04,14.52,32.22,49.71,58.96,55.6964,54.4874,47.1928,41.6811,39.2546,32555723,1255,2026-09-04,47.88,75903653.0
NASDAQ:FNRN,FNRN,First Northern Community Bancorp,Financial Services,Banks - Regional,United States,NASDAQ,284661554.0,17.35,49.1,48.29,5,45.9,1745,False,-7.71,50.93,11.77,17.01,42.67,61.01,77.54,15.5223,14.8276,12.1609,10.7757,9.7727,1720266,1255,2026-09-04,48.92,16407006.0
NASDAQ:CLDX,CLDX,"Celldex Therapeutics, Inc.",Healthcare,Biotechnology,United States,NASDAQ,3114565417.0,39.68,49.12,52.29,5,46.0,1746,True,-11.57,75.73,25.73,30.9,45.22,32.09,25.76,31.5608,30.3137,27.3245,30.0393,31.5516,29906628,1255,2026-09-04,47.15,78492072.0
NASDAQ:CRNC,CRNC,Cerence Inc.,Technology,Software - Application,United States,NASDAQ,385452011.0,8.53,49.12,47.29,5,46.0,1747,True,-35.86,43.12,-10.68,-13.37,-6.51,-17.06,-37.13,9.5498,9.8464,9.1243,10.2845,13.5667,5934684,1255,2026-09-04,48.4,45187809.0
NASDAQ:NEXM,NEXM,NexMetals Mining Corp.,Basic Materials,Other Industrial Metals & Mining,Canada,NASDAQ,83060222.0,2.33,49.12,49.4,5,46.0,1748,False,-63.25,12.56,-21.43,-31.69,-54.21,-73.82,-80.89,2.9655,3.4109,5.0884,8.9005,12.1935,91502,1255,2026-09-04,48.65,35648164.0
NASDAQ:EBMT,EBMT,"Eagle Bancorp Montana, Inc.",Financial Services,Banks - Regional,United States,NASDAQ,182328716.0,22.89,49.13,48.93,5,46.0,1749,False,-5.72,46.76,6.88,12.23,26.74,42.53,47.63,21.4167,20.3962,18.0606,16.0599,15.5047,894485,1255,2026-09-04,47.87,7965431.0
NYSE:PNC,PNC,"PNC Financial Services Group, Inc. (The)",Financial Services,Banks - Regional,United States,NYSE,97994400000.0,245.6,49.13,50.2,5,46.0,1750,False,-4.42,40.93,10.56,14.36,25.21,39.56,50.62,222.1483,214.7658,196.1542,175.9851,163.0622,351550478,1255,2026-09-04,48.36,399000000.0
NASDAQ:SFM,SFM,"Sprouts Farmers Market, Inc.",Consumer Defensive,Grocery Stores,United States,NASDAQ,7590356675.0,81.4,49.13,49.45,5,46.0,1751,False,-41.59,24.16,2.82,-4.0,-29.4,-16.53,-0.09,79.1697,84.7896,115.2972,97.5228,81.477,122649544,1255,2026-09-04,43.82,93247625.0
AMEX:LUD,LUD,Luda Technology Group Limited,Basic Materials,Steel,Hong Kong,AMEX,97317410.0,4.289,49.15,47.79,5,46.1,1752,True,-78.23,34.03,-26.93,-37.17,,,,5.8698,6.8261,,,,23343,383,2026-09-04,48.6,22690000.0
NYSE:AXTA,AXTA,Axalta Coating Systems Ltd.,Basic Materials,Specialty Chemicals,United States,NYSE,7657635493.0,35.78,49.16,51.73,5,46.1,1753,False,-6.31,40.64,12.4,14.55,9.7,10.07,13.88,31.8327,31.2352,32.6168,32.5068,31.4191,55254268,1255,2026-09-04,50.47,214019997.0
NASDAQ:NFLX,NFLX,"Netflix, Inc.",Communication Services,Entertainment,United States,NASDAQ,325828279647.0,78.25,49.16,50.38,5,46.1,1754,False,-38.06,15.75,-9.94,-16.02,-18.64,-5.11,11.42,86.8835,93.179,96.1763,82.4678,70.2308,2221079703,1255,2026-09-04,63.65,4163939676.0
NASDAQ:PHOE,PHOE,Phoenix Asia Holdings Limited,Industrials,Engineering & Construction,Hong Kong,NASDAQ,454010400.0,21.019,49.18,49.91,5,46.2,1755,True,-84.21,178.03,16.53,22.9,,,,18.0375,17.1019,,,,582744,343,2026-09-04,45.42,21600000.0
NASDAQ:TWST,TWST,Twist Bioscience Corporation,Healthcare,Diagnostics & Research,United States,NASDAQ,7766478282.0,124.72,49.18,53.22,5,46.2,1756,False,-18.54,416.23,92.61,116.91,155.85,182.19,219.5,64.7541,57.4998,48.7477,44.1978,39.0366,217164672,1255,2026-09-04,51.89,62271314.0
NASDAQ:AAPG,AAPG,Ascentage Pharma Group International - American Depository Shares,Healthcare,Biotechnology,China,NASDAQ,1644135060.0,17.615,49.2,48.14,5,46.2,1757,False,-57.08,8.53,-22.93,-31.36,,,,22.8548,25.6615,,,,115184,406,2026-09-04,47.33,93337216.0
NASDAQ:TSAT,TSAT,Telesat Corporation - Class A Common Shares and Class B Variable Voting Shares,Technology,Communication Equipment,Canada,NASDAQ,678261870.0,44.9,49.2,49.42,5,46.2,1758,False,-26.87,113.2,13.83,21.14,64.24,108.22,143.65,39.4442,37.0653,27.3386,21.5637,18.4282,9688401,1255,2026-09-04,47.43,15106055.0
NYSE:AMN,AMN,AMN Healthcare Services Inc,Healthcare,Medical Care Facilities,United States,NYSE,1310968558.0,33.8,49.21,51.09,5,46.3,1759,False,-7.65,123.84,39.7,45.93,36.06,-11.83,-37.53,24.1947,23.1612,24.8413,38.3355,54.1099,20841103,1255,2026-09-04,46.89,38786052.0
NYSE:AA,AA,Alcoa Corporation,Basic Materials,Aluminum,United States,NYSE,13187554967.0,49.97,49.22,48.24,5,46.3,1760,False,-40.25,62.83,-13.06,-5.47,16.09,27.96,27.61,57.4759,52.8614,43.0459,39.0511,39.1595,237732284,1255,2026-09-04,52.7,263909445.0
NASDAQ:COHU,COHU,"Cohu, Inc.",Technology,Semiconductor Equipment & Materials,United States,NASDAQ,2392733600.0,50.72,49.22,48.74,5,46.3,1761,False,-31.38,170.65,25.77,38.88,75.4,69.34,62.47,40.3276,36.5217,28.9171,29.9514,31.2172,49932836,1255,2026-09-04,40.02,47175347.0
NASDAQ:AGYS,AGYS,"Agilysys, Inc.",Technology,Software - Application,United States,NASDAQ,3140996552.0,111.36,49.24,52.39,5,46.4,1762,False,-21.09,79.06,17.55,12.79,9.94,15.44,23.73,94.7319,98.7362,101.2917,96.465,90.001,30165868,1255,2026-09-04,53.91,28205788.0
NASDAQ:ASTH,ASTH,Astrana Health Inc.,Healthcare,Medical Care Facilities,United States,NASDAQ,1907474090.0,38.47,49.25,48.74,5,46.4,1763,True,-22.77,111.84,22.65,24.22,14.98,9.36,9.67,31.366,30.9683,33.4585,35.1773,35.0795,14699858,1255,2026-09-04,46.24,49583418.0
AMEX:CATX,CATX,"Perspective Therapeutics, Inc.",Healthcare,Medical Devices,United States,AMEX,356964597.0,3.13,49.25,48.93,5,46.4,1764,False,-44.6,52.68,-12.26,-10.49,-28.3,-46.83,-43.53,3.5672,3.4967,4.3654,5.8863,5.5423,3349255,1255,2026-09-04,48.75,114046197.0
NASDAQ:TRDA,TRDA,"Entrada Therapeutics, Inc.",Healthcare,Biotechnology,United States,NASDAQ,276790992.0,7.13,49.25,49.16,5,46.4,1765,False,-55.52,40.91,-26.27,-20.49,-31.49,-39.81,-43.61,9.6705,8.9677,10.4067,11.8449,12.6445,1861254,1217,2026-09-04,49.96,38820616.0
NASDAQ:TSEM,TSEM,Tower Semiconductor Ltd.,Technology,Semiconductors,Israel,NASDAQ,25131365902.0,222.34,49.25,48.54,5,46.4,1766,True,-29.83,251.75,19.45,35.98,113.8,177.64,216.01,186.1337,163.5077,103.9957,80.0813,70.3585,318925192,1255,2026-09-04,41.75,113031240.0
NASDAQ:ANAB,ANAB,"AnaptysBio, Inc.",Healthcare,Biotechnology,United States,NASDAQ,1681761721.0,56.8,49.26,49.47,5,46.5,1767,False,-18.64,339.18,22.3,38.6,103.24,138.66,160.92,46.4417,40.9818,27.9475,23.7998,21.7692,23675158,1255,2026-09-04,51.27,29608481.0
NASDAQ:LYEL,LYEL,"Lyell Immunopharma, Inc.",Healthcare,Biotechnology,United States,NASDAQ,352127624.0,14.37,49.27,49.5,5,46.5,1768,True,-62.77,23.77,-29.21,-25.84,-14.59,-41.1,-60.89,20.2997,19.3774,16.8239,24.3986,36.7421,1712615,1255,2026-09-04,48.85,24504358.0
NYSE:PFS,PFS,"Provident Financial Services, Inc",Financial Services,Banks - Regional,United States,NYSE,3093634770.0,23.72,49.27,50.25,5,46.5,1769,False,-5.26,38.63,9.27,12.92,24.72,37.11,38.55,21.7079,21.0069,19.019,17.2999,17.1196,17286169,1255,2026-09-04,46.14,130423051.0
NASDAQ:RGCO,RGCO,RGC Resources Inc.,Utilities,Utilities - Regulated Gas,United States,NASDAQ,228228931.0,21.93,49.27,47.75,5,46.5,1770,False,-16.69,8.86,-0.7,0.31,5.06,10.8,12.15,22.0836,21.8616,20.8731,19.792,19.554,326476,1255,2026-09-04,46.02,10407156.0
NASDAQ:ALOV,ALOV,"Aldabra 4 Liquidity Opportunity Vehicle, Inc.",Financial Services,Shell Companies,United States,NASDAQ,299549700.0,9.98,49.28,52.52,5,46.6,1771,False,-0.2,1.63,,,,,,,,,,,680949,121,2026-09-04,49.28,30015000.0
NYSE:CHGG,CHGG,"Chegg, Inc.",Consumer Defensive,Education & Training Services,United States,NYSE,95165012.0,0.85,49.28,48.03,5,46.6,1772,False,-53.8,88.89,-5.76,-14.53,-28.41,-73.13,-87.4,0.9019,0.9945,1.1873,3.1632,6.7468,1190254,1255,2026-09-04,61.77,111958838.0
NYSE:ALLE,ALLE,Allegion plc,Industrials,Security & Protection Services,Ireland,NYSE,13360979816.0,157.12,49.29,52.53,5,46.7,1773,False,-11.91,25.56,4.46,1.55,6.99,14.92,22.32,150.4115,154.7146,146.8519,136.724,128.4515,219270509,1255,2026-09-04,46.13,85036786.0
NYSE:NVST,NVST,Envista Holdings Corporation,Healthcare,Medical Instruments & Supplies,United States,NYSE,4439217739.0,27.28,49.29,50.8,5,46.7,1774,False,-9.85,43.96,7.84,12.42,25.72,25.94,8.65,25.2977,24.2653,21.6992,21.6609,25.1089,61097309,1255,2026-09-04,52.49,162727923.0
NYSE:SNDR,SNDR,"Schneider National, Inc.",Industrials,Trucking,United States,NYSE,3227002072.0,35.04,49.29,48.96,5,46.7,1775,False,-9.36,74.83,14.34,21.18,27.73,34.23,36.05,30.6466,28.9158,27.4319,26.1036,25.7561,19284848,1255,2026-09-04,41.85,92094808.0
NASDAQ:SNEX,SNEX,StoneX Group Inc.,Financial Services,Capital Markets,United States,NASDAQ,8402085535.0,69.46,49.29,47.5,5,46.7,1776,False,-25.05,86.7,12.27,20.01,51.27,85.4,112.61,61.8669,57.8773,45.9168,37.4648,32.6697,58346555,1255,2026-09-04,49.5,120962936.0
NYSE:ABM,ABM,ABM Industries Incorporated,Industrials,Specialty Business Services,United States,NYSE,2756232427.0,47.05,49.3,51.72,5,46.8,1777,False,-4.68,27.62,9.18,8.81,1.99,4.61,6.97,43.0944,43.2394,46.131,44.9776,43.9846,16213878,1255,2026-09-04,50.97,58580923.0
NYSE:FF,FF,FutureFuel Corp.,Basic Materials,Specialty Chemicals,United States,NYSE,230722047.0,5.26,49.3,51.98,5,46.8,1778,False,-17.27,75.89,27.31,29.8,24.66,24.31,20.06,4.1317,4.0523,4.2195,4.2313,4.381,3574645,1255,2026-09-04,50.16,43863507.0
NYSE:BCC,BCC,"Boise Cascade, L.L.C.",Basic Materials,Lumber & Wood Production,United States,NYSE,2787378989.0,79.21,49.31,50.42,5,46.8,1779,False,-12.22,21.73,3.36,3.92,-14.4,-21.11,-13.41,76.6386,76.2188,92.5324,100.3995,91.4814,21184353,1255,2026-09-04,42.98,35189736.0
NYSE:CLS,CLS,"Celestica, Inc.",Technology,Electronic Components,Canada,NYSE,35914654562.0,312.35,49.31,48.07,5,46.8,1780,False,-33.88,33.67,-4.79,-1.66,46.59,101.12,160.96,328.0592,317.6167,213.0741,155.3028,119.6907,719979459,1255,2026-09-04,48.55,114982086.0
NYSE:EW,EW,Edwards Lifesciences Corporation,Healthcare,Medical Devices,United States,NYSE,51764420000.0,89.9,49.31,51.16,5,46.8,1781,True,-5.55,23.74,5.83,7.55,14.92,14.51,13.2,84.9478,83.5877,78.2277,78.5065,79.4184,255668902,1255,2026-09-04,48.68,575800000.0
NASDAQ:HAS,HAS,"Hasbro, Inc.",Consumer Cyclical,Leisure,United States,NASDAQ,13050844532.0,92.53,49.31,52.48,5,46.8,1782,False,-10.67,34.62,4.78,8.47,25.0,39.37,46.62,88.3118,85.3065,74.0217,66.3937,63.1072,136323879,1255,2026-09-04,51.16,141044467.0
NASDAQ:NRXP,NRXP,"NRX Pharmaceuticals, Inc.",Healthcare,Biotechnology,United States,NASDAQ,149373466.0,3.49,49.33,48.87,5,46.9,1783,True,-24.46,107.74,22.56,21.26,35.4,22.01,-14.5,2.8476,2.8781,2.5775,2.8603,4.0821,2884045,1255,2026-09-04,47.18,42800420.0
NASDAQ:CUE,CUE,"Cue Biopharma, Inc.",Healthcare,Biotechnology,United States,NASDAQ,115257412.0,27.44,49.34,49.42,5,46.9,1784,False,-25.39,416.76,45.82,40.62,12.2,-22.78,-47.21,18.8179,19.5141,24.457,35.535,51.9771,5251784,1255,2026-09-04,49.86,4200343.0
NASDAQ:ELTK,ELTK,Eltek Ltd.,Technology,Electronic Components,Israel,NASDAQ,55379614.0,8.24,49.34,47.94,5,46.9,1785,False,-28.66,8.42,-5.75,-10.45,-15.05,-19.72,-8.3,8.7422,9.2019,9.7,10.2643,8.9859,35562,1255,2026-09-04,40.73,6720827.0
NYSE:BAM,BAM,Brookfield Asset Management Inc Class A Limited Voting Shares,Financial Services,Asset Management,United States,NYSE,80796316843.0,50.6,49.35,51.6,5,47.0,1786,False,-14.41,20.41,5.08,2.57,0.47,12.06,,48.1525,49.3312,50.364,45.1546,,116223203,943,2026-09-04,47.68,1596765155.0
NASDAQ:DPZ,DPZ,Domino's Pizza Inc,Consumer Cyclical,Restaurants,United States,NASDAQ,11283518174.0,341.08,49.35,50.8,5,47.0,1787,False,-25.41,20.51,-5.79,-8.59,-16.08,-16.96,-12.38,362.0409,373.1485,406.4541,410.7513,389.2898,279729566,1255,2026-09-04,53.12,33081735.0
NASDAQ:PTGX,PTGX,"Protagonist Therapeutics, Inc.",Healthcare,Biotechnology,United States,NASDAQ,9371453274.0,145.72,49.35,53.16,5,47.0,1788,False,-8.13,159.33,37.39,47.41,100.59,154.47,209.54,106.063,98.8507,72.6452,57.2633,47.0769,73278408,1255,2026-09-04,53.74,64311373.0
NYSE:TOST,TOST,"Toast, Inc.",Technology,Software - Infrastructure,United States,NYSE,17518200000.0,33.95,49.35,53.77,5,47.0,1789,True,-18.15,52.04,12.74,7.1,-2.28,12.3,22.75,30.1147,31.6992,34.7426,30.2308,27.6574,299863302,1244,2026-09-04,49.22,516000000.0
NASDAQ:GCMG,GCMG,GCM Grosvenor Inc.,Financial Services,Asset Management,United States,NASDAQ,801284600.0,13.27,49.37,52.4,5,47.1,1790,False,-4.72,43.27,16.95,16.61,15.4,27.55,39.76,11.3463,11.3797,11.499,10.4034,9.4949,6503847,1255,2026-09-04,51.05,60383165.0
NASDAQ:VMET,VMET,Versamet Royalties Corporation,Basic Materials,Other Precious Metals & Mining,Canada,NASDAQ,1102190946.0,10.15,49.37,49.09,5,47.1,1791,False,-24.98,18.02,,,,,,,,,,,4587884,131,2026-09-04,51.36,108590241.0
NYSE:PCOR,PCOR,"Procore Technologies, Inc.",Technology,Software - Application,United States,NYSE,8753141430.0,58.01,49.38,53.4,5,47.2,1792,False,-27.12,51.46,1.79,-3.77,-10.44,-11.52,-8.83,56.9891,60.2847,64.7742,65.5648,63.6257,175132397,1255,2026-09-04,56.74,150890216.0
NYSE:SLG,SLG,SL Green Realty Corp,Real Estate,REIT - Office,United States,NYSE,3951676275.0,55.56,49.38,52.6,5,47.2,1793,True,-11.59,61.91,22.72,18.03,4.32,11.81,26.33,45.2753,47.0723,53.261,49.6923,43.981,43926181,1255,2026-09-04,46.52,71124483.0
NASDAQ:KYTX,KYTX,"Kyverna Therapeutics, Inc.",Healthcare,Biotechnology,United States,NASDAQ,501560499.0,8.25,49.39,49.93,5,47.2,1794,False,-26.67,113.18,-2.15,3.55,41.38,,,8.4309,7.9672,5.8355,,,6152240,645,2026-09-04,50.83,60795212.0
NASDAQ:RDWR,RDWR,Radware Ltd.,Technology,Software - Infrastructure,Israel,NASDAQ,1190092817.0,28.28,49.39,49.34,5,47.2,1795,False,-11.98,30.08,6.85,7.55,13.5,25.34,28.53,26.4659,26.2949,24.9166,22.5631,22.0018,5881255,1255,2026-09-04,50.88,42082490.0
NASDAQ:AVTX,AVTX,"Avalo Therapeutics, Inc.",Healthcare,Biotechnology,United States,NASDAQ,1017324478.0,19.23,49.43,51.15,5,47.3,1796,True,-15.92,97.03,13.66,17.68,59.71,48.94,-90.66,16.9183,16.3416,12.0407,12.911,205.8545,14551288,1255,2026-09-04,47.56,52902989.0
NYSE:ECAT,ECAT,BlackRock ESG Capital Allocation Term Trust Common Shares of Beneficial Interest,Financial Services,Asset Management,United States,NYSE,1517886365.0,15.26,49.43,51.61,5,47.3,1797,False,-2.0,24.52,8.49,9.3,17.5,27.51,38.99,14.0661,13.9616,12.9876,11.9676,10.9793,7324032,1240,2026-09-04,50.62,99468307.0
NYSE:GENI,GENI,Genius Sports Limited,Communication Services,Internet Content & Information,United Kingdom,NYSE,2002368788.0,7.49,49.43,51.71,5,47.3,1798,False,-44.52,91.07,6.49,-6.64,-14.64,-4.08,5.27,7.0336,8.0223,8.7742,7.8085,7.1152,35659347,1255,2026-09-04,51.52,267338957.0
NYSE:MTUS,MTUS,Metallus Inc.,Basic Materials,Steel,United States,NYSE,829642174.0,19.93,49.43,49.61,5,47.3,1799,True,-9.53,36.88,6.43,8.66,20.57,10.8,9.92,18.7268,18.3413,16.5298,17.9866,18.1318,6447570,1255,2026-09-04,42.2,41627806.0
NASDAQ:TCBI,TCBI,"Texas Capital Bancshares, Inc.",Financial Services,Banks - Regional,United States,NASDAQ,4288311758.0,98.64,49.43,48.22,5,47.3,1800,False,-8.26,28.49,0.72,3.66,14.28,27.35,36.12,97.935,95.1583,86.3161,77.4554,72.4652,39140468,1255,2026-09-04,45.36,43474369.0
NASDAQ:ATRO,ATRO,Astronics Corporation,Industrials,Aerospace & Defense,United States,NASDAQ,2932075594.0,76.26,49.44,50.46,5,47.4,1801,False,-18.39,149.55,23.1,34.41,100.87,153.62,202.12,61.9477,56.7384,37.9651,30.069,25.2414,57182703,1255,2026-09-04,46.42,38448408.0
NASDAQ:ERIE,ERIE,Erie Indemnity Company,Financial Services,Insurance Brokers,United States,NASDAQ,11676596390.0,252.8,49.46,51.76,5,47.4,1802,False,-23.77,22.68,0.25,-4.06,-23.42,-24.43,-17.71,252.1712,263.5099,330.0955,334.5053,307.1908,81164705,1255,2026-09-04,54.57,46189068.0
NYSE:LDI,LDI,"loanDepot, Inc.",Financial Services,Mortgage Finance,United States,NYSE,218268889.0,0.942,49.46,46.72,5,47.4,1803,False,-79.34,10.43,-43.13,-52.49,-50.07,-52.67,-51.77,1.6565,1.9829,1.8866,1.9901,1.9533,2669458,1255,2026-09-04,49.23,231707950.0
NYSE:CXT,CXT,"Crane NXT, Co.",Industrials,Specialty Industrial Machinery,United States,NYSE,2880570892.0,50.06,49.48,50.7,5,47.5,1804,True,-26.27,39.05,5.21,-1.22,-5.39,-7.14,-1.58,47.5819,50.6791,52.9108,53.9078,50.8614,23097763,1255,2026-09-04,49.13,57542367.0
NASDAQ:MNDY,MNDY,monday.com Ltd.,Technology,Software - Application,Israel,NASDAQ,3849904017.0,91.07,49.48,51.61,5,47.5,1805,False,-58.44,54.85,-4.08,-20.47,-52.23,-53.01,-49.2,94.9483,114.5139,190.6511,193.8154,179.2684,127528509,1255,2026-09-04,57.68,42274119.0
NASDAQ:PRAX,PRAX,"Praxis Precision Medicines, Inc.",Healthcare,Biotechnology,United States,NASDAQ,9808031481.0,351.81,49.48,51.5,5,47.5,1806,False,-8.94,833.06,14.27,31.99,117.91,192.39,261.11,307.883,266.5464,161.4502,120.3206,97.4242,129795861,1255,2026-09-04,50.85,27878774.0
NYSE:LADR,LADR,Ladder Capital Corp,Real Estate,REIT - Mortgage,United States,NYSE,1247085928.0,9.83,49.49,49.63,5,47.6,1807,False,-9.15,6.48,-1.72,-2.04,-1.36,2.03,7.36,10.0016,10.0344,9.9659,9.6343,9.1559,9176417,1255,2026-09-04,49.05,126865303.0
NASDAQ:SRTS,SRTS,"Sensus Healthcare, Inc.",Healthcare,Medical Devices,United States,NASDAQ,52513968.0,3.19,49.49,50.67,5,47.6,1808,False,-39.81,18.59,-15.06,-13.35,-31.54,-27.72,-35.76,3.7556,3.6816,4.6598,4.4132,4.966,157672,1255,2026-09-04,52.64,16462059.0
NASDAQ:SUIG,SUIG,Sui Group Holdings Limited,Financial Services,Credit Services,United States,NASDAQ,79282000.0,0.98,49.49,47.88,5,47.6,1809,False,-84.27,21.44,-31.2,-47.61,-55.36,-58.82,-58.27,1.4245,1.8705,2.1952,2.38,2.3483,647428,1255,2026-09-04,53.47,80900000.0
NASDAQ:VNCE,VNCE,Vince Holding Corp.,Consumer Cyclical,Apparel Manufacturing,United States,NASDAQ,82222682.0,6.4,49.5,50.66,5,47.6,1810,False,-18.68,332.43,50.2,61.39,112.74,136.66,79.55,4.2611,3.9655,3.0083,2.7043,3.5645,675607,1255,2026-09-04,47.93,12847294.0
NYSE:MAGN,MAGN,Magnera Corporation,Consumer Defensive,Household & Personal Products,United States,NYSE,446424000.0,12.54,49.51,49.74,5,47.6,1811,True,-17.82,57.54,1.21,5.05,-14.12,-27.07,-47.35,12.3901,11.9374,14.6013,17.1939,23.8171,4967553,1255,2026-09-04,47.28,35600000.0
NYSE:ALIT,ALIT,"Alight, Inc.",Technology,Software - Application,United States,NYSE,393027877.0,14.92,49.52,48.47,5,47.7,1812,False,-79.92,52.24,-31.57,-49.76,-79.97,-85.16,-87.24,21.8037,29.6996,74.5007,100.5257,116.9677,6153466,1255,2026-09-04,49.33,26342351.0
NASDAQ:STLD,STLD,"Steel Dynamics, Inc.",Basic Materials,Steel,United States,NASDAQ,34693996981.0,242.06,49.52,49.38,5,47.7,1813,False,-14.2,88.01,15.46,23.41,50.38,65.12,80.28,209.6505,196.1435,160.9667,146.5927,134.2703,284275232,1255,2026-09-04,52.74,143328088.0
NASDAQ:PRLD,PRLD,Prelude Therapeutics Incorporated,Healthcare,Biotechnology,United States,NASDAQ,354447759.0,5.46,49.53,52.13,5,47.7,1814,True,-17.65,454.31,50.9,72.69,149.55,98.05,54.2,3.6183,3.1618,2.188,2.7569,3.5408,3498972,1255,2026-09-04,45.75,64917172.0
NASDAQ:BGM,BGM,BGM Group Ltd.,Healthcare,Drug Manufacturers - Specialty & Generic,China,NASDAQ,108477657.0,0.285,49.54,47.83,5,47.8,1815,False,-97.57,14.0,-83.08,-91.27,-95.56,-94.79,-94.8,1.6845,3.2633,6.4183,5.4705,5.4854,90455,1255,2026-09-04,48.98,380623358.0
NYSE:SKYH,SKYH,Sky Harbour Group Corporation,Real Estate,Real Estate - Development,United States,NYSE,361367042.0,10.48,49.54,51.02,5,47.8,1816,False,-8.79,26.27,8.46,7.7,0.41,3.05,18.75,9.6622,9.7304,10.4376,10.1698,8.8255,2196735,1255,2026-09-04,46.97,34481588.0
NASDAQ:AMZN,AMZN,"Amazon.com, Inc.",Consumer Cyclical,Internet Retail,United States,NASDAQ,2780820360300.0,258.51,49.55,50.72,5,47.8,1817,False,-8.98,30.04,8.11,9.07,16.13,27.23,43.7,239.1228,237.0028,222.596,203.1774,179.8943,8581308314,1255,2026-09-04,49.9,10757109436.0
NASDAQ:FFBC,FFBC,First Financial Bancorp.,Financial Services,Banks - Regional,United States,NASDAQ,3461463985.0,32.98,49.55,49.85,5,47.8,1818,False,-8.11,46.87,12.59,16.89,25.72,36.31,42.88,29.2914,28.2137,26.2324,24.1945,23.0825,20708938,1255,2026-09-04,47.33,104956458.0
NASDAQ:NSSC,NSSC,"NAPCO Security Technologies, Inc.",Industrials,Security & Protection Services,United States,NASDAQ,1322268742.0,37.01,49.57,48.87,5,47.9,1819,False,-21.04,6.3,-7.18,-8.23,3.69,1.91,6.37,39.8711,40.3307,35.693,36.3176,34.7924,18823640,1255,2026-09-04,49.82,35727337.0
NASDAQ:CAMT,CAMT,Camtek Ltd.,Technology,Semiconductor Equipment & Materials,Israel,NASDAQ,6798788240.0,145.72,49.58,48.46,5,47.9,1820,False,-29.76,85.04,-4.15,1.9,31.86,44.81,76.33,152.0317,143.0055,110.5117,100.6292,82.6396,62804014,1255,2026-09-04,44.69,46656521.0
NASDAQ:JOUT,JOUT,Johnson Outdoors Inc.,Consumer Cyclical,Leisure,United States,NASDAQ,429130717.0,46.3,49.58,49.67,5,47.9,1821,True,-12.83,28.0,1.5,4.17,24.52,20.71,10.15,45.6152,44.4459,37.1838,38.3553,42.0343,2222349,1255,2026-09-04,44.01,9268482.0
NYSE:MCO,MCO,Moody's Corporation,Financial Services,Financial Data & Stock Exchanges,United States,NYSE,85473474653.0,493.55,49.59,51.59,5,47.9,1822,False,-7.93,20.53,4.77,4.25,4.12,11.56,21.76,471.0871,473.4469,474.0365,442.4048,405.3411,337234467,1255,2026-09-04,55.96,173180984.0
NYSE:RYAM,RYAM,Rayonier Advanced Materials Inc.,Basic Materials,Chemicals,United States,NYSE,573227666.0,8.5,49.59,49.89,5,47.9,1823,False,-27.66,53.99,0.91,5.05,18.08,35.21,39.41,8.4234,8.0913,7.1984,6.2865,6.097,6654501,1255,2026-09-04,50.76,67438549.0
NYSE:HRB,HRB,"H&R Block, Inc.",Consumer Cyclical,Personal Services,United States,NYSE,6218855755.0,49.06,49.6,54.72,5,48.0,1824,False,-8.63,79.0,29.44,22.6,5.14,6.74,14.88,37.9023,40.0169,46.6625,45.9604,42.7057,117433895,1255,2026-09-04,58.9,126760207.0
NYSE:IFS,IFS,Intercorp Financial Services Inc.,Financial Services,Banks - Regional,Peru,NYSE,6191188898.0,55.74,49.61,49.69,5,48.0,1825,False,-8.14,50.7,14.87,19.49,45.29,71.95,90.2,48.5255,46.6481,38.3656,32.4168,29.306,12517075,1255,2026-09-04,53.54,111072639.0
NASDAQ:IVVD,IVVD,"Invivyd, Inc.",Healthcare,Biotechnology,United States,NASDAQ,243345755.0,0.826,49.61,49.58,5,48.0,1826,False,-71.32,54.39,-44.7,-45.31,-28.73,-47.08,-51.06,1.4935,1.5104,1.1589,1.5609,1.6877,3639863,1255,2026-09-04,50.41,294607452.0
NYSE:WBI,WBI,WaterBridge Infrastructure LLC Class A Shares Representing Limited Liability Company Interests,Energy,Oil & Gas Equipment & Services,United States,NYSE,1514387260.0,32.21,49.61,49.86,5,48.0,1827,False,-10.91,72.61,18.5,,,,,27.1806,,,,,16085254,244,2026-09-04,49.82,47016059.0
NASDAQ:CASS,CASS,"Cass Information Systems, Inc",Industrials,Specialty Business Services,United States,NASDAQ,714711176.0,55.81,49.62,53.69,5,48.1,1828,True,-4.12,55.91,18.99,23.29,30.06,33.73,37.15,46.9026,45.2684,42.9119,41.7322,40.6914,4529114,1255,2026-09-04,48.87,12806149.0
NYSE:PB,PB,"Prosperity Bancshares, Inc.",Financial Services,Banks - Regional,United States,NYSE,8726619906.0,72.81,49.63,50.24,5,48.1,1829,False,-3.24,20.72,4.13,6.02,5.31,11.69,14.38,69.9207,68.6789,69.1408,65.1871,63.6557,56752220,1255,2026-09-04,46.9,119854689.0
NYSE:AXR,AXR,AMREP Corporation,Real Estate,Real Estate - Development,United States,NYSE,122762305.0,23.14,49.64,46.69,5,48.2,1830,False,-18.49,23.09,-3.72,-3.11,-7.13,-0.77,10.52,24.0342,23.8833,24.9156,23.3206,20.9365,219862,1255,2026-09-04,46.32,5305199.0
NYSE:BMO,BMO,Bank Of Montreal,Financial Services,Banks - Diversified,Canada,NYSE,122853074973.0,175.4,49.64,50.44,5,48.2,1831,False,-5.6,48.48,16.51,20.75,45.15,63.06,74.27,150.5449,145.2608,120.8394,107.5657,100.6467,155938952,1255,2026-09-04,52.48,700416619.0
NYSE:WOLF,WOLF,"Wolfspeed, Inc. Common Stock New",Technology,Semiconductors,United States,NYSE,1473409063.0,28.35,49.66,47.42,5,48.2,1832,False,-61.43,91.55,-1.67,,,,,28.8327,,,,,107544946,236,2026-09-04,45.76,51972101.0
NYSE:BCS,BCS,Barclays PLC,Financial Services,Banks - Diversified,United Kingdom,NYSE,91035303732.0,27.0,49.67,50.58,5,48.2,1833,False,-4.4,42.72,9.9,13.96,40.09,72.49,100.75,24.5673,23.6918,19.2736,15.6527,13.4494,77682530,1255,2026-09-04,48.47,3371677916.0
NASDAQ:CRAI,CRAI,"CRA International,Inc.",Industrials,Consulting Services,United States,NASDAQ,1104740193.0,170.91,49.68,51.86,5,48.3,1834,False,-22.67,24.96,1.01,-1.33,-3.24,6.61,17.28,169.2085,173.2148,176.6263,160.3076,145.7339,19685559,1255,2026-09-04,52.37,6463871.0
NYSE:FLUT,FLUT,Flutter Entertainment plc,Consumer Cyclical,Gambling,United States,NYSE,17367196125.0,100.11,49.69,49.16,5,48.3,1835,False,-66.1,8.37,-23.98,-36.11,-51.74,-50.13,-47.65,131.695,156.6865,207.4451,200.7438,191.2431,254893695,1255,2026-09-04,52.77,173481132.0
NYSE:RSI,RSI,"Rush Street Interactive, Inc.",Consumer Cyclical,Gambling,United States,NYSE,2746801328.0,26.68,49.7,47.78,5,48.3,1836,False,-22.71,67.9,13.23,17.57,48.17,88.69,131.36,23.5624,22.6933,18.0069,14.1399,11.5317,46931598,1255,2026-09-04,50.34,102953573.0
NASDAQ:WSE,WSE,Wise Group plc,Technology,Information Technology Services,United Kingdom,NASDAQ,12619797102.0,12.78,49.71,49.65,5,48.3,1837,False,-17.01,22.88,,,,,,,,,,,13298748,82,2026-09-04,58.31,987464562.0
NASDAQ:LBTYA,LBTYA,Liberty Global Ltd.,Communication Services,Telecom Services,Bermuda,NASDAQ,1876790136.0,10.62,49.72,48.57,5,48.4,1838,False,-18.5,9.6,-6.95,-6.66,-5.25,1.42,3.62,11.4134,11.3772,11.2087,10.4715,10.2493,21706419,1255,2026-09-04,50.86,176722235.0
NASDAQ:WRAP,WRAP,"Wrap Technologies, Inc.",Technology,Scientific & Technical Instruments,United States,NASDAQ,93082878.0,1.67,49.72,49.76,5,48.4,1839,False,-46.13,57.55,-7.42,-13.1,-6.61,-14.03,-11.62,1.8038,1.9217,1.7881,1.9424,1.8895,1385792,1255,2026-09-04,50.23,55738250.0
NASDAQ:BATRA,BATRA,"Atlanta Braves Holdings, Inc. - Series A",Communication Services,Entertainment,United States,NASDAQ,576373926.0,55.86,49.73,50.63,5,48.4,1840,False,-3.34,33.25,11.71,14.57,20.57,24.7,31.36,50.0039,48.7578,46.3282,44.7971,42.5238,4186404,1255,2026-09-04,50.71,10318187.0
NASDAQ:GHRS,GHRS,GH Research PLC,Healthcare,Biotechnology,Ireland,NASDAQ,1936829783.0,28.23,49.73,51.73,5,48.4,1841,True,-7.87,136.43,42.34,52.39,93.68,119.0,128.65,19.8322,18.525,14.5753,12.8906,12.3462,7597598,1255,2026-09-04,47.71,68608919.0
NYSE:CVS,CVS,CVS Health Corporation,Healthcare,Healthcare Plans,United States,NYSE,123433207679.0,96.74,49.74,48.62,5,48.5,1842,False,-11.99,42.06,12.98,15.82,36.51,42.75,40.02,85.6264,83.5237,70.8645,67.7704,69.0894,633761761,1255,2026-09-04,51.18,1275927307.0
NASDAQ:TBBK,TBBK,"The Bancorp, Inc.",Financial Services,Banks - Regional,United States,NASDAQ,2784094936.0,66.87,49.74,51.46,5,48.5,1843,False,-16.77,29.9,8.19,4.22,11.48,26.65,41.55,61.8081,64.161,59.9861,52.7996,47.2411,17806846,1255,2026-09-04,53.58,41634439.0
NASDAQ:FAST,FAST,Fastenal Company,Industrials,Industrial Distribution,United States,NASDAQ,56915879621.0,49.6,49.77,51.96,5,48.5,1844,False,-5.31,28.77,10.28,10.87,18.61,29.92,43.18,44.9772,44.7367,41.8194,38.1762,34.6423,315282421,1255,2026-09-04,47.55,1147497573.0
NASDAQ:KALU,KALU,Kaiser Aluminum Corporation,Basic Materials,Aluminum,United States,NASDAQ,2684357415.0,164.19,49.77,48.99,5,48.5,1845,True,-15.71,127.29,13.01,24.33,62.62,81.06,94.2,145.2894,132.0588,100.9645,90.6813,84.545,37896499,1255,2026-09-04,46.51,16349092.0
NASDAQ:SUPX,SUPX,SuperX AI Technology Limited,Technology,Software - Infrastructure,Singapore,NASDAQ,351146972.0,8.12,49.8,50.43,5,48.6,1846,False,-89.17,39.76,-30.49,-61.75,-47.64,,,11.6817,21.2296,15.5079,,,4277002,599,2026-09-04,56.31,43244701.0
NASDAQ:ITRI,ITRI,"Itron, Inc.",Technology,Scientific & Technical Instruments,United States,NASDAQ,4247752909.0,97.01,49.82,52.34,5,48.6,1847,True,-29.79,24.34,5.04,-1.17,-8.07,-1.27,10.08,92.3544,98.1589,105.5264,98.2579,88.1241,50450904,1255,2026-09-04,45.84,43786753.0
NASDAQ:RR,RR,Richtech Robotics Inc.,Industrials,Specialty Industrial Machinery,United States,NASDAQ,321406972.0,1.75,49.82,48.98,5,48.6,1848,True,-75.21,29.63,-33.57,-42.79,-27.91,,,2.6343,3.0588,2.4276,,,11630182,701,2026-09-04,48.47,183661127.0
NYSE:SQM,SQM,Sociedad Quimica y Minera S.A.,Basic Materials,Specialty Chemicals,Chile,NYSE,10915648833.0,76.43,49.82,50.95,5,48.6,1849,False,-19.23,89.6,1.06,10.3,42.53,48.79,33.12,75.6296,69.2956,53.6238,51.3684,57.4162,70381119,1255,2026-09-04,59.01,142818904.0
NASDAQ:BRAI,BRAI,Braiin Limited,Technology,Computer Hardware,Australia,NASDAQ,1160276724.0,5.63,49.83,47.62,5,48.7,1850,True,-62.07,22.39,,,,,,,,,,,264656,142,2026-09-04,49.11,206088228.0
NYSE:GPGI,GPGI,"GPGI, Inc.",Industrials,Metal Fabrication,United States,NYSE,3950811495.0,13.63,49.83,48.94,5,48.7,1851,False,-47.55,18.34,-21.26,-23.8,-11.63,13.31,32.91,17.3106,17.8873,15.4238,12.0286,10.2549,22626707,1255,2026-09-04,53.27,289861445.0
NYSE:KODK,KODK,Eastman Kodak Company Common New,Industrials,Specialty Business Services,United States,NYSE,909554878.0,9.29,49.84,50.2,5,48.7,1852,True,-35.98,61.57,2.54,8.75,26.65,45.51,58.01,9.0595,8.5425,7.335,6.3845,5.8794,8557674,1255,2026-09-04,46.47,97906876.0
NASDAQ:OGI,OGI,Organigram Global Inc.,Healthcare,Drug Manufacturers - Specialty & Generic,Canada,NASDAQ,162595150.0,1.155,49.84,52.45,5,48.7,1853,False,-45.26,32.61,-13.65,-18.69,-19.47,-23.45,-36.95,1.3375,1.4205,1.4343,1.5088,1.8319,2274370,1255,2026-09-04,52.17,140775022.0
AMEX:HYLN,HYLN,Hyliion Holdings Corp.,Consumer Cyclical,Auto Parts,United States,AMEX,658027516.0,3.69,49.85,47.59,5,48.8,1854,False,-54.44,133.54,20.04,28.82,52.09,79.42,73.54,3.0739,2.8646,2.4262,2.0566,2.1263,11727392,1255,2026-09-04,48.99,178327240.0
NASDAQ:PHVS,PHVS,Pharvaris N.V.,Healthcare,Biotechnology,Switzerland,NASDAQ,2463260342.0,35.25,49.86,51.66,5,48.8,1855,False,-5.52,68.18,19.36,24.86,50.29,54.89,81.17,29.5333,28.2317,23.455,22.7576,19.4565,23365159,1255,2026-09-04,52.36,69879726.0
NASDAQ:PRQR,PRQR,ProQR Therapeutics N.V.,Healthcare,Biotechnology,Netherlands,NASDAQ,292121455.0,2.07,49.86,52.99,5,48.8,1856,False,-32.13,51.09,15.92,8.48,-0.62,3.3,4.69,1.7857,1.9081,2.0829,2.004,1.9772,1954437,1255,2026-09-04,51.11,141121476.0
NASDAQ:ZG,ZG,"Zillow Group, Inc.",Communication Services,Internet Content & Information,United States,NASDAQ,1496163959.0,35.32,49.86,50.43,5,48.8,1857,False,-59.29,21.21,-24.25,-32.56,-42.39,-37.45,-32.9,46.6297,52.3725,61.3072,56.4692,52.6371,33749491,1255,2026-09-04,52.87,42360248.0
NASDAQ:ESQ,ESQ,"Esquire Financial Holdings, Inc.",Financial Services,Banks - Regional,United States,NASDAQ,1028932624.0,118.96,49.88,49.49,5,48.9,1858,False,-10.37,28.95,7.32,9.71,26.05,50.81,71.27,110.8461,108.4335,94.379,78.88,69.4575,17832983,1255,2026-09-04,53.88,8649400.0
NASDAQ:CAPR,CAPR,"Capricor Therapeutics, Inc.",Healthcare,Biotechnology,United States,NASDAQ,544371794.0,9.4,49.89,43.67,5,48.9,1859,True,-73.4,144.16,-59.78,-52.74,-41.51,-23.34,-9.52,23.3707,19.8914,16.0714,12.2614,10.3895,85768626,1255,2026-09-04,49.23,57911893.0
NASDAQ:CYRX,CYRX,"CryoPort, Inc.",Industrials,Integrated Freight & Logistics,United States,NASDAQ,796860569.0,15.81,49.9,51.47,5,48.9,1860,False,-7.71,104.79,33.57,39.26,70.68,50.23,20.59,11.8364,11.3525,9.2628,10.5236,13.1104,8194381,1255,2026-09-04,50.52,50402313.0
NYSE:FOUR,FOUR,"Shift4 Payments, Inc.",Technology,Software - Infrastructure,United States,NYSE,3644370769.0,45.94,49.9,49.4,5,48.9,1861,True,-47.55,28.94,-11.07,-19.35,-39.66,-37.17,-33.87,51.6609,56.9594,76.1362,73.12,69.4697,84731499,1255,2026-09-04,45.57,79328924.0
NYSE:CFG,CFG,"Citizens Financial Group, Inc.",Financial Services,Banks - Regional,United States,NYSE,29917124775.0,70.78,49.92,50.8,5,49.0,1862,False,-5.29,50.67,11.8,16.72,38.51,60.64,75.03,63.3104,60.6407,51.1017,44.0614,40.4376,209988741,1255,2026-09-04,50.16,422677660.0
NASDAQ:FEAM,FEAM,"5E Advanced Materials, Inc.",Basic Materials,Specialty Chemicals,United States,NASDAQ,64763748.0,1.56,49.92,50.78,5,49.0,1863,False,-77.83,48.57,-26.97,-40.94,-69.19,-89.84,-97.18,2.1362,2.6414,5.0635,15.3594,55.3725,1846680,1124,2026-09-04,50.98,41515223.0
NASDAQ:ECPG,ECPG,Encore Capital Group Inc,Financial Services,Credit Services,United States,NASDAQ,2086152088.0,97.3,49.93,51.98,5,49.1,1864,False,-6.21,140.07,30.96,42.98,76.21,86.31,88.42,74.2971,68.0535,55.2196,52.2254,51.6391,37335540,1255,2026-09-04,49.29,21440412.0
NASDAQ:LKFN,LKFN,Lakeland Financial Corporation,Financial Services,Banks - Regional,United States,NASDAQ,1505702059.0,60.57,49.93,49.3,5,49.1,1865,False,-7.82,11.98,2.66,2.3,0.5,3.31,3.61,59.0017,59.2078,60.2662,58.628,58.4616,8547244,1255,2026-09-04,45.85,24858875.0
NYSE:RYZ,RYZ,Ryerson Holding Corporation,Industrials,Metal Fabrication,United States,NYSE,1365453560.0,26.31,49.95,48.98,5,49.1,1866,True,-14.6,35.4,1.89,5.22,14.32,9.75,2.45,25.8209,25.0057,23.0148,23.9735,25.681,11774741,1255,2026-09-04,46.97,51898653.0
NYSE:TSLX,TSLX,"Sixth Street Specialty Lending, Inc.",Financial Services,Asset Management,United States,NYSE,1746460248.0,18.38,49.95,52.47,5,49.1,1867,False,-18.3,13.46,-0.34,-2.92,-3.96,0.26,7.8,18.4435,18.932,19.1388,18.3323,17.0508,7821222,1255,2026-09-04,48.54,95019600.0
NASDAQ:YDES,YDES,YD Bio Limited,Healthcare,Biotechnology,Taiwan,NASDAQ,250742965.0,3.54,49.95,51.47,5,49.1,1868,False,-84.68,86.32,-47.77,-59.24,,,,6.7775,8.686,,,,685321,259,2026-09-04,51.78,70831346.0
NASDAQ:DNUT,DNUT,"Krispy Kreme, Inc.",Consumer Defensive,Grocery Stores,United States,NASDAQ,582712000.0,3.38,49.96,49.99,5,49.2,1869,True,-28.09,15.75,-5.38,-5.49,-35.58,-55.51,-62.61,3.5723,3.5763,5.2466,7.5975,9.0389,9850947,1255,2026-09-04,48.07,172400000.0
NASDAQ:FINW,FINW,FinWise Bancorp,Financial Services,Banks - Regional,United States,NASDAQ,191422205.0,13.985,49.96,49.33,5,49.2,1870,False,-37.82,7.74,-11.35,-15.03,-15.19,-4.34,5.59,15.776,16.4592,16.4893,14.6192,13.244,335537,1202,2026-09-04,50.34,13687680.0
NASDAQ:CIVB,CIVB,"Civista Bancshares, Inc.",Financial Services,Banks - Regional,United States,NASDAQ,577455989.0,27.77,49.97,50.46,5,49.3,1871,False,-4.63,43.11,12.25,16.35,27.24,43.34,47.29,24.7389,23.8671,21.8241,19.3736,18.8536,4561978,1255,2026-09-04,46.22,20794238.0
NASDAQ:SANM,SANM,Sanmina Corporation,Technology,Electronic Components,United States,NASDAQ,10637467245.0,198.47,49.97,48.61,5,49.3,1872,False,-29.8,75.42,8.22,14.76,54.41,88.11,112.57,183.3897,172.9442,128.5362,105.5094,93.369,118047971,1255,2026-09-04,48.28,53597356.0
NASDAQ:SKIN,SKIN,SkinHealth Systems Inc.,Consumer Defensive,Household & Personal Products,United States,NASDAQ,88776027.0,0.685,49.97,48.85,5,49.3,1873,False,-73.95,18.1,-31.47,-40.45,-49.85,-65.54,-83.28,0.9996,1.1503,1.366,1.9877,4.0961,252882,1255,2026-09-04,51.82,129600040.0
NYSE:CPA,CPA,"Copa Holdings, S.A.",Industrials,Airlines,Panama,NYSE,3950953234.0,132.31,49.98,48.28,5,49.3,1874,False,-14.7,25.88,3.55,5.52,22.76,33.42,41.98,127.7711,125.3853,107.7791,99.1646,93.1893,31303290,1255,2026-09-04,44.22,29861335.0
NASDAQ:CORT,CORT,Corcept Therapeutics Incorporated,Healthcare,Biotechnology,United States,NASDAQ,12065943073.0,111.62,50.0,55.16,5,49.3,1875,False,-9.67,247.19,67.06,61.83,70.95,111.09,144.2,66.8135,68.9738,65.2937,52.8787,45.7083,94069586,1255,2026-09-04,52.0,108098397.0
NASDAQ:ELMT,ELMT,The Elmet Group Co.,Industrials,Aerospace & Defense,United States,NASDAQ,503062101.0,16.78,50.01,50.06,5,49.4,1876,False,-24.04,31.71,,,,,,,,,,,6355020,94,2026-09-04,47.74,29979863.0
NYSE:GDOT,GDOT,"Green Dot Corporation Class A Common Stock, $0.001 par value",Financial Services,Credit Services,United States,NYSE,755580458.0,13.33,50.01,51.15,5,49.4,1877,False,-12.59,26.59,6.47,5.79,17.52,22.49,5.19,12.5198,12.6002,11.3431,10.8827,12.6721,4536606,1255,2026-09-04,48.66,56682705.0
NYSE:ZBH,ZBH,"Zimmer Biomet Holdings, Inc.",Healthcare,Medical Devices,United States,NYSE,18972865610.0,98.07,50.01,52.91,5,49.4,1878,False,-6.27,23.56,7.72,6.13,1.17,-4.44,-8.62,91.0408,92.4042,96.9356,102.6249,107.3166,167859393,1255,2026-09-04,52.76,193462482.0
NYSE:PK,PK,Park Hotels & Resorts Inc.,Real Estate,REIT - Hotel & Motel,United States,NYSE,3072781602.0,15.26,50.02,52.87,5,49.4,1879,True,-5.63,65.45,27.4,31.12,36.05,34.19,42.0,11.978,11.6381,11.2161,11.3723,10.7465,59224188,1255,2026-09-04,47.17,201361835.0
NASDAQ:SHEN,SHEN,Shenandoah Telecommunications Co,Communication Services,Telecom Services,United States,NASDAQ,697041321.0,12.59,50.02,47.89,5,49.4,1880,True,-26.37,27.17,-6.61,-5.52,-4.01,-15.98,-20.95,13.4812,13.3251,13.1156,14.9846,15.9268,4703996,1255,2026-09-04,49.38,55364680.0
NYSE:NVO,NVO,Novo Nordisk A/S,Healthcare,Drug Manufacturers - General,Denmark,NYSE,155971296032.0,46.6,50.03,50.16,5,49.5,1881,False,-23.53,35.76,3.43,0.3,-25.86,-40.35,-37.64,45.0561,46.4594,62.8527,78.1171,74.731,502197782,1255,2026-09-04,54.27,3347023520.0
NYSE:BJ,BJ,"BJ's Wholesale Club Holdings, Inc.",Consumer Defensive,Discount Stores,United States,NYSE,11899802649.0,93.19,50.04,50.35,5,49.5,1882,False,-9.33,11.18,-0.21,-0.24,-4.1,3.81,9.56,93.3876,93.4186,97.1727,89.766,85.0592,186172102,1255,2026-09-04,50.04,127693987.0
NASDAQ:NMFC,NMFC,New Mountain Finance Corporation,Financial Services,Asset Management,United States,NASDAQ,706503877.0,7.48,50.04,51.01,5,49.5,1883,False,-18.87,9.68,-3.82,-5.92,-12.44,-14.91,-13.3,7.7773,7.9509,8.5429,8.7911,8.6273,3032240,1255,2026-09-04,49.56,94452390.0
NYSE:JBI,JBI,"Janus International Group, Inc.",Industrials,Building Products & Equipment,United States,NYSE,694237616.0,5.09,50.05,48.69,5,49.6,1884,False,-51.29,8.76,-12.0,-22.08,-31.77,-44.74,-45.96,5.7844,6.5322,7.4597,9.211,9.4197,9424269,1255,2026-09-04,46.96,136392459.0
NYSE:NVT,NVT,nVent Electric plc,Industrials,Electrical Equipment & Parts,United Kingdom,NYSE,25233242126.0,156.03,50.05,49.47,5,49.6,1885,False,-15.25,71.78,15.45,21.91,58.83,80.01,107.45,135.1468,127.9923,98.2347,86.6772,75.215,374768933,1255,2026-09-04,45.89,161720452.0
NASDAQ:ONCY,ONCY,Oncolytics Biotech Inc.,Healthcare,Biotechnology,United States,NASDAQ,100257416.0,0.84,50.06,49.59,5,49.6,1886,False,-40.85,12.0,-10.05,-15.34,-8.06,-19.25,-30.61,0.9339,0.9923,0.9136,1.0402,1.2105,565102,1255,2026-09-04,54.5,119354067.0
NASDAQ:CURI,CURI,CuriosityStream Inc.,Communication Services,Broadcasting,United States,NASDAQ,160669396.0,2.71,50.07,50.38,5,49.7,1887,False,-44.78,18.8,-11.2,-17.73,-10.14,21.2,40.3,3.0518,3.294,3.0159,2.2361,1.9316,7872146,1255,2026-09-04,53.35,59287600.0
NYSE:UBER,UBER,"Uber Technologies, Inc.",Technology,Software - Application,United States,NYSE,154216981225.0,75.76,50.07,51.31,5,49.7,1888,False,-24.32,14.89,-0.74,-5.59,-4.36,2.27,18.25,76.3218,80.2447,79.2149,74.0778,64.0703,1192647093,1255,2026-09-04,50.63,2035599013.0
NASDAQ:GPRE,GPRE,"Green Plains, Inc.",Basic Materials,Chemicals,United States,NASDAQ,1081966188.0,15.45,50.08,49.06,5,49.7,1889,True,-19.66,75.77,7.81,14.91,42.59,5.99,-18.45,14.331,13.4448,10.8351,14.5773,18.9458,24423847,1255,2026-09-04,45.68,70030174.0
NASDAQ:CARE,CARE,"Carter Bankshares, Inc.",Financial Services,Banks - Regional,United States,NASDAQ,708802513.0,31.98,50.1,50.53,5,49.8,1890,False,-10.2,89.86,26.96,34.18,55.76,76.18,82.29,25.1888,23.8339,20.5321,18.1515,17.5435,9987422,1255,2026-09-04,48.25,22163931.0
NYSE:PIM,PIM,Franklin Master Intermediate Income Trust Shares of Beneficial Interest,Financial Services,Asset Management,United States,NYSE,151780674.0,3.15,50.1,51.18,5,49.8,1891,False,-2.41,4.32,0.7,0.49,3.78,9.22,13.74,3.1281,3.1346,3.0352,2.8841,2.7696,133416,1255,2026-09-04,52.88,48184341.0
NASDAQ:PPHC,PPHC,"Public Policy Holding Company, Inc.",Industrials,Consulting Services,United States,NASDAQ,319577074.0,10.65,50.1,51.14,5,49.8,1892,False,-27.1,45.49,,,,,,,,,,,1126825,153,2026-09-04,56.26,30007237.0
NASDAQ:UTMD,UTMD,"Utah Medical Products, Inc.",Healthcare,Medical Instruments & Supplies,United States,NASDAQ,226384177.0,71.1,50.11,51.34,5,49.8,1893,True,-3.88,34.14,10.28,11.99,16.85,10.34,1.45,64.473,63.4853,60.8447,64.4381,70.0862,2502181,1255,2026-09-04,48.33,3184025.0
NASDAQ:SIRI,SIRI,SiriusXM Holdings Inc.,Communication Services,Entertainment,United States,NASDAQ,9771569170.0,28.99,50.13,50.13,5,49.8,1894,False,-10.24,50.24,17.7,20.93,26.11,5.86,-7.98,24.6307,23.9716,22.9879,27.3844,31.5042,105470499,1255,2026-09-04,56.7,337066891.0
NASDAQ:BNTC,BNTC,Benitec Biopharma Inc.,Healthcare,Biotechnology,United States,NASDAQ,435612955.0,12.68,50.14,50.62,5,49.9,1895,True,-23.24,26.04,4.78,0.79,3.1,26.68,48.76,12.1016,12.5804,12.2982,10.0093,8.5237,2447779,1255,2026-09-04,47.44,34354334.0
NYSE:SWK,SWK,"Stanley Black & Decker, Inc.",Industrials,Tools & Accessories,United States,NYSE,14702980168.0,97.36,50.15,52.8,5,49.9,1896,True,-6.38,62.04,20.12,23.79,25.99,23.76,25.83,81.0537,78.6466,77.279,78.6711,77.377,144997268,1255,2026-09-04,47.82,151016641.0
NASDAQ:FUSB,FUSB,"First US Bancshares, Inc.",Financial Services,Banks - Regional,United States,NASDAQ,91022484.0,16.48,50.16,50.43,5,49.9,1897,False,-2.94,44.8,7.21,11.71,22.14,36.74,49.86,15.3719,14.7523,13.4923,12.0522,10.997,628304,1255,2026-09-04,52.43,5523209.0
NYSE:GLW,GLW,Corning Incorporated,Technology,Electronic Components,United States,NYSE,132642116398.0,154.3,50.17,48.39,5,49.9,1898,False,-39.54,118.63,7.66,18.02,71.9,118.93,155.03,143.3229,130.7445,89.7596,70.4779,60.5029,1340995148,1255,2026-09-04,43.42,859637825.0
NYSE:RC,RC,Ready Capital Corporation,Real Estate,REIT - Mortgage,United States,NYSE,315383374.0,1.75,50.17,51.09,5,49.9,1899,False,-58.08,22.38,-6.21,-19.99,-52.57,-64.44,-69.11,1.8658,2.1872,3.6896,4.9219,5.6648,1839564,1255,2026-09-04,50.85,180219071.0
NASDAQ:DNTH,DNTH,"Dianthus Therapeutics, Inc.",Healthcare,Biotechnology,United States,NASDAQ,5909419787.0,108.1,50.19,52.36,5,50.0,1900,False,-6.78,307.92,42.26,59.66,139.84,194.46,247.02,75.9872,67.7082,45.0716,36.711,31.1514,65914527,1255,2026-09-04,49.76,54666233.0
NASDAQ:LECO,LECO,"Lincoln Electric Holdings, Inc.",Industrials,Tools & Accessories,United States,NASDAQ,15067571465.0,276.44,50.19,51.78,5,50.0,1901,False,-6.93,26.48,6.07,8.44,22.04,26.59,36.37,260.6171,254.9197,226.5166,218.3705,202.7147,131075255,1255,2026-09-04,47.83,54505757.0
NASDAQ:PCYO,PCYO,Pure Cycle Corporation,Utilities,Utilities - Regulated Water,United States,NASDAQ,269649570.0,11.19,50.2,51.65,6,50.0,1902,True,-6.28,13.6,1.93,1.78,1.55,5.24,7.12,10.9785,10.9948,11.0194,10.6328,10.4462,979529,1255,2026-09-04,48.08,24097370.0
NASDAQ:CGNX,CGNX,Cognex Corporation,Technology,Scientific & Technical Instruments,United States,NASDAQ,10359610825.0,62.25,50.21,49.49,6,50.1,1903,False,-13.92,79.64,16.56,21.03,43.85,46.88,42.02,53.4054,51.4329,43.275,42.3805,43.8333,125282373,1255,2026-09-04,46.56,166419451.0
NASDAQ:GH,GH,"Guardant Health, Inc.",Healthcare,Diagnostics & Research,United States,NASDAQ,21660603800.0,161.41,50.21,52.59,6,50.1,1904,True,-5.56,194.6,37.51,49.7,118.44,179.62,207.65,117.3845,107.8213,73.8932,57.7239,52.4653,332782116,1255,2026-09-04,49.82,134196170.0
NYSE:RACE,RACE,Ferrari N.V.,Consumer Cyclical,Auto Manufacturers,Italy,NYSE,72054792878.0,409.95,50.21,53.32,6,50.1,1905,False,-17.74,31.8,12.98,8.56,-1.34,2.09,12.81,362.8447,377.6106,415.527,401.564,363.3835,152561523,1255,2026-09-04,55.63,175764832.0
NYSE:TPVG,TPVG,TriplePoint Venture Growth BDC Corp.,Financial Services,Asset Management,United States,NYSE,212332671.0,5.23,50.22,52.42,6,50.2,1906,False,-14.99,21.4,-0.08,0.37,-3.65,-9.77,-13.57,5.2343,5.2109,5.428,5.7961,6.0511,930409,1255,2026-09-04,57.7,40598981.0
NYSE:WGO,WGO,"Winnebago Industries, Inc.",Consumer Cyclical,Recreational Vehicles,United States,NYSE,877183750.0,31.03,50.22,50.29,6,50.2,1907,True,-36.32,13.79,-10.47,-9.78,-17.17,-29.93,-33.68,34.6574,34.3924,37.4607,44.2861,46.7912,14658199,1255,2026-09-04,43.73,28268893.0
NYSE:KO,KO,Coca-Cola Company (The),Consumer Defensive,Beverages - Non-Alcoholic,United States,NYSE,378925511831.0,88.07,50.25,53.47,6,50.2,1908,False,-4.26,36.86,13.07,16.55,24.62,33.41,39.15,77.8865,75.5632,70.6686,66.0163,63.2905,1280643018,1255,2026-09-04,53.96,4302549243.0
NYSE:KVYO,KVYO,"Klaviyo, Inc. Series A",Technology,Software - Application,United States,NYSE,2362314933.0,18.61,50.26,51.65,6,50.2,1909,False,-48.19,44.71,-8.76,-15.69,-35.4,,,20.396,22.0738,28.8087,,,114267381,743,2026-09-04,57.06,126937933.0
AMEX:MRT,MRT,"Marti Technologies, Inc.",Technology,Software - Application,Turkey,AMEX,173606460.0,2.02,50.28,52.32,6,50.3,1910,False,-23.19,55.38,0.03,-3.46,-16.95,1.11,-46.02,2.0194,2.0925,2.4323,1.9978,3.7423,113939,1255,2026-09-04,64.43,85943792.0
NYSE:SCCO,SCCO,Southern Copper Corporation,Basic Materials,Copper,United States,NYSE,165831769885.0,198.76,50.28,52.44,6,50.3,1911,False,-9.53,111.22,14.4,22.58,58.19,79.05,104.07,173.7396,162.1522,125.6462,111.007,97.3959,228770134,1255,2026-09-04,50.89,834331706.0
NASDAQ:TMC,TMC,TMC the metals company Inc.,Basic Materials,Other Industrial Metals & Mining,Canada,NASDAQ,1923501853.0,4.44,50.28,50.34,6,50.3,1912,True,-58.47,28.7,-20.24,-23.64,3.38,34.99,62.97,5.5669,5.8149,4.2946,3.2891,2.7244,32407726,1252,2026-09-04,49.42,433221138.0
NYSE:KEYS,KEYS,Keysight Technologies Inc.,Technology,Scientific & Technical Instruments,United States,NYSE,55918673363.0,327.21,50.29,49.7,6,50.4,1913,False,-12.36,105.16,13.41,23.61,54.2,73.04,79.09,288.5134,264.7018,212.1959,189.0979,182.7058,466852447,1255,2026-09-04,47.18,170895368.0
NYSE:MLI,MLI,"Mueller Industries, Inc.",Industrials,Metal Fabrication,United States,NYSE,14098101671.0,63.74,50.29,49.91,6,50.4,1914,False,-8.99,35.04,3.71,7.72,29.48,55.45,82.16,61.4598,59.1744,49.2283,41.004,34.9914,73093222,1255,2026-09-04,46.8,221181388.0
NASDAQ:STRZ,STRZ,Starz Entertainment Corp.,Communication Services,Entertainment,Canada,NASDAQ,451466025.0,26.89,50.29,50.98,6,50.4,1915,False,-10.99,210.87,47.96,58.32,,,,18.1738,16.9842,,,,6073112,335,2026-09-04,50.44,16789365.0
NASDAQ:DXPE,DXPE,"DXP Enterprises, Inc.",Industrials,Industrial Distribution,United States,NASDAQ,2852977408.0,184.0,50.3,52.42,6,50.4,1916,False,-8.38,115.13,25.51,31.13,64.69,108.32,149.89,146.6061,140.3227,111.7222,88.3265,73.6337,23895451,1255,2026-09-04,47.46,15505312.0
NASDAQ:UVSP,UVSP,Univest Financial Corporation,Financial Services,Banks - Regional,United States,NASDAQ,1168045525.0,42.35,50.3,49.84,6,50.4,1917,False,-5.84,53.43,13.72,18.86,32.33,52.29,62.53,37.2402,35.6287,32.0025,27.8082,26.0566,7628507,1255,2026-09-04,46.77,27580768.0
NYSE:LAW,LAW,"CS Disco, Inc.",Technology,Software - Application,United States,NYSE,271929881.0,4.24,50.31,51.44,6,50.5,1918,False,-52.41,53.62,-12.36,-17.69,-15.36,-24.27,-32.2,4.8382,5.1511,5.0097,5.599,6.2537,965780,1255,2026-09-04,54.83,64134406.0
NASDAQ:KEQU,KEQU,Kewaunee Scientific Corporation,Consumer Cyclical,"Furnishings, Fixtures & Appliances",United States,NASDAQ,106106222.0,36.99,50.32,50.42,6,50.5,1919,False,-32.5,8.89,-1.84,-5.07,-13.27,-5.22,10.98,37.6816,38.9638,42.651,39.0258,33.3302,79607,1255,2026-09-04,48.68,2868511.0
NASDAQ:HCIC,HCIC,Hennessy Capital Investment Corp. VIII,Financial Services,Shell Companies,United States,NASDAQ,247961790.0,9.99,50.33,53.68,6,50.5,1920,False,-0.2,1.73,,,,,,,,,,,306817,111,2026-09-04,50.33,24821000.0
NYSE:ABBV,ABBV,AbbVie Inc.,Healthcare,Drug Manufacturers - General,United States,NYSE,453194898911.0,256.46,50.34,53.04,6,50.6,1921,False,-3.58,30.86,13.58,14.32,26.43,38.19,49.02,225.8034,224.3426,202.8554,185.5846,172.0991,1101081692,1255,2026-09-04,55.49,1767117285.0
NASDAQ:KRNT,KRNT,Kornit Digital Ltd.,Industrials,Specialty Industrial Machinery,Israel,NASDAQ,766934894.0,16.55,50.34,51.23,6,50.6,1922,True,-8.26,34.44,8.69,10.64,-13.89,-10.45,-17.13,15.2261,14.9587,19.2191,18.4821,19.97,5141709,1255,2026-09-04,43.59,46340477.0
NYSE:SBXE,SBXE,SilverBox Corp V,Financial Services,Shell Companies,United States,NYSE,278760000.0,10.1,50.34,50.69,6,50.6,1923,False,-0.79,1.92,,,,,,,,,,,204410,156,2026-09-04,50.34,27600000.0
NASDAQ:TLSI,TLSI,"TriSalus Life Sciences, Inc.",Healthcare,Medical Devices,United States,NASDAQ,307873000.0,5.0,50.34,52.74,6,50.6,1924,True,-33.33,98.41,3.37,3.92,3.2,-10.42,-25.55,4.8371,4.8114,4.8449,5.5813,6.716,718715,1255,2026-09-04,49.74,61574600.0
NYSE:BGSF,BGSF,"BGSF, Inc.",Industrials,Staffing & Employment Services,United States,NYSE,58305784.0,5.44,50.36,49.38,6,50.6,1925,False,-17.33,66.36,-0.59,4.47,17.73,4.14,-7.73,5.4724,5.207,4.6208,5.2237,5.8959,39451,1255,2026-09-04,40.5,10717975.0
NASDAQ:IBKR,IBKR,"Interactive Brokers Group, Inc.",Financial Services,Capital Markets,United States,NASDAQ,41260761794.0,92.62,50.37,51.08,6,50.7,1926,False,-5.59,54.61,17.61,21.3,49.2,85.75,119.31,78.7508,76.3592,62.0768,49.8615,42.2317,360948253,1255,2026-09-04,50.97,445484364.0
NASDAQ:NHP,NHP,"National Healthcare Properties, Inc.",Real Estate,REIT - Healthcare Facilities,United States,NASDAQ,1191565615.0,16.2,50.37,53.34,6,50.7,1927,True,-5.15,35.65,,,,,,,,,,,9074047,95,2026-09-04,45.94,73553433.0
NASDAQ:RGEN,RGEN,Repligen Corporation,Healthcare,Medical Instruments & Supplies,United States,NASDAQ,9458610080.0,167.6,50.37,54.58,6,50.7,1928,False,-7.93,62.92,18.05,18.24,19.87,13.62,8.54,141.9747,141.7475,139.8176,147.5143,154.4106,170174320,1255,2026-09-04,52.56,56435621.0
NYSE:SHAK,SHAK,"Shake Shack, Inc.",Consumer Cyclical,Restaurants,United States,NYSE,2800340801.0,69.4,50.37,52.21,6,50.7,1929,False,-33.71,32.59,-12.46,-15.76,-29.32,-25.34,-17.72,79.2737,82.3852,98.1955,92.9583,84.3468,72012787,1255,2026-09-04,50.09,40350732.0
NYSE:KMT,KMT,Kennametal Inc.,Industrials,Tools & Accessories,United States,NYSE,2364037395.0,31.02,50.38,47.31,6,50.8,1930,True,-27.46,55.42,-8.51,-1.36,15.1,21.46,23.83,33.907,31.4468,26.9507,25.5393,25.0505,49954295,1255,2026-09-04,38.35,76210103.0
AMEX:MYO,MYO,Myomo Inc.,Healthcare,Medical Devices,United States,AMEX,57035310.0,1.44,50.41,52.28,6,50.8,1931,True,-22.58,125.0,45.27,46.34,-43.33,-48.01,-36.82,0.9913,0.984,2.541,2.7696,2.2792,1111620,1255,2026-09-04,48.63,39607854.0
NASDAQ:EIKN,EIKN,"Eikon Therapeutics, Inc.",Healthcare,Biotechnology,United States,NASDAQ,587945500.0,10.86,50.42,51.0,6,50.8,1932,False,-33.21,29.9,,,,,,,,,,,5384187,147,2026-09-04,51.16,54138628.0
NYSE:CWT,CWT,California Water Service Group,Utilities,Utilities - Regulated Water,United States,NYSE,3093810223.0,50.03,50.43,52.22,6,50.9,1933,False,-3.96,20.87,9.92,10.04,9.29,9.01,5.21,45.5167,45.4636,45.7768,45.893,47.5508,26038925,1255,2026-09-04,54.82,61839101.0
NASDAQ:SLNH,SLNH,"Soluna Holdings, Inc.",Financial Services,Capital Markets,United States,NASDAQ,189296825.0,1.2,50.43,48.78,6,50.9,1934,False,-72.85,150.0,-7.54,-21.31,-26.36,-48.88,-79.03,1.2979,1.525,1.6295,2.3474,5.7231,11468480,1255,2026-09-04,50.43,157747354.0
NYSE:VSTS,VSTS,Vestis Corporation,Industrials,Rental & Leasing Services,United States,NYSE,1751713387.0,13.26,50.43,48.85,6,50.9,1935,False,-19.64,226.6,32.64,48.58,33.97,,,9.9972,8.9242,9.898,,,18451263,738,2026-09-04,37.77,132105082.0
NASDAQ:VRA,VRA,"Vera Bradley, Inc.",Consumer Cyclical,Footwear & Accessories,United States,NASDAQ,95268144.0,3.35,50.45,48.36,6,50.9,1936,False,-21.36,86.11,4.8,11.89,5.66,-24.53,-27.19,3.1967,2.9941,3.1705,4.4389,4.6007,264196,1255,2026-09-04,46.92,28438252.0
NASDAQ:CODA,CODA,"Coda Octopus Group, Inc.",Industrials,Aerospace & Defense,United States,NASDAQ,114725268.0,10.17,50.46,49.23,6,51.0,1937,False,-39.32,30.72,-7.67,-3.72,11.7,24.3,27.62,11.0154,10.5624,9.1044,8.182,7.9687,693107,1255,2026-09-04,46.29,11280754.0
NYSE:IBM,IBM,International Business Machines Corporation,Technology,Information Technology Services,United States,NYSE,221297946867.0,234.89,50.46,48.93,6,51.0,1938,False,-28.14,14.97,-9.31,-10.68,-5.3,7.68,21.5,258.9958,262.9868,248.0241,218.1364,193.3233,1137916698,1255,2026-09-04,50.28,942134390.0
NASDAQ:CSBR,CSBR,"Champions Oncology, Inc.",Healthcare,Biotechnology,United States,NASDAQ,72524430.0,5.22,50.47,47.45,6,51.0,1939,False,-37.11,6.1,-14.25,-15.93,-21.55,-16.07,-14.53,6.0874,6.2091,6.6537,6.2191,6.1071,43718,1255,2026-09-04,52.65,13893569.0
NYSE:DHR,DHR,Danaher Corporation,Healthcare,Diagnostics & Research,United States,NYSE,145982083974.0,207.66,50.47,53.05,6,51.0,1940,False,-13.85,28.52,2.67,2.43,-1.37,-5.23,-5.43,202.2664,202.7383,210.5366,219.1262,219.583,656912321,1255,2026-09-04,54.99,702986054.0
NASDAQ:TTMI,TTMI,"TTM Technologies, Inc.",Technology,Electronic Components,United States,NASDAQ,13043567410.0,125.6,50.47,47.69,6,51.0,1941,True,-43.29,168.55,4.53,16.99,85.78,149.34,203.97,120.1542,107.3594,67.6066,50.373,41.3201,297847866,1255,2026-09-04,41.69,103850059.0
NASDAQ:CRCT,CRCT,"Cricut, Inc.",Technology,Computer Hardware,United States,NASDAQ,304805282.0,5.54,50.48,54.19,6,51.1,1942,False,-15.43,51.56,22.51,17.68,14.64,13.32,2.38,4.5221,4.7076,4.8324,4.8887,5.4114,4825872,1255,2026-09-04,60.85,55019004.0
NASDAQ:SGA,SGA,"Saga Communications, Inc.",Communication Services,Broadcasting,United States,NASDAQ,58421226.0,9.18,50.48,49.83,6,51.1,1943,False,-24.75,9.29,-10.99,-13.15,-16.08,-27.8,-32.51,10.3136,10.5693,10.9386,12.7139,13.6023,175846,1255,2026-09-04,53.43,6363968.0
NASDAQ:ALXO,ALXO,ALX Oncology Holdings Inc.,Healthcare,Biotechnology,United States,NASDAQ,270471463.0,2.01,50.49,50.86,6,51.2,1944,False,-22.69,91.43,10.29,14.32,41.17,-53.19,-62.03,1.8225,1.7582,1.4238,4.294,5.293,1479536,1255,2026-09-04,51.86,134562917.0
NASDAQ:CVLT,CVLT,"Commvault Systems, Inc.",Technology,Software - Application,United States,NASDAQ,5653452975.0,136.41,50.49,50.9,6,51.2,1945,False,-30.19,81.44,20.24,9.61,-6.17,5.75,21.27,113.4436,124.4512,145.377,128.9917,112.4869,67346994,1255,2026-09-04,51.2,41444564.0
NYSE:NBHC,NBHC,National Bank Holdings Corporation,Financial Services,Banks - Regional,United States,NYSE,1873701796.0,42.07,50.5,48.72,6,51.2,1946,False,-9.94,22.0,3.59,5.77,7.16,13.52,16.37,40.613,39.776,39.2594,37.0603,36.1515,14369911,1255,2026-09-04,48.13,44537718.0
NASDAQ:STNE,STNE,StoneCo Ltd.,Technology,Software - Infrastructure,Cayman Islands,NASDAQ,2316980097.0,10.11,50.51,48.19,6,51.2,1947,False,-37.11,10.86,-13.58,-18.42,-8.49,-10.7,-6.12,11.699,12.3933,11.0474,11.3217,10.7686,66932486,1255,2026-09-04,54.38,229177062.0
NASDAQ:TMUS,TMUS,"T-Mobile US, Inc.",Communication Services,Telecom Services,United States,NASDAQ,194711351192.0,181.52,50.51,50.22,6,51.2,1948,False,-26.67,8.85,-5.68,-8.58,-15.26,-6.77,0.99,192.4437,198.5456,214.2192,194.7064,179.747,698428796,1255,2026-09-04,60.62,1072671613.0
NYSE:MP,MP,MP Materials Corp.,Basic Materials,Other Industrial Metals & Mining,United States,NYSE,9707550457.0,54.53,50.52,50.9,6,51.3,1949,True,-44.72,43.12,-5.41,-9.03,22.88,56.11,65.09,57.6502,59.9433,44.3782,34.9296,33.0295,340147236,1255,2026-09-04,48.82,178022198.0
NASDAQ:DRIO,DRIO,DarioHealth Corp.,Healthcare,Health Information Services,United States,NASDAQ,70586076.0,7.24,50.53,50.13,6,51.3,1950,True,-58.27,20.87,-19.34,-25.5,-40.77,-62.89,-79.78,8.9764,9.7187,12.2237,19.5092,35.8113,204062,1255,2026-09-04,46.68,9749458.0
NASDAQ:RNAC,RNAC,"Cartesian Therapeutics, Inc.",Healthcare,Biotechnology,United States,NASDAQ,272366635.0,9.27,50.53,52.21,6,51.3,1951,False,-12.88,58.73,20.72,16.15,-20.68,-41.44,-58.24,7.6788,7.9811,11.6863,15.8309,22.1961,1114523,1255,2026-09-04,48.01,29381514.0
NYSE:HIG,HIG,"The Hartford Insurance Group, Inc.",Financial Services,Insurance - Diversified,United States,NYSE,37931481563.0,138.37,50.54,50.9,6,51.4,1952,False,-4.6,15.11,2.49,3.71,10.75,23.31,37.19,135.0112,133.4179,124.9341,112.2133,100.8584,178355914,1255,2026-09-04,55.21,274130820.0
NASDAQ:AREC,AREC,American Resources Corporation,Industrials,Waste Management,United States,NASDAQ,259940191.0,2.43,50.55,52.25,6,51.4,1953,False,-63.76,57.17,-4.5,-10.46,34.18,49.89,47.33,2.5446,2.7137,1.811,1.6212,1.6494,5454282,1255,2026-09-04,50.95,106971272.0
NASDAQ:EVGO,EVGO,EVgo Inc.,Consumer Cyclical,Specialty Retail,United States,NASDAQ,212999641.0,1.51,50.55,47.65,6,51.4,1954,False,-69.86,20.8,-33.89,-43.55,-56.08,-53.32,-61.17,2.2841,2.6748,3.4384,3.2349,3.8884,5280961,1255,2026-09-04,46.07,141059365.0
NASDAQ:MEDP,MEDP,"Medpace Holdings, Inc.",Healthcare,Diagnostics & Research,United States,NASDAQ,16503882485.0,591.29,50.55,54.16,6,51.4,1955,False,-4.75,50.29,13.54,12.72,36.3,46.58,66.78,520.7603,524.5797,433.825,403.3824,354.5284,120488225,1255,2026-09-04,51.56,27911655.0
NASDAQ:PACB,PACB,"Pacific Biosciences of California, Inc.",Healthcare,Medical Devices,United States,NASDAQ,419312279.0,1.35,50.55,49.8,6,51.4,1956,True,-49.44,21.62,-17.52,-16.98,-14.59,-50.84,-70.64,1.6367,1.626,1.5806,2.746,4.5978,9023141,1255,2026-09-04,47.57,310601688.0
NASDAQ:PAYX,PAYX,"Paychex, Inc.",Technology,Software - Application,United States,NASDAQ,43290160891.0,121.71,50.56,55.02,6,51.5,1957,False,-6.19,45.56,19.19,15.17,0.58,3.5,6.93,102.116,105.6742,121.0035,117.5965,113.823,267083939,1255,2026-09-04,59.36,355682860.0
NYSE:KNSL,KNSL,"Kinsale Capital Group, Inc.",Financial Services,Insurance - Property & Casualty,United States,NYSE,8500224857.0,373.17,50.57,53.2,6,51.5,1958,False,-21.89,28.67,4.38,0.28,-10.43,-10.09,-3.97,357.5017,372.1099,416.6317,415.0269,388.5876,69935149,1255,2026-09-04,57.63,22778425.0
NASDAQ:SNFCA,SNFCA,Security National Financial Corporation,Financial Services,Insurance - Life,United States,NASDAQ,202204573.0,9.03,50.57,48.6,6,51.5,1959,False,-9.52,22.18,1.61,3.82,-1.52,7.46,15.67,8.8869,8.6978,9.169,8.4035,7.8064,261012,1255,2026-09-04,45.08,22392533.0
NYSE:EOG,EOG,"EOG Resources, Inc.",Energy,Oil & Gas E&P,United States,NYSE,77332336271.0,145.19,50.58,52.09,6,51.6,1960,False,-5.14,46.21,14.08,17.79,20.98,22.86,25.53,127.2737,123.263,120.0129,118.1757,115.6579,402718198,1255,2026-09-04,51.94,532628530.0
NASDAQ:CRVS,CRVS,"Corvus Pharmaceuticals, Inc.",Healthcare,Biotechnology,United States,NASDAQ,1210061201.0,14.39,50.59,51.06,6,51.6,1961,False,-43.61,150.7,4.28,15.89,63.75,120.59,174.57,13.7993,12.4173,8.788,6.5234,5.241,10476421,1255,2026-09-04,53.92,84090424.0
NASDAQ:IRON,IRON,"Disc Medicine, Inc.",Healthcare,Biotechnology,United States,NASDAQ,3041865030.0,79.23,50.59,52.75,6,51.6,1962,False,-15.81,41.61,6.96,6.89,23.64,33.92,46.49,74.0714,74.1215,64.0813,59.1607,54.087,32611113,1255,2026-09-04,51.09,38392844.0
NASDAQ:STX,STX,Seagate Technology Holdings PLC - Ordinary Shares (Ireland),Technology,Computer Hardware,Singapore,NASDAQ,192786560000.0,849.28,50.64,50.22,6,51.6,1963,True,-22.32,355.09,43.26,63.82,171.17,259.4,344.62,592.8091,518.4141,313.1937,236.3074,191.0138,3121498641,1255,2026-09-04,43.36,227000000.0
NYSE:AX,AX,"Axos Financial, Inc.",Financial Services,Banks - Regional,United States,NYSE,5571849998.0,97.95,50.65,51.18,6,51.7,1964,False,-6.8,29.56,7.02,8.97,20.86,37.43,54.09,91.5288,89.8907,81.0418,71.2732,63.5671,25684892,1255,2026-09-04,47.74,56884635.0
NASDAQ:NCTY,NCTY,The9 Limited - American Depository Shares,Financial Services,Capital Markets,China,NASDAQ,71631153.0,4.69,50.65,50.45,6,51.7,1965,False,-58.97,46.11,-16.45,-26.84,-46.22,-41.75,-43.47,5.6133,6.4107,8.7211,8.051,8.2961,1517707,1255,2026-09-04,52.15,15273167.0
NYSE:GATX,GATX,GATX Corporation,Industrials,Rental & Leasing Services,United States,NYSE,6288183880.0,178.11,50.66,50.02,6,51.7,1966,False,-10.95,18.39,0.42,1.91,9.99,20.38,29.8,177.362,174.777,161.9369,147.9601,137.2218,31026280,1255,2026-09-04,48.55,35305058.0
NASDAQ:LGO,LGO,Largo Inc.,Basic Materials,Other Industrial Metals & Mining,Canada,NASDAQ,71949171.0,0.71,50.66,49.47,6,51.7,1967,False,-71.83,22.41,-31.88,-37.37,-49.76,-56.69,-71.85,1.0423,1.1337,1.4131,1.6393,2.5219,489389,1255,2026-09-04,50.66,101336861.0
NASDAQ:STI,STI,"Solidion Technology, Inc.",Industrials,Electrical Equipment & Parts,United States,NASDAQ,65331802.0,7.69,50.66,48.71,6,51.7,1968,True,-78.47,140.31,-1.3,-5.19,-25.72,-91.45,-96.1,7.7911,8.1112,10.3533,89.9667,197.009,742653,1091,2026-09-04,48.19,8495683.0
NASDAQ:ALMR,ALMR,"Alamar Biosciences, Inc.",Healthcare,Medical Devices,United States,NASDAQ,2134784529.0,30.8,50.69,53.06,6,51.8,1969,False,-15.78,61.34,,,,,,,,,,,12263410,98,2026-09-04,49.89,69311186.0
NASDAQ:ASLE,ASLE,AerSale Corporation,Industrials,Airports & Air Services,United States,NASDAQ,274066408.0,5.8,50.69,47.7,6,51.8,1970,False,-34.24,6.42,-12.32,-15.15,-12.67,-25.26,-42.13,6.6152,6.8359,6.6413,7.7607,10.0225,2783329,1255,2026-09-04,44.07,47252829.0
NASDAQ:ETOR,ETOR,eToro Group Ltd.,Financial Services,Capital Markets,Israel,NASDAQ,2169210627.0,32.47,50.69,47.58,6,51.8,1971,False,-30.02,31.14,-7.05,-9.92,,,,34.9346,36.0459,,,,49306999,331,2026-09-04,51.95,66806610.0
NASDAQ:CRSP,CRSP,CRISPR Therapeutics AG,Healthcare,Biotechnology,Switzerland,NASDAQ,5494429501.0,55.79,50.7,52.06,6,51.9,1972,False,-27.34,25.82,4.79,1.11,10.63,4.86,4.41,53.2387,55.1777,50.4282,53.2031,53.4328,81685442,1255,2026-09-04,52.91,98484128.0
NASDAQ:IMNM,IMNM,"Immunome, Inc.",Healthcare,Biotechnology,United States,NASDAQ,3030580543.0,26.76,50.71,53.89,6,51.9,1973,False,-10.28,197.66,19.89,30.44,73.4,79.15,113.85,22.3209,20.5156,15.4322,14.9371,12.5135,30739541,1255,2026-09-04,53.14,113250394.0
NASDAQ:VLGEA,VLGEA,"Village Super Market, Inc.",Consumer Defensive,Grocery Stores,United States,NASDAQ,463384423.0,43.37,50.71,51.05,6,51.9,1974,False,-7.51,41.91,7.81,11.32,20.81,34.98,49.11,40.2273,38.9607,35.8993,32.1313,29.0851,2839296,1255,2026-09-04,53.15,10684446.0
NYSE:PRLB,PRLB,"Proto Labs, Inc.",Industrials,Metal Fabrication,United States,NYSE,1937787025.0,81.44,50.72,51.29,6,52.0,1975,False,-11.79,73.98,23.24,29.46,61.31,83.11,97.39,66.0812,62.9079,50.4868,44.4759,41.2585,14058831,1255,2026-09-04,45.94,23794045.0
NASDAQ:TACT,TACT,TransAct Technologies Incorporated,Technology,Computer Hardware,United States,NASDAQ,52820074.0,5.14,50.73,51.12,6,52.0,1976,False,-11.99,60.12,22.32,18.72,23.22,10.31,0.6,4.2022,4.3296,4.1715,4.6597,5.1094,95710,1255,2026-09-04,51.42,10276279.0
NYSE:BRO,BRO,"Brown & Brown, Inc.",Financial Services,Insurance Brokers,United States,NYSE,23897871697.0,71.42,50.75,53.14,6,52.1,1977,False,-24.85,31.64,3.32,-2.16,-20.33,-17.58,-10.79,69.1284,72.9962,89.6437,86.6501,80.0577,117988144,1255,2026-09-04,55.41,334610357.0
NASDAQ:GASS,GASS,"StealthGas, Inc.",Industrials,Marine Shipping,Greece,NASDAQ,345455023.0,9.29,50.75,52.0,6,52.1,1978,False,-10.59,48.4,7.58,12.68,30.04,35.04,55.59,8.6351,8.2448,7.144,6.8795,5.971,1341473,1255,2026-09-04,51.91,37185686.0
NASDAQ:ISPR,ISPR,Ispire Technology Inc.,Consumer Defensive,Tobacco,United States,NASDAQ,88395070.0,1.54,50.75,49.47,6,52.1,1979,True,-58.15,40.0,-25.19,-27.78,-52.3,-69.45,,2.0585,2.1324,3.2283,5.0413,,21465,859,2026-09-04,49.36,57399396.0
NYSE:KRC,KRC,Kilroy Realty Corporation,Real Estate,REIT - Office,United States,NYSE,4319715814.0,37.14,50.75,49.99,6,52.1,1980,False,-11.22,37.25,6.83,3.63,6.99,12.45,15.62,34.7665,35.8377,34.7141,33.0292,32.1225,39252164,1255,2026-09-04,48.95,116308988.0
NYSE:TGS,TGS,Transportadora de Gas del Sur SA TGS,Energy,Oil & Gas Integrated,Argentina,NYSE,2019372782.0,29.05,50.76,49.11,6,52.1,1981,True,-17.75,44.38,-4.89,-0.88,4.36,23.2,42.8,30.543,29.3077,27.8366,23.5793,20.3435,5843811,1255,2026-09-04,49.14,69513693.0
NYSE:CBRE,CBRE,CBRE Group Inc Common Stock Class A,Real Estate,Real Estate Services,United States,NYSE,42813707809.0,147.85,50.77,51.81,6,52.1,1982,False,-13.85,18.62,0.46,-0.97,4.42,19.42,31.61,147.1747,149.2971,141.5919,123.8046,112.3398,206923441,1255,2026-09-04,52.02,289575298.0
NASDAQ:WIX,WIX,Wix.com Ltd.,Technology,Software - Infrastructure,Israel,NASDAQ,3189351233.0,76.21,50.79,54.54,6,52.2,1983,False,-58.64,88.5,1.3,-15.95,-42.88,-42.06,-36.2,75.2338,90.6746,133.4182,131.54,119.457,138009727,1255,2026-09-04,58.12,41849511.0
NASDAQ:MOBI,MOBI,"Mobia Medical, Inc.",Healthcare,Medical Devices,United States,NASDAQ,386685940.0,11.63,50.81,49.85,6,52.2,1984,False,-20.51,11.51,,,,,,,,,,,2057404,83,2026-09-04,50.81,33249006.0
NASDAQ:SAFX,SAFX,"XCF Global, Inc.",Utilities,Utilities - Renewable,United States,NASDAQ,158634540.0,0.393,50.83,49.48,6,52.2,1985,False,-72.71,186.86,-0.02,-27.17,,,,0.3931,0.5396,,,,1889932,420,2026-09-04,48.03,403650229.0
NASDAQ:SPAI,SPAI,Safe Pro Group Inc.,Industrials,Aerospace & Defense,United States,NASDAQ,101032203.0,4.9,50.83,51.71,6,52.2,1986,False,-45.25,51.7,6.61,-2.66,18.49,,,4.596,5.034,4.1355,,,3258867,507,2026-09-04,52.27,20618817.0
NASDAQ:CGTX,CGTX,"Cognition Therapeutics, Inc.",Healthcare,Biotechnology,United States,NASDAQ,92182955.0,1.03,50.84,49.57,6,52.3,1987,False,-60.54,73.11,-13.62,-20.7,7.69,-13.57,-25.26,1.1925,1.2989,0.9564,1.1917,1.3782,464830,1232,2026-09-04,53.69,89498015.0
NASDAQ:THFF,THFF,First Financial Corporation,Financial Services,Banks - Regional,United States,NASDAQ,943503029.0,79.34,50.84,53.08,6,52.3,1988,True,-4.17,57.85,17.1,22.14,41.83,62.41,73.79,67.7525,64.9582,55.9401,48.8505,45.6528,7308310,1255,2026-09-04,47.03,11891896.0
NYSE:HBM,HBM,Hudbay Minerals Inc. Ordinary Shares (Canada),Basic Materials,Copper,Canada,NYSE,12182890767.0,27.43,50.86,52.67,6,52.3,1989,False,-13.91,115.77,16.63,25.7,79.16,121.32,160.6,23.5184,21.8216,15.3103,12.3937,10.5257,122513900,1255,2026-09-04,52.15,444144760.0
AMEX:WWR,WWR,"Westwater Resources, Inc.",Basic Materials,Other Industrial Metals & Mining,United States,AMEX,71192074.0,0.56,50.88,51.7,6,52.4,1990,True,-83.91,43.59,-21.49,-32.58,-23.66,-16.37,-25.38,0.7132,0.8306,0.7335,0.6696,0.7505,1661892,1255,2026-09-04,49.35,127128703.0
NASDAQ:AUPH,AUPH,Aurinia Pharmaceuticals Inc,Healthcare,Biotechnology,Canada,NASDAQ,2067914870.0,16.08,50.9,51.17,6,52.4,1991,False,-13.64,45.52,3.8,7.89,37.95,60.34,66.48,15.491,14.9045,11.6567,10.029,9.6588,15936755,1255,2026-09-04,51.48,128601671.0
NASDAQ:MYFW,MYFW,"First Western Financial, Inc.",Financial Services,Banks - Regional,United States,NASDAQ,306234445.0,31.36,50.9,50.67,6,52.4,1992,False,-8.28,42.16,12.85,17.04,32.24,46.4,43.62,27.7896,26.7933,23.7136,21.4201,21.8354,1385045,1255,2026-09-04,51.71,9765129.0
NYSE:NPB,NPB,"Northpointe Bancshares, Inc.",Financial Services,Banks - Regional,United States,NYSE,597574230.0,17.28,50.92,48.84,6,52.4,1993,False,-10.39,9.95,-1.76,-1.17,,,,17.5896,17.4853,,,,3305815,390,2026-09-04,49.57,34581842.0
NASDAQ:TSLA,TSLA,"Tesla, Inc.",Consumer Cyclical,Auto Manufacturers,United States,NASDAQ,1398455741268.0,354.08,50.93,49.74,6,52.5,1994,False,-27.72,18.69,-11.38,-12.65,-1.41,14.3,24.47,399.5584,405.3763,359.1473,309.7887,284.4688,13343631437,1255,2026-09-04,60.54,3949547394.0
NASDAQ:ALKT,ALKT,"Alkami Technology, Inc.",Technology,Software - Application,United States,NASDAQ,2105687586.0,19.69,50.94,53.72,6,52.5,1995,False,-25.78,34.96,6.57,1.11,-21.86,-21.3,-12.17,18.4767,19.4741,25.1969,25.0195,22.418,21503787,1255,2026-09-04,55.95,106941980.0
NYSE:MSI,MSI,"Motorola Solutions, Inc.",Technology,Communication Equipment,United States,NYSE,77694232155.0,468.05,50.94,54.73,6,52.5,1996,False,-4.72,29.49,11.12,10.15,8.41,17.52,28.9,421.2095,424.9084,431.751,398.2734,363.1038,454805674,1255,2026-09-04,53.81,165995582.0
NYSE:UHS,UHS,"Universal Health Services, Inc.",Healthcare,Medical Care Facilities,United States,NYSE,9040242358.0,169.65,50.94,52.97,6,52.5,1997,False,-30.22,20.32,-8.57,-10.56,-10.34,-5.97,1.41,185.5479,189.6774,189.2142,180.4305,167.2888,106957178,1255,2026-09-04,50.2,53287606.0
NYSE:CM,CM,Canadian Imperial Bank of Commerce,Financial Services,Banks - Diversified,Canada,NYSE,107254079195.0,117.5,50.95,51.16,6,52.6,1998,False,-5.04,52.74,13.61,19.07,45.82,73.32,94.96,103.4238,98.6845,80.5781,67.7955,60.268,135190899,1255,2026-09-04,52.57,912800674.0
NASDAQ:EWBC,EWBC,"East West Bancorp, Inc.",Financial Services,Banks - Regional,United States,NASDAQ,17915001182.0,130.77,50.97,51.23,6,52.6,1999,False,-4.27,42.23,10.14,13.5,26.66,44.3,59.14,118.7286,115.215,103.246,90.6259,82.1737,86697063,1255,2026-09-04,50.44,136996262.0
NASDAQ:EFSC,EFSC,Enterprise Financial Services Corporation,Financial Services,Banks - Regional,United States,NASDAQ,2344442280.0,64.66,50.98,50.54,6,52.6,2000,False,-5.63,26.52,9.36,10.78,15.48,28.59,33.64,59.1276,58.3693,55.9941,50.2824,48.3841,12172561,1255,2026-09-04,49.24,36258000.0
NYSE:AIN,AIN,Albany International Corporation,Consumer Cyclical,Textile Manufacturing,United States,NYSE,1770200340.0,62.43,50.99,47.96,6,52.7,2001,False,-17.75,53.79,5.64,7.49,-3.6,-12.64,-17.68,59.099,58.0806,64.7582,71.462,75.8408,16794163,1255,2026-09-04,51.38,28354963.0
NASDAQ:ARTV,ARTV,"Artiva Biotherapeutics, Inc.",Healthcare,Biotechnology,United States,NASDAQ,543701936.0,11.19,50.99,53.13,6,52.7,2002,True,-16.43,390.79,51.08,70.17,73.85,,,7.4066,6.5759,6.4366,,,3204982,535,2026-09-04,50.09,48588198.0
NYSE:FINS,FINS,Angel Oak Financial Strategies Income Term Trust Common Shares of Beneficial Interest,Financial Services,Asset Management,United States,NYSE,421052323.0,12.6,51.0,52.43,6,52.7,2003,False,-1.17,6.77,1.96,2.64,7.3,14.7,20.79,12.3576,12.2755,11.7425,10.9856,10.4316,525475,1255,2026-09-04,51.0,33416851.0
NASDAQ:CIFR,CIFR,Cipher Digital Inc.,Technology,Information Technology Services,United States,NASDAQ,7256532755.0,17.74,51.01,48.8,6,52.7,2004,False,-39.2,135.9,-3.47,-0.8,57.26,102.83,151.64,18.3777,17.8834,11.2807,8.7463,7.0498,550587239,1255,2026-09-04,49.82,409049197.0
NASDAQ:API,API,"Agora, Inc. - ADS",Technology,Software - Application,United States,NASDAQ,277740356.0,4.24,51.02,50.92,6,52.8,2005,False,-19.39,30.86,3.82,6.15,6.19,20.18,20.96,4.084,3.9945,3.9929,3.5281,3.5053,917570,1255,2026-09-04,48.27,65504801.0
NASDAQ:BPOP,BPOP,"Popular, Inc.",Financial Services,Banks - Regional,United States,NASDAQ,10941639789.0,171.32,51.02,52.54,6,52.8,2006,False,-3.68,59.55,18.02,22.75,44.42,63.52,83.12,145.1647,139.5628,118.6278,104.7689,93.5572,74463450,1255,2026-09-04,51.05,63866681.0
NASDAQ:ACNT,ACNT,Ascent Industries Co.,Basic Materials,Chemicals,United States,NASDAQ,137923161.0,15.26,51.03,51.8,6,52.8,2007,False,-14.17,27.7,2.23,5.79,17.44,28.76,31.88,14.9278,14.4251,12.9943,11.8511,11.5713,637910,1255,2026-09-04,52.78,9038215.0
NASDAQ:CSTE,CSTE,Caesarstone Ltd.,Industrials,Building Products & Equipment,Israel,NASDAQ,102693913.0,2.97,51.03,54.71,6,52.8,2008,False,-16.57,379.03,58.91,68.64,18.73,-8.06,-24.59,1.8689,1.7612,2.5014,3.2302,3.9386,415398,1255,2026-09-04,53.91,34577075.0
NASDAQ:SITM,SITM,SiTime Corporation,Technology,Semiconductors,United States,NASDAQ,18335473625.0,612.09,51.04,50.12,6,52.9,2009,False,-32.1,160.72,22.42,34.16,88.63,140.57,180.29,500.0016,456.2517,324.5006,254.4287,218.3768,223831354,1255,2026-09-04,45.21,29955519.0
NASDAQ:USLM,USLM,"United States Lime & Minerals, Inc.",Basic Materials,Building Materials,United States,NASDAQ,3347645078.0,116.69,51.05,52.67,6,52.9,2010,False,-16.24,19.75,-0.65,-2.01,2.9,23.63,48.51,117.4579,119.0834,113.4,94.3829,78.5716,15765484,1255,2026-09-04,48.7,28688363.0
NASDAQ:BBOT,BBOT,"BridgeBio Oncology Therapeutics, Inc.",Healthcare,Biotechnology,United States,NASDAQ,719361794.0,8.98,51.06,51.78,6,52.9,2011,False,-34.6,26.12,-8.16,-11.51,-13.36,,,9.7781,10.1482,10.3651,,,2304255,645,2026-09-04,49.38,80107104.0
NYSE:PS,PS,Pershing Square Inc.,Financial Services,Asset Management,United States,NYSE,15632000000.0,39.08,51.06,53.2,6,52.9,2012,False,-24.71,62.05,,,,,,,,,,,7527626,90,2026-09-04,43.79,400000000.0
NYSE:FIS,FIS,"Fidelity National Information Services, Inc.",Technology,Information Technology Services,United States,NYSE,21652067635.0,41.89,51.07,50.25,6,53.0,2013,False,-37.3,11.06,-14.45,-19.65,-34.73,-34.09,-32.88,48.9638,52.1325,64.1807,63.5568,62.4095,217080490,1255,2026-09-04,53.44,516879151.0
NASDAQ:MRVL,MRVL,"Marvell Technology, Inc.",Technology,Semiconductors,United States,NASDAQ,195777583862.0,223.55,51.08,50.73,6,53.0,2014,False,-29.34,253.74,47.35,62.61,104.74,137.87,172.38,151.7107,137.4801,109.1887,93.9788,82.0738,5529530814,1255,2026-09-04,44.87,875766423.0
NASDAQ:RSSS,RSSS,"Research Solutions, Inc",Technology,Software - Application,United States,NASDAQ,74587996.0,2.23,51.08,49.93,6,53.0,2015,False,-43.69,5.19,-10.09,-16.43,-21.68,-20.16,-14.64,2.4803,2.6683,2.8473,2.793,2.6125,62672,1255,2026-09-04,47.4,33447532.0
NYSE:APAM,APAM,Artisan Partners Asset Management Inc.,Financial Services,Asset Management,United States,NYSE,2951189693.0,41.57,51.09,54.44,6,53.0,2016,True,-4.74,24.74,9.48,8.18,9.3,14.37,23.7,37.9712,38.4255,38.0333,36.3482,33.6042,32274741,1255,2026-09-04,48.01,70993257.0
NYSE:BAX,BAX,Baxter International Inc.,Healthcare,Medical Instruments & Supplies,United States,NYSE,13354006654.0,25.83,51.1,54.53,6,53.1,2017,True,-8.85,63.63,27.07,25.14,-0.2,-11.46,-21.35,20.3275,20.6406,25.8821,29.172,32.8413,136733005,1255,2026-09-04,48.53,516995999.0
NASDAQ:PAMT,PAMT,PAMT CORP,Industrials,Trucking,United States,NASDAQ,275403567.0,13.15,51.1,49.34,6,53.1,2018,False,-25.11,74.63,12.55,13.36,-0.81,-12.23,-27.16,11.6839,11.5998,13.2574,14.982,18.0539,270578,1255,2026-09-04,46.26,20943237.0
NYSE:ARDT,ARDT,"Ardent Health, Inc.",Healthcare,Medical Care Facilities,United States,NYSE,1563948838.0,10.91,51.11,52.65,6,53.1,2019,True,-28.27,39.34,14.52,5.08,-13.68,,,9.5263,10.3829,12.6396,,,3687445,536,2026-09-04,47.65,143350031.0
NASDAQ:AURA,AURA,"Aura Biosciences, Inc.",Healthcare,Biotechnology,United States,NASDAQ,781979305.0,7.56,51.11,51.83,6,53.1,2020,True,-15.06,52.11,14.59,16.76,7.77,1.87,-10.78,6.5972,6.4751,7.0151,7.4216,8.4735,6669241,1217,2026-09-04,46.69,103436416.0
NYSE:CLVT,CLVT,Clarivate Plc,Technology,Information Technology Services,United Kingdom,NYSE,1324104486.0,2.07,51.12,49.53,6,53.2,2021,False,-53.79,23.21,-19.21,-26.32,-46.23,-58.17,-65.8,2.5624,2.8093,3.8496,4.9486,6.0522,7424660,1255,2026-09-04,56.53,639664003.0
NASDAQ:EWTX,EWTX,"Edgewise Therapeutics, Inc.",Healthcare,Biotechnology,United States,NASDAQ,4634030768.0,43.07,51.13,52.28,6,53.2,2022,True,-10.92,214.38,30.58,45.88,66.83,97.35,131.93,32.9831,29.5242,25.8166,21.8246,18.5706,49465822,1255,2026-09-04,46.48,107593006.0
NYSE:MUR,MUR,Murphy Oil Corporation,Energy,Oil & Gas E&P,United States,NYSE,5224808195.0,36.44,51.13,50.91,6,53.2,2023,False,-13.12,52.26,4.73,9.82,23.87,12.96,10.14,34.793,33.1821,29.4187,32.2595,33.0865,56896420,1255,2026-09-04,55.26,143381125.0
NASDAQ:WSFS,WSFS,WSFS Financial Corporation,Financial Services,Banks - Regional,United States,NASDAQ,4078665560.0,79.37,51.15,52.37,6,53.2,2024,False,-3.31,59.37,16.26,21.67,34.33,48.35,57.41,68.2684,65.2347,59.0857,53.503,50.4211,24629526,1255,2026-09-04,47.4,51388000.0
NASDAQ:FOXA,FOXA,Fox Corporation,Communication Services,Entertainment,United States,NASDAQ,13049618454.0,65.42,51.16,53.79,6,53.3,2025,False,-13.24,34.68,3.77,4.58,16.43,36.51,49.61,63.0447,62.5546,56.1889,47.9225,43.7267,343655574,1255,2026-09-04,59.26,199474449.0
NASDAQ:KELYB,KELYB,"Kelly Services, Inc.",Industrials,Staffing & Employment Services,United States,NASDAQ,76698874.0,23.27,51.16,53.35,6,53.3,2026,False,-37.92,177.91,42.79,50.41,57.73,40.39,42.31,16.2968,15.4711,14.7528,16.5756,16.3517,14446,1255,2026-09-04,51.16,3296041.0
NASDAQ:WHWK,WHWK,"Whitehawk Therapeutics, Inc.",Healthcare,Biotechnology,United States,NASDAQ,227481330.0,4.6,51.16,52.69,6,53.3,2027,False,-9.8,156.98,27.43,39.39,70.26,70.42,1.73,3.6099,3.3001,2.7018,2.6991,4.5218,1392534,1255,2026-09-04,52.11,49452463.0
NASDAQ:BOOM,BOOM,DMC Global Inc.,Industrials,Conglomerates,United States,NASDAQ,143170415.0,6.97,51.18,51.54,6,53.4,2028,False,-22.3,47.36,4.52,1.91,-8.41,-34.96,-46.26,6.6687,6.8391,7.61,10.7167,12.971,627362,1255,2026-09-04,50.21,20540949.0
NASDAQ:ENGS,ENGS,Energys Group Limited,Industrials,Waste Management,United Kingdom,NASDAQ,85946894.0,2.75,51.18,53.23,6,53.4,2029,False,-77.5,329.69,76.61,5.27,,,,1.5571,2.6123,,,,3221912,360,2026-09-04,47.12,31253416.0
NASDAQ:SOFI,SOFI,"SoFi Technologies, Inc.",Financial Services,Credit Services,United States,NASDAQ,23509492001.0,18.22,51.18,51.4,6,53.4,2030,False,-43.43,20.26,-8.76,-15.79,0.41,24.51,45.01,19.9702,21.6371,18.1458,14.6332,12.5645,775524657,1255,2026-09-04,53.23,1290312404.0
NASDAQ:ABTC,ABTC,American Bitcoin Corp.,Financial Services,Capital Markets,United States,NASDAQ,191797761.0,7.99,51.19,49.69,6,53.4,2031,False,-94.28,53.95,-56.09,-76.24,-80.93,-92.87,-98.36,18.1978,33.6222,41.9041,112.0389,487.5962,15089254,1255,2026-09-04,60.94,24004726.0
NASDAQ:OCGN,OCGN,"Ocugen, Inc.",Healthcare,Biotechnology,United States,NASDAQ,460389724.0,1.36,51.2,50.32,6,53.5,2032,False,-45.16,32.04,-9.95,-9.32,14.35,21.25,21.75,1.5103,1.4998,1.1894,1.1216,1.1171,4607238,1255,2026-09-04,50.08,338521856.0
NYSE:WFG,WFG,West Fraser Timber Co. Ltd,Basic Materials,Lumber & Wood Production,Canada,NYSE,5224255480.0,68.72,51.21,51.04,6,53.5,2033,False,-9.57,19.82,4.84,4.56,-6.28,-7.5,-7.37,65.5504,65.7229,73.3274,74.2909,74.1861,14207772,1255,2026-09-04,45.88,76022344.0
NASDAQ:BRKR,BRKR,Bruker Corporation,Healthcare,Medical Devices,United States,NASDAQ,8905199004.0,58.5,51.22,51.37,6,53.6,2034,False,-9.08,92.82,21.96,28.63,24.37,6.93,0.83,47.9657,45.4795,47.0382,54.7106,58.0203,108633862,1255,2026-09-04,53.44,152225624.0
NASDAQ:CECO,CECO,CECO Environmental Corp.,Industrials,Pollution & Treatment Controls,United States,NASDAQ,4327664597.0,74.1,51.22,49.26,6,53.6,2035,False,-25.65,64.23,5.49,12.07,55.59,89.86,128.93,70.2432,66.1192,47.6251,39.0278,32.3673,58291224,1255,2026-09-04,51.71,58403031.0
NASDAQ:INVE,INVE,"Identiv, Inc.",Industrials,Building Products & Equipment,United States,NASDAQ,67457456.0,2.81,51.22,47.78,6,53.6,2036,False,-46.88,12.4,-18.21,-19.56,-19.61,-36.26,-48.3,3.4356,3.4933,3.4953,4.4087,5.4348,692223,1255,2026-09-04,50.44,24006212.0
NYSE:LVWR,LVWR,"LiveWire Group, Inc.",Consumer Cyclical,Auto Manufacturers,United States,NYSE,262095142.0,1.28,51.22,50.6,6,53.6,2037,True,-79.39,97.53,-38.94,-52.58,-62.38,-74.97,-78.1,2.0964,2.699,3.4022,5.1134,5.8441,764134,1255,2026-09-04,46.41,204761830.0
NASDAQ:PRAA,PRAA,"PRA Group, Inc.",Financial Services,Credit Services,United States,NASDAQ,725439690.0,19.02,51.22,52.22,6,53.6,2038,False,-14.44,82.53,11.7,14.29,6.59,-0.91,-14.63,17.0273,16.6417,17.8437,19.1938,22.2802,6886611,1255,2026-09-04,50.97,38140888.0
NYSE:ACI,ACI,"Albertsons Companies, Inc.",Consumer Defensive,Grocery Stores,United States,NYSE,6090837322.0,12.55,51.23,47.77,6,53.6,2039,False,-33.72,13.78,-19.44,-21.37,-28.48,-31.11,-31.64,15.579,15.9601,17.5478,18.2182,18.3576,72958565,1255,2026-09-04,52.02,485325683.0
NASDAQ:HFFG,HFFG,HF Foods Group Inc.,Consumer Defensive,Food Distribution,United States,NASDAQ,94651488.0,1.77,51.24,51.45,6,53.7,2040,True,-48.55,25.53,-9.04,-15.53,-34.68,-43.06,-47.99,1.9459,2.0955,2.7098,3.1084,3.4033,593806,1255,2026-09-04,50.68,53475417.0
NASDAQ:SAMG,SAMG,Silvercrest Asset Management Group Inc.,Financial Services,Asset Management,United States,NASDAQ,78124120.0,10.17,51.26,48.95,6,53.7,2041,True,-35.32,4.2,-19.26,-21.42,-28.36,-28.34,-30.25,12.5952,12.9416,14.1969,14.192,14.5805,639430,1255,2026-09-04,45.24,7681821.0
NYSE:UI,UI,Ubiquiti Inc.,Technology,Communication Equipment,United States,NYSE,35082231791.0,579.66,51.27,50.61,6,53.7,2042,False,-46.39,12.92,-11.48,-11.79,15.59,53.15,68.64,654.8276,657.1528,501.4794,378.4887,343.7164,101814819,1255,2026-09-04,58.58,60522085.0
AMEX:UUUU,UUUU,Energy Fuels Inc Ordinary Shares (Canada),Energy,Uranium,United States,AMEX,3616330043.0,14.47,51.27,50.79,6,53.7,2043,False,-47.8,34.73,-16.76,-16.77,24.0,44.59,59.05,17.3831,17.3849,11.6689,10.0078,9.0979,93787996,1255,2026-09-04,50.33,249919146.0
NASDAQ:OKYO,OKYO,OKYO Pharma Limited,Healthcare,Biotechnology,United Kingdom,NASDAQ,82392857.0,1.57,51.28,50.67,6,53.8,2044,True,-49.52,14.6,-10.33,-15.49,-7.86,-4.66,-8.78,1.7508,1.8577,1.7039,1.6467,1.7211,94958,1080,2026-09-04,49.71,52479527.0
NASDAQ:BGIN,BGIN,Bgin Blockchain Limited,Technology,Computer Hardware,Singapore,NASDAQ,182521855.0,2.015,51.29,49.83,6,53.8,2045,True,-59.37,18.53,-25.91,,,,,2.7196,,,,,203919,220,2026-09-04,48.33,90581566.0
NASDAQ:FOX,FOX,Fox Corporation,Communication Services,Entertainment,United States,NASDAQ,12877298779.0,58.42,51.29,53.86,6,53.8,2046,False,-12.89,32.26,3.27,4.03,14.18,33.47,45.87,56.5703,56.1567,51.1648,43.7711,40.048,58669702,1255,2026-09-04,59.68,220426203.0
AMEX:OPTT,OPTT,"Ocean Power Technologies, Inc.",Industrials,Specialty Industrial Machinery,United States,AMEX,51326376.0,0.19,51.29,46.82,6,53.8,2047,False,-72.86,35.71,-44.09,-49.37,-54.92,-49.48,-56.92,0.3398,0.3753,0.4215,0.3761,0.4411,781874,1255,2026-09-04,51.29,270138823.0
NYSE:RS,RS,"Reliance, Inc.",Basic Materials,Steel,United States,NYSE,20447859823.0,400.51,51.29,51.38,6,53.8,2048,True,-6.43,52.87,16.21,21.15,29.75,34.36,43.78,344.6333,330.6003,308.67,298.0967,278.5604,138612715,1255,2026-09-04,49.83,51054555.0
AMEX:NG,NG,Novagold Resources Inc.,Basic Materials,Gold,Canada,AMEX,3540959555.0,8.07,51.3,53.06,6,53.9,2049,False,-43.17,55.79,-8.34,-7.6,27.39,49.37,50.3,8.8047,8.7339,6.3347,5.4029,5.3694,41810471,1255,2026-09-04,54.68,438780614.0
NASDAQ:TELO,TELO,"Telomir Pharmaceuticals, Inc.",Healthcare,Biotechnology,United States,NASDAQ,79778949.0,1.16,51.31,49.79,6,53.9,2050,False,-39.9,26.22,-8.87,-11.56,-52.53,,,1.2729,1.3116,2.4438,,,59515,645,2026-09-04,51.31,68774956.0
NYSE:CFR,CFR,"Cullen/Frost Bankers, Inc.",Financial Services,Banks - Regional,United States,NYSE,10106635417.0,162.62,51.33,53.73,6,54.0,2051,False,-3.77,39.68,14.96,18.34,25.27,37.49,40.32,141.4608,137.4129,129.8114,118.2813,115.8903,76808225,1255,2026-09-04,51.66,62148785.0
NYSE:GME,GME,GameStop Corporation,Consumer Cyclical,Specialty Retail,United States,NYSE,8596924484.0,19.16,51.33,46.28,6,54.0,2052,False,-30.81,7.22,-13.63,-14.99,-19.86,-12.24,-12.93,22.1829,22.5389,23.908,21.8325,22.0057,114640020,1255,2026-09-04,52.36,448691257.0
NASDAQ:HBNC,HBNC,"Horizon Bancorp, Inc.",Financial Services,Banks - Regional,United States,NASDAQ,1017262586.0,19.91,51.33,51.2,6,54.0,2053,False,-4.28,35.99,10.37,13.63,22.41,36.74,43.87,18.0395,17.5212,16.2655,14.5599,13.839,9204546,1255,2026-09-04,45.53,51093048.0
NASDAQ:PEBO,PEBO,Peoples Bancorp Inc.,Financial Services,Banks - Regional,United States,NASDAQ,1437238760.0,39.99,51.33,53.58,6,54.0,2054,False,-4.34,51.83,17.68,21.93,30.31,37.91,45.12,33.9826,32.7974,30.6884,28.9974,27.5563,9899655,1255,2026-09-04,46.86,35939954.0
NASDAQ:TIL,TIL,"Instil Bio, Inc.",Healthcare,Biotechnology,United States,NASDAQ,51407378.0,7.58,51.33,50.8,6,54.0,2055,False,-75.94,13.81,-10.28,-28.79,-59.36,-51.87,-60.97,8.4486,10.6453,18.651,15.7479,19.4224,53089,1255,2026-09-04,54.79,6781976.0
NYSE:JCI,JCI,Johnson Controls International plc,Industrials,Building Products & Equipment,Ireland,NYSE,87796168662.0,144.94,51.35,50.69,6,54.1,2056,False,-6.35,38.12,7.91,12.01,34.11,58.12,73.93,134.311,129.3969,108.0746,91.6651,83.3323,410925702,1255,2026-09-04,45.86,605741470.0
NYSE:ERO,ERO,Ero Copper Corp.,Basic Materials,Copper,Canada,NYSE,3639301083.0,34.9,51.36,54.03,6,54.1,2057,False,-13.61,133.13,20.57,28.63,65.4,74.38,83.1,28.9453,27.1312,21.1007,20.0139,19.0611,62729858,1255,2026-09-04,52.75,104277968.0
NASDAQ:IRWD,IRWD,"Ironwood Pharmaceuticals, Inc.",Healthcare,Drug Manufacturers - Specialty & Generic,United States,NASDAQ,701253110.0,4.26,51.36,51.82,6,54.1,2058,False,-20.96,283.78,8.23,22.72,47.47,-13.19,-33.53,3.9361,3.4712,2.8887,4.9073,6.409,7140708,1255,2026-09-04,52.27,164613406.0
AMEX:EPM,EPM,"Evolution Petroleum Corporation, Inc.",Energy,Oil & Gas E&P,United States,AMEX,131822789.0,3.68,51.37,49.31,6,54.2,2059,False,-25.47,20.77,-6.38,-8.37,-12.26,-15.32,-20.45,3.9308,4.0164,4.1943,4.3459,4.626,2362261,1255,2026-09-04,52.5,35821410.0
NYSE:BUD,BUD,Anheuser-Busch Inbev SA Sponsored ADR (Belgium),Consumer Defensive,Beverages - Brewers,Belgium,NYSE,140403082509.0,80.35,51.38,50.15,6,54.2,2060,False,-7.09,40.76,8.3,12.83,22.92,27.7,32.39,74.1926,71.2112,65.3676,62.9197,60.6905,174030170,1255,2026-09-04,50.79,1747393684.0
NASDAQ:FRME,FRME,First Merchants Corporation,Financial Services,Banks - Regional,United States,NASDAQ,2616364508.0,42.06,51.39,50.59,6,54.2,2061,False,-6.18,24.75,6.55,8.37,10.61,18.77,22.33,39.4761,38.8129,38.025,35.4127,34.383,14677890,1255,2026-09-04,48.13,62205528.0
NASDAQ:CLSK,CLSK,"CleanSpark, Inc.",Financial Services,Capital Markets,United States,NASDAQ,3256363210.0,12.69,51.4,49.52,6,54.2,2062,False,-45.3,55.13,1.31,-3.39,8.51,7.64,30.18,12.5264,13.1355,11.6945,11.789,9.7483,228279200,1255,2026-09-04,50.77,256608606.0
NASDAQ:CBSH,CBSH,"Commerce Bancshares, Inc.",Financial Services,Banks - Regional,United States,NASDAQ,8399100018.0,58.37,51.41,52.56,6,54.3,2063,False,-2.79,24.14,9.69,9.87,5.32,12.03,13.76,53.2114,53.124,55.4205,52.1042,51.3103,49967789,1255,2026-09-04,48.87,143894124.0
NASDAQ:TVA,TVA,Texas Ventures Acquisition III Corp,Financial Services,Shell Companies,United States,NASDAQ,237150000.0,10.54,51.41,52.13,6,54.3,2064,False,-9.53,4.25,-0.01,-0.5,,,,10.5406,10.5927,,,,4543804,328,2026-09-04,58.13,22500000.0
NYSE:GXO,GXO,"GXO Logistics, Inc.",Industrials,Integrated Freight & Logistics,United States,NYSE,5559147820.0,48.32,51.42,49.14,6,54.3,2065,False,-26.33,6.5,-8.73,-8.62,-3.36,-5.61,-5.29,52.9401,52.8808,50.0012,51.1908,51.0196,54818947,1255,2026-09-04,45.88,115048589.0
NASDAQ:VRCA,VRCA,Verrica Pharmaceuticals Inc.,Healthcare,Biotechnology,United States,NASDAQ,91047566.0,5.3,51.42,49.46,6,54.3,2066,False,-41.76,61.59,-15.27,-9.02,-25.2,-77.41,-82.25,6.2551,5.8254,7.0859,23.457,29.8581,551991,1255,2026-09-04,52.84,17178786.0
NASDAQ:CNOB,CNOB,"ConnectOne Bancorp, Inc.",Financial Services,Banks - Regional,United States,NASDAQ,1624821241.0,32.31,51.43,51.11,6,54.4,2067,False,-4.72,42.45,12.23,16.1,26.3,39.01,46.05,28.7894,27.8284,25.5812,23.2422,22.1225,10276975,1255,2026-09-04,48.5,50288494.0
NYSE:KEY,KEY,KeyCorp,Financial Services,Banks - Regional,United States,NYSE,23777736300.0,22.18,51.43,50.09,6,54.4,2068,False,-6.66,37.62,5.59,9.44,22.56,37.48,46.82,21.0062,20.2674,18.0971,16.1332,15.1064,204547998,1255,2026-09-04,50.45,1072035000.0
NYSE:HOMB,HOMB,"Home BancShares, Inc.",Financial Services,Banks - Regional,United States,NYSE,6043869000.0,30.15,51.45,52.79,6,54.5,2069,False,-3.95,18.28,7.84,8.5,9.42,17.29,23.17,27.9584,27.7889,27.5549,25.7058,24.4783,39554817,1255,2026-09-04,49.11,200460000.0
NYSE:LSPD,LSPD,Lightspeed Commerce Inc. Subordinate Voting Shares,Technology,Software - Application,Canada,NYSE,1358938712.0,10.51,51.45,52.01,6,54.5,2070,False,-21.8,25.57,3.72,-0.12,-10.98,-18.07,-22.78,10.1326,10.5222,11.8069,12.8279,13.6106,6389571,1255,2026-09-04,52.62,129299592.0
NYSE:OGE,OGE,OGE Energy Corp,Utilities,Utilities - Regulated Electric,United States,NYSE,9692793986.0,46.92,51.45,49.3,6,54.5,2071,False,-6.07,13.46,2.08,3.09,8.52,19.04,24.7,45.9627,45.5116,43.238,39.4153,37.6261,63916218,1255,2026-09-04,51.16,206581287.0
NASDAQ:AMTX,AMTX,"Aemetis, Inc",Basic Materials,Specialty Chemicals,United States,NASDAQ,128770653.0,1.83,51.46,50.71,6,54.5,2072,False,-50.0,38.64,-5.81,-10.13,-17.88,-34.9,-45.98,1.9429,2.0362,2.2284,2.811,3.3876,1287283,1255,2026-09-04,51.46,70366477.0
NASDAQ:EFSI,EFSI,Eagle Financial Services Inc,Financial Services,Banks - Regional,United States,NASDAQ,226778554.0,41.9,51.46,52.17,6,54.5,2073,False,-4.1,32.99,8.9,10.42,20.69,28.88,31.14,38.4742,37.9474,34.7167,32.51,31.9516,1858954,1255,2026-09-04,47.61,5412376.0
NASDAQ:TUSK,TUSK,"Mammoth Energy Services, Inc.",Industrials,Conglomerates,United States,NASDAQ,150292419.0,3.12,51.46,51.82,6,54.5,2074,True,-18.75,80.35,20.68,24.34,14.16,-0.21,-13.7,2.5854,2.5093,2.733,3.1265,3.6152,619513,1255,2026-09-04,51.01,48170647.0
NASDAQ:AXGN,AXGN,"Axogen, Inc.",Healthcare,Medical Devices,United States,NASDAQ,2595605848.0,48.28,51.47,53.6,6,54.6,2075,True,-6.67,209.69,28.59,43.4,99.68,159.59,195.39,37.5461,33.6681,24.1791,18.5983,16.3446,41146331,1255,2026-09-04,47.56,53761513.0
NYSE:SBXD,SBXD,SilverBox Corp IV,Financial Services,Shell Companies,United States,NYSE,222345850.0,10.87,51.48,51.66,6,54.6,2076,False,-2.95,3.92,1.38,1.8,,,,10.7216,10.678,,,,25376,480,2026-09-04,51.48,20455000.0
NYSE:ARR,ARR,"ARMOUR Residential REIT, Inc.",Real Estate,REIT - Mortgage,United States,NYSE,2314392302.0,16.35,51.5,50.53,6,54.7,2077,True,-5.72,35.82,1.35,4.87,11.38,16.3,14.91,16.1328,15.5909,14.6794,14.0583,14.2289,53877152,1255,2026-09-04,42.93,141553046.0
NASDAQ:TILE,TILE,"Interface, Inc.",Consumer Cyclical,"Furnishings, Fixtures & Appliances",United States,NASDAQ,2162012590.0,37.24,51.5,54.3,6,54.7,2078,True,-5.21,52.77,21.43,24.16,44.34,71.78,100.26,30.6691,29.9932,25.7993,21.6789,18.5957,18852757,1255,2026-09-04,45.8,58056192.0
NASDAQ:COLB,COLB,"Columbia Banking System, Inc.",Financial Services,Banks - Regional,United States,NASDAQ,8710763600.0,30.8,51.51,50.51,6,54.7,2079,False,-7.24,34.52,6.37,9.59,18.69,31.8,34.89,28.9569,28.1044,25.9489,23.368,22.8337,88354994,1255,2026-09-04,47.57,282817000.0
NYSE:LAR,LAR,Lithium Argentina AG,Basic Materials,Other Industrial Metals & Mining,Switzerland,NYSE,1112432860.0,6.79,51.52,48.89,6,54.7,2080,False,-42.41,124.83,-8.4,1.35,45.15,42.12,16.37,7.4125,6.6995,4.6778,4.7776,5.8347,14021082,1255,2026-09-04,52.17,163834000.0
NASDAQ:ARWR,ARWR,"Arrowhead Pharmaceuticals, Inc.",Healthcare,Biotechnology,United States,NASDAQ,12161595193.0,86.34,51.53,52.57,6,54.8,2081,False,-3.63,217.78,21.37,35.23,110.6,136.78,142.43,71.1368,63.8451,40.9966,36.4646,35.6147,94754684,1255,2026-09-04,51.9,140857021.0
NYSE:RCUS,RCUS,"Arcus Biosciences, Inc.",Healthcare,Biotechnology,United States,NYSE,3730431985.0,29.66,51.53,52.84,6,54.8,2082,False,-6.05,162.01,20.5,30.18,70.18,72.87,61.66,24.6141,22.7837,17.4287,17.157,18.3476,32785557,1255,2026-09-04,54.94,125773162.0
AMEX:XTNT,XTNT,"Xtant Medical Holdings, Inc.",Healthcare,Medical Devices,United States,AMEX,53299925.0,0.38,51.53,48.74,6,54.8,2083,False,-58.7,22.58,-28.83,-33.46,-32.34,-45.73,-46.38,0.5339,0.5711,0.5616,0.7002,0.7087,1909500,1255,2026-09-04,57.33,140262960.0
NASDAQ:GRWG,GRWG,GrowGeneration Corp.,Consumer Cyclical,Specialty Retail,United States,NASDAQ,98849539.0,1.645,51.55,52.74,6,54.8,2084,True,-25.23,58.17,15.21,11.4,12.15,-8.46,-30.28,1.4278,1.4767,1.4667,1.797,2.3596,932649,1255,2026-09-04,47.14,60090905.0
AMEX:CBOE,CBOE,"Cboe Global Markets, Inc.",Financial Services,Financial Data & Stock Exchanges,United States,AMEX,31160127449.0,298.38,51.58,52.17,6,54.9,2085,False,-18.23,29.32,5.1,8.54,21.89,34.93,51.29,283.8993,274.9158,244.7857,221.1363,197.2266,292555311,1255,2026-09-04,51.66,104431019.0
NASDAQ:MNKD,MNKD,MannKind Corporation,Healthcare,Biotechnology,United States,NASDAQ,1254337674.0,4.06,51.61,51.77,6,54.9,2086,True,-34.62,78.07,-2.35,-8.12,-16.83,-13.74,-11.95,4.1576,4.4187,4.8818,4.7068,4.6108,12938985,1255,2026-09-04,48.03,308950166.0
NASDAQ:VNDA,VNDA,Vanda Pharmaceuticals Inc.,Healthcare,Biotechnology,United States,NASDAQ,326536102.0,5.43,51.61,49.35,6,54.9,2087,True,-43.2,25.69,-17.43,-12.76,-0.02,5.2,-6.19,6.576,6.2244,5.4312,5.1618,5.7881,4545728,1255,2026-09-04,48.77,60135562.0
NYSE:CI,CI,The Cigna Group,Healthcare,Healthcare Plans,United States,NYSE,74653222105.0,282.52,51.63,50.57,6,54.9,2088,False,-7.61,17.56,1.67,1.15,-3.35,-4.99,-2.8,277.8702,279.3023,292.3267,297.3545,290.6684,389055458,1255,2026-09-04,55.87,264240486.0
NYSE:OFRM,OFRM,"Once Upon a Farm, PBC",Consumer Defensive,Packaged Foods,United States,NYSE,731609461.0,17.46,51.63,50.85,6,54.9,2089,False,-32.64,20.58,,,,,,,,,,,6260238,146,2026-09-04,52.03,41902031.0
NASDAQ:ECBK,ECBK,"ECB Bancorp, Inc.",Financial Services,Banks - Regional,United States,NASDAQ,181688647.0,20.755,51.64,53.27,6,55.0,2090,False,-3.69,39.95,12.84,15.79,25.4,36.96,39.19,18.3931,17.9243,16.5513,15.1542,14.9116,173794,1031,2026-09-04,66.81,8753970.0
NASDAQ:EXPO,EXPO,"Exponent, Inc.",Industrials,Engineering & Construction,United States,NASDAQ,3315769842.0,68.35,51.64,54.75,6,55.0,2091,False,-13.14,28.59,3.06,2.58,-9.7,-13.24,-16.52,66.3217,66.6336,75.6938,78.7772,81.8766,25025830,1255,2026-09-04,59.03,48511629.0
NASDAQ:ARCB,ARCB,ArcBest Corporation,Industrials,Trucking,United States,NASDAQ,3154223076.0,141.12,51.65,50.36,6,55.1,2092,False,-18.46,137.41,24.26,34.76,48.62,38.42,43.86,113.5648,104.7157,94.9537,101.9509,98.0942,36049633,1255,2026-09-04,47.21,22351354.0
NYSE:TRIN,TRIN,Trinity Capital Inc.,Financial Services,Asset Management,United States,NYSE,1637753001.0,18.22,51.65,54.51,6,55.1,2093,False,-2.72,43.52,17.31,20.64,34.81,47.01,61.99,15.5314,15.1028,13.5148,12.394,11.2477,15961329,1255,2026-09-04,54.85,89887651.0
NASDAQ:UBSI,UBSI,"United Bankshares, Inc.",Financial Services,Banks - Regional,United States,NASDAQ,6549942987.0,47.83,51.65,52.86,6,55.1,2094,False,-3.12,43.34,11.84,15.83,25.16,34.33,38.48,42.7677,41.2942,38.216,35.6053,34.5394,35934497,1255,2026-09-04,49.12,136942149.0
NYSE:DRI,DRI,"Darden Restaurants, Inc.",Consumer Cyclical,Restaurants,United States,NYSE,24840351451.0,216.88,51.69,52.98,6,55.1,2095,False,-4.74,31.18,8.96,10.7,14.7,25.03,32.76,199.0467,195.9207,189.0801,173.4566,163.3632,209076136,1255,2026-09-04,53.05,114535003.0
NASDAQ:GDRX,GDRX,"GoodRx Holdings, Inc.",Healthcare,Health Information Services,United States,NASDAQ,364394927.0,3.48,51.7,54.13,6,55.2,2096,False,-30.82,86.1,29.23,18.42,-12.2,-28.95,-31.49,2.6929,2.9386,3.9638,4.8977,5.0796,6057220,1255,2026-09-04,54.37,104711186.0
NASDAQ:HMR,HMR,Heidmar Maritime Holdings Corp.,Industrials,Marine Shipping,Greece,NASDAQ,78459356.0,1.33,51.7,52.51,6,55.2,2097,False,-18.4,73.18,25.79,20.68,,,,1.0573,1.1021,,,,88708,388,2026-09-04,52.42,58991997.0
NYSE:ELAN,ELAN,Elanco Animal Health Incorporated,Healthcare,Drug Manufacturers - Specialty & Generic,United States,NYSE,12236514784.0,24.5,51.71,51.02,6,55.2,2098,True,-8.72,33.66,3.22,6.16,36.01,47.01,59.27,23.7366,23.0788,18.0138,16.6654,15.3826,147150230,1255,2026-09-04,51.07,499449583.0
NASDAQ:CCEC,CCEC,Capital Clean Energy Carriers Corp.,Industrials,Marine Shipping,Greece,NASDAQ,1361569529.0,22.65,51.72,52.84,6,55.2,2099,False,-3.6,32.61,7.44,7.5,12.91,23.65,34.37,21.0818,21.0689,20.0594,18.318,16.857,141194,1255,2026-09-04,51.72,60113445.0
NASDAQ:BCML,BCML,BayCom Corp,Financial Services,Banks - Regional,United States,NASDAQ,336006964.0,30.8,51.73,49.19,6,55.3,2100,False,-11.47,16.88,2.44,4.19,12.23,24.51,35.45,30.0661,29.5602,27.4448,24.7361,22.7391,1743903,1255,2026-09-04,46.83,10909317.0
NASDAQ:MXCT,MXCT,"MaxCyte, Inc.",Healthcare,Medical Devices,United States,NASDAQ,137115740.0,1.28,51.73,52.5,6,55.3,2101,True,-30.05,89.35,13.97,5.27,-41.27,-55.26,-62.68,1.1231,1.2159,2.1795,2.8609,3.43,1082574,1255,2026-09-04,49.89,107121672.0
NASDAQ:ONB,ONB,Old National Bancorp,Financial Services,Banks - Regional,United States,NASDAQ,9962122800.0,26.04,51.73,51.65,6,55.3,2102,False,-4.04,36.1,9.34,12.2,19.36,32.5,41.7,23.816,23.2088,21.8155,19.6535,18.3766,79943139,1255,2026-09-04,48.43,382570000.0
NYSE:DGX,DGX,Quest Diagnostics Incorporated,Healthcare,Diagnostics & Research,United States,NYSE,26173938590.0,237.14,51.74,56.75,6,55.4,2103,False,-3.21,38.47,18.61,21.05,32.79,46.47,54.04,199.9361,195.8946,178.584,161.9026,153.9494,205516624,1255,2026-09-04,56.14,110373360.0
NASDAQ:INTC,INTC,Intel Corporation,Technology,Semiconductors,United States,NASDAQ,483215200000.0,95.8,51.74,49.1,6,55.4,2104,False,-32.03,297.84,29.19,45.24,118.23,131.34,149.9,74.1549,65.9597,43.8983,41.4115,38.3347,9276149774,1255,2026-09-04,45.48,5044000000.0
NASDAQ:MRVI,MRVI,"Maravai LifeSciences Holdings, Inc.",Healthcare,Biotechnology,United States,NASDAQ,1079745120.0,7.32,51.74,54.38,6,55.4,2105,False,-18.67,200.0,62.53,74.12,73.54,35.55,-5.6,4.5039,4.2039,4.218,5.4001,7.7539,36482213,1255,2026-09-04,52.47,147506164.0
NASDAQ:ASPI,ASPI,ASP Isotopes Inc.,Basic Materials,Chemicals,United States,NASDAQ,528794477.0,4.2,51.75,48.11,6,55.4,2106,True,-70.11,18.64,-24.23,-34.15,-32.46,-16.35,,5.5429,6.378,6.2182,5.021,,11912264,957,2026-09-04,43.96,125903447.0
NASDAQ:GOSS,GOSS,"Gossamer Bio, Inc.",Healthcare,Biotechnology,United States,NASDAQ,85548176.0,0.175,51.75,49.2,6,55.4,2107,False,-95.38,28.68,-84.19,-87.67,-86.54,-84.93,-90.97,1.1067,1.4199,1.3003,1.1615,1.9384,3520413,1255,2026-09-04,52.2,488846722.0
NASDAQ:BANF,BANF,BancFirst Corporation,Financial Services,Banks - Regional,United States,NASDAQ,3791567228.0,112.89,51.76,50.42,6,55.5,2108,False,-15.11,10.2,1.46,-0.04,-1.2,7.58,12.85,111.2692,112.9306,114.2558,104.9333,100.036,12468230,1255,2026-09-04,47.79,33586387.0
NYSE:DLX,DLX,Deluxe Corporation,Industrials,Conglomerates,United States,NYSE,1112094842.0,24.29,51.78,50.16,6,55.5,2109,False,-21.92,42.62,-0.99,4.52,21.18,26.67,35.3,24.5336,23.2393,20.0447,19.1754,17.9528,10934331,1255,2026-09-04,52.83,45784061.0
NASDAQ:KYMR,KYMR,"Kymera Therapeutics, Inc.",Healthcare,Biotechnology,United States,NASDAQ,9761051047.0,117.39,51.78,54.34,6,55.5,2110,True,-7.79,171.36,31.77,42.63,91.45,129.67,159.62,89.0893,82.3042,61.3152,51.1125,45.2168,83384385,1255,2026-09-04,51.59,83150618.0
NASDAQ:LITE,LITE,Lumentum Holdings Inc.,Technology,Communication Equipment,United States,NASDAQ,68561639000.0,881.255,51.78,51.76,6,55.5,2111,True,-16.32,489.86,28.61,51.63,166.46,272.79,360.09,685.2229,581.1927,330.726,236.3922,191.5404,4098692215,1255,2026-09-04,48.69,77800000.0
NYSE:NBR,NBR,Nabors Industries Ltd.,Energy,Oil & Gas Drilling,Bermuda,NYSE,1344060374.0,90.84,51.78,52.1,6,55.5,2112,False,-17.89,145.58,15.03,26.62,50.59,30.92,7.79,78.9683,71.7448,60.3215,69.385,84.2738,19596132,1255,2026-09-04,55.95,14795909.0
NASDAQ:IPSC,IPSC,"Century Therapeutics, Inc.",Healthcare,Biotechnology,United States,NASDAQ,380548647.0,2.11,51.79,50.34,6,55.6,2113,True,-28.23,353.76,8.3,27.35,66.12,17.88,-23.39,1.9483,1.6568,1.2702,1.79,2.7542,872265,1255,2026-09-04,50.6,180354809.0
NYSE:GIB,GIB,CGI Inc.,Technology,Information Technology Services,Canada,NYSE,13474462599.0,73.65,51.8,53.43,6,55.6,2114,False,-23.45,20.38,-2.51,-5.98,-20.42,-23.66,-22.58,75.5467,78.3329,92.5486,96.4789,95.1249,24702133,1255,2026-09-04,56.42,182952649.0
NYSE:HLF,HLF,Herbalife Ltd.,Consumer Defensive,Packaged Foods,United States,NYSE,1283427370.0,12.38,51.8,50.6,6,55.6,2115,False,-37.98,59.74,-12.03,-4.72,19.47,15.2,1.04,14.0729,12.9927,10.3629,10.7462,12.2526,20645860,1255,2026-09-04,49.72,103669416.0
NASDAQ:TIGO,TIGO,Millicom International Cellular S.A.,Communication Services,Telecom Services,Luxembourg,NASDAQ,15887955135.0,94.83,51.81,51.93,6,55.7,2116,False,-9.09,122.05,26.37,37.79,96.53,151.77,200.86,75.0408,68.8231,48.2517,37.6648,31.5192,91886036,1255,2026-09-04,54.16,167541444.0
NASDAQ:CHEC,CHEC,Chenghe Acquisition III Co.,Financial Services,Shell Companies,Singapore,NASDAQ,133583340.0,10.23,51.82,55.72,6,55.7,2117,False,-0.39,2.92,1.37,,,,,10.0922,,,,,46607,205,2026-09-04,51.82,13058000.0
NASDAQ:MQ,MQ,"Marqeta, Inc.",Technology,Software - Infrastructure,United States,NASDAQ,1608260000.0,16.58,51.82,51.0,6,55.7,2118,False,-32.6,10.24,-2.36,-6.28,-9.28,-16.87,-19.97,16.9806,17.6911,18.2759,19.9439,20.7181,12527380,1255,2026-09-04,57.08,97000000.0
NYSE:KD,KD,"Kyndryl Holdings, Inc.",Technology,Information Technology Services,United States,NYSE,2899801285.0,13.15,51.83,52.01,6,55.7,2119,False,-60.32,24.17,-18.65,-30.29,-49.79,-46.31,-38.92,16.1644,18.8638,26.1878,24.4946,21.528,47309350,1222,2026-09-04,54.35,220517208.0
NYSE:BRK.B,BRK-B,Berkshire Hathaway Inc. New,Financial Services,Insurance - Diversified,United States,NYSE,707586139822.0,506.03,51.84,52.35,6,55.8,2120,False,-4.42,8.73,2.77,2.7,3.83,11.13,20.48,492.4119,492.7093,487.3534,455.3395,420.004,2138955706,1255,2026-09-04,54.53,1398308677.0
NASDAQ:CENX,CENX,Century Aluminum Company,Basic Materials,Aluminum,United States,NASDAQ,4630005919.0,46.78,51.85,49.55,6,55.8,2121,False,-31.98,115.28,-5.51,3.45,46.21,84.04,120.41,49.5071,45.2201,31.9945,25.4183,21.2241,90331310,1255,2026-09-04,54.76,98974047.0
NASDAQ:FISV,FISV,"Fiserv, Inc.",,,,NASDAQ,28262461258.0,53.0,51.86,50.97,6,55.8,2122,False,-61.15,12.34,-9.11,-23.73,-59.09,-60.31,-58.56,58.3129,69.4898,129.5439,133.5272,127.887,323196810,1254,2026-09-04,50.66,533253986.0
NASDAQ:WRLD,WRLD,World Acceptance Corporation,Financial Services,Credit Services,United States,NASDAQ,887995093.0,190.54,51.86,51.76,6,55.8,2123,False,-14.87,64.87,20.79,20.37,29.71,36.1,46.23,157.7419,158.2899,146.8946,140.0038,130.3047,13535953,1255,2026-09-04,53.12,4660413.0
NASDAQ:PHAT,PHAT,"Phathom Pharmaceuticals, Inc.",Healthcare,Biotechnology,United States,NASDAQ,768558873.0,9.5,51.88,48.96,6,55.9,2124,True,-47.46,15.43,-21.3,-22.13,-11.06,-8.87,-9.84,12.0716,12.1993,10.6808,10.4252,10.5366,10337928,1255,2026-09-04,45.5,80900934.0
NASDAQ:SGC,SGC,"Superior Group of Companies, Inc.",Consumer Cyclical,Apparel Manufacturing,United States,NASDAQ,199021444.0,12.73,51.88,50.88,6,55.9,2125,False,-8.94,55.64,15.2,17.79,10.71,6.76,16.14,11.0503,10.8078,11.4982,11.9243,10.9612,613314,1255,2026-09-04,48.45,15634049.0
NASDAQ:RYOJ,RYOJ,"rYojbaba Co., Ltd.",Industrials,Consulting Services,Japan,NASDAQ,59598000.0,5.16,51.89,53.86,6,55.9,2126,True,-43.42,180.74,59.42,58.71,,,,3.2367,3.2511,,,,489690,267,2026-09-04,47.82,11550000.0
NYSE:UTL,UTL,UNITIL Corporation,Utilities,Utilities - Diversified,United States,NYSE,966286459.0,53.71,51.89,52.41,6,55.9,2127,False,-3.23,24.3,5.56,7.76,5.18,8.19,9.89,50.8804,49.8438,51.0657,49.6457,48.8781,5957268,1255,2026-09-04,51.89,17990811.0
NYSE:ATI,ATI,ATI Inc.,Industrials,Metal Fabrication,United States,NYSE,28747495448.0,210.65,51.9,53.24,6,56.0,2128,False,-9.12,181.32,32.9,46.72,101.72,144.35,185.79,158.4998,143.5736,104.4248,86.2078,73.7071,392978508,1255,2026-09-04,46.19,136470427.0
NYSE:MO,MO,"Altria Group, Inc.",Consumer Defensive,Tobacco,United States,NYSE,115011961623.0,68.88,51.9,50.31,6,56.0,2129,False,-8.06,29.9,5.74,7.47,19.22,35.68,47.34,65.1403,64.0952,57.7752,50.7683,46.7488,596626076,1255,2026-09-04,54.65,1669743926.0
NASDAQ:FRSH,FRSH,Freshworks Inc.,Technology,Software - Application,United States,NASDAQ,3212533787.0,12.73,51.92,55.45,6,56.1,2130,False,-8.55,85.03,24.92,20.99,1.55,-10.44,-12.28,10.1909,10.5212,12.5361,14.2141,14.5123,69487137,1244,2026-09-04,61.03,252359292.0
NYSE:MGY,MGY,Magnolia Oil & Gas Corporation,Energy,Oil & Gas E&P,United States,NYSE,6350758266.0,26.8,51.92,51.72,6,56.1,2131,False,-16.09,28.62,2.23,5.08,10.22,13.65,17.49,26.2158,25.5052,24.3148,23.5821,22.8108,82028091,1255,2026-09-04,55.35,236968592.0
NASDAQ:RUSHB,RUSHB,"Rush Enterprises, Inc.",Consumer Cyclical,Auto & Truck Dealerships,United States,NASDAQ,864219966.0,51.82,51.92,52.43,6,56.1,2132,False,-4.08,63.08,16.54,20.98,32.8,44.76,56.84,44.4637,42.8325,39.0203,35.7964,33.0394,4861741,1255,2026-09-04,45.02,16677344.0
NYSE:STAG,STAG,"Stag Industrial, Inc.",Real Estate,REIT - Industrial,United States,NYSE,7264827364.0,37.68,51.92,49.21,6,56.1,2133,False,-10.37,12.93,0.04,1.0,5.99,8.21,12.71,37.6659,37.3062,35.5509,34.8226,33.43,55287336,1255,2026-09-04,52.22,192803274.0
NASDAQ:ELBM,ELBM,Electra Battery Materials Corporation,Basic Materials,Other Industrial Metals & Mining,Canada,NASDAQ,63423686.0,0.594,51.93,51.57,6,56.2,2134,True,-91.54,21.22,-16.38,-31.04,-50.56,-58.59,-80.42,0.7104,0.8614,1.2015,1.4344,3.0345,214986,1255,2026-09-04,44.64,106773882.0
NYSE:LOMA,LOMA,Loma Negra Compania Industrial Argentina Sociedad Anonima ADS,Basic Materials,Building Materials,Argentina,NYSE,1198474390.0,10.27,51.93,48.45,6,56.2,2135,True,-21.72,44.04,-9.05,-4.61,-4.82,8.99,20.06,11.292,10.7665,10.7901,9.423,8.5542,4115857,1255,2026-09-04,49.45,116696630.0
NASDAQ:SRRK,SRRK,Scholar Rock Holding Corporation,Healthcare,Biotechnology,United States,NASDAQ,6630101942.0,55.33,51.93,53.51,6,56.2,2136,False,-7.84,98.17,15.93,24.1,43.86,86.54,127.59,47.7259,44.5853,38.4607,29.6619,24.3111,57297396,1255,2026-09-04,54.24,119828338.0
NYSE:GKOS,GKOS,Glaukos Corporation,Healthcare,Medical Devices,United States,NYSE,10467879299.0,177.47,51.94,56.85,6,56.2,2137,False,-6.37,137.67,37.21,47.82,49.59,61.2,83.94,129.3399,120.0612,118.6362,110.0959,96.4836,113514854,1255,2026-09-04,56.94,58983937.0
NASDAQ:ECHO,ECHO,EchoStar Corporation,Communication Services,Telecom Services,United States,NASDAQ,14230158796.0,89.8,51.95,47.45,6,56.3,2138,False,-36.67,34.17,-16.6,-10.83,41.61,89.26,124.33,107.6678,100.7014,63.4134,47.4469,40.0303,240653840,1255,2026-09-04,51.93,158465020.0
NASDAQ:LOVE,LOVE,The Lovesac Company,Consumer Cyclical,"Furnishings, Fixtures & Appliances",United States,NASDAQ,244315196.0,16.69,51.95,50.87,6,56.3,2139,True,-19.57,58.35,11.27,10.17,-12.31,-17.76,-22.32,15.0001,15.1499,19.032,20.2934,21.4863,2596097,1255,2026-09-04,44.46,14638418.0
NYSE:ALL,ALL,Allstate Corporation (The),Financial Services,Insurance - Property & Casualty,United States,NYSE,66818750800.0,259.57,51.96,53.5,6,56.3,2140,False,-5.26,39.26,18.13,20.51,27.95,41.57,56.88,219.7417,215.3858,202.873,183.3488,165.4548,407230447,1255,2026-09-04,56.21,257420930.0
NASDAQ:CPSS,CPSS,"Consumer Portfolio Services, Inc.",Financial Services,Credit Services,United States,NASDAQ,203966511.0,9.4,51.96,51.05,6,56.3,2141,True,-8.74,28.77,5.13,7.37,2.04,3.21,1.42,8.9415,8.7545,9.2124,9.1075,9.268,184082,1255,2026-09-04,37.69,21698565.0
NASDAQ:CRML,CRML,Critical Metals Corp.,Basic Materials,Other Industrial Metals & Mining,United States,NASDAQ,1069350122.0,7.28,51.96,49.8,6,56.3,2142,False,-75.71,41.91,-24.95,-26.91,-0.33,-13.38,-18.25,9.7006,9.9607,7.3043,8.4045,8.9056,55399834,1149,2026-09-04,52.82,146888753.0
NASDAQ:LXEO,LXEO,"Lexeo Therapeutics, Inc.",Healthcare,Biotechnology,United States,NASDAQ,383970790.0,4.89,51.96,51.26,6,56.3,2143,False,-54.0,18.4,-23.54,-26.46,-19.39,,,6.3952,6.6493,6.0666,,,3817532,711,2026-09-04,50.52,78521634.0
NASDAQ:ATEC,ATEC,"Alphatec Holdings, Inc.",Healthcare,Medical Devices,United States,NASDAQ,1453308932.0,9.45,51.97,51.78,6,56.4,2144,False,-58.33,35.19,-24.72,-28.91,-19.94,-20.68,-22.98,12.5527,13.2924,11.8039,11.9136,12.2699,14413486,1255,2026-09-04,49.6,153789305.0
NASDAQ:NYXH,NYXH,Nyxoah SA,Healthcare,Medical Instruments & Supplies,Belgium,NASDAQ,162117960.0,1.62,51.97,49.3,6,56.4,2145,False,-75.15,23.66,-49.09,-55.35,-72.82,-76.32,-76.27,3.1824,3.6284,5.9598,6.8412,6.8258,858835,1255,2026-09-04,62.51,100072815.0
NYSE:TRV,TRV,"The Travelers Companies, Inc.",Financial Services,Insurance - Property & Casualty,United States,NYSE,77037184376.0,369.35,51.97,54.42,6,56.4,2146,False,-7.02,42.87,18.73,21.87,33.79,48.92,62.5,311.0937,303.0647,276.0719,248.019,227.2925,575255732,1255,2026-09-04,57.45,208575022.0
NASDAQ:COYA,COYA,"Coya Therapeutics, Inc.",Healthcare,Biotechnology,United States,NASDAQ,111656191.0,4.76,52.0,50.94,6,56.5,2147,False,-35.33,25.93,-2.07,-6.89,-16.43,-21.35,,4.8606,5.1122,5.696,6.0519,,474830,924,2026-09-04,45.13,23457183.0
NYSE:WTTR,WTTR,"Select Water Solutions, Inc.",Energy,Oil & Gas Equipment & Services,United States,NYSE,2494540257.0,20.06,52.0,52.09,6,56.5,2148,False,-9.58,143.81,29.01,38.58,61.62,81.36,98.57,15.5486,14.4753,12.412,11.0609,10.1021,25057134,1255,2026-09-04,52.97,124353951.0
NASDAQ:CRWV,CRWV,"CoreWeave, Inc.",Technology,Software - Infrastructure,United States,NASDAQ,39995207189.0,89.36,52.01,50.57,6,56.6,2149,False,-37.55,46.93,-2.31,-8.46,,,,91.4708,97.6173,,,,2587872646,362,2026-09-04,46.48,447573939.0
NASDAQ:FULC,FULC,"Fulcrum Therapeutics, Inc.",Healthcare,Biotechnology,United States,NASDAQ,293744439.0,3.85,52.01,47.46,6,56.6,2150,True,-73.63,22.61,-47.46,-49.16,-37.92,-40.59,-39.45,7.3273,7.5722,6.2014,6.4799,6.3588,6618481,1255,2026-09-04,51.12,76297257.0
NASDAQ:SHOP,SHOP,Shopify Inc. - Class A Subordinate Voting Shares,Technology,Software - Application,Canada,NASDAQ,176949010917.0,145.09,52.01,54.21,6,56.6,2151,False,-18.95,52.09,10.5,6.34,20.15,40.51,63.0,131.3034,136.434,120.7541,103.2614,89.0099,1007119546,1255,2026-09-04,52.85,1219581025.0
NYSE:XZO,XZO,"Exzeo Group, Inc.",Financial Services,Insurance - Diversified,United States,NYSE,1504700016.0,16.55,52.04,52.36,6,56.6,2152,False,-31.75,31.87,-0.95,,,,,16.7093,,,,,3413288,209,2026-09-04,54.42,90918430.0
NASDAQ:UNIT,UNIT,Uniti Group Inc.,Real Estate,REIT - Specialty,United States,NASDAQ,2468514623.0,10.17,52.05,49.42,6,56.7,2153,False,-20.24,89.74,8.92,17.01,18.97,24.35,26.49,9.3375,8.6919,8.5487,8.1788,8.0399,16931831,1255,2026-09-04,52.05,242725135.0
NASDAQ:VSAT,VSAT,"ViaSat, Inc.",Technology,Communication Equipment,United States,NASDAQ,10375743507.0,75.32,52.05,51.21,6,56.7,2154,False,-16.13,165.12,31.68,43.73,133.0,169.53,153.24,57.2007,52.4042,32.3257,27.9451,29.7423,122450556,1255,2026-09-04,46.16,137755490.0
NASDAQ:PWP,PWP,Perella Weinberg Partners,Financial Services,Capital Markets,United States,NASDAQ,1225023257.0,16.8,52.06,51.39,6,56.7,2155,False,-30.18,14.68,-6.87,-8.91,-13.74,-3.13,11.21,18.0389,18.443,19.4763,17.3432,15.1062,14447168,1255,2026-09-04,53.34,72918051.0
NYSE:MSCI,MSCI,MSCI Inc.,Financial Services,Financial Data & Stock Exchanges,United States,NYSE,41657827000.0,573.01,52.07,50.22,6,56.7,2156,False,-10.68,13.2,0.65,1.12,1.5,4.94,8.54,569.3173,566.6436,564.533,546.0618,527.9317,306717408,1255,2026-09-04,53.11,72700000.0
NASDAQ:EOSE,EOSE,"Eos Energy Enterprises, Inc.",Industrials,Electrical Equipment & Parts,United States,NASDAQ,1403346868.0,3.88,52.08,48.05,6,56.7,2157,True,-79.78,27.63,-53.63,-58.45,-43.85,-23.38,-10.32,8.3682,9.3372,6.9106,5.0643,4.3266,88206146,1255,2026-09-04,45.5,361687337.0
NYSE:BRK.A,BRK-A,Berkshire Hathaway Inc.,Financial Services,Insurance - Diversified,United States,NYSE,384001016950.0,759350.0,52.09,52.53,6,56.8,2158,False,-4.34,8.48,2.81,2.74,3.86,10.93,20.06,738610.445,739099.5794,731105.1548,684503.5119,632465.1111,125428655,1255,2026-09-04,55.1,505697.0
NYSE:BBWI,BBWI,"Bath & Body Works, Inc.",Consumer Cyclical,Specialty Retail,United States,NYSE,3932470952.0,19.51,52.12,50.71,6,56.9,2159,False,-30.78,35.35,-0.68,-5.44,-23.3,-33.2,-36.07,19.6446,20.6331,25.4354,29.2068,30.516,133045474,1255,2026-09-04,48.2,201561812.0
NYSE:BDN,BDN,Brandywine Realty Trust,Real Estate,REIT - Office,United States,NYSE,537373977.0,3.12,52.12,51.51,6,56.9,2160,False,-24.45,33.58,6.37,1.9,-12.16,-11.36,-11.83,2.9331,3.0617,3.5519,3.5197,3.5388,4931930,1255,2026-09-04,47.35,172235249.0
NASDAQ:LBTYK,LBTYK,Liberty Global Ltd.,Communication Services,Telecom Services,Bermuda,NASDAQ,1579067299.0,10.43,52.12,50.08,6,56.9,2161,True,-17.68,8.76,-6.64,-7.0,-7.8,-2.84,-1.59,11.1717,11.2151,11.3121,10.7353,10.5984,12137014,1255,2026-09-04,51.19,151396673.0
NASDAQ:NDAQ,NDAQ,"Nasdaq, Inc.",Financial Services,Financial Data & Stock Exchanges,United States,NASDAQ,54153727799.0,96.88,52.12,54.68,6,56.9,2162,False,-3.41,26.06,7.61,8.08,14.61,28.97,38.54,90.0317,89.6375,84.5275,75.1162,69.9313,253097347,1255,2026-09-04,59.71,558977372.0
NYSE:RAMP,RAMP,"LiveRamp Holdings, Inc.",Technology,Software - Infrastructure,United States,NYSE,2295010570.0,37.75,52.12,55.88,6,56.9,2163,False,-0.68,68.38,19.92,22.82,26.22,22.83,30.31,31.4799,30.7355,29.9084,30.7347,28.97,38098714,1255,2026-09-04,52.61,60794982.0
NYSE:BETA,BETA,"Beta Technologies, Inc.",Industrials,Aerospace & Defense,United States,NYSE,4934050677.0,22.2,52.13,53.19,6,56.9,2164,False,-39.67,63.36,7.98,,,,,20.5584,,,,,53908432,210,2026-09-04,45.56,222254535.0
NYSE:BRSL,BRSL,"Brightstar Lottery PLC Trading under the Legal Name to begin at the market open on July 21, 2025.",Consumer Cyclical,Gambling,United Kingdom,NYSE,2075673812.0,11.3,52.14,52.36,6,57.0,2165,False,-33.67,14.83,-8.22,-13.15,-14.93,-23.4,-27.26,12.3114,13.0104,13.2837,14.7527,15.534,19948064,1255,2026-09-04,52.94,183687948.0
NASDAQ:ISBA,ISBA,Isabella Bank Corporation,Financial Services,Banks - Regional,United States,NASDAQ,305457512.0,40.04,52.14,50.59,6,57.0,2166,True,-28.28,28.46,-9.42,-5.53,18.84,40.92,53.57,44.2059,42.3823,33.6918,28.4132,26.0735,2898239,1255,2026-09-04,49.97,7628809.0
NASDAQ:AIIR,AIIR,Air Global PLC,Consumer Defensive,Tobacco,United Arab Emirates,NASDAQ,1170822195.0,7.3,52.15,51.63,6,57.0,2167,True,-51.33,29.78,-19.51,-21.97,,,,9.0699,9.3557,,,,73198,301,2026-09-04,49.9,160386602.0
NYSE:KKR,KKR,KKR & Co. Inc.,Financial Services,Asset Management,United States,NYSE,96727851934.0,107.73,52.15,53.52,6,57.0,2168,False,-27.34,28.93,2.3,-1.91,-11.41,-2.57,12.53,105.303,109.8245,121.5996,110.5752,95.7359,488489607,1255,2026-09-04,56.43,897872941.0
NASDAQ:NTLA,NTLA,"Intellia Therapeutics, Inc.",Healthcare,Biotechnology,United States,NASDAQ,1780061809.0,12.74,52.15,50.6,6,57.0,2169,True,-54.47,58.46,1.51,-4.98,-0.41,-27.27,-47.08,12.5506,13.4077,12.7926,17.5178,24.0754,39136811,1255,2026-09-04,51.49,139722277.0
NYSE:FPH,FPH,"Five Point Holdings, LLC",Real Estate,Real Estate - Development,United States,NYSE,370401591.0,5.16,52.16,50.92,6,57.1,2170,False,-20.49,9.55,-2.25,-5.03,0.11,16.48,30.32,5.2786,5.4335,5.1544,4.43,3.9595,768569,1255,2026-09-04,46.78,71783254.0
NYSE:RBRK,RBRK,"Rubrik, Inc.",Technology,Software - Infrastructure,United States,NYSE,15076819990.0,93.67,52.16,53.76,6,57.1,2171,False,-12.47,113.81,35.91,32.02,36.01,,,68.92,70.9517,68.8708,,,382809459,593,2026-09-04,50.65,160956763.0
NYSE:ASH,ASH,Ashland Inc.,Basic Materials,Specialty Chemicals,United States,NYSE,3339710474.0,72.93,52.18,55.18,6,57.2,2172,False,-4.05,57.86,20.63,25.7,21.91,7.97,-0.51,60.4564,58.0185,59.8243,67.5486,73.3046,42409504,1255,2026-09-04,53.31,45793370.0
NYSE:LBRT,LBRT,Liberty Energy Inc.,Energy,Oil & Gas Equipment & Services,United States,NYSE,3360111255.0,20.59,52.18,47.74,6,57.2,2173,False,-38.87,108.65,-16.19,-7.8,9.91,8.74,16.62,24.5668,22.3323,18.7334,18.9355,17.6564,66061300,1255,2026-09-04,50.13,163191416.0
NYSE:POST,POST,"Post Holdings, Inc.",Consumer Defensive,Packaged Foods,United States,NYSE,3836103679.0,84.64,52.18,49.21,6,57.2,2174,True,-26.15,11.03,-12.26,-14.0,-19.49,-17.64,-14.72,96.4647,98.4146,105.1263,102.7741,99.2473,74399998,1255,2026-09-04,51.21,45322586.0
NYSE:SA,SA,"Seabridge Gold, Inc. Common Shares New",Basic Materials,Gold,Canada,NYSE,3425638148.0,31.83,52.18,52.9,6,57.2,2175,False,-19.11,83.04,5.6,11.13,48.7,70.5,85.9,30.142,28.642,21.4055,18.6684,17.122,27534305,1255,2026-09-04,54.56,107622939.0
NYSE:STN,STN,Stantec Inc,Industrials,Engineering & Construction,Canada,NYSE,8386205472.0,73.52,52.18,51.64,6,57.2,2176,False,-35.04,10.14,-13.0,-17.92,-17.84,-13.72,-5.11,84.5041,89.5735,89.4887,85.2113,77.4782,27161825,1255,2026-09-04,49.91,114066995.0
NASDAQ:CHTR,CHTR,"Charter Communications, Inc.",Communication Services,Telecom Services,United States,NASDAQ,18128986009.0,151.99,52.21,52.2,6,57.3,2177,True,-46.24,23.26,-16.57,-22.6,-44.88,-49.06,-51.75,182.1663,196.3715,275.7638,298.3602,314.9957,403983445,1255,2026-09-04,51.74,119277492.0
NYSE:U,U,Unity Software Inc.,Technology,Software - Application,United States,NYSE,18186047975.0,41.66,52.21,57.1,6,57.3,2178,False,-15.79,143.2,29.95,23.66,43.82,48.2,41.15,32.0588,33.6879,28.9669,28.11,29.5142,450282680,1255,2026-09-04,54.08,436534997.0
NASDAQ:AEI,AEI,Alset Inc.,Real Estate,Real Estate - Development,United States,NASDAQ,54843120.0,1.41,52.22,52.07,6,57.3,2179,False,-66.98,38.24,-27.85,-33.3,-12.36,-1.26,-18.06,1.9543,2.114,1.6088,1.428,1.7208,88299,1255,2026-09-04,51.66,38895830.0
NASDAQ:ALAB,ALAB,"Astera Labs, Inc.",Technology,Semiconductors,United States,NASDAQ,53205024266.0,310.4,52.22,50.29,6,57.3,2180,False,-35.74,209.56,37.87,42.13,98.2,,,225.1439,218.398,156.6131,,,1018723514,618,2026-09-04,43.6,171407939.0
NASDAQ:ECOR,ECOR,"electroCore, Inc.",Healthcare,Medical Devices,United States,NASDAQ,83036301.0,9.21,52.23,53.93,6,57.4,2181,False,-14.8,108.37,34.29,41.73,16.09,25.24,35.76,6.8582,6.4982,7.9334,7.354,6.7839,851145,1255,2026-09-04,52.23,9015885.0
NASDAQ:SHC,SHC,Sotera Health Company,Healthcare,Diagnostics & Research,United States,NASDAQ,5389656187.0,18.9,52.24,54.84,6,57.4,2182,False,-3.42,43.95,12.41,13.43,25.9,29.77,31.12,16.8131,16.6625,15.0122,14.5646,14.4147,46730386,1255,2026-09-04,54.51,285166994.0
NASDAQ:WTW,WTW,Willis Towers Watson Public Limited Company,Financial Services,Insurance Brokers,United Kingdom,NASDAQ,31087952191.0,334.74,52.24,56.13,6,57.4,2183,False,-4.56,38.76,12.02,9.76,9.27,17.23,24.57,298.8224,304.9859,306.353,285.5442,268.7074,163047110,1255,2026-09-04,59.13,92871937.0
NYSE:BKH,BKH,Black Hills Corporation,Utilities,Utilities - Regulated Gas,United States,NYSE,5573339519.0,73.21,52.26,51.37,6,57.5,2184,False,-2.88,30.38,2.54,5.87,17.24,26.99,28.01,71.3993,69.1513,62.446,57.6512,57.1905,54757862,1255,2026-09-04,52.82,76128118.0
NASDAQ:CEPF,CEPF,"Cantor Equity Partners IV, Inc.",Financial Services,Shell Companies,United States,NASDAQ,477360000.0,10.4,52.26,51.5,6,57.5,2185,False,-2.07,2.87,0.53,0.5,,,,10.3452,10.3481,,,,428953,262,2026-09-04,49.86,45900000.0
NYSE:NCDL,NCDL,Nuveen Churchill Direct Lending Corp.,Financial Services,Asset Management,United States,NYSE,618326054.0,12.52,52.26,50.93,6,57.5,2186,False,-12.98,6.76,-1.91,-2.23,-6.57,,,12.7642,12.8061,13.4004,,,1808338,656,2026-09-04,54.04,49387065.0
NYSE:KMPR,KMPR,Kemper Corporation,Financial Services,Insurance - Property & Casualty,United States,NYSE,1650833465.0,28.04,52.27,51.47,6,57.5,2187,False,-45.87,23.9,-10.74,-18.47,-40.48,-41.81,-41.18,31.4137,34.3914,47.1096,48.1831,47.6694,24409493,1255,2026-09-04,57.14,58874232.0
NYSE:SMRT,SMRT,"SmartRent, Inc.",Technology,Software - Application,United States,NYSE,256474632.0,1.33,52.28,53.9,6,57.6,2188,True,-37.26,40.3,-9.6,-9.43,-5.04,-26.53,-36.06,1.4713,1.4684,1.4007,1.8104,2.0802,1414644,1255,2026-09-04,52.28,192838069.0
NYSE:KEP,KEP,Korea Electric Power Corporation,Utilities,Utilities - Regulated Electric,South Korea,NYSE,15330102159.0,11.94,52.29,49.85,6,57.6,2189,False,-48.67,6.8,-22.51,-21.32,-2.45,12.77,22.73,15.4084,15.1751,12.2397,10.5878,9.7285,12099975,1255,2026-09-04,53.38,1283928154.0
NASDAQ:NWE,NWE,"NorthWestern Energy Group, Inc.",Utilities,Utilities - Regulated Electric,United States,NASDAQ,4354233423.0,70.78,52.29,51.55,6,57.6,2190,False,-2.69,32.46,4.33,7.8,21.32,31.69,35.71,67.84,65.6583,58.3419,53.7481,52.1549,26274405,1255,2026-09-04,53.01,61517850.0
NASDAQ:GFUZ,GFUZ,General Fusion Group Ltd.,Industrials,Specialty Industrial Machinery,Canada,NASDAQ,665157850.0,8.24,52.3,49.63,6,57.6,2191,False,-40.12,22.44,-17.14,,,,,9.9443,,,,,1470213,235,2026-09-04,50.6,80723040.0
NASDAQ:TCBS,TCBS,"Texas Community Bancshares, Inc.",Financial Services,Banks - Regional,United States,NASDAQ,50494360.0,17.5,52.32,51.48,6,57.7,2192,False,-5.3,12.41,3.05,4.33,9.18,15.78,19.17,16.9827,16.7743,16.0287,15.1143,14.6854,22247,1255,2026-09-04,52.32,2885392.0
NYSE:TY,TY,Tri Continental Corporation,Financial Services,Asset Management,United States,NYSE,1894576172.0,35.59,52.32,53.64,6,57.7,2193,False,-1.3,17.87,7.03,7.45,12.66,19.29,26.31,33.2514,33.1216,31.5904,29.8349,28.1762,1029767,1255,2026-09-04,55.35,53233385.0
NASDAQ:PUSA,PUSA,Aureus Greenway Holdings Inc.,Consumer Cyclical,Leisure,United States,NASDAQ,99691253.0,3.7,52.33,51.07,6,57.7,2194,False,-52.66,84.08,-7.33,-9.98,,,,3.9929,4.1103,,,,2261002,393,2026-09-04,55.03,26943582.0
NYSE:GEF,GEF,Greif Inc.,Consumer Cyclical,Packaging & Containers,United States,NYSE,2108734655.0,85.0,52.36,55.81,6,57.8,2195,False,-5.68,53.76,19.81,24.51,33.95,37.2,38.39,70.9486,68.2689,63.4543,61.9554,61.4227,22646507,1255,2026-09-04,52.44,24808643.0
NASDAQ:SAIL,SAIL,"SailPoint, Inc.",Technology,Software - Infrastructure,United States,NASDAQ,10674384004.0,18.82,52.36,54.07,6,57.8,2196,False,-20.36,79.41,17.53,9.53,,,,16.0125,17.1828,,,,61286200,392,2026-09-04,55.62,567182997.0
NYSE:SF,SF,Stifel Financial Corporation,Financial Services,Capital Markets,United States,NYSE,12352987610.0,81.49,52.36,53.45,6,57.8,2197,False,-6.98,20.38,4.54,5.25,13.3,28.38,42.94,77.9482,77.4222,71.9216,63.4771,57.0082,78443734,1255,2026-09-04,55.5,151589000.0
NASDAQ:FRPH,FRPH,"FRP Holdings, Inc.",Real Estate,Real Estate Services,United States,NASDAQ,433056512.0,22.59,52.37,49.71,6,57.8,2198,False,-11.69,9.03,-1.67,-2.92,-13.12,-16.67,-17.66,22.9747,23.269,26.0012,27.1089,27.4345,2196908,1255,2026-09-04,50.02,19170275.0
NASDAQ:IRTC,IRTC,"iRhythm Holdings, Inc.",Healthcare,Medical Devices,United States,NASDAQ,4044376553.0,123.07,52.38,52.22,6,57.9,2199,False,-34.97,20.91,-8.64,-14.29,-3.07,5.22,5.87,134.7112,143.5942,126.9709,116.9598,116.247,67915450,1255,2026-09-04,52.88,32862408.0
NYSE:IT,IT,"Gartner, Inc.",Technology,Information Technology Services,United States,NYSE,12481171147.0,186.42,52.38,54.92,6,57.9,2200,False,-29.41,48.27,4.97,-2.77,-41.64,-47.87,-46.72,177.5872,191.7284,319.449,357.6201,349.8572,234309149,1255,2026-09-04,59.79,66951889.0
NASDAQ:BSEM,BSEM,"BioStem Technologies, Inc.",Healthcare,Biotechnology,United States,NASDAQ,63010851.0,3.71,52.4,51.11,6,57.9,2201,False,-54.76,23.67,-16.65,-18.08,-56.76,-54.27,-45.16,4.4509,4.5289,8.5798,8.112,6.7649,405433,1255,2026-09-04,50.46,16984057.0
NASDAQ:ROOT,ROOT,"Root, Inc.",Financial Services,Insurance - Property & Casualty,United States,NASDAQ,793395195.0,56.59,52.4,51.19,6,57.9,2202,False,-44.99,30.97,-4.74,-13.04,-31.82,-14.93,9.61,59.4059,65.0764,83.0034,66.5248,51.6297,12631939,1255,2026-09-04,49.7,14020060.0
NYSE:PGR,PGR,Progressive Corporation (The),Financial Services,Insurance - Property & Casualty,United States,NYSE,127291349042.0,218.95,52.41,52.61,6,58.0,2203,False,-6.62,15.05,5.04,4.14,-3.05,5.39,17.87,208.444,210.2408,225.846,207.759,185.7552,490137319,1255,2026-09-04,59.82,581371770.0
NYSE:AWR,AWR,American States Water Company,Utilities,Utilities - Regulated Water,United States,NYSE,3469725570.0,88.53,52.42,55.06,6,58.0,2204,False,-2.82,29.2,14.88,16.59,16.92,18.84,15.83,77.0601,75.9352,75.7212,74.4982,76.4303,17803838,1255,2026-09-04,57.9,39192653.0
NYSE:CLW,CLW,Clearwater Paper Corporation,Basic Materials,Paper & Paper Products,United States,NYSE,337392823.0,20.92,52.42,55.57,6,58.0,2205,True,-10.25,68.17,24.06,19.72,-6.2,-26.0,-30.71,16.863,17.4744,22.3034,28.2707,30.1899,3053194,1255,2026-09-04,50.25,16127764.0
NASDAQ:MARA,MARA,"MARA Holdings, Inc.",Financial Services,Capital Markets,United States,NASDAQ,4312169389.0,11.31,52.42,50.59,6,58.0,2206,False,-50.48,68.05,3.58,-8.25,-22.24,-26.99,-19.69,10.9192,12.3269,14.5451,15.4915,14.0837,521721063,1255,2026-09-04,54.48,381270503.0
NASDAQ:MITK,MITK,"Mitek Systems, Inc.",Technology,Software - Application,United States,NASDAQ,838599863.0,18.57,52.42,52.51,6,58.0,2207,False,-7.8,114.68,29.62,39.16,63.65,61.45,66.47,14.3268,13.3444,11.3475,11.5021,11.1554,13373068,1255,2026-09-04,54.69,45158851.0
NASDAQ:TRMK,TRMK,Trustmark Corporation,Financial Services,Banks - Regional,United States,NASDAQ,2714481528.0,46.62,52.42,52.06,6,58.0,2208,False,-3.39,30.05,8.06,10.73,21.99,37.61,46.62,43.1411,42.1026,38.215,33.8795,31.797,11720956,1255,2026-09-04,45.97,58225687.0
NASDAQ:OZK,OZK,Bank OZK,Financial Services,Banks - Regional,United States,NASDAQ,5505235076.0,50.43,52.43,51.19,6,58.1,2209,False,-5.01,21.75,5.71,6.02,10.54,16.3,21.8,47.7041,47.5652,45.6198,43.3616,41.4035,49009685,1255,2026-09-04,50.35,109165875.0
NYSE:SPB,SPB,"Spectrum Brands Holdings, Inc.",Consumer Defensive,Household & Personal Products,United States,NYSE,2035110246.0,88.5,52.44,52.87,6,58.1,2210,True,-2.19,80.36,17.26,25.15,25.19,21.58,27.98,75.4717,70.7165,70.6915,72.7917,69.1504,31867423,1255,2026-09-04,52.17,22995596.0
NYSE:MAIN,MAIN,Main Street Capital Corporation,Financial Services,Asset Management,United States,NYSE,5363653856.0,57.68,52.45,55.68,6,58.2,2211,False,-7.81,18.65,5.06,4.23,8.25,19.94,32.8,54.9028,55.3407,53.2827,48.0896,43.4337,28210591,1255,2026-09-04,55.84,92989838.0
NYSE:PDM,PDM,"Piedmont Realty Trust, Inc.",Real Estate,REIT - Office,United States,NYSE,1211285746.0,9.68,52.48,53.3,6,58.2,2212,False,-2.81,51.49,14.59,14.46,16.66,26.17,27.65,8.4471,8.4567,8.2974,7.6722,7.5829,10465677,1255,2026-09-04,52.85,125132825.0
NASDAQ:SRBK,SRBK,"SR Bancorp, Inc.",Financial Services,Banks - Regional,United States,NASDAQ,143631528.0,19.76,52.48,52.87,6,58.2,2213,True,-3.04,38.88,11.11,15.18,34.87,,,17.7839,17.1555,14.6513,,,401277,743,2026-09-04,46.18,7268802.0
NYSE:AUNA,AUNA,Auna SA,Healthcare,Medical Care Facilities,Luxembourg,NYSE,159132584.0,5.28,52.49,52.5,6,58.3,2214,False,-22.01,27.23,4.5,-0.1,-13.97,,,5.0525,5.2855,6.1374,,,1046375,616,2026-09-04,58.34,30138747.0
NASDAQ:HWC,HWC,Hancock Whitney Corporation,Financial Services,Banks - Regional,United States,NASDAQ,6102920640.0,75.84,52.49,52.7,6,58.3,2215,False,-4.31,43.14,11.41,14.75,27.32,42.14,51.33,68.0733,66.091,59.5642,53.356,50.1145,46190611,1255,2026-09-04,48.61,80471000.0
NASDAQ:ROP,ROP,"Roper Technologies, Inc.",Technology,Software - Application,United States,NASDAQ,40279992000.0,407.28,52.49,55.83,6,58.3,2216,False,-21.51,29.73,8.67,2.46,-13.92,-16.87,-14.14,374.7732,397.4867,473.1439,489.9214,474.3388,272791599,1255,2026-09-04,64.83,98900000.0
NASDAQ:BSET,BSET,"Bassett Furniture Industries, Incorporated",Consumer Cyclical,"Furnishings, Fixtures & Appliances",United States,NASDAQ,165892434.0,19.16,52.5,53.11,6,58.4,2217,True,-11.12,41.02,19.73,21.66,27.39,33.71,33.98,16.0022,15.7487,15.041,14.33,14.3005,354876,1255,2026-09-04,43.53,8658269.0
NASDAQ:HFWA,HFWA,Heritage Financial Corporation,Financial Services,Banks - Regional,United States,NASDAQ,1198140313.0,29.29,52.5,51.85,6,58.4,2218,False,-5.5,40.05,9.79,13.29,21.39,34.79,36.34,26.679,25.8547,24.1291,21.7294,21.4824,8710254,1255,2026-09-04,51.4,40906122.0
NASDAQ:RDNT,RDNT,"RadNet, Inc.",Healthcare,Diagnostics & Research,United States,NASDAQ,5796129536.0,73.71,52.5,55.8,6,58.4,2219,False,-12.75,42.11,11.54,8.02,12.54,26.09,47.62,66.0856,68.2349,65.4957,58.4605,49.9327,50292954,1255,2026-09-04,55.53,78634236.0
NASDAQ:AVPT,AVPT,"AvePoint, Inc.",Technology,Software - Infrastructure,United States,NASDAQ,2847390942.0,13.43,52.51,54.46,6,58.4,2220,False,-19.15,49.39,14.92,9.08,-5.79,9.06,28.42,11.686,12.3115,14.2548,12.3148,10.4576,21362013,1255,2026-09-04,54.68,212017196.0
NYSE:INFQ,INFQ,"Infleqtion, Inc.",Technology,Software - Infrastructure,United States,NYSE,2803830049.0,12.85,52.51,52.1,6,58.4,2221,False,-35.33,45.86,,,,,,,,,,,120416643,140,2026-09-04,51.23,218196891.0
NASDAQ:GEVO,GEVO,"Gevo, Inc.",Basic Materials,Specialty Chemicals,United States,NASDAQ,399194580.0,1.64,52.52,51.86,6,58.5,2222,False,-41.01,17.14,-12.18,-14.66,-5.26,13.21,6.58,1.8676,1.9216,1.731,1.4487,1.5387,3781420,1255,2026-09-04,52.52,243411329.0
NYSE:IIIN,IIIN,"Insteel Industries, Inc.",Industrials,Metal Fabrication,United States,NYSE,605138801.0,31.26,52.52,52.2,6,58.5,2223,False,-17.97,27.83,-0.24,-1.95,0.79,1.35,6.76,31.3342,31.8829,31.0162,30.8444,29.2814,4536271,1255,2026-09-04,50.56,19358247.0
NASDAQ:JCAP,JCAP,"Jefferson Capital, Inc.",Financial Services,Credit Services,United States,NASDAQ,1315449784.0,21.35,52.52,54.63,6,58.5,2224,False,-10.07,39.06,7.81,10.26,,,,19.8027,19.3642,,,,8295634,301,2026-09-04,52.84,61613573.0
NYSE:RPT,RPT,Rithm Property Trust Inc.,Real Estate,REIT - Mortgage,United States,NYSE,100576978.0,12.94,52.53,50.74,6,58.6,2225,False,-22.36,21.73,-6.78,-6.69,-10.79,-22.38,-33.99,13.8817,13.868,14.5059,16.6701,19.6043,417613,1255,2026-09-04,50.11,7772564.0
NASDAQ:WNEB,WNEB,"Western New England Bancorp, Inc.",Financial Services,Banks - Regional,United States,NASDAQ,278437162.0,13.89,52.53,51.34,6,58.6,2226,True,-5.74,30.64,4.53,7.54,26.21,43.74,53.69,13.2882,12.9157,11.0055,9.663,9.0376,688751,1255,2026-09-04,47.82,20045872.0
NASDAQ:XERS,XERS,"Xeris Biopharma Holdings, Inc.",Healthcare,Drug Manufacturers - Specialty & Generic,United States,NASDAQ,1555192210.0,8.53,52.53,54.27,6,58.6,2227,False,-13.84,61.25,21.09,16.74,47.56,86.08,118.74,7.0441,7.3069,5.7809,4.5842,3.8996,12764209,1255,2026-09-04,54.45,182320306.0
NASDAQ:NEXT,NEXT,NextDecade Corporation,Energy,Oil & Gas Equipment & Services,United States,NASDAQ,1953801078.0,7.34,52.54,51.14,6,58.6,2228,False,-31.34,52.92,8.83,9.16,1.41,9.01,11.9,6.7445,6.7238,7.238,6.7336,6.5593,16934477,1255,2026-09-04,54.53,266185433.0
NYSE:UCB,UCB,"United Community Banks, Inc.",Financial Services,Banks - Regional,United States,NYSE,4268382794.0,35.64,52.55,52.34,6,58.6,2229,False,-3.91,26.06,7.37,9.41,15.92,24.42,25.86,33.1941,32.5753,30.7459,28.6441,28.3166,25158175,1255,2026-09-04,49.82,119763827.0
NASDAQ:DMAC,DMAC,DiaMedica Therapeutics Inc.,Healthcare,Biotechnology,United States,NASDAQ,363712579.0,6.75,52.57,51.46,6,58.7,2230,True,-28.12,26.64,-6.31,-5.09,13.99,37.66,61.51,7.2048,7.1118,5.9216,4.9033,4.1794,890470,1255,2026-09-04,47.61,53883345.0
NASDAQ:DMRA,DMRA,"Damora Therapeutics, Inc.",Healthcare,Biotechnology,United States,NASDAQ,1850289012.0,30.06,52.57,52.76,6,58.7,2231,True,-11.95,1065.12,15.39,34.13,118.4,108.67,28.44,26.0518,22.4103,13.7635,14.4056,23.4043,9156233,1255,2026-09-04,40.35,61553194.0
NASDAQ:IPWR,IPWR,Ideal Power Inc.,Technology,Semiconductors,United States,NASDAQ,79151726.0,4.82,52.57,51.49,6,58.7,2232,True,-46.38,79.85,13.41,8.43,-7.95,-23.3,-36.16,4.25,4.4451,5.2366,6.2841,7.5496,1016825,1255,2026-09-04,49.81,16421520.0
NYSE:TEL,TEL,TE Connectivity plc,Technology,Electronic Components,Ireland,NYSE,60496121213.0,208.65,52.57,51.59,6,58.7,2233,False,-15.29,7.37,-2.8,-3.65,12.43,23.77,33.56,214.6666,216.5445,185.5782,168.573,156.2222,402916629,1255,2026-09-04,53.48,289940672.0
NASDAQ:INVA,INVA,"Innoviva, Inc.",Healthcare,Biotechnology,United States,NASDAQ,1574340616.0,21.33,52.58,49.91,6,58.8,2234,False,-12.0,27.95,-2.06,0.74,6.24,15.22,25.08,21.7777,21.1728,20.0774,18.5117,17.0535,12811536,1255,2026-09-04,52.96,73808749.0
NYSE:FNB,FNB,F.N.B. Corporation,Financial Services,Banks - Regional,United States,NYSE,6645846928.0,18.67,52.6,51.6,6,58.8,2235,False,-3.52,31.18,6.56,9.19,19.98,29.9,37.77,17.5204,17.0994,15.5615,14.3725,13.5513,60284707,1255,2026-09-04,48.27,355963949.0
NYSE:MUX,MUX,McEwen Inc.,Basic Materials,Other Precious Metals & Mining,Canada,NYSE,1231466420.0,20.07,52.61,52.6,6,58.8,2236,False,-30.91,48.67,-4.98,-1.17,37.48,59.69,81.81,21.123,20.3084,14.599,12.5681,11.0393,22061003,1255,2026-09-04,55.85,61358566.0
NASDAQ:SBCF,SBCF,Seacoast Banking Corporation of Florida,Financial Services,Banks - Regional,United States,NASDAQ,3350075800.0,34.6,52.62,53.51,6,58.9,2237,False,-4.23,22.33,7.88,9.28,19.48,28.62,30.92,32.0734,31.6622,28.9584,26.8999,26.4289,27158806,1255,2026-09-04,50.57,96823000.0
NASDAQ:THRM,THRM,Gentherm Inc,Consumer Cyclical,Auto Parts,United States,NASDAQ,1249701966.0,40.7,52.62,53.37,6,58.9,2238,False,-10.77,49.58,17.35,16.75,15.91,0.51,-11.2,34.6818,34.86,35.1128,40.4917,45.8333,11899368,1255,2026-09-04,49.29,30705208.0
NASDAQ:BSBK,BSBK,Bogota Financial Corp.,Financial Services,Banks - Regional,United States,NASDAQ,117939120.0,9.175,52.63,53.04,6,58.9,2239,False,-3.31,12.58,6.16,5.46,10.92,15.6,8.45,8.6425,8.6998,8.272,7.9366,8.4603,91507,1255,2026-09-04,46.53,12854400.0
NASDAQ:FLYW,FLYW,Flywire Corporation - Voting,Technology,Software - Infrastructure,United States,NASDAQ,2254651588.0,18.55,52.65,54.0,6,58.9,2240,False,-5.07,74.34,25.82,28.33,27.03,7.82,-5.39,14.7431,14.4552,14.6029,17.2046,19.6072,27216525,1255,2026-09-04,54.31,121544560.0
NASDAQ:LPLA,LPLA,LPL Financial Holdings Inc.,Financial Services,Capital Markets,United States,NASDAQ,28740241443.0,359.33,52.65,55.63,6,58.9,2241,False,-8.37,35.27,8.8,8.03,8.87,19.41,28.12,330.2742,332.6255,330.0465,300.9241,280.4724,212597846,1255,2026-09-04,53.61,79982861.0
NYSE:ONT,ONT,"Onterris, Inc.",Industrials,Waste Management,United States,NYSE,645085202.0,17.85,52.67,50.39,6,59.0,2242,False,-41.76,23.1,-16.54,-21.28,-18.52,-32.22,-40.46,21.3879,22.6757,21.9062,26.3343,29.9808,11193495,1255,2026-09-04,51.33,36139227.0
NASDAQ:TKNO,TKNO,"Alpha Teknova, Inc.",Healthcare,Drug Manufacturers - Specialty & Generic,United States,NASDAQ,371009074.0,6.92,52.67,56.12,6,59.0,2243,False,-7.24,247.74,64.31,57.47,30.78,57.71,62.67,4.2116,4.3944,5.2912,4.3877,4.254,2018738,1255,2026-09-04,59.38,53614028.0
NYSE:BAP,BAP,Credicorp Ltd.,Financial Services,Banks - Regional,Peru,NYSE,30391364702.0,382.53,52.69,52.18,6,59.1,2244,False,-4.91,61.63,15.67,21.89,53.81,82.53,106.36,330.6953,313.837,248.6963,209.5699,185.3712,112172255,1255,2026-09-04,54.03,79448317.0
NASDAQ:OWLS,OWLS,OBOOK Holdings Inc.,Technology,Software - Infrastructure,Taiwan,NASDAQ,207283252.0,5.48,52.69,50.56,6,59.1,2245,False,-90.14,9.38,-8.89,,,,,6.0146,,,,,136818,223,2026-09-04,43.84,37825411.0
NYSE:JAN,JAN,"Janus Living, Inc. Class A-1",Real Estate,REIT - Residential,United States,NYSE,6534346047.0,30.79,52.7,54.01,6,59.1,2246,False,-3.05,35.85,,,,,,,,,,,54496749,117,2026-09-04,56.95,212222996.0
NASDAQ:FRHC,FRHC,Freedom Holding Corp.,Financial Services,Financial Conglomerates,United States,NASDAQ,10475757814.0,164.54,52.73,53.57,6,59.1,2247,True,-5.98,46.87,16.52,13.41,16.64,36.53,52.85,141.2154,145.0793,141.0672,120.5185,107.6456,22573599,1255,2026-09-04,51.77,63666937.0
NASDAQ:FIZZ,FIZZ,National Beverage Corp.,Consumer Defensive,Beverages - Non-Alcoholic,United States,NASDAQ,3018054168.0,32.24,52.75,52.62,6,59.1,2248,False,-11.6,15.06,3.16,2.17,-10.02,-14.12,-15.92,31.2514,31.5545,35.8301,37.5394,38.3457,9967202,1255,2026-09-04,54.99,93612102.0
NASDAQ:ARQQ,ARQQ,Arqit Quantum Inc.,Technology,Software - Infrastructure,United Kingdom,NASDAQ,371889523.0,21.37,52.76,52.3,6,59.2,2249,False,-63.33,81.41,9.57,-9.54,-3.27,13.36,-35.38,19.5039,23.6241,22.0934,18.8507,33.0724,5640199,1255,2026-09-04,49.68,17402411.0
NYSE:PFLT,PFLT,PennantPark Floating Rate Capital Ltd.,Financial Services,Asset Management,United States,NYSE,733220251.0,7.39,52.77,51.75,6,59.2,2250,False,-17.66,8.92,-6.52,-7.13,-12.31,-11.78,-8.57,7.905,7.9575,8.4278,8.3772,8.0829,6154727,1255,2026-09-04,55.01,99217896.0
NYSE:ARI,ARI,"Apollo Commercial Real Estate Finance, Inc",Real Estate,REIT - Mortgage,United States,NYSE,900917087.0,6.88,52.78,51.84,6,59.2,2251,False,-4.82,16.05,2.86,4.41,14.69,18.67,24.2,6.6885,6.5892,5.999,5.7974,5.5394,20112393,1255,2026-09-04,52.78,130947251.0
NASDAQ:CWST,CWST,"Casella Waste Systems, Inc.",Industrials,Waste Management,United States,NASDAQ,5857011436.0,93.53,52.78,52.59,6,59.2,2252,False,-12.87,24.76,1.46,2.1,-6.55,-3.52,0.15,92.1852,91.6053,100.09,96.9399,93.3886,37813040,1255,2026-09-04,60.81,62621741.0
NYSE:EAT,EAT,"Brinker International, Inc.",Consumer Cyclical,Restaurants,United States,NYSE,9873627014.0,230.22,52.78,56.4,6,59.2,2253,True,-9.34,125.07,40.6,47.17,55.86,100.61,142.76,163.7424,156.4305,147.7131,114.7582,94.8346,234328392,1255,2026-09-04,51.83,42887790.0
AMEX:FURY,FURY,Fury Gold Mines Limited,Basic Materials,Gold,Canada,AMEX,115790507.0,0.609,52.79,53.53,6,59.3,2254,False,-35.56,21.31,-0.3,-1.58,15.9,25.46,27.04,0.6108,0.6188,0.5254,0.4854,0.4794,198965,1255,2026-09-04,51.81,190132195.0
NASDAQ:NPCE,NPCE,"Neuropace, Inc.",Healthcare,Medical Devices,United States,NASDAQ,507996800.0,14.9,52.79,50.58,6,59.3,2255,True,-22.76,58.51,-3.73,2.71,19.14,27.82,53.98,15.4781,14.5075,12.5067,11.6568,9.6763,2249282,1255,2026-09-04,51.22,34093745.0
NASDAQ:NWS,NWS,News Corporation,Communication Services,Entertainment,United States,NASDAQ,6122560011.0,33.9,52.8,55.23,6,59.4,2256,False,-4.02,32.65,13.7,12.65,10.75,17.92,30.16,29.8161,30.0942,30.6094,28.7495,26.0459,38120989,1255,2026-09-04,61.53,180606490.0
NYSE:SPCE,SPCE,"Virgin Galactic Holdings, Inc.",Industrials,Aerospace & Defense,United States,NYSE,390753316.0,3.04,52.8,51.23,6,59.4,2257,False,-59.57,40.09,-0.11,-4.63,-21.89,-74.34,-90.22,3.0432,3.1875,3.892,11.8492,31.0873,23263933,1255,2026-09-04,49.13,128537275.0
NYSE:PG,PG,Procter & Gamble Company (The),Consumer Defensive,Household & Personal Products,United States,NYSE,341000034338.0,146.44,52.81,51.44,6,59.4,2258,False,-11.1,8.45,0.42,0.13,-4.0,-2.97,0.07,145.8336,146.2515,152.535,150.9264,146.3344,1283017897,1255,2026-09-04,54.44,2328598978.0
AMEX:SEB,SEB,Seaboard Corporation,Industrials,Conglomerates,United States,AMEX,4141099078.0,4323.5801,52.82,48.6,6,59.4,2259,False,-27.37,34.63,-10.68,-5.82,16.58,20.41,19.27,4840.7054,4590.5341,3708.743,3590.5697,3625.0344,91637822,1255,2026-09-04,51.48,957794.0
NASDAQ:IGIC,IGIC,International General Insurance Holdings Ltd.,Financial Services,Insurance - Diversified,Jordan,NASDAQ,1153369514.0,27.04,52.84,51.8,6,59.5,2260,False,-6.27,34.66,8.74,11.65,18.94,42.65,69.31,24.8674,24.2183,22.7336,18.9557,15.9709,2140337,1255,2026-09-04,49.69,42654198.0
NASDAQ:INDB,INDB,Independent Bank Corp.,Financial Services,Banks - Regional,United States,NASDAQ,3995202721.0,83.9,52.84,51.94,6,59.5,2261,False,-3.75,33.48,6.8,10.04,21.84,34.43,35.49,78.5555,76.2447,68.8601,62.4096,61.9223,21301733,1255,2026-09-04,47.92,47618626.0
NASDAQ:EXFY,EXFY,"Expensify, Inc.",Technology,Software - Application,United States,NASDAQ,187869594.0,2.38,52.85,56.65,6,59.5,2262,False,-12.5,218.61,65.81,58.98,13.58,12.5,-39.22,1.4354,1.4971,2.0954,2.1156,3.9158,2321159,1209,2026-09-04,55.73,78936804.0
NYSE:AMT,AMT,American Tower Corporation (REIT),Real Estate,REIT - Specialty,United States,NYSE,81939074441.0,175.85,52.86,52.19,6,59.5,2263,False,-8.55,8.48,0.28,-0.55,-6.53,-4.91,-4.51,175.3514,176.8262,188.1348,184.9249,184.1609,336310922,1255,2026-09-04,56.49,465960048.0
NYSE:HESM,HESM,Hess Midstream LP Class A Representing Limited Partner Interests,Energy,Oil & Gas Midstream,United States,NYSE,5122483661.0,39.91,52.87,53.42,6,59.6,2264,True,-1.75,36.82,9.71,12.4,14.84,23.35,34.14,36.3765,35.5086,34.7535,32.3554,29.7533,54290406,1255,2026-09-04,52.26,128350881.0
NYSE:EVTC,EVTC,"Evertec, Inc.",Technology,Software - Infrastructure,United States,NYSE,1870177440.0,30.35,52.88,53.01,6,59.6,2265,False,-11.47,36.08,7.37,5.1,-4.13,-8.54,-9.31,28.2673,28.8761,31.6571,33.1831,33.465,11139402,1255,2026-09-04,54.53,61620344.0
NYSE:OSG,OSG,"Octave Specialty Group, Inc.",Financial Services,Insurance - Specialty,United States,NYSE,223717552.0,4.97,52.89,48.92,6,59.6,2266,False,-50.69,26.14,-15.6,-23.33,-38.88,-51.14,-56.22,5.8887,6.482,8.1314,10.1723,11.351,2690721,1255,2026-09-04,45.81,45013592.0
NYSE:BDC,BDC,Belden Inc,Technology,Communication Equipment,United States,NYSE,4778481195.0,122.28,52.91,52.68,6,59.7,2267,False,-18.9,22.87,2.33,2.18,4.83,15.05,22.54,119.4967,119.6669,116.6406,106.2879,99.7849,46084387,1255,2026-09-04,48.47,39078191.0
NASDAQ:FRPT,FRPT,"Freshpet, Inc.",Consumer Defensive,Packaged Foods,United States,NASDAQ,3451789640.0,70.24,52.91,55.87,6,59.7,2268,True,-17.85,48.22,10.79,14.62,-17.17,-21.45,-14.95,63.4003,61.2782,84.8026,89.4191,82.5885,81296918,1255,2026-09-04,51.34,49142791.0
NYSE:MA,MA,Mastercard Incorporated,Financial Services,Credit Services,United States,NYSE,503602310049.0,579.21,52.91,56.12,6,59.7,2269,False,-3.44,23.04,9.48,7.96,8.04,15.52,24.85,529.0762,536.5011,536.1102,501.3856,463.9117,1592097618,1255,2026-09-04,57.7,869464115.0
NASDAQ:ZM,ZM,"Zoom Communications, Inc.",Technology,Software - Application,United States,NASDAQ,26816543107.0,101.33,52.91,52.98,6,59.7,2270,False,-9.43,39.34,12.05,13.95,22.04,31.91,34.1,90.4305,88.9254,83.0314,76.8151,75.5609,339737560,1255,2026-09-04,48.18,264645644.0
NASDAQ:DXCM,DXCM,"DexCom, Inc.",Healthcare,Medical Devices,United States,NASDAQ,33170011244.0,87.9,52.92,56.52,6,59.8,2271,False,-4.81,60.28,23.98,25.28,18.73,1.76,-5.42,70.8985,70.1634,74.031,86.3781,92.9342,366203421,1255,2026-09-04,59.27,377360765.0
NASDAQ:KINS,KINS,"Kingstone Companies, Inc",Financial Services,Insurance - Property & Casualty,United States,NASDAQ,289117426.0,19.96,52.92,54.11,6,59.8,2272,False,-3.74,53.05,19.21,22.93,30.6,74.27,121.91,16.7436,16.2369,15.2838,11.4534,8.9947,1896457,1255,2026-09-04,57.02,14484841.0
NYSE:STLA,STLA,Stellantis N.V.,Consumer Cyclical,Auto Manufacturers,Netherlands,NYSE,16129233361.0,5.56,52.92,49.06,6,59.8,2273,False,-54.13,10.1,-28.86,-32.93,-42.84,-56.68,-56.87,7.8152,8.2898,9.7266,12.8338,12.8922,105681298,1255,2026-09-04,50.95,2900941252.0
NASDAQ:CBRS,CBRS,Cerebras Systems Inc.,Technology,Semiconductors,United States,NASDAQ,23577505245.0,210.05,52.93,50.34,6,59.8,2274,False,-32.48,24.64,,,,,,,,,,,1818844609,79,2026-09-04,46.53,112247109.0
AMEX:EXOD,EXOD,"Exodus Movement, Inc.",Technology,Software - Infrastructure,United States,AMEX,80242712.0,7.41,52.94,53.52,6,59.9,2275,False,-76.84,59.7,-21.15,-42.36,-67.35,-58.48,-47.61,9.3979,12.8548,22.6983,17.8462,14.1439,1076596,1248,2026-09-04,52.22,10828976.0
NYSE:NABL,NABL,"N-able, Inc.",Technology,Information Technology Services,United States,NYSE,764815857.0,4.06,52.96,51.29,6,59.9,2276,False,-52.24,35.33,-20.08,-28.42,-45.63,-56.65,-59.48,5.08,5.6721,7.4676,9.3647,10.0186,10235599,1255,2026-09-04,51.55,188378290.0
NYSE:WS,WS,"Worthington Steel, Inc.",Basic Materials,Steel,United States,NYSE,1842794441.0,36.17,52.96,50.78,6,59.9,2277,True,-25.07,29.19,-2.39,0.92,8.99,,,37.0565,35.8396,33.1879,,,8523351,695,2026-09-04,52.04,50948146.0
NYSE:RNGR,RNGR,"Ranger Energy Services, Inc.",Energy,Oil & Gas Equipment & Services,United States,NYSE,392685946.0,16.78,52.97,53.19,6,59.9,2278,False,-8.26,37.81,6.27,9.62,17.03,28.11,35.57,15.7903,15.3075,14.3377,13.0986,12.3774,3107112,1255,2026-09-04,55.17,23402023.0
NYSE:SPMC,SPMC,"Sound Point Meridian Capital, Inc.",Financial Services,Asset Management,United States,NYSE,201263962.0,9.8,52.97,50.82,6,59.9,2279,True,-33.68,27.22,-4.45,-11.02,-22.94,,,10.2568,11.0141,12.7178,,,332361,558,2026-09-04,51.3,20537139.0
NASDAQ:CDRO,CDRO,"Codere Online Luxembourg, S.A.",Consumer Cyclical,Gambling,Luxembourg,NASDAQ,414230926.0,9.11,52.98,50.38,6,60.0,2280,False,-10.69,67.77,6.48,11.54,15.35,28.4,50.38,8.5555,8.1672,7.898,7.0949,6.0582,173151,1255,2026-09-04,41.47,45469915.0
NYSE:EARN,EARN,Ellington Credit Company Common Shares of Beneficial Interest,Financial Services,Asset Management,United States,NYSE,163799968.0,4.36,52.98,52.56,6,60.0,2281,False,-12.38,11.66,-0.95,-1.27,-3.81,-1.51,0.6,4.4019,4.416,4.5325,4.4269,4.3338,1621824,1255,2026-09-04,55.17,37568800.0
NYSE:GLOB,GLOB,Globant S.A.,Technology,Information Technology Services,Luxembourg,NYSE,1689616026.0,39.13,52.98,53.51,7,60.0,2282,False,-45.05,41.11,-17.82,-21.76,-61.73,-70.96,-72.92,47.6149,50.0106,102.2571,134.7465,144.515,67767032,1255,2026-09-04,58.14,43179556.0
NASDAQ:NKTR,NKTR,Nektar Therapeutics,Healthcare,Biotechnology,United States,NASDAQ,2506585714.0,74.19,52.99,53.17,7,60.1,2283,False,-26.07,111.25,14.29,17.4,86.29,137.99,142.97,64.9111,63.1968,39.824,31.1729,30.5351,39827130,1255,2026-09-04,59.58,33786032.0
NASDAQ:SABR,SABR,Sabre Corporation,Technology,Software - Infrastructure,United States,NASDAQ,842017271.0,2.13,53.0,53.69,7,60.1,2284,True,-5.75,160.39,29.32,25.86,-11.6,-22.33,-35.64,1.6471,1.6923,2.4095,2.7425,3.3097,6532243,1255,2026-09-04,49.11,395313273.0
NASDAQ:AUR,AUR,"Aurora Innovation, Inc.",Consumer Cyclical,Auto Parts,United States,NASDAQ,10485497164.0,6.34,53.02,51.21,7,60.1,2285,False,-24.52,68.17,18.47,18.97,8.96,30.6,53.55,5.3518,5.3289,5.8188,4.8545,4.1289,186062767,1255,2026-09-04,52.69,1653863906.0
NYSE:CANG,CANG,Cango Inc.,Financial Services,Capital Markets,United States,NYSE,86115108.0,2.19,53.02,50.62,7,60.1,2286,False,-92.04,56.43,-67.08,-77.23,-85.18,-82.0,-79.62,6.6518,9.6199,14.776,12.1644,10.7478,1244748,1255,2026-09-04,52.02,39321967.0
NASDAQ:MDLN,MDLN,Medline Inc.,Healthcare,Medical Instruments & Supplies,United States,NASDAQ,30940730382.0,36.59,53.02,50.14,7,60.1,2287,False,-26.81,12.31,,,,,,,,,,,238596584,180,2026-09-04,53.02,845606187.0
NYSE:DX,DX,"Dynex Capital, Inc.",Real Estate,REIT - Mortgage,United States,NYSE,3201353229.0,12.9,53.03,52.96,7,60.2,2288,False,-4.16,25.27,2.57,4.79,15.66,26.29,34.54,12.5764,12.3099,11.1535,10.2148,9.5884,57937352,1255,2026-09-04,49.54,248166917.0
NASDAQ:VHUB,VHUB,"VenHub Global, Inc.",Consumer Defensive,Grocery Stores,United States,NASDAQ,75026071.0,0.83,53.04,48.72,7,60.2,2289,True,-89.73,40.68,,,,,,,,,,,44213,151,2026-09-04,51.84,90392857.0
NASDAQ:DWTX,DWTX,"Dogwood Therapeutics, Inc.",Healthcare,Biotechnology,United States,NASDAQ,77011676.0,2.29,53.05,55.79,7,60.3,2290,False,-71.05,70.9,-15.71,-31.42,-44.41,-66.21,-80.89,2.7168,3.3393,4.1195,6.7767,11.9839,186412,1255,2026-09-04,55.75,33629553.0
NASDAQ:LOGI,LOGI,Logitech International S.A. - Registered Shares,Technology,Computer Hardware,Switzerland,NASDAQ,14612369281.0,102.05,53.05,50.91,7,60.3,2291,False,-19.45,18.88,1.32,-0.98,7.59,12.01,24.24,100.7162,103.0614,94.8541,91.1093,82.1395,73471401,1255,2026-09-04,52.35,143188332.0
NASDAQ:RPAY,RPAY,Repay Holdings Corporation,Technology,Software - Infrastructure,United States,NASDAQ,321267694.0,3.88,53.05,52.01,7,60.3,2292,False,-34.9,61.67,11.17,2.86,-23.73,-38.41,-41.58,3.4901,3.7722,5.087,6.2993,6.6414,1684634,1255,2026-09-04,53.05,82800952.0
NASDAQ:BLFS,BLFS,"BioLife Solutions, Inc.",Healthcare,Medical Instruments & Supplies,United States,NASDAQ,1722223879.0,35.25,53.06,58.07,7,60.4,2293,False,-5.29,94.21,38.54,37.37,41.19,56.93,59.71,25.4444,25.6615,24.9663,22.4619,22.0714,26158962,1255,2026-09-04,55.19,48857415.0
NASDAQ:RICK,RICK,"RCI Hospitality Holdings, Inc.",Consumer Cyclical,Restaurants,United States,NASDAQ,224366075.0,29.35,53.06,54.69,7,60.4,2294,True,-17.91,41.38,16.65,14.09,-16.06,-28.38,-41.13,25.1613,25.7247,34.9665,40.9777,49.8541,1992563,1255,2026-09-04,48.75,7644500.0
NASDAQ:TWFG,TWFG,"TWFG, Inc.",Financial Services,Insurance Brokers,United States,NASDAQ,375486566.0,28.89,53.06,55.24,7,60.4,2295,False,-7.26,69.54,22.68,20.15,5.02,,,23.5497,24.0459,27.5102,,,4344371,536,2026-09-04,55.21,12997112.0
NYSE:ARES,ARES,Ares Management Corporation,Financial Services,Asset Management,United States,NYSE,31117283203.0,140.15,53.07,54.72,7,60.4,2296,False,-21.32,48.69,6.67,3.07,-5.53,1.61,14.95,131.3874,135.9729,148.3477,137.9298,121.9233,282438183,1255,2026-09-04,55.52,222028421.0
NASDAQ:NRC,NRC,NRC Health,Healthcare,Health Information Services,United States,NASDAQ,476659452.0,21.53,53.07,52.99,7,60.4,2297,False,-5.45,93.41,17.19,24.28,30.58,-2.14,-17.06,18.3724,17.3241,16.4885,22.0018,25.9592,2667010,1255,2026-09-04,50.83,22139315.0
NASDAQ:ANDE,ANDE,"The Andersons, Inc.",Consumer Defensive,Food Distribution,United States,NASDAQ,2360286621.0,69.31,53.08,50.73,7,60.5,2298,False,-14.29,83.21,4.7,12.73,35.62,36.33,45.44,66.1981,61.4832,51.1065,50.8388,47.6544,26179131,1255,2026-09-04,53.57,34054056.0
NYSE:ARCO,ARCO,Arcos Dorados Holdings Inc. Class A Shares,Consumer Cyclical,Restaurants,Uruguay,NYSE,1067517176.0,8.17,53.08,50.96,7,60.5,2299,False,-13.29,26.19,1.06,4.44,6.44,-2.65,-0.52,8.084,7.8227,7.6758,8.3927,8.2126,9039499,1255,2026-09-04,56.23,130663057.0
NASDAQ:MNRO,MNRO,"Monro, Inc.",Consumer Cyclical,Auto Parts,United States,NASDAQ,415499357.0,13.29,53.1,49.68,7,60.5,2300,False,-41.18,20.55,-20.19,-19.86,-23.05,-32.06,-44.73,16.6513,16.5834,17.2705,19.5618,24.0468,13590436,1255,2026-09-04,47.74,31264060.0
NYSE:WMB,WMB,"Williams Companies, Inc. (The)",Energy,Oil & Gas Midstream,United States,NYSE,90685321350.0,74.15,53.1,52.23,7,60.5,2301,True,-5.92,34.57,6.58,9.97,22.55,42.84,61.83,69.5708,67.4267,60.5062,51.9113,45.8207,509949498,1255,2026-09-04,52.74,1222998265.0
NASDAQ:FLGT,FLGT,"Fulgent Genetics, Inc.",Healthcare,Diagnostics & Research,United States,NASDAQ,560344292.0,19.73,53.11,52.69,7,60.6,2302,True,-36.05,43.07,-4.68,-7.2,-2.44,-8.61,-21.11,20.6987,21.2598,20.2229,21.5879,25.0104,4581278,1255,2026-09-04,52.28,28400623.0
NYSE:NIC,NIC,Nicolet Bankshares Inc.,Financial Services,Banks - Regional,United States,NYSE,3624978355.0,172.12,53.11,54.68,7,60.6,2303,False,-3.65,51.01,15.93,19.38,34.18,54.33,70.27,148.4667,144.1804,128.2725,111.524,101.089,24680926,1255,2026-09-04,50.33,21060762.0
NYSE:SGU,SGU,Star Group L.P.,Energy,Oil & Gas Refining & Marketing,United States,NYSE,418304306.0,12.74,53.11,52.42,7,60.6,2304,False,-3.82,18.75,3.76,5.88,10.59,16.48,20.5,12.2778,12.0322,11.5199,10.9373,10.5728,234851,1255,2026-09-04,60.5,32833933.0
NASDAQ:UBCP,UBCP,"United Bancorp, Inc.",Financial Services,Banks - Regional,United States,NASDAQ,94400947.0,15.88,53.11,52.06,7,60.6,2305,False,-5.52,32.95,6.9,10.04,19.44,29.26,32.68,14.8554,14.4309,13.2956,12.2851,11.9686,30449,1255,2026-09-04,51.48,5944644.0
NASDAQ:ZION,ZION,Zions Bancorporation N.A.,Financial Services,Banks - Regional,United States,NASDAQ,10123788430.0,69.37,53.11,52.61,7,60.6,2306,False,-4.74,52.33,12.6,16.0,26.91,41.67,51.5,61.6102,59.8,54.6618,48.9644,45.7895,85252673,1255,2026-09-04,52.82,145939000.0
NASDAQ:CAKE,CAKE,The Cheesecake Factory Incorporated,Consumer Cyclical,Restaurants,United States,NASDAQ,5353249006.0,107.58,53.12,57.8,7,60.7,2307,True,-8.28,152.48,57.71,65.73,87.08,118.21,139.94,68.2122,64.9121,57.5048,49.3019,44.836,191091841,1255,2026-09-04,52.45,49760634.0
NASDAQ:CRWD,CRWD,"CrowdStrike Holdings, Inc.",Technology,Software - Infrastructure,United States,NASDAQ,216991052568.0,213.1,53.12,53.95,7,60.7,2308,False,-7.75,143.37,49.55,53.51,81.15,110.42,151.97,142.4896,138.8158,117.6369,101.2718,84.5752,2194178017,1255,2026-09-04,53.98,1018259280.0
NASDAQ:APPF,APPF,"AppFolio, Inc.",Technology,Software - Application,United States,NASDAQ,5161441001.0,214.28,53.13,56.52,7,60.8,2309,False,-25.2,49.49,14.15,6.2,-1.77,-1.13,9.52,187.7201,201.766,218.1488,216.7303,195.6615,81345645,1255,2026-09-04,62.18,24087367.0
AMEX:DC,DC,Dakota Gold Corp.,Basic Materials,Gold,United States,AMEX,796872177.0,5.95,53.13,54.85,7,60.8,2310,False,-15.0,52.96,8.16,12.4,44.99,67.01,70.56,5.5012,5.2936,4.1038,3.5627,3.4886,8057331,1109,2026-09-04,57.33,133928097.0
NASDAQ:FIBK,FIBK,"First Interstate BancSystem, Inc.",Financial Services,Banks - Regional,United States,NASDAQ,3676857970.0,37.85,53.13,52.32,7,60.8,2311,False,-4.73,36.02,7.51,10.66,22.32,33.48,35.34,35.2052,34.2033,30.9438,28.3562,27.9666,33234735,1255,2026-09-04,49.39,97142879.0
NASDAQ:PALI,PALI,"Palisade Bio, Inc.",Healthcare,Biotechnology,United States,NASDAQ,362781510.0,2.09,53.13,52.44,7,60.8,2312,False,-25.36,287.04,7.47,13.76,22.8,-38.31,-84.07,1.9447,1.8371,1.702,3.388,13.1158,3245793,1255,2026-09-04,50.81,173579670.0
NASDAQ:SANA,SANA,"Sana Biotechnology, Inc.",Healthcare,Biotechnology,United States,NASDAQ,1071422622.0,3.85,53.13,53.93,7,60.8,2313,False,-34.97,43.66,4.06,1.6,13.69,-10.19,-14.58,3.7,3.7893,3.3864,4.287,4.5074,9478309,1255,2026-09-04,55.52,278291590.0
NYSE:OIS,OIS,"Oil States International, Inc.",Energy,Oil & Gas Equipment & Services,United States,NYSE,528426142.0,8.76,53.14,52.37,7,60.9,2314,False,-39.12,58.98,-3.43,3.6,30.65,35.37,31.87,9.071,8.4559,6.7049,6.4712,6.643,4612073,1255,2026-09-04,55.72,60322619.0
NYSE:WCC,WCC,"WESCO International, Inc.",Industrials,Industrial Distribution,United States,NYSE,17127648867.0,351.46,53.15,52.13,7,60.9,2315,False,-6.05,70.07,13.64,20.4,48.93,67.43,82.79,309.2691,291.9109,235.9962,209.9174,192.2769,164418252,1255,2026-09-04,46.59,48732854.0
NASDAQ:ALCO,ALCO,"Alico, Inc.",Consumer Defensive,Farm Products,United States,NASDAQ,299842101.0,40.43,53.17,52.03,7,61.0,2316,True,-8.95,29.45,1.92,5.15,19.54,28.42,34.31,39.6692,38.451,33.8224,31.4836,30.1013,745633,1255,2026-09-04,49.99,7416327.0
NYSE:ETO,ETO,Eaton Vance Tax-Advantage Global Dividend Opp,Financial Services,Asset Management,United States,NYSE,517045754.0,31.55,53.17,55.26,7,61.0,2317,False,-1.71,26.33,8.47,10.76,22.09,32.46,42.65,29.0874,28.4839,25.8419,23.8189,22.1167,589099,1255,2026-09-04,56.28,16388138.0
NYSE:GFF,GFF,Griffon Corporation,Industrials,Building Products & Equipment,United States,NYSE,4571985778.0,99.68,53.17,53.72,7,61.0,2318,False,-6.83,50.78,17.14,20.19,29.26,41.09,63.09,85.0933,82.9331,77.116,70.6501,61.1181,31960126,1255,2026-09-04,49.02,45866631.0
NYSE:OGG,OGG,Osisko Gold Group Inc.,Basic Materials,Gold,Canada,NYSE,886739210.0,2.91,53.17,54.09,7,61.0,2319,False,-39.12,29.91,-9.17,-9.46,13.75,15.09,-4.64,3.2038,3.2142,2.5583,2.5285,3.0517,5654814,1255,2026-09-04,57.12,304721378.0
NYSE:PAAS,PAAS,Pan American Silver Corp.,Basic Materials,Gold,Canada,NYSE,21632109000.0,51.34,53.17,53.4,7,61.0,2320,False,-24.57,56.09,-1.28,5.04,39.85,71.38,95.19,52.0065,48.8758,36.7113,29.9566,26.3024,276955820,1255,2026-09-04,56.81,421350000.0
NASDAQ:ADAM,ADAM,"Adamas Trust, Inc.",Real Estate,REIT - Mortgage,United States,NASDAQ,876327914.0,9.75,53.21,55.33,7,61.1,2321,False,-4.69,62.82,20.39,26.05,49.6,58.24,54.77,8.099,7.7348,6.5172,6.1614,6.2998,7705075,1255,2026-09-04,51.21,89879786.0
NASDAQ:CVBF,CVBF,CVB Financial Corporation,Financial Services,Banks - Regional,United States,NASDAQ,3986710194.0,22.62,53.21,53.39,7,61.1,2322,False,-2.92,29.1,11.1,13.28,17.24,24.92,25.05,20.3608,19.968,19.2935,18.1076,18.0883,20911266,1255,2026-09-04,50.34,176247135.0
NASDAQ:ICFI,ICFI,"ICF International, Inc.",Industrials,Consulting Services,United States,NASDAQ,1593167840.0,88.0,53.21,55.76,7,61.1,2323,False,-11.86,47.44,12.75,9.58,-8.6,-20.2,-20.03,78.05,80.3038,96.2784,110.2805,110.039,16512932,1255,2026-09-04,59.48,18104180.0
NASDAQ:BANR,BANR,Banner Corporation,Financial Services,Banks - Regional,United States,NASDAQ,2418026275.0,71.15,53.24,54.0,7,61.2,2324,False,-3.86,24.43,10.46,11.46,12.91,25.65,29.48,64.4102,63.8353,63.0142,56.625,54.95,21210208,1255,2026-09-04,53.09,33984909.0
NASDAQ:NDSN,NDSN,Nordson Corporation,Industrials,Specialty Industrial Machinery,United States,NASDAQ,17738365925.0,318.36,53.24,55.51,7,61.2,2325,False,-4.88,45.22,14.43,18.85,31.09,32.01,35.01,278.2165,267.8674,242.852,241.1644,235.8116,138112095,1255,2026-09-04,52.39,55717948.0
NYSE:SNAP,SNAP,Snap Inc.,Communication Services,Internet Content & Information,United States,NYSE,7674468534.0,5.47,53.24,53.32,7,61.2,2326,False,-39.82,39.19,-6.32,-12.9,-31.53,-42.98,-44.12,5.8388,6.28,7.9891,9.5924,9.7897,195280068,1255,2026-09-04,58.63,1403010701.0
NYSE:TLK,TLK,"PT Telekomunikasi Indonesia, Tbk",Communication Services,Telecom Services,Indonesia,NYSE,14639269709.0,14.85,53.24,51.94,7,61.2,2327,False,-31.33,14.35,-12.35,-13.42,-7.22,-11.3,-16.33,16.9431,17.1514,16.0048,16.742,17.7493,8191669,1255,2026-09-04,52.24,985809408.0
NYSE:ANET,ANET,"Arista Networks, Inc.",Technology,Computer Hardware,United States,NYSE,244001853696.0,193.78,53.25,53.95,7,61.3,2328,False,-7.94,66.86,27.54,28.62,53.99,82.43,118.82,151.9405,150.6571,125.8432,106.2214,88.5553,1116310357,1255,2026-09-04,51.53,1259169438.0
NYSE:CINT,CINT,CI&T Inc,Technology,Software - Infrastructure,Brazil,NYSE,64160953.0,3.58,53.25,51.67,7,61.3,2329,False,-36.75,17.76,-15.51,-17.91,-32.58,-31.54,-35.37,4.2373,4.3612,5.3103,5.2294,5.5394,353602,1209,2026-09-04,50.12,17922054.0
AMEX:APT,APT,"Alpha Pro Tech, Ltd.",Industrials,Building Products & Equipment,Canada,AMEX,54762756.0,5.36,53.26,52.49,7,61.3,2330,False,-19.28,23.5,6.7,8.05,6.51,5.05,10.7,5.0236,4.9608,5.0322,5.1022,4.842,194842,1255,2026-09-04,50.45,10216932.0
NASDAQ:MASS,MASS,908 Devices Inc.,Healthcare,Medical Devices,United States,NASDAQ,412323400.0,10.05,53.27,56.22,7,61.3,2331,True,-9.46,97.45,38.07,37.12,73.03,67.45,43.63,7.2791,7.3291,5.8081,6.0019,6.9969,5698847,1255,2026-09-04,53.13,41027204.0
NASDAQ:LUNG,LUNG,Pulmonx Corporation,Healthcare,Medical Devices,United States,NASDAQ,93344219.0,2.21,53.28,56.46,7,61.4,2332,False,-15.0,88.89,31.8,31.35,-37.3,-59.8,-68.43,1.6768,1.6826,3.5245,5.497,7.0,1111619,1255,2026-09-04,56.04,42237203.0
NASDAQ:PPC,PPC,Pilgrim's Pride Corporation,Consumer Defensive,Packaged Foods,United States,NASDAQ,7257547812.0,30.48,53.28,53.44,7,61.4,2333,False,-31.58,14.98,-11.66,-14.2,-22.56,-13.55,-3.25,34.5027,35.5263,39.3582,35.2564,31.505,46830678,1255,2026-09-04,53.5,238108524.0
NYSE:CSAN,CSAN,Cosan S.A. ADS,Energy,Oil & Gas Refining & Marketing,Brazil,NYSE,2859665686.0,2.9,53.29,50.63,7,61.4,2334,False,-51.26,20.83,-23.67,-27.56,-42.17,-60.92,-66.71,3.7995,4.0034,5.0145,7.4206,8.7103,7237813,1255,2026-09-04,55.57,986091616.0
NASDAQ:CSPI,CSPI,CSP Inc.,Technology,Information Technology Services,United States,NASDAQ,81481242.0,8.09,53.31,50.69,7,61.5,2335,False,-45.23,11.4,-15.44,-19.31,-33.0,-35.06,-24.02,9.5667,10.026,12.0752,12.457,10.6481,97709,1255,2026-09-04,53.11,10071847.0
NASDAQ:HBCP,HBCP,"Home Bancorp, Inc.",Financial Services,Banks - Regional,United States,NASDAQ,553602260.0,70.36,53.31,53.27,7,61.5,2336,False,-2.97,40.25,11.65,15.27,30.25,47.12,58.76,63.0205,61.0409,54.0174,47.8253,44.3196,5402542,1255,2026-09-04,50.62,7868139.0
NYSE:USB,USB,U.S. Bancorp,Financial Services,Banks - Regional,United States,NYSE,98713459603.0,63.37,53.31,53.89,7,61.5,2337,False,-3.13,43.99,13.05,17.26,30.24,42.55,51.46,56.0529,54.0407,48.655,44.4546,41.8408,372837253,1255,2026-09-04,54.43,1557731728.0
NYSE:AVNT,AVNT,Avient Corporation,Basic Materials,Specialty Chemicals,United States,NYSE,3980221248.0,43.4,53.32,55.48,7,61.5,2338,True,-6.34,61.82,19.6,22.67,16.71,16.4,18.73,36.2877,35.3807,37.1871,37.2857,36.5529,34763446,1255,2026-09-04,51.1,91710167.0
NASDAQ:TTRX,TTRX,Turn Therapeutics Inc.,Healthcare,Biotechnology,United States,NASDAQ,291922792.0,9.8,53.33,55.04,7,61.5,2339,False,-7.02,261.62,84.5,,,,,5.3116,,,,,531869,229,2026-09-04,56.9,29788040.0
NASDAQ:DSGX,DSGX,The Descartes Systems Group Inc.,Technology,Software - Application,Canada,NASDAQ,6764433883.0,78.94,53.34,54.1,7,61.6,2340,False,-26.77,25.66,4.61,-0.68,-15.44,-13.71,-9.22,75.4584,79.4833,93.351,91.4864,86.9601,46258767,1255,2026-09-04,59.04,85690827.0
NASDAQ:VTVT,VTVT,vTv Therapeutics Inc.,Healthcare,Biotechnology,United States,NASDAQ,131354111.0,33.35,53.34,51.6,7,61.6,2341,False,-21.92,82.14,-2.99,4.28,38.24,52.96,35.9,34.3789,31.9815,24.1242,21.8036,24.5404,1979843,1255,2026-09-04,54.14,3938654.0
NYSE:APO,APO,"Apollo Global Management, Inc. (New)",Financial Services,Asset Management,United States,NYSE,77063095963.0,133.67,53.35,53.79,7,61.7,2342,False,-11.36,34.4,5.45,5.17,-0.42,8.95,24.21,126.7629,127.1044,134.229,122.6901,107.6168,405219157,1255,2026-09-04,54.9,576517513.0
NYSE:DBRG,DBRG,"DigitalBridge Group, Inc.",Financial Services,Asset Management,United States,NYSE,2942764559.0,15.93,53.35,55.71,7,61.7,2343,False,-0.31,74.06,5.46,10.5,24.03,14.5,15.6,15.1047,14.416,12.8439,13.9128,13.7806,59209931,1255,2026-09-04,55.27,184730983.0
NYSE:GNL,GNL,"Global Net Lease, Inc.",Real Estate,REIT - Diversified,United States,NYSE,1925140882.0,9.12,53.35,52.64,7,61.7,2344,False,-4.6,28.58,2.99,6.74,20.2,27.77,24.66,8.8549,8.5439,7.5874,7.1376,7.3161,22299376,1255,2026-09-04,54.44,211090009.0
NASDAQ:MLKN,MLKN,"MillerKnoll, Inc.",Consumer Cyclical,"Furnishings, Fixtures & Appliances",United States,NASDAQ,1561384615.0,22.92,53.35,55.63,7,61.7,2345,False,-5.66,71.95,24.68,27.19,20.92,11.02,15.75,18.3828,18.0198,18.9543,20.6455,19.8009,11623873,1255,2026-09-04,47.54,68123238.0
AMEX:NFGC,NFGC,New Found Gold Corp,Basic Materials,Gold,Canada,AMEX,695189414.0,1.81,53.36,53.66,7,61.7,2346,False,-47.99,33.09,-17.79,-17.61,-8.28,-26.87,-37.74,2.2015,2.197,1.9733,2.4749,2.9074,2655552,1255,2026-09-04,58.35,384082549.0
NYSE:XRN,XRN,Chiron Real Estate Inc.,Real Estate,REIT - Healthcare Facilities,United States,NYSE,535069920.0,36.96,53.36,52.93,7,61.7,2347,True,-2.16,29.68,6.99,9.03,6.86,3.8,4.18,34.5462,33.9005,34.5878,35.608,35.4761,3484167,1255,2026-09-04,49.1,14477000.0
NYSE:TD,TD,Toronto Dominion Bank (The),Financial Services,Banks - Diversified,Canada,NYSE,200938963130.0,121.63,53.37,53.59,7,61.8,2348,False,-2.54,65.74,17.26,23.44,53.03,71.38,81.42,103.7308,98.5365,79.4812,70.9713,67.0416,222665759,1255,2026-09-04,58.99,1652051000.0
NASDAQ:AUBN,AUBN,"Auburn National Bancorporation, Inc.",Financial Services,Banks - Regional,United States,NASDAQ,92711014.0,26.54,53.38,52.94,7,61.8,2349,False,-8.1,27.7,6.75,6.25,15.48,25.22,27.86,24.8612,24.9788,22.9819,21.1951,20.7574,31876,1255,2026-09-04,53.58,3493256.0
NASDAQ:APC,APC,ARKO Petroleum Corp.,Energy,Oil & Gas Refining & Marketing,United States,NASDAQ,238708535.0,18.99,53.39,51.35,7,61.8,2350,False,-9.56,13.98,,,,,,,,,,,3442447,142,2026-09-04,46.63,12570223.0
NASDAQ:TRI,TRI,Thomson Reuters Corp,Industrials,Specialty Business Services,Canada,NASDAQ,46133424294.0,105.68,53.39,54.43,7,61.8,2351,False,-37.3,38.96,6.21,-3.85,-24.11,-24.49,-20.45,99.502,109.9126,139.2568,139.959,132.8516,168337472,1255,2026-09-04,62.72,436538837.0
NASDAQ:HQI,HQI,"HireQuest, Inc.",Industrials,Staffing & Employment Services,United States,NASDAQ,224996200.0,16.14,53.4,55.29,7,61.9,2352,False,-8.52,115.54,38.64,45.43,40.63,34.02,17.53,11.6417,11.0981,11.4772,12.0427,13.7327,497646,1255,2026-09-04,57.49,13940285.0
NYSE:XYZ,XYZ,"Block, Inc.",Technology,Software - Infrastructure,United States,NYSE,44292738200.0,82.76,53.4,53.79,7,61.9,2353,False,-2.46,68.59,20.31,18.36,16.84,20.36,21.45,68.788,69.9221,70.8308,68.7592,68.1417,341637655,1255,2026-09-04,54.84,535195000.0
NASDAQ:ESEA,ESEA,Euroseas Ltd.,Industrials,Marine Shipping,Greece,NASDAQ,538678339.0,76.35,53.41,54.1,7,62.0,2354,False,-3.83,48.86,17.69,20.69,56.61,87.85,125.64,64.8748,63.263,48.7512,40.6452,33.837,2964342,1255,2026-09-04,55.66,7055381.0
NYSE:GMRS,GMRS,GMR Solutions Inc.,Healthcare,Medical Care Facilities,United States,NYSE,726997630.0,13.46,53.41,51.49,7,62.0,2355,False,-14.49,27.22,,,,,,,,,,,11552006,80,2026-09-04,52.97,54011711.0
NYSE:RITM,RITM,Rithm Capital Corp.,Real Estate,REIT - Mortgage,United States,NYSE,5628742872.0,10.08,53.41,54.95,7,62.0,2356,False,-11.87,21.24,3.45,1.96,1.92,7.01,16.84,9.7436,9.8861,9.8898,9.4193,8.6269,41612451,1255,2026-09-04,52.36,558407031.0
NASDAQ:CGEN,CGEN,Compugen Ltd.,Healthcare,Biotechnology,Israel,NASDAQ,244974207.0,2.59,53.43,53.84,7,62.0,2357,True,-16.45,94.74,19.2,25.61,38.86,42.97,63.26,2.1729,2.0619,1.8651,1.8115,1.5864,843703,1255,2026-09-04,51.96,94584636.0
NASDAQ:JBHT,JBHT,"J.B. Hunt Transport Services, Inc.",Industrials,Integrated Freight & Logistics,United States,NASDAQ,25711092850.0,273.77,53.44,51.64,7,62.0,2358,False,-8.1,111.26,15.65,25.16,45.89,48.6,50.92,236.7176,218.7279,187.6544,184.2361,181.3983,216389639,1255,2026-09-04,47.44,93914939.0
NYSE:VAL,VAL,Valaris Limited,Energy,Oil & Gas Drilling,Bermuda,NYSE,6022861899.0,86.74,53.45,53.39,7,62.1,2359,False,-23.52,85.54,8.69,16.95,45.78,37.74,36.94,79.8077,74.1697,59.5003,62.9739,63.34,96199238,1255,2026-09-04,60.72,69435807.0
NASDAQ:PICS,PICS,PicS N.V.,Technology,Software - Infrastructure,Brazil,NASDAQ,494337632.0,11.46,53.46,51.55,7,62.1,2360,False,-39.68,26.91,,,,,,,,,,,7297889,152,2026-09-04,56.21,43135919.0
NYSE:KEX,KEX,Kirby Corporation,Industrials,Marine Shipping,United States,NYSE,7527253440.0,140.77,53.47,52.26,7,62.1,2361,False,-7.75,76.07,6.4,13.78,20.35,28.13,40.74,132.3047,123.7213,116.9633,109.8629,100.0233,53140387,1255,2026-09-04,60.38,53472000.0
NASDAQ:SNDX,SNDX,"Syndax Pharmaceuticals, Inc.",Healthcare,Biotechnology,United States,NASDAQ,1821822155.0,20.56,53.47,51.49,7,62.1,2362,False,-18.25,56.83,-1.97,3.77,21.21,15.13,8.03,20.9737,19.8129,16.9621,17.8588,19.0321,24469520,1255,2026-09-04,54.63,88610027.0
NYSE:RHLD,RHLD,Resolute Holdings Management,Industrials,Specialty Business Services,United States,NYSE,1127884003.0,136.59,53.48,52.48,7,62.2,2363,False,-39.66,106.27,-12.84,-4.86,,,,156.7157,143.5682,,,,24167910,386,2026-09-04,55.29,8257442.0
NASDAQ:IBCP,IBCP,Independent Bank Corporation,Financial Services,Banks - Regional,United States,NASDAQ,769916733.0,37.37,53.49,53.66,7,62.2,2364,False,-2.94,27.68,8.68,11.37,14.69,27.63,41.48,34.384,33.556,32.5845,29.2793,26.4137,6081291,1255,2026-09-04,49.35,20602535.0
NASDAQ:NRDS,NRDS,"NerdWallet, Inc.",Communication Services,Internet Content & Information,United States,NASDAQ,337037734.0,9.88,53.49,53.8,7,62.2,2365,False,-37.98,30.34,-8.11,-9.45,-12.38,-16.66,-16.64,10.7524,10.9113,11.276,11.8554,11.8527,6561934,1213,2026-09-04,54.19,34113131.0
NYSE:WAL,WAL,Western Alliance Bancorporation Common Stock (DE),Financial Services,Banks - Regional,United States,NYSE,8838554892.0,80.95,53.49,51.76,7,62.2,2366,False,-14.45,22.67,0.29,0.26,1.18,12.13,21.49,80.7164,80.7395,80.0048,72.1947,66.6321,78356534,1255,2026-09-04,53.7,109185360.0
NASDAQ:FULT,FULT,Fulton Financial Corporation,Financial Services,Banks - Regional,United States,NASDAQ,4614210100.0,24.1,53.5,52.88,7,62.3,2367,False,-4.33,47.46,12.62,16.81,25.74,37.61,47.03,21.3988,20.6311,19.1664,17.5127,16.3914,32203828,1255,2026-09-04,49.31,191461000.0
NASDAQ:WAY,WAY,Waystar Holding Corp.,Healthcare,Health Information Services,United States,NASDAQ,4807132789.0,25.07,53.5,54.75,7,62.3,2368,False,-38.69,44.83,-0.79,-9.83,-20.84,,,25.2705,27.8037,31.6693,,,56021706,563,2026-09-04,61.79,191748416.0
NASDAQ:XMTR,XMTR,"Xometry, Inc.",Industrials,Industrial Distribution,United States,NASDAQ,4975388621.0,92.53,53.5,52.9,7,62.3,2369,False,-11.75,156.32,34.56,41.13,92.45,138.85,151.67,68.7662,65.5617,48.0812,38.7392,36.7662,40946979,1255,2026-09-04,54.41,53770546.0
NASDAQ:AVT,AVT,"Avnet, Inc.",Technology,Electronics & Computer Distribution,United States,NASDAQ,7551136897.0,92.06,53.51,53.1,7,62.4,2370,False,-6.66,110.95,28.8,37.29,56.83,68.48,80.3,71.4749,67.057,58.7013,54.6413,51.058,104110803,1255,2026-09-04,50.9,82024081.0
NYSE:J,J,Jacobs Solutions Inc.,Industrials,Engineering & Construction,United States,NYSE,17266966936.0,146.23,53.51,56.7,7,62.4,2371,False,-10.13,37.08,10.76,7.49,10.13,16.12,23.43,132.0218,136.0374,132.7769,125.9337,118.4693,123433625,1255,2026-09-04,56.81,118080879.0
NYSE:SCHW,SCHW,Charles Schwab Corporation (The),Financial Services,Capital Markets,United States,NYSE,190070119560.0,109.29,53.51,56.32,7,62.4,2372,False,-3.84,28.42,12.82,13.8,24.7,37.54,44.63,96.8743,96.0361,87.6389,79.4587,75.5638,796310523,1255,2026-09-04,57.13,1739135507.0
NASDAQ:CAMP,CAMP,CAMP4 Therapeutics Corporation,Healthcare,Biotechnology,United States,NASDAQ,228992778.0,4.41,53.52,52.63,7,62.4,2373,False,-38.15,190.13,-1.6,3.95,,,,4.4818,4.2423,,,,1377035,476,2026-09-04,55.07,51925800.0
NASDAQ:NBIS,NBIS,Nebius Group N.V.,Communication Services,Internet Content & Information,Netherlands,NASDAQ,49897784747.0,226.39,53.53,52.31,7,62.5,2374,False,-21.03,253.4,46.26,55.84,,,,154.7883,145.2694,,,,5066254506,470,2026-09-04,48.37,220406311.0
NASDAQ:STGW,STGW,Stagwell Inc.,Communication Services,Advertising Agencies,United States,NASDAQ,2144045750.0,8.77,53.53,55.67,7,62.5,2375,False,-6.2,99.32,34.63,40.53,42.5,43.89,39.64,6.5143,6.2405,6.1546,6.0947,6.2806,9894454,1255,2026-09-04,56.86,244475000.0
NASDAQ:BCRX,BCRX,"BioCryst Pharmaceuticals, Inc.",Healthcare,Drug Manufacturers - Specialty & Generic,United States,NASDAQ,2531460094.0,9.96,53.55,53.18,7,62.5,2376,False,-10.35,59.62,16.19,19.74,19.74,31.47,22.22,8.572,8.3183,8.3181,7.5761,8.1494,28502299,1255,2026-09-04,56.27,254162660.0
NASDAQ:HWKN,HWKN,"Hawkins, Inc.",Basic Materials,Specialty Chemicals,United States,NASDAQ,2695603858.0,129.13,53.57,48.04,7,62.5,2377,False,-29.27,9.74,-10.89,-12.88,-6.38,10.19,31.15,144.9176,148.2223,137.9229,117.1934,98.4613,18288158,1255,2026-09-04,53.97,20875117.0
NASDAQ:NNBR,NNBR,"NN, Inc.",Industrials,Conglomerates,United States,NASDAQ,282856937.0,3.66,53.57,53.51,7,62.5,2378,False,-10.95,221.05,62.6,67.13,45.53,30.68,42.17,2.251,2.1899,2.5149,2.8007,2.5745,7872530,1255,2026-09-04,46.95,77283316.0
NASDAQ:AVR,AVR,Anteris Technologies Global Corp.,Healthcare,Medical Instruments & Supplies,Australia,NASDAQ,879973515.0,9.04,53.58,52.53,7,62.7,2379,False,-14.47,167.46,31.24,40.55,,,,6.8879,6.4318,,,,6307120,432,2026-09-04,47.7,97342203.0
NASDAQ:BDTX,BDTX,"Black Diamond Therapeutics, Inc.",Healthcare,Biotechnology,United States,NASDAQ,121479761.0,2.12,53.58,53.21,7,62.7,2380,True,-56.47,31.68,-11.55,-20.81,-19.93,-32.73,-28.38,2.3969,2.6771,2.6477,3.1514,2.9602,1214471,1255,2026-09-04,52.33,57301774.0
NASDAQ:INKT,INKT,"MiNK Therapeutics, Inc.",Healthcare,Biotechnology,United States,NASDAQ,57989304.0,11.64,53.58,52.46,7,62.7,2381,True,-28.59,35.98,2.41,-2.76,9.32,11.83,-11.28,11.3656,11.9699,10.648,10.4087,13.1206,89710,1227,2026-09-04,49.11,4981899.0
AMEX:ISOU,ISOU,IsoEnergy Ltd.,Energy,Uranium,Canada,AMEX,730871994.0,11.2,53.58,53.26,7,62.7,2382,False,-15.28,49.93,6.24,8.81,24.51,13.79,16.36,10.542,10.2932,8.9952,9.8423,9.6254,1147341,1255,2026-09-04,53.28,65256428.0
NASDAQ:LASE,LASE,Laser Photonics Corporation,Industrials,Specialty Industrial Machinery,United States,NASDAQ,70246672.0,1.4,53.58,51.99,7,62.7,2383,False,-70.71,132.95,-9.93,-29.75,-56.96,-48.54,,1.5543,1.9929,3.2527,2.7204,,2198806,986,2026-09-04,53.58,50176194.0
NYSE:RMD,RMD,ResMed Inc.,Healthcare,Medical Instruments & Supplies,United States,NYSE,33123625286.0,228.35,53.58,55.43,7,62.7,2384,False,-18.54,25.26,0.52,-2.67,-4.0,4.7,5.8,227.1763,234.6162,237.8586,218.1085,215.8345,313239232,1255,2026-09-04,54.64,145056384.0
NASDAQ:TOWN,TOWN,Towne Bank,Financial Services,Banks - Regional,United States,NASDAQ,3432806868.0,37.6,53.58,54.27,7,62.7,2385,False,-2.99,22.66,8.9,10.18,12.92,23.37,30.22,34.5264,34.1247,33.299,30.4776,28.8747,18754040,1255,2026-09-04,51.27,91298055.0
NYSE:WAT,WAT,Waters Corporation,Healthcare,Diagnostics & Research,United States,NYSE,40195325320.0,409.38,53.59,55.64,7,62.8,2386,False,-2.82,44.49,13.47,15.37,15.89,21.18,24.66,360.7745,354.8376,353.242,337.8346,328.3965,272717903,1255,2026-09-04,57.01,98185855.0
NASDAQ:CLYM,CLYM,"Climb Bio, Inc.",Healthcare,Biotechnology,United States,NASDAQ,888722117.0,15.52,53.6,54.69,7,62.8,2387,True,-13.0,846.34,78.2,111.61,215.69,226.6,258.03,8.7092,7.3342,4.9162,4.752,4.3348,24762825,1255,2026-09-04,48.41,57263023.0
NYSE:AKA,AKA,a.k.a. Brands Holding Corp.,Consumer Cyclical,Apparel Retail,United States,NYSE,118610128.0,10.96,53.61,52.88,7,62.8,2388,False,-26.44,27.59,2.24,0.5,-18.49,-15.51,-15.25,10.7204,10.905,13.446,12.9721,12.9325,51057,1244,2026-09-04,57.91,10822092.0
NASDAQ:CMPX,CMPX,"Compass Therapeutics, Inc.",Healthcare,Biotechnology,United States,NASDAQ,428609238.0,2.38,53.62,52.79,7,62.9,2389,True,-64.42,42.51,-40.15,-39.95,-23.28,-8.28,-15.09,3.9764,3.9633,3.1024,2.5949,2.8029,6550451,1255,2026-09-04,53.14,180087915.0
NASDAQ:KNSA,KNSA,"Kiniksa Pharmaceuticals International, plc",Healthcare,Drug Manufacturers - Specialty & Generic,United Kingdom,NASDAQ,3762217259.0,77.91,53.62,57.11,7,62.9,2390,False,-3.72,119.96,47.33,56.43,109.47,149.86,189.81,52.8809,49.8035,37.1947,31.182,26.8829,35060638,1255,2026-09-04,62.17,48289273.0
NYSE:QGEN,QGEN,Qiagen N.V.,Healthcare,Diagnostics & Research,Netherlands,NYSE,8965687500.0,43.47,53.62,54.96,7,62.9,2391,False,-21.2,34.42,2.44,0.82,0.26,1.45,-0.13,42.4326,43.1173,43.3563,42.8501,43.5282,135790835,1255,2026-09-04,56.09,206250000.0
NASDAQ:BMRC,BMRC,Bank of Marin Bancorp,Financial Services,Banks - Regional,United States,NASDAQ,448854723.0,27.73,53.64,51.91,7,63.0,2392,False,-7.69,26.74,5.7,7.7,17.32,31.31,29.9,26.2351,25.7479,23.6367,21.1179,21.3469,3921672,1255,2026-09-04,48.32,16186611.0
NASDAQ:CMRC,CMRC,"Commerce.com, Inc. - Series 1",Technology,Software - Application,United States,NASDAQ,212056467.0,2.57,53.64,50.32,7,63.0,2393,False,-53.36,24.76,-17.97,-26.17,-44.06,-55.47,-62.94,3.1329,3.4808,4.594,5.7717,6.9356,2739911,1255,2026-09-04,51.51,82512244.0
NASDAQ:MGTX,MGTX,MeiraGTx Holdings plc,Healthcare,Biotechnology,United States,NASDAQ,1286346177.0,13.89,53.64,55.62,7,63.0,2394,False,-7.21,98.71,42.93,47.53,76.57,98.51,99.6,9.7181,9.4148,7.8663,6.997,6.959,10043488,1255,2026-09-04,54.77,92609516.0
NASDAQ:SBRA,SBRA,"Sabra Health Care REIT, Inc.",Real Estate,REIT - Healthcare Facilities,United States,NASDAQ,5308516070.0,20.78,53.66,53.72,7,63.0,2395,False,-5.79,28.11,7.46,9.82,18.41,32.03,46.64,19.3372,18.9225,17.5499,15.739,14.1712,42273914,1255,2026-09-04,56.36,255462756.0
NASDAQ:MSEX,MSEX,Middlesex Water Company,Utilities,Utilities - Regulated Water,United States,NASDAQ,1097848294.0,58.26,53.68,55.11,7,63.0,2396,False,-3.45,22.28,10.12,9.83,6.87,6.11,-3.01,52.9054,53.0433,54.513,54.9045,60.0686,7140100,1255,2026-09-04,55.48,18843946.0
NASDAQ:TATT,TATT,TAT Technologies Ltd.,Industrials,Aerospace & Defense,United States,NASDAQ,518935986.0,39.97,53.68,50.8,7,63.0,2397,False,-34.59,24.59,-8.81,-7.41,14.61,47.18,82.11,43.8331,43.1689,34.8761,27.1568,21.9481,5358805,1255,2026-09-04,50.5,12983137.0
NASDAQ:CHRS,CHRS,"Coherus Oncology, Inc.",Healthcare,Biotechnology,United States,NASDAQ,219034858.0,1.42,53.7,51.56,7,63.1,2398,True,-43.43,29.09,-9.67,-9.34,8.85,-15.09,-52.63,1.572,1.5663,1.3045,1.6724,2.9975,1498421,1255,2026-09-04,49.98,154249900.0
NYSE:ALLY,ALLY,Ally Financial Inc.,Financial Services,Credit Services,United States,NYSE,13302652575.0,43.73,53.72,51.39,7,63.1,2399,False,-6.81,23.29,3.31,4.83,14.18,20.12,30.66,42.3294,41.7158,38.299,36.4048,33.4695,122924748,1255,2026-09-04,52.71,304199693.0
NYSE:SSMR,SSMR,Sunshine Silver Mining & Refining Company,Basic Materials,Other Industrial Metals & Mining,United States,NYSE,2508029222.0,17.45,53.72,53.73,7,63.1,2400,False,-7.87,39.27,,,,,,,,,,,4408757,65,2026-09-04,56.83,143726603.0
NYSE:TTE,TTE,TotalEnergies SE,Energy,Oil & Gas Integrated,France,NYSE,196695357418.0,88.59,53.72,54.2,7,63.1,2401,False,-5.35,58.42,10.69,16.88,33.41,37.82,46.3,80.0309,75.7958,66.4044,64.2796,60.5546,139609797,1255,2026-09-04,56.53,2220288491.0
NASDAQ:WBTN,WBTN,WEBTOON Entertainment Inc.,Communication Services,Internet Content & Information,United States,NASDAQ,1348290258.0,9.97,53.74,51.23,7,63.2,2402,False,-53.21,20.85,-12.46,-21.16,-14.7,,,11.3888,12.6465,11.6875,,,4323497,550,2026-09-04,54.0,135234730.0
NYSE:MCB,MCB,Metropolitan Bank Holding Corp.,Financial Services,Banks - Regional,United States,NYSE,1155348932.0,93.19,53.75,51.46,7,63.2,2403,False,-7.71,43.24,6.53,10.31,27.75,49.23,57.81,87.4764,84.4837,72.9444,62.446,59.051,9199495,1255,2026-09-04,49.08,12397778.0
NASDAQ:BDSX,BDSX,"Biodesix, Inc.",Healthcare,Diagnostics & Research,United States,NASDAQ,271115080.0,26.18,53.76,55.2,7,63.2,2404,False,-14.44,379.49,74.89,94.96,65.41,24.13,10.28,14.9691,13.4284,15.8276,21.0901,23.74,3461511,1255,2026-09-04,54.7,10355809.0
NASDAQ:AMAL,AMAL,Amalgamated Financial Corp.,Financial Services,Banks - Regional,United States,NASDAQ,1470190228.0,49.17,53.78,54.93,7,63.3,2405,False,-3.74,97.99,21.52,30.38,43.35,61.27,77.6,40.4641,37.7126,34.3002,30.4887,27.6853,8170518,1255,2026-09-04,52.81,29900147.0
NASDAQ:GENB,GENB,"Generate Biomedicines, Inc.",Healthcare,Biotechnology,United States,NASDAQ,2101074813.0,16.39,53.79,53.79,7,63.3,2406,False,-19.58,46.21,,,,,,,,,,,23825461,132,2026-09-04,53.54,128192484.0
NYSE:SG,SG,"Sweetgreen, Inc.",Consumer Cyclical,Restaurants,United States,NYSE,731429237.0,6.84,53.79,51.17,7,63.3,2407,True,-33.01,45.53,0.52,-1.59,-57.02,-59.74,-56.67,6.8047,6.9505,15.9155,16.9905,15.786,31987258,1203,2026-09-04,51.26,106934099.0
NYSE:NUVB,NUVB,Nuvation Bio Inc.,Healthcare,Biotechnology,United States,NYSE,2364445423.0,6.81,53.8,54.78,7,63.4,2408,True,-28.62,126.25,14.34,22.65,71.52,101.05,125.08,5.9558,5.5525,3.9705,3.3871,3.0256,35262779,1255,2026-09-04,53.07,347201971.0
NYSE:ADNT,ADNT,Adient plc,Consumer Cyclical,Auto Parts,Ireland,NYSE,1569051874.0,20.01,53.81,51.36,7,63.4,2409,False,-26.14,12.42,-4.3,-6.52,0.39,-15.47,-26.47,20.9084,21.4064,19.9314,23.6728,27.2118,16975057,1255,2026-09-04,50.62,78413387.0
NASDAQ:AIFC,AIFC,AI Financial Corporation,Technology,Software - Infrastructure,United States,NASDAQ,78308446.0,0.56,53.81,51.53,7,63.4,2410,False,-87.24,51.35,-48.99,-61.29,-83.03,-79.55,-76.9,1.0978,1.4465,3.299,2.7379,2.4247,537104,1255,2026-09-04,55.4,139836511.0
NASDAQ:CATY,CATY,Cathay General Bancorp,Financial Services,Banks - Regional,United States,NASDAQ,4189282257.0,62.69,53.82,53.94,7,63.4,2411,False,-2.86,42.6,15.16,18.78,29.93,42.33,50.7,54.4355,52.7778,48.2488,44.0441,41.5978,23062557,1255,2026-09-04,53.0,66825367.0
NYSE:XPRO,XPRO,Expro Ltd,Energy,Oil & Gas Equipment & Services,United States,NYSE,2017790716.0,17.96,53.82,54.79,7,63.4,2412,True,-5.27,51.31,12.31,17.04,32.09,15.23,10.28,15.9917,15.3455,13.5963,15.586,16.2857,14923477,1255,2026-09-04,53.31,112349149.0
NASDAQ:VRDN,VRDN,"Viridian Therapeutics, Inc.",Healthcare,Biotechnology,United States,NASDAQ,2531002471.0,22.92,53.83,56.62,7,63.5,2413,False,-32.15,72.33,-3.63,-2.39,11.42,20.09,11.1,23.7822,23.4813,20.5712,19.085,20.6307,31866988,1255,2026-09-04,54.25,110427682.0
NASDAQ:GABC,GABC,"German American Bancorp, Inc.",Financial Services,Banks - Regional,United States,NASDAQ,1879213268.0,50.01,53.84,55.4,7,63.5,2414,False,-2.67,37.39,15.35,18.1,24.35,35.82,41.85,43.3553,42.3457,40.2175,36.8219,35.2555,6097094,1255,2026-09-04,51.88,37576750.0
NYSE:SMR,SMR,NuScale Power Corporation,Industrials,Specialty Industrial Machinery,United States,NYSE,3357226114.0,9.7,53.86,51.9,7,63.5,2415,False,-81.85,27.8,-25.46,-46.47,-54.37,-39.82,-33.08,13.0132,18.1193,21.2587,16.1192,14.4948,306715847,1134,2026-09-04,54.43,346105785.0
NYSE:GCO,GCO,Genesco Inc.,Consumer Cyclical,Apparel Retail,United States,NYSE,397740703.0,35.81,53.87,51.65,7,63.6,2416,False,-16.18,63.14,11.49,12.51,18.52,20.59,12.75,32.1198,31.8273,30.2133,29.6961,31.7605,8850221,1255,2026-09-04,47.36,11106973.0
NASDAQ:ADP,ADP,"Automatic Data Processing, Inc.",Technology,Software - Application,United States,NASDAQ,110437236000.0,277.62,53.89,57.41,7,63.6,2417,False,-4.39,48.17,18.18,14.28,4.3,9.21,13.68,234.9114,242.9283,266.1686,254.2146,244.2063,566976493,1255,2026-09-04,61.91,397800000.0
NASDAQ:BHRB,BHRB,Burke & Herbert Financial Services Corp.,Financial Services,Banks - Regional,United States,NASDAQ,1458950122.0,72.35,53.89,54.67,7,63.6,2418,False,-2.33,29.92,10.41,12.71,18.54,27.03,25.41,65.529,64.1925,61.0347,56.9559,57.6898,7617020,1255,2026-09-04,54.78,20165171.0
NYSE:LZM,LZM,Lifezone Metals Limited,Basic Materials,Other Industrial Metals & Mining,Isle of Man,NYSE,382136867.0,4.25,53.89,53.37,7,63.6,2419,True,-30.33,41.2,-2.13,-5.24,-12.79,-29.33,-40.98,4.3424,4.4852,4.8734,6.0139,7.2008,1472510,1187,2026-09-04,53.64,89914557.0
NASDAQ:MORN,MORN,"Morningstar, Inc.",Financial Services,Financial Data & Stock Exchanges,United States,NASDAQ,7855341767.0,209.4,53.93,56.59,7,63.7,2420,False,-17.91,48.08,11.89,7.4,-16.35,-19.33,-15.37,187.1496,194.9722,250.3232,259.5635,247.4245,63548047,1255,2026-09-04,61.48,37513571.0
NASDAQ:ARXS,ARXS,"Arxis, Inc.",Industrials,Aerospace & Defense,United States,NASDAQ,4117886615.0,53.62,53.94,55.43,7,63.7,2421,False,-10.62,57.47,,,,,,,,,,,28422826,99,2026-09-04,52.68,76797587.0
NASDAQ:IMTX,IMTX,Immatics N.V.,Healthcare,Biotechnology,Germany,NASDAQ,1306595419.0,9.56,53.94,51.64,7,63.7,2422,True,-19.46,67.72,-4.54,-2.04,16.31,4.53,2.49,10.015,9.7588,8.2197,9.1461,9.328,5674744,1255,2026-09-04,52.14,136673161.0
NASDAQ:NRIM,NRIM,Northrim BanCorp Inc,Financial Services,Banks - Regional,United States,NASDAQ,588374061.0,26.45,53.94,51.89,7,63.7,2423,False,-9.97,36.46,4.8,7.91,20.31,41.94,60.05,25.2379,24.5103,21.9851,18.6345,16.5264,2846868,1255,2026-09-04,46.62,22244766.0
NYSE:RJF,RJF,"Raymond James Financial, Inc.",Financial Services,Asset Management,United States,NYSE,34249509000.0,178.29,53.94,55.45,7,63.7,2424,False,-1.6,27.47,11.73,11.18,15.99,28.18,38.1,159.5693,160.3627,153.7155,139.0955,129.1058,194560019,1255,2026-09-04,59.09,192100000.0
NASDAQ:AAPL,AAPL,Apple Inc.,Technology,Consumer Electronics,United States,NASDAQ,4669699774600.0,319.97,53.95,53.76,7,63.8,2425,False,-5.83,41.61,12.89,15.28,28.35,39.72,51.58,283.439,277.5551,249.2892,229.0086,211.0914,12423340745,1255,2026-09-04,63.48,14594180000.0
NYSE:MGA,MGA,"Magna International, Inc.",Consumer Cyclical,Auto Parts,Canada,NYSE,18748104758.0,68.87,53.95,53.28,7,63.8,2426,False,-5.72,61.81,15.78,21.55,45.71,47.09,45.11,59.4836,56.6593,47.2659,46.8228,47.4599,76135117,1255,2026-09-04,49.02,272224550.0
NYSE:BOBS,BOBS,"Bob's Discount Furniture, Inc.",Consumer Cyclical,Specialty Retail,United States,NYSE,2304268853.0,17.64,53.97,54.42,7,63.9,2427,True,-21.7,79.09,,,,,,,,,,,13175126,147,2026-09-04,42.4,130627486.0
NASDAQ:NMIH,NMIH,NMI Holdings Inc,Financial Services,Insurance - Specialty,United States,NASDAQ,3372016260.0,44.83,53.97,56.84,7,63.9,2428,False,-1.93,26.82,12.62,13.99,15.73,23.72,35.96,39.8078,39.3279,38.7357,36.2343,32.9718,19485655,1255,2026-09-04,60.61,75217851.0
NASDAQ:FUNC,FUNC,First United Corporation,Financial Services,Banks - Regional,United States,NASDAQ,286292165.0,44.36,53.98,53.35,7,63.9,2429,False,-3.94,33.6,12.87,15.22,27.51,48.87,69.44,39.3016,38.5003,34.7901,29.7981,26.1802,607603,1255,2026-09-04,51.16,6453836.0
NYSE:OBDC,OBDC,Blue Owl Capital Corporation,Financial Services,Asset Management,United States,NYSE,5621825287.0,11.4,53.98,54.15,7,63.9,2430,False,-10.15,12.28,2.7,1.55,-3.44,-2.03,4.84,11.0998,11.2263,11.8065,11.636,10.8734,38581701,1255,2026-09-04,53.31,493142569.0
NASDAQ:NRIX,NRIX,"Nurix Therapeutics, Inc.",Healthcare,Biotechnology,United States,NASDAQ,2712853194.0,26.14,54.0,57.07,7,64.0,2431,True,-5.94,217.23,38.26,52.47,55.93,69.37,82.53,18.9058,17.1447,16.7638,15.434,14.3211,30853108,1255,2026-09-04,46.98,103781683.0
NYSE:TIC,TIC,"TIC Solutions, Inc.",Industrials,Specialty Business Services,United States,NYSE,2068958773.0,9.36,54.0,55.15,7,64.0,2432,True,-35.4,43.12,4.49,-3.15,,,,8.9582,9.6646,,,,18400432,390,2026-09-04,52.82,221042604.0
NASDAQ:DYNC,DYNC,Dynamix Corporation,Financial Services,Shell Companies,United States,NASDAQ,180442000.0,10.87,54.01,56.24,7,64.0,2433,False,-0.46,6.05,2.65,2.79,,,,10.5895,10.5746,,,,595497,436,2026-09-04,56.19,16600000.0
NASDAQ:VNOM,VNOM,"Viper Energy, Inc.",Energy,Oil & Gas Midstream,United States,NASDAQ,8665609165.0,44.39,54.01,53.42,7,64.0,2434,False,-10.21,29.79,5.22,8.69,8.63,18.84,30.58,42.1893,40.8428,40.8636,37.3533,33.9938,60370980,1255,2026-09-04,57.75,195215345.0
NYSE:ADT,ADT,ADT Inc.,Industrials,Security & Protection Services,United States,NYSE,5041577834.0,7.46,54.02,54.83,7,64.1,2435,False,-13.7,18.41,2.79,-0.37,-0.3,5.57,6.33,7.2572,7.4878,7.4824,7.0663,7.0157,48019376,1255,2026-09-04,56.67,675814723.0
NYSE:A,A,"Agilent Technologies, Inc.",Healthcare,Diagnostics & Research,United States,NYSE,42607683072.0,150.86,54.03,56.9,7,64.1,2436,True,-5.12,37.42,14.96,13.99,17.03,17.13,16.47,131.2262,132.3464,128.9053,128.7975,129.5296,352693865,1255,2026-09-04,52.46,282431944.0
NASDAQ:ALRM,ALRM,"Alarm.com Holdings, Inc.",Technology,Software - Application,United States,NASDAQ,2793533728.0,56.48,54.05,56.83,7,64.1,2437,False,-1.94,34.06,15.25,13.85,5.26,-0.81,0.57,49.0061,49.6081,53.6587,56.9418,56.1583,20058743,1255,2026-09-04,55.62,49460583.0
NASDAQ:ENTX,ENTX,Entera Bio Ltd.,Healthcare,Biotechnology,Israel,NASDAQ,147870702.0,3.0,54.05,56.86,7,64.1,2438,False,-23.47,200.0,71.62,61.24,55.98,73.59,97.84,1.7481,1.8606,1.9233,1.7283,1.5163,1116848,1255,2026-09-04,52.31,49290234.0
NASDAQ:BVFL,BVFL,"BV Financial, Inc.",Financial Services,Banks - Regional,United States,NASDAQ,186860465.0,21.58,54.07,53.56,7,64.2,2439,False,-1.37,47.51,9.3,13.39,24.34,38.96,41.13,19.7444,19.0317,17.3549,15.5293,15.2906,243768,1255,2026-09-04,57.21,8658965.0
NASDAQ:HSTM,HSTM,"HealthStream, Inc.",Healthcare,Health Information Services,United States,NASDAQ,853083490.0,29.2,54.09,54.97,7,64.2,2440,False,-1.91,47.52,21.4,18.66,7.38,9.23,12.53,24.053,24.6075,27.1935,26.7338,25.9478,5693803,1255,2026-09-04,60.17,29215188.0
NYSE:INVX,INVX,"Innovex International, Inc.",Energy,Oil & Gas Equipment & Services,United States,NYSE,2099499097.0,30.07,54.11,54.71,7,64.2,2441,False,-4.93,84.48,15.58,22.68,49.01,46.4,37.47,26.0157,24.5111,20.1803,20.5392,21.874,22911871,1255,2026-09-04,58.96,69820389.0
NYSE:VG,VG,"Venture Global, Inc.",Energy,Oil & Gas Midstream,United States,NYSE,7437166508.0,14.42,54.12,54.18,7,64.2,2442,False,-17.63,144.25,26.9,27.5,,,,11.3634,11.3102,,,,191386315,406,2026-09-04,54.74,515753572.0
NASDAQ:FCNCA,FCNCA,"First Citizens BancShares, Inc.",Financial Services,Banks - Regional,United States,NASDAQ,22935658935.0,2208.49,54.13,54.0,7,64.3,2443,False,-3.52,35.34,8.25,10.88,11.59,19.97,36.24,2040.2554,1991.7861,1979.1138,1840.898,1621.0764,118231109,1255,2026-09-04,53.45,10385222.0
NYSE:OVV,OVV,Ovintiv Inc. (DE),Energy,Oil & Gas E&P,United States,NYSE,17912616000.0,64.76,54.14,55.9,7,64.3,2444,False,-3.21,83.34,23.58,30.72,46.61,47.03,49.88,52.4015,49.5418,44.1721,44.0463,43.2082,212346902,1255,2026-09-04,59.39,276600000.0
NYSE:KGS,KGS,"Kodiak Gas Services, Inc.",Energy,Oil & Gas Equipment & Services,United States,NYSE,6316514827.0,62.59,54.15,51.29,7,64.3,2445,False,-17.32,96.95,13.26,23.23,47.87,78.04,,55.2598,50.7915,42.3272,35.1543,,97841083,800,2026-09-04,51.93,100918914.0
NASDAQ:CTKB,CTKB,"Cytek Biosciences, Inc.",Healthcare,Medical Devices,United States,NASDAQ,606970159.0,4.7,54.16,53.95,7,64.4,2446,False,-20.07,40.09,1.97,4.6,2.63,-10.38,-29.29,4.6092,4.4931,4.5798,5.2444,6.6471,3661383,1255,2026-09-04,54.16,129142587.0
NASDAQ:FA,FA,First Advantage Corporation,Industrials,Specialty Business Services,United States,NASDAQ,3672093914.0,21.38,54.16,54.36,7,64.4,2447,False,-11.36,138.88,40.07,41.53,31.42,32.77,41.02,15.2636,15.1063,16.2686,16.1033,15.1605,48372403,1255,2026-09-04,51.8,171753691.0
NASDAQ:PLTR,PLTR,Palantir Technologies Inc.,Technology,Software - Infrastructure,United States,NASDAQ,400274115656.0,174.33,54.16,56.22,7,64.4,2448,False,-15.86,62.52,15.17,10.87,37.58,90.23,144.7,151.3719,157.2317,126.7124,91.6437,71.2426,5864437666,1255,2026-09-04,60.54,2296071334.0
NASDAQ:DLTR,DLTR,"Dollar Tree, Inc.",Consumer Defensive,Discount Stores,United States,NASDAQ,25255584355.0,131.42,54.17,55.1,7,64.4,2449,True,-6.93,54.54,12.22,16.23,35.03,25.58,14.29,117.1133,113.0654,97.324,104.6522,114.9905,298834212,1255,2026-09-04,53.53,192174588.0
NASDAQ:TRMB,TRMB,Trimble Inc.,Technology,Scientific & Technical Instruments,United States,NASDAQ,13863142035.0,59.47,54.17,54.56,7,64.4,2450,False,-28.8,21.69,-8.24,-12.44,-14.01,-7.27,-3.24,64.8092,67.9153,69.1582,64.1294,61.4582,240954001,1255,2026-09-04,56.91,233111519.0
NASDAQ:LINK,LINK,"Interlink Electronics, Inc.",Technology,Electronic Components,United States,NASDAQ,85050038.0,5.4,54.19,54.62,7,64.5,2451,False,-43.59,96.36,37.47,20.29,26.88,27.74,29.08,3.9283,4.489,4.2558,4.2272,4.1834,104066,1255,2026-09-04,59.73,15750007.0
NASDAQ:BLNK,BLNK,Blink Charging Co.,Industrials,Engineering & Construction,United States,NASDAQ,84628851.0,0.589,54.2,51.39,7,64.5,2452,False,-76.44,25.32,-18.81,-36.1,-45.49,-65.36,-84.92,0.7255,0.9217,1.0806,1.7002,3.9062,656447,1255,2026-09-04,55.21,143682259.0
NASDAQ:IBRX,IBRX,"ImmunityBio, Inc.",Healthcare,Biotechnology,United States,NASDAQ,8462620134.0,8.08,54.2,53.19,7,64.5,2453,False,-30.04,308.08,22.45,40.75,80.89,79.74,88.49,6.5985,5.7407,4.4668,4.4955,4.2867,57837069,1255,2026-09-04,56.39,1047353977.0
NYSE:RGR,RGR,"Sturm, Ruger & Company, Inc.",Industrials,Aerospace & Defense,United States,NYSE,615003073.0,38.49,54.2,52.3,7,64.5,2454,True,-17.36,35.01,2.81,1.07,2.89,-2.53,-8.47,37.4378,38.0827,37.4071,39.4882,42.054,4617892,1255,2026-09-04,43.94,15978256.0
NYSE:CHWY,CHWY,"Chewy, Inc.",Consumer Cyclical,Internet Retail,United States,NYSE,5511501839.0,23.66,54.21,54.51,7,64.6,2455,False,-44.11,35.12,-8.39,-15.76,-25.72,-15.41,-21.73,25.828,28.0866,31.8537,27.9686,30.2281,153107727,1255,2026-09-04,57.03,232945978.0
NASDAQ:LILA,LILA,Liberty Latin America Ltd.,Communication Services,Telecom Services,Bermuda,NASDAQ,322056000.0,8.52,54.22,57.17,7,64.6,2456,False,-2.85,83.35,40.24,43.31,59.08,59.36,58.21,6.0755,5.945,5.3558,5.3464,5.3851,3612547,1255,2026-09-04,61.81,37800000.0
NYSE:CLH,CLH,"Clean Harbors, Inc.",Industrials,Waste Management,United States,NYSE,16738836341.0,317.1,54.23,54.58,7,64.7,2457,False,-2.83,57.19,12.17,16.81,26.09,36.98,52.74,282.6861,271.4558,251.4941,231.4913,207.6098,134317985,1255,2026-09-04,56.29,52787248.0
NASDAQ:QCOM,QCOM,QUALCOMM Incorporated,Technology,Semiconductors,United States,NASDAQ,177177000000.0,168.74,54.23,50.32,7,64.7,2458,True,-32.16,37.25,1.58,1.68,5.85,8.38,16.94,166.1162,165.9458,159.4141,155.6935,144.2916,1483893401,1255,2026-09-04,54.03,1050000000.0
NYSE:WBX,WBX,Wallbox N.V.,Technology,Electronic Components,Spain,NYSE,77694926.0,3.32,54.23,50.39,7,64.7,2459,False,-53.82,41.88,5.48,-4.82,36.28,53.01,17.02,3.1476,3.4879,2.4362,2.1698,2.8372,52582,1255,2026-09-04,46.57,23402086.0
NYSE:INGM,INGM,Ingram Micro Holding Corporation,Technology,Information Technology Services,United States,NYSE,6652289311.0,28.84,54.24,52.78,7,64.7,2460,False,-8.57,49.29,14.75,18.68,,,,25.1337,24.3016,,,,25583099,467,2026-09-04,52.07,230661904.0
NASDAQ:VCTR,VCTR,"Victory Capital Holdings, Inc.",Financial Services,Asset Management,United States,NASDAQ,6995483624.0,113.73,54.24,57.91,7,64.7,2461,False,-6.11,91.07,42.42,48.47,65.96,94.73,124.95,79.8542,76.6007,68.5299,58.4051,50.5586,68367736,1255,2026-09-04,53.78,61509572.0
NASDAQ:BEAM,BEAM,Beam Therapeutics Inc.,Healthcare,Biotechnology,United States,NASDAQ,3051397487.0,29.66,54.25,52.27,7,64.8,2462,False,-21.78,49.2,3.97,7.3,18.51,16.18,3.18,28.5268,27.6427,25.027,25.5288,28.7447,44931388,1255,2026-09-04,53.34,102879214.0
NASDAQ:SORA,SORA,AsiaStrategy,Consumer Cyclical,Luxury Goods,Hong Kong,NASDAQ,58430400.0,2.35,54.25,53.01,7,64.8,2463,False,-66.38,46.87,-4.58,-22.0,,,,2.4627,3.0129,,,,459889,359,2026-09-04,55.8,24864000.0
NASDAQ:EQPT,EQPT,EquipmentShare.com Inc,Industrials,Rental & Leasing Services,United States,NASDAQ,4199460291.0,19.55,54.26,51.71,7,64.8,2464,False,-43.55,22.19,,,,,,,,,,,44943777,156,2026-09-04,46.17,214806153.0
NASDAQ:UEIC,UEIC,Universal Electronics Inc.,Technology,Consumer Electronics,United States,NASDAQ,59488722.0,4.71,54.26,54.0,7,64.8,2465,False,-15.73,79.54,20.73,19.71,-17.63,-31.36,-46.39,3.9013,3.9346,5.7181,6.8616,8.7851,509423,1255,2026-09-04,49.03,12630302.0
NASDAQ:KE,KE,"Kimball Electronics, Inc.",Industrials,Electrical Equipment & Parts,United States,NASDAQ,601944593.0,25.03,54.28,51.87,7,64.9,2466,False,-24.45,10.61,-4.35,-6.8,10.17,9.1,8.18,26.1682,26.8572,22.7196,22.9423,23.1377,5543803,1255,2026-09-04,50.03,24048925.0
NASDAQ:PNBK,PNBK,Patriot National Bancorp Inc.,Financial Services,Banks - Regional,United States,NASDAQ,122465580.0,1.11,54.28,51.46,7,64.9,2467,False,-42.19,18.09,-13.94,-13.99,-30.79,-54.17,-73.82,1.2898,1.2905,1.6038,2.422,4.2396,236715,1255,2026-09-04,56.2,110329351.0
NASDAQ:PRDO,PRDO,Perdoceo Education Corporation,Consumer Defensive,Education & Training Services,United States,NASDAQ,2081744016.0,33.2,54.28,52.29,7,64.9,2468,False,-11.66,23.53,2.27,1.43,12.28,28.66,48.09,32.4623,32.7328,29.5685,25.8054,22.4188,19328543,1255,2026-09-04,54.19,62703133.0
NASDAQ:VKTX,VKTX,"Viking Therapeutics, Inc.",Healthcare,Biotechnology,United States,NASDAQ,4067687913.0,34.87,54.29,52.36,7,65.0,2469,False,-17.23,51.02,4.09,5.33,-3.48,-8.09,11.28,33.5012,33.1062,36.1291,37.9405,31.3358,59053786,1255,2026-09-04,50.19,116652937.0
NYSE:HUBS,HUBS,"HubSpot, Inc.",Technology,Software - Application,United States,NYSE,12674819301.0,247.6,54.3,54.34,7,65.0,2470,False,-52.66,45.41,-4.99,-18.23,-45.55,-49.07,-46.44,260.5946,302.7847,454.6928,486.1343,462.3263,334238207,1255,2026-09-04,57.86,51190708.0
NASDAQ:PMVP,PMVP,"PMV Pharmaceuticals, Inc.",Healthcare,Biotechnology,United States,NASDAQ,68797978.0,1.29,54.3,53.07,7,65.0,2471,True,-28.33,26.47,1.77,-0.2,-2.05,-22.72,-60.46,1.2676,1.2925,1.317,1.6693,3.2626,801324,1255,2026-09-04,48.83,53331766.0
NASDAQ:HPK,HPK,"HighPeak Energy, Inc.",Energy,Oil & Gas E&P,United States,NASDAQ,1017182737.0,8.05,54.32,54.19,7,65.0,2472,False,-3.25,106.94,27.73,25.99,-11.48,-27.01,-39.18,6.3026,6.3895,9.0943,11.0283,13.2349,3450987,1255,2026-09-04,59.22,126358104.0
NASDAQ:LKQ,LKQ,LKQ Corporation,Consumer Cyclical,Auto Parts,United States,NASDAQ,6461673276.0,25.54,54.33,52.27,7,65.1,2473,False,-24.14,15.1,-9.22,-10.08,-20.61,-28.12,-34.21,28.1334,28.4034,32.1702,35.5322,38.8197,77471685,1255,2026-09-04,51.63,253002086.0
NASDAQ:FSV,FSV,FirstService Corporation,Real Estate,Real Estate Services,Canada,NASDAQ,6626431578.0,144.11,54.34,52.85,7,65.1,2474,False,-30.33,14.93,-1.09,-5.56,-13.12,-11.17,-7.16,145.691,152.5999,165.8658,162.2237,155.2205,31834718,1255,2026-09-04,52.07,45981761.0
NASDAQ:HOUR,HOUR,"Hour Loop, Inc.",Consumer Cyclical,Internet Retail,United States,NASDAQ,67568429.0,1.92,54.34,52.01,7,65.1,2475,False,-66.32,14.29,-0.79,-7.66,4.07,16.27,6.01,1.9352,2.0793,1.845,1.6513,1.8111,18250,1169,2026-09-04,50.87,35191890.0
NASDAQ:PRGS,PRGS,Progress Software Corporation,Technology,Software - Infrastructure,United States,NASDAQ,1806620095.0,44.05,54.34,56.5,7,65.1,2476,False,-6.02,75.57,19.11,14.83,-9.45,-12.3,-13.51,36.9836,38.3615,48.6476,50.2303,50.9327,19497404,1255,2026-09-04,56.78,41012942.0
NASDAQ:DRVN,DRVN,Driven Brands Holdings Inc.,Consumer Cyclical,Auto & Truck Dealerships,United States,NASDAQ,2236802872.0,13.56,54.35,51.41,7,65.2,2477,False,-28.33,31.65,-2.08,-4.81,-11.57,-7.06,-24.01,13.8477,14.2446,15.3344,14.5901,17.8445,11953048,1255,2026-09-04,54.64,164955964.0
NYSE:NP,NP,Neptune Insurance Holdings Inc.,Financial Services,Insurance Brokers,United States,NYSE,3116910531.0,33.23,54.35,54.83,7,65.2,2478,False,-5.35,93.87,23.02,,,,,27.0119,,,,,13226915,234,2026-09-04,55.65,93798090.0
NASDAQ:TWIN,TWIN,"Twin Disc, Incorporated",Industrials,Specialty Industrial Machinery,United States,NASDAQ,343984424.0,23.85,54.35,54.37,7,65.2,2479,True,-5.02,84.86,28.36,34.36,73.65,72.68,83.2,18.5807,17.7511,13.7346,13.8116,13.0187,2491532,1255,2026-09-04,46.24,14422827.0
NASDAQ:HLNE,HLNE,Hamilton Lane Incorporated,Financial Services,Asset Management,United States,NASDAQ,4467565151.0,103.06,54.36,56.5,7,65.3,2480,False,-32.15,39.67,-2.37,-6.59,-22.25,-17.07,-6.71,105.5621,110.3296,132.5576,124.2749,110.4676,57008026,1255,2026-09-04,55.1,43349167.0
NASDAQ:INTR,INTR,Inter & Co. Inc.,Financial Services,Banks - Regional,Brazil,NASDAQ,1843845171.0,5.66,54.36,52.01,7,65.3,2481,False,-43.86,12.08,-22.09,-25.72,-17.47,-10.91,4.37,7.2646,7.6194,6.8578,6.3531,5.4232,26644256,1055,2026-09-04,58.82,325767698.0
NASDAQ:SPWR,SPWR,SunPower Inc.,Technology,Solar,United States,NASDAQ,72407883.0,0.36,54.36,47.49,7,65.3,2482,False,-82.94,65.14,-67.32,-70.8,-76.45,-75.31,,1.1017,1.2329,1.5284,1.4583,,7223896,922,2026-09-04,61.01,201133009.0
NASDAQ:HUT,HUT,Hut 8 Corp.,Financial Services,Capital Markets,United States,NASDAQ,10532616207.0,93.545,54.37,51.14,7,65.3,2483,False,-29.68,268.58,24.53,37.3,116.75,189.64,249.88,75.1211,68.1328,43.1571,32.2967,26.7363,409139178,1255,2026-09-04,50.03,112594112.0
NYSE:PSBD,PSBD,Palmer Square Capital BDC Inc.,Financial Services,Asset Management,United States,NYSE,322100425.0,10.35,54.37,53.3,7,65.3,2484,False,-13.64,11.04,-0.58,-2.2,-9.23,,,10.4104,10.5825,11.4031,,,1103534,661,2026-09-04,54.89,31120814.0
NASDAQ:FTDR,FTDR,"Frontdoor, Inc.",Consumer Cyclical,Personal Services,United States,NASDAQ,5801404557.0,82.6,54.38,55.65,7,65.4,2485,False,-9.06,68.23,27.49,27.88,40.74,63.25,84.78,64.788,64.5919,58.6898,50.5966,44.7025,38429580,1255,2026-09-04,54.71,70234922.0
NYSE:HG,HG,"Hamilton Insurance Group, Ltd.",Financial Services,Insurance - Reinsurance,Bermuda,NYSE,2368548883.0,35.6,54.38,54.73,7,65.4,2486,False,-4.51,63.92,17.88,24.05,50.65,,,30.1989,28.6987,23.6307,,,11559635,706,2026-09-04,60.69,66532272.0
NASDAQ:ROCK,ROCK,"Gibraltar Industries, Inc.",Industrials,Building Products & Equipment,United States,NASDAQ,1401525673.0,47.25,54.38,53.84,7,65.4,2487,False,-36.65,39.71,4.98,-3.12,-15.58,-23.23,-20.41,45.0101,48.77,55.9726,61.5483,59.367,10672501,1255,2026-09-04,49.58,29661919.0
NASDAQ:OVID,OVID,Ovid Therapeutics Inc.,Healthcare,Biotechnology,United States,NASDAQ,522592286.0,2.8,54.39,54.48,7,65.5,2488,False,-5.41,145.61,27.51,37.37,102.91,49.91,36.22,2.1959,2.0383,1.3799,1.8678,2.0556,4133788,1255,2026-09-04,53.47,186640102.0
NASDAQ:SMPL,SMPL,The Simply Good Foods Company,Consumer Defensive,Packaged Foods,United States,NASDAQ,1012651820.0,11.45,54.4,51.52,7,65.5,2489,False,-59.75,12.48,-21.99,-30.64,-55.33,-60.63,-62.92,14.6768,16.5073,25.635,29.0858,30.8825,20880149,1255,2026-09-04,55.01,88441207.0
NYSE:ABG,ABG,Asbury Automotive Group Inc,Consumer Cyclical,Auto & Truck Dealerships,United States,NYSE,3900233487.0,217.26,54.41,53.11,7,65.5,2490,False,-15.62,23.25,1.21,-1.22,-6.1,-4.76,-1.59,214.655,219.9349,231.3824,228.1224,220.761,43572720,1255,2026-09-04,52.38,17951917.0
NASDAQ:CBC,CBC,"Central Bancompany, Inc.",Financial Services,Banks - Regional,United States,NASDAQ,7826032808.0,32.64,54.42,55.55,7,65.6,2491,False,-2.23,44.68,,,,,,,,,,,23818665,197,2026-09-04,54.86,239768162.0
NASDAQ:CRON,CRON,Cronos Group Inc.,Healthcare,Drug Manufacturers - Specialty & Generic,Canada,NASDAQ,1218138247.0,3.26,54.42,56.92,7,65.6,2492,False,-8.17,41.74,19.28,20.91,37.65,40.24,40.34,2.733,2.6962,2.3683,2.3246,2.3229,4580450,1255,2026-09-04,54.42,373662039.0
NYSE:TWLO,TWLO,Twilio Inc.,Technology,Software - Infrastructure,United States,NYSE,35360273903.0,232.98,54.42,55.2,7,65.6,2493,False,-8.97,132.77,42.72,52.57,81.81,119.73,145.95,163.2418,152.7068,128.144,106.0297,94.7283,492362145,1255,2026-09-04,59.43,151773860.0
NYSE:SKE,SKE,Skeena Resources Limited,Basic Materials,Other Industrial Metals & Mining,Canada,NYSE,4105952300.0,33.09,54.44,55.02,7,65.6,2494,False,-13.2,112.93,13.92,23.92,73.98,131.59,174.3,29.0464,26.7027,19.0199,14.2883,12.0633,18823432,1255,2026-09-04,54.53,124084385.0
NASDAQ:SPOK,SPOK,"Spok Holdings, Inc.",Healthcare,Health Information Services,United States,NASDAQ,224033247.0,10.71,54.45,53.34,7,65.7,2495,False,-32.36,7.67,-3.27,-8.75,-16.86,-15.53,-5.71,11.0721,11.7372,12.8817,12.6784,11.359,1722931,1255,2026-09-04,53.56,20918137.0
AMEX:USAS,USAS,"Americas Gold and Silver Corporation Common Shares, no par value",Basic Materials,Other Industrial Metals & Mining,Canada,AMEX,1809229338.0,5.36,54.45,53.95,7,65.7,2496,False,-46.56,97.79,-8.51,-1.16,55.78,112.91,144.86,5.8586,5.4227,3.4407,2.5175,2.189,25984611,1255,2026-09-04,58.43,337542787.0
AMEX:CTGO,CTGO,Contango Silver & Gold Inc.,Basic Materials,Gold,United States,AMEX,662245970.0,19.77,54.46,54.31,7,65.7,2497,False,-40.27,33.31,-12.22,-12.82,2.18,2.33,-5.18,22.522,22.6775,19.3485,19.3203,20.8508,6913008,1255,2026-09-04,57.31,33497520.0
NYSE:ASB,ASB,Associated Banc-Corp,Financial Services,Banks - Regional,United States,NYSE,5863468260.0,31.07,54.47,54.31,7,65.7,2498,False,-3.14,33.44,12.6,15.06,25.52,37.61,46.09,27.592,27.0027,24.7525,22.578,21.2677,47681309,1255,2026-09-04,52.46,188718000.0
NASDAQ:LCNB,LCNB,LCNB Corporation,Financial Services,Banks - Regional,United States,NASDAQ,278382397.0,19.53,54.49,54.72,7,65.7,2499,True,-5.84,43.28,15.86,19.17,28.69,36.25,38.13,16.8563,16.3887,15.1756,14.3335,14.1393,620195,1255,2026-09-04,48.27,14254091.0
NASDAQ:ACDC,ACDC,ProFrac Holding Corp.,Energy,Oil & Gas Equipment & Services,United States,NASDAQ,931741878.0,5.15,54.51,51.67,7,65.8,2500,False,-36.1,61.44,-5.06,-0.0,-14.55,-24.15,-44.65,5.4244,5.1502,6.0267,6.7897,9.3045,8252764,1082,2026-09-04,53.97,180920753.0
AMEX:GLDG,GLDG,GoldMining Inc.,Basic Materials,Gold,Canada,AMEX,231983101.0,1.08,54.54,54.96,7,65.8,2501,False,-49.53,31.71,-12.58,-14.2,2.98,9.62,8.52,1.2354,1.2588,1.0488,0.9853,0.9952,876925,1255,2026-09-04,57.69,214799168.0
NASDAQ:HIVE,HIVE,HIVE Digital Technologies Ltd,Financial Services,Capital Markets,United States,NASDAQ,851015878.0,3.11,54.54,51.94,7,65.8,2502,False,-55.32,77.71,7.17,-5.04,5.16,1.55,-1.17,2.902,3.2751,2.9575,3.0626,3.1468,71258098,1255,2026-09-04,53.27,273638546.0
NASDAQ:RELY,RELY,"Remitly Global, Inc.",Technology,Software - Infrastructure,United States,NASDAQ,5510383437.0,26.17,54.54,55.55,7,65.8,2503,False,-2.79,114.51,39.85,44.12,38.41,39.36,46.85,18.7124,18.1579,18.9074,18.7793,17.8204,85614436,1243,2026-09-04,59.63,210561079.0
NASDAQ:AEBI,AEBI,Aebi Schmidt Holding AG,Industrials,Farm & Heavy Construction Machinery,Switzerland,NASDAQ,1003704319.0,12.95,54.55,53.12,7,65.9,2504,True,-16.7,40.72,2.48,4.12,,,,12.6363,12.4374,,,,6406767,297,2026-09-04,50.25,77506125.0
NASDAQ:EGBN,EGBN,"Eagle Bancorp, Inc.",Financial Services,Banks - Regional,United States,NASDAQ,859219726.0,28.18,54.55,53.34,7,65.9,2505,False,-3.23,78.55,10.74,16.76,22.83,27.05,15.4,25.4467,24.1352,22.9418,22.1809,24.4191,5854278,1255,2026-09-04,49.77,30490409.0
NASDAQ:IVA,IVA,Inventiva S.A. - American Depository Shares,Healthcare,Biotechnology,France,NASDAQ,1129134712.0,4.78,54.55,53.98,7,65.9,2506,False,-33.15,40.18,-5.75,-6.09,18.78,23.61,20.25,5.0718,5.0899,4.0244,3.8669,3.975,3369997,1255,2026-09-04,57.47,236220651.0
AMEX:WYY,WYY,WidePoint Corporation,Technology,Information Technology Services,United States,AMEX,107968017.0,10.92,54.55,51.43,7,65.9,2507,False,-45.94,175.76,33.97,42.14,89.99,133.03,171.89,8.1508,7.6824,5.7477,4.686,4.0163,1197202,1255,2026-09-04,59.68,9887181.0
NASDAQ:ANIK,ANIK,Anika Therapeutics Inc.,Healthcare,Drug Manufacturers - Specialty & Generic,United States,NASDAQ,278499522.0,20.81,54.56,57.69,7,66.0,2508,False,-5.54,147.74,49.24,60.16,44.36,19.05,5.01,13.9441,12.9934,14.415,17.4806,19.8171,2507342,1255,2026-09-04,56.34,13382966.0
NASDAQ:HCKT,HCKT,"The Hackett Group, Inc.",Technology,Information Technology Services,United States,NASDAQ,282367423.0,11.21,54.56,53.08,7,66.0,2509,False,-45.56,23.0,-18.25,-23.93,-44.76,-46.22,-45.06,13.7131,14.736,20.2936,20.8458,20.4051,2325879,1255,2026-09-04,52.37,25188887.0
NASDAQ:OLLI,OLLI,"Ollie's Bargain Outlet Holdings, Inc.",Consumer Defensive,Discount Stores,United States,NASDAQ,4628606302.0,76.565,54.57,52.9,7,66.0,2510,True,-44.64,23.73,-17.79,-23.63,-27.33,-21.05,-12.53,93.1365,100.261,105.3561,96.9783,87.5342,128172165,1255,2026-09-04,48.49,60453292.0
NYSE:SJM,SJM,The J.M. Smucker Company,Consumer Defensive,Packaged Foods,United States,NYSE,13475517395.0,126.08,54.57,56.93,7,66.0,2511,False,-4.73,43.72,20.13,20.76,20.72,19.44,12.68,104.9554,104.4027,104.4378,105.5564,111.8949,167127556,1255,2026-09-04,60.76,106880690.0
NASDAQ:SLS,SLS,"SELLAS Life Sciences Group, Inc.",Healthcare,Biotechnology,United States,NASDAQ,2725327476.0,13.86,54.58,55.14,7,66.1,2512,True,-10.35,897.12,103.75,140.3,287.89,400.9,427.29,6.8024,5.7679,3.5732,2.767,2.6286,97859266,1255,2026-09-04,53.76,196632574.0
NASDAQ:ACRS,ACRS,"Aclaris Therapeutics, Inc.",Healthcare,Biotechnology,United States,NASDAQ,861724906.0,6.17,54.59,55.65,7,66.1,2513,True,-5.59,240.88,46.41,63.42,118.6,136.78,22.76,4.2141,3.7754,2.8225,2.6058,5.026,9623841,1255,2026-09-04,49.44,139663680.0
NASDAQ:GSAT,GSAT,"Globalstar, Inc.",Communication Services,Telecom Services,United States,NASDAQ,10604480579.0,82.34,54.59,54.26,7,66.1,2514,False,-2.48,175.02,14.08,24.39,84.0,123.92,152.21,72.1787,66.1973,44.7492,36.7727,32.6474,54671020,1255,2026-09-04,51.07,128788931.0
NYSE:KOP,KOP,Koppers Holdings Inc.,Basic Materials,Specialty Chemicals,United States,NYSE,918896646.0,47.78,54.6,53.27,7,66.2,2515,False,-8.52,83.0,24.95,32.43,41.41,29.12,35.3,38.2381,36.0782,33.7893,37.0031,35.3139,9011831,1255,2026-09-04,49.85,19231826.0
NYSE:MC,MC,Moelis & Company,Financial Services,Capital Markets,United States,NYSE,5112904213.0,69.02,54.6,53.44,7,66.2,2516,False,-8.55,37.02,6.26,5.83,7.58,17.29,29.97,64.9531,65.2169,64.1594,58.8453,53.1036,45879417,1255,2026-09-04,55.01,74078589.0
NASDAQ:AIRT,AIRT,"Air T, Inc.",Industrials,Conglomerates,United States,NASDAQ,85460332.0,31.75,54.61,55.23,7,66.2,2517,False,-7.33,73.02,36.53,36.79,49.38,49.52,46.46,23.2545,23.2109,21.2548,21.2351,21.678,533070,1255,2026-09-04,59.26,2691664.0
NYSE:EMBJ,EMBJ,Embraer S.A.,Industrials,Aerospace & Defense,Brazil,NYSE,13135097325.0,73.81,54.62,56.31,7,66.3,2518,False,-7.28,37.62,12.27,14.06,35.68,69.35,105.47,65.7448,64.7125,54.4018,43.5852,35.9219,99997887,1255,2026-09-04,53.99,177958235.0
NYSE:TRGP,TRGP,"Targa Resources, Inc.",Energy,Oil & Gas Midstream,United States,NYSE,62257464065.0,290.05,54.62,55.24,7,66.3,2519,False,-4.04,102.52,22.78,31.7,48.37,77.51,107.96,236.227,220.2411,195.4879,163.4034,139.4725,348170892,1255,2026-09-04,57.92,214643903.0
NYSE:BORR,BORR,Borr Drilling Limited,Energy,Oil & Gas Drilling,Bermuda,NYSE,1401437759.0,4.54,54.64,52.95,7,66.3,2520,False,-31.32,86.07,-5.48,2.63,20.71,0.32,-5.67,4.8033,4.4235,3.7612,4.5256,4.8131,26889953,1255,2026-09-04,57.27,308686731.0
NYSE:CPF,CPF,Central Pacific Financial Corp New,Financial Services,Banks - Regional,United States,NYSE,985547103.0,38.19,54.64,53.73,7,66.3,2521,False,-3.74,43.25,13.07,16.65,28.62,48.22,63.2,33.7756,32.7397,29.6918,25.7657,23.4013,5539325,1255,2026-09-04,50.45,25806418.0
NYSE:WTI,WTI,"W&T Offshore, Inc.",Energy,Oil & Gas E&P,United States,NYSE,568330806.0,3.82,54.65,53.59,7,66.4,2522,False,-21.82,156.76,27.7,37.45,70.66,57.35,23.14,2.9914,2.7791,2.2384,2.4277,3.1021,12269774,1255,2026-09-04,57.45,148777698.0
NASDAQ:BMBL,BMBL,Bumble Inc.,Communication Services,Internet Content & Information,United States,NASDAQ,378250387.0,2.9,54.66,51.3,7,66.4,2523,False,-59.55,11.54,-11.8,-23.48,-43.72,-61.08,-73.04,3.2879,3.7899,5.1529,7.4511,10.7562,7606359,1255,2026-09-04,53.13,130431168.0
NASDAQ:CNTN,CNTN,"Canton Strategic Holdings, Inc.",Healthcare,Biotechnology,United States,NASDAQ,175839492.0,2.28,54.66,51.22,7,66.4,2524,False,-58.39,23.24,-25.76,-25.86,-10.15,-74.83,-96.57,3.0709,3.0751,2.5376,9.0579,66.4787,1303707,1166,2026-09-04,53.45,77122584.0
NYSE:BILL,BILL,"BILL Holdings, Inc.",Technology,Software - Application,United States,NYSE,4896175099.0,49.16,54.67,56.04,7,66.4,2525,False,-12.7,53.82,12.28,8.63,-4.86,-14.7,-30.26,43.7847,45.2556,51.6735,57.6323,70.4894,115806323,1255,2026-09-04,61.12,99596727.0
NASDAQ:SEV,SEV,Aptera Motors Corp.,,,,NASDAQ,63267696.0,2.3,54.67,54.06,7,66.4,2526,False,-78.78,63.12,-20.71,,,,,2.9006,,,,,653337,223,2026-09-04,59.57,27507694.0
NASDAQ:CELC,CELC,Celcuity Inc.,Healthcare,Biotechnology,United States,NASDAQ,4666933762.0,95.7,54.69,51.72,7,66.5,2527,False,-33.99,111.63,-9.85,-1.41,68.65,123.68,176.11,106.1601,97.065,56.7433,42.7836,34.6604,72609004,1255,2026-09-04,55.91,48766288.0
NASDAQ:FIGR,FIGR,"Figure Technology Solutions, Inc.",Financial Services,Capital Markets,United States,NASDAQ,6567114054.0,35.96,54.72,54.65,7,66.5,2528,False,-51.35,44.36,-2.52,,,,,36.889,,,,,168676498,248,2026-09-04,55.36,182622749.0
NYSE:CNMD,CNMD,CONMED Corporation,Healthcare,Medical Devices,United States,NYSE,1477195551.0,49.32,54.73,57.95,7,66.5,2529,False,-9.94,53.6,21.77,17.75,-4.47,-21.29,-31.43,40.5035,41.8841,51.6297,62.661,71.9236,15032431,1255,2026-09-04,55.38,29951248.0
NASDAQ:FBNC,FBNC,First Bancorp,Financial Services,Banks - Regional,United States,NASDAQ,2690979334.0,65.04,54.74,54.28,7,66.6,2530,False,-1.96,42.19,11.62,14.74,30.84,48.75,57.08,58.2705,56.6845,49.7093,43.723,41.4055,10896343,1255,2026-09-04,51.1,41374221.0
NASDAQ:DAVE,DAVE,Dave Inc.,Technology,Software - Application,United States,NASDAQ,4339928814.0,380.69,54.75,53.89,7,66.6,2531,False,-13.97,144.16,46.44,51.07,104.52,188.18,276.25,259.9595,251.9928,186.1397,132.1032,101.1811,137771435,1255,2026-09-04,57.78,11400165.0
AMEX:DNN,DNN,Denison Mines Corp Ordinary Shares (Canada),Energy,Uranium,Canada,AMEX,3095158010.0,3.42,54.81,54.09,7,66.6,2532,False,-21.74,50.66,1.79,5.79,35.63,48.75,68.8,3.36,3.2329,2.5215,2.2992,2.0261,89502545,1255,2026-09-04,54.47,905016962.0
NYSE:SGHC,SGHC,Super Group (SGHC) Limited,Consumer Cyclical,Gambling,Guernsey,NYSE,7107994264.0,13.99,54.81,52.98,7,66.6,2533,False,-10.26,65.57,16.31,15.46,43.6,85.57,115.97,12.0278,12.1166,9.7422,7.5389,6.4777,28786775,1255,2026-09-04,58.15,508076788.0
NYSE:TFC,TFC,Truist Financial Corporation,Financial Services,Banks - Regional,United States,NYSE,63096982900.0,51.65,54.81,53.56,7,66.6,2534,False,-4.6,31.08,5.88,8.59,17.66,29.43,35.94,48.7831,47.5625,43.8967,39.9065,37.994,286742336,1255,2026-09-04,54.55,1221626000.0
NASDAQ:EEFT,EEFT,"Euronet Worldwide, Inc.",Technology,Software - Infrastructure,United States,NASDAQ,2810322688.0,73.81,54.82,52.42,7,66.7,2535,False,-19.19,15.82,2.13,-1.06,-16.08,-19.37,-21.16,72.2714,74.602,87.9573,91.5364,93.6203,43147101,1255,2026-09-04,53.61,38075094.0
NASDAQ:LQDT,LQDT,"Liquidity Services, Inc.",Consumer Cyclical,Internet Retail,United States,NASDAQ,1313041637.0,42.11,54.82,55.2,7,66.7,2536,False,-3.37,90.03,22.31,29.43,40.68,60.56,79.11,34.4275,32.5338,29.9338,26.227,23.5105,9051416,1255,2026-09-04,46.88,31181231.0
NASDAQ:METC,METC,"Ramaco Resources, Inc.",Basic Materials,Coking Coal,United States,NASDAQ,710224126.0,13.2,54.83,53.73,7,66.7,2537,True,-75.8,48.31,-12.81,-29.75,-14.51,-11.71,-1.1,15.1401,18.7906,15.4412,14.9512,13.3465,27574111,1255,2026-09-04,50.34,53804858.0
NASDAQ:MIST,MIST,Milestone Pharmaceuticals Inc.,Healthcare,Biotechnology,Canada,NASDAQ,149397576.0,1.2,54.85,51.2,7,66.8,2538,False,-59.32,18.81,-27.84,-30.26,-29.14,-32.83,-51.18,1.6631,1.7207,1.6935,1.7865,2.458,2028416,1255,2026-09-04,56.1,124497980.0
NASDAQ:NTRS,NTRS,Northern Trust Corporation,Financial Services,Asset Management,United States,NASDAQ,34145013519.0,186.63,54.85,55.32,7,66.8,2539,False,-2.07,55.3,18.92,23.89,47.21,70.44,84.53,156.9429,150.6446,126.7776,109.5,101.1357,183610566,1255,2026-09-04,54.73,182955653.0
NYSE:SITE,SITE,"SiteOne Landscape Supply, Inc.",Industrials,Industrial Distribution,United States,NYSE,4390859126.0,100.58,54.85,50.39,7,66.8,2540,False,-38.39,7.24,-18.61,-19.32,-22.01,-26.25,-26.45,123.5808,124.6694,128.966,136.3713,136.7545,62999913,1255,2026-09-04,50.07,43655390.0
NASDAQ:ADMA,ADMA,ADMA Biologics Inc,Healthcare,Biotechnology,United States,NASDAQ,2229653518.0,9.62,54.87,54.31,7,66.9,2541,False,-52.8,26.58,-23.9,-27.04,-39.47,-25.86,-9.14,12.6418,13.1847,15.8922,12.9755,10.588,17482691,1255,2026-09-04,54.05,231772715.0
NASDAQ:KRYS,KRYS,"Krystal Biotech, Inc.",Healthcare,Biotechnology,United States,NASDAQ,10560827789.0,358.24,54.87,54.52,7,66.9,2542,False,-5.27,160.61,23.39,33.91,66.49,85.97,114.6,290.3246,267.5281,215.173,192.634,166.9301,74309801,1255,2026-09-04,63.59,29479756.0
NASDAQ:LAKE,LAKE,"Lakeland Industries, Inc.",Consumer Cyclical,Apparel Manufacturing,United States,NASDAQ,117936510.0,11.95,54.88,54.6,7,66.9,2543,False,-30.87,57.65,15.48,4.52,-21.93,-25.96,-22.38,10.348,11.4329,15.307,16.1404,15.3946,614629,1255,2026-09-04,58.53,9869164.0
NYSE:NXE,NXE,Nexgen Energy Ltd.,Energy,Uranium,Canada,NYSE,7102288087.0,10.73,54.88,53.95,7,66.9,2544,False,-22.92,41.93,-0.82,3.41,27.53,35.86,53.43,10.819,10.3758,8.414,7.8979,6.9936,55333747,1255,2026-09-04,54.19,661909421.0
NYSE:VRT,VRT,"Vertiv Holdings, LLC",Industrials,Electrical Equipment & Parts,United States,NYSE,108000732172.0,280.53,54.88,51.23,7,66.9,2545,False,-25.42,130.54,9.01,17.88,61.15,103.35,160.28,257.3464,237.9829,174.0787,137.9569,107.7795,1074215356,1255,2026-09-04,49.25,384988173.0
NASDAQ:VTRS,VTRS,Viatris Inc.,Healthcare,Drug Manufacturers - Specialty & Generic,United States,NASDAQ,19657648800.0,16.88,54.88,53.79,7,66.9,2546,False,-4.78,84.18,16.31,24.63,45.09,53.13,61.12,14.5135,13.5441,11.6342,11.0237,10.4766,141156378,1255,2026-09-04,56.06,1164552654.0
NASDAQ:MCBS,MCBS,"MetroCity Bankshares, Inc.",Financial Services,Banks - Regional,United States,NASDAQ,1025742903.0,35.79,54.89,54.06,7,67.0,2547,False,-2.66,48.58,16.34,19.88,22.97,33.95,46.85,30.7627,29.8554,29.105,26.7189,24.3726,2410011,1255,2026-09-04,52.27,28660042.0
NASDAQ:AFRI,AFRI,Forafric Global PLC,Consumer Defensive,Farm Products,Gibraltar,NASDAQ,297410879.0,11.03,54.9,55.08,7,67.0,2548,False,-2.39,34.18,8.29,11.18,15.52,10.58,7.49,10.1861,9.921,9.5477,9.9751,10.261,215406,1255,2026-09-04,57.25,26963815.0
NASDAQ:MRBK,MRBK,Meridian Corporation,Financial Services,Banks - Regional,United States,NASDAQ,235546407.0,19.81,54.9,53.4,7,67.0,2549,False,-3.33,47.18,6.55,11.43,26.81,44.56,50.02,18.5915,17.7776,15.6216,13.7041,13.2045,1766246,1255,2026-09-04,47.41,11890278.0
NYSE:RY,RY,Royal Bank Of Canada,Financial Services,Banks - Diversified,Canada,NYSE,292648991128.0,210.59,54.91,54.65,7,67.1,2550,False,-2.76,48.5,16.62,21.64,43.62,63.94,78.77,180.5773,173.1263,146.6278,128.4564,117.8023,279082338,1255,2026-09-04,58.13,1389662335.0
NASDAQ:VALU,VALU,"Value Line, Inc.",Financial Services,Financial Data & Stock Exchanges,United States,NASDAQ,362441259.0,38.61,54.91,53.73,7,67.1,2551,False,-4.96,21.77,7.33,6.78,0.57,-0.14,-5.35,35.9722,36.1569,38.3897,38.6629,40.7913,137916,1255,2026-09-04,53.06,9387238.0
NYSE:TNET,TNET,"TriNet Group, Inc.",Industrials,Staffing & Employment Services,United States,NYSE,3170181206.0,69.06,54.92,57.49,7,67.2,2552,False,-3.64,106.87,34.56,29.0,3.12,-14.61,-14.27,51.3242,53.5354,66.9688,80.8722,80.5513,22103973,1255,2026-09-04,56.04,45904738.0
NASDAQ:TNXP,TNXP,Tonix Pharmaceuticals Holding Corp.,Healthcare,Biotechnology,United States,NASDAQ,209462125.0,13.14,54.92,54.51,7,67.2,2553,False,-57.9,38.17,-6.87,-16.42,-35.92,-96.26,-99.54,14.1099,15.7213,20.5052,351.3765,2856.0244,6663117,1255,2026-09-04,58.05,15940801.0
NYSE:EFC,EFC,Ellington Financial Inc.,Real Estate,REIT - Mortgage,United States,NYSE,1689052115.0,13.47,54.93,54.5,7,67.2,2554,False,-0.8,26.51,7.08,8.03,16.28,25.38,32.83,12.5795,12.469,11.5844,10.7431,10.1406,13338334,1255,2026-09-04,49.24,125393624.0
NASDAQ:LILAK,LILAK,Liberty Latin America Ltd.,Communication Services,Telecom Services,Bermuda,NASDAQ,1361295000.0,8.45,54.94,57.84,7,67.2,2555,False,-2.65,79.75,38.34,41.1,57.08,57.37,56.51,6.1079,5.9887,5.3796,5.3694,5.399,11564251,1255,2026-09-04,62.73,161100000.0
NASDAQ:FNLC,FNLC,"First Bancorp, Inc (ME)",Financial Services,Banks - Regional,United States,NASDAQ,396336224.0,35.14,54.99,55.54,7,67.3,2556,False,-1.46,51.48,19.71,23.81,34.26,42.92,45.63,29.3543,28.3814,26.173,24.5877,24.1289,866596,1255,2026-09-04,53.89,11278777.0
NASDAQ:MDGL,MDGL,"Madrigal Pharmaceuticals, Inc.",Healthcare,Biotechnology,United States,NASDAQ,12501180496.0,541.08,54.99,53.7,7,67.3,2557,False,-10.24,31.22,5.0,7.92,34.21,57.99,76.75,515.2993,501.3509,403.1619,342.4716,306.1226,127383741,1255,2026-09-04,55.67,23104126.0
NYSE:MS,MS,Morgan Stanley,Financial Services,Capital Markets,United States,NYSE,342255840000.0,217.72,55.0,53.71,7,67.3,2558,False,-4.21,50.35,15.03,19.32,43.1,68.36,86.69,189.28,182.4717,152.1437,129.3181,116.6181,813789609,1255,2026-09-04,54.22,1572000000.0
NASDAQ:SGML,SGML,Sigma Lithium Corporation,Basic Materials,Other Industrial Metals & Mining,Canada,NASDAQ,1388480964.0,12.39,55.0,52.61,7,67.3,2559,False,-47.61,164.74,-7.96,3.49,14.7,-10.14,-33.97,13.4609,11.9718,10.8024,13.7886,18.7643,20041961,1255,2026-09-04,59.31,112064646.0
NYSE:BKKT,BKKT,"Bakkt, Inc.",Technology,Software - Infrastructure,United States,NYSE,372408677.0,8.33,55.02,52.88,7,67.4,2560,False,-81.51,21.61,-17.92,-36.64,-40.47,-51.93,-64.49,10.1481,13.1481,13.9929,17.3288,23.4584,12497513,1255,2026-09-04,55.55,44706924.0
NASDAQ:ROKU,ROKU,"Roku, Inc.",Communication Services,Entertainment,United States,NASDAQ,20530116370.0,155.59,55.03,58.94,7,67.4,2561,False,-2.61,87.62,31.86,36.27,62.24,77.39,91.77,117.994,114.1813,95.8992,87.71,81.1356,323099293,1255,2026-09-04,63.98,131950102.0
NASDAQ:LBTYB,LBTYB,Liberty Global Ltd.,Communication Services,Telecom Services,Bermuda,NASDAQ,170537853.0,13.15,55.04,53.12,7,67.4,2562,False,-26.99,28.42,2.03,4.52,2.53,-9.06,-15.68,12.8889,12.5818,12.8252,14.4606,15.5962,99854,1255,2026-09-04,55.04,12968658.0
NASDAQ:PUBM,PUBM,"PubMatic, Inc.",Technology,Software - Application,United States,NASDAQ,629982392.0,16.5,55.05,57.84,7,67.4,2563,False,-7.2,162.74,58.55,64.94,44.67,21.75,16.99,10.4069,10.0034,11.4054,13.5527,14.1039,12629258,1255,2026-09-04,60.01,38180751.0
NYSE:ARLO,ARLO,"Arlo Technologies, Inc.",Industrials,Building Products & Equipment,United States,NYSE,1517279143.0,13.97,55.06,53.09,7,67.5,2564,False,-28.14,24.4,2.89,-2.78,2.85,9.44,25.05,13.5774,14.3698,13.5828,12.7653,11.1713,18292360,1255,2026-09-04,49.64,108609817.0
NYSE:IMAX,IMAX,Imax Corporation,Communication Services,Entertainment,Canada,NYSE,2832046767.0,51.64,55.06,57.3,7,67.5,2565,False,-5.75,73.4,29.92,34.88,63.6,93.26,112.69,39.7485,38.286,31.565,26.7208,24.2798,54282184,1255,2026-09-04,56.25,54842114.0
NYSE:CACI,CACI,"CACI International, Inc.",Technology,Information Technology Services,United States,NYSE,13776358711.0,623.61,55.08,57.21,7,67.5,2566,False,-8.3,41.49,11.33,12.55,24.21,35.66,48.21,560.1371,554.0545,502.0609,459.6702,420.7581,169413462,1255,2026-09-04,57.22,22091305.0
NASDAQ:TONX,TONX,TON Strategy Company,Technology,Software - Application,United States,NASDAQ,187681648.0,3.32,55.09,53.49,7,67.5,2567,False,-69.0,84.44,17.1,-1.95,-43.84,-85.22,-99.02,2.8352,3.386,5.9117,22.4562,339.1574,1326447,1255,2026-09-04,57.81,56530617.0
NYSE:BBDC,BBDC,"Barings BDC, Inc.",Financial Services,Asset Management,United States,NYSE,944456094.0,9.02,55.11,56.89,7,67.6,2568,True,-1.81,20.77,9.48,10.34,12.78,18.45,27.41,8.2393,8.1749,7.9979,7.615,7.0798,7455136,1255,2026-09-04,53.96,104706884.0
NYSE:NE,NE,Noble Corporation plc A,Energy,Oil & Gas Drilling,United States,NYSE,7281281563.0,45.61,55.11,54.85,7,67.6,2569,False,-14.31,79.08,11.37,19.2,41.15,31.37,32.7,40.9542,38.2644,32.3138,34.7177,34.3711,49851745,1255,2026-09-04,60.22,159642218.0
NASDAQ:ZD,ZD,"Ziff Davis, Inc.",Communication Services,Advertising Agencies,United States,NASDAQ,2051731780.0,55.7,55.11,56.28,7,67.6,2570,False,-1.75,110.11,29.35,33.79,32.03,16.24,1.6,43.0601,41.6328,42.1867,47.9161,54.824,29982551,1255,2026-09-04,58.88,36835400.0
NYSE:V,V,Visa Inc.,Financial Services,Credit Services,United States,NYSE,639161548139.0,375.07,55.13,57.02,7,67.6,2571,False,-2.36,27.42,12.66,12.22,13.82,22.66,32.7,332.925,334.2325,329.5206,305.7861,282.6509,2454787316,1255,2026-09-04,59.57,1704112694.0
NYSE:CLPR,CLPR,Clipper Realty Inc.,Real Estate,REIT - Residential,United States,NYSE,51865787.0,3.21,55.16,56.3,7,67.7,2572,False,-18.87,21.46,5.12,1.7,-7.23,-8.25,-15.15,3.0538,3.1563,3.4603,3.4985,3.7833,231648,1255,2026-09-04,59.68,16157566.0
NYSE:NVS,NVS,Novartis AG,Healthcare,Drug Manufacturers - General,Switzerland,NYSE,304095367252.0,159.99,55.17,54.58,7,67.7,2573,False,-2.23,35.35,8.04,11.81,28.33,39.9,51.01,148.0869,143.0971,124.6738,114.3568,105.944,273681358,1255,2026-09-04,60.92,1900714840.0
NASDAQ:INCR,INCR,Intercure Ltd.,Healthcare,Drug Manufacturers - Specialty & Generic,Israel,NASDAQ,321018774.0,5.42,55.18,54.9,7,67.7,2574,True,-35.48,48.49,12.29,0.65,-18.62,-28.93,-43.68,4.8269,5.3851,6.6605,7.6259,9.6241,300393,1255,2026-09-04,52.34,59228556.0
NYSE:PBI,PBI,Pitney Bowes Inc.,Industrials,Integrated Freight & Logistics,United States,NYSE,2385369689.0,17.4,55.18,53.56,7,67.7,2575,False,-5.45,96.89,29.79,35.52,62.06,102.93,141.21,13.4061,12.839,10.7368,8.5744,7.2135,23772313,1255,2026-09-04,58.77,137090212.0
NASDAQ:PCB,PCB,PCB Bancorp,Financial Services,Banks - Regional,United States,NASDAQ,395405299.0,28.14,55.18,54.21,7,67.7,2576,False,-7.37,46.98,16.42,20.29,33.54,48.34,57.58,24.1706,23.3938,21.0728,18.9704,17.8573,862275,1255,2026-09-04,54.07,14051361.0
NASDAQ:AEHL,AEHL,Antelope Enterprise Holdings Limited,Industrials,Building Products & Equipment,China,NASDAQ,127427065.0,8.17,55.19,49.13,7,67.8,2577,False,-98.03,130.79,-87.17,-92.5,-98.49,-99.76,-99.92,63.6912,108.8952,539.28,3345.5263,10391.8114,26787721,1255,2026-09-04,52.49,15596948.0
NYSE:DXYZ,DXYZ,Destiny Tech100 Inc.,Financial Services,Asset Management,United States,NYSE,996227213.0,32.7,55.2,54.02,7,67.8,2578,True,-54.1,57.06,4.6,8.56,-0.93,,,31.2614,30.1227,33.0059,,,44103000,614,2026-09-04,53.76,30465664.0
NASDAQ:EMPD,EMPD,Empery Digital Inc.,Consumer Cyclical,Auto Manufacturers,United States,NASDAQ,92482265.0,3.29,55.2,51.91,7,67.8,2579,False,-58.88,30.56,-20.89,-30.92,-77.47,-99.99,-100.0,4.1585,4.7628,14.6012,38943.1888,491544.5344,1493908,1234,2026-09-04,59.02,28110111.0
NASDAQ:ANNA,ANNA,"AleAnna, Inc.",Energy,Oil & Gas E&P,United States,NASDAQ,122820000.0,3.0,55.22,52.06,7,67.9,2580,False,-70.7,29.87,-11.87,-14.4,-51.26,-61.07,-64.01,3.404,3.5047,6.1552,7.7061,8.3356,605114,1139,2026-09-04,60.45,40940000.0
NYSE:AAUC,AAUC,Allied Gold Corporation,Basic Materials,Gold,Canada,NYSE,2989061233.0,23.62,55.23,53.21,7,67.9,2581,False,-26.21,61.12,-10.41,-3.25,36.61,,,26.365,24.4136,17.2907,,,12285291,516,2026-09-04,58.16,126547893.0
NYSE:FIGS,FIGS,"FIGS, Inc.",Consumer Cyclical,Apparel Manufacturing,United States,NYSE,2289371285.0,14.42,55.25,57.54,7,67.9,2582,False,-15.77,119.48,15.2,25.43,69.42,89.42,88.94,12.5169,11.4968,8.5112,7.6128,7.6321,34549878,1255,2026-09-04,66.27,158763612.0
NYSE:AVBC,AVBC,"Avidia Bancorp, Inc.",Financial Services,Banks - Regional,United States,NYSE,410223030.0,22.09,55.27,55.79,7,68.0,2583,True,-1.16,54.95,14.87,20.33,,,,19.2312,18.3584,,,,3883560,276,2026-09-04,54.67,18570531.0
NYSE:NRGV,NRGV,"Energy Vault Holdings, Inc.",Utilities,Utilities - Renewable,United States,NYSE,695958797.0,3.84,55.28,52.81,7,68.0,2584,False,-40.83,116.95,-6.08,-1.5,47.94,66.45,51.31,4.0887,3.8983,2.5957,2.307,2.5378,16124026,1255,2026-09-04,54.37,181239270.0
NASDAQ:CTNM,CTNM,"Contineum Therapeutics, Inc.",Healthcare,Biotechnology,United States,NASDAQ,550409154.0,16.7,55.29,55.8,7,68.0,2585,False,-4.95,82.12,23.62,27.69,45.22,,,13.5088,13.079,11.4998,,,8770542,607,2026-09-04,63.36,32958632.0
NASDAQ:DBX,DBX,"Dropbox, Inc.",Technology,Software - Infrastructure,United States,NASDAQ,5504442015.0,34.83,55.29,57.3,7,68.0,2586,False,-3.06,57.89,25.92,23.81,24.35,27.78,32.99,27.6606,28.132,28.0085,27.2569,26.1907,127314799,1255,2026-09-04,61.33,158037382.0
NASDAQ:SYM,SYM,Symbotic Inc.,Industrials,Specialty Industrial Machinery,United States,NASDAQ,5462629748.0,42.94,55.29,52.07,7,68.0,2587,False,-50.81,12.35,-18.25,-21.47,0.68,3.06,15.58,52.5238,54.6767,42.6508,41.6659,37.1519,62879174,1255,2026-09-04,51.3,127215411.0
NASDAQ:QCRH,QCRH,"QCR Holdings, Inc.",Financial Services,Banks - Regional,United States,NASDAQ,1680754751.0,102.69,55.3,55.38,7,68.1,2588,False,-3.66,53.64,12.68,16.88,26.1,40.17,53.58,91.1375,87.8561,81.4355,73.262,66.8621,13658063,1255,2026-09-04,55.94,16367268.0
NASDAQ:GERN,GERN,Geron Corporation,Healthcare,Biotechnology,United States,NASDAQ,1007187929.0,1.57,55.32,54.72,7,68.1,2589,True,-19.49,46.73,9.19,11.95,-20.37,-32.08,-34.71,1.4378,1.4025,1.9717,2.3116,2.4046,14771515,1255,2026-09-04,50.75,641520974.0
NASDAQ:NUAI,NUAI,"New Era Energy & Digital, Inc.",Technology,Software - Infrastructure,United States,NASDAQ,547983920.0,5.41,55.32,53.38,7,68.1,2590,False,-32.88,1544.38,12.99,22.51,25.99,-16.36,-26.86,4.7881,4.4159,4.2939,6.4681,7.3972,28857066,1170,2026-09-04,53.41,101290928.0
NASDAQ:HSIC,HSIC,"Henry Schein, Inc.",Healthcare,Medical Distribution,United States,NASDAQ,10230863946.0,89.81,55.33,57.07,7,68.2,2591,False,-1.16,44.78,13.56,17.3,21.66,22.97,20.94,79.0843,76.5631,73.8189,73.0339,74.257,83519527,1255,2026-09-04,61.5,113916757.0
NASDAQ:SKYA,SKYA,"SkyAI, Inc.",Technology,Software - Infrastructure,United States,NASDAQ,58404592.0,1.38,55.34,53.62,7,68.2,2592,False,-87.15,45.26,-21.8,-48.1,-99.29,-99.85,-99.95,1.7648,2.6592,195.0189,950.3682,2570.4731,590484,1102,2026-09-04,58.5,42322168.0
NASDAQ:HVII,HVII,Hennessy Capital Investment Corp. VII,Financial Services,Shell Companies,United States,NASDAQ,190402300.0,9.67,55.35,52.19,7,68.2,2593,True,-11.28,51.45,-5.53,-5.74,,,,10.2364,10.2586,,,,1548429,397,2026-09-04,42.02,19690000.0
NYSE:KNX,KNX,Knight-Swift Transportation Holdings Inc.,Industrials,Trucking,United States,NYSE,11716804440.0,71.99,55.35,52.56,7,68.2,2594,False,-12.43,87.15,14.31,22.48,35.23,37.56,37.54,62.9757,58.7777,53.2363,52.3352,52.3401,196939614,1255,2026-09-04,48.64,162756000.0
NYSE:MSA,MSA,MSA Safety Incorporated,Industrials,Security & Protection Services,United States,NYSE,7284205553.0,188.69,55.36,57.35,7,68.3,2595,True,-6.29,24.44,8.69,9.84,12.85,12.08,17.97,173.5999,171.7889,167.1969,168.3478,159.9476,43006288,1255,2026-09-04,53.06,38604089.0
NYSE:EPAC,EPAC,Enerpac Tool Group Corp.,Industrials,Specialty Industrial Machinery,United States,NYSE,1924621930.0,37.34,55.37,54.69,7,68.3,2596,False,-13.66,13.39,0.38,-1.69,-7.82,-1.99,7.4,37.1994,37.9809,40.5056,38.0962,34.7658,11023417,1255,2026-09-04,51.72,51543169.0
NASDAQ:PPTA,PPTA,Perpetua Resources Corp.,Basic Materials,Other Precious Metals & Mining,United States,NASDAQ,3138621080.0,25.09,55.37,54.9,7,68.3,2597,False,-32.59,50.15,-5.64,-2.07,32.84,77.61,119.55,26.59,25.6207,18.8873,14.1268,11.428,28398337,1255,2026-09-04,55.2,125094503.0
NYSE:RNR,RNR,RenaissanceRe Holdings Ltd.,Financial Services,Insurance - Reinsurance,Bermuda,NYSE,13727914409.0,330.38,55.37,55.58,7,68.3,2598,False,-2.25,43.05,11.01,14.64,23.1,31.71,41.53,297.6142,288.1973,268.3726,250.8425,233.4341,78574127,1255,2026-09-04,66.12,41551893.0
NYSE:OII,OII,"Oceaneering International, Inc.",Energy,Oil & Gas Equipment & Services,United States,NYSE,5115823753.0,51.4,55.38,57.12,7,68.4,2599,False,-5.01,131.53,40.73,51.57,80.23,92.49,112.3,36.5245,33.9117,28.5185,26.7021,24.2114,42685141,1255,2026-09-04,57.13,99529645.0
NASDAQ:BUSE,BUSE,First Busey Corporation,Financial Services,Banks - Regional,United States,NASDAQ,2550590101.0,30.66,55.4,55.96,7,68.5,2600,False,-2.91,43.77,15.92,19.48,27.79,33.9,39.43,26.4488,25.6616,23.9927,22.8978,21.9891,19111978,1255,2026-09-04,55.77,83189501.0
NYSE:CMG,CMG,"Chipotle Mexican Grill, Inc.",Consumer Cyclical,Restaurants,United States,NYSE,46859292480.0,36.96,55.4,55.39,7,68.5,2601,False,-12.75,31.16,6.05,4.06,-17.29,-21.05,-15.49,34.8506,35.5164,44.6855,46.8167,43.7349,517180257,1255,2026-09-04,58.89,1267838000.0
NYSE:FBP,FBP,First BanCorp. New,Financial Services,Banks - Regional,United States,NYSE,4352747315.0,28.51,55.4,56.71,7,68.5,2602,False,-3.32,51.77,21.87,24.99,35.51,48.55,64.21,23.3939,22.8098,21.0384,19.1921,17.3624,30632465,1255,2026-09-04,54.54,152674406.0
NASDAQ:HRZN,HRZN,Horizon Technology Finance Corporation,Financial Services,Asset Management,United States,NASDAQ,330383777.0,4.84,55.4,55.69,7,68.5,2603,False,-19.09,34.45,1.45,-0.93,-15.97,-25.56,-27.27,4.7709,4.8852,5.7599,6.5021,6.6543,3915172,1255,2026-09-04,56.3,68261111.0
NASDAQ:STBA,STBA,"S&T Bancorp, Inc.",Financial Services,Banks - Regional,United States,NASDAQ,1785816359.0,50.64,55.4,55.36,7,68.5,2604,False,-4.4,51.09,15.02,19.29,27.77,39.95,48.35,44.0287,42.4499,39.6349,36.1838,34.1345,10716154,1255,2026-09-04,49.64,35264936.0
NASDAQ:TROO,TROO,"TROOPS, Inc.",Financial Services,Credit Services,Hong Kong,NASDAQ,273638772.0,2.24,55.4,52.16,7,68.5,2605,False,-55.38,119.61,-18.52,-8.67,14.69,2.86,-6.05,2.7491,2.4527,1.953,2.1776,2.3843,806460,1255,2026-09-04,52.77,122160166.0
NYSE:EQNR,EQNR,Equinor ASA,Energy,Oil & Gas Integrated,Norway,NYSE,100007373465.0,42.09,55.41,56.86,7,68.6,2606,False,-4.84,94.14,28.05,36.38,58.09,63.26,67.09,32.8694,30.8619,26.6245,25.7804,25.1896,102820641,1255,2026-09-04,58.82,2376036433.0
NASDAQ:NATH,NATH,"Nathan's Famous, Inc.",Consumer Cyclical,Restaurants,United States,NASDAQ,403994941.0,98.67,55.41,51.63,7,68.6,2607,False,-8.6,10.88,0.42,-0.47,5.27,17.53,24.74,98.2613,99.1369,93.7278,83.9507,79.1033,2456119,1255,2026-09-04,50.8,4094405.0
NASDAQ:FRBA,FRBA,First Bank,Financial Services,Banks - Regional,United States,NASDAQ,459930804.0,18.35,55.44,55.44,7,68.6,2608,False,-3.52,27.21,10.92,12.16,19.13,27.72,33.56,16.5433,16.3602,15.4029,14.3674,13.7394,1871629,1255,2026-09-04,50.96,25064349.0
NASDAQ:CBNK,CBNK,"Capital Bancorp, Inc.",Financial Services,Banks - Regional,United States,NASDAQ,602377870.0,36.98,55.45,55.98,7,68.7,2609,False,-2.38,40.53,16.61,18.06,22.56,37.39,47.34,31.7122,31.324,30.1735,26.9167,25.0984,1787533,1255,2026-09-04,51.46,16289288.0
NYSE:PDCC,PDCC,Pearl Diver Credit Company Inc.,Financial Services,Asset Management,United Kingdom,NYSE,61682617.0,9.025,55.45,50.57,7,68.7,2610,True,-38.32,6.44,-14.36,-19.84,-30.38,,,10.5382,11.259,12.9632,,,26492,536,2026-09-04,42.63,6834639.0
NASDAQ:RUM,RUM,RUM Group Inc.,Communication Services,Internet Content & Information,United States,NASDAQ,2371397850.0,8.6,55.45,56.55,7,68.7,2611,False,-15.93,84.15,29.78,27.78,13.94,22.36,12.81,6.6268,6.7305,7.5481,7.0282,7.6237,39842712,1255,2026-09-04,61.31,275743936.0
NYSE:BP,BP,BP p.l.c.,Energy,Oil & Gas Integrated,United Kingdom,NYSE,112816455289.0,43.81,55.46,54.77,7,68.8,2612,True,-5.82,40.53,9.77,13.82,30.45,32.96,36.61,39.9089,38.4904,33.5849,32.9501,32.0698,390081272,1255,2026-09-04,54.27,2575130228.0
NASDAQ:CBFV,CBFV,"CB Financial Services, Inc.",Financial Services,Banks - Regional,United States,NASDAQ,191024469.0,37.6,55.46,54.61,7,68.8,2613,False,-1.11,21.89,6.67,8.73,20.58,35.79,47.57,35.2486,34.5807,31.1817,27.69,25.4796,177922,1255,2026-09-04,55.21,5080438.0
AMEX:GAU,GAU,Galiano Gold Inc.,Basic Materials,Gold,Canada,AMEX,592955244.0,2.27,55.46,55.35,7,68.8,2614,False,-36.41,31.98,-6.04,-6.57,18.24,36.37,63.26,2.4158,2.4297,1.9198,1.6646,1.3905,6624787,1255,2026-09-04,61.19,261213764.0
NASDAQ:LEGH,LEGH,Legacy Housing Corporation,Consumer Cyclical,Residential Construction,United States,NASDAQ,675635284.0,28.41,55.46,56.79,7,68.8,2615,False,-3.14,51.2,24.26,22.56,17.83,19.93,24.74,22.8639,23.18,24.1115,23.6892,22.7754,2470702,1255,2026-09-04,49.21,23781601.0
AMEX:OPHC,OPHC,"OptimumBank Holdings, Inc.",Financial Services,Banks - Regional,United States,AMEX,110169900.0,8.98,55.46,59.04,7,68.8,2616,False,-11.09,129.67,57.55,67.2,81.64,93.53,104.4,5.6997,5.3707,4.9439,4.6401,4.3933,1400947,1255,2026-09-04,55.3,12268363.0
NASDAQ:CMCSA,CMCSA,Comcast Corporation,Communication Services,Telecom Services,United States,NASDAQ,93753201325.0,26.49,55.47,56.01,7,68.9,2617,False,-16.37,20.85,0.24,-0.3,-10.36,-15.91,-15.8,26.4261,26.5697,29.5509,31.5018,31.4606,536135739,1255,2026-09-04,57.23,3539192198.0
NASDAQ:CRVL,CRVL,CorVel Corp.,Financial Services,Insurance Brokers,United States,NASDAQ,3480348096.0,68.23,55.49,57.06,7,68.9,2618,False,-24.47,48.33,11.25,5.69,-20.55,-18.84,-12.46,61.3296,64.5538,85.8766,84.0719,77.9376,10842732,1255,2026-09-04,57.53,51009059.0
NASDAQ:RANI,RANI,"Rani Therapeutics Holdings, Inc.",Healthcare,Biotechnology,United States,NASDAQ,97216616.0,0.865,55.49,53.97,7,68.9,2619,True,-69.65,88.86,-19.86,-20.92,-29.93,-56.54,-71.07,1.0794,1.0938,1.2344,1.9905,2.9897,575995,1255,2026-09-04,53.42,112389152.0
NASDAQ:CCBG,CCBG,Capital City Bank Group,Financial Services,Banks - Regional,United States,NASDAQ,887153316.0,51.84,55.51,55.5,7,69.0,2620,False,-1.89,35.75,13.69,16.21,28.53,44.18,51.06,45.5967,44.6092,40.3328,35.9553,34.3166,3103916,1255,2026-09-04,52.44,17113297.0
NASDAQ:MPB,MPB,Mid Penn Bancorp,Financial Services,Banks - Regional,United States,NASDAQ,946993656.0,37.4,55.51,56.01,7,69.0,2621,False,-2.68,43.86,13.26,16.68,25.52,40.13,43.1,33.0222,32.0541,29.7959,26.6891,26.1348,3506414,1255,2026-09-04,52.36,25320686.0
NASDAQ:OPBK,OPBK,OP Bancorp,Financial Services,Banks - Regional,United States,NASDAQ,230264935.0,15.46,55.51,54.83,7,69.0,2622,False,-3.47,26.29,9.83,11.13,15.38,29.15,38.26,14.0762,13.9118,13.3988,11.9703,11.1822,751688,1255,2026-09-04,52.64,14894239.0
NASDAQ:NGNE,NGNE,Neurogene Inc.,Healthcare,Biotechnology,United States,NASDAQ,770082120.0,38.6,55.52,55.5,7,69.0,2623,True,-9.9,135.8,47.71,48.91,53.54,46.99,67.21,26.1317,25.9219,25.1398,26.2594,23.0847,8709199,1255,2026-09-04,52.35,19950314.0
NASDAQ:BVS,BVS,Bioventus Inc.,Healthcare,Medical Devices,United States,NASDAQ,953215035.0,14.07,55.53,57.52,7,69.0,2624,False,-7.8,116.13,44.98,53.88,52.91,79.34,109.5,9.7046,9.1437,9.2012,7.8455,6.716,8369957,1255,2026-09-04,60.17,67748048.0
NASDAQ:PEBK,PEBK,"Peoples Bancorp of North Carolina, Inc.",Financial Services,Banks - Regional,United States,NASDAQ,234883374.0,44.14,55.53,54.86,7,69.0,2625,True,-1.98,60.67,12.35,18.29,36.92,47.48,55.74,39.2874,37.3161,32.2369,29.9303,28.3418,1501590,1255,2026-09-04,48.78,5321327.0
NYSE:EPC,EPC,Edgewell Personal Care Company,Consumer Defensive,Household & Personal Products,United States,NYSE,1330367882.0,28.87,55.55,56.28,7,69.1,2626,False,-2.66,84.09,32.57,35.4,13.51,0.12,-7.24,21.7769,21.3216,25.4331,28.8351,31.1247,13902345,1255,2026-09-04,52.77,46081326.0
NASDAQ:RIOT,RIOT,"Riot Platforms, Inc.",Financial Services,Capital Markets,United States,NASDAQ,8243696814.0,21.8,55.55,52.61,7,69.1,2627,False,-24.02,84.28,16.85,16.87,51.05,63.32,78.28,18.6565,18.6525,14.4319,13.3481,12.2279,431304397,1255,2026-09-04,53.34,378151230.0
NASDAQ:MEOH,MEOH,Methanex Corporation,Basic Materials,Chemicals,Canada,NASDAQ,4542829523.0,58.72,55.57,54.97,7,69.2,2628,False,-10.36,75.36,13.11,20.22,34.84,34.42,37.96,51.9121,48.8453,43.5494,43.6824,42.5635,33877435,1255,2026-09-04,57.95,77364263.0
NASDAQ:ULH,ULH,"Universal Logistics Holdings, Inc.",Industrials,Trucking,United States,NASDAQ,501287826.0,19.01,55.57,55.38,7,69.2,2629,False,-23.7,58.0,12.79,9.01,-24.44,-30.71,-32.15,16.8541,17.4384,25.1602,27.4352,28.0171,782955,1255,2026-09-04,52.0,26369691.0
NYSE:BHC,BHC,Bausch Health Companies Inc.,Healthcare,Drug Manufacturers - Specialty & Generic,Canada,NYSE,2453378080.0,6.56,55.58,56.65,7,69.2,2630,False,-16.96,48.08,12.04,9.27,1.83,-4.08,-6.78,5.8549,6.0033,6.442,6.8389,7.0369,18305558,1255,2026-09-04,60.43,373990561.0
NASDAQ:GLNG,GLNG,Golar LNG Limited,Energy,Oil & Gas Midstream,Bermuda,NASDAQ,5304761352.0,52.12,55.62,54.85,7,69.2,2631,True,-8.24,49.78,11.15,15.25,25.65,46.63,63.5,46.8913,45.2235,41.4807,35.5441,31.8767,67150330,1255,2026-09-04,54.9,101779765.0
NYSE:HBB,HBB,Hamilton Beach Brands Holding Company,Consumer Cyclical,"Furnishings, Fixtures & Appliances",United States,NYSE,308767998.0,31.0,55.63,60.12,7,69.2,2632,False,-8.46,132.8,52.62,62.83,63.31,68.79,89.4,20.3121,19.038,18.982,18.3658,16.3674,3113906,1255,2026-09-04,60.43,9960258.0
NYSE:BCH,BCH,Banco De Chile ADS,Financial Services,Banks - Regional,Chile,NYSE,21390366944.0,42.35,55.65,55.28,7,69.3,2633,False,-3.09,53.34,9.64,14.61,38.83,59.21,77.83,38.6259,36.9504,30.504,26.5998,23.8153,11688057,1255,2026-09-04,60.12,505085406.0
NYSE:CNC,CNC,Centene Corporation,Healthcare,Healthcare Plans,United States,NYSE,33117424800.0,67.04,55.67,54.83,7,69.3,2634,False,-2.44,132.45,33.19,42.18,30.11,14.11,7.54,50.3355,47.15,51.5262,58.7514,62.3391,241974942,1255,2026-09-04,59.61,493995000.0
NYSE:NFG,NFG,National Fuel Gas Company,Energy,Oil & Gas Integrated,United States,NYSE,7919157649.0,83.32,55.67,55.08,7,69.3,2635,False,-12.57,10.57,0.47,0.37,8.54,23.19,30.57,82.9283,83.0105,76.7638,67.6363,63.8109,37284863,1255,2026-09-04,57.07,95045099.0
NASDAQ:HNRG,HNRG,Hallador Energy Company,Utilities,Utilities - Independent Power Producers,United States,NASDAQ,782364507.0,16.6,55.68,53.14,7,69.4,2636,True,-30.28,21.17,-6.45,-8.62,6.83,24.75,37.4,17.7436,18.1661,15.5384,13.3068,12.0817,12052030,1255,2026-09-04,51.07,47130392.0
NYSE:NXDT,NXDT,NexPoint Diversified Real Estate Trust,Real Estate,REIT - Diversified,United States,NYSE,282929066.0,5.47,55.68,54.84,7,69.4,2637,True,-5.36,128.19,21.69,30.0,33.87,24.6,2.56,4.495,4.2077,4.086,4.3901,5.3335,1016910,1255,2026-09-04,55.16,51723778.0
NASDAQ:NVCR,NVCR,NovoCure Limited,Healthcare,Medical Devices,Switzerland,NASDAQ,2089038370.0,17.94,55.69,54.55,7,69.4,2638,True,-10.26,78.86,24.99,27.56,8.84,9.58,-38.09,14.3535,14.0641,16.4834,16.371,28.9762,20538059,1255,2026-09-04,53.43,116445840.0
NYSE:BTX,BTX,BlackRock Technology and Private Equity Term Trust Common Shares of Beneficial Interest,Financial Services,Asset Management,United States,NYSE,1043390064.0,8.94,55.7,55.05,7,69.5,2639,False,-3.94,53.38,20.83,24.5,33.76,41.83,48.7,7.3991,7.181,6.6836,6.3034,6.0119,4026077,1255,2026-09-04,51.99,116710298.0
NASDAQ:HURN,HURN,Huron Consulting Group Inc.,Industrials,Consulting Services,United States,NASDAQ,2470356879.0,155.27,55.7,58.18,7,69.5,2640,False,-16.33,72.22,11.4,9.44,14.32,25.31,38.17,139.3763,141.8776,135.8234,123.9104,112.3752,31799305,1255,2026-09-04,59.82,15910072.0
NYSE:KREF,KREF,KKR Real Estate Finance Trust Inc.,Real Estate,REIT - Mortgage,United States,NYSE,491898190.0,7.65,55.7,55.37,7,69.5,2641,True,-13.26,32.49,8.62,5.59,-4.96,-6.43,-9.89,7.043,7.2452,8.0497,8.1757,8.4896,4564777,1255,2026-09-04,52.85,64300417.0
NYSE:LH,LH,Labcorp Holdings Inc.,Healthcare,Diagnostics & Research,United States,NYSE,26445401000.0,326.89,55.74,59.93,7,69.5,2642,False,-3.46,33.88,19.18,19.53,27.85,36.77,43.84,274.2812,273.4853,255.6786,239.0042,227.2587,191878131,1255,2026-09-04,62.39,80900000.0
NASDAQ:RVMD,RVMD,"Revolution Medicines, Inc.",Healthcare,Biotechnology,United States,NASDAQ,44649508949.0,210.02,55.74,57.88,7,69.5,2643,False,-5.03,419.21,56.67,79.53,163.89,228.29,289.0,134.0558,116.9851,79.5874,63.9745,53.9901,370510258,1255,2026-09-04,56.74,212596462.0
NASDAQ:SCYX,SCYX,"SCYNEXIS, Inc.",Healthcare,Drug Manufacturers - Specialty & Generic,United States,NASDAQ,52630744.0,5.3,55.74,54.66,7,69.5,2644,False,-43.86,48.46,-6.99,-9.99,-26.23,-47.08,-56.94,5.6984,5.8883,7.184,10.0159,12.3093,434878,1255,2026-09-04,57.03,9930329.0
NASDAQ:DIBS,DIBS,"1stdibs.com, Inc.",Communication Services,Internet Content & Information,United States,NASDAQ,169954188.0,4.81,55.8,53.76,7,69.6,2645,False,-25.19,88.63,-6.39,1.72,18.61,12.12,8.01,5.1385,4.7286,4.0554,4.2902,4.4534,456707,1255,2026-09-04,57.08,35333511.0
NASDAQ:WLDN,WLDN,"Willdan Group, Inc.",Industrials,Engineering & Construction,United States,NASDAQ,1296187783.0,85.78,55.8,54.93,7,69.6,2646,False,-36.43,28.2,-7.5,-8.16,18.44,51.09,82.53,92.7343,93.4018,72.4225,56.7739,46.9938,19786262,1255,2026-09-04,59.95,15110606.0
NASDAQ:CRMD,CRMD,CorMedix Inc.,Healthcare,Biotechnology,United States,NASDAQ,661349441.0,8.43,55.81,54.27,7,69.7,2647,False,-35.6,34.88,2.12,-5.27,-13.02,7.64,22.26,8.2548,8.8994,9.6914,7.8316,6.8951,11842093,1255,2026-09-04,56.7,78451891.0
NASDAQ:EXOZ,EXOZ,eXoZymes Inc.,Healthcare,Biotechnology,United States,NASDAQ,63577309.0,6.85,55.81,53.06,7,69.7,2648,False,-58.48,55.68,-26.31,-32.61,,,,9.2961,10.1653,,,,27726,453,2026-09-04,55.1,9281359.0
NASDAQ:SPTX,SPTX,"Seaport Therapeutics, Inc.",Healthcare,Biotechnology,United States,NASDAQ,1330769473.0,24.86,55.81,56.25,7,69.7,2649,True,-10.7,63.02,,,,,,,,,,,3042360,88,2026-09-04,53.36,53530550.0
NASDAQ:DOMO,DOMO,"Domo, Inc.",Technology,Software - Application,United States,NASDAQ,169837308.0,3.88,55.82,54.48,7,69.7,2650,False,-78.68,94.0,-21.11,-43.8,-53.43,-54.48,-62.09,4.9179,6.9037,8.3324,8.5237,10.2348,3904004,1255,2026-09-04,52.12,43772502.0
NYSE:HLLY,HLLY,Holley Inc.,Consumer Cyclical,Auto Parts,United States,NYSE,367128036.0,3.05,55.82,55.23,7,69.7,2651,False,-30.52,29.24,-8.06,-7.3,2.32,-10.16,-11.54,3.3174,3.2902,2.9808,3.3949,3.4477,2868687,1255,2026-09-04,58.62,120369848.0
AMEX:ITRG,ITRG,Integra Resources Corp.,Basic Materials,Other Precious Metals & Mining,Canada,AMEX,567764207.0,2.8,55.85,56.04,7,69.8,2652,False,-39.39,37.25,-9.98,-8.85,28.32,60.94,89.52,3.1105,3.0719,2.182,1.7398,1.4774,7340681,1255,2026-09-04,60.85,202772931.0
NYSE:FIRY,FIRY,Firy Inc.,Communication Services,Electronic Gaming & Multimedia,United States,NYSE,123358014.0,10.13,55.86,55.28,7,69.8,2653,True,-18.63,344.3,62.27,57.53,63.57,64.0,22.43,6.2428,6.4306,6.1931,6.1767,8.274,1513155,1255,2026-09-04,52.54,12177494.0
NASDAQ:HYNE,HYNE,"Hoyne Bancorp, Inc.",Financial Services,Banks - Regional,United States,NASDAQ,123841304.0,16.62,55.86,54.92,7,69.8,2654,False,-0.84,21.58,,,,,,,,,,,190481,189,2026-09-04,56.34,7451342.0
NYSE:OWL,OWL,Blue Owl Capital Inc.,Financial Services,Asset Management,United States,NYSE,7940678353.0,11.75,55.87,57.58,7,69.9,2655,False,-33.55,48.93,6.92,-1.48,-23.25,-21.17,-12.99,10.9895,11.9263,15.3099,14.9058,13.5039,222993082,1255,2026-09-04,57.5,675802413.0
NASDAQ:CACC,CACC,Credit Acceptance Corporation,Financial Services,Credit Services,United States,NASDAQ,6325414135.0,604.72,55.88,54.49,7,69.9,2656,True,-7.99,47.12,16.54,18.4,21.71,21.23,23.08,518.892,510.7405,496.8592,498.8133,491.3156,64110274,1255,2026-09-04,54.46,10460071.0
NASDAQ:LIVN,LIVN,LivaNova PLC,Healthcare,Medical Devices,United Kingdom,NASDAQ,4500155433.0,81.92,55.88,54.61,7,69.9,2657,True,-3.99,65.26,17.39,23.21,44.82,48.68,51.66,69.787,66.4862,56.566,55.0967,54.0171,47936121,1255,2026-09-04,53.73,54933538.0
NASDAQ:KROS,KROS,"Keros Therapeutics, Inc.",Healthcare,Biotechnology,United States,NASDAQ,224043595.0,11.32,55.9,54.17,7,69.9,2658,True,-48.17,14.23,-17.09,-19.56,-43.9,-60.98,-65.63,13.6525,14.0733,20.177,29.0097,32.9378,1953008,1255,2026-09-04,53.19,19791837.0
NASDAQ:IFRX,IFRX,InflaRx N.V.,Healthcare,Biotechnology,Germany,NASDAQ,326990147.0,2.22,55.91,55.62,7,70.0,2659,False,-18.98,169.09,47.4,50.24,48.12,40.15,12.42,1.5061,1.4777,1.4988,1.5841,1.9747,2190608,1255,2026-09-04,56.45,147292859.0
NASDAQ:SRCE,SRCE,1st Source Corporation,Financial Services,Banks - Regional,United States,NASDAQ,2099529362.0,87.23,55.92,57.06,7,70.0,2660,False,-3.95,55.17,19.77,24.34,35.13,47.86,57.9,72.8311,70.154,64.5503,58.9943,55.2429,9356121,1255,2026-09-04,52.74,24068891.0
NASDAQ:USAU,USAU,U.S. Gold Corp.,Basic Materials,Gold,United States,NASDAQ,266493782.0,16.15,55.92,54.87,7,70.0,2661,False,-28.54,29.51,-2.38,-1.82,27.07,63.27,90.37,16.5435,16.4487,12.7091,9.8917,8.4833,3224566,1255,2026-09-04,59.37,16501163.0
NASDAQ:CTRN,CTRN,"Citi Trends, Inc.",Consumer Cyclical,Apparel Retail,United States,NASDAQ,592751984.0,71.16,55.94,56.82,8,70.0,2662,False,-6.59,131.49,39.59,49.12,96.66,122.33,141.29,50.977,47.7208,36.1835,32.0065,29.4914,12066367,1255,2026-09-04,50.73,8329848.0
NASDAQ:SAIC,SAIC,Science Applications International Corporation,Technology,Information Technology Services,United States,NASDAQ,5358586808.0,126.75,55.94,57.74,8,70.0,2663,True,-1.71,55.27,22.51,24.26,15.93,12.48,15.43,103.4638,102.0057,109.3314,112.6861,109.8089,62524584,1255,2026-09-04,55.37,42276819.0
NASDAQ:BL,BL,"BlackLine, Inc.",Technology,Software - Application,United States,NASDAQ,1918798595.0,32.71,55.95,55.09,8,70.1,2664,False,-44.4,29.65,-14.28,-20.85,-31.91,-35.34,-38.55,38.1608,41.3288,48.0396,50.591,53.2307,32722013,1255,2026-09-04,58.7,58660917.0
NASDAQ:WERN,WERN,"Werner Enterprises, Inc.",Industrials,Trucking,United States,NASDAQ,2401485326.0,40.04,55.95,52.65,8,70.1,2665,False,-15.33,75.08,13.96,20.0,23.07,17.94,12.05,35.1366,33.3663,32.5332,33.9501,35.7327,31323202,1255,2026-09-04,48.24,59977156.0
NYSE:PSTL,PSTL,"Postal Realty Trust, Inc.",Real Estate,REIT - Office,United States,NYSE,713069000.0,23.69,55.96,54.5,8,70.1,2666,False,-4.15,70.39,18.03,24.91,49.12,62.72,70.38,20.0704,18.9662,15.8864,14.559,13.9043,7039735,1255,2026-09-04,58.91,30100000.0
NASDAQ:TTEK,TTEK,"Tetra Tech, Inc.",Industrials,Engineering & Construction,United States,NASDAQ,9194540040.0,35.91,55.97,58.73,8,70.2,2667,False,-15.19,37.44,9.37,8.77,1.83,1.01,6.05,32.8345,33.0144,35.2633,35.5493,33.8627,93160458,1255,2026-09-04,60.13,256044000.0
NYSE:CMRE,CMRE,Costamare Inc. Common Stock $0.0001 par value,Industrials,Marine Shipping,Monaco,NYSE,1877481482.0,15.55,55.98,53.75,8,70.2,2668,True,-11.86,45.22,-1.91,3.06,19.56,25.67,35.57,15.8527,15.0876,13.0064,12.3739,11.4704,5335421,1255,2026-09-04,53.57,120738359.0
AMEX:VZLA,VZLA,Vizsla Silver Corp.,Basic Materials,Other Industrial Metals & Mining,Canada,AMEX,1404072520.0,4.0,55.98,56.21,8,70.2,2669,False,-41.69,35.14,-1.58,-2.31,23.48,52.31,75.68,4.0642,4.0948,3.2393,2.6262,2.2769,21849280,1160,2026-09-04,62.57,351018130.0
NYSE:EPD,EPD,Enterprise Products Partners L.P.,Energy,Oil & Gas Midstream,United States,NYSE,84247401473.0,38.94,56.01,55.89,8,70.2,2670,False,-1.07,37.34,9.85,13.79,24.15,35.5,46.5,35.4478,34.2222,31.365,28.7379,26.5797,105866018,1255,2026-09-04,59.4,2163518271.0
NASDAQ:RBCAA,RBCAA,"Republic Bancorp, Inc.",Financial Services,Banks - Regional,United States,NASDAQ,1692159638.0,96.8,56.02,56.51,8,70.3,2671,True,-3.82,51.9,23.69,26.68,35.22,52.03,68.46,78.2604,76.4138,71.5886,63.6734,57.4621,9510278,1255,2026-09-04,51.69,17480988.0
NASDAQ:GEMI,GEMI,"Gemini Space Station, Inc.",Financial Services,Capital Markets,United States,NASDAQ,240112108.0,4.68,56.03,53.98,8,70.3,2672,False,-85.61,32.2,-28.44,,,,,6.5399,,,,,12905376,247,2026-09-04,59.0,51306006.0
NYSE:WEX,WEX,WEX Inc.,Technology,Software - Infrastructure,United States,NYSE,6608765189.0,193.91,56.04,58.67,8,70.3,2673,False,-4.6,52.85,22.58,22.8,19.8,11.83,12.01,158.1953,157.9019,161.8559,173.3914,173.1228,99280800,1255,2026-09-04,57.6,34081611.0
NYSE:SYF,SYF,Synchrony Financial,Financial Services,Credit Services,United States,NYSE,26003637533.0,79.92,56.05,55.62,8,70.3,2674,False,-8.54,26.36,7.19,7.87,19.78,40.1,58.59,74.5586,74.0909,66.7211,57.0452,50.3954,252183283,1255,2026-09-04,55.83,325370840.0
NASDAQ:OCFC,OCFC,OceanFirst Financial Corp.,Financial Services,Banks - Regional,United States,NASDAQ,1688022034.0,19.43,56.06,54.25,8,70.4,2675,False,-3.05,16.8,5.0,6.31,11.19,19.37,19.09,18.5051,18.2776,17.4751,16.2769,16.316,17846001,1255,2026-09-04,53.39,86877099.0
NYSE:VNT,VNT,Vontier Corporation,Technology,Scientific & Technical Instruments,United States,NYSE,4688640000.0,33.3,56.06,55.64,8,70.4,2676,False,-23.25,19.98,-3.58,-7.0,-7.62,-7.87,0.26,34.5376,35.8077,36.0464,36.1434,33.215,44573694,1255,2026-09-04,53.98,140800000.0
NYSE:LXFR,LXFR,Luxfer Holdings PLC,Industrials,Specialty Industrial Machinery,United States,NYSE,460526538.0,17.21,56.07,54.32,8,70.4,2677,False,-9.11,52.22,15.67,19.06,30.86,45.01,42.06,14.8785,14.4546,13.1515,11.8685,12.1148,4879975,1255,2026-09-04,54.72,26759241.0
NASDAQ:VERX,VERX,"Vertex, Inc.",Technology,Software - Application,United States,NASDAQ,1096935963.0,13.77,56.07,54.98,8,70.4,2678,False,-46.92,30.15,-5.81,-16.62,-52.14,-52.41,-47.23,14.6197,16.5149,28.7732,28.9359,26.0941,22084644,1255,2026-09-04,56.2,79661290.0
NASDAQ:DSGN,DSGN,"Design Therapeutics, Inc.",Healthcare,Biotechnology,United States,NASDAQ,945598586.0,15.14,56.08,56.68,8,70.5,2679,True,-5.02,173.78,30.05,43.12,97.22,145.15,116.09,11.6417,10.5782,7.6768,6.1758,7.0064,8306944,1255,2026-09-04,54.87,62456974.0
NYSE:PDS,PDS,Precision Drilling Corporation,Energy,Oil & Gas Drilling,Canada,NYSE,1155709748.0,89.92,56.08,55.27,8,70.5,2680,False,-11.81,68.11,7.16,14.63,35.4,36.48,38.97,83.9101,78.4435,66.4113,65.887,64.7027,9446724,1255,2026-09-04,62.32,12852644.0
NASDAQ:SOPH,SOPH,SOPHiA GENETICS SA,Healthcare,Health Information Services,Switzerland,NASDAQ,678712702.0,8.09,56.08,58.8,8,70.5,2681,False,-9.3,159.29,50.55,58.29,90.95,90.75,101.65,5.3738,5.1109,4.2367,4.2411,4.012,4339195,1255,2026-09-04,60.04,83895266.0
NASDAQ:OCUL,OCUL,"Ocular Therapeutix, Inc.",Healthcare,Biotechnology,United States,NASDAQ,2329738209.0,10.64,56.09,56.3,8,70.6,2682,False,-33.95,54.65,6.95,2.94,9.7,27.18,42.87,9.9484,10.3365,9.6994,8.3659,7.4475,28874220,1255,2026-09-04,56.09,218960358.0
NASDAQ:CLGN,CLGN,CollPlant Biotechnologies Ltd.,Healthcare,Biotechnology,Israel,NASDAQ,68069545.0,3.6,56.1,53.61,8,70.6,2683,True,-88.54,31.96,-53.84,-67.64,-83.27,-88.94,-91.76,7.7994,11.125,21.5228,32.5384,43.6987,3985000,1255,2026-09-04,52.53,18908207.0
NASDAQ:ADUS,ADUS,Addus HomeCare Corporation,Healthcare,Medical Care Facilities,United States,NASDAQ,2216628798.0,118.76,56.12,57.66,8,70.6,2684,False,-3.25,34.21,12.45,10.43,6.27,10.18,12.5,105.6144,107.5443,111.749,107.7902,105.5619,23146320,1255,2026-09-04,55.95,18664776.0
NYSE:EIG,EIG,Employers Holdings Inc,Financial Services,Insurance - Specialty,United States,NYSE,891739123.0,49.65,56.12,55.14,8,70.6,2685,False,-3.72,41.93,13.54,15.67,11.46,16.18,20.86,43.7296,42.9255,44.5459,42.7346,41.0811,6915485,1255,2026-09-04,58.93,17960506.0
NASDAQ:ATLX,ATLX,Atlas Lithium Corporation,Basic Materials,Other Industrial Metals & Mining,Brazil,NASDAQ,98204654.0,3.33,56.13,52.23,8,70.7,2686,False,-55.3,30.08,-23.31,-26.29,-36.52,-66.1,-70.51,4.342,4.5175,5.2457,9.8222,11.2917,539518,1255,2026-09-04,54.51,29490887.0
NASDAQ:PLRX,PLRX,"Pliant Therapeutics, Inc.",Healthcare,Biotechnology,United States,NASDAQ,71827489.0,1.16,56.13,54.21,8,70.7,2687,True,-37.97,12.62,-5.34,-11.05,-70.28,-84.47,-89.77,1.2254,1.3041,3.9027,7.4672,11.3398,509030,1255,2026-09-04,52.03,61920249.0
NASDAQ:WDAY,WDAY,"Workday, Inc.",Technology,Software - Application,United States,NASDAQ,39353790000.0,195.79,56.13,58.15,8,70.7,2688,False,-20.95,74.04,22.23,11.59,-7.4,-12.54,-8.62,160.1807,175.4505,211.4409,223.8537,214.259,982337959,1255,2026-09-04,65.21,201000000.0
NYSE:CVEO,CVEO,Civeo Corporation (Canada),Consumer Cyclical,Lodging,United States,NYSE,373604125.0,34.14,56.16,54.12,8,70.7,2689,False,-3.99,71.64,16.52,22.57,33.01,38.78,40.83,29.2989,27.8536,25.6681,24.5995,24.2412,2737557,1255,2026-09-04,53.4,10943296.0
NYSE:CODI,CODI,D/B/A Compass Diversified Holdings Shares of Beneficial Interest,Industrials,Conglomerates,United States,NYSE,878003723.0,11.67,56.17,55.63,8,70.8,2690,True,-8.18,150.97,33.48,39.46,-4.12,-21.52,-25.42,8.7429,8.3677,12.1712,14.8704,15.6476,9091536,1255,2026-09-04,54.16,75235966.0
NYSE:AM,AM,Antero Midstream Corporation,Energy,Oil & Gas Midstream,United States,NYSE,10727632400.0,22.6,56.18,54.72,8,70.8,2691,True,-2.23,36.17,9.66,13.07,27.47,43.8,61.84,20.6083,19.9882,17.7292,15.7161,13.9647,49960887,1255,2026-09-04,54.0,474674000.0
NASDAQ:ELVN,ELVN,"Enliven Therapeutics, Inc.",Healthcare,Biotechnology,United States,NASDAQ,4237718770.0,59.32,56.18,58.34,8,70.8,2692,False,-2.99,291.81,57.63,74.22,112.01,142.74,160.84,37.6336,34.0485,27.9795,24.4373,22.7422,48098866,1255,2026-09-04,57.89,71438280.0
NYSE:COF,COF,Capital One Financial Corporation,Financial Services,Credit Services,United States,NYSE,134721269986.0,219.6,56.19,56.36,8,70.9,2693,False,-13.87,25.68,6.56,5.6,12.65,28.4,44.07,206.0838,207.9546,194.9346,171.0226,152.4257,648430362,1255,2026-09-04,57.64,613484836.0
NYSE:SPOT,SPOT,Spotify Technology S.A.,Communication Services,Internet Content & Information,Sweden,NYSE,111534489688.0,542.43,56.19,56.38,8,70.9,2694,False,-26.55,31.42,6.94,-0.05,-1.08,21.23,48.57,507.2517,542.7238,548.3786,447.4553,365.1127,864840153,1255,2026-09-04,63.79,205620061.0
NASDAQ:FWRD,FWRD,Forward Air Corporation,Industrials,Integrated Freight & Logistics,United States,NASDAQ,565772073.0,17.89,56.21,55.98,8,70.9,2695,False,-40.82,115.28,-7.9,-11.66,-25.62,-40.59,-62.62,19.4238,20.2506,24.0527,30.115,47.8647,9350987,1255,2026-09-04,45.35,31625046.0
NASDAQ:INCY,INCY,Incyte Corporation,Healthcare,Biotechnology,United States,NASDAQ,25691939306.0,126.75,56.24,57.54,8,70.9,2696,False,-2.45,55.22,21.04,24.52,48.06,65.15,67.89,104.7203,101.7925,85.6083,76.7506,75.4971,151151043,1255,2026-09-04,59.35,202697746.0
NYSE:ARW,ARW,"Arrow Electronics, Inc.",Technology,Electronics & Computer Distribution,United States,NYSE,11043398318.0,215.97,56.26,53.9,8,71.0,2697,False,-8.03,112.01,27.47,35.85,55.26,61.61,66.71,169.4249,158.9801,139.1049,133.6374,129.5475,111985133,1255,2026-09-04,51.75,51133946.0
NYSE:GOLD,GOLD,"Gold.com, Inc.",Financial Services,Capital Markets,United States,NYSE,1337971773.0,46.13,56.29,55.42,8,71.0,2698,True,-27.47,96.68,8.13,17.56,38.61,43.01,45.19,42.6623,39.2385,33.2809,32.2568,31.773,26349984,1255,2026-09-04,42.03,29004374.0
NYSE:AMP,AMP,"Ameriprise Financial, Inc.",Financial Services,Asset Management,United States,NYSE,49553504000.0,560.56,56.3,58.24,8,71.0,2699,False,-1.77,31.13,15.6,16.16,13.8,23.23,34.78,484.8971,482.587,492.5661,454.8794,415.9179,210554644,1255,2026-09-04,59.5,88400000.0
NASDAQ:NWL,NWL,Newell Brands Inc.,Consumer Defensive,Household & Personal Products,United States,NASDAQ,2596308687.0,6.11,56.3,56.74,8,71.0,2700,False,-2.83,109.93,40.19,39.08,12.39,4.01,-13.12,4.3582,4.3932,5.4364,5.8746,7.0326,40058879,1255,2026-09-04,55.43,424927772.0
NYSE:CUBI,CUBI,"Customers Bancorp, Inc",Financial Services,Banks - Regional,United States,NYSE,2742199884.0,81.07,56.31,54.89,8,71.1,2701,False,-3.08,33.96,8.18,10.79,28.06,39.58,59.39,74.9402,73.1743,63.3047,58.0819,50.8619,17724782,1255,2026-09-04,51.16,33825088.0
NASDAQ:BMRN,BMRN,BioMarin Pharmaceutical Inc.,Healthcare,Biotechnology,United States,NASDAQ,12859213660.0,66.53,56.32,57.26,8,71.1,2702,True,-5.28,33.94,15.0,16.65,9.68,-4.26,-12.28,57.8511,57.0362,60.6603,69.4898,75.8472,144196173,1255,2026-09-04,55.99,193284438.0
AMEX:UAVS,UAVS,"AgEagle Aerial Systems, Inc.",Technology,Computer Hardware,United States,AMEX,62112947.0,1.06,56.32,56.16,8,71.1,2703,False,-63.32,58.21,2.36,-13.37,-52.16,-96.03,-99.11,1.0356,1.2237,2.2159,26.726,118.973,2586938,1255,2026-09-04,61.15,58597120.0
NASDAQ:ABNB,ABNB,"Airbnb, Inc.",Consumer Cyclical,Travel Services,United States,NASDAQ,76329207419.0,181.94,56.33,59.3,8,71.2,2704,False,-4.49,63.12,30.51,33.7,36.24,33.45,38.76,139.4093,136.0848,133.5418,136.3407,131.1198,949662814,1255,2026-09-04,61.01,419529556.0
AMEX:GRO,GRO,Brazil Potash Corp.,Basic Materials,Other Industrial Metals & Mining,Canada,AMEX,152624338.0,2.49,56.33,55.29,8,71.2,2705,True,-35.99,33.87,-2.46,-1.82,,,,2.5528,2.5363,,,,583951,443,2026-09-04,54.91,61294915.0
NYSE:THC,THC,Tenet Healthcare Corporation,Healthcare,Medical Care Facilities,United States,NYSE,21341560950.0,265.05,56.34,59.47,8,71.2,2706,False,-5.6,64.25,27.28,28.48,48.68,74.48,105.31,208.2471,206.304,178.2681,151.9082,129.1002,199672279,1255,2026-09-04,55.11,80519000.0
NASDAQ:HYPD,HYPD,"Hyperion DeFi, Inc.",Healthcare,Biotechnology,United States,NASDAQ,50020565.0,3.3,56.35,54.76,8,71.2,2707,False,-77.97,41.03,-3.4,-25.74,-60.74,-91.64,-95.93,3.4162,4.4439,8.4064,39.4803,81.0138,1834418,1255,2026-09-04,56.35,15157747.0
NASDAQ:WLTH,WLTH,Wealthfront Corporation,Technology,Software - Application,United States,NASDAQ,1430880449.0,9.58,56.35,53.26,8,71.2,2708,False,-31.33,33.06,,,,,,,,,,,10563897,182,2026-09-04,51.25,149361216.0
AMEX:ROLR,ROLR,"High Roller Technologies, Inc.",Consumer Cyclical,Gambling,United States,AMEX,70201517.0,6.4,56.37,53.54,8,71.3,2709,False,-73.05,363.77,19.27,31.9,,,,5.3662,4.8521,,,,390751,468,2026-09-04,47.7,10968987.0
NASDAQ:PI,PI,"Impinj, Inc.",Technology,Semiconductors,United States,NASDAQ,5272775051.0,172.57,56.38,56.69,8,71.3,2710,False,-28.66,88.93,21.44,13.49,17.76,27.32,35.25,142.1078,152.0609,146.5404,135.5422,127.5958,62417609,1255,2026-09-04,58.71,30554413.0
NASDAQ:COIN,COIN,"Coinbase Global, Inc.",Financial Services,Financial Data & Stock Exchanges,United States,NASDAQ,41138351828.0,184.64,56.4,55.36,8,71.3,2711,False,-52.32,30.87,-4.21,-16.6,-22.62,-14.76,3.54,192.7605,221.3831,238.6299,216.6058,178.3242,1721614529,1255,2026-09-04,60.87,222803032.0
NASDAQ:ELE,ELE,Elemental Royalty Corporation,Basic Materials,Other Precious Metals & Mining,Canada,NASDAQ,1364276406.0,21.19,56.4,57.74,8,71.3,2712,False,-12.3,68.92,16.53,19.32,51.97,76.21,86.88,18.1843,17.7584,13.9431,12.0253,11.3386,6102995,1255,2026-09-04,60.18,64383030.0
NASDAQ:PCVX,PCVX,"Vaxcyte, Inc.",Healthcare,Biotechnology,United States,NASDAQ,8831362231.0,61.16,56.41,56.17,8,71.4,2713,False,-3.38,98.02,13.13,19.78,3.23,0.05,8.37,54.0608,51.0616,59.2491,61.1288,56.436,58378268,1255,2026-09-04,56.46,144397682.0
NYSE:BHVN,BHVN,Biohaven Ltd.,Healthcare,Biotechnology,United States,NYSE,2362301933.0,15.69,56.42,55.8,8,71.4,2714,False,-13.36,101.41,33.94,28.18,-26.68,-41.65,,11.7138,12.2403,21.3997,26.8898,,47530684,991,2026-09-04,57.9,150560990.0
NASDAQ:BKR,BKR,Baker Hughes Company,Energy,Oil & Gas Equipment & Services,United States,NASDAQ,63034803508.0,63.5,56.42,55.72,8,71.4,2715,False,-8.21,45.03,9.21,13.8,33.11,49.87,64.48,58.1449,55.8017,47.7033,42.3702,38.6057,394413827,1255,2026-09-04,57.29,992674071.0
NASDAQ:SBAC,SBAC,SBA Communications Corporation,Real Estate,REIT - Specialty,United States,NASDAQ,20092577940.0,189.44,56.42,53.95,8,71.4,2716,False,-14.23,16.2,-0.55,-0.53,-6.59,-6.58,-11.13,190.4871,190.442,202.8153,202.7918,213.1665,139059936,1255,2026-09-04,60.01,106063017.0
NYSE:DLB,DLB,Dolby Laboratories,Industrials,Specialty Business Services,United States,NYSE,3681470752.0,61.96,56.43,58.45,8,71.5,2717,False,-13.5,28.47,3.7,0.95,-8.44,-12.61,-13.42,59.748,61.3783,67.6717,70.8971,71.5634,56353356,1255,2026-09-04,56.26,59416894.0
NYSE:EGO,EGO,Eldorado Gold Corporation,Basic Materials,Gold,Canada,NYSE,11220060483.0,43.02,56.43,58.29,8,71.5,2718,False,-12.97,73.53,20.01,26.14,65.69,98.23,132.91,35.8462,34.104,25.9641,21.7016,18.4704,122456614,1255,2026-09-04,59.11,260810332.0
NASDAQ:SWIM,SWIM,"Latham Group, Inc.",Industrials,Building Products & Equipment,United States,NASDAQ,833622282.0,7.1,56.43,56.66,8,71.5,2719,False,-13.83,49.16,14.24,9.77,9.15,31.72,43.47,6.2151,6.4681,6.5049,5.39,4.9487,5708319,1255,2026-09-04,51.95,117411589.0
NYSE:EG,EG,"Everest Group, Ltd.",Financial Services,Insurance - Reinsurance,Bermuda,NYSE,14739669000.0,380.87,56.44,55.89,8,71.6,2720,False,-4.47,26.44,11.81,12.22,10.69,8.57,11.04,340.6487,339.4021,344.0867,350.7987,343.0015,102107915,1255,2026-09-04,62.68,38700000.0
NASDAQ:TTGT,TTGT,"TechTarget, Inc.",Technology,Information Technology Services,United States,NASDAQ,292812744.0,4.05,56.44,52.86,8,71.6,2721,True,-41.98,19.12,-10.62,-15.25,-60.41,-76.11,-82.66,4.5312,4.779,10.2307,16.9554,23.3543,1189680,1255,2026-09-04,44.95,72299443.0
NASDAQ:BWIN,BWIN,"The Baldwin Insurance Group, Inc.",Financial Services,Insurance Brokers,United States,NASDAQ,2990375103.0,30.88,56.45,57.72,8,71.6,2722,False,-4.6,87.15,29.51,25.74,-7.2,-2.8,1.53,23.8446,24.5594,33.2764,31.7701,30.4146,29480375,1255,2026-09-04,58.99,96838572.0
NYSE:CVNA,CVNA,Carvana Co.,Consumer Cyclical,Auto & Truck Dealerships,United States,NYSE,53628569020.0,74.59,56.46,55.12,8,71.6,2723,True,-22.05,32.59,2.14,2.93,21.1,61.38,109.76,73.027,72.4686,61.5921,46.2215,35.5595,570819679,1255,2026-09-04,54.42,718978000.0
NYSE:BARK,BARK,"BARK, Inc.",Consumer Cyclical,Specialty Retail,United States,NYSE,97019328.0,10.74,56.47,55.25,8,71.7,2724,True,-42.87,29.4,-9.74,-16.51,-48.44,-51.11,-55.31,11.8987,12.8632,20.8287,21.969,24.0347,498261,1255,2026-09-04,51.21,9033457.0
NYSE:CBAN,CBAN,"Colony Bankcorp, Inc.",Financial Services,Banks - Regional,United States,NYSE,461555989.0,21.75,56.47,55.52,8,71.7,2725,False,-2.33,39.92,10.56,14.52,26.01,43.87,56.07,19.6726,18.9925,17.2604,15.1179,13.9361,2701617,1255,2026-09-04,52.0,21220965.0
NYSE:PIPR,PIPR,Piper Sandler Companies,Financial Services,Capital Markets,United States,NYSE,5200200000.0,77.04,56.49,53.59,8,71.7,2726,False,-16.5,10.68,-3.36,-4.1,2.92,18.61,36.43,79.7195,80.3377,74.8562,64.9503,56.4669,36625175,1255,2026-09-04,59.61,67500000.0
NASDAQ:APPN,APPN,Appian Corporation,Technology,Software - Infrastructure,United States,NASDAQ,1624000082.0,38.37,56.5,59.59,8,71.8,2727,False,-15.93,104.97,35.16,31.41,24.96,18.31,9.91,28.3881,29.1995,30.7061,32.4323,34.9103,29838714,1255,2026-09-04,65.76,42324735.0
NYSE:HTH,HTH,Hilltop Holdings Inc.,Financial Services,Financial Conglomerates,United States,NYSE,2247919003.0,39.24,56.5,54.61,8,71.8,2728,False,-1.38,29.17,6.72,9.27,19.43,24.07,28.07,36.7677,35.9104,32.8568,31.6262,30.6399,8136616,1255,2026-09-04,52.78,57286417.0
AMEX:MTA,MTA,Metalla Royalty & Streaming Ltd.,Basic Materials,Other Precious Metals & Mining,Canada,AMEX,963394876.0,10.31,56.5,58.82,8,71.8,2729,False,-9.16,88.48,32.44,37.17,90.35,123.85,123.23,7.7847,7.5164,5.4163,4.6057,4.6186,6160588,1255,2026-09-04,58.43,93442762.0
NASDAQ:OCTV,OCTV,Octave Intelligence plc,Technology,Software - Application,United States,NASDAQ,5042716517.0,19.59,56.52,53.87,8,71.8,2730,False,-21.98,26.39,,,,,,,,,,,48780547,74,2026-09-04,60.44,257412788.0
NYSE:OTF,OTF,Blue Owl Technology Finance Corp.,Financial Services,Asset Management,United States,NYSE,5264868282.0,11.38,56.52,56.31,8,71.8,2731,False,-16.84,15.3,-0.05,-2.54,,,,11.3859,11.6766,,,,29941438,310,2026-09-04,57.91,462642204.0
NASDAQ:TLS,TLS,Telos Corporation,Technology,Software - Infrastructure,United States,NASDAQ,359132040.0,4.8,56.53,54.48,8,71.9,2732,False,-38.14,23.71,1.52,-7.03,13.73,20.05,15.81,4.728,5.1632,4.2204,3.9985,4.1447,2671539,1255,2026-09-04,59.2,74819175.0
NASDAQ:MNPR,MNPR,Monopar Therapeutics Inc.,Healthcare,Biotechnology,United States,NASDAQ,787541729.0,117.56,56.54,57.58,8,71.9,2733,False,-5.07,183.41,56.51,55.51,124.57,227.8,302.25,75.1154,75.5947,52.3482,35.8633,29.2258,22214888,1255,2026-09-04,57.99,6699062.0
NYSE:THG,THG,Hanover Insurance Group Inc,Financial Services,Insurance - Property & Casualty,United States,NYSE,7952242072.0,228.38,56.54,57.51,8,71.9,2734,False,-1.83,37.74,19.96,22.09,32.77,47.84,57.25,190.3839,187.0518,172.0055,154.4815,145.2365,60090586,1255,2026-09-04,63.68,34820221.0
NASDAQ:TVTX,TVTX,"Travere Therapeutics, Inc.",Healthcare,Biotechnology,United States,NASDAQ,6070576838.0,65.28,56.56,58.98,8,72.0,2735,False,-3.32,207.92,53.9,65.78,129.47,201.09,207.35,42.4171,39.3784,28.448,21.6812,21.2393,80534050,1255,2026-09-04,61.75,92992905.0
NYSE:BMY,BMY,Bristol-Myers Squibb Company,Healthcare,Drug Manufacturers - General,United States,NYSE,136494193314.0,66.82,56.57,58.06,8,72.0,2736,False,-1.87,62.15,16.61,22.62,28.93,35.73,29.1,57.303,54.494,51.8264,49.2309,51.7572,537543557,1255,2026-09-04,64.12,2042714656.0
NASDAQ:CLAR,CLAR,Clarus Corporation,Consumer Cyclical,Leisure,United States,NASDAQ,144155572.0,3.75,56.57,57.77,8,72.0,2737,False,-3.15,50.62,17.98,16.34,6.13,-11.98,-30.67,3.1785,3.2233,3.5335,4.2605,5.4089,509270,1255,2026-09-04,60.24,38441486.0
NASDAQ:ARVN,ARVN,"Arvinas, Inc.",Healthcare,Biotechnology,United States,NASDAQ,605854049.0,9.39,56.58,55.97,8,72.0,2738,True,-32.1,34.53,-10.91,-8.38,-25.78,-50.05,-57.91,10.5398,10.2487,12.6522,18.797,22.3098,5397901,1255,2026-09-04,55.21,64521198.0
NYSE:CRD.B,CRD-B,Crawford & Company,Financial Services,Insurance Brokers,United States,NYSE,229060453.0,12.09,56.59,57.26,8,72.1,2739,False,-4.5,35.91,17.16,18.33,17.56,22.65,34.92,10.3191,10.2174,10.284,9.8572,8.961,206428,1255,2026-09-04,58.84,18946274.0
NASDAQ:NBTB,NBTB,NBT Bancorp Inc.,Financial Services,Banks - Regional,United States,NASDAQ,2718574827.0,52.27,56.59,56.31,8,72.1,2740,False,-2.91,37.64,15.53,18.23,20.67,29.56,34.87,45.2438,44.2102,43.3164,40.3431,38.7564,12618926,1255,2026-09-04,51.42,52010232.0
NYSE:AU,AU,AngloGold Ashanti PLC,Basic Materials,Gold,United States,NYSE,55161732362.0,109.07,56.6,58.03,8,72.1,2741,False,-11.93,90.95,16.97,24.18,79.31,131.85,174.81,93.2466,87.8305,60.8262,47.0439,39.6893,312487901,1255,2026-09-04,60.34,505746148.0
NYSE:KRO,KRO,Kronos Worldwide Inc,Basic Materials,Specialty Chemicals,United States,NYSE,969897768.0,8.43,56.6,57.66,8,72.1,2742,False,-4.84,101.36,36.11,40.85,18.91,7.39,6.47,6.1937,5.9851,7.0893,7.8503,7.918,3012398,1255,2026-09-04,56.96,115053116.0
NASDAQ:TMDX,TMDX,"TransMedics Group, Inc.",Healthcare,Medical Devices,United States,NASDAQ,3109790772.0,89.98,56.6,56.34,8,72.1,2743,False,-40.18,45.04,-14.11,-16.36,-13.55,-11.56,-3.21,104.7571,107.5792,104.0784,101.7394,92.9627,61158270,1255,2026-09-04,52.07,34560911.0
NYSE:DDD,DDD,3D Systems Corporation,Technology,Computer Hardware,United States,NYSE,574868713.0,3.46,56.61,55.61,8,72.2,2744,True,-10.82,95.48,35.83,33.76,33.52,9.37,-25.76,2.5473,2.5866,2.5914,3.1637,4.6609,7430810,1255,2026-09-04,51.76,166147027.0
NYSE:VIRT,VIRT,"Virtu Financial, Inc.",Financial Services,Capital Markets,United States,NYSE,5606984089.0,64.43,56.62,56.58,8,72.2,2745,False,-4.8,103.2,36.27,44.58,58.88,92.17,118.34,47.2822,44.563,40.5533,33.5284,29.5094,95864806,1255,2026-09-04,56.04,87024431.0
NYSE:ELV,ELV,"Elevance Health, Inc.",Healthcare,Healthcare Plans,United States,NYSE,88374235675.0,407.5,56.63,55.15,8,72.2,2746,False,-4.52,46.64,14.01,16.23,10.18,0.39,-2.38,357.4223,350.5935,369.8335,405.9233,417.4206,351499686,1255,2026-09-04,62.76,216869290.0
NYSE:MET,MET,"MetLife, Inc.",Financial Services,Insurance - Life,United States,NYSE,62812298366.0,97.62,56.64,57.53,8,72.3,2747,False,-2.33,46.2,20.47,21.52,24.14,32.59,40.18,81.0343,80.3292,78.6343,73.6248,69.6407,268981801,1255,2026-09-04,63.12,643436779.0
NASDAQ:ESCA,ESCA,"Escalade, Incorporated",Consumer Cyclical,Leisure,United States,NASDAQ,287297964.0,20.87,56.66,55.73,8,72.3,2748,False,-7.65,88.01,24.24,32.33,42.42,44.49,54.03,16.7986,15.7707,14.654,14.4441,13.5491,843585,1255,2026-09-04,50.04,13766074.0
NYSE:SD,SD,"SandRidge Energy, Inc.",Energy,Oil & Gas E&P,United States,NYSE,529038651.0,14.33,56.66,54.48,8,72.3,2749,True,-17.74,34.78,-1.95,2.78,17.56,18.0,18.66,14.6147,13.9424,12.1894,12.1436,12.0763,4396371,1255,2026-09-04,56.28,36918259.0
NASDAQ:VRSN,VRSN,"VeriSign, Inc.",Technology,Software - Infrastructure,United States,NASDAQ,26404032000.0,292.08,56.66,55.7,8,72.3,2750,False,-5.5,38.88,12.19,12.05,19.09,28.98,32.76,260.3447,260.6718,245.2617,226.4578,220.0044,196154336,1255,2026-09-04,58.19,90400000.0
NASDAQ:TIPT,TIPT,Tiptree Inc.,Financial Services,Asset Management,United States,NASDAQ,688561905.0,18.49,56.67,55.86,8,72.4,2751,False,-26.46,18.37,5.93,3.46,-4.73,-0.04,7.67,17.4551,17.8711,19.4084,18.4968,17.1724,3783735,1255,2026-09-04,59.2,37239692.0
NASDAQ:FRST,FRST,Primis Financial Corp.,Financial Services,Banks - Regional,United States,NASDAQ,407511812.0,16.38,56.68,55.93,8,72.4,2752,False,-1.74,75.92,16.37,23.17,38.79,46.55,52.93,14.0757,13.2982,11.8023,11.1774,10.7106,2499792,1255,2026-09-04,51.09,24878621.0
NASDAQ:TMCI,TMCI,"Treace Medical Concepts, Inc.",Healthcare,Medical Devices,United States,NASDAQ,312039015.0,4.81,56.68,56.34,8,72.4,2753,False,-35.35,300.83,65.03,33.79,-9.45,-30.54,-56.35,2.9146,3.5952,5.3122,6.9253,11.0185,1573555,1255,2026-09-04,58.84,64872976.0
NASDAQ:WABC,WABC,Westamerica Bancorporation,Financial Services,Banks - Regional,United States,NASDAQ,1366088780.0,59.39,56.68,54.92,8,72.4,2754,False,-4.15,35.82,11.79,14.73,19.33,23.78,26.25,53.1267,51.763,49.7703,47.9789,47.0415,7005925,1255,2026-09-04,53.64,23002000.0
NASDAQ:VABK,VABK,Virginia National Bankshares Corporation,Financial Services,Banks - Regional,United States,NASDAQ,254532760.0,46.94,56.69,56.16,8,72.5,2755,False,-1.27,28.65,12.68,14.64,21.79,32.3,37.62,41.6575,40.9465,38.5403,35.4802,34.1079,227418,1255,2026-09-04,57.06,5422513.0
NYSE:OSK,OSK,Oshkosh Corporation (Holding Company),Industrials,Farm & Heavy Construction Machinery,United States,NYSE,9698079773.0,157.08,56.7,56.02,8,72.5,2756,False,-11.0,33.98,8.6,11.09,28.14,35.6,46.6,144.6388,141.3957,122.5829,115.8396,107.1461,76378953,1255,2026-09-04,55.82,61739749.0
NYSE:BKV,BKV,BKV Corporation,Energy,Oil & Gas E&P,United States,NYSE,2850615083.0,26.06,56.71,53.58,8,72.6,2757,False,-18.97,28.75,-4.95,-1.62,,,,27.418,26.4885,,,,23264186,487,2026-09-04,58.7,109386611.0
NASDAQ:GLBS,GLBS,Globus Maritime Limited,Industrials,Marine Shipping,Greece,NASDAQ,79638691.0,3.69,56.71,58.11,8,72.6,2758,False,-4.16,258.25,65.24,83.71,122.01,108.28,129.23,2.2331,2.0087,1.6621,1.7716,1.6098,716657,1255,2026-09-04,59.82,21582301.0
AMEX:IAUX,IAUX,i-80 Gold Corp.,Basic Materials,Gold,United States,AMEX,1543071551.0,1.79,56.71,57.03,8,72.6,2759,False,-13.94,111.08,14.76,24.62,66.91,53.39,24.08,1.5598,1.4363,1.0724,1.1669,1.4426,20597412,1255,2026-09-04,56.71,862051146.0
NASDAQ:PCTY,PCTY,Paylocity Holding Corporation,Technology,Software - Application,United States,NASDAQ,8152082830.0,152.25,56.72,59.46,8,72.6,2760,False,-12.7,60.09,21.5,15.83,-4.71,-5.25,-11.23,125.3074,131.4468,159.7819,160.6885,171.5188,96540844,1255,2026-09-04,60.68,53544058.0
NASDAQ:FCFS,FCFS,"FirstCash Holdings, Inc.",Financial Services,Credit Services,United States,NASDAQ,9785545516.0,225.62,56.75,55.11,8,72.6,2761,False,-4.57,56.4,15.17,20.69,47.92,63.52,79.98,195.9015,186.9377,152.532,137.9784,125.3562,88875167,1255,2026-09-04,55.63,43371800.0
NASDAQ:ALM,ALM,Almonty Industries Inc.,Basic Materials,Other Industrial Metals & Mining,United States,NASDAQ,4985344287.0,17.57,56.76,55.17,8,72.7,2762,False,-24.98,324.4,17.5,32.92,116.86,206.56,284.45,14.9531,13.2185,8.1022,5.7314,4.5702,109110432,1255,2026-09-04,58.74,283741849.0
NYSE:NVRI,NVRI,Enviri Corporation,Industrials,Waste Management,United States,NYSE,642732762.0,22.87,56.76,55.05,8,72.7,2763,False,-4.15,99.04,16.29,25.9,72.36,97.01,117.51,19.666,18.1652,13.2686,11.6086,10.5144,8448612,1255,2026-09-04,60.12,28103750.0
NASDAQ:ANTX,ANTX,"AN2 Therapeutics, Inc.",Healthcare,Biotechnology,United States,NASDAQ,212135188.0,5.89,56.77,56.98,8,72.7,2764,False,-6.21,471.84,74.22,100.51,185.81,34.55,-0.28,3.3807,2.9375,2.0608,4.3776,5.9065,1269549,1116,2026-09-04,58.53,36016161.0
NYSE:SKM,SKM,"SK Telecom Co., Ltd.",Communication Services,Telecom Services,South Korea,NYSE,14856470554.0,38.7,56.77,55.86,8,72.7,2765,False,-15.87,96.65,24.4,33.16,52.56,64.87,76.07,31.1093,29.0626,25.3679,23.4731,21.9795,73514647,1255,2026-09-04,50.9,383888128.0
NYSE:TSM,TSM,Taiwan Semiconductor Manufacturing Company Ltd.,Technology,Semiconductors,Taiwan,NYSE,2224530568916.0,428.91,56.78,54.01,8,72.8,2766,False,-10.19,78.16,15.35,21.39,56.6,91.23,127.22,371.8297,353.3398,273.8866,224.294,188.7637,3880166824,1255,2026-09-04,49.63,5186474013.0
NYSE:MTG,MTG,MGIC Investment Corporation,Financial Services,Insurance - Specialty,United States,NYSE,6360921288.0,31.01,56.79,59.5,8,72.8,2767,False,-1.46,25.43,12.71,12.98,19.4,31.3,47.56,27.514,27.4462,25.9705,23.617,21.0149,45941156,1255,2026-09-04,65.77,205124840.0
NASDAQ:TASK,TASK,"TaskUs, Inc.",Technology,Information Technology Services,United States,NASDAQ,289074992.0,7.91,56.79,57.81,8,72.8,2768,False,-33.35,73.09,17.45,7.21,-8.12,-6.25,-10.43,6.7346,7.3778,8.6092,8.4377,8.831,3708212,1255,2026-09-04,59.55,36545511.0
NYSE:LAZ,LAZ,"Lazard, Inc.",Financial Services,Capital Markets,United States,NYSE,4385275740.0,45.0,56.81,54.43,8,72.8,2769,False,-19.27,17.66,-1.9,-3.53,-3.15,6.76,15.75,45.8714,46.6487,46.4633,42.1503,38.8759,53861574,1255,2026-09-04,54.23,97450572.0
NYSE:OXY,OXY,Occidental Petroleum Corporation,Energy,Oil & Gas E&P,United States,NYSE,59717867448.0,60.04,56.82,56.55,8,72.9,2770,False,-8.94,55.71,15.14,19.44,25.16,16.41,11.98,52.1437,50.2697,47.9695,51.5763,53.6156,424679598,1255,2026-09-04,60.11,994634701.0
NASDAQ:SENEA,SENEA,Seneca Foods Corp.,Consumer Defensive,Packaged Foods,United States,NASDAQ,1021848489.0,195.71,56.82,58.71,8,72.9,2771,False,-5.59,93.43,34.75,41.57,77.15,112.68,138.19,145.2374,138.2403,110.4798,92.0224,82.1656,17874550,1255,2026-09-04,69.08,5221238.0
NASDAQ:ARQ,ARQ,"Arq, Inc.",Industrials,Pollution & Treatment Controls,United States,NASDAQ,98730393.0,2.3,56.84,53.63,8,72.9,2772,False,-68.92,40.24,-17.2,-35.07,-50.37,-49.56,-42.8,2.7778,3.5425,4.6343,4.5598,4.0209,584899,1255,2026-09-04,55.22,42926258.0
NYSE:BY,BY,"Byline Bancorp, Inc.",Financial Services,Banks - Regional,United States,NYSE,1764149712.0,38.85,56.84,57.12,8,72.9,2773,False,-2.26,53.28,17.04,21.53,31.99,45.14,54.6,33.1928,31.9669,29.4335,26.7682,25.1291,10158223,1255,2026-09-04,55.31,45409259.0
NASDAQ:ETON,ETON,"Eton Pharmaceuticals, Inc.",Healthcare,Drug Manufacturers - Specialty & Generic,United States,NASDAQ,1601083325.0,58.45,56.85,60.14,8,73.0,2774,False,-9.28,307.32,106.72,122.2,194.8,301.86,398.71,28.2755,26.3053,19.8271,14.5447,11.7203,41282266,1255,2026-09-04,60.46,27392358.0
NASDAQ:PKOH,PKOH,Park-Ohio Holdings Corp.,Industrials,Specialty Industrial Machinery,United States,NASDAQ,669226895.0,46.48,56.85,58.1,8,73.0,2775,False,-11.48,151.15,55.22,66.31,83.06,87.37,111.57,29.9445,27.9485,25.3908,24.8066,21.9689,4643426,1255,2026-09-04,51.64,14398169.0
NYSE:CAAP,CAAP,Corporacion America Airports SA,Industrials,Airports & Air Services,Luxembourg,NYSE,3984266278.0,24.41,56.86,53.43,8,73.0,2776,False,-16.42,45.03,-1.96,3.16,15.89,28.65,46.78,24.8981,23.6614,21.0623,18.9741,16.6302,5815566,1255,2026-09-04,55.14,163222707.0
NASDAQ:CADL,CADL,"Candel Therapeutics, Inc.",Healthcare,Biotechnology,United States,NASDAQ,936393654.0,12.78,56.86,58.78,8,73.0,2777,False,-7.05,189.14,72.92,83.63,91.84,126.49,172.3,7.3909,6.9596,6.6617,5.6426,4.6933,15501848,1255,2026-09-04,58.98,73270239.0
NASDAQ:WBD,WBD,"Warner Bros. Discovery, Inc. - Series A",Communication Services,Entertainment,United States,NASDAQ,70826611832.0,28.25,56.87,57.44,8,73.1,2778,False,-5.77,133.28,3.5,10.03,58.45,88.34,95.39,27.2938,25.6744,17.8295,14.9998,14.458,514580150,1255,2026-09-04,59.41,2507136702.0
NYSE:SSB,SSB,SouthState Bank Corporation,Financial Services,Banks - Regional,United States,NYSE,10470943913.0,107.98,56.89,57.04,8,73.1,2779,False,-3.24,28.86,10.83,11.84,13.96,22.73,29.52,97.4289,96.551,94.749,87.9824,83.3669,77399734,1255,2026-09-04,53.85,96971142.0
NASDAQ:GEG,GEG,"Great Elm Group, Inc.",Financial Services,Asset Management,United States,NASDAQ,69612558.0,2.22,56.92,53.13,8,73.1,2780,False,-24.75,22.65,0.25,-2.9,4.67,8.49,7.98,2.2145,2.2864,2.1209,2.0463,2.0558,35557,1255,2026-09-04,53.97,31357008.0
NASDAQ:ITIC,ITIC,Investors Title Company,Financial Services,Insurance - Specialty,United States,NASDAQ,562566168.0,297.97,56.94,57.81,8,73.2,2781,False,-2.47,42.59,17.48,17.53,25.89,43.87,59.22,253.6407,253.525,236.6951,207.1118,187.1416,22048857,1255,2026-09-04,58.89,1887996.0
NASDAQ:LIDR,LIDR,"AEye, Inc.",Technology,Software - Infrastructure,United States,NASDAQ,63451303.0,1.37,56.94,53.29,8,73.2,2782,False,-59.1,34.31,-22.51,-29.72,-13.11,-32.1,-76.66,1.768,1.9493,1.5767,2.0176,5.8699,10975952,1255,2026-09-04,56.94,46314820.0
NYSE:KWY,KWY,Kingsway Corporation,Financial Services,Asset Management,United States,NYSE,295417678.0,10.32,56.96,54.88,8,73.2,2783,False,-36.02,19.86,-8.47,-13.37,-5.63,3.08,8.41,11.275,11.9129,10.9358,10.0119,9.5194,535468,1255,2026-09-04,52.47,28625744.0
NASDAQ:STIM,STIM,"Neuronetics, Inc.",Healthcare,Medical Devices,United States,NASDAQ,200412979.0,2.88,56.97,59.01,8,73.2,2784,True,-21.95,144.07,70.04,50.02,20.55,21.13,7.22,1.6937,1.9197,2.3891,2.3776,2.6861,8934211,1255,2026-09-04,51.4,69587840.0
NYSE:SII,SII,Sprott Inc.,Financial Services,Asset Management,Canada,NYSE,3338844240.0,129.5,56.98,56.32,8,73.3,2785,False,-21.67,92.87,6.25,14.3,58.55,95.31,123.68,121.881,113.3011,81.6792,66.3032,57.8947,24877582,1255,2026-09-04,59.14,25782581.0
NYSE:TFPM,TFPM,Triple Flag Precious Metals Corp.,Basic Materials,Other Precious Metals & Mining,Canada,NYSE,7008004695.0,33.92,56.98,56.88,8,73.3,2786,False,-17.58,26.55,2.45,5.07,31.43,55.28,72.78,33.1104,32.2838,25.8082,21.8442,19.6316,20477915,1008,2026-09-04,60.89,206603912.0
NASDAQ:VERA,VERA,"Vera Therapeutics, Inc.",Healthcare,Biotechnology,United States,NASDAQ,2576288425.0,35.89,56.98,53.57,8,73.3,2787,True,-35.53,50.99,-9.01,-3.17,4.4,9.56,28.48,39.4423,37.0664,34.3778,32.7572,27.9338,66909141,1255,2026-09-04,53.91,71782904.0
NASDAQ:AMPL,AMPL,"Amplitude, Inc.",Technology,Software - Application,United States,NASDAQ,1352349460.0,13.02,56.99,60.45,8,73.3,2788,False,-8.95,132.09,46.78,41.17,29.36,27.28,19.77,8.8703,9.2227,10.0651,10.2291,10.8712,25860601,1240,2026-09-04,63.73,103867086.0
NASDAQ:REPL,REPL,"Replimune Group, Inc.",Healthcare,Biotechnology,United States,NASDAQ,1263752108.0,15.04,57.0,58.53,8,73.4,2789,False,-5.88,784.71,75.0,84.3,62.88,59.25,22.34,8.5945,8.1604,9.2339,9.4442,12.294,47141348,1255,2026-09-04,58.97,84026071.0
NYSE:SPNT,SPNT,SiriusPoint Ltd.,Financial Services,Insurance - Reinsurance,Bermuda,NYSE,2843719592.0,24.48,57.0,54.96,8,73.4,2790,False,-6.96,40.05,9.79,13.72,29.36,47.55,70.91,22.2981,21.5274,18.9236,16.5906,14.3234,13789879,1255,2026-09-04,63.51,116165016.0
NASDAQ:GSBC,GSBC,"Great Southern Bancorp, Inc.",Financial Services,Banks - Regional,United States,NASDAQ,873367787.0,80.24,57.02,56.45,8,73.4,2791,False,-2.17,46.94,17.38,20.95,30.71,39.36,43.59,68.3576,66.3432,61.3862,57.5791,55.8808,7412800,1255,2026-09-04,54.85,10884444.0
NASDAQ:MAKO,MAKO,Mako Mining Corp,Basic Materials,Gold,Canada,NASDAQ,891408106.0,10.18,57.02,58.47,8,73.4,2792,False,-8.04,119.4,37.4,45.62,104.81,157.74,210.21,7.4091,6.9908,4.9705,3.9497,3.2816,2048292,1255,2026-09-04,59.57,87564647.0
NYSE:ANGX,ANGX,"Angel Studios, Inc.",Communication Services,Entertainment,United States,NYSE,594705956.0,4.58,57.04,56.84,8,73.5,2793,False,-71.38,110.09,21.08,,,,,3.7826,,,,,6531599,248,2026-09-04,54.93,129848462.0
NASDAQ:BTBT,BTBT,"Bit Digital, Inc.",Financial Services,Capital Markets,United States,NASDAQ,579576000.0,1.64,57.04,53.84,8,73.5,2794,False,-61.14,35.54,-8.21,-22.02,-36.06,-37.3,-32.76,1.7866,2.1031,2.5651,2.6156,2.4391,49255929,1255,2026-09-04,56.62,353400000.0
NASDAQ:HURC,HURC,"Hurco Companies, Inc.",Industrials,Specialty Industrial Machinery,United States,NASDAQ,148890643.0,22.99,57.04,56.44,8,73.5,2795,False,-1.42,56.61,26.78,27.7,26.03,22.26,15.07,18.1335,18.0033,18.2419,18.8043,19.9789,580886,1255,2026-09-04,55.72,6476322.0
NYSE:LUMN,LUMN,"Lumen Technologies, Inc.",Communication Services,Telecom Services,United States,NYSE,6975205944.0,6.77,57.04,52.33,8,73.5,2796,False,-42.77,42.53,-12.57,-11.89,5.13,38.74,43.86,7.7432,7.6834,6.4398,4.8797,4.706,77121448,1255,2026-09-04,60.2,1030311070.0
NYSE:EFXT,EFXT,Enerflex Ltd,Energy,Oil & Gas Equipment & Services,Canada,NYSE,2717210396.0,22.26,57.06,52.51,8,73.6,2797,False,-21.39,123.26,6.59,17.42,65.91,109.15,135.14,20.8839,18.9573,13.4173,10.643,9.4668,15515115,1255,2026-09-04,56.08,122066954.0
NASDAQ:FIVN,FIVN,"Five9, Inc.",Technology,Software - Infrastructure,United States,NASDAQ,2547283881.0,33.27,57.06,58.88,8,73.6,2798,False,-3.76,144.45,56.48,53.18,25.24,-11.56,-27.49,21.2613,21.719,26.566,37.6176,45.8813,58878247,1255,2026-09-04,61.35,76563988.0
NASDAQ:AROW,AROW,Arrow Financial Corporation,Financial Services,Banks - Regional,United States,NASDAQ,654053282.0,39.57,57.07,54.18,8,73.6,2799,False,-6.17,57.14,12.32,17.63,32.29,44.92,50.54,35.2288,33.6386,29.9125,27.3053,26.2859,3943532,1255,2026-09-04,56.11,16529019.0
NASDAQ:RENT,RENT,"Rent the Runway, Inc.",Consumer Cyclical,Apparel Retail,United States,NASDAQ,127796362.0,3.805,57.1,54.94,8,73.7,2800,False,-59.48,26.41,-24.24,-23.58,-36.86,-56.16,-80.24,5.0223,4.9791,6.026,8.6785,19.2537,138823,1219,2026-09-04,62.21,33586429.0
NYSE:BEN,BEN,"Franklin Templeton, Inc.",Financial Services,Asset Management,United States,NYSE,18046998636.0,34.73,57.11,56.39,8,73.7,2801,False,-2.91,70.35,23.47,28.99,48.81,52.26,53.28,28.1293,26.9253,23.3378,22.8095,22.6575,104584982,1255,2026-09-04,46.58,519637162.0
NASDAQ:OPRX,OPRX,OptimizeRx Corporation,Healthcare,Health Information Services,United States,NASDAQ,147681140.0,7.87,57.11,58.36,8,73.7,2802,False,-63.7,73.35,-5.63,-24.71,-18.57,-22.09,-31.09,8.3394,10.4532,9.6651,10.1012,11.4206,1962958,1255,2026-09-04,59.06,18765075.0
NYSE:BSAC,BSAC,Banco Santander - Chile ADS,Financial Services,Banks - Regional,Chile,NYSE,16804683357.0,35.67,57.12,56.72,8,73.8,2803,False,-1.33,48.29,11.13,15.61,39.57,57.71,73.81,32.0987,30.8548,25.5565,22.6174,20.522,10138377,1255,2026-09-04,59.12,471115317.0
NYSE:GEF.B,GEF-B,"Greif, Inc. Corporation",Consumer Cyclical,Packaging & Containers,United States,NYSE,2320088224.0,108.62,57.12,59.96,8,73.8,2804,False,-2.82,91.13,26.6,35.02,53.15,62.78,64.49,85.7968,80.4497,70.9244,66.7269,66.0325,8397088,1255,2026-09-04,54.03,21359678.0
NYSE:BBT,BBT,Beacon Financial Corporation,Financial Services,Banks - Regional,United States,NYSE,2690391335.0,31.89,57.14,56.64,8,73.8,2805,False,-2.21,44.2,10.49,14.68,20.02,29.6,31.76,28.863,27.8069,26.5715,24.6057,24.203,22863875,1255,2026-09-04,52.96,84364733.0
NYSE:DT,DT,"Dynatrace, Inc.",Technology,Software - Application,United States,NYSE,15127590543.0,51.9,57.14,58.18,8,73.8,2806,False,-4.93,60.38,25.0,20.75,8.55,7.87,11.23,41.5186,42.9796,47.8122,48.1113,46.6603,348266769,1255,2026-09-04,60.44,291475733.0
NASDAQ:SFST,SFST,"Southern First Bancshares, Inc.",Financial Services,Banks - Regional,United States,NASDAQ,602922240.0,63.68,57.14,55.93,8,73.8,2807,False,-1.42,54.75,11.32,16.72,38.51,56.05,60.78,57.2062,54.5585,45.9738,40.8072,39.6072,5736256,1255,2026-09-04,52.81,9468000.0
NYSE:BG,BG,Bunge Limited,Consumer Defensive,Farm Products,United States,NYSE,22806461091.0,118.71,57.15,55.0,8,73.9,2808,False,-9.09,57.84,5.12,10.58,28.02,26.91,28.93,112.9307,107.3561,92.7249,93.5353,92.0755,153890277,1255,2026-09-04,60.13,192119123.0
NASDAQ:IREN,IREN,IREN Limited,Financial Services,Capital Markets,Australia,NASDAQ,15967679154.0,44.68,57.16,53.58,8,73.9,2809,False,-41.53,70.86,-2.15,-4.85,53.91,108.14,163.24,45.6601,46.9556,29.0293,21.4658,16.973,1884229576,1204,2026-09-04,52.29,357378674.0
NASDAQ:SIGA,SIGA,SIGA Technologies Inc.,Healthcare,Drug Manufacturers - Specialty & Generic,United States,NASDAQ,235972279.0,3.29,57.18,50.52,8,73.9,2810,False,-60.31,14.63,-29.14,-36.69,-38.38,-38.01,-37.27,4.6431,5.1966,5.3395,5.3073,5.2446,2291215,1255,2026-09-04,54.16,71724097.0
NASDAQ:CMCO,CMCO,Columbus McKinnon Corporation,Industrials,Farm & Heavy Construction Machinery,United States,NASDAQ,543202397.0,18.84,57.19,56.28,8,74.0,2811,False,-18.12,55.97,12.78,15.32,-6.27,-26.28,-31.42,16.7047,16.3366,20.1006,25.5576,27.471,7304305,1255,2026-09-04,53.34,28832399.0
NYSE:FDS,FDS,FactSet Research Systems Inc.,Financial Services,Financial Data & Stock Exchanges,United States,NYSE,10739371364.0,301.96,57.19,58.31,8,74.0,2812,False,-18.11,61.08,21.98,17.92,-12.68,-18.9,-20.4,247.5578,256.0807,345.7974,372.3265,379.3449,232972843,1255,2026-09-04,65.61,35565543.0
NASDAQ:CEPO,CEPO,"Cantor Equity Partners I, Inc.",Financial Services,Shell Companies,United States,NASDAQ,220477500.0,10.755,57.2,55.15,8,74.0,2813,True,-0.42,21.8,2.09,2.22,,,,10.535,10.521,,,,3681364,417,2026-09-04,56.51,20500000.0
NYSE:TDW,TDW,Tidewater Inc.,Energy,Oil & Gas Equipment & Services,United States,NYSE,4687611258.0,94.26,57.2,58.26,8,74.0,2814,False,-6.31,99.32,28.42,35.99,55.43,39.91,54.68,73.3984,69.3136,60.6451,67.3716,60.9401,56603428,1255,2026-09-04,57.76,49730652.0
NYSE:FCF,FCF,First Commonwealth Financial Corporation,Financial Services,Banks - Regional,United States,NYSE,2157506629.0,21.34,57.22,56.84,8,74.1,2815,False,-2.14,43.81,15.54,18.67,26.38,37.39,45.36,18.4697,17.9824,16.8862,15.5324,14.6805,13974315,1255,2026-09-04,53.74,101101529.0
NYSE:SBR,SBR,Sabine Royalty Trust,Energy,Oil & Gas Midstream,United States,NYSE,1089222865.0,74.71,57.22,55.88,8,74.1,2816,False,-3.65,18.28,4.77,5.08,14.98,22.89,24.95,71.3066,71.0997,64.9787,60.7944,59.791,2194615,1255,2026-09-04,63.22,14579345.0
NASDAQ:SOLS,SOLS,Solstice Advanced Materials Inc.,Basic Materials,Specialty Chemicals,United States,NASDAQ,10123342826.0,63.73,57.22,51.66,8,74.1,2817,False,-27.97,54.31,-6.11,,,,,67.879,,,,,182948767,221,2026-09-04,51.48,158847369.0
NASDAQ:IDCC,IDCC,"InterDigital, Inc.",Technology,Software - Application,United States,NASDAQ,8720882006.0,337.94,57.24,58.17,8,74.1,2818,False,-14.18,35.11,6.34,4.24,29.42,62.42,96.03,317.7797,324.2074,261.1168,208.0715,172.3923,63304663,1255,2026-09-04,56.16,25806007.0
NASDAQ:CARL,CARL,"Carlsmed, Inc.",Healthcare,Health Information Services,United States,NASDAQ,425922791.0,15.6,57.25,59.39,8,74.2,2819,True,-8.18,76.67,28.5,25.66,,,,12.1399,12.4149,,,,2337395,283,2026-09-04,56.56,27302743.0
NASDAQ:HOPE,HOPE,"Hope Bancorp, Inc.",Financial Services,Banks - Regional,United States,NASDAQ,1804992143.0,14.13,57.25,57.18,8,74.2,2820,False,-2.55,48.31,16.75,20.57,26.73,33.41,36.99,12.1031,11.7194,11.1496,10.5918,10.3147,11689879,1255,2026-09-04,53.38,127741836.0
NYSE:UVE,UVE,UNIVERSAL INSURANCE HOLDINGS INC,Financial Services,Insurance - Property & Casualty,United States,NYSE,1228431870.0,44.14,57.25,56.76,8,74.2,2821,False,-2.09,83.5,21.96,27.71,56.65,82.16,108.14,36.193,34.5637,28.1777,24.2312,21.2066,7912373,1255,2026-09-04,62.21,27830355.0
NYSE:USPH,USPH,"U.S. Physical Therapy, Inc.",Healthcare,Medical Care Facilities,United States,NYSE,1207610907.0,79.35,57.26,57.18,8,74.2,2822,False,-12.63,36.29,6.4,4.28,2.46,-2.71,-5.13,74.5765,76.0896,77.4436,81.5627,83.6447,12973935,1255,2026-09-04,54.66,15218789.0
NASDAQ:VYGR,VYGR,"Voyager Therapeutics, Inc.",Healthcare,Biotechnology,United States,NASDAQ,212078717.0,3.51,57.27,54.67,8,74.3,2823,True,-34.15,17.0,-7.05,-10.73,-18.13,-36.52,-43.09,3.7762,3.932,4.2874,5.5294,6.1671,1460224,1255,2026-09-04,51.17,60421287.0
NYSE:XXI,XXI,"Twenty One Capital, Inc.",Consumer Defensive,Education & Training Services,United States,NYSE,2115527800.0,6.1,57.27,55.76,8,74.3,2824,False,-75.21,42.86,-17.86,-38.95,-56.93,,,7.4265,9.9926,14.1643,,,8232469,518,2026-09-04,62.83,346807836.0
NYSE:NRT,NRT,North European Oil Royality Trust,Energy,Oil & Gas E&P,United States,NYSE,82071969.0,8.93,57.3,57.43,8,74.3,2825,False,-3.28,100.43,16.06,25.21,62.08,63.06,38.81,7.6942,7.1322,5.5095,5.4766,6.4335,382325,1255,2026-09-04,62.77,9190590.0
NASDAQ:OBIO,OBIO,"Orchestra BioMed Holdings, Inc.",Healthcare,Biotechnology,United States,NASDAQ,304194032.0,5.08,57.3,58.13,8,74.3,2826,True,-10.25,116.17,18.8,25.18,22.93,2.23,-21.69,4.2761,4.0582,4.1324,4.9693,6.4867,1830060,1255,2026-09-04,48.9,59880715.0
NYSE:TALO,TALO,"Talos Energy, Inc.",Energy,Oil & Gas E&P,United States,NYSE,2811030775.0,16.84,57.3,57.45,8,74.3,2827,False,-5.13,88.58,21.93,29.86,50.85,41.62,28.04,13.8108,12.9678,11.1638,11.891,13.152,28597967,1255,2026-09-04,64.0,166925818.0
NASDAQ:ENTA,ENTA,"Enanta Pharmaceuticals, Inc.",Healthcare,Biotechnology,United States,NASDAQ,409423590.0,14.08,57.31,55.23,8,74.4,2828,True,-16.44,96.37,3.45,9.0,36.53,28.05,-21.33,13.61,12.9171,10.3129,10.9953,17.8981,3163616,1255,2026-09-04,56.58,29078380.0
NASDAQ:PGC,PGC,Peapack-Gladstone Financial Corporation,Financial Services,Banks - Regional,United States,NASDAQ,821778372.0,46.38,57.31,54.8,8,74.4,2829,False,-3.93,88.38,22.12,29.69,41.96,54.61,52.06,37.9793,35.7624,32.6705,29.9975,30.5006,6062937,1255,2026-09-04,53.55,17718378.0
NYSE:SNOW,SNOW,Snowflake Inc.,Technology,Software - Application,United States,NYSE,116866588000.0,337.18,57.32,59.11,8,74.5,2830,False,-5.41,178.41,54.0,50.48,71.97,82.67,89.45,218.947,224.0703,196.0663,184.5813,177.9758,1734455876,1255,2026-09-04,66.17,346600000.0
NASDAQ:EXLS,EXLS,"ExlService Holdings, Inc.",Technology,Information Technology Services,United States,NASDAQ,5596438763.0,36.63,57.33,59.7,8,74.5,2831,False,-18.56,45.24,9.37,4.13,-8.02,-0.22,2.68,33.4918,35.1763,39.8241,36.7124,35.6728,72599183,1255,2026-09-04,62.85,152782931.0
NASDAQ:CHKP,CHKP,Check Point Software Technologies Ltd.,Technology,Software - Infrastructure,Israel,NASDAQ,13992891890.0,137.05,57.34,55.11,8,74.5,2832,False,-33.76,21.85,-9.16,-14.64,-24.93,-21.05,-15.21,150.8735,160.5551,182.5695,173.5882,161.628,118333148,1255,2026-09-04,57.98,102100634.0
NYSE:LTC,LTC,"LTC Properties, Inc.",Real Estate,REIT - Healthcare Facilities,United States,NYSE,2109187802.0,41.21,57.34,56.74,8,74.5,2833,False,-2.85,28.22,10.94,13.09,19.51,27.22,31.05,37.1462,36.439,34.4815,32.3935,31.4461,19695368,1255,2026-09-04,64.67,51181456.0
NYSE:PARR,PARR,"Par Pacific Holdings, Inc.",Energy,Oil & Gas Refining & Marketing,United States,NYSE,4077732606.0,81.32,57.34,56.96,8,74.5,2834,False,-5.47,147.78,45.18,55.91,125.5,134.78,152.95,56.0113,52.1584,36.0623,34.6374,32.1485,70090747,1255,2026-09-04,58.65,50144277.0
NYSE:BXC,BXC,Bluelinx Holdings Inc.,Industrials,Industrial Distribution,United States,NYSE,636677735.0,81.81,57.35,58.23,8,74.6,2835,False,-10.5,80.44,31.21,27.56,5.52,-4.38,-2.09,62.3505,64.1355,77.5289,85.5618,83.5529,12345083,1255,2026-09-04,50.61,7782395.0
NASDAQ:EZPW,EZPW,"EZCORP, Inc. - Class A Non-Voting",Financial Services,Credit Services,United States,NASDAQ,1948327224.0,33.32,57.37,55.38,8,74.6,2836,False,-6.38,99.16,21.42,30.68,71.72,106.14,132.81,27.4424,25.4969,19.4039,16.164,14.3123,34902353,1255,2026-09-04,57.29,58473206.0
NASDAQ:SPRB,SPRB,"Spruce Biosciences, Inc.",Healthcare,Biotechnology,United States,NASDAQ,159439465.0,57.93,57.39,57.04,8,74.7,2837,True,-68.27,647.48,-8.97,-14.37,-93.08,-98.43,-98.95,63.6388,67.6511,836.9961,3684.7162,5515.6298,4422337,1255,2026-09-04,57.03,2752278.0
NYSE:WHD,WHD,"Cactus, Inc.",Energy,Oil & Gas Equipment & Services,United States,NYSE,4885461383.0,70.16,57.39,58.81,8,74.7,2838,False,-4.64,112.26,28.95,36.7,37.29,40.15,44.34,54.4107,51.3253,51.1031,50.0615,48.608,51049670,1255,2026-09-04,62.6,69633144.0
NYSE:UMC,UMC,United Microelectronics Corporation (NEW),Technology,Semiconductors,Taiwan,NYSE,52089261207.0,20.77,57.4,53.76,8,74.7,2839,True,-24.54,212.65,47.33,63.9,114.72,136.34,155.42,14.0976,12.6726,9.6733,8.7882,8.1317,203238984,1255,2026-09-04,51.59,2507908580.0
NYSE:NPK,NPK,"National Presto Industries, Inc.",Industrials,Aerospace & Defense,United States,NYSE,1058567872.0,147.72,57.41,58.74,8,74.7,2840,False,-5.79,62.47,15.81,19.39,39.26,55.04,68.41,127.5537,123.7246,106.0741,95.2804,87.7162,14055344,1255,2026-09-04,52.78,7166043.0
AMEX:MINE,MINE,Mayfair Gold Corp.,Basic Materials,Gold,Canada,AMEX,210814877.0,3.14,57.42,57.29,8,74.7,2841,False,-32.33,45.37,,,,,,,,,,,727150,154,2026-09-04,62.72,67138496.0
NYSE:TMO,TMO,Thermo Fisher Scientific Inc,Healthcare,Diagnostics & Research,United States,NYSE,226943489201.0,613.78,57.43,60.02,8,74.8,2842,False,-3.82,40.16,14.63,15.04,18.58,16.86,16.18,535.4391,533.5456,517.6058,525.2242,528.3184,982426512,1255,2026-09-04,60.17,369747286.0
NASDAQ:DGICB,DGICB,"Donegal Group, Inc.",Financial Services,Insurance - Property & Casualty,United States,NASDAQ,138025181.0,24.75,57.46,55.75,8,74.8,2843,False,-6.56,72.86,32.0,37.17,53.02,67.68,73.5,18.7505,18.0438,16.1742,14.7601,14.2651,21829,1255,2026-09-04,56.42,5576775.0
NASDAQ:JKHY,JKHY,"Jack Henry & Associates, Inc.",Technology,Information Technology Services,United States,NASDAQ,11768851199.0,165.64,57.48,58.48,8,74.8,2844,False,-12.98,34.7,4.42,5.21,0.73,2.27,2.21,158.622,157.4387,164.4373,161.9647,162.0568,153036500,1255,2026-09-04,61.72,71050780.0
NASDAQ:SLNG,SLNG,"Stabilis Solutions, Inc.",Energy,Oil & Gas Integrated,United States,NASDAQ,111391843.0,5.99,57.48,58.33,8,74.8,2845,False,-9.1,86.02,30.23,30.63,22.94,28.71,25.88,4.5997,4.5855,4.8723,4.654,4.7585,321259,1255,2026-09-04,57.67,18596301.0
NASDAQ:EDIT,EDIT,"Editas Medicine, Inc.",Healthcare,Biotechnology,United States,NASDAQ,495681737.0,3.23,57.49,55.58,8,74.9,2846,False,-22.17,93.99,23.6,18.02,31.18,-19.54,-40.96,2.6132,2.7368,2.4622,4.0143,5.4712,7873361,1255,2026-09-04,52.64,153461838.0
AMEX:EQX,EQX,Equinox Gold Corp.,Basic Materials,Gold,Canada,AMEX,10109111918.0,12.81,57.49,57.48,8,74.9,2847,False,-31.43,48.91,-3.2,-0.02,34.41,59.53,80.9,13.233,12.8124,9.5308,8.0299,7.0815,154759266,1255,2026-09-04,61.12,789157839.0
NASDAQ:SHBI,SHBI,"Shore Bancshares, Inc.",Financial Services,Banks - Regional,United States,NASDAQ,789628020.0,23.63,57.49,56.45,8,74.9,2848,False,-3.39,59.57,18.77,23.93,41.16,59.88,63.04,19.8959,19.0667,16.7393,14.7797,14.493,3871170,1255,2026-09-04,52.08,33416336.0
NASDAQ:HIFS,HIFS,Hingham Institution for Savings,Financial Services,Banks - Regional,United States,NASDAQ,676731028.0,307.99,57.5,55.62,8,75.0,2849,False,-7.2,22.93,6.16,7.06,14.62,28.97,29.61,290.1251,287.6679,268.6962,238.8026,237.6308,14826983,1255,2026-09-04,50.17,2197250.0
NYSE:VST,VST,Vistra Corp.,Utilities,Utilities - Independent Power Producers,United States,NYSE,50341342472.0,149.3,57.5,52.76,8,75.0,2850,False,-31.2,10.99,-5.19,-9.81,-5.15,20.29,50.89,157.4791,165.5481,157.4074,124.1203,98.946,558367856,1255,2026-09-04,50.94,337182468.0
NASDAQ:CPHC,CPHC,Canterbury Park Holding Corporation,Consumer Cyclical,Resorts & Casinos,United States,NASDAQ,82199331.0,15.96,57.52,54.82,8,75.0,2851,True,-4.82,11.57,2.96,2.25,-6.48,-12.69,-18.25,15.501,15.6091,17.0662,18.2801,19.5234,28502,1255,2026-09-04,54.33,5150334.0
NYSE:SBSI,SBSI,"Southside Bancshares, Inc.",Financial Services,Banks - Regional,United States,NYSE,976748672.0,32.83,57.52,53.12,8,75.0,2852,False,-7.08,30.09,3.72,6.67,10.13,15.26,15.54,31.6524,30.7768,29.8091,28.4826,28.4134,3644808,1255,2026-09-04,52.59,29751711.0
NASDAQ:APXT,APXT,Apex Treasury Corporation,Financial Services,Shell Companies,United States,NASDAQ,349181100.0,10.13,57.54,57.19,8,75.1,2853,False,-0.2,2.63,1.35,,,,,9.9949,,,,,1240069,201,2026-09-04,60.19,34470000.0
NASDAQ:GYRE,GYRE,"Gyre Therapeutics, Inc.",Healthcare,Biotechnology,United States,NASDAQ,764813504.0,6.86,57.56,55.31,8,75.1,2854,False,-22.66,23.38,-3.94,-5.62,-22.53,-35.52,-24.82,7.1416,7.2683,8.8556,10.6387,9.1246,356575,1255,2026-09-04,47.13,111488849.0
NYSE:LB,LB,LandBridge Company LLC Class A Shares Representing Limited Liability Company Interests,Energy,Oil & Gas Equipment & Services,United States,NYSE,2408928485.0,86.53,57.56,57.37,8,75.1,2855,False,-3.41,96.66,28.09,32.17,35.34,,,67.5551,65.4676,63.9366,,,26525929,549,2026-09-04,56.81,27839229.0
NYSE:GDDY,GDDY,GoDaddy Inc.,Technology,Software - Infrastructure,United States,NYSE,13414441600.0,101.31,57.59,56.53,8,75.2,2856,False,-31.95,35.1,5.34,-3.01,-28.04,-23.35,-14.05,96.1769,104.4497,140.79,132.1778,117.8754,173860330,1255,2026-09-04,61.98,132409847.0
NYSE:WENC,WENC,West Enclave Merger Corp.,Financial Services,Shell Companies,Mexico,NYSE,160495830.0,10.0,57.59,57.3,8,75.2,2857,False,-0.1,1.21,,,,,,,,,,,24097,80,2026-09-04,57.59,16049583.0
NYSE:AAMI,AAMI,Acadian Asset Management Inc.,Financial Services,Asset Management,United States,NYSE,3321166178.0,93.58,57.6,59.02,8,75.2,2858,False,-3.83,123.96,44.14,53.12,105.45,150.51,181.64,64.9235,61.1136,45.5491,37.3556,33.2272,34053894,1255,2026-09-04,54.63,35490128.0
NASDAQ:PDLB,PDLB,"Ponce Financial Group, Inc.",Financial Services,Banks - Regional,United States,NASDAQ,501173309.0,20.72,57.6,56.71,8,75.2,2859,False,-0.19,47.79,15.81,20.22,37.42,59.2,72.95,17.8915,17.2355,15.0783,13.015,11.9804,1502638,1255,2026-09-04,54.12,24187901.0
NASDAQ:TSCO,TSCO,Tractor Supply Company,Consumer Cyclical,Specialty Retail,United States,NASDAQ,18350492064.0,34.99,57.62,57.11,8,75.2,2860,True,-40.88,20.91,-15.24,-20.64,-28.15,-26.63,-23.94,41.2796,44.0889,48.701,47.6894,46.0037,352787091,1255,2026-09-04,54.63,524449616.0
NASDAQ:TEM,TEM,"Tempus AI, Inc.",Healthcare,Health Information Services,United States,NASDAQ,11333764288.0,64.62,57.63,57.22,8,75.3,2861,False,-37.41,55.52,14.55,3.81,9.81,,,56.4108,62.2467,58.8445,,,495361195,558,2026-09-04,57.69,175390967.0
NASDAQ:CUB,CUB,Lionheart Holdings,Financial Services,Shell Companies,United States,NASDAQ,233878264.0,10.88,57.64,56.8,8,75.3,2862,False,-0.27,3.62,1.17,1.57,3.87,,,10.7544,10.712,10.4746,,,964124,519,2026-09-04,61.67,21496164.0
NASDAQ:INTG,INTG,The Intergroup Corporation,Consumer Cyclical,Lodging,United States,NASDAQ,77722530.0,36.17,57.64,53.23,8,75.3,2863,False,-26.06,107.63,5.6,10.37,56.35,56.36,28.62,34.2528,32.7705,23.1336,23.1324,28.1206,3581643,1255,2026-09-04,57.61,2148812.0
NYSE:HCI,HCI,"HCI Group, Inc.",Financial Services,Insurance - Property & Casualty,United States,NYSE,2395188573.0,187.64,57.67,57.69,8,75.4,2864,False,-8.2,26.55,11.64,8.99,24.1,45.01,72.64,168.0768,172.1671,151.2062,129.3984,108.6866,26748987,1255,2026-09-04,63.34,12764808.0
NASDAQ:STEP,STEP,StepStone Group Inc.,Financial Services,Asset Management,United States,NASDAQ,4190151144.0,50.92,57.67,56.49,8,75.4,2865,False,-31.11,29.63,-2.35,-5.68,-6.77,6.86,22.25,52.1462,53.9864,54.6167,47.6493,41.6538,48962143,1255,2026-09-04,57.64,82288907.0
NASDAQ:RVSB,RVSB,Riverview Bancorp Inc,Financial Services,Banks - Regional,United States,NASDAQ,107254461.0,5.32,57.68,52.79,8,75.4,2866,False,-12.17,11.59,0.02,0.76,1.28,4.51,1.68,5.3188,5.2798,5.2527,5.0905,5.2323,293084,1255,2026-09-04,51.81,20160613.0
NASDAQ:KARO,KARO,Karooooo Ltd.,Technology,Software - Application,Singapore,NASDAQ,2022893284.0,65.48,57.69,59.32,8,75.4,2867,False,-2.56,61.11,30.51,30.91,40.81,66.19,87.81,50.1712,50.0195,46.5015,39.4005,34.8651,4123573,1255,2026-09-04,59.29,30893300.0
NYSE:EHC,EHC,Encompass Health Corporation,Healthcare,Medical Care Facilities,United States,NYSE,12081455953.0,121.79,57.7,58.89,8,75.5,2868,False,-3.7,30.3,13.87,10.71,13.85,26.54,40.61,106.958,110.0032,106.9711,96.2439,86.6126,107224674,1255,2026-09-04,60.65,99199080.0
NASDAQ:INSM,INSM,Insmed Incorporated,Healthcare,Biotechnology,United States,NASDAQ,27579400014.0,126.29,57.71,56.81,8,75.5,2869,False,-40.26,37.45,-10.32,-13.1,11.13,42.79,77.05,140.8193,145.3333,113.6419,88.4445,71.3305,241484386,1255,2026-09-04,58.38,218381503.0
AMEX:NXB,NXB,NextBoat Inc. Common Stcok,Consumer Cyclical,Auto & Truck Dealerships,United States,AMEX,55247817.0,2.21,57.71,54.24,8,75.5,2870,False,-41.84,17.55,-10.66,,,,,2.4738,,,,,132700,203,2026-09-04,59.36,24999012.0
NASDAQ:CBK,CBK,"Commercial Bancgroup, Inc.",Financial Services,Banks - Regional,United States,NASDAQ,476804196.0,34.8,57.72,57.63,8,75.6,2871,True,-1.81,48.53,22.18,,,,,28.4825,,,,,1384271,233,2026-09-04,50.53,13701270.0
NASDAQ:IMMR,IMMR,Immersion Corporation,Technology,Software - Application,United States,NASDAQ,255909557.0,7.71,57.72,57.53,8,75.6,2872,False,-1.03,44.5,19.25,18.33,9.63,8.45,12.05,6.4655,6.5157,7.033,7.1092,6.8807,2976692,1255,2026-09-04,53.49,33191901.0
AMEX:TMP,TMP,Tompkins Financial Corporation,Financial Services,Banks - Regional,United States,AMEX,1432105851.0,99.57,57.72,57.31,8,75.6,2873,False,-1.62,65.72,19.97,25.72,41.23,59.17,61.16,82.9976,79.1983,70.5003,62.5563,61.7838,10580658,1255,2026-09-04,54.7,14382905.0
NASDAQ:BWB,BWB,"Bridgewater Bancshares, Inc.",Financial Services,Banks - Regional,United States,NASDAQ,609261533.0,21.85,57.73,56.65,8,75.6,2874,False,-2.85,35.8,13.99,16.8,30.76,45.73,48.53,19.1686,18.707,16.7099,14.9936,14.7109,3040216,1255,2026-09-04,53.1,27883823.0
NASDAQ:CHRD,CHRD,Chord Energy Corporation,Energy,Oil & Gas E&P,United States,NASDAQ,8241637399.0,146.39,57.73,57.52,8,75.6,2875,False,-2.67,79.68,23.01,29.09,34.5,21.06,22.0,119.005,113.3979,108.8431,120.9239,119.9954,93118965,1255,2026-09-04,60.6,56299183.0
NYSE:BNED,BNED,"Barnes & Noble Education, Inc",Consumer Cyclical,Specialty Retail,United States,NYSE,440663692.0,12.72,57.74,55.72,8,75.7,2876,False,-6.84,109.16,26.95,29.85,27.26,-57.31,-81.82,10.0198,9.796,9.995,29.7955,69.9498,2764560,1255,2026-09-04,49.92,34643372.0
NYSE:JEF,JEF,Jefferies Financial Group Inc.,Financial Services,Capital Markets,United States,NYSE,10722628350.0,55.23,57.74,54.44,8,75.7,2877,False,-19.13,55.66,4.66,2.76,-2.29,8.21,20.5,52.7711,53.7485,56.5224,51.0386,45.8345,91421041,1255,2026-09-04,53.37,194145000.0
NASDAQ:IDYA,IDYA,"IDEAYA Biosciences, Inc.",Healthcare,Biotechnology,United States,NASDAQ,3837513608.0,39.86,57.75,58.48,8,75.7,2878,False,-6.17,70.41,18.16,22.31,40.68,27.69,42.3,33.7333,32.5906,28.3333,31.2168,28.0122,27991489,1255,2026-09-04,58.56,96274802.0
NASDAQ:ACRV,ACRV,"Acrivon Therapeutics, Inc.",Healthcare,Biotechnology,United States,NASDAQ,91167683.0,2.13,57.76,57.56,8,75.8,2879,True,-29.24,65.12,14.75,14.75,-31.2,-50.47,,1.8561,1.8562,3.0958,4.3005,,734885,954,2026-09-04,54.46,42801729.0
NASDAQ:AMCX,AMCX,AMC Global Media Inc.,Communication Services,Entertainment,United States,NASDAQ,404892434.0,12.48,57.76,59.21,8,75.8,2880,False,-2.88,91.41,36.21,40.47,50.97,25.12,5.66,9.1622,8.8842,8.2668,9.9745,11.811,6154235,1255,2026-09-04,63.78,32443304.0
NYSE:SMC,SMC,Summit Midstream Corporation,Energy,Oil & Gas Midstream,United States,NYSE,472448581.0,34.2,57.77,58.59,8,75.8,2881,False,-2.17,70.74,15.64,22.05,12.8,20.52,34.57,29.5748,28.0206,30.3202,28.3759,25.4152,1803106,1255,2026-09-04,60.12,13814286.0
NASDAQ:HAIN,HAIN,"The Hain Celestial Group, Inc.",Consumer Defensive,Packaged Foods,United States,NASDAQ,67690112.0,0.75,57.78,56.71,8,75.8,2882,False,-65.12,53.06,-8.76,-21.48,-73.13,-84.46,-90.25,0.8221,0.9551,2.7909,4.8268,7.6927,527982,1255,2026-09-04,57.78,90253483.0
NASDAQ:HAFC,HAFC,Hanmi Financial Corporation,Financial Services,Banks - Regional,United States,NASDAQ,950588810.0,32.06,57.79,55.16,8,75.8,2883,False,-2.9,45.08,11.64,15.11,29.53,49.4,56.44,28.7165,27.8511,24.7514,21.4589,20.494,5945030,1255,2026-09-04,54.98,29650306.0
NYSE:NMAX,NMAX,"Newsmax, Inc.",Communication Services,Broadcasting,United States,NYSE,955863929.0,10.63,57.8,58.55,8,75.9,2884,False,-20.14,106.01,37.58,25.63,,,,7.7261,8.4612,,,,13723050,361,2026-09-04,61.09,89921348.0
NASDAQ:KYIV,KYIV,Kyivstar Group Ltd.,Communication Services,Telecom Services,United Arab Emirates,NASDAQ,3257767935.0,14.11,57.81,54.53,8,75.9,2885,False,-12.74,51.23,8.66,9.96,,,,12.985,12.8323,,,,4633785,440,2026-09-04,60.49,230883624.0
NYSE:CION,CION,CION Investment Corporation,Financial Services,Asset Management,United States,NYSE,365452801.0,7.34,57.82,58.45,8,75.9,2886,False,-19.78,25.83,0.75,-2.06,-8.63,-7.78,-1.67,7.2856,7.4941,8.0329,7.9588,7.4647,3240360,1235,2026-09-04,58.65,49789210.0
NASDAQ:TLNC,TLNC,Talon Capital Corp.,Financial Services,Shell Companies,United States,NASDAQ,263723330.0,10.27,57.82,53.73,8,75.9,2887,False,-1.06,3.74,0.72,,,,,10.1966,,,,,127961,229,2026-09-04,57.82,25679000.0
NASDAQ:PGEN,PGEN,"Precigen, Inc.",Healthcare,Biotechnology,United States,NASDAQ,2531227958.0,7.1,57.84,59.1,8,76.0,2888,False,-4.57,129.03,52.88,58.68,139.17,191.41,221.52,4.6441,4.4743,2.9686,2.4364,2.2082,33699209,1255,2026-09-04,58.82,356510980.0
NASDAQ:CTBI,CTBI,"Community Trust Bancorp, Inc.",Financial Services,Banks - Regional,United States,NASDAQ,1412410945.0,77.76,57.86,58.15,8,76.0,2889,False,-2.14,56.32,19.42,24.15,37.51,54.46,66.69,65.1128,62.6336,56.5506,50.3429,46.6488,7437334,1255,2026-09-04,56.26,18163721.0
NASDAQ:UNTY,UNTY,"Unity Bancorp, Inc.",Financial Services,Banks - Regional,United States,NASDAQ,602052484.0,59.96,57.86,56.37,8,76.0,2890,False,-2.73,34.33,10.5,13.03,24.77,46.62,63.47,54.2631,53.0487,48.0563,40.8938,36.6788,3000068,1255,2026-09-04,51.18,10040902.0
NASDAQ:USIO,USIO,"Usio, Inc.",Technology,Software - Infrastructure,United States,NASDAQ,75888984.0,2.75,57.88,59.03,8,76.1,2891,True,-6.46,161.9,68.69,72.68,74.41,71.19,64.91,1.6302,1.5925,1.5767,1.6064,1.6675,1595612,1255,2026-09-04,57.5,27595994.0
NYSE:KGC,KGC,Kinross Gold Corporation,Basic Materials,Gold,Canada,NYSE,36619253156.0,30.87,57.9,58.06,8,76.1,2892,False,-18.59,40.17,5.06,9.12,50.97,96.21,140.3,29.3821,28.2888,20.4472,15.7331,12.8462,256383032,1255,2026-09-04,61.72,1186240789.0
NASDAQ:TANH,TANH,Tantech Holdings Ltd.,Consumer Defensive,Household & Personal Products,China,NASDAQ,325620640.0,22.57,57.91,54.94,8,76.1,2893,False,-80.87,96.35,-30.3,-47.44,-81.92,-97.11,-98.89,32.3814,42.9426,124.8034,782.113,2037.4321,2534763,1255,2026-09-04,51.06,14427144.0
NASDAQ:FSBC,FSBC,Five Star Bancorp,Financial Services,Banks - Regional,United States,NASDAQ,1131790145.0,46.96,57.92,55.25,8,76.2,2894,False,-4.97,54.52,14.99,19.9,38.5,57.11,67.76,40.8383,39.1651,33.9067,29.8891,27.9932,7374749,1255,2026-09-04,53.14,24101153.0
NASDAQ:SLM,SLM,SLM Corporation,Financial Services,Credit Services,United States,NASDAQ,5091040000.0,27.08,57.92,57.35,8,76.2,2895,True,-11.02,47.07,11.71,9.23,3.66,15.89,28.46,24.2423,24.7917,26.1248,23.3673,21.0802,48178703,1255,2026-09-04,51.27,188000000.0
NASDAQ:HTO,HTO,H2O America,Utilities,Utilities - Regulated Water,United States,NASDAQ,2692229633.0,64.32,57.93,57.54,8,76.2,2896,False,-1.0,48.12,15.19,19.1,23.08,21.09,14.32,55.8384,54.0053,52.2574,53.1197,56.2653,21640391,1255,2026-09-04,59.79,41856804.0
AMEX:LEGO,LEGO,Legato Merger Corp. IV,Financial Services,Shell Companies,United States,AMEX,312354003.0,9.99,57.93,58.32,8,76.2,2897,False,-0.1,1.94,,,,,,,,,,,406399,121,2026-09-04,57.93,31266667.0
NYSE:DOLE,DOLE,Dole plc,Consumer Defensive,Farm Products,Ireland,NYSE,1333176890.0,14.01,57.94,53.84,8,76.3,2898,True,-13.4,11.8,-3.41,-1.49,-1.63,4.67,10.96,14.5043,14.2214,14.2417,13.3847,12.6256,15618443,1255,2026-09-04,55.5,95158950.0
NYSE:WWW,WWW,"Wolverine World Wide, Inc.",Consumer Cyclical,Footwear & Accessories,United States,NYSE,1702102871.0,20.76,57.94,56.95,8,76.3,2899,False,-33.41,44.24,18.22,9.05,11.05,31.97,37.86,17.5608,19.0369,18.6941,15.7309,15.0591,16897786,1255,2026-09-04,49.46,81989541.0
NYSE:BCAT,BCAT,BlackRock Capital Allocation Term Trust Common Shares of Beneficial Interest,Financial Services,Asset Management,United States,NYSE,1676404336.0,16.0,57.95,57.98,8,76.3,2900,False,-0.31,34.72,13.86,16.92,28.66,40.05,51.28,14.0527,13.685,12.4358,11.4241,10.5762,9216677,1255,2026-09-04,59.95,104775271.0
NASDAQ:JMSB,JMSB,"John Marshall Bancorp, Inc.",Financial Services,Banks - Regional,United States,NASDAQ,329661529.0,23.36,57.95,56.99,8,76.3,2901,False,-1.72,27.43,11.77,13.5,19.15,23.28,18.14,20.9007,20.5815,19.6051,18.9484,19.7726,1020281,1255,2026-09-04,57.52,14112223.0
NYSE:CON,CON,"Concentra Group Holdings Parent, Inc.",Healthcare,Medical Care Facilities,United States,NYSE,4410842557.0,34.47,57.97,60.14,8,76.4,2902,False,-2.81,86.11,37.38,42.96,52.45,,,25.0912,24.1115,22.6111,,,27541387,531,2026-09-04,58.43,127961780.0
NASDAQ:GRAL,GRAL,"GRAIL, Inc.",Healthcare,Diagnostics & Research,United States,NASDAQ,3447919082.0,80.34,57.97,57.12,8,76.4,2903,False,-30.78,126.82,9.78,11.84,60.79,,,73.1851,71.8363,49.9643,,,49314420,560,2026-09-04,58.52,42916593.0
NYSE:BGT,BGT,BlackRock Floating Rate Income Trust,Financial Services,Asset Management,United States,NYSE,328966662.0,11.03,57.98,59.24,8,76.4,2904,False,-1.16,12.18,5.4,4.92,5.03,9.01,16.43,10.465,10.5126,10.5015,10.1181,9.4737,1373655,1255,2026-09-04,63.93,29824720.0
NASDAQ:BIIB,BIIB,Biogen Inc.,Healthcare,Drug Manufacturers - General,United States,NASDAQ,32628515378.0,220.83,57.98,57.22,8,76.4,2905,False,-1.64,62.77,15.59,21.15,33.94,18.06,5.45,191.0466,182.2736,164.8695,187.0566,209.4151,153922186,1255,2026-09-04,63.5,147753998.0
NASDAQ:ACT,ACT,"Enact Holdings, Inc.",Financial Services,Insurance - Specialty,United States,NASDAQ,6878128706.0,49.27,57.99,59.55,8,76.5,2906,False,-1.06,44.04,16.22,19.77,31.42,43.78,57.85,42.3936,41.1379,37.4896,34.2674,31.214,16414711,1248,2026-09-04,60.82,139600745.0
NASDAQ:FNWD,FNWD,Finward Bancorp,Financial Services,Banks - Regional,United States,NASDAQ,190218788.0,43.9,58.01,60.55,8,76.5,2907,False,-3.05,45.21,19.14,22.15,35.75,50.36,51.6,36.8485,35.9386,32.3387,29.1969,28.9575,456359,1255,2026-09-04,56.77,4333002.0
NASDAQ:NWSA,NWSA,News Corporation,Communication Services,Entertainment,United States,NASDAQ,10959730289.0,30.39,58.02,59.01,8,76.5,2908,False,-2.56,36.24,16.13,14.78,12.16,16.42,26.65,26.1693,26.4778,27.0955,26.1033,23.9957,106635125,1255,2026-09-04,66.12,360636074.0
AMEX:FSI,FSI,Flexible Solutions International Inc. Common Stock (CDA),Basic Materials,Specialty Chemicals,Canada,AMEX,73425588.0,5.76,58.03,54.54,8,76.5,2909,True,-46.67,17.55,-4.24,-13.6,1.07,28.8,42.17,6.015,6.6663,5.699,4.472,4.0516,112949,1255,2026-09-04,56.86,12747498.0
NYSE:AEG,AEG,Aegon Ltd. New York Registry Shares,Financial Services,Insurance - Diversified,Netherlands,NYSE,13439627558.0,9.14,58.05,58.09,8,76.6,2910,False,-1.47,42.35,17.8,19.35,33.09,46.11,60.9,7.7588,7.658,6.8676,6.2557,5.6805,38574931,1255,2026-09-04,61.49,1470418770.0
NYSE:OMF,OMF,"OneMain Holdings, Inc.",Financial Services,Credit Services,United States,NYSE,7435130141.0,64.63,58.06,57.9,8,76.6,2911,False,-4.44,35.9,11.27,12.81,24.13,36.66,51.33,58.0845,57.2904,52.0679,47.2936,42.7083,53961548,1255,2026-09-04,57.88,115041469.0
NASDAQ:UPXI,UPXI,"Upexi, Inc.",Communication Services,Internet Content & Information,United States,NASDAQ,78594023.0,1.07,58.06,56.26,8,76.6,2912,False,-86.1,89.38,-19.63,-50.42,-72.17,-86.75,-95.52,1.3314,2.1583,3.8442,8.0731,23.8873,3688076,1255,2026-09-04,58.06,73452358.0
NYSE:GM,GM,General Motors Company,Consumer Cyclical,Auto Manufacturers,United States,NYSE,79374667238.0,87.76,58.07,56.98,8,76.6,2913,False,-2.61,59.92,10.38,15.6,39.84,60.81,76.34,79.5086,75.9177,62.7555,54.5753,49.7678,446487935,1255,2026-09-04,55.88,904451541.0
NASDAQ:YTRA,YTRA,"Yatra Online, Inc.",Consumer Cyclical,Travel Services,India,NASDAQ,61513954.0,0.99,58.08,56.23,8,76.7,2914,False,-48.17,17.86,-17.55,-22.15,-18.1,-25.72,-36.59,1.2007,1.2717,1.2087,1.3328,1.5613,41506,1255,2026-09-04,56.58,62135307.0
NYSE:DOCS,DOCS,"Doximity, Inc.",Healthcare,Health Information Services,United States,NYSE,3395380185.0,26.35,58.09,57.66,8,76.7,2915,False,-64.92,46.31,-8.71,-28.35,-43.02,-33.6,-30.19,28.8642,36.7749,46.2471,39.6835,37.7448,89400926,1255,2026-09-04,63.22,128856933.0
NASDAQ:WFRD,WFRD,Weatherford International plc,Energy,Oil & Gas Equipment & Services,United States,NASDAQ,6873200275.0,95.88,58.09,56.05,8,76.7,2916,False,-13.68,58.02,4.35,10.59,27.6,13.86,24.96,91.8837,86.7002,75.1407,84.206,76.7303,83169200,1255,2026-09-04,59.32,71685443.0
NASDAQ:CSTL,CSTL,"Castle Biosciences, Inc.",Healthcare,Diagnostics & Research,United States,NASDAQ,1005384275.0,32.91,58.1,60.0,8,76.7,2917,True,-23.54,81.32,11.86,15.21,25.06,34.42,37.7,29.4203,28.5655,26.3152,24.4823,23.8999,11675506,1255,2026-09-04,57.01,30549507.0
NASDAQ:ACOG,ACOG,Alpha Cognition Inc.,Healthcare,Biotechnology,United States,NASDAQ,207289470.0,9.52,58.11,58.61,8,76.8,2918,True,-2.86,111.56,44.1,41.05,,,,6.6064,6.7493,,,,1585018,454,2026-09-04,53.68,21774104.0
NYSE:C,C,"Citigroup, Inc.",Financial Services,Banks - Diversified,United States,NYSE,231011528000.0,137.72,58.11,55.3,8,76.8,2919,False,-4.98,49.72,12.71,17.58,45.52,72.21,95.65,122.1937,117.1244,94.6384,79.9736,70.3903,1109514458,1255,2026-09-04,59.25,1677400000.0
NASDAQ:BMM,BMM,Blue Moon Metals Inc.,Basic Materials,Other Industrial Metals & Mining,Canada,NASDAQ,649101976.0,6.19,58.12,54.7,8,76.8,2920,False,-26.83,73.39,,,,,,,,,,,1598728,155,2026-09-04,56.86,104863001.0
NASDAQ:TYRA,TYRA,"Tyra Biosciences, Inc.",Healthcare,Biotechnology,United States,NASDAQ,1703826416.0,28.65,58.12,52.84,8,76.8,2921,True,-27.67,142.39,-5.48,6.42,40.75,50.81,67.39,30.3104,26.9224,20.3547,18.9972,17.1156,13009176,1249,2026-09-04,37.05,59470381.0
NASDAQ:PKBK,PKBK,"Parke Bancorp, Inc.",Financial Services,Banks - Regional,United States,NASDAQ,405656251.0,34.58,58.13,57.48,8,76.9,2922,False,-1.57,77.45,18.62,25.78,46.99,64.55,72.75,29.1522,27.4925,23.5247,21.0148,20.0175,1789106,1255,2026-09-04,51.75,11730950.0
NASDAQ:LOPE,LOPE,"Grand Canyon Education, Inc.",Consumer Defensive,Education & Training Services,United States,NASDAQ,3979349199.0,152.67,58.15,54.89,8,76.9,2923,False,-30.78,11.67,-4.07,-9.2,-9.93,-3.08,5.67,159.15,168.13,169.5048,157.5144,144.4795,42236837,1255,2026-09-04,57.82,26065037.0
NASDAQ:URBN,URBN,"Urban Outfitters, Inc.",Consumer Cyclical,Apparel Retail,United States,NASDAQ,6933872671.0,80.97,58.15,57.02,8,76.9,2924,False,-2.39,35.92,12.51,13.69,28.14,46.86,67.64,71.9684,71.2172,63.1878,55.1345,48.2999,104042039,1255,2026-09-04,57.43,85635083.0
NASDAQ:CART,CART,Maplebear Inc.,Consumer Cyclical,Internet Retail,United States,NASDAQ,12002972601.0,51.07,58.16,58.04,8,77.0,2925,False,-1.37,55.09,20.59,21.84,19.08,,,42.3487,41.915,42.8857,,,186105978,744,2026-09-04,61.91,235029814.0
AMEX:GROY,GROY,Gold Royalty Corp.,Basic Materials,Gold,Canada,AMEX,773210823.0,3.35,58.18,58.02,8,77.0,2926,False,-35.7,32.94,-7.43,-7.74,25.33,45.98,47.52,3.619,3.631,2.673,2.2949,2.2708,6953523,1255,2026-09-04,62.99,230809201.0
NASDAQ:NEO,NEO,"NeoGenomics, Inc.",Healthcare,Diagnostics & Research,United States,NASDAQ,2232903147.0,17.38,58.18,59.73,8,77.0,2927,False,-6.76,141.72,49.0,55.69,54.33,38.21,36.03,11.6645,11.1632,11.2615,12.5753,12.777,29613368,1255,2026-09-04,59.07,128475440.0
NYSE:HRTG,HRTG,"Heritage Insurance Holdings, Inc.",Financial Services,Insurance - Property & Casualty,United States,NYSE,1027786174.0,33.95,58.2,60.06,8,77.1,2928,False,-3.58,62.6,24.39,26.27,57.31,99.92,151.41,27.2936,26.8868,21.5809,16.9822,13.5037,9092359,1255,2026-09-04,66.48,30273525.0
NYSE:OSCR,OSCR,"Oscar Health, Inc.",Healthcare,Healthcare Plans,United States,NYSE,8575339500.0,32.25,58.2,56.93,8,77.1,2929,False,-1.56,197.24,57.41,60.18,79.8,97.58,137.45,20.4881,20.1331,17.9369,16.3222,13.5817,154737449,1255,2026-09-04,58.16,265902000.0
NASDAQ:TSBK,TSBK,"Timberland Bancorp, Inc.",Financial Services,Banks - Regional,United States,NASDAQ,360901079.0,46.45,58.2,58.13,8,77.1,2930,False,-0.77,53.33,16.6,21.35,37.11,49.36,55.53,39.8381,38.278,33.8787,31.0983,29.8649,1709572,1255,2026-09-04,55.51,7769668.0
NASDAQ:ABAT,ABAT,American Battery Technology Company,Industrials,Waste Management,United States,NASDAQ,379232057.0,2.78,58.22,54.76,8,77.1,2931,True,-75.46,36.27,-16.39,-22.94,10.24,0.73,-40.55,3.3249,3.6075,2.5217,2.7599,4.6759,8206718,1255,2026-09-04,56.34,136414409.0
NYSE:BFH,BFH,"Bread Financial Holdings, Inc.",Financial Services,Credit Services,United States,NYSE,4479931297.0,110.87,58.22,57.34,8,77.1,2932,False,-2.02,107.34,29.73,38.07,64.54,94.38,117.63,85.4603,80.2975,67.3801,57.0377,50.9432,45194937,1255,2026-09-04,54.72,40407065.0
NASDAQ:RLYB,RLYB,Rallybio Corporation,Healthcare,Biotechnology,United States,NASDAQ,89819181.0,16.925,58.22,58.94,8,77.1,2933,True,-0.44,323.97,57.3,77.82,122.11,53.34,-24.56,10.7595,9.5178,7.6202,11.0374,22.4344,248916,1255,2026-09-04,57.06,5306894.0
AMEX:OBE,OBE,Obsidian Energy Ltd.,Energy,Oil & Gas E&P,Canada,AMEX,789301398.0,11.82,58.24,57.2,8,77.2,2934,False,-18.26,114.13,29.67,39.0,68.78,65.15,66.62,9.1158,8.5038,7.0032,7.1571,7.0938,7600177,1255,2026-09-04,61.1,66776768.0
NASDAQ:BFC,BFC,Bank First Corporation,Financial Services,Banks - Regional,United States,NASDAQ,1731222750.0,156.23,58.25,57.0,8,77.2,2935,False,-1.38,32.65,11.5,14.07,30.7,48.0,59.65,140.1138,136.9605,119.5351,105.5607,97.8593,11032264,1255,2026-09-04,55.29,11081244.0
NASDAQ:BRZE,BRZE,"Braze, Inc.",Technology,Software - Application,United States,NASDAQ,3599708141.0,31.96,58.25,59.34,8,77.2,2936,False,-11.69,102.41,29.23,24.82,6.56,-9.94,-8.65,24.7312,25.6055,29.9937,35.4871,34.9865,78272127,1204,2026-09-04,65.18,112631669.0
NYSE:AG,AG,First Majestic Silver Corp. Ordinary Shares (Canada),Basic Materials,Silver,Canada,NYSE,10336246852.0,20.97,58.26,57.4,8,77.3,2937,False,-34.38,129.88,6.54,15.82,68.87,105.66,121.9,19.6827,18.1051,12.4179,10.1966,9.4501,200891384,1255,2026-09-04,61.39,492906383.0
NYSE:LXU,LXU,"LSB Industries, Inc.",Basic Materials,Chemicals,United States,NYSE,813571795.0,11.3,58.27,54.17,8,77.3,2938,True,-33.06,45.62,-1.58,3.81,20.93,24.03,14.28,11.4816,10.8855,9.3441,9.1105,9.8876,7482965,1255,2026-09-04,57.41,71997504.0
NASDAQ:NEOG,NEOG,Neogen Corporation,Healthcare,Medical Devices,United States,NASDAQ,2579602669.0,11.83,58.27,58.76,8,77.3,2939,True,-2.63,124.48,26.35,36.7,28.79,2.28,-10.04,9.3632,8.6538,9.1854,11.5667,13.1496,18298558,1255,2026-09-04,55.18,218056016.0
NYSE:AGI,AGI,Alamos Gold Inc.,Basic Materials,Gold,Canada,NYSE,15475807071.0,36.97,58.29,57.0,8,77.4,2940,False,-33.05,32.84,-5.39,-2.19,21.12,47.38,72.5,39.0777,37.7973,30.5226,25.0854,21.4325,140927088,1255,2026-09-04,61.7,418604465.0
NYSE:SPGI,SPGI,S&P Global Inc.,Financial Services,Financial Data & Stock Exchanges,United States,NYSE,130746748000.0,443.51,58.29,56.99,8,77.4,2941,False,-14.14,20.8,3.59,1.67,-3.11,1.45,8.26,428.1358,436.2079,457.7294,437.1663,409.6829,792019008,1255,2026-09-04,63.17,294800000.0
NYSE:CRC,CRC,California Resources Corporation,Energy,Oil & Gas E&P,United States,NYSE,4814459532.0,54.22,58.31,54.1,8,77.4,2942,True,-21.57,27.12,-1.1,1.09,9.22,10.35,16.14,54.8251,53.6348,49.6408,49.1334,46.6864,43750394,1255,2026-09-04,52.31,88794901.0
NASDAQ:EXE,EXE,Expand Energy Corporation,Energy,Oil & Gas E&P,United States,NASDAQ,22666535981.0,97.91,58.31,57.55,8,77.4,2943,False,-18.92,13.28,-2.02,-2.53,-0.18,7.58,11.58,99.927,100.4488,98.0873,91.0082,87.7487,237135625,1255,2026-09-04,63.48,231503789.0
NASDAQ:WSBC,WSBC,"WesBanco, Inc.",Financial Services,Banks - Regional,United States,NASDAQ,3963790392.0,41.33,58.32,57.82,8,77.5,2944,False,-2.31,44.65,16.72,20.31,28.82,39.13,42.06,35.4088,34.352,32.0824,29.7069,29.094,33424764,1255,2026-09-04,54.97,95905889.0
NYSE:ABR,ABR,Arbor Realty Trust,Real Estate,REIT - Mortgage,United States,NYSE,979429726.0,5.25,58.33,54.46,8,77.5,2945,False,-51.94,13.26,-18.2,-26.42,-39.91,-42.49,-42.05,6.418,7.1353,8.737,9.1291,9.0601,17589639,1255,2026-09-04,55.9,186558043.0
NASDAQ:ATRA,ATRA,"Atara Biotherapeutics, Inc.",Healthcare,Biotechnology,United States,NASDAQ,87939279.0,9.76,58.33,55.57,8,77.5,2946,False,-46.05,133.49,10.68,-0.51,2.53,-22.4,-67.11,8.8179,9.8103,9.519,12.5768,29.6749,467456,1255,2026-09-04,55.82,9010172.0
NASDAQ:DCBO,DCBO,Docebo Inc.,Technology,Software - Application,Canada,NASDAQ,628728265.0,24.77,58.33,59.54,8,77.5,2947,False,-22.08,68.5,26.03,16.75,-14.83,-26.81,-27.22,19.6538,21.2168,29.0833,33.8426,34.0335,1841343,1255,2026-09-04,63.89,25382651.0
NASDAQ:RBB,RBB,RBB Bancorp,Financial Services,Banks - Regional,United States,NASDAQ,459808827.0,27.07,58.33,56.71,8,77.5,2948,False,-2.45,65.6,16.93,22.18,32.98,43.14,50.36,23.1507,22.1557,20.3569,18.9119,18.0036,2429276,1255,2026-09-04,52.63,16985919.0
NYSE:EQBK,EQBK,"Equity Bancshares, Inc.",Financial Services,Banks - Regional,United States,NYSE,1048300449.0,50.97,58.34,56.97,8,77.6,2949,False,-1.47,32.99,9.71,12.63,18.99,31.41,42.07,46.4597,45.2546,42.8355,38.7864,35.8774,4792401,1255,2026-09-04,58.67,20567009.0
NASDAQ:SSRM,SSRM,SSR Mining Inc.,Basic Materials,Gold,United States,NASDAQ,7708293288.0,37.15,58.34,58.77,8,77.6,2950,False,-5.25,90.89,32.21,37.82,102.89,149.37,150.79,28.0991,26.9553,18.3106,14.8978,14.8133,93964130,1255,2026-09-04,65.1,207491071.0
NASDAQ:NWBI,NWBI,"Northwest Bancshares, Inc.",Financial Services,Banks - Regional,United States,NASDAQ,2286713642.0,15.62,58.36,57.85,8,77.7,2951,False,-1.2,44.15,17.24,20.51,26.6,35.61,39.47,13.3234,12.962,12.338,11.518,11.1994,12038784,1255,2026-09-04,54.94,146396520.0
NYSE:SMBK,SMBK,"SmartFinancial, Inc.",Financial Services,Banks - Regional,United States,NYSE,886897795.0,51.87,58.36,58.92,8,77.7,2952,False,-2.55,56.37,22.0,26.35,41.55,62.83,73.42,42.517,41.0515,36.6455,31.8559,29.9096,5277400,1255,2026-09-04,58.16,17098473.0
NASDAQ:FVCB,FVCB,"FVCBankcorp, Inc.",Financial Services,Banks - Regional,United States,NASDAQ,336899946.0,18.72,58.37,58.1,8,77.7,2953,False,-1.63,58.21,19.29,24.47,38.71,45.71,45.76,15.6933,15.0399,13.4958,12.8474,12.8428,1195715,1255,2026-09-04,52.55,17996792.0
NYSE:OKE,OKE,"ONEOK, Inc.",Energy,Oil & Gas Midstream,United States,NYSE,60124035066.0,95.43,58.37,57.48,8,77.7,2954,False,-1.69,54.04,14.57,19.4,15.96,24.2,34.84,83.2908,79.9271,82.2982,76.8337,70.7711,319303849,1255,2026-09-04,59.79,630032852.0
NYSE:PNNT,PNNT,PennantPark Investment Corporation,Financial Services,Asset Management,United States,NYSE,244207392.0,3.74,58.38,56.98,8,77.7,2955,False,-37.0,18.27,-11.03,-16.47,-23.67,-22.27,-16.12,4.2038,4.4776,4.9,4.8113,4.4585,2066468,1255,2026-09-04,58.38,65296094.0
NYSE:BGR,BGR,BlackRock Energy and Resources Trust,Financial Services,Asset Management,United States,NYSE,437846141.0,17.2,58.39,59.11,8,77.8,2956,False,-1.71,41.17,13.71,17.86,31.43,40.34,48.7,15.1267,14.594,13.0867,12.2563,11.5667,1609751,1255,2026-09-04,63.22,25456171.0
NYSE:BSTZ,BSTZ,BlackRock Science and Technology Term Trust Common Shares of Beneficial Interest,Financial Services,Asset Management,United States,NYSE,2142755156.0,31.17,58.39,57.21,8,77.8,2957,False,-1.7,60.03,24.43,29.34,51.5,70.92,86.64,25.0496,24.0985,20.5748,18.2364,16.7004,4656715,1255,2026-09-04,55.11,68744150.0
NYSE:ESNT,ESNT,Essent Group Ltd.,Financial Services,Insurance - Specialty,Bermuda,NYSE,6375134855.0,69.18,58.39,58.72,8,77.8,2958,False,-0.65,24.52,11.6,12.07,16.68,22.01,32.06,61.9896,61.7275,59.2926,56.7014,52.3851,40938580,1255,2026-09-04,61.55,92152860.0
NASDAQ:MELI,MELI,"MercadoLibre, Inc.",Consumer Cyclical,Internet Retail,Uruguay,NASDAQ,100297276982.0,1978.36,58.41,57.93,8,77.9,2959,False,-21.21,27.9,6.35,1.88,-3.14,4.92,17.16,1860.167,1941.8227,2042.4032,1885.6033,1688.6021,814601993,1255,2026-09-04,60.13,50697182.0
NASDAQ:MGNI,MGNI,"Magnite, Inc.",Communication Services,Advertising Agencies,United States,NASDAQ,3457210172.0,24.14,58.41,60.05,8,77.9,2960,False,-6.87,115.54,51.31,44.23,45.21,66.72,79.58,15.9543,16.7374,16.6239,14.479,13.4424,60695927,1255,2026-09-04,62.71,143215003.0
NASDAQ:BBNX,BBNX,"Beta Bionics, Inc.",Healthcare,Medical Devices,United States,NASDAQ,873699741.0,19.42,58.43,58.87,8,77.9,2961,False,-39.29,119.19,16.01,7.1,,,,16.7406,18.1331,,,,19551565,402,2026-09-04,62.72,44989688.0
NYSE:GRNT,GRNT,"Granite Ridge Resources, Inc.",Energy,Oil & Gas E&P,United States,NYSE,670031629.0,5.08,58.43,56.85,8,77.9,2962,False,-13.07,28.95,5.23,4.89,1.79,1.17,-2.39,4.8275,4.8433,4.9904,5.0213,5.2043,6121836,1255,2026-09-04,58.43,131895990.0
NYSE:RBLX,RBLX,Roblox Corporation,Communication Services,Electronic Gaming & Multimedia,United States,NYSE,29017396310.0,43.31,58.43,52.17,8,77.9,2963,False,-69.41,21.86,-27.71,-41.01,-40.69,-29.13,-21.6,59.9101,73.416,73.022,61.1114,55.2393,433691421,1255,2026-09-04,52.85,669992988.0
NASDAQ:ZVRA,ZVRA,"Zevra Therapeutics, Inc.",Healthcare,Biotechnology,United States,NASDAQ,733027042.0,12.4,58.43,55.28,8,77.9,2964,False,-15.93,71.51,20.54,22.33,32.33,54.16,68.72,10.2874,10.1368,9.3704,8.0437,7.3492,9898006,1255,2026-09-04,60.68,59115084.0
NASDAQ:ASRV,ASRV,AmeriServ Financial Inc.,Financial Services,Banks - Regional,United States,NASDAQ,85839191.0,5.06,58.44,59.2,8,78.0,2965,False,-3.44,84.83,35.14,41.67,64.75,77.44,74.93,3.7442,3.5718,3.0713,2.8517,2.8925,102600,1255,2026-09-04,58.79,16964267.0
NYSE:AESI,AESI,Atlas Energy Solutions Inc.,Energy,Oil & Gas Equipment & Services,United States,NYSE,1681229161.0,13.46,58.46,53.31,8,78.1,2966,False,-31.85,66.17,3.26,6.87,-9.1,-16.04,,13.0351,12.5952,14.8079,16.0315,,36640801,877,2026-09-04,55.77,124905584.0
NASDAQ:BTCS,BTCS,BTCS Inc.,Financial Services,Capital Markets,United States,NASDAQ,71676534.0,1.44,58.46,57.15,8,78.1,2967,False,-75.84,46.79,-22.34,-38.63,-41.78,-31.75,-24.12,1.8543,2.3466,2.4736,2.11,1.8977,3629295,1255,2026-09-04,62.08,49775371.0
NASDAQ:FISI,FISI,"Financial Institutions, Inc.",Financial Services,Banks - Regional,United States,NASDAQ,820921629.0,41.7,58.46,58.08,8,78.1,2968,False,-2.34,66.83,20.25,26.12,44.6,67.26,80.12,34.6785,33.063,28.8382,24.9308,23.1514,5779751,1255,2026-09-04,53.82,19686370.0
NASDAQ:GOOD,GOOD,Gladstone Commercial Corporation - Real Estate Investment Trust,Real Estate,REIT - Diversified,United States,NASDAQ,634615678.0,13.11,58.48,57.13,8,78.1,2969,False,-0.53,34.91,12.65,14.27,6.54,11.33,13.5,11.6375,11.4729,12.3049,11.7756,11.5509,4532756,1255,2026-09-04,55.65,48406993.0
NASDAQ:BTDR,BTDR,Bitdeer Technologies Group,Technology,Software - Application,Singapore,NASDAQ,2462551990.0,12.38,58.49,53.98,8,78.2,2970,False,-52.2,70.05,3.22,-7.55,-4.76,11.06,14.11,11.9939,13.3916,12.9985,11.1473,10.8493,158693441,1255,2026-09-04,56.19,198913731.0
NYSE:SLF,SLF,Sun Life Financial Inc.,Financial Services,Insurance - Diversified,Canada,NYSE,44881652134.0,80.97,58.49,56.95,8,78.2,2971,False,-2.84,44.66,18.06,21.77,31.48,43.16,53.36,68.5819,66.4966,61.5825,56.5598,52.7991,90864763,1255,2026-09-04,57.64,554299767.0
NYSE:ARIS,ARIS,Aris Mining Corporation,Basic Materials,Gold,Canada,NYSE,4138935395.0,20.05,58.51,58.54,8,78.2,2972,False,-11.6,120.57,14.9,25.98,90.13,145.74,195.67,17.4497,15.9155,10.5455,8.1589,6.7811,27714525,1255,2026-09-04,62.04,206430693.0
NYSE:PAM,PAM,Pampa Energia S.A.,Industrials,Conglomerates,Argentina,NYSE,4557491539.0,84.8,58.51,55.07,8,78.2,2973,True,-8.1,49.96,1.0,4.82,8.54,26.69,44.97,83.9608,80.9018,78.126,66.9372,58.495,12993828,1255,2026-09-04,58.34,53744004.0
NYSE:OGC,OGC,OceanaGold Corporation,Basic Materials,Gold,Canada,NYSE,6809118679.0,30.61,58.52,57.58,8,78.2,2974,False,-27.56,61.06,1.8,7.68,56.47,102.5,139.61,30.0685,28.4275,19.5633,15.1163,12.7748,15875494,1255,2026-09-04,59.25,222447523.0
NASDAQ:NUTX,NUTX,Nutex Health Inc.,Healthcare,Medical Care Facilities,United States,NASDAQ,1329749948.0,193.24,58.53,58.17,8,78.3,2975,False,-2.25,132.15,36.93,44.2,88.92,159.03,102.27,141.1214,134.012,102.2858,74.6028,95.5341,31147323,1110,2026-09-04,62.56,6881339.0
NYSE:SXT,SXT,Sensient Technologies Corporation,Basic Materials,Specialty Chemicals,United States,NYSE,5739998566.0,134.84,58.55,59.31,8,78.3,2976,False,-1.9,63.64,26.87,29.59,43.88,60.8,69.35,106.2861,104.0515,93.7154,83.8558,79.624,42329255,1255,2026-09-04,62.93,42568960.0
NASDAQ:GCT,GCT,GigaCloud Technology Inc,Technology,Software - Infrastructure,United States,NASDAQ,1492447385.0,51.75,58.57,59.52,8,78.3,2977,False,-2.82,103.26,27.02,35.2,77.04,89.34,131.52,40.7412,38.2763,29.2302,27.3323,22.3523,27368916,1016,2026-09-04,56.65,28839563.0
NYSE:SM,SM,SM Energy Company,Energy,Oil & Gas E&P,United States,NYSE,8736442664.0,36.44,58.57,58.9,8,78.3,2978,False,-4.27,111.85,37.98,42.6,27.7,12.77,13.32,26.41,25.5547,28.5355,32.3145,32.1572,127020877,1255,2026-09-04,64.23,239748701.0
NASDAQ:ZJK,ZJK,"ZJK Industrial Co., Ltd.",Industrials,Specialty Industrial Machinery,China,NASDAQ,125581505.0,2.27,58.59,56.23,8,78.4,2979,True,-42.24,49.34,3.39,-4.44,,,,2.1955,2.3756,,,,374196,485,2026-09-04,57.48,55322249.0
NYSE:IBTA,IBTA,"Ibotta, Inc.",Technology,Software - Application,United States,NYSE,775383753.0,38.39,58.6,57.25,8,78.4,2980,True,-1.16,99.43,33.39,32.77,-7.09,,,28.7793,28.9156,41.3204,,,7500509,597,2026-09-04,55.46,20197545.0
NYSE:CURV,CURV,Torrid Holdings Inc.,Consumer Cyclical,Apparel Retail,United States,NYSE,242829730.0,2.44,58.61,56.83,8,78.5,2981,True,-11.27,152.59,50.63,51.92,-21.09,-34.2,-33.33,1.6199,1.6061,3.092,3.708,3.6596,897493,1255,2026-09-04,49.06,99520381.0
NASDAQ:ILMN,ILMN,"Illumina, Inc.",Healthcare,Diagnostics & Research,United States,NASDAQ,33016686000.0,218.22,58.61,59.35,8,78.5,2982,False,-4.16,139.8,43.69,53.88,73.1,74.84,52.26,151.8727,141.8075,126.0653,124.8137,143.3212,355980522,1255,2026-09-04,61.72,151300000.0
NASDAQ:VRNS,VRNS,"Varonis Systems, Inc.",Technology,Software - Infrastructure,United States,NASDAQ,5293919754.0,46.09,58.61,57.6,8,78.5,2983,False,-27.2,128.28,41.44,25.38,7.59,6.92,19.03,32.586,36.7615,42.8403,43.1054,38.7212,69388558,1255,2026-09-04,60.13,114860485.0
NASDAQ:AFYA,AFYA,Afya Limited,Consumer Defensive,Education & Training Services,Brazil,NASDAQ,776256219.0,14.68,58.62,55.97,8,78.5,2984,False,-7.44,16.48,3.32,3.02,-2.66,-7.28,-2.92,14.2088,14.2495,15.0806,15.833,15.1211,2512873,1255,2026-09-04,59.84,52878489.0
NYSE:SCL,SCL,Stepan Company,Basic Materials,Specialty Chemicals,United States,NYSE,1441697687.0,63.42,58.62,59.16,8,78.5,2985,False,-3.61,54.51,19.63,23.42,14.83,0.8,-9.54,53.0138,51.3837,55.2296,62.9156,70.1066,6466076,1255,2026-09-04,52.61,22732540.0
NASDAQ:MMSI,MMSI,"Merit Medical Systems, Inc.",Healthcare,Medical Instruments & Supplies,United States,NASDAQ,5350053632.0,89.6,58.63,62.21,8,78.6,2986,True,-3.84,48.57,16.94,14.52,2.26,6.63,10.71,76.6223,78.2394,87.6161,84.0274,80.9327,67257171,1255,2026-09-04,55.06,59710420.0
NASDAQ:MDIA,MDIA,Mediaco Holding Inc.,Communication Services,Broadcasting,United States,NASDAQ,87678588.0,1.14,58.64,58.04,8,78.6,2987,True,-24.0,106.9,39.93,27.21,5.31,-6.87,-8.73,0.8147,0.8962,1.0825,1.2241,1.2491,16746,1255,2026-09-04,55.45,76911042.0
NASDAQ:FCBC,FCBC,"First Community Bankshares, Inc.",Financial Services,Banks - Regional,United States,NASDAQ,926167727.0,49.09,58.65,59.65,8,78.6,2988,False,-0.93,64.6,21.27,26.56,30.05,39.92,49.98,40.4808,38.7874,37.7481,35.0843,32.7302,3787389,1255,2026-09-04,57.32,18866729.0
NASDAQ:YSWY,YSWY,"Yesway, Inc.",Consumer Defensive,Grocery Stores,United States,NASDAQ,773090082.0,24.79,58.66,57.84,8,78.6,2989,True,-11.97,30.75,,,,,,,,,,,7910718,95,2026-09-04,53.74,31185562.0
AMEX:GENC,GENC,"Gencor Industries, Inc.",Industrials,Farm & Heavy Construction Machinery,United States,AMEX,227281525.0,18.42,58.67,60.23,8,78.7,2990,True,-7.9,50.61,23.91,24.9,19.08,15.44,22.1,14.8659,14.7484,15.4691,15.9565,15.0856,1558348,1255,2026-09-04,55.46,12338845.0
NYSE:NU,NU,Nu Holdings Ltd.,Financial Services,Banks - Regional,Brazil,NYSE,58527175113.0,15.37,58.67,57.6,8,78.7,2991,False,-18.07,32.5,2.67,1.7,10.54,21.09,41.31,14.9705,15.1125,13.9045,12.6926,10.8766,1070000224,1189,2026-09-04,62.75,3807883872.0
NASDAQ:PVLA,PVLA,"Palvella Therapeutics, Inc.",Healthcare,Biotechnology,United States,NASDAQ,2255268791.0,157.24,58.67,56.81,8,78.7,2992,False,-0.34,188.46,32.27,44.86,139.28,221.56,181.81,118.8786,108.544,65.7144,48.8987,55.7959,28753558,1255,2026-09-04,57.01,14342844.0
NYSE:HY,HY,"Hyster-Yale, Inc.",Industrials,Farm & Heavy Construction Machinery,United States,NYSE,517348117.0,35.75,58.68,55.3,8,78.8,2993,False,-10.7,40.87,6.34,6.11,-9.73,-20.07,-15.37,33.619,33.6925,39.6027,44.7291,42.2433,3431314,1255,2026-09-04,51.31,14471276.0
NASDAQ:SMTC,SMTC,Semtech Corporation,Technology,Semiconductors,United States,NASDAQ,13776126236.0,147.89,58.68,55.43,8,78.8,2994,False,-15.36,147.18,37.65,49.36,102.97,157.55,195.96,107.4412,99.0148,72.8625,57.4229,49.9689,427619783,1255,2026-09-04,51.78,93151168.0
NYSE:VEL,VEL,"Velocity Financial, Inc.",Financial Services,Mortgage Finance,United States,NYSE,727643253.0,18.43,58.68,56.3,8,78.8,2995,False,-11.22,8.6,-0.33,-0.28,-0.85,4.08,16.09,18.4914,18.4812,18.588,17.7081,15.8754,1958202,1255,2026-09-04,58.15,39481457.0
NASDAQ:PESI,PESI,"Perma-Fix Environmental Services, Inc.",Industrials,Waste Management,United States,NASDAQ,396506422.0,18.7,58.69,58.74,8,78.8,2996,False,-3.76,128.33,38.32,42.62,56.82,66.9,82.56,13.5192,13.1115,11.9248,11.2043,10.243,8040032,1255,2026-09-04,56.9,21203552.0
NASDAQ:TGTX,TGTX,"TG Therapeutics, Inc.",Healthcare,Biotechnology,United States,NASDAQ,8570384226.0,55.985,58.69,57.53,8,78.8,2997,False,-5.21,107.81,43.49,47.55,59.4,96.46,122.46,39.0164,37.9422,35.122,28.4976,25.1666,102514607,1255,2026-09-04,61.63,153083580.0
NYSE:DCOM,DCOM,"Dime Commercial Bancshares, Inc.",Financial Services,Banks - Regional,United States,NYSE,1821517500.0,41.25,58.72,57.15,8,78.9,2998,False,-1.17,63.43,17.24,22.26,33.98,53.28,58.96,35.184,33.7393,30.7892,26.9113,25.9495,10183399,1255,2026-09-04,55.86,44158000.0
NASDAQ:DLO,DLO,DLocal Limited,Technology,Software - Infrastructure,Uruguay,NASDAQ,2763114949.0,15.52,58.75,57.78,8,78.9,2999,False,-1.65,43.33,16.84,15.16,32.1,25.38,18.47,13.2834,13.477,11.7487,12.3783,13.1003,40320079,1255,2026-09-04,62.83,178035757.0
NASDAQ:IOSP,IOSP,Innospec Inc.,Basic Materials,Specialty Chemicals,United States,NASDAQ,2314086866.0,93.95,58.75,60.75,8,78.9,3000,True,-1.79,44.27,17.53,18.95,6.9,-1.92,-2.04,79.937,78.9828,87.8854,95.7934,95.9084,15084826,1255,2026-09-04,55.55,24631047.0
NASDAQ:IKT,IKT,"Inhibikase Therapeutics, Inc.",Healthcare,Biotechnology,United States,NASDAQ,392581590.0,2.5,58.77,59.24,8,79.0,3001,False,-0.79,77.3,33.3,37.67,26.5,34.98,6.14,1.8754,1.816,1.9763,1.8522,2.3553,1006473,1255,2026-09-04,60.5,157032636.0
AMEX:EP,EP,Empire Petroleum Corporation,Energy,Oil & Gas E&P,United States,AMEX,124549599.0,3.13,58.78,57.98,8,79.0,3002,False,-36.9,28.81,7.28,0.55,-27.83,-39.57,-54.4,2.9176,3.1128,4.3367,5.1799,6.8647,87110,1255,2026-09-04,58.32,39792204.0
NASDAQ:HELP,HELP,Cybin Inc.,Healthcare,Biotechnology,Canada,NASDAQ,757445433.0,12.22,58.81,61.29,8,79.0,3003,True,-12.62,215.76,81.03,84.01,61.66,23.5,6.93,6.7501,6.6409,7.5589,9.8945,11.4278,19939016,1255,2026-09-04,55.57,61984078.0
NASDAQ:OBT,OBT,"Orange County Bancorp, Inc.",Financial Services,Banks - Regional,United States,NASDAQ,519154043.0,38.72,58.81,57.27,8,79.0,3004,False,-0.73,68.89,16.45,22.99,35.74,44.95,54.8,33.2506,31.4828,28.5253,26.7126,25.0129,1722778,1255,2026-09-04,54.11,13407904.0
NYSE:EXK,EXK,Endeavour Silver Corporation Ordinary Shares (Canada),Basic Materials,Silver,Canada,NYSE,3293126606.0,11.12,58.82,58.44,8,79.1,3005,False,-21.25,89.12,13.08,18.56,62.11,103.7,125.89,9.8342,9.3794,6.8593,5.4589,4.9227,100645510,1255,2026-09-04,62.87,296144479.0
NASDAQ:FXNC,FXNC,First National Corporation,Financial Services,Banks - Regional,United States,NASDAQ,285747076.0,31.6,58.83,57.5,8,79.1,3006,False,-1.84,48.73,14.88,19.5,33.97,49.21,61.18,27.5072,26.4445,23.5873,21.1781,19.6049,984389,1255,2026-09-04,52.12,9042629.0
NYSE:JELD,JELD,"JELD-WEN Holding, Inc.",Industrials,Building Products & Equipment,United States,NYSE,198148038.0,2.3,58.85,59.38,8,79.1,3007,True,-65.98,140.84,19.87,-6.91,-56.2,-74.08,-76.53,1.9188,2.4707,5.2514,8.8733,9.8007,3987342,1255,2026-09-04,58.03,86151321.0
NASDAQ:PLMR,PLMR,"Palomar Holdings, Inc.",Financial Services,Insurance - Property & Casualty,United States,NASDAQ,3619898701.0,136.58,58.86,56.27,8,79.1,3008,False,-5.67,35.14,9.51,10.84,10.93,29.22,44.78,124.7201,123.2191,123.1282,105.6923,94.3392,24192350,1255,2026-09-04,58.19,26503871.0
NYSE:CNQ,CNQ,Canadian Natural Resources Limited,Energy,Oil & Gas E&P,Canada,NYSE,105244926600.0,50.46,58.9,59.26,8,79.2,3009,False,-2.61,72.06,19.96,26.77,44.02,48.93,59.52,42.063,39.8057,35.0363,33.8824,31.6314,304150905,1255,2026-09-04,63.32,2085710000.0
NASDAQ:FCAP,FCAP,"First Capital, Inc.",Financial Services,Banks - Regional,United States,NASDAQ,216857319.0,64.82,58.9,56.29,8,79.2,3010,False,-5.93,69.48,14.73,20.63,43.83,66.69,83.8,56.4991,53.7325,45.0674,38.8876,35.2673,1037261,1255,2026-09-04,57.07,3345531.0
NYSE:CLB,CLB,Core Laboratories Inc.,Energy,Oil & Gas Equipment & Services,United States,NYSE,575392157.0,12.54,58.91,55.22,8,79.2,3011,False,-36.11,27.16,-16.4,-14.51,-16.17,-22.87,-28.65,15.0007,14.6689,14.9585,16.2581,17.5741,6028534,1255,2026-09-04,58.74,45884542.0
NASDAQ:XNCR,XNCR,"Xencor, Inc.",Healthcare,Biotechnology,United States,NASDAQ,1972907870.0,26.61,58.92,61.99,8,79.2,3012,False,-9.18,220.22,75.75,82.82,79.71,59.93,37.28,15.1413,14.555,14.8074,16.6383,19.3842,36793303,1255,2026-09-04,58.97,74141596.0
NASDAQ:CSHR,CSHR,CoinShares PLC,Financial Services,Capital Markets,Jersey,NASDAQ,764325212.0,5.8,58.93,58.12,8,79.3,3013,False,-32.64,62.01,,,,,,,,,,,1104923,109,2026-09-04,61.27,131780209.0
NYSE:HNGE,HNGE,"Hinge Health, Inc.",Healthcare,Health Information Services,United States,NYSE,5048567885.0,92.37,58.95,59.5,8,79.3,3014,True,-0.52,196.34,62.65,66.15,,,,56.7898,55.5951,,,,155994256,324,2026-09-04,56.56,54655926.0
NASDAQ:LMRI,LMRI,"Lumexa Imaging Holdings, Inc.",Healthcare,Medical Devices,United States,NASDAQ,1170263352.0,12.18,58.96,57.58,8,79.3,3015,False,-34.27,79.91,,,,,,,,,,,5701616,184,2026-09-04,54.97,96080735.0
NASDAQ:GTM,GTM,ZoomInfo Technologies Inc.,Technology,Software - Application,United States,NASDAQ,1217185480.0,4.13,58.99,57.35,8,79.3,3016,False,-66.15,58.24,-30.65,-40.87,-51.92,-61.04,-72.54,5.9551,6.9844,8.5902,10.6018,15.04,22973823,1255,2026-09-04,58.72,294718034.0
NASDAQ:FSBW,FSBW,"FS Bancorp, Inc.",Financial Services,Banks - Regional,United States,NASDAQ,325350103.0,43.88,59.01,56.24,8,79.4,3017,False,-2.42,20.68,7.04,8.25,10.06,18.39,26.16,40.993,40.5343,39.869,37.0645,34.7807,840188,1255,2026-09-04,55.25,7414542.0
NYSE:TECK,TECK,Teck Resources Ltd,Basic Materials,Copper,Canada,NYSE,33375332339.0,69.1,59.01,58.02,8,79.4,3018,False,-3.52,102.47,22.23,29.24,47.24,52.19,59.28,56.5346,53.465,46.9293,45.4031,43.3822,186757178,1255,2026-09-04,58.28,483000468.0
NASDAQ:COFS,COFS,"ChoiceOne Financial Services, Inc.",Financial Services,Banks - Regional,United States,NASDAQ,512801190.0,34.3,59.02,56.62,8,79.5,3019,False,-0.92,34.25,12.17,14.01,15.01,24.07,31.66,30.5799,30.085,29.8242,27.6457,26.0522,2465636,1255,2026-09-04,56.05,14950472.0
NYSE:CTEV,CTEV,Claritev Corporation,Healthcare,Health Information Services,United States,NYSE,655146531.0,38.43,59.02,58.79,8,79.5,3020,False,-46.96,185.3,35.92,11.47,30.03,16.97,-7.87,28.2734,34.4757,29.5548,32.8558,41.7134,4841266,1255,2026-09-04,61.35,17047789.0
NYSE:HCC,HCC,"Warrior Met Coal, Inc.",Basic Materials,Coking Coal,United States,NYSE,5515165140.0,104.45,59.02,59.61,8,79.5,3021,True,-5.2,81.16,17.44,24.0,51.16,59.54,80.63,88.939,84.2372,69.1001,65.4706,57.825,56971674,1255,2026-09-04,57.32,52801964.0
NASDAQ:OPCH,OPCH,"Option Care Health, Inc.",Healthcare,Medical Care Facilities,United States,NASDAQ,3626300733.0,24.21,59.02,57.38,8,79.5,3022,False,-33.83,24.03,-10.96,-11.37,-15.09,-17.56,-18.71,27.1913,27.3172,28.5116,29.3659,29.7818,40341862,1255,2026-09-04,62.97,149785243.0
NASDAQ:BFST,BFST,"Business First Bancshares, Inc.",Financial Services,Banks - Regional,United States,NASDAQ,1040466501.0,31.84,59.04,58.1,8,79.5,3023,False,-0.9,43.1,12.8,16.71,23.12,32.7,41.61,28.2264,27.2824,25.8618,23.9937,22.4846,6181264,1255,2026-09-04,54.22,32677968.0
NYSE:PBF,PBF,PBF Energy Inc.,Energy,Oil & Gas Refining & Marketing,United States,NYSE,8812028537.0,74.34,59.04,59.72,8,79.5,3024,False,-1.51,190.98,69.31,80.1,127.75,105.55,105.11,43.9077,41.2772,32.6416,36.1668,36.2437,191734203,1255,2026-09-04,61.11,118536838.0
NASDAQ:KDP,KDP,Keurig Dr Pepper Inc.,Consumer Defensive,Beverages - Non-Alcoholic,United States,NASDAQ,44340633160.0,32.59,59.05,57.27,8,79.6,3025,False,-2.72,31.96,13.0,15.26,7.85,8.1,6.7,28.842,28.2762,30.2176,30.1493,30.5435,313549951,1255,2026-09-04,62.04,1360559471.0
NYSE:SBH,SBH,"Sally Beauty Holdings, Inc. (Name to be changed from Sally Holdings, Inc.)",Consumer Cyclical,Specialty Retail,United States,NYSE,1563492276.0,16.7,59.06,58.7,8,79.6,3026,False,-1.76,41.29,12.86,12.42,30.03,36.76,34.06,14.7976,14.8554,12.843,12.2115,12.4568,18987840,1255,2026-09-04,55.72,93622292.0
NYSE:ACN,ACN,Accenture plc Class A Ordinary Shares (Ireland),Technology,Information Technology Services,Ireland,NYSE,114261830592.0,186.72,59.07,59.06,8,79.7,3027,False,-33.95,51.85,-6.62,-10.3,-28.89,-33.18,-32.49,199.9474,208.17,262.5663,279.4323,276.5753,928399908,1255,2026-09-04,68.06,611942109.0
NYSE:NOV,NOV,NOV Inc.,Energy,Oil & Gas Equipment & Services,United States,NYSE,7625067094.0,21.39,59.07,57.43,8,79.7,3028,False,-1.47,76.96,13.73,20.77,36.52,30.57,27.71,18.8078,17.712,15.6686,16.3822,16.7494,64428777,1255,2026-09-04,60.43,356478125.0
NYSE:FLNG,FLNG,FLEX LNG Ltd.,Energy,Oil & Gas Midstream,Bermuda,NYSE,1704450768.0,31.51,59.08,56.92,8,79.7,3029,False,-0.64,43.76,13.72,17.97,35.57,41.55,43.42,27.7073,26.7112,23.2425,22.2603,21.971,13355750,1255,2026-09-04,57.06,54092376.0
NASDAQ:MGNX,MGNX,"MacroGenics, Inc.",Healthcare,Biotechnology,United States,NASDAQ,279677741.0,4.4,59.08,55.89,8,79.7,3030,True,-9.47,230.83,45.57,60.41,69.51,-6.65,-10.6,3.0225,2.743,2.5958,4.7135,4.9218,2062447,1255,2026-09-04,54.91,63563123.0
NYSE:MNTN,MNTN,"MNTN, Inc.",Technology,Software - Application,United States,NYSE,790124255.0,12.95,59.09,60.13,8,79.7,3031,False,-36.36,66.45,24.62,10.05,,,,10.3912,11.7678,,,,12872294,324,2026-09-04,65.89,61013456.0
NASDAQ:FMBH,FMBH,"First Mid Bancshares, Inc.",Financial Services,Banks - Regional,United States,NASDAQ,1366188809.0,51.33,59.1,58.57,8,79.8,3032,False,-1.89,50.23,17.51,21.53,30.74,42.13,51.52,43.6824,42.2374,39.2601,36.1158,33.8756,5552271,1255,2026-09-04,56.93,26615796.0
NYSE:CGAU,CGAU,Centerra Gold Inc.,Basic Materials,Gold,Canada,NYSE,4483324840.0,22.92,59.11,60.3,8,79.8,3033,False,-5.48,167.45,32.28,43.46,103.58,143.86,174.01,17.3266,15.9762,11.2587,9.3988,8.3646,35645515,1255,2026-09-04,60.0,195607541.0
NASDAQ:ALEC,ALEC,"Alector, Inc.",Healthcare,Biotechnology,United States,NASDAQ,273121960.0,2.46,59.12,58.74,8,79.8,3034,False,-25.9,115.79,27.91,21.21,10.58,-28.01,-45.75,1.9232,2.0295,2.2246,3.417,4.5343,3351877,1255,2026-09-04,60.98,111025187.0
NASDAQ:DNMX,DNMX,Dynamix Corporation III,Financial Services,Shell Companies,United States,NASDAQ,202558125.0,10.065,59.12,60.91,8,79.8,3035,False,-0.15,1.87,,,,,,,,,,,448589,199,2026-09-04,75.06,20125000.0
NYSE:ALV,ALV,"Autoliv, Inc.",Consumer Cyclical,Auto Parts,Sweden,NYSE,9169299568.0,125.2,59.13,56.4,8,79.9,3036,False,-4.25,26.62,6.6,6.27,16.94,19.29,27.48,117.4512,117.812,107.0666,104.9515,98.2144,63438378,1255,2026-09-04,58.83,73237217.0
NASDAQ:CHCO,CHCO,City Holding Company,Financial Services,Banks - Regional,United States,NASDAQ,2054162435.0,145.57,59.13,60.07,8,79.9,3037,False,-1.63,26.95,15.03,16.4,20.88,29.63,38.12,126.5497,125.0622,120.4266,112.2987,105.3947,13405106,1255,2026-09-04,57.07,14111166.0
NYSE:GSBD,GSBD,"Goldman Sachs BDC, Inc.",Financial Services,Asset Management,United States,NYSE,1123439289.0,9.98,59.14,59.24,8,79.9,3038,True,-2.44,20.15,12.17,11.81,7.51,3.66,5.58,8.8976,8.9256,9.2833,9.6278,9.4522,8714341,1255,2026-09-04,56.93,112569067.0
NYSE:MG,MG,Mistras Group Inc,Industrials,Security & Protection Services,United States,NYSE,608334941.0,19.12,59.14,58.19,8,79.9,3039,True,-2.0,103.62,21.28,30.87,59.56,79.82,102.45,15.765,14.6097,11.983,10.6328,9.4442,4727884,1255,2026-09-04,58.69,31816681.0
NYSE:NTB,NTB,Bank of N.T. Butterfield & Son Limited (The) Voting,Financial Services,Banks - Diversified,Bermuda,NYSE,2437239049.0,61.53,59.15,56.7,8,80.0,3040,False,-3.72,54.04,13.91,19.02,37.43,56.26,70.94,54.0158,51.6966,44.7718,39.3779,35.9946,11362751,1255,2026-09-04,55.98,39610581.0
NASDAQ:SDGR,SDGR,"Schrodinger, Inc.",Healthcare,Health Information Services,United States,NASDAQ,1317030708.0,20.09,59.15,60.03,8,80.0,3041,False,-10.79,81.48,33.03,25.04,7.78,-4.89,-13.18,15.1022,16.0666,18.6395,21.1232,23.1387,20249811,1255,2026-09-04,64.4,65556531.0
NYSE:F,F,Ford Motor Company,Consumer Cyclical,Auto Manufacturers,United States,NYSE,57262791300.0,14.62,59.16,56.09,9,80.0,3042,False,-15.26,34.11,10.48,13.06,29.58,33.96,36.22,13.2336,12.9309,11.2826,10.9138,10.7329,569677088,1255,2026-09-04,56.12,3916743591.0
NASDAQ:DCTH,DCTH,"Delcath Systems, Inc.",Healthcare,Medical Devices,United States,NASDAQ,571836142.0,16.48,59.17,60.74,9,80.1,3043,False,-5.07,101.22,46.34,48.45,40.95,72.55,98.56,11.2616,11.1012,11.692,9.5509,8.2997,9358720,1255,2026-09-04,59.17,34698795.0
NASDAQ:FCCO,FCCO,First Community Corporation,Financial Services,Banks - Regional,United States,NASDAQ,324854703.0,34.56,59.17,57.9,9,80.1,3044,False,-0.8,33.36,13.34,16.0,30.64,48.45,58.56,30.4919,29.7926,26.4553,23.2809,21.7959,1629954,1255,2026-09-04,54.41,9399731.0
NYSE:OPTU,OPTU,"Optimum Communications, Inc.",Communication Services,Telecom Services,United States,NYSE,296789844.0,1.05,59.18,54.8,9,80.1,3045,False,-61.25,73.55,-22.39,-32.35,-47.87,-50.99,-60.81,1.3528,1.552,2.0143,2.1426,2.6792,1939570,1255,2026-09-04,58.48,282656994.0
NYSE:AGM,AGM,Federal Agricultural Mortgage Corporation,Financial Services,Credit Services,United States,NYSE,2123394544.0,227.78,59.19,59.83,9,80.1,3046,False,-5.77,65.32,26.69,28.76,26.86,30.4,41.88,179.7928,176.9068,179.5517,174.6815,160.5496,19046808,1255,2026-09-04,57.08,9322129.0
NASDAQ:TPG,TPG,TPG Inc.,Financial Services,Asset Management,United States,NASDAQ,8100415943.0,52.65,59.19,60.53,9,80.1,3047,False,-21.58,42.19,9.59,6.24,1.93,13.05,27.06,48.041,49.5592,51.6517,46.5718,41.4377,149902345,1165,2026-09-04,62.32,153854054.0
NYSE:KNTK,KNTK,Kinetik Holdings Inc.,Energy,Oil & Gas Midstream,United States,NYSE,4006175040.0,54.43,59.2,59.37,9,80.2,3048,False,-1.22,81.13,23.76,28.07,25.04,38.12,51.75,43.9819,42.4988,43.5293,39.4086,35.8687,53607924,1255,2026-09-04,58.73,73602334.0
NASDAQ:AUGO,AUGO,Aura Minerals Inc.,Basic Materials,Gold,United States,NASDAQ,7089985000.0,84.91,59.21,59.27,9,80.2,3049,False,-20.66,189.06,26.04,40.64,,,,67.3671,60.3755,,,,78407844,288,2026-09-04,64.59,83500000.0
NASDAQ:HSDT,HSDT,Solana Company,Financial Services,Asset Management,United States,NASDAQ,130786152.0,2.24,59.21,58.41,9,80.2,3050,False,-90.72,76.38,-1.77,-45.2,-98.51,-99.83,-99.94,2.2805,4.0874,150.2541,1337.2319,3446.8153,747530,1255,2026-09-04,64.21,58386675.0
NASDAQ:AUDC,AUDC,AudioCodes Ltd.,Technology,Communication Equipment,Israel,NASDAQ,258354182.0,10.15,59.23,57.56,9,80.3,3051,True,-0.68,51.54,16.6,15.53,14.29,10.04,-0.66,8.7052,8.7854,8.8812,9.2243,10.2179,1114613,1255,2026-09-04,55.29,25453614.0
NASDAQ:JRSH,JRSH,"Jerash Holdings (US), Inc.",Consumer Cyclical,Apparel Manufacturing,United States,NASDAQ,70230668.0,5.53,59.23,60.66,9,80.3,3052,False,-1.95,99.25,53.53,57.66,70.05,82.12,75.95,3.6019,3.5075,3.252,3.0365,3.143,547055,1255,2026-09-04,57.82,12699940.0
NASDAQ:BOLD,BOLD,"Boundless Bio, Inc.",Healthcare,Biotechnology,United States,NASDAQ,64502610.0,2.87,59.24,62.65,9,80.3,3053,False,-4.33,173.33,75.34,84.04,59.13,,,1.6368,1.5594,1.8035,,,408863,612,2026-09-04,59.24,22474777.0
NYSE:COR,COR,"Cencora, Inc.",Healthcare,Medical Distribution,United States,NYSE,64389982807.0,330.95,59.25,58.84,9,80.4,3054,False,-11.16,31.5,3.19,3.29,14.2,25.21,38.89,320.7041,320.3971,289.802,264.3165,238.2749,398131761,1255,2026-09-04,66.21,194561060.0
NYSE:JHX,JHX,James Hardie Industries plc.,Basic Materials,Building Materials,Ireland,NYSE,17636434380.0,30.39,59.25,59.53,9,80.4,3055,False,-2.22,82.09,31.03,34.9,15.98,5.87,11.54,23.194,22.5271,26.2019,28.705,27.2446,177078594,1255,2026-09-04,54.57,580336768.0
NASDAQ:OABI,OABI,"OmniAb, Inc.",Healthcare,Biotechnology,United States,NASDAQ,627731267.0,4.33,59.27,62.51,9,80.4,3056,False,-14.09,218.38,100.19,111.61,75.56,31.33,15.68,2.163,2.0462,2.4664,3.2972,3.7432,10900624,1238,2026-09-04,70.2,144972579.0
NYSE:COTY,COTY,Coty Inc.,Consumer Defensive,Household & Personal Products,United States,NYSE,2579766663.0,2.93,59.29,58.64,9,80.4,3057,False,-34.16,58.38,12.71,1.22,-35.99,-56.35,-61.13,2.5995,2.8948,4.5774,6.7126,7.5375,20237888,1255,2026-09-04,59.29,880466438.0
NASDAQ:LARK,LARK,Landmark Bancorp Inc.,Financial Services,Banks - Regional,United States,NASDAQ,196743770.0,32.25,59.29,58.99,9,80.4,3058,False,0.0,37.49,15.4,18.5,30.2,47.89,56.14,27.9465,27.2147,24.7689,21.8062,20.6551,293756,1255,2026-09-04,55.83,6100582.0
NYSE:DHX,DHX,"DHI Group, Inc.",Technology,Software - Application,United States,NYSE,195257252.0,4.52,59.3,58.22,9,80.5,3059,False,-2.59,201.33,55.2,61.6,84.87,84.83,51.57,2.9124,2.7971,2.445,2.4456,2.9821,1208573,1255,2026-09-04,61.4,43198507.0
NASDAQ:IMPP,IMPP,Imperial Petroleum Inc.,Energy,Oil & Gas Midstream,Greece,NASDAQ,239180251.0,5.29,59.31,57.7,9,80.5,3060,True,-16.69,64.29,16.0,14.0,36.56,48.56,45.32,4.5602,4.6404,3.8738,3.5609,3.6403,1877723,1192,2026-09-04,58.75,45213658.0
NASDAQ:NKSH,NKSH,"National Bankshares, Inc.",Financial Services,Banks - Regional,United States,NASDAQ,267919009.0,42.07,59.32,59.2,9,80.5,3061,False,-2.59,62.29,17.38,22.81,38.67,45.85,46.34,35.8401,34.2568,30.3371,28.8445,28.7472,1666439,1255,2026-09-04,58.02,6368410.0
NASDAQ:PLCE,PLCE,"Children's Place, Inc. (The)",Consumer Cyclical,Apparel Manufacturing,United States,NASDAQ,62486158.0,2.81,59.35,53.87,9,80.6,3062,False,-69.36,26.01,-27.55,-39.15,-58.11,-71.76,-82.34,3.8784,4.6181,6.7075,9.952,15.9121,566366,1255,2026-09-04,59.86,22237067.0
NASDAQ:RCKT,RCKT,"Rocket Pharmaceuticals, Inc.",Healthcare,Biotechnology,United States,NASDAQ,421487099.0,3.86,59.35,57.36,9,80.6,3063,True,-27.17,48.46,7.92,8.91,-40.9,-68.27,-72.0,3.5768,3.5442,6.5308,12.164,13.7841,4903580,1255,2026-09-04,57.3,109193549.0
NASDAQ:NTHI,NTHI,"NeOnc Technologies Holdings, Inc.",Healthcare,Biotechnology,United States,NASDAQ,130437281.0,5.03,59.36,56.91,9,80.6,3064,True,-58.4,56.7,-23.03,-31.15,,,,6.5349,7.3054,,,,1340792,364,2026-09-04,56.14,25931865.0
NASDAQ:VRTX,VRTX,Vertex Pharmaceuticals Incorporated,Healthcare,Biotechnology,United States,NASDAQ,138608214332.0,546.12,59.36,60.19,9,80.6,3065,False,-2.12,45.01,17.16,20.23,19.76,23.29,32.7,466.1477,454.2136,456.0258,442.9725,411.5516,600575540,1255,2026-09-04,67.51,253805417.0
NYSE:CRD.A,CRD-A,Crawford & Company,Financial Services,Insurance Brokers,United States,NYSE,395375205.0,13.27,59.37,59.99,9,80.7,3066,False,-3.05,44.73,21.87,22.63,24.0,28.71,40.06,10.8886,10.8213,10.7019,10.3098,9.4745,770963,1255,2026-09-04,63.15,29794665.0
NYSE:CVE,CVE,Cenovus Energy Inc,Energy,Oil & Gas Integrated,Canada,NYSE,59698210650.0,32.37,59.37,59.41,9,80.7,3067,False,-2.29,106.65,32.3,41.21,73.55,76.54,80.77,24.4664,22.9229,18.6517,18.3362,17.9068,191962812,1255,2026-09-04,63.16,1844245000.0
NASDAQ:BPAC,BPAC,Blueport Acquisition Ltd,,,,NASDAQ,60572741.0,10.185,59.38,61.08,9,80.7,3068,False,-0.15,2.77,,,,,,,,,,,93788,168,2026-09-04,59.38,5947250.0
NYSE:RIO,RIO,Rio Tinto Plc,Basic Materials,Other Industrial Metals & Mining,United Kingdom,NYSE,129552412556.0,103.27,59.39,58.13,9,80.7,3069,False,-5.8,75.35,13.92,21.28,46.0,56.21,64.93,90.65,85.1507,70.735,66.111,62.6146,219199880,1255,2026-09-04,58.34,1254501913.0
NYSE:HUM,HUM,Humana Inc.,Healthcare,Healthcare Plans,United States,NYSE,48217046874.0,401.54,59.41,58.28,9,80.8,3070,False,-1.92,147.16,44.08,45.25,49.16,29.64,14.02,278.6905,276.452,269.2048,309.728,352.1745,377811468,1255,2026-09-04,63.34,120080308.0
NASDAQ:SCPQ,SCPQ,Social Commerce Partners Corporation,Financial Services,Shell Companies,United States,NASDAQ,103810500.0,10.03,59.41,60.76,9,80.8,3071,False,-0.2,1.72,,,,,,,,,,,142931,142,2026-09-04,59.41,10350000.0
NYSE:COSO,COSO,"CoastalSouth Bancshares, Inc.",Financial Services,Banks - Regional,United States,NYSE,334764786.0,27.89,59.43,57.78,9,80.8,3072,False,-0.43,33.01,10.72,13.81,,,,25.1907,24.5054,,,,2643289,334,2026-09-04,56.46,12003040.0
NASDAQ:PRME,PRME,"Prime Medicine, Inc.",Healthcare,Biotechnology,United States,NASDAQ,668284569.0,3.7,59.44,56.7,9,80.8,3073,False,-44.53,37.04,4.36,-3.44,10.32,-19.74,,3.5453,3.8318,3.3539,4.6099,,8715149,972,2026-09-04,59.82,180617451.0
NYSE:AEM,AEM,Agnico Eagle Mines Limited,Basic Materials,Gold,Canada,NYSE,103668078607.0,204.73,59.45,59.94,9,80.9,3074,False,-18.44,50.49,10.26,13.26,45.49,81.87,113.21,185.6804,180.7651,140.7203,112.5665,96.0246,696419127,1255,2026-09-04,61.42,506364864.0
NYSE:AGBK,AGBK,AGI Inc,Financial Services,Banks - Regional,Brazil,NYSE,396229799.0,6.75,59.45,53.96,9,80.9,3075,False,-43.75,13.64,,,,,,,,,,,1292732,143,2026-09-04,63.38,58700711.0
NYSE:SAP,SAP,SAP SE ADS,Technology,Software - Application,Germany,NYSE,248280872346.0,215.11,59.45,60.83,9,80.9,3076,False,-21.97,46.95,10.65,3.42,-8.05,1.47,15.16,194.408,208.0052,233.9543,211.9927,186.7996,510904887,1255,2026-09-04,61.7,1154204232.0
NYSE:PLGO,PLGO,Pelagos Insurance Capital Limited,Financial Services,Insurance - Diversified,Bermuda,NYSE,2164777887.0,25.32,59.48,57.02,9,81.0,3077,False,-2.54,50.57,19.94,23.98,36.75,46.21,,21.1113,20.4227,18.5149,17.3178,,12706472,800,2026-09-04,63.05,85496757.0
NASDAQ:PMTS,PMTS,CPI Card Group Inc.,Financial Services,Credit Services,United States,NASDAQ,324071170.0,28.24,59.48,62.34,9,81.0,3078,False,-7.41,150.13,62.29,66.68,33.07,34.06,23.19,17.4008,16.9426,21.2212,21.0653,22.9231,3270925,1255,2026-09-04,62.83,11475608.0
NASDAQ:PCRX,PCRX,"Pacira BioSciences, Inc.",Healthcare,Drug Manufacturers - Specialty & Generic,United States,NASDAQ,1036817797.0,26.35,59.49,57.05,9,81.0,3079,False,-4.6,37.53,10.59,10.44,15.32,7.43,-9.79,23.8264,23.8584,22.8486,24.527,29.2089,13627995,1255,2026-09-04,62.49,39347924.0
NASDAQ:ASTL,ASTL,Algoma Steel Group Inc.,Basic Materials,Steel,Canada,NASDAQ,496380395.0,4.71,59.51,56.46,9,81.1,3080,False,-18.79,47.65,7.38,8.9,-20.5,-27.9,-28.78,4.3863,4.325,5.9247,6.5329,6.6136,6203020,1255,2026-09-04,54.58,105388619.0
NASDAQ:FENC,FENC,Fennec Pharmaceuticals Inc.,Healthcare,Biotechnology,United States,NASDAQ,430391802.0,12.39,59.51,59.03,9,81.1,3081,False,-3.05,114.73,43.41,43.23,63.62,58.71,54.83,8.6394,8.6507,7.5725,7.8066,8.0024,3414334,1255,2026-09-04,61.74,34737030.0
NYSE:TYL,TYL,"Tyler Technologies, Inc.",Technology,Software - Application,United States,NYSE,14907856304.0,364.03,59.51,59.22,9,81.1,3082,False,-35.7,32.24,1.81,-6.28,-25.17,-23.12,-18.0,357.5745,388.4242,486.4858,473.5201,443.9433,343855350,1255,2026-09-04,70.3,40952274.0
NYSE:ZIM,ZIM,ZIM Integrated Shipping Services Ltd.,Industrials,Marine Shipping,Israel,NYSE,3444452054.0,28.58,59.51,58.07,9,81.1,3083,True,-0.8,137.49,17.46,29.04,55.43,91.3,111.57,24.3314,22.1489,18.3877,14.9401,13.5087,55735518,1255,2026-09-04,54.06,120519666.0
NASDAQ:BLKB,BLKB,"Blackbaud, Inc.",Technology,Software - Application,United States,NASDAQ,2137873569.0,47.1,59.53,61.7,9,81.2,3084,False,-32.88,77.47,7.09,-2.16,-21.29,-27.92,-27.19,43.9815,48.14,59.8433,65.3443,64.6891,18948361,1255,2026-09-04,66.73,45390097.0
NASDAQ:ORMP,ORMP,Oramed Pharmaceuticals Inc.,Healthcare,Biotechnology,United States,NASDAQ,205039666.0,5.01,59.53,59.4,9,81.2,3085,True,-6.18,145.39,35.48,47.73,81.74,92.16,63.51,3.6979,3.3914,2.7567,2.6071,3.0641,1135050,1255,2026-09-04,57.4,40926081.0
NYSE:SDRL,SDRL,Seadrill Limited,Energy,Oil & Gas Drilling,United States,NYSE,3068997333.0,49.08,59.53,58.25,9,81.2,3086,False,-10.44,72.82,16.53,23.14,37.34,24.62,,42.1196,39.8563,35.7363,39.3843,,27960388,976,2026-09-04,64.67,62530508.0
NYSE:BCE,BCE,"BCE, Inc.",Communication Services,Telecom Services,Canada,NYSE,22072886088.0,23.67,59.54,57.43,9,81.2,3087,False,-8.21,13.42,0.5,1.42,1.5,-7.91,-15.77,23.5524,23.3393,23.321,25.7022,28.1004,62289253,1255,2026-09-04,62.8,932525817.0
NASDAQ:CURX,CURX,Curanex Pharmaceuticals Inc,Healthcare,Biotechnology,United States,NASDAQ,143121101.0,5.05,59.56,55.02,9,81.3,3088,False,-97.24,37.98,-26.2,-61.56,,,,6.8429,13.1388,,,,112195,259,2026-09-04,54.37,28340812.0
NYSE:EQT,EQT,EQT Corporation,Energy,Oil & Gas E&P,United States,NYSE,34509717720.0,55.17,59.56,57.1,9,81.3,3089,False,-18.3,13.48,-1.22,-0.4,7.25,18.6,25.87,55.8528,55.3931,51.4385,46.5166,43.8301,339702430,1255,2026-09-04,63.63,625516000.0
NASDAQ:FOXF,FOXF,Fox Factory Holding Corp.,Consumer Cyclical,Auto Parts,United States,NASDAQ,902465582.0,21.52,59.56,58.5,9,81.3,3090,False,-27.27,63.15,20.18,13.1,-10.98,-40.49,-59.26,17.9067,19.028,24.175,36.1628,52.8216,9692968,1255,2026-09-04,53.79,41936133.0
NASDAQ:CRSR,CRSR,"Corsair Gaming, Inc.",Technology,Computer Hardware,United States,NASDAQ,1359541724.0,12.72,59.6,58.64,9,81.3,3091,False,-11.36,177.73,67.5,65.69,59.59,36.68,15.54,7.5939,7.6769,7.9703,9.3063,11.0094,20198075,1255,2026-09-04,60.13,106882211.0
NYSE:HL,HL,Hecla Mining Company,Basic Materials,Other Precious Metals & Mining,United States,NYSE,13870332494.0,20.68,59.6,59.21,9,81.3,3092,False,-34.95,129.48,9.03,17.27,75.49,119.64,147.36,18.9667,17.6341,11.7842,9.4153,8.3604,701757535,1255,2026-09-04,63.17,670712403.0
NASDAQ:MSFT,MSFT,Microsoft Corporation,Technology,Software - Infrastructure,United States,NASDAQ,3710545081853.0,499.7,59.6,61.06,9,81.3,3093,False,-7.06,41.89,16.38,12.06,13.62,18.37,30.06,429.3729,445.9207,439.7884,422.1651,384.2013,11404739988,1255,2026-09-04,66.41,7425545491.0
NYSE:OFG,OFG,OFG Bancorp,Financial Services,Banks - Regional,United States,NYSE,2249343300.0,53.22,59.61,59.2,9,81.4,3094,False,-1.35,45.56,20.0,21.77,25.94,34.84,48.33,44.3487,43.7054,42.2583,39.4682,35.8805,11641696,1255,2026-09-04,56.38,42265000.0
NASDAQ:ORRF,ORRF,"Orrstown Financial Services, Inc.",Financial Services,Banks - Regional,United States,NASDAQ,847410132.0,43.13,59.61,58.49,9,81.4,3095,False,-0.8,38.45,14.72,17.62,25.23,38.74,52.24,37.5961,36.67,34.4407,31.0878,28.331,3583364,1255,2026-09-04,53.89,19647812.0
NYSE:CRK,CRK,"Comstock Resources, Inc.",Energy,Oil & Gas E&P,United States,NYSE,4480649562.0,15.26,59.62,57.44,9,81.5,3096,True,-44.25,23.26,-15.54,-16.75,-15.87,-1.13,3.16,18.0679,18.3299,18.1394,15.4345,14.7928,38141506,1255,2026-09-04,57.17,293620548.0
NYSE:DNOW,DNOW,DNOW Inc.,Industrials,Industrial Distribution,United States,NYSE,2942641262.0,16.12,59.63,59.9,9,81.5,3097,False,-4.45,44.96,17.88,16.06,13.56,18.12,23.17,13.6747,13.8888,14.1957,13.6475,13.0871,36503733,1255,2026-09-04,55.17,182545984.0
NASDAQ:ZYME,ZYME,Zymeworks Inc.,Healthcare,Biotechnology,United States,NASDAQ,2131543151.0,29.19,59.63,59.37,9,81.5,3098,False,-5.99,93.95,16.86,24.58,59.41,90.86,117.12,24.9787,23.4307,18.3107,15.2942,13.4441,20337792,1255,2026-09-04,63.69,73023061.0
NYSE:PR,PR,Permian Resources Corporation,Energy,Oil & Gas E&P,United States,NYSE,19559050577.0,23.36,59.67,59.93,9,81.5,3099,False,-2.14,98.63,26.71,35.54,53.99,59.77,77.32,18.4362,17.2353,15.1699,14.621,13.1739,211783432,1255,2026-09-04,64.27,837288124.0
NASDAQ:RXRX,RXRX,"Recursion Pharmaceuticals, Inc.",Healthcare,Biotechnology,United States,NASDAQ,1904580650.0,3.63,59.67,56.82,9,81.5,3100,False,-46.54,27.82,-0.45,-8.59,-28.38,-42.03,-47.69,3.6466,3.9711,5.0682,6.2619,6.9388,52787578,1255,2026-09-04,54.13,524677865.0
NASDAQ:MANH,MANH,"Manhattan Associates, Inc.",Technology,Software - Application,United States,NASDAQ,12462805964.0,213.77,59.69,62.07,9,81.6,3101,False,-4.46,76.84,35.16,28.46,8.84,3.46,10.77,158.1567,166.4038,196.4081,206.6271,192.9844,155675540,1255,2026-09-04,70.13,58300070.0
NASDAQ:MLYS,MLYS,"Mineralys Therapeutics, Inc.",Healthcare,Biotechnology,United States,NASDAQ,2486950693.0,28.21,59.69,56.43,9,81.6,3102,False,-40.4,25.38,-4.72,-11.24,25.03,50.32,,29.6073,31.7819,22.5625,18.7661,,24592415,895,2026-09-04,60.12,88158479.0
AMEX:SBMT,SBMT,Silver Bow Mining Corp.,Basic Materials,Other Industrial Metals & Mining,United States,AMEX,251878105.0,8.53,59.7,56.84,9,81.6,3103,False,-20.65,38.7,,,,,,,,,,,794206,89,2026-09-04,59.7,29528500.0
NYSE:SGI,SGI,Somnigroup International Inc.,Consumer Cyclical,"Furnishings, Fixtures & Appliances",United States,NYSE,14698236856.0,69.87,59.71,54.48,9,81.7,3104,False,-28.18,14.22,-10.96,-12.24,-0.41,11.77,25.53,78.4724,79.6186,70.1557,62.5098,55.6603,249581916,1255,2026-09-04,58.93,210365491.0
NASDAQ:WEYS,WEYS,"Weyco Group, Inc.",Consumer Cyclical,Footwear & Accessories,United States,NASDAQ,432476005.0,45.37,59.71,61.15,9,81.7,3105,True,-2.63,77.4,31.01,36.82,45.62,56.52,69.64,34.6305,33.1607,31.1573,28.9861,26.7447,1093302,1255,2026-09-04,53.09,9532202.0
NASDAQ:HNVR,HNVR,"Hanover Bancorp, Inc.",Financial Services,Banks - Regional,United States,NASDAQ,195734678.0,27.35,59.74,60.68,9,81.7,3106,True,-1.41,37.91,17.36,19.12,23.08,35.19,39.51,23.3051,22.9605,22.2213,20.231,19.6042,886187,1084,2026-09-04,52.9,7156661.0
NASDAQ:WFCF,WFCF,"Where Food Comes From, Inc.",Industrials,Specialty Business Services,United States,NASDAQ,69592402.0,13.81,59.75,57.28,9,81.7,3107,False,-23.83,49.62,12.76,11.81,16.16,13.88,11.61,12.2467,12.351,11.889,12.1269,12.373,92273,1255,2026-09-04,63.02,5039276.0
NASDAQ:AVLN,AVLN,Avalyn Pharma Inc.,Healthcare,Biotechnology,United States,NASDAQ,1657614422.0,37.39,59.78,59.03,9,81.8,3108,True,-4.74,45.6,,,,,,,,,,,7097725,89,2026-09-04,52.61,44333095.0
NASDAQ:GLXY,GLXY,Galaxy Digital Inc.,Financial Services,Capital Markets,United States,NASDAQ,5041979700.0,26.33,59.78,55.9,9,81.8,3109,False,-38.57,56.35,5.04,-2.3,,,,25.0672,26.9508,,,,137816118,328,2026-09-04,60.46,191491823.0
NASDAQ:SFNC,SFNC,Simmons First National Corporation,Financial Services,Banks - Regional,United States,NASDAQ,3421842399.0,23.69,59.83,57.57,9,81.8,3110,False,-1.78,41.71,14.26,17.16,18.33,26.08,28.35,20.7338,20.2202,20.0208,18.7904,18.4578,25753141,1255,2026-09-04,49.09,144442482.0
NASDAQ:TOP,TOP,TOP Financial Group Limited,Financial Services,Capital Markets,Singapore,NASDAQ,1824340277.0,14.99,59.83,61.2,9,81.8,3111,False,-10.4,381.99,125.1,127.94,119.56,48.31,-14.45,6.6593,6.5762,6.8274,10.107,17.5216,1679351,1070,2026-09-04,61.34,121703821.0
NASDAQ:MNSB,MNSB,"MainStreet Bancshares, Inc.",Financial Services,Banks - Regional,United States,NASDAQ,181067623.0,25.44,59.84,58.18,9,81.9,3112,True,0.0,43.0,13.26,16.51,28.35,32.13,25.69,22.4618,21.8353,19.8204,19.2539,20.2397,798737,1255,2026-09-04,57.36,7117438.0
NYSE:SAN,SAN,"Banco Santander, S.A. Sponsored ADR (Spain)",Financial Services,Banks - Diversified,Spain,NYSE,213261380958.0,14.93,59.84,59.18,9,81.9,3113,False,-0.8,58.59,20.31,25.31,63.72,100.78,136.42,12.41,11.9148,9.1194,7.4359,6.3151,269129176,1255,2026-09-04,62.92,14284084458.0
NYSE:ACA,ACA,"Arcosa, Inc.",Industrials,Engineering & Construction,United States,NYSE,7100154695.0,145.45,59.85,62.1,9,82.0,3114,False,-0.03,63.44,17.93,23.8,39.11,51.05,65.2,123.3401,117.492,104.5583,96.2942,88.0451,81085617,1255,2026-09-04,60.45,48815089.0
NASDAQ:PTEN,PTEN,"Patterson-UTI Energy, Inc.",Energy,Oil & Gas Drilling,United States,NASDAQ,4714851250.0,12.42,59.85,59.1,9,82.0,3115,False,-5.55,150.2,33.26,45.36,62.93,46.35,31.35,9.3199,8.5446,7.6231,8.4867,9.4555,91082950,1255,2026-09-04,61.69,379617653.0
NASDAQ:VANI,VANI,"Vivani Medical, Inc.",Healthcare,Biotechnology,United States,NASDAQ,128490305.0,1.49,59.85,57.57,9,82.0,3116,True,-20.32,58.85,16.03,12.79,17.77,15.7,12.21,1.2841,1.321,1.2652,1.2878,1.3279,300905,1255,2026-09-04,51.06,86235104.0
NASDAQ:CZFS,CZFS,"Citizens Financial Services, Inc.",Financial Services,Banks - Regional,United States,NASDAQ,398785581.0,82.92,59.86,59.73,9,82.0,3117,False,-0.9,59.71,26.19,29.88,36.84,49.12,42.22,65.7097,63.8436,60.5977,55.6068,58.3045,2579820,1255,2026-09-04,62.72,4809281.0
NASDAQ:RBKB,RBKB,"Rhinebeck Bancorp, Inc.",Financial Services,Banks - Regional,United States,NASDAQ,200482198.0,12.82,59.86,58.23,9,82.0,3118,False,-0.62,86.17,18.59,25.41,44.56,65.57,75.39,10.8103,10.2224,8.8684,7.7427,7.3094,1337943,1255,2026-09-04,58.9,15638237.0
NASDAQ:CAC,CAC,Camden National Corporation,Financial Services,Banks - Regional,United States,NASDAQ,982856200.0,58.17,59.87,58.93,9,82.1,3119,False,-2.68,68.32,18.8,24.85,35.47,50.53,56.67,48.9636,46.5909,42.9379,38.6427,37.1294,4849989,1255,2026-09-04,55.84,16896273.0
NASDAQ:PRCT,PRCT,PROCEPT BioRobotics Corporation,Healthcare,Medical Devices,United States,NASDAQ,1295472889.0,22.76,59.87,56.15,9,82.1,3120,True,-44.05,36.37,-12.48,-18.4,-52.05,-52.71,-49.85,26.0068,27.8923,47.4702,48.1248,45.3839,22047679,1249,2026-09-04,52.78,56918844.0
NYSE:SMWB,SMWB,Similarweb Ltd.,Technology,Software - Application,Israel,NYSE,774388782.0,8.84,59.88,61.92,9,82.1,3121,False,-12.48,279.4,66.62,45.66,10.99,16.43,21.63,5.3056,6.0688,7.9649,7.5923,7.2679,9895842,1255,2026-09-04,60.9,87600541.0
NASDAQ:CHEF,CHEF,"The Chefs' Warehouse, Inc.",Consumer Defensive,Food Distribution,United States,NASDAQ,4665440052.0,114.36,59.89,60.84,9,82.1,3122,False,-1.0,109.45,47.6,54.63,78.95,113.7,135.16,77.482,73.9581,63.9078,53.5136,48.6312,79441820,1255,2026-09-04,59.65,40796083.0
NASDAQ:BSRR,BSRR,Sierra Bancorp,Financial Services,Banks - Regional,United States,NASDAQ,532536349.0,41.08,59.91,56.75,9,82.2,3123,False,-3.49,59.1,12.99,18.48,31.49,50.55,66.06,36.3556,34.6725,31.2417,27.2866,24.7383,2100862,1255,2026-09-04,56.32,12963397.0
NASDAQ:WMG,WMG,Warner Music Group Corp.,Communication Services,Entertainment,United States,NASDAQ,4208649488.0,28.78,59.95,56.4,9,82.2,3124,False,-16.11,23.27,1.68,-0.76,-1.72,-3.19,-1.36,28.3033,28.9999,29.2846,29.7274,29.1782,48921443,1255,2026-09-04,67.74,146235215.0
NYSE:ICE,ICE,Intercontinental Exchange Inc.,Financial Services,Financial Data & Stock Exchanges,United States,NYSE,90530474974.0,161.26,59.96,60.35,9,82.2,3125,False,-7.29,31.2,4.34,3.77,0.79,8.41,17.93,154.5576,155.4046,160.0004,148.7538,136.7392,505433693,1255,2026-09-04,68.48,561394487.0
NYSE:CNR,CNR,"Core Natural Resources, Inc.",Energy,Thermal Coal,United States,NYSE,5021606108.0,99.62,59.98,59.56,9,82.3,3126,True,-11.84,38.65,11.07,12.76,13.44,11.03,20.33,89.6949,88.3431,87.8166,89.7212,82.7884,48720152,1255,2026-09-04,56.35,50407610.0
NASDAQ:PEPG,PEPG,PepGen Inc.,Healthcare,Biotechnology,United States,NASDAQ,215116259.0,3.11,59.98,60.87,9,82.3,3127,False,-56.62,130.37,-14.95,-16.48,-12.24,-47.2,-58.27,3.6566,3.7235,3.5437,5.8899,7.4521,2218897,1087,2026-09-04,63.25,69169215.0
NYSE:CDE,CDE,"Coeur Mining, Inc.",Basic Materials,Gold,United States,NYSE,21888553863.0,21.24,59.99,59.2,9,82.3,3128,False,-21.68,53.86,12.22,13.97,63.58,113.17,155.9,18.9272,18.637,12.9846,9.9641,8.3001,762845640,1255,2026-09-04,62.95,1030534551.0
NASDAQ:TWLV,TWLV,Twelve Seas Investment Company III,Financial Services,Shell Companies,United States,NASDAQ,178692150.0,10.07,60.0,61.32,9,82.3,3129,False,-2.99,2.34,,,,,,,,,,,269808,165,2026-09-04,60.0,17745000.0
NASDAQ:GWRS,GWRS,"Global Water Resources, Inc.",Utilities,Utilities - Regulated Water,United States,NASDAQ,255996343.0,8.9,60.04,61.39,9,82.3,3130,False,-16.27,35.45,13.82,8.19,-5.96,-11.23,-14.25,7.8196,8.2261,9.4637,10.0261,10.3785,1082204,1255,2026-09-04,60.63,28763634.0
NYSE:RES,RES,"RPC, Inc.",Energy,Oil & Gas Equipment & Services,United States,NYSE,1440770578.0,6.5,60.06,56.92,9,82.4,3131,True,-17.71,57.88,4.5,10.04,16.16,8.52,1.86,6.2203,5.9071,5.5957,5.9896,6.3812,8737933,1255,2026-09-04,59.13,221657012.0
NASDAQ:BMHL,BMHL,Bluemount Holdings Limited,Financial Services,Capital Markets,Hong Kong,NASDAQ,83669544.0,5.97,60.09,59.85,9,82.4,3132,False,-3.08,94.46,37.1,42.67,,,,4.3546,4.1845,,,,4300,291,2026-09-04,62.15,14014999.0
NYSE:BZH,BZH,"Beazer Homes USA, Inc.",Consumer Cyclical,Residential Construction,United States,NYSE,909123020.0,33.26,60.09,61.32,9,82.4,3133,True,-2.38,84.47,31.74,33.46,30.78,25.16,36.4,25.2459,24.9209,25.4315,26.5743,24.3838,23157814,1255,2026-09-04,58.92,27333825.0
NYSE:BGY,BGY,Blackrock Enhanced International Dividend Trust,Financial Services,Asset Management,United States,NYSE,535531429.0,5.91,60.11,59.31,9,82.5,3134,False,-0.51,17.73,5.64,6.61,12.92,20.12,26.69,5.5944,5.5438,5.2336,4.9202,4.665,991669,1255,2026-09-04,60.11,90614455.0
NYSE:ESTC,ESTC,Elastic N.V.,Technology,Software - Application,Netherlands,NYSE,9543799426.0,91.81,60.12,61.63,9,82.5,3135,False,-8.11,112.03,43.8,33.74,15.71,5.68,13.75,63.8438,68.6459,79.3455,86.8755,80.7141,285765787,1255,2026-09-04,66.0,103951633.0
NASDAQ:MU,MU,"Micron Technology, Inc.",Technology,Semiconductors,United States,NASDAQ,1148129783375.0,1016.59,60.15,56.56,9,82.5,3136,False,-16.22,675.08,67.66,95.1,227.34,325.13,423.87,606.3406,521.0602,310.5575,239.1245,194.0555,26141063050,1255,2026-09-04,53.49,1129393151.0
NASDAQ:CRDF,CRDF,"Cardiff Oncology, Inc.",Healthcare,Biotechnology,United States,NASDAQ,84796820.0,1.09,60.17,53.6,9,82.5,3137,False,-66.04,34.57,-36.55,-39.89,-56.83,-56.3,-52.25,1.7178,1.8132,2.525,2.4941,2.2825,678362,1255,2026-09-04,59.3,77795248.0
NYSE:T,T,AT&T Inc.,Communication Services,Telecom Services,United States,NYSE,175969263492.0,25.68,60.18,59.95,9,82.6,3138,False,-9.63,27.07,3.98,3.1,5.6,20.89,31.61,24.6965,24.9067,24.3185,21.242,19.5122,786189182,1255,2026-09-04,69.23,6852385650.0
NYSE:CWH,CWH,"Camping World Holdings, Inc.",Consumer Cyclical,Auto & Truck Dealerships,United States,NYSE,444242880.0,6.96,60.2,55.5,9,82.6,3139,True,-60.37,23.62,-17.63,-28.88,-51.41,-57.93,-61.75,8.4499,9.7861,14.3247,16.5437,18.1966,9478889,1255,2026-09-04,55.47,63828000.0
NYSE:GRDN,GRDN,"Guardian Pharmacy Services, Inc.",Healthcare,Medical Care Facilities,United States,NYSE,2029578749.0,40.77,60.21,55.55,9,82.6,3140,False,-6.98,74.16,13.96,19.96,,,,35.7743,33.9853,,,,15008944,487,2026-09-04,57.29,49781181.0
NASDAQ:NESR,NESR,National Energy Services Reunited Corp,Energy,Oil & Gas Equipment & Services,United States,NASDAQ,3504442111.0,34.75,60.22,60.15,9,82.6,3141,True,-4.3,264.64,48.29,66.08,141.26,,,23.434,20.9243,14.4038,,,76781116,543,2026-09-04,59.15,100847255.0
NASDAQ:FDBC,FDBC,"Fidelity D & D Bancorp, Inc.",Financial Services,Banks - Regional,United States,NASDAQ,319875086.0,55.07,60.23,59.2,9,82.7,3142,False,-1.2,38.31,18.36,20.51,23.62,23.99,26.84,46.5268,45.6976,44.5465,44.4165,43.417,381803,1255,2026-09-04,59.98,5808518.0
AMEX:HSLV,HSLV,Highlander Silver Corp.,Basic Materials,Silver,Canada,AMEX,1171718888.0,5.76,60.24,58.28,9,82.7,3143,False,-13.25,42.22,,,,,,,,,,,3378565,124,2026-09-04,64.39,203423418.0
NASDAQ:RMBI,RMBI,"Richmond Mutual Bancorporation, Inc.",Financial Services,Banks - Regional,United States,NASDAQ,256707766.0,16.01,60.25,58.74,9,82.7,3144,False,-0.17,29.12,12.31,13.8,20.06,30.36,35.93,14.2556,14.0684,13.3352,12.2813,11.7783,840350,1255,2026-09-04,56.41,16034214.0
NASDAQ:XPEL,XPEL,"XPEL, Inc.",Consumer Cyclical,Auto Parts,United States,NASDAQ,1418012678.0,51.45,60.25,58.58,9,82.7,3145,False,-6.37,59.93,9.19,15.2,24.68,16.38,0.94,47.1206,44.6604,41.2648,44.207,50.9717,8830053,1255,2026-09-04,58.41,27560985.0
NASDAQ:BRBI,BRBI,BRBI BR Partners S.A. - ADSs,Financial Services,Capital Markets,Brazil,NASDAQ,286375783.0,10.91,60.27,54.06,9,82.8,3146,False,-50.95,19.43,-16.52,,,,,13.0693,,,,,8831,242,2026-09-04,64.45,26248926.0
NASDAQ:NECB,NECB,"NorthEast Community Bancorp, Inc.",Financial Services,Banks - Regional,United States,NASDAQ,374183909.0,27.17,60.29,57.3,9,82.8,3147,False,-3.19,42.95,12.2,16.48,17.98,32.26,46.07,24.2152,23.3254,23.0293,20.5433,18.6004,1085380,1255,2026-09-04,56.26,13771951.0
NYSE:PJT,PJT,PJT Partners Inc.,Financial Services,Capital Markets,United States,NYSE,4671459193.0,182.73,60.31,59.16,9,82.8,3148,False,-4.09,42.02,13.66,11.64,15.35,32.75,50.88,160.7754,163.6791,158.4112,137.6541,121.1056,71307245,1255,2026-09-04,65.34,25564818.0
NASDAQ:AYA,AYA,Aya Gold & Silver Inc.,Basic Materials,Silver,Canada,NASDAQ,4144241244.0,28.91,60.32,60.4,9,82.9,3149,False,-3.05,212.54,58.0,71.75,120.79,151.23,182.54,18.2969,16.8329,13.0937,11.5076,10.2323,30717027,1255,2026-09-04,64.48,143349749.0
NYSE:EROK,EROK,"EagleRock Land, LLC Class A shares representing limited liability company interests",Energy,Oil & Gas Equipment & Services,United States,NYSE,681283445.0,25.85,60.32,59.37,9,82.9,3150,False,-2.82,29.31,,,,,,,,,,,4626046,79,2026-09-04,60.08,26355259.0
NASDAQ:ONEW,ONEW,OneWater Marine Inc.,Consumer Cyclical,Specialty Retail,United States,NASDAQ,211042771.0,12.7,60.33,56.92,9,82.9,3151,False,-25.12,52.1,11.23,3.54,-15.17,-32.04,-41.41,11.4175,12.2654,14.9703,18.6869,21.6766,1462999,1255,2026-09-04,47.44,16617541.0
NASDAQ:OSPN,OSPN,OneSpan Inc.,Technology,Software - Infrastructure,United States,NASDAQ,619116595.0,16.7,60.33,59.78,9,82.9,3152,False,-0.54,67.61,31.18,27.9,17.12,27.71,28.8,12.7305,13.057,14.259,13.0766,12.9655,5922816,1255,2026-09-04,61.27,37072850.0
NASDAQ:WASH,WASH,"Washington Trust Bancorp, Inc.",Financial Services,Banks - Regional,United States,NASDAQ,767798460.0,40.26,60.33,59.89,9,82.9,3153,False,0.0,66.55,21.4,26.54,34.97,46.26,43.25,33.1621,31.8168,29.8291,27.5257,28.1043,5502436,1255,2026-09-04,56.42,19071000.0
NASDAQ:CTMX,CTMX,"CytomX Therapeutics, Inc.",Healthcare,Biotechnology,United States,NASDAQ,807677829.0,3.71,60.34,56.83,9,83.0,3154,True,-45.04,92.23,-10.75,-5.95,39.92,60.93,71.14,4.1567,3.9449,2.6515,2.3053,2.1678,10615416,1255,2026-09-04,59.42,217702919.0
NYSE:SMHI,SMHI,SEACOR Marine Holdings Inc.,Industrials,Marine Shipping,United States,NYSE,264816382.0,9.76,60.34,60.72,9,83.0,3155,True,-2.01,73.98,29.13,32.94,41.61,11.15,10.61,7.558,7.3417,6.8923,8.7809,8.824,906001,1255,2026-09-04,59.89,27132826.0
NYSE:ALSN,ALSN,"Allison Transmission Holdings, Inc.",Consumer Cyclical,Auto Parts,United States,NYSE,10884518146.0,131.24,60.36,58.62,9,83.0,3156,False,-3.04,67.32,14.84,21.64,27.16,43.93,65.12,114.2788,107.8915,103.2115,91.1821,79.4819,93422319,1255,2026-09-04,56.5,82935981.0
NYSE:CLF,CLF,Cleveland-Cliffs Inc.,Basic Materials,Steel,United States,NYSE,7131750588.0,12.5,60.37,57.47,9,83.1,3157,True,-22.74,59.85,9.47,7.87,15.34,-3.74,-10.08,11.4189,11.5882,10.8372,12.9863,13.901,169460252,1255,2026-09-04,58.17,570540047.0
NYSE:VYX,VYX,NCR Voyix Corporation,Technology,Information Technology Services,United States,NYSE,1259557580.0,9.14,60.38,58.24,9,83.1,3158,True,-31.33,48.62,9.59,0.5,-14.45,-23.33,-27.91,8.3399,9.0948,10.6839,11.9206,12.6791,21038062,1255,2026-09-04,58.36,137807175.0
NASDAQ:NVDA,NVDA,NVIDIA Corporation,Technology,Semiconductors,United States,NASDAQ,5579549560000.0,230.36,60.39,58.35,9,83.1,3159,False,-2.17,39.63,17.22,18.65,39.24,68.66,111.56,196.5254,194.154,165.4456,136.5809,108.8884,28402981248,1255,2026-09-04,59.21,24221000000.0
NASDAQ:FMNB,FMNB,Farmers National Banc Corp.,Financial Services,Banks - Regional,United States,NASDAQ,951585387.0,16.07,60.41,59.71,9,83.1,3160,False,-1.89,32.19,15.77,16.47,19.4,25.51,29.42,13.8806,13.7972,13.4593,12.8038,12.4165,5840974,1255,2026-09-04,55.05,59215021.0
NASDAQ:KELYA,KELYA,"Kelly Services, Inc.",Industrials,Staffing & Employment Services,United States,NASDAQ,528951292.0,16.86,60.41,62.3,9,83.1,3161,False,-2.43,112.98,53.87,51.33,34.66,12.09,11.1,10.9576,11.1414,12.5201,15.0409,15.1749,5395036,1255,2026-09-04,58.63,31373149.0
NYSE:NPWR,NPWR,NET Power Inc.,Industrials,Specialty Industrial Machinery,United States,NYSE,170580736.0,1.93,60.44,57.96,9,83.2,3162,False,-60.21,41.91,-2.4,-13.76,-51.74,-68.99,-73.88,1.9774,2.2381,3.999,6.2246,7.3898,1956378,1255,2026-09-04,55.56,88383801.0
NYSE:YEXT,YEXT,"Yext, Inc.",Technology,Software - Infrastructure,United States,NYSE,652615235.0,6.51,60.44,62.0,9,83.2,3163,True,-27.59,94.91,15.26,4.25,-2.73,1.79,-2.71,5.6483,6.2448,6.6928,6.3955,6.691,6463399,1255,2026-09-04,58.86,100248116.0
NYSE:NOG,NOG,"Northern Oil and Gas, Inc.",Energy,Oil & Gas E&P,United States,NYSE,2819685272.0,25.92,60.45,60.56,9,83.2,3164,True,-12.6,49.22,11.44,12.64,-0.86,-8.89,-8.1,23.2601,23.0121,26.145,28.4476,28.2051,58061958,1255,2026-09-04,60.26,108784154.0
NASDAQ:CRBP,CRBP,"Corbus Pharmaceuticals Holdings, Inc.",Healthcare,Biotechnology,United States,NASDAQ,205287969.0,11.08,60.46,59.84,9,83.3,3165,False,-42.77,50.14,19.33,9.65,-4.38,-35.18,-22.54,9.2851,10.1045,11.5879,17.0926,14.3048,6143069,1255,2026-09-04,68.24,18527795.0
NASDAQ:MDXG,MDXG,"MiMedx Group, Inc",Healthcare,Biotechnology,United States,NASDAQ,666125339.0,4.57,60.46,59.17,9,83.3,3166,True,-42.59,47.9,-2.99,-12.08,-27.18,-31.18,-25.06,4.7108,5.1981,6.2757,6.6405,6.0981,4248033,1255,2026-09-04,54.5,145760468.0
NYSE:OOMA,OOMA,"Ooma, Inc.",Technology,Software - Application,United States,NYSE,637415894.0,23.2,60.46,59.39,9,83.3,3167,False,-0.77,119.28,46.89,54.85,65.98,83.45,79.39,15.7938,14.9826,13.978,12.6466,12.933,9930220,1255,2026-09-04,61.79,27474823.0
NASDAQ:CLMB,CLMB,"Climb Global Solutions, Inc.",Technology,Electronics & Computer Distribution,United States,NASDAQ,544330840.0,29.17,60.47,59.9,9,83.4,3168,False,-18.51,74.88,17.43,10.91,6.93,27.01,48.34,24.8412,26.3005,27.2807,22.9669,19.6639,3735993,1255,2026-09-04,54.66,18660639.0
NYSE:STT,STT,State Street Corporation,Financial Services,Asset Management,United States,NYSE,53363564869.0,194.26,60.47,60.63,9,83.4,3169,False,0.0,80.34,31.29,38.09,66.28,92.77,110.39,147.9587,140.6769,116.8238,100.7727,92.3323,243217861,1255,2026-09-04,60.03,274701765.0
AMEX:ARMP,ARMP,"Armata Pharmaceuticals, Inc.",Healthcare,Biotechnology,United States,AMEX,214391130.0,5.84,60.49,54.98,9,83.4,3170,True,-60.54,107.09,-22.22,-14.27,31.47,48.81,64.94,7.5082,6.8124,4.442,3.9246,3.5407,505632,1255,2026-09-04,56.24,36710810.0
NASDAQ:KGEI,KGEI,Kolibri Global Energy Inc.,Energy,Oil & Gas E&P,United States,NASDAQ,219129801.0,6.15,60.51,59.24,9,83.4,3171,False,-5.38,81.95,27.72,26.82,15.18,29.24,38.84,4.8151,4.8493,5.3397,4.7585,4.4294,879201,1255,2026-09-04,65.09,35630862.0
NYSE:MFC,MFC,Manulife Financial Corporation,Financial Services,Insurance - Life,Canada,NYSE,73856006443.0,44.34,60.53,59.68,9,83.5,3172,False,-0.56,48.65,17.28,21.64,34.97,53.52,72.88,37.8065,36.4533,32.8509,28.8816,25.6476,120741892,1255,2026-09-04,63.13,1665674480.0
NASDAQ:REGN,REGN,"Regeneron Pharmaceuticals, Inc.",Healthcare,Biotechnology,United States,NASDAQ,83713814580.0,827.72,60.54,62.28,9,83.5,3173,False,-2.85,49.77,13.33,17.76,18.0,6.33,7.61,730.3898,702.9151,701.4745,778.4394,769.1801,560272606,1255,2026-09-04,66.62,101137842.0
NASDAQ:CD,CD,Chaince Digital Holdings Inc. - American,Financial Services,Capital Markets,United States,NASDAQ,323336266.0,4.07,60.58,55.22,9,83.5,3174,False,-88.63,53.58,-22.48,-42.38,-30.44,-8.83,10.34,5.2504,7.0637,5.851,4.4643,3.6886,965637,1255,2026-09-04,54.62,79443800.0
NASDAQ:SFBC,SFBC,"Sound Financial Bancorp, Inc.",Financial Services,Banks - Regional,United States,NASDAQ,113686829.0,47.75,60.58,59.19,9,83.5,3175,False,0.0,17.4,9.53,8.91,2.16,8.82,13.74,43.5947,43.8442,46.7422,43.8818,41.982,141530,1255,2026-09-04,59.38,2380876.0
NYSE:FUBO,FUBO,FuboTV Inc.,Communication Services,Broadcasting,United States,NYSE,331242278.0,11.25,60.6,57.65,9,83.6,3176,False,-79.44,39.06,-32.96,-51.1,-60.28,-58.49,-59.24,16.7802,23.0076,28.3221,27.1003,27.5978,14581675,1255,2026-09-04,65.18,29443758.0
NYSE:CPAY,CPAY,"Corpay, Inc.",Technology,Software - Infrastructure,United States,NYSE,27214742214.0,416.37,60.62,60.66,9,83.6,3177,False,-2.09,63.28,23.57,27.35,24.99,32.72,44.3,336.9452,326.9526,333.1229,313.7197,288.542,180732282,1255,2026-09-04,63.68,65361919.0
NASDAQ:FDMT,FDMT,"4D Molecular Therapeutics, Inc.",Healthcare,Biotechnology,United States,NASDAQ,782575522.0,14.97,60.65,60.7,9,83.6,3178,True,-10.68,126.82,48.18,50.61,86.83,24.4,12.99,10.1028,9.9395,8.0126,12.034,13.2488,16749351,1255,2026-09-04,58.91,52276254.0
NASDAQ:INTA,INTA,"Intapp, Inc.",Technology,Software - Application,United States,NASDAQ,3214239127.0,41.71,60.67,63.18,9,83.7,3179,False,-12.5,117.92,35.02,26.56,-5.41,0.25,6.03,30.8911,32.9568,44.096,41.6063,39.3376,24139624,1255,2026-09-04,67.48,77061595.0
NYSE:TM,TM,Toyota Motor Corporation,Consumer Cyclical,Auto Manufacturers,Japan,NYSE,233398985433.0,197.11,60.67,59.12,9,83.7,3180,False,-20.61,18.38,-2.54,-2.28,3.46,2.71,10.82,202.2457,201.7177,190.5202,191.9082,177.867,64296728,1255,2026-09-04,67.47,1184105248.0
AMEX:TONT,TONT,Graf Global Corp.,Financial Services,Shell Companies,United States,AMEX,154056796.0,10.88,60.67,55.83,9,83.7,3181,False,-3.72,3.72,1.09,1.43,3.89,,,10.7632,10.7269,10.4725,,,1334925,515,2026-09-04,56.02,14159632.0
NASDAQ:FIVE,FIVE,"Five Below, Inc.",Consumer Cyclical,Specialty Retail,United States,NASDAQ,13945487522.0,252.2,60.68,60.74,9,83.7,3182,True,-4.0,82.11,21.05,28.15,69.08,67.06,59.21,208.3453,196.8008,149.1614,150.9662,158.4096,296724961,1255,2026-09-04,52.76,55295351.0
NYSE:MCI,MCI,Barings Corporate Investors,Financial Services,Asset Management,United States,NYSE,383364775.0,18.65,60.68,60.86,9,83.7,3183,False,-11.26,16.96,4.11,2.62,3.14,11.19,22.86,17.9144,18.1736,18.0816,16.7734,15.1797,1040147,1255,2026-09-04,65.13,20555752.0
NYSE:UBS,UBS,UBS Group AG Registered,Financial Services,Banks - Diversified,Switzerland,NYSE,181524849982.0,55.38,60.68,60.15,9,83.7,3184,False,-0.61,56.02,21.99,25.78,46.71,62.84,85.11,45.3971,44.0292,37.7481,34.0082,29.9172,85143290,1255,2026-09-04,63.19,3277805164.0
NASDAQ:ZBRA,ZBRA,Zebra Technologies Corporation,Technology,Communication Equipment,United States,NASDAQ,17278536614.0,362.74,60.7,62.52,9,83.8,3185,False,-5.3,82.01,41.01,37.25,21.45,24.56,25.62,257.2446,264.2884,298.6803,291.2121,288.7566,215427919,1255,2026-09-04,58.14,47633392.0
NYSE:NEM,NEM,Newmont Corporation,Basic Materials,Gold,United States,NYSE,134967442992.0,128.09,60.72,60.95,9,83.8,3186,False,-5.02,70.68,18.57,24.35,67.08,100.67,120.02,108.0298,103.0096,76.6636,63.8298,58.2175,1016718353,1255,2026-09-04,64.27,1053692271.0
NASDAQ:CTSH,CTSH,Cognizant Technology Solutions Corporation,Technology,Information Technology Services,United States,NASDAQ,28067178663.0,62.31,60.73,61.83,9,83.8,3187,False,-26.83,61.83,0.47,-1.44,-9.97,-9.49,-5.94,62.0165,63.2188,69.2122,68.8398,66.246,398161014,1255,2026-09-04,71.54,450444209.0
NASDAQ:DUOL,DUOL,"Duolingo, Inc.",Technology,Software - Application,United States,NASDAQ,6215017060.0,154.46,60.74,59.55,9,83.9,3188,False,-55.52,71.57,17.58,-5.39,-40.19,-34.87,-25.01,131.3624,163.2592,258.2657,237.1489,205.9859,172395945,1255,2026-09-04,65.98,40237065.0
NASDAQ:WGS,WGS,GeneDx Holdings Corp.,Healthcare,Diagnostics & Research,United States,NASDAQ,2552873442.0,85.99,60.75,60.73,9,83.9,3189,False,-48.67,149.17,1.39,-7.89,-0.54,38.95,71.65,84.8142,93.3541,86.453,61.8868,50.0948,41224754,1255,2026-09-04,63.92,29688027.0
NYSE:WLYB,WLYB,"John Wiley & Sons, Inc.",Communication Services,Publishing,United States,NYSE,473177818.0,54.02,60.76,61.14,9,83.9,3190,False,-1.3,85.29,35.53,37.14,33.05,40.89,44.01,39.8578,39.3908,40.6007,38.3423,37.5121,15239,1254,2026-09-03,54.32,8759308.0
NASDAQ:AGEN,AGEN,Agenus Inc.,Healthcare,Biotechnology,United States,NASDAQ,343133631.0,8.24,60.78,61.24,9,84.0,3191,False,-1.44,197.47,94.92,95.3,103.69,12.41,-47.07,4.2275,4.2192,4.0453,7.3303,15.5683,8251580,1255,2026-09-04,60.78,41642431.0
NYSE:BNS,BNS,Bank Nova Scotia Halifax Pfd 3,Financial Services,Banks - Diversified,Canada,NYSE,114375350669.0,93.82,60.82,60.35,9,84.0,3192,False,-1.16,51.28,21.18,25.82,50.27,68.93,79.88,77.4246,74.5669,62.4357,55.5368,52.1556,183605407,1255,2026-09-04,65.14,1219093484.0
NYSE:CF,CF,"CF Industries Holdings, Inc.",Basic Materials,Agricultural Inputs,United States,NYSE,20486463688.0,133.35,60.82,59.6,9,84.0,3193,False,-4.25,77.82,24.4,30.13,43.85,54.11,57.96,107.1945,102.4749,92.6979,86.5301,84.4214,333997510,1255,2026-09-04,69.25,153629274.0
NASDAQ:IMXI,IMXI,"International Money Express, Inc.",Technology,Software - Infrastructure,United States,NASDAQ,436671079.0,14.51,60.82,56.99,9,84.0,3194,False,-8.97,27.84,-3.26,-2.77,-4.47,-13.54,-21.35,14.9986,14.9228,15.1892,16.7829,18.4477,11140357,1255,2026-09-04,60.17,30094492.0
NASDAQ:ACIU,ACIU,AC Immune SA,Healthcare,Biotechnology,Switzerland,NASDAQ,291072419.0,2.86,60.84,58.75,9,84.1,3195,False,-28.32,34.91,0.84,-0.56,6.76,-1.77,1.77,2.8361,2.8762,2.679,2.9114,2.8102,675896,1255,2026-09-04,65.02,101773573.0
NASDAQ:CME,CME,CME Group Inc.,Financial Services,Financial Data & Stock Exchanges,United States,NASDAQ,101145168201.0,281.29,60.84,59.71,9,84.1,3196,False,-11.32,28.69,2.23,3.51,10.19,20.7,31.19,275.1645,271.7518,255.2858,233.0406,214.4109,525366308,1255,2026-09-04,61.92,359576125.0
NASDAQ:GLIBA,GLIBA,Liberty Capital Corporation - Series A GCI Group,Communication Services,Telecom Services,United States,NASDAQ,97187970.0,26.62,60.84,58.67,9,84.1,3197,False,-33.83,30.62,-14.69,-17.31,,,,31.2029,32.1915,,,,947581,291,2026-09-04,61.57,3650938.0
NYSE:LNC,LNC,Lincoln National Corporation,Financial Services,Insurance - Life,United States,NYSE,8705110368.0,45.47,60.84,59.69,9,84.1,3198,False,-3.26,42.97,17.33,17.29,28.63,43.31,50.61,38.753,38.7666,35.3492,31.7293,30.1896,79840967,1255,2026-09-04,62.06,191447336.0
NYSE:GBTG,GBTG,"Global Business Travel Group, Inc.",Consumer Cyclical,Travel Services,United Kingdom,NYSE,4952100240.0,9.48,60.86,65.32,9,84.2,3199,False,-0.32,90.74,21.93,21.41,22.74,32.46,35.58,7.7751,7.8085,7.7238,7.1568,6.992,16228014,1016,2026-09-04,65.03,522373443.0
NYSE:OR,OR,OR Royalties Inc.,Basic Materials,Gold,Canada,NYSE,6995470686.0,37.31,60.86,59.66,9,84.2,3200,False,-21.55,33.01,1.58,2.27,27.59,53.01,73.12,36.7284,36.4812,29.2429,24.3846,21.552,38021917,1255,2026-09-04,62.98,187495864.0
NASDAQ:SCSC,SCSC,"ScanSource, Inc.",Technology,Electronics & Computer Distribution,United States,NASDAQ,1188578456.0,58.48,60.86,59.61,9,84.2,3201,False,-0.7,70.64,32.3,33.21,35.05,38.27,49.44,44.201,43.8995,43.302,42.2947,39.1335,18143375,1255,2026-09-04,59.18,20324529.0
NYSE:BDJ,BDJ,Blackrock Enhanced Equity Dividend Trust,Financial Services,Asset Management,United States,NYSE,1749982974.0,9.89,60.88,61.27,9,84.2,3202,False,-0.2,22.42,9.03,10.9,19.99,29.76,35.66,9.0707,8.9177,8.2421,7.6218,7.2903,3654662,1255,2026-09-04,63.19,176944689.0
NASDAQ:AEYE,AEYE,"AudioEye, Inc.",Technology,Software - Application,United States,NASDAQ,95074888.0,7.61,60.89,58.18,9,84.3,3203,False,-50.49,40.93,-2.56,-15.71,-39.86,-37.82,-27.94,7.8098,9.0281,12.6535,12.2379,10.5606,1211007,1255,2026-09-04,56.29,12493415.0
NYSE:IVZ,IVZ,Invesco Ltd,Financial Services,Asset Management,United States,NYSE,14600405000.0,33.07,60.9,60.55,9,84.3,3204,False,-0.72,55.17,22.97,27.38,57.0,77.07,87.83,26.8922,25.9621,21.0642,18.6765,17.6062,119978220,1255,2026-09-04,58.58,441500000.0
NASDAQ:TXG,TXG,"10x Genomics, Inc.",Healthcare,Health Information Services,United States,NASDAQ,7322363910.0,62.65,60.9,62.9,9,84.3,3205,False,-3.79,452.47,116.49,143.94,220.41,152.15,109.66,28.9387,25.683,19.5528,24.8461,29.8816,180698923,1255,2026-09-04,62.39,116877317.0
NASDAQ:DSP,DSP,Viant Technology Inc.,Technology,Software - Application,United States,NASDAQ,273496504.0,13.66,60.93,58.01,9,84.3,3206,False,-3.05,67.81,18.97,24.39,6.06,20.34,41.92,11.4823,10.9817,12.8789,11.3512,9.6249,3703324,1255,2026-09-04,59.06,20021706.0
NASDAQ:DOO,DOO,BRP Inc. - Common Subordinate Voting Shares,Consumer Cyclical,Recreational Vehicles,Canada,NASDAQ,2593653056.0,67.32,60.95,58.53,9,84.4,3207,False,-17.11,32.56,1.83,2.52,19.22,12.44,6.23,66.1106,65.6671,56.4682,59.8695,63.3745,18718659,1255,2026-09-04,53.26,38527229.0
NYSE:ELME,ELME,Elme Communities,Real Estate,REIT - Residential,United States,NYSE,150169822.0,1.69,60.96,53.93,9,84.4,3208,True,-46.86,25.19,-19.95,-23.39,-27.23,-24.79,-25.96,2.1113,2.2061,2.3223,2.2471,2.2824,853133,1255,2026-09-04,58.65,88857883.0
NASDAQ:NEOV,NEOV,NeoVolta Inc.,Industrials,Electrical Equipment & Parts,United States,NASDAQ,211938793.0,3.86,60.96,60.13,9,84.4,3209,False,-36.3,141.25,20.63,9.8,8.41,25.26,24.94,3.1999,3.5156,3.5606,3.0816,3.0894,7496040,1255,2026-09-04,60.38,54906423.0
NYSE:GAP,GAP,"Gap, Inc. (The)",Consumer Cyclical,Apparel Retail,United States,NYSE,8074327467.0,22.43,60.97,58.31,9,84.5,3210,False,-21.73,22.23,-5.1,-3.76,0.88,6.92,24.0,23.6348,23.3073,22.2353,20.9791,18.0888,184348314,1255,2026-09-04,60.32,359978933.0
NYSE:OBK,OBK,"Origin Bancorp, Inc.",Financial Services,Banks - Regional,United States,NYSE,1680690457.0,54.48,60.97,59.65,9,84.5,3211,False,-0.87,71.11,21.02,27.23,42.04,53.37,56.13,45.0189,42.8203,38.3542,35.521,34.8936,9567327,1255,2026-09-04,60.08,30849678.0
NYSE:ORCL,ORCL,Oracle Corporation,Technology,Software - Infrastructure,United States,NYSE,457361185380.0,158.78,60.97,56.49,9,84.5,3212,False,-51.09,38.08,-5.44,-16.4,-13.51,-1.51,11.1,167.9171,189.9278,183.5811,161.2102,142.9146,3384429494,1255,2026-09-04,57.61,2880471000.0
NASDAQ:CAI,CAI,"Caris Life Sciences, Inc.",Healthcare,Biotechnology,United States,NASDAQ,7084661313.0,25.07,60.98,61.74,9,84.5,3213,False,-28.06,72.3,19.68,9.37,,,,20.9476,22.9212,,,,131095749,306,2026-09-04,62.59,282595186.0
NYSE:EGY,EGY,"VAALCO Energy, Inc.",Energy,Oil & Gas E&P,United States,NYSE,642072924.0,6.0,61.01,58.92,9,84.6,3214,False,-8.11,84.16,18.82,25.51,37.52,34.51,40.44,5.0496,4.7805,4.3629,4.4607,4.2722,7154402,1255,2026-09-04,62.94,107012154.0
NASDAQ:ATNI,ATNI,"ATN International, Inc.",Communication Services,Telecom Services,United States,NASDAQ,475729783.0,30.93,61.02,60.4,9,84.6,3215,False,-3.67,126.57,21.32,32.38,49.02,36.21,19.08,25.4943,23.3637,20.7558,22.7074,25.9734,2665005,1255,2026-09-04,62.36,15380853.0
NYSE:NOW,NOW,"ServiceNow, Inc.",Technology,Software - Application,United States,NYSE,146043346120.0,141.26,61.04,60.82,9,84.6,3216,False,-26.52,70.19,19.12,7.17,-12.7,-9.04,1.26,118.5832,131.806,161.8065,155.2916,139.5067,2327049341,1255,2026-09-04,65.74,1033862000.0
NYSE:NREF,NREF,"NexPoint Real Estate Finance, Inc.",Real Estate,REIT - Mortgage,United States,NYSE,335306436.0,17.79,61.04,59.83,9,84.6,3217,False,-2.09,51.05,22.26,25.86,33.01,42.56,49.02,14.5509,14.1347,13.3747,12.4786,11.9383,767060,1255,2026-09-04,59.24,18848029.0
NASDAQ:CCNE,CCNE,CNB Financial Corporation,Financial Services,Banks - Regional,United States,NASDAQ,1034167521.0,34.91,61.08,58.39,9,84.7,3218,False,-1.72,55.39,16.91,21.7,34.74,47.96,54.9,29.8601,28.6852,25.9083,23.5945,22.5367,5254058,1255,2026-09-04,54.71,29623819.0
NASDAQ:MFI,MFI,mF International Limited,Technology,Software - Application,Hong Kong,NASDAQ,470347525.0,9.59,61.09,57.27,9,84.7,3219,True,-78.4,57.21,-20.7,-41.26,-33.85,,,12.0939,16.3255,14.4981,,,281573,596,2026-09-04,55.17,49045623.0
NASDAQ:SLDP,SLDP,"Solid Power, Inc.",Consumer Cyclical,Auto Parts,United States,NASDAQ,565833985.0,2.515,61.1,55.02,9,84.7,3220,False,-70.45,25.75,-27.41,-34.62,-10.46,3.93,-5.21,3.4645,3.8467,2.8089,2.42,2.6533,6134549,1255,2026-09-04,59.17,224983692.0
NASDAQ:CZWI,CZWI,"Citizens Community Bancorp, Inc.",Financial Services,Banks - Regional,United States,NASDAQ,212980598.0,22.07,61.12,56.09,9,84.7,3221,False,-7.4,48.32,11.72,16.46,31.86,49.92,61.76,19.755,18.95,16.7373,14.721,13.6436,869015,1255,2026-09-04,58.31,9650231.0
NYSE:EXPD,EXPD,"Expeditors International of Washington, Inc.",Industrials,Integrated Freight & Logistics,United States,NYSE,24542229434.0,188.8,61.13,61.61,9,84.8,3222,False,-1.14,68.63,19.36,25.13,42.22,48.22,55.06,158.1786,150.8842,132.7557,127.3753,121.7604,142117227,1255,2026-09-04,57.91,129990622.0
NYSE:MH,MH,"McGraw Hill, Inc.",Consumer Defensive,Education & Training Services,United States,NYSE,2545885796.0,13.31,61.13,59.71,9,84.8,3223,False,-26.01,46.26,0.32,0.82,,,,13.2676,13.2012,,,,9084698,282,2026-09-04,60.32,191276168.0
NYSE:VET,VET,Vermilion Energy Inc. Common (Canada),Energy,Oil & Gas E&P,Canada,NYSE,1961952000.0,12.84,61.13,60.05,9,84.8,3224,False,-10.18,81.16,19.6,26.98,40.88,30.92,16.91,10.7354,10.1115,9.1144,9.8073,10.9832,15418800,1255,2026-09-04,64.35,152800000.0
NASDAQ:TRST,TRST,TrustCo Bank Corp NY,Financial Services,Banks - Regional,United States,NASDAQ,986261760.0,57.92,61.16,59.66,9,84.8,3225,False,0.0,72.53,21.61,27.65,51.13,69.56,77.07,47.6261,45.3732,38.3239,34.1597,32.7096,7674088,1255,2026-09-04,57.06,17028000.0
NASDAQ:ABCL,ABCL,AbCellera Biologics Inc.,Healthcare,Biotechnology,Canada,NASDAQ,3490440742.0,11.43,61.17,62.64,9,84.9,3226,False,-8.56,311.15,122.54,123.57,181.84,177.02,115.45,5.1362,5.1125,4.0555,4.126,5.3051,107464603,1255,2026-09-04,62.67,305375393.0
NYSE:AWK,AWK,"American Water Works Company, Inc.",Utilities,Utilities - Regulated Water,United States,NYSE,27961168752.0,140.7,61.19,59.38,9,84.9,3227,False,-0.61,16.93,8.27,7.72,6.69,9.79,8.53,129.9539,130.6121,131.8748,128.1523,129.6395,296856605,1255,2026-09-04,61.8,198728989.0
NASDAQ:PSIX,PSIX,"Power Solutions International, Inc.",Industrials,Specialty Industrial Machinery,United States,NASDAQ,933312720.0,40.49,61.2,56.26,9,84.9,3228,False,-65.03,59.16,-27.68,-35.32,-21.58,12.51,46.41,55.9858,62.6033,51.6302,35.9889,27.6559,14455425,1255,2026-09-04,50.49,23050450.0
NYSE:JNJ,JNJ,Johnson & Johnson,Healthcare,Drug Manufacturers - General,United States,NYSE,663276390852.0,275.23,61.22,60.55,9,85.0,3229,False,-1.15,61.59,17.87,23.51,46.86,59.15,64.77,233.5016,222.8457,187.4085,172.9381,167.0363,1681638905,1255,2026-09-04,65.95,2409898597.0
NASDAQ:RRBI,RRBI,"Red River Bancshares, Inc.",Financial Services,Banks - Regional,United States,NASDAQ,680594179.0,103.36,61.22,59.79,9,85.0,3230,False,-0.13,68.69,17.32,24.0,49.23,65.86,75.01,88.1003,83.3528,69.2616,62.3172,59.0597,5298259,1255,2026-09-04,61.91,6584696.0
NASDAQ:HNNA,HNNA,"Hennessy Advisors, Inc.",Financial Services,Asset Management,United States,NASDAQ,80604419.0,10.2,61.23,58.88,9,85.0,3231,False,-11.06,20.58,5.37,5.05,2.46,17.45,25.42,9.6799,9.7101,9.955,8.6844,8.1324,71906,1255,2026-09-04,74.93,7902394.0
NASDAQ:ALRS,ALRS,Alerus Financial Corporation,Financial Services,Banks - Regional,United States,NASDAQ,844270689.0,33.79,61.24,61.04,9,85.1,3232,False,-0.97,66.57,26.63,32.18,48.61,58.58,66.25,26.6831,25.5636,22.7375,21.3085,20.3246,4502858,1255,2026-09-04,56.3,24985815.0
NASDAQ:SCZM,SCZM,Santacruz Silver Mining Ltd.,Basic Materials,Other Industrial Metals & Mining,Canada,NASDAQ,921842548.0,9.94,61.24,60.9,9,85.1,3233,False,-38.49,102.02,12.43,19.19,96.03,172.28,229.47,8.8409,8.34,5.0706,3.6506,3.017,5047372,1255,2026-09-04,68.3,92740699.0
NASDAQ:SLDB,SLDB,Solid Biosciences Inc.,Healthcare,Biotechnology,United States,NASDAQ,1009108462.0,10.25,61.24,59.44,9,85.1,3234,False,-8.07,160.81,40.17,48.04,72.09,62.56,64.38,7.3123,6.9236,5.9563,6.3053,6.2357,7961050,1255,2026-09-04,64.08,98449606.0
NASDAQ:SNDK,SNDK,Sandisk Corporation - Common Stock When-Issued,Technology,Computer Hardware,United States,NASDAQ,257676178920.0,1740.0,61.24,56.52,9,85.1,3235,False,-25.48,2438.29,73.31,110.27,,,,1003.9676,827.523,,,,20606716702,392,2026-09-04,52.58,148089758.0
NASDAQ:ZURA,ZURA,Zura Bio Limited,Healthcare,Biotechnology,United States,NASDAQ,591106823.0,6.23,61.25,59.07,9,85.1,3236,False,-11.51,227.89,18.86,28.74,77.59,64.95,,5.2414,4.8391,3.5081,3.7768,,9518661,869,2026-09-04,54.64,94880710.0
NYSE:AMWL,AMWL,American Well Corporation,Healthcare,Health Information Services,United States,NYSE,195644832.0,12.99,61.26,60.24,9,85.2,3237,False,-4.34,243.65,79.41,87.65,68.96,18.72,-42.92,7.2404,6.9224,7.688,10.9417,22.7584,1180564,1255,2026-09-04,65.02,15061188.0
AMEX:BHB,BHB,"Bar Harbor Bankshares, Inc.",Financial Services,Banks - Regional,United States,AMEX,676694060.0,40.39,61.29,59.98,9,85.2,3238,False,0.0,48.43,17.91,21.62,29.22,40.22,46.47,34.2535,33.2108,31.2557,28.8056,27.5751,3431300,1255,2026-09-04,59.6,16754000.0
NYSE:LXP,LXP,LXP Industrial Trust Common Stock (Maryland REIT),Real Estate,REIT - Industrial,United States,NYSE,3583422506.0,60.78,61.29,64.44,9,85.2,3239,True,-0.61,43.89,18.48,21.86,35.03,40.9,42.22,51.3014,49.8778,45.0137,43.1383,42.7363,36541946,1255,2026-09-04,60.21,58957264.0
NASDAQ:ORBS,ORBS,Eightco Holdings Inc.,Consumer Cyclical,Packaging & Containers,United States,NASDAQ,350762436.0,0.904,61.3,58.45,9,85.2,3240,False,-97.99,56.67,-25.36,-69.64,-60.32,-63.36,-94.68,1.2112,2.9777,2.2783,2.4671,16.9975,11403326,1079,2026-09-04,69.04,388011544.0
NASDAQ:CWBC,CWBC,Community West Bancshares,Financial Services,Banks - Regional,United States,NASDAQ,722041222.0,26.61,61.33,57.75,9,85.3,3241,False,-4.58,36.78,10.55,13.84,26.99,35.52,40.09,24.0699,23.3742,20.9542,19.6351,18.9948,5602691,1255,2026-09-04,58.45,27134206.0
NASDAQ:TPCS,TPCS,TechPrecision Corporation,Industrials,Metal Fabrication,United States,NASDAQ,58141920.0,5.8,61.36,61.27,9,85.3,3242,True,-6.9,99.31,33.17,28.93,45.73,35.52,15.28,4.3552,4.4987,3.98,4.2797,5.0313,404648,1255,2026-09-04,55.67,10024469.0
NYSE:TXNM,TXNM,"TXNM Energy, Inc.",Utilities,Utilities - Regulated Electric,United States,NYSE,6421020906.0,58.0,61.39,58.01,9,85.3,3243,False,-1.77,5.57,0.46,1.29,9.58,22.2,25.77,57.7326,57.2637,52.93,47.4628,46.1167,62027041,1255,2026-09-04,65.95,110707257.0
NASDAQ:DDI,DDI,"DoubleDown Interactive Co., Ltd. - American Depository Shares",Communication Services,Electronic Gaming & Multimedia,South Korea,NASDAQ,635275101.0,12.82,61.42,62.12,9,85.3,3244,False,-1.16,55.39,25.98,28.75,21.31,21.29,25.76,10.1764,9.9572,10.5682,10.5696,10.1937,1509028,1255,2026-09-04,67.59,49553440.0
NASDAQ:STHO,STHO,Star Holdings - Shares of Beneficial Interest,Real Estate,Real Estate Services,United States,NASDAQ,119967637.0,9.93,61.43,60.17,9,85.4,3245,False,0.0,41.65,16.0,17.64,12.2,-1.51,,8.5602,8.4411,8.8501,10.0822,,141469,864,2026-09-04,55.41,12081333.0
NASDAQ:FRD,FRD,Friedman Industries Inc.,Basic Materials,Steel,United States,NASDAQ,328903270.0,45.6,61.47,61.8,9,85.4,3246,False,-5.16,168.93,81.03,87.23,127.93,147.35,176.69,25.1886,24.3556,20.006,18.4357,16.4804,3402300,1255,2026-09-04,60.9,7212791.0
NYSE:CBNA,CBNA,"Chain Bridge Bancorp, Inc.",Financial Services,Banks - Regional,United States,NYSE,160152349.0,47.57,61.48,60.53,9,85.4,3247,False,-1.92,63.36,26.13,30.82,,,,37.7162,36.3619,,,,740824,481,2026-09-04,57.72,3366667.0
NASDAQ:HWBK,HWBK,"Hawthorn Bancshares, Inc.",Financial Services,Banks - Regional,United States,NASDAQ,276648181.0,40.09,61.51,58.16,9,85.5,3248,False,-0.55,38.78,13.39,16.89,28.83,47.74,60.19,35.3571,34.298,31.1197,27.1361,25.0268,538962,1255,2026-09-04,55.85,6900678.0
NYSE:BCX,BCX,BlackRock Resources Common Shares of Beneficial Interest,Financial Services,Asset Management,United States,NYSE,995669455.0,13.06,61.52,62.37,9,85.5,3249,False,-2.17,42.97,12.28,16.86,34.48,45.96,52.94,11.6316,11.1756,9.7112,8.9474,8.5395,2033631,1255,2026-09-04,62.68,76238090.0
NASDAQ:INBK,INBK,First Internet Bancorp,Financial Services,Banks - Regional,United States,NASDAQ,259320694.0,29.75,61.52,59.52,9,85.5,3250,False,-0.63,73.77,26.98,29.57,12.93,12.76,18.04,23.4292,22.9603,26.3445,26.3829,25.2024,1325237,1255,2026-09-04,53.94,8716662.0
NASDAQ:DJCO,DJCO,Daily Journal Corp. (S.C.),Technology,Software - Application,United States,NASDAQ,865030312.0,627.87,61.53,60.05,9,85.6,3251,False,-5.54,67.64,16.35,21.52,29.52,42.28,56.48,539.6364,516.6821,484.7801,441.2931,401.2427,44132979,1255,2026-09-04,57.9,1377722.0
NYSE:HIPO,HIPO,Hippo Holdings Inc.,Financial Services,Insurance - Property & Casualty,United States,NYSE,893808334.0,33.87,61.53,61.16,9,85.6,3252,False,-10.52,40.6,16.98,11.68,20.99,45.79,57.26,28.9531,30.3265,27.9949,23.2326,21.5379,6032863,1255,2026-09-04,64.81,26389381.0
NYSE:RRC,RRC,Range Resources Corporation,Energy,Oil & Gas E&P,United States,NYSE,9814539630.0,42.0,61.53,59.33,9,85.6,3253,False,-11.62,26.26,7.29,8.81,13.79,18.98,26.76,39.1457,38.6003,36.91,35.3009,33.1336,90526556,1255,2026-09-04,65.41,233679515.0
NASDAQ:GEN,GEN,Gen Digital Inc.,Technology,Software - Infrastructure,United States,NASDAQ,18346387042.0,30.65,61.59,61.65,9,85.6,3254,False,-2.17,73.0,25.66,22.94,17.22,25.44,33.43,24.3913,24.9315,26.1464,24.4347,22.9705,162144993,1255,2026-09-04,67.86,598577065.0
NYSE:HLI,HLI,"Houlihan Lokey, Inc.",Financial Services,Capital Markets,United States,NYSE,7431024435.0,137.11,61.59,55.64,9,85.6,3255,False,-33.31,11.71,-9.9,-14.47,-17.02,-8.57,2.26,152.1742,160.3048,165.2369,149.9652,134.0861,97906213,1255,2026-09-04,61.21,54197538.0
NYSE:BOW,BOW,Bowhead Specialty Holdings Inc.,Financial Services,Insurance - Property & Casualty,United States,NYSE,1104999878.0,33.65,61.62,61.54,9,85.7,3256,True,-0.65,56.95,23.66,24.29,10.0,,,27.211,27.0737,30.5902,,,11773749,573,2026-09-04,61.47,32838035.0
NASDAQ:YORW,YORW,The York Water Company,Utilities,Utilities - Regulated Water,United States,NASDAQ,551927993.0,34.05,61.65,62.02,9,85.7,3257,False,-1.53,18.25,8.73,9.36,7.18,3.67,-1.57,31.3149,31.1369,31.7683,32.8458,34.5917,3701125,1255,2026-09-04,66.63,16209339.0
NYSE:BMNR,BMNR,"BitMine Immersion Technologies, Inc.",Financial Services,Capital Markets,United States,NYSE,15062563058.0,24.97,61.66,61.35,9,85.7,3258,False,-60.49,87.6,11.89,-10.68,,,,22.3168,27.955,,,,984204473,315,2026-09-04,68.24,603226394.0
NYSE:CNNE,CNNE,"Cannae Holdings, Inc.",Consumer Cyclical,Restaurants,United States,NYSE,695578210.0,15.83,61.68,59.81,9,85.7,3259,False,-16.28,50.37,12.66,7.09,-4.44,-7.39,-10.47,14.0506,14.7818,16.5648,17.0936,17.6814,7611115,1255,2026-09-04,61.92,43940506.0
NASDAQ:OVLY,OVLY,Oak Valley Bancorp (CA),Financial Services,Banks - Regional,United States,NASDAQ,293461415.0,34.88,61.69,58.45,9,85.8,3260,False,0.0,40.45,8.58,12.12,22.34,29.25,36.06,32.1233,31.1089,28.5105,26.9865,25.6349,919748,1255,2026-09-04,58.11,8413458.0
NASDAQ:RNTX,RNTX,"Rein Therapeutics, Inc.",Healthcare,Biotechnology,United States,NASDAQ,76044199.0,0.889,61.7,54.98,9,85.8,3261,False,-52.71,24.51,-23.17,-25.2,-47.41,-59.72,-60.69,1.1571,1.1885,1.6903,2.2073,2.2615,391706,1255,2026-09-04,56.27,85539032.0
NASDAQ:CFFN,CFFN,"Capitol Federal Financial, Inc.",Financial Services,Banks - Regional,United States,NASDAQ,1094381008.0,8.87,61.71,59.65,9,85.8,3262,False,-2.56,55.13,17.98,23.1,39.43,51.64,50.33,7.5181,7.2053,6.3615,5.8495,5.9005,6665528,1255,2026-09-04,58.75,123380046.0
NYSE:AMPY,AMPY,Amplify Energy Corp.,Energy,Oil & Gas E&P,United States,NYSE,202308441.0,4.9,61.72,59.3,9,85.9,3263,False,-26.09,33.51,-2.49,-1.38,0.63,-9.82,-18.15,5.0253,4.9687,4.8692,5.4337,5.9863,4649176,1255,2026-09-04,61.72,41287437.0
NYSE:TLYS,TLYS,"Tilly's, Inc.",Consumer Cyclical,Apparel Retail,United States,NYSE,102002173.0,4.4,61.72,57.24,9,85.9,3264,False,-19.27,272.88,37.14,51.49,50.64,4.15,-15.23,3.2083,2.9045,2.9209,4.2246,5.1907,4890191,1255,2026-09-04,61.72,23182312.0
NASDAQ:CGEM,CGEM,"Cullinan Therapeutics, Inc.",Healthcare,Biotechnology,United States,NASDAQ,1357608236.0,22.09,61.76,62.04,9,85.9,3265,False,-3.75,284.17,51.07,68.86,85.63,69.8,75.6,14.6227,13.0818,11.9,13.0098,12.5799,15207400,1255,2026-09-04,62.44,61458046.0
NYSE:TCBX,TCBX,"Third Coast Bancshares, Inc.",Financial Services,Banks - Regional,United States,NYSE,766231798.0,46.05,61.77,61.13,9,85.9,3266,False,-0.17,27.74,14.74,15.79,26.71,49.77,67.55,40.1339,39.7693,36.3439,30.7481,27.4839,4467002,1210,2026-09-04,54.26,16639127.0
NASDAQ:ISTR,ISTR,Investar Holding Corporation,Financial Services,Banks - Regional,United States,NASDAQ,428476674.0,31.1,61.78,59.18,9,86.0,3267,False,0.0,46.29,10.3,14.75,33.27,53.61,62.37,28.1955,27.1029,23.3359,20.2462,19.1535,3139802,1255,2026-09-04,57.43,13777385.0
NASDAQ:BVC,BVC,BitVentures Limited,Technology,Software - Application,Hong Kong,NASDAQ,2607360000.0,15.52,61.8,59.82,9,86.0,3268,False,0.0,2359.59,74.88,112.33,277.51,326.36,259.87,8.8745,7.3093,4.1112,3.6401,4.3127,752715,1255,2026-09-04,60.46,168000000.0
NASDAQ:PGY,PGY,Pagaya Technologies Ltd.,Technology,Software - Infrastructure,United States,NASDAQ,1657714373.0,22.98,61.8,61.09,9,86.0,3269,False,-47.55,115.98,32.78,13.91,29.66,37.76,27.96,17.3074,20.1745,17.7236,16.6817,17.9583,47348683,1255,2026-09-04,61.4,72137266.0
NYSE:RSKD,RSKD,Riskified Ltd.,Technology,Software - Application,United States,NYSE,609426411.0,6.51,61.8,62.32,9,86.0,3270,False,-6.06,71.77,34.29,35.03,34.66,33.36,32.92,4.8478,4.8213,4.8345,4.8816,4.8976,15045988,1255,2026-09-04,75.46,93613888.0
NASDAQ:RNA,RNA,"Atrium Therapeutics, Inc.",Healthcare,Biotechnology,United States,NASDAQ,242729074.0,14.19,61.83,60.01,9,86.1,3271,False,-14.21,26.92,,,,,,,,,,,2081777,132,2026-09-04,68.39,17105643.0
NYSE:STNG,STNG,Scorpio Tankers Inc.,Energy,Oil & Gas Midstream,Monaco,NYSE,4124199337.0,82.35,61.83,58.54,9,86.1,3272,True,-3.81,69.26,17.02,21.54,44.0,39.57,47.91,70.3742,67.7582,57.1885,59.0037,55.6739,55384097,1255,2026-09-04,56.51,50081352.0
NASDAQ:AKTS,AKTS,"Aktis Oncology, Inc.",Healthcare,Biotechnology,United States,NASDAQ,1444594917.0,27.05,61.84,58.35,9,86.1,3273,True,-16.07,78.08,,,,,,,,,,,6724350,165,2026-09-04,59.7,53404618.0
NYSE:BNY,BNY,The Bank of New York Mellon Corporation,Financial Services,Banks - Diversified,United States,NYSE,111844599360.0,164.84,61.85,61.17,9,86.1,3274,False,0.0,61.74,24.77,30.09,57.96,90.23,119.38,132.1127,126.7107,104.3523,86.6508,75.1398,399241390,1255,2026-09-04,60.86,678504000.0
NASDAQ:PBYI,PBYI,Puma Biotechnology Inc,Healthcare,Biotechnology,United States,NASDAQ,486089805.0,9.55,61.85,61.16,9,86.1,3275,True,-1.44,120.05,35.19,43.85,93.93,105.97,120.96,7.0639,6.639,4.9246,4.6366,4.3221,2727103,1255,2026-09-04,59.77,50899456.0
NASDAQ:NVCT,NVCT,"Nuvectis Pharma, Inc.",Healthcare,Biotechnology,United States,NASDAQ,772060303.0,24.49,61.86,61.03,9,86.2,3276,False,-14.16,333.45,104.0,126.78,169.88,177.66,158.77,12.0049,10.7989,9.0743,8.8202,9.4641,4467410,1150,2026-09-04,61.41,31525533.0
NYSE:DMC,DMC,Del Monte Corporation,Consumer Defensive,Farm Products,Cayman Islands,NYSE,1528160681.0,32.12,61.9,59.18,9,86.2,3277,True,-23.4,20.59,-8.05,-7.51,-1.73,9.59,14.69,34.9325,34.7297,32.6851,29.3104,28.0057,10192657,1255,2026-09-04,57.35,47576609.0
NASDAQ:BRCB,BRCB,"Black Rock Coffee Bar, Inc.",Consumer Cyclical,Restaurants,United States,NASDAQ,206668315.0,9.58,61.91,58.7,9,86.2,3278,True,-65.59,54.77,-28.29,,,,,13.3603,,,,,3382291,247,2026-09-04,59.98,21572893.0
NASDAQ:BWFG,BWFG,"Bankwell Financial Group, Inc.",Financial Services,Banks - Regional,United States,NASDAQ,537312600.0,67.39,61.92,62.41,9,86.3,3279,False,-1.09,68.24,27.6,32.53,62.73,88.56,103.49,52.8152,50.8498,41.4116,35.74,33.1164,3964130,1255,2026-09-04,54.87,7973180.0
NASDAQ:DGICA,DGICA,"Donegal Group, Inc.",Financial Services,Insurance - Property & Casualty,United States,NASDAQ,612146505.0,19.45,61.92,59.43,9,86.3,3280,False,-4.23,20.35,7.6,7.06,13.8,24.88,31.19,18.0757,18.1673,17.0912,15.5745,14.8263,2202940,1255,2026-09-04,61.36,31472828.0
NASDAQ:EPSN,EPSN,Epsilon Energy Ltd.,Energy,Oil & Gas E&P,United States,NASDAQ,186936453.0,6.18,61.98,59.09,9,86.3,3281,False,-3.7,48.69,14.92,17.41,9.58,15.75,17.06,5.3775,5.2638,5.6397,5.3393,5.2793,1051137,1255,2026-09-04,65.66,30248617.0
NYSE:INSP,INSP,"Inspire Medical Systems, Inc.",Healthcare,Medical Devices,United States,NYSE,1823666455.0,63.08,61.98,61.39,9,86.3,3282,True,-56.19,57.5,-4.69,-8.56,-45.94,-54.3,-61.91,66.1871,68.9888,116.6767,138.0163,165.6046,28359400,1255,2026-09-04,59.82,28910375.0
NYSE:VHI,VHI,"Valhi, Inc.",Basic Materials,Chemicals,United States,NYSE,504629884.0,17.83,61.98,62.59,9,86.3,3283,False,-4.18,56.87,27.33,26.27,2.12,7.25,3.95,14.0026,14.1203,17.4593,16.6246,17.1533,337585,1255,2026-09-04,64.8,28302293.0
NASDAQ:RDVT,RDVT,"Red Violet, Inc.",Technology,Software - Application,United States,NASDAQ,1074253245.0,76.14,62.03,61.26,9,86.4,3284,False,-0.38,121.34,45.31,45.13,66.95,104.32,131.31,52.3988,52.4616,45.6063,37.2651,32.9173,19548395,1255,2026-09-04,62.75,14108921.0
NASDAQ:WW,WW,"WW International, Inc.",Healthcare,Medical Care Facilities,United States,NASDAQ,180177655.0,18.02,62.03,58.67,9,86.4,3285,False,-48.4,97.59,-2.7,-13.4,,,,18.5193,20.8073,,,,3328296,300,2026-09-04,60.64,9998760.0
NASDAQ:GLIBK,GLIBK,Liberty Capital Corporation - Series C GCI Group,Communication Services,Telecom Services,United States,NASDAQ,941864878.0,26.27,62.05,59.24,9,86.5,3286,False,-34.39,32.28,-15.31,-17.95,,,,31.019,32.0155,,,,9564902,291,2026-09-04,61.15,35853250.0
NYSE:WK,WK,Workiva Inc.,Technology,Software - Application,United States,NYSE,4022683592.0,76.55,62.05,63.49,9,86.5,3287,False,-17.96,72.76,16.69,9.79,0.83,-4.08,-6.65,65.6037,69.7215,75.9225,79.8077,82.0047,59719538,1255,2026-09-04,67.77,52549753.0
NYSE:CXW,CXW,"CoreCivic, Inc.",Industrials,Security & Protection Services,United States,NYSE,3432418447.0,34.71,62.06,61.52,9,86.5,3288,False,0.0,115.19,50.51,56.01,66.11,87.58,111.84,23.062,22.2491,20.8959,18.5046,16.3851,55495151,1255,2026-09-04,56.97,98888460.0
NASDAQ:NTRA,NTRA,"Natera, Inc.",Healthcare,Diagnostics & Research,United States,NASDAQ,47000424065.0,328.18,62.06,62.86,9,86.5,3289,False,-3.11,104.84,39.27,46.17,74.63,116.07,160.9,235.6463,224.5187,187.9252,151.8882,125.786,411355869,1255,2026-09-04,61.79,143215382.0
NASDAQ:FRAF,FRAF,Franklin Financial Services Corporation,Financial Services,Banks - Regional,United States,NASDAQ,288722236.0,64.26,62.07,58.69,9,86.6,3290,False,0.0,50.8,15.99,20.45,47.01,68.67,82.05,55.4032,53.3492,43.712,38.0971,35.2978,2086847,1255,2026-09-04,55.87,4493032.0
NASDAQ:NTNX,NTNX,"Nutanix, Inc.",Technology,Software - Infrastructure,United States,NASDAQ,18398013843.0,68.06,62.07,63.36,9,86.6,3291,False,-16.1,97.79,39.34,26.9,11.24,17.43,35.57,48.8437,53.6317,61.1847,57.9576,50.2021,187280334,1255,2026-09-04,62.15,270320509.0
NYSE:OPY,OPY,"Oppenheimer Holdings, Inc. Class A Common Stock (DE)",Financial Services,Capital Markets,United States,NYSE,1303658903.0,122.89,62.1,60.33,9,86.6,3292,False,-1.48,95.03,30.54,37.89,64.38,94.4,117.04,94.1381,89.1203,74.7605,63.2146,56.6208,13932154,1255,2026-09-04,66.32,10608340.0
NASDAQ:PAHC,PAHC,Phibro Animal Health Corporation,Healthcare,Drug Manufacturers - Specialty & Generic,United States,NASDAQ,805877086.0,38.25,62.1,59.15,9,86.6,3293,False,-35.33,35.11,-7.97,-7.25,18.54,47.29,67.89,41.5643,41.2416,32.2664,25.97,22.7823,8182018,1255,2026-09-04,64.44,21068682.0
NASDAQ:BCAL,BCAL,California BanCorp,Financial Services,Banks - Regional,United States,NASDAQ,703211562.0,21.9,62.16,60.22,9,86.7,3294,False,0.0,39.18,13.77,16.39,28.95,35.4,37.24,19.2495,18.8159,16.9837,16.1742,15.9576,3270234,1255,2026-09-04,58.2,32110117.0
NASDAQ:LSBK,LSBK,"Lake Shore Bancorp, Inc.",Financial Services,Banks - Regional,United States,NASDAQ,136673157.0,17.38,62.16,59.76,9,86.7,3295,False,-1.9,42.09,10.72,14.76,35.07,55.32,67.45,15.6978,15.1451,12.8671,11.1899,10.379,164811,1255,2026-09-04,65.04,7863818.0
NASDAQ:XRX,XRX,Xerox Holdings Corporation,Industrials,Business Equipment & Supplies,United States,NASDAQ,435726760.0,3.32,62.17,58.43,9,86.7,3296,False,-15.96,174.29,36.95,27.3,-26.77,-54.14,-60.97,2.4242,2.6081,4.5338,7.2396,8.506,6167115,1255,2026-09-04,61.5,131243000.0
NASDAQ:ALNY,ALNY,"Alnylam Pharmaceuticals, Inc.",Healthcare,Biotechnology,United States,NASDAQ,35607944391.0,266.11,62.18,55.67,9,86.7,3297,True,-45.83,29.51,-17.13,-23.87,-16.5,-2.71,3.8,321.1364,349.527,318.6843,273.518,256.3721,407352049,1255,2026-09-04,61.47,133809118.0
NASDAQ:AGPU,AGPU,Axe Compute Inc.,Technology,Software - Infrastructure,United States,NASDAQ,121477310.0,10.67,62.19,60.34,9,86.8,3298,False,-40.72,656.74,84.92,52.6,-1.64,-44.33,-71.76,5.77,6.9919,10.8483,19.1661,37.7794,3983968,1255,2026-09-04,55.72,11384940.0
NYSE:AES,AES,The AES Corporation,Utilities,Utilities - Diversified,United States,NYSE,10547602575.0,14.79,62.2,61.52,9,86.8,3299,True,-12.32,24.11,3.4,5.05,13.52,7.45,-4.22,14.3042,14.0788,13.0288,13.765,15.4416,106648639,1255,2026-09-04,60.84,713157713.0
NYSE:JILL,JILL,"J. Jill, Inc.",Consumer Cyclical,Apparel Retail,United States,NYSE,298729272.0,19.98,62.2,62.75,9,86.8,3300,False,-2.3,84.14,31.03,29.79,11.65,-6.33,-7.02,15.2484,15.3936,17.8957,21.3312,21.4874,1278674,1255,2026-09-04,55.63,14951415.0
NASDAQ:GIBO,GIBO,GIBO Holdings Limited,Communication Services,Internet Content & Information,Hong Kong,NASDAQ,82025766.0,33.7,62.22,57.52,9,86.8,3301,False,-55.8,2596.0,-11.77,-21.47,-99.83,-99.89,,38.1944,42.9137,19944.6285,30800.5261,,158451,764,2026-09-04,53.9,2433999.0
NYSE:WPM,WPM,Wheaton Precious Metals Corp Common Shares (Canada),Basic Materials,Gold,Canada,NYSE,70380306293.0,154.98,62.23,62.03,9,86.9,3302,False,-6.07,64.95,20.14,25.19,56.83,88.86,116.36,129.0025,123.7928,98.8183,82.0595,71.6293,361979863,1255,2026-09-04,64.09,454125089.0
NASDAQ:ACET,ACET,"Adicet Bio, Inc.",Healthcare,Biotechnology,United States,NASDAQ,89649583.0,9.59,62.24,59.08,9,86.9,3303,False,-42.37,56.96,18.84,5.25,-19.5,-44.69,-80.37,8.0695,9.1115,11.9127,17.3384,48.8657,796911,1255,2026-09-04,60.07,9348236.0
NYSE:PBT,PBT,Permian Basin Royalty Trust,Energy,Oil & Gas Midstream,United States,NYSE,1593088647.0,34.18,62.25,62.06,9,86.9,3304,False,-1.59,108.76,45.13,52.66,101.84,116.55,102.29,23.5515,22.3891,16.9343,15.7841,16.8967,3282628,1255,2026-09-04,64.62,46608796.0
NASDAQ:NAVI,NAVI,Navient Corporation,Financial Services,Credit Services,United States,NASDAQ,905118086.0,9.63,62.3,60.1,9,87.0,3305,True,-24.8,34.43,4.52,-1.11,-13.93,-21.11,-23.78,9.2137,9.7383,11.189,12.2073,12.634,10424418,1255,2026-09-04,57.13,93989417.0
NYSE:AN,AN,"AutoNation, Inc.",Consumer Cyclical,Auto & Truck Dealerships,United States,NYSE,7105883078.0,212.36,62.33,58.14,9,87.0,3306,False,-7.66,18.91,5.36,4.3,10.41,18.31,26.93,201.5649,203.6136,192.331,179.4943,167.3023,66666303,1255,2026-09-04,56.16,33461495.0
NASDAQ:FSUN,FSUN,FirstSun Capital Bancorp,Financial Services,Banks - Regional,United States,NASDAQ,1913641559.0,40.92,62.34,60.38,9,87.0,3307,False,-1.16,35.68,9.48,9.44,8.22,11.74,16.5,37.3771,37.3895,37.8124,36.6213,35.1238,10205894,1027,2026-09-04,60.26,46765434.0
NASDAQ:FLXS,FLXS,"Flexsteel Industries, Inc.",Consumer Cyclical,"Furnishings, Fixtures & Appliances",United States,NASDAQ,334856308.0,82.16,62.37,62.38,9,87.0,3308,True,0.0,143.46,49.07,57.33,73.42,101.03,136.01,55.1153,52.221,47.3768,40.8693,34.8118,6915739,1255,2026-09-04,58.03,4075661.0
NASDAQ:MGYR,MGYR,"Magyar Bancorp, Inc.",Financial Services,Banks - Regional,United States,NASDAQ,127962034.0,19.8,62.38,62.18,9,87.1,3309,False,0.0,24.34,12.53,13.75,25.64,41.69,49.94,17.5951,17.407,15.7596,13.9743,13.2053,65343,1255,2026-09-04,57.84,6462729.0
NASDAQ:OSBC,OSBC,"Old Second Bancorp, Inc.",Financial Services,Banks - Regional,United States,NASDAQ,1310150103.0,25.72,62.38,62.52,9,87.1,3310,False,-0.73,56.02,20.27,24.74,37.03,49.76,56.84,21.3846,20.6187,18.7699,17.1736,16.3987,9840013,1255,2026-09-04,61.76,50938962.0
NASDAQ:WTBA,WTBA,West Bancorporation,Financial Services,Banks - Regional,United States,NASDAQ,499211232.0,29.29,62.39,61.58,9,87.1,3311,False,-2.37,59.34,20.09,24.89,37.58,50.21,54.79,24.3894,23.452,21.2899,19.4997,18.9225,2040138,1255,2026-09-04,59.57,17043743.0
NASDAQ:MCRB,MCRB,"Seres Therapeutics, Inc.",Healthcare,Biotechnology,United States,NASDAQ,55392102.0,5.72,62.4,55.3,9,87.1,3312,False,-80.02,31.8,-41.37,-49.96,-55.61,-65.76,-85.93,9.7559,11.4306,12.8863,16.7048,40.6526,312048,1255,2026-09-04,61.2,9683934.0
NASDAQ:META,META,"Meta Platforms, Inc.",Communication Services,Internet Content & Information,United States,NASDAQ,1360057110496.0,616.77,62.4,56.85,9,87.1,3313,False,-20.69,17.43,-0.78,-3.62,-2.81,9.49,30.93,621.6067,639.9216,634.6207,563.3202,471.0603,9216990114,1255,2026-09-04,60.7,2205128509.0
NASDAQ:NBBK,NBBK,"NB Bancorp, Inc.",Financial Services,Banks - Regional,United States,NASDAQ,1014836228.0,23.16,62.43,60.43,9,87.2,3314,False,-0.39,39.16,10.72,14.14,21.16,,,20.9178,20.2904,19.1159,,,6862646,674,2026-09-04,60.1,43818490.0
NASDAQ:DBCA,DBCA,D. Boral Acquisition I Corp.,Financial Services,Shell Companies,United States,NASDAQ,310428500.0,10.03,62.44,60.28,9,87.2,3315,True,0.0,2.03,,,,,,,,,,,1064348,134,2026-09-04,62.44,30950000.0
NYSE:PAR,PAR,PAR Technology Corporation,Technology,Software - Application,United States,NYSE,815437354.0,19.77,62.44,60.36,9,87.2,3316,False,-59.07,67.26,-6.5,-20.29,-55.47,-55.16,-51.81,21.1437,24.8013,44.3923,44.0939,41.0223,16016791,1255,2026-09-04,55.27,41246199.0
NASDAQ:BOTJ,BOTJ,"Bank of the James Financial Group, Inc.",Financial Services,Banks - Regional,United States,NASDAQ,125396129.0,27.6,62.46,62.14,9,87.3,3317,False,-0.32,90.63,25.05,33.05,61.11,85.26,101.22,22.0709,20.7434,17.1311,14.898,13.7165,1047383,1255,2026-09-04,60.89,4543338.0
NYSE:WTRG,WTRG,"Essential Utilities, Inc.",Utilities,Utilities - Regulated Water,United States,NYSE,11827495391.0,41.7,62.5,60.75,9,87.3,3318,False,-0.41,16.8,8.65,8.89,12.03,15.81,13.73,38.3791,38.2963,37.222,36.0081,36.6663,85656193,1255,2026-09-04,64.59,283632983.0
NASDAQ:AMGN,AMGN,Amgen Inc.,Healthcare,Drug Manufacturers - General,United States,NASDAQ,235976648641.0,437.23,62.51,64.18,9,87.3,3319,False,-1.55,65.71,23.44,28.42,40.55,47.06,57.19,354.2161,340.4738,311.0782,297.3178,278.1526,962088836,1255,2026-09-04,69.26,539708274.0
NYSE:MATX,MATX,"Matson, Inc.",Industrials,Marine Shipping,United States,NYSE,6745921090.0,225.59,62.52,61.18,9,87.4,3320,False,0.0,158.6,31.95,44.31,60.47,74.26,98.04,170.9645,156.3229,140.5789,129.4552,113.9116,51834553,1255,2026-09-04,58.79,29903458.0
NASDAQ:PFG,PFG,Principal Financial Group Inc,Financial Services,Asset Management,United States,NASDAQ,24981729512.0,116.68,62.52,60.35,9,87.4,3321,False,-1.54,53.98,19.89,24.73,37.19,45.09,49.77,97.3189,93.5495,85.0528,80.4193,77.9035,125638707,1255,2026-09-04,68.6,214104641.0
NASDAQ:VOXR,VOXR,Vox Royalty Corp.,Basic Materials,Other Precious Metals & Mining,United States,NASDAQ,396874057.0,5.76,62.55,60.64,9,87.4,3322,False,-9.86,68.02,10.65,16.14,47.19,74.1,88.15,5.2056,4.9595,3.9132,3.3085,3.0614,2593703,1255,2026-09-04,64.36,68901746.0
NASDAQ:MENS,MENS,Jyong Biotech Ltd.,Healthcare,Biotechnology,Taiwan,NASDAQ,177418464.0,2.39,62.56,58.3,9,87.4,3323,False,-96.36,63.7,-51.54,-83.51,,,,4.9323,14.4928,,,,69176,307,2026-09-04,55.72,74233667.0
AMEX:GTE,GTE,Gran Tierra Energy Inc.,Energy,Oil & Gas E&P,Canada,AMEX,357134889.0,10.1,62.57,61.57,9,87.5,3324,False,-2.32,194.46,43.73,57.09,69.87,58.54,43.93,7.0271,6.4295,5.9459,6.3705,7.0171,6875202,1255,2026-09-04,62.76,35359890.0
NASDAQ:PLBC,PLBC,Plumas Bancorp,Financial Services,Banks - Regional,United States,NASDAQ,440403360.0,63.24,62.58,61.51,9,87.5,3325,False,-0.52,60.55,21.71,26.99,37.73,50.93,60.3,51.9614,49.7992,45.9164,41.9014,39.4511,3232946,1255,2026-09-04,59.52,6964000.0
NASDAQ:CFBK,CFBK,CF Bankshares Inc.,Financial Services,Banks - Regional,United States,NASDAQ,231771968.0,35.7,62.59,61.72,9,87.5,3326,False,-1.68,60.78,21.03,26.26,38.09,52.75,60.81,29.4976,28.2743,25.8531,23.3709,22.2003,1402111,1255,2026-09-04,56.84,6492212.0
NASDAQ:DRTS,DRTS,Alpha Tau Medical Ltd.,Healthcare,Biotechnology,Israel,NASDAQ,1357597916.0,15.03,62.6,61.41,9,87.5,3327,False,0.0,333.14,71.12,92.78,182.24,234.2,244.13,8.7834,7.7964,5.3253,4.4973,4.3675,9574818,1255,2026-09-04,58.82,90325876.0
NASDAQ:CLBK,CLBK,"Columbia Financial, Inc.",Financial Services,Banks - Regional,United States,NASDAQ,1217481350.0,11.7,62.61,64.44,9,87.6,3328,False,-1.02,88.32,33.54,40.01,51.69,52.86,47.19,8.7616,8.3567,7.7133,7.6542,7.9491,49099162,1255,2026-09-04,62.61,104058235.0
NASDAQ:SMCI,SMCI,"Super Micro Computer, Inc.",Technology,Computer Hardware,United States,NASDAQ,25609703139.0,39.59,62.66,59.8,9,87.6,3329,False,-32.53,92.84,26.21,14.05,5.83,-12.05,6.55,31.3682,34.7121,37.409,45.0159,37.1578,2030022397,1255,2026-09-04,58.55,646873027.0
NASDAQ:FBLA,FBLA,"FB Bancorp, Inc.",Financial Services,Banks - Regional,United States,NASDAQ,256933316.0,15.99,62.67,61.65,9,87.6,3330,False,0.0,36.78,14.31,17.64,,,,13.9878,13.5919,,,,1354131,468,2026-09-04,57.64,16068375.0
NYSE:WHK,WHK,WhiteHawk Minerals Corp,Energy,Oil & Gas Midstream,United States,NYSE,662465328.0,27.84,62.68,59.96,9,87.6,3331,False,-1.07,9.75,,,,,,,,,,,3069279,62,2026-09-04,66.96,23795450.0
NYSE:CRGY,CRGY,Crescent Energy Company,Energy,Oil & Gas E&P,United States,NYSE,4547564918.0,13.77,62.7,62.29,9,87.7,3332,False,-3.5,82.97,26.54,32.98,31.33,31.53,31.5,10.8818,10.3548,10.4854,10.4692,10.4712,69163220,1190,2026-09-04,66.03,330251628.0
NASDAQ:CTOR,CTOR,"Citius Oncology, Inc.",Healthcare,Drug Manufacturers - Specialty & Generic,United States,NASDAQ,79963835.0,0.86,62.74,59.31,9,87.7,3333,False,-57.64,74.44,-4.05,-19.49,-29.61,-81.11,,0.8963,1.0682,1.2218,4.5536,,54171,938,2026-09-04,56.04,92981204.0
NYSE:DCH,DCH,Dauch Corporation,Consumer Cyclical,Auto Parts,United States,NYSE,1659193457.0,6.99,62.74,59.87,9,87.7,3334,False,-22.33,37.33,9.88,10.89,21.48,11.39,2.85,6.3617,6.3038,5.754,6.2754,6.7965,16488473,1255,2026-09-04,57.72,237366732.0
NASDAQ:PAYP,PAYP,PayPay Corporation - American Depository Shares,Technology,Software - Infrastructure,Japan,NASDAQ,11538519020.0,17.04,62.74,57.88,9,87.7,3335,False,-30.62,37.75,,,,,,,,,,,10960690,123,2026-09-04,62.1,677143135.0
NYSE:KB,KB,KB Financial Group Inc,Financial Services,Banks - Regional,South Korea,NYSE,45180334363.0,128.68,62.78,60.5,9,87.8,3336,False,-2.78,66.04,23.41,28.85,55.72,82.24,109.63,104.2673,99.8672,82.6354,70.6091,61.3856,21456786,1255,2026-09-04,71.35,351106111.0
NASDAQ:NWFL,NWFL,Norwood Financial Corp.,Financial Services,Banks - Regional,United States,NASDAQ,378052642.0,34.71,62.79,61.28,9,87.8,3337,False,0.0,48.83,15.43,19.49,29.23,34.18,34.74,30.0715,29.0491,26.8593,25.8675,25.7607,1165902,1255,2026-09-04,62.28,10891750.0
NYSE:GPC,GPC,Genuine Parts Company,Consumer Cyclical,Auto Parts,United States,NYSE,19035675385.0,138.08,62.8,62.22,9,87.8,3338,False,-4.89,52.13,17.43,15.12,15.92,11.94,6.51,117.5867,119.9405,119.1156,123.3537,129.6437,147361747,1255,2026-09-04,60.22,137859758.0
NYSE:SXC,SXC,"SunCoke Energy, Inc.",Basic Materials,Coking Coal,United States,NYSE,876757200.0,10.33,62.8,62.11,9,87.8,3339,True,-2.27,87.4,37.11,37.73,29.77,25.48,31.15,7.5342,7.5003,7.9605,8.2323,7.8763,11233569,1255,2026-09-04,60.95,84874850.0
NYSE:SLB,SLB,SLB Limited,Energy,Oil & Gas Equipment & Services,United States,NYSE,85353077215.0,57.51,62.82,61.2,9,87.9,3340,True,-3.81,85.74,18.44,26.12,39.38,32.7,30.75,48.5583,45.6007,41.2613,43.3399,43.9843,638883433,1255,2026-09-04,62.57,1484143231.0
NYSE:EFOR,EFOR,"Everforth, Inc.",Technology,Information Technology Services,United States,NYSE,1334550000.0,32.55,62.84,62.94,9,87.9,3341,False,-38.91,90.8,-5.05,-11.97,-40.07,-51.34,-54.06,34.283,36.9761,54.3142,66.893,70.85,21206283,1255,2026-09-04,60.06,41000000.0
NYSE:GPOR,GPOR,Gulfport Energy Corporation,Energy,Oil & Gas E&P,United States,NYSE,3223753595.0,179.4,62.85,60.22,9,87.9,3342,False,-19.37,19.45,-3.96,-3.73,-0.21,7.71,22.17,186.8041,186.3538,179.7703,166.5534,146.8439,44566605,1255,2026-09-04,68.49,17969641.0
NYSE:ZETA,ZETA,Zeta Global Holdings Corp.,Technology,Software - Infrastructure,United States,NYSE,7073161763.0,31.35,62.85,63.07,9,87.9,3343,False,-4.07,115.46,56.05,57.21,60.05,81.54,107.36,20.0896,19.9412,19.588,17.2685,15.1185,227668181,1255,2026-09-04,69.85,225619195.0
NYSE:PAGS,PAGS,PagSeguro Digital Ltd.,Technology,Software - Infrastructure,Brazil,NYSE,1547652156.0,9.73,62.86,58.87,9,88.0,3344,False,-16.97,15.28,0.44,1.2,11.28,2.84,1.28,9.6873,9.6145,8.7435,9.4617,9.6073,25541390,1255,2026-09-04,69.48,159059831.0
AMEX:USBC,USBC,"USBC, Inc.",Technology,Scientific & Technical Instruments,United States,AMEX,190190770.0,0.49,62.86,61.0,9,88.0,3345,False,-63.7,63.33,7.03,-11.74,-81.28,-94.17,-97.47,0.4578,0.5552,2.6174,8.4116,19.3404,207079,1254,2026-09-04,64.94,388144429.0
NASDAQ:LBRX,LBRX,LB Pharmaceuticals Inc,Healthcare,Biotechnology,United States,NASDAQ,1414906010.0,49.34,62.87,63.88,9,88.0,3346,True,-0.28,237.71,71.98,,,,,28.6897,,,,,14042570,248,2026-09-04,58.12,28676652.0
NYSE:EQH,EQH,"Equitable Holdings, Inc.",Financial Services,Asset Management,United States,NYSE,14455863200.0,52.96,62.91,61.31,9,88.1,3347,False,-1.08,51.91,20.13,17.75,14.05,26.39,39.88,44.0863,44.9769,46.4351,41.9014,37.8604,115602682,1255,2026-09-04,66.23,272958142.0
NASDAQ:HBT,HBT,"HBT Financial, Inc.",Financial Services,Banks - Regional,United States,NASDAQ,1330617743.0,36.59,62.91,63.06,9,88.1,3348,False,-1.69,63.67,27.02,31.57,45.68,60.9,71.43,28.8074,27.8109,25.1166,22.7403,21.3437,4728436,1255,2026-09-04,60.92,36365612.0
NASDAQ:BGC,BGC,"BGC Group, Inc.",Financial Services,Capital Markets,United States,NASDAQ,4420540377.0,12.17,62.93,59.64,9,88.1,3349,False,-3.62,47.64,18.86,21.13,25.05,36.43,57.01,10.2388,10.0469,9.7322,8.92,7.7509,31259038,1255,2026-09-04,62.63,363232570.0
NASDAQ:SPSC,SPSC,"SPS Commerce, Inc.",Technology,Software - Application,United States,NASDAQ,2988014442.0,83.0,62.94,63.89,9,88.1,3350,False,-26.57,66.3,20.64,9.72,-28.6,-40.12,-41.09,68.8007,75.6502,116.2531,138.6109,140.8971,39255899,1255,2026-09-04,66.9,36000174.0
NYSE:FSK,FSK,FS KKR Capital Corp.,Financial Services,Asset Management,United States,NYSE,3484026427.0,12.44,62.97,61.5,9,88.2,3351,False,-18.25,34.59,8.19,4.48,-12.73,-11.47,-6.94,11.4986,11.9068,14.2547,14.0513,13.3675,19237661,1255,2026-09-04,60.93,280066433.0
NYSE:DXC,DXC,DXC Technology Company,Technology,Information Technology Services,United States,NYSE,1889855867.0,11.66,63.0,60.1,9,88.2,3352,False,-24.43,41.85,-2.01,-4.8,-22.95,-31.31,-39.52,11.8988,12.2483,15.1338,16.9738,19.2781,26178988,1255,2026-09-04,63.2,162080263.0
NYSE:SCM,SCM,Stellus Capital Investment Corporation,Financial Services,Asset Management,United States,NYSE,254156890.0,8.78,63.01,59.2,9,88.2,3353,True,-33.21,27.87,-6.93,-10.55,-17.69,-15.58,-12.93,9.4337,9.815,10.667,10.4007,10.0838,1351302,1255,2026-09-04,60.69,28947254.0
NASDAQ:GDYN,GDYN,"Grid Dynamics Holdings, Inc.",Technology,Information Technology Services,United States,NASDAQ,653882661.0,8.06,63.02,62.56,9,88.3,3354,False,-19.88,54.7,12.45,9.6,-28.69,-30.04,-30.95,7.1678,7.3541,11.3028,11.5207,11.6719,9686487,1255,2026-09-04,67.82,81126881.0
NYSE:HNI,HNI,HNI Corporation,Consumer Cyclical,"Furnishings, Fixtures & Appliances",United States,NYSE,3575167811.0,49.66,63.02,63.82,9,88.3,3355,True,-3.04,72.88,23.38,22.05,14.01,18.01,30.95,40.2482,40.6877,43.5569,42.0811,37.9215,22778011,1255,2026-09-04,56.62,71992908.0
NYSE:VZ,VZ,Verizon Communications Inc.,Communication Services,Telecom Services,United States,NYSE,209362523747.0,50.14,63.02,61.75,9,88.3,3356,False,-0.89,37.13,12.23,15.12,21.92,30.66,38.44,44.6761,43.5549,41.1265,38.3746,36.2168,822694517,1255,2026-09-04,68.07,4175558910.0
NASDAQ:MSBI,MSBI,"Midland States Bancorp, Inc.",Financial Services,Banks - Regional,United States,NASDAQ,699968738.0,33.73,63.04,61.9,9,88.3,3357,False,-1.35,143.62,33.84,44.89,61.49,63.33,65.81,25.2026,23.279,20.8868,20.6512,20.3428,4947617,1255,2026-09-04,61.08,20752112.0
NASDAQ:AFCG,AFCG,Advanced Flower Capital Inc.,Financial Services,Asset Management,United States,NASDAQ,81428358.0,3.57,63.05,61.38,9,88.4,3358,False,-20.25,76.84,26.11,19.76,-22.65,-30.85,-34.34,2.8308,2.981,4.6151,5.1626,5.4375,389759,1255,2026-09-04,65.91,22809064.0
NASDAQ:CHMG,CHMG,Chemung Financial Corp,Financial Services,Banks - Regional,United States,NASDAQ,408913529.0,84.84,63.05,62.28,9,88.4,3359,False,0.0,72.59,31.22,37.19,55.58,69.12,78.81,64.6558,61.8391,54.5312,50.1652,47.4471,3865895,1255,2026-09-04,62.27,4819820.0
NASDAQ:IRHO,IRHO,Iron Horse Acquisitions II Corp.,Financial Services,Shell Companies,United States,NASDAQ,294666000.0,10.05,63.05,59.7,9,88.4,3360,False,-0.2,2.03,,,,,,,,,,,1337425,146,2026-09-04,63.05,29320000.0
NASDAQ:ABUS,ABUS,Arbutus Biopharma Corporation,Healthcare,Biotechnology,United States,NASDAQ,1017319207.0,5.15,63.06,60.46,9,88.4,3361,False,-1.34,40.33,14.69,14.84,29.1,45.0,56.8,4.4902,4.4844,3.9891,3.5518,3.2845,22834281,1255,2026-09-04,61.91,197537710.0
NYSE:DDS,DDS,"Dillard's, Inc.",Consumer Cyclical,Department Stores,United States,NYSE,7637853693.0,656.69,63.06,60.37,9,88.4,3362,False,-6.12,28.66,8.89,9.85,32.75,47.69,63.34,603.0919,597.7933,494.6778,444.6374,402.0494,111581875,1255,2026-09-04,62.0,11630836.0
NASDAQ:AMLX,AMLX,"Amylyx Pharmaceuticals, Inc.",Healthcare,Drug Manufacturers - Specialty & Generic,United States,NASDAQ,3791453410.0,34.1,63.08,65.31,9,88.5,3363,True,-14.02,234.31,102.15,111.13,223.28,234.63,124.51,16.8685,16.1513,10.5483,10.1902,15.1886,129729508,1169,2026-09-04,62.75,111186317.0
NYSE:MIR,MIR,"Mirion Technologies, Inc.",Industrials,Specialty Industrial Machinery,United States,NYSE,4118698098.0,16.93,63.08,56.86,9,88.5,3364,False,-43.09,17.57,-15.42,-19.21,-9.78,7.52,23.43,20.0169,20.9567,18.7655,15.7454,13.7161,53872731,1255,2026-09-04,61.88,243278092.0
NYSE:BE,BE,Bloom Energy Corporation,Industrials,Electrical Equipment & Parts,United States,NYSE,74477129983.0,252.87,63.09,56.83,9,88.5,3365,False,-26.88,373.18,32.22,47.05,160.14,266.87,347.66,191.2536,171.9642,97.2054,68.9259,56.4872,2633532501,1255,2026-09-04,57.39,294527346.0
NASDAQ:GTEN,GTEN,"Gores Holdings X, Inc.",Financial Services,Shell Companies,United States,NASDAQ,385601400.0,10.68,63.1,62.41,9,88.6,3366,True,-0.19,5.01,2.92,3.07,,,,10.3766,10.3621,,,,87896,304,2026-09-04,63.1,36105000.0
NYSE:FSM,FSM,Fortuna Mining Corp.,Basic Materials,Gold,Canada,NYSE,3729405434.0,12.31,63.15,63.22,9,88.6,3367,False,-9.88,60.5,22.22,26.46,61.05,92.03,118.19,10.0719,9.7343,7.6438,6.4105,5.642,66195231,1255,2026-09-04,68.6,302957387.0
NYSE:PAG,PAG,"Penske Automotive Group, Inc.",Consumer Cyclical,Auto & Truck Dealerships,United States,NYSE,14430729599.0,219.77,63.16,63.77,9,88.6,3368,False,-0.99,58.71,28.05,29.19,35.17,40.72,48.7,171.6319,170.1139,162.5881,156.1799,147.7982,62632515,1255,2026-09-04,62.88,65662873.0
NASDAQ:MRNA,MRNA,"Moderna, Inc.",Healthcare,Biotechnology,United States,NASDAQ,57752239997.0,145.55,63.19,63.73,9,88.6,3369,False,-16.53,550.94,165.49,197.94,235.51,129.32,73.42,54.8239,48.8526,43.3819,63.4689,83.9287,4954420408,1255,2026-09-04,64.88,396786259.0
NYSE:COP,COP,ConocoPhillips,Energy,Oil & Gas E&P,United States,NYSE,163568153380.0,134.26,63.2,62.58,9,88.7,3370,False,-2.14,61.68,20.56,25.98,34.03,30.63,31.78,111.3617,106.5751,100.1748,102.7776,101.8817,858700379,1255,2026-09-04,67.1,1218294007.0
NYSE:PFE,PFE,"Pfizer, Inc.",Healthcare,Drug Manufacturers - General,United States,NYSE,162155713607.0,28.45,63.2,63.27,9,88.7,3371,False,-1.96,29.01,11.78,13.83,18.25,17.4,6.55,25.4512,24.9932,24.0595,24.2327,26.7022,968472725,1255,2026-09-04,68.85,5699673589.0
NASDAQ:PSNL,PSNL,"Personalis, Inc.",Healthcare,Diagnostics & Research,United States,NASDAQ,1836115153.0,17.2,63.2,62.64,9,88.7,3372,False,-6.42,241.27,73.98,82.75,140.35,220.76,270.05,9.8861,9.412,7.1562,5.3623,4.648,62089219,1255,2026-09-04,60.96,106750881.0
NASDAQ:FWDI,FWDI,"Forward Industries, Inc.",Consumer Cyclical,Footwear & Accessories,United States,NASDAQ,465382951.0,6.31,63.21,62.15,9,88.7,3373,False,-83.82,78.25,17.13,-28.04,-15.37,-10.03,-21.86,5.387,8.7688,7.4557,7.0134,8.0753,11260329,1255,2026-09-04,69.92,73753241.0
NASDAQ:ULTA,ULTA,"Ulta Beauty, Inc.",Consumer Cyclical,Specialty Retail,United States,NASDAQ,24251130121.0,564.12,63.24,60.8,9,88.8,3374,False,-20.19,25.15,1.41,2.38,16.93,21.26,21.07,556.2966,550.9898,482.4544,465.2172,465.9293,386091979,1255,2026-09-04,61.31,42989311.0
NASDAQ:LFST,LFST,"LifeStance Health Group, Inc.",Healthcare,Medical Care Facilities,United States,NASDAQ,4860752319.0,12.73,63.26,63.15,9,88.8,3375,False,-1.24,164.66,54.61,66.38,79.73,86.37,84.6,8.2335,7.6514,7.0827,6.8306,6.8962,50980757,1255,2026-09-04,65.56,381834432.0
NASDAQ:SBC,SBC,SBC Medical Group Holdings Incorporated,Industrials,Consulting Services,United States,NASDAQ,423729405.0,4.12,63.26,62.87,9,88.8,3376,False,-17.43,43.55,11.18,9.47,-9.4,-41.3,,3.7057,3.7636,4.5475,7.0186,,766544,990,2026-09-04,71.14,102846943.0
NASDAQ:PLUS,PLUS,ePlus inc.,Technology,Software - Application,United States,NASDAQ,2408560794.0,92.1,63.27,59.15,9,88.9,3377,False,-4.8,33.93,9.0,11.84,17.69,20.01,31.65,84.4946,82.3526,78.2559,76.7458,69.9586,16611263,1255,2026-09-04,60.21,26151583.0
NYSE:RCI,RCI,"Rogers Communication, Inc.",Communication Services,Telecom Services,Canada,NYSE,16098952456.0,37.52,63.27,60.34,9,88.9,3378,False,-6.7,19.3,3.58,3.67,13.12,8.21,4.48,36.2226,36.1918,33.1683,34.6748,35.9105,35545713,1255,2026-09-04,68.9,429076558.0
NASDAQ:PPIH,PPIH,"Perma-Pipe International Holdings, Inc.",Industrials,Building Products & Equipment,United States,NASDAQ,230607735.0,28.38,63.3,58.19,9,88.9,3379,False,-19.58,26.53,-3.4,-1.19,26.14,60.25,80.33,29.3793,28.7208,22.498,17.7097,15.7381,2090532,1255,2026-09-04,58.15,8125713.0
NASDAQ:DTI,DTI,Drilling Tools International Corporation,Energy,Oil & Gas Equipment & Services,United States,NASDAQ,93469990.0,2.66,63.32,59.14,9,88.9,3380,False,-40.76,38.54,-10.38,-5.48,-7.39,-19.38,-43.31,2.9679,2.8143,2.8722,3.2996,4.6925,456173,1176,2026-09-04,61.01,35139094.0
NYSE:WEAV,WEAV,"Weave Communications, Inc.",Healthcare,Health Information Services,United States,NYSE,583216105.0,7.33,63.32,60.05,9,88.9,3381,False,-8.26,67.73,21.42,17.73,-18.15,-21.45,-14.78,6.0369,6.2263,8.9558,9.3321,8.6014,41807873,1208,2026-09-04,63.32,79565635.0
NASDAQ:SUJA,SUJA,"Suja Life, Inc.",Consumer Defensive,Beverages - Non-Alcoholic,United States,NASDAQ,250019237.0,10.51,63.34,56.08,9,89.0,3382,True,-41.12,79.05,,,,,,,,,,,7753459,84,2026-09-04,61.2,23788700.0
NASDAQ:OKTA,OKTA,"Okta, Inc.",Technology,Software - Infrastructure,United States,NASDAQ,28340053916.0,170.6,63.36,62.13,9,89.0,3383,False,-1.41,171.09,67.5,71.73,78.07,82.79,95.37,101.8513,99.3399,95.805,93.3332,87.3203,607928716,1255,2026-09-04,63.27,166119894.0
NASDAQ:PRTA,PRTA,Prothena Corporation plc,Healthcare,Biotechnology,Ireland,NASDAQ,514108787.0,9.82,63.38,59.09,9,89.0,3384,True,-14.68,24.15,3.48,3.04,-9.68,-43.47,-64.01,9.4902,9.5304,10.8725,17.3722,27.2863,3328656,1255,2026-09-04,59.71,52353237.0
AMEX:INFU,INFU,"InfuSystems Holdings, Inc.",Healthcare,Medical Devices,United States,AMEX,247024045.0,12.24,63.39,62.23,9,89.1,3385,False,-2.0,64.96,28.55,27.21,47.41,46.01,43.68,9.5218,9.6215,8.3033,8.3831,8.5188,1235084,1255,2026-09-04,62.4,20181703.0
NASDAQ:CLST,CLST,"Catalyst Bancorp, Inc.",Financial Services,Banks - Regional,United States,NASDAQ,72164268.0,17.81,63.4,61.38,9,89.1,3386,False,0.0,37.0,9.99,13.86,29.9,36.84,39.2,16.1917,15.6425,13.7108,13.0151,12.7948,52877,1229,2026-09-04,56.53,4051896.0
NASDAQ:MOVE,MOVE,"Corvex, Inc.",Technology,Software - Infrastructure,United States,NASDAQ,407350881.0,14.74,63.42,56.41,9,89.1,3387,True,-39.74,319.64,19.94,35.97,-10.39,-56.54,-78.84,12.2894,10.8408,16.4486,33.9166,69.6508,5780400,1255,2026-09-04,61.91,27635745.0
NASDAQ:SND,SND,"Smart Sand, Inc.",Energy,Oil & Gas Equipment & Services,United States,NASDAQ,228683823.0,5.32,63.44,59.43,9,89.1,3388,False,-6.61,199.55,19.35,34.55,81.05,108.97,131.92,4.4576,3.9539,2.9385,2.5458,2.2939,1286641,1255,2026-09-04,64.67,42985681.0
NYSE:CRBG,CRBG,Corebridge Financial Inc.,Financial Services,Asset Management,United States,NYSE,15528271103.0,34.47,63.47,61.67,9,89.2,3389,False,-0.81,55.9,20.24,18.26,15.96,25.73,,28.6681,29.1478,29.7261,27.4152,,129360357,996,2026-09-04,66.09,450486542.0
NASDAQ:CCC,CCC,CCC Intelligent Solutions Holdings Inc.,Technology,Software - Application,United States,NASDAQ,4423350227.0,7.51,63.54,63.72,9,89.2,3390,False,-23.83,77.96,21.1,10.97,-11.72,-20.61,-20.61,6.2013,6.7675,8.5067,9.4595,9.4595,64679078,1255,2026-09-04,57.42,588994704.0
NYSE:HAL,HAL,Halliburton Company,Energy,Oil & Gas Equipment & Services,United States,NYSE,30968194036.0,37.07,63.54,59.23,9,89.2,3391,False,-12.98,73.89,7.5,14.6,31.26,22.29,20.62,34.4836,32.3465,28.241,30.3141,30.7325,375537550,1255,2026-09-04,65.32,835397735.0
NASDAQ:SKYX,SKYX,SKYX Platforms Corp.,Industrials,Electrical Equipment & Parts,United States,NASDAQ,184243198.0,1.37,63.54,59.87,9,89.2,3392,False,-56.23,44.82,-13.32,-10.94,-0.33,2.17,-21.9,1.5806,1.5383,1.3745,1.3409,1.7541,1188980,1146,2026-09-04,58.1,134484086.0
NASDAQ:BSIN,BSIN,Big Sky Industrial Inc.,Energy,Oil & Gas E&P,United States,NASDAQ,80573461.0,1.54,63.55,62.92,9,89.3,3393,False,-2.53,123.19,44.17,41.53,20.94,25.57,7.49,1.0681,1.0881,1.2733,1.2264,1.4327,1501261,1255,2026-09-04,66.15,52320429.0
NASDAQ:PAGP,PAGP,"Plains GP Holdings, L.P. - Class A Shares representing limited partner interests",Energy,Oil & Gas Midstream,United States,NASDAQ,5519546018.0,27.89,63.58,63.49,9,89.3,3394,True,-2.04,78.41,24.37,31.36,45.09,58.46,76.59,22.4243,21.2318,19.2226,17.6011,15.7938,45126422,1255,2026-09-04,61.66,197904124.0
NASDAQ:SLN,SLN,Silence Therapeutics Plc - American Depository Share,Healthcare,Biotechnology,United Kingdom,NASDAQ,689153004.0,14.59,63.6,62.89,9,89.3,3395,False,-5.44,239.3,90.02,99.35,90.42,33.59,37.36,7.6781,7.3187,7.6619,10.9218,10.6217,28539680,1255,2026-09-04,66.1,47234613.0
NYSE:TBBB,TBBB,BBB Foods Inc.,Consumer Defensive,Discount Stores,Mexico,NYSE,3878986404.0,49.77,63.61,63.21,9,89.3,3396,False,-2.24,106.34,31.65,40.04,55.18,,,37.8042,35.5395,32.0732,,,42912662,645,2026-09-04,63.3,77938244.0
NASDAQ:HFBL,HFBL,"Home Federal Bancorp, Inc. of Louisiana",Financial Services,Banks - Regional,United States,NASDAQ,79073301.0,25.99,63.65,64.04,9,89.4,3397,False,-3.13,98.66,34.55,42.57,70.2,84.88,81.81,19.3159,18.2301,15.27,14.0574,14.2948,28956,1255,2026-09-04,56.28,3042451.0
NYSE:DELL,DELL,Dell Technologies Inc.,Technology,Computer Hardware,United States,NYSE,170369973669.0,524.14,63.67,61.24,9,89.4,3398,False,0.0,374.14,107.31,128.02,206.25,258.47,337.1,252.8237,229.8635,171.146,146.2174,119.913,3959180672,1255,2026-09-04,62.55,325046693.0
NYSE:UNM,UNM,Unum Group,Financial Services,Insurance - Life,United States,NYSE,15173055000.0,95.85,63.67,61.04,9,89.4,3399,False,-0.75,37.26,19.38,21.18,27.84,46.34,62.65,80.2931,79.0975,74.9767,65.4963,58.9293,115415290,1255,2026-09-04,66.25,158300000.0
NYSE:GFL,GFL,"GFL Environmental Inc. Subordinate voting shares, no par value",Industrials,Waste Management,United States,NYSE,15265153040.0,43.73,63.68,61.55,9,89.5,3400,False,-9.09,30.44,6.75,4.34,-0.5,7.48,13.73,40.9639,41.9093,43.9505,40.6855,38.4522,78009340,1255,2026-09-04,62.63,349077362.0
NYSE:ANRO,ANRO,"Alto Neuroscience, Inc.",Healthcare,Biotechnology,United States,NYSE,1247589567.0,35.55,63.72,64.27,9,89.5,3401,False,-2.97,898.6,59.73,84.56,197.69,,,22.2567,19.2617,11.9418,,,16010147,650,2026-09-04,69.81,35093940.0
NYSE:HGTY,HGTY,"Hagerty, Inc.",Financial Services,Insurance - Property & Casualty,United States,NYSE,1383055587.0,13.55,63.72,62.13,9,89.5,3402,False,-1.95,40.12,14.89,14.38,23.08,30.93,34.9,11.7939,11.8468,11.0091,10.3492,10.0442,1775467,1255,2026-09-04,62.28,102070523.0
NYSE:VOYA,VOYA,"Voya Financial, Inc.",Financial Services,Financial Conglomerates,United States,NYSE,9437456728.0,104.09,63.8,62.99,9,89.5,3403,False,-0.73,60.55,28.88,31.68,40.8,45.99,50.21,80.7668,79.0461,73.9285,71.3018,69.2947,85620755,1255,2026-09-04,67.18,90666315.0
NASDAQ:GCBC,GCBC,"Greene County Bancorp, Inc.",Financial Services,Banks - Regional,United States,NASDAQ,606958540.0,35.65,63.81,62.95,9,89.6,3404,False,0.0,68.48,36.0,40.28,39.96,36.55,35.18,26.2128,25.4134,25.4707,26.1077,26.3716,839785,1255,2026-09-04,59.0,17025485.0
NASDAQ:INMB,INMB,INmune Bio Inc.,Healthcare,Biotechnology,United States,NASDAQ,67719245.0,2.44,63.82,63.16,9,89.6,3405,True,-0.2,117.86,52.43,47.58,-35.44,-57.04,-60.81,1.6008,1.6534,3.7796,5.6793,6.2267,744430,1255,2026-09-04,56.65,27753789.0
NASDAQ:FMAO,FMAO,"Farmers & Merchants Bancorp, Inc.",Financial Services,Banks - Regional,United States,NASDAQ,485603991.0,35.27,63.85,62.56,9,89.6,3406,False,-0.17,57.24,26.93,30.45,35.2,47.13,50.16,27.7866,27.0369,26.0872,23.9724,23.4877,1801358,1255,2026-09-04,63.31,13768188.0
NASDAQ:OMSE,OMSE,OMS Energy Technologies Inc.,Energy,Oil & Gas Equipment & Services,Singapore,NASDAQ,203117049.0,4.785,63.9,60.85,9,89.6,3407,False,-29.42,44.56,5.95,4.38,,,,4.5161,4.5844,,,,160068,331,2026-09-04,68.4,42448704.0
NYSE:RFL,RFL,"Rafael Holdings, Inc.",Real Estate,Real Estate Services,United States,NYSE,131104852.0,2.56,63.91,59.75,9,89.7,3408,True,-32.28,120.69,59.99,65.21,52.96,52.67,46.19,1.6001,1.5495,1.6737,1.6768,1.7512,251029,1255,2026-09-04,60.96,51212833.0
NASDAQ:RWAY,RWAY,Runway Growth Finance Corp.,Financial Services,Asset Management,United States,NASDAQ,282389231.0,6.65,63.91,62.63,9,89.7,3409,True,-25.84,32.76,0.91,-4.58,-11.72,-14.22,-12.04,6.5901,6.9695,7.5324,7.7523,7.5605,3621052,1223,2026-09-04,62.38,42464546.0
NASDAQ:SBET,SBET,"Sharplink, Inc.",Financial Services,Capital Markets,United States,NASDAQ,1825079342.0,8.68,63.93,63.12,9,89.7,3410,False,-54.89,90.35,15.63,-4.22,-14.54,-27.1,-62.58,7.5067,9.0629,10.1572,11.907,23.1974,70795370,1255,2026-09-04,68.41,210262597.0
NYSE:EPAM,EPAM,"EPAM Systems, Inc.",Technology,Information Technology Services,United States,NYSE,6114690545.0,117.04,63.96,61.64,9,89.7,3411,False,-47.14,53.92,-15.37,-17.82,-30.95,-39.85,-47.18,138.2935,142.4172,169.5112,194.5954,221.5962,125356257,1255,2026-09-04,69.57,52244451.0
NYSE:AGRO,AGRO,Adecoagro S.A.,Consumer Defensive,Farm Products,Luxembourg,NYSE,1698510645.0,11.77,63.97,59.96,9,89.8,3412,True,-22.46,66.53,12.54,18.65,18.7,18.53,24.7,10.4583,9.9201,9.9154,9.9302,9.4389,10107952,1255,2026-09-04,62.39,144308466.0
NASDAQ:HVMC,HVMC,Highview Merger Corp.,Financial Services,Shell Companies,United States,NASDAQ,242515000.0,10.25,64.01,65.74,9,89.8,3413,False,-0.1,3.12,1.4,,,,,10.1083,,,,,771162,232,2026-09-04,72.94,23660000.0
NASDAQ:LNSR,LNSR,"LENSAR, Inc.",Healthcare,Medical Devices,United States,NASDAQ,105375965.0,8.58,64.03,64.01,9,89.8,3414,True,-32.6,71.26,2.93,-5.44,-12.07,11.06,28.28,8.3357,9.0734,9.7578,7.7258,6.6886,1876729,1255,2026-09-04,60.03,12281581.0
NYSE:GNT,GNT,"GAMCO Natural Resources, Gold & Income Trust",Financial Services,Asset Management,United States,NYSE,153552043.0,9.19,64.04,63.84,9,89.8,3415,False,-1.18,46.3,14.56,19.3,41.09,59.4,74.16,8.0222,7.7036,6.5137,5.7655,5.2767,696220,1255,2026-09-04,65.74,16708601.0
NASDAQ:VOR,VOR,Vor Biopharma Inc.,Healthcare,Biotechnology,United States,NASDAQ,1357356219.0,25.05,64.08,62.95,9,89.9,3416,True,-48.58,265.16,60.18,36.51,26.51,-0.79,-40.54,15.6389,18.3501,19.8003,25.2505,42.1282,16615576,1255,2026-09-04,60.51,54185877.0
NASDAQ:CPRT,CPRT,"Copart, Inc.",Industrials,Specialty Business Services,United States,NASDAQ,31218363173.0,33.72,64.09,61.31,9,89.9,3417,False,-31.04,24.11,-2.11,-7.67,-25.77,-28.54,-24.06,34.4483,36.5229,45.424,47.1888,44.4034,320583333,1255,2026-09-04,63.38,925811482.0
AMEX:NVA,NVA,Nova Minerals Corp,Basic Materials,Other Industrial Metals & Mining,United States,AMEX,234049836.0,6.13,64.09,59.51,9,89.9,3418,False,-57.34,168.91,-7.25,-5.21,42.12,,,6.6095,6.4671,4.3133,,,1509505,532,2026-09-04,60.04,38181050.0
NASDAQ:TH,TH,Target Hospitality Corp.,Industrials,Specialty Business Services,United States,NASDAQ,1943908296.0,19.52,64.09,60.61,9,89.9,3419,False,-4.87,213.83,52.28,65.78,97.9,91.45,74.47,12.8182,11.7746,9.8635,10.196,11.1884,22518070,1255,2026-09-04,58.4,99585466.0
NASDAQ:SLP,SLP,"Simulations Plus, Inc.",Healthcare,Health Information Services,United States,NASDAQ,372743764.0,18.43,64.14,62.86,9,90.0,3420,True,-11.56,62.24,12.76,13.19,-14.95,-35.04,-42.72,16.3444,16.2817,21.6696,28.3698,32.1725,3404587,1255,2026-09-04,63.14,20224838.0
NYSE:DFIN,DFIN,"Donnelley Financial Solutions, Inc.",Technology,Software - Application,United States,NYSE,1251887702.0,50.92,64.16,60.31,9,90.0,3421,False,-10.57,38.6,8.97,6.91,-3.3,-7.64,-1.85,46.7268,47.6273,52.6603,55.1312,51.8798,9824728,1255,2026-09-04,56.46,24585383.0
NYSE:LAD,LAD,"Lithia Motors, Inc.",Consumer Cyclical,Auto & Truck Dealerships,United States,NYSE,8503289100.0,386.81,64.16,62.15,10,90.0,3422,False,-9.35,59.79,24.59,24.32,21.79,27.77,34.87,310.4768,311.1513,317.6032,302.7293,286.808,68836047,1255,2026-09-04,59.86,21983116.0
NASDAQ:CABA,CABA,"Cabaletta Bio, Inc.",Healthcare,Biotechnology,United States,NASDAQ,565800142.0,3.47,64.18,60.91,10,90.1,3423,False,-16.39,111.59,19.29,23.63,32.83,-48.15,-50.75,2.9089,2.8069,2.6123,6.6925,7.0462,15217426,1255,2026-09-04,64.66,163054796.0
NASDAQ:PYXS,PYXS,"Pyxis Oncology, Inc.",Healthcare,Biotechnology,United States,NASDAQ,246452825.0,3.89,64.2,61.81,10,90.1,3424,True,-27.15,266.98,71.09,59.99,82.44,54.91,58.8,2.2737,2.4314,2.1322,2.5111,2.4497,4326449,1232,2026-09-04,59.01,63355482.0
NASDAQ:SPFI,SPFI,"South Plains Financial, Inc.",Financial Services,Banks - Regional,United States,NASDAQ,859628361.0,45.63,64.21,60.26,10,90.1,3425,False,-0.32,28.54,9.92,12.03,20.94,34.44,44.66,41.5116,40.7302,37.7287,33.9396,31.5435,4409758,1255,2026-09-04,61.52,18839105.0
NYSE:FTI,FTI,TechnipFMC plc,Energy,Oil & Gas Equipment & Services,United Kingdom,NYSE,31310404738.0,79.84,64.23,61.33,10,90.1,3426,False,-0.3,125.19,24.13,34.85,78.87,113.8,155.19,64.3216,59.2081,44.6346,37.344,31.2869,210342883,1255,2026-09-04,65.34,392164388.0
NASDAQ:KRT,KRT,Karat Packaging Inc.,Consumer Cyclical,Packaging & Containers,United States,NASDAQ,966044943.0,48.39,64.25,67.39,10,90.2,3427,True,-2.83,145.35,65.23,73.44,81.32,93.04,119.53,29.2861,27.8996,26.6878,25.0677,22.0423,7077571,1255,2026-09-04,58.52,19963731.0
NYSE:SOLV,SOLV,Solventum Corporation,Healthcare,Medical Instruments & Supplies,United States,NYSE,15878389343.0,91.69,64.26,62.85,10,90.2,3428,False,-0.81,46.73,18.48,20.13,23.8,,,77.3889,76.3246,74.0627,,,88205437,614,2026-09-04,68.2,173174712.0
NYSE:BCSS,BCSS,Bain Capital GSS Investment Corp.,Financial Services,Shell Companies,United States,NYSE,483773500.0,10.315,64.29,61.22,10,90.2,3429,False,-0.05,2.53,,,,,,,,,,,365428,198,2026-09-04,55.9,46900000.0
NASDAQ:PAYS,PAYS,"Paysign, Inc.",Technology,Software - Infrastructure,United States,NASDAQ,751932647.0,13.45,64.3,65.94,10,90.3,3430,False,-4.88,322.96,103.11,110.07,159.36,193.81,225.11,6.622,6.4027,5.1859,4.5778,4.1371,9221735,1255,2026-09-04,59.98,55905773.0
NASDAQ:SEIC,SEIC,SEI Investments Company,Financial Services,Asset Management,United States,NASDAQ,13248917501.0,110.39,64.3,66.1,10,90.3,3431,False,-1.11,47.69,25.06,26.67,32.71,44.91,55.34,88.2704,87.1487,83.1813,76.1782,71.0639,66528197,1255,2026-09-04,70.45,120019182.0
NYSE:WFC,WFC,Wells Fargo & Company,Financial Services,Banks - Diversified,United States,NYSE,272069220260.0,89.97,64.3,60.49,10,90.3,3432,True,-5.12,23.25,6.91,7.5,17.34,33.54,49.1,84.1581,83.6926,76.6728,67.3731,60.3439,1078871316,1255,2026-09-04,61.84,3023999336.0
NASDAQ:OVBC,OVBC,Ohio Valley Banc Corp.,Financial Services,Banks - Regional,United States,NASDAQ,220757507.0,46.86,64.32,60.02,10,90.3,3433,True,-5.97,38.4,8.93,13.0,34.84,53.96,64.01,43.0192,41.468,34.7535,30.4372,28.5707,1538271,1255,2026-09-04,62.14,4711001.0
NYSE:MTDR,MTDR,Matador Resources Company,Energy,Oil & Gas E&P,United States,NYSE,7345142127.0,59.15,64.33,61.16,10,90.4,3434,False,-8.31,64.16,15.72,20.06,20.74,14.95,14.72,51.1152,49.2661,48.9886,51.4552,51.5609,108816088,1255,2026-09-04,67.18,124178227.0
NASDAQ:SSNC,SSNC,"SS&C Technologies Holdings, Inc.",Technology,Software - Application,United States,NASDAQ,19628890415.0,83.65,64.33,64.37,10,90.4,3435,False,-5.8,35.3,11.87,8.96,8.18,17.59,25.76,74.7718,76.7728,77.3265,71.1393,66.514,119219224,1255,2026-09-04,69.76,234654996.0
NASDAQ:PSKY,PSKY,Paramount Skydance Corporation,Communication Services,Entertainment,United States,NASDAQ,11812128465.0,10.86,64.42,61.74,10,90.4,3436,False,-44.19,39.05,-0.73,-10.64,-7.26,-7.66,-18.08,10.9401,12.1528,11.71,11.7611,13.2568,104752980,1255,2026-09-04,69.41,1087672971.0
NYSE:ASC,ASC,Ardmore Shipping Corporation,Industrials,Marine Shipping,Bermuda,NYSE,741383496.0,18.17,64.43,61.35,10,90.4,3437,True,-1.03,87.45,27.43,33.0,49.19,40.59,46.36,14.2584,13.662,12.1794,12.9245,12.4149,10724491,1255,2026-09-04,63.2,40802614.0
NASDAQ:PBLS,PBLS,"Parabilis Medicines, Inc.",Healthcare,Biotechnology,United States,NASDAQ,4929301053.0,40.42,64.45,61.92,10,90.4,3438,False,-2.18,61.62,,,,,,,,,,,14567819,61,2026-09-04,66.57,121952030.0
NASDAQ:EXEL,EXEL,"Exelixis, Inc.",Healthcare,Biotechnology,United States,NASDAQ,14621597645.0,59.01,64.49,60.91,10,90.5,3439,False,-0.2,70.85,23.83,28.37,43.9,69.51,92.7,47.6522,45.9694,41.0071,34.8116,30.6234,117336738,1255,2026-09-04,65.06,247781692.0
NASDAQ:FDSB,FDSB,"Fifth District Bancorp, Inc.",Financial Services,Banks - Regional,United States,NASDAQ,98163240.0,18.645,64.49,64.61,10,90.5,3440,False,0.0,42.87,19.74,22.99,36.11,,,15.5714,15.1592,13.6982,,,113109,526,2026-09-04,59.15,5264856.0
NASDAQ:HCHL,HCHL,Happy City Holdings Limited,Consumer Cyclical,Restaurants,Hong Kong,NASDAQ,70663828.0,3.96,64.5,65.95,10,90.5,3441,False,-19.02,296.0,34.13,30.8,,,,2.9525,3.0276,,,,0,303,2026-09-04,64.5,17844401.0
NASDAQ:PFIS,PFIS,Peoples Financial Services Corp.,Financial Services,Banks - Regional,United States,NASDAQ,719044662.0,71.83,64.54,62.3,10,90.6,3442,False,0.0,68.4,25.56,30.65,42.99,55.89,60.72,57.2083,54.9772,50.2339,46.0783,44.6914,3473342,1255,2026-09-04,60.29,10010367.0
NASDAQ:REFI,REFI,"Chicago Atlantic Real Estate Finance, Inc.",Real Estate,REIT - Mortgage,United States,NASDAQ,277987935.0,10.95,64.58,59.56,10,90.6,3443,True,-10.88,12.19,-0.3,-1.04,-5.24,-3.61,1.52,10.9835,11.0649,11.556,11.3604,10.7862,1762524,1190,2026-09-04,61.97,25387026.0
NYSE:CTVA,CTVA,"Corteva, Inc.",Basic Materials,Agricultural Inputs,United States,NYSE,58762525200.0,87.86,64.6,60.75,10,90.6,3444,False,-2.72,45.39,14.05,17.79,27.68,40.15,43.16,77.0397,74.5925,68.8136,62.6887,61.3738,378101881,1255,2026-09-04,67.49,668820000.0
NASDAQ:BUUU,BUUU,BUUU Group Limited,Industrials,Specialty Business Services,Hong Kong,NASDAQ,404647000.0,34.6,64.61,62.91,10,90.6,3445,False,0.0,547.94,114.55,139.77,,,,16.1271,14.4303,,,,2869914,267,2026-09-04,59.47,11695000.0
NASDAQ:CAAS,CAAS,"China Automotive Systems, Inc.",Consumer Cyclical,Auto Parts,China,NASDAQ,162921791.0,5.4,64.62,63.46,10,90.7,3446,False,-2.0,35.0,21.31,21.16,25.18,38.86,33.4,4.4513,4.457,4.3138,3.8888,4.0479,273256,1255,2026-09-04,66.16,30170702.0
NASDAQ:RGLD,RGLD,"Royal Gold, Inc.",Basic Materials,Gold,United States,NASDAQ,22244385050.0,262.11,64.63,63.84,10,90.7,3447,False,-13.5,56.01,11.12,16.0,37.8,58.22,72.45,235.8722,225.9483,190.2093,165.6664,151.9888,172607946,1255,2026-09-04,67.38,84866602.0
NASDAQ:ALT,ALT,"Altimmune, Inc.",Healthcare,Biotechnology,United States,NASDAQ,665101607.0,3.42,64.66,61.18,10,90.7,3448,True,-44.66,32.05,-6.2,-7.64,-29.83,-37.75,-45.96,3.6462,3.7031,4.8742,5.494,6.3283,13299782,1255,2026-09-04,57.91,194474154.0
NYSE:GPI,GPI,"Group 1 Automotive, Inc.",Consumer Cyclical,Auto & Truck Dealerships,United States,NYSE,3585728391.0,300.76,64.66,56.91,10,90.7,3449,False,-37.99,20.55,-10.33,-15.14,-21.78,-14.32,-4.48,335.4181,354.4186,384.5289,351.0197,314.8685,54465052,1255,2026-09-04,56.31,11922225.0
NASDAQ:VRM,VRM,"Vroom, Inc.",Financial Services,Credit Services,United States,NASDAQ,56398600.0,10.83,64.68,59.89,10,90.8,3450,False,-61.93,56.96,-23.02,-34.02,,,,14.0684,16.4137,,,,470351,388,2026-09-04,59.91,5207627.0
NASDAQ:TBPH,TBPH,"Theravance Biopharma, Inc.",Healthcare,Biotechnology,United States,NASDAQ,885226578.0,17.08,64.69,58.87,10,90.8,3451,False,-17.65,25.87,-1.2,2.07,28.91,42.93,47.51,17.2869,16.7329,13.2491,11.9496,11.579,7239872,1255,2026-09-04,64.69,51828254.0
NASDAQ:CNL,CNL,Collective Mining Ltd.,Basic Materials,Gold,United States,NASDAQ,1553386742.0,16.75,64.71,61.18,10,90.8,3452,False,-19.43,70.22,8.79,13.2,53.06,101.03,138.37,15.397,14.7967,10.9436,8.3322,7.027,1438317,1255,2026-09-04,66.44,92739507.0
NYSE:VGNT,VGNT,Versigent PLC,Consumer Cyclical,Auto Parts,Switzerland,NYSE,3560279605.0,50.22,64.71,61.88,10,90.8,3453,False,0.0,86.92,,,,,,,,,,,31298197,112,2026-09-04,59.36,70893660.0
NASDAQ:XSLL,XSLL,Xsolla SPAC 1,Financial Services,Shell Companies,United States,NASDAQ,208527054.0,9.99,64.72,63.68,10,90.9,3454,False,0.0,1.94,,,,,,,,,,,413897,119,2026-09-04,64.72,20873579.0
NYSE:XFLT,XFLT,XAI Floating Rate & Alternative Income Trust Common Shares of Beneficial Interest,Financial Services,Asset Management,United States,NYSE,296240694.0,19.45,64.79,64.21,10,90.9,3455,False,-19.57,35.56,6.45,1.88,-10.47,-13.55,-10.45,18.2711,19.0908,21.7249,22.4993,21.7204,1242210,1255,2026-09-04,53.37,15230884.0
NASDAQ:CDZI,CDZI,"Cadiz, Inc.",Utilities,Utilities - Regulated Water,United States,NASDAQ,350639813.0,4.17,64.81,59.4,10,90.9,3456,True,-39.74,39.93,-12.01,-12.24,0.99,11.25,12.9,4.7392,4.7513,4.129,3.7485,3.6934,3166484,1255,2026-09-04,60.72,84086286.0
NASDAQ:MBWM,MBWM,Mercantile Bank Corporation,Financial Services,Banks - Regional,United States,NASDAQ,1074147628.0,62.14,64.81,62.37,10,90.9,3457,False,0.0,48.36,18.63,22.54,31.96,44.57,58.3,52.3833,50.7082,47.0888,42.9815,39.2547,5599704,1255,2026-09-04,61.11,17285929.0
NYSE:TBN,TBN,Tamboran Resources Corporation,Energy,Oil & Gas E&P,Australia,NYSE,1374388325.0,39.43,64.85,62.29,10,91.0,3458,False,-21.12,92.34,22.68,28.89,53.43,,,32.1416,30.5921,25.6989,,,4627162,550,2026-09-04,63.38,34856412.0
NYSE:CVX,CVX,Chevron Corporation,Energy,Oil & Gas Integrated,United States,NYSE,415447286895.0,208.6,64.87,63.49,10,91.0,3459,False,-1.5,46.12,17.04,21.09,33.25,38.5,40.45,178.2265,172.2651,156.5504,150.6162,148.5248,1577775996,1255,2026-09-04,71.15,1991597732.0
NASDAQ:TRGS,TRGS,TRG Latin America Acquisitions Corp.,Financial Services,Shell Companies,United States,NASDAQ,207735720.0,9.96,64.88,62.45,10,91.0,3460,False,0.0,1.32,,,,,,,,,,,143330,97,2026-09-04,64.88,20857000.0
NYSE:AMTB,AMTB,Amerant Bancorp Inc.,Financial Services,Banks - Regional,United States,NYSE,1141743596.0,29.68,64.91,63.59,10,91.1,3461,False,-2.64,80.62,28.4,33.89,40.06,41.21,39.04,23.1156,22.1681,21.1916,21.018,21.3461,9150529,1255,2026-09-04,62.1,38468450.0
NASDAQ:PYPD,PYPD,PolyPid Ltd.,Healthcare,Biotechnology,Israel,NASDAQ,103348280.0,5.39,64.91,59.93,10,91.1,3462,True,-3.41,71.11,19.59,25.41,44.18,31.34,-36.09,4.5071,4.298,3.7384,4.104,8.4332,675752,1255,2026-09-04,61.78,19174078.0
NASDAQ:BBCP,BBCP,"Concrete Pumping Holdings, Inc.",Industrials,Engineering & Construction,United States,NASDAQ,529130910.0,10.5,64.92,59.66,10,91.1,3463,False,-12.86,83.25,30.74,35.13,50.26,53.48,56.49,8.0312,7.7701,6.9878,6.8413,6.7098,1858629,1255,2026-09-04,39.33,50393420.0
NASDAQ:OPRT,OPRT,Oportun Financial Corporation,Financial Services,Credit Services,United States,NASDAQ,361626760.0,7.87,64.92,63.37,10,91.1,3464,True,-2.72,90.56,41.71,40.68,48.79,63.81,58.94,5.5534,5.5944,5.2895,4.8043,4.9515,2433395,1255,2026-09-04,57.27,45950033.0
NYSE:HVT,HVT,"Haverty Furniture Companies, Inc.",Consumer Cyclical,Home Improvement Retail,United States,NYSE,425126367.0,28.56,64.95,63.12,10,91.2,3465,True,-0.63,51.05,20.58,23.81,32.03,23.38,21.43,23.6854,23.0676,21.6308,23.1481,23.5197,3783850,1255,2026-09-04,56.4,14885377.0
NASDAQ:ASND,ASND,Ascendis Pharma A/S,Healthcare,Biotechnology,Denmark,NASDAQ,17746796085.0,270.56,64.98,61.14,10,91.2,3466,False,-2.39,42.6,16.38,19.59,43.28,61.37,78.63,232.4865,226.2416,188.8349,167.6643,151.4664,137308642,1255,2026-09-04,65.7,65592830.0
NASDAQ:PAYO,PAYO,Payoneer Global Inc.,Technology,Software - Infrastructure,United States,NASDAQ,2424853841.0,7.17,64.98,65.91,10,91.2,3467,False,-0.14,67.92,22.91,21.82,2.27,10.29,13.66,5.8336,5.8859,7.0111,6.5012,6.3083,23977195,1255,2026-09-04,67.64,338194399.0
NYSE:CAH,CAH,"Cardinal Health, Inc.",Healthcare,Medical Distribution,United States,NYSE,57891003239.0,247.18,64.99,62.14,10,91.2,3468,False,-0.58,69.36,14.91,20.75,46.97,70.73,93.96,215.0996,204.7045,168.1884,144.78,127.4398,402462315,1255,2026-09-04,67.48,234205855.0
NASDAQ:BULL,BULL,Webull Corporation,Technology,Software - Application,United States,NASDAQ,4363127088.0,9.74,65.0,63.89,10,91.3,3469,False,-37.36,110.37,35.81,19.13,-7.71,-8.95,-8.16,7.1718,8.1761,10.5532,10.6968,10.6057,166842693,1014,2026-09-04,69.31,447959660.0
NYSE:PBR,PBR,Petroleo Brasileiro S.A. Petrobras ADS,Energy,Oil & Gas Integrated,Brazil,NYSE,74868847703.0,20.12,65.03,62.47,10,91.3,3470,False,-5.27,81.91,22.07,29.57,47.75,55.36,74.26,16.4829,15.5288,13.618,12.9502,11.5461,380603575,1255,2026-09-04,70.12,3721115691.0
NYSE:ETSS,ETSS,Energy Transition Special Opportunities,Financial Services,Shell Companies,United States,NYSE,148950000.0,9.93,65.1,63.72,10,91.3,3471,False,-0.2,0.81,,,,,,,,,,,600014,65,2026-09-04,60.28,15000000.0
NASDAQ:MVBF,MVBF,MVB Financial Corp.,Financial Services,Banks - Regional,United States,NASDAQ,404975244.0,31.23,65.1,62.3,10,91.3,3472,False,0.0,34.63,15.04,16.98,35.86,43.56,45.06,27.1469,26.6976,22.9863,21.7537,21.529,1889937,1255,2026-09-04,61.92,12967507.0
NASDAQ:QMCO,QMCO,Quantum Corporation,Technology,Computer Hardware,United States,NASDAQ,973731385.0,24.73,65.1,65.04,10,91.3,3473,False,-5.29,473.78,155.27,155.35,114.83,131.79,78.91,9.6876,9.6846,11.5113,10.6692,13.8225,53795699,1255,2026-09-04,64.12,39374500.0
NASDAQ:PURR,PURR,Hyperliquid Strategies Inc,Financial Services,Capital Markets,United States,NASDAQ,2442865756.0,12.18,65.14,64.07,10,91.4,3474,False,-5.07,292.9,,,,,,,,,,,269361166,190,2026-09-04,70.08,200563691.0
AMEX:REI,REI,"Ring Energy, Inc.",Energy,Oil & Gas E&P,United States,AMEX,380780438.0,1.5,65.16,61.81,10,91.4,3475,False,-24.24,78.57,19.06,23.95,25.14,9.41,-5.81,1.2599,1.2101,1.1987,1.371,1.5925,4399049,1255,2026-09-04,65.16,253853625.0
NYSE:PD,PD,"PagerDuty, Inc.",Technology,Software - Application,United States,NYSE,1050409335.0,13.62,65.18,64.89,10,91.4,3476,False,-20.68,137.7,41.71,24.57,-3.71,-18.49,-28.6,9.6113,10.9339,14.1447,16.7094,19.0754,19440483,1255,2026-09-04,72.89,77122565.0
NASDAQ:CZNC,CZNC,Citizens & Northern Corp,Financial Services,Banks - Regional,United States,NASDAQ,468468362.0,26.11,65.19,64.63,10,91.5,3477,False,0.0,44.47,18.22,22.11,32.37,40.29,41.47,22.0855,21.383,19.7249,18.6116,18.4561,1798028,1255,2026-09-04,61.29,17942105.0
AMEX:ELLO,ELLO,Ellomay Capital Ltd Ordinary Shares (Israel),Utilities,Utilities - Renewable,Israel,AMEX,319770936.0,23.2,65.2,61.26,10,91.5,3478,True,-22.12,34.26,0.22,3.89,23.13,34.18,35.87,23.149,22.3308,18.8422,17.2907,17.0755,65790,1255,2026-09-04,54.69,13783230.0
NYSE:TEN,TEN,Tsakos Energy Navigation Ltd,Energy,Oil & Gas Midstream,Greece,NYSE,1317781355.0,43.74,65.2,62.24,10,91.5,3479,False,0.0,113.3,28.85,38.55,75.86,84.57,102.35,33.9464,31.57,24.8716,23.6982,21.6158,9914213,1255,2026-09-04,63.16,30127603.0
NYSE:DG,DG,Dollar General Corporation,Consumer Defensive,Discount Stores,United States,NYSE,29384347247.0,133.21,65.22,61.65,10,91.6,3480,False,-13.9,40.82,6.39,10.82,28.69,20.84,0.29,125.214,120.2,103.5092,110.2346,132.8185,319341408,1255,2026-09-04,62.67,220586647.0
NASDAQ:XGN,XGN,Exagen Inc.,Healthcare,Diagnostics & Research,United States,NASDAQ,183131580.0,7.58,65.23,65.19,10,91.6,3481,False,-36.62,186.04,58.64,26.8,37.02,74.8,92.05,4.7781,5.978,5.5321,4.3363,3.9469,2140358,1255,2026-09-04,64.7,24159839.0
NASDAQ:NKTX,NKTX,"Nkarta, Inc.",Healthcare,Biotechnology,United States,NASDAQ,208912445.0,2.92,65.24,59.44,10,91.6,3482,False,-20.44,68.79,19.82,23.15,19.39,-20.25,-32.6,2.4371,2.3711,2.4457,3.6615,4.3323,1323052,1255,2026-09-04,60.57,71545358.0
NYSE:HAE,HAE,Haemonetics Corporation,Healthcare,Medical Devices,United States,NYSE,4677300570.0,102.92,65.29,67.37,10,91.6,3483,True,-5.4,115.9,41.58,49.61,47.31,37.63,34.16,72.6919,68.7937,69.8639,74.7812,76.7171,76977010,1255,2026-09-04,65.17,45445983.0
NYSE:MFG,MFG,"Mizuho Financial Group, Inc. Sponosred ADR (Japan)",Financial Services,Banks - Regional,Japan,NYSE,136806025986.0,11.23,65.32,62.0,10,91.7,3484,False,-0.8,84.4,26.15,33.31,65.68,96.47,126.77,8.9021,8.4243,6.778,5.716,4.9522,30045126,1255,2026-09-04,68.12,12182192875.0
NYSE:AR,AR,Antero Resources Corporation,Energy,Oil & Gas E&P,United States,NYSE,12116170990.0,39.41,65.38,61.82,10,91.7,3485,False,-12.71,31.24,8.64,10.79,12.68,21.2,25.37,36.2752,35.5702,34.9753,32.5171,31.4352,132309955,1255,2026-09-04,68.42,307439000.0
AMEX:BRBS,BRBS,"Blue Ridge Bankshares, Inc.",Financial Services,Banks - Regional,United States,AMEX,355034636.0,3.96,65.38,64.1,10,91.7,3486,False,-1.0,22.22,10.89,11.31,26.37,34.5,-10.18,3.571,3.5578,3.1335,2.9442,4.4089,5261221,1255,2026-09-04,64.66,89655211.0
NYSE:BTGO,BTGO,"BitGo Holdings, Inc.",Financial Services,Capital Markets,United States,NYSE,781859397.0,7.3,65.48,61.45,10,91.8,3487,False,-60.52,55.65,,,,,,,,,,,11813485,158,2026-09-04,70.15,107104027.0
NASDAQ:WSBF,WSBF,"Waterstone Financial, Inc.",Financial Services,Banks - Regional,United States,NASDAQ,388502325.0,21.52,65.48,63.34,10,91.8,3488,False,0.0,52.18,17.94,22.78,40.58,54.16,56.18,18.2462,17.527,15.3076,13.9593,13.7786,1381505,1255,2026-09-04,62.51,18053082.0
NYSE:ADCT,ADCT,ADC Therapeutics SA,Healthcare,Drug Manufacturers - Specialty & Generic,Switzerland,NYSE,172979975.0,1.36,65.49,55.48,10,91.8,3489,False,-72.13,41.67,-54.1,-57.07,-50.95,-50.86,-52.83,2.9632,3.1676,2.7727,2.7676,2.8833,2060814,1255,2026-09-04,63.24,127191158.0
NASDAQ:CDNA,CDNA,"CareDx, Inc.",Healthcare,Diagnostics & Research,United States,NASDAQ,2632237266.0,50.88,65.49,66.75,10,91.8,3490,False,-2.83,281.7,103.0,121.71,133.82,173.99,199.83,25.0636,22.9488,21.7601,18.5699,16.9699,53108697,1255,2026-09-04,63.04,51734223.0
NASDAQ:AGMB,AGMB,AgomAb Therapeutics NV - ADRs representing one common share.,Healthcare,Biotechnology,Belgium,NASDAQ,777133046.0,15.78,65.54,61.33,10,91.9,3491,False,-11.45,64.2,,,,,,,,,,,2177023,146,2026-09-04,60.26,49247975.0
NASDAQ:DSGR,DSGR,"Distribution Solutions Group, Inc.",Industrials,Industrial Distribution,United States,NASDAQ,1603212927.0,34.66,65.54,69.91,10,91.9,3492,False,-0.86,79.49,19.64,19.5,13.27,12.76,22.42,28.9705,29.0044,30.5986,30.7385,28.3124,7756184,1255,2026-09-04,69.14,46255422.0
NASDAQ:TECH,TECH,Bio-Techne Corp,Healthcare,Biotechnology,United States,NASDAQ,11285365524.0,72.43,65.54,67.02,10,91.9,3493,False,-0.06,67.77,19.03,20.27,18.14,12.61,6.89,60.8483,60.2246,61.3091,64.3191,67.7599,174179750,1255,2026-09-04,66.1,155810652.0
NYSE:BWLP,BWLP,BW LPG Limited,Energy,Oil & Gas Midstream,Singapore,NYSE,3774111055.0,24.86,65.56,63.86,10,91.9,3494,False,0.0,122.69,43.24,51.16,80.75,94.54,130.2,17.3559,16.4466,13.7541,12.7789,10.7993,10119773,1255,2026-09-04,63.95,151814604.0
NASDAQ:CNXN,CNXN,"PC Connection, Inc.",Technology,Electronics & Computer Distribution,United States,NASDAQ,2128833651.0,84.35,65.57,62.71,10,91.9,3495,False,-2.57,52.39,27.36,29.66,28.38,30.92,41.26,66.2293,65.0566,65.7057,64.4267,59.7141,10021976,1255,2026-09-04,63.41,25238099.0
NYSE:FBRT,FBRT,"Franklin BSP Realty Trust, Inc.",Real Estate,REIT - Mortgage,United States,NYSE,713360123.0,8.59,65.58,60.75,10,92.0,3496,False,-17.4,14.08,-1.47,-3.95,-10.49,-11.36,-9.85,8.7185,8.9434,9.5965,9.6906,9.529,13516594,1225,2026-09-04,63.84,83045416.0
NASDAQ:HRMY,HRMY,"Harmony Biosciences Holdings, Inc.",Healthcare,Biotechnology,United States,NASDAQ,2445965561.0,42.25,65.62,63.54,10,92.0,3497,True,-1.42,63.13,23.43,26.76,24.25,27.76,18.71,34.2287,33.3294,34.0053,33.069,35.5912,25768638,1255,2026-09-04,64.32,57892676.0
NYSE:WT,WT,"WisdomTree, Inc.",Financial Services,Asset Management,United States,NYSE,3806708136.0,24.89,65.63,64.81,10,92.0,3498,False,-0.6,133.09,47.03,54.57,88.55,116.73,147.76,16.9284,16.1024,13.2005,11.4846,10.0461,51949233,1255,2026-09-04,65.52,152941267.0
NASDAQ:ACB,ACB,Aurora Cannabis Inc.,Healthcare,Drug Manufacturers - Specialty & Generic,Canada,NASDAQ,244671477.0,3.95,65.65,65.13,10,92.1,3499,True,-36.6,53.1,8.62,0.22,-10.58,-16.51,-31.1,3.6365,3.9413,4.4173,4.7311,5.7331,7011686,1255,2026-09-04,63.5,61942146.0
NYSE:BBVA,BBVA,Banco Bilbao Vizcaya Argentaria S.A.,Financial Services,Banks - Diversified,Spain,NYSE,163051177908.0,29.51,65.66,65.16,10,92.1,3500,False,-0.44,71.79,25.27,30.91,70.66,105.82,144.01,23.5562,22.542,17.2918,14.3381,12.0939,40907599,1255,2026-09-04,67.96,5525285595.0
NYSE:GNK,GNK,Genco Shipping & Trading Limited Ordinary Shares New (Marshall Islands),Industrials,Marine Shipping,United States,NYSE,1204905460.0,27.65,65.67,62.56,10,92.1,3501,False,0.0,91.71,26.53,33.94,62.04,69.04,82.35,21.8527,20.6439,17.0632,16.3568,15.1629,16506767,1255,2026-09-04,63.48,43577051.0
AMEX:PLX,PLX,"Protalix BioTherapeutics, Inc. (DE)",Healthcare,Biotechnology,United States,AMEX,215126284.0,2.67,65.68,62.38,10,92.1,3502,False,-15.24,73.38,18.98,20.0,32.88,48.53,50.73,2.244,2.225,2.0093,1.7977,1.7714,2024652,1255,2026-09-04,63.04,80571642.0
NYSE:RGA,RGA,"Reinsurance Group of America, Incorporated",Financial Services,Insurance - Reinsurance,United States,NYSE,16592518793.0,253.27,65.71,64.43,10,92.2,3503,False,-1.03,41.97,19.42,22.41,24.7,31.4,42.9,212.0863,206.9054,203.1029,192.7423,177.23,79972723,1255,2026-09-04,71.72,65513163.0
NASDAQ:CBAT,CBAT,CBAK Energy Technology Limited,Industrials,Electrical Equipment & Parts,China,NASDAQ,86872919.0,0.98,65.72,64.97,10,92.2,3504,False,-17.65,100.0,22.07,18.21,10.22,3.46,-0.27,0.8028,0.829,0.8892,0.9472,0.9826,562415,1255,2026-09-04,72.34,88645836.0
NASDAQ:MLAB,MLAB,"Mesa Laboratories, Inc.",Technology,Scientific & Technical Instruments,United States,NASDAQ,715040141.0,127.78,65.76,64.29,10,92.2,3505,False,-2.2,116.04,35.49,42.8,26.32,25.43,11.32,94.3062,89.4836,101.152,101.8763,114.7873,20121420,1255,2026-09-04,67.24,5595869.0
NASDAQ:OBA,OBA,Oxley Bridge Acquisition Limited,Financial Services,Shell Companies,Canada,NASDAQ,261096000.0,10.32,65.83,66.85,10,92.2,3506,False,-0.19,3.93,1.52,1.88,,,,10.1658,10.1299,,,,39990,266,2026-09-04,88.29,25300000.0
NYSE:MAN,MAN,ManpowerGroup,Industrials,Staffing & Employment Services,United States,NYSE,2882525057.0,61.98,65.86,67.3,10,92.3,3507,False,-1.54,146.31,77.75,79.23,45.59,22.94,12.96,34.8693,34.5815,42.5721,50.4142,54.8673,48389356,1255,2026-09-04,64.62,46507342.0
NYSE:NVGS,NVGS,Navigator Holdings Ltd. Ordinary Shares (Marshall Islands),Energy,Oil & Gas Midstream,United Kingdom,NYSE,1417134342.0,22.96,65.86,61.08,10,92.3,3508,False,-4.89,61.69,14.65,19.74,35.08,40.89,50.15,20.0268,19.1743,16.9979,16.2966,15.2912,8517319,1255,2026-09-04,62.68,61721879.0
NYSE:VEEV,VEEV,Veeva Systems Inc.,Healthcare,Health Information Services,United States,NYSE,44686524921.0,275.09,65.92,66.88,10,92.3,3509,False,-10.17,81.66,38.5,26.69,20.41,25.69,31.84,198.622,217.1278,228.4539,218.8622,208.6617,508924826,1255,2026-09-04,73.59,162443291.0
NYSE:PERF,PERF,Perfect Corp.,Technology,Software - Application,Taiwan,NYSE,164165709.0,1.93,65.93,63.08,10,92.4,3510,False,-7.66,48.46,13.25,10.04,1.65,-8.21,,1.7043,1.7539,1.8987,2.1026,,303349,965,2026-09-04,65.93,85059953.0
NYSE:WNC,WNC,Wabash National Corporation,Industrials,Farm & Heavy Construction Machinery,United States,NYSE,582948946.0,14.31,65.93,63.07,10,92.4,3511,False,0.0,112.66,42.41,45.18,24.66,-4.37,-13.83,10.0487,9.857,11.4789,14.9637,16.6076,9507634,1255,2026-09-04,65.56,40737173.0
NYSE:GIC,GIC,Global Industrial Company,Industrials,Industrial Distribution,United States,NYSE,1523174351.0,39.81,65.94,65.95,10,92.4,3512,False,0.0,53.27,24.72,24.27,36.64,29.79,37.2,31.9204,32.0363,29.1351,30.6719,29.0161,4811930,1255,2026-09-04,60.99,38261099.0
NASDAQ:HOOD,HOOD,"Robinhood Markets, Inc.",Financial Services,Capital Markets,United States,NASDAQ,96543857874.0,122.11,65.94,62.53,10,92.4,3513,False,-19.91,87.4,28.41,18.92,55.06,112.02,167.36,95.0961,102.6856,78.7504,57.5923,45.6721,2203735590,1255,2026-09-04,68.92,790630234.0
NASDAQ:DERM,DERM,Journey Medical Corporation,Healthcare,Drug Manufacturers - Specialty & Generic,United States,NASDAQ,169261539.0,7.86,65.95,62.65,10,92.4,3514,False,-15.12,79.04,13.24,10.95,20.22,35.56,62.43,6.9412,7.0842,6.5381,5.7982,4.8389,1374630,1207,2026-09-04,67.18,21534547.0
NASDAQ:KRNY,KRNY,Kearny Financial,Financial Services,Banks - Regional,United States,NASDAQ,637509963.0,10.13,65.97,64.26,10,92.5,3515,False,0.0,68.47,25.26,31.55,46.41,54.98,50.98,8.087,7.7003,6.9189,6.5364,6.7094,7221551,1255,2026-09-04,64.15,62932869.0
NASDAQ:ACNB,ACNB,ACNB Corporation,Financial Services,Banks - Regional,United States,NASDAQ,670706884.0,65.95,66.08,64.15,10,92.5,3516,False,0.0,61.25,24.8,29.69,45.04,59.18,70.64,52.8444,50.8539,45.4704,41.4309,38.6484,4937239,1255,2026-09-04,64.41,10169930.0
NASDAQ:SPWH,SPWH,"Sportsman's Warehouse Holdings, Inc.",Consumer Cyclical,Specialty Retail,United States,NASDAQ,50725734.0,1.3,66.14,60.22,10,92.5,3517,True,-61.54,16.07,-5.51,-21.48,-35.84,-48.97,-66.29,1.3758,1.6556,2.0261,2.5474,3.8562,724887,1255,2026-09-04,60.45,39019795.0
NYSE:TK,TK,Teekay Corporation Ltd.,Energy,Oil & Gas Midstream,Bermuda,NYSE,1185971120.0,13.63,66.14,63.46,10,92.5,3518,False,0.0,86.51,25.15,32.01,65.84,87.15,113.52,10.8905,10.3248,8.2189,7.283,6.3836,7003409,1255,2026-09-04,64.52,87011821.0
NYSE:SBSW,SBSW,D/B/A Sibanye-Stillwater Limited ADS,Basic Materials,Other Precious Metals & Mining,South Africa,NYSE,9050738827.0,12.79,66.15,63.98,10,92.6,3519,False,-37.68,59.87,2.16,6.07,49.77,75.55,69.89,12.5196,12.0577,8.54,7.2856,7.5282,63257905,1255,2026-09-04,71.04,707641816.0
NASDAQ:MSTR,MSTR,Strategy Inc,Technology,Software - Application,United States,NASDAQ,49363014750.0,142.8,66.2,62.67,10,92.6,3520,False,-60.3,73.49,2.67,-16.85,-42.33,-27.78,-7.93,139.0862,171.7367,247.6115,197.7405,155.0921,3315751890,1255,2026-09-04,67.79,345679375.0
NYSE:TNK,TNK,Teekay Tankers Ltd.,Energy,Oil & Gas Midstream,Bermuda,NYSE,2802767682.0,93.37,66.2,64.44,10,92.6,3521,False,0.0,95.66,33.6,40.21,71.41,75.44,95.56,69.8868,66.5918,54.4724,53.2197,47.7457,45071889,1255,2026-09-04,64.06,30017861.0
NYSE:BMEZ,BMEZ,BlackRock Health Sciences Term Trust Common Shares of Beneficial Interest,Financial Services,Asset Management,United States,NYSE,1060648826.0,16.97,66.21,66.8,10,92.7,3522,False,-1.62,32.14,16.79,18.41,25.22,32.26,37.3,14.5297,14.3312,13.5519,12.8311,12.3599,2422291,1255,2026-09-04,65.65,62501404.0
NASDAQ:SNDL,SNDL,SNDL Inc.,Consumer Defensive,Beverages - Wineries & Distilleries,Canada,NASDAQ,373530500.0,1.435,66.22,61.01,10,92.7,3523,True,-49.02,19.58,-3.14,-13.1,-15.01,-16.79,-19.3,1.4815,1.6512,1.6883,1.7246,1.7781,1889046,1255,2026-09-04,63.48,260300000.0
NASDAQ:GBLI,GBLI,"Global Indemnity Group, LLC",Financial Services,Insurance - Property & Casualty,United States,NASDAQ,328359035.0,30.36,66.25,63.46,10,92.7,3524,False,0.0,23.06,11.39,10.79,4.5,5.14,9.67,27.2556,27.4044,29.0525,28.8751,27.6836,165392,1255,2026-09-04,64.32,10815515.0
NASDAQ:ASUR,ASUR,Asure Software Inc,Technology,Software - Application,United States,NASDAQ,268000164.0,9.28,66.27,61.36,10,92.7,3525,False,-8.3,34.1,7.31,8.43,1.55,3.72,-0.91,8.6477,8.5583,9.1379,8.9474,9.3655,918009,1255,2026-09-04,63.75,28879328.0
NASDAQ:KURA,KURA,"Kura Oncology, Inc.",Healthcare,Biotechnology,United States,NASDAQ,1176260336.0,13.25,66.28,63.93,10,92.8,3526,False,-2.5,79.05,35.1,36.07,35.51,9.8,8.55,9.8079,9.7374,9.7775,12.0677,12.2058,28927516,1255,2026-09-04,65.53,88774365.0
NASDAQ:OPK,OPK,"Opko Health, Inc.",Healthcare,Diagnostics & Research,United States,NASDAQ,1223978289.0,1.64,66.28,63.19,10,92.8,3527,True,-2.96,49.09,26.57,23.64,16.59,19.05,14.45,1.2958,1.3264,1.4066,1.3776,1.4329,4436104,1255,2026-09-04,64.42,746328225.0
NYSE:CNX,CNX,CNX Resources Corporation,Energy,Oil & Gas E&P,United States,NYSE,5546406951.0,37.49,66.29,62.47,10,92.8,3528,False,-12.02,29.19,1.23,3.82,9.8,23.41,38.63,37.0357,36.1113,34.1429,30.3773,27.0428,47270682,1255,2026-09-04,70.44,147943637.0
NASDAQ:PRCH,PRCH,"Porch Group, Inc.",Financial Services,Insurance - Property & Casualty,United States,NASDAQ,2036545858.0,17.94,66.29,64.84,10,92.8,3529,False,-5.78,180.31,70.64,55.03,93.81,160.81,220.82,10.5131,11.572,9.2565,6.8786,5.5918,19159313,1255,2026-09-04,68.02,113519836.0
NASDAQ:UROY,UROY,Uranium Royalty Corp.,Energy,Uranium,United States,NASDAQ,1691938892.0,4.44,66.3,64.65,10,92.9,3530,False,-18.68,70.11,19.59,17.68,45.39,52.37,60.92,3.7126,3.7729,3.0539,2.914,2.7592,9482420,1255,2026-09-04,66.3,381067318.0
NASDAQ:DEFT,DEFT,"Defi Technologies, Inc.",Financial Services,Capital Markets,Canada,NASDAQ,264932960.0,0.683,66.31,62.44,10,92.9,3531,False,-74.89,75.13,-5.52,-31.77,-62.56,,,0.7229,1.0011,1.8241,,,1731824,516,2026-09-04,65.96,387895989.0
NYSE:PAYC,PAYC,"Paycom Software, Inc.",Technology,Software - Application,United States,NYSE,10802099794.0,231.67,66.31,68.73,10,92.9,3532,False,-3.68,104.84,55.88,45.87,24.84,24.24,7.33,148.6228,158.8241,185.5677,186.4662,215.8437,154812613,1255,2026-09-04,78.61,46627098.0
NASDAQ:SGHT,SGHT,"Sight Sciences, Inc.",Healthcare,Medical Devices,United States,NASDAQ,454323016.0,8.35,66.31,67.59,10,92.9,3533,False,-7.73,160.94,42.74,50.5,77.48,74.67,41.68,5.8497,5.548,4.7047,4.7804,5.8934,1989949,1255,2026-09-04,67.23,54409942.0
NASDAQ:BYFC,BYFC,Broadway Financial Corporation,Financial Services,Banks - Regional,United States,NASDAQ,74848975.0,12.12,66.34,65.82,10,93.0,3534,False,-1.54,112.63,39.45,45.32,57.19,69.5,62.4,8.6911,8.3401,7.7107,7.1505,7.4632,21825,1255,2026-09-04,65.51,6175658.0
NASDAQ:AMPH,AMPH,"Amphastar Pharmaceuticals, Inc.",Healthcare,Drug Manufacturers - Specialty & Generic,United States,NASDAQ,1022073862.0,23.18,66.35,63.16,10,93.0,3535,False,-21.21,37.4,2.94,-0.23,-18.51,-33.32,-35.05,22.5188,23.2342,28.4464,34.7622,35.6917,8950136,1255,2026-09-04,76.26,44092919.0
NASDAQ:TAYD,TAYD,"Taylor Devices, Inc.",Industrials,Specialty Industrial Machinery,United States,NASDAQ,200164384.0,62.18,66.37,61.8,10,93.0,3536,False,-30.87,50.63,1.29,7.01,25.37,37.51,63.06,61.3879,58.1063,49.5955,45.2195,38.1335,2637747,1255,2026-09-04,62.17,3219112.0
NYSE:KT,KT,KT Corporation,Communication Services,Telecom Services,South Korea,NYSE,9425256961.0,19.79,66.42,61.7,10,93.1,3537,False,-19.36,14.66,-0.41,0.39,6.5,20.05,31.26,19.8718,19.7125,18.5818,16.4842,15.0764,25311714,1255,2026-09-04,67.61,476263616.0
NYSE:IHS,IHS,IHS Holding Limited,Real Estate,Real Estate Services,United Kingdom,NYSE,2851603370.0,8.47,66.44,62.34,10,93.1,3538,False,-2.98,35.74,5.63,9.1,38.71,57.26,43.08,8.0186,7.7638,6.1065,5.3859,5.9197,9682407,1228,2026-09-04,66.44,336671000.0
NASDAQ:INBX,INBX,"Inhibrx Biosciences, Inc.",Healthcare,Biotechnology,United States,NASDAQ,1777707608.0,121.17,66.45,64.12,10,93.1,3539,False,-14.57,356.64,36.2,51.21,152.8,,,88.9634,80.1319,47.9307,,,30837850,570,2026-09-04,68.18,14671186.0
NASDAQ:HITI,HITI,High Tide Inc.,Healthcare,Pharmaceutical Retailers,Canada,NASDAQ,225387001.0,2.565,66.49,63.01,10,93.1,3540,False,-35.55,25.12,5.62,-2.07,-0.62,9.31,21.81,2.4285,2.6192,2.581,2.3465,2.1057,1171430,1255,2026-09-04,63.04,87870176.0
NASDAQ:SY,SY,So-Young International Inc. - American Depository Shares,Healthcare,Health Information Services,China,NASDAQ,233993827.0,2.76,66.54,64.37,10,93.2,3541,False,-38.26,109.09,6.68,-1.58,27.1,54.52,60.06,2.5872,2.8044,2.1715,1.7861,1.7244,2788811,1255,2026-09-04,69.85,84780372.0
NASDAQ:RYM,RYM,"RYTHM, Inc.",Consumer Defensive,Tobacco,United States,NASDAQ,56414610.0,26.25,66.56,60.46,10,93.2,3542,False,-45.6,75.82,17.57,1.61,12.12,28.93,-75.18,22.3274,25.8336,23.4132,20.3592,105.7618,221369,1255,2026-09-04,62.55,2149128.0
NYSE:HSBC,HSBC,"HSBC Holdings, plc.",Financial Services,Banks - Diversified,United Kingdom,NYSE,367348944016.0,107.11,66.62,63.26,10,93.2,3543,False,-0.22,70.78,22.08,28.56,60.58,91.21,119.45,87.7349,83.3156,66.7022,56.0159,48.8078,106684326,1255,2026-09-04,64.7,3429641901.0
NASDAQ:SLAB,SLAB,"Silicon Laboratories, Inc.",Technology,Semiconductors,United States,NASDAQ,7275130517.0,220.58,66.65,62.53,10,93.2,3544,False,-0.06,90.02,13.67,21.68,44.42,55.53,54.07,194.0571,181.2794,152.733,141.8243,143.1664,66260765,1255,2026-09-04,68.25,32981823.0
NASDAQ:LAWR,LAWR,"Robot Consulting Co., Ltd. - ADS",Industrials,Consulting Services,Japan,NASDAQ,172350000.0,3.75,66.66,61.41,10,93.3,3545,False,0.0,85.64,0.0,2.87,,,,3.75,3.6455,,,,0,287,2026-09-04,66.66,45960000.0
NASDAQ:ARTNA,ARTNA,Artesian Resources Corporation - Class A Non-Voting,Utilities,Utilities - Regulated Water,United States,NASDAQ,341741663.0,36.19,66.74,64.72,10,93.3,3546,False,-0.3,20.93,11.74,12.38,13.44,9.65,-0.8,32.3872,32.2041,31.9036,33.0063,36.4823,1055373,1255,2026-09-04,69.08,9442986.0
NYSE:MPV,MPV,Barings Participation Investors,Financial Services,Asset Management,United States,NYSE,183360460.0,17.02,66.76,62.21,10,93.3,3547,False,-10.14,13.4,0.06,-1.38,4.62,14.36,26.4,17.0098,17.259,16.2685,14.8825,13.4656,385498,1255,2026-09-04,67.8,10773235.0
NASDAQ:PNRG,PNRG,PrimeEnergy Resources Corporation,Energy,Oil & Gas E&P,United States,NASDAQ,351672300.0,217.35,66.79,62.33,10,93.3,3548,True,-20.26,68.59,10.9,15.83,18.88,38.12,55.33,195.9806,187.6394,182.8256,157.3576,139.9248,22135071,1255,2026-09-04,65.02,1618000.0
NASDAQ:PRE,PRE,Prenetics Global Limited,Consumer Defensive,Packaged Foods,Hong Kong,NASDAQ,392270019.0,25.44,66.86,63.86,10,93.4,3549,False,-3.09,214.46,38.16,46.96,120.04,167.58,89.97,18.413,17.3114,11.5618,9.5074,13.3918,6759882,1255,2026-09-04,68.17,15419419.0
NYSE:AVTR,AVTR,"Avantor, Inc.",Healthcare,Medical Instruments & Supplies,United States,NYSE,10125091835.0,14.97,66.87,67.04,10,93.4,3550,False,-4.04,102.02,44.4,37.35,3.4,-13.25,-18.16,10.3668,10.8992,14.4781,17.2561,18.2921,89557825,1255,2026-09-04,71.24,676358840.0
NASDAQ:CEG,CEG,Constellation Energy Corporation - Common Stock When-Issued,Utilities,Utilities - Independent Power Producers,United States,NASDAQ,106759219002.0,298.96,66.87,62.48,10,93.4,3551,True,-25.58,26.6,1.18,-2.62,4.43,23.3,47.21,295.4781,306.9972,286.2794,242.4734,203.0904,683191026,1162,2026-09-04,58.89,357102017.0
AMEX:GORO,GORO,Goldgroup Mining Inc.,Basic Materials,Other Precious Metals & Mining,Canada,AMEX,312837280.0,4.15,66.99,60.62,10,93.4,3552,False,-33.92,107.5,1.61,6.32,50.97,122.28,181.73,4.0842,3.9032,2.749,1.867,1.4731,5266623,1255,2026-09-04,65.59,75382477.0
NYSE:CRCL,CRCL,"Circle Internet Group, Inc.",Financial Services,Capital Markets,United States,NYSE,23456988388.0,102.05,67.02,63.47,10,93.5,3553,False,-32.18,103.17,19.91,9.19,,,,85.1046,93.4571,,,,1300500246,315,2026-09-04,68.38,229857799.0
NYSE:ANDG,ANDG,Andersen Group Inc.,Consumer Cyclical,Personal Services,United States,NYSE,728643401.0,56.26,67.04,65.83,10,93.5,3554,False,-2.07,206.76,,,,,,,,,,,30856191,180,2026-09-04,72.33,12951358.0
NASDAQ:MAYS,MAYS,"J. W. Mays, Inc.",Real Estate,Real Estate Services,United States,NASDAQ,85549703.0,42.44,67.06,63.61,10,93.5,3555,False,-22.84,13.02,3.79,5.19,5.03,1.68,-0.58,40.8898,40.3476,40.4089,41.7372,42.6879,127292,1255,2026-09-04,70.23,2015780.0
NYSE:MOS,MOS,Mosaic Company (The),Basic Materials,Agricultural Inputs,United States,NYSE,8216335747.0,25.85,67.08,62.87,10,93.6,3556,True,-26.04,30.42,6.54,1.53,-3.16,-6.73,-16.54,24.2636,25.4607,26.6948,27.7152,30.9724,185182687,1255,2026-09-04,65.26,317846644.0
NASDAQ:III,III,"Information Services Group, Inc.",Technology,Information Technology Services,United States,NASDAQ,248285832.0,5.19,67.09,65.04,10,93.6,3557,False,-12.24,40.71,12.44,9.09,24.37,31.32,27.59,4.6158,4.7575,4.173,3.9522,4.0677,1058194,1255,2026-09-04,63.62,47839274.0
NASDAQ:FBIZ,FBIZ,"First Business Financial Services, Inc.",Financial Services,Banks - Regional,United States,NASDAQ,609016550.0,72.83,67.11,65.59,10,93.6,3558,False,0.0,56.21,24.33,28.31,40.97,59.75,74.5,58.5799,56.7592,51.6621,45.5889,41.7362,3778353,1255,2026-09-04,64.12,8362166.0
NYSE:NX,NX,Quanex Building Products Corporation,Industrials,Building Products & Equipment,United States,NYSE,1053128237.0,22.93,67.12,63.31,10,93.6,3559,True,0.0,106.74,27.31,33.28,17.11,-0.47,0.43,18.0111,17.204,19.58,23.0394,22.8311,7304640,1255,2026-09-04,43.07,45927965.0
NASDAQ:NCNO,NCNO,"nCino, Inc.",Technology,Software - Application,United States,NASDAQ,2532864204.0,23.12,67.13,66.06,10,93.7,3560,False,-25.01,65.02,20.92,11.4,-10.36,-16.2,-16.49,19.1203,20.7538,25.7923,27.5886,27.6843,57801140,1255,2026-09-04,72.44,109552950.0
NASDAQ:SHIP,SHIP,Seanergy Maritime Holdings Corp.,Industrials,Marine Shipping,Greece,NASDAQ,409962306.0,18.92,67.15,63.88,10,93.7,3561,True,0.0,156.52,41.95,54.46,96.41,114.68,146.18,13.3282,12.2493,9.633,8.8133,7.6856,5369908,1255,2026-09-04,64.44,21668198.0
NYSE:NIQ,NIQ,NIQ Global Intelligence plc,,,,NYSE,5424238339.0,18.39,67.16,69.92,10,93.7,3562,False,-4.42,130.74,44.31,39.49,,,,12.7433,13.1836,,,,33129512,283,2026-09-04,72.81,294955864.0
NASDAQ:VIR,VIR,"Vir Biotechnology, Inc.",Healthcare,Biotechnology,United States,NASDAQ,1920102724.0,11.385,67.16,64.08,10,93.7,3563,False,-2.11,137.68,32.61,42.96,52.38,39.16,-4.62,8.5855,7.9637,7.4714,8.1811,11.9364,19236046,1255,2026-09-04,68.4,168651974.0
NASDAQ:CLMT,CLMT,"Calumet, Inc",Basic Materials,Specialty Chemicals,United States,NASDAQ,4630127920.0,53.13,67.17,65.9,10,93.8,3564,False,-0.69,207.64,67.9,83.34,133.86,158.83,171.64,31.6432,28.9785,22.7189,20.5273,19.5587,58635730,1255,2026-09-04,68.61,87147147.0
NYSE:FRO,FRO,Frontline Plc,Energy,Oil & Gas Midstream,Cyprus,NYSE,10267367641.0,46.12,67.18,64.37,10,93.8,3565,False,0.0,141.28,42.43,52.73,97.64,110.97,141.97,32.3806,30.1964,23.3349,21.8611,19.0599,100243980,1255,2026-09-04,65.08,222622889.0
NASDAQ:LIEN,LIEN,"Chicago Atlantic BDC, Inc.",Financial Services,Asset Management,United States,NASDAQ,236230889.0,10.32,67.19,63.52,10,93.8,3566,False,-0.19,18.41,8.19,8.59,8.98,16.89,26.84,9.5392,9.5035,9.4698,8.8287,8.1362,564444,1150,2026-09-04,67.75,22890590.0
NASDAQ:RIGL,RIGL,"Rigel Pharmaceuticals, Inc.",Healthcare,Biotechnology,United States,NASDAQ,900496234.0,48.67,67.19,65.85,10,93.8,3567,True,-4.49,91.31,33.76,36.72,73.14,116.47,142.61,36.3864,35.5981,28.1106,22.4835,20.061,13102744,1255,2026-09-04,66.76,18502080.0
NASDAQ:UFCS,UFCS,"United Fire Group, Inc",Financial Services,Insurance - Property & Casualty,United States,NASDAQ,1436232173.0,55.98,67.19,63.71,10,93.8,3568,False,0.0,88.78,31.31,38.84,68.98,94.39,101.83,42.6322,40.3211,33.1274,28.7982,27.7358,7135569,1255,2026-09-04,66.85,25656166.0
NASDAQ:ATAI,ATAI,AtaiBeckley Inc.,Healthcare,Biotechnology,United States,NASDAQ,2733963252.0,7.39,67.25,68.04,10,93.9,3569,True,-0.67,120.6,58.37,54.95,119.79,167.45,179.34,4.6662,4.7691,3.3624,2.7631,2.6455,52354695,1255,2026-09-04,64.87,369954432.0
AMEX:IBO,IBO,"Impact BioMedical, Inc.",Healthcare,Biotechnology,United States,AMEX,58223465.0,0.54,67.27,61.47,10,93.9,3570,True,-30.77,34.66,5.07,1.43,,,,0.514,0.5324,,,,125853,495,2026-09-04,56.33,107821231.0
NASDAQ:LENZ,LENZ,"LENZ Therapeutics, Inc.",Healthcare,Biotechnology,United States,NASDAQ,186872188.0,5.96,67.29,58.17,10,93.9,3571,False,-87.85,29.85,-48.24,-64.39,-73.62,-69.54,-65.0,11.5155,16.739,22.5934,19.5655,17.0282,3668296,1255,2026-09-04,65.28,31354394.0
AMEX:OSTX,OSTX,OS Therapies Incorporated,Healthcare,Biotechnology,United States,AMEX,85611630.0,1.88,67.3,61.05,10,94.0,3572,False,-18.61,62.07,18.6,12.63,-6.3,,,1.5851,1.6691,2.0065,,,733966,526,2026-09-04,64.34,45538101.0
NASDAQ:FORR,FORR,"Forrester Research, Inc.",Industrials,Consulting Services,United States,NASDAQ,245561800.0,12.65,67.32,66.15,10,94.0,3573,False,0.0,150.5,63.34,57.53,21.22,-12.05,-34.13,7.7444,8.0302,10.436,14.3827,19.2038,1058291,1255,2026-09-04,65.53,19412000.0
NASDAQ:IMMX,IMMX,"Immix Biopharma, Inc.",Healthcare,Biotechnology,United States,NASDAQ,990252218.0,13.91,67.38,65.25,10,94.0,3574,True,-3.87,609.69,63.45,89.99,198.12,231.61,284.42,8.5101,7.3214,4.666,4.1947,3.6185,19806671,1184,2026-09-04,66.79,71189951.0
NASDAQ:ACHV,ACHV,"Achieve Life Sciences, Inc.",Healthcare,Biotechnology,United States,NASDAQ,871575394.0,8.49,67.41,66.46,10,94.1,3575,True,-0.47,220.38,65.01,74.32,104.74,98.03,92.39,5.1451,4.8703,4.1467,4.2872,4.4129,11319853,1255,2026-09-04,65.09,102659057.0
NASDAQ:ORIQ,ORIQ,Origin Investment Corp I,Financial Services,Shell Companies,Singapore,NASDAQ,89700000.0,10.4,67.41,66.09,10,94.1,3576,False,0.0,4.0,1.55,,,,,10.2413,,,,,102547,250,2026-09-04,67.41,8625000.0
NYSE:INSW,INSW,"International Seaways, Inc.",Energy,Oil & Gas Midstream,United States,NYSE,5173240732.0,104.5,67.44,64.71,10,94.1,3577,False,0.0,167.85,47.74,60.57,110.62,125.96,152.8,70.7333,65.0791,49.6145,46.248,41.3376,54215287,1255,2026-09-04,63.97,49504696.0
NASDAQ:PACH,PACH,Pioneer Acquisition I Corp,Financial Services,Shell Companies,United States,NASDAQ,228445874.0,10.33,67.44,65.68,10,94.1,3578,True,0.0,3.92,1.46,1.81,,,,10.1809,10.1461,,,,326827,266,2026-09-04,63.4,22114799.0
NASDAQ:IBEX,IBEX,IBEX Limited,Technology,Information Technology Services,United States,NASDAQ,524451674.0,39.17,67.46,64.94,10,94.2,3579,False,-6.74,48.37,18.81,15.61,35.03,58.2,62.22,32.9686,33.8808,29.0086,24.7599,24.1467,3978941,1255,2026-09-04,69.76,13389116.0
NYSE:RVTY,RVTY,"Revvity, Inc.",Healthcare,Diagnostics & Research,United States,NYSE,14527313640.0,130.22,67.5,65.71,10,94.2,3580,False,-0.55,58.4,27.34,30.52,26.14,25.37,18.73,102.261,99.7733,103.2358,103.8679,109.6771,191516218,1255,2026-09-04,68.62,111559773.0
NASDAQ:MTC,MTC,"MMTec, Inc.",Financial Services,Capital Markets,Hong Kong,NASDAQ,434202856.0,4.36,67.55,61.79,10,94.2,3581,False,-51.88,1334.21,6.46,25.26,71.36,-13.17,-26.69,4.0956,3.4807,2.5443,5.0214,5.9471,57189,1255,2026-09-04,62.0,99587811.0
NASDAQ:ABOS,ABOS,"Acumen Pharmaceuticals, Inc.",Healthcare,Biotechnology,United States,NASDAQ,229683704.0,3.18,67.56,64.56,10,94.3,3582,True,-5.64,158.54,30.15,37.73,60.1,29.84,-3.41,2.4433,2.3088,1.9862,2.4492,3.2921,1071523,1255,2026-09-04,64.76,72227580.0
NYSE:DEC,DEC,Diversified Energy Company,Energy,Oil & Gas Integrated,United States,NYSE,1091974357.0,15.43,67.56,63.57,10,94.3,3583,False,-12.31,33.94,10.96,12.81,19.14,37.14,82.86,13.9056,13.6782,12.9509,11.2512,8.4384,11731049,1233,2026-09-04,74.44,70769563.0
NASDAQ:JXG,JXG,JX Luxventure Group Inc.,Consumer Cyclical,Apparel Manufacturing,China,NASDAQ,116980807.0,9.7,67.6,62.18,10,94.3,3584,False,-37.22,182.8,57.31,30.31,-44.63,-47.56,-73.48,6.1662,7.4438,17.5192,18.4981,36.581,457403,1255,2026-09-04,64.05,12059877.0
NASDAQ:GILD,GILD,"Gilead Sciences, Inc.",Healthcare,Drug Manufacturers - General,United States,NASDAQ,187477050974.0,151.0,67.71,64.96,10,94.3,3585,False,-1.89,39.17,13.22,16.48,33.1,53.34,65.23,133.3744,129.6336,113.4451,98.4735,91.3852,774977990,1255,2026-09-04,68.32,1241569874.0
NASDAQ:OESX,OESX,"Orion Energy Systems, Inc.",Industrials,Electrical Equipment & Parts,United States,NASDAQ,101414200.0,25.0,67.71,68.25,10,94.3,3586,False,-6.12,244.35,91.24,102.69,150.21,148.57,109.84,13.0724,12.3343,9.9916,10.0574,11.9138,2015245,1255,2026-09-04,63.3,4056568.0
NYSE:CHT,CHT,"Chunghwa Telecom Co., Ltd.",Communication Services,Telecom Services,Taiwan,NYSE,33993130782.0,43.82,67.73,61.86,10,94.4,3587,False,-1.56,11.8,5.43,5.33,10.21,15.85,20.02,41.5621,41.6022,39.7608,37.8237,36.5092,7805311,1255,2026-09-04,66.93,775744655.0
NASDAQ:SWKS,SWKS,"Skyworks Solutions, Inc.",Technology,Semiconductors,United States,NASDAQ,11137995324.0,74.02,67.74,61.95,10,94.4,3588,True,-11.27,42.22,16.92,13.53,5.89,-4.82,-8.95,63.3084,65.1987,69.9025,77.7652,81.2972,376550917,1255,2026-09-04,62.83,150472782.0
NASDAQ:KBON,KBON,Karbon Capital Partners Corp.,Financial Services,Shell Companies,United States,NASDAQ,358854600.0,10.14,67.79,62.23,10,94.4,3589,False,-0.1,1.2,,,,,,,,,,,142173,154,2026-09-04,49.07,35390000.0
AMEX:TII,TII,Titan Mining Corporation,Basic Materials,Other Industrial Metals & Mining,Canada,AMEX,318453457.0,3.24,67.79,64.69,10,94.4,3590,False,-36.96,151.16,14.52,19.88,99.38,169.51,210.59,2.8291,2.7027,1.6251,1.2022,1.0432,1460531,1255,2026-09-04,65.21,98288104.0
NYSE:FMC,FMC,FMC Corporation,Basic Materials,Agricultural Inputs,United States,NYSE,1624192102.0,12.97,67.82,62.05,10,94.5,3591,False,-64.99,29.57,-3.09,-20.44,-57.49,-66.31,-75.99,13.3839,16.302,30.509,38.5033,54.0197,33864094,1255,2026-09-04,67.96,125226839.0
NASDAQ:BNC,BNC,CEA Industries Inc.,Industrials,Farm & Heavy Construction Machinery,United States,NASDAQ,143696736.0,3.49,67.83,63.39,10,94.5,3592,False,-82.98,75.38,-8.47,-29.27,-52.32,-52.03,-57.25,3.8129,4.9345,7.3193,7.2756,8.163,890441,1255,2026-09-04,63.94,41173850.0
NASDAQ:CFFI,CFFI,C&F Financial Corporation,Financial Services,Banks - Regional,United States,NASDAQ,308421631.0,94.89,67.84,64.69,10,94.5,3593,False,0.0,48.42,25.01,27.95,36.06,51.0,59.17,75.9033,74.1606,69.7393,62.8424,59.6168,4893447,1255,2026-09-04,67.41,3250307.0
NASDAQ:GALT,GALT,Galectin Therapeutics Inc.,Healthcare,Biotechnology,United States,NASDAQ,303600300.0,4.61,67.88,63.2,10,94.6,3594,True,-29.19,121.63,33.83,22.35,56.13,69.26,89.35,3.4447,3.7678,2.9528,2.7236,2.4346,1252218,1255,2026-09-04,63.62,65856898.0
NASDAQ:RNW,RNW,ReNew Energy Global plc - Class A Shares,Utilities,Utilities - Renewable,United Kingdom,NASDAQ,1688878550.0,6.87,67.92,63.88,10,94.6,3595,False,-16.12,52.67,16.69,9.78,7.16,8.76,11.36,5.8875,6.2583,6.4112,6.3166,6.1692,26299165,1255,2026-09-04,65.75,245833850.0
NASDAQ:KSPI,KSPI,Joint Stock Company Kaspi.kz - American Depository Shares,Technology,Software - Infrastructure,Kazakhstan,NASDAQ,20433631913.0,107.53,67.93,67.22,10,94.6,3596,False,-1.12,63.19,32.73,34.69,24.98,,,81.0165,79.8335,86.0406,,,64718089,660,2026-09-04,68.9,190027266.0
NASDAQ:SRPT,SRPT,"Sarepta Therapeutics, Inc.",Healthcare,Biotechnology,United States,NASDAQ,2375464995.0,22.5,67.98,64.98,10,94.6,3597,False,-7.98,51.41,17.31,16.07,-54.73,-69.34,-73.62,19.1801,19.3842,49.7034,73.3915,85.2827,58416995,1255,2026-09-04,71.98,105576222.0
NASDAQ:VIRC,VIRC,Virco Manufacturing Corporation,Consumer Cyclical,"Furnishings, Fixtures & Appliances",United States,NASDAQ,102556620.0,6.52,68.02,61.93,10,94.7,3598,False,-24.95,20.34,4.86,1.07,-23.59,-29.2,-17.9,6.2177,6.4508,8.5327,9.2092,7.9417,127460,1255,2026-09-04,51.79,15729543.0
NASDAQ:BEEP,BEEP,Mobile Infrastructure Corporation,Industrials,Infrastructure Operations,United States,NASDAQ,124401241.0,3.02,68.03,66.43,10,94.7,3599,False,-24.5,118.84,24.75,14.87,-5.17,-10.99,,2.4208,2.629,3.1848,3.3928,,100124,759,2026-09-04,65.02,41192464.0
NASDAQ:CHYM,CHYM,"Chime Financial, Inc.",Technology,Software - Application,United States,NASDAQ,11778420056.0,33.76,68.07,68.27,10,94.7,3600,False,0.0,105.35,48.2,51.25,,,,22.7797,22.3205,,,,238743848,310,2026-09-04,67.69,348886850.0
NASDAQ:SGMT,SGMT,Sagimet Biosciences Inc. - Series A,Healthcare,Biotechnology,United States,NASDAQ,669356384.0,10.94,68.07,67.05,10,94.7,3601,True,-0.45,140.44,60.19,57.07,80.73,86.11,,6.8292,6.9649,6.0534,5.8783,,12822628,790,2026-09-04,67.88,61184313.0
NASDAQ:ARCL,ARCL,ARC Group Acquisition I Corp,Financial Services,Shell Companies,United States,NASDAQ,127707580.0,10.01,68.08,64.26,10,94.8,3602,False,0.0,1.42,,,,,,,,,,,102447,69,2026-09-04,65.62,12758000.0
NASDAQ:CBIO,CBIO,"Crescent Biopharma, Inc.",Healthcare,Biotechnology,United States,NASDAQ,775565467.0,20.88,68.11,62.95,10,94.8,3603,False,-22.61,133.56,35.08,40.7,12.55,-67.12,-75.75,15.458,14.84,18.5521,63.4951,86.0907,4252361,1255,2026-09-04,66.48,37143940.0
NASDAQ:PEGA,PEGA,Pegasystems Inc.,Technology,Software - Application,United States,NASDAQ,6142168745.0,37.36,68.19,63.07,10,94.8,3604,False,-43.67,44.12,-9.81,-16.86,-16.74,-4.35,8.24,41.4254,44.9341,44.8731,39.0583,34.5151,68170038,1255,2026-09-04,70.92,164404945.0
NASDAQ:DOCU,DOCU,"DocuSign, Inc.",Technology,Software - Application,United States,NASDAQ,13062520633.0,68.41,68.29,65.95,10,94.8,3605,False,-19.53,63.86,27.53,18.31,-0.28,8.09,12.44,53.6406,57.8233,68.6031,63.2924,60.8426,214195347,1255,2026-09-04,64.29,190944608.0
NYSE:DE,DE,Deere & Company,Industrials,Farm & Heavy Construction Machinery,United States,NYSE,187327503285.0,693.53,68.3,64.72,10,94.9,3606,False,-0.69,59.36,22.5,27.34,38.94,52.11,58.58,566.1632,544.6123,499.1724,455.9379,437.344,867289646,1255,2026-09-04,68.67,270107282.0
NASDAQ:ATLO,ATLO,Ames National Corporation,Financial Services,Banks - Regional,United States,NASDAQ,287328217.0,32.44,68.34,65.02,10,94.9,3607,False,0.0,71.13,19.58,26.57,52.9,62.96,66.91,27.1285,25.6299,21.2172,19.9061,19.4359,1102538,1255,2026-09-04,64.51,8857220.0
NASDAQ:LCCC,LCCC,Lakeshore Acquisition III Corp.,Financial Services,Shell Companies,United States,NASDAQ,93769650.0,10.53,68.4,66.1,10,94.9,3608,False,-0.28,4.78,1.97,2.43,,,,10.3264,10.2797,,,,8871,304,2026-09-04,53.66,8905000.0
NYSE:MUFG,MUFG,"Mitsubishi UFJ Financial Group, Inc.",Financial Services,Banks - Diversified,Japan,NYSE,271659858332.0,24.09,68.45,64.86,10,94.9,3609,False,-0.17,64.77,27.68,32.74,57.63,81.9,110.32,18.8672,18.1489,15.2823,13.2436,11.4538,59179614,1255,2026-09-04,69.09,11276872492.0
NYSE:INR,INR,"Infinity Natural Resources, Inc.",Energy,Oil & Gas E&P,United States,NYSE,292712585.0,15.61,68.46,64.07,10,95.0,3610,False,-18.82,39.37,4.83,7.95,,,,14.8909,14.46,,,,3463437,401,2026-09-04,71.17,18751607.0
NYSE:MT,MT,Arcelor Mittal NY Registry Shares NEW,Basic Materials,Steel,Luxembourg,NYSE,59373243301.0,78.74,68.48,64.97,10,95.0,3611,False,0.0,136.35,33.15,44.26,92.04,122.64,139.82,59.1373,54.5831,41.0026,35.3669,32.8332,102083026,1255,2026-09-04,62.45,754041698.0
NASDAQ:VBNK,VBNK,VersaBank,Financial Services,Banks - Regional,Canada,NASDAQ,721505570.0,22.41,68.48,63.89,10,95.0,3612,False,-5.45,99.4,31.6,40.01,56.98,75.13,96.32,17.0287,16.0064,14.2761,12.7965,11.4153,2455274,1255,2026-09-04,57.75,32195697.0
NYSE:DV,DV,"DoubleVerify Holdings, Inc.",Communication Services,Advertising Agencies,United States,NYSE,2050281565.0,13.36,68.51,65.53,10,95.1,3613,False,-13.47,55.17,23.39,21.17,-3.98,-29.14,-37.89,10.8274,11.026,13.9134,18.8538,21.509,44769403,1255,2026-09-04,68.28,153464189.0
NASDAQ:PDEX,PDEX,"Pro-Dex, Inc.",Healthcare,Medical Instruments & Supplies,United States,NASDAQ,234380438.0,73.41,68.54,64.19,10,95.1,3614,True,0.0,207.03,42.34,54.4,62.38,102.69,132.87,51.5722,47.5457,45.2089,36.2185,31.5247,4467982,1255,2026-09-04,44.14,3192759.0
NASDAQ:BPRN,BPRN,"Princeton Bancorp, Inc.",Financial Services,Banks - Regional,United States,NASDAQ,296489360.0,43.53,68.55,66.08,10,95.1,3615,False,0.0,51.98,20.79,24.65,31.57,36.86,42.68,36.0385,34.9219,33.0856,31.8052,30.508,1041722,1255,2026-09-04,67.58,6811150.0
NASDAQ:PANL,PANL,Pangaea Logistics Solutions Ltd.,Industrials,Marine Shipping,United States,NASDAQ,559297592.0,8.55,68.57,64.26,10,95.1,3616,True,-6.8,93.51,14.97,22.93,43.13,39.88,47.87,7.4364,6.9555,5.9735,6.1124,5.7822,3342280,1255,2026-09-04,64.26,65414923.0
NYSE:AII,AII,"American Integrity Insurance Group, Inc.",Financial Services,Insurance - Property & Casualty,United States,NYSE,509361242.0,26.0,68.63,68.93,10,95.2,3617,False,-2.37,58.92,35.4,32.05,,,,19.2026,19.6902,,,,4931657,334,2026-09-04,70.73,19590817.0
NASDAQ:ASMB,ASMB,"Assembly Biosciences, Inc.",Healthcare,Biotechnology,United States,NASDAQ,725311350.0,36.6,68.64,66.25,10,95.2,3618,True,-4.94,78.1,24.88,26.52,64.08,93.21,102.19,29.308,28.9287,22.3062,18.9433,18.1016,10262003,1255,2026-09-04,67.41,19817250.0
NASDAQ:MGRT,MGRT,Mega Fortune Company Limited,Technology,Information Technology Services,Hong Kong,NASDAQ,1559250000.0,113.4,68.64,63.91,10,95.2,3619,False,-20.25,3255.03,108.66,156.97,,,,54.3467,44.13,,,,2247933,288,2026-09-04,64.08,13750000.0
NYSE:HTGC,HTGC,"Hercules Capital, Inc.",Financial Services,Asset Management,United States,NYSE,3299701320.0,17.63,68.65,66.94,10,95.2,3620,False,-0.51,34.48,13.02,12.02,10.69,16.12,27.88,15.5988,15.7383,15.927,15.1827,13.786,28350525,1255,2026-09-04,72.24,187164000.0
NASDAQ:IRD,IRD,"Opus Genetics, Inc.",Healthcare,Biotechnology,United States,NASDAQ,385582449.0,4.67,68.84,63.67,10,95.3,3621,False,-18.78,267.72,26.37,41.15,112.09,105.97,79.79,3.6956,3.3086,2.2018,2.2674,2.5974,5212827,1255,2026-09-04,67.76,82565835.0
NYSE:BLCO,BLCO,Bausch + Lomb Corporation,Healthcare,Medical Instruments & Supplies,Canada,NYSE,6443261038.0,18.04,68.9,64.76,10,95.3,3622,False,-3.01,25.98,9.0,10.85,12.43,13.06,11.09,16.5512,16.2737,16.0454,15.9559,16.2398,6936637,1087,2026-09-04,71.96,357165246.0
NASDAQ:QRVO,QRVO,"Qorvo, Inc.",Technology,Semiconductors,United States,NASDAQ,9072712738.0,102.84,69.08,63.58,10,95.3,3623,True,-4.98,35.28,17.08,16.38,21.71,12.26,10.8,87.8348,88.3624,84.4973,91.6107,92.8119,90684633,1255,2026-09-04,64.55,88221633.0
NYSE:LCLN,LCLN,"Lincoln International, Inc.",Financial Services,Capital Markets,United States,NYSE,947489169.0,27.19,69.11,64.42,10,95.3,3624,False,0.0,33.46,,,,,,,,,,,10172593,75,2026-09-04,67.6,34846972.0
NYSE:BIO,BIO,"Bio-Rad Laboratories, Inc.",Healthcare,Medical Devices,United States,NYSE,8378803222.0,386.11,69.16,69.12,10,95.4,3625,False,-1.08,59.74,27.85,27.85,30.18,27.45,15.87,302.0009,302.0105,296.5883,302.956,333.2187,90432521,1255,2026-09-04,71.34,21700560.0
NASDAQ:HLP,HLP,Hongli Group Inc.,Basic Materials,Steel,China,NASDAQ,106876412.0,1.43,69.22,66.42,10,95.4,3626,False,-16.37,233.33,42.34,33.26,27.47,4.54,,1.0046,1.0731,1.1219,1.3679,,78014,863,2026-09-04,67.51,74738750.0
NASDAQ:ZOOZ,ZOOZ,ZOOZ Strategy Ltd.,Industrials,Electrical Equipment & Parts,Israel,NASDAQ,62702746.0,7.74,69.24,66.42,10,95.4,3627,False,-84.52,55.73,8.88,-39.53,-69.94,,,7.1088,12.7993,25.7486,,,256490,607,2026-09-04,72.84,8101130.0
NYSE:GNW,GNW,Genworth Financial Inc,Financial Services,Insurance - Life,United States,NYSE,3964145800.0,10.35,69.27,65.62,10,95.4,3628,False,-0.29,30.35,15.17,16.03,28.4,39.06,50.39,8.9868,8.9201,8.061,7.4426,6.8821,28232922,1255,2026-09-04,71.24,383009256.0
NASDAQ:EPRX,EPRX,Eupraxia Pharmaceuticals Inc.,Healthcare,Biotechnology,Canada,NASDAQ,548746355.0,8.4,69.31,65.26,10,95.5,3629,False,-7.39,59.39,17.76,22.49,59.06,,,7.1332,6.8577,5.2812,,,3835459,607,2026-09-04,60.49,65326947.0
NASDAQ:PBFS,PBFS,"Pioneer Bancorp, Inc.",Financial Services,Banks - Regional,United States,NASDAQ,464923891.0,18.54,69.32,65.55,10,95.5,3630,True,0.0,44.39,22.61,25.92,40.58,55.05,61.64,15.1205,14.7236,13.1887,11.9575,11.4701,150933,1255,2026-09-04,62.3,25076801.0
NASDAQ:MBVI,MBVI,M3-Brigade Acquisition VI Corp.,Financial Services,Shell Companies,United States,NASDAQ,352935000.0,10.23,69.33,67.6,10,95.5,3631,False,0.0,2.4,1.2,,,,,10.1089,,,,,138722,222,2026-09-04,63.4,34500000.0
NASDAQ:AVIR,AVIR,"Atea Pharmaceuticals, Inc.",Healthcare,Biotechnology,United States,NASDAQ,466557987.0,5.83,69.34,65.33,10,95.6,3632,False,-5.2,106.74,26.47,35.55,54.18,57.59,50.64,4.6097,4.3009,3.7812,3.6994,3.8702,1217110,1255,2026-09-04,69.13,80027099.0
NASDAQ:NSIT,NSIT,"Insight Enterprises, Inc.",Technology,Electronics & Computer Distribution,United States,NASDAQ,4862226559.0,160.98,69.35,68.87,10,95.6,3633,False,0.0,149.85,64.92,61.12,24.94,10.19,15.35,97.6102,99.916,128.8424,146.0877,139.5634,41286968,1255,2026-09-04,67.82,30203917.0
NASDAQ:RCMT,RCMT,"RCM Technologies, Inc.",Industrials,Conglomerates,United States,NASDAQ,290450422.0,40.98,69.38,70.67,10,95.6,3634,True,-2.43,133.5,64.69,65.7,78.38,79.57,95.33,24.8836,24.7316,22.9733,22.821,20.98,4011421,1255,2026-09-04,68.0,7087614.0
NASDAQ:SENS,SENS,"Senseonics Holdings, Inc.",Healthcare,Medical Devices,United States,NASDAQ,502714553.0,9.63,69.39,68.59,10,95.6,3635,False,-14.78,98.15,44.6,38.28,7.15,2.21,-19.11,6.6598,6.9644,8.9874,9.4213,11.9055,6800592,1255,2026-09-04,75.01,52202965.0
NYSE:JXN,JXN,Jackson Financial Inc.,Financial Services,Insurance - Life,United States,NYSE,9807972716.0,140.63,69.4,66.51,10,95.7,3636,False,0.0,59.14,26.1,29.95,45.44,69.93,101.96,111.5188,108.22,96.6942,82.757,69.6328,70204689,1255,2026-09-04,67.79,69743104.0
NASDAQ:SPT,SPT,"Sprout Social, Inc",Technology,Software - Application,United States,NASDAQ,617031816.0,11.36,69.4,67.05,10,95.7,3637,False,-26.71,127.66,39.45,26.8,-33.34,-58.57,-67.0,8.1466,8.9591,17.0415,27.4225,34.4203,14684529,1255,2026-09-04,69.62,54316181.0
NASDAQ:DPRO,DPRO,Draganfly Inc.,Technology,Computer Hardware,Canada,NASDAQ,225723568.0,6.12,69.61,63.99,10,95.7,3638,False,-55.56,61.05,-1.73,-7.76,24.89,-5.5,-47.93,6.2277,6.6346,4.9004,6.4764,11.7523,9321052,1255,2026-09-04,76.83,36882936.0
NYSE:ELF,ELF,"e.l.f. Beauty, Inc.",Consumer Defensive,Household & Personal Products,United States,NYSE,6463625286.0,109.67,69.63,68.65,10,95.8,3639,False,-25.23,121.24,44.24,27.55,16.05,-4.93,3.89,76.0335,85.9846,94.5007,115.3516,105.56,176089260,1255,2026-09-04,67.31,58937041.0
NYSE:IQV,IQV,"IQVIA Holdings, Inc.",Healthcare,Diagnostics & Research,United States,NYSE,44074942000.0,267.77,69.63,68.83,10,95.8,3640,False,-1.42,70.92,32.63,32.54,37.04,30.87,30.33,201.8876,202.0331,195.4021,204.6085,205.4564,318205485,1255,2026-09-04,75.17,164600000.0
NYSE:AMR,AMR,"Alpha Metallurgical Resources, Inc.",Basic Materials,Coking Coal,United States,NYSE,2859437428.0,225.41,69.64,67.65,10,95.8,3641,True,-9.71,64.34,19.95,23.51,29.63,4.48,12.31,187.9142,182.4992,173.8806,215.74,200.6947,72417939,1255,2026-09-04,66.18,12685495.0
NYSE:VTS,VTS,"Vitesse Energy, Inc.",Energy,Oil & Gas E&P,United States,NYSE,741646899.0,17.78,69.67,64.25,10,95.8,3642,True,-24.25,18.53,-0.98,-4.43,-11.2,-9.17,,17.9558,18.6045,20.0214,19.5749,,7821687,917,2026-09-04,64.7,41712424.0
NASDAQ:AQST,AQST,"Aquestive Therapeutics, Inc.",Healthcare,Drug Manufacturers - Specialty & Generic,United States,NASDAQ,669993716.0,5.34,69.7,66.55,10,95.9,3643,False,-28.7,81.02,19.61,11.79,26.0,41.74,69.41,4.4646,4.7768,4.238,3.7674,3.1521,18190955,1255,2026-09-04,70.12,125466988.0
NYSE:FPI,FPI,Farmland Partners Inc.,Real Estate,REIT - Specialty,United States,NYSE,464667189.0,10.65,69.7,64.78,10,95.9,3644,False,-16.9,18.38,1.97,2.99,3.52,7.13,7.48,10.4445,10.3405,10.288,9.9412,9.9084,5551347,1255,2026-09-04,66.9,43630722.0
NASDAQ:AVAH,AVAH,Aveanna Healthcare Holdings Inc.,Healthcare,Medical Care Facilities,United States,NASDAQ,2957115657.0,13.58,69.8,70.14,10,95.9,3645,False,-1.74,118.33,61.31,59.45,99.34,152.4,211.41,8.4185,8.5169,6.8123,5.3804,4.3609,48552475,1255,2026-09-04,70.89,217755203.0
NASDAQ:DMII,DMII,Drugs Made In America Acquisition II Corp.,Financial Services,Shell Companies,United States,NASDAQ,647829000.0,10.17,69.84,67.31,10,95.9,3646,True,0.0,3.04,,,,,,,,,,,487522,190,2026-09-04,69.84,63700000.0
NASDAQ:IOVA,IOVA,"Iovance Biotherapeutics, Inc.",Healthcare,Biotechnology,United States,NASDAQ,3924756061.0,8.79,69.84,68.7,10,95.9,3647,False,-2.22,385.64,123.76,145.8,95.47,47.59,38.28,3.9284,3.5762,4.4969,5.9559,6.3568,119117737,1255,2026-09-04,69.14,446502396.0
NASDAQ:RPRX,RPRX,Royalty Pharma plc,Healthcare,Biotechnology,United States,NASDAQ,28351811692.0,63.96,69.95,66.65,10,96.0,3648,False,0.0,86.82,30.87,38.32,67.18,86.57,87.56,48.8724,46.2412,38.2576,34.2816,34.1013,161209390,1255,2026-09-04,69.69,443274104.0
NASDAQ:CBLL,CBLL,"CeriBell, Inc.",Healthcare,Medical Devices,United States,NASDAQ,937943544.0,24.72,70.13,67.65,10,96.0,3649,True,-0.68,126.37,25.11,35.92,,,,19.7578,18.187,,,,10264283,476,2026-09-04,69.29,37942700.0
NASDAQ:OMER,OMER,Omeros Corporation,Healthcare,Biotechnology,United States,NASDAQ,1371512977.0,18.95,70.14,69.76,10,96.0,3650,False,-1.92,370.22,56.1,74.89,124.01,180.04,210.19,12.14,10.8353,8.4593,6.7669,6.1092,42747086,1255,2026-09-04,72.06,72375355.0
NYSE:TWI,TWI,"Titan International, Inc. (DE)",Industrials,Farm & Heavy Construction Machinery,United States,NYSE,537637792.0,8.33,70.14,63.29,10,96.0,3651,False,-26.93,29.75,3.37,3.85,3.88,-8.96,-17.32,8.0585,8.0215,8.0188,9.1498,10.0745,4363670,1255,2026-09-04,60.23,64542352.0
NYSE:DB,DB,Deutsche Bank AG,Financial Services,Banks - Regional,Germany,NYSE,77659070000.0,41.33,70.17,67.3,10,96.1,3652,False,-0.55,50.99,20.53,20.46,46.63,79.01,110.04,34.2902,34.3112,28.1859,23.0881,19.6772,69501131,1255,2026-09-04,72.59,1879000000.0
NASDAQ:KMDA,KMDA,Kamada Ltd.,Healthcare,Drug Manufacturers - Specialty & Generic,Israel,NASDAQ,492709083.0,8.54,70.19,66.85,10,96.1,3653,True,-3.53,36.08,12.68,15.9,26.05,37.93,48.94,7.5787,7.3682,6.7753,6.1916,5.734,1467911,1255,2026-09-04,65.16,57694272.0
NASDAQ:DLTH,DLTH,Duluth Holdings Inc.,Consumer Cyclical,Apparel Retail,United States,NASDAQ,156563177.0,4.52,70.21,63.28,10,96.1,3654,False,-5.24,118.36,40.2,38.98,50.73,27.21,3.77,3.2241,3.2522,2.9987,3.5531,4.356,1009032,1255,2026-09-04,68.95,34637871.0
NYSE:QUAD,QUAD,"Quad Graphics, Inc",Industrials,Specialty Business Services,United States,NYSE,409783678.0,10.7,70.25,67.88,10,96.2,3655,True,-0.38,114.37,46.97,53.75,71.04,88.59,108.71,7.2803,6.9594,6.256,5.6735,5.1266,4134208,1255,2026-09-04,64.5,38297540.0
NASDAQ:PROK,PROK,ProKidney Corp.,Healthcare,Biotechnology,United States,NASDAQ,412451423.0,2.01,70.28,63.96,10,96.2,3656,False,-39.09,51.13,3.21,-5.26,6.42,-3.8,-51.56,1.9475,2.1216,1.8888,2.0893,4.1495,2014119,1255,2026-09-04,66.49,205199713.0
NASDAQ:TEAM,TEAM,Atlassian Corporation,Technology,Software - Application,Australia,NASDAQ,30263460167.0,189.58,70.28,70.42,10,96.2,3657,False,-2.62,231.72,73.49,57.94,11.87,7.05,8.06,109.2717,120.0352,169.4606,177.088,175.4337,766118570,1255,2026-09-04,75.27,159634245.0
NASDAQ:AOUT,AOUT,"American Outdoor Brands, Inc.",Consumer Cyclical,Leisure,United States,NASDAQ,181103098.0,14.48,70.31,65.03,10,96.2,3658,False,-0.07,127.67,47.91,54.39,37.41,46.02,48.84,9.79,9.3791,10.5378,9.9165,9.7288,3794225,1255,2026-09-04,28.35,12507120.0
NASDAQ:APLM,APLM,Apollomics Inc.,Healthcare,Biotechnology,United States,NASDAQ,60380450.0,27.495,70.34,66.86,10,96.3,3659,False,-24.98,432.85,52.72,53.41,107.69,-32.14,-88.69,18.0033,17.9231,13.2388,40.5155,243.0774,233930,1198,2026-09-04,73.93,2196052.0
NYSE:RNG,RNG,"RingCentral, Inc.",Technology,Software - Application,United States,NYSE,5436662654.0,73.39,70.37,69.84,10,96.3,3660,False,-3.89,197.28,84.81,95.82,116.6,121.44,118.68,39.7119,37.4793,33.8824,33.1424,33.5601,96575825,1255,2026-09-04,80.63,74079066.0
NASDAQ:FSEA,FSEA,"First Seacoast Bancorp, Inc.",Financial Services,Banks - Regional,United States,NASDAQ,80626418.0,17.185,70.45,69.39,10,96.3,3661,False,-0.03,54.47,19.03,24.13,41.51,58.7,61.64,14.4378,13.8441,12.1438,10.8287,10.6314,58609,1255,2026-09-04,69.41,4691674.0
NYSE:LNN,LNN,Lindsay Corporation,Industrials,Farm & Heavy Construction Machinery,United States,NYSE,1254738720.0,123.39,70.49,64.1,10,96.3,3662,False,-11.87,20.71,5.14,3.4,-0.22,1.58,-1.76,117.3602,119.3344,123.6674,121.4697,125.6004,15849590,1255,2026-09-04,69.64,10168885.0
NYSE:PRGO,PRGO,Perrigo Company plc,Healthcare,Drug Manufacturers - Specialty & Generic,Ireland,NYSE,2064447128.0,14.92,70.54,68.24,10,96.4,3663,True,-29.48,68.9,28.01,13.3,-19.12,-29.11,-36.05,11.6556,13.1682,18.4469,21.048,23.3298,33746433,1255,2026-09-04,65.47,138367770.0
NYSE:MATV,MATV,"Mativ Holdings, Inc.",Basic Materials,Specialty Chemicals,United States,NYSE,697786638.0,12.66,70.64,69.39,10,96.4,3664,False,-13.3,76.8,24.39,22.1,28.91,12.14,-2.04,10.1777,10.3687,9.8207,11.2897,12.9239,7404993,1255,2026-09-04,69.25,55117428.0
NASDAQ:GIW,GIW,GigCapital8 Corp.,Financial Services,Shell Companies,United States,NASDAQ,260938046.0,10.17,70.66,68.8,10,96.4,3665,False,0.0,3.04,1.56,,,,,10.0135,,,,,1016897,216,2026-09-04,66.3,25657625.0
NASDAQ:NVAX,NVAX,"Novavax, Inc.",Healthcare,Biotechnology,United States,NASDAQ,1680557576.0,10.22,70.68,65.4,10,96.5,3666,False,-8.67,64.31,19.48,20.2,20.76,22.51,9.04,8.5535,8.5024,8.4634,8.342,9.3723,47628185,1255,2026-09-04,73.43,164438119.0
NYSE:WOR,WOR,"Worthington Enterprises, Inc.",Industrials,Metal Fabrication,United States,NYSE,3057911656.0,62.49,70.68,65.37,10,96.5,3667,False,-3.29,33.95,13.97,13.12,20.81,22.55,33.74,54.829,55.2432,51.7258,50.993,46.7236,14066544,1255,2026-09-04,67.36,48934416.0
NASDAQ:LIFE,LIFE,Ethos Technologies Inc.,Financial Services,Insurance Brokers,United States,NASDAQ,1231962630.0,39.85,70.75,70.47,10,96.5,3668,False,0.0,304.57,,,,,,,,,,,47592998,152,2026-09-04,66.61,30914997.0
NYSE:VIA,VIA,"Via Transportation, Inc.",Technology,Software - Application,United States,NYSE,2178659723.0,28.13,70.92,70.13,10,96.5,3669,False,-47.84,111.34,33.12,,,,,21.1318,,,,,16435625,247,2026-09-04,68.45,77449688.0
NASDAQ:MNOV,MNOV,"MediciNova, Inc.",Healthcare,Biotechnology,United States,NASDAQ,80230631.0,1.63,70.93,66.88,10,96.6,3670,False,-13.3,38.14,14.12,16.23,6.86,6.17,-4.98,1.4283,1.4024,1.5254,1.5353,1.7154,65332,1255,2026-09-04,70.36,49221246.0
NYSE:CRT,CRT,Cross Timbers Royalty Trust,Energy,Oil & Gas E&P,United States,NYSE,65760000.0,10.96,70.94,66.24,10,96.6,3671,False,0.0,65.2,17.51,23.17,21.49,6.3,-7.72,9.3269,8.898,9.0213,10.3106,11.8771,195167,1255,2026-09-04,64.11,6000000.0
NYSE:BIII,BIII,Black Spade Acquisition III Co,Financial Services,Shell Companies,Hong Kong,NYSE,173535000.0,10.06,70.96,70.24,10,96.6,3672,False,-0.1,2.24,,,,,,,,,,,3632808,152,2026-09-04,77.85,17250000.0
NASDAQ:SMMT,SMMT,Summit Therapeutics Inc.,Healthcare,Biotechnology,United States,NASDAQ,14044381743.0,17.605,71.05,64.56,10,96.6,3673,False,-33.26,41.63,7.28,2.88,-9.49,20.86,54.03,16.4111,17.1124,19.4514,14.5668,11.4294,91887894,1255,2026-09-04,69.32,797749602.0
NYSE:NTR,NTR,Nutrien Ltd.,Basic Materials,Agricultural Inputs,Canada,NYSE,38147471360.0,79.47,71.1,67.5,10,96.7,3674,False,-3.78,50.58,16.72,20.91,36.36,43.05,37.1,68.0878,65.7243,58.2793,55.5521,57.967,198469858,1255,2026-09-04,76.76,480023548.0
NASDAQ:NAKA,NAKA,Nakamoto Inc.,Financial Services,Capital Markets,United States,NASDAQ,141479390.0,8.13,71.12,67.75,10,96.7,3675,False,-97.48,141.25,-17.28,-57.8,-92.69,,,9.8278,19.2665,111.2708,,,1242958,568,2026-09-04,74.17,17402139.0
NYSE:ANF,ANF,Abercrombie & Fitch Company,Consumer Cyclical,Apparel Retail,United States,NYSE,6650094036.0,149.67,71.18,69.69,10,96.7,3676,False,0.0,128.12,54.2,60.49,47.55,41.81,74.27,97.0637,93.2561,101.4375,105.5417,85.8846,317639978,1255,2026-09-04,68.37,44431710.0
NASDAQ:MMED,MMED,"MiniMed Group, Inc.",Healthcare,Medical Instruments & Supplies,United States,NASDAQ,6540829860.0,23.29,71.21,69.33,10,96.7,3677,False,-2.31,115.65,,,,,,,,,,,40025984,127,2026-09-04,76.45,280842845.0
NASDAQ:INO,INO,"Inovio Pharmaceuticals, Inc.",Healthcare,Biotechnology,United States,NASDAQ,147755993.0,1.43,71.22,65.8,10,96.8,3678,False,-50.17,116.67,0.03,-12.11,-36.62,-65.61,-79.17,1.4295,1.6271,2.2563,4.1581,6.8635,5656443,1255,2026-09-04,67.8,103325869.0
NASDAQ:LMNR,LMNR,Limoneira Co,Consumer Defensive,Farm Products,United States,NASDAQ,271798785.0,14.99,71.26,66.18,10,96.8,3679,False,-3.89,26.71,10.98,9.26,-12.04,-13.67,-9.09,13.5075,13.7201,17.0415,17.3633,16.4881,888768,1255,2026-09-04,71.54,18132007.0
NASDAQ:ALDF,ALDF,Aldel Financial II Inc.,Financial Services,Shell Companies,United States,NASDAQ,256159538.0,10.805,71.41,68.19,10,96.8,3680,False,0.0,4.19,1.84,2.13,,,,10.6098,10.5793,,,,665873,432,2026-09-04,71.41,23707500.0
NASDAQ:ODTX,ODTX,"Odyssey Therapeutics, Inc.",Healthcare,Biotechnology,United States,NASDAQ,1381380763.0,28.76,71.52,69.04,10,96.8,3681,True,0.0,84.83,,,,,,,,,,,4069533,83,2026-09-04,65.32,48031320.0
NASDAQ:CNDT,CNDT,Conduent Incorporated,Technology,Information Technology Services,United States,NASDAQ,300887819.0,1.94,71.58,65.67,10,96.9,3682,False,-34.46,67.24,19.94,7.25,-23.23,-31.0,-35.97,1.6175,1.8088,2.5271,2.8114,3.03,1625897,1255,2026-09-04,69.23,155096814.0
NYSE:TRLV,TRLV,Trulieve Cannabis Corp. Subordinate Voting Shares,Healthcare,Drug Manufacturers - Specialty & Generic,United States,NYSE,2057498191.0,12.11,71.59,66.8,10,96.9,3683,False,-6.85,154.41,49.7,52.14,71.79,61.24,63.14,8.0893,7.9597,7.0491,7.5103,7.4231,13684460,1255,2026-09-04,70.69,169900759.0
NYSE:GPRK,GPRK,Geopark Ltd,Energy,Oil & Gas E&P,Colombia,NYSE,750194905.0,11.56,71.61,66.54,10,96.9,3684,False,-2.86,95.58,28.44,35.36,43.19,40.15,31.63,9.0002,8.5401,8.0733,8.2481,8.7819,7749938,1255,2026-09-04,79.75,64895753.0
NYSE:HSHP,HSHP,Himalaya Shipping Ltd.,Industrials,Marine Shipping,Bermuda,NYSE,865110750.0,18.35,71.66,67.08,10,96.9,3685,False,0.0,168.48,46.86,60.0,115.32,138.94,,12.4952,11.4684,8.5222,7.6798,,5565611,861,2026-09-04,69.12,47145000.0
NASDAQ:MNTK,MNTK,"Montauk Renewables, Inc.",Basic Materials,Specialty Chemicals,United States,NASDAQ,317420740.0,2.23,71.68,67.61,10,97.0,3686,False,-10.08,99.11,39.51,31.54,-12.0,-43.14,-60.19,1.5985,1.6953,2.5341,3.9221,5.6019,406301,1255,2026-09-04,73.32,142341139.0
NYSE:AD,AD,"Array Digital Infrastructure, Inc.",Communication Services,Telecom Services,United States,NYSE,2057327464.0,38.5,71.77,64.22,10,97.0,3687,False,-12.6,32.12,4.4,7.2,17.92,35.2,60.57,36.879,35.9151,32.6488,28.4761,23.9772,6860444,1255,2026-09-04,74.85,53437077.0
NYSE:BLSH,BLSH,Bullish,Technology,Software - Infrastructure,Cayman Islands,NYSE,5459340456.0,36.0,71.88,66.62,10,97.0,3688,False,-48.19,65.21,5.73,-6.61,,,,34.0477,38.5489,,,,51615991,268,2026-09-04,72.91,151648346.0
NYSE:DINO,DINO,HF Sinclair Corporation,Energy,Oil & Gas Refining & Marketing,United States,NYSE,18740195523.0,105.41,71.9,69.73,10,97.1,3689,False,-0.7,135.13,62.44,69.87,113.34,113.56,118.95,64.8898,62.0541,49.4085,49.358,48.1432,232448489,1255,2026-09-04,74.06,177783849.0
NASDAQ:SLDE,SLDE,"Slide Insurance Holdings, Inc.",Financial Services,Insurance - Property & Casualty,United States,NASDAQ,2881745108.0,24.67,71.92,67.9,10,97.1,3690,False,-0.24,94.27,32.53,37.67,,,,18.6142,17.9197,,,,21848428,306,2026-09-04,72.75,116811719.0
NYSE:ATKR,ATKR,Atkore Inc.,Industrials,Electrical Equipment & Parts,United States,NYSE,3166018860.0,93.76,71.93,67.55,10,97.1,3691,False,0.0,70.9,30.21,33.66,31.8,-0.43,-6.59,72.0056,70.1471,71.1383,94.1686,100.3778,68309061,1255,2026-09-04,71.55,33767266.0
NASDAQ:PLSE,PLSE,"Pulse Biosciences, Inc",Healthcare,Medical Instruments & Supplies,United States,NASDAQ,3684725067.0,53.24,71.99,71.67,10,97.1,3692,False,-2.69,320.54,121.09,135.53,167.15,222.97,296.95,24.0812,22.6047,19.9288,16.4844,13.4123,24813331,1255,2026-09-04,78.16,69209712.0
NASDAQ:GOAI,GOAI,Eva Live Inc.,Technology,Software - Infrastructure,United States,NASDAQ,104856566.0,2.87,72.03,64.26,10,97.2,3693,False,-62.34,85.16,,,,,,,,,,,406000,153,2026-09-04,67.93,36535389.0
NASDAQ:CNXC,CNXC,Concentrix Corporation,Technology,Information Technology Services,United States,NASDAQ,1962350136.0,32.16,72.09,66.6,10,97.2,3694,False,-40.97,55.92,7.69,-2.09,-20.13,-35.29,-48.56,29.8635,32.8477,40.265,49.7013,62.5177,32680415,1255,2026-09-04,76.9,61018350.0
AMEX:AGIG,AGIG,Abundia Global Impact Group Inc.,Utilities,Utilities - Renewable,United States,AMEX,51066472.0,1.16,72.1,63.52,10,97.2,3695,False,-84.66,39.76,-32.45,-55.36,-83.0,-88.21,-92.29,1.7172,2.5987,6.8247,9.836,15.0401,165883,1255,2026-09-04,70.53,44022821.0
NYSE:MRP,MRP,"Millrose Properties, Inc.",Real Estate,REIT - Residential,United States,NYSE,4938384274.0,32.02,72.16,67.25,10,97.2,3696,False,0.0,23.79,11.99,10.76,,,,28.5924,28.9096,,,,29151192,398,2026-09-04,70.1,154228116.0
NASDAQ:BDCI,BDCI,BTC Development Corp.,Financial Services,Shell Companies,United States,NASDAQ,264378700.0,10.145,72.17,71.36,10,97.3,3697,True,-0.54,1.76,0.94,,,,,10.0501,,,,,302301,223,2026-09-04,70.07,26060000.0
NASDAQ:ALVO,ALVO,Alvotech,Healthcare,Drug Manufacturers - Specialty & Generic,Luxembourg,NASDAQ,1799329501.0,5.32,72.24,68.87,10,97.3,3698,False,-40.76,77.33,28.22,9.33,-32.06,-42.45,-42.72,4.1492,4.8662,7.8299,9.2435,9.2872,4971686,1059,2026-09-04,74.59,338219831.0
NASDAQ:APUR,APUR,Aperture AC,Financial Services,Shell Companies,United States,NASDAQ,109719610.0,10.01,72.25,64.8,10,97.3,3699,False,-0.79,1.32,,,,,,,,,,,553852,74,2026-09-04,85.29,10961000.0
NASDAQ:NBRG,NBRG,Newbridge Acquisition Limited,Financial Services,Shell Companies,Hong Kong,NASDAQ,61515112.0,10.07,72.25,70.57,10,97.3,3700,False,0.0,2.03,,,,,,,,,,,607549,116,2026-09-04,72.25,6108750.0
NASDAQ:NGEN,NGEN,NervGen Pharma Corp.,Healthcare,Biotechnology,Canada,NASDAQ,247941435.0,2.33,72.28,64.25,10,97.4,3701,True,-60.97,46.54,-31.01,-28.06,-14.41,-2.89,9.43,3.3773,3.239,2.7224,2.3994,2.1293,1253061,1255,2026-09-04,71.91,106412633.0
NASDAQ:USCB,USCB,"USCB Financial Holdings, Inc.",Financial Services,Banks - Regional,United States,NASDAQ,433428356.0,23.48,72.29,68.54,10,97.4,3702,False,0.0,46.34,21.22,24.48,32.12,50.13,61.65,19.3697,18.8627,17.7719,15.6397,14.5252,1183430,1255,2026-09-04,68.96,18459470.0
NASDAQ:SGP,SGP,"SpyGlass Pharma, Inc.",Healthcare,Biotechnology,United States,NASDAQ,967561294.0,28.94,72.34,68.35,10,97.4,3703,False,-2.49,64.81,,,,,,,,,,,1976626,146,2026-09-04,72.82,33433355.0
NASDAQ:HALO,HALO,"Halozyme Therapeutics, Inc.",Healthcare,Biotechnology,United States,NASDAQ,13069966470.0,110.19,72.35,72.38,10,97.4,3704,False,-0.51,78.79,48.48,50.09,68.93,91.03,103.7,74.211,73.417,65.2264,57.681,54.0952,209310592,1255,2026-09-04,74.3,118613000.0
NASDAQ:TORO,TORO,Toro Corp.,Energy,Oil & Gas Midstream,Cyprus,NASDAQ,219624542.0,6.355,72.39,69.38,10,97.5,3705,False,-6.27,295.3,49.36,66.11,133.86,130.33,,4.255,3.8258,2.7174,2.7591,,148568,881,2026-09-04,69.81,34559330.0
NYSE:MTW,MTW,"Manitowoc Company, Inc. (The)",Industrials,Farm & Heavy Construction Machinery,United States,NYSE,768824193.0,21.41,72.43,70.75,10,97.5,3706,False,0.0,120.04,56.85,64.6,85.31,75.57,70.39,13.6504,13.0069,11.5535,12.1944,12.5652,8140174,1255,2026-09-04,68.04,35909584.0
NASDAQ:SBLK,SBLK,Star Bulk Carriers Corp.,Industrials,Marine Shipping,Greece,NASDAQ,3615832621.0,32.42,72.46,68.8,10,97.5,3707,False,0.0,107.12,38.46,46.33,70.46,72.37,81.46,23.4139,22.1551,19.0192,18.8081,17.8667,46320421,1255,2026-09-04,70.11,111530926.0
NASDAQ:NSTS,NSTS,"NSTS Bancorp, Inc.",Financial Services,Banks - Regional,United States,NASDAQ,67908174.0,14.05,72.63,70.41,10,97.6,3708,False,0.0,29.76,9.48,12.16,16.35,25.5,29.64,12.8329,12.5272,12.0757,11.1954,10.8373,141030,1162,2026-09-04,69.49,4833322.0
NASDAQ:SBFG,SBFG,"SB Financial Group, Inc.",Financial Services,Banks - Regional,United States,NASDAQ,187527230.0,29.99,72.64,68.32,10,97.6,3709,False,0.0,69.25,32.17,36.15,45.49,65.17,76.21,22.6903,22.0276,20.613,18.1575,17.0191,450417,1255,2026-09-04,68.78,6252992.0
NASDAQ:FTH,FTH,"Faeth Therapeutics, Inc.",Healthcare,Biotechnology,United States,NASDAQ,1032439098.0,40.05,72.78,68.19,10,97.6,3710,True,0.0,407.6,84.53,107.96,184.4,169.33,117.18,21.7042,19.2584,14.0821,14.87,18.4411,10063295,1255,2026-09-04,71.04,25778754.0
NASDAQ:QNBC,QNBC,QNB Corp.,Financial Services,Banks - Regional,United States,NASDAQ,281281426.0,45.3,72.81,69.65,10,97.6,3711,False,0.0,34.41,13.11,16.63,28.58,46.92,58.34,40.051,38.8418,35.2322,30.8336,28.6097,494402,1255,2026-09-04,72.13,6209303.0
NASDAQ:ARCT,ARCT,Arcturus Therapeutics Holdings Inc.,Healthcare,Biotechnology,United States,NASDAQ,449652952.0,15.82,72.82,73.03,10,97.7,3712,True,-31.69,186.08,103.89,67.11,25.12,-11.43,-16.42,7.759,9.4666,12.6441,17.8616,18.9278,19943660,1255,2026-09-04,72.02,28423069.0
NASDAQ:EDRY,EDRY,EuroDry Ltd.,Industrials,Marine Shipping,Greece,NASDAQ,166004114.0,57.43,72.86,72.92,10,97.7,3713,True,0.0,427.46,165.64,191.25,258.36,232.46,241.64,21.6197,19.7182,16.0258,17.2743,16.8099,6965100,1255,2026-09-04,67.6,2890547.0
NASDAQ:SVCC,SVCC,Stellar V Capital Corp.,Financial Services,Shell Companies,United States,NASDAQ,165971850.0,10.67,72.92,68.53,10,97.7,3714,False,0.0,3.89,1.73,2.04,,,,10.4888,10.4563,,,,223050,366,2026-09-04,72.92,15555000.0
NYSE:SB,SB,"Safe Bulkers, Inc Common Stock ($0.001 par value)",Industrials,Marine Shipping,Monaco,NYSE,933749739.0,9.17,72.94,69.9,10,97.7,3715,True,0.0,127.61,45.67,55.27,90.52,101.22,123.58,6.2951,5.9058,4.8132,4.5573,4.1015,6627897,1255,2026-09-04,70.84,101826580.0
NYSE:ING,ING,"ING Group, N.V.",Financial Services,Banks - Diversified,Netherlands,NYSE,106244428284.0,37.18,72.97,69.26,10,97.8,3716,False,0.0,64.13,27.96,32.73,62.4,88.85,115.55,29.055,28.0126,22.8934,19.6875,17.249,57054706,1255,2026-09-04,72.46,2857569346.0
NASDAQ:VSTM,VSTM,"Verastem, Inc.",Healthcare,Biotechnology,United States,NASDAQ,720563840.0,8.2,72.97,69.86,10,97.8,3717,True,-23.86,137.68,31.23,20.67,34.16,22.12,19.44,6.2485,6.7952,6.1121,6.7149,6.8652,14575666,1255,2026-09-04,70.7,87873639.0
NASDAQ:BRR,BRR,"ProCap Financial, Inc.",Financial Services,Capital Markets,United States,NASDAQ,240925574.0,2.66,73.12,68.16,10,97.8,3718,False,-74.17,87.32,-0.73,-37.08,,,,2.6796,4.2276,,,,2125359,313,2026-09-04,72.5,90573524.0
NASDAQ:EOLS,EOLS,"Evolus, Inc.",Healthcare,Drug Manufacturers - Specialty & Generic,United States,NASDAQ,612449184.0,9.3,73.17,70.09,10,97.8,3719,True,0.0,136.04,53.58,50.5,2.47,-5.98,-2.79,6.0556,6.1796,9.0759,9.8913,9.5669,8911781,1255,2026-09-04,70.23,65854751.0
NYSE:LPG,LPG,Dorian LPG Ltd.,Energy,Oil & Gas Midstream,United States,NYSE,2361603991.0,55.2,73.41,69.46,10,97.9,3720,False,0.0,147.14,57.9,66.3,97.81,93.14,121.37,34.9595,33.1932,27.9052,28.5802,24.9356,26076300,1255,2026-09-04,70.24,42782681.0
NASDAQ:HTFL,HTFL,"Heartflow, Inc.",Healthcare,Health Information Services,United States,NASDAQ,4218038897.0,48.91,73.42,72.09,10,97.9,3721,False,-3.01,138.7,63.41,58.55,,,,29.9303,30.8475,,,,106569959,270,2026-09-04,77.42,86240828.0
NASDAQ:EFTY,EFTY,"Etoiles Capital Group Co., Ltd.",Industrials,Consulting Services,Hong Kong,NASDAQ,226952200.0,15.02,73.7,73.52,10,97.9,3722,False,-11.54,123.85,0.0,2.4,,,,15.02,14.6675,,,,0,271,2026-09-04,73.7,15110000.0
NASDAQ:PXS,PXS,Pyxis Tankers Inc.,Energy,Oil & Gas Midstream,Greece,NASDAQ,63687787.0,6.22,73.73,72.09,10,97.9,3723,False,-3.57,137.4,52.69,63.19,68.45,57.3,51.37,4.0735,3.8114,3.6924,3.9542,4.1093,892950,1255,2026-09-04,73.73,10239194.0
NASDAQ:GTLB,GTLB,GitLab Inc.,Technology,Software - Infrastructure,United States,NASDAQ,8361474000.0,49.83,73.75,71.28,10,98.0,3724,True,-2.37,156.59,57.77,43.13,13.55,5.45,7.19,31.5835,34.8134,43.883,47.2525,46.4856,275207539,1228,2026-09-04,72.95,167800000.0
NASDAQ:GRNQ,GRNQ,Greenpro Capital Corp.,Industrials,Consulting Services,Malaysia,NASDAQ,338987298.0,18.7,73.97,66.56,10,98.0,3725,True,-38.28,144.44,7.13,10.79,31.08,40.78,37.17,17.455,16.8787,14.2657,13.2831,13.6328,628090,1255,2026-09-04,60.16,18127663.0
NASDAQ:HNST,HNST,"The Honest Company, Inc.",Consumer Defensive,Household & Personal Products,United States,NASDAQ,654967759.0,5.95,73.98,71.59,10,98.0,3726,False,0.0,183.33,79.95,77.19,40.94,59.15,73.88,3.3065,3.3579,4.2217,3.7386,3.4219,13466133,1255,2026-09-04,72.48,110078615.0
NYSE:ECO,ECO,Okeanis Eco Tankers Corp.,Industrials,Marine Shipping,Greece,NYSE,2788959707.0,71.43,74.02,70.81,10,98.1,3727,False,0.0,196.83,61.89,76.08,133.71,157.21,,44.1238,40.5672,30.5637,27.7712,,33847634,769,2026-09-04,71.28,39044655.0
NASDAQ:TRMD,TRMD,TORM plc,Energy,Oil & Gas Midstream,United Kingdom,NASDAQ,3601275211.0,35.18,74.12,68.68,10,98.1,3728,False,0.0,94.79,31.54,38.55,61.04,54.61,66.74,26.7455,25.3921,21.8456,22.7547,21.0981,23234444,1255,2026-09-04,70.56,102367118.0
NASDAQ:CRDL,CRDL,Cardiol Therapeutics Inc.,Healthcare,Drug Manufacturers - Specialty & Generic,Canada,NASDAQ,253598928.0,2.2,74.13,73.17,10,98.1,3729,True,0.0,137.58,82.39,86.32,70.01,61.21,82.62,1.2062,1.1808,1.294,1.3647,1.2047,3228140,1255,2026-09-04,72.89,115272240.0
NYSE:DSX,DSX,Diana Shipping inc.,Industrials,Marine Shipping,Greece,NYSE,374451462.0,3.01,74.15,70.41,10,98.1,3730,True,0.0,94.07,31.88,38.81,52.78,35.11,21.48,2.2824,2.1684,1.9702,2.2277,2.4779,3218975,1255,2026-09-04,72.84,124402479.0
NASDAQ:CPBI,CPBI,"Central Plains Bancshares, Inc.",Financial Services,Banks - Regional,United States,NASDAQ,89720567.0,21.45,74.16,70.9,10,98.2,3731,False,0.0,37.85,18.25,21.1,33.34,,,18.1394,17.7123,16.0866,,,38996,721,2026-09-04,74.16,4182777.0
NASDAQ:ATRC,ATRC,"AtriCure, Inc.",Healthcare,Medical Instruments & Supplies,United States,NASDAQ,2620631467.0,51.52,74.17,73.71,10,98.2,3732,False,-2.03,99.23,49.23,48.66,51.42,56.27,43.69,34.5248,34.6573,34.0237,32.9688,35.8539,34330151,1255,2026-09-04,80.02,50866294.0
NASDAQ:MFIN,MFIN,Medallion Financial Corp.,Financial Services,Credit Services,United States,NASDAQ,281568902.0,12.22,74.21,71.6,10,98.2,3733,False,0.0,56.71,25.52,25.92,34.67,44.32,54.09,9.7355,9.7048,9.0743,8.4674,7.9303,873344,1255,2026-09-04,71.13,23041645.0
NYSE:SAGU,SAGU,Shreya Acquisition Group,Financial Services,Shell Companies,Mauritius,NYSE,112766770.0,10.04,74.27,71.76,10,98.2,3734,False,0.0,1.72,,,,,,,,,,,772589,73,2026-09-04,74.27,11231750.0
AMEX:CMCL,CMCL,Caledonia Mining Corporation Plc,Basic Materials,Gold,Jersey,AMEX,508512027.0,26.33,74.35,69.55,10,98.3,3735,False,-29.38,57.71,8.6,1.86,30.92,56.67,71.23,24.2452,25.848,20.1109,16.8059,15.3767,4793104,1255,2026-09-04,74.31,19313028.0
NASDAQ:TITN,TITN,Titan Machinery Inc.,Industrials,Industrial Distribution,United States,NASDAQ,610983160.0,26.22,74.46,69.25,10,98.3,3736,True,0.0,85.3,41.22,43.78,49.52,35.29,13.76,18.5669,18.2362,17.5358,19.3806,23.0482,6471138,1255,2026-09-04,66.03,23302180.0
NASDAQ:VFF,VFF,"Village Farms International, Inc.",Consumer Defensive,Farm Products,United States,NASDAQ,355688500.0,2.92,74.61,70.55,10,98.3,3737,False,-30.14,58.7,1.91,0.45,48.07,78.73,89.78,2.8653,2.907,1.972,1.6337,1.5386,3032907,1255,2026-09-04,73.68,121811130.0
NYSE:CBZ,CBZ,"CBIZ, Inc.",Industrials,Specialty Business Services,United States,NYSE,2976951114.0,54.85,74.67,74.33,10,98.3,3738,False,-8.37,118.18,38.63,28.9,-5.7,-10.43,-5.88,39.567,42.5537,58.1648,61.2339,58.2763,55063833,1255,2026-09-04,75.64,54274405.0
NASDAQ:EMBC,EMBC,Embecta Corp.,Healthcare,Medical Instruments & Supplies,United States,NASDAQ,344100527.0,5.8,74.91,70.07,10,98.4,3739,False,-60.87,101.02,-23.7,-34.6,-47.64,-50.9,-61.01,7.6019,8.868,11.0765,11.8121,14.8743,8444279,1119,2026-09-04,73.45,59327677.0
NYSE:CVI,CVI,CVR Energy Inc.,Energy,Oil & Gas Refining & Marketing,United States,NYSE,4473611656.0,44.5,74.92,69.98,10,98.4,3740,False,0.0,116.1,45.84,41.26,66.07,61.4,63.37,30.5139,31.5027,26.7955,27.5719,27.2394,36649065,1255,2026-09-04,73.08,100530599.0
NYSE:PSX,PSX,Phillips 66,Energy,Oil & Gas Refining & Marketing,United States,NYSE,102274514252.0,255.09,75.04,73.31,10,98.4,3741,True,-0.39,107.2,49.59,57.28,83.16,89.73,107.39,170.526,162.1894,139.2748,134.4457,123.0031,667632780,1255,2026-09-04,74.81,400935020.0
NASDAQ:DYOR,DYOR,Insight Digital Partners II,Financial Services,Shell Companies,United States,NASDAQ,174570000.0,10.12,75.11,68.4,10,98.4,3742,False,0.0,2.22,1.25,,,,,9.9955,,,,,434128,200,2026-09-04,75.11,17250000.0
NASDAQ:JANX,JANX,"Janux Therapeutics, Inc.",Healthcare,Biotechnology,United States,NASDAQ,1234323325.0,20.24,75.13,71.2,10,98.5,3743,False,-41.74,66.17,29.89,14.63,-26.06,-26.05,-15.97,15.5825,17.6574,27.3749,27.3694,24.0873,15241486,1255,2026-09-04,72.93,60984354.0
NASDAQ:XP,XP,XP Inc.,Financial Services,Capital Markets,Cayman Islands,NASDAQ,8240409725.0,19.86,75.16,69.01,10,98.5,3744,False,-12.34,32.93,11.24,11.44,18.85,10.69,13.99,17.8528,17.8214,16.71,17.9423,17.4227,96307028,1255,2026-09-04,77.36,414924961.0
NASDAQ:CHCI,CHCI,"Comstock Holding Companies, Inc.",Real Estate,Real Estate Services,United States,NASDAQ,212324385.0,21.15,75.21,70.57,10,98.5,3745,False,0.0,104.35,43.15,42.49,70.77,110.31,144.78,14.7743,14.8434,12.3849,10.0564,8.6406,753806,1255,2026-09-04,74.32,10038978.0
NYSE:ETD,ETD,Ethan Allen Interiors Inc.,Consumer Cyclical,"Furnishings, Fixtures & Appliances",United States,NYSE,572288164.0,22.49,75.25,69.77,10,98.6,3746,False,-8.55,40.84,18.03,14.26,6.72,5.44,8.68,19.054,19.6831,21.073,21.3294,20.6934,13903519,1255,2026-09-04,70.86,25446339.0
NYSE:VLO,VLO,Valero Energy Corporation,Energy,Oil & Gas Refining & Marketing,United States,NYSE,106740468342.0,370.72,75.27,72.31,10,98.6,3747,False,0.0,142.07,55.76,66.54,111.47,128.95,148.08,238.0034,222.5965,175.3035,161.9205,149.4336,819238799,1255,2026-09-04,75.26,287927461.0
NASDAQ:FRNM,FRNM,"Freenome, Inc.",Healthcare,Diagnostics & Research,United States,NASDAQ,1730472553.0,16.31,75.29,72.36,10,98.6,3748,False,-3.49,63.26,35.43,38.76,47.85,,,12.0429,11.754,11.0313,,,13394026,560,2026-09-04,84.13,106098869.0
NASDAQ:DFDV,DFDV,DeFi Development Corp.,Financial Services,Asset Management,United States,NASDAQ,176793863.0,5.87,75.46,72.29,10,98.6,3749,False,-68.29,137.65,34.24,-7.26,-16.68,15.27,,4.3729,6.3297,7.0453,5.0925,,7963974,783,2026-09-04,80.25,30118205.0
NYSE:HAFN,HAFN,Hafnia Limited,Industrials,Marine Shipping,Singapore,NYSE,4607983632.0,9.22,75.49,70.23,10,98.7,3750,False,0.0,92.49,33.16,39.0,66.14,,,6.9242,6.6329,5.5496,,,11907364,604,2026-09-04,71.99,499781305.0
NASDAQ:DH,DH,Definitive Healthcare Corp.,Healthcare,Health Information Services,United States,NASDAQ,110800450.0,1.05,75.69,68.64,10,98.7,3751,False,-75.58,67.2,-23.86,-41.17,-63.22,-75.63,-83.24,1.3791,1.7848,2.8551,4.3089,6.266,723999,1249,2026-09-04,75.19,105524238.0
NASDAQ:GPRO,GPRO,"GoPro, Inc.",Technology,Consumer Electronics,United States,NASDAQ,249455550.0,1.7,75.7,72.62,10,98.7,3752,True,-40.97,195.65,60.88,34.87,49.23,9.29,-28.65,1.0567,1.2605,1.1392,1.5554,2.3827,104210666,1255,2026-09-04,70.3,146738559.0
NASDAQ:GIX,GIX,GigCapital9 Corp.,Financial Services,Shell Companies,United States,NASDAQ,256632650.0,9.99,76.4,71.51,10,98.7,3753,False,0.0,1.94,,,,,,,,,,,333582,118,2026-09-04,76.4,25688954.0
NASDAQ:XHLD,XHLD,"TEN Holdings, Inc.",Communication Services,Broadcasting,United States,NASDAQ,110671573.0,9.24,76.45,75.74,10,98.8,3754,True,-1.91,1059.35,307.95,235.59,,,,2.265,2.7533,,,,33087433,392,2026-09-04,76.41,11977443.0
NASDAQ:SIEB,SIEB,Siebert Financial Corp.,Financial Services,Capital Markets,United States,NASDAQ,103580568.0,2.53,76.51,72.54,10,98.8,3755,True,-37.68,58.12,11.55,5.06,-9.45,1.79,8.09,2.2679,2.4083,2.7941,2.4856,2.3406,372199,1255,2026-09-04,74.35,40940936.0
NYSE:OGN,OGN,Organon & Co.,Healthcare,Drug Manufacturers - General,United States,NYSE,3618757987.0,13.78,76.55,73.53,10,98.8,3756,False,0.0,142.47,34.35,37.54,18.07,4.04,-9.46,10.2569,10.0192,11.6711,13.245,15.2205,45087019,1255,2026-09-04,75.29,262609433.0
NASDAQ:SENEB,SENEB,Seneca Foods Corp.,Consumer Defensive,Packaged Foods,United States,NASDAQ,323055093.0,208.53,76.67,73.34,10,98.8,3757,False,0.0,100.11,44.88,51.91,89.45,127.56,154.24,143.9351,137.27,110.0729,91.6359,82.0222,49129,1255,2026-09-04,76.67,1549202.0
NASDAQ:SMTI,SMTI,Sanara MedTech Inc.,Healthcare,Medical Instruments & Supplies,United States,NASDAQ,319275009.0,34.73,76.69,74.81,10,98.9,3758,True,-2.85,112.55,49.49,40.57,22.67,16.05,8.16,23.2316,24.7064,28.3124,29.9261,32.1085,11819890,1255,2026-09-04,76.62,9193061.0
NYSE:CMBT,CMBT,CMB.TECH NV,Energy,Oil & Gas Midstream,Belgium,NYSE,5655408798.0,19.49,76.83,72.19,10,98.9,3759,True,0.0,128.43,46.92,57.45,72.18,64.88,72.05,13.2655,12.3788,11.3197,11.8204,11.3282,19889832,1255,2026-09-04,70.98,290169769.0
NYSE:ARX,ARX,Accelerant Holdings,Financial Services,Insurance Brokers,Cayman Islands,NYSE,2242447977.0,19.88,77.27,71.34,10,98.9,3760,False,-1.68,112.39,40.87,40.12,,,,14.112,14.1876,,,,136238332,282,2026-09-04,76.25,112799194.0
NASDAQ:PONO,PONO,"Pono Capital Four, Inc.",Financial Services,Shell Companies,Cayman Islands,NASDAQ,122416150.0,10.03,77.29,73.6,10,98.9,3761,False,0.0,1.72,,,,,,,,,,,926765,86,2026-09-04,60.43,12205000.0
AMEX:REPX,REPX,"Riley Exploration Permian, Inc.",Energy,Oil & Gas E&P,United States,AMEX,909711058.0,41.93,77.32,70.86,10,99.0,3762,False,-0.38,79.47,31.31,36.84,45.98,54.24,54.18,31.9331,30.641,28.7232,27.1842,27.1957,8742044,1255,2026-09-04,78.82,21695947.0
NASDAQ:BIAF,BIAF,"bioAffinity Technologies, Inc.",Healthcare,Diagnostics & Research,United States,NASDAQ,95942341.0,15.27,77.41,66.34,10,99.0,3763,False,-90.3,234.87,-31.12,-47.54,-91.89,-96.21,,22.1691,29.107,188.308,402.5797,,69515633,1006,2026-09-04,72.37,6283061.0
NYSE:AGCO,AGCO,AGCO Corporation,Industrials,Farm & Heavy Construction Machinery,United States,NYSE,9342232649.0,133.4,77.72,70.2,10,99.0,3764,True,-4.52,35.5,16.5,18.18,26.97,26.28,23.57,114.5072,112.8743,105.062,105.6382,107.9562,133046293,1255,2026-09-04,72.34,70031729.0
NYSE:FSCO,FSCO,FS Credit Opportunities Corp.,Financial Services,Asset Management,United States,NYSE,1072029118.0,5.3,77.9,71.53,10,99.1,3765,False,-18.84,24.86,4.2,0.38,-3.57,3.7,,5.0861,5.2797,5.4963,5.1108,,4319094,955,2026-09-04,75.6,202269645.0
NYSE:UTZ,UTZ,Utz Brands Inc,Consumer Defensive,Packaged Foods,United States,NYSE,1258111637.0,14.21,78.18,78.27,10,99.1,3766,False,-0.28,110.85,50.41,43.53,18.29,8.43,3.73,9.4474,9.9004,12.0131,13.105,13.6995,30799576,1255,2026-09-04,78.9,88537061.0
NYSE:MPC,MPC,Marathon Petroleum Corporation,Energy,Oil & Gas Refining & Marketing,United States,NYSE,113534157352.0,388.9,78.24,75.1,10,99.1,3767,False,0.0,141.91,61.83,69.68,104.72,116.34,139.36,240.3074,229.2013,189.9625,179.7636,162.4765,919303713,1255,2026-09-04,77.86,291936635.0
NASDAQ:MCTA,MCTA,Charming Medical Limited,Healthcare,Medical Care Facilities,Hong Kong,NASDAQ,445550190.0,29.355,78.51,78.43,10,99.1,3768,False,0.0,373.47,0.0,,,,,29.355,,,,,0,220,2026-09-04,78.51,15178000.0
NYSE:CHMI,CHMI,Cherry Hill Mortgage Investment Corporation,Real Estate,REIT - Mortgage,United States,NYSE,108749032.0,2.96,78.53,74.75,10,99.2,3769,False,0.0,53.11,22.16,24.8,24.33,24.02,15.82,2.4231,2.3717,2.3807,2.3867,2.5556,1697125,1255,2026-09-04,77.84,36739538.0
NASDAQ:RCEL,RCEL,"Avita Medical, Inc.",Healthcare,Medical Devices,United States,NASDAQ,344698917.0,11.2,78.55,76.79,10,99.2,3770,False,0.0,242.51,135.22,136.37,65.99,31.7,21.91,4.7615,4.7384,6.7476,8.5039,9.1873,4296437,1255,2026-09-04,77.21,30776689.0
NYSE:CHPT,CHPT,"ChargePoint Holdings, Inc.",Consumer Cyclical,Specialty Retail,United States,NYSE,256127571.0,9.89,78.85,72.97,10,99.2,3771,False,-19.85,119.29,52.59,34.43,-21.75,-59.4,-86.21,6.4815,7.3571,12.6391,24.3581,71.7154,28844810,1255,2026-09-04,75.95,25897631.0
NASDAQ:BSVN,BSVN,Bank7 Corp.,Financial Services,Banks - Regional,United States,NASDAQ,546695409.0,57.43,79.08,73.57,10,99.2,3772,False,0.0,50.88,28.82,29.21,35.15,54.5,70.68,44.5826,44.4454,42.4931,37.1709,33.6484,2359679,1255,2026-09-04,59.96,9519335.0
NYSE:CMDB,CMDB,Costamare Bulkers Holdings Limited,Industrials,Marine Shipping,Monaco,NYSE,580571495.0,23.95,79.2,73.52,10,99.3,3773,False,0.0,125.31,37.45,45.09,,,,17.424,16.5066,,,,1519574,339,2026-09-04,72.58,24240981.0
NYSE:CNH,CNH,CNH Industrial N.V.,Industrials,Farm & Heavy Construction Machinery,United Kingdom,NYSE,17855287733.0,14.4,79.24,73.29,10,99.3,3774,False,0.0,57.69,34.8,35.2,28.3,30.12,23.9,10.6823,10.6505,11.224,11.0669,11.6222,292481485,1255,2026-09-04,76.6,1239950537.0
NASDAQ:NTRB,NTRB,Nutriband Inc.,Healthcare,Biotechnology,United States,NASDAQ,72571219.0,5.97,79.4,76.23,10,99.3,3775,False,-29.76,112.46,50.69,30.72,10.66,23.79,32.1,3.9618,4.5672,5.3951,4.8226,4.5193,211369,1237,2026-09-04,77.07,12155983.0
NASDAQ:RNXT,RNXT,"RenovoRx, Inc.",Healthcare,Biotechnology,United States,NASDAQ,107786928.0,2.39,79.59,77.67,10,99.3,3776,True,-5.16,226.06,141.17,133.49,120.54,111.69,63.03,0.991,1.0236,1.0837,1.129,1.466,2559173,1255,2026-09-04,79.32,45099133.0
NYSE:HZO,HZO,"MarineMax, Inc. (FL)",Consumer Cyclical,Specialty Retail,United States,NYSE,1148988513.0,52.16,80.36,76.78,10,99.4,3777,False,-0.57,143.4,63.15,70.39,81.46,76.21,72.99,31.9713,30.6129,28.7443,29.6014,30.1516,58770040,1255,2026-09-04,80.36,22028154.0
NASDAQ:MAMK,MAMK,MaxsMaking Inc.,Industrials,Conglomerates,China,NASDAQ,119600000.0,13.0,80.82,78.98,10,99.4,3778,False,-4.62,553.27,0.0,15.76,,,,13.0,11.2298,,,,0,295,2026-09-04,80.82,9200000.0
NYSE:TISI,TISI,"Team, Inc.",Industrials,Specialty Business Services,United States,NYSE,127587272.0,27.91,80.92,77.76,10,99.4,3779,False,0.0,120.63,70.17,70.75,63.02,99.47,124.24,16.4011,16.3456,17.1201,13.9923,12.4464,898037,1255,2026-09-04,78.2,4571382.0
NASDAQ:BMEA,BMEA,"Biomea Fusion, Inc.",Healthcare,Biotechnology,United States,NASDAQ,146767863.0,2.03,81.1,76.12,10,99.4,3780,True,-23.97,112.12,47.55,40.67,-29.09,-65.3,-76.63,1.3758,1.4431,2.8629,5.8505,8.6848,3194129,1255,2026-09-04,77.78,72299440.0
NASDAQ:VHCP,VHCP,Vine Hill Capital Investment Corp. II,Financial Services,Shell Companies,United States,NASDAQ,231610000.0,10.07,81.14,74.48,10,99.5,3781,False,0.0,1.82,,,,,,,,,,,104120,145,2026-09-04,81.14,23000000.0
NASDAQ:CYPH,CYPH,Cypherpunk Technologies Inc.,Financial Services,Asset Management,United States,NASDAQ,257644046.0,2.42,81.35,78.6,10,99.5,3782,False,-18.52,758.16,149.74,171.6,112.73,53.19,-7.71,0.969,0.891,1.1376,1.5798,2.622,15489103,1255,2026-09-04,79.66,106464482.0
NASDAQ:PROV,PROV,"Provident Financial Holdings, Inc.",Financial Services,Banks - Regional,United States,NASDAQ,117137454.0,18.7,81.98,77.69,10,99.5,3783,False,0.0,27.7,13.61,15.54,22.17,32.36,37.61,16.46,16.1845,15.3062,14.1279,13.5893,307415,1255,2026-09-04,78.69,6264035.0
NYSE:ITGR,ITGR,Integer Holdings Corporation,Healthcare,Medical Devices,United States,NYSE,4295287134.0,126.5,82.01,78.21,10,99.6,3784,False,0.0,99.78,39.27,39.05,17.26,18.64,28.25,90.8297,90.973,107.8766,106.6226,98.6382,104633065,1255,2026-09-04,79.82,33954839.0
NASDAQ:SAFT,SAFT,"Safety Insurance Group, Inc.",Financial Services,Insurance - Property & Casualty,United States,NASDAQ,1514291718.0,103.15,82.05,80.29,10,99.6,3785,True,-0.01,60.35,32.67,36.1,38.47,41.7,44.77,77.7494,75.7924,74.4916,72.7921,71.2505,14302744,1255,2026-09-04,81.89,14680482.0
NASDAQ:BWMN,BWMN,Bowman Consulting Group Ltd.,Industrials,Engineering & Construction,United States,NASDAQ,742853154.0,42.43,82.07,77.41,10,99.6,3786,False,-4.5,67.64,29.4,22.87,39.76,38.55,45.51,32.7898,34.5333,30.3588,30.6244,29.1588,24575668,1255,2026-09-04,84.78,17507734.0
NASDAQ:SCWO,SCWO,374Water Inc.,Industrials,Pollution & Treatment Controls,United States,NASDAQ,58085073.0,3.32,82.21,74.53,10,99.6,3787,False,-52.57,88.64,30.06,17.1,-29.51,-55.12,-74.64,2.5528,2.8351,4.7096,7.3979,13.0913,195794,1255,2026-09-04,81.1,17495504.0
NASDAQ:LAND,LAND,Gladstone Land Corporation,Real Estate,REIT - Specialty,United States,NASDAQ,424032513.0,9.83,82.46,74.01,10,99.7,3788,False,-18.89,22.66,4.71,6.3,1.7,-6.15,-15.57,9.3878,9.2475,9.6659,10.4747,11.6428,7348249,1255,2026-09-04,81.65,43136573.0
NASDAQ:PRTS,PRTS,"CarParts.com, Inc.",Consumer Cyclical,Auto Parts,United States,NASDAQ,75318384.0,9.3,82.94,75.73,10,99.7,3789,False,-14.68,138.46,45.17,42.2,17.98,-27.7,-59.22,6.4061,6.5402,7.8826,12.8635,22.8067,280107,1255,2026-09-04,77.76,8098751.0
NASDAQ:RCBC,RCBC,River City Bank,Financial Services,Banks - Regional,United States,NASDAQ,757028782.0,53.04,82.97,79.51,10,99.7,3790,True,0.0,42.08,22.38,25.23,41.18,60.43,75.51,43.3398,42.3543,37.5695,33.0614,30.2214,1830475,1255,2026-09-04,79.81,14272790.0
NASDAQ:ASST,ASST,"Strive, Inc.",Financial Services,Asset Management,United States,NASDAQ,2016703867.0,27.14,83.3,78.42,10,99.7,3791,False,-84.77,278.79,84.45,22.17,-21.55,-28.62,,14.7139,22.2145,34.5944,38.0206,,185370810,900,2026-09-04,82.89,74307438.0
NASDAQ:PLTS,PLTS,Platinum Analytics Cayman Limited,Technology,Software - Application,Singapore,NASDAQ,196095112.0,17.5,83.69,83.69,10,99.8,3792,False,0.0,145.44,0.0,,,,,17.5,,,,,0,242,2026-09-04,83.69,11205435.0
NASDAQ:TJGC,TJGC,TJGC Group Limited,Communication Services,Advertising Agencies,Hong Kong,NASDAQ,105141000.0,10.41,83.77,78.49,10,99.8,3793,True,0.0,595.39,165.2,155.86,,,,3.9253,4.0687,,,,11474779,408,2026-09-04,82.03,10100000.0
NASDAQ:TARS,TARS,"Tarsus Pharmaceuticals, Inc.",Healthcare,Biotechnology,United States,NASDAQ,3960826901.0,90.78,84.35,77.94,10,99.8,3794,False,0.0,83.91,32.07,33.81,60.19,95.89,133.98,68.7381,67.8425,56.669,46.3412,38.7979,58157654,1255,2026-09-04,78.88,43631052.0
NYSE:TAP.A,TAP-A,Molson Coors Beverage Company,Consumer Defensive,Beverages - Brewers,United States,NYSE,122923111.0,47.96,84.41,73.47,10,99.8,3795,False,-11.57,22.71,4.78,3.86,-4.34,-8.74,-11.89,45.7739,46.1757,50.1347,52.5542,54.4338,5608,1255,2026-09-04,84.41,2563034.0
NASDAQ:MKTX,MKTX,"MarketAxess Holdings, Inc.",Financial Services,Capital Markets,United States,NASDAQ,5749814532.0,163.38,85.39,77.24,10,99.9,3796,False,-14.74,50.49,5.03,3.05,-14.04,-18.03,-25.09,155.5499,158.5491,190.0646,199.3193,218.0979,166660499,1255,2026-09-04,85.34,35192891.0
NASDAQ:PBAM,PBAM,"Private Bancorp of America, Inc.",Financial Services,Banks - Regional,United States,NASDAQ,515885210.0,90.1,86.28,84.01,10,99.9,3797,False,0.0,63.85,28.45,33.22,48.51,72.55,92.75,70.1453,67.6319,60.6694,52.2182,46.7452,3057127,1255,2026-09-04,84.5,5725696.0
NASDAQ:VREX,VREX,Varex Imaging Corporation,Healthcare,Medical Devices,United States,NASDAQ,780131437.0,18.51,88.44,84.67,10,99.9,3798,False,-0.38,98.61,50.22,51.49,57.51,36.68,20.8,12.3221,12.2187,11.7517,13.5422,15.3228,29597758,1255,2026-09-04,88.82,42146485.0
NASDAQ:APAC,APAC,StoneBridge Acquisition II Corporation,Financial Services,Shell Companies,United States,NASDAQ,62932275.0,10.26,88.61,81.98,10,99.9,3799,False,0.0,3.64,,,,,,,,,,,50644,197,2026-09-04,86.14,6133750.0
NASDAQ:MAGH,MAGH,Magnitude International Ltd,Industrials,Engineering & Construction,Singapore,NASDAQ,225446000.0,6.76,92.17,86.78,10,100.0,3800,False,0.0,550.0,1.56,20.91,,,,6.6564,5.5907,,,,0,269,2026-09-04,92.17,33350000.0
NYSE:BIO.B,BIO-B,"Bio-Rad Laboratories, Inc.",Healthcare,Medical Devices,United States,NYSE,1847683753.0,365.08,97.2,92.63,10,100.0,3801,False,0.0,47.78,21.62,22.67,24.29,21.27,11.17,300.1888,297.6167,293.7252,301.0443,328.3835,1825,1255,2026-09-04,97.2,5061038.0
