tv_ticker,vendor_symbol,company_name,sector,industry,country,exchange,market_cap,price,rsi14,rsi21,rsi_decile,rsi_pctile,rsi_rank,hook_turning_up,pct_from_52w_high,pct_from_52w_low,prem_ma_200d,prem_ma_1y,prem_ma_2y,prem_ma_3y,prem_ma_4y,ma_200d,ma_1y,ma_2y,ma_3y,ma_4y,avg_dollar_vol_20d,bars_available,asof,rsi_fast_prev,shares_outstanding
NASDAQ:NHIC,NHIC,NewHold Investment Corp III,,,,NASDAQ,181247217.0,8.67,3.97,7.6,1,0.0,1,False,-24.21,0.0,-17.8,-17.35,,,,10.5474,10.4905,,,,8447644,357,2026-09-18,6.2,20905100.0
NASDAQ:XENE,XENE,Xenon Pharmaceuticals Inc.,Healthcare,Biotechnology,Canada,NASDAQ,3842455612.0,39.75,13.87,20.33,1,0.1,2,False,-43.98,8.84,-25.57,-21.63,-9.25,-6.68,-3.91,53.4038,50.7209,43.8035,42.5955,41.3674,74236749,1255,2026-09-18,37.2,96665550.0
NYSE:FOA,FOA,Finance of America Companies Inc.,Financial Services,Credit Services,United States,NYSE,125201346.0,14.01,14.12,22.26,1,0.1,3,False,-49.78,0.0,-33.32,-34.49,-34.66,-18.0,-16.53,21.011,21.3856,21.4406,17.0851,16.7849,1111429,1255,2026-09-18,15.39,8936570.0
AMEX:IOR,IOR,"Income Opportunity Realty Investors, Inc.",Financial Services,Mortgage Finance,United States,AMEX,69125026.0,17.0,14.97,21.44,1,0.1,4,False,-20.93,0.0,-8.55,-8.05,-6.26,-0.45,8.07,18.5901,18.4883,18.1361,17.0765,15.7302,3037,1255,2026-09-18,27.72,4066178.0
NYSE:VRTS,VRTS,"Virtus Investment Partners, Inc.",Financial Services,Asset Management,United States,NYSE,835265250.0,125.0,15.28,23.98,1,0.1,5,False,-31.71,2.87,-15.1,-17.22,-24.52,-28.54,-27.37,147.2309,150.9967,165.6074,174.9122,172.1142,17988003,1255,2026-09-18,16.68,6682122.0
AMEX:FJET,FJET,"Starfighters Space, Inc.",Industrials,Aerospace & Defense,United States,AMEX,90193471.0,1.64,15.41,24.41,1,0.2,6,False,-94.79,0.0,,,,,,,,,,,3343819,188,2026-09-18,17.39,54996019.0
NYSE:VVV,VVV,Valvoline Inc.,Consumer Cyclical,Auto & Truck Dealerships,United States,NYSE,3412865474.0,26.76,15.79,22.26,1,0.2,7,False,-33.55,0.0,-22.05,-21.78,-25.5,-27.59,-25.99,34.3283,34.2101,35.9172,36.9559,36.1596,68440871,1255,2026-09-18,16.47,127536079.0
NYSE:EPRT,EPRT,"Essential Properties Realty Trust, Inc.",Real Estate,REIT - Retail,United States,NYSE,5784579296.0,26.75,15.95,23.42,1,0.2,8,False,-21.05,0.0,-12.84,-12.09,-11.71,-4.73,2.23,30.6894,30.4272,30.2987,28.0787,26.166,56621623,1255,2026-09-18,16.15,216245955.0
NYSE:BRSP,BRSP,"BrightSpire Capital, Inc.",Real Estate,REIT - Mortgage,United States,NYSE,525075347.0,4.15,15.96,22.46,1,0.2,9,False,-29.57,0.0,-22.37,-21.09,-16.83,-15.88,-13.79,5.346,5.2589,4.99,4.9333,4.8139,6155738,1255,2026-09-18,16.61,126524180.0
NASDAQ:ALHC,ALHC,"Alignment Healthcare, Inc.",Healthcare,Healthcare Plans,United States,NASDAQ,1732083494.0,8.35,16.63,23.2,1,0.3,10,False,-66.0,0.0,-55.08,-54.36,-48.5,-36.83,-31.21,18.5868,18.2973,16.2139,13.2182,12.1388,92949667,1255,2026-09-18,17.5,207435149.0
NYSE:ADC,ADC,Agree Realty Corporation,Real Estate,REIT - Retail,United States,NYSE,8172999555.0,68.05,17.45,25.31,1,0.3,11,False,-15.52,0.74,-8.24,-7.24,-4.71,3.34,6.49,74.1614,73.3584,71.4168,65.8504,63.9041,97021097,1255,2026-09-18,17.73,120102859.0
NYSE:NNN,NNN,"NNN REIT, Inc.",Real Estate,REIT - Retail,United States,NYSE,7904811754.0,41.55,17.57,25.75,1,0.3,12,False,-15.12,10.89,-4.0,-2.27,1.81,5.79,8.29,43.2827,42.5165,40.8125,39.2765,38.3679,67314380,1255,2026-09-18,17.98,190248177.0
NYSE:HE,HE,"Hawaiian Electric Industries, Inc.",Utilities,Utilities - Regulated Electric,United States,NYSE,1691829115.0,9.8,17.62,21.88,1,0.3,13,False,-42.62,0.0,-28.33,-25.86,-17.35,-18.16,-44.81,13.6737,13.2181,11.8575,11.9749,17.7559,29430136,1255,2026-09-18,20.5,172635624.0
NASDAQ:NMRA,NMRA,"Neumora Therapeutics, Inc.",Healthcare,Biotechnology,United States,NASDAQ,135257498.0,0.73,17.7,24.96,1,0.4,14,False,-79.67,0.0,-63.52,-64.28,-77.81,-88.58,,2.0009,2.0439,3.29,6.3912,,1164761,756,2026-09-18,18.13,185284244.0
NYSE:ULS,ULS,UL Solutions Inc.,Industrials,Specialty Business Services,United States,NYSE,4982053603.0,64.03,17.95,23.64,1,0.4,15,False,-38.75,0.0,-23.6,-22.57,-9.15,,,83.804,82.692,70.4787,,,49357069,611,2026-09-18,18.44,77808115.0
NYSE:GTY,GTY,Getty Realty Corporation,Real Estate,REIT - Retail,United States,NYSE,1835685198.0,29.64,18.07,25.54,1,0.4,16,False,-19.04,21.3,-6.23,-2.69,2.6,8.39,9.13,31.6089,30.4608,28.8899,27.3458,27.1613,18956224,1255,2026-09-18,19.31,61932699.0
AMEX:GPUS,GPUS,"Hyperscale Data, Inc.",Industrials,Conglomerates,United States,AMEX,58123801.0,0.18,18.38,27.05,1,0.4,17,False,-94.29,0.0,-78.81,-83.42,-98.27,-99.83,-100.0,0.8495,1.086,10.4162,106.0217,21722.9744,7763116,1255,2026-09-18,18.38,322910003.0
NYSE:VCV,VCV,Invesco California Value Municipal Income Trust,Financial Services,Asset Management,United States,NYSE,473957839.0,9.65,18.67,23.33,1,0.5,18,False,-11.01,0.23,-7.26,-6.72,-2.27,3.72,8.53,10.4053,10.3449,9.8743,9.3041,8.8913,1230589,1255,2026-09-18,21.62,49114802.0
NASDAQ:WYNN,WYNN,"Wynn Resorts, Limited",Consumer Cyclical,Resorts & Casinos,United States,NASDAQ,8410907417.0,81.68,18.93,25.79,1,0.5,19,False,-38.18,0.0,-22.19,-24.8,-18.67,-15.47,-14.3,104.9794,108.623,100.4317,96.6245,95.3102,170421544,1255,2026-09-18,20.44,102973891.0
NASDAQ:BBOT,BBOT,"BridgeBio Oncology Therapeutics, Inc.",Healthcare,Biotechnology,United States,NASDAQ,382110886.0,4.77,19.2,25.28,1,0.5,20,False,-65.26,0.21,-49.63,-52.21,-53.6,,,9.4698,9.9822,10.2796,,,3936836,654,2026-09-18,19.75,80107104.0
NYSE:O,O,Realty Income Corporation,Real Estate,REIT - Retail,United States,NYSE,53611805320.0,56.66,19.2,26.66,1,0.5,21,False,-13.92,5.51,-6.71,-5.12,0.72,6.23,7.4,60.7362,59.7185,56.2558,53.3365,52.7545,383153702,1255,2026-09-18,21.35,946202000.0
NYSE:FVR,FVR,"FrontView REIT, Inc.",Real Estate,REIT - Diversified,United States,NYSE,405688804.0,17.37,19.34,27.34,1,0.6,22,False,-20.76,38.73,-0.47,4.64,,,,17.4523,16.6001,,,,2427545,492,2026-09-18,21.44,23355717.0
NASDAQ:ALMS,ALMS,Alumis Inc.,Healthcare,Biotechnology,United States,NASDAQ,959067199.0,7.77,19.4,24.36,1,0.6,23,False,-74.36,96.71,-65.12,-58.48,-38.34,,,22.2792,18.7153,12.6011,,,48687900,558,2026-09-18,19.47,123432072.0
NASDAQ:FLWS,FLWS,"1-800-FLOWERS.COM, Inc.",Consumer Cyclical,Specialty Retail,United States,NASDAQ,91835050.0,2.48,19.49,25.35,1,0.6,24,False,-56.11,0.0,-35.58,-36.28,-52.85,-62.28,-65.05,3.8499,3.8921,5.2595,6.5745,7.0968,1149221,1255,2026-09-18,21.04,37030262.0
NASDAQ:INV,INV,"Innventure, Inc.",Financial Services,Asset Management,United States,NASDAQ,50258759.0,0.598,19.57,25.61,1,0.7,25,False,-91.83,0.0,-85.57,-85.62,-90.27,-92.25,-92.84,4.145,4.158,6.1446,7.7203,8.3526,4044831,1206,2026-09-18,20.73,84044748.0
NYSE:FCPT,FCPT,"Four Corners Property Trust, Inc.",Real Estate,REIT - Retail,United States,NYSE,2482526836.0,22.62,19.59,28.21,1,0.7,26,False,-13.78,4.45,-6.07,-5.06,-7.78,-3.35,-1.28,24.0828,23.8259,24.5272,23.4036,22.913,23481526,1255,2026-09-18,20.06,109749197.0
NASDAQ:INSE,INSE,"Inspired Entertainment, Inc.",Consumer Cyclical,Gambling,United States,NASDAQ,120721344.0,4.58,19.77,25.33,1,0.7,27,False,-53.36,0.0,-39.28,-40.53,-45.06,-47.09,-52.83,7.5434,7.7015,8.3371,8.6568,9.7092,909027,1255,2026-09-18,22.4,26358372.0
NYSE:SAFE,SAFE,Safehold Inc. New,Real Estate,REIT - Diversified,United States,NYSE,940955426.0,13.14,19.86,27.97,1,0.7,28,False,-23.47,6.86,-11.27,-10.45,-16.71,-20.97,-36.77,14.8082,14.6738,15.7765,16.6272,20.7805,5648108,1255,2026-09-18,23.37,71610002.0
NASDAQ:SVC,SVC,Service Properties Trust - Common Shares of Beneficial Interest,Real Estate,REIT - Hotel & Motel,United States,NASDAQ,839354400.0,6.48,19.91,27.49,1,0.8,29,False,-54.34,11.2,-25.8,-29.32,-42.96,-62.8,-69.98,8.7334,9.1687,11.3614,17.4192,21.585,11586587,1255,2026-09-18,21.1,129530000.0
NASDAQ:BBIO,BBIO,"BridgeBio Pharma, Inc.",Healthcare,Biotechnology,United States,NASDAQ,13046317330.0,66.61,20.03,28.83,1,0.8,30,False,-26.13,35.94,-9.9,-6.12,25.49,47.37,76.52,73.9305,70.9508,53.0812,45.1997,37.7344,157632685,1255,2026-09-18,21.02,195861242.0
NASDAQ:LGVN,LGVN,Longeveron Inc.,Healthcare,Biotechnology,United States,NASDAQ,75070878.0,2.49,20.31,25.99,1,0.8,31,False,-78.53,0.0,-65.35,-65.84,-78.33,-93.05,-97.76,7.1863,7.2883,11.4887,35.8352,111.0089,780366,1255,2026-09-18,20.96,30148947.0
NYSE:INVH,INVH,Invitation Homes Inc.,Real Estate,REIT - Residential,United States,NYSE,15985669036.0,26.91,20.32,28.55,1,0.9,32,False,-12.03,12.82,-2.24,-2.24,-7.95,-9.92,-9.22,27.5271,27.5253,29.2335,29.8721,29.6434,138535761,1255,2026-09-18,22.1,594041956.0
NASDAQ:RCON,RCON,"Recon Technology, Ltd.",Energy,Oil & Gas Equipment & Services,China,NASDAQ,91815654.0,1.3,20.32,23.74,1,0.9,33,False,-99.7,7.44,-99.19,-99.34,-99.6,-99.7,-99.87,161.2343,197.9162,328.9859,430.8715,1008.9036,2519522,1255,2026-09-18,20.27,70627426.0
NASDAQ:ZUMZ,ZUMZ,Zumiez Inc.,Consumer Cyclical,Apparel Retail,United States,NASDAQ,222713238.0,13.2,20.6,26.45,1,0.9,34,False,-56.89,0.0,-41.03,-40.61,-32.1,-31.43,-32.31,22.385,22.226,19.4397,19.2499,19.5009,5341601,1255,2026-09-18,21.5,16872215.0
NASDAQ:SFD,SFD,"Smithfield Foods, Inc.",Consumer Defensive,Packaged Foods,United States,NASDAQ,7798719353.0,19.82,20.85,25.65,1,0.9,35,True,-31.23,0.15,-17.41,-15.37,,,,23.9966,23.4187,,,,41779171,413,2026-09-18,20.14,393477263.0
NASDAQ:WDFC,WDFC,WD-40 Company,Basic Materials,Specialty Chemicals,United States,NASDAQ,2540479262.0,189.29,21.11,28.41,1,0.9,36,False,-28.26,2.36,-12.87,-10.91,-15.29,-15.95,-10.93,217.2552,212.4671,223.4585,225.2122,212.5264,23578317,1255,2026-09-18,21.89,13421096.0
NASDAQ:TXRH,TXRH,"Texas Roadhouse, Inc.",Consumer Cyclical,Restaurants,United States,NASDAQ,11013654289.0,167.56,21.16,29.01,1,1.0,37,True,-21.5,8.37,-6.16,-4.71,-4.75,3.22,14.72,178.5592,175.8346,175.9188,162.34,146.0568,160869453,1255,2026-09-18,19.41,65729615.0
NYSE:PMM,PMM,Franklin Managed Municipal Income Trust Shares of Beneficial Interest,Financial Services,Asset Management,United States,NYSE,246292033.0,5.75,21.18,25.94,1,1.0,38,False,-11.97,0.14,-6.15,-5.18,-1.71,1.66,3.88,6.1265,6.0641,5.8499,5.6563,5.5352,525666,1255,2026-09-18,25.98,42833397.0
NASDAQ:STRO,STRO,"Sutro Biopharma, Inc.",Healthcare,Biotechnology,United States,NASDAQ,254190534.0,15.34,21.23,28.3,1,1.0,39,False,-62.5,110.14,-32.2,-22.78,-16.68,-38.96,-53.82,22.6243,19.8665,18.4102,25.1328,33.221,5302638,1255,2026-09-18,21.62,16570439.0
NYSE:UDR,UDR,"UDR, Inc.",Real Estate,REIT - Residential,United States,NYSE,10890857126.0,33.9,21.37,28.23,1,1.1,40,False,-16.85,4.69,-6.99,-5.87,-10.19,-7.14,-6.2,36.4475,36.0142,37.7451,36.5051,36.1393,133306313,1255,2026-09-18,23.08,321264222.0
NASDAQ:WAFD,WAFD,"WaFd, Inc.",Financial Services,Banks - Regional,United States,NASDAQ,2395374368.0,32.39,21.45,27.85,1,1.1,41,False,-17.01,20.16,-4.63,-1.81,3.55,8.78,10.66,33.9616,32.9868,31.279,29.7759,29.2704,35542193,1255,2026-09-18,22.15,73954133.0
NYSE:NTST,NTST,NetSTREIT Corp.,Real Estate,REIT - Retail,United States,NYSE,1767225229.0,18.17,21.68,28.99,1,1.1,42,False,-17.46,9.56,-6.45,-4.63,7.03,11.88,13.24,19.423,19.0525,16.9758,16.2412,16.0452,22507741,1255,2026-09-18,22.1,97260607.0
NYSE:IVT,IVT,InvenTrust Properties Corp.,Real Estate,REIT - Retail,United States,NYSE,2401983113.0,30.82,21.74,28.17,1,1.1,43,True,-16.09,15.83,-2.46,0.24,5.58,12.89,19.89,31.5961,30.7469,29.1903,27.3002,25.7074,20725833,1255,2026-09-18,19.87,77935857.0
NASDAQ:SRZN,SRZN,"Surrozen, Inc.",Healthcare,Biotechnology,United States,NASDAQ,192151640.0,16.55,21.81,29.32,1,1.2,44,False,-51.51,43.17,-31.75,-24.77,2.3,19.48,18.12,24.2485,21.998,16.1776,13.8514,14.0113,4037814,1255,2026-09-18,22.95,11610371.0
NYSE:AN,AN,"AutoNation, Inc.",Consumer Cyclical,Auto & Truck Dealerships,United States,NYSE,5631234994.0,168.29,21.97,29.14,1,1.2,45,False,-26.82,0.0,-16.34,-16.97,-12.77,-6.51,0.18,201.1547,202.6825,192.9258,180.004,167.9902,109605140,1255,2026-09-18,24.68,33461495.0
NYSE:PINE,PINE,"Alpine Income Property Trust, Inc.",Real Estate,REIT - Retail,United States,NYSE,292983091.0,17.73,22.0,30.09,1,1.2,46,False,-17.08,43.44,-3.8,1.31,10.8,16.83,19.86,18.4295,17.5007,16.002,15.1758,14.7923,2542449,1255,2026-09-18,23.54,16524709.0
NYSE:TRTX,TRTX,"TPG RE Finance Trust, Inc.",Real Estate,REIT - Mortgage,United States,NYSE,551201485.0,7.18,22.0,27.99,1,1.2,47,False,-18.21,0.0,-11.61,-11.5,-5.97,3.21,11.5,8.1234,8.1133,7.6356,6.9569,6.4396,6117167,1255,2026-09-18,24.94,76769009.0
NYSE:WPC,WPC,W. P. Carey Inc. REIT,Real Estate,REIT - Diversified,United States,NYSE,15094508451.0,66.26,22.12,29.36,1,1.3,48,False,-13.6,7.56,-5.22,-3.68,6.07,13.29,12.76,69.9112,68.7903,62.4672,58.489,58.764,97066654,1255,2026-09-18,22.98,227807251.0
NYSE:HGV,HGV,Hilton Grand Vacations Inc.,Consumer Cyclical,Resorts & Casinos,United States,NYSE,2766202321.0,35.59,22.15,28.51,1,1.3,49,False,-34.92,0.0,-22.63,-21.24,-16.98,-15.57,-16.05,45.9993,45.1899,42.8691,42.154,42.396,39566371,1255,2026-09-18,25.65,77724145.0
NASDAQ:RPID,RPID,"Rapid Micro Biosystems, Inc.",Healthcare,Medical Devices,United States,NASDAQ,50760954.0,1.12,22.16,26.33,1,1.3,50,True,-76.07,2.75,-57.16,-59.77,-55.39,-43.42,-40.27,2.6141,2.7842,2.5107,1.9793,1.8751,335086,1255,2026-09-18,17.8,45322280.0
NYSE:FRT,FRT,Federal Realty Investment Trust,Real Estate,REIT - Retail,United States,NYSE,9581425839.0,110.91,22.26,29.22,1,1.3,51,False,-12.76,20.61,0.26,3.27,8.76,12.65,16.31,110.6278,107.3963,101.9722,98.4523,95.354,82783849,1255,2026-09-18,24.31,86389197.0
NYSE:YOU,YOU,"Clear Secure, Inc.",Technology,Software - Application,United States,NYSE,3833335031.0,38.1,22.3,28.55,1,1.4,52,False,-38.52,30.94,-17.73,-12.57,7.24,27.02,34.85,46.3097,43.5758,35.5285,29.9947,28.2539,81419698,1255,2026-09-18,27.05,100612468.0
NASDAQ:NATR,NATR,"Nature's Sunshine Products, Inc.",Consumer Defensive,Packaged Foods,United States,NASDAQ,228955020.0,13.02,22.39,24.92,1,1.4,53,False,-53.17,0.0,-40.66,-37.47,-26.21,-25.01,-17.23,21.9429,20.8229,17.6457,17.3624,15.731,2498353,1255,2026-09-18,22.93,17584871.0
NASDAQ:WINA,WINA,Winmark Corporation,Consumer Cyclical,Specialty Retail,United States,NASDAQ,1025133189.0,285.38,22.4,28.88,1,1.4,54,False,-43.03,0.0,-27.92,-29.23,-26.35,-24.14,-18.34,395.9457,403.2722,387.4872,376.1769,349.4645,26490082,1255,2026-09-18,25.71,3592169.0
NASDAQ:RENT,RENT,"Rent the Runway, Inc.",Consumer Cyclical,Apparel Retail,United States,NASDAQ,62470758.0,1.86,22.43,27.49,1,1.4,55,False,-80.19,0.0,-62.18,-61.68,-68.28,-77.92,-89.95,4.9174,4.8541,5.8645,8.4234,18.5073,541661,1228,2026-09-18,23.17,33586429.0
NASDAQ:ELDN,ELDN,"Eledon Pharmaceuticals, Inc.",Healthcare,Biotechnology,United States,NASDAQ,202232096.0,2.62,22.45,29.25,1,1.5,56,False,-39.91,88.49,-12.12,-10.53,-18.24,-6.58,-1.59,2.9814,2.9285,3.2047,2.8047,2.6624,2850225,1255,2026-09-18,23.27,77187823.0
NASDAQ:DYN,DYN,"Dyne Therapeutics, Inc.",Healthcare,Biotechnology,United States,NASDAQ,3195231434.0,17.11,22.51,28.51,1,1.5,57,False,-36.11,38.32,-13.58,-11.51,-7.3,-16.02,-6.39,19.7979,19.3363,18.4576,20.3728,18.2776,66526872,1255,2026-09-18,25.09,186746431.0
NYSE:ARR,ARR,"ARMOUR Residential REIT, Inc.",Real Estate,REIT - Mortgage,United States,NYSE,2077998715.0,14.68,22.55,29.3,1,1.5,58,False,-14.02,23.87,-7.74,-4.91,1.47,5.98,4.92,15.9109,15.4387,14.4677,13.8519,13.9921,60154985,1255,2026-09-18,24.91,141553046.0
NYSE:XPOF,XPOF,"Xponential Fitness, Inc.",Consumer Cyclical,Leisure,United States,NYSE,152851050.0,3.65,22.57,27.63,1,1.6,59,False,-59.44,0.0,-44.35,-45.07,-59.64,-65.24,-73.59,6.5589,6.6454,9.0433,10.5002,13.8214,3043427,1255,2026-09-18,23.47,41877000.0
NYSE:MAA,MAA,"Mid-America Apartment Communities, Inc.",Real Estate,REIT - Residential,United States,NYSE,13841644502.0,118.93,22.58,29.52,1,1.6,60,False,-15.39,1.01,-8.3,-8.14,-13.3,-9.81,-9.96,129.6972,129.4748,137.1669,131.8656,132.0867,126827598,1255,2026-09-18,26.05,116384802.0
NYSE:PRKS,PRKS,United Parks & Resorts Inc.,Consumer Cyclical,Leisure,United States,NYSE,1611563702.0,34.19,22.63,28.63,1,1.6,61,False,-38.07,15.0,-11.53,-14.71,-24.44,-27.19,-30.39,38.6479,40.0881,45.2485,46.9582,49.1137,27475938,1255,2026-09-18,26.07,47135528.0
NYSE:BGS,BGS,"B&G Foods, Inc.",Consumer Defensive,Packaged Foods,United States,NYSE,233760963.0,2.88,22.65,28.84,1,1.6,62,False,-47.83,0.0,-31.78,-30.89,-36.83,-46.6,-55.5,4.2215,4.1672,4.5593,5.3933,6.4726,6933115,1255,2026-09-18,27.75,81167001.0
NASDAQ:TBBK,TBBK,"The Bancorp, Inc.",Financial Services,Banks - Regional,United States,NASDAQ,2091297871.0,50.23,22.67,28.12,1,1.7,63,False,-37.48,0.4,-18.11,-20.64,-16.34,-5.2,5.76,61.34,63.2946,60.038,52.9849,47.493,32328480,1255,2026-09-18,23.21,41634439.0
NYSE:KNF,KNF,Knife Riv Holding Co.,Basic Materials,Building Materials,United States,NYSE,3089679866.0,54.44,22.69,28.36,1,1.7,64,False,-42.07,0.0,-29.84,-28.26,-35.3,-30.92,,77.5954,75.8864,84.1391,78.8109,,56720228,825,2026-09-18,22.77,56753855.0
NYSE:ETX,ETX,Eaton Vance Municipal Income 2028 Term Trust Common Shares of Beneficial Interest,Financial Services,Asset Management,United States,NYSE,189918378.0,17.43,22.7,28.32,1,1.7,65,False,-7.39,0.0,-4.67,-4.77,-1.07,2.49,5.27,18.2837,18.3024,17.6194,17.0063,16.5578,406256,1255,2026-09-18,31.71,10896063.0
NYSE:AMRZ,AMRZ,Amrize Ltd,Basic Materials,Building Materials,Switzerland,NYSE,20779764302.0,37.54,22.71,28.69,1,1.7,66,False,-42.3,0.0,-28.76,-27.62,,,,52.6934,51.8644,,,,184743825,313,2026-09-18,24.25,553536609.0
NASDAQ:OKUR,OKUR,"OnKure Therapeutics, Inc.",Healthcare,Biotechnology,United States,NASDAQ,119166666.0,2.95,22.77,28.26,1,1.8,67,False,-44.02,27.16,-19.78,-16.25,-44.05,-78.42,-87.16,3.6773,3.5226,5.2728,13.6674,22.9788,572862,1255,2026-09-18,22.99,40395480.0
NASDAQ:RRR,RRR,"Red Rock Resorts, Inc.",Consumer Cyclical,Resorts & Casinos,United States,NASDAQ,2976485427.0,50.91,22.79,29.29,1,1.8,68,False,-23.95,0.64,-13.63,-12.79,-4.01,-0.44,6.05,58.947,58.3757,53.0391,51.1344,48.0076,52020975,1255,2026-09-18,27.13,58465634.0
NASDAQ:KRUS,KRUS,"Kura Sushi USA, Inc.",Consumer Cyclical,Restaurants,United States,NASDAQ,387455064.0,34.75,22.84,28.73,1,1.8,69,True,-56.17,0.67,-38.23,-38.4,-48.36,-51.6,-51.66,56.2594,56.409,67.2959,71.7922,71.8918,9047633,1255,2026-09-18,21.74,11149786.0
NASDAQ:NNNN,NNNN,Anbio Biotechnology,Healthcare,Medical Instruments & Supplies,Germany,NASDAQ,230428800.0,5.25,22.86,27.82,1,1.8,70,False,-87.67,0.0,-75.71,-76.92,,,,21.6157,22.7509,,,,1703369,398,2026-09-18,25.06,43891200.0
NYSE:BNL,BNL,"Broadstone Net Lease, Inc.",Real Estate,REIT - Diversified,United States,NYSE,3681917856.0,19.2,22.9,30.11,1,1.9,71,False,-15.94,16.54,-1.3,0.94,11.92,20.5,25.95,19.4539,19.0214,17.1553,15.9334,15.2436,37501540,1255,2026-09-18,23.07,191766555.0
NYSE:AKR,AKR,Acadia Realty Trust,Real Estate,REIT - Retail,United States,NYSE,2647720395.0,19.28,22.92,30.2,1,1.9,72,False,-15.14,4.79,-6.58,-5.25,-5.3,2.5,12.07,20.6375,20.348,20.3595,18.8097,17.203,28565975,1255,2026-09-18,23.25,137329896.0
NYSE:VEL,VEL,"Velocity Financial, Inc.",Financial Services,Mortgage Finance,United States,NYSE,631703312.0,16.0,22.92,30.22,1,1.9,73,False,-22.93,0.0,-13.16,-13.19,-13.75,-9.98,0.48,18.4237,18.4301,18.5509,17.7744,15.9242,2460851,1255,2026-09-18,23.36,39481457.0
NYSE:TFIN,TFIN,"Triumph Financial, Inc.",Financial Services,Banks - Regional,United States,NYSE,1505833722.0,63.02,23.01,30.35,1,1.9,74,True,-22.27,34.23,-6.6,-2.33,-7.16,-10.14,-6.01,67.472,64.5218,67.8835,70.1305,67.0478,14126053,1255,2026-09-18,22.89,23894537.0
NASDAQ:KNDI,KNDI,"Kandi Technologies Group, Inc.",Consumer Cyclical,Recreational Vehicles,China,NASDAQ,52215990.0,0.52,23.11,29.9,1,2.0,75,False,-62.32,0.0,-35.3,-40.65,-51.81,-66.43,-72.59,0.8037,0.8761,1.0791,1.5491,1.8972,42921,1255,2026-09-18,27.66,100415365.0
NYSE:EFC,EFC,Ellington Financial Inc.,Real Estate,REIT - Mortgage,United States,NYSE,1559896683.0,12.44,23.15,30.92,1,2.0,76,False,-8.39,16.84,-1.25,-0.47,6.97,15.32,22.22,12.5973,12.4991,11.6293,10.7878,10.1781,15450239,1255,2026-09-18,25.94,125393624.0
NASDAQ:PATK,PATK,"Patrick Industries, Inc.",Consumer Cyclical,Recreational Vehicles,United States,NASDAQ,2278206614.0,68.71,23.15,29.53,1,2.0,77,False,-52.18,0.0,-32.14,-32.03,-27.93,-19.68,-7.82,101.2472,101.0907,95.3358,85.5446,74.5372,41072334,1255,2026-09-18,24.68,33156842.0
NYSE:RCL,RCL,Royal Caribbean Cruises Ltd.,Consumer Cyclical,Travel Services,United States,NYSE,65742396768.0,245.81,23.19,29.9,1,2.1,78,False,-28.2,1.63,-13.58,-13.71,-7.25,12.51,35.65,284.4384,284.8756,265.0353,218.4784,181.204,508241339,1255,2026-09-18,25.19,267452084.0
NASDAQ:PECO,PECO,"Phillips Edison & Company, Inc.",Real Estate,REIT - Retail,United States,NASDAQ,4772273000.0,37.16,23.3,29.78,1,2.1,79,False,-15.08,15.68,-3.0,-0.34,3.79,8.04,12.93,38.3103,37.2854,35.8014,34.3954,32.9051,35389177,1255,2026-09-18,24.66,128425000.0
NASDAQ:GRAB,GRAB,Grab Holdings Limited,Technology,Software - Application,Singapore,NASDAQ,11079380000.0,2.795,23.31,29.52,1,2.1,80,False,-56.67,0.0,-29.09,-35.44,-38.09,-32.17,-28.09,3.9419,4.3294,4.5148,4.1206,3.8867,168038678,1255,2026-09-18,23.69,3964000000.0
NASDAQ:EPOW,EPOW,E-Power Inc.,Industrials,Electrical Equipment & Parts,China,NASDAQ,207123138.0,6.44,23.33,28.93,1,2.1,81,False,-81.6,0.0,-63.47,-67.76,-70.2,-71.97,-81.45,17.6313,19.9735,21.6127,22.9748,34.7127,2311935,1255,2026-09-18,24.13,32161978.0
NYSE:SAH,SAH,"Sonic Automotive, Inc.",Consumer Cyclical,Auto & Truck Dealerships,United States,NYSE,1246808283.0,63.66,23.39,30.3,1,2.2,82,False,-43.19,11.05,-12.46,-11.1,-7.49,1.35,8.8,72.7214,71.6103,68.8173,62.813,58.5136,20422206,1255,2026-09-18,25.57,19585427.0
NYSE:HEI.A,HEI-A,Heico Corporation,Industrials,Aerospace & Defense,United States,NYSE,18751026419.0,221.9,23.53,30.23,1,2.2,83,True,-19.6,10.3,-8.5,-8.85,-3.04,8.31,19.23,242.5049,243.4322,228.8676,204.8748,186.1145,83203832,1255,2026-09-18,21.4,84502147.0
NYSE:NLY,NLY,Annaly Capital Management Inc.,Real Estate,REIT - Mortgage,United States,NYSE,15865689004.0,21.05,23.54,31.57,1,2.2,84,False,-11.33,15.4,-2.81,-0.47,11.75,22.58,31.12,21.6577,21.1498,18.8369,17.1719,16.0545,179273032,1255,2026-09-18,26.16,753714442.0
NASDAQ:RACC,RACC,Research Alliance Corporation III,Financial Services,Shell Companies,United States,NASDAQ,85525000.0,11.0,23.55,31.74,1,2.2,85,False,-62.46,7.0,,,,,,,,,,,2101102,84,2026-09-18,23.8,7775000.0
NASDAQ:ODFL,ODFL,"Old Dominion Freight Line, Inc.",Industrials,Trucking,United States,NASDAQ,35978512959.0,173.0,23.58,28.79,1,2.3,86,False,-30.34,37.84,-12.68,-6.74,-4.0,-6.49,-3.38,198.13,185.4945,180.2044,184.9997,179.0583,341332475,1255,2026-09-18,24.97,207968283.0
NASDAQ:FLNC,FLNC,"Fluence Energy, Inc.",Utilities,Utilities - Renewable,United States,NASDAQ,972180107.0,7.32,23.68,29.74,1,2.3,87,False,-77.29,0.0,-58.64,-58.02,-48.75,-54.05,-57.18,17.6974,17.4382,14.2827,15.9317,17.0943,72976233,1227,2026-09-18,24.92,132811490.0
NASDAQ:DNLI,DNLI,Denali Therapeutics Inc.,Healthcare,Biotechnology,United States,NASDAQ,3129756014.0,19.72,23.69,31.8,1,2.3,88,False,-27.53,54.67,-5.9,-1.05,1.3,-0.18,-9.65,20.9568,19.9294,19.4671,19.7564,21.8257,29952827,1255,2026-09-18,25.62,158709737.0
NASDAQ:CASY,CASY,"Caseys General Stores, Inc.",Consumer Cyclical,Specialty Retail,United States,NASDAQ,22109696017.0,597.48,23.85,27.91,1,2.3,89,False,-34.74,16.7,-18.06,-13.57,5.59,24.24,43.36,729.1972,691.3156,565.8334,480.9179,416.7779,439566462,1255,2026-09-18,24.88,37004914.0
NYSE:BROS,BROS,Dutch Bros Inc.,Consumer Cyclical,Restaurants,United States,NYSE,5491820659.0,40.03,23.92,28.76,1,2.4,90,False,-45.4,0.0,-29.34,-28.76,-30.2,-17.68,-9.85,56.6538,56.1935,57.3525,48.6256,44.4043,184031393,1255,2026-09-18,24.12,137192622.0
NYSE:HR,HR,Healthcare Realty Trust Incorporated,Real Estate,REIT - Healthcare Facilities,United States,NYSE,6327484014.0,18.26,23.94,30.73,1,2.4,91,False,-15.47,16.0,-0.72,0.59,9.48,17.19,17.61,18.3916,18.1535,16.6789,15.5813,15.5265,65440572,1255,2026-09-18,26.02,346521578.0
NYSE:ROL,ROL,"Rollins, Inc.",Consumer Cyclical,Personal Services,United States,NYSE,15603545452.0,32.43,23.96,26.94,1,2.4,92,False,-50.0,0.0,-36.05,-37.65,-37.49,-33.54,-29.28,50.7085,52.0116,51.8768,48.7932,45.8597,187903320,1255,2026-09-18,26.2,481145404.0
NASDAQ:RFIL,RFIL,"RF Industries, Ltd.",Industrials,Electrical Equipment & Parts,United States,NASDAQ,86890566.0,8.01,24.03,29.88,1,2.4,93,True,-62.74,41.77,-34.51,-28.9,-1.02,24.08,33.11,12.23,11.2656,8.0924,6.4556,6.0177,2605372,1255,2026-09-18,22.79,10847761.0
NYSE:NC,NC,"NACCO Industries, Inc.",Energy,Thermal Coal,United States,NYSE,220677139.0,36.91,24.1,28.85,1,2.5,94,False,-36.56,0.0,-23.44,-21.84,-7.6,0.67,1.42,48.2075,47.224,39.9438,36.6651,36.3941,847339,1255,2026-09-18,25.85,5978790.0
NASDAQ:PAL,PAL,"Proficient Auto Logistics, Inc.",Industrials,Integrated Freight & Logistics,United States,NASDAQ,111357997.0,4.01,24.1,29.66,1,2.5,95,False,-61.95,0.0,-45.1,-44.49,-50.96,,,7.3043,7.2242,8.1773,,,3122734,592,2026-09-18,26.11,27770074.0
NYSE:FUL,FUL,H. B. Fuller Company,Basic Materials,Specialty Chemicals,United States,NYSE,2657635978.0,49.41,24.13,31.45,1,2.5,96,False,-26.16,1.1,-16.87,-16.37,-18.29,-24.14,-24.39,59.4404,59.0789,60.4679,65.1329,65.3445,32615054,1255,2026-09-18,26.82,53787411.0
NYSE:TROX,TROX,Tronox Holdings plc Ordinary Shares (UK),Basic Materials,Chemicals,United States,NYSE,671596436.0,4.21,24.2,29.99,1,2.6,97,False,-59.29,49.24,-37.16,-30.56,-37.58,-52.6,-56.0,6.6992,6.0625,6.745,8.8817,9.5683,11387451,1255,2026-09-18,25.09,159524094.0
NYSE:UE,UE,Urban Edge Properties Common Shares of Beneficial Interest,Real Estate,REIT - Retail,United States,NYSE,2521660080.0,20.01,24.2,30.18,1,2.6,98,False,-14.74,12.47,-3.55,-1.69,1.84,8.74,17.29,20.7461,20.355,19.6486,18.4018,17.0597,17033777,1255,2026-09-18,25.28,126019994.0
NYSE:BKT,BKT,BlackRock Income Trust Inc. (The),Financial Services,Asset Management,United States,NYSE,315468392.0,9.74,24.21,30.32,1,2.6,99,False,-7.44,0.0,-4.77,-4.71,-4.39,-1.59,0.72,10.2278,10.2218,10.1876,9.8969,9.6706,1544912,1255,2026-09-18,26.17,32388952.0
NASDAQ:JBSS,JBSS,"John B. Sanfilippo & Son, Inc.",Consumer Defensive,Packaged Foods,United States,NASDAQ,611992549.0,67.31,24.22,30.64,1,2.6,100,False,-23.95,19.61,-11.11,-7.54,-5.2,-12.83,-14.51,75.7192,72.7969,71.0009,77.2177,78.7329,10683059,1255,2026-09-18,24.53,9092149.0
NYSE:SMG,SMG,Scotts Miracle-Gro Company (The),Basic Materials,Agricultural Inputs,United States,NYSE,3046406221.0,52.36,24.23,31.31,1,2.7,101,False,-27.95,3.66,-14.74,-12.47,-14.46,-12.08,-9.52,61.4138,59.8201,61.2111,59.5526,57.869,46357163,1255,2026-09-18,27.61,58181937.0
NYSE:SKT,SKT,Tanger Inc.,Real Estate,REIT - Retail,United States,NYSE,4112555466.0,35.8,24.26,31.12,1,2.7,102,True,-14.33,16.32,-0.52,1.63,7.81,17.87,32.31,35.9881,35.2246,33.2074,30.3723,27.0576,30213665,1255,2026-09-18,23.1,114875851.0
NYSE:MEC,MEC,"Mayville Engineering Company, Inc.",Industrials,Metal Fabrication,United States,NYSE,438496903.0,17.2,24.3,28.54,1,2.7,103,False,-54.18,36.94,-25.55,-19.86,-8.03,-0.48,7.88,23.1036,21.4631,18.702,17.283,15.9439,9951137,1255,2026-09-18,25.18,25494006.0
NYSE:ABG,ABG,Asbury Automotive Group Inc,Consumer Cyclical,Auto & Truck Dealerships,United States,NYSE,3286277926.0,183.06,24.36,32.16,1,2.7,104,False,-28.5,3.85,-14.31,-16.14,-20.75,-19.66,-17.18,213.6181,218.2857,231.0051,227.8591,221.0338,45272859,1255,2026-09-18,26.92,17951917.0
NYSE:LVS,LVS,Las Vegas Sands Corp.,Consumer Cyclical,Resorts & Casinos,United States,NYSE,25895093336.0,39.98,24.38,30.0,1,2.8,105,False,-41.46,0.0,-23.98,-25.19,-18.89,-16.03,-16.7,52.5881,53.4401,49.2885,47.6139,47.9941,250853120,1255,2026-09-18,26.71,647701184.0
NYSE:LCII,LCII,LCI Industries,Consumer Cyclical,Recreational Vehicles,United States,NYSE,2081064999.0,85.6,24.42,31.1,1,2.8,106,False,-43.83,5.16,-25.36,-22.62,-16.6,-16.37,-15.13,114.6857,110.6244,102.6413,102.356,100.8645,30349084,1255,2026-09-18,25.39,24311507.0
NASDAQ:SPRY,SPRY,"ARS Pharmaceuticals, Inc.",Healthcare,Biotechnology,United States,NASDAQ,408136407.0,4.11,24.59,30.24,1,2.8,107,False,-68.53,0.0,-51.08,-52.24,-63.44,-59.23,-55.66,8.401,8.6054,11.2432,10.0799,9.2689,7864722,1255,2026-09-18,24.99,99303262.0
NASDAQ:CXAI,CXAI,CXApp Inc.,Technology,Software - Application,United States,NASDAQ,270534894.0,2.48,24.6,30.55,1,2.8,108,False,-94.72,0.81,-75.8,-83.63,-93.7,-95.98,-98.4,10.25,15.1464,39.3525,61.6824,154.5952,515661,1255,2026-09-18,25.03,109086651.0
NASDAQ:TZOO,TZOO,Travelzoo,Communication Services,Internet Content & Information,United States,NASDAQ,57977559.0,5.64,24.61,27.55,1,2.9,109,False,-53.43,11.68,-26.77,-28.96,-50.45,-46.44,-40.44,7.7013,7.9393,11.383,10.5306,9.47,312215,1255,2026-09-18,27.27,10279709.0
NASDAQ:RNA,RNA,"Atrium Therapeutics, Inc.",Healthcare,Biotechnology,United States,NASDAQ,153095505.0,8.95,24.66,30.1,1,2.9,110,False,-45.89,0.0,,,,,,,,,,,3978677,141,2026-09-18,27.58,17105643.0
NYSE:BLW,BLW,Blackrock Limited Duration Income Trust,Financial Services,Asset Management,United States,NYSE,467840268.0,11.97,24.67,32.19,1,2.9,111,False,-7.73,3.89,-3.37,-3.78,-2.45,2.05,7.83,12.3878,12.4403,12.2705,11.7295,11.1011,1808376,1255,2026-09-18,31.81,39084400.0
NASDAQ:OPEN,OPEN,Opendoor Technologies Inc,Real Estate,Real Estate Services,United States,NASDAQ,2469725778.0,2.56,24.74,30.43,1,2.9,112,False,-74.25,0.0,-47.36,-53.21,-29.91,-22.71,-17.41,4.8632,5.4715,3.6527,3.3123,3.0996,91008671,1255,2026-09-18,24.74,964736632.0
NASDAQ:NXL,NXL,"Nexalin Technology, Inc.",Healthcare,Medical Devices,United States,NASDAQ,107855380.0,4.9,24.77,29.37,1,3.0,113,False,-91.22,2.3,-64.82,-73.6,-87.23,-85.45,,13.9279,18.5602,38.3605,33.6849,,97152,1005,2026-09-18,25.93,22011302.0
NYSE:DTE,DTE,DTE Energy Company,Utilities,Utilities - Regulated Electric,United States,NYSE,26743478628.0,128.52,24.85,30.13,1,3.0,114,False,-16.78,2.29,-8.3,-7.63,-2.49,5.63,10.56,140.1521,139.1364,131.8051,121.6684,116.2443,198415329,1255,2026-09-18,28.54,208088069.0
NASDAQ:MLTX,MLTX,MoonLake Immunotherapeutics,Healthcare,Biotechnology,Switzerland,NASDAQ,1053914277.0,12.39,24.93,29.87,1,3.0,115,True,-80.01,98.4,-26.61,-26.34,-61.28,-67.07,-63.94,16.8831,16.8206,31.9952,37.6244,34.3557,19888639,1255,2026-09-18,24.3,85061685.0
NYSE:UNF,UNF,Unifirst Corporation,Industrials,Specialty Business Services,United States,NYSE,3802099391.0,261.62,24.99,31.85,1,3.1,116,True,-13.02,75.46,4.99,13.21,25.1,33.99,37.83,249.1899,231.0903,209.1344,195.2506,189.811,97834591,1255,2026-09-18,24.1,14532908.0
NYSE:DKS,DKS,Dick's Sporting Goods Inc,Consumer Cyclical,Specialty Retail,United States,NYSE,7987650170.0,121.15,25.05,27.56,1,3.1,117,False,-48.87,0.0,-39.62,-40.52,-39.99,-35.94,-29.09,200.6534,203.6934,201.8847,189.1122,170.8587,783984506,1255,2026-09-18,26.33,65931904.0
NYSE:SEG,SEG,Seaport Entertainment Group Inc.,Real Estate,Real Estate Services,United States,NYSE,309038107.0,24.14,25.05,33.54,1,3.1,118,False,-17.41,32.42,3.84,3.75,1.61,,,23.2472,23.2677,23.7564,,,1480193,537,2026-09-18,27.83,12801910.0
NYSE:TTAM,TTAM,Titan America SA,Basic Materials,Building Materials,Belgium,NYSE,2455708034.0,13.32,25.08,30.77,1,3.1,119,False,-31.06,0.0,-19.04,-17.6,,,,16.4533,16.1651,,,,3938580,405,2026-09-18,29.33,184362465.0
NYSE:SDHC,SDHC,Smith Douglas Homes Corp.,Real Estate,Real Estate - Development,United States,NYSE,83806460.0,10.04,25.11,29.69,1,3.2,120,False,-54.69,0.0,-33.04,-35.17,-49.63,,,14.9936,15.4857,19.9334,,,707283,674,2026-09-18,26.68,8347257.0
NYSE:DEI,DEI,"Douglas Emmett, Inc.",Real Estate,REIT - Office,United States,NYSE,1716723987.0,10.25,25.13,31.82,1,3.2,121,False,-33.19,15.83,-5.81,-9.1,-22.33,-19.81,-18.51,10.8818,11.2759,13.1972,12.7822,12.5787,18155043,1255,2026-09-18,25.66,167485267.0
NYSE:ENVA,ENVA,"Enova International, Inc.",Financial Services,Credit Services,United States,NYSE,4350243381.0,174.72,25.16,30.64,1,3.2,122,False,-34.18,67.98,-3.42,3.84,30.06,59.77,87.66,180.9082,168.2642,134.3388,109.3577,93.1041,77642455,1255,2026-09-18,26.33,24898371.0
NASDAQ:ARWR,ARWR,"Arrowhead Pharmaceuticals, Inc.",Healthcare,Biotechnology,United States,NASDAQ,9364174756.0,66.48,25.2,31.85,1,3.2,123,False,-25.8,116.62,-8.28,1.45,58.43,79.55,84.95,72.4819,65.5323,41.9618,37.0255,35.9444,148183751,1255,2026-09-18,26.3,140857021.0
NASDAQ:IONS,IONS,"Ionis Pharmaceuticals, Inc.",Healthcare,Biotechnology,United States,NASDAQ,7385231270.0,44.44,25.37,29.84,1,3.3,124,False,-48.62,0.0,-38.43,-38.28,-18.68,-14.08,-8.89,72.1822,72.0017,54.6504,51.7231,48.775,202125275,1255,2026-09-18,28.19,166184322.0
NASDAQ:SXTC,SXTC,"China SXT Pharmaceuticals, Inc.",Healthcare,Drug Manufacturers - Specialty & Generic,China,NASDAQ,91723385.0,2.4,25.37,28.16,1,3.3,125,False,-99.99,24.35,-99.91,-99.96,-99.98,-99.98,-99.99,2548.6782,5700.5224,11135.8564,14242.8091,41792.8211,2714678,1255,2026-09-18,25.41,38218077.0
NYSE:WY,WY,Weyerhaeuser Company,Real Estate,REIT - Specialty,United States,NYSE,15294017920.0,21.22,25.39,32.15,1,3.3,126,False,-19.61,3.01,-11.1,-10.09,-16.15,-20.1,-20.99,23.8687,23.6011,25.3065,26.559,26.8583,126618682,1255,2026-09-18,28.81,720736000.0
NASDAQ:OCS,OCS,Oculis Holding AG,Healthcare,Biotechnology,Switzerland,NASDAQ,612335060.0,10.14,25.53,30.4,1,3.3,127,False,-68.94,2.32,-50.92,-50.33,-46.93,-38.81,-32.89,20.6601,20.4159,19.1074,16.5712,15.1098,2041182,1255,2026-09-18,21.62,60388073.0
NYSE:PII,PII,Polaris Inc.,Consumer Cyclical,Recreational Vehicles,United States,NYSE,3076773543.0,54.07,25.54,31.42,1,3.4,128,False,-26.85,15.24,-14.79,-14.15,-4.0,-15.25,-24.89,63.4531,62.9829,56.3231,63.7991,71.9895,48991388,1255,2026-09-18,28.44,56903524.0
NYSE:STE,STE,STERIS plc (Ireland),Healthcare,Medical Devices,United States,NYSE,19982722707.0,205.04,25.55,33.56,1,3.4,129,False,-23.02,3.14,-10.59,-11.95,-10.34,-8.67,-5.03,229.3253,232.8625,228.6955,224.5085,215.9097,143726359,1255,2026-09-18,28.01,97457680.0
NYSE:HEI,HEI,Heico Corporation,Industrials,Aerospace & Defense,United States,NYSE,16472349001.0,298.22,25.59,31.1,1,3.4,130,True,-20.4,14.31,-7.5,-7.08,0.52,13.15,24.92,322.3874,320.9277,296.6728,263.5582,238.7235,174960217,1255,2026-09-18,23.37,55235561.0
NYSE:ABR,ABR,Arbor Realty Trust,Real Estate,REIT - Mortgage,United States,NYSE,798468424.0,4.28,25.63,31.88,1,3.5,131,False,-60.82,0.0,-31.77,-38.25,-50.42,-52.73,-52.55,6.2727,6.9317,8.6321,9.0545,9.0205,19687514,1255,2026-09-18,30.42,186558043.0
NASDAQ:MGEE,MGEE,MGE Energy Inc.,Utilities,Utilities - Regulated Electric,United States,NASDAQ,2796262276.0,74.08,25.63,32.9,1,3.5,132,False,-12.8,3.57,-4.79,-5.75,-10.93,-6.59,-3.06,77.8033,78.5988,83.1744,79.3023,76.4216,12276910,1255,2026-09-18,29.37,37746521.0
NASDAQ:ARDX,ARDX,"Ardelyx, Inc.",Healthcare,Biotechnology,United States,NASDAQ,844840504.0,3.42,25.68,27.72,1,3.5,133,True,-57.2,1.18,-40.62,-40.11,-36.92,-40.41,-32.7,5.7595,5.7108,5.422,5.7388,5.0815,15027526,1255,2026-09-18,22.23,247029387.0
NYSE:BRX,BRX,Brixmor Property Group Inc.,Real Estate,REIT - Retail,United States,NYSE,8601631017.0,28.03,25.69,31.23,1,3.5,134,False,-14.26,17.38,-3.03,-0.94,4.77,13.6,21.2,28.9063,28.2947,26.7527,24.6733,23.1278,83785313,1255,2026-09-18,25.89,306872316.0
NASDAQ:AGNC,AGNC,AGNC Investment Corp.,Real Estate,REIT - Mortgage,United States,NASDAQ,11489955915.0,9.87,25.73,33.35,1,3.6,135,False,-11.72,16.27,-3.49,-0.94,11.13,21.26,29.96,10.2271,9.9639,8.8814,8.1398,7.5948,314330129,1255,2026-09-18,26.63,1164129272.0
AMEX:ELMD,ELMD,"Electromed, Inc.",Healthcare,Medical Devices,United States,AMEX,219670098.0,26.53,25.74,28.96,1,3.6,136,False,-42.71,14.6,-15.59,-11.8,-2.47,17.28,34.85,31.4314,30.0795,27.2006,22.6206,19.6733,3770906,1255,2026-09-18,24.41,8280064.0
NYSE:NLOP,NLOP,Net Lease Office Properties Common Shares of Beneficial Interest,Real Estate,REIT - Office,United States,NYSE,155251506.0,10.48,25.74,32.19,1,3.6,137,False,-21.62,9.91,-6.69,-5.24,-0.88,,,11.2317,11.0592,10.573,,,1428453,725,2026-09-18,28.65,14814075.0
NYSE:ESAB,ESAB,ESAB Corporation,Industrials,Metal Fabrication,United States,NYSE,4035109697.0,64.94,25.75,31.24,1,3.6,138,False,-51.72,0.0,-35.15,-36.93,-41.66,-37.81,-29.45,100.1356,102.9643,111.3056,104.4226,92.0448,59348084,1123,2026-09-18,27.94,62135967.0
NASDAQ:MRLN,MRLN,"Merlin, Inc.",Industrials,Aerospace & Defense,United States,NASDAQ,188221901.0,1.95,25.83,30.9,1,3.7,139,False,-87.88,0.0,-75.36,-77.09,,,,7.9143,8.5129,,,,6457065,450,2026-09-18,26.94,96524052.0
NYSE:LEO,LEO,"BNY Mellon Strategic Municipals, Inc.",Financial Services,Asset Management,United States,NYSE,361286953.0,5.8,25.84,29.29,1,3.7,140,False,-9.6,0.17,-6.11,-5.46,-1.67,1.84,3.74,6.1772,6.135,5.8984,5.6954,5.5907,763332,1255,2026-09-18,29.58,62290854.0
NASDAQ:LGCL,LGCL,Lucas GC Limited,Technology,Software - Application,China,NASDAQ,130938636.0,3.06,25.85,31.06,1,3.7,141,False,-99.66,0.0,-98.46,-98.81,-99.84,,,199.2249,257.7083,1882.6537,,,4412364,638,2026-09-18,25.92,42790404.0
NYSE:MAX,MAX,"MediaAlpha, Inc.",Communication Services,Internet Content & Information,United States,NYSE,555715208.0,10.49,25.87,33.71,1,3.7,142,False,-26.49,46.3,-3.81,-5.6,-8.07,-15.9,-12.66,10.9059,11.112,11.4108,12.473,12.01,7892502,1255,2026-09-18,26.49,52975711.0
NASDAQ:MAZE,MAZE,"Maze Therapeutics, Inc.",Healthcare,Biotechnology,United States,NASDAQ,1246375278.0,22.52,25.91,32.55,1,3.8,143,False,-56.55,0.0,-33.12,-31.68,,,,33.672,32.9605,,,,13187949,410,2026-09-18,29.32,55345261.0
NASDAQ:RMIX,RMIX,"Suncrete, Inc.",Basic Materials,Building Materials,United States,NASDAQ,644982332.0,13.23,25.93,31.88,1,3.8,144,False,-46.74,25.88,,,,,,,,,,,6404348,117,2026-09-18,26.36,48751499.0
NYSE:MWA,MWA,MUELLER WATER PRODUCTS,Industrials,Specialty Industrial Machinery,United States,NYSE,3419152370.0,21.9,25.95,31.36,1,3.8,145,True,-27.51,0.23,-16.34,-15.34,-12.4,0.22,12.25,26.1776,25.8696,24.9989,21.8527,19.5093,31046201,1255,2026-09-18,25.12,156125679.0
NYSE:NVST,NVST,Envista Holdings Corporation,Healthcare,Medical Instruments & Supplies,United States,NYSE,3799697002.0,23.35,25.95,32.5,1,3.8,146,False,-22.84,23.22,-8.53,-4.36,6.95,8.14,-6.62,25.5287,24.4133,21.832,21.5934,25.0054,66622440,1255,2026-09-18,27.39,162727923.0
NYSE:OXM,OXM,"Oxford Industries, Inc.",Consumer Cyclical,Apparel Manufacturing,United States,NYSE,425083634.0,28.47,25.99,31.26,1,3.9,147,False,-38.81,0.0,-24.2,-23.59,-39.51,-52.68,-57.7,37.5572,37.2592,47.0637,60.1603,67.3126,16971178,1255,2026-09-18,27.08,14930932.0
NASDAQ:PAX,PAX,Patria Investments Limited,Financial Services,Asset Management,Cayman Islands,NASDAQ,684484170.0,10.0,25.99,33.24,1,3.9,148,False,-40.86,0.0,-19.53,-21.54,-17.04,-16.71,-16.54,12.4276,12.7461,12.0536,12.0059,11.9813,12635530,1255,2026-09-18,26.68,68448417.0
NASDAQ:ELVR,ELVR,Elevra Lithium Limited - American Depository Shares,Basic Materials,Other Industrial Metals & Mining,Australia,NASDAQ,871520007.0,44.92,26.04,32.68,1,3.9,149,False,-56.1,124.26,-28.54,-19.23,,,,62.8633,55.6163,,,,2789337,264,2026-09-18,26.14,19401603.0
NASDAQ:ONEW,ONEW,OneWater Marine Inc.,Consumer Cyclical,Specialty Retail,United States,NASDAQ,151884325.0,9.14,26.06,32.19,1,4.0,150,False,-46.11,9.46,-19.57,-24.21,-38.09,-50.6,-57.35,11.364,12.06,14.7625,18.502,21.4295,1148657,1255,2026-09-18,29.14,16617541.0
NYSE:SARO,SARO,"StandardAero, Inc.",Industrials,Aerospace & Defense,United States,NYSE,7414124976.0,22.3,26.06,31.73,1,4.0,151,False,-32.67,0.0,-19.47,-19.04,,,,27.6931,27.5446,,,,86359369,492,2026-09-18,27.23,332471972.0
NYSE:CMS,CMS,CMS Energy Corporation,Utilities,Utilities - Regulated Electric,United States,NYSE,20489130066.0,65.34,26.07,31.06,1,4.0,152,False,-16.96,0.0,-9.58,-9.35,-6.17,0.93,5.38,72.2604,72.0768,69.6344,64.7376,62.002,205300858,1255,2026-09-18,29.94,313577136.0
AMEX:ELA,ELA,Envela Corporation,Consumer Cyclical,Luxury Goods,United States,AMEX,323504911.0,12.46,26.11,27.54,1,4.0,153,False,-56.86,71.39,-28.69,-20.78,12.98,40.43,51.76,17.4742,15.7292,11.029,8.873,8.2105,1821747,1255,2026-09-18,34.3,25963476.0
NYSE:KLC,KLC,"KinderCare Learning Companies, Inc.",Consumer Defensive,Education & Training Services,United States,NYSE,265279390.0,2.24,26.12,29.71,1,4.1,154,False,-69.06,21.74,-42.03,-46.97,,,,3.8639,4.2242,,,,1635565,487,2026-09-18,28.52,118428299.0
NASDAQ:PZZA,PZZA,"Papa John's International, Inc.",Consumer Cyclical,Restaurants,United States,NASDAQ,650801837.0,19.78,26.13,28.34,1,4.1,155,False,-62.85,0.0,-39.64,-43.76,-48.97,-55.28,-60.89,32.7685,35.1676,38.7592,44.2288,50.58,30080847,1255,2026-09-18,27.36,32902014.0
NYSE:BYD,BYD,Boyd Gaming Corporation,Consumer Cyclical,Resorts & Casinos,United States,NYSE,5301665560.0,72.97,26.31,30.88,1,4.1,156,False,-19.83,0.0,-12.74,-12.25,-6.44,2.23,6.44,83.6241,83.1575,77.9964,71.3752,68.554,72334406,1255,2026-09-18,29.39,72655414.0
NYSE:IRT,IRT,"Independence Realty Trust, Inc.",Real Estate,REIT - Residential,United States,NYSE,3486220147.0,14.79,26.38,31.94,1,4.1,157,False,-14.76,1.29,-8.78,-8.38,-13.96,-9.7,-7.82,16.2142,16.1422,17.1904,16.3796,16.0443,53816330,1255,2026-09-18,29.53,235714682.0
NYSE:SHAK,SHAK,"Shake Shack, Inc.",Consumer Cyclical,Restaurants,United States,NYSE,2214448172.0,54.88,26.42,33.59,1,4.2,158,False,-47.58,4.85,-29.74,-32.24,-43.73,-40.92,-35.02,78.108,80.9863,97.5262,92.8949,84.4581,74624754,1255,2026-09-18,27.64,40350732.0
NASDAQ:PEP,PEP,"PepsiCo, Inc.",Consumer Defensive,Beverages - Non-Alcoholic,United States,NASDAQ,177238500000.0,129.75,26.43,33.9,1,4.2,159,False,-21.58,0.0,-10.7,-10.05,-8.63,-11.19,-13.09,145.2978,144.2404,141.9998,146.1018,149.2876,1178753992,1255,2026-09-18,34.65,1366000000.0
NYSE:GBAB,GBAB,Guggenheim Taxable Municipal Bond & Investment Grade Debt Trust Common Shares of Beneficial Interest,Financial Services,Asset Management,United States,NYSE,358767701.0,12.96,26.44,30.74,1,4.2,160,False,-10.85,0.0,-6.26,-6.55,-4.71,-2.37,0.78,13.826,13.8691,13.6005,13.2749,12.8592,1482681,1255,2026-09-18,31.35,27682693.0
NASDAQ:PCAR,PCAR,PACCAR Inc.,Industrials,Farm & Heavy Construction Machinery,United States,NASDAQ,61089916445.0,116.06,26.44,34.22,1,4.2,161,False,-15.8,27.87,-3.32,0.83,9.17,13.91,25.55,120.0461,115.1058,106.3146,101.8854,92.4408,336830960,1255,2026-09-18,28.51,526364953.0
NASDAQ:WSC,WSC,WillScot Holdings Corporation,Industrials,Rental & Leasing Services,United States,NASDAQ,3288673317.0,18.17,26.5,30.74,1,4.3,162,False,-37.27,22.9,-18.23,-16.69,-31.03,-41.42,-47.13,22.2204,21.8089,26.3431,31.016,34.3646,55650870,1255,2026-09-18,27.23,180994679.0
NASDAQ:HUBG,HUBG,"Hub Group, Inc.",Industrials,Integrated Freight & Logistics,United States,NASDAQ,1982132021.0,32.72,26.51,31.09,1,4.3,163,False,-37.31,0.0,-22.46,-19.76,-18.07,-18.76,-18.17,42.1987,40.7776,39.9372,40.2758,39.9839,47342191,1255,2026-09-18,28.13,60578607.0
NASDAQ:FINW,FINW,FinWise Bancorp,Financial Services,Banks - Regional,United States,NASDAQ,171506630.0,12.53,26.52,32.9,1,4.3,164,False,-44.29,0.0,-19.47,-22.81,-23.97,-14.56,-5.55,15.5587,16.232,16.4811,14.6657,13.266,391868,1211,2026-09-18,28.64,13687680.0
NYSE:NCLH,NCLH,Norwegian Cruise Line Holdings Ltd.,Consumer Cyclical,Travel Services,United States,NYSE,6483318218.0,14.12,26.52,31.49,1,4.3,165,False,-44.78,0.0,-28.29,-29.85,-34.1,-29.59,-25.67,19.6911,20.1287,21.4251,20.0529,18.9974,241039461,1255,2026-09-18,28.26,459158514.0
NASDAQ:FHTX,FHTX,Foghorn Therapeutics Inc.,Healthcare,Biotechnology,United States,NASDAQ,243075637.0,4.14,26.54,34.14,1,4.4,166,False,-41.44,17.28,-18.71,-16.66,-21.27,-23.04,-29.45,5.0929,4.9674,5.2583,5.3791,5.8678,2011885,1255,2026-09-18,27.28,58713922.0
NYSE:ESRT,ESRT,"Empire State Realty Trust, Inc.",Real Estate,REIT - Diversified,United States,NYSE,673839007.0,3.93,26.56,30.35,1,4.4,167,False,-49.37,0.0,-28.87,-33.01,-45.69,-49.72,-47.9,5.5252,5.8669,7.2356,7.8156,7.5434,17097064,1255,2026-09-18,32.8,171460307.0
NYSE:CNX,CNX,CNX Resources Corporation,Energy,Oil & Gas E&P,United States,NYSE,4865866221.0,32.89,26.58,34.79,1,4.4,168,False,-22.81,11.68,-10.93,-9.41,-4.08,7.73,20.9,36.9262,36.3048,34.2892,30.5301,27.2045,61998459,1255,2026-09-18,29.65,147943637.0
NYSE:LII,LII,"Lennox International, Inc.",Industrials,Building Products & Equipment,United States,NYSE,12415231280.0,359.23,26.63,30.03,1,4.5,169,True,-37.3,0.04,-26.96,-27.29,-33.62,-30.07,-20.61,491.8283,494.0411,541.1373,513.6836,452.461,189835843,1255,2026-09-18,26.48,34560675.0
NYSE:MBC,MBC,"MasterBrand, Inc.",Consumer Cyclical,"Furnishings, Fixtures & Appliances",United States,NYSE,1347107044.0,6.62,26.63,32.55,1,4.5,170,True,-52.1,1.07,-30.62,-34.28,-45.29,-49.48,,9.542,10.0725,12.1012,13.1047,,19550899,946,2026-09-18,24.9,203490490.0
NASDAQ:GIII,GIII,"G-III Apparel Group, LTD.",Consumer Cyclical,Apparel Manufacturing,United States,NASDAQ,1163194098.0,27.57,26.65,30.4,1,4.5,171,False,-24.83,11.5,-10.98,-8.63,-4.5,-3.34,7.4,30.9721,30.174,28.869,28.5238,25.6712,25575670,1255,2026-09-18,27.09,42190573.0
NYSE:TPB,TPB,"Turning Point Brands, Inc.",Consumer Defensive,Tobacco,United States,NYSE,1319703767.0,68.14,26.68,33.46,1,4.5,172,False,-52.19,0.0,-26.89,-27.14,-14.5,8.93,30.06,93.2015,93.527,79.6963,62.5543,52.3904,20506767,1255,2026-09-18,27.22,19367534.0
NYSE:EXP,EXP,Eagle Materials Inc,Basic Materials,Building Materials,United States,NYSE,5424010966.0,176.82,26.72,32.89,1,4.6,173,False,-26.52,2.42,-15.41,-16.49,-22.17,-21.2,-13.72,209.036,211.7329,227.1733,224.3931,204.9365,77829887,1255,2026-09-18,27.42,30675325.0
NYSE:LAZ,LAZ,"Lazard, Inc.",Financial Services,Capital Markets,United States,NYSE,3483857949.0,35.75,26.73,33.38,1,4.6,174,False,-35.86,0.0,-21.48,-22.55,-22.94,-15.43,-8.24,45.528,46.1605,46.3931,42.2741,38.9595,66167036,1255,2026-09-18,27.38,97450572.0
NASDAQ:XNDU,XNDU,Xanadu Quantum Technologies Limited - Class B Subordinate Voting Shares,Technology,Software - Infrastructure,Canada,NASDAQ,321170330.0,7.42,26.76,33.96,1,4.6,175,False,-79.46,0.0,,,,,,,,,,,16415542,125,2026-09-18,28.25,43284411.0
NYSE:PNR,PNR,Pentair plc.,Industrials,Specialty Industrial Machinery,United Kingdom,NYSE,8924832000.0,55.92,26.79,31.12,1,4.6,176,True,-49.62,0.36,-32.7,-36.46,-39.68,-35.14,-27.98,83.0915,88.0111,92.7051,86.2209,77.6501,240618925,1255,2026-09-18,25.31,159600000.0
NYSE:BURL,BURL,"Burlington Stores, Inc.",Consumer Cyclical,Apparel Retail,United States,NYSE,14924855887.0,237.12,26.8,28.73,1,4.7,177,False,-36.29,4.33,-23.73,-21.56,-15.71,-6.55,1.15,310.8966,302.3008,281.2991,253.7476,234.4149,495502213,1255,2026-09-18,27.56,62942206.0
NYSE:BC,BC,Brunswick Corporation,Consumer Cyclical,Recreational Vehicles,United States,NYSE,4389023287.0,67.55,26.82,32.28,1,4.7,178,False,-23.06,17.59,-13.68,-10.12,-1.43,-5.13,-5.67,78.2596,75.1532,68.5286,71.2042,71.6107,54085753,1255,2026-09-18,27.34,64974438.0
NYSE:BLND,BLND,"Blend Labs, Inc.",Technology,Software - Application,United States,NYSE,284243722.0,1.19,26.85,33.14,1,4.7,179,False,-71.73,0.0,-38.26,-46.36,-60.03,-57.37,-51.44,1.9273,2.2187,2.9771,2.7917,2.4506,2712029,1255,2026-09-18,32.32,238860271.0
NASDAQ:SCHL,SCHL,Scholastic Corporation,Communication Services,Publishing,United States,NASDAQ,626698006.0,34.75,26.85,31.77,1,4.7,180,False,-26.12,46.91,-7.4,-2.07,22.1,14.92,9.34,37.5275,35.4844,28.4602,30.2385,31.7826,13039429,1255,2026-09-18,27.7,18034475.0
NYSE:FLG,FLG,"Flagstar Bank, N.A.",Financial Services,Banks - Regional,United States,NYSE,5233588099.0,12.55,26.86,31.52,1,4.8,181,False,-18.23,17.43,-8.02,-4.95,2.43,-11.09,-28.44,13.6446,13.2041,12.2525,14.116,17.538,55327566,1255,2026-09-18,28.55,417018972.0
NASDAQ:IMXI,IMXI,"International Money Express, Inc.",Technology,Software - Infrastructure,United States,NASDAQ,363240518.0,12.07,26.95,34.22,1,4.8,182,False,-24.28,6.34,-19.16,-18.95,-20.12,-27.88,-34.28,14.9316,14.8927,15.1107,16.7354,18.3664,5687713,1255,2026-09-18,31.49,30094492.0
NASDAQ:PSNY,PSNY,Polestar Automotive Holding UK Limited - Class A ADS,Consumer Cyclical,Auto Manufacturers,Sweden,NASDAQ,1131113091.0,7.86,26.95,28.75,1,4.8,183,False,-73.8,7.67,-54.21,-57.84,-70.24,-76.72,-86.93,17.1669,18.6426,26.4117,33.7608,60.1507,3038323,1255,2026-09-18,27.31,143907518.0
NASDAQ:BAER,BAER,"Bridger Aerospace Group Holdings, Inc.",Industrials,Security & Protection Services,United States,NASDAQ,54525208.0,0.946,26.96,30.33,1,4.9,184,True,-71.07,2.38,-51.63,-50.58,-52.97,-68.36,-76.86,1.9558,1.9141,2.0117,2.9899,4.0889,969098,1255,2026-09-18,23.6,57637641.0
NYSE:BOOT,BOOT,"Boot Barn Holdings, Inc.",Consumer Cyclical,Apparel Retail,United States,NYSE,3722613024.0,122.92,26.96,32.28,1,4.9,185,False,-40.9,0.14,-27.28,-28.32,-22.76,-11.56,0.17,169.0359,171.484,159.1498,138.9916,122.7068,96174102,1255,2026-09-18,26.83,30284844.0
NASDAQ:MGPI,MGPI,"MGP Ingredients, Inc.",Consumer Defensive,Beverages - Wineries & Distilleries,United States,NASDAQ,302580894.0,14.13,26.96,32.84,1,4.9,186,False,-47.55,0.0,-27.78,-30.93,-51.54,-70.06,-76.71,19.5663,20.4585,29.1595,47.1976,60.657,3580970,1255,2026-09-18,28.66,21414076.0
NYSE:VMC,VMC,Vulcan Materials Company (Holding Company),Basic Materials,Building Materials,United States,NYSE,31206447713.0,240.83,26.98,32.45,1,4.9,187,False,-26.68,0.0,-15.67,-16.1,-12.17,-7.74,-0.19,285.5781,287.036,274.1855,261.0454,241.2899,273536514,1255,2026-09-18,29.21,129578739.0
NASDAQ:XCH,XCH,XCHG Limited - ADS,Industrials,Electrical Equipment & Parts,Germany,NASDAQ,226091353.0,3.23,26.99,30.2,1,4.9,188,False,-91.8,6.95,-80.93,-83.16,-94.98,,,16.9411,19.1813,64.2847,,,43345,508,2026-09-18,27.03,69997323.0
NYSE:LAD,LAD,"Lithia Motors, Inc.",Consumer Cyclical,Auto & Truck Dealerships,United States,NYSE,6952600097.0,316.27,27.0,35.61,1,5.0,189,False,-25.88,30.65,1.21,1.48,-0.85,4.25,9.93,312.4854,311.6726,318.9878,303.3698,287.6979,86782993,1255,2026-09-18,28.62,21983116.0
NYSE:BNT,BNT,Brookfield Wealth Solutions Ltd. Class A Exchangeable Limited Voting Shares,Financial Services,Insurance - Diversified,Bermuda,NYSE,2241315054.0,37.4,27.05,30.83,1,5.0,190,False,-24.21,1.03,-15.23,-15.71,-9.66,2.82,13.08,44.1201,44.3681,41.4013,36.373,33.0728,736380,1255,2026-09-18,24.49,59928210.0
NYSE:NXRT,NXRT,"NexPoint Residential Trust, Inc.",Real Estate,REIT - Residential,United States,NYSE,537568066.0,21.04,27.05,31.17,1,5.0,191,False,-30.99,0.0,-20.03,-21.67,-31.16,-30.4,-33.39,26.3106,26.8608,30.564,30.2287,31.5845,15273658,1255,2026-09-18,28.65,25549813.0
NYSE:CARR,CARR,Carrier Global Corporation,Industrials,Building Products & Equipment,United States,NYSE,44751673191.0,53.88,27.14,31.69,1,5.1,192,False,-28.85,8.22,-12.0,-10.54,-16.48,-13.14,-5.98,61.2249,60.2276,64.5142,62.0334,57.3096,391500180,1255,2026-09-18,28.43,830580423.0
NASDAQ:GLUE,GLUE,"Monte Rosa Therapeutics, Inc.",Healthcare,Biotechnology,United States,NASDAQ,1024735340.0,12.13,27.18,31.63,1,5.1,193,False,-52.07,91.63,-34.25,-28.3,6.72,31.22,39.12,18.4487,16.9174,11.3661,9.2438,8.7194,16536721,1255,2026-09-18,29.6,84479418.0
NASDAQ:IVA,IVA,Inventiva S.A. - American Depository Shares,Healthcare,Biotechnology,France,NASDAQ,892914061.0,3.78,27.2,34.31,1,5.1,194,True,-47.13,10.85,-25.34,-24.99,-6.82,-2.34,-4.87,5.0628,5.0392,4.0565,3.8706,3.9734,5293562,1255,2026-09-18,25.51,236220651.0
NASDAQ:ARTV,ARTV,"Artiva Biotherapeutics, Inc.",Healthcare,Biotechnology,United States,NASDAQ,418344385.0,8.61,27.21,35.37,1,5.1,195,True,-35.7,261.76,12.02,26.17,34.4,,,7.6863,6.8243,6.4062,,,4005886,544,2026-09-18,24.04,48588198.0
NASDAQ:ICUI,ICUI,"ICU Medical, Inc.",Healthcare,Medical Instruments & Supplies,United States,NASDAQ,3815270750.0,152.65,27.23,36.63,1,5.2,196,False,-18.48,33.75,4.4,7.21,4.89,14.06,7.63,146.2129,142.3809,145.5393,133.8329,141.8286,37950844,1255,2026-09-18,27.48,24993585.0
NYSE:TU,TU,Telus Corporation,Communication Services,Telecom Services,Canada,NYSE,13661802735.0,8.75,27.3,31.3,1,5.2,197,False,-41.45,0.0,-24.38,-27.44,-33.37,-35.32,-38.16,11.5717,12.0588,13.133,13.5279,14.1483,56424639,1255,2026-09-18,30.48,1561348884.0
NYSE:BBN,BBN,BlackRock Taxable Municipal Bond Trust Common Shares of Beneficial Interest,Financial Services,Asset Management,United States,NYSE,920708459.0,14.9,27.31,31.0,1,5.2,198,False,-8.67,0.34,-4.58,-4.68,-1.7,1.91,4.21,15.6149,15.6321,15.1579,14.6204,14.2977,2564077,1255,2026-09-18,30.3,61792514.0
NASDAQ:QTTB,QTTB,Q32 Bio Inc.,Healthcare,Biotechnology,United States,NASDAQ,313130900.0,10.54,27.32,35.43,1,5.2,199,False,-50.7,505.75,25.03,46.22,12.67,-20.99,-33.07,8.43,7.2084,9.3545,13.3397,15.7487,7582095,1255,2026-09-18,28.93,29708814.0
NYSE:CCL,CCL,Carnival Corporation Ltd.,Consumer Cyclical,Travel Services,United States,NYSE,29913136759.0,21.84,27.34,32.34,1,5.3,200,False,-34.71,0.0,-20.25,-20.38,-14.87,-1.74,11.9,27.3848,27.4309,25.6552,22.2261,19.5175,478684978,1255,2026-09-18,29.11,1369649119.0
NASDAQ:OM,OM,"Outset Medical, Inc.",Healthcare,Medical Devices,United States,NASDAQ,58392309.0,3.15,27.36,33.73,1,5.3,201,True,-80.08,1.61,-25.01,-44.8,-67.47,-88.13,-96.68,4.2004,5.7069,9.6831,26.5349,95.0186,463768,1255,2026-09-18,24.46,18537241.0
NASDAQ:TTAN,TTAN,"ServiceTitan, Inc.",Technology,Software - Application,United States,NASDAQ,4554363232.0,55.04,27.43,32.8,1,5.3,202,True,-53.02,1.46,-28.64,-32.14,,,,77.127,81.1033,,,,241178385,442,2026-09-18,26.19,82746425.0
NYSE:VICI,VICI,VICI Properties Inc.,Real Estate,REIT - Diversified,United States,NYSE,26117559771.0,23.72,27.43,32.61,1,5.3,203,False,-22.87,0.0,-11.02,-12.44,-15.08,-12.5,-11.62,26.6568,27.0886,27.9334,27.1085,26.8399,254593805,1255,2026-09-18,31.6,1101077562.0
NASDAQ:VRRM,VRRM,Verra Mobility Corporation,Technology,Information Technology Services,United States,NASDAQ,528635152.0,3.48,27.48,31.01,1,5.4,204,True,-85.96,2.05,-71.91,-76.29,-82.17,-83.42,-82.57,12.3874,14.6782,19.5195,20.9829,19.9669,23761951,1255,2026-09-18,23.67,151906653.0
NASDAQ:NHIV,NHIV,NewHold Investment Corp IV,Financial Services,Shell Companies,United States,NASDAQ,208700812.0,10.05,27.49,35.74,1,5.4,205,False,-1.08,1.01,,,,,,,,,,,100488,72,2026-09-18,27.49,20766250.0
NASDAQ:TYGO,TYGO,"Tigo Energy, Inc.",Technology,Solar,United States,NASDAQ,74013024.0,0.975,27.5,29.97,1,5.4,206,False,-81.1,0.0,-64.39,-62.98,-47.89,-49.22,-78.26,2.7377,2.6339,1.8709,1.9201,4.4853,790456,1255,2026-09-18,28.25,75910794.0
NASDAQ:CASH,CASH,"Pathward Financial, Inc.",Financial Services,Banks - Regional,United States,NASDAQ,1582306984.0,76.17,27.56,32.73,1,5.4,207,False,-23.68,14.88,-10.33,-7.27,-3.68,8.21,19.21,84.9443,82.1447,79.0832,70.3896,63.8962,20539975,1255,2026-09-18,30.78,20773362.0
NASDAQ:BKNG,BKNG,Booking Holdings Inc.,Consumer Cyclical,Travel Services,United States,NASDAQ,130102089404.0,167.9,27.58,34.82,1,5.5,208,False,-24.03,9.47,-8.8,-10.74,-13.07,-3.82,8.55,184.0921,188.1098,193.134,174.5668,154.6821,1302837048,1255,2026-09-18,29.27,774878436.0
NASDAQ:REKR,REKR,"Rekor Systems, Inc.",Technology,Software - Infrastructure,United States,NASDAQ,59859530.0,0.435,27.65,32.27,1,5.5,209,False,-86.41,1.4,-52.41,-62.69,-63.36,-71.95,-72.4,0.914,1.1658,1.1874,1.551,1.5763,842847,1255,2026-09-18,25.95,137608115.0
NASDAQ:NXST,NXST,"Nexstar Media Group, Inc.",Communication Services,Broadcasting,United States,NASDAQ,4822063180.0,156.53,27.66,33.33,1,5.5,210,False,-37.08,2.19,-19.76,-19.11,-11.83,-6.14,-3.97,195.0692,193.5146,177.5374,166.7713,162.9981,66743722,1255,2026-09-18,31.97,30806000.0
NYSE:XPER,XPER,Xperi Inc.,Technology,Software - Application,United States,NYSE,265010293.0,5.49,27.77,31.2,1,5.6,211,False,-36.46,7.44,-16.26,-15.88,-25.18,-32.17,,6.5557,6.5263,7.3373,8.0937,,2475748,1003,2026-09-18,28.79,48271456.0
NYSE:NWAX,NWAX,New America Acquisition I Corp.,Financial Services,Shell Companies,United States,NYSE,375984000.0,10.08,27.79,35.03,1,5.6,212,False,-1.37,0.8,,,,,,,,,,,2117888,164,2026-09-18,31.68,37300000.0
NYSE:FNF,FNF,"Fidelity National Financial, Inc.",Financial Services,Insurance - Specialty,United States,NYSE,11439195450.0,42.5,27.92,33.26,1,5.6,213,False,-23.92,0.52,-13.36,-14.82,-17.87,-12.99,-4.49,49.0543,49.8945,51.7441,48.8441,44.4977,106024602,1255,2026-09-18,30.33,269157540.0
NASDAQ:DAKT,DAKT,"Daktronics, Inc.",Technology,Electronic Components,United States,NASDAQ,840639134.0,17.41,27.93,33.8,1,5.6,214,False,-37.22,0.81,-15.42,-14.62,-2.0,13.55,36.77,20.5839,20.3919,17.7646,15.3323,12.7294,15303541,1255,2026-09-18,28.17,48284844.0
NYSE:PHIN,PHIN,PHINIA Inc.,Consumer Cyclical,Auto Parts,United States,NYSE,2250311365.0,61.42,27.98,32.62,1,5.7,215,False,-27.56,21.49,-13.69,-9.04,7.58,24.6,,71.1639,67.523,57.0907,49.2922,,24709483,810,2026-09-18,29.07,36638088.0
NASDAQ:WATR,WATR,Air Water Ventures Limited,Industrials,Industrial Distribution,United Arab Emirates,NASDAQ,57815336.0,1.85,27.98,25.94,1,5.7,216,False,-82.39,8.82,-79.36,-79.91,,,,8.963,9.208,,,,201585,317,2026-09-18,25.94,31251533.0
NASDAQ:MAYS,MAYS,"J. W. Mays, Inc.",Real Estate,Real Estate Services,United States,NASDAQ,78615420.0,39.0,27.99,36.05,1,5.7,217,False,-29.09,3.86,-4.83,-3.54,-3.36,-6.38,-8.44,40.9782,40.431,40.3545,41.6574,42.5953,55017,1255,2026-09-18,37.69,2015780.0
NASDAQ:TENX,TENX,"Tenax Therapeutics, Inc.",Healthcare,Biotechnology,United States,NASDAQ,50397802.0,1.9,28.01,29.09,1,5.7,218,False,-89.63,38.18,-83.6,-82.28,-76.78,-78.89,-94.45,11.5853,10.7225,8.1837,9.0006,34.2178,11720119,1255,2026-09-18,27.2,26525159.0
NASDAQ:PWP,PWP,Perella Weinberg Partners,Financial Services,Capital Markets,United States,NASDAQ,945017941.0,12.96,28.02,34.19,1,5.8,219,False,-46.14,1.65,-27.58,-28.71,-33.25,-25.49,-14.59,17.8958,18.1794,19.4161,17.3946,15.1741,17778933,1255,2026-09-18,25.62,72918051.0
NASDAQ:AXG,AXG,Solowin Holdings,Financial Services,Capital Markets,Hong Kong,NASDAQ,297483766.0,1.87,28.03,28.3,1,5.8,220,False,-60.13,0.0,-45.27,-44.93,-35.27,-52.46,,3.4165,3.3957,2.889,3.9338,,617663,761,2026-09-18,31.26,159082228.0
NASDAQ:CMPR,CMPR,Cimpress plc,Industrials,Specialty Business Services,Ireland,NASDAQ,1941232730.0,80.11,28.04,34.01,1,5.8,221,False,-23.93,30.88,-4.45,0.13,14.68,8.41,21.67,83.8426,80.0056,69.8578,73.8975,65.843,15485856,1255,2026-09-18,30.44,24232090.0
NASDAQ:SLGL,SLGL,Sol-Gel Technologies Ltd.,Healthcare,Biotechnology,Israel,NASDAQ,196139460.0,60.0,28.07,34.68,1,5.8,222,False,-38.76,125.84,-15.01,-5.32,66.3,117.78,94.62,70.5944,63.3736,36.0796,27.5503,30.8286,4470110,1255,2026-09-18,33.94,3268991.0
NYSE:YUMC,YUMC,"Yum China Holdings, Inc.",Consumer Cyclical,Restaurants,China,NYSE,14090427688.0,41.12,28.1,34.59,1,5.9,223,False,-27.73,2.97,-12.55,-11.28,-9.97,-4.73,-10.11,47.0189,46.3488,45.6761,43.1636,45.7438,66329111,1255,2026-09-18,29.07,342666043.0
NASDAQ:IMUX,IMUX,"Immunic, Inc.",Healthcare,Biotechnology,United States,NASDAQ,144660149.0,10.62,28.12,32.99,1,5.9,224,False,-37.16,108.24,-5.28,0.48,0.0,-6.62,-23.75,11.2115,10.5694,10.6198,11.3734,13.9282,4029801,1255,2026-09-18,24.8,13621483.0
NYSE:JBS,JBS,JBS N.V.,Consumer Defensive,Packaged Foods,Netherlands,NYSE,9281999563.0,11.96,28.12,36.05,1,5.9,225,False,-29.87,3.1,-13.06,-11.65,,,,13.7561,13.5363,,,,64787023,318,2026-09-18,29.4,776086920.0
NASDAQ:RARE,RARE,Ultragenyx Pharmaceutical Inc.,Healthcare,Biotechnology,United States,NASDAQ,1430524547.0,14.51,28.12,29.89,1,5.9,226,False,-60.29,12.66,-42.28,-45.4,-56.71,-60.78,-62.16,25.1405,26.574,33.5144,36.9996,38.3423,101486872,1255,2026-09-18,28.06,98588873.0
NYSE:GENI,GENI,Genius Sports Limited,Communication Services,Internet Content & Information,United Kingdom,NYSE,1507791717.0,5.64,28.17,35.48,1,6.0,227,False,-58.0,43.88,-18.38,-27.77,-35.62,-27.8,-20.97,6.9096,7.8089,8.7604,7.8115,7.1362,39026692,1255,2026-09-18,36.96,267338957.0
NASDAQ:IHRT,IHRT,"iHeartMedia, Inc.",Communication Services,Broadcasting,United States,NASDAQ,306946794.0,2.36,28.21,32.08,1,6.0,228,False,-62.72,0.0,-37.25,-35.87,-15.01,-6.99,-28.52,3.7609,3.6799,2.7769,2.5372,3.3014,1449289,1255,2026-09-18,30.04,130062201.0
NYSE:RSI,RSI,"Rush Street Interactive, Inc.",Consumer Cyclical,Gambling,United States,NYSE,2398818251.0,23.3,28.23,34.49,1,6.0,229,False,-32.5,46.63,-2.64,1.91,27.31,61.93,98.84,23.9312,22.8632,18.3016,14.3893,11.7182,63613596,1255,2026-09-18,38.56,102953573.0
NYSE:ACR,ACR,ACRES Commercial Realty Corp.,Real Estate,REIT - Mortgage,United States,NYSE,94529241.0,13.36,28.27,31.33,1,6.1,230,False,-44.43,0.23,-28.52,-30.07,-28.42,-17.8,-7.53,18.6914,19.1053,18.6632,16.2524,14.4478,523077,1255,2026-09-18,27.94,7075542.0
NASDAQ:ELVN,ELVN,"Enliven Therapeutics, Inc.",Healthcare,Biotechnology,United States,NASDAQ,3532622946.0,49.45,28.3,36.39,1,6.1,231,False,-19.13,226.62,26.53,40.19,73.26,98.71,113.47,39.0818,35.2748,28.5404,24.8852,23.1649,71914036,1255,2026-09-18,29.83,71438280.0
NASDAQ:TTEC,TTEC,"TTEC Holdings, Inc.",Technology,Information Technology Services,United States,NASDAQ,59363225.0,1.22,28.3,32.02,1,6.1,232,False,-68.56,0.83,-52.56,-55.24,-65.93,-82.28,-91.69,2.5714,2.7254,3.5813,6.8855,14.6803,512476,1255,2026-09-18,27.03,48658381.0
NASDAQ:GRML,GRML,Greenland Mines Ltd,Basic Materials,Other Precious Metals & Mining,United States,NASDAQ,429008391.0,2.85,28.33,32.11,1,6.1,233,False,-91.36,0.0,-81.49,-83.79,-87.53,-98.03,-98.8,15.3955,17.5778,22.8489,144.5775,236.6302,5142733,1101,2026-09-18,28.88,150529260.0
NYSE:FBK,FBK,FB Financial Corporation,Financial Services,Banks - Regional,United States,NYSE,2749291932.0,53.36,28.41,34.35,1,6.2,234,False,-14.05,5.58,-4.32,-3.84,3.36,15.16,24.45,55.7695,55.49,51.6244,46.3374,42.8756,29552229,1255,2026-09-18,28.94,51523462.0
NYSE:WU,WU,Western Union Company (The),Financial Services,Credit Services,United States,NYSE,1927412103.0,6.18,28.44,33.97,1,6.2,235,False,-34.1,0.62,-22.64,-21.77,-23.88,-28.37,-29.16,7.9887,7.9001,8.1185,8.6281,8.7239,56572125,1255,2026-09-18,36.19,311878981.0
NASDAQ:TRVI,TRVI,"Trevi Therapeutics, Inc.",Healthcare,Biotechnology,United States,NASDAQ,2122596635.0,14.95,28.46,35.76,1,6.2,236,False,-23.33,83.44,5.26,11.26,60.25,113.72,157.28,14.2032,13.4367,9.3291,6.995,5.8108,25209268,1255,2026-09-18,30.32,141979708.0
NYSE:EQT,EQT,EQT Corporation,Energy,Oil & Gas E&P,United States,NYSE,31275800000.0,50.0,28.47,36.0,1,6.2,237,False,-25.96,2.84,-10.11,-9.9,-3.5,7.17,13.88,55.6266,55.4946,51.8143,46.6564,43.9042,379017182,1255,2026-09-18,29.75,625516000.0
NYSE:FIS,FIS,"Fidelity National Information Services, Inc.",Technology,Information Technology Services,United States,NYSE,18411235359.0,35.62,28.47,34.35,1,6.2,238,False,-46.07,0.0,-24.69,-29.54,-43.21,-43.16,-41.9,47.299,50.5568,62.7224,62.67,61.3107,238189695,1255,2026-09-18,31.2,516879151.0
NYSE:RPT,RPT,Rithm Property Trust Inc.,Real Estate,REIT - Mortgage,United States,NYSE,88529504.0,11.39,28.5,34.79,1,6.3,239,False,-31.66,7.15,-17.39,-17.34,-21.03,-30.84,-41.37,13.7869,13.7795,14.4236,16.4686,19.4256,208495,1255,2026-09-18,34.58,7772564.0
NASDAQ:CTRN,CTRN,"Citi Trends, Inc.",Consumer Cyclical,Apparel Retail,United States,NASDAQ,461390281.0,55.39,28.51,35.56,1,6.3,240,False,-27.29,80.19,6.92,13.83,49.64,70.55,85.55,51.8072,48.6624,37.016,32.4778,29.851,14090614,1255,2026-09-18,32.9,8329848.0
AMEX:VENU,VENU,Venu Holding Corporation,Consumer Cyclical,Restaurants,United States,AMEX,85647502.0,1.49,28.55,33.13,1,6.3,241,False,-89.27,0.0,-66.22,-75.25,,,,4.4109,6.0203,,,,839337,452,2026-09-18,33.03,57481545.0
NASDAQ:GBFH,GBFH,GBank Financial Holdings Inc.,Financial Services,Banks - Regional,United States,NASDAQ,273779060.0,18.92,28.57,31.3,1,6.4,242,False,-54.96,0.0,-34.63,-38.44,-42.78,,,28.943,30.7358,33.0667,,,1612360,552,2026-09-18,30.48,14470352.0
NYSE:PFSI,PFSI,"PennyMac Financial Services, Inc.",Financial Services,Mortgage Finance,United States,NYSE,3445734705.0,66.36,28.59,32.48,1,6.4,243,False,-57.94,0.62,-29.86,-34.0,-34.1,-30.3,-22.99,94.6093,100.5493,100.7041,95.2088,86.1761,38168964,1255,2026-09-18,28.89,51924875.0
NYSE:MBI,MBI,MBIA Inc.,Financial Services,Insurance - Specialty,United States,NYSE,223600431.0,4.39,28.61,31.58,1,6.4,244,False,-44.43,0.0,-27.87,-30.59,-24.93,-21.17,-17.16,6.0863,6.3248,5.848,5.5692,5.2996,2296849,1255,2026-09-18,32.62,50934039.0
NASDAQ:PRVA,PRVA,"Privia Health Group, Inc.",Healthcare,Health Information Services,United States,NASDAQ,2501345624.0,19.85,28.64,31.83,1,6.4,245,False,-29.36,0.0,-14.04,-14.98,-11.86,-8.8,-14.24,23.0912,23.3464,22.5204,21.7649,23.145,24797687,1255,2026-09-18,30.96,126012374.0
NASDAQ:NCMI,NCMI,"National CineMedia, Inc.",Communication Services,Advertising Agencies,United States,NASDAQ,203503227.0,2.17,28.65,32.57,1,6.5,246,False,-54.07,0.0,-36.64,-39.42,-53.24,-52.79,-49.85,3.4248,3.5823,4.6403,4.596,4.3267,2150202,1255,2026-09-18,29.91,93780289.0
NYSE:CALY,CALY,Callaway Golf Company,Consumer Cyclical,Leisure,United States,NYSE,2640638600.0,14.69,28.66,33.73,1,6.5,247,False,-25.28,75.09,-3.09,4.45,31.75,21.42,3.88,15.159,14.0644,11.1497,12.0982,14.1413,29316455,1255,2026-09-18,29.73,179757563.0
NYSE:MDU,MDU,"MDU Resources Group, Inc. Common Stock (Holding Company)",Utilities,Utilities - Regulated Gas,United States,NYSE,3879151805.0,18.56,28.67,32.6,1,6.5,248,False,-17.44,18.62,-9.14,-7.57,2.31,16.47,27.75,20.4274,20.0801,18.1404,15.9357,14.5279,35681222,1255,2026-09-18,30.75,209006024.0
NASDAQ:DVLT,DVLT,Datavault AI Inc.,Technology,Software - Infrastructure,United States,NASDAQ,128334299.0,0.15,28.68,32.48,1,6.6,249,False,-95.61,0.0,-75.71,-82.69,-84.95,-97.46,-99.97,0.6177,0.8665,0.9964,5.8974,508.4677,12107410,1255,2026-09-18,29.92,855561995.0
NASDAQ:LE,LE,"Lands' End, Inc.",Consumer Cyclical,Apparel Retail,United States,NASDAQ,309560531.0,10.07,28.73,35.01,1,6.6,250,False,-47.42,0.0,-24.07,-26.61,-23.51,-19.08,-12.27,13.2626,13.7206,13.1651,12.4447,11.4789,2222506,1255,2026-09-18,30.84,30740867.0
NYSE:PEG,PEG,Public Service Enterprise Group Incorporated,Utilities,Utilities - Regulated Electric,United States,NYSE,34767884218.0,69.77,28.74,32.3,1,6.6,251,False,-17.67,0.0,-10.67,-11.01,-11.92,-5.0,1.78,78.1076,78.4044,79.2081,73.4447,68.5495,222787874,1255,2026-09-18,34.08,498321402.0
NASDAQ:RILY,RILY,"BRC Group Holdings, Inc.",Financial Services,Financial Conglomerates,United States,NASDAQ,240364282.0,5.98,28.74,34.69,1,6.6,252,False,-44.01,60.75,-18.62,-14.03,3.76,-47.04,-65.82,7.3484,6.9556,5.7636,11.291,17.4959,3557361,1255,2026-09-18,29.36,40194696.0
NYSE:BAX,BAX,Baxter International Inc.,Healthcare,Medical Instruments & Supplies,United States,NYSE,11787508777.0,22.8,28.77,38.27,1,6.7,253,False,-19.55,44.43,10.82,10.5,-11.04,-21.41,-30.02,20.574,20.6338,25.6294,29.0129,32.5806,133623218,1255,2026-09-18,30.13,516995999.0
NYSE:CDRE,CDRE,"Cadre Holdings, Inc.",Industrials,Aerospace & Defense,United States,NYSE,1125144987.0,26.29,28.77,35.21,1,6.7,254,True,-42.55,0.73,-23.44,-25.89,-23.37,-21.62,-14.48,34.34,35.4744,34.3068,33.5426,30.7423,11774283,1222,2026-09-18,27.06,42797451.0
NASDAQ:TREE,TREE,"LendingTree, Inc.",Financial Services,Financial Conglomerates,United States,NASDAQ,359416886.0,25.61,28.82,31.62,1,6.7,255,False,-66.53,0.0,-39.77,-44.34,-45.15,-40.09,-33.13,42.5212,46.0132,46.6874,42.7501,38.2962,11398166,1255,2026-09-18,30.2,14034240.0
NYSE:APAM,APAM,Artisan Partners Asset Management Inc.,Financial Services,Asset Management,United States,NYSE,2604032667.0,36.68,28.91,36.53,1,6.7,256,False,-15.95,10.07,-3.38,-4.21,-3.76,0.64,8.75,37.9638,38.2923,38.113,36.4475,33.7277,31308603,1255,2026-09-18,27.48,70993257.0
NASDAQ:SBUX,SBUX,Starbucks Corporation,Consumer Cyclical,Restaurants,United States,NASDAQ,109246200000.0,95.83,28.97,35.07,1,6.8,257,False,-11.67,25.26,-1.53,1.76,3.63,7.02,6.46,97.3164,94.1684,92.4729,89.5398,90.0176,652415766,1255,2026-09-18,30.59,1140000000.0
NYSE:SLGN,SLGN,Silgan Holdings Inc.,Consumer Cyclical,Packaging & Containers,United States,NYSE,3930230200.0,37.19,29.0,34.65,1,6.8,258,False,-22.73,3.14,-10.32,-9.8,-18.92,-17.25,-17.67,41.4705,41.231,45.8656,44.9399,45.1735,41480407,1255,2026-09-18,32.4,105679758.0
NASDAQ:MMYT,MMYT,MakeMyTrip Limited,Consumer Cyclical,Travel Services,India,NASDAQ,4253521618.0,47.92,29.04,35.82,1,6.8,259,False,-52.96,32.01,-14.4,-22.78,-41.7,-37.13,-25.5,55.984,62.0528,82.1898,76.2159,64.3225,32680656,1255,2026-09-18,28.8,88762972.0
NASDAQ:ATGL,ATGL,Alpha Technology Group Limited,Technology,Software - Infrastructure,Hong Kong,NASDAQ,73260000.0,4.8,29.08,31.38,1,6.9,260,False,-84.66,2.13,-68.18,-70.72,-73.82,,,15.0868,16.3919,18.3347,,,39192,723,2026-09-18,30.88,15262500.0
NYSE:ONL,ONL,Orion Properties Inc.,Real Estate,REIT - Office,United States,NYSE,138665366.0,2.44,29.08,35.13,1,6.9,261,False,-18.12,31.31,-2.97,-2.52,-9.45,-19.5,-35.55,2.5146,2.5031,2.6948,3.031,3.7856,775156,1209,2026-09-18,27.74,56830068.0
NYSE:BN,BN,Brookfield Corporation Class A Limited Voting Shares,Financial Services,Asset Management,Canada,NYSE,83778980355.0,37.51,29.09,32.43,1,6.9,262,False,-23.32,1.3,-14.36,-14.96,-9.07,3.44,14.96,43.8006,44.1077,41.2512,36.2643,32.6301,165518737,1255,2026-09-18,25.09,2233510540.0
NASDAQ:SIGI,SIGI,"Selective Insurance Group, Inc.",Financial Services,Insurance - Property & Casualty,United States,NASDAQ,5167320000.0,86.7,29.11,35.79,1,6.9,263,False,-13.03,19.49,0.88,2.87,1.95,-1.68,-2.14,85.9474,84.2792,85.0388,88.1826,88.5951,36573864,1255,2026-09-18,30.27,59600000.0
NYSE:CIM,CIM,Chimera Investment Corporation,Real Estate,REIT - Mortgage,United States,NYSE,909232216.0,10.87,29.12,31.56,1,6.9,264,False,-19.43,2.31,-11.84,-10.71,-9.41,-6.3,-7.2,12.3304,12.1734,11.9987,11.6014,11.7136,11554986,1255,2026-09-18,31.85,83646018.0
NASDAQ:SION,SION,"Sionna Therapeutics, Inc.",Healthcare,Biotechnology,United States,NASDAQ,269095967.0,5.96,29.18,30.26,1,7.0,265,False,-88.32,32.44,-83.25,-83.13,,,,35.5881,35.3267,,,,9792782,405,2026-09-18,31.99,45150330.0
NYSE:ARI,ARI,"Apollo Commercial Real Estate Finance, Inc",Real Estate,REIT - Mortgage,United States,NYSE,840681351.0,6.42,29.19,36.04,1,7.0,266,False,-11.18,8.29,-4.32,-2.62,6.65,10.39,15.54,6.7101,6.5928,6.0195,5.8159,5.5567,15098063,1255,2026-09-18,30.42,130947251.0
NYSE:STWD,STWD,"STARWOOD PROPERTY TRUST, INC. Starwood Property Trust Inc.",Real Estate,REIT - Mortgage,United States,NYSE,5538983636.0,14.94,29.19,33.54,1,7.0,267,False,-18.07,0.0,-10.72,-11.13,-11.87,-9.31,-5.41,16.7342,16.812,16.9521,16.4736,15.7948,64929848,1255,2026-09-18,31.28,370748570.0
NASDAQ:QDEL,QDEL,QuidelOrtho Corporation,Healthcare,Medical Devices,United States,NASDAQ,724188303.0,10.62,29.2,34.52,1,7.1,268,False,-69.98,6.63,-43.66,-48.12,-61.91,-70.71,-78.06,18.8501,20.4699,27.8803,36.2619,48.4086,17782159,1255,2026-09-18,31.45,68190989.0
NYSE:PJT,PJT,PJT Partners Inc.,Financial Services,Capital Markets,United States,NYSE,3872302982.0,151.47,29.22,36.35,1,7.1,269,True,-20.5,17.72,-5.73,-7.1,-4.87,9.21,24.2,160.6785,163.0455,159.2211,138.6921,121.9578,68948907,1255,2026-09-18,28.82,25564818.0
NYSE:RH,RH,RH,Consumer Cyclical,Specialty Retail,United States,NYSE,2394924005.0,126.54,29.32,34.73,1,7.1,270,False,-45.8,12.13,-21.76,-23.47,-43.27,-46.58,-49.36,161.7337,165.3385,223.0685,236.8945,249.8581,121099871,1255,2026-09-18,29.48,18926221.0
NYSE:AXTA,AXTA,Axalta Coating Systems Ltd.,Basic Materials,Specialty Chemicals,United States,NYSE,6891443903.0,32.2,29.37,37.14,1,7.1,271,False,-15.68,26.57,0.53,2.81,-1.22,-1.17,2.25,32.0295,31.3206,32.597,32.5824,31.4913,58620212,1255,2026-09-18,31.41,214019997.0
NYSE:NSC,NSC,Norfolk Southern Corporation,Industrials,Railroads,United States,NYSE,70562966462.0,314.16,29.39,36.56,1,7.2,272,False,-11.0,14.37,1.84,3.55,14.68,22.95,28.84,308.493,303.3806,273.9464,255.5104,243.834,375085737,1255,2026-09-18,33.46,224608373.0
NASDAQ:ADAM,ADAM,"Adamas Trust, Inc.",Real Estate,REIT - Mortgage,United States,NASDAQ,800828893.0,8.91,29.42,37.58,1,7.2,273,False,-12.9,48.79,8.5,13.76,35.17,43.86,40.93,8.2122,7.8324,6.5919,6.1937,6.3222,8706834,1255,2026-09-18,31.9,89879786.0
NYSE:CCK,CCK,"Crown Holdings, Inc.",Consumer Cyclical,Packaging & Containers,United States,NYSE,11876647801.0,109.2,29.42,37.81,1,7.2,274,False,-10.34,22.55,2.68,5.02,11.54,18.48,22.3,106.3454,103.9764,97.9003,92.1639,89.2876,97665428,1255,2026-09-18,32.63,108760511.0
NYSE:THO,THO,"Thor Industries, Inc.",Consumer Cyclical,Recreational Vehicles,United States,NYSE,3527928168.0,67.77,29.46,35.23,1,7.2,275,False,-42.91,0.0,-21.55,-24.32,-25.42,-27.31,-25.04,86.3836,89.5502,90.8735,93.2264,90.4043,49084638,1255,2026-09-18,31.45,52057373.0
NYSE:EPR,EPR,EPR Properties,Real Estate,REIT - Specialty,United States,NYSE,4345258056.0,56.72,29.47,36.17,1,7.3,276,False,-10.92,23.04,2.53,4.41,13.12,24.37,34.39,55.3188,54.3231,50.1435,45.6074,42.2057,53498790,1255,2026-09-18,31.58,76608922.0
NASDAQ:EXE,EXE,Expand Energy Corporation,Energy,Oil & Gas E&P,United States,NASDAQ,20254266500.0,87.49,29.49,36.67,1,7.3,277,False,-27.55,1.23,-11.55,-12.87,-11.21,-4.02,-0.37,98.9183,100.416,98.5407,91.1516,87.8168,283780231,1255,2026-09-18,30.98,231503789.0
NYSE:ATO,ATO,Atmos Energy Corporation,Utilities,Utilities - Regulated Gas,United States,NYSE,26757247467.0,160.3,29.52,34.2,1,7.3,278,False,-15.66,0.97,-7.49,-7.09,0.97,12.5,20.53,173.2808,172.5351,158.7592,142.4855,132.9993,158465221,1255,2026-09-18,33.13,166919822.0
NYSE:HII,HII,"Huntington Ingalls Industries, Inc.",Industrials,Aerospace & Defense,United States,NYSE,10751938610.0,272.86,29.54,36.04,1,7.3,279,False,-39.32,2.27,-20.62,-18.08,-0.92,3.22,9.33,343.7362,333.0687,275.3908,264.3506,249.5745,124468553,1255,2026-09-18,32.78,39404598.0
NASDAQ:KLRS,KLRS,"Kalaris Therapeutics, Inc.",Healthcare,Biotechnology,United States,NASDAQ,76135290.0,3.2,29.56,34.43,1,7.4,280,True,-70.86,1.27,-49.17,-47.67,-56.86,-75.54,-92.05,6.2961,6.1153,7.4185,13.0819,40.2665,242602,1255,2026-09-18,27.23,23792278.0
NYSE:PACK,PACK,Ranpak Holdings Corp,Consumer Cyclical,Packaging & Containers,United States,NYSE,341317990.0,3.98,29.56,32.27,1,7.4,281,False,-47.91,22.84,-26.2,-25.61,-26.09,-27.72,-26.27,5.3932,5.3501,5.3846,5.5064,5.3982,1967266,1255,2026-09-18,29.75,85758289.0
NYSE:LZB,LZB,La-Z-Boy Incorporated,Consumer Cyclical,"Furnishings, Fixtures & Appliances",United States,NYSE,1193934417.0,29.84,29.6,32.78,1,7.4,282,True,-28.65,4.49,-17.44,-15.68,-20.02,-17.36,-10.66,36.1413,35.3886,37.3115,36.1068,33.3999,26379644,1255,2026-09-18,27.3,40011207.0
NYSE:CVS,CVS,CVS Health Corporation,Healthcare,Healthcare Plans,United States,NYSE,113353381954.0,88.84,29.62,35.11,1,7.4,283,False,-19.18,28.67,2.83,5.35,24.11,30.31,28.48,86.3969,84.3262,71.584,68.1733,69.149,616928059,1255,2026-09-18,32.46,1275927307.0
NASDAQ:HLNE,HLNE,Hamilton Lane Incorporated,Financial Services,Asset Management,United States,NASDAQ,3803455913.0,87.74,29.65,38.16,1,7.5,284,False,-42.23,18.9,-15.93,-19.13,-33.36,-29.44,-20.76,104.3649,108.501,131.6631,124.3567,110.7266,55743073,1255,2026-09-18,30.33,43349167.0
NASDAQ:CMCSA,CMCSA,Comcast Corporation,Communication Services,Telecom Services,United States,NASDAQ,80481230583.0,22.74,29.68,36.39,1,7.5,285,False,-28.21,3.74,-13.98,-13.81,-22.6,-27.44,-27.63,26.4365,26.3825,29.3805,31.3403,31.4207,656592157,1255,2026-09-18,30.5,3539192198.0
NYSE:BMN,BMN,BlackRock 2037 Municipal Target Term Trust Common Shares of Beneficial Interest,Financial Services,Asset Management,United States,NYSE,145514947.0,23.67,29.69,34.57,1,7.5,286,False,-11.8,0.0,-6.86,-5.95,-3.09,0.46,,25.413,25.1662,24.4255,23.5617,,305428,976,2026-09-18,32.29,6147653.0
NASDAQ:EGAN,EGAN,eGain Corporation,Technology,Software - Application,United States,NASDAQ,147132434.0,5.36,29.69,33.13,1,7.5,287,False,-65.33,4.89,-34.35,-40.31,-26.86,-24.6,-26.32,8.1645,8.9798,7.3279,7.1087,7.2744,1643657,1255,2026-09-18,30.77,27450081.0
NYSE:HD,HD,"Home Depot, Inc. (The)",Consumer Cyclical,Home Improvement Retail,United States,NYSE,299115062266.0,299.98,29.7,35.09,1,7.6,288,False,-26.11,2.34,-11.08,-12.8,-16.2,-13.1,-8.66,337.3461,343.9997,357.9672,345.1917,328.4174,1239035682,1255,2026-09-18,31.3,997116682.0
NYSE:MKC,MKC,"McCormick & Company, Incorporated",Consumer Defensive,Packaged Foods,United States,NYSE,12377566908.0,48.72,29.71,37.2,1,7.6,289,False,-30.78,7.81,-12.53,-15.23,-25.32,-25.76,-28.41,55.6965,57.4739,65.2349,65.626,68.0538,157260605,1255,2026-09-18,33.49,254055150.0
NASDAQ:SLBT,SLBT,SL Science Holding Limited,Healthcare,Biotechnology,Taiwan,NASDAQ,964506782.0,1.72,29.73,35.21,1,7.6,290,False,-86.58,0.0,-76.9,-78.64,,,,7.4466,8.0532,,,,195086,407,2026-09-18,31.93,560759757.0
NYSE:AON,AON,Aon plc Class A Ordinary Shares (Ireland),Financial Services,Insurance Brokers,Ireland,NYSE,62712763308.0,295.64,29.74,33.77,1,7.7,291,False,-22.28,0.0,-11.53,-12.25,-15.76,-12.14,-9.93,334.1535,336.9272,350.9422,336.4746,328.2273,584751046,1255,2026-09-18,29.9,212125434.0
NYSE:USFD,USFD,US Foods Holding Corp.,Consumer Defensive,Food Distribution,United States,NYSE,20573107104.0,93.42,29.75,36.16,1,7.7,292,True,-15.79,33.36,2.35,6.26,17.86,35.14,52.97,91.2781,87.9153,79.2613,69.1264,61.0721,228705728,1255,2026-09-18,24.47,220221656.0
NYSE:FUN,FUN,Six Flags Entertainment Corporation Common Stock New,Consumer Cyclical,Leisure,United States,NYSE,1248932171.0,12.22,29.76,33.39,1,7.7,293,False,-54.3,0.0,-30.96,-32.84,-55.93,-62.12,-64.27,17.6998,18.195,27.7258,32.2584,34.2019,28654852,1255,2026-09-18,31.06,102203942.0
NYSE:CTO,CTO,"CTO Realty Growth, Inc.",Real Estate,REIT - Diversified,United States,NYSE,760205007.0,20.28,29.77,36.91,1,7.7,294,False,-8.36,43.58,5.51,10.1,16.68,24.67,30.73,19.2212,18.4197,17.3814,16.2663,15.5128,8652978,1255,2026-09-18,31.76,37485454.0
NASDAQ:JXG,JXG,JX Luxventure Group Inc.,Consumer Cyclical,Apparel Manufacturing,China,NASDAQ,74650639.0,6.19,29.79,35.99,1,7.8,295,False,-59.94,80.47,-2.41,-14.41,-64.05,-66.26,-82.38,6.3431,7.2324,17.2174,18.3483,35.1298,507673,1255,2026-09-18,39.33,12059877.0
NYSE:KTF,KTF,DWS Municipal Income Trust,Financial Services,Asset Management,United States,NYSE,330618753.0,8.44,29.8,31.32,1,7.8,296,False,-7.81,0.84,-3.95,-3.4,-0.64,3.74,8.19,8.7867,8.7368,8.4941,8.1358,7.801,1807660,1255,2026-09-18,30.99,39172838.0
NASDAQ:ALKS,ALKS,Alkermes plc,Healthcare,Drug Manufacturers - Specialty & Generic,Ireland,NASDAQ,7279248372.0,43.39,29.82,35.63,1,7.8,297,False,-21.42,59.93,12.8,18.03,30.47,40.02,44.26,38.4652,36.7606,33.2567,30.9895,30.0768,77761851,1255,2026-09-18,44.57,167763272.0
NASDAQ:JUNS,JUNS,"Jupiter Neurosciences, Inc.",Healthcare,Biotechnology,United States,NASDAQ,161647609.0,2.86,29.82,30.74,1,7.8,298,False,-97.88,0.0,-91.17,-94.04,,,,32.3943,48.0178,,,,16727941,449,2026-09-18,30.9,56520143.0
NYSE:PL,PL,Planet Labs PBC,Industrials,Aerospace & Defense,United States,NYSE,5466361347.0,16.42,29.82,32.6,1,7.8,299,False,-68.05,54.76,-39.64,-32.3,14.07,58.88,85.64,27.2057,24.2539,14.3953,10.335,8.8453,201321416,1255,2026-09-18,32.27,332908730.0
NYSE:GBX,GBX,"Greenbrier Companies, Inc. (The)",Industrials,Railroads,United States,NYSE,1293897669.0,41.82,29.84,34.28,1,7.9,300,False,-27.97,4.13,-14.33,-12.26,-15.43,-11.84,-3.14,48.813,47.6619,49.452,47.4347,43.1772,16420618,1255,2026-09-18,34.25,30939686.0
NASDAQ:BIOA,BIOA,"BioAge Labs, Inc.",Healthcare,Drug Manufacturers - Specialty & Generic,United States,NASDAQ,358289036.0,8.06,29.85,32.72,1,7.9,301,False,-67.89,64.49,-52.34,-45.64,,,,16.9098,14.8262,,,,5539713,496,2026-09-18,30.01,44452734.0
NASDAQ:FER,FER,Ferrovial N.V.,Industrials,Engineering & Construction,Netherlands,NASDAQ,39681206611.0,55.04,29.85,31.68,1,7.9,302,True,-25.28,1.47,-16.6,-15.26,-0.19,13.13,28.03,65.9921,64.9542,55.1462,48.6531,42.9908,77396827,1255,2026-09-18,26.88,720952155.0
NASDAQ:NEWT,NEWT,"NewtekOne, Inc.",Financial Services,Banks - Regional,United States,NASDAQ,333981694.0,11.56,29.86,34.09,1,8.0,303,False,-25.71,25.94,-9.31,-5.52,-0.91,0.94,-2.27,12.7465,12.2355,11.6667,11.4522,11.8289,3217840,1255,2026-09-18,34.66,28891150.0
NYSE:KRC,KRC,Kilroy Realty Corporation,Real Estate,REIT - Office,United States,NYSE,3981256659.0,34.23,29.87,35.85,1,8.0,304,False,-18.17,26.5,-0.88,-3.95,-1.58,3.48,6.67,34.5325,35.6364,34.7806,33.0779,32.0885,47449366,1255,2026-09-18,31.16,116308988.0
NYSE:SLQT,SLQT,"SelectQuote, Inc.",Financial Services,Insurance Brokers,United States,NYSE,82354410.0,0.467,29.9,34.14,1,8.0,305,False,-78.08,0.0,-50.13,-58.46,-76.53,-76.93,-74.85,0.9365,1.1243,1.9896,2.0241,1.8568,796016,1255,2026-09-18,30.01,176347774.0
NASDAQ:KLRA,KLRA,"Kailera Therapeutics, Inc.",Healthcare,Biotechnology,United States,NASDAQ,1662326751.0,12.83,29.91,33.47,1,8.1,306,False,-50.65,1.02,,,,,,,,,,,13890842,107,2026-09-18,30.27,129565608.0
NYSE:PIM,PIM,Franklin Master Intermediate Income Trust Shares of Beneficial Interest,Financial Services,Asset Management,United States,NYSE,145034866.0,3.01,29.92,34.96,1,8.1,307,False,-6.26,0.0,-3.72,-3.87,-0.96,4.09,8.47,3.1262,3.131,3.0392,2.8918,2.7749,189432,1255,2026-09-18,38.05,48184341.0
NASDAQ:VC,VC,Visteon Corporation,Consumer Cyclical,Auto Parts,United States,NASDAQ,2525521327.0,94.61,29.92,35.8,1,8.1,308,False,-24.71,12.8,-6.79,-8.36,-2.93,-7.89,-15.62,101.5041,103.2403,97.4661,102.7194,112.1256,46387319,1255,2026-09-18,37.1,26694021.0
NASDAQ:COLL,COLL,"Collegium Pharmaceutical, Inc.",Healthcare,Drug Manufacturers - Specialty & Generic,United States,NASDAQ,738517148.0,22.77,29.93,30.91,1,8.2,309,False,-54.31,4.26,-38.51,-38.85,-34.16,-32.39,-26.4,37.0283,37.2348,34.5861,33.6781,30.937,22480900,1255,2026-09-18,25.75,32433779.0
NASDAQ:KOD,KOD,Kodiak Sciences Inc,Healthcare,Biotechnology,United States,NASDAQ,2046940805.0,32.71,29.93,36.34,1,8.2,310,False,-29.57,243.23,-2.86,8.08,83.31,152.04,189.37,33.674,30.2647,17.8445,12.9782,11.3039,23582522,1255,2026-09-18,30.38,62578441.0
NYSE:MPT,MPT,"Medical Properties Trust, Inc.",Real Estate,REIT - Healthcare Facilities,United States,NYSE,2033540000.0,3.4,29.93,31.86,1,8.2,311,False,-39.97,0.29,-27.16,-27.51,-23.71,-19.42,-31.97,4.6679,4.6903,4.4565,4.2196,4.9978,38010583,1255,2026-09-18,35.77,598100000.0
NYSE:WCN,WCN,"Waste Connections, Inc.",Industrials,Waste Management,Canada,NYSE,39150853806.0,155.33,30.01,35.92,1,8.2,312,True,-12.44,4.46,-5.44,-6.24,-11.07,-7.98,-2.99,164.2651,165.6713,174.6595,168.8094,160.1105,157168490,1255,2026-09-18,29.65,252049532.0
NASDAQ:CAR,CAR,"Avis Budget Group, Inc.",Industrials,Rental & Leasing Services,United States,NASDAQ,4158194503.0,117.71,30.04,34.66,1,8.3,313,True,-83.51,34.23,-25.17,-24.06,-11.03,-11.14,-19.62,157.3104,154.998,132.3021,132.4698,146.4392,52589357,1255,2026-09-18,25.59,35325754.0
NASDAQ:PTLO,PTLO,Portillo's Inc.,Consumer Cyclical,Restaurants,United States,NASDAQ,271428592.0,3.75,30.04,35.66,1,8.3,314,False,-44.44,0.81,-23.94,-26.07,-54.28,-61.77,-70.05,4.9304,5.0721,8.2028,9.8083,12.5213,5544179,1232,2026-09-18,30.25,72380958.0
NYSE:SPH,SPH,"Suburban Propane Partners, L.P.",Utilities,Utilities - Regulated Gas,United States,NYSE,1117432482.0,16.75,30.04,36.32,1,8.3,315,False,-16.61,2.99,-9.33,-8.39,-5.77,-1.67,6.13,18.4728,18.2831,17.7754,17.0347,15.7822,3483801,1255,2026-09-18,34.76,66712387.0
NASDAQ:ZURA,ZURA,Zura Bio Limited,Healthcare,Biotechnology,United States,NASDAQ,423167967.0,4.46,30.04,36.89,1,8.3,316,False,-36.65,124.12,-15.9,-9.88,26.2,18.71,,5.3032,4.9491,3.5341,3.757,,10672954,878,2026-09-18,31.42,94880710.0
NASDAQ:PLAY,PLAY,"Dave & Buster's Entertainment, Inc.",Communication Services,Entertainment,United States,NASDAQ,234127911.0,6.73,30.08,33.78,1,8.3,317,True,-68.21,2.91,-48.82,-51.58,-67.44,-76.86,-78.55,13.1489,13.8991,20.6666,29.0896,31.3698,24714494,1255,2026-09-18,27.43,34788694.0
NASDAQ:AURA,AURA,"Aura Biosciences, Inc.",Healthcare,Biotechnology,United States,NASDAQ,666130519.0,6.44,30.1,36.96,1,8.4,318,False,-27.64,29.58,-3.11,-0.86,-7.82,-12.77,-23.4,6.6464,6.4957,6.9865,7.3825,8.407,5899254,1226,2026-09-18,32.47,103436416.0
NASDAQ:POOL,POOL,Pool Corporation,Industrials,Industrial Distribution,United States,NASDAQ,6103791866.0,167.96,30.1,35.28,1,8.4,319,True,-47.04,0.66,-19.96,-24.59,-38.26,-43.3,-44.57,209.835,222.7222,272.0361,296.224,303.0243,133724534,1255,2026-09-18,29.48,36340747.0
NASDAQ:WVE,WVE,"Wave Life Sciences, Inc.",Healthcare,Biotechnology,Singapore,NASDAQ,857159561.0,4.35,30.12,33.91,1,8.4,320,False,-79.59,0.0,-52.66,-50.7,-53.1,-45.62,-38.64,9.188,8.824,9.2757,7.9996,7.0893,15752251,1255,2026-09-18,31.96,197048175.0
NASDAQ:JBHT,JBHT,"J.B. Hunt Transport Services, Inc.",Industrials,Integrated Freight & Logistics,United States,NASDAQ,21999574461.0,234.25,30.13,34.83,1,8.4,321,False,-21.37,80.76,-2.75,5.01,23.74,26.51,28.54,240.8775,223.0697,189.3093,185.1701,182.2381,285356310,1255,2026-09-18,31.13,93914939.0
NASDAQ:CALM,CALM,"Cal-Maine Foods, Inc.",Consumer Defensive,Farm Products,United States,NASDAQ,3419785961.0,72.89,30.16,35.09,1,8.5,322,False,-28.18,1.96,-9.63,-11.52,-15.79,-2.2,9.13,80.6564,82.3767,86.5553,74.5273,66.7901,76650750,1255,2026-09-18,33.14,46917080.0
NASDAQ:COGT,COGT,"Cogent Biosciences, Inc.",Healthcare,Biotechnology,United States,NASDAQ,5382342126.0,31.5,30.16,35.24,1,8.5,323,False,-26.47,163.16,-14.32,-6.05,48.94,88.62,101.64,36.766,33.5297,21.1492,16.7002,15.6222,59817979,1255,2026-09-18,36.47,170868004.0
NASDAQ:MBOT,MBOT,Microbot Medical Inc.,Healthcare,Medical Devices,United States,NASDAQ,91344129.0,1.36,30.17,34.35,1,8.5,324,False,-60.92,0.0,-32.42,-36.09,-33.67,-22.74,-34.48,2.0123,2.1279,2.0504,1.7603,2.0757,697072,1255,2026-09-18,35.44,67164801.0
NYSE:SO,SO,Southern Company (The),Utilities,Utilities - Regulated Electric,United States,NYSE,98379040852.0,85.52,30.18,33.89,1,8.6,325,False,-12.28,4.21,-6.05,-5.99,-2.76,5.24,12.23,91.024,90.9712,87.9459,81.2624,76.198,554264179,1255,2026-09-18,35.1,1150362966.0
NASDAQ:INMD,INMD,InMode Ltd.,Healthcare,Medical Devices,Israel,NASDAQ,824849078.0,14.35,30.2,37.85,1,8.6,326,False,-13.66,12.46,-0.35,-1.0,-6.89,-16.47,-34.16,14.4011,14.4944,15.4117,17.1799,21.7968,7777880,1255,2026-09-18,35.12,57480772.0
NASDAQ:ASMB,ASMB,"Assembly Biosciences, Inc.",Healthcare,Biotechnology,United States,NASDAQ,494836732.0,24.97,30.22,37.3,1,8.6,327,False,-35.14,12.17,-13.71,-14.39,10.89,30.38,37.57,28.9376,29.1665,22.5176,19.1513,18.1507,11786958,1255,2026-09-18,31.01,19817250.0
NYSE:MFA,MFA,"MFA Financial, Inc.",Real Estate,REIT - Mortgage,United States,NYSE,849344500.0,8.36,30.23,34.27,1,8.6,328,False,-16.49,4.96,-8.41,-6.45,-3.59,-0.02,5.7,9.1274,8.9364,8.6716,8.3616,7.9095,13735430,1255,2026-09-18,34.69,101596232.0
NASDAQ:PLBY,PLBY,"Playboy, Inc.",Consumer Cyclical,Leisure,United States,NASDAQ,121375000.0,1.05,30.25,36.53,1,8.7,329,False,-61.25,0.0,-32.91,-32.27,-28.71,-17.0,-32.88,1.5651,1.5503,1.4729,1.265,1.5643,547512,1255,2026-09-18,32.33,115595238.0
NASDAQ:RZLT,RZLT,"Rezolute, Inc. - Common Stock (NV)",Healthcare,Biotechnology,United States,NASDAQ,369762551.0,3.84,30.27,36.39,1,8.7,330,False,-64.9,174.29,-0.84,-22.93,-21.7,-6.03,7.54,3.8724,4.9826,4.904,4.0864,3.5706,7106951,1255,2026-09-18,32.55,96292331.0
NASDAQ:DMRA,DMRA,"Damora Therapeutics, Inc.",Healthcare,Biotechnology,United States,NASDAQ,1390486652.0,22.59,30.28,35.78,1,8.7,331,False,-33.83,687.11,-14.47,-2.77,61.23,55.37,-2.17,26.4132,23.2343,14.0109,14.539,23.0922,16403413,1255,2026-09-18,30.71,61553194.0
NYSE:WGO,WGO,"Winnebago Industries, Inc.",Consumer Cyclical,Recreational Vehicles,United States,NYSE,747146842.0,26.43,30.28,35.92,1,8.7,332,False,-45.09,0.0,-22.25,-21.78,-27.74,-39.11,-42.57,33.9937,33.7902,36.5775,43.4085,46.0181,16057273,1255,2026-09-18,32.57,28268893.0
NYSE:SNA,SNA,Snap-On Incorporated,Industrials,Tools & Accessories,United States,NYSE,19250249197.0,372.15,30.29,35.93,1,8.8,333,True,-10.7,16.77,-0.54,1.92,9.42,19.15,28.06,374.1691,365.1484,340.1212,312.3412,290.6052,110638064,1255,2026-09-18,29.21,51727124.0
NYSE:BCAT,BCAT,BlackRock Capital Allocation Term Trust Common Shares of Beneficial Interest,Financial Services,Asset Management,United States,NYSE,1502477386.0,14.34,30.31,35.47,1,8.8,334,False,-9.25,22.87,2.87,5.87,16.62,26.86,37.12,13.9398,13.5447,12.2962,11.3037,10.4578,14741850,1255,2026-09-18,29.98,104775271.0
NYSE:CURB,CURB,Curbline Properties Corp.,Real Estate,REIT - Retail,United States,NYSE,3259027248.0,28.33,30.32,36.13,1,8.8,335,False,-10.77,30.21,3.57,7.32,,,,27.3529,26.3984,,,,43292087,496,2026-09-18,34.87,115038025.0
NYSE:PAR,PAR,PAR Technology Corporation,Technology,Software - Application,United States,NYSE,629004535.0,15.25,30.33,37.29,1,8.8,336,False,-64.29,29.02,-25.19,-35.92,-65.14,-65.16,-62.68,20.3862,23.7973,43.7428,43.7743,40.8662,15959360,1255,2026-09-18,33.96,41246199.0
NASDAQ:ESOA,ESOA,Energy Services of America Corporation,Industrials,Engineering & Construction,United States,NASDAQ,200964743.0,10.77,30.34,33.1,1,8.9,337,False,-44.31,36.92,-19.54,-15.27,-8.09,7.86,32.5,13.3855,12.7106,11.7181,9.9849,8.1282,1506717,1255,2026-09-18,31.34,18659679.0
NYSE:INR,INR,"Infinity Natural Resources, Inc.",Energy,Oil & Gas E&P,United States,NYSE,238520441.0,12.72,30.35,37.45,1,8.9,338,False,-33.85,13.57,-14.93,-12.16,,,,14.9529,14.4804,,,,4133489,410,2026-09-18,31.85,18751607.0
NASDAQ:ARKO,ARKO,ARKO Corp.,Consumer Cyclical,Specialty Retail,United States,NASDAQ,473423743.0,4.22,30.36,31.97,1,8.9,339,False,-50.84,13.01,-30.14,-25.7,-23.42,-26.9,-32.98,6.041,5.6796,5.5104,5.7727,6.2967,4544476,1255,2026-09-18,32.51,112185721.0
NYSE:MX,MX,Magnachip Semiconductor Corporation,Technology,Semiconductors,South Korea,NYSE,100402805.0,2.75,30.38,35.87,1,8.9,340,False,-69.2,21.15,-24.17,-20.77,-25.22,-38.42,-52.31,3.6265,3.4711,3.6776,4.4658,5.767,1053889,1255,2026-09-18,32.13,36510111.0
NASDAQ:XLAB,XLAB,Exascale Labs Holdings Inc.,Technology,Software - Infrastructure,United States,NASDAQ,95096080.0,2.93,30.39,31.39,1,9.0,341,True,-73.34,0.34,-68.18,-68.74,,,,9.2086,9.3733,,,,2053242,272,2026-09-18,30.23,32456000.0
NASDAQ:TRIP,TRIP,"TripAdvisor, Inc.",Consumer Cyclical,Travel Services,United States,NASDAQ,1028632734.0,8.84,30.41,33.52,1,9.0,342,False,-53.81,0.23,-25.64,-30.43,-36.55,-44.31,-47.14,11.8874,12.7063,13.9324,15.8742,16.7221,34511720,1255,2026-09-18,30.74,116361169.0
NASDAQ:BHF,BHF,"Brighthouse Financial, Inc.",Financial Services,Insurance - Life,United States,NASDAQ,2869416961.0,49.95,30.43,30.16,1,9.0,343,False,-25.01,10.66,-18.81,-17.09,-10.94,-6.34,-4.51,61.5239,60.2426,56.0862,53.333,52.3085,50012910,1255,2026-09-18,25.79,57445785.0
NYSE:H,H,Hyatt Hotels Corporation,Consumer Cyclical,Lodging,United States,NYSE,6449808032.0,155.04,30.45,34.19,1,9.1,344,True,-23.22,14.89,-8.32,-5.82,1.28,5.56,13.79,169.1123,164.6174,153.0826,146.873,136.2567,120989049,1255,2026-09-18,29.98,41600929.0
NASDAQ:ZNTL,ZNTL,"Zentalis Pharmaceuticals, Inc.",Healthcare,Biotechnology,United States,NASDAQ,221389542.0,3.11,30.46,35.75,1,9.1,345,True,-52.95,142.97,-7.12,4.86,21.12,-44.07,-68.52,3.3484,2.9657,2.5676,5.5608,9.8785,3157960,1255,2026-09-18,29.19,71186348.0
NASDAQ:HROW,HROW,"Harrow, Inc.",Healthcare,Drug Manufacturers - Specialty & Generic,United States,NASDAQ,1233060540.0,33.08,30.47,35.72,1,9.1,346,False,-39.64,13.95,-19.46,-19.28,-12.72,7.4,21.18,41.0718,40.9827,37.9025,30.8019,27.2987,20069711,1255,2026-09-18,30.61,37275107.0
NYSE:ATMU,ATMU,Atmus Filtration Technologies Inc.,Consumer Cyclical,Auto Parts,United States,NYSE,3584602865.0,43.89,30.48,35.65,1,9.1,347,False,-32.91,3.04,-19.07,-16.43,-3.91,12.05,,54.2288,52.5183,45.6774,39.1704,,32815167,831,2026-09-18,31.59,81672428.0
NASDAQ:CSX,CSX,CSX Corporation,Industrials,Railroads,United States,NASDAQ,87251568591.0,47.1,30.51,37.32,1,9.2,348,False,-11.27,44.65,8.12,12.83,27.89,32.88,38.8,43.5634,41.7432,36.8289,35.445,33.9339,501324449,1255,2026-09-18,35.27,1852474917.0
NYSE:GBCI,GBCI,"Glacier Bancorp, Inc.",Financial Services,Banks - Regional,United States,NYSE,5816125752.0,44.67,30.52,35.26,1,9.2,349,False,-18.05,13.55,-5.69,-4.13,-2.67,5.74,8.73,47.3647,46.5926,45.8958,42.2449,41.084,45531235,1255,2026-09-18,30.8,130202054.0
NYSE:MITT,MITT,"TPG Mortgage Investment Trust, Inc.",Real Estate,REIT - Mortgage,United States,NYSE,200679927.0,6.31,30.52,33.97,1,9.2,350,False,-27.02,0.0,-15.94,-14.38,-6.4,3.74,14.08,7.507,7.3695,6.7415,6.0822,5.531,2022044,1255,2026-09-18,33.21,31803475.0
NASDAQ:CDNL,CDNL,Cardinal Infrastructure Group Inc.,Industrials,Engineering & Construction,United States,NASDAQ,614192113.0,30.87,30.54,34.06,1,9.2,351,False,-67.27,40.13,,,,,,,,,,,19787049,194,2026-09-18,31.69,19896084.0
NYSE:YELP,YELP,Yelp Inc.,Communication Services,Internet Content & Information,United States,NYSE,1079467520.0,19.63,30.56,34.88,1,9.3,352,False,-41.97,0.0,-22.78,-26.22,-37.09,-42.51,-42.31,25.4206,26.6052,31.2046,34.1457,34.0247,25669771,1255,2026-09-18,33.57,54990704.0
NYSE:PFGC,PFGC,Performance Food Group Company,Consumer Defensive,Food Distribution,United States,NYSE,14441270002.0,91.93,30.6,33.34,1,9.3,353,True,-21.19,13.45,-5.17,-5.7,-0.26,9.34,18.79,96.942,97.4863,92.1653,84.0744,77.3895,148328136,1255,2026-09-18,24.31,157089851.0
NASDAQ:PRAX,PRAX,"Praxis Precision Medicines, Inc.",Healthcare,Biotechnology,United States,NASDAQ,8334359487.0,298.95,30.6,38.27,1,9.3,354,False,-22.62,608.08,-4.88,8.04,79.84,141.19,199.22,314.2869,276.7104,166.2296,123.9488,99.909,116879746,1255,2026-09-18,34.22,27878774.0
NYSE:SON,SON,Sonoco Products Company,Consumer Cyclical,Packaging & Containers,United States,NYSE,4829055147.0,48.84,30.6,35.65,1,9.3,355,False,-18.6,29.74,-3.77,0.64,4.69,2.49,0.55,50.7551,48.5291,46.6514,47.6547,48.5722,63207392,1255,2026-09-18,30.45,98875003.0
NYSE:ALC,ALC,Alcon Inc.,Healthcare,Medical Instruments & Supplies,Switzerland,NYSE,31720008000.0,65.04,30.63,36.73,1,9.4,356,False,-25.03,4.87,-11.86,-12.23,-20.0,-20.13,-17.63,73.7902,74.1046,81.2956,81.4361,78.9617,101956607,1255,2026-09-18,31.0,487700000.0
NYSE:JBI,JBI,"Janus International Group, Inc.",Industrials,Building Products & Equipment,United States,NYSE,586487574.0,4.3,30.64,34.42,1,9.4,357,False,-58.85,0.0,-24.8,-32.06,-41.57,-52.94,-54.09,5.7183,6.3288,7.3598,9.1369,9.366,10064950,1255,2026-09-18,33.75,136392459.0
NYSE:SSTK,SSTK,"Shutterstock, Inc.",Communication Services,Internet Content & Information,United States,NYSE,166790584.0,4.54,30.64,32.02,1,9.4,358,False,-81.66,0.0,-66.56,-69.93,-75.47,-81.43,-84.99,13.5776,15.0969,18.5113,24.4517,30.2387,5355473,1255,2026-09-18,35.12,36738014.0
NYSE:CDP,CDP,COPT Defense Properties Common Shares of Beneficial Interest,Real Estate,REIT - Office,United States,NYSE,3897897238.0,34.38,30.66,36.34,1,9.5,359,False,-10.35,29.68,5.69,8.78,16.63,26.44,33.39,32.5301,31.6048,29.4774,27.1905,25.7745,30266601,1255,2026-09-18,32.03,113376883.0
NASDAQ:JRVR,JRVR,"James River Group Holdings, Inc.",Financial Services,Insurance - Specialty,United States,NASDAQ,170613999.0,3.69,30.66,34.95,1,9.5,360,False,-47.9,0.0,-31.35,-31.52,-30.08,-43.8,-62.58,5.3747,5.3882,5.2776,6.5657,9.8621,1003431,1255,2026-09-18,34.12,46236856.0
NYSE:ONIT,ONIT,Onity Group Inc.,Financial Services,Mortgage Finance,United States,NYSE,268057635.0,31.79,30.69,35.37,1,9.5,361,False,-40.41,0.0,-21.67,-21.37,-15.07,-5.57,-3.21,40.5838,40.4274,37.4309,33.6665,32.846,2175229,1255,2026-09-18,34.0,8432137.0
NYSE:OC,OC,Owens Corning Inc Common Stock New,Industrials,Building Products & Equipment,United States,NYSE,9977458724.0,123.9,30.72,36.39,1,9.5,362,False,-22.04,28.57,-0.81,-0.1,-11.25,-12.96,-5.59,124.915,124.0248,139.6125,142.3426,131.2377,143427688,1255,2026-09-18,31.29,80528319.0
NASDAQ:SRRK,SRRK,Scholar Rock Holding Corporation,Healthcare,Biotechnology,United States,NASDAQ,5589991968.0,46.65,30.72,37.38,1,9.5,363,False,-22.3,67.08,-3.27,2.96,18.89,54.42,88.88,48.225,45.3104,39.2395,30.2099,24.6984,97799365,1255,2026-09-18,35.26,119828338.0
NASDAQ:NYAX,NYAX,Nayax Ltd.,Technology,Software - Infrastructure,Israel,NASDAQ,1617352075.0,43.27,30.75,34.15,1,9.6,364,False,-42.92,8.94,-26.57,-22.78,-7.12,11.48,,58.9255,56.0349,46.5862,38.8132,,1403675,1002,2026-09-18,31.49,37378139.0
NASDAQ:FWRG,FWRG,"First Watch Restaurant Group, Inc.",Consumer Cyclical,Restaurants,United States,NASDAQ,627544929.0,10.18,30.76,35.7,1,9.6,365,True,-45.44,0.74,-22.96,-27.08,-35.77,-40.27,-39.63,13.2146,13.9603,15.8491,17.0426,16.8622,12986508,1246,2026-09-18,29.48,61644885.0
NYSE:DBD,DBD,Diebold Nixdorf Incorporated,Technology,Software - Application,United States,NYSE,2145424362.0,63.2,30.78,33.99,1,9.6,366,False,-30.36,15.12,-16.23,-12.44,4.95,23.98,,75.442,72.1759,60.2167,50.9756,,16291546,778,2026-09-18,31.43,33946588.0
NASDAQ:GRSD,GRSD,Grandstand Limited,Consumer Cyclical,Gambling,Jersey,NASDAQ,56393878.0,1.6,30.79,35.71,1,9.7,367,False,-81.15,0.0,-53.38,-61.75,-80.19,-81.5,-82.17,3.4323,4.1831,8.0765,8.651,8.9758,309157,1255,2026-09-18,35.49,35246174.0
NASDAQ:AIFU,AIFU,AIFU Inc.,Financial Services,Insurance Brokers,China,NASDAQ,66427164.0,11.21,30.81,32.9,1,9.7,368,False,-91.51,17.14,-70.28,-77.05,-92.23,-98.4,-99.09,37.7243,48.8446,144.3283,702.1448,1231.2713,969658,1255,2026-09-18,29.45,5925706.0
NYSE:EVMN,EVMN,"Evommune, Inc.",Healthcare,Biotechnology,United States,NYSE,347577290.0,9.65,30.83,34.34,1,9.7,369,False,-69.43,2.99,-50.54,,,,,19.5088,,,,,7695977,217,2026-09-18,27.54,36018372.0
NYSE:PRG,PRG,"PROG Holdings, Inc.",Industrials,Rental & Leasing Services,United States,NYSE,1413226339.0,35.48,30.83,35.93,1,9.7,370,False,-25.1,37.18,0.57,3.81,2.24,4.46,12.43,35.2793,34.1776,34.7016,33.9651,31.5574,21136651,1255,2026-09-18,31.78,39831633.0
NASDAQ:LNT,LNT,Alliant Energy Corporation,Utilities,Utilities - Regulated Electric,United States,NASDAQ,16945556398.0,65.61,30.85,34.43,1,9.8,371,False,-15.28,6.07,-5.69,-4.56,2.84,12.66,18.09,69.5709,68.7414,63.7968,58.2373,55.5572,138932786,1255,2026-09-18,36.06,258277037.0
NYSE:TNL,TNL,Travel Leisure Co.,Consumer Cyclical,Travel Services,United States,NYSE,3869963668.0,63.15,30.85,35.18,1,9.8,372,False,-18.76,12.45,-10.02,-7.38,7.76,22.39,34.0,70.1808,68.1852,58.6023,51.5994,47.1263,44128732,1255,2026-09-18,32.3,61282085.0
NYSE:WLYB,WLYB,"John Wiley & Sons, Inc.",Communication Services,Publishing,United States,NYSE,408884497.0,46.68,30.85,36.91,1,9.8,373,False,-14.71,60.12,15.04,17.48,14.59,21.1,24.14,40.577,39.735,40.7353,38.5472,37.6039,46170,1255,2026-09-18,40.09,8759308.0
NASDAQ:MBUU,MBUU,"Malibu Boats, Inc.",Consumer Cyclical,Recreational Vehicles,United States,NASDAQ,456953944.0,23.27,30.88,35.56,1,9.8,374,False,-32.77,0.0,-17.05,-18.0,-26.97,-33.96,-42.3,28.0531,28.3786,31.8657,35.2345,40.3266,7617746,1255,2026-09-18,32.23,19637041.0
NYSE:OI,OI,"O-I Glass, Inc.",Consumer Cyclical,Packaging & Containers,United States,NYSE,932714664.0,6.07,30.89,34.7,1,9.9,375,False,-63.5,0.0,-43.93,-45.77,-48.77,-52.17,-57.77,10.8265,11.1937,11.8488,12.6899,14.3731,22267568,1255,2026-09-18,32.76,153659747.0
NASDAQ:KMB,KMB,Kimberly-Clark Corporation,Consumer Defensive,Household & Personal Products,United States,NASDAQ,32483683336.0,97.86,30.9,36.75,1,9.9,376,False,-18.04,7.89,-2.63,-4.31,-13.98,-14.51,-14.28,100.5054,102.2709,113.7618,114.4659,114.167,468935735,1255,2026-09-18,31.59,331940357.0
NASDAQ:VKTX,VKTX,"Viking Therapeutics, Inc.",Healthcare,Biotechnology,United States,NASDAQ,3381768644.0,28.99,30.9,36.6,1,9.9,377,False,-31.19,16.1,-12.94,-13.01,-18.66,-23.98,-8.22,33.3,33.3238,35.641,38.1338,31.5851,62927107,1255,2026-09-18,32.12,116652937.0
NASDAQ:EYPT,EYPT,"EyePoint, Inc.",Healthcare,Biotechnology,United States,NASDAQ,331916731.0,3.85,30.91,32.12,1,10.0,378,False,-79.58,11.59,-70.77,-70.65,-64.44,-68.1,-63.71,13.1719,13.1174,10.826,12.0704,10.6099,18661026,1255,2026-09-18,31.7,86212138.0
NASDAQ:NEXN,NEXN,Nexxen International Ltd.,Communication Services,Advertising Agencies,Israel,NASDAQ,485327985.0,8.71,30.91,37.0,1,10.0,379,False,-20.46,52.81,10.7,10.0,0.45,15.65,19.0,7.8682,7.9178,8.6709,7.5313,7.3191,4909135,1255,2026-09-18,34.73,55720779.0
NYSE:RRX,RRX,Regal Rexnord Corporation,Industrials,Specialty Industrial Machinery,United States,NYSE,9855625283.0,148.05,30.92,34.02,1,10.0,380,True,-37.84,15.68,-21.2,-16.88,-8.24,-4.82,-1.86,187.8721,178.1264,161.3418,155.5546,150.859,197095040,1255,2026-09-18,30.75,66569573.0
NYSE:LHX,LHX,"L3Harris Technologies, Inc.",Industrials,Aerospace & Defense,United States,NYSE,46049012391.0,247.29,30.93,34.0,1,10.0,381,False,-33.85,0.71,-20.26,-18.93,-7.6,1.07,7.1,310.1354,305.0511,267.6156,244.6759,230.8922,436471467,1255,2026-09-18,33.71,186214616.0
NYSE:BBUC,BBUC,Brookfield Business Corporation Class A Subordinate Voting Shares,Industrials,Conglomerates,Bermuda,NYSE,5306860797.0,25.7,30.96,34.41,2,10.0,382,True,-31.29,0.55,-21.01,-21.87,-14.11,-3.76,2.92,32.537,32.894,29.9222,26.7045,24.9718,9704367,1139,2026-09-18,28.83,206492638.0
NYSE:KRMN,KRMN,Karman Holdings Inc.,Industrials,Aerospace & Defense,United States,NYSE,4737815189.0,35.75,30.98,34.21,2,10.1,383,True,-68.99,3.95,-49.24,-49.54,,,,70.4303,70.8529,,,,140187051,401,2026-09-18,29.19,132526299.0
NASDAQ:UPB,UPB,"Upstream Bio, Inc.",Healthcare,Biotechnology,United States,NASDAQ,290602725.0,5.34,30.98,35.17,2,10.1,384,True,-83.62,0.56,-58.74,-64.02,,,,12.9418,14.84,,,,3784073,485,2026-09-18,30.11,54419986.0
NYSE:DX,DX,"Dynex Capital, Inc.",Real Estate,REIT - Mortgage,United States,NYSE,3022673049.0,12.18,31.0,36.53,2,10.1,385,False,-9.51,18.27,-3.26,-1.52,8.64,18.67,26.6,12.591,12.3674,11.2109,10.2634,9.6208,69518733,1255,2026-09-18,33.92,248166917.0
NYSE:PHG,PHG,Koninklijke Philips N.V. NY Registry Shares,Healthcare,Medical Devices,Netherlands,NYSE,24122910009.0,24.68,31.0,36.18,2,10.1,386,False,-22.09,0.37,-8.47,-8.4,-4.47,1.06,9.96,26.9646,26.9446,25.8339,24.4204,22.4441,18533490,1255,2026-09-18,31.0,977427472.0
NASDAQ:NKLR,NKLR,Terra Innovatum Global N.V.,Utilities,Utilities - Regulated Electric,Italy,NASDAQ,439793614.0,3.98,31.01,36.39,2,10.2,387,False,-78.2,1.79,-24.37,,,,,5.2625,,,,,2452856,240,2026-09-18,33.27,110500908.0
NYSE:RTX,RTX,RTX Corporation,Industrials,Aerospace & Defense,United States,NYSE,261465079936.0,194.0,31.01,37.89,2,10.2,388,True,-13.97,25.4,0.53,3.38,22.41,42.87,56.75,192.974,187.6658,158.4798,135.7918,123.7607,809486582,1255,2026-09-18,29.75,1347758144.0
NASDAQ:JBIO,JBIO,"Jade Biosciences, Inc.",Healthcare,Biotechnology,United States,NASDAQ,1030966283.0,16.94,31.02,36.2,2,10.2,389,False,-36.91,128.3,-7.27,2.54,-52.37,-91.11,-94.54,18.2686,16.521,35.5679,190.5848,310.3807,17626965,1255,2026-09-18,31.87,60859875.0
NASDAQ:MRTN,MRTN,"Marten Transport, Ltd.",Industrials,Trucking,United States,NASDAQ,1101453322.0,13.5,31.03,33.75,2,10.3,390,False,-25.58,46.06,-5.17,0.83,-1.6,-10.2,-16.66,14.2354,13.3894,13.7189,15.0335,16.1978,9036765,1255,2026-09-18,31.74,81589135.0
NASDAQ:RCAT,RCAT,"Red Cat Holdings, Inc.",Industrials,Aerospace & Defense,United States,NASDAQ,1027297789.0,6.75,31.04,36.69,2,10.3,391,False,-61.12,9.93,-38.74,-37.96,-25.26,5.17,32.39,11.0181,10.8799,9.0311,6.4182,5.0987,62356772,1255,2026-09-18,33.62,152192265.0
NYSE:SXI,SXI,Standex International Corporation,Industrials,Specialty Industrial Machinery,United States,NYSE,3164538776.0,261.21,31.04,35.56,2,10.3,392,True,-26.9,30.13,-3.86,-0.43,19.08,31.3,46.33,271.6875,262.3341,219.3555,198.9479,178.5015,35240946,1255,2026-09-18,26.99,12114922.0
NYSE:ENHA,ENHA,Enhanced Group Inc.,Consumer Defensive,Packaged Foods,United States,NYSE,185266349.0,1.44,31.05,31.61,2,10.3,393,False,-85.15,0.7,,,,,,,,,,,1385860,92,2026-09-18,31.75,128657187.0
NYSE:IDA,IDA,"IDACORP, Inc.",Utilities,Utilities - Regulated Electric,United States,NYSE,7610856018.0,131.58,31.06,35.09,2,10.4,394,False,-14.34,7.48,-4.85,-3.39,6.89,17.89,22.79,138.2876,136.1949,123.1029,111.6137,107.1583,72890273,1255,2026-09-18,34.96,57842043.0
NYSE:XPO,XPO,"XPO, Inc.",Industrials,Trucking,United States,NYSE,20402316526.0,174.25,31.06,34.99,2,10.4,395,False,-23.7,40.91,-8.73,-2.6,14.53,28.91,55.11,190.9166,178.9022,152.149,135.1669,112.338,189785553,1255,2026-09-18,31.94,117086465.0
NASDAQ:PALI,PALI,"Palisade Bio, Inc.",Healthcare,Biotechnology,United States,NASDAQ,275991675.0,1.59,31.07,36.77,2,10.4,396,False,-43.21,165.0,-17.82,-15.66,-4.86,-51.38,-86.89,1.9348,1.8852,1.6712,3.2705,12.1286,5077667,1255,2026-09-18,34.59,173579670.0
NASDAQ:LYEL,LYEL,"Lyell Immunopharma, Inc.",Healthcare,Biotechnology,United States,NASDAQ,269792982.0,11.01,31.08,36.36,2,10.4,397,False,-71.48,2.18,-44.64,-43.06,-33.65,-54.22,-69.04,19.8894,19.3346,16.5949,24.0498,35.5635,1448587,1255,2026-09-18,28.48,24504358.0
NASDAQ:ORGO,ORGO,Organogenesis Holdings Inc. - Class A,Healthcare,Drug Manufacturers - Specialty & Generic,United States,NASDAQ,182717858.0,1.42,31.1,32.81,2,10.5,398,True,-78.29,4.41,-51.48,-56.79,-60.33,-57.67,-56.25,2.9265,3.2866,3.5799,3.355,3.2459,1112497,1255,2026-09-18,25.1,128674548.0
NYSE:BRBR,BRBR,"BellRing Brands, Inc.",Consumer Defensive,Packaged Foods,United States,NYSE,1044175093.0,8.98,31.11,35.72,2,10.5,399,False,-75.6,13.67,-44.9,-54.18,-78.71,-80.46,-78.73,16.2982,19.5998,42.1736,45.9672,42.225,28800462,1255,2026-09-18,32.4,116277850.0
NYSE:CTRI,CTRI,"Centuri Holdings, Inc.",Utilities,Utilities - Regulated Gas,United States,NYSE,1953085710.0,19.35,31.14,33.7,2,10.5,400,True,-53.71,1.47,-31.46,-27.51,-16.52,,,28.2331,26.6938,23.1799,,,29924768,606,2026-09-18,28.0,100934662.0
NASDAQ:LWAY,LWAY,"Lifeway Foods, Inc.",Consumer Defensive,Packaged Foods,United States,NASDAQ,365237123.0,23.9,31.14,36.21,2,10.5,401,True,-26.07,34.27,-3.45,-3.81,-3.62,11.78,35.36,24.7533,24.8461,24.7986,21.3815,17.6562,3391790,1255,2026-09-18,29.67,15281888.0
NASDAQ:TDUP,TDUP,ThredUp Inc.,Consumer Cyclical,Internet Retail,United States,NASDAQ,268762845.0,2.48,31.15,31.7,2,10.6,402,True,-76.74,2.48,-49.14,-56.09,-50.5,-38.28,-30.71,4.8764,5.6483,5.0104,4.018,3.5789,6216468,1255,2026-09-18,28.3,108372115.0
NASDAQ:DTIL,DTIL,"Precision BioSciences, Inc.",Healthcare,Biotechnology,United States,NASDAQ,172100987.0,6.67,31.16,37.74,2,10.6,403,False,-28.12,86.83,6.89,7.84,11.96,-13.4,-49.03,6.2402,6.1849,5.9576,7.7022,13.0858,1879079,1255,2026-09-18,31.16,25802247.0
NASDAQ:CRBP,CRBP,"Corbus Pharmaceuticals Holdings, Inc.",Healthcare,Biotechnology,United States,NASDAQ,138587907.0,7.48,31.18,35.86,2,10.6,404,False,-61.36,8.09,-18.04,-25.49,-30.6,-56.28,-47.78,9.1267,10.0394,10.7781,17.1069,14.323,12079917,1255,2026-09-18,27.99,18527795.0
NYSE:OLP,OLP,"One Liberty Properties, Inc.",Real Estate,REIT - Diversified,United States,NYSE,498574387.0,22.85,31.18,37.1,2,10.6,405,False,-10.18,21.54,1.57,4.23,1.82,7.98,13.84,22.4962,21.9228,22.4413,21.1612,20.0726,1612503,1255,2026-09-18,32.73,21819448.0
NYSE:CHCT,CHCT,Community Healthcare Trust Incorporated,Real Estate,REIT - Healthcare Facilities,United States,NYSE,404862307.0,14.17,31.21,34.11,2,10.7,406,False,-23.8,19.01,-11.75,-8.45,-5.86,-13.97,-24.46,16.0561,15.4781,15.0523,16.4717,18.7581,5550556,1255,2026-09-18,34.86,28571793.0
NYSE:VTN,VTN,Invesco Trust for Investment Grade New York Municipals,Financial Services,Asset Management,United States,NYSE,147148619.0,10.04,31.21,32.83,2,10.7,407,False,-12.6,1.41,-7.59,-6.65,-0.63,4.16,8.62,10.8651,10.7547,10.1041,9.6392,9.243,397496,1255,2026-09-18,26.16,14656237.0
NYSE:ALX,ALX,"Alexander's, Inc.",Real Estate,REIT - Retail,United States,NYSE,1262266724.0,247.15,31.25,37.13,2,10.7,408,False,-12.19,27.19,2.49,5.04,14.88,22.89,30.64,241.1416,235.2936,215.1299,201.1164,189.1872,10772773,1255,2026-09-18,31.58,5107290.0
NASDAQ:UPBD,UPBD,"Upbound Group, Inc.",Technology,Software - Application,United States,NASDAQ,998571526.0,17.13,31.25,36.83,2,10.7,409,False,-32.06,13.51,-8.41,-9.19,-20.42,-26.83,-25.52,18.7024,18.8641,21.5245,23.4118,22.9999,15072256,1255,2026-09-18,35.66,58293726.0
NASDAQ:HAPN,HAPN,"Happen, Inc.",Financial Services,Banks - Regional,United States,NASDAQ,1867292768.0,16.18,31.27,36.49,2,10.8,410,True,-25.02,21.47,-8.28,-7.39,5.42,24.57,34.79,17.6403,17.4718,15.3481,12.9886,12.004,20722063,1255,2026-09-18,30.9,115407464.0
NASDAQ:OCFC,OCFC,OceanFirst Financial Corp.,Financial Services,Banks - Regional,United States,NASDAQ,1552493759.0,17.87,31.27,36.91,2,10.8,411,False,-10.83,7.43,-3.61,-2.46,1.98,9.47,9.38,18.5395,18.321,17.5231,16.3238,16.3369,18163338,1255,2026-09-18,34.62,86877099.0
NYSE:SYK,SYK,Stryker Corporation,Healthcare,Medical Devices,United States,NYSE,105470212841.0,275.12,31.27,35.25,2,10.8,412,False,-28.61,1.89,-17.45,-19.1,-22.76,-19.61,-14.1,333.2618,340.0694,356.1719,342.2286,320.2813,894341779,1255,2026-09-18,33.39,383360762.0
NYSE:ARCO,ARCO,Arcos Dorados Holdings Inc. Class A Shares,Consumer Cyclical,Restaurants,Uruguay,NYSE,983892819.0,7.53,31.31,36.92,2,10.9,413,False,-20.08,16.31,-7.25,-4.28,-1.89,-10.14,-8.43,8.1183,7.8667,7.6747,8.3793,8.2235,8238231,1255,2026-09-18,34.3,130663057.0
NYSE:VMRK,VMRK,Vivmark Residential Common Shares of Beneficial Interest,Real Estate,REIT - Residential,United States,NYSE,24416661007.0,61.22,31.32,36.15,2,10.9,414,False,-12.73,7.98,-3.19,-2.05,-4.63,-1.18,1.72,63.2359,62.5016,64.1931,61.9508,60.1835,422259600,1255,2026-09-18,37.15,398834711.0
NYSE:CAVA,CAVA,"CAVA Group, Inc.",Consumer Cyclical,Restaurants,United States,NYSE,6014709924.0,51.64,31.33,34.63,2,10.9,415,False,-46.98,18.47,-28.59,-25.34,-40.06,-34.13,,72.3144,69.1658,86.1519,78.392,,186234177,818,2026-09-18,30.11,116473856.0
AMEX:LODE,LODE,Comstock Inc.,Basic Materials,Other Precious Metals & Mining,United States,AMEX,201169673.0,2.65,31.36,35.53,2,10.9,416,False,-44.44,11.81,-23.35,-22.84,-22.56,-23.06,-29.74,3.4571,3.4345,3.422,3.4444,3.7717,3426538,1255,2026-09-18,30.22,75913084.0
NYSE:EFX,EFX,"Equifax, Inc.",Industrials,Consulting Services,United States,NYSE,18664825428.0,158.87,31.38,37.6,2,11.0,417,False,-38.37,4.87,-14.02,-17.61,-28.91,-30.06,-27.48,184.766,192.8295,223.4687,227.1396,219.0776,229669927,1255,2026-09-18,32.99,117484896.0
NYSE:KREF,KREF,KKR Real Estate Finance Trust Inc.,Real Estate,REIT - Mortgage,United States,NYSE,436599831.0,6.79,31.4,38.4,2,11.0,418,False,-21.34,17.6,-3.26,-5.57,-15.15,-16.72,-19.59,7.0186,7.1904,8.0023,8.1534,8.4442,4366598,1255,2026-09-18,32.08,64300417.0
NYSE:JEF,JEF,Jefferies Financial Group Inc.,Financial Services,Capital Markets,United States,NYSE,9299545500.0,47.9,31.41,36.3,2,11.0,419,False,-29.87,35.0,-8.97,-10.12,-15.17,-6.53,4.03,52.6205,53.2921,56.466,51.2446,46.0427,102761212,1255,2026-09-18,31.25,194145000.0
NASDAQ:MPAA,MPAA,"Motorcar Parts of America, Inc.",Consumer Cyclical,Auto Parts,United States,NASDAQ,201449322.0,10.64,31.41,34.73,2,11.0,420,True,-39.99,11.76,-12.6,-17.16,-4.38,7.7,6.1,12.1737,12.8437,11.1276,9.8797,10.0287,1345035,1255,2026-09-18,29.65,18933207.0
NASDAQ:OSW,OSW,OneSpaWorld Holdings Limited,Consumer Cyclical,Leisure,Bahamas,NASDAQ,2219776831.0,21.87,31.43,34.6,2,11.1,421,False,-23.6,13.64,-6.4,-4.37,4.23,18.68,32.87,23.3646,22.8683,20.9815,18.4284,16.4597,24708517,1255,2026-09-18,30.88,101498712.0
NASDAQ:LFTO,LFTO,"Liftoff Mobile, Inc.",Communication Services,Advertising Agencies,United States,NASDAQ,2775343728.0,16.39,31.44,35.2,2,11.1,422,False,-42.39,0.0,,,,,,,,,,,15460103,74,2026-09-18,36.05,169331527.0
NYSE:FBIN,FBIN,"Fortune Brands Innovations, Inc.",Industrials,Building Products & Equipment,United States,NYSE,4700160630.0,39.4,31.46,36.17,2,11.2,423,False,-37.76,19.54,-15.04,-16.18,-28.51,-34.09,-33.36,46.3757,47.0061,55.11,59.7814,59.1239,90351913,1255,2026-09-18,32.51,119293417.0
NASDAQ:MTRX,MTRX,Matrix Service Company,Industrials,Engineering & Construction,United States,NASDAQ,277681100.0,9.87,31.46,34.59,2,11.2,424,False,-36.73,0.0,-18.5,-19.57,-21.58,-17.72,-5.96,12.1098,12.2721,12.5853,11.9959,10.496,4354465,1255,2026-09-18,32.49,28133850.0
AMEX:PRK,PRK,Park National Corporation,Financial Services,Banks - Regional,United States,AMEX,3312425203.0,183.37,31.46,38.6,2,11.2,425,True,-13.26,26.67,5.97,8.56,11.43,21.8,31.04,173.0408,168.9149,164.5615,150.5472,139.9312,21998967,1255,2026-09-18,30.16,18064161.0
NYSE:TJX,TJX,"TJX Companies, Inc. (The)",Consumer Cyclical,Apparel Retail,United States,NYSE,140562593709.0,127.24,31.48,31.45,2,11.2,426,False,-24.21,3.58,-16.74,-15.55,-6.66,3.49,14.71,152.8289,150.6752,136.317,122.9502,110.9226,1178785754,1255,2026-09-18,29.24,1104704446.0
NYSE:STZ,STZ,"Constellation Brands, Inc.",Consumer Defensive,Beverages - Brewers,United States,NYSE,20314426234.0,118.97,31.49,35.41,2,11.2,427,False,-27.58,0.0,-16.83,-15.43,-27.29,-36.52,-39.29,143.0403,140.6755,163.6303,187.4106,195.9508,295659066,1255,2026-09-18,36.65,170752511.0
NYSE:TOST,TOST,"Toast, Inc.",Technology,Software - Infrastructure,United States,NYSE,15345840000.0,29.74,31.54,38.81,2,11.3,428,False,-28.3,33.18,-0.99,-5.26,-14.72,-2.02,7.11,30.0366,31.39,34.8742,30.3545,27.7669,291765683,1253,2026-09-18,35.03,516000000.0
NASDAQ:XRAY,XRAY,DENTSPLY SIRONA Inc.,Healthcare,Medical Instruments & Supplies,United States,NASDAQ,1911116556.0,9.54,31.55,35.62,2,11.3,429,True,-35.01,1.71,-18.46,-18.76,-33.32,-49.68,-57.5,11.6996,11.7427,14.3081,18.9584,22.4464,43264592,1255,2026-09-18,28.58,200326683.0
NYSE:AOMR,AOMR,"Angel Oak Mortgage REIT, Inc.",Real Estate,REIT - Mortgage,United States,NYSE,196825711.0,7.9,31.56,36.84,2,11.3,430,False,-11.25,8.04,-2.67,-2.15,0.34,1.22,10.53,8.1169,8.0735,7.8729,7.8047,7.1471,1326770,1255,2026-09-18,37.95,24914647.0
NASDAQ:MPLT,MPLT,"MapLight Therapeutics, Inc.",Healthcare,Biotechnology,United States,NASDAQ,465390362.0,10.92,31.57,34.47,2,11.4,431,False,-72.56,10.25,-50.18,,,,,21.9197,,,,,7906788,225,2026-09-18,33.2,42618165.0
NYSE:STC,STC,Stewart Information Services Corporation,Financial Services,Insurance - Property & Casualty,United States,NYSE,1923222000.0,63.16,31.57,38.16,2,11.4,432,False,-15.52,11.87,-5.14,-6.07,-4.36,1.48,12.15,66.5814,67.2432,66.0417,62.2384,56.3194,16035426,1255,2026-09-18,40.05,30450000.0
NYSE:STUB,STUB,"StubHub Holdings, Inc.",Communication Services,Internet Content & Information,United States,NYSE,2076068822.0,5.92,31.59,33.57,2,11.4,433,False,-71.12,0.68,-38.49,-46.98,,,,9.6245,11.166,,,,39656727,253,2026-09-18,31.86,350687301.0
NASDAQ:LINE,LINE,"Lineage, Inc.",Real Estate,REIT - Industrial,United States,NASDAQ,8380693376.0,36.81,31.62,36.23,2,11.4,434,False,-17.45,19.13,-3.5,-2.52,-17.61,,,38.1459,37.7612,44.6788,,,31912310,540,2026-09-18,37.59,227674365.0
NYSE:AXP,AXP,American Express Company,Financial Services,Credit Services,United States,NYSE,210399531569.0,311.56,31.66,36.55,2,11.5,435,True,-18.39,7.23,-6.82,-7.42,-0.3,13.03,27.2,334.3663,336.5155,312.4846,275.6443,244.9353,862967324,1255,2026-09-18,31.09,675309833.0
NASDAQ:INGN,INGN,"Inogen, Inc",Healthcare,Medical Devices,United States,NASDAQ,139163012.0,5.14,31.66,34.24,2,11.5,436,False,-42.57,0.19,-18.65,-22.74,-31.36,-31.21,-46.34,6.3187,6.6533,7.4886,7.4721,9.5795,1487511,1255,2026-09-18,30.97,27074516.0
NASDAQ:CCAP,CCAP,"Crescent Capital BDC, Inc.",Financial Services,Asset Management,United States,NASDAQ,360353411.0,9.78,31.67,35.02,2,11.5,437,False,-29.32,0.0,-18.24,-19.39,-25.85,-25.57,-20.47,11.9616,12.1318,13.1892,13.1406,12.2973,3115636,1255,2026-09-18,38.45,36845952.0
NASDAQ:TNXP,TNXP,Tonix Pharmaceuticals Holding Corp.,Healthcare,Biotechnology,United States,NASDAQ,173276507.0,10.87,31.71,38.93,2,11.5,438,False,-61.68,14.3,-22.08,-28.33,-46.81,-96.56,-99.59,13.9506,15.1677,20.4349,316.2172,2680.7343,5673391,1255,2026-09-18,36.47,15940801.0
NASDAQ:ARRY,ARRY,"Array Technologies, Inc.",Technology,Solar,United States,NASDAQ,624535095.0,4.06,31.72,34.48,2,11.6,439,False,-66.05,0.0,-47.33,-48.23,-43.66,-56.79,-66.52,7.7079,7.8423,7.2057,9.3951,12.1249,28226264,1255,2026-09-18,35.16,153826378.0
NYSE:HXL,HXL,Hexcel Corporation,Industrials,Aerospace & Defense,United States,NYSE,6666207294.0,88.15,31.72,35.86,2,11.6,440,True,-19.93,45.53,-1.08,4.28,23.02,26.39,28.97,89.1104,84.5308,71.6575,69.7457,68.3486,74469214,1255,2026-09-18,31.25,75623452.0
NYSE:FHI,FHI,"Federated Hermes, Inc.",Financial Services,Asset Management,United States,NYSE,4334098586.0,57.1,31.73,37.9,2,11.6,441,True,-12.68,23.95,1.63,4.29,19.79,35.9,44.5,56.1865,54.7518,47.6667,42.0164,39.5165,40972938,1255,2026-09-18,26.53,75903653.0
NASDAQ:THH,THH,TryHard Holdings Limited,Industrials,Specialty Business Services,Japan,NASDAQ,74568912.0,1.49,31.73,35.93,2,11.6,442,False,-99.73,2.05,-95.45,-96.54,,,,32.7269,43.094,,,,47991,267,2026-09-18,32.78,50046250.0
NYSE:AIR,AIR,AAR Corp.,Industrials,Aerospace & Defense,United States,NYSE,4498674067.0,112.77,31.75,36.67,2,11.7,443,True,-26.63,49.76,-2.69,3.49,28.76,40.97,55.01,115.8864,108.9704,87.5803,79.9946,72.7488,46408164,1255,2026-09-18,30.69,39892472.0
NASDAQ:IRMD,IRMD,iRadimed Corporation,Healthcare,Medical Devices,United States,NASDAQ,1049742834.0,82.12,31.76,35.45,2,11.7,444,False,-21.51,21.45,-12.41,-9.25,12.37,30.88,46.29,93.7562,90.4916,73.0799,62.7464,56.1353,9414042,1255,2026-09-18,33.82,12783035.0
NASDAQ:FRPT,FRPT,"Freshpet, Inc.",Consumer Defensive,Packaged Foods,United States,NASDAQ,3019333079.0,61.44,31.77,40.61,2,11.7,445,False,-28.14,29.65,-3.71,-0.29,-26.4,-31.2,-25.79,63.8098,61.6176,83.4836,89.2975,82.7899,76152042,1255,2026-09-18,32.05,49142791.0
NYSE:DIN,DIN,"Dine Brands Global, Inc.",Consumer Cyclical,Restaurants,United States,NYSE,354043234.0,27.91,31.81,35.2,2,11.7,446,False,-26.68,24.37,-12.06,-8.53,1.14,-9.37,-24.55,31.7361,30.5135,27.5943,30.7951,36.9919,8968117,1255,2026-09-18,31.84,12685175.0
NYSE:FLO,FLO,"Flowers Foods, Inc.",Consumer Defensive,Packaged Foods,United States,NYSE,1259239786.0,5.94,31.82,34.7,2,11.8,447,False,-51.27,0.0,-29.1,-33.63,-53.47,-60.15,-64.21,8.3784,8.9492,12.7669,14.9046,16.5973,54447483,1255,2026-09-18,34.78,211993230.0
NYSE:AORT,AORT,"Artivion, Inc.",Healthcare,Medical Devices,United States,NYSE,1133487222.0,23.35,31.83,38.02,2,11.8,448,False,-50.98,16.17,-28.79,-33.28,-27.63,-17.33,-5.48,32.7893,34.9954,32.2637,28.2451,24.7035,17468195,1255,2026-09-18,34.42,48543350.0
NASDAQ:ASPI,ASPI,ASP Isotopes Inc.,Basic Materials,Chemicals,United States,NASDAQ,382746479.0,3.04,31.83,35.49,2,11.8,449,False,-78.36,0.0,-43.79,-50.89,-51.25,-39.79,,5.4085,6.1904,6.236,5.0487,,14581676,966,2026-09-18,35.25,125903447.0
NYSE:EVF,EVF,Eaton Vance Senior Income Trust,Financial Services,Asset Management,United States,NYSE,88125902.0,4.85,31.83,37.48,2,11.8,450,False,-5.04,3.96,-0.98,-1.54,-3.98,-3.41,2.65,4.8982,4.9258,5.051,5.021,4.7248,303998,1255,2026-09-18,34.05,18170289.0
NYSE:UP,UP,Wheels Up Experience Inc.,Industrials,Airports & Air Services,United States,NYSE,129811810.0,3.58,31.86,33.58,2,11.9,451,False,-92.98,13.29,-61.52,-73.66,-84.62,-88.93,-94.42,9.3034,13.5931,23.2827,32.3424,64.212,538408,1255,2026-09-18,30.74,36260282.0
NYSE:VTR,VTR,"Ventas, Inc.",Real Estate,REIT - Healthcare Facilities,United States,NYSE,44467319862.0,86.69,31.86,38.73,2,11.9,452,False,-13.77,32.45,2.01,5.52,20.05,37.46,50.94,84.9778,82.155,72.21,63.0643,57.4317,311807905,1255,2026-09-18,35.08,512946359.0
NYSE:DEA,DEA,"Easterly Government Properties, Inc.",Real Estate,REIT - Office,United States,NYSE,1107325838.0,23.4,31.88,38.62,2,11.9,453,False,-7.02,20.53,3.08,5.27,2.97,-0.1,-4.38,22.6998,22.2278,22.7253,23.423,24.4715,8330556,1255,2026-09-18,30.59,47321617.0
NYSE:FCN,FCN,"FTI Consulting, Inc.",Industrials,Consulting Services,United States,NYSE,3898202158.0,141.18,31.88,36.69,2,11.9,454,True,-24.51,0.56,-13.92,-13.65,-18.18,-23.57,-22.84,164.0055,163.4974,172.5519,184.7108,182.9812,58211257,1255,2026-09-18,31.42,27611575.0
NYSE:TPR,TPR,"Tapestry, Inc.",Consumer Cyclical,Luxury Goods,United States,NYSE,23235142110.0,115.0,31.88,34.71,2,11.9,455,False,-29.95,17.88,-16.62,-12.87,11.98,42.57,65.69,137.9221,131.9818,102.7001,80.6598,69.4047,424594208,1255,2026-09-18,33.04,202044714.0
NYSE:WSO.B,WSO-B,"Watsco, Inc.",Industrials,Industrial Distribution,United States,NYSE,1766567913.0,312.46,31.91,32.49,2,12.0,456,False,-30.48,1.84,-14.31,-14.5,-24.15,-22.8,-16.58,364.6214,365.4505,411.9448,404.7498,374.5567,17195,1255,2026-09-18,31.91,5653741.0
NASDAQ:FRPH,FRPH,"FRP Holdings, Inc.",Real Estate,Real Estate Services,United States,NASDAQ,403150883.0,21.03,31.93,36.65,2,12.0,457,False,-17.72,1.5,-8.21,-9.14,-18.72,-22.21,-23.16,22.9113,23.1463,25.8735,27.0344,27.3703,2500315,1255,2026-09-18,34.49,19170275.0
NASDAQ:MCFT,MCFT,"MasterCraft Boat Holdings, Inc.",Consumer Cyclical,Recreational Vehicles,United States,NASDAQ,480085391.0,19.82,31.93,34.62,2,12.0,458,False,-27.61,15.17,-11.83,-10.09,-2.71,-3.45,-10.68,22.4804,22.0453,20.3713,20.528,22.1891,5718162,1255,2026-09-18,33.28,24222270.0
NYSE:CMI,CMI,Cummins Inc.,Industrials,Specialty Industrial Machinery,United States,NYSE,73441921129.0,532.23,31.94,34.45,2,12.1,459,True,-26.58,32.36,-11.17,-5.86,18.04,38.52,55.23,599.1557,565.3704,450.9018,384.2338,342.8668,621497206,1255,2026-09-18,26.31,137989067.0
NASDAQ:DSGN,DSGN,"Design Therapeutics, Inc.",Healthcare,Biotechnology,United States,NASDAQ,764473362.0,12.24,31.94,38.17,2,12.1,460,False,-23.21,121.34,3.1,12.82,56.33,94.06,76.64,11.872,10.8492,7.8295,6.3074,6.9293,11237434,1255,2026-09-18,35.64,62456974.0
NASDAQ:FELE,FELE,"Franklin Electric Co., Inc.",Industrials,Specialty Industrial Machinery,United States,NASDAQ,4222636927.0,95.51,31.94,36.78,2,12.1,461,False,-12.99,6.82,-4.17,-3.02,-1.38,-0.4,1.91,99.6643,98.4851,96.8481,95.8967,93.7233,26061097,1255,2026-09-18,33.78,44211464.0
NASDAQ:METCB,METCB,"Ramaco Resources, Inc.",Basic Materials,Coking Coal,United States,NASDAQ,57645977.0,5.01,31.94,35.58,2,12.1,462,False,-76.32,0.0,-49.96,-54.99,-51.62,-51.31,,10.0113,11.1303,10.3548,10.2888,,647296,817,2026-09-18,32.43,11506183.0
NASDAQ:CBRL,CBRL,"Cracker Barrel Old Country Store, Inc.",Consumer Cyclical,Restaurants,United States,NASDAQ,1007156788.0,45.06,31.95,37.29,2,12.2,463,False,-23.68,83.77,19.71,21.22,3.2,-5.91,-22.54,37.6417,37.1729,43.6646,47.888,58.1743,44616037,1255,2026-09-18,27.01,22351460.0
NASDAQ:RXST,RXST,"RxSight, Inc.",Healthcare,Medical Devices,United States,NASDAQ,215262367.0,5.2,31.96,38.25,2,12.2,464,False,-60.28,13.29,-29.23,-32.57,-69.5,-80.42,-78.88,7.3478,7.7119,17.0467,26.5627,24.6154,5296002,1255,2026-09-18,33.45,41396609.0
NYSE:JOBY,JOBY,"Joby Aviation, Inc.",Industrials,Airports & Air Services,United States,NYSE,6019894254.0,6.12,31.97,35.83,2,12.2,465,False,-68.73,0.66,-38.91,-45.45,-38.73,-28.29,-20.81,10.0184,11.2194,9.989,8.5339,7.7281,171693137,1255,2026-09-18,33.02,983642852.0
NASDAQ:NWPX,NWPX,"NWPX Infrastructure, Inc.",Basic Materials,Steel,United States,NASDAQ,976537679.0,101.33,31.98,35.02,2,12.3,466,False,-32.42,105.0,5.44,15.66,51.93,83.13,104.32,96.0983,87.6088,66.6957,55.3326,49.5946,16596192,1255,2026-09-18,34.43,9637202.0
NYSE:OWL,OWL,Blue Owl Capital Inc.,Financial Services,Asset Management,United States,NYSE,6649895744.0,9.84,31.98,39.46,2,12.3,467,False,-44.35,24.72,-9.33,-15.83,-35.38,-33.99,-27.19,10.8522,11.69,15.228,14.9073,13.515,207281433,1255,2026-09-18,33.26,675802413.0
NASDAQ:ERAS,ERAS,"Erasca, Inc.",Healthcare,Biotechnology,United States,NASDAQ,5127071683.0,14.77,32.0,37.94,2,12.3,468,False,-34.27,734.46,10.08,32.5,126.59,189.79,202.14,13.4174,11.1468,6.5184,5.0967,4.8884,77419982,1255,2026-09-18,35.49,347127399.0
NASDAQ:REAL,REAL,"The RealReal, Inc.",Consumer Cyclical,Luxury Goods,United States,NASDAQ,1138609030.0,9.45,32.0,36.92,2,12.3,469,False,-44.08,16.38,-20.1,-20.13,5.1,36.97,69.07,11.8278,11.8316,8.991,6.8995,5.5894,25935595,1255,2026-09-18,32.13,120487728.0
NASDAQ:KLTR,KLTR,"Kaltura, Inc.",Technology,Software - Application,United States,NASDAQ,201502154.0,1.34,32.04,39.27,2,12.4,470,False,-29.1,24.07,-6.95,-8.4,-21.12,-17.24,-21.0,1.4401,1.4629,1.6988,1.6192,1.6963,366087,1255,2026-09-18,39.3,150374742.0
NYSE:JBTM,JBTM,JBT Marel Corporation,Industrials,Specialty Industrial Machinery,United States,NYSE,5727459320.0,110.0,32.05,35.7,2,12.4,471,False,-34.59,0.0,-19.79,-19.68,-14.47,-6.88,-3.71,137.1454,136.958,128.6128,118.1321,114.235,62927580,1255,2026-09-18,32.51,52067812.0
NYSE:BH.A,BH-A,Biglari Holdings Inc.,Consumer Cyclical,Restaurants,United States,NYSE,360614696.0,1707.65,32.08,37.78,2,12.4,472,False,-30.67,28.03,-6.3,-4.22,15.45,33.75,46.8,1822.551,1782.8809,1479.1291,1276.7042,1163.2779,41818155,1255,2026-09-18,34.97,211176.0
NASDAQ:DLTR,DLTR,"Dollar Tree, Inc.",Consumer Defensive,Discount Stores,United States,NASDAQ,21515866872.0,111.96,32.1,37.59,2,12.4,473,False,-20.71,31.66,-4.85,-1.55,14.03,6.98,-2.46,117.6719,113.7279,98.1828,104.652,114.7813,378635450,1255,2026-09-18,34.69,192174588.0
NASDAQ:CEPS,CEPS,"Cantor Equity Partners VI, Inc.",Financial Services,Shell Companies,United States,NASDAQ,121776000.0,10.32,32.11,40.24,2,12.5,474,False,-1.15,2.69,,,,,,,,,,,254566,156,2026-09-18,42.7,11800000.0
NYSE:CRH,CRH,CRH PLC,Basic Materials,Building Materials,Ireland,NYSE,57314260623.0,86.15,32.12,35.41,2,12.5,475,False,-33.69,0.0,-21.35,-22.09,-16.38,-6.71,7.4,109.5371,110.581,103.0251,92.3502,80.2158,415985827,1255,2026-09-18,33.13,665284511.0
NASDAQ:RBBN,RBBN,Ribbon Communications Inc.,Technology,Software - Application,United States,NASDAQ,302959195.0,1.72,32.14,35.22,2,12.5,476,False,-57.43,4.88,-29.32,-34.98,-47.0,-44.93,-44.27,2.4334,2.6454,3.2454,3.1233,3.0865,1655285,1255,2026-09-18,26.88,176139067.0
NYSE:GOOS,GOOS,Canada Goose Holdings Inc. Subordinate Voting Shares,Consumer Cyclical,Apparel Manufacturing,Canada,NYSE,348065875.0,7.46,32.16,33.97,2,12.5,477,False,-48.94,0.67,-30.65,-34.06,-31.97,-34.39,-42.72,10.7571,11.3132,10.9654,11.37,13.0235,7291496,1255,2026-09-18,32.16,46657624.0
NYSE:ACEL,ACEL,"Accel Entertainment, Inc.",Consumer Cyclical,Gambling,United States,NYSE,917297983.0,11.27,32.18,36.89,2,12.6,478,False,-15.96,17.27,-3.94,-1.71,-1.08,1.22,5.31,11.7325,11.466,11.3932,11.1343,10.702,3520595,1255,2026-09-18,36.67,81392900.0
NASDAQ:DPZ,DPZ,Domino's Pizza Inc,Consumer Cyclical,Restaurants,United States,NASDAQ,9732646437.0,294.2,32.19,37.24,2,12.6,479,False,-31.72,4.59,-17.31,-19.66,-26.91,-27.81,-23.9,355.7892,366.1789,402.4996,407.5238,386.6078,284959174,1255,2026-09-18,33.42,33081735.0
NASDAQ:INVE,INVE,"Identiv, Inc.",Industrials,Building Products & Equipment,United States,NASDAQ,60255592.0,2.51,32.2,36.82,2,12.6,480,False,-52.55,0.4,-26.23,-27.33,-27.91,-42.17,-52.92,3.4023,3.4538,3.4816,4.3404,5.3318,379755,1255,2026-09-18,35.35,24006212.0
NYSE:JHX,JHX,James Hardie Industries plc.,Basic Materials,Building Materials,Ireland,NYSE,14984295350.0,25.82,32.2,39.53,2,12.6,481,False,-16.92,54.7,9.42,13.2,-0.89,-9.98,-5.39,23.5978,22.8083,26.0518,28.6832,27.2898,323242194,1255,2026-09-18,32.58,580336768.0
NYSE:HHH,HHH,Howard Hughes Holdings Inc.,Real Estate,Real Estate - Development,United States,NYSE,3596400788.0,60.22,32.21,35.97,2,12.7,482,False,-32.98,0.0,-14.49,-17.42,-18.17,-16.5,-16.34,70.4219,72.9197,73.5916,72.1169,71.9816,37608570,1255,2026-09-18,36.62,59721036.0
NASDAQ:AIIO,AIIO,Robo.ai Inc.,Consumer Cyclical,Auto Manufacturers,United Arab Emirates,NASDAQ,259329718.0,1.64,32.24,36.63,2,12.7,483,True,-96.87,178.44,-53.68,-78.73,-88.37,-96.32,-98.08,3.5408,7.7118,14.1006,44.525,85.3571,1367419,1255,2026-09-18,26.81,158127877.0
NYSE:GD,GD,General Dynamics Corporation,Industrials,Aerospace & Defense,United States,NYSE,95520217695.0,353.05,32.25,37.6,2,12.7,484,False,-10.84,13.46,-0.05,1.06,12.75,19.71,28.69,353.2354,349.3538,313.1131,294.9159,274.3463,408970676,1255,2026-09-18,34.6,270557195.0
NYSE:OUT,OUT,OUTFRONT Media Inc.,Real Estate,REIT - Specialty,United States,NYSE,4926257010.0,27.98,32.3,35.17,2,12.8,485,True,-16.3,71.22,-0.67,7.01,32.27,55.02,67.95,28.1674,26.1479,21.1539,18.0494,16.6595,46761444,1255,2026-09-18,30.02,176063510.0
NASDAQ:USGO,USGO,U.S. GoldMining Inc.,Basic Materials,Other Industrial Metals & Mining,Canada,NASDAQ,105467450.0,7.6,32.31,38.07,2,12.8,486,False,-51.99,3.68,-27.34,-28.97,-24.26,-13.34,,10.4597,10.7004,10.0345,8.7698,,783607,857,2026-09-18,33.15,13877296.0
NASDAQ:JACK,JACK,Jack In The Box Inc.,Consumer Cyclical,Restaurants,United States,NASDAQ,249101425.0,13.06,32.34,38.44,2,12.8,487,False,-44.47,38.94,-17.0,-19.05,-45.64,-64.22,-72.17,15.7355,16.1338,24.0239,36.4991,46.9353,8499711,1255,2026-09-18,33.3,19073616.0
NYSE:QXO,QXO,"QXO, Inc.",Industrials,Industrial Distribution,United States,NYSE,11810224826.0,11.38,32.35,36.09,2,12.8,488,False,-57.96,0.98,-39.71,-39.43,-35.5,-66.92,-63.47,18.877,18.7896,17.6425,34.4044,31.1489,189280408,1255,2026-09-18,34.15,1037805345.0
NYSE:BHR,BHR,Braemar Hotels & Resorts Inc.,Real Estate,REIT - Hotel & Motel,United States,NYSE,122935979.0,1.79,32.36,35.56,2,12.9,489,True,-42.99,1.13,-27.0,-28.13,-28.49,-26.15,-32.16,2.4522,2.4906,2.503,2.4238,2.6387,820670,1255,2026-09-18,29.16,68679318.0
NYSE:DFH,DFH,"Dream Finders Homes, Inc.",Consumer Cyclical,Residential Construction,United States,NYSE,374524190.0,11.35,32.38,37.01,2,12.9,490,False,-60.08,0.0,-29.03,-34.38,-48.11,-53.81,-49.3,15.9916,17.2955,21.8745,24.572,22.3887,9973926,1255,2026-09-18,34.38,32997726.0
NASDAQ:ILPT,ILPT,Industrial Logistics Properties Trust - Common Shares of Beneficial Interest,Real Estate,REIT - Industrial,United States,NASDAQ,514610743.0,7.71,32.38,37.25,2,12.9,491,False,-16.69,57.05,9.1,14.6,44.38,61.21,73.31,7.067,6.7277,5.34,4.7824,4.4488,2339706,1255,2026-09-18,33.41,66745881.0
NASDAQ:RAPP,RAPP,"Rapport Therapeutics, Inc.",Healthcare,Biotechnology,United States,NASDAQ,1940721669.0,40.45,32.38,39.52,2,12.9,492,False,-22.95,65.98,13.97,20.09,63.53,,,35.4915,33.6832,24.7352,,,15316032,572,2026-09-18,36.32,47978286.0
NYSE:RITM,RITM,Rithm Capital Corp.,Real Estate,REIT - Mortgage,United States,NYSE,5221105740.0,9.35,32.39,39.42,2,13.0,493,False,-18.22,12.46,-3.74,-4.86,-5.46,-0.98,7.99,9.7128,9.8281,9.8905,9.4429,8.658,49122589,1255,2026-09-18,35.96,558407031.0
NASDAQ:CENX,CENX,Century Aluminum Company,Basic Materials,Aluminum,United States,NASDAQ,3860977573.0,39.01,32.41,36.76,2,13.0,494,False,-43.27,50.91,-22.24,-14.99,19.92,50.97,81.13,50.1668,45.8861,32.5306,25.8392,21.5367,73111473,1255,2026-09-18,36.31,98974047.0
NYSE:OIA,OIA,Invesco Municipal Income Opportunities Trust,Financial Services,Asset Management,United States,NYSE,272732153.0,5.69,32.41,34.8,2,13.0,495,False,-8.07,1.42,-4.65,-3.76,-0.67,1.32,3.41,5.9673,5.9126,5.7284,5.6156,5.5024,638068,1255,2026-09-18,40.66,47931837.0
NASDAQ:ATEX,ATEX,Anterix Inc.,Communication Services,Telecom Services,United States,NASDAQ,1501187436.0,76.99,32.42,38.72,2,13.1,496,False,-28.85,327.96,36.75,57.27,94.0,103.86,110.69,56.2983,48.9526,39.6865,37.7669,36.5425,27344469,1255,2026-09-18,32.97,19498473.0
NASDAQ:BLMN,BLMN,"Bloomin' Brands, Inc.",Consumer Cyclical,Restaurants,United States,NASDAQ,690907296.0,8.07,32.42,38.69,2,13.1,497,False,-31.9,53.42,6.84,8.27,-8.38,-37.71,-46.22,7.5535,7.4537,8.8082,12.9565,15.0052,19698764,1255,2026-09-18,32.07,85614287.0
NYSE:GETY,GETY,"Getty Images Holdings, Inc.",Communication Services,Internet Content & Information,United States,NYSE,93427911.0,0.223,32.43,34.31,2,13.1,498,False,-90.55,0.0,-73.37,-78.92,-87.06,-91.42,-93.35,0.8373,1.0579,1.723,2.5977,3.3516,658981,1255,2026-09-18,34.2,418959244.0
NYSE:LEVI,LEVI,Levi Strauss & Co,Consumer Cyclical,Apparel Manufacturing,United States,NYSE,1991044599.0,19.82,32.43,35.08,2,13.1,499,False,-22.37,12.06,-8.57,-8.24,1.41,6.49,13.58,21.6784,21.5996,19.5448,18.6122,17.4508,45647220,1255,2026-09-18,32.68,100456337.0
NYSE:TRU,TRU,TransUnion,Financial Services,Financial Data & Stock Exchanges,United States,NYSE,13877588000.0,72.43,32.43,38.9,2,13.1,500,False,-21.16,12.59,-4.76,-6.11,-14.15,-9.94,-5.72,76.0522,77.144,84.3723,80.422,76.8281,184633281,1255,2026-09-18,33.58,191600000.0
NYSE:ALLY,ALLY,Ally Financial Inc.,Financial Services,Credit Services,United States,NYSE,12167987720.0,40.0,32.44,36.87,2,13.2,501,False,-14.76,12.77,-5.77,-4.15,4.13,9.31,19.11,42.4482,41.73,38.4138,36.5932,33.5813,144797455,1255,2026-09-18,35.45,304199693.0
NYSE:GTN.A,GTN-A,"Gray Media, Inc.",Communication Services,Broadcasting,United States,NYSE,50333466.0,5.1,32.48,36.88,2,13.2,502,False,-62.59,0.0,-44.97,-44.74,-39.49,-36.74,-38.34,9.2683,9.2294,8.4277,8.0614,8.2718,24031,1255,2026-09-18,45.63,9869307.0
NASDAQ:MNPR,MNPR,Monopar Therapeutics Inc.,Healthcare,Biotechnology,United States,NASDAQ,646258511.0,96.47,32.48,40.12,2,13.2,503,False,-22.1,92.48,26.87,24.28,77.97,160.05,220.49,76.0368,77.6253,54.2045,37.0968,30.1008,16647629,1255,2026-09-18,38.57,6699062.0
NASDAQ:SEER,SEER,"Seer, Inc.",Healthcare,Biotechnology,United States,NASDAQ,102265685.0,1.86,32.48,38.6,2,13.2,504,False,-21.52,14.81,-1.73,-4.44,-8.22,-5.06,-31.57,1.8927,1.9464,2.0266,1.9591,2.7181,336448,1255,2026-09-18,39.5,54981551.0
NASDAQ:CXDO,CXDO,"Crexendo, Inc.",Communication Services,Telecom Services,United States,NASDAQ,182498550.0,5.63,32.5,35.94,2,13.3,505,False,-46.23,0.54,-19.78,-18.56,-9.7,2.7,22.78,7.0184,6.913,6.235,5.4819,4.5855,1823439,1255,2026-09-18,34.42,32415373.0
NYSE:EVH,EVH,"Evolent Health, Inc",Healthcare,Health Information Services,United States,NYSE,415055137.0,3.69,32.51,38.52,2,13.3,506,True,-61.6,70.05,-4.22,-17.03,-56.66,-75.25,-80.42,3.8524,4.4475,8.5132,14.9076,18.8414,10425081,1255,2026-09-18,31.63,112481067.0
NASDAQ:TTWO,TTWO,"Take-Two Interactive Software, Inc.",Communication Services,Electronic Gaming & Multimedia,United States,NASDAQ,38415132014.0,205.45,32.51,36.26,2,13.3,507,False,-21.67,8.31,-9.35,-11.25,-5.82,4.88,15.71,226.6315,231.4981,218.1496,195.8928,177.5536,623936126,1255,2026-09-18,36.03,186980443.0
NYSE:GDV,GDV,Gabelli Dividend & Income Trust Common Shares of Beneficial Interest,Financial Services,Asset Management,United States,NYSE,2531570298.0,28.95,32.52,38.77,2,13.4,508,False,-5.33,16.44,3.04,5.06,15.4,26.3,35.54,28.0952,27.5562,25.0873,22.9213,21.359,2985548,1255,2026-09-18,34.64,87446297.0
NYSE:LDI,LDI,"loanDepot, Inc.",Financial Services,Mortgage Finance,United States,NYSE,161732149.0,0.698,32.52,35.2,2,13.4,509,False,-83.02,0.0,-55.53,-62.66,-62.39,-64.68,-64.12,1.5697,1.8695,1.8559,1.9762,1.9452,5504366,1255,2026-09-18,34.11,231707950.0
NASDAQ:LENZ,LENZ,"LENZ Therapeutics, Inc.",Healthcare,Biotechnology,United States,NASDAQ,127612384.0,4.07,32.52,36.14,2,13.4,510,False,-91.7,0.0,-60.81,-73.63,-81.72,-79.16,-76.01,10.3862,15.4359,22.2633,19.5311,16.9685,3311481,1255,2026-09-18,33.36,31354394.0
NASDAQ:SANG,SANG,Sangoma Technologies Corporation,Technology,Software - Infrastructure,Canada,NASDAQ,114811826.0,3.45,32.52,36.03,2,13.4,511,False,-36.11,0.0,-19.03,-22.03,-33.0,-28.25,-26.29,4.2611,4.4248,5.1491,4.8085,4.6804,18482,1255,2026-09-18,33.87,33278790.0
NASDAQ:PHAT,PHAT,"Phathom Pharmaceuticals, Inc.",Healthcare,Biotechnology,United States,NASDAQ,605138986.0,7.48,32.54,36.13,2,13.5,512,False,-58.63,0.0,-36.46,-38.02,-28.83,-27.82,-28.98,11.7714,12.0693,10.5096,10.3636,10.532,10030216,1255,2026-09-18,34.86,80900934.0
NYSE:UNP,UNP,Union Pacific Corporation,Industrials,Railroads,United States,NYSE,165966871876.0,279.37,32.54,39.67,2,13.5,513,False,-9.64,31.84,7.21,10.67,17.29,20.19,25.93,260.5836,252.4262,238.1844,232.434,221.8476,672204560,1255,2026-09-18,36.01,594075498.0
NYSE:CMTG,CMTG,"Claros Mortgage Trust, Inc.",Real Estate,REIT - Mortgage,United States,NYSE,201750415.0,1.43,32.56,34.61,2,13.5,514,False,-63.8,0.0,-41.01,-45.11,-57.53,-73.44,-79.15,2.4243,2.605,3.3673,5.3845,6.8582,1365819,1223,2026-09-18,34.25,141084206.0
NYSE:MC,MC,Moelis & Company,Financial Services,Capital Markets,United States,NYSE,4424714121.0,59.73,32.58,38.19,2,13.5,515,False,-20.86,18.58,-8.16,-8.01,-6.99,1.06,11.95,65.0338,64.9282,64.2163,59.1018,53.3523,51087994,1255,2026-09-18,31.74,74078589.0
NASDAQ:CENTA,CENTA,Central Garden & Pet Company - Class A Common Stock Nonvoting,Consumer Defensive,Packaged Foods,United States,NASDAQ,1774069621.0,34.57,32.59,37.01,2,13.6,516,False,-14.85,31.59,1.11,4.54,6.06,4.35,6.76,34.1912,33.07,32.5938,33.1289,32.3818,11780293,1255,2026-09-18,35.06,51318184.0
NYSE:INGR,INGR,Ingredion Incorporated,Consumer Defensive,Packaged Foods,United States,NYSE,6137538407.0,97.33,32.59,38.17,2,13.6,517,False,-19.13,3.66,-8.82,-9.84,-17.99,-14.79,-10.16,106.7446,107.9571,118.6878,114.2231,108.3322,62077058,1255,2026-09-18,37.58,63059061.0
NASDAQ:PPLI,PPLI,People Incorporated,Communication Services,Internet Content & Information,United States,NASDAQ,2482561511.0,36.19,32.6,35.85,2,13.6,518,False,-24.0,14.82,-10.52,-7.32,-5.94,-8.13,-10.99,40.4456,39.0478,38.4735,39.3913,40.6606,36745519,1255,2026-09-18,35.91,68597997.0
NASDAQ:IIIV,IIIV,"i3 Verticals, Inc.",Technology,Software - Infrastructure,United States,NASDAQ,288946532.0,14.78,32.62,34.29,2,13.7,519,False,-55.36,0.48,-30.8,-36.17,-39.39,-36.52,-36.82,21.3582,23.1549,24.3853,23.2831,23.3948,9693838,1255,2026-09-18,34.52,19549833.0
NASDAQ:KRRO,KRRO,"Korro Bio, Inc.",Healthcare,Biotechnology,United States,NASDAQ,144514161.0,10.02,32.63,37.65,2,13.7,520,False,-80.49,89.77,-13.34,-36.79,-55.8,-66.84,-74.93,11.5621,15.852,22.6691,30.2137,39.9735,1995120,1255,2026-09-18,41.42,14422571.0
NYSE:SRG,SRG,Seritage Growth Properties,Real Estate,Real Estate Services,United States,NYSE,105890261.0,1.88,32.64,34.12,2,13.7,521,False,-56.58,0.0,-32.01,-37.83,-43.36,-60.21,-68.6,2.7651,3.0242,3.3194,4.7249,5.9872,380672,1255,2026-09-18,36.71,56324607.0
NASDAQ:UMBF,UMBF,UMB Financial Corporation,Financial Services,Banks - Regional,United States,NASDAQ,10216798036.0,134.52,32.64,38.45,2,13.7,522,False,-11.21,31.23,4.84,7.8,15.95,30.25,41.86,128.3142,124.7857,116.0156,103.2804,94.8253,80814061,1255,2026-09-18,33.05,75950030.0
NASDAQ:ERII,ERII,"Energy Recovery, Inc.",Industrials,Pollution & Treatment Controls,United States,NASDAQ,360301360.0,6.99,32.65,35.8,2,13.8,523,False,-61.4,0.0,-34.74,-40.29,-47.82,-51.27,-58.28,10.711,11.7069,13.3951,14.345,16.7539,7999163,1255,2026-09-18,33.7,51545259.0
NYSE:TAP,TAP,Molson Coors Beverage Company,Consumer Defensive,Beverages - Brewers,United States,NYSE,6575834600.0,37.53,32.65,38.04,2,13.8,524,False,-28.62,0.0,-12.29,-12.71,-20.92,-24.19,-24.44,42.7895,42.9941,47.4564,49.5032,49.6704,202447780,1255,2026-09-18,41.35,175215417.0
NASDAQ:GLIBA,GLIBA,Liberty Capital Corporation - Series A GCI Group,Communication Services,Telecom Services,United States,NASDAQ,88060625.0,24.12,32.7,41.01,2,13.8,525,False,-40.04,18.35,-21.69,-24.17,,,,30.8004,31.8098,,,,959205,300,2026-09-18,34.53,3650938.0
NYSE:LW,LW,"Lamb Weston Holdings, Inc.",Consumer Defensive,Packaged Foods,United States,NYSE,6416238783.0,46.67,32.7,38.92,2,13.8,526,True,-27.72,23.26,1.33,-4.2,-12.34,-26.27,-33.51,46.0587,48.717,53.2373,63.2996,70.1914,70608148,1255,2026-09-18,31.29,137481011.0
NASDAQ:CNTB,CNTB,Connect Biopharma Holdings Limited,Healthcare,Biotechnology,United States,NASDAQ,80593732.0,1.28,32.71,35.81,2,13.9,527,False,-65.31,9.4,-47.06,-44.56,-26.15,-19.29,-11.31,2.418,2.3086,1.7333,1.5858,1.4433,3269374,1255,2026-09-18,32.87,62963853.0
NYSE:EVN,EVN,Eaton Vance Municipal Income Trust,Financial Services,Asset Management,United States,NYSE,403857292.0,10.12,32.72,36.07,2,13.9,528,False,-8.83,3.19,-3.62,-3.56,0.83,5.73,9.58,10.5002,10.494,10.0363,9.5714,9.2352,687963,1255,2026-09-18,38.44,39906847.0
NYSE:GIL,GIL,"Gildan Activewear, Inc. Class A Sub. Vot.",Consumer Cyclical,Apparel Manufacturing,Canada,NYSE,8679941916.0,46.87,32.72,36.35,2,13.9,529,True,-34.56,2.14,-19.52,-19.34,-11.54,0.51,11.48,58.2402,58.1051,52.9818,46.6314,42.0431,54379012,1255,2026-09-18,29.38,185191848.0
NASDAQ:JJSF,JJSF,J & J Snack Foods Corp.,Consumer Defensive,Packaged Foods,United States,NASDAQ,1462203846.0,77.97,32.72,40.11,2,13.9,530,False,-21.01,13.79,-4.42,-5.94,-26.42,-34.86,-37.28,81.5778,82.8969,105.9621,119.6903,124.3243,15431001,1255,2026-09-18,34.67,18753416.0
NYSE:BLDR,BLDR,"Builders FirstSource, Inc.",Industrials,Building Products & Equipment,United States,NYSE,6253506081.0,58.12,32.73,36.27,2,14.0,531,True,-55.13,0.76,-34.05,-38.14,-51.52,-56.39,-52.93,88.1285,93.9542,119.8799,133.2642,123.4685,223120967,1255,2026-09-18,31.23,107596457.0
NASDAQ:STAA,STAA,STAAR Surgical Company,Healthcare,Medical Instruments & Supplies,United States,NASDAQ,1036596466.0,20.82,32.73,36.63,2,14.0,532,False,-37.55,29.32,-12.75,-14.69,-11.95,-26.6,-42.96,23.8637,24.4045,23.645,28.3639,36.5018,23397836,1255,2026-09-18,34.68,49788495.0
NASDAQ:PROF,PROF,Profound Medical Corp.,Healthcare,Medical Devices,Canada,NASDAQ,212938553.0,5.86,32.74,36.87,2,14.0,533,False,-32.25,41.89,-15.03,-12.16,-10.03,-19.54,-25.6,6.8969,6.6714,6.513,7.2831,7.8763,731992,1255,2026-09-18,33.24,36337637.0
NASDAQ:LCID,LCID,"Lucid Group, Inc.",Consumer Cyclical,Auto Manufacturers,United States,NASDAQ,1596150345.0,4.09,32.75,36.51,2,14.0,534,False,-83.49,1.24,-49.44,-60.2,-77.04,-82.75,-89.78,8.0899,10.2768,17.8173,23.7164,40.0196,57943804,1255,2026-09-18,35.36,390256808.0
NYSE:CWT,CWT,California Water Service Group,Utilities,Utilities - Regulated Water,United States,NYSE,2929936605.0,47.38,32.79,39.6,2,14.1,535,False,-9.05,14.47,3.66,3.91,3.63,3.16,-0.26,45.7085,45.598,45.7199,45.9273,47.5058,24354024,1255,2026-09-18,36.04,61839101.0
NASDAQ:MAMA,MAMA,"Mama's Creations, Inc.",Consumer Defensive,Packaged Foods,United States,NASDAQ,614229214.0,13.21,32.79,35.5,2,14.1,536,True,-36.03,31.7,-14.52,-8.69,18.82,42.98,76.83,15.4541,14.467,11.1177,9.2391,7.4706,12579036,1255,2026-09-18,31.82,46497291.0
NYSE:NKE,NKE,"Nike, Inc.",Consumer Cyclical,Footwear & Accessories,United States,NYSE,42686959870.0,35.51,32.8,35.86,2,14.1,537,False,-50.81,0.0,-27.97,-32.3,-41.59,-49.51,-54.73,49.2956,52.4528,60.7987,70.3372,78.4462,1141511968,1255,2026-09-18,36.46,1202110951.0
NASDAQ:WALD,WALD,Waldencast plc,Consumer Defensive,Household & Personal Products,United Kingdom,NASDAQ,137158271.0,1.16,32.81,36.5,2,14.2,538,False,-62.34,52.03,-24.21,-28.93,-48.74,-68.6,-76.34,1.5305,1.6321,2.2628,3.6938,4.903,391583,1255,2026-09-18,31.4,118239889.0
NASDAQ:WFCF,WFCF,"Where Food Comes From, Inc.",Industrials,Specialty Business Services,United States,NASDAQ,55583214.0,11.03,32.81,38.53,2,14.2,539,False,-39.16,19.5,-10.19,-10.77,-7.48,-8.94,-11.01,12.2809,12.3611,11.9214,12.1132,12.395,60915,1255,2026-09-18,46.65,5039276.0
NASDAQ:FSV,FSV,FirstService Corporation,Real Estate,Real Estate Services,Canada,NASDAQ,5936705163.0,129.11,32.82,37.65,2,14.2,540,False,-35.47,2.97,-10.89,-14.01,-21.81,-20.33,-16.88,144.8815,150.152,165.1154,162.0538,155.3379,31862624,1255,2026-09-18,37.36,45981761.0
NYSE:BIRK,BIRK,Birkenstock Holding plc,Consumer Cyclical,Footwear & Accessories,United Kingdom,NYSE,5620169071.0,30.56,32.86,35.31,2,14.3,541,False,-37.59,1.83,-23.02,-24.12,-33.04,,,39.6973,40.2729,45.6375,,,81501581,737,2026-09-18,34.87,183906056.0
NASDAQ:CCEC,CCEC,Capital Clean Energy Carriers Corp.,Industrials,Marine Shipping,Greece,NASDAQ,1302057219.0,21.66,32.86,40.63,2,14.3,542,False,-7.81,26.81,2.14,2.55,7.42,17.56,27.89,21.2055,21.1216,20.1644,18.4241,16.9361,117452,1255,2026-09-18,38.68,60113445.0
NASDAQ:MIST,MIST,Milestone Pharmaceuticals Inc.,Healthcare,Biotechnology,Canada,NASDAQ,114040150.0,0.916,32.86,36.17,2,14.3,543,False,-68.95,3.04,-42.6,-45.78,-45.63,-48.06,-61.66,1.5958,1.6894,1.6849,1.7634,2.3889,1590595,1255,2026-09-18,33.14,124497980.0
NYSE:LOB,LOB,"Live Oak Bancshares, Inc.",Financial Services,Banks - Regional,United States,NYSE,1770348465.0,38.25,32.87,38.02,2,14.3,544,False,-12.52,30.49,0.76,3.35,5.76,5.4,10.49,37.9612,37.0087,36.1658,36.2907,34.6174,7864407,1255,2026-09-18,32.87,46283620.0
NASDAQ:LBTYA,LBTYA,Liberty Global Ltd.,Communication Services,Telecom Services,Bermuda,NASDAQ,1744248459.0,9.87,32.88,37.76,2,14.4,545,False,-24.25,1.86,-13.29,-12.88,-11.97,-5.88,-3.72,11.3826,11.3294,11.2125,10.4861,10.2518,22160601,1255,2026-09-18,41.4,176722235.0
NYSE:MTB,MTB,M&T Bank Corporation,Financial Services,Banks - Regional,United States,NYSE,32944720230.0,227.31,32.88,38.17,2,14.4,546,False,-9.96,30.9,3.24,6.99,15.52,29.86,39.33,220.1786,212.4657,196.7707,175.037,163.1478,255106011,1255,2026-09-18,30.78,144933000.0
NASDAQ:LIN,LIN,Linde plc,Basic Materials,Specialty Chemicals,United Kingdom,NASDAQ,212864701524.0,460.4,32.9,36.17,2,14.4,547,True,-15.5,19.4,-4.07,-2.25,0.02,3.6,10.89,479.9364,470.9757,460.3073,444.4096,415.1821,937943838,1255,2026-09-18,30.13,462347310.0
AMEX:VKI,VKI,Invesco Advantage Municipal Income Trust II Common Shares of Beneficial Interest (DE),Financial Services,Asset Management,United States,AMEX,374496613.0,8.43,32.92,35.91,2,14.4,548,False,-9.97,4.92,-3.34,-2.26,3.31,8.49,12.36,8.7211,8.6251,8.1596,7.7706,7.5027,757957,1255,2026-09-18,37.45,44424272.0
NASDAQ:IRON,IRON,"Disc Medicine, Inc.",Healthcare,Biotechnology,United States,NASDAQ,2669454443.0,69.53,32.94,38.03,2,14.5,549,False,-26.12,24.27,-4.93,-6.68,7.85,17.11,27.98,73.1323,74.5053,64.4698,59.3715,54.3289,41125357,1255,2026-09-18,31.56,38392844.0
NYSE:PCG,PCG,Pacific Gas & Electric Co.,Utilities,Utilities - Regulated Electric,United States,NYSE,29071243159.0,13.2,32.94,35.06,2,14.5,550,False,-30.53,0.38,-20.52,-19.74,-20.9,-21.53,-20.28,16.6087,16.4459,16.6885,16.8222,16.5574,794649106,1255,2026-09-18,33.98,2202366906.0
NYSE:TGLS,TGLS,Tecnoglass Holdings Inc.,Basic Materials,Building Materials,United States,NYSE,1586929468.0,35.77,32.97,36.54,2,14.5,551,False,-48.89,0.0,-20.86,-25.16,-41.56,-36.2,-29.61,45.1959,47.7924,61.2074,56.0696,50.8167,10946489,1255,2026-09-18,34.45,44364816.0
NASDAQ:LPLA,LPLA,LPL Financial Holdings Inc.,Financial Services,Capital Markets,United States,NASDAQ,26241576865.0,328.09,32.99,40.47,2,14.5,552,False,-16.33,23.51,-0.55,-1.4,-1.3,8.57,16.53,329.898,332.7348,332.3973,302.2045,281.5554,213644597,1255,2026-09-18,33.95,79982861.0
NYSE:FBRT,FBRT,"Franklin BSP Realty Trust, Inc.",Real Estate,REIT - Mortgage,United States,NYSE,620349258.0,7.47,33.0,38.06,2,14.5,553,False,-26.6,0.0,-13.65,-15.65,-21.78,-22.71,-21.59,8.6504,8.856,9.5497,9.6646,9.5274,20718573,1234,2026-09-18,35.77,83045416.0
NYSE:AR,AR,Antero Resources Corporation,Energy,Oil & Gas E&P,United States,NYSE,10717323540.0,34.86,33.02,39.9,2,14.6,554,False,-22.79,16.08,-4.25,-2.49,-0.93,6.79,10.95,36.4066,35.7513,35.1886,32.6432,31.4205,136566158,1255,2026-09-18,36.19,307439000.0
NASDAQ:WSE,WSE,Wise Group plc,Technology,Information Technology Services,United Kingdom,NASDAQ,11306469235.0,11.45,33.02,37.99,2,14.6,555,False,-25.65,10.1,,,,,,,,,,,17707820,91,2026-09-18,36.47,987464562.0
NYSE:HOS,HOS,"Hornbeck Offshore Services, Inc.",Industrials,Marine Shipping,United States,NYSE,2750070000.0,8.41,33.03,37.55,2,14.6,556,False,-20.66,37.42,-6.09,-0.68,2.13,-6.46,-1.8,8.9553,8.4672,8.2346,8.9907,8.564,23504404,1255,2026-09-18,35.03,327000000.0
NASDAQ:NAVN,NAVN,"Navan, Inc.",Technology,Software - Application,United States,NASDAQ,5105607450.0,21.36,33.03,37.79,2,14.6,557,False,-30.15,151.0,16.8,,,,,18.2873,,,,,106960202,222,2026-09-18,35.21,239026566.0
NASDAQ:CTMX,CTMX,"CytomX Therapeutics, Inc.",Healthcare,Biotechnology,United States,NASDAQ,600860056.0,2.76,33.04,36.88,2,14.7,558,False,-59.11,39.39,-32.97,-30.7,2.79,18.68,26.51,4.1178,3.9825,2.6852,2.3256,2.1816,13260106,1255,2026-09-18,34.33,217702919.0
NASDAQ:EXC,EXC,Exelon Corporation,Utilities,Utilities - Regulated Electric,United States,NASDAQ,43342784392.0,42.07,33.04,36.63,2,14.7,559,False,-14.75,1.17,-6.52,-6.34,-0.74,6.42,8.97,45.0054,44.9168,42.3843,39.5329,38.6053,321010631,1255,2026-09-18,37.34,1030253967.0
NASDAQ:GEHC,GEHC,GE HealthCare Technologies Inc.,Healthcare,Medical Devices,United States,NASDAQ,28966639341.0,64.13,33.05,39.25,2,14.8,560,False,-27.15,7.87,-11.08,-11.78,-15.57,-16.4,,72.1231,72.6964,75.9572,76.7135,,214679846,942,2026-09-18,34.01,451686252.0
NYSE:TG,TG,Tredegar Corporation,Industrials,Metal Fabrication,United States,NYSE,240100146.0,6.88,33.05,37.24,2,14.8,561,True,-33.53,9.38,-15.21,-14.21,-13.35,-2.54,-8.12,8.1143,8.0191,7.9398,7.0595,7.4881,1265568,1255,2026-09-18,31.14,34898277.0
NASDAQ:TSHA,TSHA,"Taysha Gene Therapies, Inc.",Healthcare,Biotechnology,United States,NASDAQ,1442552320.0,5.02,33.05,38.09,2,14.8,562,False,-28.08,77.39,-8.28,-4.04,35.82,54.69,79.43,5.473,5.2312,3.6962,3.2452,2.7978,16139607,1255,2026-09-18,36.08,287361020.0
NYSE:AVA,AVA,Avista Corporation,Utilities,Utilities - Diversified,United States,NYSE,2995643088.0,36.25,33.09,35.84,2,14.8,563,False,-13.47,4.64,-7.7,-6.63,-2.15,3.5,4.56,39.2759,38.8246,37.0462,35.0233,34.6681,27741354,1255,2026-09-18,37.65,82638430.0
NYSE:CLB,CLB,Core Laboratories Inc.,Energy,Oil & Gas Equipment & Services,United States,NYSE,516201098.0,11.25,33.15,39.81,2,14.8,564,False,-42.68,14.08,-24.37,-23.23,-24.31,-30.15,-35.83,14.8753,14.6532,14.8638,16.105,17.5328,5553719,1255,2026-09-18,35.18,45884542.0
NYSE:CPNG,CPNG,"Coupang, Inc.",Consumer Cyclical,Internet Retail,United States,NYSE,23396462705.0,14.29,33.16,37.32,2,14.9,565,False,-57.24,0.0,-23.7,-32.55,-38.99,-34.81,-30.81,18.729,21.1871,23.4235,21.9212,20.6542,243977290,1255,2026-09-18,34.75,1637261211.0
NYSE:AX,AX,"Axos Financial, Inc.",Financial Services,Banks - Regional,United States,NYSE,5164556012.0,90.79,33.19,38.64,2,14.9,566,False,-13.62,20.09,-1.45,0.9,11.32,26.33,41.78,92.1225,89.9782,81.5611,71.8695,64.0349,35697862,1255,2026-09-18,34.68,56884635.0
NYSE:DECK,DECK,Deckers Outdoor Corporation,Consumer Cyclical,Footwear & Accessories,United States,NYSE,10680743045.0,78.43,33.19,34.9,2,14.9,567,False,-35.15,1.19,-23.33,-21.95,-35.37,-37.45,-30.22,102.296,100.4853,121.3435,125.3879,112.3973,274914398,1255,2026-09-18,35.16,136181857.0
NASDAQ:LBTYK,LBTYK,Liberty Global Ltd.,Communication Services,Telecom Services,Bermuda,NASDAQ,1460977894.0,9.65,33.26,37.85,2,14.9,568,False,-23.84,0.63,-13.26,-13.47,-14.64,-10.12,-8.89,11.1251,11.1519,11.3045,10.7365,10.5919,17269824,1255,2026-09-18,38.27,151396673.0
NYSE:PINS,PINS,"Pinterest, Inc.",Communication Services,Internet Content & Information,United States,NYSE,8960555729.0,18.6,33.31,36.73,2,15.0,569,True,-48.76,20.62,-14.0,-20.84,-33.98,-38.94,-36.28,21.6285,23.4958,28.1754,30.4639,29.1915,289584741,1255,2026-09-18,30.42,481750308.0
NYSE:FTW,FTW,Presidio Production Company,Energy,Oil & Gas E&P,United States,NYSE,299485786.0,10.1,33.32,35.09,2,15.0,570,False,-24.49,3.55,-7.01,-5.5,,,,10.8611,10.6873,,,,933934,495,2026-09-18,36.16,29652058.0
NASDAQ:APEI,APEI,"American Public Education, Inc.",Consumer Defensive,Education & Training Services,United States,NASDAQ,804912253.0,43.88,33.35,37.51,2,15.0,571,False,-27.9,43.07,-9.63,-4.41,26.26,61.32,94.69,48.5533,45.902,34.7548,27.2012,22.5386,11373383,1255,2026-09-18,35.84,18343488.0
NYSE:LYV,LYV,"Live Nation Entertainment, Inc.",Communication Services,Entertainment,United States,NYSE,38932192476.0,167.12,33.35,38.64,2,15.0,572,False,-11.32,33.05,3.01,4.85,12.67,29.04,43.22,162.2374,159.3965,148.3256,129.5131,116.6882,337202774,1255,2026-09-18,34.95,232959505.0
NASDAQ:RTB,RTB,"RTB Digital, Inc.",Technology,Software - Application,United States,NASDAQ,109232376.0,8.02,33.36,37.08,2,15.1,573,False,-58.4,139.4,-7.84,-13.93,-63.97,-82.38,-92.04,8.702,9.3175,22.2587,45.5151,100.728,1502480,1255,2026-09-18,35.8,13619997.0
NASDAQ:OFIX,OFIX,Orthofix Medical Inc.,Healthcare,Medical Devices,United States,NASDAQ,352072589.0,8.71,33.39,36.93,2,15.1,574,True,-46.33,0.81,-27.41,-31.04,-37.28,-36.99,-42.24,11.9996,12.6302,13.8882,13.8238,15.0806,3043921,1255,2026-09-18,31.49,40421652.0
NASDAQ:LOVE,LOVE,The Lovesac Company,Consumer Cyclical,"Furnishings, Fixtures & Appliances",United States,NASDAQ,197618643.0,13.5,33.4,37.21,2,15.1,575,False,-27.81,28.08,-10.5,-10.03,-28.53,-33.15,-36.78,15.0837,15.0046,18.8895,20.1943,21.3543,4671363,1255,2026-09-18,38.24,14638418.0
NASDAQ:NBIX,NBIX,"Neurocrine Biosciences, Inc.",Healthcare,Drug Manufacturers - Specialty & Generic,United States,NASDAQ,14703424014.0,146.23,33.41,37.5,2,15.2,576,False,-21.17,18.79,-1.16,-0.47,7.87,9.04,15.15,147.9426,146.9141,135.5657,134.1119,126.9909,170815876,1255,2026-09-18,40.8,100549983.0
NASDAQ:UCFI,UCFI,CN Healthy Food Tech Group Corp.,Consumer Defensive,Packaged Foods,China,NASDAQ,287814756.0,5.51,33.44,37.27,2,15.2,577,False,-47.15,34.72,0.0,-2.52,-31.18,,,5.51,5.6526,8.0059,,,0,649,2026-09-18,33.44,52234983.0
NYSE:GPOR,GPOR,Gulfport Energy Corporation,Energy,Oil & Gas E&P,United States,NYSE,2869751668.0,159.7,33.45,39.6,2,15.2,578,False,-28.22,6.33,-13.64,-14.27,-11.43,-4.46,8.26,184.9191,186.2786,180.3186,167.1537,147.5131,44830126,1255,2026-09-18,35.07,17969641.0
NYSE:RPM,RPM,RPM International Inc.,Basic Materials,Specialty Chemicals,United States,NYSE,12556241910.0,98.37,33.45,38.15,2,15.2,579,False,-19.1,6.62,-6.84,-7.51,-12.18,-9.94,-4.68,105.5876,106.361,112.0157,109.2218,103.2016,171617744,1255,2026-09-18,35.03,127643000.0
NYSE:AHRT,AHRT,"AH Realty Trust, Inc.",Real Estate,REIT - Diversified,United States,NYSE,472442563.0,6.22,33.47,36.53,2,15.3,580,False,-13.37,23.31,-2.41,-1.82,-11.3,-19.81,-23.09,6.3734,6.3353,7.0126,7.7561,8.0873,4218705,1255,2026-09-18,33.83,75955396.0
NYSE:EIC,EIC,Eagle Point Income Company Common Shares of Beneficial Interest,Financial Services,Asset Management,United States,NYSE,222833130.0,9.67,33.47,37.74,2,15.3,581,True,-21.66,7.32,-4.17,-6.87,-15.53,-14.94,-10.34,10.0903,10.383,11.4475,11.3691,10.7846,920790,1255,2026-09-18,29.9,23043757.0
NYSE:BA,BA,Boeing Company (The),Industrials,Aerospace & Defense,United States,NYSE,156651337964.0,198.2,33.48,37.65,2,15.3,582,True,-21.4,10.65,-10.4,-9.12,-1.38,-0.24,0.1,221.2025,218.0999,200.9729,198.6754,197.9943,1220094534,1255,2026-09-18,31.46,790370020.0
NYSE:XHR,XHR,"Xenia Hotels & Resorts, Inc.",Real Estate,REIT - Hotel & Motel,United States,NYSE,1634596196.0,17.72,33.48,36.98,2,15.3,583,False,-18.79,47.88,5.56,10.58,22.8,28.9,33.3,16.7859,16.0245,14.4295,13.7471,13.2934,15150796,1255,2026-09-18,31.47,92245835.0
NYSE:OPFI,OPFI,OppFi Inc.,Financial Services,Credit Services,United States,NYSE,557617909.0,6.53,33.5,36.46,2,15.4,584,False,-46.65,0.0,-26.82,-28.93,-30.14,-10.44,9.27,8.923,9.1877,9.3473,7.2909,5.9761,6740468,1255,2026-09-18,40.1,85393248.0
NYSE:BCS,BCS,Barclays PLC,Financial Services,Banks - Diversified,United Kingdom,NYSE,83853629771.0,24.87,33.51,38.62,2,15.4,585,False,-11.94,31.46,0.35,4.05,27.29,56.62,82.6,24.7844,23.9025,19.5377,15.8794,13.62,100655333,1255,2026-09-18,39.45,3371677916.0
NYSE:BRSL,BRSL,"Brightstar Lottery PLC Trading under the Legal Name to begin at the market open on July 21, 2025.",Consumer Cyclical,Gambling,United Kingdom,NYSE,1869943311.0,10.18,33.53,39.26,2,15.4,586,False,-40.24,3.45,-16.06,-20.7,-22.81,-30.35,-34.4,12.1273,12.837,13.1884,14.6151,15.5178,18730710,1255,2026-09-18,37.06,183687948.0
NYSE:LPL,LPL,"LG Display Co, Ltd AMERICAN DEPOSITORY SHARES",Technology,Consumer Electronics,South Korea,NYSE,2910000000.0,2.91,33.53,37.31,2,15.4,587,False,-49.48,4.3,-28.83,-31.58,-24.77,-27.79,-33.88,4.0886,4.2534,3.8679,4.03,4.4011,7005053,1255,2026-09-18,35.98,1000000000.0
NYSE:VGM,VGM,Invesco Trust for Investment Grade Municipals Common Stock (DE),Financial Services,Asset Management,United States,NYSE,524423131.0,9.67,33.54,36.02,2,15.5,588,False,-7.68,4.41,-2.85,-1.82,3.58,8.57,12.46,9.9532,9.8494,9.3358,8.9066,8.599,1436754,1255,2026-09-18,37.0,54231968.0
NASDAQ:GLPI,GLPI,"Gaming and Leisure Properties, Inc.",Real Estate,REIT - Specialty,United States,NASDAQ,11212752685.0,39.59,33.55,36.62,2,15.5,589,False,-16.15,1.08,-9.37,-8.56,-8.71,-5.49,-4.02,43.6815,43.2963,43.3678,41.8912,41.2473,180724128,1255,2026-09-18,36.97,283221841.0
NASDAQ:LUCD,LUCD,Lucid Diagnostics Inc.,Healthcare,Medical Devices,United States,NASDAQ,149946433.0,0.786,33.55,36.83,2,15.5,590,True,-46.53,0.77,-28.74,-28.92,-28.81,-28.67,-35.29,1.1031,1.1057,1.1041,1.1018,1.2147,876776,1237,2026-09-18,32.38,190771543.0
NYSE:APD,APD,"Air Products and Chemicals, Inc.",Basic Materials,Specialty Chemicals,United States,NYSE,63282773915.0,284.18,33.56,39.28,2,15.6,591,False,-9.55,25.6,0.8,2.82,1.03,5.42,6.24,281.9197,276.3795,281.275,269.5753,267.4982,327785301,1255,2026-09-18,35.25,222685530.0
NYSE:NEE,NEE,"NextEra Energy, Inc.",Utilities,Utilities - Regulated Electric,United States,NYSE,167858666478.0,80.47,33.56,36.23,2,15.6,592,False,-16.56,16.94,-6.97,-5.42,3.84,11.91,13.05,86.4973,85.0855,77.4908,71.9041,71.179,900900831,1255,2026-09-18,37.14,2085978209.0
AMEX:UUUU,UUUU,Energy Fuels Inc Ordinary Shares (Canada),Energy,Uranium,United States,AMEX,2924054008.0,11.7,33.56,38.68,2,15.6,593,False,-57.79,8.94,-32.45,-32.71,-0.99,16.16,27.94,17.3207,17.3866,11.8165,10.0721,9.1449,94370588,1255,2026-09-18,35.24,249919146.0
NASDAQ:VSEC,VSEC,VSE Corporation,Industrials,Aerospace & Defense,United States,NASDAQ,4905231884.0,174.83,33.56,38.19,2,15.6,594,False,-28.2,13.05,-11.8,-9.06,12.31,36.91,62.24,198.2092,192.2391,155.6626,127.7011,107.761,69619437,1255,2026-09-18,33.66,28057152.0
NYSE:CSL,CSL,Carlisle Companies Incorporated,Industrials,Building Products & Equipment,United States,NYSE,12498037655.0,314.7,33.57,38.28,2,15.7,595,False,-24.13,7.55,-10.14,-8.53,-13.55,-11.64,-3.74,350.222,344.0441,364.0184,356.1739,326.9374,232305094,1255,2026-09-18,35.86,39714133.0
NYSE:HCC,HCC,"Warrior Met Coal, Inc.",Basic Materials,Coking Coal,United States,NYSE,4642876695.0,87.93,33.59,40.58,2,15.7,596,False,-20.2,42.76,-2.13,2.79,25.84,32.97,50.51,89.8447,85.5472,69.8753,66.1299,58.4195,64457360,1255,2026-09-18,38.29,52801964.0
NASDAQ:CCEP,CCEP,Coca-Cola Europacific Partners plc,Consumer Defensive,Beverages - Non-Alcoholic,United Kingdom,NASDAQ,44054293540.0,99.77,33.6,39.08,2,15.7,597,False,-10.69,18.83,2.13,4.31,12.34,23.55,35.55,97.6937,95.6503,88.8132,80.7538,73.6052,177850123,1255,2026-09-18,35.02,441558520.0
NASDAQ:AAPG,AAPG,Ascentage Pharma Group International - American Depository Shares,Healthcare,Biotechnology,China,NASDAQ,1405658473.0,15.06,33.63,37.33,2,15.7,598,False,-62.57,0.0,-31.99,-39.32,,,,22.1454,24.82,,,,101918,415,2026-09-18,35.44,93337216.0
NYSE:AYI,AYI,Acuity Inc.,Industrials,Electrical Equipment & Parts,United States,NYSE,9069273319.0,302.96,33.63,38.33,2,15.7,599,False,-19.52,17.67,-4.4,-6.7,-2.16,7.58,19.48,316.9172,324.7188,309.6344,281.6206,253.5583,75019862,1255,2026-09-18,30.2,29935547.0
NASDAQ:ARCI,ARCI,Archimedes Tech SPAC Partners III Co.,Financial Services,Shell Companies,United States,NASDAQ,356146200.0,10.1,33.65,46.51,2,15.8,600,False,-0.69,2.64,,,,,,,,,,,130258,130,2026-09-18,33.65,35262000.0
NASDAQ:TNDM,TNDM,"Tandem Diabetes Care, Inc.",Healthcare,Medical Devices,United States,NASDAQ,1156085731.0,16.87,33.65,39.16,2,15.8,601,False,-40.3,43.09,-14.19,-10.4,-23.6,-33.53,-40.95,19.6598,18.8272,22.0815,25.3787,28.568,31653879,1255,2026-09-18,35.27,68529089.0
NYSE:UHAL.B,UHAL-B,U-Haul Holding Company Series N Non-Voting,Industrials,Rental & Leasing Services,United States,NYSE,9979000484.0,56.68,33.65,38.63,2,15.8,602,False,-14.07,42.27,9.09,10.36,2.01,-0.82,,51.9591,51.3614,55.5619,57.1476,,16922181,966,2026-09-18,31.6,176058583.0
NYSE:FERG,FERG,Ferguson Enterprises Inc.,Industrials,Industrial Distribution,United States,NYSE,41586088029.0,214.43,33.67,38.15,2,15.9,603,True,-19.29,0.08,-9.49,-9.41,0.46,5.14,15.9,236.9035,236.7077,213.4584,203.9492,185.0155,309629632,1255,2026-09-18,33.39,193937826.0
NYSE:PPG,PPG,"PPG Industries, Inc.",Basic Materials,Specialty Chemicals,United States,NYSE,23234796000.0,104.52,33.67,38.16,2,15.9,604,False,-19.08,13.0,-5.49,-3.27,-4.75,-9.25,-10.54,110.594,108.0534,109.7296,115.1695,116.8397,170187970,1255,2026-09-18,35.62,222300000.0
NASDAQ:WTFC,WTFC,Wintrust Financial Corporation,Financial Services,Banks - Regional,United States,NASDAQ,9951022673.0,147.52,33.72,37.75,2,15.9,605,False,-11.31,24.48,-0.86,2.03,11.63,24.81,37.07,148.7923,144.5858,132.1565,118.1979,107.6221,67953373,1255,2026-09-18,34.56,67455414.0
NYSE:CTRE,CTRE,"CareTrust REIT, Inc.",Real Estate,REIT - Healthcare Facilities,United States,NYSE,8868458422.0,37.54,33.74,38.22,2,15.9,606,False,-13.5,17.52,-2.74,-0.37,14.49,29.04,44.51,38.5972,37.6776,32.7883,29.0926,25.977,83209343,1255,2026-09-18,38.34,236240235.0
NYSE:VYX,VYX,NCR Voyix Corporation,Technology,Information Technology Services,United States,NYSE,928820360.0,6.74,33.79,38.72,2,16.0,607,False,-48.75,9.59,-18.21,-24.37,-36.41,-42.9,-46.42,8.241,8.9121,10.5991,11.8042,12.5783,24936173,1255,2026-09-18,35.41,137807175.0
NYSE:WIT,WIT,Wipro Limited,Technology,Information Technology Services,India,NYSE,16421303312.0,1.66,33.81,36.87,2,16.0,608,False,-45.14,0.0,-24.67,-27.66,-37.81,-37.6,-35.21,2.2037,2.2948,2.6691,2.6603,2.5619,17077180,1255,2026-09-18,35.4,9892351393.0
NASDAQ:CTW,CTW,CTW,Communication Services,Electronic Gaming & Multimedia,Japan,NASDAQ,108864000.0,2.16,33.82,38.87,2,16.0,609,False,-28.24,78.51,-2.3,-2.82,,,,2.211,2.2227,,,,62360,282,2026-09-18,41.41,50400000.0
NYSE:MTZ,MTZ,"MasTec, Inc.",Industrials,Engineering & Construction,United States,NYSE,17215774752.0,214.38,33.82,35.4,2,16.0,610,True,-51.0,12.78,-29.85,-24.74,-0.5,24.56,40.64,305.6207,284.8337,215.4529,172.1128,152.4316,371051994,1255,2026-09-18,29.68,80304948.0
NASDAQ:CSIQ,CSIQ,Canadian Solar Inc.,Technology,Solar,Canada,NASDAQ,774022939.0,11.4,33.83,37.22,2,16.1,611,False,-66.05,0.53,-34.18,-35.69,-21.7,-29.32,-46.3,17.3207,17.7265,14.5587,16.1298,21.2296,26847223,1255,2026-09-18,35.77,67896749.0
NYSE:LION,LION,Lionsgate Studios Corp,,,,NYSE,3195052588.0,10.74,33.85,35.75,2,16.1,612,False,-34.51,81.73,-3.92,4.91,24.86,19.85,16.19,11.1784,10.2376,8.6013,8.9615,9.2437,27627702,1143,2026-09-18,43.27,297490930.0
NASDAQ:VSNT,VSNT,"Versant Media Group, Inc.",Communication Services,Entertainment,United States,NASDAQ,4964610043.0,35.18,33.85,39.26,2,16.1,613,False,-24.31,30.98,,,,,,,,,,,62514052,191,2026-09-18,38.45,141120240.0
NYSE:ARES,ARES,Ares Management Corporation,Financial Services,Asset Management,United States,NYSE,27487118520.0,123.8,33.87,40.54,2,16.2,614,False,-29.71,32.73,-4.27,-6.95,-15.64,-9.57,2.13,129.3192,133.0429,146.7488,136.9018,121.2136,282050370,1255,2026-09-18,35.7,222028421.0
NYSE:ELS,ELS,"Equity Lifestyle Properties, Inc.",Real Estate,REIT - Residential,United States,NYSE,11721502988.0,60.4,33.88,37.77,2,16.2,615,False,-10.72,4.43,-4.33,-3.35,-3.42,-3.04,-2.09,63.1363,62.4916,62.5402,62.2969,61.6907,94337896,1255,2026-09-18,37.38,194064619.0
NASDAQ:PENN,PENN,"PENN Entertainment, Inc.",Consumer Cyclical,Resorts & Casinos,United States,NASDAQ,2200096219.0,16.45,33.89,36.88,2,16.2,616,False,-25.43,39.88,-1.41,-1.5,-6.33,-10.67,-21.75,16.6849,16.701,17.5613,18.4155,21.0236,47646892,1255,2026-09-18,43.15,133744451.0
NASDAQ:EFSC,EFSC,Enterprise Financial Services Corporation,Financial Services,Banks - Regional,United States,NASDAQ,2233492800.0,61.6,33.91,39.05,2,16.3,617,False,-9.61,21.19,3.94,5.85,10.1,22.4,27.51,59.2665,58.1953,55.949,50.3285,48.309,17413953,1255,2026-09-18,36.98,36258000.0
NASDAQ:HFFG,HFFG,HF Foods Group Inc.,Consumer Defensive,Food Distribution,United States,NASDAQ,85560667.0,1.6,33.91,40.48,2,16.3,618,False,-53.49,13.48,-16.42,-21.59,-40.35,-47.97,-52.58,1.9142,2.0406,2.6822,3.0754,3.3743,145696,1255,2026-09-18,34.86,53475417.0
NYSE:LADR,LADR,Ladder Capital Corp,Real Estate,REIT - Mortgage,United States,NYSE,1196339807.0,9.43,33.91,39.56,2,16.3,619,False,-12.04,2.15,-5.52,-5.68,-5.29,-2.27,2.81,9.9809,9.9975,9.9562,9.6486,9.1723,10315163,1255,2026-09-18,38.23,126865303.0
NYSE:AWI,AWI,Armstrong World Industries Inc,Industrials,Building Products & Equipment,United States,NYSE,6746414914.0,159.63,33.92,39.38,2,16.3,620,False,-21.03,5.61,-7.61,-9.64,-3.19,10.55,26.56,172.7815,176.6571,164.8866,144.3946,126.1316,61772998,1255,2026-09-18,34.23,42262826.0
NYSE:BXMT,BXMT,"Blackstone Mortgage Trust, Inc.",Real Estate,REIT - Mortgage,United States,NYSE,2236573453.0,13.27,33.93,34.06,2,16.4,621,False,-32.55,0.76,-23.65,-23.41,-21.63,-18.87,-16.96,17.381,17.327,16.9325,16.3574,15.9795,30232668,1255,2026-09-18,37.55,168543591.0
NASDAQ:FIP,FIP,FTAI Infrastructure Inc.,Industrials,Conglomerates,United States,NASDAQ,354490665.0,3.0,33.93,36.04,2,16.4,622,True,-52.47,7.53,-37.3,-37.28,-45.67,-46.24,-38.68,4.785,4.7831,5.5222,5.5807,4.8923,4277896,1046,2026-09-18,23.06,118163555.0
NASDAQ:STRT,STRT,STRATTEC SECURITY CORPORATION,Consumer Cyclical,Auto Parts,United States,NASDAQ,282403236.0,67.58,33.93,37.13,2,16.4,623,False,-25.66,10.14,-14.61,-12.05,8.21,34.97,57.01,79.1384,76.8415,62.4532,50.0703,43.0414,7125123,1255,2026-09-18,35.41,4178799.0
NASDAQ:THRM,THRM,Gentherm Inc,Consumer Cyclical,Auto Parts,United States,NASDAQ,1116134311.0,36.35,33.95,40.48,2,16.4,624,False,-20.3,33.59,4.38,4.01,3.98,-9.72,-20.37,34.824,34.9496,34.9598,40.2614,45.6482,10766218,1255,2026-09-18,39.5,30705208.0
NASDAQ:DORM,DORM,"Dorman Products, Inc.",Consumer Cyclical,Auto Parts,United States,NASDAQ,3658848685.0,122.44,33.96,39.81,2,16.5,625,False,-22.99,21.83,-1.04,-3.97,-4.43,6.79,14.12,123.7263,127.4962,128.1095,114.6536,107.2949,22702275,1255,2026-09-18,35.09,29882789.0
NASDAQ:LOCO,LOCO,"El Pollo Loco Holdings, Inc.",Consumer Cyclical,Restaurants,United States,NASDAQ,433074338.0,14.22,33.96,38.43,2,16.5,626,False,-17.33,56.95,5.25,11.28,18.42,26.04,29.51,13.5104,12.7783,12.0077,11.2825,10.9795,3590532,1255,2026-09-18,35.07,30455298.0
NYSE:ENOV,ENOV,Enovis Corporation,Healthcare,Medical Devices,United States,NYSE,1038429358.0,18.04,33.97,36.94,2,16.5,627,True,-45.61,1.35,-25.65,-29.54,-43.16,-53.08,-57.88,24.2642,25.6036,31.7383,38.4477,42.8284,36992623,1255,2026-09-18,32.55,57562603.0
NYSE:PEW,PEW,GrabAGun Digital Holdings Inc.,Industrials,Aerospace & Defense,United States,NYSE,63210157.0,2.15,33.97,37.49,2,16.5,628,False,-62.61,2.87,-23.86,-32.15,-69.15,,,2.8239,3.169,6.9702,,,476784,674,2026-09-18,31.6,29400073.0
NASDAQ:PODC,PODC,"PodcastOne, Inc.",Communication Services,Internet Content & Information,United States,NASDAQ,71265765.0,2.36,33.97,35.45,2,16.5,629,False,-52.61,43.9,-21.91,-16.09,0.79,7.43,,3.0223,2.8127,2.3415,2.1967,,176099,760,2026-09-18,27.7,30197358.0
NYSE:CBT,CBT,Cabot Corporation,Basic Materials,Specialty Chemicals,United States,NYSE,3997562532.0,77.44,33.98,38.12,2,16.6,630,False,-16.62,35.11,-0.17,2.78,-3.55,-4.13,0.42,77.5757,75.3455,80.2943,80.7741,77.1162,30585144,1255,2026-09-18,34.27,51621417.0
NYSE:WM,WM,"Waste Management, Inc.",Industrials,Waste Management,United States,NYSE,84379875342.0,211.1,33.98,37.68,2,16.6,631,False,-13.27,9.07,-5.46,-4.2,-3.51,1.64,8.95,223.3035,220.3578,218.7776,207.685,193.7652,489309124,1255,2026-09-18,37.2,399715184.0
NASDAQ:GLIBK,GLIBK,Liberty Capital Corporation - Series C GCI Group,Communication Services,Telecom Services,United States,NASDAQ,852948818.0,23.79,34.03,41.5,2,16.6,632,False,-40.58,19.79,-22.28,-24.81,,,,30.608,31.638,,,,7941279,300,2026-09-18,37.63,35853250.0
NASDAQ:XEL,XEL,Xcel Energy Inc.,Utilities,Utilities - Regulated Electric,United States,NASDAQ,45161060324.0,72.3,34.03,36.97,2,16.6,633,False,-11.84,3.38,-6.24,-6.34,1.43,11.11,14.09,77.112,77.1978,71.2834,65.0733,63.3731,442629167,1255,2026-09-18,39.05,624634306.0
NASDAQ:CENT,CENT,Central Garden & Pet Company,Consumer Defensive,Packaged Foods,United States,NASDAQ,386491351.0,40.05,34.05,38.52,2,16.7,634,False,-13.94,38.2,3.76,7.67,8.45,6.64,11.36,38.5997,37.197,36.9306,37.5573,35.9634,4422964,1255,2026-09-18,36.75,9650221.0
NASDAQ:SKYE,SKYE,"Skye Bioscience, Inc.",Healthcare,Biotechnology,United States,NASDAQ,62028669.0,1.765,34.06,32.48,2,16.7,635,True,-95.36,12.42,-69.73,-77.97,-89.58,-94.01,-94.58,5.8307,8.0123,16.9361,29.4796,32.5835,178044,1255,2026-09-18,27.73,35143722.0
NYSE:CPS,CPS,Cooper-Standard Holdings Inc.,Consumer Cyclical,Auto Parts,United States,NYSE,406596004.0,22.9,34.08,37.81,2,16.7,636,True,-49.34,0.62,-24.59,-26.17,-8.29,5.67,18.87,30.3668,31.0166,24.9703,21.6708,19.265,5648645,1255,2026-09-18,33.02,17755284.0
NASDAQ:CRBU,CRBU,"Caribou Biosciences, Inc.",Healthcare,Biotechnology,United States,NASDAQ,128934748.0,1.3,34.09,36.62,2,16.8,637,False,-54.23,4.0,-26.51,-30.22,-23.97,-48.86,-63.91,1.769,1.863,1.7099,2.5418,3.6021,1787709,1255,2026-09-18,34.66,99180575.0
NYSE:EVC,EVC,Entravision Communications Corporation,Communication Services,Advertising Agencies,United States,NYSE,644954318.0,7.8,34.09,38.13,2,16.8,638,True,-41.78,311.72,26.88,45.75,111.59,140.36,128.16,6.1477,5.3515,3.6864,3.2452,3.4186,9214546,1255,2026-09-18,33.3,82686451.0
NYSE:KTB,KTB,"Kontoor Brands, Inc.",Consumer Cyclical,Apparel Manufacturing,United States,NYSE,3667873743.0,66.36,34.09,37.32,2,16.8,639,True,-24.19,18.03,-6.46,-7.79,-7.45,-0.21,11.67,70.9438,71.9677,71.7032,66.5001,59.4248,55929676,1255,2026-09-18,31.47,55272359.0
NYSE:SF,SF,Stifel Financial Corporation,Financial Services,Capital Markets,United States,NYSE,11488930310.0,75.79,34.1,40.04,2,16.8,640,True,-13.49,11.96,-2.77,-2.27,4.76,18.57,32.1,77.9506,77.5519,72.3436,63.9189,57.3739,89724530,1255,2026-09-18,32.52,151589000.0
NYSE:AHR,AHR,"American Healthcare REIT, Inc.",Real Estate,REIT - Healthcare Facilities,United States,NYSE,10780568362.0,52.15,34.11,40.81,2,16.9,641,False,-9.65,31.81,3.11,5.91,30.51,,,50.5788,49.2415,39.9586,,,172461752,656,2026-09-18,39.29,206722308.0
NYSE:PRMB,PRMB,Primo Brands Corporation,Consumer Defensive,Beverages - Non-Alcoholic,United States,NYSE,7446062892.0,20.52,34.13,37.91,2,16.9,642,False,-18.76,45.12,-1.24,-0.08,-16.54,-6.21,4.26,20.7783,20.5361,24.5858,21.8779,19.6816,98491175,1255,2026-09-18,38.65,362868562.0
NASDAQ:BOKF,BOKF,BOK Financial Corporation,Financial Services,Banks - Regional,United States,NASDAQ,8065888938.0,132.75,34.14,38.81,2,16.9,643,False,-8.72,30.5,1.52,5.41,16.71,28.58,34.57,130.7632,125.9411,113.742,103.2464,98.645,35849524,1255,2026-09-18,34.8,60759992.0
NYSE:AMCR,AMCR,Amcor plc,Consumer Cyclical,Packaging & Containers,Switzerland,NYSE,19372284411.0,41.9,34.16,40.36,2,17.0,644,False,-13.45,17.77,0.69,2.16,-1.91,-1.25,-2.67,41.6148,41.0149,42.7175,42.43,43.0474,153627833,1255,2026-09-18,36.55,462345690.0
NASDAQ:SWMR,SWMR,"Swarmer, Inc",Technology,Software - Infrastructure,United States,NASDAQ,260363162.0,23.98,34.16,37.67,2,17.0,645,False,-69.46,4.08,,,,,,,,,,,23491977,129,2026-09-18,34.21,10857513.0
NASDAQ:AKTS,AKTS,"Aktis Oncology, Inc.",Healthcare,Biotechnology,United States,NASDAQ,1168493042.0,21.88,34.17,40.04,2,17.0,646,False,-32.11,44.04,,,,,,,,,,,11421486,174,2026-09-18,38.83,53404618.0
NYSE:FDXF,FDXF,"FedEx Freight Holding Company, Inc.",Industrials,Integrated Freight & Logistics,United States,NYSE,17961613317.0,120.13,34.17,38.28,2,17.0,647,False,-36.26,0.0,,,,,,,,,,,198950380,80,2026-09-18,36.38,149518133.0
NASDAQ:AMSF,AMSF,"AMERISAFE, Inc.",Financial Services,Insurance - Specialty,United States,NASDAQ,460486842.0,24.62,34.18,34.91,2,17.0,648,False,-40.44,1.53,-23.04,-26.12,-36.43,-36.97,-37.03,31.9889,33.3223,38.7314,39.0638,39.0977,13408712,1255,2026-09-18,34.59,18703771.0
NYSE:AGX,AGX,"Argan, Inc.",Industrials,Engineering & Construction,United States,NYSE,5465403443.0,389.85,34.2,35.68,2,17.1,649,True,-51.14,52.92,-24.16,-17.16,22.87,69.37,114.46,514.0372,470.5859,317.2866,230.1754,181.778,176689679,1255,2026-09-18,31.91,14019247.0
NYSE:GE,GE,GE Aerospace,Industrials,Aerospace & Defense,United States,NYSE,326074770961.0,314.27,34.2,37.9,2,17.1,650,False,-17.56,15.16,-2.4,-1.02,18.83,43.29,73.18,322.0009,317.4958,264.4704,219.3241,181.4752,1344462822,1255,2026-09-18,33.4,1037562513.0
NASDAQ:FWONA,FWONA,Liberty Media Corporation - Series A,Communication Services,Entertainment,United States,NASDAQ,2056993313.0,85.74,34.21,39.77,2,17.2,651,False,-13.68,15.07,1.37,-0.34,1.0,10.66,17.88,84.5782,86.0304,84.8927,77.4794,72.7338,14871649,1255,2026-09-18,34.62,23991058.0
NASDAQ:PICS,PICS,PicS N.V.,Technology,Software - Infrastructure,Brazil,NASDAQ,400301328.0,9.28,34.21,38.51,2,17.2,652,False,-51.16,2.77,,,,,,,,,,,6222264,161,2026-09-18,36.25,43135919.0
NASDAQ:RMR,RMR,The RMR Group Inc.,Real Estate,Real Estate Services,United States,NASDAQ,301429026.0,18.73,34.21,39.64,2,17.2,653,False,-10.4,43.54,7.81,12.33,14.72,8.4,5.94,17.3737,16.6742,16.3261,17.2792,17.6804,1767652,1255,2026-09-18,36.69,16093381.0
NASDAQ:ASTH,ASTH,Astrana Health Inc.,Healthcare,Medical Care Facilities,United States,NASDAQ,1703686242.0,34.36,34.24,38.81,2,17.2,654,True,-31.02,89.21,7.24,9.97,3.33,-2.45,-1.94,32.0417,31.245,33.2522,35.2235,35.0382,14584693,1255,2026-09-18,33.91,49583418.0
NYSE:ABX,ABX,"Abacus Global Management, Inc.",Financial Services,Insurance - Life,United States,NYSE,841239159.0,8.77,34.26,39.32,2,17.2,655,False,-26.92,80.07,-3.97,4.02,11.39,4.14,1.33,9.1324,8.4308,7.873,8.4216,8.655,4342251,1255,2026-09-18,38.92,95922367.0
NASDAQ:METC,METC,"Ramaco Resources, Inc.",Basic Materials,Coking Coal,United States,NASDAQ,496080791.0,9.22,34.26,38.77,2,17.2,656,False,-83.1,3.6,-38.03,-49.49,-40.36,-38.49,-30.99,14.8786,18.253,15.4583,14.9897,13.3612,27146545,1255,2026-09-18,37.1,53804858.0
NASDAQ:WWD,WWD,"Woodward, Inc.",Industrials,Aerospace & Defense,United States,NASDAQ,18997402127.0,321.74,34.28,36.55,2,17.3,657,False,-26.22,35.95,-10.99,-5.43,19.5,40.53,63.16,361.4827,340.2011,269.2281,228.9546,197.1972,240748109,1255,2026-09-18,32.09,59045820.0
NASDAQ:ALXO,ALXO,ALX Oncology Holdings Inc.,Healthcare,Biotechnology,United States,NASDAQ,228756959.0,1.7,34.29,39.45,2,17.3,658,False,-34.62,57.41,-7.68,-4.75,19.77,-60.08,-67.27,1.8414,1.7847,1.4194,4.2589,5.1944,1658702,1255,2026-09-18,36.18,134562917.0
NYSE:GLAS,GLAS,Glass House Brands Inc. Subordinate Voting Shares,Healthcare,Drug Manufacturers - Specialty & Generic,United States,NYSE,664999601.0,7.97,34.29,37.42,2,17.3,659,False,-41.32,50.12,-15.19,-11.07,3.3,7.99,25.77,9.3979,8.9624,7.7155,7.3804,6.3371,5557277,1255,2026-09-18,34.52,83437842.0
NASDAQ:KDK,KDK,"Kodiak AI, Inc.",Technology,Software - Infrastructure,United States,NASDAQ,633534171.0,3.28,34.29,35.76,2,17.3,660,False,-69.96,0.0,-53.64,,,,,7.0744,,,,,5003508,247,2026-09-18,46.74,193150662.0
NYSE:ETR,ETR,Entergy Corporation,Utilities,Utilities - Regulated Electric,United States,NYSE,47601079111.0,102.01,34.3,37.6,2,17.4,661,False,-12.56,19.04,-2.82,-0.43,13.6,34.11,48.51,104.9674,102.4486,89.7992,76.0654,68.6908,285557410,1255,2026-09-18,37.96,466631498.0
NASDAQ:FBYD,FBYD,"Falcon's Beyond Global, Inc.",Industrials,Conglomerates,United States,NASDAQ,341124648.0,6.96,34.31,36.1,2,17.4,662,True,-66.54,78.23,-38.51,-39.83,-26.6,,,11.3196,11.5671,9.4818,,,1199813,740,2026-09-18,33.17,49012162.0
NASDAQ:MSEX,MSEX,Middlesex Water Company,Utilities,Utilities - Regulated Water,United States,NASDAQ,1042447093.0,55.32,34.32,41.4,2,17.5,663,False,-8.32,16.11,3.91,3.95,1.58,1.0,-7.57,53.2396,53.2189,54.457,54.7717,59.8494,6618110,1255,2026-09-18,39.85,18843946.0
NASDAQ:MYPS,MYPS,"PLAYSTUDIOS, Inc.",Communication Services,Electronic Gaming & Multimedia,United States,NASDAQ,52815597.0,0.472,34.32,38.75,2,17.5,664,False,-55.47,15.97,-14.48,-23.36,-54.65,-68.16,-77.93,0.5519,0.6159,1.0407,1.4824,2.1387,139273,1255,2026-09-18,37.16,111897452.0
NASDAQ:DNUT,DNUT,"Krispy Kreme, Inc.",Consumer Defensive,Grocery Stores,United States,NASDAQ,520648000.0,3.02,34.34,39.62,2,17.5,665,False,-35.74,3.42,-14.69,-15.56,-40.79,-59.64,-66.31,3.5399,3.5767,5.1007,7.4825,8.9637,7369932,1255,2026-09-18,35.61,172400000.0
NASDAQ:AVXL,AVXL,Anavex Life Sciences Corp.,Healthcare,Biotechnology,United States,NASDAQ,224265654.0,2.42,34.36,39.27,2,17.5,666,False,-75.7,3.42,-29.81,-43.3,-63.0,-61.25,-65.61,3.4476,4.2682,6.5413,6.2445,7.0371,2211059,1255,2026-09-18,33.83,92671758.0
NYSE:ALB,ALB,Albemarle Corporation,Basic Materials,Specialty Chemicals,United States,NYSE,13080132142.0,110.91,34.37,37.23,2,17.6,667,False,-48.26,40.02,-28.62,-22.73,0.25,-1.24,-20.73,155.3887,143.5341,110.6354,112.2974,139.9193,316129578,1255,2026-09-18,37.72,117934651.0
NYSE:KLAR,KLAR,Klarna Group plc,Financial Services,Credit Services,United Kingdom,NYSE,5217966107.0,13.8,34.37,37.03,2,17.6,668,False,-69.33,12.47,-27.22,-39.22,,,,18.9616,22.7058,,,,89473587,257,2026-09-18,35.49,378113486.0
NYSE:HWM,HWM,Howmet Aerospace Inc.,Industrials,Aerospace & Defense,United States,NYSE,91892685621.0,229.67,34.38,36.39,2,17.6,669,True,-21.52,25.02,-6.86,-2.84,22.32,55.86,89.96,246.5889,236.3839,187.7617,147.3593,120.9025,971360797,1255,2026-09-18,30.41,400107483.0
NYSE:AMBP,AMBP,Ardagh Metal Packaging S.A.,Consumer Cyclical,Packaging & Containers,Luxembourg,NYSE,2767380234.0,4.63,34.4,42.35,2,17.7,670,False,-11.82,49.41,9.29,13.56,29.41,39.99,43.58,4.2363,4.077,3.5778,3.3073,3.2246,8782891,1255,2026-09-18,37.74,597706314.0
NYSE:EIX,EIX,Edison International,Utilities,Utilities - Regulated Electric,United States,NYSE,21284061178.0,55.31,34.4,35.82,2,17.7,671,False,-31.19,10.28,-17.9,-14.42,-10.46,-11.07,-9.08,67.3697,64.6284,61.7685,62.1922,60.833,427959247,1255,2026-09-18,34.68,384813979.0
NASDAQ:GLND,GLND,Greenland Energy Company,Energy,Oil & Gas E&P,United States,NASDAQ,52476233.0,1.2,34.4,36.66,2,17.7,672,False,-90.77,7.14,,,,,,,,,,,1142471,125,2026-09-18,34.87,43730194.0
NYSE:NP,NP,Neptune Insurance Holdings Inc.,Financial Services,Insurance Brokers,United States,NYSE,2794245101.0,29.79,34.4,41.41,2,17.7,673,False,-15.15,73.8,8.95,,,,,27.3438,,,,,13642210,243,2026-09-18,36.65,93798090.0
NASDAQ:ATRO,ATRO,Astronics Corporation,Industrials,Aerospace & Defense,United States,NASDAQ,2526444890.0,65.71,34.41,39.78,2,17.7,674,True,-29.68,97.92,3.82,13.07,68.73,113.72,154.63,63.2904,58.1131,38.9439,30.7461,25.8063,47809151,1255,2026-09-18,32.4,38448408.0
NYSE:SVV,SVV,"Savers Value Village, Inc.",Consumer Cyclical,Specialty Retail,United States,NYSE,1392034868.0,9.04,34.41,39.63,2,17.7,675,False,-34.06,27.32,-4.21,-7.67,-8.83,-22.31,,9.437,9.7909,9.9158,11.636,,11558914,809,2026-09-18,36.82,153986158.0
NASDAQ:NXH,NXH,"Neighborhood Intelligence, Inc.",Consumer Cyclical,Internet Retail,United States,NASDAQ,331376960.0,3.47,34.42,36.27,2,17.8,676,False,-71.35,3.89,-34.71,-41.14,-46.62,-68.2,-75.21,5.3146,5.8957,6.501,10.9115,13.9996,8765031,1255,2026-09-18,29.88,95497683.0
NYSE:COUR,COUR,"Coursera, Inc.",Consumer Defensive,Education & Training Services,United States,NYSE,1443247505.0,5.04,34.43,39.54,2,17.8,677,False,-58.24,0.0,-17.28,-25.99,-34.39,-48.14,-52.19,6.093,6.8102,7.6817,9.7181,10.541,26766666,1255,2026-09-18,36.47,286358632.0
NYSE:CNI,CNI,Canadian National Railway Company,Industrials,Railroads,Canada,NYSE,71952855000.0,118.95,34.44,39.64,2,17.9,678,False,-8.41,33.1,7.16,10.84,14.81,11.08,10.47,111.0012,107.3126,103.6084,107.0894,107.6731,170158558,1255,2026-09-18,36.95,604900000.0
NASDAQ:RRGB,RRGB,"Red Robin Gourmet Burgers, Inc.",Consumer Cyclical,Restaurants,United States,NASDAQ,130422540.0,7.05,34.44,40.86,2,17.9,679,False,-33.43,172.2,35.25,32.64,35.28,15.74,-2.38,5.2127,5.315,5.2115,6.0914,7.2217,2570448,1255,2026-09-18,36.51,18499651.0
NASDAQ:BKR,BKR,Baker Hughes Company,Energy,Oil & Gas Equipment & Services,United States,NASDAQ,56830590565.0,57.25,34.45,39.51,2,17.9,680,False,-17.25,30.75,-2.31,1.73,18.84,34.2,47.07,58.606,56.2741,48.176,42.6591,38.9277,483418740,1255,2026-09-18,30.17,992674071.0
NASDAQ:HYPR,HYPR,"Hyperfine, Inc.",Healthcare,Medical Devices,United States,NASDAQ,66108813.0,0.785,34.45,35.02,2,17.9,681,True,-64.32,1.55,-32.45,-34.42,-26.89,-28.57,-34.15,1.1621,1.197,1.0737,1.099,1.1922,344892,1255,2026-09-18,30.6,84215048.0
NYSE:SI,SI,"Shoulder Innovations, Inc.",,,,NYSE,376606184.0,18.16,34.45,40.27,2,17.9,682,True,-25.11,64.94,10.41,15.44,,,,16.4477,15.7314,,,,2312448,286,2026-09-18,30.11,20738226.0
NYSE:DOV,DOV,Dover Corporation,Industrials,Specialty Industrial Machinery,United States,NYSE,25241767770.0,187.42,34.46,36.91,2,18.0,683,False,-19.07,17.48,-10.46,-7.09,-2.58,3.39,10.47,209.3245,201.7254,192.377,181.2746,169.6632,252083943,1255,2026-09-18,36.94,134680225.0
NYSE:MOG.B,MOG-B,Moog Inc.,Industrials,Aerospace & Defense,United States,NYSE,1174136864.0,362.0,34.46,39.32,2,18.0,684,False,-19.56,85.04,7.44,16.6,45.2,67.38,95.12,336.9392,310.4743,249.3146,216.2692,185.53,75680,1255,2026-09-18,34.46,3243472.0
NYSE:SGHC,SGHC,Super Group (SGHC) Limited,Consumer Cyclical,Gambling,Guernsey,NYSE,6442413672.0,12.68,34.5,39.67,2,18.0,685,False,-18.67,50.07,4.66,4.51,28.17,66.14,93.93,12.1154,12.1332,9.8934,7.6319,6.5384,33312746,1255,2026-09-18,35.9,508076788.0
NYSE:GNL,GNL,"Global Net Lease, Inc.",Real Estate,REIT - Diversified,United States,NYSE,1851259379.0,8.77,34.52,41.09,2,18.1,686,False,-8.26,23.65,-1.67,2.01,15.06,22.61,19.76,8.9191,8.5974,7.6223,7.1529,7.323,18592407,1255,2026-09-18,40.22,211090009.0
NASDAQ:LGIH,LGIH,"LGI Homes, Inc.",Consumer Cyclical,Residential Construction,United States,NASDAQ,1128624114.0,48.58,34.52,38.98,2,18.1,687,False,-26.22,41.88,-3.85,-2.9,-23.75,-37.86,-43.55,50.5277,50.0285,63.7123,78.1792,86.0647,14802200,1255,2026-09-18,35.65,23232279.0
NASDAQ:SOUN,SOUN,"SoundHound AI, Inc.",Technology,Software - Application,United States,NASDAQ,2390612918.0,5.93,34.52,39.26,2,18.1,688,False,-72.29,4.04,-26.75,-39.02,-42.0,-26.39,-11.24,8.0954,9.7245,10.2236,8.0564,6.6807,157338713,1102,2026-09-18,35.63,403138772.0
NYSE:BV,BV,"BrightView Holdings, Inc.",Industrials,Specialty Business Services,United States,NYSE,992580000.0,10.65,34.56,36.95,2,18.2,689,False,-28.28,0.47,-15.83,-16.01,-23.85,-17.32,-7.13,12.6529,12.6796,13.9848,12.8816,11.4679,9732342,1255,2026-09-18,37.79,93200000.0
NYSE:D,D,"Dominion Energy, Inc.",Utilities,Utilities - Regulated Electric,United States,NYSE,55920259837.0,63.58,34.56,37.74,2,18.2,690,False,-10.42,14.85,0.8,2.41,10.72,20.52,22.87,63.0764,62.0819,57.4236,52.754,51.7471,307147243,1255,2026-09-18,38.45,879525949.0
NYSE:LMND,LMND,"Lemonade, Inc.",Financial Services,Insurance - Property & Casualty,United States,NYSE,3641315151.0,47.09,34.56,38.44,2,18.2,691,False,-51.24,0.0,-25.67,-25.1,-4.43,22.82,42.47,63.35,62.8685,49.2709,38.3392,33.0531,48010296,1255,2026-09-18,38.13,77326718.0
NYSE:R,R,"Ryder System, Inc.",Industrials,Rental & Leasing Services,United States,NYSE,9147261893.0,238.54,34.56,38.33,2,18.2,692,False,-14.56,51.55,4.7,10.09,28.7,48.47,69.55,227.8386,216.6712,185.3442,160.6652,140.6863,63483499,1255,2026-09-18,35.02,38346868.0
NYSE:HAYW,HAYW,"Hayward Holdings, Inc.",Industrials,Electrical Equipment & Parts,United States,NYSE,2755433370.0,12.99,34.57,37.02,2,18.2,693,True,-24.96,1.88,-13.81,-14.42,-13.2,-9.92,-5.08,15.0715,15.1783,14.9651,14.42,13.6846,35860774,1255,2026-09-18,32.16,212119582.0
NYSE:REZI,REZI,"Resideo Technologies, Inc.",Industrials,Industrial Distribution,United States,NYSE,2781700396.0,18.37,34.58,37.9,2,18.3,694,False,-40.68,0.0,-22.68,-24.7,-8.81,3.0,11.55,23.7596,24.3955,20.1438,17.8349,16.4678,45440874,1255,2026-09-18,35.49,151426260.0
NASDAQ:TARA,TARA,"Protara Therapeutics, Inc.",Healthcare,Biotechnology,United States,NASDAQ,199525041.0,3.55,34.58,37.84,2,18.3,695,False,-53.04,11.29,-28.8,-29.51,-16.81,-2.64,1.72,4.986,5.0364,4.2672,3.6462,3.4898,2542302,1255,2026-09-18,40.26,56204237.0
NYSE:HRI,HRI,Herc Holdings Inc.,Industrials,Rental & Leasing Services,United States,NYSE,4521937115.0,135.26,34.59,39.38,2,18.3,696,False,-24.21,50.08,-3.79,-1.76,-6.61,-3.96,0.38,140.5899,137.6851,144.8284,140.8341,134.7484,114906927,1255,2026-09-18,37.78,33431444.0
NASDAQ:SFIX,SFIX,"Stitch Fix, Inc.",Consumer Cyclical,Apparel Retail,United States,NASDAQ,335932916.0,2.84,34.59,37.5,2,18.3,697,False,-50.26,0.0,-27.25,-29.16,-30.49,-25.72,-27.09,3.9037,4.0091,4.0859,3.8234,3.8951,4698380,1255,2026-09-18,36.84,118286238.0
NASDAQ:ITRI,ITRI,"Itron, Inc.",Technology,Scientific & Technical Instruments,United States,NASDAQ,3960073941.0,90.44,34.6,41.85,2,18.4,698,False,-34.55,15.92,-1.89,-6.97,-14.22,-8.27,2.17,92.1867,97.2195,105.4278,98.5904,88.5204,48144771,1255,2026-09-18,36.81,43786753.0
NASDAQ:MAT,MAT,"Mattel, Inc.",Consumer Cyclical,Leisure,United States,NASDAQ,3852944940.0,13.26,34.6,38.72,2,18.4,699,False,-40.16,1.61,-18.38,-20.64,-25.23,-26.76,-27.67,16.2463,16.7082,17.7346,18.106,18.3326,54714825,1255,2026-09-18,35.16,290569000.0
NASDAQ:DKNG,DKNG,DraftKings Inc.,Consumer Cyclical,Gambling,United States,NASDAQ,10790801770.0,21.75,34.61,39.26,2,18.4,700,False,-50.39,4.97,-17.71,-22.2,-36.13,-38.18,-30.79,26.4323,27.9568,34.0529,35.1841,31.4257,244975712,1255,2026-09-18,37.83,496128817.0
NYSE:HAWK,HAWK,"HawkEye 360, Inc.",Industrials,Aerospace & Defense,United States,NYSE,1593808696.0,16.27,34.61,36.94,2,18.4,701,False,-53.06,0.62,,,,,,,,,,,24288320,93,2026-09-18,39.38,97959969.0
NYSE:EVEX,EVEX,"Eve Holding, Inc.",Industrials,Aerospace & Defense,United States,NYSE,710541351.0,2.04,34.62,38.19,2,18.5,702,False,-59.68,2.51,-34.13,-38.77,-47.38,-54.26,-62.21,3.0969,3.3317,3.877,4.46,5.3988,2037698,1094,2026-09-18,35.48,348304584.0
NYSE:WLK,WLK,Westlake Corporation,Basic Materials,Specialty Chemicals,United States,NYSE,8849451742.0,69.07,34.62,37.59,2,18.5,703,False,-43.29,25.83,-21.02,-17.69,-24.9,-34.55,-34.49,87.4505,83.9192,91.9739,105.529,105.4271,49519003,1255,2026-09-18,38.36,128122944.0
NASDAQ:NB,NB,NioCorp Developments Ltd.,Basic Materials,Other Industrial Metals & Mining,United States,NASDAQ,521201632.0,3.58,34.63,38.04,2,18.5,704,False,-69.32,2.29,-32.53,-37.1,-11.71,-0.99,,5.3063,5.6919,4.0547,3.6156,,10723673,878,2026-09-18,36.03,145587048.0
NYSE:L,L,Loews Corporation,Financial Services,Insurance - Property & Casualty,United States,NYSE,22031175384.0,107.77,34.64,38.53,2,18.5,705,False,-9.69,11.72,-0.96,0.45,11.23,21.42,33.12,108.8129,107.2891,96.8868,88.7573,80.9588,97674645,1255,2026-09-18,37.35,204427720.0
NYSE:UBS,UBS,UBS Group AG Registered,Financial Services,Banks - Diversified,Switzerland,NYSE,166151943763.0,50.69,34.65,40.86,2,18.6,706,False,-9.03,42.81,9.92,13.93,32.7,47.56,67.51,46.1154,44.4933,38.1988,34.3515,30.2605,91032038,1255,2026-09-18,34.12,3277805164.0
NYSE:EAT,EAT,"Brinker International, Inc.",Consumer Cyclical,Restaurants,United States,NYSE,8436457171.0,196.71,34.67,41.39,2,18.6,707,False,-22.54,92.31,17.87,24.14,30.96,68.3,103.91,166.8941,158.4558,150.2023,116.8828,96.47,296188673,1255,2026-09-18,36.05,42887790.0
NYSE:GRBK,GRBK,"Green Brick Partners, Inc.",Consumer Cyclical,Residential Construction,United States,NYSE,2847738182.0,66.21,34.68,39.05,2,18.6,708,False,-17.84,8.08,-5.07,-4.37,-1.38,4.88,17.23,69.7457,69.2344,67.1371,63.1285,56.48,28542940,1255,2026-09-18,36.4,43010696.0
NASDAQ:SPRO,SPRO,"Spero Therapeutics, Inc.",Healthcare,Biotechnology,United States,NASDAQ,65428687.0,1.13,34.68,33.98,2,18.6,709,False,-62.08,1.8,-47.73,-48.24,-36.98,-31.95,-32.05,2.1616,2.1831,1.793,1.6606,1.6629,414604,1255,2026-09-18,32.36,57901493.0
NYSE:KEY,KEY,KeyCorp,Financial Services,Banks - Regional,United States,NYSE,22309048350.0,20.81,34.69,38.19,2,18.7,710,False,-12.42,29.12,-1.83,2.09,14.24,27.89,37.2,21.1976,20.383,18.2162,16.272,15.1675,276684427,1255,2026-09-18,36.21,1072035000.0
NYSE:KVUE,KVUE,Kenvue Inc.,Consumer Defensive,Household & Personal Products,United States,NYSE,34195354377.0,17.81,34.69,39.49,2,18.7,711,False,-9.19,32.3,0.77,3.45,-6.25,-4.59,,17.6738,17.2153,18.9964,18.6665,,491580561,847,2026-09-18,35.63,1920008668.0
NYSE:ONON,ONON,On Holding AG,Consumer Cyclical,Footwear & Accessories,Switzerland,NYSE,8200641311.0,27.26,34.7,35.58,2,18.7,712,False,-46.16,1.87,-29.93,-30.88,-39.85,-34.07,-26.82,38.9026,39.4363,45.3196,41.3438,37.2496,225366001,1255,2026-09-18,35.05,300830569.0
NASDAQ:RMNI,RMNI,"Rimini Street, Inc.",Technology,Software - Application,United States,NASDAQ,408899280.0,4.38,34.71,40.31,2,18.8,713,True,-22.48,47.47,9.27,7.68,21.33,32.03,24.15,4.0085,4.0677,3.6101,3.3174,3.528,2451960,1255,2026-09-18,33.82,93356000.0
NYSE:ESS,ESS,"Essex Property Trust, Inc.",Real Estate,REIT - Residential,United States,NYSE,17353882617.0,270.05,34.72,38.86,2,18.8,714,False,-9.48,14.93,2.03,3.03,1.29,6.59,12.83,264.6826,262.1118,266.6199,253.3522,239.3448,149997319,1255,2026-09-18,35.56,64261739.0
NYSE:MAIR,MAIR,Madison Air Solutions Corporation,Industrials,Building Products & Equipment,United States,NYSE,4257999500.0,24.01,34.72,35.99,2,18.8,715,False,-45.26,2.26,,,,,,,,,,,72523432,108,2026-09-18,32.53,177342753.0
NASDAQ:NOVT,NOVT,Novanta Inc.,Technology,Scientific & Technical Instruments,United States,NASDAQ,4741555161.0,133.14,34.72,39.09,2,18.8,716,False,-21.1,34.19,-4.28,-0.05,-2.96,-8.1,-9.47,139.0951,133.2096,137.2062,144.867,147.0623,48642999,1255,2026-09-18,35.09,35613303.0
NYSE:PNC,PNC,"PNC Financial Services Group, Inc. (The)",Financial Services,Banks - Regional,United States,NYSE,93034830000.0,233.17,34.72,39.0,2,18.8,717,False,-9.26,33.8,3.79,7.8,18.11,31.33,42.2,224.6489,216.3003,197.4228,177.5507,163.9696,404879846,1255,2026-09-18,32.26,399000000.0
NASDAQ:ROP,ROP,"Roper Technologies, Inc.",Technology,Software - Application,United States,NASDAQ,36863986000.0,372.74,34.72,41.8,2,18.8,718,False,-27.81,18.73,0.13,-5.17,-20.74,-23.73,-21.4,372.2607,393.0553,470.2967,488.7233,474.2518,313788242,1255,2026-09-18,35.69,98900000.0
NASDAQ:UFPI,UFPI,"UFP Industries, Inc.",Basic Materials,Lumber & Wood Production,United States,NASDAQ,4473234216.0,79.2,34.74,38.83,2,18.9,719,False,-30.66,0.91,-12.96,-12.83,-20.9,-23.44,-19.1,90.9883,90.8573,100.1268,103.4537,97.8951,36130073,1255,2026-09-18,34.84,56480230.0
NASDAQ:AEP,AEP,"American Electric Power Company, Inc.",Utilities,Utilities - Regulated Electric,United States,NASDAQ,65327682240.0,120.0,34.77,37.83,2,19.0,720,False,-12.82,16.24,-4.3,-2.5,8.64,20.45,27.29,125.3918,123.0713,110.4539,99.6258,94.2738,448830333,1255,2026-09-18,39.75,544397352.0
NASDAQ:CDNS,CDNS,"Cadence Design Systems, Inc.",Technology,Software - Application,United States,NASDAQ,77908679700.0,282.9,34.77,36.15,2,19.0,721,False,-32.06,6.49,-13.24,-13.63,-9.56,-6.22,2.72,326.0847,327.5423,312.7977,301.6732,275.4004,778493490,1255,2026-09-18,32.92,275393000.0
NASDAQ:CIGI,CIGI,Colliers International Group Inc. - Subordinate Voting Shares,Real Estate,Real Estate Services,Canada,NASDAQ,4460617960.0,89.61,34.77,38.82,2,19.0,722,True,-46.93,1.06,-20.25,-25.82,-30.74,-27.99,-24.31,112.362,120.8055,129.3888,124.4423,118.391,24060850,1255,2026-09-18,32.56,49778127.0
NYSE:PHR,PHR,"Phreesia, Inc.",Healthcare,Health Information Services,United States,NYSE,620591366.0,10.04,34.77,40.26,2,19.0,723,False,-59.42,24.57,-15.33,-28.55,-48.87,-50.49,-56.01,11.8574,14.0521,19.6353,20.2804,22.8212,8176351,1255,2026-09-18,37.66,61811889.0
NASDAQ:HBAN,HBAN,Huntington Bancshares Incorporated,Financial Services,Banks - Regional,United States,NASDAQ,32084187437.0,15.88,34.8,38.35,2,19.0,724,False,-15.17,8.78,-4.77,-3.44,0.61,10.77,17.95,16.6754,16.4464,15.784,14.3359,13.4631,431558872,1255,2026-09-18,34.8,2020414826.0
NASDAQ:LINC,LINC,Lincoln Educational Services Corporation,Consumer Defensive,Education & Training Services,United States,NASDAQ,804754869.0,25.37,34.81,33.12,2,19.1,725,False,-54.44,42.53,-29.69,-23.19,0.05,24.54,50.31,36.0843,33.0312,25.358,20.3715,16.8785,21081738,1255,2026-09-18,34.93,31720728.0
NYSE:LUCK,LUCK,Lucky Strike Entertainment Corporation,Consumer Cyclical,Leisure,United States,NYSE,430580670.0,5.53,34.81,35.98,2,19.1,726,False,-45.94,3.56,-28.37,-29.91,-37.79,-43.01,-46.78,7.7202,7.8894,8.8895,9.7037,10.3899,685954,1255,2026-09-18,33.39,77862689.0
NYSE:CCS,CCS,"Century Communities, Inc.",Real Estate,Real Estate - Development,United States,NYSE,1721043437.0,60.53,34.82,39.7,2,19.2,727,False,-17.88,26.37,-2.63,-1.92,-7.89,-13.9,-9.67,62.1627,61.7178,65.7143,70.3057,67.0121,19141710,1255,2026-09-18,35.51,28432900.0
NYSE:CINT,CINT,CI&T Inc,Technology,Software - Infrastructure,Brazil,NYSE,53407721.0,2.98,34.82,38.59,2,19.2,728,False,-47.35,0.0,-28.7,-30.45,-43.18,-42.66,-45.71,4.1798,4.2844,5.2448,5.1967,5.4895,334092,1218,2026-09-18,40.02,17922054.0
NASDAQ:DNTH,DNTH,"Dianthus Therapeutics, Inc.",Healthcare,Biotechnology,United States,NASDAQ,5292238017.0,96.81,34.82,41.19,2,19.2,729,False,-16.51,194.08,22.91,37.98,108.47,156.04,204.22,78.7677,70.1619,46.4375,37.8109,31.822,77576042,1255,2026-09-18,40.19,54666233.0
NYSE:UIS,UIS,Unisys Corporation New,Technology,Information Technology Services,United States,NYSE,174998292.0,2.4,34.83,37.06,2,19.2,730,False,-49.79,20.0,-16.83,-19.75,-42.39,-45.69,-47.67,2.8857,2.9906,4.1659,4.4191,4.5862,1472359,1255,2026-09-18,38.28,72915955.0
NYSE:AQN,AQN,Algonquin Power & Utilities Corp.,Utilities,Utilities - Diversified,Canada,NYSE,4117710660.0,5.35,34.85,37.43,2,19.2,731,False,-21.68,1.8,-11.08,-10.06,-2.24,-1.92,-8.81,6.0167,5.9485,5.4726,5.455,5.8669,23847479,1255,2026-09-18,36.25,769665544.0
NYSE:UWMC,UWMC,UWM Holdings Corporation,Financial Services,Mortgage Finance,United States,NYSE,424031900.0,1.25,34.85,36.15,2,19.2,732,False,-79.12,4.17,-60.85,-65.24,-70.59,-73.3,-71.71,3.1932,3.596,4.2504,4.6822,4.4182,16229081,1255,2026-09-18,35.39,339225520.0
NYSE:HPP,HPP,"Hudson Pacific Properties, Inc.",Real Estate,REIT - Office,United States,NYSE,624325696.0,11.51,34.86,38.87,2,19.3,733,False,-42.51,108.89,5.38,-5.12,-31.62,-54.69,-64.2,10.9225,12.1314,16.8329,25.403,32.1549,7559060,1255,2026-09-18,35.57,54242024.0
NYSE:SUI,SUI,"Sun Communities, Inc.",Real Estate,REIT - Residential,United States,NYSE,14017498609.0,113.75,34.86,38.62,2,19.3,734,False,-15.56,0.0,-7.97,-7.82,-6.0,-3.45,-3.73,123.6028,123.3942,121.0148,117.82,118.1553,149297106,1255,2026-09-18,37.4,123230757.0
NASDAQ:WFRD,WFRD,Weatherford International plc,Energy,Oil & Gas Equipment & Services,United States,NASDAQ,5880356889.0,82.03,34.86,39.74,2,19.3,735,False,-26.15,35.08,-11.35,-6.35,9.23,-2.54,6.18,92.5342,87.5894,75.0976,84.1651,77.254,96663785,1255,2026-09-18,34.89,71685443.0
NYSE:RJF,RJF,"Raymond James Financial, Inc.",Financial Services,Asset Management,United States,NYSE,31648475000.0,164.75,34.88,40.75,2,19.4,736,True,-9.07,17.79,2.75,2.63,6.48,17.75,26.99,160.3334,160.5203,154.7173,139.9128,129.7349,227074741,1255,2026-09-18,32.55,192100000.0
NYSE:WMS,WMS,"Advanced Drainage Systems, Inc.",Industrials,Building Products & Equipment,United States,NYSE,9661150401.0,126.05,34.88,38.41,2,19.4,737,True,-27.84,0.57,-13.83,-13.28,-6.59,-8.85,-2.18,146.2784,145.3497,134.9499,138.2933,128.8583,97742148,1255,2026-09-18,34.01,76645382.0
NYSE:FLUT,FLUT,Flutter Entertainment plc,Consumer Cyclical,Gambling,United States,NYSE,15536970182.0,89.56,34.89,39.32,2,19.4,738,False,-68.61,0.0,-29.61,-40.27,-56.38,-55.17,-53.12,127.228,149.9517,205.3182,199.7818,191.0353,265815085,1255,2026-09-18,38.32,173481132.0
NASDAQ:ETOR,ETOR,eToro Group Ltd.,Financial Services,Capital Markets,Israel,NASDAQ,1875929609.0,28.08,34.9,37.32,2,19.4,739,True,-37.63,13.41,-18.56,-20.93,,,,34.4803,35.5145,,,,33299935,340,2026-09-18,33.88,66806610.0
NYSE:GMED,GMED,"Globus Medical, Inc.",Healthcare,Medical Devices,United States,NYSE,8394340308.0,74.08,34.91,39.13,2,19.5,740,False,-23.49,34.45,-13.17,-9.29,-3.14,5.65,8.91,85.3175,81.666,76.4795,70.1197,68.0177,106068877,1255,2026-09-18,35.09,113314529.0
NASDAQ:SNDX,SNDX,"Syndax Pharmaceuticals, Inc.",Healthcare,Biotechnology,United States,NASDAQ,1561308676.0,17.62,34.91,38.54,2,19.5,741,False,-29.94,34.4,-15.98,-11.48,3.95,-1.36,-7.18,20.9711,19.905,16.95,17.8629,18.9831,30823084,1255,2026-09-18,35.27,88610027.0
NASDAQ:DGICB,DGICB,"Donegal Group, Inc.",Financial Services,Insurance - Property & Casualty,United States,NASDAQ,117391114.0,21.05,34.92,41.39,2,19.5,742,True,-20.53,47.02,10.19,14.86,28.47,41.3,46.59,19.1025,18.3269,16.3854,14.8974,14.3595,27097,1255,2026-09-18,33.81,5576775.0
NYSE:TRN,TRN,"Trinity Industries, Inc.",Industrials,Railroads,United States,NYSE,2230745608.0,28.0,34.94,36.66,2,19.5,743,False,-26.45,15.74,-10.45,-7.37,-5.75,-0.38,5.13,31.2681,30.2293,29.707,28.1079,26.6341,15893788,1255,2026-09-18,38.5,79669486.0
NYSE:AUB,AUB,Atlantic Union Bankshares Corporation,Financial Services,Banks - Regional,United States,NYSE,5539300160.0,39.03,34.96,39.61,2,19.6,744,True,-9.26,28.26,2.38,5.42,12.21,17.05,21.71,38.124,37.0235,34.783,33.346,32.0687,49364612,1255,2026-09-18,34.13,141924165.0
NASDAQ:GSHD,GSHD,"Goosehead Insurance, Inc.",Financial Services,Insurance Brokers,United States,NASDAQ,1298443013.0,54.55,34.97,41.04,2,19.6,745,True,-32.12,58.71,-0.81,-6.34,-31.94,-28.18,-20.58,54.9982,58.2453,80.1552,75.9532,68.6813,20088289,1255,2026-09-18,31.77,23802805.0
NYSE:LEN.B,LEN-B,Lennar Corporation Class B,Consumer Cyclical,Residential Construction,United States,NYSE,2270372575.0,74.71,34.99,38.69,2,19.6,746,False,-39.49,0.0,-18.29,-22.39,-31.33,-34.58,-29.07,91.4291,96.2612,108.8006,114.194,105.3251,8107533,1255,2026-09-18,41.87,30389139.0
NASDAQ:PLTK,PLTK,Playtika Holding Corp.,Communication Services,Electronic Gaming & Multimedia,Israel,NASDAQ,840638794.0,2.21,34.99,36.27,2,19.6,747,False,-48.15,0.45,-34.16,-35.4,-50.08,-57.94,-63.98,3.3566,3.4209,4.4267,5.2547,6.1357,3087302,1255,2026-09-18,39.04,380379545.0
NASDAQ:OSS,OSS,"One Stop Systems, Inc.",Technology,Computer Hardware,United States,NASDAQ,224159604.0,9.05,35.0,36.92,2,19.7,748,False,-54.64,108.53,-19.77,-10.2,34.33,71.27,93.48,11.2801,10.0784,6.7371,5.2841,4.6776,7125171,1255,2026-09-18,35.15,24769017.0
NYSE:BBAR,BBAR,Banco BBVA Argentina S.A. ADS,Financial Services,Banks - Regional,Argentina,NYSE,2910372875.0,14.25,35.01,37.73,2,19.7,749,False,-34.41,82.26,-14.81,-9.53,-12.18,10.01,34.85,16.7273,15.7519,16.2264,12.9532,10.5675,10317331,1255,2026-09-18,38.86,204236693.0
NASDAQ:DASH,DASH,"DoorDash, Inc.",Consumer Cyclical,Internet Retail,United States,NASDAQ,79363285533.0,192.94,35.01,41.85,2,19.7,750,False,-31.52,31.61,2.33,-3.41,-2.52,14.59,35.81,188.5449,199.7567,197.9296,168.3719,142.0648,793116614,1255,2026-09-18,36.12,411336610.0
NASDAQ:PERI,PERI,Perion Network Ltd,Communication Services,Internet Content & Information,Israel,NASDAQ,340600563.0,8.66,35.01,38.9,2,19.7,751,False,-21.7,12.32,-7.93,-8.34,-6.68,-31.79,-49.73,9.406,9.4483,9.28,12.6967,17.2263,6059634,1255,2026-09-18,38.13,39330319.0
NASDAQ:ZM,ZM,"Zoom Communications, Inc.",Technology,Software - Application,United States,NASDAQ,23492593818.0,88.77,35.02,40.35,2,19.8,752,False,-20.66,22.07,-2.41,-0.54,6.3,15.17,17.31,90.9636,89.2506,83.5052,77.076,75.6733,344378418,1255,2026-09-18,39.87,264645644.0
AMEX:CEV,CEV,Eaton Vance California Municipal Income Trust Shares of Beneficial Interest,Financial Services,Asset Management,United States,AMEX,69913736.0,9.94,35.03,39.04,2,19.8,753,False,-7.85,6.05,-1.48,-0.7,3.66,5.94,9.29,10.0892,10.0101,9.589,9.3825,9.095,220925,1255,2026-09-18,37.27,7033575.0
NYSE:MRSH,MRSH,Marsh,Financial Services,Insurance Brokers,United States,NYSE,83516744013.0,175.01,35.03,40.72,2,19.8,754,True,-14.11,11.87,-0.8,-1.96,-11.03,-10.84,-6.92,176.4211,178.5166,196.7092,196.2787,188.0148,459582364,1255,2026-09-18,34.03,477211268.0
AMEX:QNC,QNC,Quantum eMotion Corp.,Technology,Software - Infrastructure,Canada,AMEX,366347349.0,1.67,35.03,36.74,2,19.8,755,False,-55.94,0.0,,,,,,,,,,,1940837,144,2026-09-18,36.17,219369670.0
NASDAQ:SSTI,SSTI,"SoundThinking, Inc.",Technology,Software - Application,United States,NASDAQ,72282968.0,5.58,35.07,36.93,2,19.9,756,False,-55.71,0.0,-23.44,-28.5,-48.02,-56.55,-67.23,7.2886,7.8039,10.7351,12.8421,17.0296,662730,1255,2026-09-18,39.46,12953937.0
NASDAQ:MZTI,MZTI,The Marzetti Company,Consumer Defensive,Packaged Foods,United States,NASDAQ,2740044310.0,99.92,35.08,38.53,2,19.9,757,False,-43.09,0.0,-24.09,-27.71,-35.45,-37.69,-39.17,131.63,138.2224,154.7838,160.3495,164.2551,53559276,1255,2026-09-18,37.14,27422381.0
NASDAQ:VRCA,VRCA,Verrica Pharmaceuticals Inc.,Healthcare,Biotechnology,United States,NASDAQ,76445598.0,4.45,35.08,38.69,2,19.9,758,False,-51.1,35.67,-28.48,-23.58,-34.66,-80.65,-84.94,6.2222,5.8234,6.811,23.0005,29.5469,490530,1255,2026-09-18,38.99,17178786.0
NASDAQ:FISV,FISV,"Fiserv, Inc.",,,,NASDAQ,25164255599.0,47.19,35.09,39.25,2,20.0,759,False,-64.83,0.02,-18.36,-29.0,-62.94,-64.43,-62.96,57.8002,66.4602,127.3472,132.6645,127.4045,339607257,1254,2026-09-18,41.21,533253986.0
NYSE:POR,POR,Portland General Electric Co,Utilities,Utilities - Regulated Electric,United States,NYSE,5555789638.0,47.24,35.09,38.38,2,20.0,760,False,-11.94,15.89,-5.39,-3.26,5.32,10.5,11.76,49.9316,48.8306,44.8521,42.7504,42.2699,49282551,1255,2026-09-18,40.44,117607740.0
NASDAQ:BTQ,BTQ,BTQ Technologies Corp.,Technology,Software - Infrastructure,Canada,NASDAQ,375779602.0,2.61,35.1,38.58,2,20.0,761,False,-81.54,21.4,-32.63,,,,,3.8741,,,,,7319660,246,2026-09-18,36.84,143976859.0
NASDAQ:REYN,REYN,Reynolds Consumer Products Inc.,Consumer Cyclical,Packaging & Containers,United States,NASDAQ,4662696522.0,22.12,35.11,36.76,3,20.0,762,False,-17.9,9.7,-3.88,-4.06,-5.14,-7.86,-8.82,23.0138,23.0563,23.3178,24.0065,24.2595,37131513,1255,2026-09-18,40.87,210790982.0
NASDAQ:CYTK,CYTK,"Cytokinetics, Incorporated",Healthcare,Biotechnology,United States,NASDAQ,9338301387.0,68.78,35.13,38.62,3,20.1,763,False,-21.18,43.8,-1.76,1.29,23.24,22.97,32.69,70.0115,67.9023,55.8116,55.9317,51.8369,141822339,1255,2026-09-18,37.53,135770593.0
NYSE:MLM,MLM,"Martin Marietta Materials, Inc.",Basic Materials,Building Materials,United States,NYSE,29470703247.0,490.64,35.14,37.87,3,20.1,764,False,-30.41,0.0,-17.48,-18.07,-14.06,-11.22,-3.21,594.5354,598.8277,570.9284,552.6673,506.931,381239374,1255,2026-09-18,36.56,60065839.0
NASDAQ:IART,IART,Integra LifeSciences Holdings Corporation,Healthcare,Medical Devices,United States,NASDAQ,1183697541.0,15.22,35.16,39.24,3,20.1,765,True,-23.32,71.01,9.2,9.89,-5.78,-31.04,-47.42,13.9371,13.8503,16.1545,22.0697,28.9471,13684543,1255,2026-09-18,33.34,77772506.0
NYSE:TFII,TFII,TFI International Inc.,Industrials,Trucking,Canada,NYSE,10287279760.0,125.16,35.17,38.36,3,20.2,766,False,-23.13,56.28,-1.75,4.88,10.22,4.27,7.17,127.3935,119.3413,113.5524,120.03,116.7837,25496572,1255,2026-09-18,36.05,82193031.0
NYSE:CXT,CXT,"Crane NXT, Co.",Industrials,Specialty Industrial Machinery,United States,NYSE,2624507359.0,45.61,35.18,39.98,3,20.2,767,True,-32.83,26.69,-3.61,-9.32,-13.61,-15.26,-10.6,47.3168,50.2998,52.7976,53.8229,51.0163,25190117,1255,2026-09-18,33.58,57542367.0
NASDAQ:ENVX,ENVX,Enovix Corporation,Industrials,Electrical Equipment & Parts,United States,NASDAQ,652278786.0,2.99,35.18,36.8,3,20.2,768,False,-77.33,2.4,-49.83,-56.49,-63.95,-67.28,-70.92,5.9599,6.8726,8.2937,9.1384,10.2809,19046782,1255,2026-09-18,33.15,218153440.0
NYSE:ALH,ALH,Alliance Laundry Holdings Inc.,Consumer Cyclical,"Furnishings, Fixtures & Appliances",United States,NYSE,4285974710.0,21.58,35.21,36.63,3,20.2,769,True,-22.96,13.22,-8.35,,,,,23.546,,,,,30827227,237,2026-09-18,33.96,198608652.0
NYSE:BAM,BAM,Brookfield Asset Management Inc Class A Limited Voting Shares,Financial Services,Asset Management,United States,NYSE,73547003039.0,46.06,35.22,40.18,3,20.3,770,False,-22.09,9.61,-4.12,-6.06,-8.77,1.59,,48.0369,49.0316,50.4901,45.3378,,115480000,952,2026-09-18,30.53,1596765155.0
NASDAQ:IMSR,IMSR,Terrestrial Energy Inc.,Utilities,Utilities - Regulated Electric,United States,NASDAQ,344109239.0,4.16,35.22,38.58,3,20.3,771,False,-84.65,0.0,-41.05,-53.05,,,,7.0565,8.8608,,,,6692348,486,2026-09-18,37.91,82718567.0
NYSE:AZZ,AZZ,AZZ Inc.,Industrials,Specialty Business Services,United States,NYSE,3988435213.0,132.72,35.23,38.7,3,20.3,772,False,-17.0,36.57,-1.0,4.0,21.28,39.92,63.88,134.058,127.6122,109.4319,94.8518,80.9851,32690932,1255,2026-09-18,36.76,30051501.0
NYSE:CHH,CHH,"Choice Hotels International, Inc.",Consumer Cyclical,Lodging,United States,NYSE,4406238497.0,96.85,35.24,38.38,3,20.3,773,False,-20.46,15.72,-7.9,-6.59,-17.73,-17.38,-17.28,105.1594,103.6784,117.727,117.2175,117.0841,54894996,1255,2026-09-18,38.86,45495493.0
NYSE:SPXC,SPXC,"SPX Technologies, Inc.",Industrials,Building Products & Equipment,United States,NYSE,9100285785.0,181.77,35.24,37.81,3,20.3,774,False,-26.23,1.94,-14.84,-13.6,-1.41,12.47,30.68,213.4563,210.3923,184.3666,161.6168,139.0937,90085075,1255,2026-09-18,32.4,50064839.0
NYSE:LEN,LEN,Lennar Corporation,Consumer Cyclical,Residential Construction,United States,NYSE,16088973809.0,76.43,35.25,38.75,3,20.4,775,False,-41.68,0.0,-19.98,-24.32,-33.5,-37.78,-33.86,95.5185,100.9924,114.9259,122.8395,115.562,315533052,1255,2026-09-18,41.5,210506003.0
NYSE:POST,POST,"Post Holdings, Inc.",Consumer Defensive,Packaged Foods,United States,NYSE,3470350410.0,76.57,35.25,38.31,3,20.4,776,False,-33.19,0.45,-19.74,-21.46,-26.71,-25.43,-22.79,95.404,97.4969,104.4685,102.6788,99.1657,78056008,1255,2026-09-18,37.99,45322586.0
NYSE:BCE,BCE,"BCE, Inc.",Communication Services,Telecom Services,Canada,NYSE,20571519523.0,22.06,35.28,41.64,3,20.5,777,False,-13.29,7.14,-5.22,-4.22,-3.55,-12.61,-20.09,23.2747,23.0321,22.8728,25.2422,27.6055,78472977,1255,2026-09-18,38.35,932525817.0
NYSE:BXP,BXP,"BXP, Inc.",Real Estate,REIT - Office,United States,NYSE,10074186789.0,63.17,35.28,40.08,3,20.5,778,False,-15.13,25.82,1.22,-1.22,-4.03,0.84,4.94,62.4095,63.9478,65.8233,62.6441,60.1958,92838630,1255,2026-09-18,37.76,159477391.0
NASDAQ:STTK,STTK,"Shattuck Labs, Inc.",Healthcare,Biotechnology,United States,NASDAQ,574004072.0,6.01,35.3,40.56,3,20.5,779,True,-25.43,239.55,6.02,21.96,95.03,50.75,62.21,5.6688,4.9279,3.0815,3.9868,3.7051,7549286,1255,2026-09-18,30.63,95508165.0
NASDAQ:APOG,APOG,"Apogee Enterprises, Inc.",Industrials,Building Products & Equipment,United States,NASDAQ,767953219.0,36.8,35.31,39.47,3,20.5,780,False,-24.25,17.68,-2.55,-2.52,-18.31,-22.9,-20.21,37.7646,37.7495,45.0486,47.7304,46.1222,9438682,1255,2026-09-18,39.57,20868294.0
NYSE:SWX,SWX,"Southwest Gas Holdings, Inc. Common Stock (DE)",Utilities,Utilities - Regulated Gas,United States,NYSE,6213382847.0,85.85,35.32,39.44,3,20.6,781,False,-7.41,14.43,-0.67,1.49,10.32,18.18,24.86,86.4326,84.5928,77.8218,72.644,68.756,59276736,1255,2026-09-18,38.07,72374873.0
NYSE:VIK,VIK,Viking Holdings Ltd,Consumer Cyclical,Travel Services,Bermuda,NYSE,26792181900.0,84.15,35.32,37.85,3,20.6,782,False,-22.27,47.42,0.95,6.92,33.82,,,83.3567,78.7052,62.8814,,,347530532,598,2026-09-18,36.61,318386000.0
NASDAQ:ZG,ZG,"Zillow Group, Inc.",Communication Services,Internet Content & Information,United States,NASDAQ,1281397502.0,30.25,35.34,39.59,3,20.6,783,False,-65.0,3.81,-32.7,-40.1,-50.35,-46.23,-42.5,44.9453,50.4977,60.929,56.2545,52.6105,28116036,1255,2026-09-18,36.49,42360248.0
NASDAQ:BRCB,BRCB,"Black Rock Coffee Bar, Inc.",Consumer Cyclical,Restaurants,United States,NASDAQ,155109101.0,7.19,35.35,40.08,3,20.6,784,False,-74.17,16.16,-43.76,-52.1,,,,12.7837,15.0106,,,,3532534,256,2026-09-18,34.87,21572893.0
NYSE:BRT,BRT,BRT Apartments Corp. (MD),Real Estate,REIT - Residential,United States,NYSE,260124462.0,13.82,35.35,39.53,3,20.6,785,False,-11.58,6.4,-3.11,-3.05,-6.76,-7.35,-9.17,14.2638,14.2542,14.8215,14.9171,15.2148,738912,1255,2026-09-18,35.35,18822320.0
NASDAQ:ZION,ZION,Zions Bancorporation N.A.,Financial Services,Banks - Regional,United States,NASDAQ,9519600970.0,65.23,35.37,40.06,3,20.7,786,False,-10.42,43.24,4.61,8.32,18.4,32.08,41.93,62.3552,60.2214,55.0924,49.386,45.9578,97905937,1255,2026-09-18,37.06,145939000.0
NYSE:RLI,RLI,RLI Corp. Common Stock (DE),Financial Services,Insurance - Property & Casualty,United States,NYSE,5450398470.0,59.39,35.38,42.23,3,20.7,787,False,-10.6,30.18,3.38,3.29,-6.18,-5.84,-2.99,57.4475,57.4976,63.3053,63.0705,61.2221,36390018,1255,2026-09-18,39.76,91773000.0
NYSE:AA,AA,Alcoa Corporation,Basic Materials,Aluminum,United States,NYSE,11725496641.0,44.43,35.39,39.32,3,20.8,788,False,-46.87,43.39,-23.26,-16.83,2.44,13.1,13.45,57.8941,53.4205,43.3737,39.2828,39.1619,190436732,1255,2026-09-18,41.92,263909445.0
NASDAQ:BNTC,BNTC,Benitec Biopharma Inc.,Healthcare,Biotechnology,United States,NASDAQ,378584761.0,11.02,35.39,39.78,3,20.8,789,False,-33.29,9.54,-8.52,-11.9,-10.8,8.97,29.27,12.0461,12.5086,12.3542,10.1133,8.5249,1590750,1255,2026-09-18,38.42,34354334.0
NYSE:RM,RM,Regional Management Corp.,Financial Services,Credit Services,United States,NYSE,293182600.0,31.39,35.39,38.59,3,20.8,790,False,-28.65,3.47,-11.92,-13.1,-6.24,3.51,7.68,35.6369,36.1226,33.4802,30.3245,29.1507,2411541,1255,2026-09-18,39.56,9340000.0
NASDAQ:LTBR,LTBR,Lightbridge Corporation,Industrials,Electrical Equipment & Parts,United States,NASDAQ,214146055.0,6.52,35.42,38.16,3,20.8,791,False,-76.48,0.77,-43.5,-51.7,-43.5,-25.68,-15.79,11.5397,13.4988,11.5398,8.7723,7.7428,5880428,1255,2026-09-18,38.63,32844487.0
NASDAQ:ALGN,ALGN,"Align Technology, Inc.",Healthcare,Medical Instruments & Supplies,United States,NASDAQ,10571551726.0,147.61,35.44,38.3,3,20.8,792,False,-25.26,18.2,-13.66,-9.67,-17.19,-28.59,-34.79,170.957,163.4033,178.2612,206.7121,226.3523,136815257,1255,2026-09-18,37.54,71618127.0
NYSE:FINS,FINS,Angel Oak Financial Strategies Income Term Trust Common Shares of Beneficial Interest,Financial Services,Asset Management,United States,NYSE,408688088.0,12.23,35.44,40.23,3,20.8,793,False,-3.17,4.61,-0.26,0.44,4.83,11.93,18.04,12.2615,12.1767,11.6667,10.9268,10.3611,509815,1255,2026-09-18,36.65,33416851.0
NASDAQ:SMXT,SMXT,Solarmax Technology Inc.,Technology,Solar,United States,NASDAQ,123487261.0,2.17,35.45,35.78,3,20.9,794,False,-83.71,18.58,-68.63,-72.81,-80.6,,,6.9185,7.9813,11.1827,,,59677,643,2026-09-18,36.47,56906572.0
NASDAQ:TBLA,TBLA,Taboola.com Ltd.,Communication Services,Internet Content & Information,United States,NASDAQ,875824949.0,3.6,35.49,37.76,3,20.9,795,False,-35.48,22.03,-12.64,-10.15,-2.91,-4.6,1.62,4.1207,4.0066,3.7077,3.7737,3.5427,7415424,1255,2026-09-18,38.13,243284708.0
NASDAQ:AXON,AXON,"Axon Enterprise, Inc.",Industrials,Aerospace & Defense,United States,NASDAQ,36090385998.0,447.76,35.5,39.7,3,21.0,796,False,-42.42,29.43,-10.98,-16.46,-23.08,-6.88,10.02,503.0049,535.9683,582.147,480.8317,406.9984,494702600,1255,2026-09-18,36.27,80602077.0
NASDAQ:LAMR,LAMR,Lamar Advertising Company,Real Estate,REIT - Specialty,United States,NASDAQ,12780546899.0,146.81,35.5,39.43,3,21.0,797,False,-10.66,31.16,4.75,8.14,16.92,26.69,37.01,140.1589,135.7533,125.5641,115.8841,107.1526,71414575,1255,2026-09-18,35.5,87055016.0
NYSE:COTY,COTY,Coty Inc.,Consumer Defensive,Household & Personal Products,United States,NYSE,2139533444.0,2.43,35.52,41.7,3,21.0,798,False,-45.39,31.35,-5.52,-14.39,-45.54,-63.23,-67.57,2.572,2.8384,4.4623,6.6084,7.493,16531063,1255,2026-09-18,36.65,880466438.0
NYSE:ADT,ADT,ADT Inc.,Industrials,Security & Protection Services,United States,NYSE,4663121589.0,6.9,35.55,41.52,3,21.0,799,False,-19.46,10.38,-3.74,-6.51,-7.15,-1.85,-0.87,7.1683,7.3805,7.4317,7.0299,6.9607,49944047,1255,2026-09-18,38.92,675814723.0
NASDAQ:ADUR,ADUR,Aduro Clean Technologies Inc.,Industrials,Pollution & Treatment Controls,Canada,NASDAQ,446232708.0,12.59,35.55,39.94,3,21.0,800,False,-27.6,37.0,-4.33,-4.93,24.47,,,13.1602,13.2426,10.1152,,,4792515,525,2026-09-18,35.88,35443424.0
NYSE:MS,MS,Morgan Stanley,Financial Services,Capital Markets,United States,NYSE,318455760000.0,202.58,35.55,40.55,3,21.0,801,False,-10.88,36.42,5.82,9.77,31.36,54.78,71.97,191.4329,184.5541,154.2117,130.8819,117.8,969432162,1255,2026-09-18,36.6,1572000000.0
NYSE:BRO,BRO,"Brown & Brown, Inc.",Financial Services,Insurance Brokers,United States,NYSE,21756365412.0,65.02,35.56,40.96,3,21.1,802,False,-31.59,19.84,-5.15,-9.79,-26.95,-24.91,-18.82,68.547,72.0793,89.0105,86.5871,80.0945,132299094,1255,2026-09-18,35.81,334610357.0
NYSE:MP,MP,MP Materials Corp.,Basic Materials,Other Industrial Metals & Mining,United States,NYSE,8413329077.0,47.26,35.56,40.84,3,21.1,803,False,-52.09,24.04,-17.49,-20.53,4.93,33.96,42.4,57.2778,59.4685,45.04,35.2783,33.1888,289249442,1255,2026-09-18,40.0,178022198.0
NASDAQ:NGNE,NGNE,Neurogene Inc.,Healthcare,Biotechnology,United States,NASDAQ,640205576.0,32.09,35.56,41.16,3,21.1,804,False,-25.09,96.03,19.84,21.07,27.8,21.13,38.24,26.7774,26.5043,25.1086,26.4931,23.2126,10219319,1255,2026-09-18,36.38,19950314.0
NASDAQ:SMID,SMID,Smith-Midland Corporation,Basic Materials,Building Materials,United States,NASDAQ,128524738.0,24.22,35.57,37.61,3,21.2,805,False,-43.99,0.58,-23.27,-25.69,-29.77,-28.87,-21.11,31.5661,32.5933,34.4853,34.0496,30.7022,354603,1255,2026-09-18,37.19,5306554.0
NYSE:UHAL,UHAL,U-Haul Holding Company,Industrials,Rental & Leasing Services,United States,NYSE,1249127940.0,64.27,35.57,39.73,3,21.2,806,False,-14.61,52.33,11.64,12.98,4.15,3.31,4.67,57.57,56.8873,61.7085,62.2129,61.404,9900689,1255,2026-09-18,34.88,19435630.0
NYSE:GPI,GPI,"Group 1 Automotive, Inc.",Consumer Cyclical,Auto & Truck Dealerships,United States,NYSE,2937874684.0,246.42,35.59,38.65,3,21.2,807,False,-46.18,0.0,-25.3,-29.08,-35.68,-29.83,-21.97,329.8755,347.4534,383.1073,351.1853,315.7996,63591303,1255,2026-09-18,38.82,11922225.0
NASDAQ:HSIC,HSIC,"Henry Schein, Inc.",Healthcare,Medical Distribution,United States,NASDAQ,9664697664.0,84.84,35.6,41.99,3,21.3,808,False,-6.63,36.77,6.43,9.84,14.42,15.93,14.06,79.7159,77.2386,74.1462,73.1839,74.385,87918441,1255,2026-09-18,36.22,113916757.0
NASDAQ:IGIC,IGIC,International General Insurance Holdings Ltd.,Financial Services,Insurance - Diversified,Jordan,NASDAQ,1068914202.0,25.06,35.6,39.67,3,21.3,809,False,-13.13,24.8,0.18,3.02,9.37,30.84,55.24,25.0143,24.3245,22.9128,19.1536,16.1429,1876439,1255,2026-09-18,39.77,42654198.0
NYSE:BOH,BOH,Bank of Hawaii Corporation,Financial Services,Banks - Regional,United States,NYSE,2944577557.0,74.64,35.61,38.86,3,21.3,810,True,-12.26,29.57,-0.75,2.88,8.69,17.22,22.46,75.207,72.5523,68.67,63.6763,60.9496,22857895,1255,2026-09-18,35.06,39450396.0
NASDAQ:MYRG,MYRG,"MYR Group, Inc.",Industrials,Engineering & Construction,United States,NASDAQ,4348180140.0,279.28,35.61,35.64,3,21.3,811,False,-44.27,56.15,-14.29,-7.58,24.01,42.04,58.5,325.8495,302.1768,225.2125,196.6243,176.2022,83473565,1255,2026-09-18,33.52,15569250.0
NASDAQ:SBRA,SBRA,"Sabra Health Care REIT, Inc.",Real Estate,REIT - Healthcare Facilities,United States,NASDAQ,5042834803.0,19.74,35.62,42.0,3,21.4,812,False,-10.5,21.7,1.54,3.83,11.92,24.48,38.46,19.4406,19.0121,17.6372,15.8576,14.2563,44851987,1255,2026-09-18,42.02,255462756.0
NASDAQ:ROAD,ROAD,"Construction Partners, Inc.",Industrials,Engineering & Construction,United States,NASDAQ,4526483912.0,94.33,35.63,39.38,3,21.4,813,False,-32.85,0.88,-17.52,-17.94,-8.52,10.53,32.4,114.3664,114.9556,103.1192,85.3407,71.2485,53342347,1255,2026-09-18,35.95,47985624.0
NASDAQ:BRID,BRID,Bridgford Foods Corporation,Consumer Defensive,Packaged Foods,United States,NASDAQ,52101016.0,5.74,35.66,37.79,3,21.4,814,False,-32.47,0.0,-20.42,-21.79,-29.1,-35.6,-41.37,7.2133,7.339,8.096,8.913,9.7906,26308,1255,2026-09-18,39.95,9076832.0
NYSE:FVRR,FVRR,"Fiverr International Ltd. Ordinary Shares, no par value",Communication Services,Internet Content & Information,Israel,NYSE,305581188.0,8.5,35.66,39.44,3,21.4,815,False,-68.13,0.0,-31.33,-41.34,-59.81,-61.6,-65.4,12.3789,14.4906,21.152,22.136,24.5681,4474119,1255,2026-09-18,39.25,35950728.0
NASDAQ:STHO,STHO,Star Holdings - Shares of Beneficial Interest,Real Estate,Real Estate Services,United States,NASDAQ,109698504.0,9.08,35.66,41.44,3,21.4,816,False,-8.56,29.53,5.14,7.34,3.38,-9.56,,8.6364,8.4588,8.7829,10.0401,,163155,873,2026-09-18,37.76,12081333.0
NASDAQ:AIBZ,AIBZ,Bitzero Holdings Inc.,Technology,Software - Infrastructure,Canada,NASDAQ,237577397.0,4.31,35.67,37.49,3,21.5,817,False,-54.39,6.42,,,,,,,,,,,1712563,71,2026-09-18,31.83,55122366.0
NASDAQ:ALLO,ALLO,"Allogene Therapeutics, Inc.",Healthcare,Biotechnology,United States,NASDAQ,583311208.0,1.69,35.67,39.8,3,21.5,818,False,-44.77,60.95,-14.87,-7.88,-6.57,-25.47,-50.38,1.9853,1.8345,1.8088,2.2676,3.4058,10267706,1255,2026-09-18,37.78,345154561.0
NYSE:HUN,HUN,Huntsman Corporation,Basic Materials,Chemicals,United States,NYSE,1594252141.0,9.09,35.67,37.82,3,21.5,819,False,-42.25,26.28,-22.91,-18.23,-28.79,-41.46,-47.96,11.7921,11.1161,12.7642,15.5281,17.4681,23508375,1255,2026-09-18,36.16,175385274.0
NASDAQ:HLMN,HLMN,Hillman Solutions Corp.,Industrials,Tools & Accessories,United States,NASDAQ,1398974491.0,7.13,35.69,38.78,3,21.6,820,False,-33.61,2.15,-15.24,-16.62,-20.06,-20.06,-18.82,8.4117,8.5511,8.9197,8.9192,8.7826,13378764,1255,2026-09-18,36.6,196209606.0
NASDAQ:GOGO,GOGO,Gogo Inc.,Communication Services,Telecom Services,United States,NASDAQ,328629611.0,2.43,35.7,37.73,3,21.6,821,False,-75.13,0.0,-40.96,-51.37,-66.39,-69.64,-74.86,4.116,4.9971,7.2308,8.0037,9.6655,5366796,1255,2026-09-18,38.36,135238523.0
NASDAQ:TECX,TECX,"Tectonic Therapeutic, Inc.",Healthcare,Biotechnology,United States,NASDAQ,509468022.0,27.0,35.71,40.14,3,21.6,822,False,-28.82,83.55,-2.74,5.34,-1.54,13.43,28.8,27.7598,25.6313,27.4228,23.8022,20.9625,6706717,1255,2026-09-18,36.23,18869186.0
NASDAQ:INSG,INSG,Inseego Corp.,Technology,Communication Equipment,United States,NASDAQ,67817045.0,4.13,35.72,34.29,3,21.7,823,True,-79.65,2.74,-60.34,-62.91,-62.82,-55.36,-56.87,10.4137,11.135,11.1087,9.2509,9.5759,1006367,1255,2026-09-18,34.15,16420592.0
NASDAQ:LLYVK,LLYVK,"Liberty Live Holdings, Inc. - Series C Liberty Live Group",Communication Services,Entertainment,United States,NASDAQ,6152272070.0,96.28,35.73,40.25,3,21.7,824,False,-11.56,24.51,1.14,2.56,15.56,41.76,,95.1984,93.873,83.3188,67.9178,,30280966,784,2026-09-18,39.09,63899793.0
NASDAQ:DMRC,DMRC,Digimarc Corporation,Technology,Software - Application,United States,NASDAQ,112034635.0,5.0,35.75,37.52,3,21.7,825,False,-69.57,14.68,-30.9,-34.12,-66.03,-74.98,-75.87,7.2362,7.5898,14.7194,19.983,20.7235,774896,1255,2026-09-18,40.45,22406927.0
NASDAQ:ALOY,ALOY,REalloys Inc.,Basic Materials,Other Industrial Metals & Mining,United States,NASDAQ,563588374.0,8.26,35.76,40.41,3,21.7,826,False,-68.08,39.53,-26.74,-21.87,13.22,43.26,64.84,11.2757,10.5715,7.2954,5.7656,5.0108,20062096,1255,2026-09-18,35.65,68231038.0
NYSE:HRB,HRB,"H&R Block, Inc.",Consumer Cyclical,Personal Services,United States,NYSE,5609139160.0,44.25,35.77,43.31,3,21.8,827,False,-17.58,61.45,16.17,10.95,-4.68,-3.96,3.49,38.09,39.8837,46.4203,46.0736,42.7579,83174642,1255,2026-09-18,37.66,126760207.0
NASDAQ:RVMD,RVMD,"Revolution Medicines, Inc.",Healthcare,Biotechnology,United States,NASDAQ,40595294419.0,190.95,35.77,43.38,3,21.8,828,False,-13.66,349.19,36.57,55.7,131.63,189.4,243.42,139.8204,122.6416,82.4361,65.981,55.603,417401673,1255,2026-09-18,41.22,212596462.0
NASDAQ:TROW,TROW,"T. Rowe Price Group, Inc.",Financial Services,Asset Management,United States,NASDAQ,22318009681.0,104.16,35.77,39.41,3,21.8,829,False,-13.33,23.82,2.83,3.56,5.71,6.71,7.55,101.2981,100.5754,98.535,97.6145,96.849,153214485,1255,2026-09-18,28.76,214266606.0
NASDAQ:XPEL,XPEL,"XPEL, Inc.",Consumer Cyclical,Auto Parts,United States,NASDAQ,1233354079.0,44.75,35.77,41.31,3,21.8,830,True,-18.56,39.1,-5.23,-0.71,8.26,2.06,-11.87,47.2206,45.0691,41.3371,43.8465,50.7744,8864120,1255,2026-09-18,33.85,27560985.0
NASDAQ:WERN,WERN,"Werner Enterprises, Inc.",Industrials,Trucking,United States,NASDAQ,2139385155.0,35.67,35.78,39.44,3,21.9,831,False,-24.57,55.97,-0.17,5.81,9.51,5.1,-0.17,35.729,33.7115,32.5714,33.9395,35.7323,31824701,1255,2026-09-18,36.75,59977156.0
NYSE:AM,AM,Antero Midstream Corporation,Energy,Oil & Gas Midstream,United States,NYSE,10058342060.0,21.19,35.79,40.86,3,21.9,832,False,-8.33,27.68,1.8,5.21,18.47,33.63,50.39,20.8161,20.1415,17.8864,15.8567,14.0904,50904232,1255,2026-09-18,36.5,474674000.0
NASDAQ:OZK,OZK,Bank OZK,Financial Services,Banks - Regional,United States,NASDAQ,5226862095.0,47.88,35.8,39.86,3,21.9,833,True,-9.81,15.59,-0.11,0.78,4.51,10.01,15.31,47.9309,47.5115,45.8152,43.5232,41.5243,51122555,1255,2026-09-18,35.35,109165875.0
NASDAQ:TMCR,TMCR,The Metals Royalty Company Inc.,Basic Materials,Other Industrial Metals & Mining,Canada,NASDAQ,296032428.0,4.79,35.8,38.03,3,21.9,834,True,-69.49,1.91,,,,,,,,,,,476544,114,2026-09-18,34.07,61802177.0
NYSE:CSW,CSW,"CSW Industrials, Inc.",Industrials,Specialty Industrial Machinery,United States,NYSE,4687310340.0,287.68,35.81,41.28,3,22.0,835,False,-18.11,24.6,-1.55,1.7,-5.11,3.03,17.77,292.2069,282.8645,303.1574,279.2133,244.2657,41344078,1255,2026-09-18,36.35,16293487.0
NYSE:CNP,CNP,"CenterPoint Energy, Inc (Holding Co)",Utilities,Utilities - Regulated Electric,United States,NYSE,25176289407.0,38.22,35.82,37.47,3,22.0,836,False,-14.63,4.13,-6.82,-5.58,3.75,14.37,20.34,41.0175,40.4806,36.8389,33.4176,31.7596,252772520,1255,2026-09-18,38.42,658720288.0
NYSE:BH,BH,Biglari Holdings Inc.,Consumer Cyclical,Restaurants,United States,NYSE,719391568.0,345.34,35.84,40.19,3,22.0,837,False,-27.59,39.35,-2.26,-1.18,17.41,35.7,48.49,353.3406,349.4479,294.1383,254.4888,232.5685,58822808,1255,2026-09-18,38.79,2083140.0
NYSE:DUK,DUK,Duke Energy Corporation (Holding Company),Utilities,Utilities - Regulated Electric,United States,NYSE,91625943384.0,117.53,35.84,39.2,3,22.0,838,False,-10.39,5.8,-3.91,-3.6,1.18,9.5,15.93,122.3166,121.9138,116.1565,107.3323,101.3822,452950818,1255,2026-09-18,39.31,779596217.0
NASDAQ:LIF,LIF,"Life360, Inc.",Technology,Software - Application,United States,NASDAQ,3210475597.0,39.62,35.86,39.29,3,22.1,839,False,-64.27,3.99,-21.97,-33.28,-29.75,,,50.7782,59.3832,56.4003,,,24610723,573,2026-09-18,37.18,81031691.0
NASDAQ:OMCL,OMCL,"Omnicell, Inc.",Healthcare,Health Information Services,United States,NASDAQ,1465785237.0,32.23,35.86,37.67,3,22.1,840,False,-37.28,9.4,-20.57,-17.21,-14.89,-11.75,-25.28,40.5784,38.932,37.8693,36.5233,43.1324,21021489,1255,2026-09-18,37.53,45478909.0
NYSE:HIG,HIG,"The Hartford Insurance Group, Inc.",Financial Services,Insurance - Diversified,United States,NYSE,36155113850.0,131.89,35.87,40.65,3,22.1,841,False,-9.07,9.72,-2.38,-1.32,5.21,16.7,29.91,135.1074,133.6477,125.3587,113.015,101.5249,214107688,1255,2026-09-18,38.48,274130820.0
NYSE:RVT,RVT,"Royce Small-Cap Trust, Inc.",Financial Services,Asset Management,United States,NYSE,2120564810.0,17.33,35.87,40.0,3,22.1,842,False,-7.22,26.07,1.35,4.45,15.51,25.49,34.34,17.0992,16.5919,15.0036,13.8094,12.9001,3154838,1255,2026-09-18,37.85,122363809.0
NASDAQ:UPST,UPST,"Upstart Holdings, Inc.",Financial Services,Credit Services,United States,NASDAQ,2392789225.0,25.0,35.88,39.05,3,22.2,843,True,-63.26,3.22,-25.15,-31.41,-48.22,-40.21,-33.36,33.3989,36.4463,48.28,41.8136,37.5135,108582205,1255,2026-09-18,34.27,95711569.0
NYSE:COF,COF,Capital One Financial Corporation,Financial Services,Credit Services,United States,NYSE,124187735351.0,202.43,35.89,41.76,3,22.2,844,True,-20.6,15.85,-1.75,-2.43,3.18,17.46,31.97,206.0366,207.4785,196.1881,172.3353,153.3901,723036995,1255,2026-09-18,35.11,613484836.0
NASDAQ:MDLN,MDLN,Medline Inc.,Healthcare,Medical Instruments & Supplies,United States,NASDAQ,26754979757.0,31.64,35.89,38.97,3,22.2,845,False,-36.71,0.0,,,,,,,,,,,260671311,189,2026-09-18,37.62,845606187.0
NYSE:APTV,APTV,Aptiv PLC,Consumer Cyclical,Auto Parts,Switzerland,NYSE,9224538772.0,43.59,35.9,36.85,3,22.3,846,False,-50.84,0.58,-32.94,-36.45,-34.78,-38.7,-44.58,65.0025,68.5898,66.8347,71.1043,78.6512,241128223,1255,2026-09-18,35.99,211620527.0
NASDAQ:OSIS,OSIS,"OSI Systems, Inc.",Technology,Electronic Components,United States,NASDAQ,3258832182.0,197.71,35.91,38.56,3,22.3,847,False,-36.16,0.11,-20.41,-20.86,-10.91,3.06,17.03,248.4131,249.8334,221.9186,191.8456,168.9396,73990768,1255,2026-09-18,38.51,16482890.0
NYSE:AMR,AMR,"Alpha Metallurgical Resources, Inc.",Basic Materials,Coking Coal,United States,NYSE,2210066939.0,174.22,35.94,42.57,3,22.3,848,False,-30.21,27.02,-8.25,-5.54,0.2,-19.18,-13.42,189.883,184.4351,173.8675,215.5706,201.2325,75862484,1255,2026-09-18,40.85,12685495.0
NASDAQ:CVGI,CVGI,"Commercial Vehicle Group, Inc.",Consumer Cyclical,Auto Parts,United States,NASDAQ,99455522.0,2.93,35.96,36.89,3,22.3,849,False,-49.31,118.66,-11.58,-1.19,18.34,-19.3,-37.38,3.3136,2.9654,2.476,3.6306,4.6791,770323,1255,2026-09-18,37.17,33943864.0
NYSE:CWK,CWK,Cushman & Wakefield Ltd.,Real Estate,Real Estate Services,United States,NYSE,2905326262.0,12.4,35.98,40.42,3,22.4,850,False,-27.91,5.08,-11.47,-13.86,-7.54,0.75,3.93,14.0068,14.3948,13.4109,12.3071,11.9313,22392405,1255,2026-09-18,36.94,234300505.0
NYSE:LSPD,LSPD,Lightspeed Commerce Inc. Subordinate Voting Shares,Technology,Software - Application,Canada,NYSE,1216709161.0,9.41,35.98,40.71,3,22.4,851,False,-29.99,12.43,-6.59,-9.86,-19.97,-26.22,-30.45,10.0742,10.4395,11.7585,12.7535,13.5303,5746920,1255,2026-09-18,36.94,129299592.0
NASDAQ:OMH,OMH,Ohmyhome Limited,Real Estate,Real Estate Services,Singapore,NASDAQ,65947084.0,2.39,35.99,37.18,3,22.4,852,False,-97.46,10.65,-94.09,-94.59,-95.26,-95.47,,40.4261,44.1417,50.3707,52.7671,,2774699,877,2026-09-18,36.45,27592922.0
NASDAQ:COST,COST,Costco Wholesale Corporation,Consumer Defensive,Discount Stores,United States,NASDAQ,397051008009.0,895.31,36.0,39.07,3,22.5,853,False,-18.06,5.8,-6.57,-5.77,-5.94,2.75,15.59,958.2284,950.1203,951.8297,871.3565,774.5816,1931414250,1255,2026-09-18,35.17,443478804.0
NASDAQ:HAS,HAS,"Hasbro, Inc.",Consumer Cyclical,Leisure,United States,NASDAQ,12351263975.0,87.57,36.0,42.29,3,22.5,854,False,-15.46,27.41,-1.44,2.03,17.54,31.26,38.32,88.8461,85.8267,74.5022,66.7143,63.3089,135983448,1255,2026-09-18,39.37,141044467.0
NYSE:WEC,WEC,"WEC Energy Group, Inc.",Utilities,Utilities - Regulated Electric,United States,NYSE,33617880844.0,103.17,36.01,38.42,3,22.5,855,False,-12.44,2.29,-6.08,-6.03,-0.54,9.29,13.33,109.8536,109.7951,103.7344,94.4005,91.0343,244560210,1255,2026-09-18,41.23,325849383.0
NYSE:CTEV,CTEV,Claritev Corporation,Healthcare,Health Information Services,United States,NYSE,525242379.0,30.81,36.05,43.25,3,22.5,856,False,-56.82,128.73,11.38,-7.89,2.66,-4.92,-24.52,27.6614,33.449,30.0104,32.4034,40.8177,4722796,1255,2026-09-18,38.19,17047789.0
NYSE:RWT,RWT,"Redwood Trust, Inc.",Real Estate,REIT - Mortgage,United States,NYSE,494891580.0,3.94,36.05,36.81,3,22.5,857,False,-36.73,10.99,-22.95,-22.51,-24.36,-23.78,-22.2,5.1135,5.0842,5.2086,5.1694,5.0646,25793545,1255,2026-09-18,36.05,125607000.0
NYSE:ATR,ATR,"AptarGroup, Inc.",Healthcare,Medical Instruments & Supplies,United States,NYSE,7941800123.0,124.44,36.07,40.57,3,22.6,858,False,-13.96,11.56,-1.17,-0.91,-10.03,-8.81,-3.76,125.9147,125.5808,138.3156,136.4693,129.2983,52536708,1255,2026-09-18,38.95,63820316.0
NASDAQ:ODYS,ODYS,Odysight.ai Inc.,Technology,Scientific & Technical Instruments,Israel,NASDAQ,55532936.0,3.31,36.07,38.28,3,22.6,859,False,-54.66,17.79,-28.69,-25.48,-36.27,-34.08,-31.93,4.6417,4.4417,5.194,5.0215,4.8627,114402,1255,2026-09-18,37.19,16777322.0
NYSE:UAA,UAA,"Under Armour, Inc.",Consumer Cyclical,Apparel Manufacturing,United States,NYSE,921536789.0,4.88,36.07,37.79,3,22.6,860,False,-40.05,17.03,-18.19,-14.46,-24.88,-28.26,-32.92,5.9648,5.7051,6.4964,6.8021,7.2751,39503952,1255,2026-09-18,38.39,188839506.0
NASDAQ:DWTX,DWTX,"Dogwood Therapeutics, Inc.",Healthcare,Biotechnology,United States,NASDAQ,56833945.0,1.69,36.1,41.6,3,22.7,861,False,-78.63,26.12,-32.86,-47.69,-58.48,-73.99,-83.76,2.517,3.2305,4.0702,6.4983,10.409,189982,1255,2026-09-18,36.98,33629553.0
NYSE:STLA,STLA,Stellantis N.V.,Consumer Cyclical,Auto Manufacturers,Netherlands,NYSE,13982536835.0,4.82,36.1,38.15,3,22.7,862,False,-60.23,0.0,-36.53,-40.8,-49.61,-62.07,-62.47,7.5937,8.1426,9.565,12.7062,12.8446,114813051,1255,2026-09-18,41.14,2900941252.0
NYSE:RL,RL,Ralph Lauren Corporation,Consumer Cyclical,Apparel Manufacturing,United States,NYSE,12611511957.0,335.1,36.11,38.21,3,22.7,863,True,-18.91,11.83,-8.1,-5.95,11.84,34.11,56.63,364.6168,356.3021,299.6194,249.8741,213.9374,238943047,1255,2026-09-18,34.12,37635070.0
NYSE:FTV,FTV,Fortive Corporation,Technology,Scientific & Technical Instruments,United States,NYSE,16610937860.0,55.0,36.12,38.48,3,22.7,864,False,-14.08,15.89,-5.3,-2.47,-0.68,-0.98,1.36,58.0764,56.3907,55.3746,55.5463,54.2598,135527802,1255,2026-09-18,36.39,302017052.0
NASDAQ:IMVT,IMVT,"Immunovant, Inc.",Healthcare,Biotechnology,United States,NASDAQ,7586164483.0,36.95,36.13,41.01,3,22.8,865,False,-17.82,150.0,18.41,27.89,48.97,34.72,49.42,31.2043,28.8921,24.8044,27.4279,24.7295,49953299,1255,2026-09-18,39.08,205308917.0
NASDAQ:PTCT,PTCT,"PTC Therapeutics, Inc.",Healthcare,Biotechnology,United States,NASDAQ,5455832627.0,65.37,36.13,38.67,3,22.8,866,False,-27.0,13.02,-10.15,-9.17,9.81,32.71,35.91,72.7552,71.9735,59.5307,49.2568,48.098,69549949,1255,2026-09-18,42.88,83460802.0
NYSE:NPB,NPB,"Northpointe Bancshares, Inc.",Financial Services,Banks - Regional,United States,NYSE,568871301.0,16.45,36.15,39.51,3,22.8,867,False,-14.7,4.67,-6.54,-5.68,,,,17.6015,17.4402,,,,4418934,399,2026-09-18,40.25,34581842.0
NYSE:BNY,BNY,The Bank of New York Mellon Corporation,Financial Services,Banks - Diversified,United States,NYSE,104347130160.0,153.79,36.17,42.97,3,22.8,868,True,-6.7,49.8,14.45,19.56,45.14,74.79,101.91,134.368,128.6293,105.9597,87.9856,76.1664,531380594,1255,2026-09-18,33.62,678504000.0
NYSE:SNN,SNN,"Smith & Nephew SNATS, Inc.",Healthcare,Medical Devices,United Kingdom,NYSE,11582308248.0,27.56,36.17,38.89,3,22.8,869,False,-24.73,0.22,-12.76,-14.39,-8.35,-2.83,-0.41,31.5894,32.1942,30.0724,28.3627,27.6739,54520708,1255,2026-09-18,38.06,420257919.0
NYSE:CFG,CFG,"Citizens Financial Group, Inc.",Financial Services,Banks - Regional,United States,NYSE,28336310326.0,67.04,36.18,40.64,3,22.9,870,False,-10.29,42.71,4.59,9.34,29.79,50.35,64.42,64.0952,61.3147,51.6532,44.5898,40.7747,237483292,1255,2026-09-18,37.37,422677660.0
NASDAQ:FBIO,FBIO,"Fortress Biotech, Inc.",Healthcare,Biotechnology,United States,NASDAQ,83379871.0,2.51,36.19,39.88,3,22.9,871,False,-42.69,13.06,-16.41,-15.53,3.38,6.17,-42.54,3.0027,2.9714,2.4279,2.3642,4.3681,863946,1255,2026-09-18,36.19,33219072.0
NYSE:INN,INN,"Summit Hotel Properties, Inc.",Real Estate,REIT - Hotel & Motel,United States,NYSE,602900858.0,5.59,36.19,38.8,3,22.9,872,False,-19.87,42.69,6.48,7.1,7.05,5.84,2.82,5.25,5.2192,5.2218,5.2816,5.4369,4526525,1255,2026-09-18,40.7,107853463.0
NASDAQ:CMPX,CMPX,"Compass Therapeutics, Inc.",Healthcare,Biotechnology,United States,NASDAQ,342167038.0,1.9,36.2,39.87,3,23.0,873,False,-71.6,13.77,-50.45,-51.38,-38.91,-26.67,-32.0,3.8348,3.9079,3.1103,2.5912,2.7941,5848134,1255,2026-09-18,32.62,180087915.0
NYSE:TDAY,TDAY,"USA TODAY Co., Inc.",Communication Services,Publishing,United States,NYSE,915421173.0,6.24,36.2,37.1,3,23.0,874,False,-30.9,78.8,-9.16,-1.73,17.47,36.86,56.93,6.8688,6.3499,5.312,4.5596,3.9762,14884930,1255,2026-09-18,38.02,146702111.0
NASDAQ:CELC,CELC,Celcuity Inc.,Healthcare,Biotechnology,United States,NASDAQ,3931050476.0,80.61,36.22,39.78,3,23.1,875,False,-44.4,78.26,-23.67,-17.81,39.01,84.52,128.12,105.6042,98.0824,57.9894,43.6859,35.3374,74462744,1255,2026-09-18,41.85,48766288.0
NYSE:CRK,CRK,"Comstock Resources, Inc.",Energy,Oil & Gas E&P,United States,NYSE,3770087836.0,12.84,36.22,41.07,3,23.1,876,False,-53.09,3.72,-26.93,-29.68,-29.52,-16.94,-13.01,17.573,18.2604,18.2182,15.4595,14.7601,43277703,1255,2026-09-18,36.8,293620548.0
NASDAQ:EEFT,EEFT,"Euronet Worldwide, Inc.",Technology,Software - Infrastructure,United States,NASDAQ,2514098457.0,66.03,36.22,40.32,3,23.1,877,False,-26.18,3.61,-8.5,-10.62,-24.47,-27.73,-29.34,72.1622,73.8756,87.4199,91.3632,93.4467,41892062,1255,2026-09-18,40.12,38075094.0
NASDAQ:FSBC,FSBC,Five Star Bancorp,Financial Services,Banks - Regional,United States,NASDAQ,1071778274.0,44.47,36.22,40.89,3,23.1,878,False,-10.01,46.33,7.45,12.15,29.9,47.26,57.75,41.3875,39.6535,34.2351,30.1984,28.1905,9088675,1255,2026-09-18,37.88,24101153.0
NYSE:HLLY,HLLY,Holley Inc.,Consumer Cyclical,Auto Parts,United States,NYSE,305739414.0,2.54,36.22,40.85,3,23.1,879,False,-42.14,7.63,-22.06,-22.26,-14.55,-24.48,-25.74,3.259,3.2674,2.9726,3.3631,3.4204,3272381,1255,2026-09-18,40.34,120369848.0
NYSE:SCI,SCI,Service Corporation International,Consumer Cyclical,Personal Services,United States,NYSE,10598033805.0,77.76,36.22,41.19,3,23.1,880,False,-10.55,14.11,-1.77,-1.91,-0.71,4.94,9.24,79.1585,79.2705,78.3184,74.0962,71.1851,68262382,1255,2026-09-18,40.09,136291587.0
NYSE:BX,BX,Blackstone Inc.,Financial Services,Asset Management,United States,NYSE,94045056824.0,124.96,36.23,41.56,3,23.2,881,False,-31.08,24.76,-2.42,-5.86,-12.29,-5.68,4.54,128.0568,132.7348,142.4665,132.4843,119.5307,449395809,1255,2026-09-18,36.78,752601287.0
NYSE:CC,CC,Chemours Company (The),Basic Materials,Specialty Chemicals,United States,NYSE,2158155588.0,14.34,36.23,38.82,3,23.2,882,False,-48.19,38.82,-20.85,-16.36,-10.59,-22.97,-31.73,18.1168,17.1456,16.0382,18.615,21.0043,26695899,1255,2026-09-18,37.16,150498995.0
NASDAQ:NMIH,NMIH,NMI Holdings Inc,Financial Services,Insurance - Specialty,United States,NASDAQ,3226845808.0,42.9,36.23,43.94,3,23.2,883,False,-6.15,21.36,7.04,8.66,10.59,17.81,29.29,40.0778,39.4796,38.793,36.4158,33.1809,23347212,1255,2026-09-18,36.4,75217851.0
NASDAQ:RYTM,RYTM,"Rhythm Pharmaceuticals, Inc.",Healthcare,Biotechnology,United States,NASDAQ,6702278116.0,97.71,36.23,40.49,3,23.2,884,False,-16.93,28.87,-1.69,-2.54,18.52,43.43,72.01,99.3941,100.2542,82.4405,68.1227,56.8038,57028418,1255,2026-09-18,38.11,68593574.0
NASDAQ:THRY,THRY,"Thryv Holdings, Inc.",Technology,Software - Application,United States,NASDAQ,81160108.0,1.83,36.23,35.93,3,23.2,885,False,-85.37,2.23,-50.99,-62.73,-81.32,-86.02,-88.07,3.7341,4.9102,9.7972,13.0906,15.3375,1378545,1255,2026-09-18,36.87,44349786.0
NASDAQ:LIMN,LIMN,"Liminatus Pharma, Inc.",Healthcare,Biotechnology,United States,NASDAQ,233718060.0,3.48,36.24,38.55,3,23.3,886,False,-96.6,4.5,-78.84,-86.86,,,,16.4448,26.4757,,,,164518,347,2026-09-18,34.22,67160362.0
NYSE:EVTL,EVTL,Vertical Aerospace Ltd.,Industrials,Aerospace & Defense,United Kingdom,NYSE,80598627.0,0.633,36.26,33.07,3,23.3,887,False,-91.3,18.1,-79.2,-81.51,-86.18,-89.12,-94.68,3.0438,3.4242,4.5792,5.8192,11.9013,3380191,1255,2026-09-18,31.77,127328004.0
NASDAQ:NFLX,NFLX,"Netflix, Inc.",Communication Services,Entertainment,United States,NASDAQ,298929229340.0,71.79,36.28,40.5,3,23.4,888,False,-42.17,6.2,-16.02,-21.57,-25.47,-13.36,1.53,85.4817,91.5348,96.3272,82.8557,70.7103,2403996747,1255,2026-09-18,43.14,4163939676.0
NYSE:CAH,CAH,"Cardinal Health, Inc.",Healthcare,Medical Distribution,United States,NYSE,52785315600.0,225.38,36.29,42.33,3,23.4,889,False,-9.34,54.42,4.23,8.49,32.27,53.78,74.79,216.2297,207.739,170.3923,146.5601,128.9418,379005679,1255,2026-09-18,37.27,234205855.0
NYSE:RCUS,RCUS,"Arcus Biosciences, Inc.",Healthcare,Biotechnology,United States,NYSE,3174514609.0,25.24,36.29,40.14,3,23.4,890,False,-20.05,104.04,2.06,8.38,43.48,46.65,37.5,24.7301,23.2879,17.5914,17.2106,18.3563,42751936,1255,2026-09-18,37.52,125773162.0
NASDAQ:RLMD,RLMD,"Relmada Therapeutics, Inc.",Healthcare,Biotechnology,United States,NASDAQ,432547866.0,4.12,36.3,36.9,3,23.4,891,False,-47.58,169.28,-24.77,-15.91,36.12,27.65,4.0,5.4762,4.8992,3.0268,3.2276,3.9617,5385296,1255,2026-09-18,38.2,104987346.0
NYSE:COOK,COOK,"Traeger, Inc.",Consumer Cyclical,"Furnishings, Fixtures & Appliances",United States,NYSE,135863454.0,48.84,36.31,38.84,3,23.5,892,False,-40.44,100.0,-4.3,-4.27,-39.08,-48.85,-58.46,51.0368,51.0198,80.1696,95.4782,117.5774,1386231,1255,2026-09-18,38.49,2781807.0
NYSE:STN,STN,Stantec Inc,Industrials,Engineering & Construction,Canada,NYSE,7876326005.0,69.05,36.31,40.47,3,23.5,893,False,-38.99,3.45,-17.2,-21.71,-22.73,-19.03,-11.13,83.3987,88.1975,89.3624,85.2771,77.6942,23875019,1255,2026-09-18,43.3,114066995.0
NASDAQ:VANI,VANI,"Vivani Medical, Inc.",Healthcare,Biotechnology,United States,NASDAQ,102619774.0,1.19,36.31,40.99,3,23.5,894,False,-36.36,26.87,-7.03,-9.89,-5.98,-7.86,-9.07,1.2799,1.3205,1.2656,1.2915,1.3087,335238,1255,2026-09-18,37.8,86235104.0
NASDAQ:AREC,AREC,American Resources Corporation,Industrials,Waste Management,United States,NASDAQ,211803119.0,1.98,36.32,41.59,3,23.5,895,False,-70.47,28.07,-21.25,-27.01,7.57,21.36,20.73,2.5142,2.7128,1.8407,1.6315,1.64,3818145,1255,2026-09-18,36.98,106971272.0
NYSE:MAC,MAC,Macerich Company (The),Real Estate,REIT - Retail,United States,NYSE,6733768656.0,22.63,36.34,39.47,3,23.6,896,False,-13.99,44.31,6.66,11.49,21.72,34.62,50.82,21.2166,20.2986,18.592,16.8104,15.0051,75500775,1255,2026-09-18,34.45,297559375.0
AMEX:ISOU,ISOU,IsoEnergy Ltd.,Energy,Uranium,Canada,AMEX,604927088.0,9.27,36.35,41.1,3,23.6,897,False,-29.88,24.1,-12.99,-10.56,2.53,-5.74,-3.43,10.6544,10.3639,9.0415,9.8344,9.5989,2067246,1255,2026-09-18,45.74,65256428.0
NASDAQ:OCGN,OCGN,"Ocugen, Inc.",Healthcare,Biotechnology,United States,NASDAQ,358833167.0,1.06,36.35,38.5,3,23.6,898,False,-57.26,6.64,-29.6,-29.25,-10.69,-6.13,-4.04,1.5057,1.4983,1.1869,1.1292,1.1047,8541408,1255,2026-09-18,32.87,338521856.0
NYSE:UTI,UTI,Universal Technical Institute Inc,Consumer Defensive,Education & Training Services,United States,NYSE,1182167850.0,21.47,36.36,35.16,3,23.7,899,True,-58.07,5.71,-35.26,-33.81,-27.17,-11.52,7.71,33.1653,32.4387,29.4815,24.2654,19.933,36114900,1255,2026-09-18,31.33,55061381.0
NYSE:RES,RES,"RPC, Inc.",Energy,Oil & Gas Equipment & Services,United States,NYSE,1298910090.0,5.86,36.37,41.86,3,23.7,900,False,-25.81,42.34,-6.52,-1.83,4.51,-1.89,-8.07,6.2688,5.9695,5.6072,5.9727,6.3741,10621288,1255,2026-09-18,38.26,221657012.0
NYSE:NPKI,NPKI,NPK International Inc.,Industrials,Building Products & Equipment,United States,NYSE,1080902951.0,12.73,36.38,39.92,3,23.7,901,False,-22.14,18.53,-9.38,-6.43,19.83,34.25,55.58,14.0484,13.6048,10.6234,9.4821,8.1825,10555004,1255,2026-09-18,36.7,84909894.0
NASDAQ:TCBI,TCBI,"Texas Capital Bancshares, Inc.",Financial Services,Banks - Regional,United States,NASDAQ,4125717618.0,94.9,36.38,39.57,3,23.7,902,True,-11.74,23.62,-3.52,-0.69,9.27,21.86,30.35,98.3599,95.5579,86.8523,77.8774,72.802,47908534,1255,2026-09-18,34.0,43474369.0
NASDAQ:TNGX,TNGX,"Tango Therapeutics, Inc.",Healthcare,Biotechnology,United States,NASDAQ,3541218616.0,21.75,36.38,39.65,3,23.7,903,False,-33.89,214.76,7.62,22.48,98.49,109.45,138.51,20.2109,17.7573,10.9578,10.3843,9.1192,58260714,1255,2026-09-18,44.48,162814649.0
NASDAQ:RNAC,RNAC,"Cartesian Therapeutics, Inc.",Healthcare,Biotechnology,United States,NASDAQ,235933557.0,8.03,36.41,41.67,3,23.8,904,True,-24.17,37.5,4.05,1.36,-30.63,-48.24,-63.13,7.7173,7.9219,11.5753,15.5133,21.7781,985026,1255,2026-09-18,32.16,29381514.0
NASDAQ:CEG,CEG,Constellation Energy Corporation - Common Stock When-Issued,Utilities,Utilities - Independent Power Producers,United States,NASDAQ,90957454750.0,254.71,36.43,41.24,3,23.8,905,False,-36.59,7.87,-12.78,-16.65,-11.55,4.19,24.36,292.0294,305.583,287.9682,244.4768,204.8129,774509262,1171,2026-09-18,40.76,357102017.0
NYSE:LTH,LTH,"Life Time Group Holdings, Inc.",Consumer Cyclical,Leisure,United States,NYSE,9106074381.0,40.75,36.43,42.87,3,23.8,906,False,-10.89,65.72,23.14,28.65,37.29,61.65,77.75,33.0929,31.6758,29.682,25.2086,22.9258,127290537,1242,2026-09-18,37.08,223461948.0
NASDAQ:CTNM,CTNM,"Contineum Therapeutics, Inc.",Healthcare,Biotechnology,United States,NASDAQ,445930291.0,13.53,36.44,41.4,3,23.9,907,True,-22.99,47.55,-0.9,2.79,18.27,,,13.6524,13.1621,11.44,,,7671778,616,2026-09-18,33.15,32958632.0
NASDAQ:MNKD,MNKD,MannKind Corporation,Healthcare,Biotechnology,United States,NASDAQ,1093683588.0,3.54,36.44,41.33,3,23.9,908,False,-43.0,55.26,-13.49,-18.74,-26.86,-24.65,-23.22,4.0922,4.3564,4.8397,4.6983,4.6103,11860187,1255,2026-09-18,37.61,308950166.0
NYSE:TV,TV,Grupo Televisa S.A.B.,Communication Services,Telecom Services,Mexico,NYSE,1238591000.0,2.35,36.44,37.82,3,23.9,909,False,-31.69,7.31,-18.58,-17.2,-4.05,-4.38,-17.88,2.8863,2.8381,2.4491,2.4577,2.8615,4211435,1255,2026-09-18,35.63,527060000.0
NYSE:FICO,FICO,Fair Isaac Corporation,Technology,Software - Application,United States,NYSE,20510842007.0,949.68,36.45,39.09,3,24.0,910,False,-49.47,2.96,-25.16,-29.73,-40.8,-36.39,-26.31,1268.8663,1351.4882,1604.0718,1492.9597,1288.798,383206707,1255,2026-09-18,38.06,21597635.0
NASDAQ:LULU,LULU,lululemon athletica inc.,Consumer Cyclical,Apparel Retail,Canada,NASDAQ,10633426063.0,98.06,36.45,38.22,3,24.0,911,False,-54.58,2.17,-34.38,-36.39,-56.27,-64.39,-66.5,149.4314,154.1535,224.2562,275.3542,292.7302,847486116,1255,2026-09-18,37.62,108437957.0
NYSE:USB,USB,U.S. Bancorp,Financial Services,Banks - Regional,United States,NYSE,93557367584.0,60.06,36.45,41.28,3,24.0,912,False,-8.19,36.46,5.87,10.09,22.53,34.03,42.84,56.7319,54.5564,49.0147,44.8107,42.0476,461413066,1255,2026-09-18,37.28,1557731728.0
NASDAQ:JBLU,JBLU,JetBlue Airways Corporation,Industrials,Airlines,United States,NASDAQ,1648854231.0,4.37,36.46,39.01,3,24.0,913,False,-32.35,8.44,-14.45,-12.48,-18.18,-19.33,-26.07,5.108,4.9929,5.3409,5.4173,5.9107,92552654,1255,2026-09-18,38.49,377312181.0
NASDAQ:SFM,SFM,"Sprouts Farmers Market, Inc.",Consumer Defensive,Grocery Stores,United States,NASDAQ,6600999374.0,70.79,36.46,39.48,3,24.0,914,True,-42.33,7.98,-10.11,-14.32,-38.34,-27.7,-13.53,78.7489,82.6248,114.8055,97.9167,81.8634,136882872,1255,2026-09-18,33.47,93247625.0
NASDAQ:CRVS,CRVS,"Corvus Pharmaceuticals, Inc.",Healthcare,Biotechnology,United States,NASDAQ,1056175725.0,12.56,36.47,40.38,3,24.1,915,False,-50.78,113.97,-10.19,-0.85,40.48,88.73,134.86,13.9855,12.6675,8.9406,6.6549,5.3479,13980577,1255,2026-09-18,36.32,84090424.0
NASDAQ:OFLX,OFLX,"Omega Flex, Inc.",Industrials,Specialty Industrial Machinery,United States,NASDAQ,258414643.0,25.6,36.48,37.63,3,24.1,916,False,-30.35,3.18,-15.58,-14.25,-23.23,-39.53,-52.88,30.3238,29.8549,33.3472,42.3348,54.3244,865611,1255,2026-09-18,38.56,10094322.0
NASDAQ:LXEO,LXEO,"Lexeo Therapeutics, Inc.",Healthcare,Biotechnology,United States,NASDAQ,329790863.0,4.2,36.49,40.66,3,24.1,917,False,-60.49,1.69,-31.9,-36.52,-29.45,,,6.167,6.6166,5.9533,,,3425673,720,2026-09-18,35.59,78521634.0
NASDAQ:TLRY,TLRY,"Tilray Brands, Inc.",Healthcare,Drug Manufacturers - Specialty & Generic,Canada,NASDAQ,492592432.0,3.99,36.5,39.47,3,24.2,918,False,-81.0,2.84,-37.63,-49.18,-54.69,-67.57,-75.19,6.3968,7.851,8.8051,12.3018,16.0822,15500849,1255,2026-09-18,33.97,123456750.0
NYSE:PXED,PXED,"Phoenix Education Partners, Inc.",Consumer Defensive,Education & Training Services,United States,NYSE,960302097.0,26.64,36.52,39.95,3,24.2,919,True,-28.65,2.01,-10.4,,,,,29.7313,,,,,2250899,237,2026-09-18,35.91,36047376.0
NYSE:HASI,HASI,"HA Sustainable Infrastructure Capital, Inc.",Financial Services,Asset Management,United States,NYSE,4694133154.0,36.73,36.55,39.96,3,24.2,920,False,-14.25,37.31,-1.0,3.38,18.51,29.12,35.28,37.1001,35.5304,30.9919,28.4471,27.1514,44229526,1255,2026-09-18,38.99,127801066.0
NYSE:SNDR,SNDR,"Schneider National, Inc.",Industrials,Trucking,United States,NYSE,3003211689.0,32.61,36.56,40.33,3,24.2,921,True,-15.4,63.19,4.85,11.74,18.66,24.91,26.44,31.1016,29.1846,27.4827,26.1061,25.7904,22263631,1255,2026-09-18,36.09,92094808.0
NYSE:APG,APG,APi Group Corporation,Industrials,Engineering & Construction,United States,NYSE,16158473505.0,37.39,36.57,38.88,3,24.3,922,False,-24.31,11.15,-10.77,-7.96,9.48,23.5,41.97,41.9042,40.6256,34.1517,30.2742,26.3361,144939674,1255,2026-09-18,33.14,432160297.0
NYSE:ELAN,ELAN,Elanco Animal Health Incorporated,Healthcare,Drug Manufacturers - Specialty & Generic,United States,NYSE,11197659651.0,22.42,36.58,40.95,3,24.3,923,False,-16.47,20.93,-5.66,-3.52,23.45,33.47,45.07,23.7649,23.2381,18.1616,16.7982,15.4546,121019097,1255,2026-09-18,39.07,499449583.0
NASDAQ:GTEN,GTEN,"Gores Holdings X, Inc.",Financial Services,Shell Companies,United States,NASDAQ,380185650.0,10.53,36.58,44.02,3,24.3,924,False,-1.59,3.18,1.38,1.49,,,,10.3871,10.375,,,,88078,313,2026-09-18,36.58,36105000.0
NASDAQ:MLKN,MLKN,"MillerKnoll, Inc.",Consumer Cyclical,"Furnishings, Fixtures & Appliances",United States,NASDAQ,1407426097.0,20.66,36.58,42.61,3,24.3,925,False,-14.96,54.99,10.59,14.33,9.4,-0.22,4.44,18.682,18.0707,18.8853,20.7062,19.7819,13402345,1255,2026-09-18,40.57,68123238.0
NYSE:SPMC,SPMC,"Sound Point Meridian Capital, Inc.",Financial Services,Asset Management,United States,NYSE,184012765.0,8.96,36.58,40.35,3,24.3,926,False,-37.78,18.77,-9.64,-15.58,-27.63,,,9.9154,10.6141,12.3814,,,205727,567,2026-09-18,38.72,20537139.0
NASDAQ:NAMS,NAMS,NewAmsterdam Pharma Company N.V.,Healthcare,Biotechnology,Netherlands,NASDAQ,2629170488.0,22.49,36.59,36.87,3,24.4,927,False,-45.74,6.29,-29.26,-30.78,-15.88,-3.41,10.37,31.7931,32.4895,26.7358,23.2834,20.3774,35507862,1255,2026-09-18,32.67,116903979.0
NYSE:CBAN,CBAN,"Colony Bankcorp, Inc.",Financial Services,Banks - Regional,United States,NYSE,439486185.0,20.71,36.6,42.25,3,24.4,928,False,-7.0,33.23,4.14,8.14,19.11,35.72,47.77,19.8875,19.1507,17.3866,15.259,14.0152,3107061,1255,2026-09-18,40.03,21220965.0
NASDAQ:NEGG,NEGG,"Newegg Commerce, Inc.",Consumer Cyclical,Internet Retail,United States,NASDAQ,286287224.0,13.65,36.62,39.48,3,24.4,929,True,-85.27,6.06,-59.32,-65.3,-52.82,-46.14,-48.56,33.5539,39.3366,28.9341,25.3433,26.5359,860375,1255,2026-09-18,30.82,20973423.0
NASDAQ:ANIX,ANIX,"Anixa Biosciences, Inc.",Healthcare,Biotechnology,United States,NASDAQ,94243885.0,2.77,36.63,39.95,3,24.5,930,False,-46.93,17.87,-10.4,-15.81,-11.92,-13.47,-19.91,3.0914,3.2903,3.1448,3.2012,3.4585,1111513,1255,2026-09-18,36.09,34023063.0
NYSE:JLL,JLL,Jones Lang LaSalle Incorporated,Real Estate,Real Estate Services,United States,NYSE,15476071135.0,336.38,36.63,42.58,3,24.5,931,False,-14.36,20.07,2.53,4.1,15.41,30.99,44.88,328.0905,323.1338,291.4651,256.7929,232.1829,113035478,1255,2026-09-18,36.88,46007703.0
NYSE:OMC,OMC,Omnicom Group Inc.,Communication Services,Advertising Agencies,United States,NYSE,21006670693.0,76.57,36.63,41.44,3,24.5,932,False,-13.02,17.38,-0.17,0.87,-1.11,-2.32,-0.9,76.7042,75.9094,77.4258,78.3872,77.2675,253205984,1255,2026-09-18,39.17,274345967.0
NASDAQ:BPOP,BPOP,"Popular, Inc.",Financial Services,Banks - Regional,United States,NASDAQ,10348318322.0,162.03,36.65,41.01,3,24.5,933,False,-8.41,51.72,10.43,15.48,35.87,53.7,72.57,146.7208,140.3119,119.2513,105.4228,93.8928,90323254,1255,2026-09-18,32.96,63866681.0
NYSE:LOAR,LOAR,Loar Holdings Inc.,Industrials,Aerospace & Defense,United States,NYSE,6032224667.0,64.43,36.67,40.02,3,24.6,934,True,-21.33,19.87,-4.56,-6.92,-12.96,,,67.5074,69.2236,74.0241,,,47698227,602,2026-09-18,36.08,93624471.0
NYSE:MKC.V,MKC-V,"McCormick & Company, Incorporated",Consumer Defensive,Packaged Foods,United States,NYSE,729758547.0,49.32,36.67,41.01,3,24.6,935,False,-30.26,9.16,-11.53,-14.2,-24.37,-24.87,-27.62,55.7454,57.4813,65.2088,65.6424,68.1381,1157407,1255,2026-09-18,43.43,14796402.0
NASDAQ:FWRD,FWRD,Forward Air Corporation,Industrials,Integrated Freight & Logistics,United States,NASDAQ,468999432.0,14.83,36.68,42.53,3,24.6,936,False,-50.94,78.46,-22.68,-25.03,-37.56,-49.69,-68.55,19.1812,19.7803,23.7518,29.4745,47.1486,8946432,1255,2026-09-18,40.08,31625046.0
NASDAQ:NVX,NVX,NOVONIX Limited - American Depository Shares,Industrials,Electrical Equipment & Parts,Australia,NASDAQ,719528373.0,2.885,36.69,36.79,3,24.7,937,False,-90.19,5.29,-60.11,-67.65,-75.53,-80.0,-86.18,7.2321,8.9185,11.7902,14.4248,20.8774,130367,1161,2026-09-18,39.51,249403249.0
NYSE:SHW,SHW,Sherwin-Williams Company (The),Basic Materials,Specialty Chemicals,United States,NYSE,77859821770.0,320.73,36.69,41.37,3,24.7,938,False,-13.31,9.72,-3.42,-3.65,-6.39,-2.27,5.53,332.0838,332.8859,342.6335,328.1668,303.916,533929376,1255,2026-09-18,36.85,242758151.0
NYSE:TFC,TFC,Truist Financial Corporation,Financial Services,Banks - Regional,United States,NYSE,59322158560.0,48.56,36.69,40.86,3,24.7,939,False,-10.3,23.24,-0.96,1.62,10.14,20.82,27.48,49.0317,47.7849,44.0905,40.1909,38.093,344854458,1255,2026-09-18,35.69,1221626000.0
NYSE:FE,FE,FirstEnergy Corp.,Utilities,Utilities - Regulated Electric,United States,NYSE,26189243322.0,45.26,36.7,40.09,3,24.8,940,False,-11.04,8.95,-3.15,-2.18,6.18,13.32,17.81,46.7338,46.2703,42.6275,39.9401,38.4175,191518206,1255,2026-09-18,41.11,578639932.0
NASDAQ:LSAK,LSAK,"Lesaka Technologies, Inc.",Technology,Software - Infrastructure,South Africa,NASDAQ,360346535.0,4.2,36.7,39.29,3,24.8,941,False,-22.94,13.21,-10.53,-8.12,-10.06,-6.61,-3.8,4.6945,4.5711,4.67,4.4975,4.366,459082,1255,2026-09-18,38.11,85796794.0
NYSE:NRDY,NRDY,Nerdy Inc.,Technology,Software - Application,United States,NYSE,1139565995.0,8.97,36.7,36.54,3,24.8,942,False,-57.89,4.3,-33.87,-36.97,-50.5,-63.6,-70.63,13.564,14.2318,18.1218,24.6449,30.5462,224133,1255,2026-09-18,31.48,127041917.0
NASDAQ:INDI,INDI,"indie Semiconductor, Inc.",Technology,Semiconductors,United States,NASDAQ,648655974.0,3.07,36.72,40.47,3,24.8,943,False,-48.83,25.82,-19.09,-21.87,-18.06,-32.89,-44.32,3.7945,3.9295,3.7468,4.5747,5.5136,17800850,1255,2026-09-18,37.98,211288591.0
NASDAQ:AGYS,AGYS,"Agilysys, Inc.",Technology,Software - Application,United States,NASDAQ,2824245552.0,100.13,36.73,42.3,3,24.8,944,False,-29.05,61.01,6.6,1.54,-1.18,3.35,10.65,93.9279,98.6094,101.3217,96.889,90.4947,24374919,1255,2026-09-18,39.17,28205788.0
NYSE:PB,PB,"Prosperity Bancshares, Inc.",Financial Services,Banks - Regional,United States,NYSE,8392225324.0,70.02,36.73,41.37,3,24.8,945,False,-6.16,17.07,0.65,2.47,2.04,7.92,10.78,69.5659,68.3289,68.6222,64.8802,63.2059,64939770,1255,2026-09-18,38.85,119854689.0
NYSE:BGSF,BGSF,"BGSF, Inc.",Industrials,Staffing & Employment Services,United States,NYSE,53053976.0,4.95,36.74,39.5,3,24.9,946,False,-24.77,51.38,-10.22,-5.07,7.28,-4.91,-15.69,5.5133,5.2145,4.6143,5.2056,5.871,43395,1255,2026-09-18,43.77,10717975.0
NASDAQ:CVCO,CVCO,"Cavco Industries, Inc.",Consumer Cyclical,Residential Construction,United States,NASDAQ,4093007262.0,531.04,36.74,40.67,3,24.9,947,False,-23.89,16.52,-5.09,-4.96,2.81,15.85,29.65,559.5001,558.7574,516.5108,458.393,409.6058,52534355,1255,2026-09-18,38.77,7707531.0
NASDAQ:ROCK,ROCK,"Gibraltar Industries, Inc.",Industrials,Building Products & Equipment,United States,NASDAQ,1230673019.0,41.49,36.75,41.62,3,25.0,948,False,-44.37,22.68,-7.55,-13.94,-25.36,-32.23,-30.15,44.8775,48.2089,55.5888,61.2199,59.4002,13331928,1255,2026-09-18,43.59,29661919.0
NASDAQ:WOOF,WOOF,"Petco Health and Wellness Company, Inc.",Consumer Cyclical,Specialty Retail,United States,NASDAQ,584747754.0,2.36,36.75,39.86,3,25.0,949,False,-39.64,1.29,-14.69,-18.43,-27.12,-25.04,-50.31,2.7663,2.8933,3.2383,3.1483,4.7494,7422323,1255,2026-09-18,38.51,247774472.0
NASDAQ:DRS,DRS,"Leonardo DRS, Inc.",Industrials,Aerospace & Defense,United States,NASDAQ,9925695443.0,37.19,36.76,37.19,3,25.0,950,True,-25.01,14.94,-11.25,-9.9,-4.06,12.47,32.05,41.9066,41.2748,38.7632,33.0656,28.164,37075977,1255,2026-09-18,35.54,266891515.0
NASDAQ:BANF,BANF,BancFirst Corporation,Financial Services,Banks - Regional,United States,NASDAQ,3637069848.0,108.29,36.77,40.47,3,25.0,951,False,-18.57,5.71,-2.75,-3.48,-5.37,2.91,8.11,111.3519,112.1956,114.4334,105.2231,100.1685,14359828,1255,2026-09-18,38.91,33586387.0
NASDAQ:NBTX,NBTX,Nanobiotix S.A. - ADSs,Healthcare,Biotechnology,France,NASDAQ,1678470194.0,33.05,36.77,40.84,3,25.0,952,False,-39.99,185.65,0.52,8.95,89.1,140.26,186.42,32.8774,30.3354,17.4771,13.7561,11.5392,6031662,1255,2026-09-18,42.52,50785785.0
NYSE:WH,WH,"Wyndham Hotels & Resorts, Inc.",Consumer Cyclical,Lodging,United States,NYSE,5050808963.0,68.06,36.78,38.48,3,25.1,953,False,-23.41,0.86,-12.2,-11.53,-17.3,-13.41,-9.88,77.5208,76.9279,82.2977,78.6017,75.525,86667787,1255,2026-09-18,40.14,74211122.0
NASDAQ:AIRS,AIRS,"AirSculpt Technologies, Inc.",Healthcare,Medical Care Facilities,United States,NASDAQ,162960523.0,2.31,36.79,37.21,3,25.1,954,False,-80.17,46.2,-28.68,-44.39,-49.53,-53.14,-56.01,3.2391,4.1542,4.5768,4.9298,5.2514,2199175,1226,2026-09-18,36.45,70545681.0
NYSE:EVTC,EVTC,"Evertec, Inc.",Technology,Software - Infrastructure,United States,NYSE,1703802512.0,27.65,36.79,41.93,3,25.1,955,False,-19.25,23.97,-2.17,-3.67,-12.48,-16.4,-17.28,28.2631,28.7026,31.5913,33.0748,33.4249,12762890,1255,2026-09-18,40.12,61620344.0
NASDAQ:ESTA,ESTA,Establishment Labs Holdings Inc.,Healthcare,Medical Devices,United States,NASDAQ,2039526027.0,69.3,36.8,38.94,3,25.2,956,False,-27.55,77.97,-5.72,0.33,27.89,38.92,29.33,73.5018,69.0727,54.1883,49.8854,53.5856,24520006,1255,2026-09-18,37.3,29430390.0
NASDAQ:KEQU,KEQU,Kewaunee Scientific Corporation,Consumer Cyclical,"Furnishings, Fixtures & Appliances",United States,NASDAQ,97844910.0,34.11,36.8,40.24,3,25.2,957,False,-25.99,0.41,-9.12,-11.35,-19.65,-13.06,1.9,37.5313,38.4774,42.4512,39.2325,33.475,148628,1255,2026-09-18,49.18,2868511.0
NASDAQ:LLYVA,LLYVA,"Liberty Live Holdings, Inc. - Series A Liberty Live Group",Communication Services,Entertainment,United States,NASDAQ,2378608442.0,93.01,36.8,40.89,3,25.2,958,False,-11.41,24.26,0.63,2.1,14.64,40.63,,92.4285,91.0975,81.1331,66.1401,,13498039,784,2026-09-18,40.07,25573685.0
NASDAQ:CCCC,CCCC,"C4 Therapeutics, Inc.",Healthcare,Biotechnology,United States,NASDAQ,374822883.0,3.39,36.81,41.15,3,25.2,959,False,-27.41,98.25,9.85,14.88,11.65,-10.5,-19.61,3.0861,2.9508,3.0362,3.7877,4.2172,7208343,1255,2026-09-18,37.61,110567222.0
NYSE:BNED,BNED,"Barnes & Noble Education, Inc",Consumer Cyclical,Specialty Retail,United States,NYSE,368605478.0,10.64,36.83,40.49,3,25.3,960,False,-22.07,74.96,4.65,7.64,6.53,-62.78,-84.26,10.1675,9.8848,9.9875,28.588,67.6178,3686595,1255,2026-09-18,37.02,34643372.0
NASDAQ:NERV,NERV,"Minerva Neurosciences, Inc",Healthcare,Biotechnology,United States,NASDAQ,170514675.0,3.66,36.83,40.17,3,25.3,961,True,-54.65,80.3,-27.85,-22.43,8.37,-3.05,-11.84,5.0728,4.7184,3.3772,3.7752,4.1514,752790,1255,2026-09-18,31.01,46588709.0
NYSE:ALIT,ALIT,"Alight, Inc.",Technology,Software - Application,United States,NYSE,310049471.0,11.77,36.84,40.16,3,25.3,962,False,-82.49,20.1,-42.44,-57.34,-83.71,-88.11,-89.83,20.4492,27.5874,72.2691,98.9722,115.7293,5806202,1255,2026-09-18,39.55,26342351.0
NASDAQ:TMUS,TMUS,"T-Mobile US, Inc.",Communication Services,Telecom Services,United States,NASDAQ,180401911874.0,168.18,36.85,40.64,3,25.3,963,True,-28.29,1.04,-12.03,-14.37,-21.4,-13.87,-6.62,191.1823,196.3995,213.9596,195.252,180.1018,806049725,1255,2026-09-18,34.21,1072671613.0
NYSE:BEPC,BEPC,Brookfield Renewable Corporation Brookfield Renewable Corporation Class A Subordinate Voting Shares,Utilities,Utilities - Renewable,United States,NYSE,4419520847.0,29.93,36.86,38.09,3,25.4,964,False,-30.39,3.03,-19.24,-19.74,-8.87,0.1,2.86,37.059,37.2923,32.8429,29.8988,29.0982,51221059,1255,2026-09-18,36.2,147661906.0
NASDAQ:ACIC,ACIC,American Coastal Insurance Corporation,Financial Services,Insurance - Property & Casualty,United States,NASDAQ,444899951.0,9.18,36.87,38.67,3,25.4,965,True,-25.1,0.44,-15.81,-16.07,-15.6,-11.35,8.81,10.9043,10.9374,10.8765,10.3548,8.4366,2301638,1255,2026-09-18,36.4,48464047.0
NYSE:LPX,LPX,Louisiana-Pacific Corporation,Industrials,Building Products & Equipment,United States,NYSE,4563573962.0,65.32,36.88,39.88,3,25.4,966,False,-32.94,0.88,-15.22,-16.75,-25.58,-21.12,-14.93,77.0439,78.46,87.7776,82.8119,76.7797,72574858,1255,2026-09-18,38.13,69864880.0
NYSE:PUK,PUK,Prudential Public Limited Company,Financial Services,Insurance - Life,Hong Kong,NYSE,32450301836.0,26.09,36.88,40.16,3,25.4,967,False,-20.82,5.14,-10.45,-9.29,7.47,16.16,13.36,29.1339,28.7614,24.2771,22.4608,23.0153,25401047,1255,2026-09-18,41.37,1243783129.0
NASDAQ:CSWC,CSWC,Capital Southwest Corporation,Financial Services,Asset Management,United States,NASDAQ,1455335803.0,23.42,36.91,42.34,3,25.5,968,False,-7.44,34.55,5.37,8.66,16.21,20.11,31.77,22.2262,21.5525,20.1539,19.4986,17.773,15043605,1255,2026-09-18,46.31,62140726.0
NYSE:RRC,RRC,Range Resources Corporation,Energy,Oil & Gas E&P,United States,NYSE,8982640557.0,38.44,36.93,42.34,3,25.5,969,False,-18.92,15.84,-1.83,-0.73,3.76,8.82,15.96,39.1575,38.723,37.0486,35.3253,33.148,100935538,1255,2026-09-18,40.08,233679515.0
NASDAQ:IMA,IMA,"ImageneBio, Inc.",Healthcare,Biotechnology,United States,NASDAQ,55619496.0,4.89,36.95,39.42,3,25.5,970,False,-44.37,7.47,-17.79,-23.1,-57.82,-68.73,-80.25,5.9483,6.3591,11.5937,15.6357,24.7586,96793,1255,2026-09-18,41.02,11374130.0
NASDAQ:LMNR,LMNR,Limoneira Co,Consumer Defensive,Farm Products,United States,NASDAQ,230820449.0,12.73,36.95,40.87,3,25.5,971,False,-16.26,7.61,-5.83,-6.8,-24.45,-26.64,-22.87,13.5186,13.6586,16.8487,17.3522,16.5048,1813880,1255,2026-09-18,38.05,18132007.0
NASDAQ:RGNX,RGNX,REGENXBIO Inc.,Healthcare,Biotechnology,United States,NASDAQ,514082567.0,8.03,36.95,40.49,3,25.5,972,False,-49.75,42.12,-20.93,-22.95,-15.72,-31.32,-42.64,10.1553,10.4212,9.5281,11.6926,13.9994,13264418,1255,2026-09-18,38.46,64020245.0
NYSE:TLK,TLK,"PT Telekomunikasi Indonesia, Tbk",Communication Services,Telecom Services,Indonesia,NYSE,13968919311.0,14.17,36.96,41.52,3,25.6,973,False,-34.47,9.12,-15.21,-16.84,-11.25,-15.07,-19.82,16.7118,17.0402,15.966,16.6847,17.6724,9598722,1255,2026-09-18,38.07,985809408.0
NASDAQ:DIBS,DIBS,"1stdibs.com, Inc.",Communication Services,Internet Content & Information,United States,NASDAQ,142747384.0,4.04,36.97,40.86,3,25.6,974,False,-37.17,58.43,-20.73,-15.56,-0.2,-5.84,-8.91,5.0965,4.7846,4.048,4.2904,4.4351,478126,1255,2026-09-18,39.82,35333511.0
NYSE:DOLE,DOLE,Dole plc,Consumer Defensive,Farm Products,Ireland,NYSE,1239921118.0,13.03,36.97,40.7,3,25.6,975,False,-18.94,4.65,-9.42,-7.77,-7.69,-2.24,3.5,14.3854,14.1272,14.1148,13.3284,12.589,14513941,1255,2026-09-18,39.45,95158950.0
NYSE:AOS,AOS,A.O. Smith Corporation,Industrials,Specialty Industrial Machinery,United States,NYSE,6267188837.0,56.95,37.0,40.86,3,25.7,976,False,-28.39,2.72,-11.39,-12.16,-14.55,-18.43,-15.5,64.27,64.8351,66.6444,69.8197,67.3981,82995848,1255,2026-09-18,36.87,110047214.0
NASDAQ:MIRM,MIRM,"Mirum Pharmaceuticals, Inc.",Healthcare,Biotechnology,United States,NASDAQ,5599906075.0,91.83,37.01,39.59,3,25.7,977,False,-28.58,43.26,-5.55,-0.19,31.2,61.41,88.99,97.2239,92.006,69.9917,56.8932,48.5904,60445913,1255,2026-09-18,47.79,60981227.0
NASDAQ:YDDL,YDDL,One and One Green Technologies. INC,Industrials,Waste Management,Philippines,NASDAQ,66910885.0,1.46,37.02,37.93,3,25.7,978,False,-90.48,0.0,-69.62,,,,,4.8063,,,,,4146478,237,2026-09-18,38.61,45829373.0
NASDAQ:ZSQR,ZSQR,Z Squared Inc.,Technology,Software - Infrastructure,United States,NASDAQ,141327921.0,2.68,37.02,36.92,3,25.7,979,False,-85.74,17.03,-74.62,-76.97,-73.16,-74.49,-87.56,10.5586,11.6385,9.9848,10.5047,21.5513,1252227,1255,2026-09-18,34.19,52734299.0
NASDAQ:LSTR,LSTR,"Landstar System, Inc.",Industrials,Integrated Freight & Logistics,United States,NASDAQ,5779118958.0,170.29,37.03,39.14,3,25.8,980,False,-24.27,44.52,-1.58,4.54,8.51,4.83,4.7,173.0212,162.8945,156.9336,162.4395,162.6419,61396003,1255,2026-09-18,38.06,33936925.0
NYSE:ECL,ECL,Ecolab Inc.,Basic Materials,Specialty Chemicals,United States,NYSE,75836149289.0,269.46,37.04,42.48,3,25.8,981,False,-11.91,10.25,-0.8,-0.31,3.21,10.75,21.53,271.6219,270.3063,261.0724,243.3052,221.7241,383262902,1255,2026-09-18,39.96,281437502.0
NYSE:IGI,IGI,Western Asset Investment Grade Opportunity Trust Inc.,Financial Services,Asset Management,United States,NYSE,92601892.0,15.45,37.05,39.0,3,25.9,982,False,-4.35,0.98,-2.45,-2.51,-1.13,0.49,3.18,15.8386,15.8483,15.626,15.3742,14.9737,246655,1255,2026-09-18,33.61,5993650.0
NYSE:JHS,JHS,John Hancock Income Securities Trust,Financial Services,Asset Management,United States,NYSE,122522074.0,10.52,37.05,38.4,3,25.9,983,False,-7.28,1.06,-3.4,-3.68,-1.26,2.45,5.39,10.8906,10.9224,10.6545,10.2688,9.9817,137208,1255,2026-09-18,35.86,11646585.0
NYSE:UHT,UHT,Universal Health Realty Income Trust,Real Estate,REIT - Healthcare Facilities,United States,NYSE,553027244.0,39.79,37.05,40.7,3,25.9,984,False,-13.16,19.2,-2.02,0.2,4.75,9.04,7.99,40.6101,39.709,37.9843,36.49,36.8447,4169513,1255,2026-09-18,43.16,13898649.0
AMEX:DNN,DNN,Denison Mines Corp Ordinary Shares (Canada),Energy,Uranium,Canada,AMEX,2588348511.0,2.86,37.06,41.21,3,25.9,985,False,-34.55,25.99,-15.56,-12.11,12.22,23.38,40.14,3.3872,3.2539,2.5485,2.3181,2.0408,87804548,1255,2026-09-18,38.0,905016962.0
NASDAQ:PCT,PCT,"PureCycle Technologies, Inc.",Industrials,Pollution & Treatment Controls,United States,NASDAQ,1148104386.0,5.72,37.06,39.22,3,25.9,986,False,-62.19,13.04,-29.4,-35.52,-41.6,-30.67,-29.84,8.1018,8.8707,9.7942,8.2508,8.1528,20077035,1255,2026-09-18,36.27,200717550.0
NYSE:ALSN,ALSN,"Allison Transmission Holdings, Inc.",Consumer Cyclical,Auto Parts,United States,NYSE,9711803375.0,117.1,37.07,42.47,3,26.0,987,False,-13.49,49.29,0.91,7.26,12.71,27.32,45.87,116.0473,109.1778,103.8982,91.9706,80.279,101847751,1255,2026-09-18,40.78,82935981.0
NYSE:ES,ES,Eversource Energy (D/B/A),Utilities,Utilities - Regulated Electric,United States,NYSE,25468139293.0,67.72,37.07,39.6,3,26.0,988,False,-10.17,10.87,-2.62,-2.4,5.82,11.96,9.71,69.5422,69.3829,63.9965,60.4863,61.7269,150464086,1255,2026-09-18,42.36,376080025.0
NYSE:BMA,BMA,Banco Macro S.A. ADR (representing Ten Class B Common Shares),Financial Services,Banks - Regional,Argentina,NYSE,4714928653.0,75.06,37.09,40.22,3,26.0,989,False,-25.78,98.61,-9.25,-4.45,-3.42,17.24,44.88,82.7113,78.5534,77.7208,64.0223,51.8066,20994763,1255,2026-09-18,41.54,62815463.0
NYSE:NI,NI,NiSource Inc,Utilities,Utilities - Regulated Gas,United States,NYSE,19455644562.0,40.58,37.09,37.68,3,26.0,990,False,-16.76,3.75,-8.82,-7.75,0.27,14.09,23.88,44.5061,43.9878,40.4693,35.5699,32.7567,206067889,1255,2026-09-18,40.09,479439245.0
NASDAQ:ACIW,ACIW,"ACI Worldwide, Inc.",Technology,Software - Infrastructure,United States,NASDAQ,5110527124.0,50.27,37.1,42.09,3,26.1,991,False,-16.47,30.67,8.11,6.67,2.93,15.42,30.2,46.4974,47.126,48.8404,43.5524,38.6095,40486810,1255,2026-09-18,41.25,101661570.0
NYSE:MHO,MHO,"M/I Homes, Inc.",Consumer Cyclical,Residential Construction,United States,NYSE,3552930734.0,138.84,37.1,41.2,3,26.1,992,False,-14.82,17.97,0.6,1.1,2.95,6.42,22.12,138.016,137.334,134.8667,130.4642,113.6939,30218690,1255,2026-09-18,40.53,25590109.0
NASDAQ:ASND,ASND,Ascendis Pharma A/S,Healthcare,Biotechnology,Denmark,NASDAQ,15527134718.0,236.72,37.11,41.12,3,26.1,993,False,-14.6,24.76,0.98,3.75,23.78,39.67,54.82,234.4145,228.1725,191.2435,169.4901,152.9011,188798934,1255,2026-09-18,38.34,65592830.0
NASDAQ:IRTC,IRTC,"iRhythm Holdings, Inc.",Healthcare,Medical Devices,United States,NASDAQ,3592847067.0,109.33,37.11,41.57,3,26.1,994,False,-42.23,7.41,-17.03,-22.59,-14.41,-6.67,-5.67,131.7728,141.2349,127.74,117.1379,115.8964,59406916,1255,2026-09-18,39.95,32862408.0
NYSE:UA,UA,"Under Armour, Inc.",Consumer Cyclical,Apparel Manufacturing,United States,NYSE,974569853.0,4.8,37.12,38.41,3,26.2,995,False,-39.09,21.21,-17.25,-13.38,-22.08,-25.86,-29.42,5.8005,5.5412,6.1603,6.4746,6.8009,11114895,1255,2026-09-18,38.19,203035386.0
NASDAQ:BLDP,BLDP,"Ballard Power Systems, Inc.",Industrials,Electrical Equipment & Parts,Canada,NASDAQ,654202592.0,2.17,37.13,37.27,3,26.2,996,False,-65.99,10.15,-27.92,-28.94,-5.81,-14.17,-32.28,3.0106,3.0537,2.304,2.5283,3.2042,6557863,1255,2026-09-18,37.6,301475849.0
NYSE:IIM,IIM,Invesco Value Municipal Income Trust,Financial Services,Asset Management,United States,NYSE,564748604.0,11.99,37.13,39.39,3,26.2,997,False,-6.06,5.15,-0.87,-0.19,5.5,10.8,14.56,12.0948,12.0127,11.3653,10.8211,10.4658,1305168,1255,2026-09-18,40.11,47101635.0
NASDAQ:MATW,MATW,Matthews International Corporation,Industrials,Conglomerates,United States,NASDAQ,639025930.0,20.48,37.14,36.01,3,26.3,998,False,-28.24,2.86,-19.4,-17.79,-14.1,-18.67,-23.59,25.4085,24.9119,23.8422,25.1826,26.8033,22494293,1255,2026-09-18,31.71,31202438.0
NASDAQ:NRDS,NRDS,"NerdWallet, Inc.",Communication Services,Internet Content & Information,United States,NASDAQ,308723836.0,9.05,37.14,42.53,3,26.3,999,False,-43.19,19.39,-14.05,-16.66,-19.35,-23.72,-23.57,10.5291,10.8593,11.2207,11.864,11.8411,6227357,1222,2026-09-18,40.02,34113131.0
NASDAQ:SEVN,SEVN,Seven Hills Realty Trust,Real Estate,REIT - Mortgage,United States,NASDAQ,166299488.0,7.34,37.14,39.48,3,26.3,1000,False,-24.59,0.0,-7.83,-9.59,-20.48,-21.01,-15.11,7.9639,8.1187,9.2306,9.2924,8.6467,1264059,1255,2026-09-18,40.21,22656606.0
NYSE:CWH,CWH,"Camping World Holdings, Inc.",Consumer Cyclical,Auto & Truck Dealerships,United States,NYSE,357436800.0,5.6,37.15,40.45,3,26.3,1001,False,-67.63,0.72,-32.07,-40.36,-60.16,-65.77,-68.93,8.2441,9.3895,14.0545,16.3584,18.0227,10372866,1255,2026-09-18,40.02,63828000.0
NYSE:FMC,FMC,FMC Corporation,Basic Materials,Agricultural Inputs,United States,NYSE,1263538806.0,10.09,37.16,41.19,3,26.4,1002,False,-71.92,0.8,-24.18,-34.53,-66.02,-73.31,-81.06,13.3082,15.4116,29.6926,37.8023,53.2758,39219502,1255,2026-09-18,38.0,125226839.0
NYSE:WRBY,WRBY,Warby Parker Inc.,Healthcare,Medical Instruments & Supplies,United States,NYSE,2409618915.0,22.5,37.16,40.28,3,26.4,1003,False,-25.84,36.45,-10.34,-7.87,-2.0,13.07,23.08,25.0955,24.4223,22.9585,19.8997,18.2811,59807260,1248,2026-09-18,44.54,107094174.0
NYSE:CNMD,CNMD,CONMED Corporation,Healthcare,Medical Devices,United States,NYSE,1360385684.0,45.42,37.17,45.33,3,26.4,1004,False,-12.42,41.45,11.67,9.05,-11.24,-26.69,-36.52,40.6733,41.6525,51.1703,61.9532,71.5505,14958225,1255,2026-09-18,40.44,29951248.0
NASDAQ:SHEN,SHEN,Shenandoah Telecommunications Co,Communication Services,Telecom Services,United States,NASDAQ,640569348.0,11.57,37.17,39.89,3,26.4,1005,True,-32.34,16.87,-14.52,-12.76,-11.44,-22.23,-26.97,13.5355,13.262,13.0646,14.8781,15.8437,11032681,1255,2026-09-18,34.61,55364680.0
NYSE:VTOL,VTOL,"Bristow Group, Inc.",Energy,Oil & Gas Equipment & Services,United States,NYSE,1235450618.0,41.73,37.17,40.73,3,26.4,1006,False,-16.09,17.89,-3.76,-1.07,9.82,18.49,26.79,43.3594,42.1818,37.9991,35.2174,32.9138,14235522,1255,2026-09-18,34.59,29605814.0
NYSE:TKR,TKR,Timken Company (The),Industrials,Tools & Accessories,United States,NYSE,8140586901.0,117.14,37.21,39.53,3,26.5,1007,True,-19.17,67.73,4.18,11.71,31.13,37.2,42.46,112.4363,104.8615,89.3308,85.3811,82.2242,105386950,1255,2026-09-18,35.58,69494510.0
NASDAQ:MRBK,MRBK,Meridian Corporation,Financial Services,Banks - Regional,United States,NASDAQ,226509796.0,19.05,37.22,41.89,3,26.5,1008,False,-7.04,41.53,1.35,6.2,20.72,37.91,43.63,18.7969,17.9379,15.7806,13.8134,13.2628,1849261,1255,2026-09-18,42.6,11890278.0
NASDAQ:RELY,RELY,"Remitly Global, Inc.",Technology,Software - Infrastructure,United States,NASDAQ,4617604462.0,21.93,37.24,41.75,3,26.5,1009,True,-18.54,79.75,14.54,19.83,15.04,16.98,22.37,19.1467,18.301,19.0631,18.7472,17.9216,98312557,1252,2026-09-18,35.73,210561079.0
NYSE:CIA,CIA,"Citizens, Inc. Class A Common Stock ($1.00 Par)",Financial Services,Insurance - Life,United States,NYSE,180981759.0,3.58,37.25,36.39,3,26.6,1010,True,-43.89,2.87,-29.83,-31.32,-25.37,-13.14,-4.96,5.1021,5.2124,4.797,4.1215,3.767,468110,1255,2026-09-18,31.46,50553564.0
NASDAQ:QS,QS,QuantumScape Corporation,Consumer Cyclical,Auto Parts,United States,NASDAQ,2906150631.0,5.025,37.25,39.51,3,26.6,1011,False,-72.75,2.87,-34.77,-44.8,-32.68,-28.74,-30.65,7.7034,9.1031,7.4647,7.0512,7.246,73844733,1255,2026-09-18,40.26,578338434.0
NYSE:RPC,RPC,"Ridgepost Capital, Inc.",Financial Services,Asset Management,United States,NYSE,620148177.0,7.87,37.27,41.61,3,26.6,1012,False,-33.99,14.97,-8.08,-11.69,-23.06,-19.3,-20.39,8.5618,8.9123,10.2286,9.7528,9.8856,4568362,1232,2026-09-18,39.26,78799006.0
NASDAQ:TCMD,TCMD,"Tactile Systems Technology, Inc.",Healthcare,Medical Devices,United States,NASDAQ,500748972.0,22.2,37.29,38.41,3,26.7,1013,False,-32.83,63.84,-17.13,-11.27,14.34,27.24,31.09,26.7877,25.0184,19.416,17.4472,16.9344,7018034,1255,2026-09-18,40.13,22556260.0
NASDAQ:AIOT,AIOT,"PowerFleet, Inc.",Technology,Software - Infrastructure,United States,NASDAQ,386570644.0,2.88,37.31,39.26,3,26.7,1014,False,-49.03,3.23,-26.45,-30.73,-40.13,-34.92,-28.25,3.9159,4.1578,4.8108,4.4252,4.0142,4068206,1255,2026-09-18,40.94,134225918.0
NYSE:BCSF,BCSF,"Bain Capital Specialty Finance, Inc.",Financial Services,Asset Management,United States,NYSE,719391743.0,11.09,37.31,38.68,3,26.7,1015,False,-15.9,0.99,-7.82,-7.97,-11.67,-8.83,-1.23,12.0314,12.0499,12.5549,12.164,11.2283,5861441,1255,2026-09-18,43.52,64868507.0
NASDAQ:FWONK,FWONK,Liberty Media Corporation - Series C,Communication Services,Entertainment,United States,NASDAQ,21199031497.0,94.54,37.32,41.93,3,26.7,1016,True,-12.73,16.11,2.57,0.72,1.77,11.11,17.79,92.1746,93.8679,92.8927,85.0899,80.2625,184576299,1255,2026-09-18,35.59,224233462.0
NASDAQ:CDXS,CDXS,"Codexis, Inc.",Healthcare,Biotechnology,United States,NASDAQ,146283516.0,1.36,37.33,38.29,3,26.8,1017,True,-52.28,38.78,-27.36,-30.27,-48.03,-49.45,-56.12,1.8724,1.9504,2.6169,2.6902,3.0991,1400924,1255,2026-09-18,33.37,107561409.0
NYSE:MAS,MAS,Masco Corporation,Industrials,Building Products & Equipment,United States,NYSE,13420576486.0,68.06,37.33,40.54,3,26.8,1018,False,-17.41,17.21,-1.86,-0.63,-2.09,0.12,7.69,69.3529,68.4932,69.5137,67.9763,63.1997,157613613,1255,2026-09-18,37.81,197187430.0
NYSE:LAR,LAR,Lithium Argentina AG,Basic Materials,Other Industrial Metals & Mining,Switzerland,NYSE,945322180.0,5.77,37.34,39.68,3,26.8,1019,False,-51.06,80.31,-22.56,-15.16,21.65,21.2,-0.23,7.4507,6.8011,4.743,4.7605,5.7835,12929861,1255,2026-09-18,37.34,163834000.0
NASDAQ:LMAT,LMAT,"LeMaitre Vascular, Inc.",Healthcare,Medical Instruments & Supplies,United States,NASDAQ,1802237785.0,78.87,37.34,38.56,3,26.8,1020,False,-32.45,0.13,-16.34,-14.91,-13.29,-4.41,5.38,94.2779,92.6892,90.9613,82.5113,74.8446,23494826,1255,2026-09-18,39.01,22850739.0
NASDAQ:ALGM,ALGM,"Allegro MicroSystems, Inc.",Technology,Semiconductors,United States,NASDAQ,6353139082.0,34.1,37.36,38.79,3,26.9,1021,False,-51.02,49.56,-14.46,-8.91,8.17,12.15,6.68,39.864,37.4367,31.5251,30.4054,31.9652,75759990,1255,2026-09-18,32.2,186309064.0
NYSE:SPG,SPG,"Simon Property Group, Inc.",Real Estate,REIT - Retail,United States,NYSE,66581562172.0,205.32,37.36,39.73,3,26.9,1022,False,-12.33,23.93,3.38,6.21,17.09,29.64,44.31,198.6091,193.3145,175.358,158.3771,142.2752,271874302,1255,2026-09-18,34.77,324281912.0
NASDAQ:AVTX,AVTX,"Avalo Therapeutics, Inc.",Healthcare,Biotechnology,United States,NASDAQ,876602528.0,16.57,37.37,41.56,3,26.9,1023,False,-27.55,53.43,-1.79,0.06,35.82,29.51,-91.52,16.8724,16.5595,12.1998,12.7948,195.4423,18714086,1255,2026-09-18,38.06,52902989.0
NASDAQ:CHTR,CHTR,"Charter Communications, Inc.",Communication Services,Telecom Services,United States,NASDAQ,15287796150.0,128.17,37.38,41.09,3,27.0,1024,False,-54.67,3.94,-28.58,-33.22,-52.93,-56.54,-59.0,179.4549,191.9199,272.3034,294.9295,312.6045,389071088,1255,2026-09-18,40.56,119277492.0
NYSE:FPH,FPH,"Five Point Holdings, LLC",Real Estate,Real Estate - Development,United States,NYSE,353173610.0,4.92,37.38,41.3,3,27.0,1025,False,-24.19,4.46,-5.85,-8.85,-5.13,10.48,23.84,5.2259,5.3979,5.186,4.4532,3.973,671377,1255,2026-09-18,37.94,71783254.0
NYSE:HSY,HSY,The Hershey Company,Consumer Defensive,Confectioners,United States,NYSE,24842338760.0,169.79,37.38,40.98,3,27.0,1026,True,-27.02,7.76,-10.32,-9.24,-3.56,-4.05,-9.05,189.3361,187.0752,176.0497,176.9655,186.6823,241206664,1255,2026-09-18,33.6,146312143.0
NASDAQ:REAX,REAX,Real REMAX Group Inc.,Real Estate,Real Estate Services,United States,NASDAQ,3602616634.0,16.53,37.38,41.1,3,27.0,1027,False,-67.07,3.96,-34.94,-41.84,-56.44,-54.68,-46.58,25.4058,28.4201,37.9443,36.4702,30.9409,23942357,1255,2026-09-18,40.11,217944140.0
NYSE:DTM,DTM,"DT Midstream, Inc.",Energy,Oil & Gas Midstream,United States,NYSE,12839645155.0,125.86,37.4,38.91,3,27.0,1028,False,-16.51,21.51,-5.64,-2.1,12.5,34.41,54.05,133.38,128.557,111.8767,93.6405,81.7006,128396351,1255,2026-09-18,37.49,102015296.0
AMEX:EP,EP,Empire Petroleum Corporation,Energy,Oil & Gas E&P,United States,AMEX,96695056.0,2.43,37.41,41.07,3,27.1,1029,False,-49.59,5.65,-15.96,-20.31,-43.39,-52.42,-64.03,2.8913,3.0491,4.2922,5.1074,6.7561,108370,1255,2026-09-18,38.59,39792204.0
NYSE:PNFP,PNFP,"Pinnacle Financial Partners, Inc.",Financial Services,Banks - Regional,United States,NYSE,14609250000.0,96.75,37.41,41.41,3,27.1,1030,False,-10.84,19.0,0.51,2.27,-3.11,4.46,12.69,96.2558,94.6031,99.8581,92.6229,85.8521,97888429,1255,2026-09-18,37.46,151000000.0
NASDAQ:BOOM,BOOM,DMC Global Inc.,Industrials,Conglomerates,United States,NASDAQ,126532246.0,6.16,37.44,41.78,3,27.1,1031,False,-31.33,30.23,-7.96,-9.59,-18.18,-41.25,-52.04,6.6931,6.8134,7.5284,10.4851,12.8451,575952,1255,2026-09-18,39.11,20540949.0
NYSE:CHE,CHE,Chemed Corp,Healthcare,Medical Care Facilities,United States,NYSE,6690944862.0,504.06,37.45,44.14,3,27.2,1032,False,-8.68,37.12,11.97,12.55,2.16,-2.65,-2.08,450.1684,447.8539,493.4146,517.7956,514.7596,79240121,1255,2026-09-18,38.66,13274104.0
NASDAQ:NOEM,NOEM,CO2 Energy Transition Corp.,Financial Services,Shell Companies,United States,NASDAQ,101417235.0,10.58,37.45,42.97,3,27.2,1033,False,-11.83,4.13,0.91,1.45,,,,10.4847,10.4288,,,,1223,420,2026-09-18,37.45,9585750.0
NASDAQ:SUNS,SUNS,"Sunrise Realty Trust, Inc.",Real Estate,REIT - Mortgage,United States,NASDAQ,98818079.0,7.31,37.46,39.93,3,27.2,1034,False,-28.67,3.1,-9.75,-11.55,-20.17,,,8.0993,8.2643,9.1567,,,441575,552,2026-09-18,46.89,13518205.0
NASDAQ:BRZE,BRZE,"Braze, Inc.",Technology,Software - Application,United States,NASDAQ,2751591674.0,24.43,37.49,42.31,3,27.2,1035,False,-32.5,54.72,-0.77,-3.81,-17.93,-30.64,-29.9,24.6191,25.3987,29.7684,35.2204,34.8505,90537995,1213,2026-09-18,38.88,112631669.0
NASDAQ:CRTO,CRTO,Criteo S.A.,Communication Services,Advertising Agencies,France,NASDAQ,839083601.0,16.7,37.5,41.04,3,27.3,1036,False,-28.26,5.3,-11.43,-13.59,-36.51,-41.89,-42.44,18.8544,19.3268,26.3017,28.7387,29.0154,4004264,1255,2026-09-18,39.24,50244527.0
NASDAQ:VHUB,VHUB,"VenHub Global, Inc.",Consumer Defensive,Grocery Stores,United States,NASDAQ,61467143.0,0.68,37.5,40.44,3,27.3,1037,False,-91.58,15.25,,,,,,,,,,,215301,160,2026-09-18,39.89,90392857.0
NASDAQ:BETR,BETR,Better Home & Finance Holding Company,Financial Services,Mortgage Finance,United States,NASDAQ,157820103.0,12.06,37.51,38.52,3,27.3,1038,False,-85.99,3.97,-58.56,-65.89,-50.93,-50.38,-92.63,29.1029,35.3571,24.5764,24.3027,163.562,6913305,1255,2026-09-18,38.64,13086244.0
NASDAQ:CMCO,CMCO,Columbus McKinnon Corporation,Industrials,Farm & Heavy Construction Machinery,United States,NASDAQ,454398608.0,15.76,37.51,42.86,3,27.3,1039,True,-31.51,30.47,-6.05,-4.02,-20.65,-37.82,-42.4,16.7756,16.4202,19.8621,25.344,27.3602,7371131,1255,2026-09-18,37.32,28832399.0
NYSE:WELL,WELL,Welltower Inc.,Real Estate,REIT - Healthcare Facilities,United States,NYSE,164917316158.0,228.87,37.51,43.4,3,27.3,1040,False,-8.86,40.59,8.41,11.85,32.14,56.66,80.82,211.1079,204.621,173.2026,146.0901,126.5715,639541470,1255,2026-09-18,42.65,720572011.0
NASDAQ:ARCB,ARCB,ArcBest Corporation,Industrials,Trucking,United States,NASDAQ,2877289800.0,128.73,37.52,41.31,3,27.4,1041,False,-25.62,116.56,10.26,20.41,34.71,25.79,30.56,116.7484,106.9135,95.559,102.339,98.5983,34213039,1255,2026-09-18,37.77,22351354.0
NYSE:PKE,PKE,Park Aerospace Corp.,Industrials,Aerospace & Defense,United States,NYSE,659931742.0,30.34,37.54,40.42,3,27.4,1042,False,-20.64,65.8,2.03,10.0,44.77,64.28,81.25,29.7372,27.5816,20.9569,18.4679,16.7396,8336267,1255,2026-09-18,38.18,21751211.0
NASDAQ:SMBC,SMBC,"Southern Missouri Bancorp, Inc.",Financial Services,Banks - Regional,United States,NASDAQ,798195291.0,72.49,37.54,41.68,3,27.4,1043,True,-8.3,53.88,7.26,12.44,21.22,33.46,41.7,67.5849,64.4722,59.7994,54.3148,51.1567,7141102,1255,2026-09-18,36.5,11011109.0
NYSE:SWK,SWK,"Stanley Black & Decker, Inc.",Industrials,Tools & Accessories,United States,NYSE,13528070701.0,89.58,37.56,43.01,3,27.5,1044,False,-13.12,50.39,9.92,14.1,16.94,14.71,16.57,81.494,78.5072,76.605,78.095,76.8434,157103023,1255,2026-09-18,35.66,151016641.0
NYSE:TXT,TXT,Textron Inc.,Industrials,Aerospace & Defense,United States,NYSE,13705637416.0,79.69,37.56,38.97,3,27.5,1045,False,-20.86,0.81,-11.4,-9.81,-4.36,-4.87,-0.43,89.9428,88.3533,83.3241,83.7715,80.0364,146787393,1255,2026-09-18,42.02,171986917.0
NYSE:KVYO,KVYO,"Klaviyo, Inc. Series A",Technology,Software - Application,United States,NYSE,1957382927.0,15.42,37.57,41.83,3,27.5,1046,False,-57.07,19.91,-22.45,-28.32,-46.01,,,19.8846,21.5129,28.5596,,,112790242,752,2026-09-18,39.53,126937933.0
NYSE:JBGS,JBGS,JBG SMITH Properties,Real Estate,REIT - Diversified,United States,NYSE,654213701.0,11.23,37.58,38.2,3,27.5,1047,False,-51.07,1.69,-23.01,-27.82,-28.81,-25.9,-24.98,14.5868,15.5593,15.7736,15.1547,14.9695,11950312,1255,2026-09-18,40.56,58255895.0
NYSE:FOUR,FOUR,"Shift4 Payments, Inc.",Technology,Software - Infrastructure,United States,NYSE,3092241458.0,38.98,37.59,40.97,3,27.6,1048,False,-55.14,9.4,-22.74,-29.61,-48.37,-46.57,-43.87,50.4539,55.3737,75.4992,72.9544,69.4441,92318855,1255,2026-09-18,42.02,79328924.0
NASDAQ:ANNX,ANNX,"Annexon, Inc.",Healthcare,Biotechnology,United States,NASDAQ,693053936.0,4.23,37.6,39.23,3,27.6,1049,False,-39.22,60.23,-21.51,-14.5,-1.72,-3.21,-5.47,5.3894,4.9474,4.3041,4.3704,4.4749,13099058,1255,2026-09-18,35.46,163842538.0
NASDAQ:SWIM,SWIM,"Latham Group, Inc.",Industrials,Building Products & Equipment,United States,NASDAQ,727951852.0,6.2,37.62,43.52,3,27.6,1050,False,-22.31,30.25,0.05,-3.32,-4.8,14.25,25.12,6.1969,6.4127,6.5128,5.4265,4.9554,5633552,1255,2026-09-18,38.49,117411589.0
NYSE:RHLD,RHLD,Resolute Holdings Management,Industrials,Specialty Business Services,United States,NYSE,976442516.0,118.25,37.63,41.84,3,27.7,1051,True,-47.76,78.41,-23.5,-18.81,,,,154.5703,145.6506,,,,20597550,395,2026-09-18,37.2,8257442.0
NYSE:NXE,NXE,Nexgen Energy Ltd.,Energy,Uranium,Canada,NYSE,6188853086.0,9.35,37.64,42.0,3,27.7,1052,False,-32.83,23.68,-14.14,-10.45,10.12,17.63,32.77,10.8901,10.4413,8.4909,7.9487,7.0422,44152293,1255,2026-09-18,38.88,661909421.0
NYSE:DOUG,DOUG,Douglas Elliman Inc.,Real Estate,Real Estate Services,United States,NYSE,153631279.0,1.69,37.66,41.44,3,27.7,1053,False,-45.66,8.33,-17.35,-22.07,-20.57,-16.23,-27.72,2.0447,2.1687,2.1278,2.0175,2.3382,809789,1184,2026-09-18,40.44,90906082.0
NYSE:YUM,YUM,"Yum! Brands, Inc.",Consumer Cyclical,Restaurants,United States,NYSE,37671270000.0,137.99,37.66,40.1,3,27.7,1054,True,-17.2,1.78,-9.83,-8.81,-4.69,-0.26,3.18,153.0277,151.3205,144.7831,138.346,133.7321,332841574,1255,2026-09-18,33.52,273000000.0
NYSE:SQM,SQM,Sociedad Quimica y Minera S.A.,Basic Materials,Specialty Chemicals,Chile,NYSE,9671696179.0,67.72,37.67,41.35,3,27.8,1055,False,-27.07,71.21,-9.37,-1.91,27.15,33.92,20.53,74.7243,69.0367,53.2583,50.5664,56.1832,79282500,1255,2026-09-18,45.8,142818904.0
NASDAQ:SIRI,SIRI,SiriusXM Holdings Inc.,Communication Services,Entertainment,United States,NASDAQ,9205296793.0,27.31,37.68,41.49,3,27.8,1056,False,-15.44,41.53,9.18,12.92,18.49,0.14,-12.7,25.0144,24.1843,23.0476,27.2721,31.2824,108839324,1255,2026-09-18,40.38,337066891.0
NASDAQ:PRQR,PRQR,ProQR Therapeutics N.V.,Healthcare,Biotechnology,Netherlands,NASDAQ,258252301.0,1.83,37.69,43.75,3,27.8,1057,False,-40.0,33.58,3.14,-3.56,-12.17,-8.85,-7.91,1.7743,1.8976,2.0836,2.0077,1.9872,1599488,1255,2026-09-18,41.37,141121476.0
NASDAQ:KTOS,KTOS,"Kratos Defense & Security Solutions, Inc.",Industrials,Aerospace & Defense,United States,NASDAQ,8899698441.0,47.46,37.7,41.31,3,27.8,1058,False,-63.69,8.16,-32.67,-35.34,-13.94,10.05,33.89,70.4858,73.3945,55.1508,43.1256,35.447,165020988,1255,2026-09-18,38.3,187519984.0
NYSE:NOA,NOA,North American Construction Group Ltd. Common Shares (no par),Energy,Oil & Gas Equipment & Services,Canada,NYSE,344202664.0,12.7,37.71,41.1,3,27.9,1059,False,-23.33,6.95,-10.05,-9.92,-18.2,-25.67,-24.21,14.1197,14.0987,15.5266,17.0851,16.7565,2071910,1255,2026-09-18,40.39,27102572.0
NYSE:AGM.A,AGM-A,Federal Agricultural Mortgage Corporation,Financial Services,Credit Services,United States,NYSE,154617000.0,150.0,37.72,44.1,3,27.9,1060,False,-11.37,33.31,10.98,13.71,12.83,14.46,21.84,135.1548,131.913,132.9445,131.0484,123.1146,44230,1255,2026-09-18,44.1,1030780.0
NYSE:DEC,DEC,Diversified Energy Company,Energy,Oil & Gas Integrated,United States,NYSE,971666100.0,13.73,37.72,43.67,3,27.9,1061,False,-21.97,19.18,-1.56,0.21,5.25,20.17,60.22,13.9477,13.7005,13.0456,11.4257,8.5693,13064219,1234,2026-09-18,39.64,70769563.0
NYSE:BSX,BSX,Boston Scientific Corporation,Healthcare,Medical Devices,United States,NYSE,64418633458.0,43.34,37.73,40.37,3,27.9,1062,False,-58.72,1.67,-32.57,-39.36,-48.75,-44.74,-38.82,64.2776,71.4704,84.5734,78.4224,70.8359,1043912131,1255,2026-09-18,38.37,1486355179.0
AMEX:ARMP,ARMP,"Armata Pharmaceuticals, Inc.",Healthcare,Biotechnology,United States,AMEX,153451186.0,4.18,37.74,40.79,3,28.0,1063,False,-71.76,41.69,-43.6,-39.27,-6.86,5.93,17.73,7.4107,6.8831,4.4878,3.9462,3.5505,1916309,1255,2026-09-18,36.33,36710810.0
NYSE:NVS,NVS,Novartis AG,Healthcare,Drug Manufacturers - General,Switzerland,NYSE,266803342091.0,140.37,37.77,40.09,3,28.0,1064,False,-14.22,18.75,-5.62,-2.31,12.12,22.13,31.73,148.7264,143.6824,125.1962,114.9394,106.5562,362319809,1255,2026-09-18,38.4,1900714840.0
NYSE:TT,TT,Trane Technologies plc,Industrials,Building Products & Equipment,Ireland,NYSE,94414145482.0,429.11,37.77,39.94,3,28.0,1065,False,-14.57,14.8,-3.22,-2.03,3.7,16.78,34.68,443.4045,437.9838,413.7923,367.4581,318.6106,471110604,1255,2026-09-18,32.05,220023177.0
NYSE:VFC,VFC,V.F. Corporation,Consumer Cyclical,Apparel Manufacturing,United States,NYSE,5028191150.0,12.79,37.77,38.29,3,28.0,1066,False,-39.92,1.35,-25.71,-23.32,-23.07,-20.21,-27.32,17.216,16.6806,16.6261,16.0289,17.5972,85140219,1255,2026-09-18,39.36,393134570.0
NYSE:CHWY,CHWY,"Chewy, Inc.",Consumer Cyclical,Internet Retail,United States,NYSE,4803346066.0,20.62,37.79,41.88,3,28.1,1067,False,-49.02,17.76,-18.35,-24.94,-35.01,-26.21,-31.51,25.2556,27.4729,31.7257,27.9431,30.1055,211345549,1255,2026-09-18,39.41,232945978.0
NASDAQ:MVST,MVST,"Microvast Holdings, Inc.",Consumer Cyclical,Auto Parts,United States,NASDAQ,212221254.0,0.637,37.79,37.27,3,28.1,1068,False,-90.05,9.64,-64.08,-72.83,-70.6,-62.96,-63.27,1.7732,2.3443,2.1669,1.7197,1.7341,5076554,1255,2026-09-18,38.15,333157384.0
NYSE:ETSY,ETSY,"Etsy, Inc.",Consumer Cyclical,Internet Retail,United States,NYSE,6889466371.0,72.6,37.8,41.71,3,28.1,1069,True,-16.58,64.81,12.04,12.18,23.14,18.22,0.5,64.7973,64.7165,58.9582,61.413,72.2377,244428744,1255,2026-09-18,37.0,94896231.0
NYSE:HMN,HMN,Horace Mann Educators Corporation,Financial Services,Insurance - Property & Casualty,United States,NYSE,1953641101.0,48.38,37.83,41.46,3,28.2,1070,False,-9.95,18.33,4.93,6.04,14.46,25.56,33.15,46.1061,45.6232,42.2669,38.5305,36.3353,15073047,1255,2026-09-18,38.78,40381172.0
NYSE:PLGO,PLGO,Pelagos Insurance Capital Limited,Financial Services,Insurance - Diversified,Bermuda,NYSE,2012593660.0,23.54,37.86,43.01,3,28.2,1071,False,-8.85,38.55,10.74,14.43,27.0,35.73,,21.2578,20.5708,18.5359,17.3435,,10189984,809,2026-09-18,43.5,85496757.0
NASDAQ:SCOR,SCOR,"comScore, Inc.",Technology,Software - Application,United States,NASDAQ,74864732.0,4.96,37.86,38.42,3,28.2,1072,False,-44.83,2.27,-29.73,-30.08,-25.11,-45.11,-59.84,7.0582,7.0937,6.6228,9.0359,12.3505,258350,1255,2026-09-18,40.78,15093696.0
NASDAQ:WTW,WTW,Willis Towers Watson Public Limited Company,Financial Services,Insurance Brokers,United Kingdom,NASDAQ,28788443031.0,309.98,37.86,43.84,3,28.2,1073,False,-11.62,28.49,3.72,1.78,1.0,8.02,14.91,298.8694,304.547,306.9206,286.9714,269.7649,162646351,1255,2026-09-18,38.48,92871937.0
NYSE:CP,CP,Canadian Pacific Kansas City Limited,Industrials,Railroads,Canada,NYSE,76901850516.0,87.48,37.87,41.75,3,28.3,1074,False,-9.53,27.55,4.38,7.18,10.75,11.01,12.17,83.8058,81.6176,78.9898,78.8042,77.9884,176645589,1255,2026-09-18,41.76,879079224.0
NASDAQ:GNTX,GNTX,Gentex Corporation,Consumer Cyclical,Auto Parts,United States,NASDAQ,4736049100.0,22.24,37.87,40.58,3,28.3,1075,False,-21.89,8.59,-4.5,-5.7,-9.1,-16.91,-16.79,23.2884,23.5841,24.4654,26.767,26.7269,55743048,1255,2026-09-18,40.69,212951848.0
NASDAQ:TPG,TPG,TPG Inc.,Financial Services,Asset Management,United States,NASDAQ,7149597889.0,46.47,37.87,44.04,3,28.3,1076,True,-30.79,25.5,-2.64,-5.53,-10.05,-0.77,11.63,47.7287,49.1897,51.6608,46.8327,41.63,128080934,1174,2026-09-18,36.52,153854054.0
NYSE:GHM,GHM,Graham Corporation,Industrials,Specialty Industrial Machinery,United States,NYSE,982523406.0,84.04,37.89,39.85,3,28.3,1077,True,-32.11,66.09,-5.9,1.49,36.77,71.64,111.65,89.3064,82.8083,61.4444,48.9618,39.7065,16346085,1255,2026-09-18,37.07,11691140.0
NYSE:FDX,FDX,FedEx Corporation,Industrials,Integrated Freight & Logistics,United States,NYSE,71837877736.0,303.65,37.91,41.61,3,28.4,1078,False,-10.17,70.6,3.45,10.96,29.83,36.11,46.98,293.5349,273.6545,233.8906,223.0936,206.59,476404130,1255,2026-09-18,39.55,236581188.0
NASDAQ:IMNM,IMNM,"Immunome, Inc.",Healthcare,Biotechnology,United States,NASDAQ,2714611944.0,23.97,37.91,43.71,3,28.4,1079,False,-19.63,155.27,6.0,13.8,53.52,58.24,88.95,22.6135,21.0626,15.6138,15.1481,12.6859,28444924,1255,2026-09-18,37.57,113250394.0
NYSE:ABT,ABT,Abbott Laboratories,Healthcare,Medical Devices,United States,NYSE,178727447732.0,102.61,37.92,44.04,3,28.4,1080,True,-23.16,25.17,-1.54,-5.8,-11.05,-7.34,-4.61,104.2195,108.9275,115.3591,110.7414,107.5674,940894287,1255,2026-09-18,36.4,1741813154.0
NASDAQ:MELI,MELI,"MercadoLibre, Inc.",Consumer Cyclical,Internet Retail,Uruguay,NASDAQ,90615636135.0,1787.39,37.92,43.17,3,28.4,1081,False,-28.82,15.55,-3.54,-7.09,-12.35,-5.48,5.31,1852.9999,1923.7726,2039.2798,1890.9586,1697.2473,935741189,1255,2026-09-18,41.57,50697182.0
NASDAQ:FNWB,FNWB,First Northwest Bancorp,Financial Services,Banks - Regional,United States,NASDAQ,98466009.0,10.36,37.94,39.9,3,28.5,1082,False,-14.87,41.92,1.42,5.02,6.73,-1.76,-6.72,10.2146,9.8649,9.7064,10.5461,11.1067,290938,1255,2026-09-18,21.11,9504441.0
NYSE:PCOR,PCOR,"Procore Technologies, Inc.",Technology,Software - Application,United States,NYSE,7736141374.0,51.27,37.94,43.24,3,28.5,1083,False,-35.59,33.86,-8.65,-14.08,-20.8,-21.62,-19.4,56.1224,59.6741,64.7369,65.411,63.6095,159285949,1255,2026-09-18,38.87,150890216.0
NYSE:AAP,AAP,Advance Auto Parts Inc.,Consumer Cyclical,Auto Parts,United States,NYSE,2567007800.0,42.55,37.95,38.86,3,28.6,1084,False,-32.17,11.46,-17.63,-18.09,-11.08,-17.81,-36.88,51.6574,51.9476,47.8521,51.7713,67.4064,80102491,1255,2026-09-18,35.52,60329208.0
NYSE:AD,AD,"Array Digital Infrastructure, Inc.",Communication Services,Telecom Services,United States,NYSE,1901825570.0,35.59,37.95,43.09,3,28.6,1085,False,-19.21,22.13,-4.32,-1.33,8.28,24.05,47.07,37.197,36.0688,32.8685,28.6899,24.1991,10248521,1255,2026-09-18,48.32,53437077.0
NYSE:LOMA,LOMA,Loma Negra Compania Industrial Argentina Sociedad Anonima ADS,Basic Materials,Building Materials,Argentina,NYSE,1109784951.0,9.51,37.95,40.23,3,28.6,1086,False,-27.52,33.38,-15.17,-12.22,-12.21,0.46,10.69,11.2102,10.8336,10.8325,9.4663,8.5912,3431006,1255,2026-09-18,38.71,116696630.0
NASDAQ:TRUP,TRUP,"Trupanion, Inc.",Financial Services,Insurance - Property & Casualty,United States,NASDAQ,1093565233.0,25.07,37.95,42.35,3,28.6,1087,False,-44.52,16.82,-11.04,-18.61,-34.91,-29.32,-32.66,28.1822,30.8039,38.5188,35.4675,37.2287,12663250,1255,2026-09-18,40.4,43620472.0
NYSE:ZWS,ZWS,Zurn Elkay Water Solutions Corporation,Industrials,Pollution & Treatment Controls,United States,NYSE,7641358949.0,46.07,37.96,40.74,3,28.6,1088,True,-13.18,5.91,-4.24,-3.52,8.7,20.91,33.88,48.1118,47.7531,42.3824,38.1039,34.4114,43072697,1255,2026-09-18,34.49,165864097.0
NASDAQ:SRAD,SRAD,Sportradar Group AG,Technology,Software - Application,Switzerland,NASDAQ,2635499478.0,12.12,37.97,40.47,3,28.7,1089,False,-59.79,0.0,-26.29,-33.71,-39.32,-27.87,-21.63,16.4436,18.2827,19.9744,16.8038,15.4643,26093666,1255,2026-09-18,40.4,217450452.0
NYSE:TAP.A,TAP-A,Molson Coors Beverage Company,Consumer Defensive,Beverages - Brewers,United States,NYSE,107544907.0,41.96,37.97,42.63,3,28.7,1090,False,-22.63,7.36,-8.26,-8.49,-15.97,-19.83,-22.75,45.7357,45.8535,49.9326,52.3361,54.3184,17193,1255,2026-09-18,38.84,2563034.0
NASDAQ:YSWY,YSWY,"Yesway, Inc.",Consumer Defensive,Grocery Stores,United States,NASDAQ,667371027.0,21.4,37.99,43.41,3,28.7,1091,False,-24.01,12.87,,,,,,,,,,,6757479,104,2026-09-18,39.99,31185562.0
NASDAQ:HCSG,HCSG,"Healthcare Services Group, Inc.",Healthcare,Medical Care Facilities,United States,NASDAQ,1473533377.0,21.47,38.0,41.91,3,28.7,1092,False,-15.17,41.44,2.32,6.26,31.46,48.35,51.14,20.9842,20.2059,16.3315,14.4723,14.2051,12938394,1255,2026-09-18,38.27,68632202.0
NYSE:COMP,COMP,"Compass, Inc.",Real Estate,Real Estate Services,United States,NYSE,7429268569.0,10.08,38.01,41.76,3,28.8,1093,False,-25.77,50.9,-0.73,2.96,18.56,47.41,70.11,10.1546,9.7906,8.5023,6.8379,5.9254,132971457,1255,2026-09-18,42.22,737030612.0
NASDAQ:INTU,INTU,Intuit Inc.,Technology,Software - Application,United States,NASDAQ,82933683030.0,303.19,38.01,42.47,3,28.8,1094,False,-56.33,19.39,-26.11,-34.29,-45.39,-46.65,-42.95,410.3244,461.3915,555.1729,568.2704,531.4839,1401068545,1255,2026-09-18,41.56,273537000.0
NASDAQ:TSCO,TSCO,Tractor Supply Company,Consumer Cyclical,Specialty Retail,United States,NASDAQ,16892522131.0,32.21,38.01,43.31,3,28.8,1095,False,-44.9,11.3,-20.32,-25.44,-33.39,-32.33,-29.95,40.4222,43.2026,48.3576,47.5975,45.9825,297959899,1255,2026-09-18,41.79,524449616.0
NYSE:MTH,MTH,Meritage Homes Corporation,Consumer Cyclical,Residential Construction,United States,NYSE,4122261382.0,63.25,38.02,40.12,3,28.8,1096,False,-25.19,9.16,-8.38,-8.1,-11.91,-13.47,-6.5,69.0387,68.8231,71.8051,73.0961,67.6483,51554465,1255,2026-09-18,41.08,65174093.0
NYSE:FITB,FITB,Fifth Third Bancorp,Financial Services,Banks - Regional,United States,NYSE,47966777430.0,52.91,38.05,40.99,3,28.9,1097,False,-10.88,34.35,3.85,7.79,18.72,31.64,43.8,50.9493,49.0875,44.5661,40.1944,36.7932,275686285,1255,2026-09-18,39.84,906573000.0
NYSE:ABCB,ABCB,Ameris Bancorp,Financial Services,Banks - Regional,United States,NYSE,5603400014.0,83.5,38.07,40.67,3,28.9,1098,True,-10.38,21.2,0.68,3.25,16.05,31.18,44.19,82.9333,80.8732,71.9495,63.6512,57.9086,36651580,1255,2026-09-18,34.34,67106587.0
NASDAQ:VRXA,VRXA,Veraxa Biotech AG,Healthcare,Biotechnology,Germany,NASDAQ,206455407.0,1.46,38.07,38.71,3,28.9,1099,False,-94.11,8.15,-82.58,-83.44,,,,8.3801,8.8156,,,,666549,494,2026-09-18,38.37,141407813.0
NYSE:DLB,DLB,Dolby Laboratories,Industrials,Specialty Business Services,United States,NYSE,3425383939.0,57.65,38.1,44.17,3,28.9,1100,True,-18.83,19.53,-3.21,-5.55,-14.67,-18.43,-19.36,59.5592,61.0378,67.5602,70.679,71.4912,66220493,1255,2026-09-18,37.25,59416894.0
NASDAQ:HRTX,HRTX,"Heron Therapeutics, Inc.",Healthcare,Biotechnology,United States,NASDAQ,58676604.0,0.31,38.11,37.64,3,29.0,1101,False,-79.19,3.33,-63.52,-66.42,-77.4,-81.28,-83.19,0.8499,0.9231,1.3715,1.6556,1.8438,588124,1255,2026-09-18,41.03,189279369.0
NYSE:UTL,UTL,UNITIL Corporation,Utilities,Utilities - Diversified,United States,NYSE,934082907.0,51.92,38.11,42.27,3,29.0,1102,False,-6.45,18.89,1.6,3.51,1.75,4.33,6.08,51.1014,50.1609,51.0262,49.7665,48.9436,7273263,1255,2026-09-18,48.42,17990811.0
NASDAQ:IDXX,IDXX,"IDEXX Laboratories, Inc.",Healthcare,Diagnostics & Research,United States,NASDAQ,40360485415.0,511.65,38.12,40.38,3,29.0,1103,True,-33.26,1.38,-14.36,-16.34,-6.77,-3.77,-0.16,597.44,611.5882,548.7797,531.6811,512.4895,267702239,1255,2026-09-18,34.59,78882997.0
NYSE:BWXT,BWXT,"BWX Technologies, Inc.",Industrials,Aerospace & Defense,United States,NYSE,13514993020.0,147.52,38.13,39.01,3,29.1,1104,False,-37.95,1.28,-22.81,-22.68,-6.1,10.41,27.85,191.109,190.7904,157.0983,133.6135,115.3874,180183327,1255,2026-09-18,36.26,91614649.0
NYSE:GWRE,GWRE,"Guidewire Software, Inc.",Technology,Software - Application,United States,NYSE,12013060762.0,144.29,38.13,42.42,3,29.1,1105,False,-43.24,40.51,-6.32,-15.11,-22.73,-11.71,2.71,154.0212,169.9638,186.7397,163.4244,140.4788,290409287,1255,2026-09-18,38.44,83256364.0
NASDAQ:LYFT,LYFT,"Lyft, Inc.",Technology,Software - Application,United States,NASDAQ,5733206233.0,15.1,38.15,42.59,3,29.1,1106,False,-38.54,19.37,-4.0,-10.4,-3.13,1.03,7.24,15.7294,16.8528,15.5871,14.9466,14.0811,171405620,1255,2026-09-18,41.51,379682532.0
NASDAQ:ENTA,ENTA,"Enanta Pharmaceuticals, Inc.",Healthcare,Biotechnology,United States,NASDAQ,354756236.0,12.2,38.17,41.54,3,29.1,1107,False,-27.6,70.15,-10.24,-6.72,18.15,11.0,-30.1,13.5919,13.0786,10.3261,10.9909,17.4527,3605681,1255,2026-09-18,41.13,29078380.0
NASDAQ:ALDX,ALDX,"Aldeyra Therapeutics, Inc.",Healthcare,Biotechnology,United States,NASDAQ,82036652.0,1.36,38.18,39.85,3,29.2,1108,False,-76.31,9.68,-52.28,-59.2,-66.3,-65.66,-71.89,2.8498,3.3335,4.0357,3.9608,4.8379,934145,1255,2026-09-18,39.57,60321068.0
NYSE:MKL,MKL,Markel Group Inc.,Financial Services,Insurance - Property & Casualty,United States,NYSE,22008654094.0,1776.33,38.2,40.15,3,29.2,1109,False,-18.96,1.43,-8.74,-8.92,-5.74,1.16,7.8,1946.4385,1950.3713,1884.5193,1756.014,1647.7325,118981301,1255,2026-09-18,40.29,12389958.0
NYSE:FND,FND,"Floor & Decor Holdings, Inc.",Consumer Cyclical,Home Improvement Retail,United States,NYSE,5034845545.0,47.28,38.21,40.31,3,29.2,1110,False,-45.72,8.71,-17.55,-20.67,-37.32,-44.52,-45.14,57.3406,59.6012,75.4273,85.2132,86.1816,121726713,1255,2026-09-18,38.54,106489965.0
NASDAQ:AVLN,AVLN,Avalyn Pharma Inc.,Healthcare,Biotechnology,United States,NASDAQ,1397379154.0,31.52,38.22,43.59,3,29.2,1111,False,-19.69,22.74,,,,,,,,,,,8184876,98,2026-09-18,44.07,44333095.0
NASDAQ:EQ,EQ,"Equillium, Inc.",Healthcare,Biotechnology,United States,NASDAQ,121394988.0,1.92,38.23,40.83,3,29.3,1112,False,-40.0,128.57,-5.94,2.04,46.51,53.19,58.55,2.0413,1.8815,1.3105,1.2533,1.2109,1014022,1255,2026-09-18,36.83,63226556.0
NYSE:CMG,CMG,"Chipotle Mexican Grill, Inc.",Consumer Cyclical,Restaurants,United States,NYSE,42383824340.0,33.43,38.25,43.58,3,29.3,1113,False,-21.08,18.63,-4.44,-5.49,-24.61,-28.53,-23.6,34.984,35.3727,44.3432,46.7741,43.7539,465423371,1255,2026-09-18,38.57,1267838000.0
NASDAQ:CWCO,CWCO,Consolidated Water Co. Ltd.,Utilities,Utilities - Regulated Water,Cayman Islands,NASDAQ,451205358.0,28.2,38.26,40.87,3,29.3,1114,False,-25.96,0.61,-13.0,-13.99,-4.84,-3.2,7.86,32.4133,32.7876,29.6354,29.1319,26.1453,2680169,1255,2026-09-18,41.32,16000190.0
NASDAQ:GERN,GERN,Geron Corporation,Healthcare,Biotechnology,United States,NASDAQ,833977266.0,1.3,38.26,42.14,3,29.3,1115,False,-33.33,21.5,-10.19,-7.42,-32.22,-43.46,-45.68,1.4474,1.4041,1.9179,2.2992,2.3932,16076656,1255,2026-09-18,39.59,641520974.0
NASDAQ:HFWA,HFWA,Heritage Financial Corporation,Financial Services,Banks - Regional,United States,NASDAQ,1153143579.0,28.19,38.27,42.07,3,29.4,1116,False,-9.05,34.79,4.66,8.33,16.13,28.79,30.89,26.9341,26.0216,24.2741,21.8889,21.5367,11551720,1255,2026-09-18,35.84,40906122.0
NASDAQ:SBGI,SBGI,"Sinclair, Inc.",Communication Services,Broadcasting,United States,NASDAQ,635201738.0,13.08,38.28,42.31,3,29.4,1117,False,-19.69,10.06,-6.59,-6.0,-4.83,1.83,1.71,14.0032,13.9154,13.7438,12.8449,12.8606,5949795,1255,2026-09-18,44.8,48562824.0
NASDAQ:ANTX,ANTX,"AN2 Therapeutics, Inc.",Healthcare,Biotechnology,United States,NASDAQ,181881613.0,5.05,38.29,43.32,3,29.4,1118,True,-19.59,390.29,41.2,63.58,136.06,18.57,-13.71,3.5765,3.0871,2.1393,4.2589,5.8522,1263224,1125,2026-09-18,33.61,36016161.0
NYSE:TREX,TREX,"Trex Company, Inc.",Industrials,Building Products & Equipment,United States,NYSE,4435436741.0,42.69,38.29,42.13,3,29.4,1119,False,-21.12,41.69,2.52,1.04,-19.57,-30.42,-28.32,41.6399,42.2516,53.0753,61.3533,59.5559,66565902,1255,2026-09-18,41.05,103898729.0
NYSE:TNC,TNC,Tennant Company,Industrials,Specialty Industrial Machinery,United States,NYSE,1149123022.0,67.4,38.3,39.09,3,29.5,1120,True,-25.73,11.55,-12.13,-12.08,-14.26,-19.22,-14.94,76.7082,76.658,78.609,83.4402,79.2364,13720939,1255,2026-09-18,34.98,17049303.0
NYSE:ASH,ASH,Ashland Inc.,Basic Materials,Specialty Chemicals,United States,NYSE,3162490132.0,69.06,38.31,44.74,3,29.5,1121,False,-9.15,49.49,12.52,17.66,15.81,2.37,-5.53,61.3785,58.6969,59.6317,67.4619,73.1038,44609105,1255,2026-09-18,40.96,45793370.0
NASDAQ:ULBI,ULBI,Ultralife Corporation,Industrials,Electrical Equipment & Parts,United States,NASDAQ,94110180.0,5.65,38.31,41.57,3,29.5,1122,False,-28.93,11.88,-9.9,-10.55,-16.68,-26.05,-19.13,6.2706,6.3165,6.7813,7.6408,6.9866,225313,1255,2026-09-18,35.49,16656669.0
NYSE:ZIP,ZIP,"ZipRecruiter, Inc.",Communication Services,Internet Content & Information,United States,NYSE,253424337.0,3.7,38.31,42.54,3,29.5,1123,False,-32.6,118.93,8.99,2.57,-27.79,-48.6,-61.68,3.3947,3.6071,5.1239,7.1988,9.656,4574353,1255,2026-09-18,40.97,68493064.0
NYSE:LFT,LFT,"Lument Finance Trust, Inc.",Real Estate,REIT - Mortgage,United States,NYSE,344527272.0,6.57,38.32,38.34,3,29.6,1124,False,-66.46,11.36,-38.88,-44.11,-59.8,-60.29,-58.02,10.749,11.7544,16.3446,16.544,15.6487,107247,1255,2026-09-18,38.32,52439463.0
NASDAQ:CAKE,CAKE,The Cheesecake Factory Incorporated,Consumer Cyclical,Restaurants,United States,NASDAQ,4802398787.0,96.51,38.33,44.79,3,29.6,1125,True,-17.72,126.5,36.5,45.16,64.53,92.4,112.2,70.7057,66.4861,58.6595,50.1602,45.4798,159047184,1255,2026-09-18,37.0,49760634.0
NYSE:MIAX,MIAX,"Miami International Holdings, Inc.",Financial Services,Capital Markets,United States,NYSE,3754431346.0,38.79,38.33,41.16,3,29.6,1126,True,-31.76,8.32,-10.0,-10.28,,,,43.1004,43.2331,,,,66323476,276,2026-09-18,32.56,96788640.0
NASDAQ:THFF,THFF,First Financial Corporation,Financial Services,Banks - Regional,United States,NASDAQ,910324639.0,76.55,38.33,43.7,3,29.6,1127,False,-7.54,52.3,11.4,16.49,35.22,55.01,66.46,68.7169,65.7163,56.6119,49.384,45.9867,9544075,1255,2026-09-18,41.0,11891896.0
NASDAQ:ASUR,ASUR,Asure Software Inc,Technology,Software - Application,United States,NASDAQ,234211350.0,8.11,38.37,43.02,3,29.7,1128,False,-19.86,17.2,-6.48,-5.41,-11.22,-8.95,-13.66,8.6723,8.5737,9.1346,8.9072,9.3926,978328,1255,2026-09-18,45.99,28879328.0
NYSE:CVLG,CVLG,"Covenant Logistics Group, Inc.",Industrials,Trucking,United States,NYSE,691919428.0,33.8,38.37,39.96,3,29.7,1129,False,-32.1,88.8,3.58,12.29,23.85,30.94,40.75,32.6317,30.1014,27.2921,25.8125,24.0136,8515038,1255,2026-09-18,39.34,20470989.0
NASDAQ:ISPR,ISPR,Ispire Technology Inc.,Consumer Defensive,Tobacco,United States,NASDAQ,75193209.0,1.31,38.37,41.7,3,29.7,1130,True,-64.4,19.09,-35.17,-36.66,-58.1,-73.51,,2.0207,2.0683,3.1268,4.9461,,34797,868,2026-09-18,37.49,57399396.0
NASDAQ:OGI,OGI,Organigram Global Inc.,Healthcare,Drug Manufacturers - Specialty & Generic,Canada,NASDAQ,147813773.0,1.05,38.37,43.43,3,29.7,1131,False,-50.24,20.55,-20.2,-24.93,-26.11,-30.1,-41.8,1.3158,1.3987,1.421,1.5021,1.8041,577386,1255,2026-09-18,41.14,140775022.0
NYSE:DEO,DEO,Diageo plc,Consumer Defensive,Beverages - Wineries & Distilleries,United Kingdom,NYSE,47579476378.0,85.59,38.39,43.4,3,29.8,1132,False,-15.36,19.3,0.49,-1.26,-13.06,-21.72,-29.66,85.172,86.6832,98.4497,109.3348,121.6821,89158183,1255,2026-09-18,41.38,555899946.0
NYSE:ESI,ESI,Element Solutions Inc.,Basic Materials,Specialty Chemicals,United States,NYSE,7976003615.0,32.73,38.39,39.9,3,29.8,1133,False,-33.18,43.73,-7.52,-1.98,13.59,22.4,33.22,35.3921,33.3905,28.8146,26.7391,24.5687,189278377,1255,2026-09-18,40.03,243690914.0
NASDAQ:NMRK,NMRK,"Newmark Group, Inc.",Real Estate,Real Estate Services,United States,NASDAQ,2178016045.0,13.94,38.39,41.59,3,29.8,1134,True,-27.97,1.58,-10.24,-12.67,-5.6,6.72,20.21,15.53,15.9627,14.7667,13.0628,11.5963,26048361,1255,2026-09-18,36.71,156242184.0
NYSE:GPGI,GPGI,"GPGI, Inc.",Industrials,Metal Fabrication,United States,NYSE,3472540111.0,11.98,38.4,41.03,3,29.9,1135,False,-53.9,4.02,-29.63,-32.15,-22.59,-1.17,15.99,17.0249,17.6566,15.4765,12.1216,10.3285,23395541,1255,2026-09-18,41.07,289861445.0
NASDAQ:CABA,CABA,"Cabaletta Bio, Inc.",Healthcare,Biotechnology,United States,NASDAQ,415789730.0,2.55,38.41,41.37,3,29.9,1136,False,-38.55,25.0,-12.95,-10.24,-1.23,-61.09,-63.89,2.9293,2.8408,2.5818,6.5539,7.0621,16699825,1255,2026-09-18,39.09,163054796.0
NASDAQ:DLHC,DLHC,DLH Holdings Corp.,Industrials,Specialty Business Services,United States,NASDAQ,56667767.0,3.91,38.42,37.09,3,29.9,1137,True,-40.49,7.71,-28.26,-29.18,-34.15,-52.62,-56.95,5.4506,5.5214,5.9373,8.2528,9.0829,47174,1255,2026-09-18,37.18,14493035.0
NYSE:ETO,ETO,Eaton Vance Tax-Advantage Global Dividend Opp,Financial Services,Asset Management,United States,NYSE,498199395.0,30.4,38.43,43.59,3,30.0,1138,False,-4.76,22.42,4.48,6.66,17.59,27.54,37.49,29.096,28.5028,25.8532,23.836,22.1112,604181,1255,2026-09-18,38.92,16388138.0
NASDAQ:TIPT,TIPT,Tiptree Inc.,Financial Services,Asset Management,United States,NASDAQ,652439404.0,17.52,38.43,43.22,3,30.0,1139,False,-28.2,12.16,0.54,-0.86,-9.68,-5.37,1.68,17.4252,17.6715,19.3967,18.5149,17.2306,3330353,1255,2026-09-18,38.82,37239692.0
NASDAQ:ROOT,ROOT,"Root, Inc.",Financial Services,Insurance - Property & Casualty,United States,NASDAQ,698759790.0,49.84,38.44,42.33,3,30.0,1140,False,-51.56,15.34,-14.52,-21.47,-40.14,-25.63,-4.15,58.3081,63.4666,83.2563,67.0155,51.997,9938716,1255,2026-09-18,40.39,14020060.0
NYSE:SRL,SRL,Scully Royalty Ltd.,Financial Services,Capital Markets,China,NYSE,81156451.0,5.33,38.45,41.11,3,30.0,1141,False,-47.44,7.68,-22.7,-20.32,-22.43,-20.43,-21.23,6.8952,6.6891,6.871,6.6982,6.7663,31413,1255,2026-09-18,39.72,15226351.0
NYSE:BOBS,BOBS,"Bob's Discount Furniture, Inc.",Consumer Cyclical,Specialty Retail,United States,NYSE,1941124442.0,14.86,38.46,42.19,4,30.0,1142,False,-34.04,50.86,,,,,,,,,,,12619280,156,2026-09-18,36.8,130627486.0
NASDAQ:LXRX,LXRX,"Lexicon Pharmaceuticals, Inc.",Healthcare,Biotechnology,United States,NASDAQ,910602599.0,2.05,38.47,42.02,4,30.1,1143,False,-22.35,79.82,12.91,18.45,54.04,40.86,23.56,1.8155,1.7306,1.3308,1.4553,1.6591,5649661,1255,2026-09-18,37.4,444196390.0
AMEX:SLI,SLI,Standard Lithium Ltd.,Basic Materials,Other Industrial Metals & Mining,Canada,AMEX,522163668.0,2.12,38.47,40.3,4,30.1,1144,False,-62.48,9.84,-41.8,-42.55,-23.52,-12.3,-24.4,3.6428,3.6901,2.772,2.4173,2.8044,3941959,1255,2026-09-18,36.3,246303617.0
NASDAQ:BHRB,BHRB,Burke & Herbert Financial Services Corp.,Financial Services,Banks - Regional,United States,NASDAQ,1409545453.0,69.9,38.48,44.2,4,30.1,1145,False,-5.64,25.52,5.99,8.23,14.15,22.05,20.78,65.9516,64.5827,61.2353,57.2722,57.8751,8243905,1255,2026-09-18,41.74,20165171.0
NASDAQ:CART,CART,Maplebear Inc.,Consumer Cyclical,Internet Retail,United States,NASDAQ,10663302661.0,45.37,38.48,43.19,4,30.1,1146,False,-12.38,37.78,6.48,8.12,5.27,,,42.6083,41.9639,43.1005,,,176121900,753,2026-09-18,38.65,235029814.0
NYSE:NU,NU,Nu Holdings Ltd.,Financial Services,Banks - Regional,Brazil,NYSE,51977614853.0,13.65,38.51,43.5,4,30.2,1147,False,-27.24,17.67,-8.3,-9.44,-1.85,6.81,24.54,14.8856,15.0723,13.9078,12.7801,10.9605,1015859829,1198,2026-09-18,40.52,3807883872.0
NYSE:MRP,MRP,"Millrose Properties, Inc.",Real Estate,REIT - Residential,United States,NYSE,4452565709.0,28.87,38.54,43.71,4,30.2,1148,True,-9.84,11.61,0.72,0.08,,,,28.6624,28.8468,,,,39190498,407,2026-09-18,37.45,154228116.0
NASDAQ:STOK,STOK,"Stoke Therapeutics, Inc.",Healthcare,Biotechnology,United States,NASDAQ,1770667452.0,28.43,38.54,41.4,4,30.2,1149,False,-25.87,27.09,-10.97,-8.69,32.46,63.88,84.24,31.934,31.1368,21.4623,17.348,15.4314,24674284,1255,2026-09-18,41.06,62281655.0
NASDAQ:LAES,LAES,SEALSQ Corp,Technology,Semiconductors,Switzerland,NASDAQ,499013758.0,2.24,38.59,40.76,4,30.3,1150,False,-70.72,7.18,-31.86,-39.14,-29.45,-12.64,,3.2873,3.6807,3.1752,2.5642,,13841206,834,2026-09-18,41.27,222773999.0
NASDAQ:ASTE,ASTE,"Astec Industries, Inc.",Industrials,Farm & Heavy Construction Machinery,United States,NASDAQ,951894882.0,41.4,38.61,38.33,4,30.3,1151,False,-35.97,2.64,-19.54,-17.61,-4.51,1.95,1.88,51.4521,50.2491,43.3554,40.6088,40.6375,10132391,1255,2026-09-18,35.52,22992630.0
NYSE:SYY,SYY,Sysco Corporation,Consumer Defensive,Food Distribution,United States,NYSE,37844423245.0,79.05,38.62,41.98,4,30.3,1152,False,-12.05,15.69,0.13,0.88,4.76,7.71,9.23,78.948,78.3601,75.4605,73.3916,72.3717,299626375,1255,2026-09-18,38.82,478740332.0
NASDAQ:SAMG,SAMG,Silvercrest Asset Management Group Inc.,Financial Services,Asset Management,United States,NASDAQ,72362754.0,9.42,38.63,41.45,4,30.3,1153,False,-38.81,0.0,-22.79,-24.55,-31.85,-31.87,-33.81,12.2004,12.4848,13.8228,13.8263,14.2312,895981,1255,2026-09-18,42.32,7681821.0
NYSE:BSAC,BSAC,Banco Santander - Chile ADS,Financial Services,Banks - Regional,Chile,NYSE,15942542327.0,33.84,38.66,44.57,4,30.4,1154,False,-6.39,39.25,4.46,8.4,30.89,48.15,63.36,32.3955,31.2177,25.854,22.8425,20.7144,10658505,1255,2026-09-18,42.85,471115317.0
NASDAQ:LASR,LASR,"nLIGHT, Inc.",Technology,Semiconductors,United States,NASDAQ,2247322967.0,39.84,38.66,39.14,4,30.4,1155,True,-53.1,42.08,-30.9,-23.71,20.38,53.03,77.75,57.6575,52.2211,33.0961,26.0348,22.4135,52693073,1255,2026-09-18,34.77,56408709.0
NYSE:UNH,UNH,UnitedHealth Group Incorporated Common Stock (DE),Healthcare,Healthcare Plans,United States,NYSE,342279625868.0,376.9,38.66,41.24,4,30.4,1156,True,-13.09,47.24,7.64,8.67,-3.13,-10.99,-13.1,350.1581,346.8422,389.0963,423.4365,433.7169,1919227912,1255,2026-09-18,36.93,908144404.0
NYSE:BTT,BTT,BlackRock Municipal 2030 Target Term Trust,Financial Services,Asset Management,United States,NYSE,1411211616.0,22.18,38.67,40.52,4,30.5,1157,False,-2.88,1.77,-1.19,-0.79,3.18,6.69,8.73,22.4468,22.3571,21.4954,20.7893,20.3998,2289908,1255,2026-09-18,42.54,63625411.0
NYSE:SMC,SMC,Summit Midstream Corporation,Energy,Oil & Gas Midstream,United States,NYSE,449102438.0,32.51,38.67,46.38,4,30.5,1158,True,-7.01,62.31,8.45,14.48,7.43,13.61,27.15,29.9782,28.3969,30.2611,28.616,25.5683,2074469,1255,2026-09-18,38.11,13814286.0
NASDAQ:HON,HON,Honeywell International Inc.,Industrials,Conglomerates,United States,NASDAQ,65435434465.0,206.46,38.68,39.62,4,30.5,1159,False,-19.96,6.05,-9.58,-7.37,-4.37,0.12,3.24,228.3346,222.8801,215.8929,206.2106,199.975,661104642,1255,2026-09-18,38.72,316940010.0
NYSE:LEU,LEU,Centrus Energy Corp.,Energy,Uranium,United States,NYSE,2752630457.0,145.23,38.69,41.5,4,30.5,1160,False,-66.69,4.47,-29.62,-36.83,-15.48,11.7,35.99,206.3527,229.8929,171.8371,130.0121,106.7923,129193400,1255,2026-09-18,40.55,18953594.0
NYSE:CALX,CALX,"Calix, Inc",Technology,Software - Infrastructure,United States,NYSE,2218850972.0,35.24,38.71,40.94,4,30.6,1161,True,-48.49,2.32,-22.2,-27.23,-22.38,-17.21,-22.63,45.2967,48.4298,45.4003,42.5672,45.5468,36511612,1255,2026-09-18,37.83,62963989.0
NASDAQ:NKTR,NKTR,Nektar Therapeutics,Healthcare,Biotechnology,United States,NASDAQ,2267042747.0,67.1,38.71,42.62,4,30.6,1162,False,-33.13,91.06,2.68,4.86,64.69,110.39,119.01,65.3473,63.9906,40.7421,31.8928,30.6383,57505792,1255,2026-09-18,41.37,33786032.0
NYSE:VIRT,VIRT,"Virtu Financial, Inc.",Financial Services,Capital Markets,United States,NYSE,5025660890.0,57.75,38.71,43.82,4,30.6,1163,False,-14.67,82.13,19.19,27.2,40.55,69.64,93.35,48.4517,45.3997,41.0878,34.0421,29.8686,67990591,1255,2026-09-18,36.62,87024431.0
NASDAQ:WSBF,WSBF,"Waterstone Financial, Inc.",Financial Services,Banks - Regional,United States,NASDAQ,369366058.0,20.46,38.71,45.31,4,30.6,1164,False,-4.93,43.76,10.52,15.15,32.5,45.3,47.84,18.5127,17.7678,15.4415,14.0813,13.8397,2025853,1255,2026-09-18,42.3,18053082.0
NASDAQ:CPRT,CPRT,"Copart, Inc.",Industrials,Specialty Business Services,United States,NASDAQ,27107760193.0,29.28,38.72,42.75,4,30.7,1165,False,-36.14,7.77,-13.99,-18.47,-35.04,-37.73,-34.08,34.0412,35.9113,45.0754,47.0229,44.4163,315200927,1255,2026-09-18,40.32,925811482.0
NASDAQ:USAR,USAR,"USA Rare Earth, Inc.",Basic Materials,Other Industrial Metals & Mining,United States,NASDAQ,3760595453.0,15.37,38.72,41.77,4,30.7,1166,False,-60.26,29.16,-20.66,-21.49,-1.72,10.51,,19.3715,19.578,15.639,13.9087,,233308874,798,2026-09-18,40.08,244671142.0
AMEX:MPTI,MPTI,"M-tron Industries, Inc.",Technology,Electronic Components,United States,AMEX,317496417.0,73.47,38.73,41.07,4,30.7,1167,False,-27.08,68.35,1.29,7.25,25.89,48.0,,72.5364,68.503,58.3584,49.6421,,6727503,994,2026-09-18,41.33,4321443.0
NASDAQ:SGRY,SGRY,"Surgery Partners, Inc.",Healthcare,Medical Care Facilities,United States,NASDAQ,1732943146.0,13.25,38.73,41.51,4,30.7,1168,False,-42.24,15.32,-9.52,-15.74,-33.4,-42.02,-47.82,14.6442,15.7249,19.8939,22.8529,25.3911,33761838,1255,2026-09-18,39.61,130788162.0
NASDAQ:ALM,ALM,Almonty Industries Inc.,Basic Materials,Other Industrial Metals & Mining,United States,NASDAQ,3926987190.0,13.84,38.74,42.68,4,30.8,1169,False,-40.91,179.03,-9.99,1.69,65.63,134.31,194.62,15.3755,13.6093,8.3557,5.9067,4.6976,106106745,1255,2026-09-18,39.91,283741849.0
NASDAQ:ENPH,ENPH,"Enphase Energy, Inc.",Technology,Solar,United States,NASDAQ,4577490607.0,34.64,38.74,41.07,4,30.8,1170,False,-52.11,32.62,-15.81,-12.43,-30.22,-51.04,-67.67,41.1464,39.5585,49.6398,70.7502,107.1416,158461119,1255,2026-09-18,43.15,132144648.0
NASDAQ:RELL,RELL,"Richardson Electronics, Ltd.",Technology,Electronic Components,United States,NASDAQ,202163280.0,16.06,38.74,42.56,4,30.8,1171,False,-26.18,72.45,10.67,17.72,29.49,36.75,21.73,14.5114,13.6426,12.4027,11.7439,13.1928,2385919,1255,2026-09-18,42.96,12588000.0
NASDAQ:DOO,DOO,BRP Inc. - Common Subordinate Voting Shares,Consumer Cyclical,Recreational Vehicles,Canada,NASDAQ,2234964554.0,58.01,38.75,42.23,4,30.8,1172,False,-28.57,14.22,-11.93,-11.44,2.79,-2.86,-8.38,65.8658,65.5059,56.434,59.7156,63.3179,20181852,1255,2026-09-18,40.68,38527229.0
NASDAQ:SPCB,SPCB,"SuperCom, Ltd.",Industrials,Security & Protection Services,Israel,NASDAQ,61171602.0,9.74,38.75,42.37,4,30.8,1173,False,-26.1,35.28,0.33,-1.55,12.34,28.75,-30.25,9.7083,9.8933,8.67,7.5648,13.9638,805938,1255,2026-09-18,39.39,6280452.0
NASDAQ:SUPN,SUPN,"Supernus Pharmaceuticals, Inc.",Healthcare,Drug Manufacturers - Specialty & Generic,United States,NASDAQ,2437668282.0,42.0,38.76,40.38,4,30.9,1174,False,-26.32,1.74,-13.12,-13.16,0.54,11.96,13.94,48.3433,48.3675,41.7729,37.514,36.8599,26042742,1255,2026-09-18,43.43,58039721.0
NASDAQ:KYTX,KYTX,"Kyverna Therapeutics, Inc.",Healthcare,Biotechnology,United States,NASDAQ,433469862.0,7.13,38.77,41.89,4,30.9,1175,False,-36.62,42.32,-15.34,-11.81,22.17,,,8.4219,8.0845,5.8361,,,5613559,654,2026-09-18,36.97,60795212.0
NASDAQ:OKYO,OKYO,OKYO Pharma Limited,Healthcare,Biotechnology,United Kingdom,NASDAQ,71372157.0,1.36,38.78,41.25,4,31.0,1176,True,-56.27,3.03,-21.09,-25.69,-20.46,-17.07,-20.34,1.7234,1.8302,1.7098,1.64,1.7073,109138,1089,2026-09-18,33.86,52479527.0
NASDAQ:SSII,SSII,SS Innovations International Inc.,Healthcare,Medical Devices,India,NASDAQ,652428804.0,3.26,38.78,41.24,4,31.0,1177,False,-67.33,1.24,-24.89,-33.78,-44.21,,,4.3402,4.9227,5.8437,,,187077,531,2026-09-18,38.78,200131535.0
NASDAQ:IPSC,IPSC,"Century Therapeutics, Inc.",Healthcare,Biotechnology,United States,NASDAQ,335459945.0,1.86,38.79,41.68,4,31.0,1178,False,-36.73,300.0,-7.59,8.87,45.61,4.22,-30.48,2.0128,1.7085,1.2774,1.7848,2.6755,955631,1255,2026-09-18,39.87,180354809.0
NASDAQ:LAKE,LAKE,"Lakeland Industries, Inc.",Consumer Cyclical,Apparel Manufacturing,United States,NASDAQ,101553698.0,10.29,38.79,41.96,4,31.0,1179,False,-40.48,35.75,1.19,-8.85,-31.95,-36.05,-33.07,10.1688,11.2894,15.1203,16.0919,15.3746,703843,1255,2026-09-18,40.94,9869164.0
NASDAQ:STGW,STGW,Stagwell Inc.,Communication Services,Advertising Agencies,United States,NASDAQ,1985137000.0,8.12,38.79,44.83,4,31.0,1180,False,-13.16,84.55,21.94,27.84,31.33,32.44,28.97,6.6588,6.3519,6.1829,6.1309,6.2962,10104366,1255,2026-09-18,42.66,244475000.0
NASDAQ:NTIC,NTIC,Northern Technologies International Corporation,Basic Materials,Specialty Chemicals,United States,NASDAQ,71664608.0,7.55,38.8,40.89,4,31.1,1181,False,-23.58,2.83,-8.54,-7.32,-17.56,-28.61,-30.6,8.2553,8.1463,9.1585,10.5763,10.8793,95746,1255,2026-09-18,47.3,9492001.0
NASDAQ:ARTNA,ARTNA,Artesian Resources Corporation - Class A Non-Voting,Utilities,Utilities - Regulated Water,United States,NASDAQ,325216438.0,34.44,38.86,44.87,4,31.1,1182,False,-6.13,15.08,5.59,6.47,7.88,4.57,-5.32,32.6169,32.3473,31.9237,32.9351,36.374,1058388,1255,2026-09-18,49.53,9442986.0
NASDAQ:EVRG,EVRG,"Evergy, Inc.",Utilities,Utilities - Regulated Electric,United States,NASDAQ,18390329134.0,79.78,38.86,41.35,4,31.1,1183,False,-8.72,15.83,0.15,1.64,13.25,26.83,32.61,79.6641,78.4916,70.4466,62.9049,60.1623,179035452,1255,2026-09-18,44.32,230513025.0
NASDAQ:ABAT,ABAT,American Battery Technology Company,Industrials,Waste Management,United States,NASDAQ,297383412.0,2.18,38.87,41.78,4,31.2,1184,False,-80.76,6.86,-33.36,-39.59,-14.38,-18.47,-52.68,3.2713,3.6085,2.546,2.674,4.6068,9049554,1255,2026-09-18,40.61,136414409.0
NYSE:MSA,MSA,MSA Safety Incorporated,Industrials,Security & Protection Services,United States,NYSE,6935610630.0,179.66,38.87,44.59,4,31.2,1185,True,-10.77,18.48,2.83,4.28,7.3,6.63,11.9,174.7204,172.2907,167.4328,168.4903,160.5544,44475735,1255,2026-09-18,35.95,38604089.0
NYSE:CVNA,CVNA,Carvana Co.,Consumer Cyclical,Auto & Truck Dealerships,United States,NYSE,46812657580.0,65.11,38.88,43.4,4,31.2,1186,False,-31.96,15.74,-10.9,-9.96,4.46,38.75,80.28,73.0761,72.3124,62.3311,46.9256,36.1152,502898994,1255,2026-09-18,40.11,718978000.0
NYSE:BALL,BALL,Ball Corporation,Consumer Cyclical,Packaging & Containers,United States,NYSE,16014727637.0,60.15,38.89,42.92,4,31.2,1187,False,-10.35,31.42,1.49,5.67,7.92,6.57,8.95,59.2676,56.9215,55.7373,56.4414,55.2078,113802751,1255,2026-09-18,42.22,266246511.0
NYSE:MAGN,MAGN,Magnera Corporation,Consumer Defensive,Household & Personal Products,United States,NYSE,409400000.0,11.5,38.89,41.99,4,31.2,1188,False,-24.64,44.47,-7.09,-3.72,-20.42,-32.35,-50.82,12.3776,11.9446,14.45,16.9984,23.3851,4491868,1255,2026-09-18,41.72,35600000.0
NASDAQ:AMPG,AMPG,"Amplitech Group, Inc.",Technology,Communication Equipment,United States,NASDAQ,86151917.0,3.4,38.92,40.29,4,31.3,1189,False,-64.95,93.18,-12.43,-11.16,16.12,35.77,37.61,3.8828,3.8269,2.9279,2.5042,2.4707,3783325,1255,2026-09-18,39.02,25338799.0
NASDAQ:ARVN,ARVN,"Arvinas, Inc.",Healthcare,Biotechnology,United States,NASDAQ,534880731.0,8.29,38.93,43.04,4,31.4,1190,False,-40.06,18.77,-20.16,-19.31,-32.91,-55.37,-62.29,10.383,10.2736,12.3573,18.574,21.9824,7164491,1255,2026-09-18,39.27,64521198.0
NASDAQ:CCB,CCB,Coastal Financial Corporation,Financial Services,Banks - Regional,United States,NASDAQ,702453273.0,45.97,38.93,38.42,4,31.4,1191,False,-61.36,15.18,-41.87,-45.91,-45.86,-35.18,-27.84,79.0752,84.9944,84.9078,70.9233,63.7017,8341851,1255,2026-09-18,39.0,15280689.0
NASDAQ:FOXF,FOXF,Fox Factory Holding Corp.,Consumer Cyclical,Auto Parts,United States,NASDAQ,787141216.0,18.77,38.93,43.95,4,31.4,1192,False,-28.5,42.3,3.46,0.24,-21.27,-46.59,-64.02,18.1423,18.7244,23.8419,35.1432,52.1679,8033582,1255,2026-09-18,43.55,41936133.0
NYSE:PEN,PEN,"Penumbra, Inc.",Healthcare,Medical Devices,United States,NYSE,12510080427.0,317.6,38.93,41.99,4,31.4,1193,False,-11.63,40.82,-2.52,1.72,12.48,21.93,22.55,325.8244,312.218,282.3688,260.4742,259.152,112567377,1255,2026-09-18,42.43,39389422.0
NYSE:SITE,SITE,"SiteOne Landscape Supply, Inc.",Industrials,Industrial Distribution,United States,NYSE,3949503133.0,90.47,38.93,40.3,4,31.4,1194,False,-44.58,3.28,-25.75,-26.36,-29.43,-33.23,-33.7,121.8433,122.8535,128.198,135.5005,136.4645,91627538,1255,2026-09-18,35.05,43655390.0
NYSE:JELD,JELD,"JELD-WEN Holding, Inc.",Industrials,Building Products & Equipment,United States,NYSE,151626325.0,1.76,38.94,44.76,4,31.4,1195,False,-70.12,84.29,-7.66,-23.99,-65.1,-79.84,-81.9,1.906,2.3155,5.0433,8.7294,9.7214,3793174,1255,2026-09-18,43.48,86151321.0
NYSE:BHC,BHC,Bausch Health Companies Inc.,Healthcare,Drug Manufacturers - Specialty & Generic,Canada,NYSE,2120526481.0,5.67,38.99,44.52,4,31.5,1196,True,-28.23,27.99,-2.89,-4.85,-11.9,-16.72,-19.36,5.8388,5.9588,6.436,6.8081,7.0312,16958519,1255,2026-09-18,38.39,373990561.0
NASDAQ:IPWR,IPWR,Ideal Power Inc.,Technology,Semiconductors,United States,NASDAQ,66178726.0,4.03,39.0,42.58,4,31.5,1197,False,-55.17,50.37,-5.87,-8.79,-22.25,-35.15,-46.0,4.2815,4.4182,5.183,6.2147,7.4624,851110,1255,2026-09-18,36.93,16421520.0
NASDAQ:OTTR,OTTR,Otter Tail Corporation,Industrials,Conglomerates,United States,NASDAQ,3670254393.0,87.42,39.01,42.69,4,31.5,1198,False,-6.7,19.49,0.49,2.53,8.44,9.01,14.54,86.9907,85.2633,80.618,80.1971,76.3223,22279972,1255,2026-09-18,43.47,41984150.0
NYSE:YSS,YSS,York Space Systems Inc.,Industrials,Aerospace & Defense,United States,NYSE,1123453199.0,8.55,39.01,36.57,4,31.5,1199,False,-80.32,14.77,,,,,,,,,,,32538055,161,2026-09-18,40.4,131398035.0
NASDAQ:NAGE,NAGE,"Niagen Bioscience, Inc.",Healthcare,Biotechnology,United States,NASDAQ,238136538.0,2.99,39.04,41.56,4,31.6,1200,False,-70.8,1.01,-33.4,-41.81,-53.38,-40.86,-28.67,4.4896,5.1381,6.4137,5.0558,4.1915,1185563,1255,2026-09-18,39.04,79644327.0
NYSE:PATH,PATH,"UiPath, Inc.",Technology,Software - Infrastructure,United States,NYSE,6071421808.0,13.39,39.04,43.94,4,31.6,1201,False,-30.59,42.75,3.73,1.19,4.15,-8.58,-8.92,12.909,13.2325,12.856,14.6461,14.7018,972082510,1255,2026-09-18,41.07,453429560.0
NYSE:SCM,SCM,Stellus Capital Investment Corporation,Financial Services,Asset Management,United States,NYSE,228683307.0,7.9,39.04,43.0,4,31.6,1202,False,-35.98,15.06,-15.21,-18.17,-25.62,-23.91,-21.65,9.3169,9.6547,10.6216,10.3823,10.0825,1338539,1255,2026-09-18,42.61,28947254.0
NASDAQ:CRGO,CRGO,Freightos Limited,Industrials,Integrated Freight & Logistics,Spain,NASDAQ,57885518.0,1.12,39.06,41.26,4,31.7,1203,False,-72.68,3.7,-37.51,-47.5,-51.52,-52.54,-65.61,1.7922,2.1334,2.3101,2.3597,3.2571,69529,1213,2026-09-18,35.68,51683498.0
NASDAQ:LCUT,LCUT,"Lifetime Brands, Inc.",Consumer Cyclical,"Furnishings, Fixtures & Appliances",United States,NASDAQ,187411066.0,8.2,39.06,43.38,4,31.7,1204,False,-17.17,181.92,28.25,41.77,56.65,38.35,38.34,6.3936,5.7842,5.2344,5.9269,5.9274,1642645,1255,2026-09-18,41.75,22855008.0
NYSE:CHGG,CHGG,"Chegg, Inc.",Consumer Defensive,Education & Training Services,United States,NYSE,78371187.0,0.7,39.08,41.06,4,31.8,1205,False,-61.96,55.56,-21.58,-27.52,-39.96,-77.05,-89.34,0.8926,0.9658,1.1659,3.05,6.5649,1147089,1255,2026-09-18,42.5,111958838.0
NASDAQ:HTLD,HTLD,"Heartland Express, Inc.",Industrials,Trucking,United States,NASDAQ,919802692.0,11.87,39.08,40.47,4,31.8,1206,False,-26.72,68.59,-1.52,5.88,12.56,6.41,-2.58,12.0531,11.2112,10.5451,11.1546,12.1845,8620847,1255,2026-09-18,39.81,77489696.0
NYSE:RVLV,RVLV,"Revolve Group, Inc.",Consumer Cyclical,Internet Retail,United States,NYSE,855579461.0,20.66,39.08,40.9,4,31.8,1207,False,-34.31,17.99,-15.39,-13.74,-16.08,-7.22,-6.57,24.4189,23.9511,24.6191,22.2685,22.1132,18427346,1255,2026-09-18,40.78,41412365.0
NYSE:SLB,SLB,SLB Limited,Energy,Oil & Gas Equipment & Services,United States,NYSE,75869401969.0,51.12,39.08,44.24,4,31.8,1208,False,-14.5,65.1,3.43,10.4,23.04,18.0,15.76,49.4261,46.3028,41.5466,43.3205,44.1597,817292146,1255,2026-09-18,41.94,1484143231.0
NASDAQ:VCYT,VCYT,"Veracyte, Inc.",Healthcare,Diagnostics & Research,United States,NASDAQ,3199149140.0,39.795,39.08,40.35,4,31.8,1209,False,-34.21,32.61,-6.34,-4.18,6.24,20.73,29.51,42.4906,41.5292,37.4593,32.9622,30.7274,56466713,1255,2026-09-18,40.96,80390731.0
NASDAQ:BLBD,BLBD,Blue Bird Corporation,Industrials,Farm & Heavy Construction Machinery,United States,NASDAQ,1912403373.0,60.43,39.09,40.32,4,31.8,1210,False,-25.85,29.71,-2.75,-0.07,17.86,31.49,56.06,62.1381,60.4708,51.2723,45.9578,38.7216,32705357,1255,2026-09-18,40.13,31646589.0
NYSE:NBHC,NBHC,National Bank Holdings Corporation,Financial Services,Banks - Regional,United States,NYSE,1824710306.0,40.97,39.1,41.84,4,31.9,1211,False,-12.3,18.81,0.24,2.62,4.25,10.08,13.15,40.8711,39.9221,39.2991,37.2175,36.21,13889751,1255,2026-09-18,40.93,44537718.0
NASDAQ:TILE,TILE,"Interface, Inc.",Consumer Cyclical,"Furnishings, Fixtures & Appliances",United States,NASDAQ,1989005138.0,34.26,39.1,44.1,4,31.9,1212,False,-12.8,40.55,10.47,13.39,31.3,55.92,82.15,31.0137,30.2132,26.0927,21.9724,18.8083,19895037,1255,2026-09-18,39.75,58056192.0
NYSE:XYZ,XYZ,"Block, Inc.",Technology,Software - Infrastructure,United States,NYSE,40824674600.0,76.28,39.1,43.75,4,31.9,1213,False,-10.1,55.39,9.78,8.9,7.28,10.51,11.82,69.4864,70.0479,71.103,69.0253,68.2197,330847532,1255,2026-09-18,39.54,535195000.0
NASDAQ:BIYA,BIYA,Baiya International Group Inc.,Technology,Software - Application,China,NASDAQ,57493194.0,2.13,39.11,41.22,4,32.0,1214,False,-98.64,10.36,-88.22,-94.23,,,,18.0862,36.9404,,,,99234,376,2026-09-18,38.35,26992110.0
NYSE:MTG,MTG,MGIC Investment Corporation,Financial Services,Insurance - Specialty,United States,NYSE,6090156500.0,29.69,39.11,45.39,4,32.0,1215,False,-5.66,20.09,7.46,7.81,13.82,24.83,40.24,27.6299,27.5402,26.0848,23.7845,21.1702,60980671,1255,2026-09-18,38.76,205124840.0
NASDAQ:OLMA,OLMA,"Olema Pharmaceuticals, Inc.",Healthcare,Biotechnology,United States,NASDAQ,857752165.0,9.82,39.11,40.99,4,32.0,1216,False,-72.59,26.38,-42.57,-38.63,-13.07,-16.02,-2.84,17.0996,16.0005,11.2967,11.6935,10.1072,10507255,1255,2026-09-18,40.01,87347471.0
NASDAQ:TMC,TMC,TMC the metals company Inc.,Basic Materials,Other Industrial Metals & Mining,Canada,NASDAQ,1637575902.0,3.78,39.13,42.22,4,32.0,1217,False,-64.64,9.57,-31.13,-34.43,-13.07,13.8,37.44,5.4888,5.765,4.3482,3.3216,2.7503,29491047,1255,2026-09-18,37.83,433221138.0
NASDAQ:CNXU,CNXU,Conexeu Sciences Inc.,Healthcare,Biotechnology,United States,NASDAQ,132721317.0,4.96,39.14,39.58,4,32.1,1218,False,-70.56,16.71,,,,,,,,,,,1558339,83,2026-09-18,41.42,26758330.0
NASDAQ:JLHL,JLHL,Julong Holding Limited,Industrials,Building Products & Equipment,China,NASDAQ,62852990.0,5.49,39.14,42.3,4,32.1,1219,True,-87.75,80.0,-42.08,-34.12,,,,9.4787,8.3334,,,,4328974,310,2026-09-18,38.65,11448632.0
NYSE:NUVB,NUVB,Nuvation Bio Inc.,Healthcare,Biotechnology,United States,NYSE,2031131530.0,5.85,39.14,43.53,4,32.1,1220,False,-38.68,94.35,-0.92,3.53,45.29,70.01,91.49,5.9046,5.6504,4.0264,3.4411,3.055,30074619,1255,2026-09-18,42.94,347201971.0
NASDAQ:APWC,APWC,"Asia Pacific Wire & Cable Corporation Limited - Common shares, Par value .01 per share",Industrials,Electrical Equipment & Parts,Taiwan,NASDAQ,55251488.0,1.34,39.15,41.54,4,32.1,1221,False,-40.18,3.88,-14.02,-17.73,-17.98,-14.1,-13.71,1.5586,1.6288,1.6337,1.5599,1.5528,12097,1255,2026-09-18,39.15,41232454.0
NASDAQ:STEX,STEX,Streamex Corp.,Financial Services,Capital Markets,United States,NASDAQ,64441837.0,0.618,39.16,41.16,4,32.1,1222,False,-91.17,6.92,-64.06,-74.17,-75.16,-73.6,-84.4,1.7196,2.3922,2.4877,2.341,3.9625,638126,1255,2026-09-18,40.82,104274817.0
NASDAQ:ADTN,ADTN,"ADTRAN Holdings, Inc.",Technology,Communication Equipment,United States,NASDAQ,583186320.0,7.2,39.18,37.46,4,32.2,1223,False,-62.89,2.27,-36.81,-33.73,-25.69,-14.95,-27.39,11.3937,10.8654,9.6896,8.4656,9.9164,12439926,1255,2026-09-18,37.0,80998100.0
NYSE:CSTM,CSTM,Constellium SE Ordinary Shares (France),Basic Materials,Aluminum,France,NYSE,3462733450.0,25.55,39.18,40.58,4,32.2,1224,False,-29.32,77.31,-5.6,3.39,38.35,37.81,45.8,27.0669,24.7128,18.4683,18.5405,17.524,37984440,1255,2026-09-18,43.07,135527728.0
NASDAQ:EGHT,EGHT,8x8 Inc,Technology,Software - Application,United States,NASDAQ,250954715.0,1.77,39.18,42.72,4,32.2,1225,False,-35.87,11.32,-12.09,-11.73,-16.15,-23.04,-35.69,2.0134,2.0052,2.1109,2.2998,2.7523,2489008,1255,2026-09-18,41.87,141782325.0
NYSE:PFS,PFS,"Provident Financial Services, Inc",Financial Services,Banks - Regional,United States,NYSE,3007555556.0,23.06,39.2,43.25,4,32.3,1226,False,-7.9,34.77,5.13,8.98,20.5,32.43,34.39,21.9339,21.1602,19.1371,17.4124,17.1593,19395543,1255,2026-09-18,40.87,130423051.0
NYSE:AADX,AADX,"Applied Aerospace & Defense, Inc.",Industrials,Aerospace & Defense,United States,NYSE,2199741290.0,12.76,39.21,39.49,4,32.3,1227,False,-46.5,10.57,,,,,,,,,,,27716258,75,2026-09-18,38.65,172393518.0
NASDAQ:SANA,SANA,"Sana Biotechnology, Inc.",Healthcare,Biotechnology,United States,NASDAQ,862703929.0,3.1,39.21,42.38,4,32.3,1228,False,-47.64,15.67,-15.7,-18.23,-7.52,-27.2,-30.72,3.6775,3.7911,3.3522,4.2585,4.4747,11975888,1255,2026-09-18,39.21,278291590.0
NYSE:SPIR,SPIR,"Spire Global, Inc.",Industrials,Specialty Business Services,United States,NYSE,441311659.0,11.4,39.23,41.01,4,32.3,1229,False,-55.26,62.39,-16.21,-12.11,-6.46,3.34,12.89,13.6057,12.9712,12.1874,11.0319,10.0983,7789665,1255,2026-09-18,45.71,38711549.0
NYSE:SSB,SSB,SouthState Bank Corporation,Financial Services,Banks - Regional,United States,NYSE,10030694928.0,103.44,39.23,44.87,4,32.3,1230,False,-7.3,23.45,5.27,6.89,8.85,16.95,23.64,98.264,96.7717,95.0261,88.4476,83.6649,71586392,1255,2026-09-18,40.06,96971142.0
NYSE:GGG,GGG,Graco Inc.,Industrials,Specialty Industrial Machinery,United States,NYSE,12350598618.0,76.26,39.24,42.87,4,32.4,1231,False,-18.98,4.61,-6.62,-6.55,-7.51,-6.58,-2.95,81.6695,81.609,82.4566,81.6324,78.5788,204786027,1255,2026-09-18,40.85,161953824.0
NASDAQ:MGRC,MGRC,McGrath RentCorp,Industrials,Rental & Leasing Services,United States,NASDAQ,2708561770.0,110.89,39.25,41.29,4,32.4,1232,False,-9.7,17.49,-1.09,-0.64,-1.13,0.87,5.93,112.1124,111.6022,112.1564,109.9356,104.6868,15172630,1255,2026-09-18,41.83,24425663.0
NYSE:BAK,BAK,Braskem SA ADR,Basic Materials,Chemicals,Brazil,NYSE,293301311.0,1.7,39.27,39.41,4,32.5,1233,False,-66.14,14.86,-47.43,-45.59,-54.24,-66.15,-72.56,3.2338,3.1242,3.7148,5.0225,6.1949,4847862,1255,2026-09-18,42.16,172530183.0
NYSE:USNA,USNA,"USANA Health Sciences, Inc.",Consumer Defensive,Packaged Foods,United States,NYSE,261066976.0,14.14,39.27,39.67,4,32.5,1234,False,-54.15,9.95,-25.21,-28.0,-45.74,-57.45,-64.58,18.9066,19.6378,26.0603,33.2353,39.9167,3105472,1255,2026-09-18,40.96,18463011.0
NASDAQ:ATLX,ATLX,Atlas Lithium Corporation,Basic Materials,Other Industrial Metals & Mining,Brazil,NASDAQ,85523572.0,2.9,39.28,41.73,4,32.5,1235,False,-61.07,13.28,-31.82,-34.9,-43.44,-69.63,-74.19,4.2533,4.4549,5.1272,9.5482,11.2361,624557,1255,2026-09-18,36.81,29490887.0
NASDAQ:AZ,AZ,A2Z Cust2Mate Solutions Corp.,Technology,Software - Application,Canada,NASDAQ,251606727.0,5.65,39.29,43.0,4,32.5,1236,False,-35.87,10.35,-12.02,-13.32,-18.47,4.73,10.11,6.4219,6.5181,6.9304,5.3949,5.1314,2653305,1255,2026-09-18,39.29,44532164.0
NYSE:SFBS,SFBS,"ServisFirst Bancshares, Inc.",Financial Services,Banks - Regional,United States,NYSE,2266113903.0,41.45,39.29,42.44,4,32.5,1237,True,-9.43,24.18,3.34,5.05,3.75,13.18,19.37,40.1113,39.4559,39.9505,36.6235,34.7237,26115007,1255,2026-09-18,34.01,54671023.0
NASDAQ:WING,WING,Wingstop Inc.,Consumer Cyclical,Restaurants,United States,NASDAQ,2835404188.0,104.08,39.29,39.59,4,32.5,1238,False,-63.19,3.21,-43.17,-46.89,-58.54,-61.55,-57.38,183.1276,195.9791,251.0546,270.6954,244.2002,135923102,1255,2026-09-18,38.86,27242546.0
NASDAQ:PTRN,PTRN,Pattern Group Inc. - Series A,Technology,Software - Application,United States,NASDAQ,3034600934.0,19.57,39.32,41.73,4,32.6,1239,True,-33.44,104.07,16.53,,,,,16.7934,,,,,30880002,251,2026-09-18,37.76,155063921.0
NASDAQ:MCHB,MCHB,Mechanics Bancorp,Financial Services,Banks - Regional,United States,NASDAQ,3392789723.0,15.4,39.33,43.39,4,32.6,1240,False,-8.89,32.06,6.43,9.97,24.1,32.59,20.56,14.4696,14.0037,12.4091,11.615,12.7741,7763237,1255,2026-09-18,40.07,220311021.0
NYSE:ORN,ORN,"Orion Group Holdings, Inc. Common",Industrials,Engineering & Construction,United States,NYSE,366482374.0,9.05,39.33,38.4,4,32.6,1241,True,-47.2,12.14,-25.07,-21.11,-3.63,5.52,26.9,12.0772,11.4723,9.3912,8.5769,7.1314,3453320,1255,2026-09-18,39.09,40495290.0
NYSE:UBER,UBER,"Uber Technologies, Inc.",Technology,Software - Application,United States,NYSE,143509730416.0,70.5,39.33,43.3,4,32.6,1242,False,-29.57,6.92,-6.83,-11.22,-11.03,-5.2,9.4,75.6722,79.4099,79.2369,74.3683,64.4428,1303797281,1255,2026-09-18,40.26,2035599013.0
NASDAQ:ALTI,ALTI,"AlTi Global, Inc.",Financial Services,Asset Management,United States,NASDAQ,357703356.0,3.23,39.34,42.16,4,32.7,1243,False,-37.76,14.95,-17.06,-16.74,-16.72,-28.56,-42.19,3.8943,3.8795,3.8783,4.5214,5.587,718225,1255,2026-09-18,38.18,110744073.0
NYSE:KEP,KEP,Korea Electric Power Corporation,Utilities,Utilities - Regulated Electric,South Korea,NYSE,14136048976.0,11.01,39.34,41.8,4,32.7,1244,False,-52.67,0.0,-27.35,-27.12,-10.52,3.39,12.7,15.1557,15.1072,12.3042,10.649,9.7693,11854909,1255,2026-09-18,43.06,1283928154.0
NYSE:MGY,MGY,Magnolia Oil & Gas Corporation,Energy,Oil & Gas E&P,United States,NYSE,5966869147.0,25.18,39.34,43.22,4,32.7,1245,False,-21.16,20.84,-4.71,-1.79,3.21,6.49,10.12,26.4238,25.6391,24.3961,23.6463,22.8651,105496361,1255,2026-09-18,42.0,236968592.0
NASDAQ:UNCY,UNCY,"Unicycive Therapeutics, Inc.",Healthcare,Biotechnology,United States,NASDAQ,131486530.0,4.8,39.37,41.56,4,32.8,1246,True,-43.93,28.34,-24.82,-20.87,-17.17,-27.24,-36.3,6.3847,6.0661,5.7948,6.5974,7.5355,4239663,1255,2026-09-18,38.38,27393027.0
NASDAQ:ALRM,ALRM,"Alarm.com Holdings, Inc.",Technology,Software - Application,United States,NASDAQ,2668893059.0,53.96,39.38,46.34,4,32.8,1247,False,-6.32,28.08,9.65,8.84,0.59,-5.16,-3.71,49.2114,49.5762,53.6461,56.8979,56.0375,23816458,1255,2026-09-18,40.99,49460583.0
NASDAQ:TLPH,TLPH,"Talphera, Inc.",Healthcare,Drug Manufacturers - Specialty & Generic,United States,NASDAQ,60203592.0,1.16,39.38,44.49,4,32.8,1248,False,-21.09,61.11,13.8,10.48,38.99,35.42,6.78,1.0193,1.0499,0.8346,0.8566,1.0864,154499,1255,2026-09-18,40.75,51899648.0
AMEX:INTT,INTT,inTest Corporation,Technology,Semiconductor Equipment & Materials,United States,AMEX,135698296.0,10.8,39.39,40.01,4,32.9,1249,True,-42.86,50.42,-16.98,-9.98,11.75,5.52,-7.07,13.0087,11.997,9.6645,10.2348,11.6216,1293829,1255,2026-09-18,37.08,12564657.0
NASDAQ:NUCL,NUCL,Eagle Nuclear Energy Corp.,Energy,Uranium,United States,NASDAQ,185761131.0,6.28,39.39,41.77,4,32.9,1250,False,-52.46,30.29,,,,,,,,,,,2070737,143,2026-09-18,37.06,29579798.0
NASDAQ:VERX,VERX,"Vertex, Inc.",Technology,Software - Application,United States,NASDAQ,952749028.0,11.96,39.39,43.56,4,32.9,1251,False,-53.89,13.04,-16.37,-25.63,-57.82,-58.51,-54.15,14.3006,16.0826,28.3565,28.8247,26.0824,17958317,1255,2026-09-18,42.43,79661290.0
NYSE:BGSI,BGSI,Boyd Group Services Inc.,Consumer Cyclical,Auto & Truck Dealerships,Canada,NYSE,2266758713.0,81.45,39.4,40.29,4,33.0,1252,True,-55.22,0.56,-35.8,,,,,126.8757,,,,,5727570,220,2026-09-18,38.66,27830064.0
NASDAQ:UNIT,UNIT,Uniti Group Inc.,Real Estate,REIT - Specialty,United States,NASDAQ,2293752526.0,9.45,39.4,41.62,4,33.0,1253,False,-25.88,76.31,-0.56,7.42,10.24,15.18,17.85,9.503,8.7976,8.5721,8.2047,8.0188,18690614,1255,2026-09-18,42.72,242725135.0
NYSE:ASIX,ASIX,AdvanSix Inc.,Basic Materials,Chemicals,United States,NYSE,437005974.0,16.21,39.42,40.27,4,33.0,1254,False,-37.0,16.57,-16.22,-14.68,-25.38,-28.74,-36.44,19.3494,19.0,21.724,22.7478,25.5022,4395298,1255,2026-09-18,44.98,26959036.0
NYSE:BXDC,BXDC,Blackstone Digital Infrastructure Trust Inc.,Real Estate,REIT - Specialty,United States,NYSE,1945562664.0,19.33,39.42,42.74,4,33.0,1255,False,-13.47,0.0,,,,,,,,,,,40882722,88,2026-09-18,41.84,100649905.0
NASDAQ:AAL,AAL,"American Airlines Group, Inc.",Industrials,Airlines,United States,NASDAQ,8579130565.0,12.96,39.44,40.75,4,33.1,1256,False,-28.6,27.31,-6.88,-4.89,-2.87,-1.42,-4.46,13.9168,13.6257,13.3436,13.147,13.5657,905419583,1255,2026-09-18,39.03,661969951.0
NYSE:COR,COR,"Cencora, Inc.",Healthcare,Medical Distribution,United States,NYSE,60076564107.0,308.78,39.44,45.0,4,33.1,1257,False,-17.11,22.69,-3.12,-3.91,5.99,16.05,28.73,318.7122,321.3325,291.3188,266.0741,239.8629,398609653,1255,2026-09-18,39.89,194561060.0
NYSE:MLI,MLI,"Mueller Industries, Inc.",Industrials,Metal Fabrication,United States,NYSE,13286365977.0,60.07,39.44,42.36,4,33.1,1258,False,-14.23,25.25,-2.81,0.75,20.8,44.68,69.67,61.8045,59.6233,49.7283,41.518,35.4037,111420545,1255,2026-09-18,40.36,221181388.0
NYSE:RLJ,RLJ,RLJ Lodging Trust Common Shares of Beneficial Interest $0.01 par value,Real Estate,REIT - Hotel & Motel,United States,NYSE,1639321744.0,10.79,39.44,42.66,4,33.1,1259,False,-13.54,72.31,18.15,24.75,32.17,28.02,26.26,9.1326,8.649,8.1639,8.4286,8.5459,19180928,1255,2026-09-18,42.62,151929726.0
NASDAQ:CNL,CNL,Collective Mining Ltd.,Basic Materials,Gold,United States,NASDAQ,1204686196.0,12.99,39.45,42.95,4,33.1,1260,False,-37.52,32.01,-16.42,-12.3,16.67,53.84,82.25,15.5416,14.8113,11.1337,8.4439,7.1274,2283640,1255,2026-09-18,38.59,92739507.0
NYSE:QUAD,QUAD,"Quad Graphics, Inc",Industrials,Specialty Business Services,United States,NYSE,361145802.0,9.43,39.47,46.07,4,33.2,1261,False,-12.2,88.92,25.97,33.07,48.23,64.34,81.77,7.486,7.0864,6.3617,5.7382,5.1878,3999185,1255,2026-09-18,42.46,38297540.0
NYSE:XYL,XYL,Xylem Inc. Common Stock New,Industrials,Specialty Industrial Machinery,United States,NYSE,25113841499.0,107.56,39.47,40.95,4,33.2,1262,False,-28.69,1.93,-11.77,-14.94,-14.38,-12.37,-8.08,121.9086,126.4551,125.6188,122.7428,117.0195,275794939,1255,2026-09-18,39.58,233486812.0
NASDAQ:GUTS,GUTS,"Fractyl Health, Inc.",Healthcare,Biotechnology,United States,NASDAQ,95189378.0,0.6,39.49,41.63,4,33.2,1263,False,-74.68,52.67,-35.69,-40.47,-56.8,,,0.9329,1.0078,1.389,,,1158664,659,2026-09-18,37.79,158648963.0
NYSE:PSN,PSN,Parsons Corporation,Technology,Information Technology Services,United States,NYSE,4787017759.0,44.82,39.49,41.92,4,33.2,1264,False,-49.8,11.16,-21.65,-28.51,-37.41,-37.92,-31.83,57.2085,62.69,71.6111,72.1988,65.7519,55633127,1255,2026-09-18,44.02,106805394.0
NYSE:KFRC,KFRC,"Kforce, Inc.",Industrials,Staffing & Employment Services,United States,NYSE,929118920.0,51.88,39.5,43.7,4,33.3,1265,True,-13.51,120.82,29.18,37.95,25.81,10.07,6.77,40.1622,37.6084,41.2382,47.1347,48.5916,14908082,1255,2026-09-18,37.82,17909000.0
NASDAQ:PHAR,PHAR,"Pharming Group N.V. - ADS, each representing 10",Healthcare,Biotechnology,Netherlands,NASDAQ,746709208.0,10.55,39.5,40.89,4,33.3,1266,False,-50.19,7.43,-28.8,-28.97,-13.94,-9.34,-9.68,14.8172,14.8527,12.2593,11.6369,11.6807,203881,1255,2026-09-18,42.09,70778124.0
AMEX:TPET,TPET,Trio Petroleum Corp.,Energy,Oil & Gas E&P,United States,AMEX,77911106.0,1.76,39.51,39.51,4,33.3,1267,False,-89.97,0.0,-64.78,-69.92,-82.65,-92.69,,4.9966,5.851,10.1428,24.0685,,2985335,859,2026-09-18,44.57,44267674.0
NYSE:FNB,FNB,F.N.B. Corporation,Financial Services,Banks - Regional,United States,NYSE,6382433606.0,17.93,39.54,42.52,4,33.4,1268,False,-7.34,25.98,1.7,4.36,14.58,23.94,31.63,17.6298,17.1812,15.6483,14.4663,13.621,66208937,1255,2026-09-18,41.63,355963949.0
NYSE:ADNT,ADNT,Adient plc,Consumer Cyclical,Auto Parts,Ireland,NYSE,1386348682.0,17.68,39.55,41.9,4,33.4,1269,False,-34.74,0.0,-15.34,-16.61,-11.09,-24.54,-34.72,20.8843,21.2016,19.8849,23.43,27.0815,17746695,1255,2026-09-18,44.69,78413387.0
NASDAQ:TLN,TLN,Talen Energy Corporation,Utilities,Utilities - Independent Power Producers,United States,NASDAQ,14005337906.0,292.3,39.55,40.57,4,33.4,1270,False,-34.44,3.6,-17.54,-19.77,-3.92,25.89,,354.4764,364.3418,304.22,232.1814,,232750179,827,2026-09-18,39.95,47914259.0
NASDAQ:CRNC,CRNC,Cerence Inc.,Technology,Software - Application,United States,NASDAQ,349301764.0,7.73,39.56,41.6,4,33.4,1271,False,-41.88,29.7,-18.37,-20.92,-16.14,-23.41,-42.6,9.4695,9.7755,9.2174,10.0933,13.4663,5345222,1255,2026-09-18,45.52,45187809.0
AMEX:CBOE,CBOE,"Cboe Global Markets, Inc.",Financial Services,Financial Data & Stock Exchanges,United States,AMEX,28495047844.0,272.86,39.57,43.01,4,33.5,1272,True,-25.23,18.19,-4.28,-1.35,10.89,22.52,37.33,285.0531,276.6015,246.0746,222.7123,198.6863,308145836,1255,2026-09-18,34.12,104431019.0
NASDAQ:GEOS,GEOS,Geospace Technologies Corporation,Energy,Oil & Gas Equipment & Services,United States,NASDAQ,65971575.0,5.1,39.57,39.31,4,33.5,1273,False,-82.05,1.8,-50.44,-59.74,-56.1,-56.19,-50.65,10.2901,12.6679,11.6162,11.6418,10.3347,395038,1255,2026-09-18,36.93,12935603.0
NYSE:AVNT,AVNT,Avient Corporation,Basic Materials,Specialty Chemicals,United States,NYSE,3701422340.0,40.36,39.58,46.14,4,33.5,1274,False,-12.33,51.48,10.21,14.16,9.36,8.76,11.06,36.6209,35.3532,36.9067,37.1106,36.3398,30057995,1255,2026-09-18,40.79,91710167.0
NYSE:FAF,FAF,First American Corporation (New),Financial Services,Insurance - Specialty,United States,NYSE,7105139000.0,69.59,39.59,43.44,4,33.5,1275,False,-12.09,23.42,4.39,6.12,10.88,16.7,21.89,66.6615,65.5759,62.7639,59.6338,57.0904,59887901,1255,2026-09-18,46.96,102100000.0
NASDAQ:GAUZ,GAUZ,Gauzy Ltd.,Technology,Electronic Components,Israel,NASDAQ,115832587.0,6.18,39.6,42.23,4,33.6,1276,False,-95.57,23.11,-55.6,-80.82,-93.96,,,13.9175,32.2162,102.3448,,,1072999,573,2026-09-18,46.84,18743137.0
NASDAQ:OPAL,OPAL,OPAL Fuels Inc.,Utilities,Utilities - Regulated Gas,United States,NASDAQ,56768607.0,1.87,39.6,41.74,4,33.6,1277,False,-32.73,5.06,-16.66,-17.72,-26.59,-44.77,-57.67,2.2438,2.2728,2.5472,3.3861,4.4177,423124,1255,2026-09-18,41.9,30357544.0
NASDAQ:ZENA,ZENA,"ZenaTech, Inc.",Technology,Software - Infrastructure,Canada,NASDAQ,128882080.0,1.45,39.6,43.15,4,33.6,1278,False,-78.33,16.94,-36.22,-47.62,,,,2.2735,2.7681,,,,3466687,493,2026-09-18,42.01,88884193.0
NASDAQ:EBMT,EBMT,"Eagle Bancorp Montana, Inc.",Financial Services,Banks - Regional,United States,NASDAQ,175717408.0,22.06,39.62,42.11,4,33.6,1279,True,-9.14,41.44,1.69,7.15,21.17,36.23,41.82,21.6938,20.5886,18.206,16.1928,15.5545,884001,1255,2026-09-18,36.74,7965431.0
NYSE:GKOS,GKOS,Glaukos Corporation,Healthcare,Medical Devices,United States,NYSE,9662158720.0,163.81,39.64,44.9,4,33.7,1280,True,-13.58,119.38,23.64,33.12,37.21,47.28,67.95,132.4938,123.0547,119.3888,111.2267,97.5366,120444082,1255,2026-09-18,36.4,58983937.0
NASDAQ:PYPL,PYPL,"PayPal Holdings, Inc.",Financial Services,Credit Services,United States,NASDAQ,44834704406.0,52.41,39.64,43.83,4,33.7,1281,False,-30.39,35.29,3.99,-2.43,-18.39,-16.97,-20.21,50.3994,53.7137,64.2194,63.1204,65.6826,728257221,1255,2026-09-18,41.19,855460874.0
NYSE:OGE,OGE,OGE Energy Corp,Utilities,Utilities - Regulated Electric,United States,NYSE,9401514371.0,45.51,39.66,41.88,4,33.8,1282,False,-8.89,10.05,-1.26,-0.31,4.85,14.9,20.62,46.0911,45.6519,43.4038,39.6077,37.7299,70696465,1255,2026-09-18,46.57,206581287.0
NASDAQ:OTLK,OTLK,"Outlook Therapeutics, Inc.",Healthcare,Biotechnology,United States,NASDAQ,122109040.0,0.653,39.66,40.77,4,33.8,1283,False,-73.56,229.8,-19.63,-29.03,-61.91,-82.7,-92.67,0.8125,0.9202,1.7144,3.7739,8.9049,4156300,1255,2026-09-18,42.52,186996998.0
NASDAQ:RIVN,RIVN,"Rivian Automotive, Inc.",Consumer Cyclical,Auto Manufacturers,United States,NASDAQ,21644782469.0,14.99,39.66,43.49,4,33.8,1284,False,-33.23,19.92,-8.02,-5.84,4.96,3.21,-8.13,16.2964,15.9197,14.2821,14.5236,16.3163,347154003,1218,2026-09-18,43.64,1443948130.0
NYSE:SBSI,SBSI,"Southside Bancshares, Inc.",Financial Services,Banks - Regional,United States,NYSE,935691311.0,31.45,39.66,42.13,4,33.8,1285,False,-10.98,24.62,-1.18,1.85,5.4,10.13,10.66,31.8265,30.8773,29.8394,28.5575,28.4204,3965974,1255,2026-09-18,40.79,29751711.0
NASDAQ:NTHI,NTHI,"NeOnc Technologies Holdings, Inc.",Healthcare,Biotechnology,United States,NASDAQ,84537880.0,3.26,39.67,42.14,4,33.8,1286,False,-73.04,9.03,-48.7,-54.03,,,,6.3548,7.0914,,,,823293,373,2026-09-18,41.3,25931865.0
NASDAQ:AHCO,AHCO,AdaptHealth Corp.,Healthcare,Medical Devices,United States,NASDAQ,776869208.0,5.71,39.68,38.01,4,33.9,1287,False,-57.32,9.39,-41.84,-41.15,-41.0,-40.05,-49.0,9.8178,9.7026,9.6773,9.524,11.1971,16804397,1255,2026-09-18,40.37,136054152.0
NYSE:CNR,CNR,"Core Natural Resources, Inc.",Energy,Thermal Coal,United States,NYSE,4591125119.0,91.08,39.69,45.88,4,33.9,1288,False,-19.4,22.14,0.62,2.19,3.63,1.44,9.65,90.5165,89.128,87.8892,89.7859,83.0653,49129498,1255,2026-09-18,44.39,50407610.0
NYSE:KWR,KWR,Quaker Houghton,Basic Materials,Specialty Chemicals,United States,NYSE,2657213343.0,154.42,39.7,44.28,4,33.9,1289,False,-13.86,35.56,4.93,7.26,11.9,2.82,-1.25,147.1714,143.9674,137.995,150.1885,156.3734,23666808,1255,2026-09-18,41.91,17207702.0
NASDAQ:NEXT,NEXT,NextDecade Corporation,Energy,Oil & Gas Equipment & Services,United States,NASDAQ,1828693925.0,6.87,39.7,43.71,4,33.9,1290,False,-24.67,43.12,0.9,2.64,-5.71,1.78,4.7,6.8084,6.6931,7.2861,6.75,6.5617,17566604,1255,2026-09-18,42.48,266185433.0
NASDAQ:VYGR,VYGR,"Voyager Therapeutics, Inc.",Healthcare,Biotechnology,United States,NASDAQ,186701777.0,3.09,39.7,42.53,4,33.9,1291,True,-42.03,3.0,-17.26,-20.66,-27.0,-43.38,-49.65,3.7344,3.8944,4.2327,5.4574,6.137,1424680,1255,2026-09-18,36.14,60421287.0
NYSE:ASB,ASB,Associated Banc-Corp,Financial Services,Banks - Regional,United States,NYSE,5597375880.0,29.66,39.71,43.47,4,34.0,1292,False,-7.53,27.38,6.56,9.15,18.95,30.35,38.71,27.8338,27.1733,24.9342,22.7539,21.3823,63846788,1255,2026-09-18,42.09,188718000.0
NASDAQ:CBSH,CBSH,"Commerce Bancshares, Inc.",Financial Services,Banks - Regional,United States,NASDAQ,8214915539.0,57.09,39.71,44.38,4,34.0,1293,False,-4.92,21.42,6.56,7.31,2.88,9.1,11.22,53.5748,53.202,55.4912,52.3302,51.3329,58566335,1255,2026-09-18,42.7,143894124.0
NYSE:FG,FG,"F&G Annuities & Life, Inc.",Financial Services,Insurance - Life,United States,NYSE,3060403269.0,23.1,39.72,40.1,4,34.0,1294,False,-31.3,15.14,-13.88,-15.74,-27.63,-30.87,,26.8238,27.4143,31.9173,33.4156,,15529829,958,2026-09-18,42.24,132484990.0
NASDAQ:IMTX,IMTX,Immatics N.V.,Healthcare,Biotechnology,Germany,NASDAQ,1178122648.0,8.62,39.73,42.3,4,34.1,1295,False,-27.38,30.41,-13.29,-12.6,5.56,-5.33,-7.26,9.9416,9.863,8.1661,9.1056,9.2953,5806244,1255,2026-09-18,43.3,136673161.0
NASDAQ:NN,NN,NextNav Inc.,Technology,Software - Infrastructure,United States,NASDAQ,1940133273.0,14.22,39.73,42.57,4,34.1,1296,False,-39.72,25.07,-16.3,-12.77,-3.5,20.01,47.83,16.9892,16.3025,14.7358,11.8494,9.6189,37293791,1255,2026-09-18,44.29,136436939.0
NYSE:MCB,MCB,Metropolitan Bank Holding Corp.,Financial Services,Banks - Regional,United States,NYSE,1105757820.0,89.19,39.74,42.36,4,34.1,1297,True,-11.67,37.09,1.01,5.01,21.06,41.41,50.59,88.2982,84.9343,73.6733,63.0697,59.2258,10271876,1255,2026-09-18,38.29,12397778.0
NASDAQ:ORLY,ORLY,"O'Reilly Automotive, Inc.",Consumer Cyclical,Auto Parts,United States,NASDAQ,69137406019.0,84.71,39.74,42.28,4,34.1,1298,False,-21.43,2.39,-7.43,-9.24,-6.93,1.51,10.15,91.5079,93.3379,91.0207,83.4517,76.9055,528251687,1255,2026-09-18,40.27,816165813.0
NASDAQ:CARG,CARG,"CarGurus, Inc.",Consumer Cyclical,Auto & Truck Dealerships,United States,NASDAQ,2501040617.0,33.21,39.75,43.46,4,34.2,1299,False,-14.91,23.18,-2.07,-3.08,-1.43,10.29,23.5,33.9136,34.265,33.6905,30.1119,26.89,32214362,1255,2026-09-18,42.46,75309865.0
NYSE:GPC,GPC,Genuine Parts Company,Consumer Cyclical,Auto Parts,United States,NYSE,17657077805.0,128.08,39.75,46.64,4,34.2,1300,False,-11.78,41.11,8.55,6.87,7.46,3.88,-1.15,117.9884,119.8421,119.1897,123.3002,129.5636,146020786,1255,2026-09-18,45.63,137859758.0
NYSE:KKR,KKR,KKR & Co. Inc.,Financial Services,Asset Management,United States,NYSE,88718825300.0,98.81,39.76,43.73,4,34.2,1301,False,-33.36,18.25,-5.47,-8.86,-18.55,-11.02,2.71,104.5289,108.4132,121.3073,111.0461,96.2014,362413255,1255,2026-09-18,38.25,897872941.0
NASDAQ:SIDU,SIDU,"Sidus Space, Inc.",Industrials,Aerospace & Defense,United States,NASDAQ,191582287.0,1.97,39.76,42.1,4,34.2,1302,False,-68.23,210.73,-28.82,-18.3,-10.16,-41.28,-91.63,2.7677,2.4113,2.1928,3.3552,23.5267,6983318,1195,2026-09-18,42.27,97249892.0
NYSE:GAM,GAM,"General American Investors, Inc.",Financial Services,Asset Management,United States,NYSE,1557690324.0,64.94,39.77,43.88,4,34.3,1303,False,-4.43,18.62,3.68,5.76,19.46,33.56,48.1,62.634,61.4017,54.3614,48.6221,43.8501,1040366,1255,2026-09-18,40.39,23986608.0
NASDAQ:FRMM,FRMM,"Forum Markets, Incorporated",Technology,Software - Application,United States,NASDAQ,61559276.0,4.66,39.78,42.25,4,34.3,1304,False,-81.94,160.34,-5.22,-39.61,-66.04,-79.58,-97.75,4.9169,7.716,13.7238,22.8163,206.7328,711896,1255,2026-09-18,41.89,13210145.0
NASDAQ:APP,APP,Applovin Corporation,Communication Services,Advertising Agencies,United States,NASDAQ,94183799920.0,308.06,39.79,39.53,4,34.3,1305,False,-58.01,3.17,-35.19,-38.75,-25.59,3.88,35.44,475.317,502.962,414.0158,296.5424,227.4449,1519649922,1255,2026-09-18,45.15,305732000.0
NYSE:XPRO,XPRO,Expro Ltd,Energy,Oil & Gas Equipment & Services,United States,NYSE,1849266993.0,16.46,39.79,44.71,4,34.3,1306,True,-13.19,38.67,1.93,6.03,21.16,6.11,0.87,16.1488,15.5238,13.5857,15.5126,16.3181,14894968,1255,2026-09-18,39.02,112349149.0
NYSE:FTI,FTI,TechnipFMC plc,Energy,Oil & Gas Equipment & Services,United Kingdom,NYSE,28243679224.0,72.02,39.8,44.4,4,34.4,1307,False,-10.06,103.14,9.64,19.1,58.15,89.55,125.91,65.6867,60.4712,45.5398,37.9954,31.8805,222728637,1255,2026-09-18,41.54,392164388.0
NASDAQ:FFBC,FFBC,First Financial Bancorp.,Financial Services,Banks - Regional,United States,NASDAQ,3368052737.0,32.09,39.81,43.16,4,34.4,1308,False,-10.59,42.91,8.09,12.69,21.6,31.72,38.28,29.6877,28.477,26.3903,24.3615,23.2067,25586554,1255,2026-09-18,40.18,104956458.0
NASDAQ:NXT,NXT,Nextpower Inc.,Technology,Solar,United States,NASDAQ,12209674474.0,80.47,39.81,40.16,4,34.4,1309,False,-48.55,14.17,-25.6,-22.66,6.12,22.12,,108.1564,104.0456,75.83,65.8953,,180802488,905,2026-09-18,43.56,151729520.0
NYSE:RBA,RBA,"RB Global, Inc.",Industrials,Specialty Business Services,United States,NYSE,15500160000.0,83.2,39.81,38.61,4,34.4,1310,False,-29.68,3.3,-18.68,-18.66,-16.81,-7.59,2.09,102.3088,102.2813,100.0162,90.031,81.4941,158755042,1255,2026-09-18,41.74,186300000.0
NASDAQ:CAE,CAE,CAE Inc,Industrials,Aerospace & Defense,Canada,NASDAQ,7579633199.0,23.57,39.85,41.61,4,34.5,1311,False,-30.78,1.77,-14.01,-14.15,-8.88,-1.34,1.53,27.4097,27.4539,25.8666,23.8891,23.2159,23477475,1255,2026-09-18,45.44,321579686.0
NYSE:MEI,MEI,"Methode Electronics, Inc.",Technology,Electronic Components,United States,NYSE,470710866.0,13.27,39.85,43.37,4,34.5,1312,False,-31.44,165.51,26.5,35.59,44.83,19.33,-23.27,10.4899,9.7871,9.1623,11.12,17.2949,12469798,1255,2026-09-18,40.98,35471806.0
NASDAQ:CBK,CBK,"Commercial Bancgroup, Inc.",Financial Services,Banks - Regional,United States,NASDAQ,451593859.0,32.96,39.89,44.86,4,34.5,1313,False,-6.67,41.18,14.44,,,,,28.8005,,,,,1477616,242,2026-09-18,38.78,13701270.0
NASDAQ:CEPF,CEPF,"Cantor Equity Partners IV, Inc.",Financial Services,Shell Companies,United States,NASDAQ,474606000.0,10.34,39.9,43.19,4,34.6,1314,False,-2.64,1.97,-0.04,-0.15,,,,10.3447,10.3559,,,,480285,271,2026-09-18,47.13,45900000.0
NASDAQ:LNSR,LNSR,"LENSAR, Inc.",Healthcare,Medical Devices,United States,NASDAQ,86830778.0,7.07,39.9,45.97,4,34.6,1315,False,-44.46,41.12,-14.12,-20.64,-27.94,-9.11,5.36,8.2325,8.9085,9.811,7.7788,6.7105,793602,1255,2026-09-18,40.16,12281581.0
NASDAQ:LONA,LONA,"LeonaBio, Inc.",Healthcare,Biotechnology,United States,NASDAQ,63781960.0,6.79,39.9,41.78,4,34.6,1316,False,-41.87,87.57,-10.85,-1.62,21.94,-43.19,-58.8,7.616,6.9021,5.5685,11.9512,16.4792,322464,1255,2026-09-18,41.8,9393514.0
NYSE:STT,STT,State Street Corporation,Financial Services,Asset Management,United States,NYSE,50234711766.0,182.87,39.9,45.87,4,34.6,1317,False,-5.86,67.77,20.86,27.44,53.98,78.85,95.67,151.3011,143.4895,118.7624,102.2484,93.4603,309232689,1255,2026-09-18,40.2,274701765.0
NASDAQ:BWB,BWB,"Bridgewater Bancshares, Inc.",Financial Services,Banks - Regional,United States,NASDAQ,579704680.0,20.79,39.91,44.73,4,34.7,1318,False,-7.56,28.57,7.4,10.15,23.45,37.47,40.98,19.3581,18.8744,16.8412,15.1228,14.7467,2317704,1255,2026-09-18,41.52,27883823.0
NASDAQ:GLRE,GLRE,"Greenlight Reinsurance, Ltd.",Financial Services,Insurance - Reinsurance,Cayman Islands,NASDAQ,498491713.0,15.03,39.91,41.47,4,34.7,1319,False,-20.89,25.77,-4.4,-0.39,4.44,10.29,19.79,15.7224,15.0886,14.3915,13.6283,12.5468,2104250,1255,2026-09-18,40.39,33166448.0
NASDAQ:XFOR,XFOR,"X4 Pharmaceuticals, Inc.",Healthcare,Biotechnology,United States,NASDAQ,337664512.0,3.58,39.91,42.0,4,34.7,1320,True,-23.34,25.17,-9.03,-6.88,-47.39,-73.51,-82.86,3.9356,3.8445,6.8052,13.516,20.8836,3449360,1255,2026-09-18,36.06,94319696.0
NASDAQ:EH,EH,EHang Holdings Limited - ADS,Industrials,Aerospace & Defense,China,NASDAQ,258000936.0,4.58,39.92,39.1,4,34.8,1321,False,-76.44,3.39,-51.96,-58.68,-67.9,-68.47,-66.48,9.5343,11.0854,14.2682,14.5259,13.6654,3749757,1255,2026-09-18,41.02,56332082.0
NASDAQ:NTRS,NTRS,Northern Trust Corporation,Financial Services,Asset Management,United States,NASDAQ,32545981112.0,177.89,39.92,44.09,4,34.8,1322,False,-6.65,48.03,11.55,16.54,38.4,60.48,74.4,159.472,152.6421,128.5296,110.8453,102.004,183739724,1255,2026-09-18,37.73,182955653.0
NASDAQ:PTON,PTON,"Peloton Interactive, Inc.",Consumer Cyclical,Leisure,United States,NASDAQ,2073261349.0,4.97,39.92,41.35,4,34.8,1323,False,-44.78,33.96,-8.31,-15.18,-24.15,-15.08,-26.51,5.4203,5.8595,6.5524,5.8523,6.7631,40712440,1255,2026-09-18,36.97,417155201.0
NASDAQ:SLSN,SLSN,"Solesence, Inc.",Consumer Defensive,Household & Personal Products,United States,NASDAQ,56505956.0,0.8,39.92,42.56,4,34.8,1324,False,-81.65,25.0,-34.47,-50.36,-64.28,-56.49,-53.93,1.2209,1.6116,2.2395,1.8385,1.7365,14733,1255,2026-09-18,41.85,70632445.0
NYSE:SMHI,SMHI,SEACOR Marine Holdings Inc.,Industrials,Marine Shipping,United States,NYSE,246908717.0,9.1,39.92,47.16,4,34.8,1325,False,-8.63,62.21,18.7,22.22,32.14,4.15,2.83,7.6664,7.4458,6.8865,8.7377,8.8493,899487,1255,2026-09-18,48.45,27132826.0
NASDAQ:UFPT,UFPT,"UFP Technologies, Inc.",Healthcare,Medical Devices,United States,NASDAQ,2140733652.0,276.69,39.95,46.08,4,34.9,1326,True,-17.37,49.34,15.34,18.65,14.44,17.62,31.73,239.8843,233.1981,241.7681,235.2409,210.0471,34003554,1255,2026-09-18,38.4,7736939.0
NYSE:BKU,BKU,"BankUnited, Inc.",Financial Services,Banks - Regional,United States,NYSE,3235820248.0,44.77,39.96,41.98,4,34.9,1327,False,-10.87,29.25,-3.2,0.28,12.06,26.17,35.43,46.25,44.6467,39.9511,35.4844,33.0568,41199868,1255,2026-09-18,39.72,72276530.0
NASDAQ:TANH,TANH,Tantech Holdings Ltd.,Consumer Defensive,Household & Personal Products,China,NASDAQ,194766444.0,13.5,39.98,41.94,4,34.9,1328,False,-87.26,17.39,-56.22,-66.15,-88.71,-98.16,-99.3,30.8391,39.8808,119.5386,733.4861,1928.182,2878892,1255,2026-09-18,40.71,14427144.0
NASDAQ:AGCC,AGCC,Agencia Comercial Spirits Ltd,Consumer Defensive,Beverages - Wineries & Distilleries,Taiwan,NASDAQ,299870340.0,13.16,39.99,41.31,4,35.0,1329,True,-45.08,228.18,-7.43,,,,,14.2163,,,,,260909,228,2026-09-18,31.53,22786500.0
NASDAQ:IBOC,IBOC,International Bancshares Corporation,Financial Services,Banks - Regional,United States,NASDAQ,4367610579.0,70.24,39.99,41.74,4,35.0,1330,False,-8.86,13.01,-0.77,0.68,5.53,14.69,24.44,70.782,69.7677,66.5596,61.2431,56.4468,25039361,1255,2026-09-18,41.64,62181244.0
NASDAQ:HDSN,HDSN,"Hudson Technologies, Inc.",Basic Materials,Specialty Chemicals,United States,NASDAQ,217495634.0,5.17,40.0,42.05,4,35.0,1331,True,-49.36,6.82,-16.98,-22.82,-25.32,-37.95,-39.99,6.2274,6.6983,6.9233,8.3317,8.6156,2672660,1255,2026-09-18,39.1,42068788.0
NYSE:ANRO,ANRO,"Alto Neuroscience, Inc.",Healthcare,Biotechnology,United States,NYSE,1062293564.0,30.27,40.01,46.05,4,35.1,1332,False,-17.39,740.83,31.23,49.38,146.65,,,23.0667,20.2637,12.2725,,,18413258,659,2026-09-18,42.73,35093940.0
NYSE:BDN,BDN,Brandywine Realty Trust,Real Estate,REIT - Office,United States,NYSE,499482222.0,2.9,40.01,42.89,4,35.1,1333,False,-28.84,24.16,-0.87,-4.1,-17.89,-17.47,-17.63,2.9254,3.0241,3.532,3.5138,3.5208,5711047,1255,2026-09-18,41.94,172235249.0
NASDAQ:SHIM,SHIM,Shimmick Corporation,Industrials,Engineering & Construction,United States,NASDAQ,136893774.0,3.34,40.01,42.35,4,35.1,1334,False,-49.93,62.93,-12.3,-5.39,17.29,,,3.8085,3.5303,2.8475,,,761793,713,2026-09-18,43.88,40986160.0
NASDAQ:LECO,LECO,"Lincoln Electric Holdings, Inc.",Industrials,Tools & Accessories,United States,NASDAQ,14018880700.0,257.2,40.03,43.28,4,35.1,1335,False,-13.41,17.68,-1.81,0.58,12.78,17.26,26.16,261.9394,255.7096,228.0635,219.3386,203.8609,126593587,1255,2026-09-18,39.81,54505757.0
NASDAQ:EXPE,EXPE,"Expedia Group, Inc.",Consumer Cyclical,Travel Services,United States,NASDAQ,31984427151.0,279.35,40.04,44.24,4,35.1,1336,False,-17.51,49.04,7.72,10.44,30.74,51.35,70.84,259.333,252.9314,213.6746,184.5723,163.5139,541295718,1255,2026-09-18,42.41,114495891.0
NYSE:HOV,HOV,"Hovnanian Enterprises, Inc.",Consumer Cyclical,Residential Construction,United States,NYSE,579085107.0,114.18,40.05,42.77,4,35.2,1337,False,-23.66,21.33,-3.0,-4.41,-10.49,-14.3,-2.62,117.7105,119.4465,127.5628,133.2299,117.2547,15512681,1255,2026-09-18,42.47,5071686.0
NYSE:HLIO,HLIO,"Helios Technologies, Inc.",Industrials,Specialty Industrial Machinery,United States,NYSE,2289782146.0,69.29,40.06,39.88,4,35.2,1338,False,-25.29,47.77,-3.02,2.41,27.51,35.38,31.27,71.447,67.662,54.3412,51.1824,52.7831,22497714,1255,2026-09-18,35.16,33046358.0
NYSE:QTWO,QTWO,"Q2 Holdings, Inc.",Technology,Software - Application,United States,NYSE,3662091237.0,58.73,40.07,45.92,4,35.2,1339,True,-30.28,39.53,4.21,-0.01,-19.65,-10.29,4.0,56.3563,58.7354,73.0892,65.4655,56.4687,39756131,1255,2026-09-18,36.32,62354695.0
NYSE:ROK,ROK,"Rockwell Automation, Inc.",Industrials,Specialty Industrial Machinery,United States,NYSE,46247680346.0,415.62,40.07,41.68,4,35.2,1340,True,-15.79,26.2,-1.05,2.14,19.56,29.76,35.66,420.0108,406.9219,347.6381,320.3099,306.3669,306496472,1255,2026-09-18,35.06,111273953.0
NASDAQ:EBC,EBC,"Eastern Bankshares, Inc.",Financial Services,Banks - Regional,United States,NASDAQ,4944240000.0,21.6,40.08,43.67,4,35.3,1341,True,-8.05,32.78,5.74,8.97,21.31,34.24,39.25,20.4281,19.8221,17.8061,16.09,15.5119,49223986,1255,2026-09-18,38.77,228900000.0
NASDAQ:VNOM,VNOM,"Viper Energy, Inc.",Energy,Oil & Gas Midstream,United States,NASDAQ,8251752633.0,42.27,40.08,44.0,4,35.3,1342,False,-14.5,23.59,-0.8,2.75,3.27,12.43,23.69,42.6111,41.1388,40.9307,37.5956,34.1734,70096361,1255,2026-09-18,43.17,195215345.0
NASDAQ:AMGN,AMGN,Amgen Inc.,Healthcare,Drug Manufacturers - General,United States,NASDAQ,208138495868.0,385.65,40.1,44.41,4,35.4,1343,False,-13.17,46.16,8.19,11.95,23.45,28.95,37.9,356.4599,344.4705,312.3926,299.0804,279.6516,1175128559,1255,2026-09-18,35.84,539708274.0
NASDAQ:MITK,MITK,"Mitek Systems, Inc.",Technology,Software - Application,United States,NASDAQ,755507577.0,16.73,40.1,43.65,4,35.4,1344,False,-16.93,93.41,13.7,22.92,45.38,44.65,49.07,14.7136,13.6103,11.508,11.5657,11.2226,12014436,1255,2026-09-18,44.21,45158851.0
NYSE:WBI,WBI,WaterBridge Infrastructure LLC Class A Shares Representing Limited Liability Company Interests,Energy,Oil & Gas Equipment & Services,United States,NYSE,1450915581.0,30.86,40.1,43.94,4,35.4,1345,False,-14.64,65.37,11.78,14.86,,,,27.6082,26.8682,,,,20889211,253,2026-09-18,41.17,47016059.0
NASDAQ:KALU,KALU,Kaiser Aluminum Corporation,Basic Materials,Aluminum,United States,NASDAQ,2454489182.0,150.13,40.11,42.6,4,35.4,1346,False,-22.93,107.83,1.3,11.23,46.31,63.65,75.85,148.1989,134.9695,102.611,91.7367,85.3735,34642653,1255,2026-09-18,44.17,16349092.0
NASDAQ:GBLI,GBLI,"Global Indemnity Group, LLC",Financial Services,Insurance - Property & Casualty,United States,NASDAQ,282068631.0,26.08,40.12,43.64,4,35.5,1347,False,-12.99,7.08,-3.44,-3.67,-9.03,-8.44,-4.81,27.0093,27.075,28.6697,28.4838,27.3981,193181,1255,2026-09-18,44.44,10815515.0
NYSE:TEX,TEX,Terex Corporation,Industrials,Farm & Heavy Construction Machinery,United States,NYSE,6748272000.0,59.04,40.12,42.19,4,35.5,1348,True,-20.63,42.44,-4.13,-0.08,11.94,10.65,14.26,61.5821,59.0893,52.7425,53.3587,51.6736,60835021,1255,2026-09-18,35.67,114300000.0
NYSE:AGBK,AGBK,AGI Inc,Financial Services,Banks - Regional,Brazil,NYSE,362770394.0,6.18,40.13,42.34,4,35.5,1349,False,-48.5,4.04,,,,,,,,,,,1115323,152,2026-09-18,41.83,58700711.0
NYSE:BIT,BIT,BlackRock Multi-Sector Income Trust Common Shares of Beneficial Interest,Financial Services,Asset Management,United States,NYSE,664209933.0,11.64,40.13,39.9,4,35.5,1350,False,-5.94,1.31,-3.05,-2.84,-3.75,-1.98,1.67,12.0057,11.98,12.0932,11.8747,11.4488,4162416,1255,2026-09-18,38.06,57062709.0
NYSE:BKV,BKV,BKV Corporation,Energy,Oil & Gas E&P,United States,NYSE,2512610455.0,22.97,40.13,42.08,4,35.5,1351,False,-28.58,13.49,-15.9,-13.54,,,,27.312,26.5658,,,,57888142,496,2026-09-18,38.87,109386611.0
NYSE:KBR,KBR,"KBR, Inc.",Industrials,Engineering & Construction,United States,NYSE,4480448013.0,35.54,40.13,44.45,4,35.5,1352,False,-26.96,19.31,-5.79,-8.56,-23.17,-29.26,-30.12,37.7253,38.8658,46.2605,50.2436,50.8576,43797243,1255,2026-09-18,48.29,126067755.0
NYSE:PIPR,PIPR,Piper Sandler Companies,Financial Services,Capital Markets,United States,NYSE,4884300000.0,72.36,40.13,42.94,4,35.5,1353,False,-21.57,3.96,-8.97,-9.58,-3.61,10.6,27.17,79.4912,80.0281,75.0711,65.4258,56.8997,45401696,1255,2026-09-18,38.87,67500000.0
NYSE:IIIN,IIIN,"Insteel Industries, Inc.",Industrials,Metal Fabrication,United States,NYSE,574165606.0,29.66,40.14,43.69,4,35.6,1354,False,-21.94,21.41,-5.3,-6.14,-4.35,-3.78,1.17,31.3184,31.6009,31.0078,30.8266,29.3184,4657944,1255,2026-09-18,43.76,19358247.0
NASDAQ:ABEO,ABEO,Abeona Therapeutics Inc.,Healthcare,Biotechnology,United States,NASDAQ,317462952.0,5.57,40.15,42.17,4,35.7,1355,False,-25.34,33.57,0.62,2.44,-1.98,1.08,11.84,5.536,5.4373,5.6824,5.5106,4.9805,7885841,1255,2026-09-18,40.63,56995144.0
NYSE:CARS,CARS,Cars.com Inc.,Communication Services,Internet Content & Information,United States,NYSE,596354434.0,11.14,40.15,44.28,4,35.7,1356,False,-18.03,46.97,2.3,1.31,-12.06,-22.99,-26.1,10.8894,10.9958,12.6683,14.466,15.0744,6295961,1255,2026-09-18,43.23,53532714.0
NYSE:HLT,HLT,Hilton Worldwide Holdings Inc.,Consumer Cyclical,Lodging,United States,NYSE,68809094934.0,305.73,40.15,41.71,4,35.7,1357,True,-12.66,19.31,-2.61,0.58,10.71,23.4,38.64,313.9238,303.9565,276.1556,247.7462,220.517,508232556,1255,2026-09-18,35.71,225064910.0
NASDAQ:QH,QH,Quhuo Limited,Technology,Software - Application,China,NASDAQ,342896831570.0,3.9,40.15,43.45,4,35.7,1358,False,-65.52,21566.67,42.68,27.1,-92.79,-93.93,-95.43,2.7334,3.0685,54.104,64.2485,85.4093,17610,1255,2026-09-18,42.03,87922264505.0
NASDAQ:COAG,COAG,"Hemab Therapeutics Holdings, Inc.",Healthcare,Biotechnology,United States,NASDAQ,1923795838.0,41.19,40.17,44.4,4,35.8,1359,False,-25.03,64.89,,,,,,,,,,,24883229,97,2026-09-18,40.24,46705410.0
NYSE:EMA,EMA,Emera Incorporated,Utilities,Utilities - Regulated Electric,Canada,NYSE,15074752000.0,49.28,40.18,40.88,4,35.8,1360,False,-9.71,9.68,-2.65,-1.25,9.77,21.76,26.89,50.6228,49.9026,44.8924,40.4743,38.8379,17933985,1255,2026-09-18,40.98,305900000.0
NYSE:OEC,OEC,Orion S.A.,Basic Materials,Specialty Chemicals,Luxembourg,NYSE,323106959.0,5.73,40.18,42.35,4,35.8,1361,False,-33.25,33.19,-9.11,-7.98,-41.18,-58.66,-63.07,6.3041,6.2271,9.742,13.8603,15.5138,2552864,1255,2026-09-18,42.44,56388649.0
NASDAQ:ANTA,ANTA,Antalpha Platform Holding Company,Financial Services,Credit Services,Singapore,NASDAQ,79487475.0,3.31,40.19,40.85,4,35.9,1362,False,-75.57,8.49,-53.85,-58.7,,,,7.1724,8.014,,,,32144,340,2026-09-18,40.19,24014343.0
AMEX:IDR,IDR,"Idaho Strategic Resources, Inc.",Basic Materials,Gold,United States,AMEX,452636263.0,28.63,40.19,42.86,4,35.9,1363,False,-45.63,8.65,-22.61,-21.92,9.79,42.62,74.48,36.9933,36.6654,26.0765,20.075,16.409,7265156,1255,2026-09-18,41.75,15809859.0
NASDAQ:KRNT,KRNT,Kornit Digital Ltd.,Industrials,Specialty Industrial Machinery,Israel,NASDAQ,712716536.0,15.38,40.19,43.46,4,35.9,1364,False,-14.75,24.94,0.2,2.59,-19.64,-16.49,-22.5,15.3495,14.9912,19.1398,18.4161,19.8441,4075460,1255,2026-09-18,40.19,46340477.0
NYSE:OSG,OSG,"Octave Specialty Group, Inc.",Financial Services,Insurance - Specialty,United States,NYSE,202561164.0,4.5,40.19,41.46,4,35.9,1365,True,-55.36,14.21,-21.11,-28.96,-43.91,-55.34,-60.04,5.7043,6.3342,8.0226,10.0761,11.2602,2558734,1255,2026-09-18,39.17,45013592.0
NYSE:PUMP,PUMP,ProPetro Holding Corp.,Energy,Oil & Gas Equipment & Services,United States,NYSE,1287194650.0,10.48,40.19,41.4,4,35.9,1366,False,-42.42,116.08,-18.05,-10.51,11.56,14.38,14.53,12.7885,11.7112,9.3941,9.1626,9.1503,39165519,1255,2026-09-18,39.9,122823917.0
NASDAQ:RDNW,RDNW,"RideNow Group, Inc.",Consumer Cyclical,Auto & Truck Dealerships,United States,NASDAQ,217349673.0,5.64,40.19,41.02,4,35.9,1367,False,-31.72,73.54,-11.73,-5.28,15.77,8.92,-11.17,6.3896,5.9546,4.8719,5.1779,6.3493,398890,1255,2026-09-18,41.26,38537176.0
NYSE:KD,KD,"Kyndryl Holdings, Inc.",Technology,Information Technology Services,United States,NYSE,2661642701.0,12.07,40.21,43.87,4,36.0,1368,False,-61.76,13.98,-22.8,-33.57,-53.59,-50.63,-43.99,15.6354,18.1681,26.0091,24.4501,21.548,46934725,1231,2026-09-18,49.08,220517208.0
NASDAQ:LUNR,LUNR,"Intuitive Machines, Inc.",Industrials,Aerospace & Defense,United States,NASDAQ,2233496141.0,13.92,40.21,41.67,4,36.0,1369,False,-69.54,72.92,-30.49,-23.15,-6.05,23.16,26.5,20.0262,18.1126,14.8162,11.3021,11.0037,99124381,1213,2026-09-18,45.44,160452309.0
NYSE:PDM,PDM,"Piedmont Realty Trust, Inc.",Real Estate,REIT - Office,United States,NYSE,1142462692.0,9.13,40.21,43.73,4,36.0,1370,False,-8.33,42.88,7.5,7.68,10.01,18.39,20.48,8.4929,8.479,8.2996,7.712,7.5781,18077303,1255,2026-09-18,45.3,125132825.0
NASDAQ:GOSS,GOSS,"Gossamer Bio, Inc.",Healthcare,Biotechnology,United States,NASDAQ,5245325327.0,10.73,40.22,41.8,4,36.1,1371,False,-96.46,3.37,-86.17,-89.8,-89.58,-88.35,-92.6,77.6016,105.1854,102.9414,92.1137,145.0726,4168999,1255,2026-09-18,45.62,488846722.0
NASDAQ:MDLZ,MDLZ,"Mondelez International, Inc.",Consumer Defensive,Confectioners,United States,NASDAQ,77663345268.0,60.85,40.22,44.86,4,36.1,1372,False,-6.37,20.15,3.56,3.78,0.61,-1.85,-1.84,58.7595,58.636,60.4834,61.9984,61.9934,486958031,1255,2026-09-18,48.09,1276308057.0
NYSE:ATS,ATS,ATS Corporation,Industrials,Specialty Industrial Machinery,Canada,NYSE,1876117933.0,19.34,40.23,38.06,4,36.2,1373,True,-45.34,4.6,-31.02,-30.23,-31.43,-36.91,-40.91,28.038,27.7184,28.2038,30.6536,32.7276,6014704,1255,2026-09-18,38.01,97007132.0
NASDAQ:HAIN,HAIN,"The Hain Celestial Group, Inc.",Consumer Defensive,Packaged Foods,United States,NASDAQ,50541950.0,0.56,40.23,43.87,4,36.2,1374,False,-66.06,14.29,-29.94,-38.61,-78.9,-88.12,-92.55,0.7993,0.9121,2.6543,4.7151,7.5218,1818432,1255,2026-09-18,41.14,90253483.0
NYSE:OII,OII,"Oceaneering International, Inc.",Energy,Oil & Gas Equipment & Services,United States,NYSE,4607227267.0,46.29,40.23,45.03,4,36.2,1375,True,-14.45,108.51,23.08,33.14,59.85,71.55,88.48,37.6103,34.769,28.9581,26.9837,24.5601,46733927,1255,2026-09-18,39.87,99529645.0
NASDAQ:WLFC,WLFC,Willis Lease Finance Corporation,Industrials,Rental & Leasing Services,United States,NASDAQ,1298239743.0,54.32,40.23,40.97,4,36.2,1376,False,-31.91,42.51,-10.24,-4.54,-2.96,24.4,48.49,60.5154,56.9052,55.9796,43.6639,36.5824,9597378,1255,2026-09-18,41.53,23899848.0
NASDAQ:AMCI,AMCI,AMC Robotics Corporation,Technology,Computer Hardware,United States,NASDAQ,75694536.0,3.35,40.24,41.75,4,36.2,1377,False,-84.91,23.62,-43.19,-50.5,-63.61,-65.68,,5.8973,6.7681,9.2071,9.7607,,559684,916,2026-09-18,40.24,22595384.0
NASDAQ:AGNT,AGNT,"AGNT, Inc.",Real Estate,Real Estate Services,United States,NASDAQ,622787672.0,3.79,40.28,41.84,4,36.3,1378,False,-66.94,2.57,-38.94,-46.51,-56.78,-61.35,-65.0,6.2066,7.0849,8.7684,9.8062,10.8296,6386500,1255,2026-09-18,42.38,164323924.0
NYSE:BARK,BARK,"BARK, Inc.",Consumer Cyclical,Specialty Retail,United States,NYSE,79765425.0,8.83,40.29,43.18,4,36.3,1379,False,-53.03,6.39,-24.4,-29.75,-56.7,-59.31,-62.8,11.6796,12.5694,20.3924,21.7004,23.7388,522718,1255,2026-09-18,41.25,9033457.0
NASDAQ:FNKO,FNKO,"Funko, Inc.",Consumer Cyclical,Leisure,United States,NASDAQ,300416962.0,5.38,40.29,43.75,4,36.3,1380,False,-24.23,91.46,14.9,22.67,-14.47,-20.99,-32.55,4.6823,4.3858,6.2904,6.8088,7.9763,7029759,1255,2026-09-18,39.75,55839584.0
NASDAQ:COCO,COCO,"The Vita Coco Company, Inc.",Consumer Defensive,Beverages - Non-Alcoholic,United States,NASDAQ,3229977020.0,55.82,40.3,39.83,4,36.3,1381,False,-33.56,43.09,-8.78,-2.85,21.56,42.36,63.55,61.1899,57.455,45.9205,39.2111,34.131,81926065,1232,2026-09-18,41.38,57864153.0
NYSE:PLOW,PLOW,"Douglas Dynamics, Inc.",Consumer Cyclical,Auto Parts,United States,NYSE,922463909.0,39.89,40.3,41.42,4,36.3,1382,False,-25.86,38.76,-4.04,1.71,23.31,35.49,36.55,41.5688,39.2192,32.3499,29.4411,29.2126,7410085,1255,2026-09-18,40.03,23125192.0
NYSE:SPGI,SPGI,S&P Global Inc.,Financial Services,Financial Data & Stock Exchanges,United States,NYSE,119488336000.0,405.32,40.31,43.82,4,36.4,1383,True,-21.04,10.4,-4.83,-6.34,-11.22,-7.41,-1.25,425.886,432.7353,456.5258,437.7776,410.4341,791083420,1255,2026-09-18,39.45,294800000.0
NASDAQ:LKQ,LKQ,LKQ Corporation,Consumer Cyclical,Auto Parts,United States,NASDAQ,5894948604.0,23.3,40.32,42.38,4,36.4,1384,False,-30.79,5.0,-16.55,-17.25,-27.02,-33.93,-39.66,27.9224,28.1556,31.9283,35.2669,38.6124,80899916,1255,2026-09-18,44.01,253002086.0
NASDAQ:ABNB,ABNB,"Airbnb, Inc.",Consumer Cyclical,Travel Services,United States,NASDAQ,69734202798.0,166.22,40.34,46.68,4,36.5,1385,True,-12.75,49.02,17.22,20.69,23.59,21.63,26.32,141.8067,137.7283,134.4891,136.663,131.5873,811345395,1255,2026-09-18,39.86,419529556.0
NASDAQ:TLS,TLS,Telos Corporation,Technology,Software - Infrastructure,United States,NASDAQ,304514042.0,4.07,40.34,42.79,4,36.5,1386,False,-47.55,4.9,-12.77,-19.92,-3.96,1.17,-0.53,4.6658,5.0824,4.2379,4.0229,4.0918,3212157,1255,2026-09-18,42.58,74819175.0
NASDAQ:CHDN,CHDN,"Churchill Downs, Incorporated",Consumer Cyclical,Gambling,United States,NASDAQ,5709146904.0,81.91,40.36,42.89,4,36.5,1387,False,-30.34,1.63,-11.95,-12.87,-21.92,-26.72,-27.91,93.0289,94.0046,104.9013,111.7837,113.6151,89425062,1255,2026-09-18,40.96,69700243.0
NASDAQ:SIFY,SIFY,Sify Technologies Limited - American Depository Shares,Communication Services,Telecom Services,India,NASDAQ,989456841.0,13.66,40.36,42.42,4,36.5,1388,False,-21.27,31.73,-5.79,-2.97,45.72,58.23,52.82,14.5001,14.0775,9.3739,8.6333,8.9388,347869,1255,2026-09-18,42.0,72434615.0
NASDAQ:QNST,QNST,"QuinStreet, Inc.",Communication Services,Advertising Agencies,United States,NASDAQ,1008166244.0,17.55,40.38,46.34,4,36.5,1389,False,-20.3,66.19,22.62,21.95,6.43,10.21,17.37,14.3127,14.3915,16.4893,15.9243,14.9533,17745301,1255,2026-09-18,41.34,57445370.0
NYSE:COSO,COSO,"CoastalSouth Bancshares, Inc.",Financial Services,Banks - Regional,United States,NYSE,323001806.0,26.91,40.39,45.06,4,36.6,1390,False,-3.93,28.34,5.74,9.11,,,,25.4485,24.6627,,,,3569716,343,2026-09-18,46.2,12003040.0
NASDAQ:NWL,NWL,Newell Brands Inc.,Consumer Defensive,Household & Personal Products,United States,NASDAQ,2328604191.0,5.48,40.39,45.62,4,36.6,1391,False,-13.56,88.28,22.51,24.59,1.08,-6.18,-21.2,4.473,4.3983,5.4215,5.8411,6.9544,40568101,1255,2026-09-18,43.37,424927772.0
NASDAQ:SERV,SERV,Serve Robotics Inc.,Industrials,Integrated Freight & Logistics,United States,NASDAQ,375247919.0,4.41,40.39,40.53,4,36.6,1392,False,-75.06,2.8,-48.08,-52.6,-55.75,,,8.4946,9.304,9.9653,,,16331487,635,2026-09-18,36.58,85090231.0
NYSE:AWR,AWR,American States Water Company,Utilities,Utilities - Regulated Water,United States,NYSE,3353715317.0,85.57,40.4,45.76,4,36.6,1393,False,-6.07,24.88,10.05,11.85,12.76,14.68,11.82,77.7549,76.5071,75.8881,74.6194,76.5252,18543419,1255,2026-09-18,45.4,39192653.0
NASDAQ:CSGP,CSGP,"CoStar Group, Inc.",Real Estate,Real Estate Services,United States,NASDAQ,11787197835.0,29.09,40.41,43.57,4,36.7,1394,False,-67.41,7.18,-30.82,-40.44,-54.56,-58.43,-59.54,42.0502,48.8405,64.0144,69.9843,71.8929,226760180,1255,2026-09-18,41.32,405197588.0
NYSE:HAL,HAL,Halliburton Company,Energy,Oil & Gas Equipment & Services,United States,NYSE,28102779805.0,33.64,40.42,44.14,4,36.7,1395,False,-21.03,57.29,-3.68,2.45,18.51,11.09,9.2,34.927,32.8363,28.3863,30.2815,30.8067,415218181,1255,2026-09-18,42.41,835397735.0
NYSE:DCH,DCH,Dauch Corporation,Consumer Cyclical,Auto Parts,United States,NYSE,1398090051.0,5.89,40.43,44.69,4,36.7,1396,False,-34.56,15.72,-7.46,-6.71,2.21,-5.9,-12.91,6.3649,6.3137,5.7624,6.2594,6.7633,17763348,1255,2026-09-18,44.49,237366732.0
NYSE:EQBK,EQBK,"Equity Bancshares, Inc.",Financial Services,Banks - Regional,United States,NYSE,1008400451.0,49.03,40.43,44.61,4,36.7,1397,False,-5.22,27.93,4.77,7.6,13.91,25.4,35.95,46.7999,45.5659,43.041,39.099,36.0642,5180990,1255,2026-09-18,40.92,20567009.0
NASDAQ:AFYA,AFYA,Afya Limited,Consumer Defensive,Education & Training Services,Brazil,NASDAQ,719147450.0,13.6,40.45,43.39,4,36.8,1398,False,-14.25,7.91,-4.14,-4.28,-9.64,-14.01,-10.12,14.1875,14.2079,15.0516,15.8166,15.132,3892017,1255,2026-09-18,41.14,52878489.0
NYSE:NVRI,NVRI,Enviri Corporation,Industrials,Waste Management,United States,NYSE,579499325.0,20.62,40.46,44.1,4,36.8,1399,False,-13.58,79.46,3.64,11.41,53.06,75.06,93.48,19.8961,18.5076,13.4719,11.7786,10.6577,7047048,1255,2026-09-18,39.8,28103750.0
NASDAQ:HLIT,HLIT,Harmonic Inc.,Technology,Communication Equipment,United States,NASDAQ,1204310440.0,11.1,40.47,42.51,4,36.8,1400,True,-35.13,25.42,-3.33,-0.82,0.82,-1.58,-7.19,11.482,11.1917,11.0098,11.2778,11.9605,17033627,1255,2026-09-18,38.86,108496436.0
NYSE:IIPR,IIPR,"Innovative Industrial Properties, Inc.",Real Estate,REIT - Industrial,United States,NYSE,1612722034.0,55.62,40.47,42.43,4,36.8,1401,False,-13.99,38.93,5.42,8.0,-2.13,-11.53,-10.58,52.7612,51.5012,56.8281,62.8675,62.1982,18834583,1255,2026-09-18,45.38,28995362.0
NASDAQ:ACLS,ACLS,"Axcelis Technologies, Inc.",Technology,Semiconductor Equipment & Materials,United States,NASDAQ,3359829620.0,109.32,40.48,41.28,4,36.9,1402,False,-42.94,47.49,-7.39,-1.8,19.5,6.47,1.79,118.0419,111.3256,91.479,102.6811,107.399,38511831,1255,2026-09-18,33.93,30733897.0
NASDAQ:CACC,CACC,Credit Acceptance Corporation,Financial Services,Credit Services,United States,NASDAQ,6048954459.0,578.29,40.48,44.79,4,36.9,1403,False,-12.01,40.69,9.93,12.53,15.73,15.65,17.54,526.0384,513.9087,499.6904,500.0189,491.9798,69250645,1255,2026-09-18,46.41,10460071.0
NYSE:F,F,Ford Motor Company,Consumer Cyclical,Auto Manufacturers,United States,NYSE,51740182837.0,13.21,40.48,43.23,4,36.9,1404,False,-23.43,21.17,-0.55,1.45,16.31,20.58,22.86,13.2828,13.0212,11.3572,10.9558,10.7517,663923603,1255,2026-09-18,45.38,3916743591.0
NASDAQ:SLN,SLN,Silence Therapeutics Plc - American Depository Share,Healthcare,Biotechnology,United Kingdom,NASDAQ,576262279.0,12.2,40.49,47.04,4,37.0,1405,False,-20.93,183.72,53.13,60.48,61.44,11.2,14.68,7.9672,7.6021,7.5568,10.9711,10.6385,10258864,1255,2026-09-18,45.12,47234613.0
NASDAQ:SHOP,SHOP,Shopify Inc. - Class A Subordinate Voting Shares,Technology,Software - Application,Canada,NASDAQ,156716161712.0,128.5,40.51,44.76,4,37.0,1406,False,-28.22,34.7,-1.42,-5.42,5.48,23.52,42.96,130.3452,135.8667,121.8194,104.0344,89.8829,1093309881,1255,2026-09-18,40.6,1219581025.0
NASDAQ:LBRX,LBRX,LB Pharmaceuticals Inc,Healthcare,Biotechnology,United States,NASDAQ,1217897410.0,42.47,40.52,47.13,4,37.0,1407,True,-14.17,190.69,41.71,57.0,,,,29.9697,27.0517,,,,12866349,257,2026-09-18,39.09,28676652.0
NYSE:PSA,PSA,Public Storage,Real Estate,REIT - Industrial,United States,NYSE,55334632590.0,296.31,40.53,41.68,4,37.0,1408,False,-9.42,18.1,1.1,2.45,2.8,6.76,9.33,293.0965,289.2237,288.2425,277.5351,271.0196,256793098,1255,2026-09-18,44.94,186745748.0
NYSE:CUZ,CUZ,Cousins Properties Incorporated,Real Estate,REIT - Office,United States,NYSE,4656592221.0,28.29,40.57,42.64,4,37.1,1409,False,-12.41,35.88,7.89,8.33,5.65,14.44,20.65,26.2223,26.1138,26.7761,24.7198,23.4472,38008405,1255,2026-09-18,40.57,164602058.0
NASDAQ:FLYW,FLYW,Flywire Corporation - Voting,Technology,Software - Infrastructure,United States,NASDAQ,2107582670.0,17.34,40.57,45.63,4,37.1,1410,False,-11.26,62.97,16.12,18.64,18.71,1.85,-11.27,14.9331,14.616,14.6066,17.0255,19.5415,24862916,1255,2026-09-18,44.94,121544560.0
NYSE:UAMY,UAMY,United States Antimony Corporation,Basic Materials,Other Industrial Metals & Mining,United States,NYSE,686099430.0,4.63,40.57,41.97,4,37.1,1411,False,-73.5,3.12,-39.22,-40.67,-7.7,34.23,72.53,7.6172,7.8041,5.016,3.4493,2.6835,32121877,1255,2026-09-18,40.15,148185622.0
AMEX:REA,REA,"Rare Earths Americas, Inc.",Basic Materials,Other Industrial Metals & Mining,United States,AMEX,225350432.0,11.32,40.58,42.77,4,37.1,1412,False,-58.99,24.67,,,,,,,,,,,1386445,95,2026-09-18,38.55,19907282.0
NYSE:EXR,EXR,Extra Space Storage Inc,Real Estate,REIT - Industrial,United States,NYSE,28882661274.0,136.71,40.59,41.65,4,37.2,1413,False,-9.51,13.01,-1.23,-0.41,-2.09,0.47,1.47,138.4148,137.268,139.6326,136.0674,134.7351,179327302,1255,2026-09-18,46.48,211269558.0
NYSE:GRC,GRC,Gorman-Rupp Company (The),Industrials,Specialty Industrial Machinery,United States,NYSE,1934550300.0,73.25,40.6,41.67,4,37.2,1414,True,-19.96,69.46,6.95,15.04,44.52,62.7,82.69,68.4911,63.6721,50.6852,45.0219,40.0944,14084706,1255,2026-09-18,35.08,26410243.0
NASDAQ:BTSG,BTSG,"BrightSpring Health Services, Inc.",Healthcare,Health Information Services,United States,NASDAQ,11143552633.0,56.78,40.61,42.66,4,37.2,1415,True,-22.12,111.47,10.84,20.48,69.78,,,51.2262,47.1263,33.4427,,,151561143,664,2026-09-18,40.05,196258412.0
NASDAQ:FENC,FENC,Fennec Pharmaceuticals Inc.,Healthcare,Biotechnology,United States,NASDAQ,368907259.0,10.62,40.65,45.43,4,37.3,1416,False,-16.9,84.06,21.0,21.68,38.39,35.42,32.11,8.7771,8.7278,7.6742,7.8422,8.0388,3023566,1255,2026-09-18,42.38,34737030.0
NYSE:BY,BY,"Byline Bancorp, Inc.",Financial Services,Banks - Regional,United States,NYSE,1703755398.0,37.52,40.67,45.43,4,37.3,1417,False,-5.61,48.03,11.4,16.12,26.52,39.05,48.38,33.6798,32.3118,29.6549,26.9833,25.2862,11252963,1255,2026-09-18,41.63,45409259.0
NYSE:PSFE,PSFE,Paysafe Limited,Technology,Software - Infrastructure,United Kingdom,NYSE,319305349.0,6.23,40.69,42.09,4,37.3,1418,False,-55.75,3.66,-16.89,-24.12,-50.04,-53.43,-55.14,7.4962,8.2098,12.4694,13.3779,13.8866,2131947,1255,2026-09-18,41.18,51252865.0
NASDAQ:AROW,AROW,Arrow Financial Corporation,Financial Services,Banks - Regional,United States,NASDAQ,626780400.0,37.92,40.7,43.76,4,37.4,1419,False,-10.08,50.59,6.36,11.48,25.86,37.5,43.67,35.6517,34.0155,30.1279,27.5787,26.3946,3741612,1255,2026-09-18,42.52,16529019.0
NASDAQ:GOAI,GOAI,Eva Live Inc.,Technology,Software - Infrastructure,United States,NASDAQ,75628255.0,2.07,40.7,44.02,4,37.4,1420,False,-72.83,33.55,,,,,,,,,,,506410,162,2026-09-18,41.67,36535389.0
NASDAQ:PSMT,PSMT,"PriceSmart, Inc.",Consumer Defensive,Discount Stores,United States,NASDAQ,5204935978.0,168.66,40.7,42.51,4,37.4,1421,False,-14.44,47.97,5.81,11.68,36.87,56.8,73.19,159.4005,151.0243,123.2244,107.5606,97.3844,38265651,1255,2026-09-18,39.81,30860524.0
NYSE:WNC,WNC,Wabash National Corporation,Industrials,Farm & Heavy Construction Machinery,United States,NYSE,483142872.0,11.86,40.7,44.78,4,37.4,1422,False,-17.12,76.25,15.71,19.67,4.18,-20.24,-28.5,10.2499,9.9107,11.3836,14.8694,16.5878,8577970,1255,2026-09-18,42.99,40737173.0
NASDAQ:EVLV,EVLV,"Evolv Technologies Holdings, Inc.",Industrials,Security & Protection Services,United States,NASDAQ,901155764.0,5.01,40.72,41.66,4,37.4,1423,False,-41.74,2.24,-16.43,-20.26,-8.05,1.65,6.57,5.995,6.2826,5.4487,4.9288,4.701,10588521,1255,2026-09-18,41.73,179871410.0
NASDAQ:ADSK,ADSK,"Autodesk, Inc.",Technology,Software - Application,United States,NASDAQ,45807962204.0,216.95,40.73,43.55,4,37.5,1424,False,-33.22,15.57,-10.9,-15.45,-20.64,-16.58,-11.78,243.497,256.5832,273.3816,260.0787,245.9086,577415301,1255,2026-09-18,41.61,211145251.0
NASDAQ:BL,BL,"BlackLine, Inc.",Technology,Software - Application,United States,NASDAQ,1650718204.0,28.14,40.73,43.78,4,37.5,1425,False,-52.17,11.53,-23.87,-30.38,-40.99,-44.01,-46.78,36.9624,40.4217,47.6887,50.258,52.8754,28897405,1255,2026-09-18,41.98,58660917.0
NYSE:MGA,MGA,"Magna International, Inc.",Consumer Cyclical,Auto Parts,Canada,NYSE,17190980332.0,63.15,40.76,43.56,4,37.5,1426,False,-13.55,48.37,4.76,10.1,32.23,34.43,32.68,60.2813,57.3577,47.7586,46.9751,47.5955,82394500,1255,2026-09-18,45.12,272224550.0
NYSE:ACRE,ACRE,Ares Commercial Real Estate Corporation,Real Estate,REIT - Mortgage,United States,NYSE,243007275.0,4.38,40.77,43.4,4,37.5,1427,False,-18.14,9.81,-6.4,-4.65,-3.3,-12.4,-18.98,4.6795,4.5935,4.5294,4.9999,5.4063,1489128,1255,2026-09-18,38.92,55481113.0
NASDAQ:EIKN,EIKN,"Eikon Therapeutics, Inc.",Healthcare,Biotechnology,United States,NASDAQ,484540721.0,8.95,40.78,43.39,4,37.6,1428,False,-44.96,7.06,,,,,,,,,,,6188964,156,2026-09-18,37.41,54138628.0
NASDAQ:GTX,GTX,Garrett Motion Inc.,Consumer Cyclical,Auto Parts,United States,NASDAQ,4899181986.0,26.27,40.78,41.57,4,37.6,1429,False,-27.28,113.34,8.58,17.97,64.65,95.73,120.89,24.1946,22.2676,15.9553,13.4218,11.8927,83347566,1255,2026-09-18,40.69,186493414.0
NYSE:OTIS,OTIS,Otis Worldwide Corporation,Industrials,Specialty Industrial Machinery,United States,NYSE,26083463108.0,68.52,40.78,42.48,4,37.6,1430,False,-25.92,0.93,-12.52,-14.8,-21.28,-21.22,-18.62,78.3273,80.4255,87.0479,86.9755,84.2022,305387704,1255,2026-09-18,41.46,380669339.0
NYSE:BMY,BMY,Bristol-Myers Squibb Company,Healthcare,Drug Manufacturers - General,United States,NYSE,128813586207.0,63.06,40.8,46.56,4,37.6,1431,True,-7.39,53.03,8.55,14.29,20.89,27.75,21.72,58.0949,55.1776,52.1645,49.3634,51.8081,595140582,1255,2026-09-18,39.33,2042714656.0
NASDAQ:FCBC,FCBC,"First Community Bankshares, Inc.",Financial Services,Banks - Regional,United States,NASDAQ,885038257.0,46.91,40.82,46.14,4,37.7,1432,True,-5.33,57.29,13.82,19.58,23.64,32.75,42.47,41.2156,39.2284,37.9408,35.3369,32.9252,4977606,1255,2026-09-18,39.21,18866729.0
NASDAQ:IBCP,IBCP,Independent Bank Corporation,Financial Services,Banks - Regional,United States,NASDAQ,746429843.0,36.23,40.82,44.93,4,37.7,1433,True,-5.9,23.78,4.57,7.3,10.84,22.75,36.27,34.645,33.765,32.687,29.5142,26.5866,6410451,1255,2026-09-18,40.68,20602535.0
NASDAQ:INTA,INTA,"Intapp, Inc.",Technology,Software - Application,United States,NASDAQ,2790400355.0,36.21,40.82,47.87,4,37.7,1434,False,-24.04,89.18,17.89,10.74,-17.67,-13.01,-8.42,30.7139,32.6968,43.9806,41.6252,39.5396,25426394,1255,2026-09-18,42.52,77061595.0
NYSE:BIPC,BIPC,Brookfield Infrastructure Corporation Brookfield Infrastructure Corporation,Utilities,Utilities - Regulated Gas,United States,NYSE,4475630409.0,36.39,40.83,41.49,4,37.8,1435,False,-26.34,4.89,-12.22,-12.63,-8.23,-1.03,-1.58,41.4544,41.6493,39.6531,36.7702,36.9748,45463795,1255,2026-09-18,38.69,122990668.0
NASDAQ:GRNQ,GRNQ,Greenpro Capital Corp.,Industrials,Consulting Services,Malaysia,NASDAQ,180914077.0,9.98,40.84,43.03,4,37.8,1436,False,-67.06,30.46,-42.13,-40.71,-30.25,-24.88,-26.53,17.2465,16.8316,14.3081,13.2846,13.5829,1910236,1255,2026-09-18,40.87,18127663.0
NYSE:OWLT,OWLT,"Owlet, Inc.",Healthcare,Medical Devices,United States,NYSE,137763142.0,4.74,40.84,42.36,4,37.8,1437,False,-71.31,6.76,-39.87,-42.5,-30.65,-22.19,-26.16,7.8836,8.2435,6.8349,6.0918,6.4195,1210849,1255,2026-09-18,32.39,29063954.0
NASDAQ:AIAI,AIAI,AIAI Holdings Corporation,Industrials,Conglomerates,United States,NASDAQ,250146174.0,3.54,40.85,39.21,4,37.9,1438,True,-80.56,8.26,,,,,,,,,,,6342387,88,2026-09-18,37.36,70662761.0
NASDAQ:CSPI,CSPI,CSP Inc.,Technology,Information Technology Services,United States,NASDAQ,76042445.0,7.55,40.85,43.08,4,37.9,1439,False,-48.89,3.96,-19.83,-23.77,-37.1,-39.32,-29.33,9.4179,9.9039,12.0026,12.4429,10.6838,91287,1255,2026-09-18,43.94,10071847.0
NYSE:WLY,WLY,"John Wiley & Sons, Inc.",Communication Services,Publishing,United States,NYSE,2020250361.0,48.1,40.85,44.31,4,37.9,1440,False,-13.68,69.78,19.51,21.98,18.8,25.42,28.46,40.2467,39.4318,40.4889,38.3497,37.4448,30394854,1255,2026-09-18,45.83,42001047.0
NASDAQ:JOUT,JOUT,Johnson Outdoors Inc.,Consumer Cyclical,Leisure,United States,NASDAQ,411335231.0,44.38,40.86,43.43,4,37.9,1441,False,-16.45,22.7,-3.29,-0.53,18.72,15.88,5.76,45.8888,44.6181,37.3827,38.2991,41.9648,2090836,1255,2026-09-18,39.83,9268482.0
NASDAQ:NNE,NNE,Nano Nuclear Energy Inc.,Industrials,Specialty Industrial Machinery,United States,NASDAQ,844671837.0,15.73,40.86,42.65,4,37.9,1442,False,-72.22,5.71,-35.41,-43.54,-43.59,,,24.353,27.8583,27.8875,,,31379367,593,2026-09-18,46.26,53698146.0
NYSE:PNNT,PNNT,PennantPark Investment Corporation,Financial Services,Asset Management,United States,NYSE,222006720.0,3.4,40.87,44.7,4,38.0,1443,False,-39.58,9.96,-15.8,-20.93,-28.67,-27.64,-22.02,4.0378,4.2997,4.7667,4.6986,4.3602,1973033,1255,2026-09-18,53.25,65296094.0
NYSE:FTS,FTS,Fortis Inc.,Utilities,Utilities - Regulated Electric,Canada,NYSE,27544095030.0,54.1,40.88,42.07,4,38.0,1444,False,-7.3,13.55,-0.98,0.89,10.97,20.61,26.66,54.638,53.621,48.7501,44.8566,42.7129,39064467,1255,2026-09-18,43.98,509132995.0
NASDAQ:MQ,MQ,"Marqeta, Inc.",Technology,Software - Infrastructure,United States,NASDAQ,1510290000.0,15.57,40.89,43.98,4,38.0,1445,False,-33.0,3.52,-7.59,-10.61,-14.47,-21.48,-24.39,16.8494,17.4186,18.2044,19.8294,20.5924,10917730,1255,2026-09-18,43.77,97000000.0
NASDAQ:BOF,BOF,BranchOut Food Inc.,Consumer Defensive,Packaged Foods,United States,NASDAQ,57128792.0,3.73,40.91,43.72,4,38.1,1446,True,-26.72,84.65,0.37,7.11,35.28,57.99,,3.7161,3.4825,2.7572,2.3609,,90887,817,2026-09-18,37.25,15316030.0
NYSE:DD,DD,"DuPont de Nemours, Inc.",Basic Materials,Specialty Chemicals,United States,NYSE,17418852923.0,129.01,40.91,41.72,4,38.1,1447,False,-15.51,41.91,-5.26,-0.42,16.23,24.13,31.51,136.1673,129.5562,110.9919,103.9352,98.1018,163841412,1255,2026-09-18,39.32,135019401.0
NYSE:PLNT,PLNT,"Planet Fitness, Inc.",Consumer Cyclical,Leisure,United States,NYSE,3915977859.0,49.49,40.91,43.05,4,38.1,1448,False,-55.8,12.45,-30.43,-35.84,-43.72,-38.7,-36.8,71.1409,77.1369,87.9322,80.7368,78.3018,89257630,1255,2026-09-18,42.65,79126649.0
NASDAQ:BJRI,BJRI,"BJ's Restaurants, Inc.",Consumer Cyclical,Restaurants,United States,NASDAQ,1251347655.0,59.54,40.92,44.53,4,38.1,1449,False,-19.82,107.53,24.14,32.69,46.25,57.41,65.5,47.9628,44.8713,40.7098,37.8255,35.9748,29253331,1255,2026-09-18,41.91,21016924.0
NYSE:HIPO,HIPO,Hippo Holdings Inc.,Financial Services,Insurance - Property & Casualty,United States,NYSE,824404262.0,31.24,40.92,46.81,4,38.1,1450,False,-17.46,29.68,7.97,3.55,10.63,32.96,44.61,28.9333,30.1694,28.2382,23.4959,21.6032,6050618,1255,2026-09-18,46.65,26389381.0
NYSE:GFF,GFF,Griffon Corporation,Industrials,Building Products & Equipment,United States,NYSE,4275687342.0,93.22,40.93,45.06,4,38.2,1451,True,-12.86,41.01,8.21,11.6,19.98,30.73,51.08,86.1471,83.5323,77.6959,71.3073,61.7035,32158576,1255,2026-09-18,40.3,45866631.0
NASDAQ:ATOM,ATOM,Atomera Incorporated,Technology,Semiconductor Equipment & Materials,United States,NASDAQ,159511980.0,4.12,40.95,39.93,4,38.2,1452,False,-65.98,107.04,-21.99,-16.03,-21.88,-22.78,-30.64,5.2812,4.9067,5.2737,5.3355,5.9399,1818286,1255,2026-09-18,36.11,38716500.0
NYSE:SLG,SLG,SL Green Realty Corp,Real Estate,REIT - Office,United States,NYSE,3704163075.0,52.08,40.95,45.03,4,38.2,1453,False,-13.66,51.77,14.08,11.29,-1.98,4.34,18.0,45.6506,46.7958,53.1317,49.9124,44.1337,43580448,1255,2026-09-18,41.95,71124483.0
NASDAQ:WSBC,WSBC,"WesBanco, Inc.",Financial Services,Banks - Regional,United States,NASDAQ,3775814850.0,39.37,40.95,45.34,4,38.2,1454,True,-6.94,37.79,9.83,13.47,21.91,31.56,34.84,35.847,34.6968,32.2941,29.925,29.1968,40988164,1255,2026-09-18,38.76,95905889.0
NASDAQ:BSET,BSET,"Bassett Furniture Industries, Incorporated",Consumer Cyclical,"Furnishings, Fixtures & Appliances",United States,NASDAQ,154030606.0,17.79,40.97,43.78,4,38.3,1455,False,-17.48,30.93,10.21,12.44,17.52,23.61,24.24,16.1422,15.8218,15.1381,14.3916,14.3195,412651,1255,2026-09-18,35.52,8658269.0
NASDAQ:ERIE,ERIE,Erie Indemnity Company,Financial Services,Insurance Brokers,United States,NASDAQ,11041496705.0,239.05,40.97,45.18,4,38.3,1456,False,-26.34,16.01,-4.47,-8.31,-26.62,-28.48,-22.27,250.2413,260.714,325.7729,334.2463,307.5494,78610792,1255,2026-09-18,44.87,46189068.0
AMEX:KULR,KULR,"KULR Technology Group, Inc.",Technology,Electronic Components,United States,AMEX,109629481.0,2.37,40.97,41.76,4,38.3,1457,False,-56.59,17.33,-23.91,-27.63,-62.36,-52.95,-60.09,3.1147,3.275,6.2967,5.0376,5.9385,1668855,1255,2026-09-18,42.78,46257165.0
NASDAQ:LQDA,LQDA,Liquidia Corporation,Healthcare,Drug Manufacturers - Specialty & Generic,United States,NASDAQ,5947511261.0,66.88,40.97,43.09,4,38.3,1458,False,-26.53,206.79,26.17,41.49,114.73,173.29,233.75,53.0063,47.2684,31.1458,24.4722,20.0391,83750727,1255,2026-09-18,43.93,88928099.0
NASDAQ:NRIM,NRIM,Northrim BanCorp Inc,Financial Services,Banks - Regional,United States,NASDAQ,565906847.0,25.44,40.97,43.95,4,38.3,1459,False,-12.84,32.11,1.05,3.92,15.52,35.96,53.52,25.175,24.4815,22.0217,18.7108,16.5708,3585970,1255,2026-09-18,41.56,22244766.0
NYSE:TRNO,TRNO,Terreno Realty Corporation,Real Estate,REIT - Industrial,United States,NYSE,6950918130.0,65.75,40.97,42.4,4,38.3,1460,False,-12.43,20.51,1.92,4.1,8.8,11.42,14.02,64.5144,63.1605,60.4328,59.0126,57.6666,46263484,1255,2026-09-18,44.55,105717386.0
NASDAQ:RZLV,RZLV,Rezolve AI PLC,Technology,Software - Infrastructure,United Kingdom,NASDAQ,905338622.0,2.27,40.98,43.3,4,38.4,1461,False,-68.38,5.58,-14.66,-26.1,-26.92,-59.97,-66.61,2.66,3.0718,3.1061,5.6711,6.7994,57991133,1218,2026-09-18,40.98,398827587.0
NASDAQ:ESCA,ESCA,"Escalade, Incorporated",Consumer Cyclical,Leisure,United States,NASDAQ,267474818.0,19.43,41.0,45.23,4,38.5,1462,False,-14.03,75.04,13.47,21.07,31.46,33.73,42.44,17.124,16.0488,14.7801,14.5289,13.6405,623578,1255,2026-09-18,41.46,13766074.0
NASDAQ:FORR,FORR,"Forrester Research, Inc.",Industrials,Consulting Services,United States,NASDAQ,215473200.0,11.1,41.0,48.14,4,38.5,1463,False,-12.25,119.8,39.54,37.27,7.56,-21.66,-41.41,7.9544,8.0865,10.3196,14.1686,18.9458,1315093,1255,2026-09-18,43.02,19412000.0
NASDAQ:LNZA,LNZA,"LanzaTech Global, Inc.",Industrials,Waste Management,United States,NASDAQ,74870012.0,5.72,41.0,42.46,4,38.5,1464,False,-86.19,10.0,-52.29,-58.76,-87.68,-95.93,-97.96,11.9901,13.8701,46.4139,140.6721,279.9997,416344,1251,2026-09-18,47.99,13089163.0
NYSE:TE,TE,T1 Energy Inc.,Industrials,Electrical Equipment & Parts,United States,NYSE,1164561655.0,4.17,41.0,41.81,4,38.5,1465,False,-65.37,126.63,-36.45,-29.34,12.07,31.3,-12.09,6.5621,5.9012,3.7208,3.176,4.7433,88299296,1255,2026-09-18,42.8,279271380.0
NASDAQ:AVR,AVR,Anteris Technologies Global Corp.,Healthcare,Medical Instruments & Supplies,Australia,NASDAQ,794312376.0,8.16,41.01,43.86,4,38.6,1466,False,-22.8,141.42,14.95,24.58,,,,7.0984,6.5503,,,,5627887,441,2026-09-18,45.14,97342203.0
NYSE:BKH,BKH,Black Hills Corporation,Utilities,Utilities - Regulated Gas,United States,NYSE,5363225913.0,70.45,41.03,43.42,4,38.6,1467,False,-6.55,24.89,-1.46,1.11,12.29,21.6,23.06,71.495,69.678,62.7396,57.934,57.25,62059647,1255,2026-09-18,44.98,76128118.0
NYSE:OPLN,OPLN,"OPENLANE, Inc.",Consumer Cyclical,Auto & Truck Dealerships,United States,NYSE,3630773053.0,34.27,41.03,42.49,4,38.6,1468,True,-20.12,39.93,3.49,7.87,28.85,48.78,64.64,33.1149,31.7693,26.5969,23.0343,20.8157,40178145,1255,2026-09-18,40.94,105946106.0
NASDAQ:OPTX,OPTX,"Syntec Optics Holdings, Inc.",Technology,Electronic Components,United States,NASDAQ,273500372.0,6.79,41.03,42.93,4,38.6,1469,False,-51.88,443.2,-8.29,7.96,73.01,61.77,18.9,7.4041,6.2895,3.9246,4.1973,5.7107,1759385,1166,2026-09-18,40.09,40279878.0
NYSE:FSS,FSS,Federal Signal Corporation,Industrials,Farm & Heavy Construction Machinery,United States,NYSE,6948366580.0,113.83,41.05,43.6,4,38.7,1470,True,-14.86,8.92,-1.19,-1.45,7.73,18.09,33.71,115.2002,115.5024,105.6644,96.3914,85.1332,47147514,1255,2026-09-18,40.92,61041611.0
NASDAQ:SAIA,SAIA,"Saia, Inc.",Industrials,Trucking,United States,NASDAQ,9128598723.0,342.22,41.05,41.07,4,38.7,1471,True,-29.75,36.63,-11.9,-7.06,-9.06,-14.73,-7.99,388.4379,368.2089,376.3074,401.3185,371.9524,128530458,1255,2026-09-18,40.75,26674650.0
NASDAQ:CCOI,CCOI,"Cogent Communications Holdings, Inc.",Communication Services,Telecom Services,United States,NASDAQ,451199744.0,9.01,41.06,41.01,4,38.7,1472,False,-79.92,3.92,-49.33,-57.39,-77.53,-80.64,-81.19,17.7818,21.1447,40.0928,46.5343,47.9086,20413842,1255,2026-09-18,42.67,50077663.0
NYSE:RYZ,RYZ,Ryerson Holding Corporation,Industrials,Metal Fabrication,United States,NYSE,1259580308.0,24.27,41.06,42.96,4,38.7,1473,False,-21.22,24.9,-6.58,-3.31,4.83,1.41,-5.46,25.9805,25.0999,23.1509,23.9334,25.6714,11176511,1255,2026-09-18,43.35,51898653.0
NASDAQ:EVER,EVER,"EverQuote, Inc.",Communication Services,Internet Content & Information,United States,NASDAQ,735134660.0,23.14,41.08,44.69,4,38.8,1474,True,-16.97,62.16,8.55,6.82,5.27,15.21,32.1,21.3165,21.6631,21.9807,20.0853,17.5174,14455382,1255,2026-09-18,39.08,31769000.0
NASDAQ:LWLG,LWLG,"Lightwave Logic, Inc.",Basic Materials,Specialty Chemicals,United States,NASDAQ,785806123.0,5.1,41.1,41.27,4,38.8,1475,False,-72.01,71.72,-29.42,-23.95,17.27,20.31,6.82,7.2262,6.7062,4.3489,4.2391,4.7743,12823029,1255,2026-09-18,39.66,154079632.0
NASDAQ:PMTS,PMTS,CPI Card Group Inc.,Financial Services,Credit Services,United States,NASDAQ,277021177.0,24.14,41.1,46.0,4,38.8,1476,False,-20.85,113.82,34.37,39.38,13.83,14.28,5.05,17.9655,17.3194,21.2076,21.1231,22.9799,5895698,1255,2026-09-18,41.25,11475608.0
NASDAQ:WTF,WTF,Waton Financial Limited,Financial Services,Capital Markets,Hong Kong,NASDAQ,121558429.0,2.52,41.1,43.0,4,38.8,1477,False,-62.78,4.13,-23.65,-32.2,,,,3.3004,3.7169,,,,6723,369,2026-09-18,45.13,48237472.0
NASDAQ:FHB,FHB,"First Hawaiian, Inc.",Financial Services,Banks - Regional,United States,NASDAQ,3134380174.0,25.76,41.11,41.24,4,38.9,1478,False,-14.29,17.76,-1.93,0.15,4.65,13.26,17.87,26.2669,25.7208,24.6153,22.745,21.8549,50187722,1255,2026-09-18,41.9,121676249.0
NASDAQ:SELF,SELF,"Global Self Storage, Inc.",Real Estate,REIT - Specialty,United States,NASDAQ,57451312.0,5.03,41.11,44.19,4,38.9,1479,False,-9.99,9.66,0.25,1.46,3.66,9.89,12.36,5.0173,4.9578,4.8525,4.5772,4.4765,149653,1255,2026-09-18,42.26,11421732.0
NASDAQ:FSLR,FSLR,"First Solar, Inc.",Technology,Solar,United States,NASDAQ,21059779656.0,195.96,41.12,42.27,4,39.0,1480,False,-38.43,6.1,-14.09,-15.16,-3.63,-0.53,2.08,228.1044,230.9751,203.3372,197.0117,191.9699,413660002,1255,2026-09-18,44.13,107469788.0
NASDAQ:SLM,SLM,SLM Corporation,Financial Services,Credit Services,United States,NASDAQ,4718800000.0,25.1,41.12,45.05,4,39.0,1481,True,-17.19,36.32,3.9,1.63,-4.31,6.74,18.47,24.1584,24.6973,26.2295,23.5147,21.1869,48467393,1255,2026-09-18,39.92,188000000.0
NYSE:ZGN,ZGN,Ermenegildo Zegna N.V.,Consumer Cyclical,Apparel Manufacturing,Italy,NYSE,3297555094.0,12.29,41.13,41.36,4,39.0,1482,False,-19.41,42.91,2.74,6.62,25.2,17.85,13.99,11.9621,11.5269,9.8163,10.4286,10.7815,15422386,1191,2026-09-18,42.14,268312050.0
NASDAQ:EYE,EYE,"National Vision Holdings, Inc.",Consumer Cyclical,Specialty Retail,United States,NASDAQ,1351968722.0,16.875,41.14,41.37,4,39.0,1483,False,-42.72,9.29,-26.58,-28.83,-13.94,-9.78,-20.87,22.9851,23.712,19.6085,18.7036,21.3248,40909571,1255,2026-09-18,41.08,80116665.0
NYSE:KBDC,KBDC,"Kayne Anderson BDC, Inc.",Financial Services,Asset Management,United States,NYSE,867194526.0,13.07,41.17,42.63,4,39.0,1484,False,-11.94,8.42,-4.18,-3.22,-3.83,,,13.6397,13.5052,13.5909,,,4758996,583,2026-09-18,46.68,66350002.0
NASDAQ:AEVA,AEVA,"Aeva Technologies, Inc.",Technology,Software - Infrastructure,United States,NASDAQ,999521004.0,14.8,41.18,42.79,4,39.1,1485,False,-49.47,61.04,-14.45,-11.67,10.17,45.75,56.66,17.3002,16.7558,13.4332,10.154,9.4474,23491326,1255,2026-09-18,42.97,67535203.0
NYSE:C,C,"Citigroup, Inc.",Financial Services,Banks - Diversified,United States,NYSE,221030998000.0,131.77,41.2,44.99,4,39.1,1486,False,-9.08,43.25,6.4,11.17,37.18,62.4,85.02,123.8485,118.5282,96.0595,81.1411,71.2178,1283116398,1255,2026-09-18,43.33,1677400000.0
NASDAQ:EVCM,EVCM,EverCommerce Inc.,Technology,Software - Application,United States,NASDAQ,1374906947.0,7.77,41.2,40.19,4,39.1,1487,True,-42.01,23.14,-27.5,-27.2,-27.04,-25.38,-24.63,10.7177,10.6729,10.6493,10.4125,10.3092,1363569,1255,2026-09-18,39.94,176950701.0
NYSE:GCO,GCO,Genesco Inc.,Consumer Cyclical,Apparel Retail,United States,NYSE,363864435.0,32.76,41.2,43.32,4,39.1,1488,False,-23.31,49.25,1.87,2.85,7.98,10.19,3.58,32.1583,31.8517,30.3378,29.7305,31.6266,8972984,1255,2026-09-18,43.31,11106973.0
NASDAQ:VLY,VLY,Valley National Bancorp,Financial Services,Banks - Regional,United States,NASDAQ,7516209069.0,13.59,41.2,42.92,4,39.1,1489,False,-9.82,44.67,4.09,8.65,27.4,41.9,45.77,13.0565,12.5078,10.6671,9.5769,9.3229,90936663,1255,2026-09-18,43.05,553069100.0
NASDAQ:ONB,ONB,Old National Bancorp,Financial Services,Banks - Regional,United States,NASDAQ,9667543900.0,25.27,41.21,44.33,4,39.2,1490,False,-6.88,32.07,5.13,8.27,15.11,27.68,36.8,24.037,23.3409,21.9533,19.791,18.4719,95774489,1255,2026-09-18,41.95,382570000.0
NASDAQ:VRTX,VRTX,Vertex Pharmaceuticals Incorporated,Healthcare,Biotechnology,United States,NASDAQ,129019445678.0,508.34,41.21,46.7,4,39.2,1491,False,-8.89,34.97,8.12,10.84,11.29,14.23,22.9,470.1541,458.6266,456.7809,444.9996,413.6146,529695075,1255,2026-09-18,45.31,253805417.0
NASDAQ:HBNB,HBNB,Hotel101 Global Holdings Corp.,Real Estate,Real Estate Services,Singapore,NASDAQ,1174140481.0,5.017,41.23,42.55,4,39.3,1492,False,-49.83,68.36,-24.08,-19.33,,,,6.6087,6.2193,,,,12609,326,2026-09-18,46.41,234032386.0
NASDAQ:SOLS,SOLS,Solstice Advanced Materials Inc.,Basic Materials,Specialty Chemicals,United States,NASDAQ,9103542717.0,57.31,41.24,42.38,4,39.3,1493,False,-35.23,38.77,-16.41,,,,,68.5584,,,,,195110726,230,2026-09-18,44.8,158847369.0
NYSE:NJR,NJR,NewJersey Resources Corporation,Utilities,Utilities - Regulated Gas,United States,NYSE,5381138272.0,53.32,41.25,42.29,4,39.3,1494,False,-11.21,24.24,0.31,3.52,10.88,17.95,20.09,53.1551,51.5073,48.088,45.207,44.4008,34070621,1255,2026-09-18,42.51,100921573.0
NYSE:BDC,BDC,Belden Inc,Technology,Communication Equipment,United States,NYSE,4334552946.0,110.92,41.26,44.05,4,39.3,1495,False,-26.4,11.51,-7.29,-6.86,-5.08,4.17,10.71,119.638,119.0879,116.8537,106.4807,100.1938,50198509,1255,2026-09-18,42.33,39078191.0
NYSE:OTF,OTF,Blue Owl Technology Finance Corp.,Financial Services,Asset Management,United States,NYSE,4899380940.0,10.59,41.26,45.07,4,39.3,1496,False,-22.61,7.29,-6.42,-8.63,,,,11.3159,11.59,,,,26503792,319,2026-09-18,47.36,462642204.0
NASDAQ:FANG,FANG,"Diamondback Energy, Inc.",Energy,Oil & Gas E&P,United States,NASDAQ,54130304609.0,192.42,41.27,44.95,4,39.4,1497,False,-9.03,43.53,5.99,11.07,19.07,18.2,25.89,181.5382,173.2416,161.6084,162.7917,152.8482,612252832,1255,2026-09-18,45.35,281313297.0
NASDAQ:UTHR,UTHR,United Therapeutics Corporation,Healthcare,Drug Manufacturers - Specialty & Generic,United States,NASDAQ,24633621626.0,494.63,41.27,42.13,4,39.4,1498,False,-17.11,20.68,-5.67,-2.67,17.44,34.68,47.79,524.3504,508.2209,421.188,367.275,334.6855,345746602,1255,2026-09-18,42.74,49802118.0
NYSE:CAL,CAL,"Caleres, Inc.",Consumer Cyclical,Apparel Retail,United States,NYSE,394343595.0,11.74,41.29,43.89,4,39.4,1499,False,-19.88,34.83,-5.59,-4.79,-25.84,-44.77,-45.86,12.4357,12.3313,15.8309,21.2574,21.6858,7651671,1255,2026-09-18,44.75,33589744.0
NYSE:BBAI,BBAI,"BigBear.ai, Inc.",Technology,Information Technology Services,United States,NYSE,1342584580.0,2.8,41.3,42.36,4,39.5,1500,False,-68.57,8.11,-32.58,-40.34,-35.89,-19.58,-9.93,4.1531,4.693,4.3675,3.4815,3.1086,48084006,1255,2026-09-18,42.99,479494493.0
NASDAQ:OTEX,OTEX,Open Text Corporation,Technology,Software - Application,Canada,NASDAQ,5479316089.0,22.58,41.3,44.39,4,39.5,1501,False,-40.67,14.13,-8.18,-15.78,-16.82,-21.64,-23.12,24.5904,26.8105,27.1451,28.8154,29.3718,32433442,1255,2026-09-18,48.06,242662360.0
AMEX:GMTL,GMTL,Guardian Metal Resources PLC ADS,Basic Materials,Other Precious Metals & Mining,United Kingdom,AMEX,409096758.0,10.5,41.32,43.29,4,39.6,1502,False,-49.13,13.27,,,,,,,,,,,1930425,126,2026-09-18,42.61,38961596.0
NASDAQ:IMRX,IMRX,Immuneering Corporation,Healthcare,Biotechnology,United States,NASDAQ,289844361.0,4.48,41.32,44.15,4,39.6,1503,False,-51.62,14.29,-12.68,-18.18,12.04,11.52,-13.1,5.1306,5.4754,3.9986,4.0173,5.1553,3329869,1255,2026-09-18,40.49,64697402.0
NYSE:PSO,PSO,"Pearson, Plc",Communication Services,Publishing,United Kingdom,NYSE,9432527018.0,15.71,41.32,44.33,4,39.6,1504,False,-10.33,33.54,8.93,10.33,8.51,16.16,24.75,14.4221,14.2389,14.4778,13.5246,12.5937,10293133,1255,2026-09-18,47.08,600415469.0
NASDAQ:ZKIN,ZKIN,"ZK International Group Co., Ltd",Basic Materials,Steel,China,NASDAQ,61324170.0,1.07,41.32,43.08,4,39.6,1505,False,-65.37,5.94,-27.46,-36.02,-31.07,-14.78,-3.99,1.475,1.6724,1.5523,1.2556,1.1145,24447,1255,2026-09-18,43.75,57312308.0
NASDAQ:BCAX,BCAX,Bicara Therapeutics Inc.,Healthcare,Biotechnology,United States,NASDAQ,1487535526.0,22.64,41.33,43.03,4,39.6,1506,False,-25.53,116.86,6.51,12.42,29.14,,,21.2567,20.1387,17.5309,,,12492770,505,2026-09-18,40.91,65703866.0
NYSE:PACS,PACS,"PACS Group, Inc.",Healthcare,Medical Care Facilities,United States,NYSE,6666432477.0,42.12,41.33,44.89,4,39.6,1507,True,-13.07,298.11,9.45,25.02,67.91,,,38.484,33.6919,25.0848,,,30549039,612,2026-09-18,40.95,158272376.0
NASDAQ:KRMD,KRMD,"KORU Medical Systems, Inc.",Healthcare,Medical Instruments & Supplies,United States,NASDAQ,148363590.0,3.23,41.35,39.66,4,39.7,1508,False,-50.46,2.87,-27.06,-26.32,-16.5,-3.74,-3.39,4.4282,4.3838,3.8684,3.3555,3.3432,664792,1255,2026-09-18,40.26,45933000.0
NASDAQ:GILT,GILT,Gilat Satellite Networks Ltd.,Technology,Communication Equipment,Israel,NASDAQ,741124709.0,9.82,41.36,40.71,4,39.7,1509,False,-52.9,2.94,-32.32,-30.75,-5.9,11.34,21.92,14.509,14.1813,10.4354,8.8202,8.0543,5287177,1255,2026-09-18,43.39,75470948.0
NASDAQ:NODK,NODK,"NI Holdings, Inc.",Financial Services,Insurance - Property & Casualty,United States,NASDAQ,306197483.0,14.95,41.36,44.09,4,39.7,1510,False,-8.45,19.79,5.72,6.78,6.09,6.01,7.21,14.1417,14.0009,14.0913,14.1024,13.945,446254,1255,2026-09-18,42.96,20481437.0
NYSE:DOW,DOW,Dow Inc.,Basic Materials,Chemicals,United States,NYSE,20752848627.0,28.73,41.37,43.6,4,39.8,1511,False,-29.88,46.0,-7.78,-1.67,-7.16,-20.44,-24.04,31.1524,29.2191,30.9449,36.1127,37.8207,264721578,1255,2026-09-18,46.15,722340711.0
NASDAQ:SBAC,SBAC,SBA Communications Corporation,Real Estate,REIT - Specialty,United States,NASDAQ,18941794206.0,178.59,41.37,44.24,4,39.8,1512,False,-19.15,9.54,-6.08,-6.07,-11.6,-11.82,-15.8,190.1585,190.1333,202.0195,202.5281,212.1026,170138948,1255,2026-09-18,44.74,106063017.0
NYSE:WHK,WHK,WhiteHawk Minerals Corp,Energy,Oil & Gas Midstream,United States,NYSE,626534198.0,26.33,41.37,45.78,4,39.8,1513,False,-8.13,3.8,,,,,,,,,,,6770431,71,2026-09-18,51.12,23795450.0
NASDAQ:NDLS,NDLS,Noodles & Company,Consumer Cyclical,Restaurants,United States,NASDAQ,80967576.0,13.57,41.39,44.71,4,39.8,1514,False,-27.12,247.95,33.24,47.42,60.15,18.62,-24.34,10.1847,9.205,8.4733,11.4403,17.9351,397447,1255,2026-09-18,41.7,5966660.0
NASDAQ:GOOD,GOOD,Gladstone Commercial Corporation - Real Estate Investment Trust,Real Estate,REIT - Diversified,United States,NASDAQ,610412182.0,12.61,41.4,46.01,4,39.9,1515,False,-4.32,29.77,7.24,9.57,2.49,6.79,9.21,11.7586,11.509,12.3034,11.8084,11.5466,4456286,1255,2026-09-18,46.19,48406993.0
NASDAQ:ADEA,ADEA,Adeia Inc.,Technology,Software - Application,United States,NASDAQ,2735836444.0,24.805,41.41,43.41,4,39.9,1516,False,-25.96,113.44,1.92,10.45,39.28,61.34,79.2,24.3375,22.4576,17.8094,15.3739,13.842,22670098,1255,2026-09-18,41.98,110293749.0
NASDAQ:HCKT,HCKT,"The Hackett Group, Inc.",Technology,Information Technology Services,United States,NASDAQ,261460647.0,10.38,41.41,44.99,4,39.9,1517,False,-47.93,15.18,-21.71,-27.15,-47.66,-49.31,-48.39,13.2591,14.2493,19.8336,20.4779,20.1131,2349750,1255,2026-09-18,45.75,25188887.0
NYSE:RFL,RFL,"Rafael Holdings, Inc.",Real Estate,Real Estate Services,United States,NYSE,104986308.0,2.05,41.42,45.46,4,39.9,1518,False,-45.77,76.72,24.68,29.82,21.59,22.23,17.02,1.6443,1.5792,1.686,1.6772,1.7519,303692,1255,2026-09-18,41.81,51212833.0
NYSE:APO,APO,"Apollo Global Management, Inc. (New)",Financial Services,Asset Management,United States,NYSE,72589320062.0,125.91,41.43,45.32,4,40.0,1519,False,-16.51,26.6,-0.69,-0.77,-6.46,2.19,16.27,126.7796,126.8884,134.6109,123.2104,108.2905,312627487,1255,2026-09-18,41.59,576517513.0
NYSE:TKC,TKC,Turkcell Iletisim Hizmetleri AS,Communication Services,Telecom Services,Turkey,NYSE,4439942812.0,5.1,41.43,41.16,4,40.0,1520,False,-28.67,3.45,-14.64,-13.98,-15.12,-11.68,-3.25,5.9744,5.9289,6.0085,5.7744,5.2714,12186878,1255,2026-09-18,41.43,870577022.0
NASDAQ:HCIC,HCIC,Hennessy Capital Investment Corp. VIII,Financial Services,Shell Companies,United States,NASDAQ,247713580.0,9.98,41.44,47.35,4,40.0,1521,False,-0.3,1.63,,,,,,,,,,,306610,120,2026-09-18,58.53,24821000.0
NYSE:JOE,JOE,St. Joe Company (The),Real Estate,Real Estate - Diversified,United States,NYSE,3634439992.0,63.84,41.44,44.93,5,40.0,1522,False,-11.67,37.49,-1.61,2.39,15.6,16.37,23.42,64.8872,62.3474,55.2255,54.8576,51.7278,18004420,1255,2026-09-18,41.65,56930451.0
NASDAQ:PAHC,PAHC,Phibro Animal Health Corporation,Healthcare,Drug Manufacturers - Specialty & Generic,United States,NASDAQ,728133650.0,34.56,41.44,45.09,5,40.0,1523,True,-41.57,22.07,-16.3,-15.93,6.17,31.66,50.39,41.2915,41.1098,32.5516,26.249,22.98,10315269,1255,2026-09-18,40.63,21068682.0
NASDAQ:ATNI,ATNI,"ATN International, Inc.",Communication Services,Telecom Services,United States,NASDAQ,441891907.0,28.73,41.48,47.67,5,40.1,1524,False,-10.53,110.45,10.7,20.23,37.87,26.51,10.95,25.9531,23.8962,20.8387,22.7093,25.8942,2491844,1255,2026-09-18,44.73,15380853.0
NASDAQ:OMDA,OMDA,"Omada Health, Inc.",Healthcare,Health Information Services,United States,NASDAQ,1214532998.0,20.43,41.5,44.38,5,40.1,1525,False,-23.71,86.75,19.64,12.17,,,,17.0764,18.2141,,,,30318609,323,2026-09-18,37.03,59448507.0
NASDAQ:VRSK,VRSK,"Verisk Analytics, Inc.",Industrials,Consulting Services,United States,NASDAQ,22830666065.0,175.41,41.5,43.63,5,40.1,1526,False,-29.56,12.45,-8.4,-11.97,-27.18,-27.33,-23.45,191.501,199.2658,240.8795,241.3841,229.1403,222265943,1255,2026-09-18,42.38,130156012.0
NYSE:NCDL,NCDL,Nuveen Churchill Direct Lending Corp.,Financial Services,Asset Management,United States,NYSE,595608004.0,12.06,41.51,43.79,5,40.2,1527,False,-16.17,2.84,-5.21,-5.45,-9.81,,,12.7227,12.7557,13.3717,,,2371723,665,2026-09-18,48.07,49387065.0
NYSE:WTM,WTM,"White Mountains Insurance Group, Ltd.",Financial Services,Insurance - Property & Casualty,Bermuda,NYSE,5105159871.0,2061.3,41.51,43.17,5,40.2,1528,True,-11.13,24.95,-3.14,-0.72,5.53,11.12,18.05,2128.1213,2076.1857,1953.2456,1855.0451,1746.0933,47751990,1255,2026-09-18,40.59,2476670.0
NASDAQ:STNE,STNE,StoneCo Ltd.,Technology,Software - Infrastructure,Cayman Islands,NASDAQ,2184057401.0,9.53,41.52,42.7,5,40.2,1529,False,-40.72,4.5,-17.55,-21.96,-13.74,-15.83,-11.67,11.5584,12.2117,11.0477,11.3223,10.7894,61024556,1255,2026-09-18,45.12,229177062.0
NASDAQ:NNOX,NNOX,NANO-X IMAGING LTD,Healthcare,Medical Devices,Israel,NASDAQ,51086975.0,0.734,41.53,40.71,5,40.3,1530,False,-83.87,6.84,-63.2,-68.95,-81.99,-85.99,-89.0,1.9948,2.3639,4.0757,5.2409,6.6707,1187725,1255,2026-09-18,45.04,69600783.0
NASDAQ:BGM,BGM,BGM Group Ltd.,Healthcare,Drug Manufacturers - Specialty & Generic,China,NASDAQ,95536463.0,0.251,41.55,43.0,5,40.3,1531,False,-97.86,1.62,-81.18,-91.61,-96.02,-95.37,-95.38,1.3334,2.9917,6.3036,5.4265,5.4339,32347,1255,2026-09-18,43.9,380623358.0
NASDAQ:CGC,CGC,Canopy Growth Corporation,Healthcare,Drug Manufacturers - Specialty & Generic,Canada,NASDAQ,394292669.0,0.934,41.55,44.05,5,40.3,1532,False,-51.35,8.98,-13.17,-16.47,-44.34,-71.51,-86.99,1.0757,1.1182,1.678,3.2782,7.1801,2475142,1255,2026-09-18,42.68,422154892.0
NASDAQ:AVBH,AVBH,"Avidbank Holdings, Inc.",Financial Services,Banks - Regional,United States,NASDAQ,343992244.0,31.4,41.56,43.78,5,40.3,1533,False,-6.3,28.85,5.03,8.31,23.73,33.64,40.14,29.895,28.9904,25.3773,23.4967,22.4062,2207160,1255,2026-09-18,40.85,10955167.0
NASDAQ:KYIV,KYIV,Kyivstar Group Ltd.,Communication Services,Telecom Services,United Arab Emirates,NASDAQ,3009568039.0,13.035,41.57,44.02,5,40.4,1534,False,-19.39,39.71,0.24,0.83,,,,13.0032,12.9277,,,,5334609,449,2026-09-18,45.09,230883624.0
NYSE:SOBO,SOBO,South Bow Corporation,Energy,Oil & Gas Midstream,Canada,NYSE,7484016417.0,35.88,41.57,44.66,5,40.4,1535,False,-7.21,46.18,9.07,13.72,,,,32.8978,31.5511,,,,22223183,491,2026-09-18,40.22,208584627.0
NYSE:ECAT,ECAT,BlackRock ESG Capital Allocation Term Trust Common Shares of Beneficial Interest,Financial Services,Asset Management,United States,NYSE,1428364889.0,14.36,41.58,43.13,5,40.4,1536,False,-6.03,19.4,3.58,4.48,12.15,21.55,32.5,13.8636,13.7436,12.8047,11.8141,10.8377,8590126,1249,2026-09-18,39.15,99468307.0
NASDAQ:MBLY,MBLY,Mobileye Global Inc.,Consumer Cyclical,Auto Parts,Israel,NASDAQ,2024405056.0,8.02,41.58,43.62,5,40.4,1537,False,-48.39,22.26,-11.89,-19.79,-37.02,-56.42,,9.1023,9.9984,12.735,18.4025,,34184522,977,2026-09-18,41.94,252419583.0
NASDAQ:CWST,CWST,"Casella Waste Systems, Inc.",Industrials,Waste Management,United States,NASDAQ,5577718471.0,89.07,41.59,44.84,5,40.5,1538,True,-17.02,18.81,-3.17,-2.72,-10.77,-8.23,-4.69,91.9869,91.564,99.8205,97.0617,93.4565,43463015,1255,2026-09-18,40.13,62621741.0
NASDAQ:SLS,SLS,"SELLAS Life Sciences Group, Inc.",Healthcare,Biotechnology,United States,NASDAQ,2259308275.0,11.49,41.59,45.76,5,40.5,1539,False,-25.68,726.62,57.67,87.07,204.75,296.81,323.78,7.2873,6.1421,3.7703,2.8956,2.7113,106220801,1255,2026-09-18,41.82,196632574.0
NASDAQ:STEP,STEP,StepStone Group Inc.,Financial Services,Asset Management,United States,NASDAQ,3810799283.0,46.31,41.59,45.81,5,40.5,1540,False,-37.34,17.9,-10.4,-13.64,-15.2,-3.31,10.6,51.6848,53.6236,54.6082,47.8929,41.8704,53249793,1255,2026-09-18,43.8,82288907.0
NYSE:SYF,SYF,Synchrony Financial,Financial Services,Credit Services,United States,NYSE,24415827834.0,75.04,41.59,45.23,5,40.5,1541,True,-14.12,18.64,0.52,1.19,11.57,30.29,47.69,74.6484,74.1553,67.2567,57.593,50.8077,258074803,1255,2026-09-18,38.59,325370840.0
NASDAQ:VMD,VMD,"Viemed Healthcare, Inc.",Healthcare,Medical Devices,United States,NASDAQ,341580906.0,8.91,41.59,40.28,5,40.5,1542,False,-27.74,42.33,-3.52,2.28,9.65,12.06,10.6,9.2354,8.7111,8.1261,7.9514,8.0561,3010564,1255,2026-09-18,42.58,38336802.0
NYSE:ARDT,ARDT,"Ardent Health, Inc.",Healthcare,Medical Care Facilities,United States,NYSE,1502308325.0,10.48,41.6,46.0,5,40.6,1543,False,-31.1,33.84,8.99,1.73,-16.14,,,9.6155,10.3014,12.4977,,,4538615,545,2026-09-18,46.14,143350031.0
AMEX:FNGD,FNGD,"MicroSectors FANG Index -3X Inverse Leveraged ETNs due January 8, 2038",,,,AMEX,17071977162.0,26.18,41.6,41.76,5,40.6,1544,False,-69.48,2.51,-43.15,-43.77,-69.72,-88.04,-97.28,46.0508,46.5617,86.4694,218.8191,964.1318,9283978,1255,2026-09-18,42.03,652099968.0
NASDAQ:ONCY,ONCY,Oncolytics Biotech Inc.,Healthcare,Biotechnology,United States,NASDAQ,91902632.0,0.77,41.61,43.51,5,40.6,1545,False,-45.77,2.67,-16.63,-20.99,-15.41,-24.67,-36.1,0.9235,0.9746,0.9103,1.0222,1.205,734992,1255,2026-09-18,41.61,119354067.0
NASDAQ:EWBC,EWBC,"East West Bancorp, Inc.",Financial Services,Banks - Regional,United States,NASDAQ,17387565573.0,126.92,41.62,44.23,5,40.7,1546,True,-7.09,38.05,5.87,9.39,21.83,38.62,53.4,119.8827,116.0238,104.1775,91.5568,82.7367,108406490,1255,2026-09-18,36.9,136996262.0
NYSE:MOG.A,MOG-A,Moog Inc.,Industrials,Aerospace & Defense,United States,NYSE,10370027590.0,364.64,41.63,43.19,5,40.7,1547,True,-18.13,87.2,8.86,18.24,46.81,68.76,96.58,334.9748,308.3899,248.3744,216.0687,185.49,87954917,1255,2026-09-18,34.17,28439084.0
NYSE:GVA,GVA,Granite Construction Incorporated,Industrials,Engineering & Construction,United States,NYSE,5075370225.0,115.97,41.64,42.25,5,40.7,1548,True,-27.64,18.1,-8.49,-5.12,10.04,31.77,54.36,126.7257,122.2322,105.3872,88.0101,75.1312,56259973,1255,2026-09-18,39.84,43764510.0
NYSE:NVO,NVO,Novo Nordisk A/S,Healthcare,Drug Manufacturers - General,Denmark,NYSE,144725297005.0,43.24,41.64,43.32,5,40.7,1549,False,-29.04,25.97,-3.83,-6.26,-29.59,-44.27,-42.11,44.9615,46.127,61.4151,77.5815,74.6919,450920568,1255,2026-09-18,41.38,3347023520.0
NASDAQ:FTLF,FTLF,"FitLife Brands, Inc.",Consumer Defensive,Packaged Foods,United States,NASDAQ,87524791.0,9.32,41.65,43.03,5,40.8,1550,False,-55.11,4.95,-24.5,-32.15,-35.47,-32.64,-25.36,12.3438,13.7357,14.4435,13.8359,12.487,126144,1255,2026-09-18,45.29,9391072.0
NYSE:HUBB,HUBB,Hubbell Inc,Industrials,Electrical Equipment & Parts,United States,NYSE,23611932631.0,446.92,41.66,42.66,5,40.8,1551,False,-19.4,11.05,-7.67,-5.47,2.28,10.11,21.65,484.0451,472.7959,436.9623,405.903,367.383,219287800,1255,2026-09-18,39.23,52832571.0
NASDAQ:AAON,AAON,"AAON, Inc.",Industrials,Building Products & Equipment,United States,NASDAQ,6287542860.0,76.76,41.67,39.82,5,40.9,1552,False,-48.12,4.79,-21.4,-21.27,-21.72,-15.2,-5.99,97.6615,97.4999,98.0552,90.5149,81.6501,86187631,1255,2026-09-18,40.9,81911710.0
NASDAQ:POWI,POWI,"Power Integrations, Inc.",Technology,Semiconductors,United States,NASDAQ,2807729994.0,50.39,41.67,40.66,5,40.9,1553,False,-42.07,65.82,-11.24,-4.9,-6.63,-15.12,-20.8,56.7699,52.9853,53.9696,59.3661,63.6229,43280399,1255,2026-09-18,37.61,55719984.0
NASDAQ:WRLD,WRLD,World Acceptance Corporation,Financial Services,Credit Services,United States,NASDAQ,848847624.0,182.14,41.67,45.32,5,40.9,1554,False,-18.63,57.6,14.1,14.59,22.88,29.5,39.11,159.6387,158.9559,148.2207,140.6519,130.9361,11862571,1255,2026-09-18,44.71,4660413.0
NYSE:MNTN,MNTN,"MNTN, Inc.",Technology,Software - Application,United States,NYSE,688841918.0,11.29,41.69,47.11,5,40.9,1555,False,-44.52,45.12,9.54,-1.64,,,,10.3068,11.4785,,,,10095331,333,2026-09-18,42.1,61013456.0
NASDAQ:BEAM,BEAM,Beam Therapeutics Inc.,Healthcare,Biotechnology,United States,NASDAQ,2566836389.0,24.95,41.7,42.88,5,40.9,1556,False,-34.2,21.12,-12.72,-10.14,-0.33,-2.25,-12.36,28.5868,27.764,25.0321,25.5255,28.4692,51919919,1255,2026-09-18,40.21,102879214.0
NYSE:ITW,ITW,Illinois Tool Works Inc.,Industrials,Specialty Industrial Machinery,United States,NYSE,77512134000.0,269.42,41.7,44.05,5,40.9,1557,False,-9.38,13.88,1.31,2.96,5.86,8.93,13.07,265.9245,261.6745,254.4999,247.3437,238.283,309210123,1255,2026-09-18,37.68,287700000.0
NYSE:CBU,CBU,"Community Financial System, Inc.",Financial Services,Banks - Regional,United States,NYSE,3261076000.0,62.0,41.71,43.47,5,41.0,1558,False,-11.98,19.14,0.38,2.52,5.73,15.33,17.91,61.7681,60.4736,58.6422,53.7611,52.582,15279932,1255,2026-09-18,44.07,52598000.0
NYSE:RY,RY,Royal Bank Of Canada,Financial Services,Banks - Diversified,Canada,NYSE,282518352706.0,203.3,41.71,45.23,5,41.0,1559,False,-6.13,43.36,11.03,15.94,37.17,56.47,71.0,183.1108,175.3429,148.2061,129.9274,118.8893,231353019,1255,2026-09-18,42.26,1389662335.0
NYSE:ATI,ATI,ATI Inc.,Industrials,Metal Fabrication,United States,NYSE,26151827926.0,191.63,41.72,44.5,5,41.1,1560,True,-17.32,148.84,17.68,29.68,79.39,117.79,154.92,162.8331,147.7701,106.8239,87.9904,75.1732,420283842,1255,2026-09-18,33.1,136470427.0
NASDAQ:RUN,RUN,Sunrun Inc.,Technology,Solar,United States,NASDAQ,2034825418.0,8.53,41.72,41.06,5,41.1,1561,False,-60.16,3.14,-39.25,-43.42,-33.75,-35.44,-44.91,14.0408,15.0761,12.8753,13.2127,15.4848,62367525,1255,2026-09-18,44.1,238549287.0
NYSE:SGI,SGI,Somnigroup International Inc.,Consumer Cyclical,"Furnishings, Fixtures & Appliances",United States,NYSE,13328757510.0,63.36,41.72,43.39,5,41.1,1562,False,-34.88,3.58,-18.27,-19.76,-10.09,0.94,13.09,77.5205,78.9631,70.4667,62.7724,56.0274,261949849,1255,2026-09-18,45.78,210365491.0
NASDAQ:PNBK,PNBK,Patriot National Bancorp Inc.,Financial Services,Banks - Regional,United States,NASDAQ,107019470.0,0.97,41.74,42.78,5,41.1,1563,False,-49.48,5.43,-23.92,-23.83,-38.94,-58.49,-76.59,1.2751,1.2735,1.5886,2.337,4.1435,235604,1255,2026-09-18,41.74,110329351.0
NASDAQ:PRTA,PRTA,Prothena Corporation plc,Healthcare,Biotechnology,Ireland,NASDAQ,449190773.0,8.58,41.75,44.21,5,41.1,1564,False,-25.46,8.47,-8.92,-10.14,-19.49,-49.03,-68.36,9.4203,9.5485,10.6565,16.8327,27.1172,3768975,1255,2026-09-18,38.99,52353237.0
AMEX:LCTX,LCTX,"Lineage Cell Therapeutics, Inc.",Healthcare,Biotechnology,United States,AMEX,256777244.0,1.03,41.76,42.53,5,41.2,1565,False,-47.45,1.98,-28.25,-31.13,-8.44,-7.19,-11.89,1.4356,1.4956,1.125,1.1098,1.169,1181458,1255,2026-09-18,41.76,249298295.0
AMEX:SLSR,SLSR,Solaris Resources Inc.,Basic Materials,Other Precious Metals & Mining,Switzerland,AMEX,1244413194.0,7.45,41.77,43.55,5,41.2,1566,False,-33.06,46.22,-15.92,-10.75,23.0,45.86,50.2,8.8611,8.3473,6.057,5.1076,4.9599,1477291,1255,2026-09-18,39.89,167035328.0
NYSE:MCO,MCO,Moody's Corporation,Financial Services,Financial Data & Stock Exchanges,United States,NYSE,81150877293.0,468.59,41.78,44.54,5,41.2,1567,True,-12.58,14.43,-0.47,-0.77,-1.14,5.52,15.12,470.8057,472.2491,473.9995,444.0627,407.0309,342651308,1255,2026-09-18,37.16,173180984.0
NASDAQ:TRI,TRI,Thomson Reuters Corp,Industrials,Specialty Business Services,Canada,NASDAQ,41204900824.0,94.39,41.78,45.43,5,41.2,1568,False,-39.82,24.11,-3.84,-12.23,-31.68,-32.44,-28.94,98.1554,107.5483,138.1527,139.7122,132.8223,160539349,1255,2026-09-18,47.16,436538837.0
NASDAQ:ARQ,ARQ,"Arq, Inc.",Industrials,Pollution & Treatment Controls,United States,NASDAQ,87998829.0,2.05,41.79,43.81,5,41.3,1569,False,-72.3,25.0,-24.47,-39.05,-55.11,-55.09,-48.85,2.714,3.3635,4.5664,4.5645,4.0078,446798,1255,2026-09-18,42.37,42926258.0
NYSE:GIB,GIB,CGI Inc.,Technology,Information Technology Services,Canada,NYSE,12691425261.0,69.37,41.79,45.15,5,41.3,1570,False,-26.44,13.39,-7.26,-10.5,-24.43,-27.82,-27.02,74.8009,77.5042,91.8,96.1053,95.0556,27683252,1255,2026-09-18,46.74,182952649.0
NYSE:GLOB,GLOB,Globant S.A.,Technology,Information Technology Services,Luxembourg,NYSE,1536760398.0,35.59,41.79,45.3,5,41.3,1571,False,-50.02,28.34,-23.49,-27.77,-64.19,-73.2,-75.1,46.5138,49.2757,99.3988,132.7967,142.9503,40713918,1255,2026-09-18,48.06,43179556.0
NASDAQ:AKAM,AKAM,"Akamai Technologies, Inc.",Technology,Software - Infrastructure,United States,NASDAQ,15195687339.0,104.52,41.8,42.82,5,41.4,1572,False,-35.14,45.23,-5.32,0.55,9.7,5.97,9.11,110.389,103.9444,95.2738,98.6351,95.791,335142060,1255,2026-09-18,45.52,145385451.0
NYSE:PLD,PLD,"Prologis, Inc.",Real Estate,REIT - Industrial,United States,NYSE,125815967840.0,134.84,41.8,43.03,5,41.4,1573,False,-9.43,25.03,-0.56,2.24,13.34,16.45,18.85,135.6048,131.8816,118.9739,115.79,113.4565,457827815,1255,2026-09-18,42.7,933076000.0
NYSE:AMTM,AMTM,"Amentum Holdings, Inc.",Industrials,Specialty Business Services,United States,NYSE,4788599852.0,19.6,41.81,42.8,5,41.4,1574,False,-47.78,1.5,-24.83,-23.32,,,,26.0759,25.5614,,,,38266238,498,2026-09-18,46.96,244316319.0
NASDAQ:BCRX,BCRX,"BioCryst Pharmaceuticals, Inc.",Healthcare,Drug Manufacturers - Specialty & Generic,United States,NASDAQ,2206131889.0,8.68,41.81,43.52,5,41.4,1575,False,-21.87,39.1,0.47,4.11,4.22,14.3,7.14,8.6394,8.3374,8.3282,7.5939,8.1019,39815830,1255,2026-09-18,42.08,254162660.0
NASDAQ:BLKB,BLKB,"Blackbaud, Inc.",Technology,Software - Application,United States,NASDAQ,1944965656.0,42.85,41.81,48.71,5,41.4,1576,False,-37.27,61.45,-1.35,-9.36,-27.58,-34.07,-33.7,43.437,47.2766,59.1726,64.995,64.6287,19114662,1255,2026-09-18,43.61,45390097.0
NASDAQ:PFX,PFX,PhenixFIN Corporation,Financial Services,Asset Management,United States,NASDAQ,86657784.0,44.84,41.81,45.59,5,41.4,1577,False,-17.59,17.28,3.23,2.52,-3.04,0.71,7.12,43.436,43.7388,46.2475,44.5251,41.8615,484781,1255,2026-09-18,47.73,1932600.0
NASDAQ:SEZL,SEZL,Sezzle Inc.,Financial Services,Credit Services,United States,NASDAQ,3919229064.0,116.55,41.82,42.94,5,41.5,1578,True,-38.19,128.66,15.4,22.99,40.51,99.81,,100.995,94.7632,82.9475,58.3296,,46258445,757,2026-09-18,37.54,33627019.0
NASDAQ:RSSS,RSSS,"Research Solutions, Inc",Technology,Software - Application,United States,NASDAQ,69236391.0,2.07,41.84,42.67,5,41.5,1579,False,-47.73,5.08,-15.22,-21.08,-27.02,-25.81,-20.82,2.4416,2.6229,2.8362,2.7902,2.6143,100860,1255,2026-09-18,43.46,33447532.0
NASDAQ:CADL,CADL,"Candel Therapeutics, Inc.",Healthcare,Biotechnology,United States,NASDAQ,794982093.0,10.85,41.87,46.28,5,41.6,1580,False,-21.09,145.48,41.01,50.95,60.79,88.27,127.84,7.6947,7.1878,6.7479,5.763,4.7622,15002256,1255,2026-09-18,45.99,73270239.0
NASDAQ:CRMD,CRMD,CorMedix Inc.,Healthcare,Biotechnology,United States,NASDAQ,605648599.0,7.72,41.87,45.18,5,41.6,1581,False,-39.36,23.52,-5.51,-11.63,-20.59,-2.02,11.34,8.1703,8.7356,9.7221,7.879,6.9339,7775887,1255,2026-09-18,43.41,78451891.0
NASDAQ:DLO,DLO,DLocal Limited,Technology,Software - Infrastructure,Uruguay,NASDAQ,2529888107.0,14.21,41.87,46.06,5,41.6,1582,False,-9.95,31.23,6.27,5.17,19.74,15.4,9.13,13.3721,13.5116,11.8674,12.3136,13.0206,29010957,1255,2026-09-18,43.8,178035757.0
NASDAQ:BMHL,BMHL,Bluemount Holdings Limited,Financial Services,Capital Markets,Hong Kong,NASDAQ,77502944.0,5.53,41.88,44.79,5,41.7,1583,False,-10.23,80.13,24.22,30.16,,,,4.4516,4.2485,,,,9126,300,2026-09-18,41.88,14014999.0
NASDAQ:TFSL,TFSL,TFS Financial Corporation,Financial Services,Banks - Regional,United States,NASDAQ,4739303183.0,16.9,41.88,45.28,5,41.7,1584,False,-7.5,43.94,12.34,16.36,29.91,39.07,45.88,15.0442,14.524,13.0092,12.1518,11.5846,13160315,1255,2026-09-18,38.47,280432141.0
NYSE:ACHR,ACHR,Archer Aviation Inc.,Industrials,Aerospace & Defense,United States,NYSE,4012669264.0,5.26,41.89,45.2,5,41.7,1585,False,-61.44,18.47,-17.25,-25.91,-30.92,-20.69,-9.32,6.3564,7.0995,7.6148,6.6319,5.8005,141573119,1255,2026-09-18,44.54,762864879.0
NYSE:EROK,EROK,"EagleRock Land, LLC Class A shares representing limited liability company interests",Energy,Oil & Gas Equipment & Services,United States,NYSE,623301875.0,23.65,41.89,46.96,5,41.7,1586,False,-11.09,18.31,,,,,,,,,,,2823883,88,2026-09-18,42.99,26355259.0
NASDAQ:ACMR,ACMR,"ACM Research, Inc.",Technology,Semiconductor Equipment & Materials,United States,NASDAQ,4392702188.0,68.51,41.9,43.3,5,41.8,1587,False,-46.01,130.91,5.48,15.75,67.67,99.87,140.16,64.952,59.1896,40.8599,34.2781,28.5269,60751873,1255,2026-09-18,40.66,64117679.0
NASDAQ:ARHS,ARHS,"Arhaus, Inc.",Consumer Cyclical,Specialty Retail,United States,NASDAQ,423966575.0,7.79,41.91,44.46,5,41.8,1588,False,-31.14,35.48,-5.92,-9.07,-13.61,-22.35,-20.31,8.2801,8.5666,9.017,10.0317,9.7748,9097841,1222,2026-09-18,38.4,54424464.0
NYSE:BUD,BUD,Anheuser-Busch Inbev SA Sponsored ADR (Belgium),Consumer Defensive,Beverages - Brewers,Belgium,NYSE,135824911057.0,77.73,41.91,44.03,5,41.8,1589,False,-10.12,34.82,3.64,8.03,18.36,22.95,27.47,75.0022,71.9509,65.6751,63.2185,60.9814,197464910,1255,2026-09-18,46.08,1747393684.0
NASDAQ:CASS,CASS,"Cass Information Systems, Inc",Industrials,Specialty Business Services,United States,NASDAQ,701008596.0,54.74,41.92,47.61,5,41.8,1590,False,-5.95,52.92,15.05,19.62,26.69,30.4,33.85,47.58,45.7597,43.2071,41.98,40.895,5053901,1255,2026-09-18,48.19,12806149.0
NASDAQ:SMPL,SMPL,The Simply Good Foods Company,Consumer Defensive,Packaged Foods,United States,NASDAQ,895909427.0,10.13,41.93,42.89,5,41.9,1591,True,-62.31,3.05,-28.88,-36.26,-59.84,-64.83,-67.01,14.2444,15.892,25.2228,28.8035,30.7038,24274326,1255,2026-09-18,40.57,88441207.0
NASDAQ:ALEC,ALEC,"Alector, Inc.",Healthcare,Biotechnology,United States,NASDAQ,212058107.0,1.91,41.95,45.77,5,41.9,1592,True,-42.47,67.54,-2.6,-4.63,-11.92,-43.41,-57.18,1.9609,2.0027,2.1685,3.3749,4.4603,3043781,1255,2026-09-18,39.47,111025187.0
NASDAQ:DRVN,DRVN,Driven Brands Holdings Inc.,Consumer Cyclical,Auto & Truck Dealerships,United States,NASDAQ,2025659238.0,12.28,41.95,43.22,5,41.9,1593,False,-28.15,19.22,-10.84,-12.53,-19.78,-15.72,-30.49,13.7728,14.0388,15.3076,14.5702,17.6661,15265273,1255,2026-09-18,41.64,164955964.0
NASDAQ:INDV,INDV,"Indivior Pharmaceuticals, Inc.",Healthcare,Drug Manufacturers - Specialty & Generic,United States,NASDAQ,4122975925.0,34.88,41.95,41.66,5,41.9,1594,False,-16.61,54.95,-2.28,2.74,48.96,63.67,65.82,35.695,33.9493,23.4164,21.311,21.0353,75141211,1255,2026-09-18,48.01,118204585.0
NASDAQ:CARE,CARE,"Carter Bankshares, Inc.",Financial Services,Banks - Regional,United States,NASDAQ,682427435.0,30.79,41.96,44.67,5,42.0,1595,True,-13.54,82.79,19.37,27.01,48.14,67.72,74.22,25.7929,24.2428,20.7838,18.358,17.6731,8496365,1255,2026-09-18,37.84,22163931.0
NASDAQ:QUIK,QUIK,QuickLogic Corporation,Technology,Semiconductors,United States,NASDAQ,190001280.0,10.72,41.96,40.79,5,42.0,1596,False,-54.84,95.26,-11.48,-2.1,20.71,8.97,18.98,12.11,10.9499,8.881,9.8376,9.0101,2481375,1255,2026-09-18,38.95,17724000.0
NASDAQ:SPTX,SPTX,"Seaport Therapeutics, Inc.",Healthcare,Biotechnology,United States,NASDAQ,1145018464.0,21.39,41.96,45.45,5,42.0,1597,False,-23.17,40.26,,,,,,,,,,,5638943,97,2026-09-18,43.49,53530550.0
NASDAQ:CINF,CINF,Cincinnati Financial Corporation,Financial Services,Insurance - Property & Casualty,United States,NASDAQ,25937789605.0,169.0,41.97,44.21,5,42.1,1598,False,-11.99,13.5,1.52,2.71,10.88,22.87,32.67,166.4663,164.5342,152.4165,137.5421,127.3822,100900305,1255,2026-09-18,44.21,153478045.0
NASDAQ:SOTK,SOTK,Sono-Tek Corporation,Technology,Scientific & Technical Instruments,United States,NASDAQ,72611260.0,4.62,41.97,43.14,5,42.1,1599,False,-24.51,28.33,0.12,1.54,9.18,4.37,-2.97,4.6146,4.5501,4.2316,4.4266,4.7613,297531,1255,2026-09-18,36.55,15716723.0
NYSE:LAC,LAC,Lithium Americas Corp.,Basic Materials,Other Industrial Metals & Mining,Canada,NYSE,1038035639.0,2.86,41.98,42.04,5,42.1,1600,False,-71.54,5.54,-34.44,-39.05,-25.78,,,4.3625,4.6921,3.8534,,,28576345,744,2026-09-18,43.16,362949524.0
NASDAQ:MMSI,MMSI,"Merit Medical Systems, Inc.",Healthcare,Medical Instruments & Supplies,United States,NASDAQ,5097478555.0,85.37,41.99,50.11,5,42.1,1601,False,-8.38,41.55,11.4,9.18,-2.36,1.29,5.17,76.6352,78.1913,87.4342,84.2809,81.1726,53292450,1255,2026-09-18,42.81,59710420.0
NYSE:ALK,ALK,"Alaska Air Group, Inc.",Industrials,Airlines,United States,NYSE,4522924964.0,40.54,42.01,42.73,5,42.2,1602,False,-32.67,18.57,-11.64,-11.6,-19.6,-12.53,-12.18,45.8781,45.8575,50.4256,46.3459,46.1639,96553551,1255,2026-09-18,38.99,111566970.0
NASDAQ:HBNC,HBNC,"Horizon Bancorp, Inc.",Financial Services,Banks - Regional,United States,NASDAQ,995292575.0,19.48,42.01,45.09,5,42.2,1603,False,-6.35,33.05,7.03,10.31,19.08,32.7,40.42,18.2013,17.66,16.3584,14.6799,13.8729,9763564,1255,2026-09-18,42.95,51093048.0
NASDAQ:VECO,VECO,Veeco Instruments Inc.,Technology,Semiconductor Equipment & Materials,United States,NASDAQ,2611458221.0,42.72,42.01,42.3,5,42.2,1604,False,-48.55,61.88,-4.04,3.22,30.02,28.12,40.22,44.5183,41.3881,32.8563,33.3436,30.4669,22039252,1255,2026-09-18,37.67,61129640.0
NASDAQ:VELO,VELO,"Velo3D, Inc.",Technology,Computer Hardware,United States,NASDAQ,315294601.0,10.58,42.01,43.52,5,42.2,1605,False,-65.44,256.23,-24.83,-12.92,-4.19,-88.66,-97.28,14.0756,12.1503,11.0422,93.3214,389.5483,10046570,1255,2026-09-18,42.89,29801002.0
NASDAQ:BCPC,BCPC,Balchem Corporation,Basic Materials,Specialty Chemicals,United States,NASDAQ,5367289104.0,167.05,42.02,44.61,5,42.3,1606,True,-8.85,19.8,-0.12,1.96,1.92,5.92,11.13,167.2439,163.8368,163.8998,157.7195,150.3139,36119921,1255,2026-09-18,38.99,32129836.0
NYSE:DHI,DHI,"D.R. Horton, Inc.",Consumer Cyclical,Residential Construction,United States,NYSE,38604368871.0,138.02,42.03,43.53,5,42.3,1607,False,-20.16,4.77,-7.17,-7.76,-6.12,-4.92,3.97,148.6873,149.6277,147.014,145.1636,132.7488,338870633,1255,2026-09-18,45.32,279701267.0
NASDAQ:UPWK,UPWK,Upwork Inc.,Communication Services,Internet Content & Information,United States,NASDAQ,1031376444.0,8.35,42.03,44.3,5,42.3,1608,False,-62.23,6.51,-32.66,-38.03,-40.01,-37.31,-35.22,12.3999,13.4742,13.9194,13.319,12.8902,23177887,1255,2026-09-18,45.14,123518137.0
NYSE:HUBS,HUBS,"HubSpot, Inc.",Technology,Software - Application,United States,NYSE,11063335813.0,216.12,42.06,45.65,5,42.3,1609,False,-58.67,26.92,-15.15,-26.31,-51.97,-55.2,-53.18,254.6986,293.3023,450.0009,482.4601,461.5531,381615712,1255,2026-09-18,46.98,51190708.0
NASDAQ:WRAP,WRAP,"Wrap Technologies, Inc.",Technology,Scientific & Technical Instruments,United States,NASDAQ,84722140.0,1.52,42.06,44.93,5,42.3,1610,False,-50.97,43.4,-14.75,-20.49,-15.13,-21.69,-19.43,1.783,1.9116,1.7909,1.9409,1.8865,1153853,1255,2026-09-18,44.84,55738250.0
NYSE:DMC,DMC,Del Monte Corporation,Consumer Defensive,Farm Products,Cayman Islands,NYSE,1445377381.0,30.38,42.08,46.22,5,42.4,1611,False,-27.55,14.05,-12.71,-12.27,-7.28,3.28,8.18,34.8032,34.6309,32.7657,29.4159,28.0828,14009708,1255,2026-09-18,46.08,47576609.0
NASDAQ:IA,IA,"Innovative Solutions and Support, Inc.",Industrials,Aerospace & Defense,United States,NASDAQ,328986800.0,18.38,42.08,44.84,5,42.4,1612,False,-39.86,120.91,-8.11,1.93,33.07,58.62,72.11,20.0032,18.0317,13.8125,11.5874,10.6792,5520406,1255,2026-09-18,42.21,17899173.0
NYSE:IVZ,IVZ,Invesco Ltd,Financial Services,Asset Management,United States,NYSE,13478995000.0,30.53,42.08,46.75,5,42.4,1613,False,-8.35,42.02,12.0,16.03,42.94,61.65,71.91,27.2588,26.3111,21.3579,18.8865,17.7597,114995252,1255,2026-09-18,39.13,441500000.0
NASDAQ:AGMB,AGMB,AgomAb Therapeutics NV - ADRs representing one common share.,Healthcare,Biotechnology,Belgium,NASDAQ,599347856.0,12.17,42.09,45.0,5,42.5,1614,False,-31.71,26.64,,,,,,,,,,,2523294,155,2026-09-18,41.39,49247975.0
NASDAQ:SIBN,SIBN,"SI-BONE, Inc.",Healthcare,Medical Devices,United States,NASDAQ,802278529.0,18.09,42.09,47.54,5,42.5,1615,True,-15.47,55.81,10.56,11.09,13.43,11.08,5.46,16.3616,16.2836,15.9487,16.2851,17.1542,11259282,1255,2026-09-18,41.17,44349283.0
NASDAQ:BBSI,BBSI,"Barrett Business Services, Inc.",Industrials,Staffing & Employment Services,United States,NASDAQ,805556487.0,32.8,42.1,43.6,5,42.5,1616,False,-29.35,23.23,-2.04,-5.82,-13.86,-6.53,3.35,33.4815,34.8267,38.0785,35.0913,31.7379,5929341,1255,2026-09-18,45.08,24559649.0
NYSE:ARMK,ARMK,Aramark,Industrials,Specialty Business Services,United States,NYSE,14843728688.0,56.45,42.11,45.97,5,42.6,1617,False,-9.34,58.3,19.25,24.35,35.8,49.82,61.6,47.3377,45.3951,41.5696,37.6798,34.932,132820156,1255,2026-09-18,44.36,262953564.0
NASDAQ:FTDR,FTDR,"Frontdoor, Inc.",Consumer Cyclical,Personal Services,United States,NASDAQ,5498692043.0,78.29,42.11,47.12,5,42.6,1618,False,-13.81,59.45,18.53,20.23,32.1,53.02,73.18,66.0491,65.1178,59.2676,51.1647,45.2074,39998301,1255,2026-09-18,45.7,70234922.0
NASDAQ:GRRR,GRRR,Gorilla Technology Group Inc.,Technology,Software - Infrastructure,United Kingdom,NASDAQ,357793840.0,12.89,42.11,44.48,5,42.6,1619,False,-40.82,36.04,-6.0,-9.87,-14.34,7.13,-46.19,13.7133,14.3008,15.0477,12.0322,23.9548,13265980,1255,2026-09-18,42.74,27757474.0
NYSE:ADCT,ADCT,ADC Therapeutics SA,Healthcare,Drug Manufacturers - Specialty & Generic,Switzerland,NYSE,133550716.0,1.05,42.12,42.18,5,42.7,1620,False,-78.48,9.37,-62.83,-66.0,-61.7,-62.07,-62.98,2.8252,3.0884,2.7416,2.7681,2.8361,1897162,1255,2026-09-18,42.82,127191158.0
NYSE:ALL,ALL,Allstate Corporation (The),Financial Services,Insurance - Property & Casualty,United States,NYSE,64311470942.0,249.83,42.12,46.37,5,42.7,1621,False,-8.81,34.03,12.64,14.88,22.35,34.93,49.86,221.8044,217.4648,204.1969,185.16,166.7139,414491513,1255,2026-09-18,44.69,257420930.0
NASDAQ:GRPN,GRPN,"Groupon, Inc.",Communication Services,Internet Content & Information,United States,NASDAQ,724734338.0,19.08,42.12,42.73,5,42.7,1622,True,-33.24,97.93,9.41,5.96,3.34,13.4,32.51,17.4392,18.006,18.4636,16.826,14.3987,19991293,1255,2026-09-18,39.39,37983980.0
NYSE:KNSL,KNSL,"Kinsale Capital Group, Inc.",Financial Services,Insurance - Property & Casualty,United States,NYSE,8128480961.0,356.85,42.12,46.58,5,42.7,1623,False,-25.31,23.05,0.06,-3.42,-13.98,-13.91,-8.4,356.6518,369.5048,414.8373,414.5169,389.571,70148072,1255,2026-09-18,43.78,22778425.0
NYSE:AMPY,AMPY,Amplify Energy Corp.,Energy,Oil & Gas E&P,United States,NYSE,185793466.0,4.5,42.13,46.75,5,42.7,1624,False,-32.13,22.62,-9.95,-9.93,-7.04,-16.79,-24.52,4.9975,4.9963,4.8406,5.4083,5.9621,2848840,1255,2026-09-18,44.17,41287437.0
NYSE:WTS,WTS,"Watts Water Technologies, Inc.",Industrials,Specialty Industrial Machinery,United States,NYSE,9634243236.0,350.66,42.13,45.77,5,42.7,1625,False,-10.44,34.02,10.03,13.34,31.86,45.52,59.27,318.6919,309.3893,265.9376,240.9722,220.1665,74982147,1255,2026-09-18,41.95,27474600.0
NASDAQ:CCSI,CCSI,"Consensus Cloud Solutions, Inc.",Technology,Software - Infrastructure,United States,NASDAQ,642640394.0,34.93,42.14,45.17,5,42.8,1626,False,-12.35,72.58,16.76,19.92,32.37,44.51,20.78,29.9168,29.1277,26.3879,24.1709,28.9215,7003082,1247,2026-09-18,45.91,18397950.0
NYSE:NGVT,NGVT,Ingevity Corporation,Basic Materials,Specialty Chemicals,United States,NYSE,2344574280.0,68.2,42.14,43.31,5,42.8,1627,True,-12.42,47.62,-1.77,3.19,24.4,33.13,23.73,69.4321,66.0922,54.8214,51.2298,55.119,18176582,1255,2026-09-18,41.45,34377922.0
NYSE:VZ,VZ,Verizon Communications Inc.,Communication Services,Telecom Services,United States,NYSE,200802627982.0,48.09,42.14,47.63,5,42.8,1628,False,-6.53,31.53,6.46,9.61,16.31,24.47,32.2,45.1714,43.8732,41.3481,38.6369,36.3775,1020397830,1255,2026-09-18,43.46,4175558910.0
NYSE:GM,GM,General Motors Company,Consumer Cyclical,Auto Manufacturers,United States,NYSE,74345916670.0,82.2,42.15,45.39,5,42.9,1629,False,-8.78,49.79,2.52,6.9,29.54,48.9,63.78,80.1812,76.8949,63.4575,55.2067,50.1884,602628450,1255,2026-09-18,52.94,904451541.0
NASDAQ:CBNK,CBNK,"Capital Bancorp, Inc.",Financial Services,Banks - Regional,United States,NASDAQ,584296761.0,35.87,42.19,46.69,5,42.9,1630,False,-5.31,36.32,11.67,14.07,18.03,32.22,42.27,32.1226,31.4445,30.3896,27.1291,25.2133,1850160,1255,2026-09-18,44.72,16289288.0
NYSE:BDJ,BDJ,Blackrock Enhanced Equity Dividend Trust,Financial Services,Asset Management,United States,NYSE,1696899568.0,9.59,42.2,47.2,5,42.9,1631,False,-2.61,19.46,5.67,7.6,16.43,25.87,31.87,9.0755,8.9123,8.2364,7.6187,7.2725,4116372,1255,2026-09-18,42.2,176944689.0
NYSE:BOC,BOC,Boston Omaha Corporation,Industrials,Conglomerates,United States,NYSE,400654911.0,13.52,42.2,45.12,5,42.9,1632,False,-10.4,22.24,4.21,4.11,-1.16,-4.21,-16.85,12.9739,12.9863,13.6793,14.1146,16.2596,2203109,1255,2026-09-18,45.83,29634239.0
NYSE:NBR,NBR,Nabors Industries Ltd.,Energy,Oil & Gas Drilling,Bermuda,NYSE,1261795120.0,85.28,42.2,45.47,5,42.9,1633,False,-22.91,130.55,5.56,16.11,40.46,23.64,1.62,80.7878,73.4469,60.7136,68.976,83.9207,21340732,1255,2026-09-18,44.88,14795909.0
NASDAQ:PAYX,PAYX,"Paychex, Inc.",Technology,Software - Application,United States,NASDAQ,41309007360.0,116.14,42.2,47.4,5,42.9,1634,False,-8.8,38.9,13.25,10.34,-3.92,-1.31,1.97,102.5486,105.2563,120.8814,117.6867,113.8911,316956597,1255,2026-09-18,42.98,355682860.0
NASDAQ:SHOE,SHOE,"Shoe Station Group, Inc.",Consumer Cyclical,Apparel Retail,United States,NASDAQ,354867596.0,13.07,42.21,42.24,5,43.0,1635,False,-40.3,6.43,-22.37,-23.89,-38.39,-45.76,-44.65,16.8356,17.1733,21.2144,24.0969,23.6151,19160441,1255,2026-09-18,43.63,27151308.0
NASDAQ:LGO,LGO,Largo Inc.,Basic Materials,Other Industrial Metals & Mining,Canada,NASDAQ,65868960.0,0.65,42.22,44.27,5,43.0,1636,False,-74.21,12.07,-36.98,-40.96,-53.37,-59.57,-73.68,1.0314,1.101,1.3941,1.6078,2.4692,325158,1255,2026-09-18,46.72,101336861.0
NASDAQ:MRCY,MRCY,Mercury Systems Inc,Industrials,Aerospace & Defense,United States,NASDAQ,5120491174.0,85.28,42.23,42.38,5,43.1,1637,False,-32.43,28.98,-6.61,-3.12,26.52,52.69,60.75,91.3192,88.0259,67.4047,55.8502,53.052,68159553,1255,2026-09-18,43.56,60043283.0
NASDAQ:AISP,AISP,"Airship AI Holdings, Inc",Technology,Software - Infrastructure,United States,NASDAQ,66123959.0,1.92,42.24,43.53,5,43.1,1638,False,-72.49,12.28,-25.03,-36.16,-46.48,-56.53,-67.41,2.5612,3.0074,3.5878,4.4166,5.8915,484169,1255,2026-09-18,44.47,34439562.0
NASDAQ:FVCB,FVCB,"FVCBankcorp, Inc.",Financial Services,Banks - Regional,United States,NASDAQ,324122224.0,18.01,42.24,46.91,5,43.1,1639,False,-5.36,52.21,12.83,18.29,32.23,39.35,39.91,15.9616,15.2248,13.6202,12.9246,12.8728,1395055,1255,2026-09-18,44.93,17996792.0
NASDAQ:STRZ,STRZ,Starz Entertainment Corp.,Communication Services,Entertainment,Canada,NASDAQ,415536784.0,24.75,42.24,45.06,5,43.1,1640,False,-18.07,186.13,31.34,41.97,,,,18.8436,17.4334,,,,5006445,344,2026-09-18,42.38,16789365.0
NASDAQ:YORW,YORW,The York Water Company,Utilities,Utilities - Regulated Water,United States,NASDAQ,529883292.0,32.69,42.24,48.55,5,43.1,1641,False,-5.47,13.52,4.09,4.57,3.08,-0.33,-5.33,31.4046,31.2614,31.7119,32.7966,34.5321,4348994,1255,2026-09-18,47.05,16209339.0
NYSE:CTVA,CTVA,"Corteva, Inc.",Basic Materials,Agricultural Inputs,United States,NYSE,53860074600.0,80.53,42.25,45.54,5,43.2,1642,False,-10.84,33.26,3.44,7.35,16.16,27.63,30.75,77.8492,75.0158,69.3247,63.0945,61.5891,436653812,1255,2026-09-18,44.95,668820000.0
NASDAQ:RPRX,RPRX,Royalty Pharma plc,Healthcare,Biotechnology,United States,NASDAQ,25891640415.0,58.41,42.25,46.74,5,43.2,1643,False,-8.68,70.61,17.33,24.04,50.43,68.51,70.36,49.7834,47.0912,38.8298,34.6621,34.2852,192247372,1255,2026-09-18,44.67,443274104.0
NASDAQ:FCNCA,FCNCA,"First Citizens BancShares, Inc.",Financial Services,Banks - Regional,United States,NASDAQ,21932445451.0,2111.8899,42.27,45.46,5,43.3,1644,False,-7.74,29.42,2.85,5.61,6.45,14.12,29.33,2053.3967,1999.6933,1983.8391,1850.6306,1632.9759,138649101,1255,2026-09-18,43.36,10385222.0
NYSE:PRI,PRI,"Primerica, Inc.",Financial Services,Insurance - Life,United States,NYSE,9061760885.0,290.59,42.27,44.39,5,43.3,1645,True,-10.61,19.33,6.15,7.21,7.84,15.07,26.59,273.7627,271.0489,269.4667,252.5368,229.5477,56271166,1255,2026-09-18,41.87,31184008.0
NYSE:ALV,ALV,"Autoliv, Inc.",Consumer Cyclical,Auto Parts,Sweden,NYSE,8567289645.0,116.98,42.28,44.84,5,43.3,1646,False,-10.54,18.31,-0.57,-0.57,8.77,11.12,18.57,117.6484,117.6494,107.5432,105.2768,98.6618,74685375,1255,2026-09-18,43.32,73237217.0
NASDAQ:PRCT,PRCT,PROCEPT BioRobotics Corporation,Healthcare,Medical Devices,United States,NASDAQ,1098533689.0,19.3,42.29,44.39,5,43.3,1647,False,-50.7,15.64,-24.5,-29.13,-58.45,-59.75,-57.27,25.5615,27.2329,46.446,47.9552,45.1694,23710811,1255,2026-09-18,43.13,56918844.0
NYSE:SKYH,SKYH,Sky Harbour Group Corporation,Real Estate,Real Estate - Development,United States,NYSE,347229591.0,10.07,42.31,45.37,5,43.4,1648,False,-12.36,21.33,3.59,3.45,-3.19,-1.63,13.45,9.7212,9.7339,10.4019,10.2373,8.8758,1491134,1255,2026-09-18,42.82,34481588.0
NYSE:SMR,SMR,NuScale Power Corporation,Industrials,Specialty Industrial Machinery,United States,NYSE,2862294842.0,8.27,42.32,44.36,5,43.4,1649,False,-84.52,8.96,-34.11,-51.84,-61.14,-48.82,-42.79,12.5512,17.1718,21.2794,16.1573,14.4543,371725209,1143,2026-09-18,47.79,346105785.0
NASDAQ:ZYBT,ZYBT,Zhengye Biotechnology Holding Limited,Healthcare,Drug Manufacturers - Specialty & Generic,China,NASDAQ,64926185.0,1.37,42.32,47.01,5,43.4,1650,False,-85.53,112.07,14.74,-11.73,,,,1.194,1.552,,,,93330,426,2026-09-18,42.32,47391376.0
NASDAQ:ASLE,ASLE,AerSale Corporation,Industrials,Airports & Air Services,United States,NASDAQ,258472975.0,5.47,42.33,42.1,5,43.4,1651,False,-36.84,1.86,-16.85,-18.69,-17.73,-28.41,-44.67,6.5787,6.7272,6.649,7.6404,9.8861,2587300,1255,2026-09-18,42.33,47252829.0
NASDAQ:LYTS,LYTS,LSI Industries Inc.,Technology,Electronic Components,United States,NASDAQ,747097421.0,20.35,42.33,41.15,5,43.4,1652,True,-23.87,18.79,-6.22,-5.87,2.8,13.33,24.2,21.7005,21.62,19.7965,17.956,16.3853,10320362,1255,2026-09-18,41.61,36712404.0
NYSE:MMM,MMM,3M Company,Industrials,Conglomerates,United States,NYSE,85553191756.0,165.89,42.34,44.79,5,43.5,1653,False,-9.34,18.61,4.07,4.15,11.24,28.68,41.42,159.3997,159.2804,149.1334,128.9179,117.3039,474827450,1255,2026-09-18,39.46,515722417.0
NYSE:PAC,PAC,"Grupo Aeroportuario Del Pacifico, S.A. B. de C.V. Grupo Aeroportuario Del Pacifico, S.A. de C.V. (each representing 10 Series B shares)",Industrials,Airports & Air Services,Mexico,NYSE,10528876589.0,202.78,42.34,41.69,5,43.5,1654,True,-32.5,1.61,-16.76,-15.52,-7.22,4.14,10.31,243.5952,240.0268,218.5576,194.7108,183.8211,26145262,1255,2026-09-18,36.6,51922658.0
NASDAQ:CCBG,CCBG,Capital City Bank Group,Financial Services,Banks - Regional,United States,NASDAQ,857205047.0,50.09,42.35,46.76,5,43.6,1655,False,-4.71,31.86,9.31,12.14,23.83,39.0,45.9,45.8238,44.668,40.4494,36.0364,34.3317,3566800,1255,2026-09-18,43.35,17113297.0
NYSE:NOV,NOV,NOV Inc.,Energy,Oil & Gas Equipment & Services,United States,NYSE,7154515969.0,20.07,42.35,46.58,5,43.6,1656,False,-7.16,66.74,5.61,11.96,27.82,22.92,20.02,19.003,17.9265,15.7021,16.3282,16.7222,68862998,1255,2026-09-18,47.59,356478125.0
NYSE:TPL,TPL,Texas Pacific Land Corporation,Energy,Oil & Gas E&P,United States,NYSE,24325211875.0,352.67,42.36,43.69,5,43.6,1657,True,-34.46,29.47,-10.41,-6.21,-7.79,9.34,21.06,393.6676,376.0158,382.4806,322.536,291.3247,132626896,1255,2026-09-18,39.18,68974429.0
NASDAQ:VOR,VOR,Vor Biopharma Inc.,Healthcare,Biotechnology,United States,NASDAQ,1159577768.0,21.4,42.36,47.38,5,43.6,1658,False,-56.08,211.95,31.29,19.63,7.77,-14.09,-48.32,16.2993,17.8886,19.8567,24.9104,41.4088,21263602,1255,2026-09-18,44.98,54185877.0
NASDAQ:STI,STI,"Solidion Technology, Inc.",Industrials,Electrical Equipment & Parts,United States,NASDAQ,57855601.0,6.81,42.37,44.5,5,43.6,1659,False,-80.94,112.81,-10.59,-16.72,-33.04,-91.85,-96.46,7.6164,8.1768,10.1707,83.6047,192.5931,431171,1100,2026-09-18,37.79,8495683.0
NASDAQ:ALMU,ALMU,"Aeluma, Inc.",Technology,Semiconductors,United States,NASDAQ,232935388.0,12.725,42.38,42.23,5,43.7,1660,True,-59.59,18.59,-28.19,-26.73,-6.54,26.1,,17.7214,17.3665,13.615,10.0915,,8228975,893,2026-09-18,33.45,18305335.0
NYSE:BKSY,BKSY,BlackSky Technology Inc.,Industrials,Specialty Business Services,United States,NYSE,886771635.0,21.67,42.38,42.78,5,43.7,1661,False,-58.03,64.92,-20.8,-16.81,13.12,35.18,41.75,27.361,26.0497,19.1565,16.0301,15.2877,20612864,1255,2026-09-18,46.84,40921626.0
NASDAQ:BYND,BYND,"Beyond Meat, Inc.",Consumer Defensive,Packaged Foods,United States,NASDAQ,5931590932.0,11.51,42.38,40.55,5,43.7,1662,False,-89.4,15.22,-48.25,-59.39,-84.1,-90.58,-94.23,22.2406,28.3438,72.3778,122.1386,199.3996,12720058,1255,2026-09-18,43.47,515342392.0
NYSE:OMF,OMF,"OneMain Holdings, Inc.",Financial Services,Credit Services,United States,NYSE,6995671730.0,60.81,42.38,46.24,5,43.7,1663,False,-10.08,27.87,4.29,5.8,15.89,27.62,41.31,58.3107,57.4752,52.4737,47.651,43.034,54323020,1255,2026-09-18,42.89,115041469.0
NYSE:DB,DB,Deutsche Bank AG,Financial Services,Banks - Regional,Germany,NYSE,71364420000.0,37.98,42.39,47.92,5,43.8,1664,False,-8.61,38.76,9.87,10.18,32.69,62.0,90.25,34.5676,34.4719,28.6224,23.4444,19.9631,72352116,1255,2026-09-18,49.36,1879000000.0
NASDAQ:FULT,FULT,Fulton Financial Corporation,Financial Services,Banks - Regional,United States,NASDAQ,4480187400.0,23.4,42.39,45.25,5,43.8,1665,True,-7.11,43.18,7.95,12.44,21.32,32.54,42.0,21.6766,20.8104,19.2885,17.6549,16.479,37429814,1255,2026-09-18,42.15,191461000.0
NASDAQ:PRGS,PRGS,Progress Software Corporation,Technology,Software - Infrastructure,United States,NASDAQ,1645029104.0,40.11,42.39,46.46,5,43.8,1666,False,-14.42,59.86,8.35,4.66,-17.06,-19.83,-21.19,37.0193,38.324,48.3599,50.031,50.893,23125260,1255,2026-09-18,44.58,41012942.0
NYSE:KOP,KOP,Koppers Holdings Inc.,Basic Materials,Specialty Chemicals,United States,NYSE,871778673.0,45.33,42.4,45.3,5,43.9,1667,False,-13.21,73.62,16.12,23.46,33.45,22.14,27.59,39.0356,36.7156,33.967,37.1135,35.529,8514466,1255,2026-09-18,46.96,19231826.0
NYSE:VVR,VVR,Invesco Senior Income Trust Common Stock (DE),Financial Services,Asset Management,United States,NYSE,443304084.0,2.88,42.41,44.94,5,43.9,1668,False,-7.26,1.28,-1.9,-2.04,-5.36,-5.23,-0.25,2.9358,2.9401,3.0431,3.039,2.8873,2205089,1255,2026-09-18,45.14,153925029.0
NASDAQ:ADBE,ADBE,Adobe Inc.,Technology,Software - Application,United States,NASDAQ,98945700000.0,248.92,42.42,46.13,5,43.9,1669,False,-32.26,28.7,-6.06,-11.28,-29.3,-40.24,-39.25,264.9882,280.5819,352.0787,416.5299,409.7614,1457653721,1255,2026-09-18,44.29,397500000.0
NASDAQ:DGICA,DGICA,"Donegal Group, Inc.",Financial Services,Insurance - Property & Casualty,United States,NASDAQ,589486068.0,18.73,42.42,47.0,5,43.9,1670,False,-7.78,15.9,3.67,2.96,9.0,19.67,25.8,18.067,18.1907,17.1834,15.6508,14.8886,2415765,1255,2026-09-18,45.23,31472828.0
NASDAQ:NWE,NWE,"NorthWestern Energy Group, Inc.",Utilities,Utilities - Regulated Electric,United States,NASDAQ,4212127190.0,68.47,42.43,44.63,5,44.0,1671,False,-5.86,26.9,0.59,3.42,16.66,26.66,30.73,68.0662,66.2047,58.6943,54.0577,52.3767,27607699,1255,2026-09-18,46.41,61517850.0
NYSE:SAR,SAR,Saratoga Investment Corp New,Financial Services,Asset Management,United States,NYSE,287719002.0,17.64,42.43,41.34,5,44.0,1672,False,-21.64,3.8,-13.77,-13.36,-12.08,-6.84,-3.03,20.4565,20.361,20.0645,18.9352,18.1906,2583004,1255,2026-09-18,46.56,16310601.0
NASDAQ:STRA,STRA,"Strategic Education, Inc.",Consumer Defensive,Education & Training Services,United States,NASDAQ,1805414655.0,79.84,42.43,46.29,5,44.0,1673,False,-8.21,12.27,0.36,0.76,-2.14,-5.95,-2.02,79.551,79.241,81.5841,84.888,81.4866,24206741,1255,2026-09-18,44.39,22612909.0
NYSE:CBRE,CBRE,CBRE Group Inc Common Stock Class A,Real Estate,Real Estate Services,United States,NYSE,40395754071.0,139.5,42.45,45.18,5,44.1,1674,False,-18.71,11.92,-4.71,-6.02,-1.77,12.08,23.58,146.3995,148.4382,142.0192,124.4615,112.8829,243415811,1255,2026-09-18,42.1,289575298.0
NASDAQ:JANX,JANX,"Janux Therapeutics, Inc.",Healthcare,Biotechnology,United States,NASDAQ,1011730433.0,16.59,42.45,46.46,5,44.1,1675,False,-52.25,36.21,10.98,-4.78,-38.3,-39.57,-31.26,14.9491,17.4237,26.8898,27.4518,24.1355,18276547,1255,2026-09-18,44.25,60984354.0
NASDAQ:FFIN,FFIN,"First Financial Bankshares, Inc.",Financial Services,Banks - Regional,United States,NASDAQ,4702323425.0,32.81,42.47,44.12,5,44.1,1676,False,-9.51,16.3,2.27,2.76,-2.34,3.03,3.97,32.0809,31.9284,33.5965,31.8451,31.5564,23355465,1255,2026-09-18,42.78,143319824.0
NASDAQ:AIRO,AIRO,"AIRO Group Holdings, Inc.",Industrials,Aerospace & Defense,United States,NASDAQ,220119508.0,7.0,42.49,44.94,5,44.1,1677,False,-65.26,19.66,-18.67,-30.51,,,,8.6069,10.0732,,,,3275323,318,2026-09-18,47.53,31445644.0
NASDAQ:BLZE,BLZE,"Backblaze, Inc.",Technology,Software - Infrastructure,United States,NASDAQ,789793860.0,13.16,42.49,45.31,5,44.1,1678,False,-35.58,297.58,60.68,60.52,82.53,81.22,95.79,8.1901,8.1985,7.21,7.2618,6.7213,26199191,1217,2026-09-18,46.43,60014731.0
NASDAQ:DAVE,DAVE,Dave Inc.,Technology,Software - Application,United States,NASDAQ,3851203740.0,337.82,42.5,45.48,5,44.2,1679,False,-23.66,116.66,26.45,31.33,75.99,147.83,224.01,267.1643,257.2329,191.9542,136.3134,104.2615,119317153,1255,2026-09-18,47.69,11400165.0
NYSE:GRMN,GRMN,Garmin Ltd. Common Stock (Switzerland),Technology,Scientific & Technical Instruments,Switzerland,NYSE,52853166016.0,274.06,42.5,47.32,5,44.2,1680,False,-12.15,48.9,14.06,15.8,24.83,43.02,64.69,240.2675,236.6746,219.5539,191.6171,166.4057,250807308,1255,2026-09-18,43.86,192852536.0
NASDAQ:AIRJ,AIRJ,AirJoule Technologies Corporation,Industrials,Building Products & Equipment,United States,NASDAQ,313494546.0,4.33,42.51,44.81,5,44.2,1681,False,-34.29,72.51,10.6,5.75,-15.21,-37.93,-44.38,3.9151,4.0945,5.107,6.9763,7.7845,4392528,1162,2026-09-18,39.09,72400588.0
NASDAQ:OLED,OLED,Universal Display Corporation,Technology,Electronic Components,United States,NASDAQ,3599203180.0,78.3,42.51,43.69,5,44.2,1682,False,-47.18,2.85,-19.15,-25.03,-38.85,-44.97,-43.2,96.8427,104.4395,128.0501,142.2794,137.8542,70000082,1255,2026-09-18,40.04,45966835.0
NASDAQ:DWSN,DWSN,Dawson Geophysical Company,Energy,Oil & Gas Equipment & Services,United States,NASDAQ,100921730.0,3.25,42.52,43.37,5,44.3,1683,False,-57.07,108.33,-3.84,5.51,43.48,59.1,68.98,3.3797,3.0804,2.2652,2.0427,1.9233,348368,1255,2026-09-18,42.52,31052840.0
NASDAQ:KIDS,KIDS,OrthoPediatrics Corp.,Healthcare,Medical Devices,United States,NASDAQ,560446569.0,21.82,42.52,46.88,5,44.3,1684,True,-17.66,49.04,16.45,17.9,4.29,-8.53,-24.04,18.7376,18.507,20.9229,23.8541,28.7267,5393017,1255,2026-09-18,42.14,25684994.0
NASDAQ:NMAD,NMAD,"Nomad Power Solutions, Inc.",Industrials,Electrical Equipment & Parts,United States,NASDAQ,66006612.0,3.61,42.52,42.59,5,44.3,1685,False,-55.1,47.95,-15.47,-16.71,11.03,21.16,-3.17,4.2706,4.3343,3.2512,2.9795,3.728,839745,1255,2026-09-18,42.52,18284380.0
NYSE:BEN,BEN,"Franklin Templeton, Inc.",Financial Services,Asset Management,United States,NYSE,17153222718.0,33.01,42.54,46.12,5,44.4,1686,False,-7.72,61.91,15.07,20.96,39.74,43.88,44.99,28.6861,27.2896,23.6231,22.9432,22.7671,110142580,1255,2026-09-18,43.07,519637162.0
NASDAQ:BFST,BFST,"Business First Bancshares, Inc.",Financial Services,Banks - Regional,United States,NASDAQ,1007134974.0,30.82,42.54,46.92,5,44.4,1687,False,-4.08,38.52,8.15,11.92,18.54,27.65,36.52,28.4965,27.5386,25.9993,24.1449,22.5759,6448809,1255,2026-09-18,42.69,32677968.0
NASDAQ:RUSHA,RUSHA,"Rush Enterprises, Inc.",Consumer Cyclical,Auto & Truck Dealerships,United States,NASDAQ,2985901813.0,48.92,42.54,44.71,5,44.4,1688,False,-11.08,59.08,6.32,12.5,23.1,35.04,48.58,46.0112,43.484,39.7413,36.2264,32.9241,30658894,1255,2026-09-18,46.27,61036423.0
NYSE:BXC,BXC,Bluelinx Holdings Inc.,Industrials,Industrial Distribution,United States,NYSE,577220237.0,74.17,42.55,48.57,5,44.4,1689,False,-18.86,63.59,17.28,15.81,-3.95,-13.21,-11.3,63.2396,64.0437,77.2174,85.4546,83.6202,11263854,1255,2026-09-18,43.81,7782395.0
NYSE:BF.B,BF-B,Brown Forman Inc,Consumer Defensive,Beverages - Wineries & Distilleries,United States,NYSE,7532545811.0,25.94,42.56,44.8,5,44.5,1690,False,-13.76,15.74,-2.81,-2.87,-14.14,-28.33,-38.74,26.691,26.7059,30.2134,36.1932,42.3453,70425269,1255,2026-09-18,46.96,290383416.0
NASDAQ:ON,ON,ON Semiconductor Corporation,Technology,Semiconductors,United States,NASDAQ,27235208428.0,69.98,42.56,42.11,5,44.5,1691,False,-47.75,55.86,-11.86,-4.49,9.23,3.09,-1.05,79.3933,73.2685,64.0637,67.8844,70.7213,705567222,1255,2026-09-18,39.5,389185602.0
NASDAQ:BELFA,BELFA,Bel Fuse Inc.,Technology,Electronic Components,United States,NASDAQ,420577742.0,198.83,42.57,42.94,5,44.5,1692,False,-31.71,79.91,-5.86,2.79,40.66,70.15,103.5,211.2146,193.4396,141.359,116.8556,97.7065,20065155,1255,2026-09-18,38.86,2115263.0
NASDAQ:KELYB,KELYB,"Kelly Services, Inc.",Industrials,Staffing & Employment Services,United States,NASDAQ,73139150.0,22.19,42.59,46.76,5,44.6,1693,False,-40.8,165.01,31.08,40.43,49.85,33.39,35.14,16.928,15.8019,14.8081,16.6357,16.4198,248529,1255,2026-09-18,48.92,3296041.0
NASDAQ:QCRH,QCRH,"QCR Holdings, Inc.",Financial Services,Banks - Regional,United States,NASDAQ,1636399455.0,99.98,42.59,47.01,5,44.6,1694,False,-6.06,49.81,8.65,12.87,22.2,35.54,48.8,92.0176,88.5836,81.8165,73.763,67.1889,13209996,1255,2026-09-18,45.94,16367268.0
NYSE:KMPR,KMPR,Kemper Corporation,Financial Services,Insurance - Property & Casualty,United States,NYSE,1558989663.0,26.48,42.61,45.14,5,44.6,1695,False,-47.78,17.01,-14.39,-21.05,-43.14,-44.81,-44.29,30.9292,33.5382,46.5734,47.9822,47.5356,24813966,1255,2026-09-18,45.22,58874232.0
NASDAQ:MB,MB,MasterBeef Group,Consumer Cyclical,Restaurants,Hong Kong,NASDAQ,69306200.0,4.04,42.61,44.6,5,44.6,1696,True,-58.73,10.02,-29.8,-36.14,,,,5.7553,6.3262,,,,101338,362,2026-09-18,42.02,17155000.0
NYSE:PAM,PAM,Pampa Energia S.A.,Industrials,Conglomerates,Argentina,NYSE,4382823526.0,81.55,42.62,45.64,5,44.6,1697,False,-11.62,44.21,-2.74,-0.28,3.71,20.89,38.15,83.8452,81.7806,78.629,67.4574,59.0315,16040993,1255,2026-09-18,48.39,53744004.0
NASDAQ:ACNT,ACNT,Ascent Industries Co.,Basic Materials,Chemicals,United States,NASDAQ,133313671.0,14.75,42.63,45.67,5,44.7,1698,False,-17.04,23.43,-1.37,1.61,12.71,23.71,27.57,14.9552,14.5159,13.0867,11.9233,11.5627,512746,1255,2026-09-18,44.41,9038215.0
NYSE:BLCO,BLCO,Bausch + Lomb Corporation,Healthcare,Medical Instruments & Supplies,Canada,NYSE,6018234395.0,16.85,42.63,47.01,5,44.7,1699,True,-9.41,17.67,1.31,3.06,4.85,5.63,3.66,16.6321,16.35,16.0707,15.9518,16.2544,7031198,1096,2026-09-18,40.94,357165246.0
NASDAQ:NPT,NPT,Texxon Holding Limited,Consumer Cyclical,Specialty Retail,China,NASDAQ,64336500.0,2.9,42.63,45.49,5,44.7,1700,True,-85.85,139.67,-40.28,,,,,4.8558,,,,,70595,228,2026-09-18,39.05,22185000.0
NASDAQ:AMCX,AMCX,AMC Global Media Inc.,Communication Services,Entertainment,United States,NASDAQ,373746862.0,11.52,42.64,47.85,5,44.8,1701,False,-10.35,76.69,23.67,27.62,38.39,15.35,-1.47,9.3154,9.0266,8.3245,9.9867,11.6914,7488445,1255,2026-09-18,46.03,32443304.0
NYSE:SCHW,SCHW,Charles Schwab Corporation (The),Financial Services,Capital Markets,United States,NYSE,183044012112.0,105.25,42.64,47.63,5,44.8,1702,True,-7.39,23.68,7.86,8.99,19.01,31.48,38.66,97.5834,96.57,88.4401,80.0485,75.9044,906684266,1255,2026-09-18,40.12,1739135507.0
NASDAQ:TOYO,TOYO,"TOYO Co., Ltd",Technology,Solar,Japan,NASDAQ,188390561.0,4.41,42.64,40.35,5,44.8,1703,False,-74.04,5.5,-46.58,-44.48,-22.69,-36.04,-43.26,8.255,7.9425,5.7044,6.8946,7.7725,2820247,1131,2026-09-18,40.32,42718948.0
NYSE:BCC,BCC,"Boise Cascade, L.L.C.",Basic Materials,Lumber & Wood Production,United States,NYSE,2663511118.0,75.69,42.65,45.49,5,44.9,1704,False,-16.12,16.32,-1.5,-0.26,-17.45,-24.45,-17.44,76.8421,75.8899,91.6891,100.1793,91.6842,24667177,1255,2026-09-18,41.98,35189736.0
NYSE:KNX,KNX,Knight-Swift Transportation Holdings Inc.,Industrials,Trucking,United States,NYSE,10852570080.0,66.68,42.65,44.03,5,44.9,1705,False,-18.89,73.35,4.07,11.66,24.5,26.92,26.96,64.0716,59.7155,53.5586,52.5389,52.5193,243045139,1255,2026-09-18,42.61,162756000.0
NYSE:TGS,TGS,Transportadora de Gas del Sur SA TGS,Energy,Oil & Gas Integrated,Argentina,NYSE,1968627786.0,28.32,42.65,44.76,5,44.9,1706,False,-19.82,40.76,-7.17,-4.19,1.15,19.03,37.85,30.5087,29.5582,27.9991,23.7932,20.5434,6681104,1255,2026-09-18,48.95,69513693.0
NYSE:PFLT,PFLT,PennantPark Floating Rate Capital Ltd.,Financial Services,Asset Management,United States,NYSE,695517451.0,7.01,42.66,44.66,5,44.9,1707,False,-19.87,4.54,-9.75,-10.2,-15.53,-15.29,-12.2,7.7675,7.8062,8.2986,8.2757,7.9845,5197894,1255,2026-09-18,52.57,99217896.0
NYSE:LNC,LNC,Lincoln National Corporation,Financial Services,Insurance - Life,United States,NYSE,8079077579.0,42.2,42.68,47.18,5,44.9,1708,False,-10.21,32.69,8.37,8.48,18.41,31.92,39.57,38.9412,38.9021,35.6377,31.9887,30.2359,87321532,1255,2026-09-18,43.16,191447336.0
NASDAQ:LMRI,LMRI,"Lumexa Imaging Holdings, Inc.",Healthcare,Medical Devices,United States,NASDAQ,1064574544.0,11.08,42.69,46.47,5,45.0,1709,False,-40.21,63.66,,,,,,,,,,,3690111,193,2026-09-18,48.96,96080735.0
NASDAQ:NNBR,NNBR,"NN, Inc.",Industrials,Conglomerates,United States,NASDAQ,255807776.0,3.31,42.69,46.11,5,45.0,1710,False,-19.46,190.35,40.88,48.49,31.67,17.46,28.02,2.3496,2.2291,2.5139,2.8181,2.5856,4176292,1255,2026-09-18,44.6,77283316.0
NASDAQ:ROST,ROST,"Ross Stores, Inc.",Consumer Cyclical,Apparel Retail,United States,NASDAQ,72692199632.0,226.61,42.7,44.6,5,45.0,1711,False,-11.04,57.94,5.71,11.91,32.23,42.83,56.49,214.3691,202.498,171.3739,158.6552,144.8058,559189428,1255,2026-09-18,46.24,320781076.0
NYSE:NIC,NIC,Nicolet Bankshares Inc.,Financial Services,Banks - Regional,United States,NYSE,3538629231.0,168.02,42.71,47.62,5,45.0,1712,False,-5.94,47.41,11.56,15.49,29.61,49.11,64.8,150.6077,145.483,129.6372,112.6836,101.954,24711728,1255,2026-09-18,42.27,21060762.0
NYSE:CFR,CFR,"Cullen/Frost Bankers, Inc.",Financial Services,Banks - Regional,United States,NYSE,9931375843.0,159.8,42.72,47.38,5,45.1,1713,False,-5.44,37.26,11.47,15.16,22.11,34.08,37.44,143.352,138.7668,130.8706,119.1867,116.268,84841842,1255,2026-09-18,42.1,62148785.0
NYSE:FBP,FBP,First BanCorp. New,Financial Services,Banks - Regional,United States,NYSE,4210760117.0,27.58,42.72,47.12,5,45.1,1714,True,-6.47,46.82,16.01,19.69,30.15,42.36,57.61,23.7728,23.0431,21.1908,19.3731,17.4993,38094099,1255,2026-09-18,41.58,152674406.0
NASDAQ:ALGT,ALGT,Allegiant Travel Company,Industrials,Airlines,United States,NASDAQ,2100745400.0,78.16,42.73,42.33,5,45.1,1715,False,-34.41,34.69,-12.53,-7.25,4.9,10.75,3.72,89.355,84.2658,74.5069,70.5762,75.3594,42251615,1255,2026-09-18,44.64,26877500.0
NASDAQ:CFBK,CFBK,CF Bankshares Inc.,Financial Services,Banks - Regional,United States,NASDAQ,223981314.0,34.5,42.73,49.22,5,45.1,1716,False,-4.98,55.38,14.89,20.42,32.16,46.29,54.46,30.0279,28.6494,26.1048,23.5837,22.3355,1342059,1255,2026-09-18,47.65,6492212.0
NASDAQ:FRME,FRME,First Merchants Corporation,Financial Services,Banks - Regional,United States,NASDAQ,2542339929.0,40.87,42.73,44.63,5,45.1,1717,False,-8.84,21.22,2.82,5.07,7.13,14.83,18.65,39.7489,38.8987,38.1512,35.5912,34.4445,18159390,1255,2026-09-18,43.0,62205528.0
NYSE:RCI,RCI,"Rogers Communication, Inc.",Communication Services,Telecom Services,Canada,NYSE,15052005655.0,35.08,42.74,46.71,5,45.2,1718,False,-11.92,12.63,-2.03,-2.26,6.88,2.15,-1.35,35.8085,35.8898,32.8216,34.3425,35.5589,37928724,1255,2026-09-18,43.05,429076558.0
NASDAQ:EDIT,EDIT,"Editas Medicine, Inc.",Healthcare,Biotechnology,United States,NASDAQ,414346963.0,2.7,42.75,45.06,5,45.2,1719,False,-34.94,62.16,2.78,-1.37,10.39,-31.48,-49.61,2.6269,2.7374,2.446,3.9404,5.3585,8943549,1255,2026-09-18,43.39,153461838.0
NASDAQ:NMFC,NMFC,New Mountain Finance Corporation,Financial Services,Asset Management,United States,NASDAQ,660222206.0,6.99,42.77,45.39,5,45.3,1720,False,-18.55,6.17,-6.29,-8.23,-14.86,-17.47,-16.0,7.4589,7.6165,8.2097,8.4697,8.3214,3133088,1255,2026-09-18,49.79,94452390.0
NASDAQ:AEIS,AEIS,"Advanced Energy Industries, Inc.",Industrials,Electrical Equipment & Parts,United States,NASDAQ,10490794265.0,262.2,42.79,43.61,5,45.3,1721,False,-32.56,57.75,-13.14,-6.13,31.63,57.52,76.66,301.8765,279.3199,199.1881,166.4557,148.4244,149366290,1255,2026-09-18,39.15,40010657.0
NYSE:VNT,VNT,Vontier Corporation,Technology,Scientific & Technical Instruments,United States,NYSE,4415488000.0,31.36,42.82,45.86,5,45.3,1722,False,-27.73,12.99,-8.82,-11.46,-12.97,-13.28,-5.85,34.392,35.4183,36.0342,36.1623,33.3082,42535739,1255,2026-09-18,46.04,140800000.0
NYSE:AVEX,AVEX,AEVEX Corp.,Industrials,Aerospace & Defense,United States,NYSE,914819395.0,16.2,42.83,44.3,5,45.4,1723,False,-59.98,21.62,,,,,,,,,,,22011231,107,2026-09-18,45.67,56470333.0
NASDAQ:ECX,ECX,ECARX Holdings Inc.,Consumer Cyclical,Auto Parts,United Kingdom,NASDAQ,353970552.0,1.02,42.83,44.48,5,45.4,1724,False,-61.36,15.65,-23.17,-31.89,-37.9,-45.33,-67.47,1.3277,1.4977,1.6425,1.8656,3.1356,1090998,1255,2026-09-18,47.78,347029953.0
NASDAQ:PAMT,PAMT,PAMT CORP,Industrials,Trucking,United States,NASDAQ,251947141.0,12.03,42.83,44.41,5,45.4,1725,False,-31.49,59.76,1.61,3.59,-8.67,-19.11,-32.76,11.8389,11.6131,13.1716,14.8723,17.8913,240941,1255,2026-09-18,45.1,20943237.0
NYSE:AER,AER,AerCap Holdings N.V.,Industrials,Rental & Leasing Services,Ireland,NYSE,22263550967.0,141.64,42.85,44.21,5,45.4,1726,False,-8.52,19.18,-1.18,1.38,16.9,32.39,50.09,143.3322,139.7081,121.1636,106.9842,94.3714,163381068,1255,2026-09-18,46.28,157184065.0
NYSE:BF.A,BF-A,Brown Forman Inc,Consumer Defensive,Beverages - Wineries & Distilleries,United States,NYSE,4468112115.0,26.52,42.85,45.08,5,45.4,1727,False,-11.84,16.25,-2.09,-1.69,-12.3,-27.45,-38.04,27.0854,26.9755,30.2411,36.5549,42.7999,4727433,1255,2026-09-18,45.55,168480849.0
NASDAQ:SYRE,SYRE,"Spyre Therapeutics, Inc.",Healthcare,Biotechnology,United States,NASDAQ,7837423083.0,90.25,42.85,45.38,5,45.4,1728,False,-17.14,506.52,39.17,61.42,135.05,165.28,217.15,64.8465,55.9116,38.3968,34.0209,28.4567,123009383,1255,2026-09-18,47.3,86841253.0
NASDAQ:USLM,USLM,"United States Lime & Minerals, Inc.",Basic Materials,Building Materials,United States,NASDAQ,3256129200.0,113.5,42.85,46.81,5,45.4,1729,False,-18.53,16.48,-3.25,-4.4,-0.5,19.15,42.91,117.308,118.7284,114.0749,95.2605,79.4204,17639604,1255,2026-09-18,45.07,28688363.0
NASDAQ:ALTO,ALTO,"Alto Ingredients, Inc.",Basic Materials,Specialty Chemicals,United States,NASDAQ,309940612.0,4.0,42.86,42.94,5,45.5,1730,False,-33.22,334.78,-3.14,12.12,63.64,67.95,57.62,4.1298,3.5676,2.4445,2.3816,2.5377,5758651,1255,2026-09-18,43.58,77485153.0
NASDAQ:HQY,HQY,"HealthEquity, Inc.",Healthcare,Health Information Services,United States,NASDAQ,7953909217.0,95.14,42.86,45.51,5,45.5,1731,True,-10.91,29.95,6.89,5.18,2.41,9.02,17.01,89.0059,90.4519,92.9048,87.2711,81.3079,92410414,1255,2026-09-18,40.91,83602157.0
NASDAQ:CXII,CXII,Churchill Capital Corp XII,Financial Services,Shell Companies,United States,NASDAQ,444637500.0,10.65,42.88,48.91,5,45.6,1732,False,-1.93,5.97,,,,,,,,,,,555583,65,2026-09-18,51.28,41750000.0
AMEX:IE,IE,Ivanhoe Electric Inc.,Basic Materials,Copper,United States,AMEX,1505353049.0,9.51,42.9,44.73,5,45.6,1733,False,-52.26,17.7,-27.32,-27.54,-10.11,-7.85,-12.75,13.0845,13.1249,10.5799,10.3198,10.9003,23881645,1061,2026-09-18,42.56,158291593.0
NASDAQ:CEPV,CEPV,"Cantor Equity Partners V, Inc.",Financial Services,Shell Companies,United States,NASDAQ,264594400.0,10.36,42.91,45.68,5,45.6,1734,False,-0.86,2.78,0.93,,,,,10.2644,,,,,21691,219,2026-09-18,42.91,25540000.0
NYSE:PH,PH,Parker-Hannifin Corporation,Industrials,Specialty Industrial Machinery,United States,NYSE,118967551477.0,943.54,42.91,44.54,5,45.6,1735,False,-11.96,32.75,0.68,4.37,20.81,38.28,59.46,937.1349,904.0468,780.9829,682.3476,591.6951,610123608,1255,2026-09-18,36.06,126086389.0
NASDAQ:HMH,HMH,HMH Holding Inc.,Energy,Oil & Gas Equipment & Services,United States,NASDAQ,228288052.0,18.85,42.92,45.14,5,45.7,1736,False,-22.3,11.6,,,,,,,,,,,3713864,118,2026-09-18,44.64,12110772.0
NYSE:JBL,JBL,Jabil Inc.,Technology,Electronic Components,United States,NYSE,31391068252.0,299.57,42.92,43.82,5,45.7,1737,True,-22.3,55.75,0.77,7.28,35.84,59.63,85.57,297.2899,279.2423,220.5365,187.6637,161.4304,313092348,1255,2026-09-18,40.55,104787089.0
NASDAQ:KVHI,KVHI,"KVH Industries, Inc.",Communication Services,Telecom Services,United States,NASDAQ,140578785.0,7.21,42.92,42.4,5,45.7,1738,False,-38.32,37.07,-11.0,-5.33,11.35,21.42,5.6,8.1011,7.6157,6.4751,5.938,6.8278,903585,1255,2026-09-18,42.42,19497751.0
NASDAQ:HELE,HELE,Helen of Troy Limited,Consumer Defensive,Household & Personal Products,United States,NASDAQ,625158917.0,26.84,42.93,45.67,5,45.8,1739,False,-11.18,93.37,18.05,20.09,-21.58,-51.95,-60.73,22.736,22.3496,34.2268,55.861,68.3444,10687755,1255,2026-09-18,46.86,23292061.0
NASDAQ:ONDS,ONDS,Ondas Inc,Technology,Communication Equipment,United States,NASDAQ,4211107313.0,7.39,42.93,44.33,5,45.8,1740,False,-47.25,40.76,-22.26,-19.0,36.35,88.12,116.63,9.5056,9.1239,5.42,3.9284,3.4114,462078402,1255,2026-09-18,42.93,569838608.0
NASDAQ:CCC,CCC,CCC Intelligent Solutions Holdings Inc.,Technology,Software - Application,United States,NASDAQ,3857915311.0,6.55,42.94,47.52,5,45.8,1741,False,-32.12,55.21,6.03,-1.67,-22.37,-30.39,-30.58,6.1775,6.661,8.4377,9.4097,9.4348,73475708,1255,2026-09-18,43.91,588994704.0
NYSE:CUBI,CUBI,"Customers Bancorp, Inc",Financial Services,Banks - Regional,United States,NYSE,2625165080.0,77.61,42.95,45.9,5,45.9,1742,False,-7.22,28.24,2.85,5.5,21.58,32.43,51.4,75.4571,73.5646,63.8353,58.6034,51.2614,20666816,1255,2026-09-18,44.55,33825088.0
NASDAQ:RDZN,RDZN,"Roadzen, Inc.",Technology,Software - Application,United States,NASDAQ,104012002.0,1.23,42.95,44.03,5,45.9,1743,False,-48.96,47.66,-18.54,-16.23,-6.8,-45.94,-71.48,1.51,1.4682,1.3198,2.2754,4.3133,449331,1174,2026-09-18,39.28,84562603.0
NASDAQ:SPOK,SPOK,"Spok Holdings, Inc.",Healthcare,Health Information Services,United States,NASDAQ,217339443.0,10.39,42.95,45.93,5,45.9,1744,False,-34.2,4.46,-5.69,-10.1,-19.15,-18.01,-8.94,11.0164,11.5573,12.8504,12.6728,11.4097,1477710,1255,2026-09-18,43.23,20918137.0
NYSE:EPAC,EPAC,Enerpac Tool Group Corp.,Industrials,Specialty Industrial Machinery,United States,NYSE,1822566456.0,35.36,42.98,45.59,5,45.9,1745,False,-17.81,7.38,-4.71,-6.3,-12.54,-7.45,1.28,37.1091,37.7385,40.4311,38.206,34.9127,14704402,1255,2026-09-18,44.72,51543169.0
NASDAQ:VCEL,VCEL,Vericel Corporation,Healthcare,Biotechnology,United States,NASDAQ,2049288692.0,40.02,43.0,43.73,5,45.9,1746,False,-17.16,36.4,4.92,6.34,-4.15,-4.98,2.65,38.142,37.6329,41.7533,42.119,38.9851,21496042,1255,2026-09-18,43.05,51206614.0
NYSE:BBWI,BBWI,"Bath & Body Works, Inc.",Consumer Cyclical,Specialty Retail,United States,NYSE,3507175529.0,17.4,43.01,43.99,5,46.0,1747,False,-32.88,20.71,-11.54,-14.37,-31.17,-40.03,-42.7,19.6692,20.3209,25.28,29.0134,30.3655,130374212,1255,2026-09-18,41.43,201561812.0
NASDAQ:CELH,CELH,"Celsius Holdings, Inc.",Consumer Defensive,Beverages - Non-Alcoholic,United States,NASDAQ,7163042887.0,28.02,43.01,45.0,5,46.0,1748,False,-56.8,17.88,-24.64,-30.96,-27.1,-39.01,-36.49,37.1814,40.5881,38.436,45.9387,44.1195,238646691,1255,2026-09-18,44.2,255640360.0
NASDAQ:FULC,FULC,"Fulcrum Therapeutics, Inc.",Healthcare,Biotechnology,United States,NASDAQ,286877686.0,3.76,43.01,43.78,5,46.0,1749,False,-74.25,19.75,-46.31,-49.53,-38.74,-41.8,-40.52,7.0031,7.4504,6.1381,6.4607,6.3216,5185122,1255,2026-09-18,44.15,76297257.0
NASDAQ:KRNY,KRNY,Kearny Financial,Financial Services,Banks - Regional,United States,NASDAQ,601638228.0,9.56,43.03,48.36,5,46.1,1750,False,-5.63,58.99,16.05,22.14,36.76,45.27,42.32,8.2375,7.8273,6.9904,6.5811,6.7172,6035318,1255,2026-09-18,46.25,62932869.0
NASDAQ:PRME,PRME,"Prime Medicine, Inc.",Healthcare,Biotechnology,United States,NASDAQ,563526447.0,3.12,43.03,45.67,5,46.1,1751,False,-53.22,15.56,-11.49,-17.9,-6.65,-30.67,,3.5251,3.8,3.3423,4.5003,,9407431,981,2026-09-18,43.6,180617451.0
NASDAQ:FRMI,FRMI,Fermi Inc.,Real Estate,REIT - Specialty,United States,NASDAQ,3177655128.0,4.98,43.04,43.76,5,46.1,1752,False,-84.69,7.56,-33.69,,,,,7.5105,,,,,86204314,243,2026-09-18,42.56,638083359.0
NASDAQ:ICHR,ICHR,Ichor Holdings,Technology,Semiconductor Equipment & Materials,United States,NASDAQ,1910714504.0,54.8,43.06,42.66,5,46.1,1753,False,-51.19,284.56,-2.27,13.34,49.77,53.06,58.58,56.0748,48.3484,36.5892,35.8029,34.5572,36233566,1255,2026-09-18,39.53,34867053.0
NYSE:LMT,LMT,Lockheed Martin Corporation,Industrials,Aerospace & Defense,United States,NYSE,123099171835.0,533.38,43.06,45.06,5,46.1,1754,False,-20.17,23.65,-3.69,-0.58,6.41,11.45,15.11,553.7881,536.5076,501.2492,478.5633,463.3525,623137189,1255,2026-09-18,45.33,230790753.0
NYSE:TDOC,TDOC,"Teladoc Health, Inc.",Healthcare,Health Information Services,United States,NYSE,1144609332.0,6.3,43.06,42.92,5,46.1,1755,True,-35.19,40.94,-5.21,-9.22,-19.53,-37.77,-55.3,6.6465,6.9401,7.829,10.1241,14.0946,21385115,1255,2026-09-18,42.5,181684021.0
NASDAQ:ADAG,ADAG,"Adagene Inc. - ADS, each representing 1.25",Healthcare,Biotechnology,China,NASDAQ,218700286.0,3.31,43.07,43.99,5,46.2,1756,False,-30.75,135.59,0.65,10.5,32.03,33.29,49.75,3.2887,2.9953,2.507,2.4833,2.2104,678160,1255,2026-09-18,44.58,66072594.0
NYSE:FLOC,FLOC,Flowco Holdings Inc.,Energy,Oil & Gas Equipment & Services,United States,NYSE,846939280.0,20.25,43.08,44.79,5,46.2,1757,False,-27.17,45.28,-5.98,-0.27,,,,21.5388,20.3048,,,,11837874,420,2026-09-18,44.12,41824162.0
NASDAQ:HOVR,HOVR,New Horizon Aircraft Ltd.,Industrials,Aerospace & Defense,Canada,NASDAQ,110930889.0,1.66,43.08,43.86,5,46.2,1758,False,-57.54,38.33,-13.38,-17.32,14.75,-31.52,,1.9165,2.0078,1.4466,2.424,,957854,869,2026-09-18,43.92,66825837.0
NASDAQ:CBIO,CBIO,"Crescent Biopharma, Inc.",Healthcare,Biotechnology,United States,NASDAQ,627361147.0,16.89,43.09,46.44,5,46.3,1759,True,-37.4,88.93,7.73,12.19,-9.18,-72.73,-80.58,15.6781,15.0547,18.597,61.9298,86.9881,8650752,1255,2026-09-18,42.3,37143940.0
NASDAQ:BVS,BVS,Bioventus Inc.,Healthcare,Medical Devices,United States,NASDAQ,874627300.0,12.91,43.11,47.64,5,46.3,1760,True,-15.4,98.31,29.5,37.94,39.52,62.13,90.84,9.969,9.3591,9.2532,7.9625,6.765,7398466,1255,2026-09-18,38.65,67748048.0
NASDAQ:FSTR,FSTR,L.B. Foster Company,Industrials,Railroads,United States,NASDAQ,391259219.0,37.41,43.11,43.18,5,46.3,1761,True,-17.18,46.25,8.06,13.35,33.45,43.3,65.12,34.6182,33.0042,28.0328,26.1059,22.6562,1600165,1255,2026-09-18,41.86,10458680.0
NYSE:WS,WS,"Worthington Steel, Inc.",Basic Materials,Steel,United States,NYSE,1698101706.0,33.33,43.12,44.03,5,46.4,1762,False,-30.61,19.64,-9.79,-6.68,0.76,,,36.9475,35.7155,33.0793,,,10236381,704,2026-09-18,45.23,50948146.0
NASDAQ:CRDO,CRDO,Credo Technology Group Holding Ltd,Technology,Semiconductors,Cayman Islands,NASDAQ,32799597479.0,175.89,43.14,43.51,5,46.4,1763,False,-41.86,100.31,0.03,2.76,46.72,101.71,155.99,175.8328,171.1669,119.8777,87.1999,68.7103,1468926581,1165,2026-09-18,39.52,186477898.0
NASDAQ:HBCP,HBCP,"Home Bancorp, Inc.",Financial Services,Banks - Regional,United States,NASDAQ,539518291.0,68.57,43.14,46.27,5,46.4,1764,False,-5.43,36.68,7.63,11.39,25.74,42.02,53.66,63.7086,61.5605,54.5322,48.2818,44.6257,4833875,1255,2026-09-18,43.32,7868139.0
NYSE:ORA,ORA,"Ormat Technologies, Inc.",Utilities,Utilities - Renewable,United States,NYSE,5981889044.0,97.34,43.14,42.94,5,46.4,1765,False,-32.84,6.73,-15.11,-13.64,2.92,13.34,13.91,114.6594,112.7166,94.5767,85.8844,85.4531,98520131,1255,2026-09-18,43.18,61453555.0
NASDAQ:HDRN,HDRN,"Hadron Energy, Inc.",Industrials,Specialty Industrial Machinery,United States,NASDAQ,122978008.0,1.72,43.15,40.41,5,46.5,1766,False,-85.32,17.01,-74.74,-77.4,-80.63,,,6.8092,7.6098,8.8796,,,171046,507,2026-09-18,38.72,71498842.0
NASDAQ:KRYS,KRYS,"Krystal Biotech, Inc.",Healthcare,Biotechnology,United States,NASDAQ,9924949453.0,336.67,43.15,46.65,5,46.5,1767,False,-10.97,109.62,13.67,22.65,54.51,72.45,98.79,296.1843,274.49,217.8894,195.2233,169.3638,98379928,1255,2026-09-18,44.47,29479756.0
NASDAQ:RCKT,RCKT,"Rocket Pharmaceuticals, Inc.",Healthcare,Biotechnology,United States,NASDAQ,367982260.0,3.37,43.16,46.02,5,46.5,1768,False,-36.42,29.62,-6.28,-5.18,-46.13,-71.94,-75.36,3.5957,3.5541,6.2561,12.0106,13.676,5597376,1255,2026-09-18,47.77,109193549.0
NYSE:RMT,RMT,"Royce Micro-Cap Trust, Inc.",Financial Services,Asset Management,United States,NYSE,717146967.0,13.41,43.16,44.96,5,46.5,1769,False,-7.08,51.28,8.75,13.94,33.41,46.3,57.26,12.3313,11.7696,10.0519,9.1659,8.5273,1378783,1255,2026-09-18,42.42,53478521.0
NASDAQ:TTD,TTD,"The Trade Desk, Inc.",Communication Services,Advertising Agencies,United States,NASDAQ,5943836269.0,13.92,43.18,42.36,5,46.6,1770,False,-74.28,6.83,-41.76,-51.54,-76.12,-79.14,-78.79,23.9012,28.7228,58.2963,66.7244,65.618,336051261,1255,2026-09-18,46.14,426999732.0
NASDAQ:WLDN,WLDN,"Willdan Group, Inc.",Industrials,Engineering & Construction,United States,NASDAQ,1208092950.0,79.95,43.2,46.25,5,46.6,1771,False,-40.75,19.49,-13.1,-13.78,9.22,39.09,68.22,91.9975,92.7302,73.1988,57.4797,47.5263,17132695,1255,2026-09-18,43.29,15110606.0
NASDAQ:YDES,YDES,YD Bio Limited,Healthcare,Biotechnology,Taiwan,NASDAQ,225951994.0,3.19,43.2,46.57,5,46.6,1772,False,-84.85,67.89,-50.96,-61.04,,,,6.5047,8.1876,,,,1665882,268,2026-09-18,43.83,70831346.0
NASDAQ:JCAP,JCAP,"Jefferson Capital, Inc.",Financial Services,Credit Services,United States,NASDAQ,1265542789.0,20.54,43.22,47.79,5,46.7,1773,True,-13.49,33.79,3.51,5.35,,,,19.843,19.4969,,,,5669511,310,2026-09-18,42.25,61613573.0
NASDAQ:SNPS,SNPS,"Synopsys, Inc.",Technology,Software - Infrastructure,United States,NASDAQ,73713795745.0,384.97,43.22,43.88,5,46.7,1774,False,-27.98,4.7,-13.78,-13.62,-19.54,-22.76,-17.57,446.478,445.6953,478.4904,498.3837,467.0083,843680316,1255,2026-09-18,41.32,191479325.0
NYSE:BCH,BCH,Banco De Chile ADS,Financial Services,Banks - Regional,Chile,NYSE,20607484565.0,40.8,43.23,47.23,5,46.7,1775,False,-6.64,47.72,4.81,9.03,32.2,51.69,69.57,38.927,37.4209,30.8622,26.8978,24.0605,11520873,1255,2026-09-18,48.18,505085406.0
NASDAQ:FRBA,FRBA,First Bank,Financial Services,Banks - Regional,United States,NASDAQ,445644125.0,17.78,43.24,47.16,5,46.7,1776,False,-6.52,23.25,6.72,8.31,14.96,23.01,29.08,16.6605,16.4158,15.4658,14.4546,13.7744,1646953,1255,2026-09-18,43.48,25064349.0
NYSE:TY,TY,Tri Continental Corporation,Financial Services,Asset Management,United States,NYSE,1840810453.0,34.58,43.24,45.83,5,46.7,1777,False,-3.28,15.5,4.57,4.99,10.06,16.4,23.33,33.0703,32.9351,31.4205,29.7091,28.0385,1054134,1255,2026-09-18,43.6,53233385.0
NYSE:AMPX,AMPX,"Amprius Technologies, Inc.",Industrials,Electrical Equipment & Parts,United States,NYSE,1345458115.0,9.5,43.26,43.0,5,46.8,1778,False,-58.53,21.33,-29.79,-28.1,13.85,47.04,,13.5311,13.2129,8.3441,6.4608,,41981603,1006,2026-09-18,43.67,141627170.0
AMEX:APT,APT,"Alpha Pro Tech, Ltd.",Industrials,Building Products & Equipment,Canada,AMEX,52208523.0,5.11,43.26,45.82,5,46.8,1779,False,-23.04,17.74,1.12,2.73,1.72,-0.04,5.33,5.0536,4.9742,5.0237,5.1119,4.8516,142998,1255,2026-09-18,51.24,10216932.0
NASDAQ:FMBH,FMBH,"First Mid Bancshares, Inc.",Financial Services,Banks - Regional,United States,NASDAQ,1330257484.0,49.98,43.26,48.33,5,46.8,1780,False,-4.47,46.27,12.81,17.16,26.52,37.26,46.79,44.3055,42.6601,39.5024,36.413,34.0494,6128960,1255,2026-09-18,44.58,26615796.0
NASDAQ:AOSL,AOSL,Alpha and Omega Semiconductor Limited,Technology,Semiconductors,United States,NASDAQ,760211281.0,25.4,43.29,42.51,5,46.9,1781,False,-52.36,45.39,-14.64,-12.2,-14.31,-12.81,-13.49,29.7575,28.929,29.6421,29.1309,29.3608,15275798,1255,2026-09-18,42.32,29929578.0
NASDAQ:JKHY,JKHY,"Jack Henry & Associates, Inc.",Technology,Information Technology Services,United States,NASDAQ,11002213283.0,154.85,43.29,47.07,5,46.9,1782,False,-18.65,25.92,-2.12,-1.66,-5.73,-4.47,-4.31,158.2088,157.4614,164.2589,162.1029,161.822,171829440,1255,2026-09-18,44.77,71050780.0
NASDAQ:PLBL,PLBL,Polibeli Group Ltd,Consumer Cyclical,Department Stores,Singapore,NASDAQ,1761477209.0,5.52,43.29,44.1,5,46.9,1783,False,-53.02,8.02,-31.48,-32.21,,,,8.0566,8.1432,,,,1307465,280,2026-09-18,43.05,319108190.0
NASDAQ:SRTS,SRTS,"Sensus Healthcare, Inc.",Healthcare,Medical Devices,United States,NASDAQ,50209280.0,3.05,43.3,46.18,5,46.9,1784,False,-42.45,13.38,-17.85,-17.09,-33.82,-30.92,-37.51,3.7125,3.6787,4.6085,4.4153,4.8805,132559,1255,2026-09-18,47.22,16462059.0
NASDAQ:LKFN,LKFN,Lakeland Financial Corporation,Financial Services,Banks - Regional,United States,NASDAQ,1484074838.0,59.7,43.33,45.43,5,47.0,1785,True,-7.4,10.37,0.9,1.04,-0.91,1.53,2.22,59.1662,59.0883,60.2482,58.7999,58.4041,9928547,1255,2026-09-18,42.61,24858875.0
NASDAQ:VCTR,VCTR,"Victory Capital Holdings, Inc.",Financial Services,Asset Management,United States,NASDAQ,6554459992.0,106.56,43.33,48.54,5,47.0,1786,False,-11.63,79.83,30.55,37.12,53.8,80.41,108.59,81.6252,77.7105,69.2846,59.0664,51.0856,88526780,1255,2026-09-18,37.1,61509572.0
NASDAQ:CNCK,CNCK,Coincheck Group N.V.,Financial Services,Capital Markets,Netherlands,NASDAQ,373464470.0,1.95,43.35,44.49,5,47.0,1787,False,-75.25,39.29,-16.58,-28.02,-61.87,-71.6,-74.54,2.3375,2.7092,5.1145,6.8666,7.658,88886,1255,2026-09-18,38.26,191520241.0
NYSE:PAG,PAG,"Penske Automotive Group, Inc.",Consumer Cyclical,Auto & Truck Dealerships,United States,NYSE,13960583429.0,212.61,43.36,50.79,5,47.0,1788,False,-4.22,53.54,21.96,23.97,29.78,35.43,42.87,174.3284,171.5042,163.8256,156.9854,148.809,72189549,1255,2026-09-18,48.37,65662873.0
NYSE:CLVT,CLVT,Clarivate Plc,Technology,Information Technology Services,United Kingdom,NYSE,1208964966.0,1.89,43.37,44.45,5,47.1,1789,False,-54.01,12.5,-24.06,-30.61,-49.81,-61.32,-68.3,2.4889,2.7239,3.7659,4.8858,5.9628,8860912,1255,2026-09-18,43.99,639664003.0
NYSE:CWEN,CWEN,"Clearway Energy, Inc.",Utilities,Utilities - Renewable,United States,NYSE,3734398530.0,30.82,43.37,43.17,5,47.1,1790,False,-24.17,15.5,-12.24,-9.97,1.51,12.67,14.96,35.1174,34.2335,30.3603,27.3553,26.8105,40552929,1255,2026-09-18,44.34,121168025.0
NYSE:VLTO,VLTO,Veralto Corp,Industrials,Pollution & Treatment Controls,United States,NYSE,23036033075.0,94.49,43.38,47.27,5,47.1,1791,False,-11.43,15.08,1.55,-0.35,-3.82,,,93.0473,94.8252,98.2448,,,160981533,742,2026-09-18,46.21,243793344.0
NYSE:NATL,NATL,NCR Atleos Corporation,Technology,Software - Application,United States,NYSE,3368136202.0,45.64,43.39,46.14,5,47.2,1792,False,-5.17,33.72,5.33,8.33,26.37,,,43.3303,42.1325,36.1158,,,32678971,737,2026-09-18,44.59,73797901.0
NYSE:SPOT,SPOT,Spotify Technology S.A.,Communication Services,Internet Content & Information,Sweden,NYSE,104753140076.0,509.45,43.39,47.19,5,47.2,1793,False,-31.02,23.43,1.0,-5.05,-7.71,12.73,38.09,504.4052,536.5716,552.0037,451.9325,368.92,779388092,1255,2026-09-18,49.33,205620061.0
NASDAQ:NWS,NWS,News Corporation,Communication Services,Entertainment,United States,NASDAQ,5902220093.0,32.68,43.4,48.02,5,47.2,1794,False,-7.2,28.26,9.18,8.83,6.71,13.44,25.14,29.9311,30.0297,30.625,28.8075,26.1153,44848093,1255,2026-09-18,49.53,180606490.0
NASDAQ:TCBK,TCBK,TriCo Bancshares,Financial Services,Banks - Regional,United States,NASDAQ,1710726730.0,53.61,43.4,45.07,5,47.2,1795,False,-12.41,35.43,5.61,8.92,19.22,29.17,31.31,50.764,49.2188,44.9682,41.5021,40.8257,12775357,1255,2026-09-18,44.15,31910590.0
NYSE:GXO,GXO,"GXO Logistics, Inc.",Industrials,Integrated Freight & Logistics,United States,NYSE,5283031207.0,45.92,43.41,44.11,5,47.3,1796,False,-29.99,1.21,-13.08,-12.87,-8.08,-9.97,-10.02,52.8328,52.7044,49.9549,51.0049,51.0317,63328137,1255,2026-09-18,46.42,115048589.0
NASDAQ:HOUR,HOUR,"Hour Loop, Inc.",Consumer Cyclical,Internet Retail,United States,NASDAQ,62289645.0,1.77,43.41,44.95,5,47.3,1797,False,-45.71,5.36,-8.23,-12.02,-4.51,7.02,-1.57,1.9288,2.0118,1.8537,1.6539,1.7983,16764,1178,2026-09-18,40.01,35191890.0
NASDAQ:SNFCA,SNFCA,Security National Financial Corporation,Financial Services,Insurance - Life,United States,NASDAQ,195038962.0,8.71,43.41,43.87,5,47.3,1798,True,-12.73,17.85,-2.4,-0.07,-5.19,3.38,11.23,8.9246,8.716,9.1866,8.4249,7.8303,239563,1255,2026-09-18,40.78,22392533.0
NASDAQ:LSCC,LSCC,Lattice Semiconductor Corporation,Technology,Semiconductors,United States,NASDAQ,15728492231.0,110.96,43.43,43.73,5,47.3,1799,False,-28.54,79.75,0.87,9.13,41.61,49.49,47.7,110.004,101.6741,78.3542,74.2262,75.1257,170101623,1255,2026-09-18,40.07,141749209.0
NASDAQ:SYNA,SYNA,Synaptics Incorporated,Technology,Semiconductors,United States,NASDAQ,3637125762.0,93.11,43.43,43.27,5,47.3,1800,False,-36.9,59.11,-4.57,1.76,16.02,9.75,5.83,97.5662,91.4987,80.2553,84.8373,87.9826,74211269,1255,2026-09-18,40.66,39062676.0
NASDAQ:SGML,SGML,Sigma Lithium Corporation,Basic Materials,Other Industrial Metals & Mining,Canada,NASDAQ,1117284521.0,9.97,43.46,43.71,5,47.4,1801,True,-57.84,113.03,-25.82,-17.65,-7.67,-26.21,-46.51,13.4397,12.1071,10.7984,13.5109,18.6387,22113743,1255,2026-09-18,31.91,112064646.0
NASDAQ:API,API,"Agora, Inc. - ADS",Technology,Software - Application,United States,NASDAQ,262019204.0,4.0,43.47,45.58,5,47.4,1802,False,-23.95,23.46,-2.58,-0.15,-0.76,12.82,14.15,4.1059,4.006,4.0306,3.5454,3.5042,461376,1255,2026-09-18,45.65,65504801.0
NASDAQ:MKSI,MKSI,MKS Inc.,Technology,Scientific & Technical Instruments,United States,NASDAQ,17026524038.0,252.08,43.47,42.89,5,47.4,1803,False,-43.27,108.75,-5.45,4.95,49.11,69.66,88.63,266.614,240.1894,169.0537,148.5818,133.634,341699228,1255,2026-09-18,37.28,67544129.0
NYSE:RNST,RNST,Renasant Corporation,Financial Services,Banks - Regional,United States,NYSE,3712799203.0,40.62,43.47,44.28,5,47.4,1804,True,-7.77,24.6,3.62,6.22,12.27,21.05,24.81,39.202,38.2414,36.1794,33.5564,32.5453,25072488,1255,2026-09-18,42.02,91403230.0
NASDAQ:AXGN,AXGN,"Axogen, Inc.",Healthcare,Medical Devices,United States,NASDAQ,2377871720.0,44.23,43.48,46.34,5,47.5,1805,False,-14.5,183.71,15.38,27.55,78.78,132.07,165.58,38.3332,34.6762,24.7393,19.0591,16.6543,56034464,1255,2026-09-18,46.4,53761513.0
NASDAQ:HYMC,HYMC,Hycroft Mining Holding Corporation,Basic Materials,Gold,United States,NASDAQ,1994087973.0,21.4,43.48,44.64,5,47.5,1806,False,-61.61,270.88,-29.58,-16.93,48.64,104.55,135.96,30.3898,25.7607,14.397,10.462,9.0693,49562922,1255,2026-09-18,43.9,93181681.0
NASDAQ:JAKK,JAKK,"JAKKS Pacific, Inc.",Consumer Cyclical,Leisure,United States,NASDAQ,276153637.0,24.13,43.48,46.91,5,47.5,1807,False,-8.49,68.51,14.59,19.37,14.02,12.26,16.95,21.0578,20.2142,21.1621,21.4944,20.6321,1794442,1255,2026-09-18,46.17,11444411.0
NYSE:NNI,NNI,"Nelnet, Inc.",Financial Services,Credit Services,United States,NYSE,3191758062.0,126.07,43.48,44.24,5,47.5,1808,False,-12.14,3.7,-3.82,-3.27,3.79,12.73,18.77,131.0823,130.3299,121.4654,111.8366,106.1508,19405063,1255,2026-09-18,45.57,25317348.0
NYSE:BANC,BANC,"Banc of California, Inc.",Financial Services,Banks - Regional,United States,NYSE,2893739246.0,18.32,43.49,44.0,5,47.6,1809,False,-15.53,20.68,-3.57,-1.05,11.38,21.13,25.42,18.9975,18.5142,16.4485,15.1247,14.6073,47072604,1255,2026-09-18,46.18,157955199.0
NASDAQ:EXTR,EXTR,"Extreme Networks, Inc.",Technology,Communication Equipment,United States,NASDAQ,2927428960.0,22.31,43.49,42.05,5,47.6,1810,False,-33.82,62.37,5.36,7.23,19.93,28.24,23.43,21.1752,20.8048,18.6019,17.3973,18.0751,30511290,1255,2026-09-18,43.49,131216000.0
NASDAQ:KDP,KDP,Keurig Dr Pepper Inc.,Consumer Defensive,Beverages - Non-Alcoholic,United States,NASDAQ,42122921222.0,30.96,43.51,47.07,5,47.6,1811,False,-7.58,25.36,6.55,8.79,2.66,2.65,1.44,29.0581,28.4574,30.1579,30.1621,30.5197,307152248,1255,2026-09-18,47.9,1360559471.0
NASDAQ:OMSE,OMSE,OMS Energy Technologies Inc.,Energy,Oil & Gas Equipment & Services,Singapore,NASDAQ,185500836.0,4.37,43.52,46.48,5,47.7,1812,False,-35.55,32.02,-2.95,-3.93,,,,4.5028,4.5487,,,,173916,340,2026-09-18,46.79,42448704.0
NASDAQ:LPTH,LPTH,"LightPath Technologies, Inc.",Technology,Electronic Components,United States,NASDAQ,621615129.0,9.9,43.54,44.24,5,47.7,1813,False,-45.45,60.19,-17.66,-11.12,43.39,95.55,138.41,12.0226,11.1388,6.9045,5.0625,4.1525,39037488,1255,2026-09-18,44.73,62789407.0
NASDAQ:KINS,KINS,"Kingstone Companies, Inc",Financial Services,Insurance - Property & Casualty,United States,NASDAQ,276805312.0,19.11,43.56,46.87,5,47.8,1814,False,-7.84,41.39,12.66,16.15,23.52,63.83,109.17,16.9618,16.4533,15.4709,11.6645,9.136,1918205,1255,2026-09-18,54.05,14484841.0
NASDAQ:LCNB,LCNB,LCNB Corporation,Financial Services,Banks - Regional,United States,NASDAQ,267834370.0,18.79,43.56,47.29,5,47.8,1815,False,-9.41,37.85,10.23,13.67,23.05,30.4,32.35,17.0461,16.5306,15.2703,14.4095,14.1976,606566,1255,2026-09-18,48.95,14254091.0
NYSE:RIO,RIO,Rio Tinto Plc,Basic Materials,Other Industrial Metals & Mining,United Kingdom,NYSE,122150851269.0,97.37,43.56,47.04,5,47.8,1816,False,-11.19,65.04,5.73,12.5,36.11,46.05,54.29,92.0899,86.5535,71.5355,66.6668,63.1072,190574668,1255,2026-09-18,45.2,1254501913.0
NYSE:HTB,HTB,"HomeTrust Bancshares, Inc.",Financial Services,Banks - Regional,United States,NYSE,791195878.0,47.08,43.58,44.9,5,47.8,1817,False,-8.93,23.92,3.52,6.19,17.96,33.42,46.7,45.48,44.3348,39.9108,35.2875,32.0922,11226462,1255,2026-09-18,44.2,16805350.0
NASDAQ:DEFT,DEFT,"Defi Technologies, Inc.",Financial Services,Capital Markets,Canada,NASDAQ,195887474.0,0.505,43.59,46.28,5,47.8,1818,True,-81.43,29.49,-27.39,-46.13,-71.93,,,0.6955,0.9374,1.7988,,,1777881,525,2026-09-18,40.46,387895989.0
AMEX:NG,NG,Novagold Resources Inc.,Basic Materials,Gold,Canada,AMEX,3189935064.0,7.27,43.6,46.67,5,47.9,1819,False,-48.8,40.35,-16.73,-16.95,13.65,33.53,34.72,8.7308,8.754,6.3971,5.4443,5.3965,50518809,1255,2026-09-18,45.58,438780614.0
NASDAQ:TWFG,TWFG,"TWFG, Inc.",Financial Services,Insurance Brokers,United States,NASDAQ,347412804.0,26.73,43.6,47.4,5,47.9,1820,False,-14.19,56.87,13.69,10.76,-2.74,,,23.5111,24.1332,27.4834,,,5095978,545,2026-09-18,46.38,12997112.0
NASDAQ:MNRO,MNRO,"Monro, Inc.",Consumer Cyclical,Auto Parts,United States,NASDAQ,378295126.0,12.1,43.61,43.89,5,47.9,1821,False,-46.45,9.75,-26.39,-26.41,-29.22,-37.6,-49.19,16.439,16.4426,17.0946,19.3921,23.8151,13491391,1255,2026-09-18,44.99,31264060.0
NASDAQ:AIP,AIP,"Arteris, Inc.",Technology,Semiconductors,United States,NASDAQ,1029635199.0,22.3,43.62,42.0,5,47.9,1822,False,-54.11,130.37,-8.09,1.73,46.27,79.34,107.48,24.2637,21.9197,15.2457,12.4342,10.7478,16389058,1228,2026-09-18,43.89,46171982.0
NYSE:LDOS,LDOS,"Leidos Holdings, Inc.",Technology,Information Technology Services,United States,NYSE,16061546154.0,127.69,43.62,47.39,5,47.9,1823,False,-35.27,28.1,-14.56,-18.9,-17.88,-11.47,-2.38,149.4432,157.444,155.4879,144.239,130.8003,166569979,1255,2026-09-18,48.8,125785466.0
NASDAQ:SNEX,SNEX,StoneX Group Inc.,Financial Services,Capital Markets,United States,NASDAQ,8104516712.0,67.0,43.63,44.33,5,48.0,1824,True,-27.7,80.09,6.01,13.98,43.41,76.03,102.28,63.2013,58.7844,46.7206,38.0617,33.1222,54653939,1255,2026-09-18,40.42,120962936.0
NASDAQ:TNON,TNON,"Tenon Medical, Inc.",Healthcare,Medical Devices,United States,NASDAQ,70894035.0,4.08,43.63,42.39,5,48.0,1825,False,-90.96,67.21,-81.6,-84.4,-91.16,-97.01,-99.63,22.169,26.1507,46.1359,136.3643,1091.8955,75123731,1103,2026-09-18,44.16,17375989.0
NASDAQ:JAZZ,JAZZ,Jazz Pharmaceuticals plc,Healthcare,Biotechnology,Ireland,NASDAQ,15122715765.0,240.74,43.64,46.1,5,48.0,1826,False,-7.98,89.56,15.49,23.46,53.65,67.57,68.4,208.4452,194.989,156.6782,143.6694,142.954,272146822,1255,2026-09-18,46.87,62817628.0
NYSE:DLX,DLX,Deluxe Corporation,Industrials,Conglomerates,United States,NYSE,1067226462.0,23.31,43.65,45.0,5,48.1,1827,False,-25.07,36.87,-5.79,-0.47,15.64,21.04,29.28,24.7414,23.4204,20.1579,19.2585,18.0307,10904048,1255,2026-09-18,50.17,45784061.0
AMEX:PTHS,PTHS,Pelthos Therapeutics Inc.,Healthcare,Biotechnology,United States,AMEX,78723359.0,22.65,43.65,43.74,5,48.1,1828,False,-39.47,24.52,-9.84,-13.89,12.22,,,25.1215,26.3036,20.1834,,,1234874,649,2026-09-18,42.39,3475645.0
NASDAQ:SEIC,SEIC,SEI Investments Company,Financial Services,Asset Management,United States,NASDAQ,12626017946.0,105.2,43.65,50.23,5,48.1,1829,False,-5.76,40.75,17.53,19.72,25.36,37.09,47.04,89.5062,87.8705,83.9168,76.7406,71.5443,91210981,1255,2026-09-18,41.88,120019182.0
NYSE:ALLE,ALLE,Allegion plc,Industrials,Security & Protection Services,Ireland,NYSE,12949401772.0,152.28,43.67,47.51,5,48.1,1830,False,-14.32,22.13,1.85,-0.79,3.81,11.3,18.46,149.5081,153.4877,146.6842,136.8139,128.546,220100663,1255,2026-09-18,46.29,85036786.0
NASDAQ:ASTS,ASTS,"AST SpaceMobile, Inc.",Technology,Communication Equipment,United States,NASDAQ,17482638333.0,58.52,43.68,44.51,5,48.2,1831,False,-56.03,41.22,-28.35,-25.56,6.71,49.25,90.14,81.6766,78.614,54.8409,39.2103,30.7777,601423001,1255,2026-09-18,49.89,298746383.0
NASDAQ:VMET,VMET,Versamet Royalties Corporation,Basic Materials,Other Precious Metals & Mining,Canada,NASDAQ,1031607290.0,9.5,43.68,44.95,5,48.2,1832,False,-29.79,10.47,,,,,,,,,,,4800593,140,2026-09-18,45.1,108590241.0
NASDAQ:RGP,RGP,"Resources Connection, Inc.",Industrials,Consulting Services,United States,NASDAQ,136396759.0,3.96,43.69,45.12,5,48.2,1833,False,-22.74,17.8,-4.9,-6.1,-24.0,-43.67,-54.86,4.1641,4.2172,5.2103,7.0303,8.7728,1289466,1255,2026-09-18,44.03,34443626.0
NASDAQ:XE,XE,"X-Energy, Inc.",Industrials,Specialty Industrial Machinery,United States,NASDAQ,4533224235.0,15.77,43.69,44.54,5,48.2,1834,False,-56.17,14.03,,,,,,,,,,,124470515,102,2026-09-18,45.69,287458734.0
NASDAQ:SPAI,SPAI,Safe Pro Group Inc.,Industrials,Aerospace & Defense,United States,NASDAQ,90104230.0,4.37,43.71,46.34,5,48.3,1835,False,-51.17,35.29,-4.81,-11.29,5.19,,,4.591,4.9261,4.1543,,,572982,516,2026-09-18,47.15,20618817.0
NYSE:CYH,CYH,"Community Health Systems, Inc.",Healthcare,Medical Care Facilities,United States,NYSE,404696855.0,2.87,43.72,45.48,5,48.3,1836,False,-34.92,15.26,-7.52,-8.99,-13.82,-14.92,-18.95,3.1033,3.1533,3.3303,3.3734,3.5411,3378479,1255,2026-09-18,47.65,141009357.0
NASDAQ:NRXP,NRXP,"NRX Pharmaceuticals, Inc.",Healthcare,Biotechnology,United States,NASDAQ,142097394.0,3.32,43.72,45.49,5,48.3,1837,False,-28.14,97.62,14.49,14.68,27.3,15.72,-18.07,2.8997,2.8951,2.608,2.869,4.0521,2355596,1255,2026-09-18,46.59,42800420.0
NASDAQ:SKWD,SKWD,"Skyward Specialty Insurance Group, Inc.",Financial Services,Insurance - Property & Casualty,United States,NASDAQ,2282979990.0,56.31,43.72,46.47,5,48.3,1838,False,-14.2,36.48,12.09,13.43,12.15,25.38,,50.2368,49.6414,50.21,44.9117,,22798698,923,2026-09-18,44.88,40543065.0
NASDAQ:APYX,APYX,Apyx Medical Corporation,Healthcare,Medical Devices,United States,NASDAQ,128857683.0,3.06,43.73,41.9,5,48.4,1839,False,-37.04,51.49,-18.84,-15.94,18.09,29.18,10.03,3.7704,3.6402,2.5911,2.3688,2.7811,377645,1255,2026-09-18,41.71,42110354.0
NASDAQ:CTAS,CTAS,Cintas Corporation,Industrials,Specialty Business Services,United States,NASDAQ,79089512036.0,197.64,43.73,48.38,5,48.4,1840,False,-8.49,21.49,5.85,5.57,0.32,7.78,19.74,186.716,187.2205,197.0057,183.3666,165.0555,372202652,1255,2026-09-18,44.39,400169561.0
NYSE:LBRT,LBRT,Liberty Energy Inc.,Energy,Oil & Gas Equipment & Services,United States,NYSE,3154490071.0,19.33,43.73,43.66,5,48.4,1841,True,-42.61,79.25,-21.79,-14.76,3.02,1.85,9.13,24.716,22.6778,18.7641,18.9786,17.7132,67084645,1255,2026-09-18,41.96,163191416.0
NASDAQ:HWKN,HWKN,"Hawkins, Inc.",Basic Materials,Specialty Chemicals,United States,NASDAQ,2550939297.0,122.2,43.74,42.54,5,48.5,1842,True,-33.06,3.85,-15.57,-16.57,-11.48,3.6,23.15,144.7428,146.4754,138.0472,117.9548,99.2292,23558990,1255,2026-09-18,42.14,20875117.0
NASDAQ:LIDR,LIDR,"AEye, Inc.",Technology,Software - Infrastructure,United States,NASDAQ,55577784.0,1.2,43.74,44.77,5,48.5,1843,False,-64.18,17.65,-30.0,-36.75,-24.02,-38.23,-78.06,1.7144,1.8971,1.5793,1.9426,5.4692,11100670,1255,2026-09-18,44.57,46314820.0
NASDAQ:USIO,USIO,"Usio, Inc.",Technology,Software - Infrastructure,United States,NASDAQ,65402506.0,2.37,43.75,47.79,5,48.5,1844,False,-19.39,125.71,41.4,45.75,48.72,46.77,41.54,1.6761,1.6261,1.5936,1.6147,1.6744,897101,1255,2026-09-18,38.0,27595994.0
NASDAQ:SOFI,SOFI,"SoFi Technologies, Inc.",Financial Services,Credit Services,United States,NASDAQ,21883698372.0,16.96,43.76,45.95,5,48.5,1845,True,-47.35,11.95,-13.1,-20.41,-7.44,15.1,33.91,19.5157,21.309,18.3228,14.7344,12.665,708881872,1255,2026-09-18,41.43,1290312404.0
NASDAQ:BMM,BMM,Blue Moon Metals Inc.,Basic Materials,Other Industrial Metals & Mining,Canada,NASDAQ,549482125.0,5.24,43.77,45.37,5,48.6,1846,False,-38.06,46.78,,,,,,,,,,,2483192,164,2026-09-18,44.86,104863001.0
NASDAQ:NYXH,NYXH,Nyxoah SA,Healthcare,Medical Instruments & Supplies,Belgium,NASDAQ,148107766.0,1.48,43.77,44.21,5,48.6,1847,False,-77.3,12.98,-51.35,-57.63,-74.7,-78.12,-78.14,3.042,3.493,5.8506,6.7647,6.7691,903229,1255,2026-09-18,44.42,100072815.0
NASDAQ:ASYS,ASYS,"Amtech Systems, Inc.",Technology,Semiconductor Equipment & Materials,United States,NASDAQ,248274234.0,14.2,43.78,44.18,5,48.6,1848,False,-40.81,101.42,-9.04,0.79,47.88,70.46,65.87,15.6104,14.088,9.6024,8.3304,8.5607,5221282,1255,2026-09-18,40.49,17484101.0
NASDAQ:ACAD,ACAD,ACADIA Pharmaceuticals Inc.,Healthcare,Biotechnology,United States,NASDAQ,4673026892.0,27.29,43.8,48.12,5,48.7,1849,False,-10.73,36.04,10.84,12.91,26.75,28.45,29.32,24.6207,24.1691,21.5313,21.2452,21.1021,43318593,1255,2026-09-18,45.09,171235870.0
NASDAQ:INVZ,INVZ,Innoviz Technologies Ltd.,Consumer Cyclical,Auto Parts,Israel,NASDAQ,74600118.0,0.337,43.8,40.26,5,48.7,1850,False,-85.84,11.22,-54.35,-64.89,-67.24,-70.94,-81.57,0.7382,0.9597,1.0288,1.1595,1.8283,765266,1255,2026-09-18,38.22,221365334.0
NYSE:RHP,RHP,"Ryman Hospitality Properties, Inc. (REIT)",Real Estate,REIT - Hotel & Motel,United States,NYSE,7695544628.0,121.94,43.8,45.63,5,48.7,1851,False,-10.33,46.97,13.07,17.56,22.87,25.74,32.88,107.8473,103.7219,99.2436,96.9786,91.7636,76238378,1255,2026-09-18,39.34,63109272.0
NASDAQ:AMAT,AMAT,"Applied Materials, Inc.",Technology,Semiconductor Equipment & Materials,United States,NASDAQ,352970543795.0,444.57,43.83,43.97,5,48.7,1852,False,-38.44,135.58,6.99,18.34,62.77,83.32,111.35,415.5235,375.6821,273.1251,242.5115,210.3521,2936619160,1255,2026-09-18,33.85,793959430.0
NYSE:APLE,APLE,"Apple Hospitality REIT, Inc.",Real Estate,REIT - Hotel & Motel,United States,NYSE,3677932491.0,15.58,43.83,45.42,5,48.7,1853,False,-7.84,48.01,14.48,19.2,23.33,22.29,23.4,13.6094,13.0701,12.6329,12.7404,12.6252,38875871,1255,2026-09-18,44.06,236067554.0
NASDAQ:AEBI,AEBI,Aebi Schmidt Holding AG,Industrials,Farm & Heavy Construction Machinery,Switzerland,NASDAQ,929298439.0,11.99,43.86,45.82,5,48.8,1854,True,-22.88,30.29,-5.34,-3.61,,,,12.6669,12.4393,,,,4421893,306,2026-09-18,43.29,77506125.0
NYSE:BCX,BCX,BlackRock Resources Common Shares of Beneficial Interest,Financial Services,Asset Management,United States,NYSE,950688982.0,12.47,43.86,49.02,5,48.8,1855,False,-6.07,37.27,6.44,10.98,27.92,39.16,45.94,11.7158,11.2359,9.7483,8.9607,8.5445,2089473,1255,2026-09-18,44.36,76238090.0
NASDAQ:BMBL,BMBL,Bumble Inc.,Communication Services,Internet Content & Information,United States,NASDAQ,363902959.0,2.79,43.86,45.91,5,48.8,1856,False,-61.09,7.31,-14.53,-23.62,-45.17,-61.75,-73.56,3.2645,3.6529,5.0884,7.2939,10.5541,6409459,1255,2026-09-18,55.58,130431168.0
NASDAQ:ISBA,ISBA,Isabella Bank Corporation,Financial Services,Banks - Regional,United States,NASDAQ,294090587.0,38.55,43.87,45.25,5,48.9,1857,False,-30.95,15.42,-12.56,-9.61,13.17,34.47,46.87,44.0893,42.6463,34.0633,28.6672,26.2471,2869716,1255,2026-09-18,43.93,7628809.0
NASDAQ:RSVR,RSVR,"Reservoir Media, Inc..",Communication Services,Entertainment,United States,NASDAQ,616680253.0,9.37,43.87,43.6,5,48.9,1858,True,-15.59,29.78,1.4,5.35,11.22,17.28,24.85,9.2409,8.8939,8.4245,7.9892,7.5049,939083,1255,2026-09-18,43.01,65814328.0
NYSE:AXR,AXR,AMREP Corporation,Real Estate,Real Estate - Development,United States,NYSE,120003601.0,22.62,43.88,43.9,5,49.0,1859,False,-20.32,20.32,-6.19,-5.29,-9.27,-3.28,7.55,24.1117,23.8838,24.9314,23.3879,21.0326,212615,1255,2026-09-18,54.69,5305199.0
NASDAQ:DNMX,DNMX,Dynamix Corporation III,Financial Services,Shell Companies,United States,NASDAQ,202256250.0,10.05,43.88,49.41,5,49.0,1860,False,-0.3,1.72,0.78,,,,,9.9721,,,,,777443,208,2026-09-18,59.46,20125000.0
NYSE:ENS,ENS,EnerSys,Industrials,Electrical Equipment & Parts,United States,NYSE,6493565163.0,178.12,43.88,43.24,5,49.0,1861,False,-26.6,63.92,-4.9,2.31,33.06,47.75,60.41,187.3071,174.0976,133.865,120.5557,111.0434,102861621,1255,2026-09-18,39.81,36456126.0
NASDAQ:GEG,GEG,"Great Elm Group, Inc.",Financial Services,Asset Management,United States,NASDAQ,67417567.0,2.15,43.88,46.72,5,49.0,1862,False,-25.86,18.78,-2.19,-5.01,1.1,5.02,4.52,2.1982,2.2633,2.1266,2.0473,2.057,44661,1255,2026-09-18,43.88,31357008.0
NYSE:NXDT,NXDT,NexPoint Diversified Real Estate Trust,Real Estate,REIT - Diversified,United States,NYSE,264308506.0,5.11,43.88,47.26,5,49.0,1863,False,-11.08,114.4,11.32,20.14,25.33,17.45,-2.8,4.5904,4.2534,4.0772,4.3507,5.2573,862716,1255,2026-09-18,50.35,51723778.0
NASDAQ:ROC,ROC,Rank One Computing Corporation,,,,NASDAQ,79182527.0,4.15,43.88,44.68,5,49.0,1864,False,-43.23,2.22,,,,,,,,,,,98359,145,2026-09-18,53.34,19080127.0
NYSE:WAB,WAB,Westinghouse Air Brake Technologies Corporation,Industrials,Railroads,United States,NYSE,47333887776.0,280.23,43.88,46.67,5,49.0,1865,False,-8.26,49.2,8.93,14.29,28.3,46.19,66.27,257.2452,245.1845,218.4228,191.6903,168.5352,218088379,1255,2026-09-18,41.66,168910851.0
NYSE:BBT,BBT,Beacon Financial Corporation,Financial Services,Banks - Regional,United States,NYSE,2600964718.0,30.83,43.89,47.6,5,49.1,1866,False,-5.46,39.41,5.68,9.97,15.5,24.53,27.08,29.1717,28.0353,26.6935,24.7566,24.2603,25803507,1255,2026-09-18,45.85,84364733.0
NASDAQ:SABS,SABS,"SAB Biotherapeutics, Inc.",Healthcare,Biotechnology,United States,NASDAQ,268388970.0,3.51,43.91,45.14,5,49.1,1867,False,-23.53,80.0,-7.64,-2.9,16.65,-6.11,-26.29,3.8004,3.615,3.0089,3.7383,4.7621,1365011,1255,2026-09-18,43.26,76464094.0
NYSE:SNDA,SNDA,"Sonida Senior Living, Inc.",Healthcare,Medical Care Facilities,United States,NYSE,1811941255.0,38.27,43.91,46.35,5,49.1,1868,False,-11.14,49.9,6.9,11.59,30.37,46.33,69.66,35.799,34.296,29.3549,26.1529,22.5572,18977458,1255,2026-09-18,46.72,47346257.0
NASDAQ:HQ,HQ,Horizon Quantum Holdings Ltd.,Technology,Software - Infrastructure,Singapore,NASDAQ,431026253.0,13.54,43.92,45.21,5,49.2,1869,True,-64.73,62.55,,,,,,,,,,,8075811,126,2026-09-18,43.81,31833549.0
NASDAQ:UAL,UAL,"United Airlines Holdings, Inc.",Industrials,Airlines,United States,NASDAQ,35283975131.0,108.71,43.92,44.36,5,49.2,1870,False,-20.13,27.58,-0.1,2.08,13.39,38.19,54.15,108.8153,106.4996,95.8725,78.6678,70.5218,387569032,1255,2026-09-18,41.72,324569728.0
NASDAQ:RKLB,RKLB,Rocket Lab Corporation,Industrials,Aerospace & Defense,United States,NASDAQ,37377472861.0,64.57,43.93,43.2,5,49.2,1871,False,-57.02,63.55,-19.76,-13.98,27.35,82.57,132.71,80.4754,75.0683,50.7008,35.3665,27.7472,1151732627,1255,2026-09-18,50.13,578867475.0
NASDAQ:CVRX,CVRX,"CVRx, Inc.",Healthcare,Medical Devices,United States,NASDAQ,80669270.0,3.04,43.94,41.82,5,49.3,1872,True,-71.88,28.27,-51.07,-55.53,-64.34,-72.36,-73.68,6.2134,6.8355,8.5258,10.999,11.5509,2121110,1255,2026-09-18,42.5,26535944.0
NASDAQ:BGIN,BGIN,Bgin Blockchain Limited,Technology,Computer Hardware,Singapore,NASDAQ,163046819.0,1.8,43.95,45.02,5,49.3,1873,False,-63.71,5.88,-32.58,,,,,2.6699,,,,,13624,229,2026-09-18,45.59,90581566.0
NASDAQ:BELFB,BELFB,Bel Fuse Inc.,Technology,Electronic Components,United States,NASDAQ,2929638225.0,241.97,43.96,44.27,5,49.3,1874,False,-27.33,80.25,1.03,9.66,56.57,96.76,136.74,239.4982,220.6478,154.5432,122.9799,102.2089,36432743,1255,2026-09-18,41.26,12107444.0
NASDAQ:LBTYB,LBTYB,Liberty Global Ltd.,Communication Services,Telecom Services,Bermuda,NASDAQ,161070732.0,12.42,43.96,46.27,5,49.3,1875,False,-31.04,21.29,-4.21,-1.47,-2.23,-13.73,-20.01,12.9661,12.6051,12.7034,14.397,15.5275,76869,1255,2026-09-18,44.97,12968658.0
NASDAQ:CAES,CAES,"Cantor Equity Partners VII, Inc.",,,,NASDAQ,257792000.0,10.07,43.97,45.18,5,49.4,1876,False,-0.4,0.1,,,,,,,,,,,150096,65,2026-09-18,48.12,25600000.0
NYSE:PDCC,PDCC,Pearl Diver Credit Company Inc.,Financial Services,Asset Management,United Kingdom,NYSE,59529706.0,8.71,43.97,45.12,5,49.4,1877,False,-38.16,4.21,-14.6,-20.14,-31.37,,,10.1985,10.9072,12.6909,,,19947,545,2026-09-18,57.5,6834639.0
NASDAQ:AKBA,AKBA,"Akebia Therapeutics, Inc.",Healthcare,Drug Manufacturers - Specialty & Generic,United States,NASDAQ,245724551.0,0.916,43.98,43.81,5,49.4,1878,True,-71.1,8.53,-27.61,-38.96,-53.12,-47.11,-38.76,1.2653,1.5005,1.9538,1.7318,1.4957,8273265,1255,2026-09-18,41.28,268258243.0
NASDAQ:LAUR,LAUR,"Laureate Education, Inc.",Consumer Defensive,Education & Training Services,United States,NASDAQ,4976884377.0,36.13,43.98,45.77,5,49.4,1879,True,-10.7,25.15,3.7,6.67,32.62,58.09,81.75,34.8422,33.8716,27.2442,22.8539,19.8789,36414570,1255,2026-09-18,41.42,137749360.0
AMEX:TMQ,TMQ,Trilogy Metals Inc.,Basic Materials,Other Industrial Metals & Mining,Canada,AMEX,563150783.0,3.26,43.98,45.24,5,49.4,1880,False,-69.25,61.39,-20.42,-21.29,19.78,64.97,100.73,4.0966,4.1415,2.7217,1.9761,1.624,4441415,1255,2026-09-18,43.16,172745639.0
NASDAQ:UNTY,UNTY,"Unity Bancorp, Inc.",Financial Services,Banks - Regional,United States,NASDAQ,584280087.0,58.19,43.99,47.49,5,49.5,1881,False,-5.6,30.36,6.3,9.13,19.86,40.81,57.37,54.743,53.3205,48.5473,41.3255,36.9759,3447653,1255,2026-09-18,48.01,10040902.0
NYSE:WBX,WBX,Wallbox N.V.,Technology,Electronic Components,Spain,NYSE,70206258.0,3.0,43.99,45.08,5,49.5,1882,True,-58.28,28.21,-4.58,-13.26,21.46,38.03,7.6,3.144,3.4584,2.47,2.1735,2.788,40672,1255,2026-09-18,43.63,23402086.0
NYSE:AROC,AROC,"Archrock, Inc.",Energy,Oil & Gas Equipment & Services,United States,NYSE,5531255970.0,31.56,44.0,43.39,5,49.5,1883,False,-24.27,39.66,-4.74,0.92,15.5,33.81,59.3,33.1316,31.2715,27.3239,23.5864,19.8119,67440504,1255,2026-09-18,41.39,175261596.0
NASDAQ:AENT,AENT,Alliance Entertainment Holding Corporation,Communication Services,Entertainment,United States,NASDAQ,256315571.0,5.03,44.01,44.43,5,49.6,1884,True,-40.33,8.87,-21.97,-22.12,-8.03,18.81,8.05,6.4459,6.459,5.469,4.2336,4.6554,2882705,1255,2026-09-18,40.77,50957370.0
NASDAQ:CNOB,CNOB,"ConnectOne Bancorp, Inc.",Financial Services,Banks - Regional,United States,NASDAQ,1588613525.0,31.59,44.01,46.06,5,49.6,1885,False,-6.84,39.28,8.44,12.49,22.75,34.92,42.24,29.1307,28.0836,25.735,23.4142,22.2087,12000613,1255,2026-09-18,44.01,50288494.0
NASDAQ:PEBO,PEBO,Peoples Bancorp Inc.,Financial Services,Banks - Regional,United States,NASDAQ,1415674788.0,39.39,44.01,48.09,5,49.6,1886,False,-5.78,49.56,14.18,18.71,27.45,34.85,42.23,34.4994,33.1805,30.9066,29.2105,27.6944,10829422,1255,2026-09-18,45.13,35939954.0
NASDAQ:ACRS,ACRS,"Aclaris Therapeutics, Inc.",Healthcare,Biotechnology,United States,NASDAQ,768150240.0,5.5,44.02,46.69,5,49.7,1887,False,-15.84,203.87,26.59,40.93,89.62,113.17,11.61,4.3449,3.9027,2.9005,2.5801,4.9277,15217632,1255,2026-09-18,41.49,139663680.0
NASDAQ:AMAL,AMAL,Amalgamated Financial Corp.,Financial Services,Banks - Regional,United States,NASDAQ,1417266968.0,47.4,44.02,46.94,5,49.7,1888,False,-7.2,90.86,14.71,23.39,36.93,53.62,69.75,41.3232,38.4137,34.6171,30.8558,27.9241,11682241,1255,2026-09-18,41.64,29900147.0
NYSE:INGM,INGM,Ingram Micro Holding Corporation,Technology,Information Technology Services,United States,NYSE,6151752980.0,26.67,44.03,45.12,5,49.7,1889,False,-15.45,38.06,4.94,8.72,,,,25.4138,24.5307,,,,61878585,476,2026-09-18,46.9,230661904.0
NASDAQ:IPGP,IPGP,IPG Photonics Corporation,Technology,Semiconductor Equipment & Materials,United States,NASDAQ,3249058805.0,76.55,44.03,42.94,5,49.7,1890,True,-50.26,8.21,-24.52,-21.56,-9.15,-10.88,-16.31,101.4129,97.5861,84.2584,85.8999,91.4736,40904481,1255,2026-09-18,43.12,42443616.0
NYSE:NVR,NVR,"NVR, Inc.",Consumer Cyclical,Residential Construction,United States,NYSE,16471900218.0,6150.4702,44.04,45.45,5,49.8,1891,False,-24.8,10.55,-8.96,-11.19,-17.79,-17.26,-10.83,6756.0699,6925.737,7481.7356,7433.7466,6897.8091,249056351,1255,2026-09-18,48.0,2678153.0
NASDAQ:CPHC,CPHC,Canterbury Park Holding Corporation,Consumer Cyclical,Resorts & Casinos,United States,NASDAQ,80345210.0,15.6,44.05,46.64,5,49.8,1892,False,-6.96,9.05,0.42,0.06,-8.3,-14.43,-19.9,15.5354,15.591,17.0126,18.231,19.4756,27384,1255,2026-09-18,49.67,5150334.0
NYSE:FIGS,FIGS,"FIGS, Inc.",Consumer Cyclical,Apparel Manufacturing,United States,NYSE,2073452773.0,13.06,44.05,47.96,5,49.8,1893,False,-23.71,98.78,2.99,11.44,51.02,69.58,70.78,12.6804,11.719,8.6479,7.7015,7.6471,37143210,1255,2026-09-18,44.05,158763612.0
NASDAQ:LZ,LZ,"LegalZoom.com, Inc.",Industrials,Specialty Business Services,United States,NASDAQ,1014438285.0,5.91,44.05,45.18,5,49.8,1894,False,-46.76,8.84,-16.96,-23.53,-27.35,-32.39,-34.63,7.1171,7.7284,8.135,8.7409,9.0405,14983893,1255,2026-09-18,47.28,171647764.0
NASDAQ:BSY,BSY,"Bentley Systems, Incorporated",Technology,Software - Application,United States,NASDAQ,9522532801.0,32.58,44.06,45.55,5,49.9,1895,False,-42.32,14.64,-6.85,-13.76,-24.23,-28.1,-26.61,34.9768,37.7798,42.9989,45.3152,44.3908,86717463,1255,2026-09-18,36.37,292281547.0
NYSE:VHI,VHI,"Valhi, Inc.",Basic Materials,Chemicals,United States,NYSE,468685972.0,16.56,44.06,49.35,5,49.9,1896,False,-11.25,45.7,16.23,16.76,-4.22,-0.78,-2.84,14.2482,14.1831,17.2903,16.6902,17.0433,352602,1255,2026-09-18,45.04,28302293.0
NASDAQ:XBIT,XBIT,XBiotech Inc.,Healthcare,Biotechnology,United States,NASDAQ,66768131.0,2.19,44.06,44.07,5,49.9,1897,False,-25.51,3.3,-8.02,-9.08,-34.05,-47.51,-47.39,2.381,2.4087,3.3207,4.1723,4.1629,118331,1255,2026-09-18,42.35,30487731.0
NASDAQ:COLB,COLB,"Columbia Banking System, Inc.",Financial Services,Banks - Regional,United States,NASDAQ,8464712810.0,29.93,44.07,45.33,5,49.9,1898,False,-9.86,30.72,2.73,5.81,14.68,27.25,30.76,29.1354,28.2878,26.0983,23.5208,22.8889,88014211,1255,2026-09-18,44.3,282817000.0
NASDAQ:ULH,ULH,"Universal Logistics Holdings, Inc.",Industrials,Trucking,United States,NASDAQ,466743531.0,17.7,44.07,48.23,5,49.9,1899,False,-27.81,47.11,3.78,2.67,-28.6,-35.31,-36.53,17.0559,17.2402,24.7887,27.3621,27.8859,735465,1255,2026-09-18,46.76,26369691.0
NASDAQ:IVVD,IVVD,"Invivyd, Inc.",Healthcare,Biotechnology,United States,NASDAQ,222428626.0,0.755,44.08,45.83,5,50.0,1900,True,-73.78,41.12,-46.84,-49.49,-34.71,-51.26,-54.35,1.4203,1.4947,1.1564,1.5489,1.6538,3472586,1255,2026-09-18,43.13,294607452.0
NYSE:VLN,VLN,Valens Semiconductor Ltd.,Technology,Semiconductors,Israel,NYSE,178649635.0,1.65,44.08,44.28,5,50.0,1901,False,-53.26,48.65,-9.96,-8.93,-19.14,-23.86,-34.3,1.8326,1.8117,2.0406,2.167,2.5114,1127066,1247,2026-09-18,42.02,108272506.0
NASDAQ:EOLS,EOLS,"Evolus, Inc.",Healthcare,Drug Manufacturers - Specialty & Generic,United States,NASDAQ,517618343.0,7.86,44.09,49.47,6,50.0,1902,False,-15.48,99.49,28.64,26.5,-12.1,-20.39,-17.71,6.11,6.2134,8.9425,9.8732,9.5511,8625108,1255,2026-09-18,46.89,65854751.0
NYSE:AXS,AXS,Axis Capital Holdings Limited,Financial Services,Insurance - Specialty,Bermuda,NYSE,7238258646.0,99.2,44.11,44.22,6,50.1,1903,False,-16.83,13.36,-3.12,-1.78,3.11,17.3,30.03,102.3903,100.9994,96.2118,84.5725,76.2887,60594739,1255,2026-09-18,46.92,72966317.0
NASDAQ:PRCH,PRCH,"Porch Group, Inc.",Financial Services,Insurance - Property & Casualty,United States,NASDAQ,1804965392.0,15.9,44.11,49.89,6,50.1,1904,False,-15.83,148.44,46.95,38.22,66.94,125.14,178.18,10.8198,11.5037,9.5242,7.0622,5.7157,21412657,1255,2026-09-18,44.97,113519836.0
NYSE:IBM,IBM,International Business Machines Corporation,Technology,Information Technology Services,United States,NYSE,216266949224.0,229.55,44.12,45.83,6,50.1,1905,False,-29.78,12.36,-10.53,-12.59,-7.74,4.64,18.04,256.5606,262.6141,248.8065,219.3816,194.4604,1251480688,1255,2026-09-18,50.5,942134390.0
NASDAQ:SSBI,SSBI,Summit State Bank,Financial Services,Banks - Regional,United States,NASDAQ,83567708.0,12.35,44.12,43.98,6,50.1,1906,False,-11.79,17.62,-5.45,-2.9,13.84,13.7,4.58,13.0612,12.7192,10.8485,10.862,11.8087,65394,1255,2026-09-18,54.48,6766616.0
NASDAQ:AQST,AQST,"Aquestive Therapeutics, Inc.",Healthcare,Drug Manufacturers - Specialty & Generic,United States,NASDAQ,578402815.0,4.61,44.13,48.82,6,50.2,1907,False,-38.45,56.27,4.38,-3.39,8.6,21.11,44.83,4.4164,4.7719,4.2449,3.8063,3.1831,12651439,1255,2026-09-18,45.58,125466988.0
NASDAQ:CLPT,CLPT,ClearPoint Neuro Inc.,Healthcare,Medical Devices,United States,NASDAQ,414755656.0,13.83,44.13,45.46,6,50.2,1908,False,-53.28,59.7,3.24,-6.54,-0.46,20.23,28.72,13.3954,14.7983,13.8941,11.5031,10.7443,8508311,1255,2026-09-18,43.09,29989563.0
NASDAQ:ELVA,ELVA,Electrovaya Inc.,Industrials,Electrical Equipment & Parts,Canada,NASDAQ,327244443.0,6.61,44.13,43.46,6,50.2,1909,False,-46.08,56.26,-23.37,-18.12,18.82,40.35,46.14,8.6256,8.0726,5.5631,4.7097,4.523,2608542,1255,2026-09-18,42.04,49507480.0
NASDAQ:IKT,IKT,"Inhibikase Therapeutics, Inc.",Healthcare,Biotechnology,United States,NASDAQ,361175063.0,2.3,44.13,48.55,6,50.2,1910,False,-8.73,63.12,20.31,24.85,15.3,23.95,-1.12,1.9117,1.8422,1.9948,1.8556,2.326,1258364,1255,2026-09-18,44.13,157032636.0
NYSE:SMRT,SMRT,"SmartRent, Inc.",Technology,Software - Application,United States,NYSE,231405683.0,1.2,44.13,46.68,6,50.2,1911,False,-43.4,26.58,-17.42,-17.65,-13.77,-32.87,-41.85,1.4532,1.4572,1.3916,1.7875,2.0637,1059898,1255,2026-09-18,38.21,192838069.0
NASDAQ:NRC,NRC,NRC Health,Healthcare,Health Information Services,United States,NASDAQ,455184316.0,20.56,44.14,46.9,6,50.3,1912,False,-9.71,84.69,10.61,17.24,24.56,-5.63,-20.53,18.5878,17.5365,16.5055,21.7858,25.8715,2709334,1255,2026-09-18,46.37,22139315.0
NYSE:TRIN,TRIN,Trinity Capital Inc.,Financial Services,Asset Management,United States,NYSE,1584719287.0,17.63,44.14,48.01,6,50.3,1913,False,-4.98,40.19,12.94,16.71,30.38,42.41,56.99,15.6102,15.1058,13.5217,12.3797,11.2297,16548582,1255,2026-09-18,52.31,89887651.0
NASDAQ:ABOS,ABOS,"Acumen Pharmaceuticals, Inc.",Healthcare,Biotechnology,United States,NASDAQ,191403087.0,2.65,44.16,47.55,6,50.4,1914,True,-21.36,115.45,6.37,12.23,32.96,9.78,-18.78,2.4912,2.3613,1.9932,2.4139,3.2628,1102168,1255,2026-09-18,40.67,72227580.0
NASDAQ:CRWV,CRWV,"CoreWeave, Inc.",Technology,Software - Infrastructure,United States,NASDAQ,36414615677.0,81.36,44.16,45.75,6,50.4,1915,True,-43.14,33.77,-11.64,-15.96,,,,92.0775,96.8103,,,,2223911675,371,2026-09-18,42.44,447573939.0
NASDAQ:RGCO,RGCO,RGC Resources Inc.,Utilities,Utilities - Regulated Gas,United States,NASDAQ,222400924.0,21.37,44.16,44.72,6,50.4,1916,False,-18.81,6.09,-3.23,-2.28,2.13,7.62,9.13,22.0841,21.8676,20.9237,19.8577,19.5827,301231,1255,2026-09-18,48.84,10407156.0
NYSE:FMX,FMX,Fomento Economico Mexicano S.A.B. de C.V.,Consumer Defensive,Beverages - Brewers,Mexico,NYSE,40445703881.0,118.72,44.17,45.41,6,50.4,1917,False,-10.16,32.72,4.57,8.74,19.53,16.42,22.93,113.5333,109.1793,99.3195,101.9755,96.579,42142813,1255,2026-09-18,48.92,340681468.0
NYSE:CCI,CCI,Crown Castle Inc.,Real Estate,REIT - Specialty,United States,NYSE,31927220000.0,73.06,44.19,44.61,6,50.5,1918,False,-22.3,0.7,-10.69,-12.31,-17.23,-17.87,-21.28,81.8055,83.3146,88.2694,88.9603,92.8096,233587366,1255,2026-09-18,46.97,437000000.0
NYSE:RNGR,RNGR,"Ranger Energy Services, Inc.",Energy,Oil & Gas Equipment & Services,United States,NYSE,380516894.0,16.26,44.19,47.18,6,50.5,1919,False,-11.11,33.54,1.91,5.47,12.65,23.56,30.66,15.9548,15.4167,14.4339,13.1593,12.4443,3145860,1255,2026-09-18,47.35,23402023.0
NASDAQ:MRAM,MRAM,"Everspin Technologies, Inc.",Technology,Semiconductors,United States,NASDAQ,358278977.0,15.28,44.21,44.82,6,50.5,1920,False,-65.28,103.73,-3.7,4.97,48.54,62.04,71.87,15.8669,14.5559,10.287,9.4297,8.8902,14283246,1255,2026-09-18,40.71,23447577.0
NASDAQ:REPL,REPL,"Replimune Group, Inc.",Healthcare,Biotechnology,United States,NASDAQ,1098220748.0,13.07,44.22,49.38,6,50.6,1921,True,-18.21,668.82,48.97,55.09,40.76,39.5,6.73,8.7734,8.4276,9.2853,9.3695,12.2459,30527262,1255,2026-09-18,42.21,84026071.0
AMEX:STXS,STXS,"Stereotaxis, Inc.",Healthcare,Medical Instruments & Supplies,United States,AMEX,132505986.0,1.33,44.22,43.26,6,50.6,1922,True,-62.75,5.56,-30.17,-36.53,-37.78,-36.84,-35.46,1.9046,2.0954,2.1375,2.1057,2.0607,700438,1255,2026-09-18,37.77,99628561.0
NASDAQ:OVBC,OVBC,Ohio Valley Banc Corp.,Financial Services,Banks - Regional,United States,NASDAQ,211288395.0,44.85,44.23,48.1,6,50.6,1923,False,-10.0,32.47,3.31,7.23,27.51,45.99,55.96,43.4127,41.8274,35.1725,30.722,28.7568,1546842,1255,2026-09-18,44.72,4711001.0
NASDAQ:CECO,CECO,CECO Environmental Corp.,Industrials,Pollution & Treatment Controls,United States,NASDAQ,4057842594.0,69.48,44.24,45.21,6,50.7,1924,False,-30.29,46.46,-2.48,3.66,43.37,74.87,110.96,71.2479,67.0297,48.4616,39.7326,32.9345,51114892,1255,2026-09-18,46.11,58403031.0
NASDAQ:SKYW,SKYW,"SkyWest, Inc.",Industrials,Airlines,United States,NASDAQ,3822457883.0,96.38,44.24,45.7,6,50.7,1925,True,-16.87,22.93,-0.57,-1.07,-3.32,10.36,33.89,96.9327,97.4191,99.6889,87.3286,71.9824,32547841,1255,2026-09-18,42.26,39660281.0
NYSE:TDW,TDW,Tidewater Inc.,Energy,Oil & Gas Equipment & Services,United States,NYSE,4311150222.0,86.69,44.24,48.41,6,50.7,1926,False,-13.84,83.32,15.54,23.05,42.27,28.17,40.87,75.0314,70.4505,60.933,67.635,61.5394,58932984,1255,2026-09-18,45.97,49730652.0
NASDAQ:WHWK,WHWK,"Whitehawk Therapeutics, Inc.",Healthcare,Biotechnology,United States,NASDAQ,207700345.0,4.2,44.24,46.58,6,50.7,1927,False,-17.65,122.22,13.57,24.24,53.08,56.66,-5.45,3.6981,3.3806,2.7436,2.681,4.4419,1467743,1255,2026-09-18,39.13,49452463.0
NASDAQ:LRMR,LRMR,"Larimar Therapeutics, Inc.",Healthcare,Biotechnology,United States,NASDAQ,393716331.0,3.79,44.25,46.5,6,50.7,1928,False,-36.3,34.88,-4.0,-4.3,-5.8,-22.35,-18.99,3.9478,3.9603,4.0234,4.8807,4.6783,3927526,1255,2026-09-18,44.58,103882937.0
NASDAQ:MYFW,MYFW,"First Western Financial, Inc.",Financial Services,Banks - Regional,United States,NASDAQ,299008250.0,30.62,44.25,46.04,6,50.7,1929,False,-10.44,38.8,8.9,13.13,27.99,42.09,39.98,28.1182,27.0651,23.9232,21.5498,21.874,1449458,1255,2026-09-18,43.95,9765129.0
NASDAQ:CCXI,CCXI,Churchill Capital Corp XI,Financial Services,Shell Companies,United States,NASDAQ,540510000.0,12.9,44.26,45.32,6,50.8,1930,True,-32.46,27.85,,,,,,,,,,,24856322,154,2026-09-18,34.8,41900000.0
NYSE:TWI,TWI,"Titan International, Inc. (DE)",Industrials,Farm & Heavy Construction Machinery,United States,NYSE,451796464.0,7.0,44.26,45.9,6,50.8,1931,False,-38.6,9.03,-12.91,-12.19,-12.56,-23.02,-30.13,8.0376,7.9719,8.0057,9.0933,10.0188,4304824,1255,2026-09-18,47.05,64542352.0
NASDAQ:PCVX,PCVX,"Vaxcyte, Inc.",Healthcare,Biotechnology,United States,NASDAQ,8393837255.0,58.13,44.27,48.01,6,50.8,1932,False,-8.17,83.09,6.58,11.71,-0.27,-5.05,2.48,54.5427,52.0369,58.289,61.2225,56.7253,74750537,1255,2026-09-18,53.76,144397682.0
NASDAQ:BDTX,BDTX,"Black Diamond Therapeutics, Inc.",Healthcare,Biotechnology,United States,NASDAQ,112311477.0,1.96,44.28,46.74,6,50.9,1933,True,-59.75,21.74,-15.3,-25.61,-24.02,-37.44,-33.58,2.314,2.6349,2.5797,3.1332,2.951,1149621,1255,2026-09-18,41.61,57301774.0
NYSE:MA,MA,Mastercard Incorporated,Financial Services,Credit Services,United States,NYSE,491455896363.0,565.24,44.28,49.36,6,50.9,1934,False,-5.77,20.07,6.54,5.45,5.12,12.3,21.26,530.5415,536.0275,537.7049,503.3086,466.1266,1529054021,1255,2026-09-18,44.63,869464115.0
NYSE:XRN,XRN,Chiron Real Estate Inc.,Real Estate,REIT - Healthcare Facilities,United States,NYSE,519869070.0,35.91,44.28,46.66,6,50.9,1935,False,-4.94,25.99,3.17,5.81,3.98,0.86,1.27,34.805,33.9397,34.5347,35.6037,35.4613,3398790,1255,2026-09-18,46.13,14477000.0
NASDAQ:BXBL,BXBL,"BOXABL, Inc.",Consumer Cyclical,Residential Construction,United States,NASDAQ,1486657850.0,4.21,44.29,40.95,6,50.9,1936,False,-71.73,8.23,-52.76,-53.93,,,,8.9113,9.1382,,,,907375,403,2026-09-18,41.24,353125380.0
NASDAQ:TRON,TRON,Tron Inc.,Consumer Cyclical,Leisure,United States,NASDAQ,711573096.0,1.5,44.29,45.76,6,50.9,1937,False,-63.68,32.74,-12.96,-20.61,-26.28,-19.93,,1.7233,1.8894,2.0347,1.8733,,2939291,777,2026-09-18,40.09,474382064.0
NASDAQ:CIVB,CIVB,"Civista Bancshares, Inc.",Financial Services,Banks - Regional,United States,NASDAQ,567474755.0,27.29,44.31,46.26,6,51.0,1938,False,-6.28,40.63,9.2,13.15,23.88,39.79,44.15,24.9903,24.1175,22.0303,19.5215,18.9314,4687011,1255,2026-09-18,42.98,20794238.0
NASDAQ:ITIC,ITIC,Investors Title Company,Financial Services,Insurance - Specialty,United States,NASDAQ,545630844.0,289.0,44.31,48.77,6,51.0,1939,False,-5.4,38.3,13.24,13.1,21.23,38.2,53.14,255.2142,255.516,238.3851,209.1214,188.7203,21910885,1255,2026-09-18,51.25,1887996.0
NASDAQ:LIVN,LIVN,LivaNova PLC,Healthcare,Medical Devices,United Kingdom,NASDAQ,4285365299.0,78.01,44.31,46.69,6,51.0,1940,True,-8.57,57.37,10.36,15.95,36.57,40.86,43.87,70.6838,67.2815,57.1193,55.3827,54.2232,50000042,1255,2026-09-18,43.46,54933538.0
NYSE:BW,BW,"Babcock & Wilcox Enterprises, Inc.",Industrials,Specialty Industrial Machinery,United States,NYSE,1095458948.0,7.36,44.32,42.32,6,51.1,1941,False,-66.32,168.61,-36.64,-27.2,27.84,67.81,55.12,11.6156,10.1096,5.7571,4.3858,4.7448,33943267,1255,2026-09-18,43.91,148839531.0
NYSE:PGR,PGR,Progressive Corporation (The),Financial Services,Insurance - Property & Casualty,United States,NYSE,124111245460.0,213.48,44.33,47.34,6,51.1,1942,False,-8.96,12.17,2.32,1.78,-5.37,2.21,14.36,208.6384,209.7543,225.5963,208.8609,186.6717,444807473,1255,2026-09-18,48.28,581371770.0
NYSE:EARN,EARN,Ellington Credit Company Common Shares of Beneficial Interest,Financial Services,Asset Management,United States,NYSE,158916024.0,4.23,44.34,45.92,6,51.1,1943,False,-15.0,8.33,-3.65,-3.9,-6.45,-4.54,-2.41,4.3903,4.4016,4.5219,4.4312,4.3345,1597666,1255,2026-09-18,46.86,37568800.0
NYSE:FSK,FSK,FS KKR Capital Corp.,Financial Services,Asset Management,United States,NYSE,3161950029.0,11.29,44.34,48.88,6,51.1,1944,False,-18.77,26.79,2.63,-0.76,-17.5,-16.53,-12.35,11.0009,11.3761,13.6844,13.5251,12.8807,19219206,1255,2026-09-18,56.12,280066433.0
NASDAQ:NEXM,NEXM,NexMetals Mining Corp.,Basic Materials,Other Industrial Metals & Mining,Canada,NASDAQ,79495406.0,2.23,44.34,46.18,6,51.1,1945,True,-64.83,7.73,-23.28,-32.14,-55.26,-74.41,-81.34,2.9065,3.2863,4.9839,8.7149,11.9521,108770,1255,2026-09-18,42.25,35648164.0
NASDAQ:ICFI,ICFI,"ICF International, Inc.",Industrials,Consulting Services,United States,NASDAQ,1542657178.0,85.21,44.35,49.34,6,51.2,1946,False,-12.2,42.77,8.56,6.58,-10.26,-22.38,-22.48,78.4927,79.9469,94.9546,109.7764,109.9193,15329146,1255,2026-09-18,48.83,18104180.0
NASDAQ:MOBI,MOBI,"Mobia Medical, Inc.",Healthcare,Medical Devices,United States,NASDAQ,350444523.0,10.54,44.35,45.11,6,51.2,1947,False,-27.96,5.29,,,,,,,,,,,2853985,92,2026-09-18,47.36,33249006.0
NASDAQ:IMKTA,IMKTA,"Ingles Markets, Incorporated",Consumer Defensive,Grocery Stores,United States,NASDAQ,1203770691.0,82.74,44.36,43.94,6,51.2,1948,False,-12.96,24.22,-1.61,1.45,13.37,12.25,7.78,84.0911,81.5558,72.983,73.7101,76.7648,9430753,1255,2026-09-18,45.29,14548836.0
NYSE:SKY,SKY,"Champion Homes, Inc.",Consumer Cyclical,Residential Construction,United States,NYSE,4643506976.0,84.59,44.37,47.05,6,51.3,1949,False,-13.21,31.64,1.76,3.79,1.07,5.36,11.54,83.1277,81.5027,83.6949,80.2843,75.8366,49184735,1255,2026-09-18,45.92,54894278.0
NASDAQ:ALCO,ALCO,"Alico, Inc.",Consumer Defensive,Farm Products,United States,NASDAQ,290052549.0,39.11,44.38,45.85,6,51.3,1950,True,-11.93,25.23,-2.15,1.17,14.91,23.46,29.64,39.9702,38.6569,34.0354,31.6772,30.1681,820537,1255,2026-09-18,39.91,7416327.0
NASDAQ:EZPW,EZPW,"EZCORP, Inc. - Class A Non-Voting",Financial Services,Credit Services,United States,NASDAQ,1792203764.0,30.65,44.38,46.75,6,51.3,1951,False,-13.88,76.05,9.27,17.76,55.03,86.37,111.08,28.0491,26.027,19.7698,16.4457,14.5204,31830797,1255,2026-09-18,49.1,58473206.0
NASDAQ:GSIT,GSIT,"GSI Technology, Inc.",Technology,Semiconductors,United States,NASDAQ,204139428.0,5.32,44.38,43.74,6,51.3,1952,False,-58.98,45.36,-24.15,-23.87,4.48,22.55,32.67,7.0136,6.9885,5.0919,4.341,4.0099,2729544,1255,2026-09-18,42.06,38372073.0
AMEX:LUD,LUD,Luda Technology Group Limited,Basic Materials,Steel,Hong Kong,AMEX,95320690.0,4.201,44.39,45.62,6,51.4,1953,False,-71.46,31.28,-26.1,-34.59,,,,5.6849,6.4226,,,,19855,392,2026-09-18,52.16,22690000.0
NYSE:SAM,SAM,"Boston Beer Company, Inc. (The)",Consumer Defensive,Beverages - Brewers,United States,NYSE,1431827484.0,171.57,44.39,44.95,6,51.4,1954,False,-34.02,6.51,-15.21,-15.99,-24.39,-33.2,-38.33,202.3414,204.2237,226.917,256.8495,278.1942,44117892,1255,2026-09-18,44.92,8345442.0
NASDAQ:CCLD,CCLD,"CareCloud, Inc.",Healthcare,Health Information Services,United States,NASDAQ,92209699.0,2.17,44.4,45.13,6,51.4,1955,False,-43.04,6.37,-18.38,-21.76,-20.06,-7.52,-15.46,2.6585,2.7735,2.7144,2.3465,2.5669,836115,1255,2026-09-18,46.89,42492949.0
NASDAQ:NCTY,NCTY,The9 Limited - American Depository Shares,Financial Services,Capital Markets,China,NASDAQ,60481741.0,3.96,44.4,45.54,6,51.4,1956,False,-65.35,23.36,-27.77,-36.0,-54.32,-50.56,-51.83,5.4826,6.188,8.6692,8.0101,8.2211,1500104,1255,2026-09-18,43.74,15273167.0
NYSE:AGL,AGL,"agilon health, inc.",Healthcare,Medical Care Facilities,United States,NYSE,1487526360.0,89.16,44.41,46.06,6,51.5,1957,False,-31.33,1027.18,62.26,85.43,52.98,-19.8,-58.07,54.9499,48.0833,58.2807,111.1696,212.6528,18295577,1255,2026-09-18,44.42,16683786.0
NASDAQ:MNDY,MNDY,monday.com Ltd.,Technology,Software - Application,Israel,NASDAQ,3598795750.0,85.13,44.41,47.15,6,51.5,1958,False,-61.15,44.75,-7.77,-23.21,-54.67,-55.85,-52.44,92.3008,110.8545,187.7837,192.8117,178.9903,111035470,1255,2026-09-18,49.61,42274119.0
NASDAQ:MBIN,MBIN,Merchants Bancorp,Financial Services,Banks - Regional,United States,NASDAQ,2391856695.0,52.07,44.42,48.53,6,51.6,1959,True,-6.36,72.83,15.29,22.91,32.63,33.82,46.63,45.1642,42.3646,39.2606,38.9105,35.51,12334053,1255,2026-09-18,41.51,45935408.0
NYSE:PBI,PBI,Pitney Bowes Inc.,Industrials,Integrated Freight & Logistics,United States,NYSE,2309970072.0,16.85,44.42,46.99,6,51.6,1960,False,-8.44,90.67,22.52,29.15,54.14,92.66,129.42,13.7524,13.0471,10.9314,8.7461,7.3446,29921295,1255,2026-09-18,53.64,137090212.0
NYSE:MICC,MICC,The Magnum Ice Cream Company N.V.,Consumer Defensive,Packaged Foods,Netherlands,NYSE,11620689846.0,18.98,44.44,48.31,6,51.6,1961,False,-7.05,45.33,,,,,,,,,,,15578793,196,2026-09-18,43.66,612259739.0
NYSE:CRD.A,CRD-A,Crawford & Company,Financial Services,Insurance Brokers,United States,NYSE,367964113.0,12.35,44.46,48.42,6,51.7,1962,False,-9.77,34.69,12.64,13.29,14.83,19.38,29.47,10.9645,10.901,10.7546,10.3453,9.5389,852072,1255,2026-09-18,55.15,29794665.0
NYSE:ESNT,ESNT,Essent Group Ltd.,Financial Services,Insurance - Specialty,Bermuda,NYSE,6191750663.0,67.19,44.46,49.44,6,51.7,1963,False,-3.5,20.94,7.85,8.49,13.07,17.98,27.58,62.3015,61.931,59.421,56.9513,52.6645,48098389,1255,2026-09-18,46.48,92152860.0
NYSE:IEX,IEX,IDEX Corporation,Industrials,Specialty Industrial Machinery,United States,NYSE,16492615133.0,223.72,44.46,46.32,6,51.7,1964,False,-6.98,42.54,7.9,12.73,15.58,13.45,11.79,207.3387,198.4514,193.5695,197.1965,200.1231,125035725,1255,2026-09-18,40.45,73719896.0
NASDAQ:INTR,INTR,Inter & Co. Inc.,Financial Services,Banks - Regional,Brazil,NASDAQ,1742857184.0,5.35,44.46,45.96,6,51.7,1965,False,-46.94,5.94,-24.95,-28.7,-21.69,-16.05,-1.6,7.1284,7.5039,6.8317,6.3727,5.4368,22862999,1064,2026-09-18,47.4,325767698.0
AMEX:CATX,CATX,"Perspective Therapeutics, Inc.",Healthcare,Medical Devices,United States,AMEX,328453047.0,2.88,44.48,44.96,6,51.7,1966,False,-49.03,40.49,-19.92,-17.22,-30.49,-50.97,-47.98,3.5966,3.479,4.143,5.8743,5.5367,5009775,1255,2026-09-18,44.48,114046197.0
NASDAQ:AMBA,AMBA,"Ambarella, Inc.",Technology,Semiconductor Equipment & Materials,United States,NASDAQ,2901880438.0,66.15,44.49,45.27,6,51.7,1967,False,-30.74,35.97,-3.29,-7.79,-2.07,5.53,0.93,68.3999,71.7365,67.5457,62.6844,65.5373,121937294,1255,2026-09-18,45.76,43868185.0
NASDAQ:TLSA,TLSA,Tiziana Life Sciences Ltd,Healthcare,Biotechnology,United Kingdom,NASDAQ,115805809.0,0.91,44.5,44.41,6,51.8,1968,False,-60.26,18.18,-29.82,-35.95,-31.59,-19.08,-11.03,1.2967,1.4207,1.3302,1.1246,1.0228,583792,1255,2026-09-18,48.72,127259131.0
NASDAQ:DUOT,DUOT,"Duos Technologies Group, Inc.",Technology,Software - Application,United States,NASDAQ,268268694.0,8.54,44.52,45.38,6,51.8,1969,False,-41.67,35.66,-9.31,-8.13,11.86,37.79,50.06,9.4168,9.2959,7.6347,6.1977,5.6911,7142786,1255,2026-09-18,43.94,31413196.0
NYSE:AUNA,AUNA,Auna SA,Healthcare,Medical Care Facilities,Luxembourg,NYSE,153707610.0,5.1,44.53,47.01,6,51.9,1970,False,-24.67,22.89,0.62,-2.73,-16.46,,,5.0688,5.243,6.105,,,584531,625,2026-09-18,46.51,30138747.0
NYSE:CPAY,CPAY,"Corpay, Inc.",Technology,Software - Infrastructure,United States,NYSE,25998356901.0,397.76,44.53,49.68,6,51.9,1971,False,-6.46,55.98,16.2,20.39,18.78,26.15,37.04,342.3184,330.3873,334.8758,315.3073,290.2554,174363757,1255,2026-09-18,49.66,65361919.0
NASDAQ:SHOO,SHOO,"Steven Madden, Ltd.",Consumer Cyclical,Footwear & Accessories,United States,NASDAQ,3077627710.0,42.11,44.53,45.62,6,51.9,1972,False,-13.75,35.56,3.18,6.28,17.09,14.84,20.04,40.8141,39.621,35.9625,36.6669,35.079,44013403,1255,2026-09-18,42.99,73085436.0
NASDAQ:TSSI,TSSI,"TSS, Inc.",Technology,Information Technology Services,United States,NASDAQ,237505668.0,8.46,44.53,43.69,6,51.9,1973,False,-58.57,22.25,-21.66,-28.43,-31.68,-2.47,27.66,10.7993,11.8211,12.3831,8.6739,6.6271,6858211,1255,2026-09-18,46.33,28073956.0
NASDAQ:SUPX,SUPX,SuperX AI Technology Limited,Technology,Software - Infrastructure,Singapore,NASDAQ,316118764.0,7.31,44.54,46.55,6,51.9,1974,False,-90.25,25.82,-30.82,-62.53,-53.02,,,10.5668,19.507,15.5591,,,7461915,608,2026-09-18,48.64,43244701.0
NYSE:SW,SW,Smurfit WestRock plc,Consumer Cyclical,Packaging & Containers,Ireland,NYSE,23252100512.0,44.33,44.54,46.32,6,51.9,1975,False,-12.72,39.21,5.17,7.28,2.34,6.98,13.15,42.1489,41.3201,43.3148,41.4378,39.1781,206895352,1255,2026-09-18,49.3,524522908.0
NYSE:URI,URI,"United Rentals, Inc.",Industrials,Rental & Leasing Services,United States,NYSE,63108282022.0,1013.91,44.56,45.11,6,52.0,1976,True,-12.96,43.25,8.6,9.48,20.83,33.76,53.24,933.6259,926.1339,839.1223,758.0222,661.6523,442225013,1255,2026-09-18,41.25,62242489.0
NYSE:Q,Q,"Qnity Electronics, Inc.",Technology,Semiconductor Equipment & Materials,United States,NYSE,25131171800.0,120.05,44.61,44.07,6,52.0,1977,False,-31.6,63.66,-2.72,,,,,123.4049,,,,,207118874,225,2026-09-18,40.5,209339207.0
NYSE:WWW,WWW,"Wolverine World Wide, Inc.",Consumer Cyclical,Footwear & Accessories,United States,NYSE,1552062011.0,18.93,44.61,47.58,6,52.0,1978,False,-36.38,31.53,6.7,1.5,0.66,19.28,25.55,17.7416,18.6507,18.8051,15.8699,15.0777,14344320,1255,2026-09-18,47.75,81989541.0
NYSE:MTUS,MTUS,Metallus Inc.,Basic Materials,Steel,United States,NYSE,795507373.0,19.11,44.62,45.89,6,52.1,1979,False,-13.25,31.25,1.36,3.69,15.08,6.37,5.2,18.8539,18.4304,16.6063,17.9661,18.1653,6529474,1255,2026-09-18,47.21,41627806.0
NASDAQ:VLOS,VLOS,Velos Acquisition I Corp.,Financial Services,Shell Companies,United States,NASDAQ,307337500.0,10.69,44.62,46.18,6,52.1,1980,False,-4.03,9.64,-0.5,-0.16,,,,10.7434,10.7074,,,,276183,499,2026-09-18,44.62,28750000.0
NASDAQ:HNRG,HNRG,Hallador Energy Company,Utilities,Utilities - Independent Power Producers,United States,NASDAQ,712611527.0,15.12,44.63,45.76,6,52.1,1981,False,-36.5,10.36,-13.77,-16.36,-3.7,13.19,24.32,17.5343,18.0785,15.7016,13.3576,12.1617,10956682,1255,2026-09-18,45.05,47130392.0
NYSE:OKLO,OKLO,Oklo Inc.,Utilities,Utilities - Independent Power Producers,United States,NYSE,6611657506.0,38.0,44.63,44.38,6,52.1,1982,False,-78.18,6.68,-39.19,-49.33,-32.9,-7.58,13.87,62.4944,75.0007,56.6321,41.1148,33.3702,431942367,1255,2026-09-18,47.85,173990987.0
NASDAQ:SPFI,SPFI,"South Plains Financial, Inc.",Financial Services,Banks - Regional,United States,NASDAQ,826659927.0,43.88,44.64,47.89,6,52.2,1983,False,-4.14,23.61,4.88,7.27,15.63,28.42,38.36,41.84,40.906,37.9484,34.1687,31.7145,5236034,1255,2026-09-18,42.86,18839105.0
NASDAQ:CLDX,CLDX,"Celldex Therapeutics, Inc.",Healthcare,Biotechnology,United States,NASDAQ,3001536833.0,38.24,44.65,47.64,6,52.2,1984,False,-14.78,69.35,19.04,24.07,40.34,26.78,20.92,32.1234,30.8208,27.2479,30.1635,31.6229,29721458,1255,2026-09-18,48.45,78492072.0
NASDAQ:FLEX,FLEX,Flex Ltd.,Technology,Electronic Components,United States,NASDAQ,39756930505.0,108.51,44.65,44.83,6,52.2,1985,False,-33.05,99.06,11.6,21.15,66.03,107.5,149.24,97.2312,89.5696,65.3574,52.2938,43.5366,354114661,1255,2026-09-18,45.19,366389554.0
NYSE:PKG,PKG,Packaging Corporation of America,Consumer Cyclical,Packaging & Containers,United States,NYSE,20739492062.0,232.77,44.65,46.1,6,52.2,1986,False,-8.99,24.51,4.92,7.05,11.05,19.73,32.21,221.8528,217.4315,209.6004,194.4165,176.0621,142658765,1255,2026-09-18,48.0,89098647.0
NASDAQ:SUJA,SUJA,"Suja Life, Inc.",Consumer Defensive,Beverages - Non-Alcoholic,United States,NASDAQ,203869159.0,8.57,44.66,45.39,6,52.3,1987,False,-51.99,46.0,,,,,,,,,,,5906090,93,2026-09-18,44.66,23788700.0
NASDAQ:COLM,COLM,Columbia Sportswear Company,Consumer Cyclical,Apparel Manufacturing,United States,NASDAQ,2906842617.0,56.84,44.67,44.67,6,52.3,1988,False,-15.73,18.57,-3.29,-0.7,-11.1,-15.98,-18.55,58.7739,57.2428,63.9338,67.6514,69.7849,38831434,1255,2026-09-18,45.69,51140792.0
NASDAQ:ARBE,ARBE,Arbe Robotics Ltd.,Technology,Scientific & Technical Instruments,Israel,NASDAQ,82175328.0,0.67,44.68,45.74,6,52.3,1989,False,-75.09,20.72,-27.08,-39.36,-52.77,-58.23,-68.09,0.9188,1.1049,1.4186,1.6041,2.0998,5018307,1255,2026-09-18,44.68,122649743.0
NASDAQ:RICK,RICK,"RCI Hospitality Holdings, Inc.",Consumer Cyclical,Restaurants,United States,NASDAQ,214198890.0,28.02,44.68,48.02,6,52.3,1990,False,-10.35,35.34,10.64,9.85,-19.09,-30.74,-43.28,25.3261,25.5079,34.6327,40.4575,49.399,1685501,1255,2026-09-18,47.85,7644500.0
NASDAQ:VINP,VINP,Vinci Compass Investments Ltd.,Financial Services,Asset Management,Brazil,NASDAQ,475789607.0,9.32,44.69,45.78,6,52.4,1991,False,-26.76,3.01,-11.73,-11.91,-4.83,-2.58,3.02,10.5589,10.5796,9.7932,9.5664,9.047,498400,1255,2026-09-18,44.35,51050387.0
NASDAQ:VIVO,VIVO,VivoPower PLC,Technology,Software - Infrastructure,United Kingdom,NASDAQ,118594964.0,3.86,44.71,45.92,6,52.4,1992,True,-41.52,219.01,13.78,9.66,22.13,33.99,11.78,3.3925,3.5199,3.1606,2.8808,3.4533,1195876,1255,2026-09-18,39.96,30724084.0
NYSE:OSK,OSK,Oshkosh Corporation (Holding Company),Industrials,Farm & Heavy Construction Machinery,United States,NYSE,9051664601.0,146.61,44.72,47.01,6,52.4,1993,True,-16.94,25.05,0.62,3.37,18.72,25.92,36.02,145.7109,141.8264,123.4961,116.4317,107.7894,74233772,1255,2026-09-18,41.45,61739749.0
NYSE:WSM,WSM,"Williams-Sonoma, Inc. Common Stock (DE)",Consumer Cyclical,Specialty Retail,United States,NYSE,26398790186.0,224.2,44.73,46.41,6,52.5,1994,False,-10.95,33.39,9.11,11.05,20.78,38.01,64.23,205.4831,201.8992,185.621,162.4548,136.5157,309709938,1255,2026-09-18,37.23,117746611.0
NYSE:SGU,SGU,Star Group L.P.,Energy,Oil & Gas Refining & Marketing,United States,NYSE,414692574.0,12.63,44.74,47.34,6,52.5,1995,False,-4.65,17.42,2.36,4.38,9.24,15.11,18.91,12.3384,12.0995,11.5619,10.9721,10.6211,239461,1255,2026-09-18,50.21,32833933.0
NYSE:ST,ST,Sensata Technologies Holding plc,Technology,Scientific & Technical Instruments,United States,NYSE,6105229411.0,41.95,44.75,44.74,6,52.5,1996,False,-21.46,48.31,3.32,8.81,24.65,22.85,16.54,40.6029,38.5538,33.6541,34.1475,35.9955,56081034,1255,2026-09-18,46.17,145535862.0
NASDAQ:GABC,GABC,"German American Bancorp, Inc.",Financial Services,Banks - Regional,United States,NASDAQ,1846145728.0,49.13,44.76,49.06,6,52.6,1997,False,-4.38,34.97,12.02,15.08,21.47,32.44,38.78,43.8572,42.6918,40.4466,37.0952,35.4007,6348100,1255,2026-09-18,45.39,37576750.0
NYSE:LNN,LNN,Lindsay Corporation,Industrials,Farm & Heavy Construction Machinery,United States,NYSE,1170743730.0,115.13,44.76,47.59,6,52.6,1998,False,-17.77,12.63,-2.13,-2.96,-6.96,-5.22,-8.11,117.6392,118.6381,123.743,121.4655,125.295,21190899,1255,2026-09-18,50.22,10168885.0
NYSE:HSBC,HSBC,"HSBC Holdings, plc.",Financial Services,Banks - Diversified,United Kingdom,NYSE,349240434779.0,101.83,44.78,48.25,6,52.6,1999,False,-5.13,62.21,13.93,20.24,50.08,79.01,105.63,89.3782,84.691,67.8523,56.8851,49.5205,132564121,1255,2026-09-18,47.84,3429641901.0
NASDAQ:MXCT,MXCT,"MaxCyte, Inc.",Healthcare,Medical Devices,United States,NASDAQ,127474790.0,1.19,44.78,47.3,6,52.6,2000,False,-34.97,76.04,8.1,-1.41,-44.15,-57.97,-64.89,1.1009,1.207,2.1305,2.8315,3.389,540224,1255,2026-09-18,45.34,107121672.0
NYSE:AWK,AWK,"American Water Works Company, Inc.",Utilities,Utilities - Regulated Water,United States,NYSE,27007269605.0,135.9,44.79,48.92,6,52.7,2001,False,-4.0,12.94,4.17,3.96,3.05,5.94,4.83,130.4546,130.7282,131.873,128.2783,129.6398,277357690,1255,2026-09-18,52.19,198728989.0
NYSE:HNI,HNI,HNI Corporation,Consumer Cyclical,"Furnishings, Fixtures & Appliances",United States,NYSE,3319592988.0,46.11,44.79,50.2,6,52.7,2002,False,-9.97,60.52,13.65,13.08,5.92,9.04,21.06,40.5709,40.7778,43.5319,42.2891,38.0898,28123118,1255,2026-09-18,46.06,71992908.0
NASDAQ:ACGL,ACGL,Arch Capital Group Ltd.,Financial Services,Insurance - Diversified,Bermuda,NASDAQ,33039490000.0,96.89,44.81,46.38,6,52.7,2003,True,-9.01,14.36,0.64,2.04,2.62,5.73,14.76,96.2763,94.9562,94.4184,91.6382,84.4299,348720277,1255,2026-09-18,43.85,341000000.0
NYSE:RXO,RXO,"RXO, Inc.",Industrials,Trucking,United States,NYSE,3341285521.0,20.26,44.82,43.92,6,52.7,2004,False,-30.85,93.32,5.16,9.86,3.44,-1.15,,19.2655,18.4416,19.5866,20.4958,,34315376,976,2026-09-18,43.94,164920312.0
NASDAQ:NVMI,NVMI,Nova Ltd.,Technology,Semiconductor Equipment & Materials,Israel,NASDAQ,11326491994.0,356.11,44.84,43.43,6,52.7,2005,False,-41.2,29.13,-19.17,-14.24,11.83,32.85,57.94,440.5632,415.231,318.44,268.0557,225.4689,224073665,1255,2026-09-18,41.47,31806161.0
NASDAQ:IMMR,IMMR,Immersion Corporation,Technology,Software - Application,United States,NASDAQ,239313606.0,7.21,44.85,47.82,6,52.8,2006,False,-7.45,35.13,10.64,10.27,2.72,1.22,4.49,6.5165,6.5383,7.019,7.123,6.9005,2886935,1255,2026-09-18,53.18,33191901.0
NASDAQ:CLBT,CLBT,Cellebrite DI Ltd.,Technology,Software - Infrastructure,Israel,NASDAQ,2898490674.0,11.62,44.86,43.94,6,52.8,2007,False,-40.59,11.3,-19.51,-23.22,-30.64,-20.93,-6.53,14.437,15.1338,16.7531,14.696,12.4319,29868400,1255,2026-09-18,46.95,249439817.0
NASDAQ:MENS,MENS,Jyong Biotech Ltd.,Healthcare,Biotechnology,Taiwan,NASDAQ,152921354.0,2.06,44.86,46.46,6,52.8,2008,False,-96.86,41.1,-43.55,-83.61,,,,3.6493,12.5706,,,,79010,316,2026-09-18,45.92,74233667.0
NASDAQ:URBN,URBN,"Urban Outfitters, Inc.",Consumer Cyclical,Apparel Retail,United States,NASDAQ,6423487576.0,75.01,44.86,47.53,6,52.8,2009,False,-9.57,25.92,3.61,5.01,17.34,34.77,53.72,72.3951,71.4308,63.9251,55.6598,48.7959,105931392,1255,2026-09-18,46.61,85635083.0
NYSE:WFC,WFC,Wells Fargo & Company,Financial Services,Banks - Diversified,United States,NYSE,260426822816.0,86.12,44.86,47.95,6,52.8,2010,False,-9.18,17.97,2.04,2.49,11.39,26.71,41.7,84.3984,84.0268,77.3136,67.967,60.7769,1209358211,1255,2026-09-18,47.42,3023999336.0
NYSE:FUBO,FUBO,FuboTV Inc.,Communication Services,Broadcasting,United States,NYSE,295615330.0,10.04,44.87,47.64,6,52.9,2011,True,-81.65,24.1,-35.48,-53.55,-64.34,-62.6,-63.2,15.5606,21.6144,28.1513,26.8464,27.2847,13549993,1255,2026-09-18,43.41,29443758.0
NASDAQ:CDRO,CDRO,"Codere Online Luxembourg, S.A.",Consumer Cyclical,Gambling,Luxembourg,NASDAQ,409229235.0,9.0,44.88,46.35,6,53.0,2012,False,-11.76,65.75,3.75,9.46,13.56,25.53,47.16,8.6749,8.2222,7.9253,7.1698,6.1157,213383,1255,2026-09-18,67.2,45469915.0
NASDAQ:ENLT,ENLT,Enlight Renewable Energy Ltd.,Utilities,Utilities - Renewable,Israel,NASDAQ,10485565725.0,75.0,44.88,44.67,6,53.0,2013,False,-30.18,165.58,1.01,13.68,76.64,121.82,,74.2464,65.9737,42.4585,33.8112,,14477967,931,2026-09-18,44.41,139807543.0
NASDAQ:KBON,KBON,Karbon Capital Partners Corp.,Financial Services,Shell Companies,United States,NASDAQ,357085100.0,10.09,44.88,46.92,6,53.0,2014,False,-0.59,0.7,,,,,,,,,,,559553,163,2026-09-18,48.4,35390000.0
NASDAQ:TRAX,TRAX,"First Tracks Biotherapeutics, Inc.",Healthcare,Biotechnology,United States,NASDAQ,1346845907.0,38.6,44.88,48.68,6,53.0,2015,False,-19.45,151.96,,,,,,,,,,,27780271,116,2026-09-18,46.38,34892381.0
NYSE:VMI,VMI,"Valmont Industries, Inc.",Industrials,Conglomerates,United States,NYSE,9162857801.0,474.64,44.89,44.58,6,53.0,2016,True,-18.56,31.04,0.79,4.15,21.9,40.35,45.73,470.933,455.7326,389.3577,338.18,325.7093,80082332,1255,2026-09-18,43.11,19304858.0
NASDAQ:CRAI,CRAI,"CRA International,Inc.",Industrials,Consulting Services,United States,NASDAQ,1068994986.0,165.38,44.9,47.61,6,53.1,2017,False,-25.17,20.91,-2.04,-3.91,-6.44,2.7,12.93,168.83,172.11,176.7638,161.0259,146.4451,20469401,1255,2026-09-18,46.46,6463871.0
NYSE:KHC,KHC,The Kraft Heinz Company,Consumer Defensive,Packaged Foods,United States,NYSE,28968547696.0,24.43,44.9,47.31,6,53.1,2018,False,-10.14,19.14,5.04,4.65,-2.81,-8.93,-12.34,23.258,23.3455,25.1367,26.8252,27.8686,589284369,1255,2026-09-18,48.38,1185777638.0
NASDAQ:MIDD,MIDD,The Middleby Corporation,Industrials,Specialty Industrial Machinery,United States,NASDAQ,5076683611.0,112.28,44.9,42.72,6,53.1,2019,True,-22.12,24.97,-7.52,-4.47,-3.67,-1.57,-1.58,121.4074,117.5373,116.5581,114.0665,114.0871,65281464,1255,2026-09-18,42.37,45214496.0
NASDAQ:MCBS,MCBS,"MetroCity Bankshares, Inc.",Financial Services,Banks - Regional,United States,NASDAQ,1002528269.0,34.98,44.92,47.5,6,53.1,2020,True,-4.87,45.21,12.08,16.18,19.65,29.91,42.58,31.2099,30.1092,29.2362,26.9257,24.5328,2538388,1255,2026-09-18,43.09,28660042.0
NYSE:NOC,NOC,Northrop Grumman Corporation,Industrials,Aerospace & Defense,United States,NYSE,74922619282.0,527.39,44.93,45.56,6,53.2,2021,True,-30.72,6.81,-11.54,-10.98,-3.03,3.2,6.66,596.2222,592.4412,543.8909,511.0523,494.4732,409907994,1255,2026-09-18,42.45,142063026.0
NYSE:NREF,NREF,"NexPoint Real Estate Finance, Inc.",Real Estate,REIT - Mortgage,United States,NYSE,306657432.0,16.27,44.93,47.98,6,53.2,2022,False,-7.76,42.31,13.68,17.42,24.58,33.58,39.86,14.3127,13.8567,13.0599,12.1796,11.6334,1076496,1255,2026-09-18,48.32,18848029.0
NASDAQ:OSBC,OSBC,"Old Second Bancorp, Inc.",Financial Services,Banks - Regional,United States,NASDAQ,1272964660.0,24.99,44.93,50.42,6,53.2,2023,True,-3.55,51.59,15.17,19.68,32.0,44.37,51.36,21.6983,20.881,18.932,17.3096,16.5098,10788167,1255,2026-09-18,43.27,50938962.0
NYSE:IRM,IRM,Iron Mountain Incorporated (Delaware)Common Stock REIT,Real Estate,REIT - Specialty,United States,NYSE,34018972026.0,114.34,44.94,44.81,6,53.2,2024,False,-13.4,48.32,4.69,7.35,12.59,24.54,41.48,109.22,106.5065,101.558,91.8119,80.8181,189937398,1255,2026-09-18,44.13,297524681.0
NYSE:NFG,NFG,National Fuel Gas Company,Energy,Oil & Gas Integrated,United States,NYSE,7691049411.0,80.92,44.95,47.18,6,53.3,2025,True,-15.09,7.39,-2.53,-2.37,4.81,18.93,26.47,83.0196,82.887,77.2085,68.0389,63.9812,52359995,1255,2026-09-18,38.69,95045099.0
NYSE:OGG,OGG,Osisko Gold Group Inc.,Basic Materials,Gold,Canada,NYSE,828842148.0,2.72,44.95,47.86,6,53.3,2026,False,-43.1,21.43,-14.48,-15.15,5.78,7.73,-10.25,3.1807,3.2058,2.5714,2.5249,3.0307,5213059,1255,2026-09-18,45.94,304721378.0
NASDAQ:QURE,QURE,uniQure N.V.,Healthcare,Biotechnology,Netherlands,NASDAQ,3052122128.0,44.0,44.95,48.84,6,53.3,2027,False,-37.67,387.26,51.24,36.3,97.04,160.43,155.63,29.0934,32.2821,22.33,16.895,17.2125,57197968,1255,2026-09-18,45.27,69366412.0
NASDAQ:TRDA,TRDA,"Entrada Therapeutics, Inc.",Healthcare,Biotechnology,United States,NASDAQ,262039158.0,6.75,44.95,46.22,6,53.3,2028,False,-57.89,32.61,-29.29,-25.24,-34.22,-42.57,-46.37,9.5466,9.0293,10.2611,11.7543,12.5869,2124323,1226,2026-09-18,47.24,38820616.0
NYSE:UCB,UCB,"United Community Banks, Inc.",Financial Services,Banks - Regional,United States,NYSE,4154607159.0,34.69,44.95,47.17,6,53.3,2029,True,-5.78,23.6,4.5,6.84,13.14,21.42,23.17,33.1962,32.4691,30.6616,28.5696,28.165,26597141,1255,2026-09-18,44.2,119763827.0
NYSE:WAL,WAL,Western Alliance Bancorporation Common Stock (DE),Financial Services,Banks - Regional,United States,NYSE,8575418174.0,78.54,44.95,46.23,6,53.3,2030,False,-16.99,19.02,-2.78,-2.38,-1.88,8.2,17.72,80.7836,80.4537,80.0436,72.5906,66.7167,89572380,1255,2026-09-18,48.8,109185360.0
NYSE:DLR,DLR,"Digital Realty Trust, Inc.",Real Estate,REIT - Specialty,United States,NYSE,67380029484.0,182.12,44.96,46.34,6,53.4,2031,False,-9.47,25.63,2.53,4.15,8.54,17.38,30.03,177.6266,174.8648,167.787,155.1496,140.0579,397698881,1255,2026-09-18,47.63,369976002.0
NASDAQ:PRLD,PRLD,Prelude Therapeutics Incorporated,Healthcare,Biotechnology,United States,NASDAQ,316146628.0,4.87,44.98,47.2,6,53.5,2032,False,-26.55,394.42,29.55,48.05,122.62,75.77,38.52,3.7591,3.2894,2.1876,2.7707,3.5158,2621110,1255,2026-09-18,37.72,64917172.0
NYSE:CI,CI,The Cigna Group,Healthcare,Healthcare Plans,United States,NYSE,72740120986.0,275.28,45.0,46.67,6,53.5,2033,False,-9.48,15.18,-0.58,-0.72,-4.93,-6.97,-4.81,276.8857,277.2804,289.5575,295.9041,289.1834,420402882,1255,2026-09-18,45.64,264240486.0
NYSE:GRNT,GRNT,"Granite Ridge Resources, Inc.",Energy,Oil & Gas E&P,United States,NYSE,646290351.0,4.9,45.0,48.48,6,53.5,2034,False,-16.15,24.38,1.15,1.06,-1.79,-2.31,-5.46,4.8445,4.8486,4.9893,5.0161,5.1833,8606057,1255,2026-09-18,46.82,131895990.0
NASDAQ:WYFI,WYFI,"WhiteFiber, Inc.",Technology,Information Technology Services,United States,NASDAQ,732511678.0,18.97,45.0,44.32,6,53.5,2035,False,-57.63,75.97,-11.92,-16.93,,,,21.5368,22.835,,,,37771466,281,2026-09-18,40.79,38614216.0
NASDAQ:DFTX,DFTX,"Definium Therapeutics, Inc.",Healthcare,Biotechnology,United States,NASDAQ,5151765688.0,38.81,45.01,46.78,6,53.6,2036,False,-19.9,329.31,48.51,67.37,154.29,218.76,287.36,26.1327,23.1886,15.2622,12.1754,10.0192,83969636,1255,2026-09-18,44.53,132743254.0
NYSE:KGS,KGS,"Kodiak Gas Services, Inc.",Energy,Oil & Gas Equipment & Services,United States,NYSE,5926967819.0,58.73,45.01,45.71,6,53.6,2037,True,-22.42,83.31,3.99,13.38,36.65,64.55,,56.4756,51.7978,42.978,35.6908,,114941535,809,2026-09-18,43.75,100918914.0
NASDAQ:RJET,RJET,Republic Airways Holdings Inc.,Industrials,Airlines,United States,NASDAQ,827945136.0,17.68,45.02,45.48,6,53.6,2038,True,-30.26,8.2,-7.36,-9.43,-1.27,3.27,-13.4,19.0845,19.5202,17.9074,17.1198,20.4149,1517075,1255,2026-09-18,40.66,46829476.0
NYSE:VST,VST,Vistra Corp.,Utilities,Utilities - Independent Power Producers,United States,NYSE,47431457774.0,140.67,45.04,45.71,6,53.6,2039,False,-35.18,4.57,-9.93,-13.98,-11.32,12.12,40.62,156.1812,163.5269,158.6268,125.4661,100.032,629800269,1255,2026-09-18,48.76,337182468.0
NASDAQ:CPBI,CPBI,"Central Plains Bancshares, Inc.",Financial Services,Banks - Regional,United States,NASDAQ,87085417.0,20.82,45.05,51.16,6,53.7,2040,False,-2.98,33.8,13.29,16.28,28.05,,,18.3776,17.9053,16.2587,,,52831,730,2026-09-18,65.47,4182777.0
NASDAQ:INDB,INDB,Independent Bank Corp.,Financial Services,Banks - Regional,United States,NASDAQ,3916155802.0,82.24,45.08,46.73,6,53.7,2041,False,-5.66,30.84,3.86,7.13,18.62,30.91,32.51,79.1869,76.7645,69.3324,62.8231,62.0622,27750120,1255,2026-09-18,46.03,47618626.0
NYSE:SKM,SKM,"SK Telecom Co., Ltd.",Communication Services,Telecom Services,South Korea,NYSE,13781583795.0,35.9,45.08,47.99,6,53.7,2042,False,-21.96,82.42,12.7,21.32,40.14,51.51,62.08,31.8553,29.591,25.6168,23.6956,22.1502,59409134,1255,2026-09-18,43.05,383888128.0
NASDAQ:PTC,PTC,PTC Inc.,Technology,Software - Application,United States,NASDAQ,15696081939.0,135.89,45.09,47.02,6,53.8,2043,False,-34.09,20.97,-7.5,-13.12,-19.45,-19.7,-14.62,146.9064,156.4177,168.7057,169.2358,159.1621,232102960,1255,2026-09-18,43.23,115505791.0
NASDAQ:SRTA,SRTA,"Strata Critical Medical, Inc.",Healthcare,Medical Care Facilities,United States,NASDAQ,462051884.0,5.34,45.09,46.54,6,53.8,2044,False,-17.47,32.51,3.9,4.78,21.62,34.78,35.85,5.1398,5.0964,4.3907,3.9621,3.9308,4478570,1255,2026-09-18,46.26,86526570.0
NYSE:KWY,KWY,Kingsway Corporation,Financial Services,Asset Management,United States,NYSE,276524687.0,9.66,45.13,46.74,6,53.8,2045,False,-40.11,12.2,-13.25,-17.78,-11.92,-3.64,1.2,11.1349,11.7492,10.967,10.0245,9.5458,382615,1255,2026-09-18,45.35,28625744.0
NASDAQ:OUST,OUST,"Ouster, Inc.",Technology,Electronic Components,United States,NASDAQ,2358683616.0,35.05,45.14,46.03,6,53.8,2046,False,-43.94,110.76,14.53,16.19,59.36,103.86,132.9,30.6023,30.167,21.9946,17.1929,15.0494,68954994,1255,2026-09-18,44.84,67294825.0
NYSE:RDDT,RDDT,"Reddit, Inc.",Communication Services,Internet Content & Information,United States,NYSE,21415517096.0,150.85,45.14,45.97,6,53.8,2047,False,-44.28,23.81,-12.55,-16.19,-7.02,,,172.507,179.995,162.2453,,,718400917,626,2026-09-18,46.54,141965642.0
NYSE:AKO.A,AKO-A,Embotelladora Andina S.A.,Consumer Defensive,Beverages - Non-Alcoholic,Chile,NYSE,1830840776.0,23.21,45.15,48.19,6,53.9,2048,False,-9.99,31.73,2.57,5.04,22.91,42.78,61.0,22.6278,22.0964,18.8837,16.2563,14.4164,14743,1255,2026-09-18,45.15,78881550.0
NYSE:OIS,OIS,"Oil States International, Inc.",Energy,Oil & Gas Equipment & Services,United States,NYSE,507313226.0,8.41,45.15,47.06,6,53.9,2049,True,-41.56,50.72,-8.37,-1.76,24.14,29.92,25.97,9.1785,8.5605,6.7746,6.4733,6.676,4410313,1255,2026-09-18,44.86,60322619.0
NASDAQ:AARD,AARD,"Aardvark Therapeutics, Inc.",Healthcare,Biotechnology,United States,NASDAQ,117736770.0,5.38,45.17,46.42,6,54.0,2050,False,-69.1,54.6,-30.73,-37.74,,,,7.7666,8.6413,,,,809721,401,2026-09-18,46.73,21884158.0
NYSE:AAT,AAT,"American Assets Trust, Inc.",Real Estate,REIT - Diversified,United States,NYSE,1347531045.0,21.95,45.17,44.14,6,54.0,2051,False,-13.78,29.57,7.21,9.49,8.52,11.39,13.13,20.4744,20.0476,20.2258,19.7064,19.4021,11359923,1255,2026-09-18,48.82,61390936.0
NASDAQ:CLYM,CLYM,"Climb Bio, Inc.",Healthcare,Biotechnology,United States,NASDAQ,804545473.0,14.05,45.17,48.18,6,54.0,2052,False,-21.24,756.71,51.37,80.77,178.83,187.13,216.63,9.2821,7.7723,5.0388,4.8933,4.4374,26688907,1255,2026-09-18,45.23,57263023.0
NASDAQ:HUMA,HUMA,"Humacyte, Inc.",Healthcare,Biotechnology,United States,NASDAQ,158007959.0,0.586,45.17,44.65,6,54.0,2053,False,-76.37,6.55,-35.54,-43.98,-73.01,-79.74,-80.32,0.9091,1.046,2.1709,2.893,2.9784,3202203,1255,2026-09-18,43.17,269638156.0
NASDAQ:SFST,SFST,"Southern First Bancshares, Inc.",Financial Services,Banks - Regional,United States,NASDAQ,583986240.0,61.68,45.17,47.65,6,54.0,2054,False,-4.52,49.89,6.75,11.74,32.58,49.65,55.06,57.781,55.1989,46.5238,41.2163,39.7775,6075409,1255,2026-09-18,45.82,9468000.0
AMEX:TGEN,TGEN,Tecogen Inc.,Industrials,Electrical Equipment & Parts,United States,AMEX,93344010.0,3.12,45.17,43.33,6,54.0,2055,False,-74.15,56.0,-26.89,-38.92,-28.48,-1.55,17.44,4.2678,5.1084,4.3622,3.1693,2.6566,493081,1255,2026-09-18,44.74,29917952.0
NYSE:UMH,UMH,"UMH Properties, Inc.",Real Estate,REIT - Residential,United States,NYSE,1336257600.0,15.69,45.17,48.12,6,54.0,2056,False,-5.82,17.73,3.43,5.21,0.53,4.66,7.54,15.1694,14.9131,15.6071,14.9913,14.5905,12263599,1255,2026-09-18,50.07,85166195.0
NYSE:FR,FR,"First Industrial Realty Trust, Inc.",Real Estate,REIT - Industrial,United States,NYSE,8192852203.0,61.8,45.18,45.1,6,54.1,2057,False,-10.25,25.99,1.85,4.61,14.03,19.83,23.26,60.6802,59.076,54.1967,51.5734,50.1392,56165607,1255,2026-09-18,50.55,132570424.0
NASDAQ:PTGX,PTGX,"Protagonist Therapeutics, Inc.",Healthcare,Biotechnology,United States,NASDAQ,9196526339.0,143.0,45.18,49.81,6,54.1,2058,False,-9.85,130.13,31.58,40.28,92.07,143.36,196.11,108.6765,101.9362,74.4535,58.7612,48.2927,85617566,1255,2026-09-18,46.34,64311373.0
NASDAQ:OCUL,OCUL,"Ocular Therapeutix, Inc.",Healthcare,Biotechnology,United States,NASDAQ,2187413976.0,9.99,45.19,48.26,6,54.2,2059,False,-37.99,45.2,1.09,-2.61,2.61,18.28,33.35,9.8825,10.2572,9.7359,8.446,7.4915,23524585,1255,2026-09-18,46.91,218960358.0
NASDAQ:PODD,PODD,Insulet Corporation,Healthcare,Medical Devices,United States,NASDAQ,9738613164.0,140.6,45.19,44.92,6,54.2,2060,False,-59.41,6.55,-30.28,-37.93,-44.23,-38.6,-41.74,201.6591,226.5053,252.1093,228.9752,241.3286,259191175,1255,2026-09-18,46.34,69264674.0
NYSE:VRT,VRT,"Vertiv Holdings, LLC",Industrials,Electrical Equipment & Parts,United States,NYSE,96012200464.0,249.39,45.21,45.09,6,54.2,2061,False,-33.68,80.1,-4.44,2.98,40.79,77.56,126.95,260.9728,242.1785,177.1328,140.4533,109.8895,1359815145,1255,2026-09-18,41.44,384988173.0
NYSE:VTEX,VTEX,VTEX,Technology,Software - Application,Cayman Islands,NYSE,328070976.0,3.64,45.21,45.07,6,54.2,2062,False,-21.72,26.83,-2.73,-5.51,-25.33,-34.71,-30.57,3.7423,3.8521,4.8749,5.5751,5.2427,2484207,1255,2026-09-18,45.99,90129389.0
NASDAQ:IDCC,IDCC,"InterDigital, Inc.",Technology,Software - Application,United States,NASDAQ,8336630561.0,323.05,45.22,49.5,6,54.3,2063,True,-17.96,29.16,1.76,-0.63,22.01,53.02,84.62,317.4743,325.0923,264.7731,211.116,174.9799,71283346,1255,2026-09-18,44.45,25806007.0
NYSE:AMP,AMP,"Ameriprise Financial, Inc.",Financial Services,Asset Management,United States,NYSE,48118772000.0,544.33,45.23,49.76,6,54.3,2064,False,-4.62,27.33,11.15,12.24,10.01,18.97,30.06,489.711,484.9734,494.8092,457.5361,418.5238,284291293,1255,2026-09-18,46.07,88400000.0
NYSE:KGC,KGC,Kinross Gold Corporation,Basic Materials,Gold,Canada,NYSE,33309641355.0,28.08,45.23,48.62,6,54.3,2065,False,-25.95,26.65,-4.83,-1.5,34.98,75.29,114.76,29.5046,28.5067,20.8035,16.0194,13.075,240860694,1255,2026-09-18,47.29,1186240789.0
NYSE:RYAN,RYAN,"Ryan Specialty Holdings, Inc.",Financial Services,Insurance - Specialty,United States,NYSE,5213681837.0,40.27,45.23,47.18,6,54.3,2066,True,-30.29,38.01,-0.98,-7.58,-26.27,-24.26,-19.64,40.6705,43.5718,54.6153,53.1658,50.1149,73908662,1255,2026-09-18,43.88,129468136.0
NASDAQ:CHYM,CHYM,"Chime Financial, Inc.",Technology,Software - Application,United States,NASDAQ,10581738160.0,30.33,45.24,50.94,6,54.4,2067,False,-12.21,84.49,29.83,34.01,,,,23.361,22.6327,,,,254950007,319,2026-09-18,46.72,348886850.0
NYSE:DXC,DXC,DXC Technology Company,Technology,Information Technology Services,United States,NYSE,1747225235.0,10.78,45.24,48.57,6,54.4,2068,False,-30.14,31.14,-8.94,-11.24,-27.97,-36.08,-43.69,11.8387,12.1448,14.9656,16.8637,19.1435,28584402,1255,2026-09-18,53.88,162080263.0
NYSE:KMT,KMT,Kennametal Inc.,Industrials,Tools & Accessories,United States,NYSE,2268774766.0,29.77,45.24,44.14,6,54.4,2069,False,-30.39,49.16,-12.58,-6.3,10.0,16.24,18.47,34.0542,31.7712,27.0641,25.6116,25.1287,42750545,1255,2026-09-18,45.76,76210103.0
NASDAQ:EQIX,EQIX,"Equinix, Inc.",Real Estate,REIT - Specialty,United States,NASDAQ,100777339779.0,1021.34,45.25,46.35,6,54.5,2070,False,-8.04,42.81,5.81,10.11,15.81,21.95,29.19,965.2768,927.5231,881.9231,837.5343,790.5867,549856026,1255,2026-09-18,46.45,98671686.0
NASDAQ:VIAV,VIAV,Viavi Solutions Inc.,Technology,Communication Equipment,United States,NASDAQ,8722804478.0,35.36,45.25,45.34,6,54.5,2071,False,-36.09,189.6,-0.91,12.77,69.93,111.64,131.35,35.6839,31.3557,20.8087,16.7078,15.2841,160491816,1255,2026-09-18,43.48,246685647.0
NYSE:GMRS,GMRS,GMR Solutions Inc.,Healthcare,Medical Care Facilities,United States,NYSE,676766739.0,12.53,45.27,46.3,6,54.5,2072,False,-20.39,18.43,,,,,,,,,,,12429802,89,2026-09-18,46.39,54011711.0
NASDAQ:MNSB,MNSB,"MainStreet Bancshares, Inc.",Financial Services,Banks - Regional,United States,NASDAQ,175587195.0,24.67,45.29,49.19,6,54.5,2073,False,-3.67,38.68,8.42,12.25,23.48,27.8,21.73,22.7544,21.9783,19.9786,19.3041,20.2654,716767,1255,2026-09-18,49.92,7117438.0
NYSE:ECG,ECG,"Everus Construction Group, Inc.",Industrials,Engineering & Construction,United States,NYSE,5919295048.0,115.97,45.31,44.5,6,54.6,2074,False,-31.44,46.28,-5.15,0.71,,,,122.2614,115.1519,,,,54312229,474,2026-09-18,41.9,51041606.0
NYSE:MAIN,MAIN,Main Street Capital Corporation,Financial Services,Asset Management,United States,NYSE,5225098997.0,56.19,45.31,49.4,6,54.6,2075,False,-8.66,16.12,2.57,2.33,5.44,16.67,29.25,54.7838,54.9104,53.2889,48.1617,43.4746,24806224,1255,2026-09-18,51.91,92989838.0
NYSE:OPY,OPY,"Oppenheimer Holdings, Inc. Class A Common Stock (DE)",Financial Services,Capital Markets,United States,NYSE,1221762518.0,115.17,45.31,48.85,6,54.6,2076,False,-7.67,82.78,19.26,26.91,51.5,79.37,100.64,96.5698,90.7486,76.0191,64.2082,57.4021,13359422,1255,2026-09-18,43.48,10608340.0
NASDAQ:STLD,STLD,"Steel Dynamics, Inc.",Basic Materials,Steel,United States,NASDAQ,33719365983.0,235.26,45.31,46.47,6,54.6,2077,False,-16.61,74.94,10.34,17.66,44.06,58.68,73.34,213.2183,199.9521,163.3024,148.2567,135.7206,276091633,1255,2026-09-18,53.8,143328088.0
NASDAQ:ACRV,ACRV,"Acrivon Therapeutics, Inc.",Healthcare,Biotechnology,United States,NASDAQ,79183199.0,1.85,45.32,47.72,6,54.7,2078,False,-38.54,43.41,0.75,-0.99,-37.86,-55.8,,1.8361,1.8685,2.9773,4.1853,,556955,963,2026-09-18,36.03,42801729.0
NASDAQ:IBIO,IBIO,"iBio, Inc.",Healthcare,Biotechnology,United States,NASDAQ,63588558.0,1.28,45.32,43.52,6,54.7,2079,False,-58.31,62.03,-30.66,-24.21,-32.34,-40.37,-85.95,1.8461,1.6888,1.8918,2.1464,9.1086,751846,1255,2026-09-18,41.04,49678561.0
NYSE:CODI,CODI,D/B/A Compass Diversified Holdings Shares of Beneficial Interest,Industrials,Conglomerates,United States,NYSE,829852705.0,11.03,45.33,48.28,6,54.7,2080,False,-13.22,137.2,23.12,29.61,-8.19,-25.38,-29.23,8.9584,8.5103,12.0144,14.7821,15.5856,6211478,1255,2026-09-18,46.28,75235966.0
NASDAQ:ISTR,ISTR,Investar Holding Corporation,Financial Services,Banks - Regional,United States,NASDAQ,414837062.0,30.11,45.33,48.57,6,54.7,2081,False,-3.18,41.64,5.67,9.92,27.74,47.1,56.39,28.4935,27.3919,23.571,20.4684,19.253,3023641,1255,2026-09-18,47.71,13777385.0
NYSE:SLVM,SLVM,Sylvamo Corporation,Basic Materials,Paper & Paper Products,United States,NYSE,1413414358.0,35.57,45.35,45.22,6,54.8,2082,False,-33.55,3.04,-15.05,-15.18,-32.36,-32.99,-28.68,41.8703,41.9376,52.5859,53.0784,49.8747,9103571,1252,2026-09-18,52.95,39736136.0
NASDAQ:CZR,CZR,"Caesars Entertainment, Inc.",Consumer Cyclical,Resorts & Casinos,United States,NASDAQ,6038271826.0,29.64,45.36,49.02,6,54.8,2083,False,-2.53,63.4,10.39,14.12,1.89,-10.36,-19.2,26.8496,25.973,29.0902,33.0638,36.6831,98723732,1255,2026-09-18,47.68,203720372.0
NYSE:DBRG,DBRG,"DigitalBridge Group, Inc.",Financial Services,Asset Management,United States,NYSE,2933528010.0,15.88,45.36,49.08,6,54.8,2084,False,-0.63,73.51,3.13,9.0,23.04,14.26,15.38,15.3978,14.5682,12.906,13.8981,13.763,75758367,1255,2026-09-18,50.6,184730983.0
NASDAQ:ALNY,ALNY,"Alnylam Pharmaceuticals, Inc.",Healthcare,Biotechnology,United States,NASDAQ,32055312308.0,239.56,45.37,45.7,6,54.9,2085,False,-51.23,16.59,-23.26,-29.92,-24.79,-12.58,-6.67,312.1705,341.8283,318.5326,274.0427,256.6915,419496689,1255,2026-09-18,49.04,133809118.0
NYSE:OVV,OVV,Ovintiv Inc. (DE),Energy,Oil & Gas E&P,United States,NYSE,17251542000.0,62.37,45.37,49.01,6,54.9,2086,False,-6.87,77.39,17.04,24.38,40.35,41.47,44.49,53.2902,50.1465,44.4403,44.0881,43.1645,210650238,1255,2026-09-18,47.35,276600000.0
NYSE:SBH,SBH,"Sally Beauty Holdings, Inc. (Name to be changed from Sally Holdings, Inc.)",Consumer Cyclical,Specialty Retail,United States,NYSE,1478295991.0,15.79,45.39,49.1,6,54.9,2087,False,-7.12,33.59,6.51,6.05,22.33,28.53,26.65,14.8245,14.8887,12.9076,12.2854,12.4674,19210632,1255,2026-09-18,45.69,93622292.0
NASDAQ:PCTY,PCTY,Paylocity Holding Corporation,Technology,Software - Application,United States,NASDAQ,7695887456.0,143.73,45.4,50.31,6,54.9,2088,False,-14.47,51.14,14.77,10.1,-9.92,-10.2,-15.76,125.2367,130.55,159.5502,160.0546,170.618,89747778,1255,2026-09-18,49.11,53544058.0
NASDAQ:CDZI,CDZI,"Cadiz, Inc.",Utilities,Utilities - Regulated Water,United States,NASDAQ,299347178.0,3.56,45.42,46.89,6,55.0,2089,True,-48.55,19.46,-23.48,-25.05,-14.02,-4.93,-3.62,4.6526,4.7498,4.1405,3.7448,3.6937,3881386,1255,2026-09-18,39.02,84086286.0
NASDAQ:FSUN,FSUN,FirstSun Capital Bancorp,Financial Services,Banks - Regional,United States,NASDAQ,1839752174.0,39.34,45.43,49.52,6,55.0,2090,False,-4.98,30.44,4.36,5.03,4.18,7.07,11.73,37.6959,37.4567,37.7618,36.7423,35.2106,14384003,1036,2026-09-18,46.42,46765434.0
NASDAQ:NVEC,NVEC,NVE Corporation,Technology,Semiconductors,United States,NASDAQ,486473785.0,100.57,45.43,46.81,6,55.0,2091,False,-24.42,81.35,19.59,25.82,37.83,40.66,45.32,84.0926,79.9307,72.9665,71.4972,69.2051,11004973,1255,2026-09-18,45.39,4837166.0
NASDAQ:PCRX,PCRX,"Pacira BioSciences, Inc.",Healthcare,Drug Manufacturers - Specialty & Generic,United States,NASDAQ,971500244.0,24.69,45.43,47.3,6,55.0,2092,True,-10.61,28.86,3.34,3.74,7.12,1.13,-14.73,23.892,23.8005,23.0489,24.4149,28.9548,13622889,1255,2026-09-18,43.39,39347924.0
NASDAQ:VNDA,VNDA,Vanda Pharmaceuticals Inc.,Healthcare,Biotechnology,United States,NASDAQ,308495433.0,5.13,45.43,45.18,6,55.0,2093,False,-46.34,18.75,-22.01,-17.88,-5.57,-0.71,-10.64,6.578,6.2466,5.4328,5.1666,5.7407,3928347,1255,2026-09-18,44.64,60135562.0
NASDAQ:MNTS,MNTS,Momentus Inc.,Industrials,Aerospace & Defense,United States,NASDAQ,78733707.0,4.18,45.44,43.87,6,55.1,2094,False,-86.31,29.41,-38.26,-56.23,-89.71,-96.82,-99.82,6.7707,9.5489,40.6242,131.3692,2356.89,2465195,1255,2026-09-18,49.57,18835815.0
AMEX:FURY,FURY,Fury Gold Mines Limited,Basic Materials,Gold,Canada,AMEX,109135880.0,0.574,45.46,47.82,6,55.1,2095,False,-39.26,14.34,-6.29,-6.63,8.55,17.73,19.36,0.6126,0.6148,0.5288,0.4876,0.4809,196745,1255,2026-09-18,43.78,190132195.0
AMEX:GLDG,GLDG,GoldMining Inc.,Basic Materials,Gold,Canada,AMEX,216947160.0,1.01,45.46,48.17,6,55.1,2096,False,-52.8,23.17,-17.18,-19.35,-3.84,2.26,1.36,1.2195,1.2524,1.0503,0.9877,0.9965,745922,1255,2026-09-18,46.92,214799168.0
NASDAQ:RBCAA,RBCAA,"Republic Bancorp, Inc.",Financial Services,Banks - Regional,United States,NASDAQ,1640415914.0,93.84,45.46,49.16,6,55.1,2097,True,-6.26,48.04,18.53,22.23,30.59,46.65,62.69,79.168,76.7762,71.8573,63.9893,57.679,11166397,1255,2026-09-18,43.01,17480988.0
NASDAQ:PUSA,PUSA,Aureus Greenway Holdings Inc.,Consumer Cyclical,Leisure,United States,NASDAQ,94033101.0,3.49,45.47,46.88,6,55.2,2098,False,-55.34,73.63,-11.68,-14.67,,,,3.9517,4.0898,,,,2189549,402,2026-09-18,50.98,26943582.0
NYSE:SAN,SAN,"Banco Santander, S.A. Sponsored ADR (Spain)",Financial Services,Banks - Diversified,Spain,NYSE,204405248594.0,14.31,45.47,48.82,6,55.2,2099,False,-4.92,50.12,13.5,18.38,53.87,89.01,122.65,12.6083,12.0884,9.3001,7.5708,6.427,150419354,1255,2026-09-18,54.72,14284084458.0
NASDAQ:BULL,BULL,Webull Corporation,Technology,Software - Application,United States,NASDAQ,3695667195.0,8.25,45.49,48.78,6,55.3,2100,False,-46.95,78.19,14.99,2.89,-21.49,-22.71,-22.13,7.1746,8.0183,10.5084,10.6737,10.5951,155831781,1023,2026-09-18,37.65,447959660.0
NASDAQ:MNST,MNST,Monster Beverage Corporation,Consumer Defensive,Beverages - Non-Alcoholic,United States,NASDAQ,43726742598.0,44.71,45.49,45.59,6,55.3,2101,True,-10.53,39.76,6.2,10.29,29.81,40.28,46.6,42.1016,40.5376,34.4422,31.8712,30.4971,435372373,1255,2026-09-18,43.78,978008110.0
NYSE:VSXY,VSXY,Victorias Secret & Co.,Consumer Cyclical,Apparel Retail,United States,NYSE,6194789740.0,77.93,45.49,46.36,6,55.3,2102,False,-22.05,204.89,20.66,34.49,84.21,121.18,128.2,64.5841,57.9457,42.3058,35.233,34.1498,171617020,1255,2026-09-18,44.71,79491720.0
NASDAQ:LRCX,LRCX,Lam Research Corporation,Technology,Semiconductor Equipment & Materials,United States,NASDAQ,360505704580.0,288.11,45.52,45.88,6,55.3,2103,False,-33.51,129.34,7.9,19.04,77.57,112.5,152.07,267.0084,242.0198,162.249,135.5811,114.2989,2497880317,1255,2026-09-18,36.08,1251278000.0
NYSE:MSI,MSI,"Motorola Solutions, Inc.",Technology,Communication Equipment,United States,NYSE,76137193596.0,458.67,45.52,50.03,6,55.3,2104,False,-6.39,27.23,8.05,8.33,6.35,14.81,25.94,424.502,423.407,431.2681,399.517,364.2,457336699,1255,2026-09-18,46.21,165995582.0
NYSE:NTB,NTB,Bank of N.T. Butterfield & Son Limited (The) Voting,Financial Services,Banks - Diversified,Bermuda,NYSE,2353264617.0,59.41,45.53,47.38,6,55.4,2105,False,-7.04,48.74,8.63,13.66,31.37,49.31,63.72,54.6907,52.2688,45.2238,39.7897,36.2873,9221658,1255,2026-09-18,43.72,39610581.0
NYSE:SXC,SXC,"SunCoke Energy, Inc.",Basic Materials,Coking Coal,United States,NYSE,805462326.0,9.49,45.53,49.83,6,55.4,2106,False,-10.22,72.16,23.26,25.04,18.52,14.95,19.89,7.6993,7.5896,8.0074,8.2554,7.9156,10323788,1255,2026-09-18,48.89,84874850.0
NASDAQ:AVGO,AVGO,Broadcom Inc.,Technology,Semiconductors,United States,NASDAQ,1701358254607.0,357.61,45.54,45.06,6,55.4,2107,False,-25.62,22.07,-2.93,-1.9,22.01,51.27,85.38,368.3861,364.5276,293.1026,236.4069,192.9057,9627409344,1255,2026-09-18,38.55,4757580198.0
NYSE:GDOT,GDOT,"Green Dot Corporation Class A Common Stock, $0.001 par value",Financial Services,Credit Services,United States,NYSE,746511225.0,13.17,45.54,47.53,6,55.4,2108,False,-13.64,25.07,4.62,4.72,15.72,21.14,4.46,12.589,12.5763,11.3806,10.8721,12.6077,3910112,1255,2026-09-18,45.91,56682705.0
NYSE:BBDC,BBDC,"Barings BDC, Inc.",Financial Services,Asset Management,United States,NYSE,915138166.0,8.74,45.56,49.09,6,55.5,2109,False,-4.85,17.02,5.57,6.68,9.02,14.33,23.03,8.2786,8.1927,8.017,7.6447,7.1042,6156489,1255,2026-09-18,54.1,104706884.0
AMEX:GENC,GENC,"Gencor Industries, Inc.",Industrials,Farm & Heavy Construction Machinery,United States,AMEX,213955572.0,17.34,45.56,49.73,6,55.5,2110,True,-13.3,41.78,14.97,16.92,12.27,8.36,14.42,15.0826,14.8309,15.445,16.0015,15.1541,1296108,1255,2026-09-18,41.32,12338845.0
NYSE:INVX,INVX,"Innovex International, Inc.",Energy,Oil & Gas Equipment & Services,United States,NYSE,2010827203.0,28.8,45.56,48.7,6,55.5,2111,False,-8.95,67.34,9.35,15.35,40.94,40.18,31.28,26.3382,24.9677,20.4341,20.5447,21.9375,26939774,1255,2026-09-18,47.87,69820389.0
NASDAQ:WSFS,WSFS,WSFS Financial Corporation,Financial Services,Banks - Regional,United States,NASDAQ,4049374400.0,78.8,45.56,48.67,6,55.5,2112,False,-4.01,58.23,13.57,19.23,32.2,45.9,55.36,69.3862,66.0912,59.6058,54.0081,50.721,29195618,1255,2026-09-18,48.02,51388000.0
NYSE:HLI,HLI,"Houlihan Lokey, Inc.",Financial Services,Capital Markets,United States,NYSE,7075488586.0,130.55,45.57,46.81,6,55.6,2113,False,-36.5,6.36,-13.27,-17.38,-20.88,-13.18,-3.03,150.5293,158.0127,165.0047,150.3692,134.6317,108159126,1255,2026-09-18,49.53,54197538.0
NYSE:PK,PK,Park Hotels & Resorts Inc.,Real Estate,REIT - Hotel & Motel,United States,NYSE,3018413907.0,14.99,45.57,49.17,6,55.6,2114,False,-7.3,62.52,22.68,27.16,32.89,30.98,38.85,12.219,11.7883,11.2799,11.4442,10.7962,55759986,1255,2026-09-18,46.84,201361835.0
NASDAQ:GEN,GEN,Gen Digital Inc.,Technology,Software - Infrastructure,United States,NASDAQ,17364720656.0,29.01,45.58,50.1,6,55.6,2115,False,-7.64,63.75,17.99,16.09,10.56,18.07,25.83,24.5869,24.989,26.2393,24.5711,23.0541,195591571,1255,2026-09-18,53.98,598577065.0
NYSE:HIMS,HIMS,"Hims & Hers Health, Inc.",Healthcare,Drug Manufacturers - Specialty & Generic,United States,NYSE,6244011215.0,27.99,45.59,46.55,6,55.7,2116,True,-55.4,92.77,0.03,-12.78,-20.12,1.27,23.29,27.9825,32.0899,35.0382,27.6385,22.7033,283860645,1255,2026-09-18,45.14,223080072.0
NYSE:LZM,LZM,Lifezone Metals Limited,Basic Materials,Other Industrial Metals & Mining,Isle of Man,NYSE,347969336.0,3.87,45.6,47.43,6,55.7,2117,False,-36.56,28.57,-10.99,-13.16,-19.98,-34.53,-45.84,4.3479,4.4563,4.8361,5.9111,7.1452,1489839,1196,2026-09-18,44.9,89914557.0
NASDAQ:TORO,TORO,Toro Corp.,Energy,Oil & Gas Midstream,Cyprus,NASDAQ,206664793.0,5.98,45.61,51.01,6,55.7,2118,False,-11.8,231.2,34.67,49.77,113.9,114.12,,4.4406,3.9928,2.7958,2.7928,,194214,890,2026-09-18,52.76,34559330.0
AMEX:MAIA,MAIA,"MAIA Biotechnology, Inc.",Healthcare,Biotechnology,United States,AMEX,79648993.0,1.31,45.62,46.9,6,55.7,2119,False,-55.59,50.4,-12.32,-10.44,-23.7,-31.48,-41.0,1.4941,1.4626,1.7168,1.9119,2.2202,725345,1040,2026-09-18,55.68,60800758.0
NASDAQ:ALRS,ALRS,Alerus Financial Corporation,Financial Services,Banks - Regional,United States,NASDAQ,818285441.0,32.75,45.66,49.95,6,55.8,2120,False,-4.02,61.44,20.28,26.14,42.56,52.34,60.24,27.2279,25.9632,22.9725,21.4984,20.4376,5098482,1255,2026-09-18,46.06,24985815.0
NYSE:GGT,GGT,"Gabelli Multi-Media Trust, Inc. (The)",Financial Services,Asset Management,United States,NYSE,165566147.0,3.96,45.66,47.52,6,55.8,2121,False,-3.32,22.32,4.41,6.84,13.63,16.36,18.85,3.7928,3.7065,3.485,3.4032,3.3319,1804935,1255,2026-09-18,47.48,41809633.0
NYSE:GTES,GTES,Gates Industrial Corporation Ltd.,Industrials,Specialty Industrial Machinery,United States,NYSE,6483201464.0,25.61,45.67,46.29,6,55.9,2122,False,-14.18,21.72,1.9,2.93,11.21,26.23,39.88,25.1322,24.8812,23.0284,20.2882,18.3081,48741364,1255,2026-09-18,47.0,253151170.0
NYSE:SOC,SOC,Sable Offshore Corp.,Energy,Oil & Gas Drilling,United States,NYSE,874154608.0,4.56,45.67,44.28,6,55.9,2123,True,-81.38,48.05,-52.01,-55.01,-73.43,-70.9,-68.07,9.502,10.135,17.1645,15.6682,14.2834,37079637,1255,2026-09-18,41.25,191700572.0
NYSE:VG,VG,"Venture Global, Inc.",Energy,Oil & Gas Midstream,United States,NYSE,7230865079.0,14.02,45.67,49.22,6,55.9,2124,False,-19.7,138.1,20.01,23.71,,,,11.6828,11.333,,,,203446695,415,2026-09-18,49.52,515753572.0
NASDAQ:ACT,ACT,"Enact Holdings, Inc.",Financial Services,Insurance - Specialty,United States,NASDAQ,6763656095.0,48.45,45.69,51.0,6,56.0,2125,False,-3.24,41.65,12.91,16.6,28.31,40.24,53.99,42.9117,41.5508,37.7605,34.5476,31.4637,21866364,1255,2026-09-18,45.98,139600745.0
NASDAQ:AFRM,AFRM,"Affirm Holdings, Inc.",Financial Services,Credit Services,United States,NASDAQ,20961219009.0,71.21,45.69,46.72,6,56.0,2126,True,-22.75,67.43,6.77,4.5,11.78,33.61,63.02,66.692,68.1429,63.7065,53.2983,43.6814,437764673,1255,2026-09-18,43.56,294357801.0
NASDAQ:BMRN,BMRN,BioMarin Pharmaceutical Inc.,Healthcare,Biotechnology,United States,NASDAQ,12358606966.0,63.94,45.69,49.38,6,56.0,2127,False,-8.97,28.73,9.65,11.41,6.06,-7.57,-15.44,58.3145,57.3896,60.2852,69.177,75.6177,125160490,1255,2026-09-18,50.21,193284438.0
NYSE:CNNE,CNNE,"Cannae Holdings, Inc.",Consumer Cyclical,Restaurants,United States,NYSE,657349970.0,14.96,45.69,48.96,6,56.0,2128,False,-20.11,43.5,7.44,2.92,-8.56,-11.44,-14.33,13.9235,14.5349,16.3598,16.8924,17.4628,8161387,1255,2026-09-18,51.93,43940506.0
NASDAQ:GDYN,GDYN,"Grid Dynamics Holdings, Inc.",Technology,Information Technology Services,United States,NASDAQ,615753027.0,7.59,45.69,50.72,6,56.0,2129,False,-24.55,45.68,6.23,3.06,-32.2,-33.85,-34.37,7.1448,7.3643,11.1955,11.4745,11.5652,8022659,1255,2026-09-18,59.12,81126881.0
NASDAQ:ELTK,ELTK,Eltek Ltd.,Technology,Electronic Components,Israel,NASDAQ,53766616.0,8.0,45.7,46.2,6,56.1,2130,False,-30.74,5.26,-8.44,-12.43,-17.18,-22.1,-11.39,8.7371,9.1359,9.6596,10.269,9.0281,132192,1255,2026-09-18,53.96,6720827.0
NASDAQ:PHOE,PHOE,Phoenix Asia Holdings Limited,Industrials,Engineering & Construction,Hong Kong,NASDAQ,421200000.0,19.5,45.7,47.39,6,56.1,2131,False,-85.35,129.41,6.76,11.3,,,,18.2647,17.5199,,,,531332,352,2026-09-18,49.65,21600000.0
NYSE:MSCI,MSCI,MSCI Inc.,Financial Services,Financial Data & Stock Exchanges,United States,NYSE,40193649000.0,552.87,45.71,45.74,6,56.1,2132,False,-13.82,9.22,-2.86,-2.34,-2.07,1.18,4.54,569.1219,566.1245,564.5336,546.4383,528.8596,270884975,1255,2026-09-18,43.56,72700000.0
NASDAQ:PLUG,PLUG,"Plug Power, Inc.",Industrials,Electrical Equipment & Parts,United States,NASDAQ,2915694381.0,2.09,45.71,45.18,6,56.1,2133,False,-49.52,16.76,-15.67,-17.52,-1.02,-21.67,-60.56,2.4785,2.534,2.1115,2.668,5.2992,113101883,1255,2026-09-18,47.48,1395069082.0
NASDAQ:TVTX,TVTX,"Travere Therapeutics, Inc.",Healthcare,Biotechnology,United States,NASDAQ,5836234718.0,62.76,45.72,50.26,6,56.1,2134,False,-7.05,162.59,43.47,53.56,113.46,181.61,190.85,43.7458,40.8687,29.4017,22.2865,21.5779,89958138,1255,2026-09-18,51.8,92992905.0
NASDAQ:OPRX,OPRX,OptimizeRx Corporation,Healthcare,Health Information Services,United States,NASDAQ,136797397.0,7.29,45.73,49.46,6,56.2,2135,False,-66.37,60.57,-9.03,-27.66,-24.56,-27.76,-35.76,8.0134,10.0769,9.6636,10.0909,11.3475,1066891,1255,2026-09-18,51.45,18765075.0
NASDAQ:CURR,CURR,Currenc Group Inc.,Technology,Software - Application,Singapore,NASDAQ,358179213.0,3.19,45.75,47.42,6,56.2,2136,True,-28.95,131.16,15.73,20.56,47.34,,,2.7563,2.646,2.1651,,,2360978,513,2026-09-18,43.84,112281885.0
NASDAQ:GANX,GANX,"Gain Therapeutics, Inc.",Healthcare,Biotechnology,United States,NASDAQ,75071107.0,1.76,45.76,46.84,6,56.2,2137,False,-57.89,11.39,-16.71,-17.22,-13.22,-22.49,-34.7,2.113,2.126,2.0281,2.2707,2.6951,624365,1255,2026-09-18,47.34,42654038.0
NASDAQ:FIVE,FIVE,"Five Below, Inc.",Consumer Cyclical,Specialty Retail,United States,NASDAQ,12946853483.0,234.14,45.77,49.62,6,56.3,2138,False,-10.88,69.07,10.35,16.95,54.04,54.14,46.92,212.181,200.2033,151.9959,151.902,159.3637,330428837,1255,2026-09-18,47.64,55295351.0
NASDAQ:FNWD,FNWD,Finward Bancorp,Financial Services,Banks - Regional,United States,NASDAQ,184499225.0,42.58,45.77,51.46,6,56.3,2139,False,-5.7,41.24,14.96,17.47,30.87,44.86,47.02,37.0386,36.2469,32.5357,29.3942,28.9614,528117,1255,2026-09-18,46.62,4333002.0
NYSE:MUSA,MUSA,Murphy USA Inc.,Consumer Cyclical,Specialty Retail,United States,NYSE,9717242672.0,526.09,45.77,45.43,6,56.3,2140,False,-15.43,48.28,5.58,11.24,12.86,17.51,29.72,498.2799,472.9411,466.1367,447.6799,405.5467,153198114,1255,2026-09-18,44.27,18470685.0
NASDAQ:IMDX,IMDX,Insight Molecular Diagnostics Inc.,Healthcare,Diagnostics & Research,United States,NASDAQ,129160668.0,4.0,45.8,45.14,6,56.3,2141,False,-52.83,56.86,-22.36,-22.7,0.21,9.12,-13.59,5.1519,5.1745,3.9918,3.6656,4.6291,706945,1255,2026-09-18,44.61,32290167.0
NASDAQ:ZVRA,ZVRA,"Zevra Therapeutics, Inc.",Healthcare,Biotechnology,United States,NASDAQ,686326125.0,11.61,45.8,47.81,6,56.3,2142,False,-21.29,51.37,11.33,12.91,22.82,42.91,56.78,10.4288,10.2826,9.4526,8.1242,7.4052,10762986,1255,2026-09-18,49.27,59115084.0
NYSE:CIEN,CIEN,Ciena Corporation,Technology,Communication Equipment,United States,NYSE,49373659194.0,348.8,45.81,44.93,6,56.4,2143,False,-44.37,154.28,-9.12,2.46,66.65,123.93,171.9,383.7849,340.4412,209.2948,155.7636,128.2814,915161514,1255,2026-09-18,44.44,141552922.0
NASDAQ:MOVE,MOVE,"Corvex, Inc.",Technology,Software - Infrastructure,United States,NASDAQ,304269552.0,11.01,45.81,45.75,6,56.4,2144,True,-54.99,213.45,-11.66,-0.4,-31.43,-66.22,-83.55,12.4639,11.0543,16.0568,32.5976,66.9236,6699601,1255,2026-09-18,40.48,27635745.0
NASDAQ:BYRN,BYRN,"Byrna Technologies, Inc.",Industrials,Aerospace & Defense,United States,NASDAQ,83511550.0,3.68,45.82,44.1,6,56.4,2145,False,-86.68,15.72,-58.82,-67.45,-78.39,-74.39,-70.29,8.9373,11.3074,17.0267,14.3706,12.3885,1105522,1255,2026-09-18,49.1,22693356.0
NASDAQ:SYBT,SYBT,"Stock Yards Bancorp, Inc.",Financial Services,Banks - Regional,United States,NASDAQ,2465867160.0,79.37,45.84,47.6,6,56.5,2146,False,-9.84,28.37,10.18,11.78,11.81,26.67,31.74,72.034,71.0026,70.9849,62.6598,60.2466,12799191,1255,2026-09-18,47.74,31068000.0
NASDAQ:DSP,DSP,Viant Technology Inc.,Technology,Software - Application,United States,NASDAQ,237857867.0,11.88,45.85,47.14,6,56.5,2147,True,-15.68,45.95,2.55,7.28,-8.02,4.01,22.55,11.5848,11.0741,12.9156,11.4219,9.6937,4952452,1255,2026-09-18,28.97,20021706.0
NYSE:SMA,SMA,"SmartStop Self Storage REIT, Inc.",Real Estate,REIT - Industrial,United States,NYSE,1803247658.0,32.57,45.86,46.74,6,56.5,2148,False,-11.27,12.17,2.5,1.33,,,,31.7752,32.1424,,,,25715340,368,2026-09-18,47.31,55365295.0
NASDAQ:SLDB,SLDB,Solid Biosciences Inc.,Healthcare,Biotechnology,United States,NASDAQ,877185989.0,8.91,45.88,48.06,6,56.5,2149,False,-20.09,126.72,18.87,26.31,49.19,39.84,43.07,7.4957,7.0542,5.9722,6.3715,6.2279,10380005,1255,2026-09-18,45.29,98449606.0
NYSE:BTI,BTI,"British American Tobacco Industries, p.l.c. Common Stock ADR",Consumer Defensive,Tobacco,United Kingdom,NYSE,120421165851.0,55.83,45.89,45.33,6,56.6,2150,False,-15.13,15.49,-3.93,-1.41,16.0,36.3,48.0,58.1139,56.6308,48.1301,40.9621,37.7238,296113863,1255,2026-09-18,46.92,2156925772.0
NASDAQ:SBCF,SBCF,Seacoast Banking Corporation of Florida,Financial Services,Banks - Regional,United States,NASDAQ,3262935100.0,33.7,45.89,48.53,6,56.6,2151,True,-6.21,19.81,5.08,6.55,16.4,25.27,27.99,32.0712,31.6277,28.9523,26.9012,26.3296,26762875,1255,2026-09-18,45.24,96823000.0
NASDAQ:SGA,SGA,"Saga Communications, Inc.",Communication Services,Broadcasting,United States,NASDAQ,56575676.0,8.89,45.89,46.65,6,56.6,2152,False,-27.13,5.83,-12.92,-15.21,-18.26,-29.66,-34.32,10.2091,10.4851,10.8762,12.6384,13.5344,137986,1255,2026-09-18,51.03,6363968.0
NYSE:TYL,TYL,"Tyler Technologies, Inc.",Technology,Software - Application,United States,NYSE,13821392475.0,337.5,45.89,49.11,6,56.6,2153,False,-37.05,22.61,-4.15,-11.45,-30.01,-28.64,-23.93,352.1004,381.1264,482.1891,472.9795,443.6805,371053777,1255,2026-09-18,47.74,40952274.0
NYSE:RS,RS,"Reliance, Inc.",Basic Materials,Steel,United States,NYSE,19918934633.0,390.15,45.9,47.35,6,56.7,2154,False,-8.85,48.92,11.43,16.7,25.46,30.18,39.1,350.132,334.332,310.9659,299.6909,280.4888,132013332,1255,2026-09-18,52.99,51054555.0
NASDAQ:ATLC,ATLC,Atlanticus Holdings Corporation,Financial Services,Credit Services,United States,NASDAQ,1406276081.0,93.02,45.93,47.08,6,56.7,2155,False,-16.79,93.95,21.68,28.26,49.02,79.2,99.0,76.4434,72.5241,62.4222,51.9085,46.744,11663463,1255,2026-09-18,50.21,15117997.0
NYSE:CSAN,CSAN,Cosan S.A. ADS,Energy,Oil & Gas Refining & Marketing,Brazil,NYSE,2711751944.0,2.75,45.93,46.29,6,56.7,2156,False,-53.23,14.58,-25.93,-29.6,-43.88,-62.28,-68.06,3.7127,3.9064,4.8998,7.2906,8.611,8310343,1255,2026-09-18,48.32,986091616.0
NASDAQ:DCBO,DCBO,Docebo Inc.,Technology,Software - Application,Canada,NASDAQ,586085412.0,23.09,45.94,50.13,6,56.7,2157,False,-24.59,57.07,16.65,10.05,-19.73,-31.35,-32.04,19.7942,20.9809,28.7645,33.6333,33.9759,1318835,1255,2026-09-18,49.72,25382651.0
NASDAQ:KMTS,KMTS,"Kestra Medical Technologies, Ltd.",Healthcare,Medical Instruments & Supplies,United States,NASDAQ,1431674246.0,24.43,45.95,47.72,6,56.8,2158,False,-13.83,36.71,3.97,2.23,,,,23.498,23.8981,,,,9852949,387,2026-09-18,45.44,58603121.0
NYSE:OHI,OHI,"Omega Healthcare Investors, Inc.",Real Estate,REIT - Healthcare Facilities,United States,NYSE,13956519260.0,46.66,45.96,46.96,6,56.8,2159,False,-8.56,25.57,2.66,5.25,17.34,30.62,43.5,45.4497,44.3312,39.7637,35.7213,32.5163,93183397,1255,2026-09-18,53.1,299111000.0
NASDAQ:UCTT,UCTT,"Ultra Clean Holdings, Inc.",Technology,Semiconductor Equipment & Materials,United States,NASDAQ,3166674785.0,70.64,45.96,45.24,6,56.8,2160,False,-50.46,226.28,2.02,16.72,58.03,66.05,76.4,69.238,60.5204,44.7,42.5413,40.0447,57538947,1255,2026-09-18,41.87,44828352.0
NASDAQ:KLAC,KLAC,KLA Corporation,Technology,Semiconductor Equipment & Materials,United States,NASDAQ,231197649418.0,176.99,45.99,45.18,6,56.9,2161,False,-41.27,81.07,1.74,9.75,49.64,76.34,108.09,173.9583,161.2709,118.2782,100.3693,85.0549,1692743719,1255,2026-09-18,38.59,1306275210.0
NYSE:NEXA,NEXA,Nexa Resources S.A.,Basic Materials,Other Industrial Metals & Mining,Luxembourg,NYSE,1723026329.0,13.01,46.01,47.11,6,56.9,2162,False,-21.38,168.26,5.05,18.55,53.86,66.07,79.83,12.3845,10.9746,8.456,7.834,7.2346,13274272,1255,2026-09-18,45.25,132438611.0
NYSE:DG,DG,Dollar General Corporation,Consumer Defensive,Discount Stores,United States,NYSE,27002011459.0,122.41,46.02,48.28,6,56.9,2163,False,-20.88,29.4,-3.01,1.21,17.32,10.98,-7.21,126.208,120.9522,104.3419,110.3033,131.9199,358491356,1255,2026-09-18,49.68,220586647.0
NASDAQ:INSM,INSM,Insmed Incorporated,Healthcare,Biotechnology,United States,NASDAQ,26205780360.0,120.0,46.02,48.96,6,56.9,2164,False,-43.24,30.61,-12.55,-17.01,4.74,33.89,66.15,137.214,144.5906,114.5644,89.6247,72.2237,245076933,1255,2026-09-18,51.42,218381503.0
NASDAQ:WMT,WMT,Walmart Inc.,Consumer Defensive,Discount Stores,United States,NASDAQ,849365788213.0,106.73,46.02,45.18,6,56.9,2165,False,-20.28,6.98,-9.72,-7.27,3.25,20.46,36.38,118.2172,115.1025,103.3663,88.6037,78.2578,2686735060,1255,2026-09-18,46.2,7958079155.0
NASDAQ:SENEA,SENEA,Seneca Foods Corp.,Consumer Defensive,Packaged Foods,United States,NASDAQ,962535225.0,184.35,46.03,49.53,6,57.0,2166,True,-11.07,82.2,24.45,30.73,63.51,96.83,121.11,148.1359,141.015,112.7458,93.6571,83.3747,17266873,1255,2026-09-18,45.52,5221238.0
NYSE:CNM,CNM,"Core & Main, Inc.",Industrials,Industrial Distribution,United States,NYSE,7976286529.0,42.61,46.05,45.07,6,57.0,2167,False,-27.89,4.9,-14.3,-14.61,-17.12,-13.55,-1.39,49.7184,49.9027,51.412,49.2875,43.2103,121706775,1255,2026-09-18,47.64,187192831.0
NASDAQ:AGIO,AGIO,"Agios Pharmaceuticals, Inc.",Healthcare,Biotechnology,United States,NASDAQ,1974341238.0,33.07,46.07,47.16,6,57.1,2168,False,-27.3,48.03,7.67,2.0,-5.4,-2.47,2.9,30.7152,32.4203,34.9592,33.9091,32.1366,28409712,1255,2026-09-18,49.43,59701882.0
NYSE:OFRM,OFRM,"Once Upon a Farm, PBC",Consumer Defensive,Packaged Foods,United States,NYSE,693897633.0,16.56,46.07,47.05,6,57.1,2169,False,-36.11,14.36,,,,,,,,,,,6217998,155,2026-09-18,45.65,41902031.0
NASDAQ:FBNC,FBNC,First Bancorp,Financial Services,Banks - Regional,United States,NASDAQ,2622298127.0,63.38,46.08,48.07,6,57.1,2170,False,-4.46,38.56,7.58,11.09,26.41,43.51,52.07,58.9145,57.0504,50.1367,44.1653,41.6784,14140852,1255,2026-09-18,41.55,41374221.0
NASDAQ:PKBK,PKBK,"Parke Bancorp, Inc.",Financial Services,Banks - Regional,United States,NASDAQ,397327276.0,33.87,46.08,49.42,6,57.1,2171,False,-3.59,73.81,13.98,21.22,42.31,59.44,68.08,29.7166,27.9402,23.7999,21.2432,20.1514,1772803,1255,2026-09-18,50.77,11730950.0
NYSE:STM,STM,STMicroelectronics N.V.,Technology,Semiconductors,Netherlands,NYSE,44754404219.0,50.18,46.08,44.68,6,57.1,2172,False,-37.13,138.45,7.98,18.88,47.94,38.86,33.34,46.4695,42.2103,33.9194,36.1381,37.6319,375185189,1255,2026-09-18,40.3,891877326.0
NASDAQ:CSCO,CSCO,"Cisco Systems, Inc.",Technology,Communication Equipment,United States,NASDAQ,431626510164.0,109.51,46.11,46.52,6,57.2,2173,False,-15.45,66.29,14.34,20.94,45.88,67.13,81.74,95.777,90.5527,75.068,65.5237,60.2548,1677361906,1255,2026-09-18,47.74,3941434665.0
NYSE:LUMN,LUMN,"Lumen Technologies, Inc.",Communication Services,Telecom Services,United States,NYSE,6593990848.0,6.4,46.11,46.65,6,57.2,2174,False,-45.9,13.07,-16.81,-17.13,-0.94,29.49,36.82,7.6934,7.7225,6.4609,4.9425,4.6778,87164514,1255,2026-09-18,47.81,1030311070.0
NASDAQ:EXFY,EXFY,"Expensify, Inc.",Technology,Software - Application,United States,NASDAQ,176818441.0,2.24,46.13,50.72,6,57.2,2175,False,-17.65,199.87,52.27,48.38,6.99,7.0,-40.78,1.471,1.5097,2.0937,2.0935,3.7823,1493689,1218,2026-09-18,51.93,78936804.0
NASDAQ:QBTS,QBTS,D-Wave Quantum Inc.,Technology,Computer Hardware,United States,NASDAQ,6283973856.0,17.11,46.13,45.8,6,57.2,2176,False,-61.79,31.82,-19.6,-25.62,6.95,54.76,93.94,21.2823,23.0046,15.9976,11.0558,8.8222,287010167,1255,2026-09-18,49.29,367269074.0
NYSE:WOLF,WOLF,"Wolfspeed, Inc. Common Stock New",Technology,Semiconductors,United States,NYSE,1329966065.0,25.59,46.13,45.31,6,57.2,2177,False,-65.18,72.91,-12.13,,,,,29.1217,,,,,66487088,245,2026-09-18,39.81,51972101.0
NYSE:DRI,DRI,"Darden Restaurants, Inc.",Consumer Cyclical,Restaurants,United States,NYSE,23969885428.0,209.28,46.14,48.01,6,57.3,2178,True,-8.08,26.58,4.21,6.71,10.04,20.05,27.42,200.8288,196.1142,190.1819,174.3309,164.2435,219785829,1255,2026-09-18,43.2,114535003.0
NYSE:HUM,HUM,Humana Inc.,Healthcare,Healthcare Plans,United States,NYSE,46377416556.0,386.22,46.14,49.72,6,57.3,2179,True,-5.75,137.73,35.0,37.59,42.9,24.95,9.85,286.0959,280.7045,270.2668,309.0887,351.5851,380065657,1255,2026-09-18,44.86,120080308.0
NASDAQ:IRDM,IRDM,Iridium Communications Inc,Communication Services,Telecom Services,United States,NASDAQ,4955767113.0,46.77,46.14,47.88,6,57.3,2180,False,-15.79,201.39,32.72,48.21,60.16,57.07,32.34,35.2407,31.5567,29.2017,29.7757,35.3396,48755696,1255,2026-09-18,50.77,105960383.0
NASDAQ:CSTE,CSTE,Caesarstone Ltd.,Industrials,Building Products & Equipment,Israel,NASDAQ,99236205.0,2.87,46.15,50.32,6,57.4,2181,True,-19.38,362.9,46.99,57.88,16.07,-10.71,-25.95,1.9525,1.8179,2.4726,3.2143,3.8756,236775,1255,2026-09-18,43.72,34577075.0
NASDAQ:LFUS,LFUS,"Littelfuse, Inc.",Technology,Electronic Components,United States,NASDAQ,10359640926.0,407.88,46.15,46.39,6,57.4,2182,False,-16.44,74.62,8.12,16.06,40.7,49.37,53.78,377.2485,351.4292,289.8913,273.0745,265.2399,82823357,1255,2026-09-18,43.17,25398747.0
NYSE:EPC,EPC,Edgewell Personal Care Company,Consumer Defensive,Household & Personal Products,United States,NYSE,1252490441.0,27.18,46.17,49.07,6,57.5,2183,False,-7.86,74.26,22.93,26.95,8.14,-4.88,-11.97,22.111,21.4103,25.1346,28.5734,30.8766,15585649,1255,2026-09-18,46.89,46081326.0
NASDAQ:FRD,FRD,Friedman Industries Inc.,Basic Materials,Steel,United States,NASDAQ,297239117.0,41.21,46.17,50.73,6,57.5,2184,False,-14.29,143.04,57.14,64.17,100.93,119.35,145.59,26.2245,25.1021,20.5098,18.7875,16.7797,2821600,1255,2026-09-18,48.15,7212791.0
NASDAQ:MPWR,MPWR,"Monolithic Power Systems, Inc.",Technology,Semiconductors,United States,NASDAQ,59830514000.0,1217.8,46.17,45.18,6,57.5,2185,False,-27.83,42.85,-3.44,1.68,28.61,42.92,62.76,1261.2277,1197.7026,946.9149,852.0752,748.2133,800076972,1255,2026-09-18,38.61,49130000.0
NASDAQ:PRDO,PRDO,Perdoceo Education Corporation,Consumer Defensive,Education & Training Services,United States,NASDAQ,2040986979.0,32.55,46.18,48.14,6,57.5,2186,False,-13.39,21.11,-0.42,-0.49,9.28,25.13,43.9,32.688,32.7113,29.786,26.0125,22.6193,19744434,1255,2026-09-18,48.2,62703133.0
NYSE:BGT,BGT,BlackRock Floating Rate Income Trust,Financial Services,Asset Management,United States,NYSE,320615740.0,10.75,46.19,50.18,6,57.5,2187,False,-2.6,10.55,3.53,3.39,3.35,7.12,14.34,10.3838,10.3979,10.4017,10.0354,9.4022,1394454,1255,2026-09-18,46.19,29824720.0
NASDAQ:ITRN,ITRN,Ituran Location and Control Ltd.,Technology,Scientific & Technical Instruments,Israel,NASDAQ,1021842136.0,51.66,46.2,44.78,6,57.6,2188,False,-21.55,57.13,0.43,7.34,29.9,50.91,68.62,51.4397,48.1267,39.7688,34.2313,30.6368,5091102,1255,2026-09-18,52.82,19780142.0
NASDAQ:QSI,QSI,Quantum-Si Incorporated,Healthcare,Medical Devices,United States,NASDAQ,147377884.0,0.745,46.2,45.87,6,57.6,2189,False,-71.67,6.13,-23.16,-34.06,-42.72,-45.52,-52.6,0.9696,1.1298,1.3005,1.3675,1.5716,1642363,1255,2026-09-18,50.71,197822663.0
NASDAQ:NVTS,NVTS,Navitas Semiconductor Corporation,Technology,Semiconductors,United States,NASDAQ,2984298568.0,11.43,46.22,45.06,6,57.6,2190,False,-64.05,77.76,-12.44,-7.57,40.6,59.69,63.32,13.0537,12.3663,8.1297,7.1576,6.9987,140422041,1233,2026-09-18,43.7,261093488.0
NASDAQ:SPT,SPT,"Sprout Social, Inc",Technology,Software - Application,United States,NASDAQ,552395561.0,10.17,46.22,50.65,6,57.6,2191,False,-30.67,103.81,24.12,15.22,-39.27,-62.25,-70.07,8.1935,8.8266,16.7466,26.9379,33.976,14587340,1255,2026-09-18,53.56,54316181.0
NASDAQ:TROO,TROO,"TROOPS, Inc.",Financial Services,Credit Services,Hong Kong,NASDAQ,246763535.0,2.02,46.22,46.95,6,57.6,2192,False,-59.76,78.76,-27.56,-18.79,5.41,-6.42,-15.35,2.7887,2.4875,1.9163,2.1586,2.3863,761831,1255,2026-09-18,50.63,122160166.0
NASDAQ:AXSM,AXSM,"Axsome Therapeutics, Inc.",Healthcare,Biotechnology,United States,NASDAQ,10692310179.0,207.78,46.26,45.97,6,57.7,2193,False,-18.57,79.2,5.18,12.98,43.88,70.3,91.75,197.5549,183.9019,144.4139,122.0104,108.3603,125525905,1255,2026-09-18,51.69,51459766.0
NASDAQ:PGC,PGC,Peapack-Gladstone Financial Corporation,Financial Services,Banks - Regional,United States,NASDAQ,802288156.0,45.28,46.27,48.03,6,57.7,2194,False,-6.21,83.91,16.53,24.54,37.14,49.8,47.92,38.8572,36.3582,33.0165,30.227,30.6121,5930051,1255,2026-09-18,47.55,17718378.0
NASDAQ:INBK,INBK,First Internet Bancorp,Financial Services,Banks - Regional,United States,NASDAQ,242061704.0,27.77,46.28,48.61,6,57.8,2195,False,-7.25,62.2,16.37,20.13,5.78,4.78,10.44,23.8632,23.1164,26.2517,26.5041,25.1441,1679698,1255,2026-09-18,45.24,8716662.0
NYSE:WHD,WHD,"Cactus, Inc.",Energy,Oil & Gas Equipment & Services,United States,NYSE,4643138042.0,66.68,46.28,50.3,6,57.8,2196,False,-9.37,101.73,19.85,27.45,29.85,32.71,36.47,55.636,52.317,51.3498,50.2448,48.8588,54372203,1255,2026-09-18,47.78,69633144.0
NASDAQ:APPS,APPS,"Digital Turbine, Inc.",Technology,Software - Application,United States,NASDAQ,1289178165.0,10.66,46.29,49.07,6,57.8,2197,False,-25.92,278.01,59.1,63.19,111.73,131.11,60.86,6.7001,6.5323,5.0347,4.6126,6.6269,28481991,1255,2026-09-18,48.94,120936038.0
NASDAQ:DTI,DTI,Drilling Tools International Corporation,Energy,Oil & Gas Equipment & Services,United States,NASDAQ,86793562.0,2.47,46.31,48.52,6,57.9,2198,True,-44.99,28.65,-17.0,-12.68,-13.31,-24.66,-46.6,2.9758,2.8287,2.8494,3.2785,4.6257,502017,1185,2026-09-18,44.42,35139094.0
NYSE:DVA,DVA,DaVita Inc.,Healthcare,Medical Care Facilities,United States,NYSE,11801054100.0,183.86,46.31,44.88,6,57.9,2199,True,-23.7,77.01,10.04,16.05,19.46,28.42,42.2,167.079,158.4379,153.9134,143.1692,129.2925,135011178,1255,2026-09-18,45.41,64185000.0
NASDAQ:PCB,PCB,PCB Bancorp,Financial Services,Banks - Regional,United States,NASDAQ,388379618.0,27.64,46.31,48.69,6,57.9,2200,False,-9.02,44.37,12.93,16.9,29.98,44.47,53.87,24.4757,23.6451,21.2653,19.1315,17.9631,901220,1255,2026-09-18,48.23,14051361.0
NASDAQ:GNSS,GNSS,Genasys Inc.,Technology,Scientific & Technical Instruments,United States,NASDAQ,69679274.0,1.53,46.33,45.23,6,57.9,2201,False,-40.7,8.51,-18.68,-22.18,-32.49,-30.8,-36.84,1.8813,1.9662,2.2663,2.211,2.4225,134475,1255,2026-09-18,45.19,45542009.0
NASDAQ:HWBK,HWBK,"Hawthorn Bancshares, Inc.",Financial Services,Banks - Regional,United States,NASDAQ,267263259.0,38.73,46.34,48.89,6,57.9,2202,True,-3.41,34.79,9.16,12.55,23.95,41.99,54.55,35.4794,34.4108,31.2472,27.2766,25.06,661014,1255,2026-09-18,39.27,6900678.0
NASDAQ:CGNT,CGNT,Cognyte Software Ltd.,Technology,Software - Infrastructure,Israel,NASDAQ,619866678.0,8.41,46.35,46.24,6,58.0,2203,False,-31.29,32.65,-5.4,-4.18,-4.02,4.46,19.2,8.8899,8.7767,8.7625,8.051,7.0551,6231552,1255,2026-09-18,51.52,73705907.0
NASDAQ:GSBC,GSBC,"Great Southern Bancorp, Inc.",Financial Services,Banks - Regional,United States,NASDAQ,858891476.0,78.91,46.37,49.37,6,58.0,2204,False,-3.79,44.51,13.8,17.78,27.59,36.11,40.61,69.3383,66.9961,61.8481,57.9736,56.1216,7589500,1255,2026-09-18,49.44,10884444.0
NYSE:M,M,Macy's Inc,Consumer Cyclical,Department Stores,United States,NYSE,5771052711.0,21.94,46.37,46.45,6,58.0,2205,True,-15.57,37.62,3.34,6.33,30.17,34.34,35.93,21.2299,20.6337,16.8542,16.3321,16.1407,152632750,1255,2026-09-18,43.76,263037954.0
NYSE:BG,BG,Bunge Limited,Consumer Defensive,Farm Products,United States,NYSE,22205128236.0,115.58,46.38,48.49,6,58.1,2206,False,-11.49,53.67,1.23,6.23,23.96,23.3,25.11,114.1758,108.804,93.239,93.7391,92.3812,238264757,1255,2026-09-18,52.74,192119123.0
NASDAQ:HTO,HTO,H2O America,Utilities,Utilities - Regulated Water,United States,NASDAQ,2623165907.0,62.67,46.38,49.48,6,58.1,2207,False,-3.54,44.32,10.58,14.88,19.61,17.85,11.29,56.6763,54.5526,52.3958,53.1774,56.3138,27271481,1255,2026-09-18,49.31,41856804.0
NYSE:CAG,CAG,"ConAgra Brands, Inc.",Consumer Defensive,Packaged Foods,United States,NYSE,7240698163.0,15.13,46.39,49.27,6,58.1,2208,False,-21.64,21.64,-1.37,-3.31,-20.01,-27.66,-33.92,15.3403,15.6476,18.9149,20.9149,22.8961,167319147,1255,2026-09-18,47.3,478565642.0
NYSE:GAP,GAP,"Gap, Inc. (The)",Consumer Cyclical,Apparel Retail,United States,NYSE,7393967284.0,20.54,46.39,47.95,6,58.1,2209,False,-28.33,11.93,-12.45,-11.61,-7.73,-2.68,12.83,23.4617,23.2392,22.2608,21.1067,18.2038,199647442,1255,2026-09-18,48.75,359978933.0
NYSE:SPB,SPB,"Spectrum Brands Holdings, Inc.",Consumer Defensive,Household & Personal Products,United States,NYSE,1981530507.0,86.17,46.39,48.31,6,58.1,2210,False,-4.77,75.61,12.15,19.84,21.92,18.18,24.13,76.8353,71.9065,70.6792,72.9126,69.4201,25718172,1255,2026-09-18,49.35,22995596.0
NASDAQ:ADMA,ADMA,ADMA Biologics Inc,Healthcare,Biotechnology,United States,NASDAQ,2111449434.0,9.11,46.4,47.9,6,58.2,2211,False,-55.3,19.87,-25.64,-29.59,-42.15,-30.13,-14.42,12.2513,12.9391,15.7485,13.0384,10.6451,23280557,1255,2026-09-18,42.47,231772715.0
NASDAQ:SPRB,SPRB,"Spruce Biosciences, Inc.",Healthcare,Biotechnology,United States,NASDAQ,146008348.0,53.05,46.41,49.03,6,58.2,2212,False,-70.95,584.52,-13.64,-23.42,-93.3,-98.5,-99.02,61.4272,69.2748,791.7748,3530.8335,5417.7959,6257941,1255,2026-09-18,48.1,2752278.0
NASDAQ:GNLX,GNLX,Genelux Corporation,Healthcare,Biotechnology,United States,NASDAQ,113446252.0,2.53,46.42,45.75,6,58.2,2213,False,-69.3,10.0,-13.93,-27.5,-22.86,-50.09,,2.9394,3.4896,3.2799,5.0696,,843829,915,2026-09-18,46.42,44840416.0
NASDAQ:FRST,FRST,Primis Financial Corp.,Financial Services,Banks - Regional,United States,NASDAQ,395818860.0,15.91,46.43,48.7,6,58.2,2214,False,-4.56,70.87,11.16,17.93,33.73,41.1,47.95,14.3127,13.4906,11.8975,11.276,10.7534,2612106,1255,2026-09-18,44.22,24878621.0
NASDAQ:FAST,FAST,Fastenal Company,Industrials,Industrial Distribution,United States,NASDAQ,56238856053.0,49.01,46.44,49.33,6,58.3,2215,False,-6.43,27.24,7.9,9.33,16.36,27.45,40.53,45.4236,44.8269,42.1182,38.4536,34.8761,304190182,1255,2026-09-18,47.78,1147497573.0
NASDAQ:TTMI,TTMI,"TTM Technologies, Inc.",Technology,Electronic Components,United States,NASDAQ,12251191460.0,117.97,46.46,45.55,6,58.3,2216,False,-46.73,126.34,-3.78,7.35,69.93,128.48,179.22,122.6049,109.8963,69.4208,51.6326,42.2492,234384763,1255,2026-09-18,43.43,103850059.0
NYSE:WSO,WSO,"Watsco, Inc.",Industrials,Industrial Distribution,United States,NYSE,11078602600.0,311.77,46.46,43.87,6,58.3,2217,False,-31.17,3.14,-15.56,-15.0,-24.18,-23.41,-17.03,369.2147,366.7844,411.2095,407.0779,375.7677,158116015,1255,2026-09-18,40.29,35534537.0
NYSE:RBC,RBC,RBC Bearings Incorporated,Industrials,Tools & Accessories,United States,NYSE,15849631213.0,501.01,46.47,43.18,6,58.4,2218,False,-22.79,35.51,-8.3,-3.15,16.41,33.49,48.35,546.3393,517.3023,430.3938,375.325,337.7308,155216099,1255,2026-09-18,42.86,31635359.0
NASDAQ:PCYO,PCYO,Pure Cycle Corporation,Utilities,Utilities - Regulated Water,United States,NASDAQ,266275939.0,11.05,46.48,48.84,6,58.4,2219,False,-7.45,12.18,0.66,0.5,0.11,3.87,5.67,10.978,10.9947,11.0378,10.6378,10.457,956454,1255,2026-09-18,48.54,24097370.0
NYSE:OGC,OGC,OceanaGold Corporation,Basic Materials,Gold,Canada,NYSE,6326407554.0,28.44,46.49,49.3,6,58.4,2220,False,-32.69,47.21,-6.21,-1.15,42.66,84.97,119.07,30.3225,28.7696,19.9354,15.3758,12.9821,18079410,1255,2026-09-18,48.66,222447523.0
NASDAQ:FTAI,FTAI,FTAI Aviation Ltd.,Industrials,Aerospace & Defense,United States,NASDAQ,19574773374.0,190.74,46.5,45.34,6,58.4,2221,False,-38.13,25.53,-18.74,-13.66,9.66,38.14,74.33,234.7423,220.9149,173.9343,138.0736,109.4155,262126412,1255,2026-09-18,48.94,102625424.0
NASDAQ:LNTH,LNTH,"Lantheus Holdings, Inc.",Healthcare,Drug Manufacturers - Specialty & Generic,United States,NASDAQ,6546416545.0,100.55,46.5,47.89,6,58.4,2222,False,-9.37,100.66,16.65,26.24,20.4,25.01,28.09,86.1992,79.6496,83.5166,80.4305,78.4987,102357896,1255,2026-09-18,48.72,65106082.0
NYSE:MT,MT,Arcelor Mittal NY Registry Shares NEW,Basic Materials,Steel,Luxembourg,NYSE,54690644356.0,72.53,46.51,49.93,6,58.5,2223,False,-7.89,111.45,19.6,29.45,72.9,101.71,117.77,60.6457,56.0292,41.9495,35.9582,33.3053,89524549,1255,2026-09-18,54.89,754041698.0
NASDAQ:ANAB,ANAB,"AnaptysBio, Inc.",Healthcare,Biotechnology,United States,NASDAQ,1634388151.0,55.2,46.52,47.4,6,58.5,2224,False,-20.93,297.31,15.69,30.1,93.74,127.19,149.65,47.7156,42.429,28.4914,24.2974,22.1108,27530977,1255,2026-09-18,45.91,29608481.0
AMEX:CTM,CTM,"Castellum, Inc.",Technology,Information Technology Services,United States,AMEX,57671654.0,0.609,46.52,46.23,6,58.5,2225,False,-53.51,12.78,-22.32,-28.03,-28.16,-6.02,,0.784,0.8462,0.8477,0.648,,378350,986,2026-09-18,47.98,94698939.0
NYSE:HLF,HLF,Herbalife Ltd.,Consumer Defensive,Packaged Foods,United States,NYSE,1232629356.0,11.89,46.56,47.16,6,58.6,2226,True,-40.43,53.42,-15.71,-9.14,13.84,10.96,-2.01,14.1053,13.086,10.4443,10.7153,12.1333,21455397,1255,2026-09-18,43.5,103669416.0
NASDAQ:RLAY,RLAY,"Relay Therapeutics, Inc.",Healthcare,Biotechnology,United States,NASDAQ,4105995855.0,18.84,46.56,49.13,6,58.6,2227,False,-9.2,330.14,39.69,56.88,132.85,132.14,87.6,13.4874,12.0093,8.091,8.1158,10.0425,64101815,1255,2026-09-18,50.96,217940332.0
NASDAQ:CORT,CORT,Corcept Therapeutics Incorporated,Healthcare,Biotechnology,United States,NASDAQ,11922172205.0,110.29,46.57,51.46,6,58.6,2228,False,-10.75,243.05,61.25,56.57,65.39,104.87,137.26,68.3957,70.4413,66.6836,53.834,46.4855,192434657,1255,2026-09-18,54.99,108098397.0
NASDAQ:FRVO,FRVO,Fervo Energy Company,Utilities,Utilities - Renewable,United States,NASDAQ,4850795193.0,16.91,46.57,44.35,6,58.6,2229,False,-60.21,14.49,,,,,,,,,,,127152288,89,2026-09-18,45.61,286859562.0
NASDAQ:PDFS,PDFS,"PDF Solutions, Inc.",Technology,Software - Application,United States,NASDAQ,1853902642.0,44.28,46.57,46.31,6,58.6,2230,False,-37.45,102.75,5.32,14.06,40.64,39.41,36.12,42.0417,38.8209,31.485,31.7636,32.53,30837363,1255,2026-09-18,45.19,41867720.0
NASDAQ:ADV,ADV,Advantage Solutions Inc.,Communication Services,Advertising Agencies,United States,NASDAQ,431830694.0,32.48,46.58,46.74,6,58.7,2231,False,-31.26,158.8,11.76,8.08,-24.37,-43.83,-43.57,29.0627,30.0531,42.945,57.8214,57.5579,1925278,1255,2026-09-18,48.77,13295280.0
NYSE:HOMB,HOMB,"Home BancShares, Inc.",Financial Services,Banks - Regional,United States,NYSE,5971703400.0,29.79,46.58,48.97,6,58.7,2232,False,-5.1,16.87,6.08,7.02,7.8,15.38,21.29,28.0834,27.835,27.6333,25.82,24.5601,44772457,1255,2026-09-18,45.99,200460000.0
NASDAQ:WBD,WBD,"Warner Bros. Discovery, Inc. - Series A",Communication Services,Entertainment,United States,NASDAQ,69698400316.0,27.8,46.58,50.45,6,58.7,2233,False,-7.27,62.57,1.07,6.43,52.76,82.95,90.51,27.5044,26.1209,18.1981,15.1956,14.5925,525684374,1255,2026-09-18,55.78,2507136702.0
NASDAQ:SRCE,SRCE,1st Source Corporation,Financial Services,Banks - Regional,United States,NASDAQ,2067036359.0,85.88,46.6,50.49,6,58.8,2234,True,-5.44,52.77,16.07,20.93,31.93,44.25,54.37,73.9868,71.0192,65.0929,59.5341,55.6311,9249024,1255,2026-09-18,45.82,24068891.0
NASDAQ:ACTG,ACTG,Acacia Research Corporation,Industrials,Business Equipment & Supplies,United States,NASDAQ,435616985.0,4.51,46.61,47.32,6,58.8,2235,False,-12.6,40.94,1.48,6.32,10.27,7.12,8.31,4.4441,4.242,4.0901,4.2103,4.1638,804439,1255,2026-09-18,48.27,96589132.0
NYSE:EIG,EIG,Employers Holdings Inc,Financial Services,Insurance - Specialty,United States,NYSE,879525979.0,48.97,46.64,49.37,6,58.8,2236,False,-5.03,39.99,10.73,13.25,9.73,14.16,18.8,44.2249,43.2398,44.6261,42.8954,41.2219,7433671,1255,2026-09-18,50.5,17960506.0
NASDAQ:MOB,MOB,Mobilicom Limited,Industrials,Aerospace & Defense,Israel,NASDAQ,63672190.0,5.04,46.64,46.64,6,58.8,2237,False,-50.59,16.13,-15.44,-20.49,12.59,48.05,72.12,5.9606,6.3386,4.4765,3.4042,2.9282,702637,1020,2026-09-18,44.4,12633371.0
NASDAQ:DRH,DRH,Diamondrock Hospitality Company,Real Estate,REIT - Hotel & Motel,United States,NASDAQ,2504373535.0,12.24,46.65,48.28,6,58.9,2238,False,-8.52,68.19,15.27,21.51,36.85,42.48,47.15,10.6186,10.0733,8.9443,8.5907,8.3178,35619822,1255,2026-09-18,46.93,204605681.0
NASDAQ:KSPI,KSPI,Joint Stock Company Kaspi.kz - American Depository Shares,Technology,Software - Infrastructure,Kazakhstan,NASDAQ,18533359253.0,97.53,46.65,51.17,6,58.9,2239,True,-8.35,51.26,20.96,23.81,16.23,,,80.6311,78.7736,83.9102,,,69109600,669,2026-09-18,46.38,190027266.0
NASDAQ:PGY,PGY,Pagaya Technologies Ltd.,Technology,Software - Infrastructure,United States,NASDAQ,1473042972.0,20.42,46.65,49.76,6,58.9,2240,False,-53.39,91.92,18.59,4.58,14.23,22.87,20.3,17.2193,19.5266,17.8762,16.6195,16.9745,46142155,1255,2026-09-18,47.35,72137266.0
NYSE:ZBH,ZBH,"Zimmer Biomet Holdings, Inc.",Healthcare,Medical Devices,United States,NYSE,18448582284.0,95.36,46.65,48.78,6,58.9,2241,True,-7.55,20.15,4.61,3.46,-1.44,-6.84,-11.06,91.1539,92.1732,96.754,102.362,107.2237,178144440,1255,2026-09-18,43.75,193462482.0
NYSE:ONTO,ONTO,Onto Innovation Inc.,Technology,Semiconductor Equipment & Materials,United States,NYSE,13103947855.0,263.43,46.66,46.86,6,59.0,2242,False,-30.39,117.1,6.74,17.94,43.35,45.78,66.99,246.8074,223.3616,183.764,180.708,157.7477,246575462,1255,2026-09-18,41.5,49743567.0
NASDAQ:PESI,PESI,"Perma-Fix Environmental Services, Inc.",Industrials,Waste Management,United States,NASDAQ,370001982.0,17.45,46.66,50.8,6,59.0,2243,False,-10.19,102.67,26.44,30.03,44.62,54.73,68.4,13.8015,13.4199,12.0661,11.2779,10.3621,5575127,1255,2026-09-18,50.24,21203552.0
NYSE:TPVG,TPVG,TriplePoint Venture Growth BDC Corp.,Financial Services,Asset Management,United States,NYSE,196905058.0,4.85,46.66,49.35,6,59.0,2244,False,-16.42,19.36,-1.45,-1.02,-5.19,-10.98,-14.78,4.9213,4.8999,5.1156,5.4481,5.6915,1176843,1255,2026-09-18,53.11,40598981.0
NYSE:RC,RC,Ready Capital Corporation,Real Estate,REIT - Mortgage,United States,NYSE,299163658.0,1.66,46.67,47.91,6,59.1,2245,False,-59.87,16.08,-9.31,-20.98,-53.89,-65.75,-70.39,1.8304,2.1008,3.6001,4.8466,5.6055,2017894,1255,2026-09-18,43.72,180219071.0
NASDAQ:LILA,LILA,Liberty Latin America Ltd.,Communication Services,Telecom Services,Bermuda,NASDAQ,317898000.0,8.41,46.68,52.0,6,59.1,2246,False,-5.29,80.99,35.42,38.6,55.8,56.29,55.13,6.2103,6.068,5.3978,5.3812,5.4212,3218207,1255,2026-09-18,50.1,37800000.0
NASDAQ:POWL,POWL,"Powell Industries, Inc.",Industrials,Electrical Equipment & Parts,United States,NASDAQ,6701966150.0,183.96,46.69,43.87,6,59.1,2247,True,-42.83,95.92,-9.68,-0.21,42.02,83.25,132.78,203.6839,184.3417,129.5337,100.3861,79.0278,100808278,1255,2026-09-18,40.6,36431649.0
NYSE:PBA,PBA,Pembina Pipeline Corp. Ordinary Shares (Canada),Energy,Oil & Gas Midstream,Canada,NYSE,27635605550.0,47.53,46.7,47.9,6,59.1,2248,False,-6.44,34.62,8.02,11.4,20.08,28.84,37.44,44.0002,42.6663,39.5815,36.8921,34.5815,50714901,1255,2026-09-18,47.64,581435000.0
NYSE:COLD,COLD,"Americold Realty Trust, Inc.",Real Estate,REIT - Industrial,United States,NYSE,4111260209.0,14.41,46.71,47.56,6,59.2,2249,False,-11.32,49.99,8.49,11.24,-8.56,-22.12,-28.56,13.2823,12.9535,15.7591,18.5028,20.1703,56418061,1255,2026-09-18,52.58,285306052.0
NYSE:SKIL,SKIL,Skillsoft Corp.,Consumer Defensive,Education & Training Services,United States,NYSE,55509005.0,6.19,46.72,46.41,6,59.2,2250,False,-65.44,68.21,-8.44,-23.22,-54.07,-54.18,-65.85,6.7607,8.0625,13.4784,13.509,18.1278,588979,1255,2026-09-18,47.93,8967529.0
NASDAQ:CBC,CBC,"Central Bancompany, Inc.",Financial Services,Banks - Regional,United States,NASDAQ,7636615960.0,31.85,46.73,49.41,6,59.2,2251,False,-4.6,41.18,17.53,,,,,27.0999,,,,,46575707,206,2026-09-18,44.54,239768162.0
NYSE:CAAP,CAAP,Corporacion America Airports SA,Industrials,Airports & Air Services,Luxembourg,NYSE,3855320339.0,23.62,46.74,47.55,6,59.3,2252,False,-19.13,40.34,-5.4,-0.97,11.25,23.65,40.69,24.9677,23.8519,21.2307,19.1021,16.7881,5325699,1255,2026-09-18,49.84,163222707.0
NASDAQ:ICLR,ICLR,ICON plc,Healthcare,Diagnostics & Research,Ireland,NASDAQ,12661777239.0,164.11,46.74,48.98,6,59.3,2253,False,-19.13,104.93,11.43,7.32,-4.18,-22.63,-23.19,147.2705,152.9154,171.2698,212.1048,213.6526,132167547,1255,2026-09-18,53.45,77154209.0
NASDAQ:RCKY,RCKY,"Rocky Brands, Inc.",Consumer Cyclical,Footwear & Accessories,United States,NASDAQ,328494129.0,43.87,46.74,48.63,6,59.3,2254,False,-13.28,67.83,13.91,20.22,48.74,54.17,64.49,38.5115,36.4908,29.4941,28.4547,26.6706,2207635,1255,2026-09-18,43.85,7487899.0
NASDAQ:TNYA,TNYA,"Tenaya Therapeutics, Inc.",Healthcare,Biotechnology,United States,NASDAQ,147342237.0,0.679,46.74,45.68,6,59.3,2255,False,-67.67,23.45,-11.93,-26.93,-36.83,-63.91,-71.34,0.771,0.9293,1.0748,1.8812,2.3695,1274112,1255,2026-09-18,44.88,216998876.0
NASDAQ:LGN,LGN,Legence Corp.,Industrials,Engineering & Construction,United States,NASDAQ,4289167328.0,55.8,46.78,44.77,6,59.4,2256,False,-45.44,87.75,-11.42,-2.9,,,,62.9917,57.4639,,,,48983237,256,2026-09-18,44.41,76866798.0
AMEX:BUDA,BUDA,"Buda Juice, Inc.",Consumer Defensive,Beverages - Non-Alcoholic,United States,AMEX,100030661.0,7.96,46.8,46.67,6,59.4,2257,False,-26.7,11.17,,,,,,,,,,,48491,175,2026-09-18,42.33,12566666.0
NYSE:CVSA,CVSA,Covista Inc.,Consumer Defensive,Education & Training Services,United States,NYSE,4312394001.0,126.72,46.83,48.5,6,59.4,2258,True,-17.95,41.81,9.16,7.17,13.72,35.28,58.1,116.0873,118.2404,111.434,93.6726,80.1505,45370174,1255,2026-09-18,46.25,34030887.0
NASDAQ:FOXA,FOXA,Fox Corporation,Communication Services,Entertainment,United States,NASDAQ,12856128238.0,64.45,46.85,50.11,6,59.5,2259,False,-14.53,32.68,2.14,2.61,13.75,33.32,46.39,63.0987,62.8109,56.6611,48.3421,44.0255,344971138,1255,2026-09-18,48.41,199474449.0
NASDAQ:GTM,GTM,ZoomInfo Technologies Inc.,Technology,Software - Application,United States,NASDAQ,1125822890.0,3.82,46.85,49.38,6,59.5,2260,False,-68.53,46.36,-33.01,-43.15,-54.97,-63.4,-73.99,5.7026,6.7195,8.4838,10.4366,14.6854,21391258,1255,2026-09-18,53.07,294718034.0
NASDAQ:IPAR,IPAR,"Interparfums, Inc.",Consumer Defensive,Household & Personal Products,United States,NASDAQ,3603220620.0,112.51,46.85,47.98,6,59.5,2261,True,-11.85,46.2,14.14,16.46,3.95,0.03,1.02,98.5689,96.6116,108.2319,112.4738,111.3722,24851338,1255,2026-09-18,42.39,32025781.0
NASDAQ:LARK,LARK,Landmark Bancorp Inc.,Financial Services,Banks - Regional,United States,NASDAQ,194425548.0,31.87,46.86,50.65,6,59.5,2262,False,-4.38,35.87,12.92,15.93,27.3,44.75,53.4,28.2236,27.4906,25.0351,22.0168,20.7753,317278,1255,2026-09-18,58.68,6100582.0
NASDAQ:FRSH,FRSH,Freshworks Inc.,Technology,Software - Application,United States,NASDAQ,3091401327.0,12.25,46.88,50.64,6,59.6,2263,False,-12.0,78.05,20.02,16.64,-2.41,-13.1,-15.51,10.2069,10.5027,12.5528,14.0971,14.4992,51658837,1253,2026-09-18,53.53,252359292.0
NYSE:MYE,MYE,"Myers Industries, Inc.",Consumer Cyclical,Packaging & Containers,United States,NYSE,1165407809.0,30.98,46.88,48.48,6,59.6,2264,False,-15.31,101.19,26.49,35.43,75.9,80.78,77.93,24.4915,22.8744,17.6125,17.1367,17.4111,10771959,1255,2026-09-18,49.03,37618070.0
NASDAQ:VRDN,VRDN,"Viridian Therapeutics, Inc.",Healthcare,Biotechnology,United States,NASDAQ,2429409004.0,22.0,46.88,50.28,6,59.6,2265,True,-34.87,65.41,-6.0,-6.74,6.46,14.99,6.63,23.4031,23.5903,20.6654,19.1313,20.632,30943246,1255,2026-09-18,46.27,110427682.0
AMEX:LGCY,LGCY,Legacy Education Inc.,Consumer Defensive,Education & Training Services,United States,AMEX,133605521.0,10.56,46.9,45.32,6,59.6,2266,False,-26.31,29.57,-7.72,-4.88,,,,11.4438,11.1017,,,,345562,496,2026-09-18,42.47,12652038.0
NYSE:MUX,MUX,McEwen Inc.,Basic Materials,Other Precious Metals & Mining,Canada,NYSE,1165812754.0,19.0,46.9,48.28,6,59.6,2267,False,-34.6,39.5,-10.37,-7.33,28.5,49.48,69.92,21.1992,20.5035,14.7856,12.7108,11.1815,21417914,1255,2026-09-18,43.38,61358566.0
NYSE:BHVN,BHVN,Biohaven Ltd.,Healthcare,Biotechnology,United States,NYSE,2050640684.0,13.62,46.91,47.79,6,59.7,2268,False,-24.79,74.84,14.63,11.6,-35.08,-49.23,,11.8817,12.2044,20.9791,26.8255,,58786144,1000,2026-09-18,48.52,150560990.0
NYSE:SHO,SHO,"Sunstone Hotel Investors, Inc. Sunstone Hotel Investors, Inc.",Real Estate,REIT - Hotel & Motel,United States,NYSE,2056655621.0,11.04,46.91,47.25,6,59.7,2269,False,-6.84,28.84,9.67,12.1,14.68,15.52,17.45,10.0663,9.8485,9.6267,9.557,9.4,24111174,1255,2026-09-18,46.37,186291270.0
NASDAQ:PPTA,PPTA,Perpetua Resources Corp.,Basic Materials,Other Precious Metals & Mining,United States,NASDAQ,2907196250.0,23.24,46.93,48.9,6,59.7,2270,False,-37.56,37.51,-12.53,-10.05,21.33,61.77,100.11,26.5699,25.8361,19.1542,14.3665,11.6136,25787973,1255,2026-09-18,47.68,125094503.0
NYSE:RDW,RDW,Redwire Corporation,Industrials,Aerospace & Defense,United States,NYSE,2564984205.0,10.74,46.93,47.43,6,59.7,2271,False,-58.53,112.25,-0.82,5.52,-6.62,18.48,43.34,10.829,10.1778,11.5016,9.0647,7.4925,129194061,1255,2026-09-18,55.19,238825345.0
NYSE:ARLO,ARLO,"Arlo Technologies, Inc.",Industrials,Building Products & Equipment,United States,NYSE,1437993977.0,13.24,46.94,47.69,6,59.8,2272,False,-31.89,17.9,-2.38,-6.87,-2.79,3.41,17.8,13.5624,14.2169,13.6199,12.8029,11.2389,17196711,1255,2026-09-18,48.24,108609817.0
NASDAQ:BSRR,BSRR,Sierra Bancorp,Financial Services,Banks - Regional,United States,NASDAQ,520998925.0,40.19,46.95,48.79,6,59.8,2273,False,-5.58,55.66,9.05,14.57,27.67,45.84,61.14,36.8547,35.0801,31.4794,27.5583,24.9407,2088541,1255,2026-09-18,49.04,12963397.0
NASDAQ:GDRX,GDRX,"GoodRx Holdings, Inc.",Healthcare,Health Information Services,United States,NASDAQ,353923809.0,3.38,46.96,50.03,6,59.9,2274,False,-32.8,80.75,24.12,16.02,-13.02,-30.5,-33.13,2.7232,2.9133,3.8859,4.8634,5.0549,4238854,1255,2026-09-18,47.93,104711186.0
NASDAQ:PEPG,PEPG,PepGen Inc.,Healthcare,Biotechnology,United States,NASDAQ,197132263.0,2.85,46.96,51.71,6,59.9,2275,False,-60.25,111.11,-19.28,-24.5,-17.06,-51.3,-61.43,3.5309,3.7748,3.4362,5.8517,7.3899,2113888,1096,2026-09-18,52.37,69169215.0
NASDAQ:PTEN,PTEN,"Patterson-UTI Energy, Inc.",Energy,Oil & Gas Drilling,United States,NASDAQ,4471895952.0,11.78,46.96,50.76,6,59.9,2276,False,-10.42,137.31,22.24,33.85,52.73,38.95,24.63,9.6366,8.8006,7.7129,8.478,9.4523,107951010,1255,2026-09-18,50.11,379617653.0
NASDAQ:EQPT,EQPT,EquipmentShare.com Inc,Industrials,Rental & Leasing Services,United States,NASDAQ,3872954939.0,18.03,46.97,47.12,6,59.9,2277,False,-47.94,12.69,,,,,,,,,,,47831291,165,2026-09-18,49.14,214806153.0
NASDAQ:SVCC,SVCC,Stellar V Capital Corp.,Financial Services,Shell Companies,United States,NASDAQ,165816300.0,10.66,46.97,54.61,6,59.9,2278,False,-0.28,3.8,1.51,1.81,,,,10.5019,10.4704,,,,228776,375,2026-09-18,81.07,15555000.0
NASDAQ:ULCC,ULCC,"Frontier Group Holdings, Inc.",Industrials,Airlines,United States,NASDAQ,1339855787.0,5.82,46.98,46.61,6,60.0,2279,False,-27.79,87.74,9.31,14.06,10.5,11.05,-9.92,5.3245,5.1026,5.2671,5.2408,6.4611,14277482,1255,2026-09-18,48.38,230215771.0
NASDAQ:LFMD,LFMD,"LifeMD, Inc.",Healthcare,Health Information Services,United States,NASDAQ,155727282.0,3.22,46.99,44.87,6,60.0,2280,True,-53.8,21.97,-15.69,-23.4,-43.03,-48.21,-39.13,3.8194,4.2037,5.6523,6.217,5.2898,2495349,1255,2026-09-18,46.15,48362510.0
NYSE:OXY,OXY,Occidental Petroleum Corporation,Energy,Oil & Gas E&P,United States,NYSE,58524305807.0,58.84,46.99,50.34,6,60.0,2281,False,-10.35,53.3,11.44,16.29,22.74,14.63,10.29,52.8001,50.5986,47.9377,51.3317,53.3479,473934413,1255,2026-09-18,48.81,994634701.0
NYSE:CM,CM,Canadian Imperial Bank of Commerce,Financial Services,Banks - Diversified,Canada,NYSE,104853413422.0,114.87,47.01,47.75,7,60.0,2282,False,-7.17,46.49,9.59,14.88,40.75,67.11,88.52,104.8157,99.9877,81.6104,68.7379,60.9319,132547076,1255,2026-09-18,43.16,912800674.0
NYSE:RYAM,RYAM,Rayonier Advanced Materials Inc.,Basic Materials,Chemicals,United States,NYSE,562437499.0,8.34,47.02,48.13,7,60.1,2283,False,-29.02,51.09,-2.19,2.12,15.61,31.38,36.0,8.5264,8.1667,7.2141,6.348,6.1321,6087856,1255,2026-09-18,48.02,67438549.0
NYSE:XFLH,XFLH,XFLH Capital Corporation,Financial Services,Shell Companies,United States,NYSE,138883030.0,10.0,47.03,48.58,7,60.1,2284,True,-2.25,1.42,,,,,,,,,,,26809,135,2026-09-18,47.03,13888303.0
NASDAQ:XMAX,XMAX,"XMAX, Inc.",Consumer Cyclical,"Furnishings, Fixtures & Appliances",United States,NASDAQ,552704213.0,8.69,47.03,48.63,7,60.1,2285,False,-6.96,71.06,16.49,23.3,109.28,151.06,160.32,7.4602,7.0479,4.1524,3.4614,3.3382,4936536,1255,2026-09-18,48.76,63602326.0
NYSE:EOG,EOG,"EOG Resources, Inc.",Energy,Oil & Gas E&P,United States,NYSE,76821012882.0,144.23,47.04,49.48,7,60.2,2286,False,-6.19,45.24,11.65,15.93,19.57,21.7,24.28,129.184,124.4158,120.6276,118.5147,116.0558,494172305,1255,2026-09-18,49.01,532628530.0
NASDAQ:OPXS,OPXS,"Optex Systems Holdings, Inc.",Industrials,Aerospace & Defense,United States,NASDAQ,73078666.0,10.5,47.04,45.64,7,60.2,2287,False,-39.38,6.71,-16.27,-19.1,-2.03,13.41,36.15,12.5405,12.979,10.7179,9.2583,7.7121,381948,1255,2026-09-18,47.2,6959873.0
NASDAQ:TTGT,TTGT,"TechTarget, Inc.",Technology,Information Technology Services,United States,NASDAQ,277629861.0,3.84,47.04,47.59,7,60.2,2288,False,-44.99,12.94,-14.3,-18.32,-61.05,-76.93,-83.17,4.481,4.7015,9.8597,16.642,22.8198,1033733,1255,2026-09-18,47.04,72299443.0
NASDAQ:PARK,PARK,"Park Dental Partners, Inc.",Healthcare,Medical Care Facilities,United States,NASDAQ,91836198.0,20.34,47.08,49.05,7,60.2,2289,True,-11.76,98.44,,,,,,,,,,,832199,199,2026-09-18,46.57,4515054.0
NYSE:SPHR,SPHR,Sphere Entertainment Co.,Communication Services,Entertainment,United States,NYSE,4217312587.0,145.19,47.08,47.68,7,60.2,2290,False,-17.68,154.14,14.82,26.92,87.68,124.86,163.55,126.4536,114.3967,77.361,64.5693,55.0901,82074315,1255,2026-09-18,46.75,29046853.0
NASDAQ:VTVT,VTVT,vTv Therapeutics Inc.,Healthcare,Biotechnology,United States,NASDAQ,125249197.0,31.8,47.08,47.35,7,60.2,2291,False,-25.55,57.19,-7.86,-1.88,30.19,44.88,30.11,34.5144,32.4108,24.4254,21.9488,24.4411,1591858,1255,2026-09-18,44.38,3938654.0
NYSE:SES,SES,SES AI Corporation,Consumer Cyclical,Auto Parts,United States,NYSE,175717141.0,0.54,47.09,45.2,7,60.3,2292,True,-84.75,8.0,-56.17,-62.61,-52.83,-58.07,-69.63,1.2321,1.4442,1.1447,1.2879,1.7781,9494107,1255,2026-09-18,45.91,325402113.0
NASDAQ:KLIC,KLIC,"Kulicke and Soffa Industries, Inc.",Technology,Semiconductor Equipment & Materials,Singapore,NASDAQ,4350955394.0,83.14,47.1,45.38,7,60.3,2293,False,-37.71,138.42,3.3,15.35,50.45,59.74,63.85,80.4873,72.0782,55.2601,52.0457,50.7404,53484305,1255,2026-09-18,44.96,52332877.0
NASDAQ:LIND,LIND,Lindblad Expeditions Holdings Inc.,Consumer Cyclical,Travel Services,United States,NASDAQ,1806624000.0,27.54,47.1,47.56,7,60.3,2294,False,-20.13,140.52,28.12,40.59,77.83,109.9,124.83,21.4959,19.5892,15.487,13.1203,12.2492,24274811,1255,2026-09-18,48.13,65600000.0
NASDAQ:AAOI,AAOI,"Applied Optoelectronics, Inc.",Technology,Communication Equipment,United States,NASDAQ,8894146655.0,105.17,47.12,46.55,7,60.4,2295,False,-52.86,439.61,0.09,17.82,87.47,152.85,226.2,105.0766,89.2669,56.0999,41.5936,32.2413,753094058,1255,2026-09-18,41.46,84569237.0
NASDAQ:INIO,INIO,INNIO N.V.,Industrials,Specialty Industrial Machinery,Germany,NASDAQ,15862500000.0,21.15,47.14,44.75,7,60.4,2296,False,-48.58,21.2,,,,,,,,,,,96469227,72,2026-09-18,46.44,750000000.0
NASDAQ:PDYN,PDYN,Palladyne AI Corp.,Technology,Software - Infrastructure,United States,NASDAQ,268347198.0,5.68,47.14,47.73,7,60.4,2297,False,-44.85,36.87,-8.6,-13.22,-12.54,19.69,19.86,6.2148,6.5451,6.494,4.7455,4.7387,4408469,1250,2026-09-18,49.19,47244225.0
NASDAQ:TATT,TATT,TAT Technologies Ltd.,Industrials,Aerospace & Defense,United States,NASDAQ,493489037.0,38.01,47.15,46.9,7,60.5,2298,False,-37.8,18.49,-13.27,-12.05,7.78,38.16,70.97,43.8244,43.2183,35.266,27.5114,22.2317,4690511,1255,2026-09-18,45.7,12983137.0
NASDAQ:ALKT,ALKT,"Alkami Technology, Inc.",Technology,Software - Application,United States,NASDAQ,2045800077.0,19.13,47.17,49.45,7,60.5,2299,True,-27.89,31.12,4.0,-0.64,-23.49,-23.6,-14.81,18.3943,19.2533,25.0028,25.0393,22.455,29730528,1255,2026-09-18,43.66,106941980.0
NYSE:YEXT,YEXT,"Yext, Inc.",Technology,Software - Infrastructure,United States,NYSE,615523432.0,6.14,47.17,52.05,7,60.5,2300,False,-31.7,83.83,10.53,-0.31,-8.34,-3.75,-8.47,5.5549,6.1589,6.6988,6.3792,6.7082,7966659,1255,2026-09-18,51.57,100248116.0
NYSE:CTOS,CTOS,"Custom Truck One Source, Inc.",Industrials,Rental & Leasing Services,United States,NYSE,2121948220.0,9.33,47.18,45.88,7,60.5,2301,False,-22.06,74.72,11.65,18.19,47.31,54.91,50.94,8.3568,7.8941,6.3334,6.023,6.1815,8701711,1255,2026-09-18,42.04,227432821.0
NYSE:IFS,IFS,Intercorp Financial Services Inc.,Financial Services,Banks - Regional,Peru,NYSE,6106773692.0,54.98,47.18,47.7,7,60.5,2302,False,-9.39,48.65,11.6,16.53,41.21,67.5,85.54,49.2645,47.1818,38.9338,32.8238,29.6321,10584468,1255,2026-09-18,47.77,111072639.0
NASDAQ:PSKY,PSKY,Paramount Skydance Corporation,Communication Services,Entertainment,United States,NASDAQ,11105141034.0,10.21,47.19,50.18,7,60.6,2303,False,-47.29,31.33,-4.35,-14.13,-12.5,-12.58,-22.06,10.6739,11.8899,11.6691,11.6796,13.1003,159831137,1255,2026-09-18,53.97,1087672971.0
AMEX:BKTI,BKTI,BK Technologies Corporation,Technology,Communication Equipment,United States,AMEX,274973901.0,73.44,47.21,45.48,7,60.6,2304,False,-24.25,17.39,-9.33,-7.35,24.29,67.2,101.45,80.9943,79.2699,59.087,43.9225,36.4553,2868147,1255,2026-09-18,42.97,3744198.0
NYSE:EME,EME,"EMCOR Group, Inc.",Industrials,Engineering & Construction,United States,NYSE,33086395641.0,750.09,47.22,46.94,7,60.6,2305,True,-20.48,29.18,-1.99,1.0,22.68,48.21,78.59,765.3259,742.6539,611.3995,506.1139,420.0118,282049364,1255,2026-09-18,41.74,44109901.0
NASDAQ:EXLS,EXLS,"ExlService Holdings, Inc.",Technology,Information Technology Services,United States,NASDAQ,5370320025.0,35.15,47.23,51.73,7,60.7,2306,False,-20.17,39.37,5.49,0.74,-11.72,-4.45,-1.5,33.3199,34.8904,39.8162,36.7874,35.6841,69953869,1255,2026-09-18,49.34,152782931.0
NASDAQ:TRMB,TRMB,Trimble Inc.,Technology,Scientific & Technical Instruments,United States,NASDAQ,13417899034.0,57.56,47.23,49.42,7,60.7,2307,False,-31.08,17.78,-9.89,-14.21,-16.83,-10.34,-6.28,63.8748,67.0935,69.2047,64.1948,61.4155,222890590,1255,2026-09-18,46.12,233111519.0
NASDAQ:NAUT,NAUT,"Nautilus Biotechnology, Inc.",Healthcare,Biotechnology,United States,NASDAQ,122928545.0,0.966,47.24,43.27,7,60.7,2308,False,-75.54,41.85,-54.22,-50.58,-42.97,-52.74,-55.12,2.1103,1.9547,1.6937,2.0441,2.1526,1020085,1255,2026-09-18,47.64,127255223.0
AMEX:WWR,WWR,"Westwater Resources, Inc.",Basic Materials,Other Industrial Metals & Mining,United States,AMEX,68649500.0,0.54,47.24,49.08,7,60.7,2309,False,-84.48,38.46,-22.55,-34.58,-26.46,-19.12,-27.32,0.6972,0.8255,0.7343,0.6677,0.743,608621,1255,2026-09-18,48.91,127128703.0
NASDAQ:NSSC,NSSC,"NAPCO Security Technologies, Inc.",Industrials,Security & Protection Services,United States,NASDAQ,1290828686.0,36.13,47.25,47.14,7,60.8,2310,True,-22.54,4.27,-8.67,-9.61,1.73,-0.46,4.14,39.5614,39.9732,35.5148,36.2985,34.695,21108108,1255,2026-09-18,45.83,35727337.0
NYSE:V,V,Visa Inc.,Financial Services,Credit Services,United States,NYSE,627607664073.0,368.29,47.26,51.0,7,60.8,2311,False,-4.13,25.11,9.98,9.82,11.21,19.84,29.58,334.8845,335.3528,331.1612,307.3229,284.2175,2349801584,1255,2026-09-18,49.16,1704112694.0
AMEX:MRT,MRT,"Marti Technologies, Inc.",Technology,Software - Application,Turkey,AMEX,170168708.0,1.98,47.27,49.76,7,60.8,2312,False,-24.71,52.31,-1.21,-4.77,-18.63,-1.65,-46.08,2.0042,2.0792,2.4332,2.0132,3.6718,107704,1255,2026-09-18,49.67,85943792.0
NASDAQ:SGC,SGC,"Superior Group of Companies, Inc.",Consumer Cyclical,Apparel Manufacturing,United States,NASDAQ,193862208.0,12.4,47.28,48.04,7,60.9,2313,False,-11.3,51.6,10.59,14.27,7.95,3.4,12.83,11.2121,10.8517,11.4864,11.9918,10.9896,454296,1255,2026-09-18,48.24,15634049.0
NASDAQ:AIFC,AIFC,AI Financial Corporation,Technology,Software - Infrastructure,United States,NASDAQ,71316621.0,0.51,47.3,47.32,7,60.9,2314,False,-86.92,37.84,-50.98,-61.43,-84.4,-81.38,-78.79,1.0404,1.3223,3.2693,2.7385,2.4046,407258,1255,2026-09-18,49.07,139836511.0
NASDAQ:DUOL,DUOL,"Duolingo, Inc.",Technology,Software - Application,United States,NASDAQ,5709639524.0,141.9,47.3,50.07,7,60.9,2315,False,-59.14,57.61,9.22,-10.37,-44.79,-40.14,-31.27,129.9247,158.3091,257.0155,237.0388,206.4469,168087785,1255,2026-09-18,51.74,40237065.0
NASDAQ:NHP,NHP,"National Healthcare Properties, Inc.",Real Estate,REIT - Healthcare Facilities,United States,NASDAQ,1176854928.0,16.0,47.3,50.13,7,60.9,2316,False,-6.32,33.98,,,,,,,,,,,8924506,104,2026-09-18,50.96,73553433.0
NASDAQ:PLYX,PLYX,"Polaryx Therapeutics, Inc.",Healthcare,Biotechnology,United States,NASDAQ,101685826.0,2.04,47.3,45.08,7,60.9,2317,False,-94.17,9.09,,,,,,,,,,,123915,159,2026-09-18,52.83,49845993.0
NASDAQ:CNDT,CNDT,Conduent Incorporated,Technology,Information Technology Services,United States,NASDAQ,249705871.0,1.61,47.31,48.95,7,61.0,2318,False,-45.61,38.79,0.33,-8.82,-35.31,-42.38,-46.48,1.6048,1.7658,2.4889,2.7942,3.0082,1681110,1255,2026-09-18,53.47,155096814.0
NYSE:GLW,GLW,Corning Incorporated,Technology,Electronic Components,United States,NYSE,129057426667.0,150.13,47.34,47.19,7,61.0,2319,False,-41.17,93.42,2.39,12.36,63.53,108.62,143.67,146.6305,133.6108,91.8071,71.9651,61.6123,1352880545,1255,2026-09-18,45.59,859637825.0
NYSE:GRND,GRND,Grindr Inc.,Technology,Software - Application,United States,NYSE,2736980046.0,15.4,47.34,48.92,7,61.0,2320,False,-14.16,56.35,14.34,13.42,-1.53,14.44,30.07,13.4681,13.5777,15.6392,13.4574,11.8397,18779110,1255,2026-09-18,48.06,177725977.0
NYSE:MTDR,MTDR,Matador Resources Company,Energy,Oil & Gas E&P,United States,NYSE,7054565076.0,56.81,47.38,50.74,7,61.1,2321,False,-11.94,57.66,9.28,14.19,15.46,10.38,10.06,51.9851,49.7524,49.2045,51.4673,51.6174,105518026,1255,2026-09-18,50.06,124178227.0
NASDAQ:WEST,WEST,Westrock Coffee Company,Consumer Defensive,Packaged Foods,United States,NASDAQ,764854422.0,7.84,47.38,48.32,7,61.1,2322,False,-19.42,111.32,26.03,33.37,26.23,6.68,-6.78,6.2206,5.8783,6.2108,7.3492,8.4101,2465901,1233,2026-09-18,45.0,97557962.0
NASDAQ:GWRS,GWRS,"Global Water Resources, Inc.",Utilities,Utilities - Regulated Water,United States,NASDAQ,244490889.0,8.5,47.42,52.91,7,61.1,2323,True,-19.81,29.73,8.73,3.98,-9.38,-14.83,-17.61,7.8176,8.1744,9.3796,9.9806,10.3169,832526,1255,2026-09-18,47.06,28763634.0
NYSE:TECK,TECK,Teck Resources Ltd,Basic Materials,Copper,Canada,NYSE,31646190663.0,65.52,47.43,49.92,7,61.1,2324,False,-8.84,72.16,13.71,20.49,38.6,43.51,50.15,57.6196,54.376,47.2725,45.6565,43.6351,209414508,1255,2026-09-18,46.48,483000468.0
NYSE:BBVA,BBVA,Banco Bilbao Vizcaya Argentaria S.A.,Financial Services,Banks - Diversified,Spain,NYSE,156697099474.0,28.36,47.44,51.59,7,61.2,2325,False,-4.32,65.09,18.44,23.67,60.69,94.17,130.19,23.9436,22.9316,17.6486,14.6058,12.3202,34221017,1255,2026-09-18,52.16,5525285595.0
NASDAQ:FOX,FOX,Fox Corporation,Communication Services,Entertainment,United States,NASDAQ,12727408961.0,57.74,47.44,50.53,7,61.2,2326,False,-13.91,30.72,2.0,2.45,11.98,30.82,43.25,56.6106,56.3618,51.5647,44.136,40.3067,76178984,1255,2026-09-18,49.87,220426203.0
NYSE:TCBX,TCBX,"Third Coast Bancshares, Inc.",Financial Services,Banks - Regional,United States,NYSE,738278065.0,44.37,47.44,51.15,7,61.2,2327,False,-3.82,23.08,9.63,11.04,20.93,42.85,60.07,40.4711,39.9573,36.6921,31.0604,27.7183,4941317,1219,2026-09-18,47.68,16639127.0
NYSE:WMB,WMB,"Williams Companies, Inc. (The)",Energy,Oil & Gas Midstream,United States,NYSE,88117024993.0,72.05,47.44,48.36,7,61.2,2328,False,-7.92,31.38,3.33,6.7,18.85,38.45,57.01,69.7258,67.5252,60.6234,52.0402,45.8883,620553367,1255,2026-09-18,46.41,1222998265.0
NYSE:TIC,TIC,"TIC Solutions, Inc.",Industrials,Specialty Business Services,United States,NYSE,2002645992.0,9.06,47.45,50.12,7,61.3,2329,False,-37.47,38.53,1.19,-5.53,,,,8.9533,9.5903,,,,14455362,399,2026-09-18,46.39,221042604.0
NASDAQ:FATN,FATN,"FatPipe, Inc.",Technology,Software - Infrastructure,United States,NASDAQ,80365932.0,5.73,47.46,49.15,7,61.3,2330,False,-35.55,295.17,52.79,46.17,,,,3.7503,3.9202,,,,438553,364,2026-09-18,44.55,14025468.0
NYSE:RAMP,RAMP,"LiveRamp Holdings, Inc.",Technology,Software - Infrastructure,United States,NYSE,2289539022.0,37.66,47.47,51.74,7,61.3,2331,False,-0.92,67.98,18.12,21.02,24.98,22.2,29.28,31.8838,31.1194,30.1322,30.8178,29.1306,44535719,1255,2026-09-18,58.44,60794982.0
NYSE:HY,HY,"Hyster-Yale, Inc.",Industrials,Farm & Heavy Construction Machinery,United States,NYSE,485366597.0,33.54,47.48,48.35,7,61.4,2332,True,-16.22,32.16,-1.14,-0.35,-14.52,-24.89,-20.75,33.9282,33.6568,39.2371,44.653,42.3199,3257926,1255,2026-09-18,45.77,14471276.0
NASDAQ:TOWN,TOWN,Towne Bank,Financial Services,Banks - Regional,United States,NASDAQ,3385331879.0,37.08,47.49,49.67,7,61.4,2333,False,-4.33,20.97,6.63,8.31,10.98,20.89,27.91,34.7733,34.2349,33.4102,30.6737,28.9895,19655623,1255,2026-09-18,47.76,91298055.0
AMEX:UMAC,UMAC,"Unusual Machines, Inc.",Technology,Computer Hardware,United States,AMEX,1107863135.0,23.18,47.49,48.85,7,61.4,2334,False,-31.94,198.71,28.85,37.68,88.6,,,17.9905,16.8359,12.2908,,,71715067,651,2026-09-18,49.44,47793923.0
NYSE:DFIN,DFIN,"Donnelley Financial Solutions, Inc.",Technology,Software - Application,United States,NYSE,1175427161.0,47.81,47.5,49.77,7,61.4,2335,False,-13.9,30.13,2.17,0.87,-8.66,-13.28,-7.97,46.7967,47.3959,52.344,55.1288,51.9505,11938040,1255,2026-09-18,48.53,24585383.0
NYSE:SXT,SXT,Sensient Technologies Corporation,Basic Materials,Specialty Chemicals,United States,NYSE,5516937216.0,129.6,47.51,51.04,7,61.5,2336,False,-5.71,57.29,20.14,23.52,36.79,53.03,61.73,107.8736,104.9227,94.7437,84.6901,80.1318,46190660,1255,2026-09-18,46.33,42568960.0
NYSE:OKE,OKE,"ONEOK, Inc.",Energy,Oil & Gas Midstream,United States,NYSE,58882870348.0,93.46,47.52,50.46,7,61.5,2337,False,-4.15,50.86,10.6,15.57,13.26,20.91,31.31,84.5003,80.8669,82.5202,77.2999,71.1775,357664365,1255,2026-09-18,46.62,630032852.0
NASDAQ:NPCE,NPCE,"Neuropace, Inc.",Healthcare,Medical Devices,United States,NASDAQ,486858679.0,14.28,47.55,47.3,7,61.5,2338,False,-25.97,51.91,-7.5,-2.64,13.04,21.77,46.24,15.4386,14.6665,12.6331,11.7266,9.7648,1848759,1255,2026-09-18,45.85,34093745.0
NASDAQ:LGND,LGND,Ligand Pharmaceuticals Incorporated,Healthcare,Biotechnology,United States,NASDAQ,5681440383.0,283.49,47.59,48.54,7,61.5,2339,False,-12.13,70.25,20.12,25.33,64.71,102.13,131.67,236.0106,226.2003,172.1143,140.2546,122.3667,58008421,1255,2026-09-18,48.74,20041061.0
NASDAQ:SKIN,SKIN,SkinHealth Systems Inc.,Consumer Defensive,Household & Personal Products,United States,NASDAQ,87480027.0,0.675,47.59,47.84,7,61.5,2340,False,-71.52,16.38,-30.35,-38.04,-50.02,-64.91,-83.11,0.9692,1.0895,1.3506,1.9235,3.9963,261383,1255,2026-09-18,48.51,129600040.0
NASDAQ:URGN,URGN,UroGen Pharma Ltd.,Healthcare,Biotechnology,United States,NASDAQ,2107213568.0,43.25,47.6,50.45,7,61.6,2341,False,-14.0,163.4,49.09,58.64,118.01,138.62,164.27,29.0089,27.2627,19.8389,18.1247,16.3658,30910392,1255,2026-09-18,50.32,48721701.0
NASDAQ:CHCO,CHCO,City Holding Company,Financial Services,Banks - Regional,United States,NASDAQ,2020860083.0,143.21,47.61,52.16,7,61.6,2342,True,-3.22,24.89,12.14,13.82,18.33,26.72,35.1,127.7098,125.8175,121.0301,113.0148,106.0009,16537444,1255,2026-09-18,47.17,14111166.0
NASDAQ:CRML,CRML,Critical Metals Corp.,Basic Materials,Other Industrial Metals & Mining,United States,NASDAQ,988561308.0,6.73,47.61,47.05,7,61.6,2343,False,-77.54,31.19,-30.33,-32.57,-7.74,-19.45,-24.18,9.6598,9.98,7.2943,8.3555,8.8758,56810847,1158,2026-09-18,49.41,146888753.0
NASDAQ:ENSG,ENSG,"The Ensign Group, Inc.",Healthcare,Medical Care Facilities,United States,NASDAQ,10135898097.0,173.91,47.63,48.6,7,61.7,2344,False,-19.36,18.25,-4.35,-4.02,7.08,17.75,30.1,181.8255,181.1917,162.4084,147.6916,133.676,61686083,1255,2026-09-18,49.77,58282434.0
NYSE:GNW,GNW,Genworth Financial Inc,Financial Services,Insurance - Life,United States,NYSE,3849243023.0,10.05,47.63,50.91,7,61.7,2345,False,-5.19,26.57,10.87,11.91,23.69,34.04,44.86,9.0648,8.9804,8.1252,7.4979,6.9377,43713203,1255,2026-09-18,53.68,383009256.0
NYSE:JAN,JAN,"Janus Living, Inc. Class A-1",Real Estate,REIT - Residential,United States,NYSE,6438845699.0,30.34,47.63,50.35,7,61.7,2346,True,-4.32,34.07,,,,,,,,,,,53970092,126,2026-09-18,46.58,212222996.0
NYSE:MLP,MLP,"Maui Land & Pineapple Company, Inc.",Real Estate,Real Estate Services,United States,NYSE,318826926.0,16.05,47.63,47.26,7,61.7,2347,True,-19.43,13.27,-3.23,-2.96,-10.21,-12.14,-2.59,16.5852,16.5389,17.8747,18.2672,16.4766,253535,1255,2026-09-18,43.2,19864606.0
NASDAQ:GRWG,GRWG,GrowGeneration Corp.,Consumer Cyclical,Specialty Retail,United States,NASDAQ,94342721.0,1.57,47.64,49.08,7,61.8,2348,True,-28.64,50.96,9.89,6.38,7.55,-11.58,-32.69,1.4287,1.4759,1.4598,1.7756,2.3325,387803,1255,2026-09-18,39.18,60090905.0
NYSE:AKO.B,AKO-B,Embotelladora Andina S.A.,Consumer Defensive,Beverages - Non-Alcoholic,Chile,NYSE,2328544006.0,29.52,47.66,48.68,7,61.8,2349,False,-7.85,39.59,4.41,7.51,23.28,43.13,61.12,28.2727,27.4567,23.9448,20.625,18.3214,515263,1255,2026-09-18,58.62,78880217.0
NASDAQ:HNVR,HNVR,"Hanover Bancorp, Inc.",Financial Services,Banks - Regional,United States,NASDAQ,190581882.0,26.63,47.66,51.14,7,61.8,2350,False,-4.0,34.28,13.15,15.12,18.91,30.86,35.32,23.5354,23.1324,22.395,20.3493,19.6788,982950,1093,2026-09-18,48.0,7156661.0
NASDAQ:CTBI,CTBI,"Community Trust Bancorp, Inc.",Financial Services,Banks - Regional,United States,NASDAQ,1379171336.0,75.93,47.68,51.26,7,61.9,2351,False,-3.56,54.05,15.79,20.84,34.15,50.6,62.99,65.5776,62.8377,56.602,50.419,46.5871,7470718,1255,2026-09-18,49.54,18163721.0
NASDAQ:TLNC,TLNC,Talon Capital Corp.,Financial Services,Shell Companies,United States,NASDAQ,262696170.0,10.23,47.68,47.64,7,61.9,2352,False,-1.45,3.33,0.28,,,,,10.2013,,,,,1052779,238,2026-09-18,47.68,25679000.0
NASDAQ:ACHC,ACHC,"Acadia Healthcare Company, Inc.",Healthcare,Medical Care Facilities,United States,NASDAQ,2637530791.0,28.33,47.69,48.0,7,61.9,2353,False,-20.44,142.55,20.56,22.72,-1.5,-35.47,-45.8,23.4987,23.0852,28.7614,43.9007,52.2741,40224386,1255,2026-09-18,50.16,93100275.0
NASDAQ:CBUS,CBUS,"Cibus, Inc.",Healthcare,Biotechnology,United States,NASDAQ,122893931.0,1.61,47.69,47.53,7,61.9,2354,False,-60.25,38.79,-14.73,-10.02,-25.47,-74.29,-80.74,1.888,1.7894,2.1601,6.2633,8.3571,170883,1255,2026-09-18,49.25,76331634.0
NYSE:ATEN,ATEN,"A10 Networks, Inc.",Technology,Software - Infrastructure,United States,NYSE,1882752276.0,26.15,47.7,45.03,7,62.0,2355,False,-31.23,59.16,4.09,11.03,28.44,46.22,53.35,25.1223,23.5531,20.36,17.8842,17.053,32711137,1255,2026-09-18,53.01,71998175.0
NYSE:CF,CF,"CF Industries Holdings, Inc.",Basic Materials,Agricultural Inputs,United States,NYSE,19618458290.0,127.7,47.7,50.63,7,62.0,2356,False,-8.31,70.29,16.4,22.48,36.23,46.41,50.65,109.708,104.2592,93.7406,87.2186,84.7684,358126086,1255,2026-09-18,56.16,153629274.0
NASDAQ:ICCC,ICCC,ImmuCell Corporation,Healthcare,Biotechnology,United States,NASDAQ,90015650.0,9.95,47.7,47.36,7,62.0,2357,False,-15.1,118.2,20.72,28.1,53.3,68.33,66.96,8.2423,7.7671,6.4906,5.911,5.9594,163867,1255,2026-09-18,48.53,9046799.0
NASDAQ:BFC,BFC,Bank First Corporation,Financial Services,Banks - Regional,United States,NASDAQ,1686786962.0,152.22,47.72,49.71,7,62.0,2358,False,-3.91,29.25,7.56,10.34,26.03,42.91,54.41,141.5223,137.9513,120.7811,106.5173,98.5846,11276804,1255,2026-09-18,47.4,11081244.0
NYSE:CNK,CNK,"Cinemark Holdings Inc Cinemark Holdings, Inc.",Communication Services,Entertainment,United States,NYSE,4055755806.0,34.99,47.72,49.94,7,62.0,2359,False,-8.66,60.98,20.66,22.02,22.13,39.54,57.45,28.9997,28.6766,28.6491,25.0758,22.2226,77305294,1255,2026-09-18,43.99,115911855.0
NYSE:KRO,KRO,Kronos Worldwide Inc,Basic Materials,Specialty Chemicals,United States,NYSE,921575459.0,8.01,47.73,51.32,7,62.1,2360,False,-9.58,91.33,26.0,32.09,13.56,1.87,1.42,6.3572,6.0639,7.0533,7.8628,7.8975,3264522,1255,2026-09-18,51.98,115053116.0
NASDAQ:RR,RR,Richtech Robotics Inc.,Industrials,Specialty Industrial Machinery,United States,NASDAQ,306714082.0,1.67,47.73,47.44,7,62.1,2361,False,-76.35,23.7,-34.77,-44.34,-31.5,,,2.5604,3.0003,2.438,,,10717593,710,2026-09-18,50.08,183661127.0
NYSE:AMT,AMT,American Tower Corporation (REIT),Real Estate,REIT - Specialty,United States,NYSE,81067729151.0,173.98,47.74,49.19,7,62.2,2362,False,-9.52,7.32,-0.81,-1.37,-7.13,-6.0,-5.3,175.4025,176.3957,187.3369,185.0889,183.7225,386764366,1255,2026-09-18,50.99,465960048.0
NASDAQ:HOFT,HOFT,Hooker Furnishings Corporation,Consumer Cyclical,"Furnishings, Fixtures & Appliances",United States,NASDAQ,142434279.0,13.26,47.74,46.91,7,62.2,2363,False,-25.01,59.21,0.78,6.98,10.48,-2.09,-4.66,13.1568,12.3952,12.0023,13.5435,13.9083,768902,1255,2026-09-18,45.06,10741650.0
NASDAQ:NGEN,NGEN,NervGen Pharma Corp.,Healthcare,Biotechnology,Canada,NASDAQ,218145898.0,2.05,47.74,49.41,7,62.2,2364,False,-65.66,28.93,-38.44,-36.34,-24.81,-14.84,-3.99,3.3303,3.2203,2.7262,2.4073,2.1353,1448798,1255,2026-09-18,62.34,106412633.0
NASDAQ:GEVO,GEVO,"Gevo, Inc.",Basic Materials,Specialty Chemicals,United States,NASDAQ,382155787.0,1.57,47.75,48.59,7,62.2,2365,False,-43.53,12.14,-15.03,-18.06,-10.03,8.15,2.79,1.8478,1.916,1.745,1.4517,1.5275,4308389,1255,2026-09-18,49.53,243411329.0
NASDAQ:QNT,QNT,Quantinuum Inc.,Technology,Software - Application,United States,NASDAQ,1902985144.0,51.58,47.75,47.36,7,62.2,2366,False,-37.98,8.96,,,,,,,,,,,84611533,74,2026-09-18,53.43,36893857.0
NYSE:ALTG,ALTG,Alta Equipment Group Inc.,Industrials,Rental & Leasing Services,United States,NYSE,197816083.0,6.08,47.76,46.97,7,62.3,2367,False,-26.75,45.11,-4.12,-3.09,-4.25,-19.09,-32.89,6.341,6.2737,6.3501,7.5142,9.0593,1076280,1255,2026-09-18,48.82,32535540.0
NYSE:AIN,AIN,Albany International Corporation,Consumer Cyclical,Textile Manufacturing,United States,NYSE,1718594307.0,60.61,47.77,45.9,7,62.3,2368,True,-20.15,49.3,1.34,4.22,-5.82,-14.85,-19.88,59.8087,58.1548,64.3535,71.1786,75.6494,16352933,1255,2026-09-18,45.53,28354963.0
NASDAQ:BRUN,BRUN,Boost Run Inc.,Technology,Software - Infrastructure,United States,NASDAQ,550837979.0,17.27,47.78,46.06,7,62.3,2369,False,-55.94,62.31,-4.22,2.39,,,,18.0307,16.8667,,,,41972604,431,2026-09-18,45.81,31895656.0
NASDAQ:ELBM,ELBM,Electra Battery Materials Corporation,Basic Materials,Other Industrial Metals & Mining,Canada,NASDAQ,59579826.0,0.558,47.78,48.06,7,62.3,2370,False,-92.05,13.88,-19.5,-34.29,-52.21,-60.35,-80.95,0.6932,0.8492,1.1677,1.4075,2.9287,202798,1255,2026-09-18,45.59,106773882.0
NYSE:EMR,EMR,Emerson Electric Company,Industrials,Specialty Industrial Machinery,United States,NYSE,83970192000.0,149.92,47.79,49.03,7,62.4,2371,False,-8.49,22.55,5.04,7.09,15.61,25.7,36.18,142.7265,139.9882,129.6766,119.2689,110.0897,338846028,1255,2026-09-18,43.13,560100000.0
NYSE:NABL,NABL,"N-able, Inc.",Technology,Information Technology Services,United States,NYSE,723372634.0,3.84,47.81,48.28,7,62.4,2372,False,-54.82,28.0,-22.15,-30.42,-47.5,-58.5,-61.46,4.9325,5.5187,7.3146,9.252,9.9646,13061003,1255,2026-09-18,52.1,188378290.0
NASDAQ:OSUR,OSUR,"OraSure Technologies, Inc.",Healthcare,Medical Instruments & Supplies,United States,NASDAQ,245100849.0,3.56,47.81,45.82,7,62.4,2373,False,-20.89,68.72,7.73,11.21,6.78,-14.63,-20.31,3.3047,3.2012,3.334,4.1699,4.4675,1801617,1255,2026-09-18,43.59,68848553.0
NYSE:SD,SD,"SandRidge Energy, Inc.",Energy,Oil & Gas E&P,United States,NYSE,522762547.0,14.16,47.81,49.66,7,62.4,2374,False,-18.71,33.18,-3.36,0.63,15.59,16.43,17.2,14.6527,14.0719,12.2502,12.1614,12.0821,5212123,1255,2026-09-18,50.23,36918259.0
NYSE:CNC,CNC,Centene Corporation,Healthcare,Healthcare Plans,United States,NYSE,32164014450.0,65.11,47.82,49.52,7,62.5,2375,False,-6.2,104.94,26.13,34.56,26.69,10.79,4.81,51.6206,48.3873,51.3938,58.7699,62.1205,306134998,1255,2026-09-18,53.46,493995000.0
NASDAQ:TMCI,TMCI,"Treace Medical Concepts, Inc.",Healthcare,Medical Devices,United States,NASDAQ,291279662.0,4.49,47.83,50.27,7,62.5,2376,False,-37.55,274.17,50.19,28.27,-15.25,-33.99,-58.7,2.9896,3.5005,5.298,6.8016,10.8722,1138763,1255,2026-09-18,49.07,64872976.0
NASDAQ:TRST,TRST,TrustCo Bank Corp NY,Financial Services,Banks - Regional,United States,NASDAQ,964976760.0,56.67,47.84,50.86,7,62.5,2377,True,-4.13,68.8,17.03,23.0,46.03,64.01,71.86,48.4232,46.0739,38.8073,34.5533,32.9755,9580368,1255,2026-09-18,45.17,17028000.0
NASDAQ:NTGR,NTGR,"NETGEAR, Inc.",Technology,Communication Equipment,United States,NASDAQ,582694294.0,21.71,47.85,47.14,7,62.6,2378,False,-39.71,9.26,-6.68,-12.26,-13.77,0.97,6.29,23.2649,24.7424,25.1767,21.502,20.4248,7557539,1255,2026-09-18,57.39,26839903.0
NASDAQ:MCHP,MCHP,Microchip Technology Incorporated,Technology,Semiconductors,United States,NASDAQ,39786223270.0,73.27,47.86,46.32,7,62.6,2379,False,-28.23,53.38,-5.51,-0.69,9.58,2.91,3.09,77.5417,73.7777,66.8668,71.2009,71.0708,594775681,1255,2026-09-18,41.58,543008370.0
NASDAQ:REGN,REGN,"Regeneron Pharmaceuticals, Inc.",Healthcare,Biotechnology,United States,NASDAQ,79378035294.0,784.85,47.86,51.72,7,62.6,2380,False,-7.88,42.01,7.2,10.39,12.9,0.87,1.84,732.1535,710.9707,695.1963,778.0838,770.6656,565678573,1255,2026-09-18,49.27,101137842.0
NASDAQ:SPWR,SPWR,SunPower Inc.,Technology,Solar,United States,NASDAQ,63759164.0,0.317,47.87,44.88,7,62.6,2381,False,-84.98,45.41,-69.63,-73.36,-78.89,-77.9,,1.0439,1.19,1.5015,1.4345,,7264384,931,2026-09-18,53.63,201133009.0
NASDAQ:ACIU,ACIU,AC Immune SA,Healthcare,Biotechnology,Switzerland,NASDAQ,267664497.0,2.63,47.88,50.05,7,62.7,2382,False,-34.09,24.06,-6.87,-8.93,-1.58,-9.45,-6.36,2.8239,2.8878,2.6722,2.9045,2.8085,478323,1255,2026-09-18,50.7,101773573.0
NASDAQ:LILAK,LILAK,Liberty Latin America Ltd.,Communication Services,Telecom Services,Bermuda,NASDAQ,1353240000.0,8.4,47.88,53.0,7,62.7,2383,False,-5.08,78.68,34.64,37.53,54.94,55.44,54.55,6.239,6.1075,5.4214,5.4039,5.435,10679542,1255,2026-09-18,53.28,161100000.0
NASDAQ:NESR,NESR,National Energy Services Reunited Corp,Energy,Oil & Gas Equipment & Services,United States,NASDAQ,3285603568.0,32.58,47.88,51.42,7,62.7,2384,False,-10.27,224.66,34.12,49.83,119.74,,,24.2923,21.745,14.8266,,,57617255,552,2026-09-18,47.35,100847255.0
NASDAQ:MSLE,MSLE,Satellos Bioscience Inc.,Healthcare,Biotechnology,Canada,NASDAQ,194146691.0,9.32,47.89,49.94,7,62.8,2385,False,-28.36,71.07,12.5,18.41,33.87,52.89,68.59,8.2848,7.8711,6.9621,6.0959,5.5282,262577,1255,2026-09-18,53.04,20831190.0
NYSE:NE,NE,Noble Corporation plc A,Energy,Oil & Gas Drilling,United States,NYSE,7065764569.0,44.26,47.89,49.75,7,62.8,2386,True,-16.85,73.78,6.19,13.94,35.87,27.48,28.15,41.6795,38.8442,32.5752,34.7204,34.5377,54876171,1255,2026-09-18,47.55,159642218.0
NYSE:VAC,VAC,Marriott Vacations Worldwide Corporation,Consumer Cyclical,Resorts & Casinos,United States,NYSE,3538022453.0,103.02,47.89,49.26,7,62.8,2387,False,-16.76,136.54,32.44,39.15,41.57,37.62,20.57,77.787,74.0353,72.7675,74.856,85.4466,53956675,1255,2026-09-18,50.6,34343064.0
NYSE:CAT,CAT,"Caterpillar, Inc.",Industrials,Farm & Heavy Construction Machinery,United States,NYSE,371872388452.0,808.99,47.9,46.38,7,62.8,2388,False,-23.89,76.03,3.43,10.99,47.61,73.39,99.61,782.1694,728.9011,548.0599,466.5781,405.2775,1916142996,1255,2026-09-18,44.62,459674889.0
NASDAQ:ACOG,ACOG,Alpha Cognition Inc.,Healthcare,Biotechnology,United States,NASDAQ,192265338.0,8.83,47.92,50.59,7,62.9,2389,False,-9.44,96.22,31.04,31.14,,,,6.7386,6.7332,,,,1331600,463,2026-09-18,48.24,21774104.0
NYSE:YETI,YETI,"YETI Holdings, Inc.",Consumer Cyclical,Leisure,United States,NYSE,3197758814.0,42.21,47.92,45.16,7,62.9,2390,False,-19.87,31.45,-5.09,-0.98,8.09,5.84,5.94,44.4724,42.6262,39.0493,39.8825,39.8436,70278766,1255,2026-09-18,42.79,75758323.0
NASDAQ:SVCO,SVCO,"Silvaco Group, Inc.",Technology,Software - Application,United States,NASDAQ,229210883.0,6.84,47.94,45.17,7,62.9,2391,False,-50.4,111.76,-5.73,-0.32,1.56,,,7.2561,6.8618,6.7348,,,2176939,592,2026-09-18,45.81,33510363.0
NYSE:U,U,Unity Software Inc.,Technology,Software - Application,United States,NYSE,18072548876.0,41.4,47.94,53.24,7,62.9,2392,False,-16.31,141.68,28.77,23.18,40.73,46.99,40.2,32.1496,33.6095,29.4185,28.1651,29.5297,373503048,1255,2026-09-18,49.98,436534997.0
NASDAQ:ZYME,ZYME,Zymeworks Inc.,Healthcare,Biotechnology,United States,NASDAQ,1940222731.0,26.57,47.95,50.02,7,63.0,2393,False,-14.43,64.42,6.02,11.5,43.03,71.11,94.89,25.061,23.8306,18.5769,15.5285,13.6331,22734541,1255,2026-09-18,52.36,73023061.0
NASDAQ:ROKU,ROKU,"Roku, Inc.",Communication Services,Entertainment,United States,NASDAQ,20272813671.0,153.64,47.97,52.93,7,63.0,2394,False,-3.83,85.26,27.28,32.14,57.65,73.47,87.57,120.7146,116.2709,97.4554,88.5701,81.9122,359314635,1255,2026-09-18,49.17,131950102.0
AMEX:CTGO,CTGO,Contango Silver & Gold Inc.,Basic Materials,Gold,United States,AMEX,627408550.0,18.73,47.98,49.43,7,63.0,2395,False,-43.41,26.3,-16.25,-16.95,-3.06,-3.12,-9.9,22.3643,22.5516,19.3211,19.3323,20.7885,7818682,1255,2026-09-18,50.71,33497520.0
NYSE:OBDC,OBDC,Blue Owl Capital Corporation,Financial Services,Asset Management,United States,NYSE,5508402496.0,11.17,47.98,49.48,7,63.0,2396,False,-9.89,10.01,0.76,-0.09,-5.31,-4.15,2.47,11.0859,11.1796,11.796,11.6536,10.9005,32306081,1255,2026-09-18,55.19,493142569.0
NYSE:TM,TM,Toyota Motor Corporation,Consumer Cyclical,Auto Manufacturers,Japan,NYSE,226791678149.0,191.53,47.98,50.51,7,63.0,2397,False,-22.86,15.03,-5.2,-4.96,0.33,-0.36,7.36,202.0423,201.5271,190.8969,192.2156,178.4023,66733622,1255,2026-09-18,51.93,1184105248.0
NASDAQ:IESC,IESC,"IES Holdings, Inc.",Industrials,Engineering & Construction,United States,NASDAQ,6418679436.0,322.16,47.99,48.24,7,63.1,2398,True,-18.85,80.01,12.97,20.84,64.47,115.82,174.11,285.1731,266.5933,195.8772,149.2729,117.5297,92001125,1255,2026-09-18,46.5,19923887.0
NYSE:RACE,RACE,Ferrari N.V.,Consumer Cyclical,Auto Manufacturers,Italy,NYSE,71481799526.0,406.69,48.0,50.97,7,63.1,2399,False,-18.39,30.75,11.73,8.36,-1.89,0.94,11.31,364.0006,375.3139,414.5059,402.9128,365.3521,148208981,1255,2026-09-18,53.36,175764832.0
NASDAQ:SEDG,SEDG,"SolarEdge Technologies, Inc.",Technology,Solar,Israel,NASDAQ,2109175245.0,34.68,48.0,45.94,7,63.1,2400,False,-55.83,21.81,-17.6,-15.56,15.69,-16.65,-64.77,42.0876,41.0699,29.9755,41.6083,98.4358,112883648,1255,2026-09-18,51.72,60818202.0
NASDAQ:BCML,BCML,BayCom Corp,Financial Services,Banks - Regional,United States,NASDAQ,328370442.0,30.1,48.01,47.28,7,63.2,2401,False,-12.61,15.38,0.73,2.67,10.1,22.16,33.0,29.882,29.3182,27.338,24.6402,22.631,1553696,1255,2026-09-18,50.68,10909317.0
NASDAQ:NVCT,NVCT,"Nuvectis Pharma, Inc.",Healthcare,Biotechnology,United States,NASDAQ,693561726.0,22.0,48.01,51.22,7,63.2,2402,True,-22.89,289.38,72.52,93.3,134.98,146.59,129.35,12.7523,11.3815,9.3626,8.9215,9.5924,5374355,1159,2026-09-18,44.65,31525533.0
NASDAQ:RMBS,RMBS,"Rambus, Inc.",Technology,Semiconductors,United States,NASDAQ,9501236423.0,87.6,48.01,45.44,7,63.2,2403,False,-48.67,9.87,-18.65,-17.41,6.96,18.29,30.89,107.6819,106.0652,81.8971,74.0581,66.9279,201888027,1255,2026-09-18,45.37,108461603.0
NASDAQ:FA,FA,First Advantage Corporation,Industrials,Specialty Business Services,United States,NASDAQ,3558736478.0,20.72,48.03,50.18,7,63.2,2404,False,-14.1,131.51,32.71,35.48,27.08,27.96,36.01,15.6128,15.2941,16.305,16.1924,15.2345,28571613,1255,2026-09-18,50.47,171753691.0
NASDAQ:AMZN,AMZN,"Amazon.com, Inc.",Consumer Cyclical,Internet Retail,United States,NASDAQ,2729186235008.0,253.71,48.04,48.87,7,63.3,2405,False,-10.67,27.63,5.58,6.73,13.31,24.05,40.18,240.3007,237.7128,223.9036,204.5224,180.9905,8418934610,1255,2026-09-18,45.39,10757109436.0
NASDAQ:DOMO,DOMO,"Domo, Inc.",Technology,Software - Application,United States,NASDAQ,164584608.0,3.76,48.05,50.31,7,63.3,2406,False,-79.34,88.0,-17.98,-41.81,-54.53,-55.47,-62.73,4.5844,6.4614,8.2698,8.443,10.0893,5094822,1255,2026-09-18,53.74,43772502.0
NASDAQ:NCEW,NCEW,New Century Logistics (BVI) Limited,Industrials,Integrated Freight & Logistics,Hong Kong,NASDAQ,55104000.0,17.22,48.05,49.23,7,63.3,2407,False,-16.81,472.09,32.96,54.29,,,,12.9511,11.161,,,,8383,438,2026-09-18,48.05,3200000.0
NASDAQ:CRNT,CRNT,Ceragon Networks Ltd.,Technology,Communication Equipment,Israel,NASDAQ,189058886.0,2.08,48.06,46.04,7,63.4,2408,False,-35.0,10.05,-10.57,-10.64,-20.13,-18.81,-13.32,2.3259,2.3278,2.6043,2.5618,2.3998,591245,1255,2026-09-18,51.0,90893695.0
NYSE:BJ,BJ,"BJ's Wholesale Club Holdings, Inc.",Consumer Defensive,Discount Stores,United States,NYSE,11751677624.0,92.03,48.07,48.77,7,63.4,2409,False,-10.46,9.79,-1.55,-1.24,-5.52,2.17,8.01,93.476,93.1896,97.4086,90.072,85.203,162889522,1255,2026-09-18,51.47,127693987.0
NASDAQ:DJT,DJT,Trump Media & Technology Group Corp.,Communication Services,Internet Content & Information,United States,NASDAQ,2451041378.0,8.85,48.07,48.6,7,63.4,2410,False,-49.77,25.35,-12.16,-19.85,-50.4,-59.74,-56.78,10.0754,11.0414,17.844,21.9818,20.478,31403852,1247,2026-09-18,45.29,276953828.0
NASDAQ:NTCT,NTCT,"NetScout Systems, Inc.",Technology,Software - Infrastructure,United States,NASDAQ,2777935663.0,38.21,48.07,47.4,7,63.4,2411,False,-14.79,50.02,10.59,16.07,38.34,49.92,42.47,34.5517,32.9187,27.6205,25.4871,26.8203,25606979,1255,2026-09-18,55.77,72701797.0
NASDAQ:BCBP,BCBP,"BCB Bancorp, Inc. (NJ)",Financial Services,Banks - Regional,United States,NASDAQ,151406729.0,8.72,48.08,44.72,7,63.5,2412,False,-23.98,19.11,-4.04,-1.26,-4.68,-6.69,-13.7,9.087,8.8314,9.1484,9.3453,10.1037,2553265,1255,2026-09-18,47.13,17363157.0
NYSE:SITC,SITC,SITE Centers Corp.,Real Estate,REIT - Retail,United States,NYSE,154800878.0,2.95,48.08,44.33,7,63.5,2413,False,-43.81,4.98,-27.25,-30.41,-38.41,-42.91,-41.38,4.055,4.2391,4.7897,5.1673,5.0321,2858690,1255,2026-09-18,46.19,52474874.0
NASDAQ:COFS,COFS,"ChoiceOne Financial Services, Inc.",Financial Services,Banks - Regional,United States,NASDAQ,498448736.0,33.34,48.11,49.99,7,63.5,2414,False,-2.87,31.61,9.17,11.16,12.37,20.95,28.4,30.5386,29.9917,29.6698,27.5641,25.9649,2541836,1255,2026-09-18,49.16,14950472.0
NASDAQ:LINK,LINK,"Interlink Electronics, Inc.",Technology,Electronic Components,United States,NASDAQ,81585036.0,5.18,48.12,50.46,7,63.5,2415,True,-45.89,88.36,29.67,16.08,20.26,22.11,23.37,3.9948,4.4623,4.3073,4.2422,4.1987,125027,1255,2026-09-18,46.12,15750007.0
NYSE:MOH,MOH,Molina Healthcare Inc,Healthcare,Healthcare Plans,United States,NYSE,10481238000.0,200.79,48.13,48.65,7,63.6,2416,False,-17.33,63.71,11.52,12.9,-12.85,-25.82,-28.28,180.0548,177.8478,230.3835,270.6668,279.953,121898228,1255,2026-09-18,52.15,52200000.0
NASDAQ:CURX,CURX,Curanex Pharmaceuticals Inc,Healthcare,Biotechnology,United States,NASDAQ,124699573.0,4.4,48.14,47.81,7,63.6,2417,False,-82.4,20.22,-33.68,-45.26,,,,6.6345,8.0383,,,,120953,268,2026-09-18,51.56,28340812.0
NASDAQ:INOD,INOD,Innodata Inc.,Technology,Information Technology Services,United States,NASDAQ,1865927156.0,57.14,48.14,45.71,7,63.6,2418,False,-52.97,65.86,-5.94,-9.12,12.08,52.3,91.08,60.7488,62.8752,50.9817,37.5172,29.9041,54709218,1255,2026-09-18,47.71,32655358.0
NYSE:MCS,MCS,Marcus Corporation (The),Communication Services,Entertainment,United States,NYSE,660100876.0,27.68,48.15,51.63,7,63.6,2419,False,-10.79,115.7,38.26,46.66,52.34,68.48,73.47,20.0206,18.8737,18.1702,16.4293,15.9564,6327242,1255,2026-09-18,50.87,23847575.0
NASDAQ:SEV,SEV,Aptera Motors Corp.,,,,NASDAQ,59691696.0,2.17,48.16,49.24,7,63.7,2420,False,-79.98,53.9,-20.55,,,,,2.7311,,,,,744153,232,2026-09-18,42.76,27507694.0
NASDAQ:MBWM,MBWM,Mercantile Bank Corporation,Financial Services,Banks - Regional,United States,NASDAQ,1037674318.0,60.03,48.17,51.16,7,63.7,2421,False,-3.4,43.32,12.96,17.18,26.53,38.48,51.8,53.142,51.2269,47.4449,43.3491,39.5445,6848777,1255,2026-09-18,50.24,17285929.0
NYSE:NOG,NOG,"Northern Oil and Gas, Inc.",Energy,Oil & Gas E&P,United States,NYSE,2725043058.0,25.05,48.19,52.31,7,63.7,2422,False,-15.53,44.21,6.63,8.44,-3.86,-11.59,-11.21,23.4926,23.0996,26.0556,28.3333,28.2131,55690044,1255,2026-09-18,49.24,108784154.0
NYSE:BETA,BETA,"Beta Technologies, Inc.",Industrials,Aerospace & Defense,United States,NYSE,4645119782.0,20.9,48.21,49.59,7,63.8,2423,False,-43.21,53.79,2.78,,,,,20.3343,,,,,77143262,219,2026-09-18,51.99,222254535.0
NASDAQ:PLRX,PLRX,"Pliant Therapeutics, Inc.",Healthcare,Biotechnology,United States,NASDAQ,68731476.0,1.11,48.21,48.81,7,63.8,2424,False,-40.64,7.77,-7.96,-13.67,-69.98,-84.76,-90.06,1.206,1.2857,3.6971,7.2818,11.1667,448903,1255,2026-09-18,50.75,61920249.0
NASDAQ:CLAR,CLAR,Clarus Corporation,Consumer Cyclical,Leisure,United States,NASDAQ,137620520.0,3.58,48.22,51.18,7,63.8,2425,False,-6.28,43.79,12.27,11.24,1.5,-15.33,-32.6,3.1888,3.2184,3.527,4.2279,5.3118,485487,1255,2026-09-18,48.22,38441486.0
NASDAQ:FNRN,FNRN,First Northern Community Bancorp,Financial Services,Banks - Regional,United States,NASDAQ,283184924.0,17.26,48.22,47.7,7,63.8,2426,True,-8.19,45.57,9.76,14.83,40.31,58.61,75.01,15.7256,15.0307,12.301,10.8821,9.8623,1782631,1255,2026-09-18,45.46,16407006.0
AMEX:NHC,NHC,National HealthCare Corporation,Healthcare,Medical Care Facilities,United States,AMEX,3469278463.0,222.11,48.23,50.57,7,63.9,2427,False,-6.18,92.74,23.58,32.22,63.22,83.23,111.88,179.7349,167.9869,136.0803,121.2172,104.8307,24073640,1255,2026-09-18,51.84,15619641.0
NASDAQ:TACT,TACT,TransAct Technologies Incorporated,Technology,Computer Hardware,United States,NASDAQ,52409023.0,5.1,48.23,49.52,7,63.9,2428,False,-12.67,58.88,20.3,17.23,21.77,9.99,-0.29,4.2394,4.3504,4.1882,4.637,5.1148,87260,1255,2026-09-18,51.61,10276279.0
NYSE:VAL,VAL,Valaris Limited,Energy,Oil & Gas Drilling,Bermuda,NYSE,5815943194.0,83.76,48.23,49.26,7,63.9,2429,False,-26.15,79.17,3.28,11.2,39.56,32.75,31.63,81.1019,75.3263,60.0153,63.0966,63.633,98568233,1255,2026-09-18,48.7,69435807.0
NYSE:LAW,LAW,"CS Disco, Inc.",Technology,Software - Application,United States,NYSE,266799129.0,4.16,48.24,49.73,7,63.9,2430,False,-53.31,50.72,-11.84,-18.3,-16.6,-24.9,-32.58,4.7187,5.0917,4.988,5.5396,6.1702,851004,1255,2026-09-18,50.22,64134406.0
NYSE:GEF,GEF,Greif Inc.,Consumer Cyclical,Packaging & Containers,United States,NYSE,2051922863.0,82.71,48.27,51.51,7,64.0,2431,False,-7.53,50.75,15.89,20.55,30.34,33.99,35.2,71.3697,68.6088,63.4561,61.7286,61.1754,29490037,1255,2026-09-18,49.89,24808643.0
NYSE:BILL,BILL,"BILL Holdings, Inc.",Technology,Software - Application,United States,NYSE,4737816303.0,47.57,48.31,51.18,7,64.0,2432,False,-15.52,48.84,8.74,5.38,-7.77,-16.29,-31.55,43.7484,45.1402,51.579,56.8244,69.4974,95262451,1255,2026-09-18,48.31,99596727.0
NYSE:CLDT,CLDT,Chatham Lodging Trust (REIT) Common Shares of Beneficial Interest,Real Estate,REIT - Hotel & Motel,United States,NYSE,605922236.0,12.98,48.31,49.92,7,64.0,2433,True,-5.87,115.44,32.76,43.01,57.77,55.51,49.29,9.777,9.0764,8.2272,8.3467,8.6947,3688309,1255,2026-09-18,43.54,46681220.0
NASDAQ:ETON,ETON,"Eton Pharmaceuticals, Inc.",Healthcare,Drug Manufacturers - Specialty & Generic,United States,NASDAQ,1520275869.0,55.5,48.31,53.25,7,64.0,2434,False,-13.86,286.76,84.29,100.24,167.3,265.88,354.53,30.115,27.7166,20.7636,15.1688,12.2104,30517505,1255,2026-09-18,52.32,27392358.0
NYSE:HG,HG,"Hamilton Insurance Group, Ltd.",Financial Services,Insurance - Reinsurance,Bermuda,NYSE,2325968229.0,34.96,48.33,50.31,7,64.1,2435,False,-6.22,60.97,14.09,19.94,46.03,,,30.6421,29.1476,23.9399,,,12944089,715,2026-09-18,50.62,66532272.0
NASDAQ:NCNO,NCNO,"nCino, Inc.",Technology,Software - Application,United States,NASDAQ,2306089598.0,21.05,48.33,52.38,7,64.1,2436,False,-31.1,50.25,10.82,2.97,-17.93,-23.36,-23.69,18.9946,20.4434,25.6489,27.4645,27.5845,62315269,1255,2026-09-18,51.21,109552950.0
NYSE:MOD,MOD,Modine Manufacturing Company,Consumer Cyclical,Auto Parts,United States,NYSE,10023430254.0,188.72,48.34,45.91,7,64.1,2437,False,-38.51,57.69,-11.01,-5.28,21.77,45.32,81.81,212.0635,199.2323,154.9802,129.8645,103.7984,231298320,1255,2026-09-18,45.53,53112708.0
NYSE:GL,GL,Globe Life Inc.,Financial Services,Insurance - Life,United States,NYSE,13465154453.0,173.42,48.35,48.67,7,64.1,2438,True,-6.77,33.84,11.61,14.7,28.39,39.63,44.05,155.3752,151.1936,135.075,124.1983,120.3924,69938494,1255,2026-09-18,45.16,77644761.0
NASDAQ:DTCX,DTCX,"Datacentrex, Inc.",Financial Services,Financial Data & Stock Exchanges,United States,NASDAQ,80468406.0,2.07,48.36,49.05,7,64.2,2439,False,-61.81,26.99,-12.67,-26.38,-52.72,-55.73,-60.72,2.3704,2.8116,4.3782,4.6763,5.2694,848342,1129,2026-09-18,50.8,38873626.0
NYSE:J,J,Jacobs Solutions Inc.,Industrials,Engineering & Construction,United States,NYSE,16932798049.0,143.4,48.36,51.86,7,64.2,2440,False,-11.87,34.43,8.3,5.45,7.62,13.48,20.63,132.4101,135.9899,133.2482,126.3703,118.8715,120475300,1255,2026-09-18,50.2,118080879.0
AMEX:NEWP,NEWP,New Pacific Metals Corp.,Basic Materials,Silver,Canada,AMEX,1110419130.0,6.0,48.36,50.96,7,64.2,2441,False,-19.03,194.12,28.75,42.61,112.86,148.13,148.57,4.6603,4.2071,2.8187,2.4181,2.4138,5485814,1255,2026-09-18,46.13,185069855.0
NYSE:NX,NX,Quanex Building Products Corporation,Industrials,Building Products & Equipment,United States,NYSE,922692817.0,20.09,48.36,50.37,7,64.2,2442,False,-12.05,81.83,9.48,15.79,3.43,-12.21,-11.7,18.3509,17.3509,19.4235,22.8841,22.7512,10713221,1255,2026-09-18,51.21,45927965.0
NASDAQ:GPRE,GPRE,"Green Plains, Inc.",Basic Materials,Chemicals,United States,NASDAQ,1060957136.0,15.15,48.37,47.95,7,64.3,2443,False,-21.22,72.35,4.05,11.15,39.31,5.42,-19.23,14.5602,13.6304,10.8751,14.3712,18.7572,27311073,1255,2026-09-18,47.68,70030174.0
NASDAQ:VRM,VRM,"Vroom, Inc.",Financial Services,Credit Services,United States,NASDAQ,50045295.0,9.61,48.37,50.22,7,64.3,2444,False,-66.22,39.28,-29.6,-39.28,,,,13.6515,15.8258,,,,705186,397,2026-09-18,53.7,5207627.0
NASDAQ:CHKP,CHKP,Check Point Software Technologies Ltd.,Technology,Software - Infrastructure,Israel,NASDAQ,13549775138.0,132.71,48.38,49.63,7,64.3,2445,False,-35.86,18.0,-10.67,-16.2,-26.91,-23.55,-17.96,148.5639,158.3612,181.5815,173.5912,161.7572,149034649,1255,2026-09-18,53.86,102100634.0
NYSE:KEX,KEX,Kirby Corporation,Industrials,Marine Shipping,United States,NYSE,7397851200.0,138.35,48.38,48.89,7,64.3,2446,False,-9.33,73.05,3.57,10.17,17.88,25.19,37.45,133.5864,125.5734,117.3685,110.5092,100.6552,51720073,1255,2026-09-18,48.49,53472000.0
NASDAQ:UBSI,UBSI,"United Bankshares, Inc.",Financial Services,Banks - Regional,United States,NASDAQ,6451344639.0,47.11,48.39,50.11,7,64.4,2447,True,-3.81,42.33,9.69,13.91,23.5,32.42,36.92,42.9476,41.3578,38.1443,35.5766,34.4072,48003948,1255,2026-09-18,47.4,136942149.0
NASDAQ:MWH,MWH,"SOLV Energy, Inc.",Utilities,Utilities - Renewable,United States,NASDAQ,3274303310.0,26.46,48.4,46.46,7,64.4,2448,True,-43.43,10.9,,,,,,,,,,,38846765,151,2026-09-18,44.23,123745401.0
NASDAQ:SVRA,SVRA,"Savara, Inc.",Healthcare,Biotechnology,United States,NASDAQ,1100459128.0,5.37,48.41,48.19,7,64.4,2449,False,-22.62,59.35,-3.99,1.76,29.3,27.3,43.92,5.5932,5.2772,4.153,4.2185,3.7313,7868122,1255,2026-09-18,50.08,204927212.0
NYSE:BB,BB,BlackBerry Limited,Technology,Software - Infrastructure,Canada,NYSE,4682942444.0,7.99,48.42,47.05,7,64.5,2450,False,-37.63,153.65,29.84,37.35,68.99,91.18,86.89,6.1538,5.8173,4.7282,4.1792,4.2752,75309681,1255,2026-09-18,47.4,586100431.0
NASDAQ:MCRI,MCRI,"Monarch Casino & Resort, Inc.",Consumer Cyclical,Resorts & Casinos,United States,NASDAQ,2177048626.0,121.47,48.43,48.72,7,64.5,2451,False,-9.04,37.95,11.08,14.0,27.39,42.04,50.5,109.3579,106.5566,95.3564,85.5162,80.7084,23319378,1255,2026-09-18,51.58,17922521.0
NASDAQ:SENEB,SENEB,Seneca Foods Corp.,Consumer Defensive,Packaged Foods,United States,NASDAQ,291590800.0,188.22,48.44,52.91,7,64.5,2452,False,-9.74,80.62,28.05,34.37,67.49,101.74,126.12,146.994,140.0742,112.3751,93.2981,83.2404,39337,1255,2026-09-18,48.44,1549202.0
NASDAQ:SSNC,SSNC,"SS&C Technologies Holdings, Inc.",Technology,Software - Application,United States,NASDAQ,18755973830.0,79.93,48.45,52.73,7,64.5,2453,False,-9.81,29.28,7.09,4.47,3.16,11.86,19.73,74.6396,76.5076,77.4831,71.456,66.7565,134458172,1255,2026-09-18,48.9,234654996.0
NASDAQ:WATT,WATT,Energous Corporation,Technology,Communication Equipment,United States,NASDAQ,67168443.0,12.21,48.45,43.75,7,64.5,2454,False,-65.44,225.17,-21.04,-11.83,-6.52,-49.65,-88.93,15.4641,13.8485,13.0613,24.2525,110.2606,1609888,1255,2026-09-18,43.42,5501101.0
NYSE:GHC,GHC,Graham Holdings Company,Industrials,Conglomerates,United States,NYSE,3740076387.0,1143.4301,48.46,48.33,7,64.6,2455,True,-7.34,21.12,1.68,2.79,12.41,26.19,38.76,1124.4886,1112.4148,1017.2197,906.1512,824.057,46503601,1255,2026-09-18,45.78,3270927.0
NASDAQ:NTLA,NTLA,"Intellia Therapeutics, Inc.",Healthcare,Biotechnology,United States,NASDAQ,1696228443.0,12.14,48.47,48.04,7,64.6,2456,False,-56.61,51.0,-4.49,-9.5,-3.93,-29.47,-48.66,12.7103,13.4139,12.6364,17.2135,23.6464,46228298,1255,2026-09-18,49.84,139722277.0
NYSE:MDA,MDA,MDA Space Ltd.,Industrials,Aerospace & Defense,Canada,NYSE,4868908570.0,30.07,48.51,46.41,7,64.7,2457,False,-38.23,27.36,,,,,,,,,,,37243025,132,2026-09-18,50.47,161919141.0
NASDAQ:NDSN,NDSN,Nordson Corporation,Industrials,Specialty Industrial Machinery,United States,NASDAQ,17360041058.0,311.57,48.51,51.04,7,64.7,2458,False,-6.63,42.4,10.87,15.29,28.03,29.05,32.06,281.0263,270.2597,243.3654,241.4283,235.9344,124242820,1255,2026-09-18,48.69,55717948.0
NASDAQ:GDEV,GDEV,GDEV Inc.,Communication Services,Electronic Gaming & Multimedia,Cyprus,NASDAQ,208186109.0,11.47,48.52,47.7,7,64.7,2459,True,-68.31,7.95,-20.94,-30.65,-31.48,-35.87,-56.32,14.5087,16.5396,16.7398,17.8863,26.2619,24994,1255,2026-09-18,48.52,18150489.0
NASDAQ:MDB,MDB,"MongoDB, Inc.",Technology,Software - Infrastructure,United States,NASDAQ,30850469920.0,383.56,48.52,49.9,7,64.7,2460,False,-18.79,69.75,11.37,12.14,31.5,24.23,29.53,344.3908,342.0252,291.6839,308.7612,296.1135,776277421,1255,2026-09-18,51.22,80431927.0
NYSE:AGM,AGM,Federal Agricultural Mortgage Corporation,Financial Services,Credit Services,United States,NYSE,2059631181.0,220.94,48.53,52.44,7,64.8,2461,False,-7.95,61.51,21.9,24.9,23.31,26.76,37.61,181.247,176.8915,179.1747,174.2955,160.5571,24741369,1255,2026-09-18,52.92,9322129.0
NYSE:ELF,ELF,"e.l.f. Beauty, Inc.",Consumer Defensive,Household & Personal Products,United States,NYSE,5683888234.0,96.44,48.53,52.54,7,64.8,2462,True,-34.25,94.55,25.04,14.16,2.55,-16.06,-9.09,77.1248,84.4773,94.038,114.8907,106.0817,159334063,1255,2026-09-18,42.87,58937041.0
NASDAQ:HWC,HWC,Hancock Whitney Corporation,Financial Services,Banks - Regional,United States,NASDAQ,6031301450.0,74.95,48.54,49.66,7,64.8,2463,False,-5.43,41.46,8.85,12.57,24.8,39.27,48.71,68.8558,66.5812,60.0566,53.8145,50.3985,56014189,1255,2026-09-18,46.98,80471000.0
NASDAQ:ORRF,ORRF,"Orrstown Financial Services, Inc.",Financial Services,Banks - Regional,United States,NASDAQ,826386973.0,42.06,48.56,50.76,7,64.8,2464,True,-3.27,35.02,10.81,13.78,21.53,34.12,47.53,37.9557,36.9663,34.6094,31.3603,28.5086,3657216,1255,2026-09-18,46.19,19647812.0
NYSE:PEB,PEB,Pebblebrook Hotel Trust Common Shares of Beneficial Interest,Real Estate,REIT - Hotel & Motel,United States,NYSE,2028631266.0,18.04,48.57,49.07,7,64.9,2465,False,-8.66,77.25,21.39,28.31,41.62,36.86,33.49,14.8618,14.06,12.7385,13.1818,13.5145,38380528,1255,2026-09-18,47.76,112451844.0
NASDAQ:HONA,HONA,Honeywell Aerospace Inc.,,,,NASDAQ,51853465810.0,163.6,48.58,46.88,7,64.9,2466,False,-39.4,7.93,,,,,,,,,,,674954783,67,2026-09-18,51.35,316952725.0
NASDAQ:MRVI,MRVI,"Maravai LifeSciences Holdings, Inc.",Healthcare,Biotechnology,United States,NASDAQ,1028117963.0,6.97,48.59,50.73,7,64.9,2467,False,-22.56,159.11,49.82,60.06,66.51,30.1,-8.57,4.6523,4.3545,4.1858,5.3575,7.623,30120850,1255,2026-09-18,53.4,147506164.0
NASDAQ:ASML,ASML,ASML Holding N.V. - New York Registry Shares,Technology,Semiconductor Equipment & Materials,Netherlands,NASDAQ,645257272000.0,1679.92,48.6,48.38,7,64.9,2468,False,-15.45,82.26,11.54,19.76,57.91,70.81,89.2,1506.1397,1402.7678,1063.8454,983.4999,887.9056,2111600883,1255,2026-09-18,42.87,384100000.0
NYSE:HL,HL,Hecla Mining Company,Basic Materials,Other Precious Metals & Mining,United States,NYSE,12689878665.0,18.92,48.63,51.04,7,65.0,2469,False,-40.49,75.83,-1.3,5.45,57.31,97.13,122.63,19.1692,17.9427,12.027,9.5976,8.4985,638024764,1255,2026-09-18,48.87,670712403.0
NASDAQ:NRIX,NRIX,"Nurix Therapeutics, Inc.",Healthcare,Biotechnology,United States,NASDAQ,2640206016.0,25.44,48.64,52.05,7,65.0,2470,False,-8.46,208.74,31.61,43.47,51.53,62.74,76.58,19.3293,17.7322,16.7885,15.6325,14.407,34010747,1255,2026-09-18,49.17,103781683.0
NYSE:IONQ,IONQ,"IonQ, Inc.",Technology,Computer Hardware,United States,NYSE,14606053065.0,39.13,48.66,47.62,7,65.0,2471,False,-52.33,47.16,-10.76,-17.4,-1.6,30.9,60.39,43.8499,47.3715,39.7674,29.8937,24.3968,752496682,1255,2026-09-18,51.78,373269948.0
NYSE:MTN,MTN,"Vail Resorts, Inc.",Consumer Cyclical,Resorts & Casinos,United States,NYSE,4981566935.0,139.8,48.66,48.38,7,65.0,2472,True,-12.63,19.3,3.32,2.58,-2.41,-10.34,-16.29,135.3099,136.2896,143.2501,155.9142,167.0113,104712051,1255,2026-09-18,45.61,35633526.0
NASDAQ:CAAS,CAAS,"China Automotive Systems, Inc.",Consumer Cyclical,Auto Parts,China,NASDAQ,152060338.0,5.04,48.67,52.1,7,65.1,2473,False,-8.53,26.0,11.94,12.46,16.0,28.87,24.05,4.5025,4.4815,4.3449,3.9109,4.0628,221849,1255,2026-09-18,49.03,30170702.0
AMEX:CMT,CMT,Core Molding Technologies Inc,Basic Materials,Specialty Chemicals,United States,AMEX,207231836.0,24.2,48.67,48.58,7,65.1,2474,False,-14.64,37.81,7.16,10.62,27.15,26.62,30.4,22.584,21.877,19.032,19.1123,18.558,747099,1255,2026-09-18,40.3,8563299.0
NASDAQ:TPCS,TPCS,TechPrecision Corporation,Industrials,Metal Fabrication,United States,NASDAQ,54132133.0,5.4,48.68,52.09,7,65.1,2475,False,-13.32,85.57,22.58,19.9,34.33,26.7,7.41,4.4052,4.5037,4.02,4.2622,5.0273,158608,1255,2026-09-18,48.98,10024469.0
AMEX:CMCL,CMCL,Caledonia Mining Corporation Plc,Basic Materials,Gold,Jersey,AMEX,465637105.0,24.11,48.7,53.41,7,65.1,2476,False,-35.34,44.41,-0.0,-5.97,18.55,41.87,55.28,24.1102,25.6418,20.3377,16.9943,15.5264,4500149,1255,2026-09-18,50.17,19313028.0
NASDAQ:FCCO,FCCO,First Community Corporation,Financial Services,Banks - Regional,United States,NASDAQ,317052927.0,33.73,48.71,50.83,7,65.2,2477,False,-3.18,30.15,9.64,12.33,26.34,43.56,53.64,30.7649,30.0275,26.6974,23.4952,21.9538,1814231,1255,2026-09-18,49.59,9399731.0
NYSE:GEV,GEV,GE Vernova Inc.,Industrials,Specialty Industrial Machinery,United States,NYSE,250441456222.0,940.33,48.71,47.63,7,65.2,2478,True,-19.96,71.92,4.31,12.27,51.22,,,901.4596,837.5512,621.8279,,,2081884005,622,2026-09-18,46.19,266333581.0
NYSE:SMWB,SMWB,Similarweb Ltd.,Technology,Software - Application,Israel,NYSE,720952452.0,8.23,48.71,53.06,7,65.2,2479,False,-16.45,253.22,54.19,36.94,3.52,8.12,13.16,5.3375,6.0101,7.9502,7.6121,7.2728,6071869,1255,2026-09-18,50.72,87600541.0
NYSE:PM,PM,Philip Morris International Inc,Consumer Defensive,Tobacco,United States,NYSE,293985666864.0,188.62,48.72,50.09,7,65.3,2480,False,-5.77,34.16,8.21,11.2,20.59,40.59,55.43,174.3069,169.6177,156.4124,134.1668,121.3526,762916381,1255,2026-09-18,51.84,1558613439.0
NYSE:TLYS,TLYS,"Tilly's, Inc.",Consumer Cyclical,Apparel Retail,United States,NYSE,95974772.0,4.14,48.72,49.68,7,65.3,2481,False,-24.04,250.85,23.65,38.4,42.13,-0.92,-19.86,3.3481,2.9914,2.9129,4.1785,5.1662,6073747,1255,2026-09-18,51.26,23182312.0
NYSE:ACI,ACI,"Albertsons Companies, Inc.",Consumer Defensive,Grocery Stores,United States,NYSE,5993772185.0,12.35,48.73,47.33,7,65.3,2482,False,-34.77,11.97,-19.56,-21.63,-29.25,-31.82,-32.51,15.3534,15.7592,17.4556,18.1139,18.2981,94223452,1255,2026-09-18,52.24,485325683.0
NASDAQ:PLXS,PLXS,Plexus Corp.,Technology,Electronic Components,United States,NASDAQ,6601611753.0,246.73,48.75,47.61,7,65.3,2483,False,-18.79,85.87,9.03,17.96,41.82,63.95,79.82,226.2971,209.1645,173.9698,150.4947,137.2065,52487715,1255,2026-09-18,47.89,26756421.0
NASDAQ:BATRK,BATRK,"Atlanta Braves Holdings, Inc. - Series C",Communication Services,Entertainment,United States,NASDAQ,2672517443.0,50.57,48.76,48.86,7,65.4,2484,False,-5.62,32.94,9.09,12.31,17.59,21.42,26.79,46.357,45.0252,43.0039,41.6496,39.8855,22726773,1255,2026-09-18,49.09,52847883.0
NASDAQ:CHRD,CHRD,Chord Energy Corporation,Energy,Oil & Gas E&P,United States,NASDAQ,8134668952.0,144.49,48.76,51.83,7,65.4,2485,False,-7.97,77.34,18.72,25.46,32.18,19.35,20.04,121.7019,115.1716,109.3149,121.068,120.3682,103222244,1255,2026-09-18,51.21,56299183.0
NASDAQ:OVID,OVID,Ovid Therapeutics Inc.,Healthcare,Biotechnology,United States,NASDAQ,502061874.0,2.69,48.76,50.43,7,65.4,2486,False,-9.12,124.17,19.54,28.66,91.0,44.78,30.51,2.2502,2.0908,1.4084,1.858,2.0612,4354719,1255,2026-09-18,49.39,186640102.0
NASDAQ:PPC,PPC,Pilgrim's Pride Corporation,Consumer Defensive,Packaged Foods,United States,NASDAQ,7107539441.0,29.85,48.76,50.31,7,65.4,2487,True,-31.79,12.6,-12.58,-14.82,-23.91,-15.59,-5.42,34.1464,35.0438,39.2299,35.3644,31.5613,40299872,1255,2026-09-18,45.92,238108524.0
NYSE:VGNT,VGNT,Versigent PLC,Consumer Cyclical,Auto Parts,Switzerland,NYSE,3251183248.0,45.86,48.76,50.54,7,65.4,2488,False,-8.68,70.69,,,,,,,,,,,36286040,121,2026-09-18,54.42,70893660.0
NYSE:ECVT,ECVT,Ecovyst Inc.,Basic Materials,Specialty Chemicals,United States,NYSE,1142694373.0,10.44,48.77,45.61,7,65.5,2489,False,-30.26,33.16,-11.11,-5.76,11.92,12.39,9.7,11.7448,11.0783,9.3277,9.2888,9.5171,14118354,1255,2026-09-18,52.79,109453484.0
NYSE:CB,CB,Chubb Limited,Financial Services,Insurance - Property & Casualty,Switzerland,NYSE,131418863970.0,340.64,48.79,49.15,7,65.5,2490,False,-6.01,28.17,4.37,7.42,14.51,22.55,32.56,326.3779,317.1165,297.4768,277.9629,256.9701,577725563,1255,2026-09-18,50.69,385799859.0
NASDAQ:TIGO,TIGO,Millicom International Cellular S.A.,Communication Services,Telecom Services,Luxembourg,NASDAQ,15792456511.0,94.26,48.79,50.19,7,65.5,2491,False,-9.63,118.38,22.34,33.36,90.2,143.91,192.09,77.0459,70.6809,49.5591,38.6449,32.2709,77083118,1255,2026-09-18,52.57,167541444.0
NASDAQ:MGTX,MGTX,MeiraGTx Holdings plc,Healthcare,Biotechnology,United States,NASDAQ,1227076087.0,13.25,48.81,51.0,7,65.6,2492,False,-11.49,89.56,33.1,37.86,65.07,87.12,89.4,9.9552,9.6115,8.0267,7.081,6.9958,10198082,1255,2026-09-18,45.5,92609516.0
NASDAQ:NXPI,NXPI,NXP Semiconductors N.V.,Technology,Semiconductors,Netherlands,NASDAQ,57490910030.0,227.99,48.81,46.28,7,65.6,2493,False,-30.92,25.97,-6.23,-3.36,2.32,2.29,9.15,243.126,235.9247,222.8238,222.8768,208.8792,733144043,1255,2026-09-18,48.78,252164174.0
NYSE:SJM,SJM,The J.M. Smucker Company,Consumer Defensive,Packaged Foods,United States,NYSE,13140980836.0,122.95,48.81,52.12,7,65.6,2494,False,-7.1,40.15,16.06,17.03,17.48,16.48,9.87,105.9335,105.063,104.6563,105.552,111.9057,195162058,1255,2026-09-18,51.03,106880690.0
NYSE:E,E,ENI S.p.A.,Energy,Oil & Gas Integrated,Italy,NYSE,79131086311.0,54.62,48.86,50.89,7,65.6,2495,False,-4.76,64.21,12.42,19.12,45.64,58.51,71.83,48.5859,45.8532,37.5023,34.4575,31.7877,18493508,1255,2026-09-18,52.68,1448756615.0
NASDAQ:HURC,HURC,"Hurco Companies, Inc.",Industrials,Specialty Industrial Machinery,United States,NASDAQ,143644822.0,22.18,48.87,50.47,7,65.7,2496,False,-4.89,51.09,20.49,22.04,21.05,17.84,11.02,18.4088,18.175,18.3231,18.8218,19.9787,581489,1255,2026-09-18,54.69,6476322.0
NASDAQ:ASTL,ASTL,Algoma Steel Group Inc.,Basic Materials,Steel,Canada,NASDAQ,447901631.0,4.25,48.89,49.39,7,65.7,2497,False,-26.72,33.23,-3.75,-1.39,-27.01,-34.63,-35.38,4.4158,4.31,5.8225,6.5012,6.5768,4093975,1255,2026-09-18,53.67,105388619.0
NYSE:DNOW,DNOW,DNOW Inc.,Industrials,Industrial Distribution,United States,NYSE,2845891891.0,15.59,48.9,51.81,7,65.7,2498,False,-7.59,40.2,13.09,12.15,9.3,13.8,18.79,13.7855,13.9009,14.263,13.6999,13.1236,35595254,1255,2026-09-18,54.14,182545984.0
NYSE:SCCO,SCCO,Southern Copper Corporation,Basic Materials,Copper,United States,NYSE,163278714864.0,195.7,48.9,50.56,7,65.7,2499,False,-10.92,93.71,10.53,18.16,53.35,73.92,98.07,177.061,165.6241,127.6149,112.5242,98.8024,238389140,1255,2026-09-18,49.24,834331706.0
NASDAQ:DDOG,DDOG,"Datadog, Inc.",Technology,Software - Application,United States,NASDAQ,77001268851.0,229.92,48.91,48.52,7,65.8,2500,False,-20.21,124.06,28.28,31.17,52.04,65.06,83.38,179.2277,175.2838,151.2262,139.2931,125.3792,827499611,1255,2026-09-18,52.58,334904614.0
NASDAQ:ZJK,ZJK,"ZJK Industrial Co., Ltd.",Industrials,Specialty Industrial Machinery,China,NASDAQ,117283168.0,2.12,48.91,50.29,7,65.8,2501,False,-45.5,39.47,-2.49,-8.54,,,,2.1741,2.3179,,,,378157,494,2026-09-18,51.1,55322249.0
AMEX:GAU,GAU,Galiano Gold Inc.,Basic Materials,Gold,Canada,AMEX,556385317.0,2.13,48.92,50.15,7,65.8,2502,False,-40.34,23.84,-11.66,-11.83,10.2,26.61,51.6,2.4111,2.4159,1.9328,1.6824,1.4051,5938297,1255,2026-09-18,44.6,261213764.0
NYSE:NMG,NMG,Nouveau Monde Graphite Inc.,Basic Materials,Other Industrial Metals & Mining,Canada,NYSE,457468919.0,1.39,48.92,47.5,7,65.8,2503,False,-72.58,10.32,-31.31,-36.86,-28.93,-31.36,-46.15,2.0235,2.2014,1.9559,2.0252,2.5815,567237,1255,2026-09-18,46.06,329114330.0
AMEX:MINE,MINE,Mayfair Gold Corp.,Basic Materials,Gold,Canada,AMEX,197387178.0,2.94,48.93,50.92,7,65.9,2504,False,-36.64,36.11,,,,,,,,,,,647098,163,2026-09-18,50.11,67138496.0
NASDAQ:FCAP,FCAP,"First Capital, Inc.",Financial Services,Banks - Regional,United States,NASDAQ,208326215.0,62.27,48.94,49.58,7,65.9,2505,False,-9.17,63.64,9.41,14.97,37.11,59.31,75.74,56.9129,54.1625,45.4146,39.0875,35.4328,1159993,1255,2026-09-18,45.43,3345531.0
NYSE:WOR,WOR,"Worthington Enterprises, Inc.",Industrials,Metal Fabrication,United States,NYSE,2807856790.0,57.38,48.96,49.88,7,65.9,2506,False,-7.84,23.45,4.65,4.57,10.73,12.54,22.58,54.8323,54.8735,51.8203,50.985,46.811,21996597,1255,2026-09-18,56.66,48934416.0
NYSE:CHMI,CHMI,Cherry Hill Mortgage Investment Corporation,Real Estate,REIT - Mortgage,United States,NYSE,103605497.0,2.82,48.98,55.23,7,66.0,2507,False,-5.05,45.87,14.63,18.15,18.09,17.86,10.48,2.4601,2.3868,2.3879,2.3926,2.5525,713895,1255,2026-09-18,54.38,36739538.0
NYSE:EW,EW,Edwards Lifesciences Corporation,Healthcare,Medical Devices,United States,NYSE,50820108000.0,88.26,48.98,49.18,7,66.0,2508,True,-7.27,21.49,3.83,5.19,12.33,12.23,11.2,85.0058,83.905,78.5707,78.6438,79.3694,273816493,1255,2026-09-18,48.94,575800000.0
NASDAQ:ORKA,ORKA,"Oruka Therapeutics, Inc.",Healthcare,Biotechnology,United States,NASDAQ,5727237111.0,94.96,48.98,50.48,7,66.0,2509,False,-16.02,530.96,55.38,77.05,172.82,231.53,281.45,61.1131,53.6358,34.8072,28.6434,24.8946,80731258,1255,2026-09-18,53.52,60312101.0
NYSE:CPF,CPF,Central Pacific Financial Corp New,Financial Services,Banks - Regional,United States,NYSE,971353574.0,37.64,48.99,49.74,7,66.0,2510,True,-5.12,41.18,10.13,13.98,25.82,44.56,59.67,34.1785,33.0241,29.915,26.0379,23.5737,6595486,1255,2026-09-18,44.73,25806418.0
NASDAQ:FIZZ,FIZZ,National Beverage Corp.,Consumer Defensive,Beverages - Non-Alcoholic,United States,NASDAQ,2958142423.0,31.6,48.99,49.59,7,66.0,2511,False,-9.36,12.77,1.02,0.61,-11.4,-15.57,-17.36,31.2822,31.4079,35.6647,37.428,38.2372,13188297,1255,2026-09-18,49.47,93612102.0
NASDAQ:AVPT,AVPT,"AvePoint, Inc.",Technology,Software - Infrastructure,United States,NASDAQ,2796506815.0,13.19,49.01,51.16,7,66.1,2512,False,-17.36,46.72,12.68,7.99,-7.65,6.44,25.2,11.7055,12.2138,14.282,12.3915,10.5353,22559092,1255,2026-09-18,54.05,212017196.0
NASDAQ:CORZ,CORZ,"Core Scientific, Inc.",Technology,Software - Infrastructure,United States,NASDAQ,5780914534.0,17.99,49.01,46.65,7,66.1,2513,False,-38.31,32.57,-9.01,-7.3,12.54,,,19.7708,19.4067,15.9859,,,198505664,666,2026-09-18,44.22,321340441.0
NASDAQ:GLBE,GLBE,Global-E Online Ltd.,Consumer Cyclical,Internet Retail,Israel,NASDAQ,6389479554.0,38.04,49.02,49.63,7,66.2,2514,False,-10.2,38.13,7.0,6.75,-0.06,2.58,7.37,35.5505,35.6332,38.0627,37.0848,35.4287,51176384,1255,2026-09-18,50.69,167967391.0
NASDAQ:NDAQ,NDAQ,"Nasdaq, Inc.",Financial Services,Financial Data & Stock Exchanges,United States,NASDAQ,52286743377.0,93.54,49.02,49.96,7,66.2,2515,False,-6.43,22.13,4.0,4.74,10.53,24.11,33.63,89.9394,89.3034,84.6252,75.369,69.9986,295738937,1255,2026-09-18,41.71,558977372.0
NASDAQ:CLNE,CLNE,Clean Energy Fuels Corp.,Energy,Oil & Gas Refining & Marketing,United States,NASDAQ,372179631.0,1.69,49.04,47.19,7,66.2,2516,False,-44.77,7.64,-20.46,-23.76,-26.42,-33.7,-47.09,2.1246,2.2166,2.2969,2.549,3.1943,3322459,1255,2026-09-18,52.79,220224634.0
NYSE:HTH,HTH,Hilltop Holdings Inc.,Financial Services,Financial Conglomerates,United States,NYSE,2214120017.0,38.65,49.05,49.86,7,66.2,2517,False,-2.87,27.23,4.43,7.11,17.1,21.7,25.6,37.0119,36.0838,33.0053,31.7594,30.7711,12591765,1255,2026-09-18,49.05,57286417.0
NYSE:ERO,ERO,Ero Copper Corp.,Basic Materials,Copper,Canada,NYSE,3563178167.0,34.17,49.06,51.2,7,66.2,2518,False,-15.42,103.51,15.94,22.97,59.86,69.19,77.21,29.4713,27.7883,21.3748,20.1957,19.282,58933035,1255,2026-09-18,46.21,104277968.0
NASDAQ:PEGA,PEGA,Pegasystems Inc.,Technology,Software - Application,United States,NASDAQ,5762393322.0,35.05,49.08,51.39,7,66.3,2519,False,-47.15,35.21,-13.74,-20.68,-21.98,-10.61,1.08,40.6332,44.1858,44.9264,39.2091,34.6745,87747127,1255,2026-09-18,53.63,164404945.0
NASDAQ:RGTI,RGTI,"Rigetti Computing, Inc.",Technology,Computer Hardware,United States,NASDAQ,5238605198.0,15.76,49.09,48.02,7,66.3,2520,False,-72.03,22.17,-16.43,-29.08,-0.98,43.15,83.87,18.859,22.2228,15.9156,11.0092,8.5713,261243674,1255,2026-09-18,50.75,332398807.0
NYSE:CE,CE,Celanese Corporation,Basic Materials,Chemicals,United States,NYSE,4979775896.0,45.41,49.1,48.45,7,66.3,2521,False,-34.37,28.03,-10.95,-7.01,-22.28,-46.68,-49.68,50.9962,48.8327,58.4309,85.1653,90.2437,77844808,1255,2026-09-18,55.26,109662539.0
NYSE:ROG,ROG,Rogers Corporation,Technology,Electronic Components,United States,NYSE,2318773833.0,129.77,49.11,48.57,7,66.4,2522,False,-22.34,71.74,7.68,15.12,32.28,23.19,9.53,120.5121,112.7211,98.1055,105.3425,118.4762,25616665,1255,2026-09-18,50.68,17868335.0
NASDAQ:CCNE,CCNE,CNB Financial Corporation,Financial Services,Banks - Regional,United States,NASDAQ,1011653419.0,34.15,49.13,50.87,7,66.4,2523,False,-3.86,52.0,12.71,17.71,30.71,43.47,50.86,30.2982,29.0116,26.1257,23.8027,22.6374,5372338,1255,2026-09-18,48.53,29623819.0
NASDAQ:FMNB,FMNB,Farmers National Banc Corp.,Financial Services,Banks - Regional,United States,NASDAQ,921385727.0,15.56,49.13,51.96,7,66.4,2524,False,-3.92,29.47,12.27,13.59,16.59,22.33,26.38,13.8596,13.6986,13.3456,12.7198,12.3121,5941222,1255,2026-09-18,51.56,59215021.0
NASDAQ:NBTB,NBTB,NBT Bancorp Inc.,Financial Services,Banks - Regional,United States,NASDAQ,2679047050.0,51.51,49.14,51.16,7,66.4,2525,True,-4.32,35.64,12.52,15.59,18.49,26.88,32.37,45.7804,44.5613,43.4704,40.5989,38.9147,16171718,1255,2026-09-18,48.53,52010232.0
NASDAQ:WASH,WASH,"Washington Trust Bancorp, Inc.",Financial Services,Banks - Regional,United States,NASDAQ,749681010.0,39.31,49.14,52.29,7,66.4,2526,False,-2.36,62.62,16.44,21.9,30.81,41.74,39.79,33.7603,32.2469,30.051,27.7337,28.1208,5812233,1255,2026-09-18,50.01,19071000.0
NYSE:AME,AME,"AMETEK, Inc.",Industrials,Specialty Industrial Machinery,United States,NYSE,54467801395.0,237.64,49.16,49.01,7,66.5,2527,False,-7.94,33.36,4.6,8.38,19.77,27.49,36.11,227.1825,219.2576,198.4058,186.4016,174.5913,330467136,1255,2026-09-18,44.74,229203002.0
NASDAQ:SHBI,SHBI,"Shore Bancshares, Inc.",Financial Services,Banks - Regional,United States,NASDAQ,776261485.0,23.23,49.16,50.89,7,66.5,2528,True,-5.02,56.87,14.97,20.31,37.27,55.51,59.6,20.2052,19.3085,16.9226,14.9378,14.5547,4156931,1255,2026-09-18,47.7,33416336.0
NASDAQ:HURA,HURA,"TuHURA Biosciences, Inc.",Healthcare,Biotechnology,United States,NASDAQ,133733309.0,2.1,49.2,48.36,7,66.5,2529,False,-33.33,377.27,14.99,8.75,-28.14,-78.86,-95.89,1.8263,1.9311,2.9222,9.9332,51.0572,391265,1255,2026-09-18,48.46,63682528.0
NASDAQ:PAYS,PAYS,"Paysign, Inc.",Technology,Software - Infrastructure,United States,NASDAQ,689877239.0,12.34,49.2,53.52,7,66.5,2530,False,-12.73,288.05,77.27,85.31,131.35,162.39,192.15,6.9611,6.6592,5.3338,4.7029,4.2239,10675768,1255,2026-09-18,50.05,55905773.0
NASDAQ:CRDL,CRDL,Cardiol Therapeutics Inc.,Healthcare,Drug Manufacturers - Specialty & Generic,Canada,NASDAQ,216135450.0,1.875,49.21,53.8,7,66.6,2531,True,-17.94,102.48,49.91,54.48,45.09,36.2,54.7,1.2508,1.2138,1.2923,1.3767,1.212,3185016,1255,2026-09-18,48.36,115272240.0
NYSE:NRT,NRT,North European Oil Royality Trust,Energy,Oil & Gas E&P,United States,NYSE,81428627.0,8.86,49.21,52.62,7,66.6,2532,False,-5.44,96.92,12.71,21.48,58.28,61.46,37.82,7.8607,7.2935,5.5978,5.4875,6.4284,349516,1255,2026-09-18,56.7,9190590.0
NASDAQ:SHMD,SHMD,SCHMID Group N.V.,Industrials,Specialty Industrial Machinery,Germany,NASDAQ,242343429.0,3.69,49.21,46.25,7,66.6,2533,False,-64.59,55.37,-38.12,-33.25,-12.21,,,5.9633,5.5282,4.2031,,,2665256,598,2026-09-18,46.2,65675726.0
NASDAQ:POET,POET,POET Technologies Inc.,Technology,Semiconductors,Canada,NASDAQ,1346202000.0,7.8,49.22,47.93,7,66.7,2534,False,-62.08,87.05,-5.74,-0.5,24.91,61.84,70.68,8.2752,7.8388,6.2444,4.8195,4.5701,60539642,1255,2026-09-18,45.69,172590000.0
NYSE:SBXE,SBXE,SilverBox Corp V,Financial Services,Shell Companies,United States,NYSE,278760000.0,10.1,49.23,50.22,7,66.7,2535,False,-0.79,1.92,,,,,,,,,,,364156,165,2026-09-18,55.0,27600000.0
NASDAQ:IBKR,IBKR,"Interactive Brokers Group, Inc.",Financial Services,Capital Markets,United States,NASDAQ,40400976971.0,90.69,49.24,49.56,7,66.7,2536,False,-7.55,49.18,13.43,17.25,43.66,79.03,111.44,79.9555,77.3499,63.1274,50.657,42.8907,369413531,1255,2026-09-18,44.15,445484364.0
NYSE:HVT,HVT,"Haverty Furniture Companies, Inc.",Consumer Cyclical,Home Improvement Retail,United States,NYSE,406073085.0,27.28,49.25,52.37,7,66.8,2537,True,-5.09,44.28,14.03,17.29,25.65,17.72,15.69,23.9237,23.2578,21.7105,23.1728,23.5799,3481354,1255,2026-09-18,48.87,14885377.0
NASDAQ:MDWD,MDWD,MediWound Ltd.,Healthcare,Biotechnology,Israel,NASDAQ,172220217.0,13.4,49.25,47.75,7,66.8,2538,False,-31.95,6.26,-16.55,-18.65,-22.47,-17.23,-9.66,16.0583,16.473,17.283,16.1897,14.8327,1639875,1255,2026-09-18,48.54,12852255.0
NASDAQ:PLAB,PLAB,"Photronics, Inc.",Technology,Semiconductor Equipment & Materials,United States,NASDAQ,1716433249.0,29.11,49.25,47.24,7,66.8,2539,False,-47.03,43.54,-18.79,-12.39,5.93,8.43,17.1,35.8473,33.2262,27.481,26.8473,24.8582,47976761,1255,2026-09-18,45.89,58963698.0
NASDAQ:BUSE,BUSE,First Busey Corporation,Financial Services,Banks - Regional,United States,NASDAQ,2522305670.0,30.32,49.27,51.56,7,66.8,2540,True,-3.99,42.17,13.13,17.06,25.79,31.55,37.28,26.8022,25.9014,24.1028,23.0479,22.0859,21445887,1255,2026-09-18,45.64,83189501.0
NASDAQ:RDCM,RDCM,Radcom Ltd.,Communication Services,Telecom Services,Israel,NASDAQ,173576969.0,10.37,49.28,44.4,7,66.9,2541,False,-35.75,4.64,-17.71,-19.03,-17.32,-9.24,-6.39,12.602,12.8071,12.5419,11.4262,11.0784,1192171,1255,2026-09-18,54.72,16738377.0
NYSE:ACN,ACN,Accenture plc Class A Ordinary Shares (Ireland),Technology,Information Technology Services,Ireland,NYSE,110938984941.0,181.29,49.29,52.05,7,66.9,2542,False,-35.88,47.44,-8.16,-12.09,-30.26,-34.79,-34.27,197.3937,206.2118,259.9434,277.989,275.8271,905223021,1255,2026-09-18,58.18,611942109.0
NASDAQ:COKE,COKE,"Coca-Cola Consolidated, Inc.",Consumer Defensive,Beverages - Non-Alcoholic,United States,NASDAQ,10855849515.0,192.08,49.29,50.87,7,66.9,2543,False,-11.21,72.73,6.37,12.35,30.6,50.46,75.96,180.5746,170.9653,147.072,127.666,109.1632,108619709,1255,2026-09-18,59.05,56517334.0
NYSE:BMO,BMO,Bank Of Montreal,Financial Services,Banks - Diversified,Canada,NYSE,122215695849.0,174.49,49.31,49.73,7,67.0,2544,False,-6.09,47.71,14.1,18.71,42.39,60.48,71.95,152.921,146.9907,122.5412,108.7283,101.4799,131572622,1255,2026-09-18,47.53,700416619.0
NYSE:DXYZ,DXYZ,Destiny Tech100 Inc.,Financial Services,Asset Management,United States,NYSE,953879940.0,31.31,49.31,50.4,7,67.0,2545,False,-56.05,50.38,-1.28,3.26,-6.18,,,31.7153,30.3217,33.3719,,,31341615,623,2026-09-18,48.63,30465664.0
NYSE:PRIM,PRIM,Primoris Services Corporation,Industrials,Engineering & Construction,United States,NYSE,4184683137.0,77.13,49.31,45.79,7,67.0,2546,True,-61.96,6.96,-36.55,-37.61,-23.18,-4.44,15.46,121.5682,123.6315,100.4092,80.7157,66.8002,93501612,1255,2026-09-18,48.01,54254935.0
NASDAQ:TRNS,TRNS,"Transcat, Inc.",Industrials,Specialty Business Services,United States,NASDAQ,804943660.0,86.0,49.31,48.61,7,67.0,2547,False,-12.03,65.19,11.01,14.33,3.11,-6.85,-4.7,77.4692,75.2197,83.4059,92.3233,90.2391,8420099,1255,2026-09-18,47.53,9359810.0
NASDAQ:AMKR,AMKR,"Amkor Technology, Inc.",Technology,Semiconductor Equipment & Materials,United States,NASDAQ,12497159342.0,50.3,49.32,46.82,7,67.0,2548,False,-46.13,79.23,-11.2,-2.28,35.35,45.19,57.65,56.6435,51.4747,37.1622,34.6441,31.9063,212408319,1255,2026-09-18,44.52,248452472.0
NASDAQ:ADP,ADP,"Automatic Data Processing, Inc.",Technology,Software - Application,United States,NASDAQ,107891316000.0,271.22,49.33,52.74,7,67.1,2549,False,-5.05,45.68,15.64,12.6,2.49,7.18,11.57,234.535,240.8741,264.6435,253.0437,243.0987,616373953,1255,2026-09-18,50.49,397800000.0
NASDAQ:PDLB,PDLB,"Ponce Financial Group, Inc.",Financial Services,Banks - Regional,United States,NASDAQ,491256269.0,20.31,49.33,50.89,7,67.1,2550,True,-2.17,44.86,12.14,16.49,33.22,54.28,68.15,18.1114,17.4349,15.2457,13.164,12.0786,1646427,1255,2026-09-18,48.93,24187901.0
NYSE:SCL,SCL,Stepan Company,Basic Materials,Specialty Chemicals,United States,NYSE,1406689575.0,61.88,49.33,52.09,7,67.1,2551,False,-5.95,50.76,14.88,19.24,12.3,-1.39,-11.38,53.8645,51.8943,55.1028,62.7553,69.8227,9150462,1255,2026-09-18,56.14,22732540.0
NYSE:TNET,TNET,"TriNet Group, Inc.",Industrials,Staffing & Employment Services,United States,NYSE,3088929820.0,67.29,49.34,52.74,7,67.2,2552,False,-6.11,101.57,29.82,25.7,1.17,-16.3,-16.36,51.8339,53.5305,66.5123,80.3957,80.4512,23067169,1255,2026-09-18,50.46,45904738.0
NASDAQ:TSBK,TSBK,"Timberland Bancorp, Inc.",Financial Services,Banks - Regional,United States,NASDAQ,356705458.0,45.91,49.34,52.25,7,67.2,2553,False,-2.32,51.54,13.53,18.6,34.19,46.49,52.67,40.4382,38.7083,34.2121,31.3397,30.0707,1717401,1255,2026-09-18,55.41,7769668.0
NASDAQ:FUSB,FUSB,"First US Bancshares, Inc.",Financial Services,Banks - Regional,United States,NASDAQ,90856788.0,16.45,49.36,50.09,7,67.2,2554,False,-3.18,39.59,6.47,10.69,21.45,35.94,49.27,15.4498,14.8612,13.5451,12.1006,11.0203,371132,1255,2026-09-18,49.36,5523209.0
NASDAQ:CTSH,CTSH,Cognizant Technology Solutions Corporation,Technology,Information Technology Services,United States,NASDAQ,26968094793.0,59.87,49.37,52.89,7,67.2,2555,False,-29.7,55.49,-2.55,-4.88,-13.21,-12.93,-9.64,61.4341,62.9445,68.9818,68.7615,66.258,390498078,1255,2026-09-18,55.4,450444209.0
NASDAQ:GFUZ,GFUZ,General Fusion Group Ltd.,Industrials,Specialty Industrial Machinery,Canada,NASDAQ,641748168.0,7.95,49.38,48.28,7,67.3,2556,True,-42.22,18.13,-19.21,,,,,9.8407,,,,,1282653,244,2026-09-18,47.87,80723040.0
NYSE:MAN,MAN,ManpowerGroup,Industrials,Staffing & Employment Services,United States,NYSE,2680683193.0,57.64,49.38,54.78,7,67.3,2557,False,-8.44,129.06,58.99,63.21,35.8,14.57,5.13,36.2545,35.3168,42.4436,50.3078,54.8262,45786148,1255,2026-09-18,49.5,46507342.0
AMEX:SEB,SEB,Seaboard Corporation,Industrials,Conglomerates,United States,AMEX,4092021426.0,4272.3398,49.38,47.08,7,67.3,2558,True,-28.23,33.04,-11.65,-7.21,14.54,18.71,17.71,4835.6369,4604.1102,3729.8369,3599.0219,3629.5368,69633646,1255,2026-09-18,47.62,957794.0
NYSE:LANV,LANV,Lanvin Group Holdings Limited,Consumer Cyclical,Luxury Goods,China,NYSE,126300240.0,1.08,49.39,46.22,7,67.3,2559,False,-52.21,8.0,-29.44,-34.27,-41.22,-46.22,-65.91,1.5307,1.643,1.8374,2.0082,3.168,48023,1255,2026-09-18,49.39,116944667.0
NASDAQ:NVCR,NVCR,NovoCure Limited,Healthcare,Medical Devices,Switzerland,NASDAQ,1943481070.0,16.69,49.4,49.74,7,67.4,2560,False,-16.51,66.4,14.81,17.59,1.37,2.29,-41.19,14.5365,14.1935,16.4642,16.3161,28.3783,18874718,1255,2026-09-18,49.65,116445840.0
NYSE:JXN,JXN,Jackson Financial Inc.,Financial Services,Insurance - Life,United States,NYSE,9252817608.0,132.67,49.41,52.95,7,67.4,2561,True,-5.04,51.11,17.65,21.66,36.61,59.01,89.1,112.7673,109.0481,97.1192,83.4334,70.1598,110540841,1255,2026-09-18,42.86,69743104.0
NYSE:KNTK,KNTK,Kinetik Holdings Inc.,Energy,Oil & Gas Midstream,United States,NYSE,3937724869.0,53.5,49.44,53.23,7,67.4,2562,False,-2.9,78.03,18.88,24.36,22.1,34.68,48.14,45.0037,43.0208,43.8152,39.7243,36.1143,67086320,1255,2026-09-18,50.76,73602334.0
NYSE:NMAX,NMAX,"Newsmax, Inc.",Communication Services,Broadcasting,United States,NYSE,927988311.0,10.32,49.44,52.86,7,67.4,2563,True,-21.34,100.0,31.44,23.01,,,,7.8514,8.3894,,,,13462024,370,2026-09-18,48.64,89921348.0
NYSE:PR,PR,Permian Resources Corporation,Energy,Oil & Gas E&P,United States,NYSE,19056677702.0,22.76,49.45,52.91,7,67.5,2564,False,-6.45,94.8,21.35,30.13,49.06,55.32,71.96,18.7562,17.4906,15.2693,14.654,13.236,250417951,1255,2026-09-18,53.79,837288124.0
NASDAQ:SRBK,SRBK,"SR Bancorp, Inc.",Financial Services,Banks - Regional,United States,NASDAQ,142613895.0,19.62,49.45,50.57,7,67.5,2565,False,-3.73,37.89,9.06,13.21,32.34,,,17.9901,17.3309,14.8249,,,385713,752,2026-09-18,50.6,7268802.0
NASDAQ:BANR,BANR,Banner Corporation,Financial Services,Banks - Regional,United States,NASDAQ,2403752614.0,70.73,49.46,51.29,7,67.6,2566,False,-4.43,23.7,9.03,10.39,11.7,24.08,28.33,64.8736,64.0729,63.3198,57.002,55.1164,20816403,1255,2026-09-18,49.76,33984909.0
NASDAQ:CGEN,CGEN,Compugen Ltd.,Healthcare,Biotechnology,Israel,NASDAQ,235515744.0,2.49,49.46,50.56,7,67.6,2567,False,-19.68,87.22,12.49,18.56,32.82,36.21,55.75,2.2134,2.1002,1.8748,1.828,1.5987,684850,1255,2026-09-18,47.28,94584636.0
NASDAQ:FCFS,FCFS,"FirstCash Holdings, Inc.",Financial Services,Credit Services,United States,NASDAQ,9497990482.0,218.99,49.46,50.5,7,67.6,2568,True,-7.38,50.87,10.05,15.45,41.78,56.89,72.87,198.9865,189.6901,154.4611,139.5825,126.6805,107890522,1255,2026-09-18,49.44,43371800.0
NYSE:ICE,ICE,Intercontinental Exchange Inc.,Financial Services,Financial Data & Stock Exchanges,United States,NYSE,87280000894.0,155.47,49.46,52.15,7,67.6,2569,True,-10.3,26.91,0.83,0.72,-2.49,4.49,13.63,154.1866,154.3572,159.4458,148.7931,136.8165,513521983,1255,2026-09-18,44.37,561394487.0
NASDAQ:STKS,STKS,"The ONE Group Hospitality, Inc.",Consumer Cyclical,Restaurants,United States,NASDAQ,52081097.0,1.65,49.46,46.88,7,67.6,2570,False,-47.12,7.84,-12.46,-16.34,-37.43,-50.56,-61.77,1.8849,1.9723,2.6369,3.3375,4.3161,35836,1255,2026-09-18,45.6,31564301.0
NASDAQ:SEPN,SEPN,"Septerna, Inc.",Healthcare,Biotechnology,United States,NASDAQ,1743972372.0,38.69,49.47,51.05,7,67.6,2571,False,-19.71,146.43,27.9,36.18,,,,30.2512,28.4101,,,,12537080,475,2026-09-18,53.14,45075533.0
NASDAQ:ADUS,ADUS,Addus HomeCare Corporation,Healthcare,Medical Care Facilities,United States,NASDAQ,2185085326.0,117.07,49.48,52.68,7,67.7,2572,False,-4.63,32.3,10.72,8.61,4.94,8.21,10.64,105.7306,107.7893,111.5566,108.1867,105.8075,25317360,1255,2026-09-18,52.71,18664776.0
NASDAQ:FXNC,FXNC,First National Corporation,Financial Services,Banks - Regional,United States,NASDAQ,279507662.0,30.91,49.48,51.19,7,67.7,2573,False,-3.98,45.48,10.99,15.61,29.62,44.77,56.57,27.849,26.7373,23.8474,21.3512,19.7423,836200,1255,2026-09-18,48.97,9042629.0
NYSE:SBR,SBR,Sabine Royalty Trust,Energy,Oil & Gas Midstream,United States,NYSE,1071290271.0,73.48,49.48,50.65,7,67.7,2574,False,-4.81,16.86,3.51,3.67,12.93,20.86,23.1,70.9866,70.8756,65.0683,60.8001,59.691,2095401,1255,2026-09-18,49.53,14579345.0
NASDAQ:PHVS,PHVS,Pharvaris N.V.,Healthcare,Biotechnology,Switzerland,NASDAQ,2541525635.0,36.37,49.49,51.78,7,67.7,2575,False,-6.41,73.52,20.91,26.52,52.95,58.38,84.51,30.0806,28.7472,23.7788,22.9637,19.7116,40569631,1255,2026-09-18,58.96,69879726.0
NASDAQ:DSGX,DSGX,The Descartes Systems Group Inc.,Technology,Software - Application,Canada,NASDAQ,6623900927.0,77.3,49.5,50.68,7,67.8,2576,False,-25.21,23.05,2.7,-1.51,-16.87,-15.53,-11.18,75.27,78.4847,92.9896,91.5105,87.0316,63310826,1255,2026-09-18,54.81,85690827.0
NASDAQ:AIRG,AIRG,"Airgain, Inc.",Technology,Communication Equipment,United States,NASDAQ,67815423.0,5.35,49.52,47.06,7,67.8,2577,True,-27.6,74.27,-1.5,3.69,-3.5,0.67,-3.63,5.4315,5.1598,5.5438,5.3146,5.5515,265576,1255,2026-09-18,46.18,12675780.0
NASDAQ:CNXC,CNXC,Concentrix Corporation,Technology,Information Technology Services,United States,NASDAQ,1700581414.0,27.87,49.52,51.58,7,67.8,2578,False,-48.84,35.12,-5.93,-12.98,-29.6,-43.38,-54.87,29.6277,32.027,39.5902,49.22,61.7582,43669782,1255,2026-09-18,51.63,61018350.0
NYSE:FCF,FCF,First Commonwealth Financial Corporation,Financial Services,Banks - Regional,United States,NYSE,2133242262.0,21.1,49.52,51.73,7,67.8,2579,False,-3.24,42.2,12.73,16.37,24.22,34.84,42.91,18.7171,18.1318,16.9858,15.6484,14.7645,17455229,1255,2026-09-18,50.78,101101529.0
NASDAQ:BRAI,BRAI,Braiin Limited,Technology,Computer Hardware,Australia,NASDAQ,1147911430.0,5.57,49.54,47.81,7,67.9,2580,False,-62.47,21.09,,,,,,,,,,,224316,151,2026-09-18,48.12,206088228.0
NASDAQ:FLXS,FLXS,"Flexsteel Industries, Inc.",Consumer Cyclical,"Furnishings, Fixtures & Appliances",United States,NASDAQ,324789425.0,79.69,49.55,53.63,7,67.9,2581,True,-5.36,136.14,39.52,49.12,65.52,91.52,125.09,57.1154,53.4384,48.145,41.6101,35.4032,8058939,1255,2026-09-18,48.76,4075661.0
NASDAQ:KELYA,KELYA,"Kelly Services, Inc.",Industrials,Staffing & Employment Services,United States,NASDAQ,506362625.0,16.14,49.55,53.78,7,67.9,2582,False,-6.6,103.88,42.69,43.56,29.55,7.39,6.26,11.3111,11.2428,12.4587,15.0294,15.1893,5102841,1255,2026-09-18,50.88,31373149.0
NYSE:CLH,CLH,"Clean Harbors, Inc.",Industrials,Waste Management,United States,NYSE,16670212918.0,315.8,49.56,51.73,7,68.0,2583,True,-3.23,56.55,9.97,15.09,24.85,35.37,50.82,287.178,274.3982,252.9389,233.2908,209.3914,115865478,1255,2026-09-18,49.2,52787248.0
NYSE:CDE,CDE,"Coeur Mining, Inc.",Basic Materials,Gold,United States,NYSE,20363362728.0,19.76,49.57,51.79,7,68.0,2584,False,-27.14,43.14,3.2,5.07,49.24,94.18,133.73,19.147,18.8063,13.2406,10.1763,8.4544,728865166,1255,2026-09-18,50.95,1030534551.0
NASDAQ:CPSS,CPSS,"Consumer Portfolio Services, Inc.",Financial Services,Credit Services,United States,NASDAQ,202664597.0,9.34,49.57,49.78,7,68.0,2585,False,-9.32,27.95,3.86,6.22,1.32,2.49,0.98,8.9932,8.7934,9.218,9.1135,9.2497,260376,1255,2026-09-18,56.79,21698565.0
NYSE:TEL,TEL,TE Connectivity plc,Technology,Electronic Components,Ireland,NYSE,59559612842.0,205.42,49.57,49.53,7,68.0,2586,False,-16.6,5.71,-3.97,-5.09,10.02,21.17,30.85,213.9158,216.4266,186.711,169.5362,156.9923,440549073,1255,2026-09-18,50.94,289940672.0
NYSE:TKO,TKO,"TKO Group Holdings, Inc.",Communication Services,Entertainment,United States,NYSE,14188381792.0,189.26,49.58,49.63,7,68.1,2587,False,-14.85,8.94,-3.39,-2.47,9.93,30.39,45.37,195.8993,194.0606,172.1667,145.1439,130.1903,219151876,1255,2026-09-18,49.63,74967673.0
NYSE:GSBD,GSBD,"Goldman Sachs BDC, Inc.",Financial Services,Asset Management,United States,NYSE,1091919950.0,9.7,49.6,52.02,7,68.1,2588,False,-5.18,16.78,8.46,8.67,4.59,0.7,2.62,8.9437,8.9264,9.274,9.6323,9.4524,8188059,1255,2026-09-18,59.96,112569067.0
NASDAQ:ASRV,ASRV,AmeriServ Financial Inc.,Financial Services,Banks - Regional,United States,NASDAQ,81258839.0,4.79,49.61,51.83,7,68.2,2589,True,-8.59,73.74,25.29,31.5,53.88,66.47,64.83,3.8232,3.6426,3.1128,2.8773,2.906,72951,1255,2026-09-18,46.76,16964267.0
NYSE:CBL,CBL,"CBL & Associates Properties, Inc.",Real Estate,REIT - Retail,United States,NYSE,1681538150.0,54.34,49.61,50.64,7,68.2,2590,False,-8.46,104.13,23.61,32.89,65.07,91.42,108.9,43.9604,40.8902,32.9202,28.3886,26.0122,13417989,1224,2026-09-18,46.17,30944758.0
NASDAQ:FBIZ,FBIZ,"First Business Financial Services, Inc.",Financial Services,Banks - Regional,United States,NASDAQ,592041353.0,70.8,49.61,54.05,7,68.2,2591,False,-2.81,51.85,18.9,23.08,35.6,53.58,68.13,59.5462,57.5219,52.212,46.1,42.11,4295780,1255,2026-09-18,53.96,8362166.0
NASDAQ:HYNE,HYNE,"Hoyne Bancorp, Inc.",Financial Services,Banks - Regional,United States,NASDAQ,122947143.0,16.5,49.61,50.56,7,68.2,2592,False,-1.55,20.7,,,,,,,,,,,155663,198,2026-09-18,60.25,7451342.0
NYSE:AU,AU,AngloGold Ashanti PLC,Basic Materials,Gold,United States,NYSE,52238519627.0,103.29,49.62,52.32,7,68.2,2593,False,-16.6,69.91,9.52,15.62,66.04,114.76,155.0,94.313,89.3356,62.209,48.0945,40.5057,326894040,1255,2026-09-18,48.18,505746148.0
NYSE:MIR,MIR,"Mirion Technologies, Inc.",Industrials,Specialty Industrial Machinery,United States,NYSE,3834062730.0,15.76,49.62,49.04,7,68.2,2594,False,-47.03,9.44,-19.71,-23.94,-16.51,-0.51,14.27,19.6299,20.7203,18.8761,15.841,13.792,58220029,1255,2026-09-18,54.64,243278092.0
NASDAQ:CAPR,CAPR,"Capricor Therapeutics, Inc.",Healthcare,Biotechnology,United States,NASDAQ,524681751.0,9.06,49.63,44.49,7,68.3,2595,False,-74.36,135.32,-61.48,-54.65,-43.91,-26.28,-13.01,23.5182,19.9777,16.1514,12.2897,10.4152,53048655,1255,2026-09-18,52.27,57911893.0
NASDAQ:MPB,MPB,Mid Penn Bancorp,Financial Services,Banks - Regional,United States,NASDAQ,935346141.0,36.94,49.63,51.77,7,68.3,2596,True,-3.88,42.09,10.57,14.28,23.27,37.33,40.8,33.4073,32.3238,29.9665,26.8979,26.2361,3534778,1255,2026-09-18,47.51,25320686.0
NASDAQ:KURA,KURA,"Kura Oncology, Inc.",Healthcare,Biotechnology,United States,NASDAQ,1041323301.0,11.73,49.64,51.68,7,68.3,2597,False,-13.69,58.51,19.5,18.97,21.79,-2.97,-3.69,9.816,9.8599,9.6309,12.0887,12.1795,26354810,1255,2026-09-18,49.52,88774365.0
NASDAQ:CGNX,CGNX,Cognex Corporation,Technology,Scientific & Technical Instruments,United States,NASDAQ,10244781404.0,61.56,49.65,49.09,7,68.4,2598,False,-14.88,77.65,12.94,18.28,40.89,44.54,39.9,54.5057,52.0441,43.6942,42.59,44.0035,88091278,1255,2026-09-18,47.7,166419451.0
NASDAQ:CPSH,CPSH,CPS Technologies Corp.,Technology,Electronic Components,United States,NASDAQ,77459161.0,4.02,49.65,46.93,7,68.4,2599,False,-65.31,32.24,-14.49,-10.44,23.4,40.74,40.02,4.701,4.4885,3.2577,2.8562,2.871,857917,1255,2026-09-18,49.31,19268448.0
NYSE:ORCL,ORCL,Oracle Corporation,Technology,Software - Infrastructure,United States,NYSE,425186324310.0,147.61,49.65,49.62,7,68.4,2600,False,-54.5,28.37,-10.79,-20.34,-19.63,-8.66,2.78,165.4722,185.2899,183.6638,161.6103,143.6227,4543671047,1255,2026-09-18,52.21,2880471000.0
NYSE:BFLY,BFLY,"Butterfly Network, Inc.",Healthcare,Medical Devices,United States,NYSE,1929482978.0,7.88,49.67,50.2,7,68.4,2601,False,-18.76,325.95,46.81,66.23,117.25,184.86,185.69,5.3673,4.7403,3.6271,2.7663,2.7582,36514990,1255,2026-09-18,50.59,244858246.0
NASDAQ:NEOV,NEOV,NeoVolta Inc.,Industrials,Electrical Equipment & Parts,United States,NASDAQ,187230902.0,3.41,49.67,52.24,7,68.4,2602,False,-43.73,113.13,7.58,-2.0,-4.39,10.44,10.58,3.1698,3.4795,3.5668,3.0876,3.0839,6319827,1255,2026-09-18,51.58,54906423.0
NASDAQ:BWEN,BWEN,"Broadwind, Inc.",Industrials,Specialty Industrial Machinery,United States,NASDAQ,99935575.0,4.27,49.71,49.06,7,68.5,2603,False,-21.51,116.75,23.99,32.93,67.53,63.56,50.59,3.4438,3.2123,2.5487,2.6106,2.8355,1064081,1255,2026-09-18,49.09,23404116.0
NYSE:CRC,CRC,California Resources Corporation,Energy,Oil & Gas E&P,United States,NYSE,4801140297.0,54.07,49.72,50.32,7,68.5,2604,False,-21.79,26.77,-2.19,0.53,8.53,9.94,15.5,55.2781,53.7832,49.8182,49.1823,46.8152,49406712,1255,2026-09-18,51.17,88794901.0
NASDAQ:ARQQ,ARQQ,Arqit Quantum Inc.,Technology,Software - Infrastructure,United Kingdom,NASDAQ,350310533.0,20.13,49.74,49.85,7,68.5,2605,False,-65.45,70.88,4.79,-13.36,-9.79,6.88,-36.86,19.2103,23.2354,22.3154,18.8338,31.8813,7323905,1255,2026-09-18,47.56,17402411.0
NYSE:ASPN,ASPN,"Aspen Aerogels, Inc.",Basic Materials,Specialty Chemicals,United States,NYSE,420188687.0,5.07,49.74,48.84,7,68.5,2606,False,-42.52,97.28,16.93,6.98,-34.52,-53.94,-51.84,4.3357,4.7394,7.7433,11.0085,10.5281,3434690,1255,2026-09-18,51.45,82877453.0
NASDAQ:ANDE,ANDE,"The Andersons, Inc.",Consumer Defensive,Food Distribution,United States,NASDAQ,2369821757.0,69.59,49.78,49.73,7,68.6,2607,False,-13.95,83.95,3.62,11.14,34.98,36.15,45.0,67.1573,62.6138,51.5575,51.114,47.9916,28209321,1255,2026-09-18,58.72,34054056.0
NASDAQ:BZFD,BZFD,"BuzzFeed, Inc.",Communication Services,Internet Content & Information,United States,NASDAQ,93184045.0,1.12,49.78,47.95,7,68.6,2608,False,-46.41,97.53,7.16,-1.08,-37.05,-36.5,-53.18,1.0452,1.1322,1.7793,1.7637,2.3923,381457,1255,2026-09-18,47.33,83200040.0
NASDAQ:SYM,SYM,Symbotic Inc.,Industrials,Specialty Industrial Machinery,United States,NASDAQ,5329053567.0,41.89,49.78,49.41,7,68.6,2609,False,-52.02,9.6,-18.53,-23.06,-2.75,0.39,11.93,51.4175,54.4429,43.0749,41.7281,37.4263,71047342,1255,2026-09-18,59.66,127215411.0
NASDAQ:TTEK,TTEK,"Tetra Tech, Inc.",Industrials,Engineering & Construction,United States,NASDAQ,9138210360.0,35.69,49.78,54.34,7,68.6,2610,False,-15.71,36.6,8.41,8.05,1.69,0.21,5.13,32.9218,33.0302,35.0952,35.6143,33.9477,82243387,1255,2026-09-18,54.5,256044000.0
NASDAQ:SHC,SHC,Sotera Health Company,Healthcare,Diagnostics & Research,United States,NASDAQ,5341177798.0,18.73,49.79,51.94,7,68.7,2611,False,-4.29,42.65,10.79,11.77,24.39,28.23,29.76,16.9056,16.7579,15.0573,14.6064,14.4341,39333859,1255,2026-09-18,53.23,285166994.0
NASDAQ:PVLA,PVLA,"Palvella Therapeutics, Inc.",Healthcare,Biotechnology,United States,NASDAQ,2159458593.0,150.56,49.81,51.55,7,68.7,2612,False,-4.57,165.58,24.0,34.5,121.05,198.78,168.35,121.417,111.9377,68.112,50.3909,56.1063,33024520,1255,2026-09-18,55.67,14342844.0
NYSE:LH,LH,Labcorp Holdings Inc.,Healthcare,Diagnostics & Research,United States,NYSE,25945439000.0,320.71,49.82,53.25,7,68.7,2613,False,-5.29,31.35,15.86,16.58,24.57,33.38,40.41,276.8116,275.0983,257.4616,240.4521,228.4154,242419611,1255,2026-09-18,51.85,80900000.0
AMEX:ROLR,ROLR,"High Roller Technologies, Inc.",Consumer Cyclical,Gambling,United States,AMEX,67678650.0,6.17,49.83,49.97,7,68.8,2614,False,-74.02,347.1,11.05,24.15,,,,5.5559,4.9698,,,,211438,477,2026-09-18,51.95,10968987.0
NYSE:PDS,PDS,Precision Drilling Corporation,Energy,Oil & Gas Drilling,Canada,NYSE,1126534247.0,87.65,49.84,50.99,7,68.8,2615,False,-14.03,63.86,2.84,10.17,31.16,32.56,34.95,85.2265,79.5581,66.8289,66.1197,64.9516,8645169,1255,2026-09-18,48.52,12852644.0
NASDAQ:APLM,APLM,Apollomics Inc.,Healthcare,Biotechnology,United States,NASDAQ,51431538.0,23.42,49.85,52.46,7,68.8,2616,False,-36.1,101.72,27.65,26.85,74.43,-34.21,-90.0,18.3475,18.4634,13.4267,35.5991,234.2672,220453,1207,2026-09-18,45.83,2196052.0
NASDAQ:SFNC,SFNC,Simmons First National Corporation,Financial Services,Banks - Regional,United States,NASDAQ,3306288413.0,22.89,49.86,50.63,7,68.9,2617,False,-4.21,38.2,10.1,13.55,14.98,22.35,24.97,20.7908,20.1592,19.9087,18.7091,18.3163,28131709,1255,2026-09-18,49.69,144442482.0
NYSE:HBM,HBM,Hudbay Minerals Inc. Ordinary Shares (Canada),Basic Materials,Copper,Canada,NYSE,11947494044.0,26.9,49.88,50.96,7,68.9,2618,False,-15.55,100.76,12.06,20.67,71.81,112.62,150.86,24.0055,22.2922,15.657,12.6515,10.7233,109066648,1255,2026-09-18,47.56,444144760.0
NYSE:WTI,WTI,"W&T Offshore, Inc.",Energy,Oil & Gas E&P,United States,NYSE,571306360.0,3.84,49.9,51.31,7,68.9,2619,False,-21.41,158.1,24.24,34.25,68.77,58.15,24.52,3.0909,2.8604,2.2753,2.4281,3.0838,13595997,1255,2026-09-18,52.68,148777698.0
NASDAQ:COCH,COCH,"Envoy Medical, Inc.",Healthcare,Medical Devices,United States,NASDAQ,54993073.0,0.714,49.91,50.14,7,68.9,2620,True,-55.09,83.08,2.25,-1.62,-42.16,-61.67,-81.76,0.6983,0.7258,1.2345,1.8628,3.9155,40707,1255,2026-09-18,43.14,77021110.0
NYSE:KN,KN,Knowles Corporation,Technology,Electronic Components,United States,NYSE,3036337089.0,35.55,49.91,49.04,7,68.9,2621,False,-16.94,71.99,14.66,21.17,49.86,66.83,77.53,31.0039,29.3389,23.7223,21.3089,20.0247,27046994,1255,2026-09-18,49.25,85410326.0
NYSE:KPET,KPET,KPET Ultra Paceline Corporation,Financial Services,Shell Companies,United States,NYSE,232117650.0,9.99,49.92,48.57,7,69.0,2622,False,-1.28,0.4,,,,,,,,,,,124729,81,2026-09-18,49.92,23235000.0
NASDAQ:IFRX,IFRX,InflaRx N.V.,Healthcare,Biotechnology,Germany,NASDAQ,307842075.0,2.09,49.93,51.03,7,69.0,2623,False,-23.72,153.33,35.23,39.16,38.5,33.87,6.01,1.5455,1.5019,1.509,1.5613,1.9716,1794260,1255,2026-09-18,48.07,147292859.0
NYSE:GDDY,GDDY,GoDaddy Inc.,Technology,Software - Infrastructure,United States,NYSE,12904663689.0,97.46,49.94,51.32,7,69.0,2624,False,-34.07,29.96,2.68,-5.13,-30.29,-26.43,-17.46,94.9124,102.7348,139.8055,132.4653,118.0721,196226766,1255,2026-09-18,50.93,132409847.0
NYSE:WCC,WCC,"WESCO International, Inc.",Industrials,Industrial Distribution,United States,NYSE,16771411704.0,344.15,49.94,49.95,7,69.0,2625,False,-7.87,66.77,10.0,16.21,43.93,62.42,77.49,312.8532,296.1479,239.1113,211.8915,193.9023,172846930,1255,2026-09-18,47.5,48732854.0
NASDAQ:PGNY,PGNY,"Progyny, Inc.",Healthcare,Healthcare Plans,United States,NASDAQ,2125157198.0,27.13,49.95,49.06,7,69.1,2626,True,-16.16,66.44,12.19,14.59,23.42,7.18,-3.08,24.1818,23.676,21.982,25.3118,27.9934,30056628,1255,2026-09-18,48.84,78332370.0
NASDAQ:VABK,VABK,Virginia National Bankshares Corporation,Financial Services,Banks - Regional,United States,NASDAQ,255237687.0,47.07,49.95,52.49,7,69.1,2627,False,-4.37,29.01,11.85,14.09,21.52,31.84,37.3,42.0826,41.258,38.7343,35.7013,34.2822,313470,1255,2026-09-18,51.61,5422513.0
NASDAQ:CHRW,CHRW,"C.H. Robinson Worldwide, Inc.",Industrials,Integrated Freight & Logistics,United States,NASDAQ,18033396696.0,152.99,49.96,46.78,7,69.2,2628,False,-26.63,24.87,-10.73,-7.0,15.19,32.96,40.94,171.3758,164.5053,132.8123,115.0644,108.5473,200820631,1255,2026-09-18,51.38,117873042.0
NASDAQ:VERA,VERA,"Vera Therapeutics, Inc.",Healthcare,Biotechnology,United States,NASDAQ,2440618736.0,34.0,49.96,49.32,7,69.2,2629,False,-38.93,41.08,-14.16,-9.1,-0.91,3.21,21.19,39.607,37.4047,34.3119,32.9438,28.0545,93078954,1255,2026-09-18,50.91,71782904.0
NASDAQ:FIBK,FIBK,"First Interstate BancSystem, Inc.",Financial Services,Banks - Regional,United States,NASDAQ,3628286531.0,37.35,49.98,49.83,7,69.2,2630,False,-5.99,34.23,5.22,8.49,19.97,30.84,33.3,35.4966,34.4283,31.1339,28.5474,28.0192,41665180,1255,2026-09-18,47.78,97142879.0
NASDAQ:GIW,GIW,GigCapital8 Corp.,Financial Services,Shell Companies,United States,NASDAQ,260424894.0,10.15,49.98,55.99,7,69.2,2631,False,-0.2,2.84,1.25,,,,,10.0251,,,,,915781,225,2026-09-18,60.83,25657625.0
NASDAQ:IDYA,IDYA,"IDEAYA Biosciences, Inc.",Healthcare,Biotechnology,United States,NASDAQ,3697915145.0,38.41,49.99,52.28,7,69.2,2632,False,-9.58,49.63,13.31,16.17,35.47,22.61,35.89,33.8968,33.0645,28.3524,31.3264,28.265,30227497,1255,2026-09-18,51.4,96274802.0
NASDAQ:KE,KE,"Kimball Electronics, Inc.",Industrials,Electrical Equipment & Parts,United States,NASDAQ,592806001.0,24.65,50.0,49.7,7,69.3,2633,False,-25.6,8.93,-5.31,-7.51,7.88,7.7,6.36,26.0317,26.6507,22.8484,22.8879,23.1759,5105211,1255,2026-09-18,52.66,24048925.0
NASDAQ:MDGL,MDGL,"Madrigal Pharmaceuticals, Inc.",Healthcare,Biotechnology,United States,NASDAQ,12280305052.0,531.52,50.01,50.62,7,69.3,2634,False,-11.83,28.9,3.5,5.27,30.14,53.35,71.3,513.5227,504.9203,408.4222,346.6142,310.2778,113883225,1255,2026-09-18,51.29,23104126.0
NASDAQ:NWSA,NWSA,News Corporation,Communication Services,Entertainment,United States,NASDAQ,10739742284.0,29.78,50.01,53.16,7,69.3,2635,False,-4.2,33.95,13.25,12.76,10.0,13.98,23.9,26.2956,26.4106,27.0736,26.1279,24.0364,128095261,1255,2026-09-18,54.94,360636074.0
NASDAQ:TYRA,TYRA,"Tyra Biosciences, Inc.",Healthcare,Biotechnology,United States,NASDAQ,1530172903.0,25.73,50.01,48.1,7,69.3,2636,False,-35.04,105.84,-15.6,-5.94,26.04,34.64,49.02,30.4853,27.3549,20.4138,19.1102,17.2667,29229902,1255,2026-09-18,45.75,59470381.0
NASDAQ:USAU,USAU,U.S. Gold Corp.,Basic Materials,Gold,United States,NASDAQ,254282922.0,15.41,50.02,50.48,7,69.4,2637,False,-31.81,21.82,-6.72,-6.53,19.59,53.64,79.48,16.5198,16.4858,12.886,10.0299,8.5861,2574287,1255,2026-09-18,47.81,16501163.0
NASDAQ:CLOV,CLOV,"Clover Health Investments, Corp.",Healthcare,Healthcare Plans,United States,NASDAQ,1922123515.0,4.46,50.03,50.66,7,69.4,2638,False,-17.56,162.35,37.66,41.02,35.62,72.14,99.2,3.24,3.1628,3.2887,2.5909,2.2389,18264470,1255,2026-09-18,52.42,430969398.0
NASDAQ:FTH,FTH,"Faeth Therapeutics, Inc.",Healthcare,Biotechnology,United States,NASDAQ,889367013.0,34.5,50.04,52.75,7,69.4,2639,False,-13.86,337.26,50.26,70.3,137.32,128.57,87.26,22.96,20.2578,14.5374,15.0941,18.4232,14687992,1255,2026-09-18,51.61,25778754.0
NYSE:EXK,EXK,Endeavour Silver Corporation Ordinary Shares (Canada),Basic Materials,Silver,Canada,NYSE,3023635131.0,10.21,50.05,51.7,7,69.5,2640,False,-27.69,65.21,2.81,7.18,46.13,83.98,104.69,9.9308,9.5263,6.9872,5.5495,4.9879,93319146,1255,2026-09-18,49.61,296144479.0
NASDAQ:SKYX,SKYX,SKYX Platforms Corp.,Industrials,Electrical Equipment & Parts,United States,NASDAQ,170794789.0,1.27,50.07,51.31,7,69.5,2641,False,-59.42,34.25,-18.28,-17.67,-8.17,-5.11,-26.7,1.5541,1.5425,1.383,1.3384,1.7325,1336495,1155,2026-09-18,49.37,134484086.0
NYSE:TRAK,TRAK,"ReposiTrak, Inc.",Technology,Software - Application,United States,NYSE,148841497.0,8.19,50.07,48.19,7,69.5,2642,False,-53.63,15.1,-13.7,-22.9,-46.35,-44.42,-35.59,9.4898,10.6219,15.2668,14.7362,12.7159,818290,1255,2026-09-18,58.62,18173565.0
NASDAQ:DYNC,DYNC,Dynamix Corporation,Financial Services,Shell Companies,United States,NASDAQ,180608000.0,10.88,50.08,53.01,7,69.6,2643,False,-0.64,6.15,2.46,2.84,,,,10.6188,10.5797,,,,234949,445,2026-09-18,53.14,16600000.0
NYSE:PAAS,PAAS,Pan American Silver Corp.,Basic Materials,Gold,Canada,NYSE,21063286500.0,49.99,50.08,50.79,7,69.6,2644,False,-26.55,51.99,-4.7,1.23,34.15,64.6,87.78,52.4532,49.3834,37.2633,30.3715,26.6212,239017563,1255,2026-09-18,49.01,421350000.0
NYSE:VSH,VSH,"Vishay Intertechnology, Inc.",Technology,Semiconductors,United States,NYSE,4593037378.0,32.51,50.08,47.06,7,69.6,2645,False,-49.75,179.95,10.01,22.49,53.88,53.44,52.48,29.5515,26.5415,21.1262,21.1872,21.3207,117740358,1255,2026-09-18,47.57,141280756.0
NASDAQ:SANM,SANM,Sanmina Corporation,Technology,Electronic Components,United States,NASDAQ,10695888363.0,199.56,50.1,49.21,7,69.6,2646,False,-29.41,76.38,7.54,13.46,52.38,86.05,110.65,185.5635,175.8891,130.9584,107.2632,94.7359,112983219,1255,2026-09-18,47.93,53597356.0
NYSE:BGY,BGY,Blackrock Enhanced International Dividend Trust,Financial Services,Asset Management,United States,NYSE,523751550.0,5.78,50.11,51.54,7,69.7,2647,False,-1.97,15.99,3.63,4.7,10.86,17.84,24.27,5.5773,5.5206,5.2138,4.9049,4.6511,1128733,1255,2026-09-18,48.13,90614455.0
NASDAQ:BVC,BVC,BitVentures Limited,Technology,Software - Application,Hong Kong,NASDAQ,2380560000.0,14.17,50.11,52.09,7,69.7,2648,True,-15.6,1841.1,49.11,81.91,224.17,279.48,222.9,9.5029,7.7895,4.3712,3.7341,4.3884,528480,1255,2026-09-18,46.48,168000000.0
NASDAQ:CWBC,CWBC,Community West Bancshares,Financial Services,Banks - Regional,United States,NASDAQ,706846066.0,26.05,50.11,51.03,7,69.7,2649,False,-6.59,33.9,7.37,10.53,23.58,31.65,36.51,24.2626,23.5684,21.0788,19.7871,19.0834,4972365,1255,2026-09-18,49.3,27134206.0
NYSE:LXU,LXU,"LSB Industries, Inc.",Basic Materials,Chemicals,United States,NYSE,794852444.0,11.04,50.12,49.99,7,69.7,2650,False,-34.6,42.27,-4.77,0.36,17.24,21.02,12.11,11.5927,11.0008,9.4169,9.1228,9.8476,8700560,1255,2026-09-18,53.63,71997504.0
NASDAQ:BAND,BAND,Bandwidth Inc.,Technology,Software - Infrastructure,United States,NASDAQ,1518089235.0,50.23,50.13,49.25,7,69.7,2651,False,-35.96,291.81,42.42,60.91,112.51,139.09,153.63,35.2692,31.2162,23.6366,21.009,19.8048,41473614,1255,2026-09-18,50.55,30222760.0
NYSE:FDS,FDS,FactSet Research Systems Inc.,Financial Services,Financial Data & Stock Exchanges,United States,NYSE,10094568070.0,283.83,50.15,51.64,7,69.8,2652,False,-9.48,51.41,14.53,12.05,-17.3,-23.43,-24.92,247.8264,253.3106,343.196,370.673,378.0352,272722642,1255,2026-09-18,47.25,35565543.0
NYSE:JCI,JCI,Johnson Controls International plc,Industrials,Building Products & Equipment,Ireland,NYSE,86790637822.0,143.28,50.15,49.63,7,69.8,2653,False,-7.42,36.54,5.67,9.65,30.98,54.56,70.29,135.587,130.673,109.3924,92.703,84.1365,459327402,1255,2026-09-18,46.19,605741470.0
NYSE:RGA,RGA,"Reinsurance Group of America, Incorporated",Financial Services,Insurance - Reinsurance,United States,NYSE,16095273886.0,245.68,50.16,53.84,7,69.8,2654,False,-4.0,37.71,14.36,17.53,20.53,26.57,37.72,214.8335,209.0404,203.8301,194.1008,178.3897,73931220,1255,2026-09-18,50.33,65513163.0
NASDAQ:CHRS,CHRS,"Coherus Oncology, Inc.",Healthcare,Biotechnology,United States,NASDAQ,208237365.0,1.35,50.17,49.28,7,69.9,2655,False,-46.22,22.73,-14.34,-13.81,3.47,-17.09,-53.67,1.5759,1.5663,1.3047,1.6284,2.9138,1399373,1255,2026-09-18,41.4,154249900.0
NYSE:RMD,RMD,ResMed Inc.,Healthcare,Medical Instruments & Supplies,United States,NYSE,32636235836.0,224.99,50.17,52.26,7,69.9,2656,False,-19.74,23.42,-0.48,-3.4,-5.27,2.73,4.22,226.0751,232.9192,237.5036,219.01,215.8891,332187064,1255,2026-09-18,54.7,145056384.0
NYSE:SDRL,SDRL,Seadrill Limited,Energy,Oil & Gas Drilling,United States,NYSE,2969573825.0,47.49,50.17,51.91,7,69.9,2657,False,-13.34,67.22,10.67,17.57,32.27,20.58,,42.9109,40.3943,35.904,39.3858,,28902806,985,2026-09-18,52.63,62530508.0
NASDAQ:SHAZ,SHAZ,"SharonAI Holdings, Inc.",Technology,Information Technology Services,United States,NASDAQ,2030065566.0,57.56,50.17,49.02,7,69.9,2658,False,-37.91,228.54,,,,,,,,,,,84006109,148,2026-09-18,49.11,35268686.0
NASDAQ:DGII,DGII,Digi International Inc.,Technology,Communication Equipment,United States,NASDAQ,2737198112.0,72.13,50.18,50.13,7,70.0,2659,False,-15.38,103.93,23.51,33.23,68.72,93.08,95.4,58.4014,54.1408,42.7515,37.3575,36.9148,26335559,1255,2026-09-18,51.52,37948123.0
NYSE:KT,KT,KT Corporation,Communication Services,Telecom Services,South Korea,NYSE,9229988878.0,19.38,50.2,52.71,7,70.0,2660,False,-21.03,12.28,-2.84,-1.63,3.79,16.81,27.91,19.9458,19.7011,18.6718,16.5911,15.1518,22838855,1255,2026-09-18,52.7,476263616.0
NASDAQ:MVBF,MVBF,MVB Financial Corp.,Financial Services,Banks - Regional,United States,NASDAQ,396676039.0,30.59,50.22,53.04,7,70.0,2661,False,-3.26,29.52,11.7,13.44,31.83,39.84,41.92,27.3848,26.9654,23.2049,21.8747,21.5541,1941436,1255,2026-09-18,53.47,12967507.0
NASDAQ:SRPT,SRPT,"Sarepta Therapeutics, Inc.",Healthcare,Biotechnology,United States,NASDAQ,2123137824.0,20.11,50.23,52.11,8,70.0,2662,False,-17.75,35.33,4.36,3.17,-57.89,-72.15,-76.19,19.2693,19.4915,47.7599,72.201,84.4614,68400359,1255,2026-09-18,53.28,105576222.0
NASDAQ:LFVN,LFVN,Lifevantage Corporation,Consumer Defensive,Packaged Foods,United States,NASDAQ,80110470.0,6.35,50.24,49.5,8,70.1,2663,False,-40.18,60.24,8.44,0.63,-37.42,-28.77,-16.49,5.8557,6.3104,10.1466,8.9145,7.6037,330645,1255,2026-09-18,44.36,12615822.0
NYSE:WT,WT,"WisdomTree, Inc.",Financial Services,Asset Management,United States,NYSE,3528355030.0,23.07,50.25,52.99,8,70.1,2664,True,-7.87,116.04,31.96,40.32,71.53,97.55,125.96,17.482,16.4415,13.4492,11.6783,10.2098,75112588,1255,2026-09-18,43.31,152941267.0
NYSE:CTS,CTS,CTS Corporation,Technology,Electronic Components,United States,NYSE,1664826168.0,58.3,50.28,47.84,8,70.1,2665,False,-14.6,60.23,5.42,11.47,19.44,22.71,25.88,55.3049,52.3019,48.8109,47.5101,46.3144,12173499,1255,2026-09-18,46.2,28556195.0
NYSE:COP,COP,ConocoPhillips,Energy,Oil & Gas E&P,United States,NYSE,160607698943.0,131.83,50.29,53.86,8,70.2,2666,False,-6.65,58.75,16.06,21.84,30.75,27.9,28.94,113.5906,108.199,100.8272,103.0713,102.2447,936446019,1255,2026-09-18,52.82,1218294007.0
NASDAQ:LIFE,LIFE,Ethos Technologies Inc.,Financial Services,Insurance Brokers,United States,NASDAQ,1112939892.0,36.0,50.29,55.18,8,70.2,2667,False,-14.33,265.48,,,,,,,,,,,61227643,161,2026-09-18,51.41,30914997.0
NASDAQ:BOTJ,BOTJ,"Bank of the James Financial Group, Inc.",Financial Services,Banks - Regional,United States,NASDAQ,123805960.0,27.25,50.31,53.72,8,70.2,2668,False,-3.2,81.09,20.91,28.59,56.66,80.36,96.55,22.5367,21.1918,17.3946,15.1084,13.864,842894,1255,2026-09-18,51.29,4543338.0
NYSE:CPK,CPK,Chesapeake Utilities Corporation,Utilities,Utilities - Regulated Gas,United States,NYSE,3153745500.0,131.38,50.31,50.6,8,70.2,2669,False,-4.2,11.06,3.37,2.75,6.09,13.65,14.52,127.093,127.8649,123.8375,115.5982,114.7199,22190632,1255,2026-09-18,48.2,24004761.0
NASDAQ:ZBRA,ZBRA,Zebra Technologies Corporation,Technology,Communication Equipment,United States,NASDAQ,16511162669.0,346.63,50.32,54.26,8,70.2,2670,False,-9.51,73.92,32.32,30.59,15.95,18.63,19.87,261.9667,265.4417,298.9542,292.2021,289.1599,203665856,1255,2026-09-18,51.11,47633392.0
NYSE:PRSU,PRSU,"Pursuit Attractions and Hospitality, Inc.",Consumer Cyclical,Travel Services,United States,NYSE,1341171039.0,48.86,50.33,49.7,8,70.3,2671,False,-12.7,51.36,15.53,19.66,27.43,33.46,42.9,42.2926,40.8325,38.3419,36.611,34.1912,11614426,1255,2026-09-18,51.17,27449264.0
NASDAQ:AUR,AUR,"Aurora Innovation, Inc.",Consumer Cyclical,Auto Parts,United States,NASDAQ,10435881247.0,6.31,50.34,50.07,8,70.3,2672,False,-24.88,67.37,15.47,17.87,7.75,29.02,51.51,5.4647,5.3532,5.8563,4.8908,4.1646,187242997,1255,2026-09-18,54.93,1653863906.0
NYSE:VVX,VVX,"V2X, Inc.",Industrials,Aerospace & Defense,United States,NYSE,2405897591.0,76.84,50.34,48.86,8,70.3,2673,False,-15.38,47.32,7.45,12.25,27.18,37.79,45.87,71.5151,68.4549,60.416,55.7665,52.6781,54654853,1255,2026-09-18,49.12,31310484.0
NYSE:SA,SA,"Seabridge Gold, Inc. Common Shares New",Basic Materials,Gold,Canada,NYSE,3330929962.0,30.95,50.35,51.11,8,70.3,2674,False,-21.35,61.96,1.91,6.45,42.91,63.75,79.04,30.3705,29.0742,21.6563,18.901,17.2863,22847767,1255,2026-09-18,50.08,107622939.0
NASDAQ:XSLL,XSLL,Xsolla SPAC 1,Financial Services,Shell Companies,United States,NASDAQ,208318318.0,9.98,50.4,55.17,8,70.4,2675,False,-0.2,1.84,,,,,,,,,,,631312,128,2026-09-18,58.47,20873579.0
NYSE:T,T,AT&T Inc.,Communication Services,Telecom Services,United States,NYSE,174050595510.0,25.4,50.42,53.28,8,70.4,2676,True,-10.62,25.68,2.66,2.31,3.95,18.69,29.46,24.7408,24.8253,24.4345,21.4011,19.6195,938029142,1255,2026-09-18,50.31,6852385650.0
NASDAQ:TMDX,TMDX,"TransMedics Group, Inc.",Healthcare,Medical Devices,United States,NASDAQ,2986753929.0,86.42,50.43,51.71,8,70.4,2677,False,-42.55,39.3,-15.66,-18.97,-16.11,-15.29,-7.34,102.4696,106.6507,103.0139,102.0234,93.2608,63923472,1255,2026-09-18,50.88,34560911.0
NYSE:WRB,WRB,W.R. Berkley Corporation,Financial Services,Insurance - Property & Casualty,United States,NYSE,25970349420.0,69.99,50.43,50.0,8,70.4,2678,False,-8.44,11.14,2.24,0.69,5.6,15.87,26.59,68.4563,69.5133,66.2756,60.4047,55.2892,234350180,1255,2026-09-18,51.17,371058000.0
NASDAQ:HRZN,HRZN,Horizon Technology Finance Corporation,Financial Services,Asset Management,United States,NASDAQ,318779388.0,4.67,50.44,51.9,8,70.5,2679,False,-20.4,32.27,0.62,-1.97,-16.57,-26.42,-28.24,4.641,4.7639,5.5978,6.3466,6.508,3372991,1255,2026-09-18,52.62,68261111.0
NASDAQ:BIIB,BIIB,Biogen Inc.,Healthcare,Drug Manufacturers - General,United States,NASDAQ,31840986569.0,215.5,50.45,52.05,8,70.5,2680,False,-4.01,58.84,11.75,16.59,30.5,15.55,2.84,192.842,184.8375,165.1373,186.5034,209.5386,176389683,1255,2026-09-18,55.47,147753998.0
NASDAQ:FISI,FISI,"Financial Institutions, Inc.",Financial Services,Banks - Regional,United States,NASDAQ,800054077.0,40.64,50.46,52.23,8,70.5,2681,False,-4.08,63.87,16.28,21.92,40.47,62.27,75.56,34.9491,33.3331,28.9317,25.0452,23.1484,6279256,1255,2026-09-18,51.35,19686370.0
NASDAQ:DIOD,DIOD,Diodes Incorporated,Technology,Semiconductors,United States,NASDAQ,4243915080.0,92.37,50.48,49.57,8,70.6,2682,False,-24.76,118.06,12.77,22.23,42.77,37.89,29.52,81.9108,75.5694,64.7006,66.9875,71.3158,49425708,1255,2026-09-18,48.23,45944734.0
NASDAQ:ORIC,ORIC,"Oric Pharmaceuticals, Inc.",Healthcare,Biotechnology,United States,NASDAQ,1323989618.0,12.79,50.52,52.12,8,70.6,2683,False,-12.7,71.1,19.54,15.91,28.93,31.55,47.97,10.6994,11.0346,9.9198,9.7225,8.6434,16595320,1255,2026-09-18,51.6,103517562.0
NASDAQ:RMBI,RMBI,"Richmond Mutual Bancorporation, Inc.",Financial Services,Banks - Regional,United States,NASDAQ,253180239.0,15.79,50.52,52.12,8,70.6,2684,False,-2.29,27.34,9.73,11.71,17.73,27.83,33.64,14.3901,14.1351,13.4115,12.3528,11.8151,2284962,1255,2026-09-18,61.09,16034214.0
NASDAQ:CBFV,CBFV,"CB Financial Services, Inc.",Financial Services,Banks - Regional,United States,NASDAQ,189398729.0,37.28,50.53,51.46,8,70.7,2685,False,-1.95,20.86,5.24,7.24,18.73,33.59,45.37,35.4246,34.7626,31.3994,27.9061,25.6442,201681,1255,2026-09-18,49.93,5080438.0
NYSE:TRLV,TRLV,Trulieve Cannabis Corp. Subordinate Voting Shares,Healthcare,Drug Manufacturers - Specialty & Generic,United States,NYSE,1880801402.0,11.07,50.53,53.75,8,70.7,2686,False,-14.85,132.56,32.23,36.41,56.58,46.19,49.52,8.3715,8.1154,7.0697,7.5725,7.4035,25202542,1255,2026-09-18,59.53,169900759.0
NASDAQ:ASO,ASO,"Academy Sports and Outdoors, Inc.",Consumer Cyclical,Specialty Retail,United States,NASDAQ,2994867136.0,48.29,50.54,50.66,8,70.7,2687,False,-20.38,17.03,-7.63,-6.01,-3.59,-6.8,-7.09,52.2768,51.3764,50.0871,51.8112,51.9766,120022078,1255,2026-09-18,54.61,62018371.0
NASDAQ:EXOZ,EXOZ,eXoZymes Inc.,Healthcare,Biotechnology,United States,NASDAQ,59725545.0,6.435,50.54,49.7,8,70.7,2688,False,-61.0,46.25,-27.5,-35.27,,,,8.8756,9.941,,,,40590,462,2026-09-18,46.09,9281359.0
NASDAQ:DERM,DERM,Journey Medical Corporation,Healthcare,Drug Manufacturers - Specialty & Generic,United States,NASDAQ,157417539.0,7.31,50.57,52.42,8,70.7,2689,False,-21.06,66.51,5.55,3.08,11.03,24.82,49.9,6.9256,7.0919,6.5836,5.8563,4.8766,1054893,1216,2026-09-18,51.79,21534547.0
NASDAQ:STBA,STBA,"S&T Bancorp, Inc.",Financial Services,Banks - Regional,United States,NASDAQ,1769241839.0,50.17,50.58,51.55,8,70.8,2690,True,-5.29,49.69,12.59,16.96,25.95,37.52,46.05,44.5616,42.8936,39.8333,36.4832,34.3518,13779163,1255,2026-09-18,44.41,35264936.0
NYSE:TSLX,TSLX,"Sixth Street Specialty Lending, Inc.",Financial Services,Asset Management,United States,NYSE,1700850840.0,17.9,50.59,51.75,8,70.8,2691,False,-16.42,13.1,-0.27,-2.49,-4.32,-0.25,7.14,17.9477,18.3565,18.7081,17.945,16.7068,7044444,1255,2026-09-18,57.01,95019600.0
NASDAQ:MBX,MBX,"MBX Biosciences, Inc.",Healthcare,Biotechnology,United States,NASDAQ,3029751639.0,62.91,50.61,52.15,8,70.8,2692,False,-11.02,529.1,49.32,67.14,142.54,,,42.1312,37.6402,25.9375,,,29168802,505,2026-09-18,53.56,48160096.0
NYSE:OGN,OGN,Organon & Co.,Healthcare,Drug Manufacturers - General,United States,NYSE,3592497043.0,13.68,50.62,57.83,8,70.8,2693,False,-0.73,140.71,29.81,34.94,18.33,3.69,-9.54,10.5386,10.1375,11.561,13.1933,15.1228,43933974,1255,2026-09-18,52.73,262609433.0
NASDAQ:HOPE,HOPE,"Hope Bancorp, Inc.",Financial Services,Banks - Regional,United States,NASDAQ,1783276031.0,13.96,50.63,52.46,8,70.9,2694,True,-3.72,46.53,13.69,17.87,24.65,30.94,35.07,12.2795,11.8435,11.1996,10.6611,10.3351,11953296,1255,2026-09-18,49.9,127741836.0
NASDAQ:UVSP,UVSP,Univest Financial Corporation,Financial Services,Banks - Regional,United States,NASDAQ,1171631025.0,42.48,50.63,50.38,8,70.9,2695,False,-5.55,53.9,12.47,17.76,31.54,51.05,61.87,37.7716,36.0719,32.2936,28.1231,26.2425,9831936,1255,2026-09-18,51.71,27580768.0
NASDAQ:LUNG,LUNG,Pulmonx Corporation,Healthcare,Medical Devices,United States,NASDAQ,87431010.0,2.07,50.64,52.42,8,70.9,2696,False,-20.38,76.92,22.05,22.22,-39.61,-61.63,-69.77,1.696,1.6936,3.4276,5.3952,6.8472,774890,1255,2026-09-18,45.9,42237203.0
NASDAQ:CGON,CGON,"CG Oncology, Inc.",Healthcare,Biotechnology,United States,NASDAQ,6581668535.0,74.62,50.66,51.43,8,71.0,2697,False,-7.51,104.55,19.49,28.59,71.5,,,62.4504,58.0297,43.5107,,,56649418,665,2026-09-18,53.59,88202473.0
NASDAQ:RNTX,RNTX,"Rein Therapeutics, Inc.",Healthcare,Biotechnology,United States,NASDAQ,68431226.0,0.8,50.66,48.74,8,71.0,2698,False,-57.45,13.96,-29.06,-31.82,-51.64,-63.59,-64.22,1.1278,1.1734,1.6544,2.1974,2.236,339288,1255,2026-09-18,49.34,85539032.0
NASDAQ:SIGA,SIGA,SIGA Technologies Inc.,Healthcare,Drug Manufacturers - Specialty & Generic,United States,NASDAQ,225213665.0,3.14,50.66,47.86,8,71.0,2699,True,-62.12,9.41,-30.93,-37.56,-40.57,-40.81,-39.44,4.5458,5.0287,5.2832,5.3045,5.1847,2274737,1255,2026-09-18,46.26,71724097.0
NYSE:MUR,MUR,Murphy Oil Corporation,Energy,Oil & Gas E&P,United States,NYSE,5361020264.0,37.39,50.69,51.35,8,71.1,2700,False,-10.86,46.63,6.33,11.08,26.58,16.01,12.86,35.164,33.6609,29.5388,32.2291,33.1285,59975128,1255,2026-09-18,51.95,143381125.0
NYSE:VET,VET,Vermilion Energy Inc. Common (Canada),Energy,Oil & Gas E&P,Canada,NYSE,1913056000.0,12.52,50.69,53.71,8,71.1,2701,False,-11.77,77.94,15.41,22.26,37.2,28.7,15.75,10.8486,10.2407,9.1256,9.7277,10.8168,17862523,1255,2026-09-18,52.71,152800000.0
NYSE:WTRG,WTRG,"Essential Utilities, Inc.",Utilities,Utilities - Regulated Water,United States,NYSE,11640297622.0,41.04,50.69,53.33,8,71.1,2702,False,-2.29,14.95,6.52,6.69,9.99,13.65,11.96,38.5272,38.4677,37.3134,36.1097,36.6546,102733250,1255,2026-09-18,57.46,283632983.0
AMEX:LPA,LPA,Logistic Properties of the Americas,Real Estate,Real Estate - Development,Costa Rica,AMEX,99279939.0,3.14,50.7,50.09,8,71.1,2703,False,-50.16,31.93,2.62,-3.41,-44.6,,,3.0598,3.2509,5.6681,,,95697,621,2026-09-18,48.56,31617815.0
NASDAQ:IMMX,IMMX,"Immix Biopharma, Inc.",Healthcare,Biotechnology,United States,NASDAQ,889874388.0,12.5,50.71,53.29,8,71.1,2704,False,-13.61,512.75,40.77,62.56,157.56,189.85,236.62,8.8794,7.6894,4.8532,4.3126,3.7134,20851471,1193,2026-09-18,52.98,71189951.0
NYSE:BALY,BALY,Bally's Corporation,Consumer Cyclical,Resorts & Casinos,United States,NYSE,509556956.0,10.41,50.73,47.55,8,71.2,2705,True,-46.51,17.76,-22.34,-24.44,,,,13.4041,13.7778,,,,1215651,446,2026-09-18,50.49,48948795.0
NASDAQ:CAMP,CAMP,CAMP4 Therapeutics Corporation,Healthcare,Biotechnology,United States,NASDAQ,220165392.0,4.24,50.76,50.6,8,71.2,2706,False,-40.53,85.96,-6.07,-1.52,,,,4.514,4.3054,,,,1288376,485,2026-09-18,45.75,51925800.0
NASDAQ:GALT,GALT,Galectin Therapeutics Inc.,Healthcare,Biotechnology,United States,NASDAQ,256183333.0,3.89,50.77,51.66,8,71.2,2707,False,-40.25,87.02,15.68,4.25,30.72,41.51,58.58,3.3627,3.7313,2.9758,2.7489,2.453,1409556,1255,2026-09-18,45.75,65856898.0
NASDAQ:XNCR,XNCR,"Xencor, Inc.",Healthcare,Biotechnology,United States,NASDAQ,1832780253.0,24.72,50.77,54.67,8,71.2,2708,False,-15.63,146.46,59.48,63.46,65.79,48.26,27.62,15.5002,15.1231,14.91,16.6735,19.3694,39827880,1255,2026-09-18,50.04,74141596.0
NASDAQ:SORA,SORA,AsiaStrategy,Consumer Cyclical,Luxury Goods,Hong Kong,NASDAQ,55198080.0,2.22,50.78,50.69,8,71.3,2709,False,-68.24,38.75,-6.99,-23.16,,,,2.3869,2.8892,,,,120655,368,2026-09-18,51.16,24864000.0
NASDAQ:CBRS,CBRS,Cerebras Systems Inc.,Technology,Semiconductors,United States,NASDAQ,22266459012.0,198.37,50.8,48.94,8,71.3,2710,False,-36.23,17.71,,,,,,,,,,,1188459484,88,2026-09-18,48.98,112247109.0
NASDAQ:CRUS,CRUS,"Cirrus Logic, Inc.",Technology,Semiconductors,United States,NASDAQ,5994791953.0,118.82,50.8,46.41,8,71.3,2711,False,-33.58,9.53,-15.12,-13.06,-1.96,4.85,12.51,139.9813,136.6658,121.1992,113.3215,105.6096,113787710,1255,2026-09-18,53.36,50452718.0
NYSE:SAP,SAP,SAP SE ADS,Technology,Software - Application,Germany,NYSE,241748076392.0,209.45,50.8,54.2,8,71.3,2712,False,-24.02,43.09,8.31,1.49,-10.48,-1.63,11.43,193.3744,206.3755,233.9739,212.926,187.9667,461102269,1255,2026-09-18,55.42,1154204232.0
NASDAQ:APC,APC,ARKO Petroleum Corp.,Energy,Oil & Gas Refining & Marketing,United States,NASDAQ,236571597.0,18.82,50.81,50.02,8,71.4,2713,True,-10.37,12.96,,,,,,,,,,,2644887,151,2026-09-18,47.53,12570223.0
NASDAQ:WMG,WMG,Warner Music Group Corp.,Communication Services,Entertainment,United States,NASDAQ,4097510724.0,28.02,50.81,51.11,8,71.4,2714,True,-18.32,20.01,-0.96,-2.86,-4.41,-5.65,-4.07,28.2906,28.8448,29.3114,29.6979,29.2084,51403997,1255,2026-09-18,50.26,146235215.0
NYSE:AAMI,AAMI,Acadian Asset Management Inc.,Financial Services,Asset Management,United States,NYSE,3220374215.0,90.74,50.82,53.29,8,71.4,2715,False,-6.65,117.4,35.51,44.95,94.32,137.85,168.12,66.9637,62.6019,46.6972,38.1507,33.8426,44616858,1255,2026-09-18,50.27,35490128.0
NASDAQ:MGNX,MGNX,"MacroGenics, Inc.",Healthcare,Biotechnology,United States,NASDAQ,263151329.0,4.14,50.83,50.61,8,71.5,2716,False,-14.81,211.28,31.76,46.28,58.78,-11.96,-15.88,3.1421,2.8302,2.6073,4.7024,4.9218,1838463,1255,2026-09-18,50.49,63563123.0
NASDAQ:PYXS,PYXS,"Pyxis Oncology, Inc.",Healthcare,Biotechnology,United States,NASDAQ,210973755.0,3.33,50.83,52.51,8,71.5,2717,False,-37.64,214.15,50.9,34.07,56.44,31.88,35.57,2.2067,2.4837,2.1286,2.5251,2.4563,3180093,1241,2026-09-18,52.82,63355482.0
NASDAQ:ARXS,ARXS,"Arxis, Inc.",Industrials,Aerospace & Defense,United States,NASDAQ,3995010476.0,52.02,50.85,52.07,8,71.5,2718,False,-13.29,52.78,,,,,,,,,,,37428171,108,2026-09-18,41.33,76797587.0
NASDAQ:INVA,INVA,"Innoviva, Inc.",Healthcare,Biotechnology,United States,NASDAQ,1560316954.0,21.14,50.87,49.12,8,71.5,2719,True,-12.79,26.81,-2.84,-0.36,5.15,13.58,23.46,21.7577,21.2158,20.1045,18.6117,17.1226,15960784,1255,2026-09-18,49.16,73808749.0
NASDAQ:CATY,CATY,Cathay General Bancorp,Financial Services,Banks - Regional,United States,NASDAQ,4159879096.0,62.25,50.88,51.55,8,71.6,2720,False,-3.54,41.59,12.9,16.82,27.97,40.25,48.84,55.136,53.2877,48.6432,44.3855,41.8233,28931422,1255,2026-09-18,48.71,66825367.0
AMEX:RYDE,RYDE,Ryde Group Ltd.,Technology,Software - Application,Singapore,AMEX,108185423.0,0.721,50.89,49.57,8,71.6,2721,False,-51.61,224.77,7.29,14.24,39.32,,,0.672,0.6312,0.5175,,,417228,637,2026-09-18,48.01,150049131.0
NASDAQ:KNSA,KNSA,"Kiniksa Pharmaceuticals International, plc",Healthcare,Drug Manufacturers - Specialty & Generic,United Kingdom,NASDAQ,3729863447.0,77.24,50.9,53.85,8,71.6,2722,False,-4.55,118.07,41.81,50.68,102.58,142.17,181.18,54.4664,51.26,38.1272,31.8953,27.4701,41162624,1255,2026-09-18,57.01,48289273.0
NASDAQ:TRMK,TRMK,Trustmark Corporation,Financial Services,Banks - Regional,United States,NASDAQ,2719721840.0,46.71,50.9,51.26,8,71.6,2723,False,-3.2,30.3,7.24,10.23,21.31,36.62,46.13,43.5554,42.3748,38.505,34.1897,31.965,17886164,1255,2026-09-18,51.16,58225687.0
NASDAQ:FDSB,FDSB,"Fifth District Bancorp, Inc.",Financial Services,Banks - Regional,United States,NASDAQ,96399513.0,18.31,50.92,54.75,8,71.7,2724,False,-2.03,40.31,15.88,19.49,32.28,,,15.8013,15.3234,13.8421,,,108625,535,2026-09-18,55.35,5264856.0
NASDAQ:SONO,SONO,"Sonos, Inc.",Technology,Consumer Electronics,United States,NASDAQ,1837105494.0,15.53,50.92,50.94,8,71.7,2725,False,-18.95,22.28,1.23,-0.6,11.68,8.55,3.6,15.3418,15.6238,13.9055,14.3073,14.9902,27728858,1255,2026-09-18,56.38,118293979.0
NASDAQ:ABUS,ABUS,Arbutus Biopharma Corporation,Healthcare,Biotechnology,United States,NASDAQ,989663927.0,5.01,50.93,53.79,8,71.7,2726,False,-4.02,36.51,10.7,11.14,25.19,39.64,51.36,4.5255,4.508,4.0018,3.5878,3.3101,28770611,1255,2026-09-18,55.59,197537710.0
NASDAQ:BOLD,BOLD,"Boundless Bio, Inc.",Healthcare,Biotechnology,United States,NASDAQ,63154123.0,2.81,50.93,57.0,8,71.7,2727,True,-6.33,167.62,64.02,73.52,56.49,,,1.7132,1.6194,1.7957,,,275416,621,2026-09-18,49.5,22474777.0
AMEX:NINE,NINE,"Nine Energy Service, Inc.",Energy,Oil & Gas Equipment & Services,United States,AMEX,147172394.0,10.55,50.95,49.65,8,71.8,2728,False,-18.91,31.88,,,,,,,,,,,1082319,119,2026-09-18,44.05,13949990.0
NASDAQ:ORMP,ORMP,Oramed Pharmaceuticals Inc.,Healthcare,Biotechnology,United States,NASDAQ,193989624.0,4.74,50.95,52.84,8,71.8,2729,False,-11.24,132.17,24.77,36.1,69.21,80.33,56.02,3.799,3.4827,2.8013,2.6286,3.038,1175670,1255,2026-09-18,47.92,40926081.0
NYSE:BHE,BHE,"Benchmark Electronics, Inc.",Technology,Electronic Components,United States,NYSE,2708362948.0,75.4,50.96,48.62,8,71.8,2730,False,-23.58,111.49,11.31,21.08,46.66,68.85,91.07,67.7415,62.2732,51.4102,44.655,39.4611,24471981,1255,2026-09-18,48.9,35919933.0
NYSE:PWR,PWR,"Quanta Services, Inc.",Industrials,Engineering & Construction,United States,NYSE,95725141757.0,636.71,50.96,49.41,8,71.8,2731,True,-18.9,64.0,6.85,13.31,43.4,71.0,98.81,595.8853,561.9157,444.0147,372.355,320.2677,601346309,1255,2026-09-18,45.16,150343393.0
NASDAQ:BVFL,BVFL,"BV Financial, Inc.",Financial Services,Banks - Regional,United States,NASDAQ,184868903.0,21.35,50.98,51.12,8,71.9,2732,True,-2.42,45.93,7.3,11.22,22.16,36.3,39.06,19.897,19.1962,17.4772,15.6643,15.3528,416106,1255,2026-09-18,42.74,8658965.0
NASDAQ:SHLS,SHLS,"Shoals Technologies Group, Inc.",Technology,Solar,United States,NASDAQ,1275065809.0,7.6,51.01,47.92,8,71.9,2733,False,-40.49,33.1,-11.66,-12.24,12.02,-8.39,-37.37,8.6029,8.66,6.7844,8.2959,12.1347,34688610,1255,2026-09-18,51.67,167771817.0
NASDAQ:ATII,ATII,Archimedes Tech SPAC Partners II Co.,Financial Services,Shell Companies,United States,NASDAQ,315725300.0,10.67,51.02,47.89,8,71.9,2734,False,-6.24,4.61,0.25,0.89,,,,10.6431,10.5755,,,,2550502,367,2026-09-18,49.64,29590000.0
NASDAQ:AVIR,AVIR,"Atea Pharmaceuticals, Inc.",Healthcare,Biotechnology,United States,NASDAQ,426544438.0,5.33,51.02,52.43,8,71.9,2735,False,-13.33,89.01,13.13,21.74,39.88,43.16,38.48,4.7112,4.3781,3.8103,3.7231,3.8489,1390328,1255,2026-09-18,48.68,80027099.0
NYSE:GBTG,GBTG,"Global Business Travel Group, Inc.",Consumer Cyclical,Travel Services,United Kingdom,NYSE,4941652771.0,9.46,51.03,59.43,8,72.0,2736,False,-0.53,90.34,20.19,20.43,21.81,31.39,34.99,7.8707,7.8555,7.766,7.1999,7.0082,19828954,1025,2026-09-18,51.03,522373443.0
NYSE:SOLV,SOLV,Solventum Corporation,Healthcare,Medical Instruments & Supplies,United States,NYSE,15384841414.0,88.84,51.05,53.73,8,72.0,2737,True,-3.89,42.17,14.36,15.55,19.33,,,77.6812,76.8813,74.4519,,,87151978,623,2026-09-18,46.29,173174712.0
NASDAQ:XERS,XERS,"Xeris Biopharma Holdings, Inc.",Healthcare,Drug Manufacturers - Specialty & Generic,United States,NASDAQ,1495026509.0,8.2,51.05,51.0,8,72.0,2738,False,-17.17,55.01,15.82,12.12,39.63,76.28,107.39,7.0802,7.3138,5.8727,4.6516,3.9539,14095892,1255,2026-09-18,50.19,182320306.0
NASDAQ:NWBI,NWBI,"Northwest Bancshares, Inc.",Financial Services,Banks - Regional,United States,NASDAQ,2263290199.0,15.46,51.06,52.74,8,72.1,2739,True,-2.21,42.67,14.41,18.08,24.64,33.32,37.54,13.5124,13.0929,12.4038,11.5963,11.2405,16333507,1255,2026-09-18,47.94,146396520.0
NASDAQ:TENB,TENB,"Tenable Holdings, Inc.",Technology,Software - Infrastructure,United States,NASDAQ,3906936003.0,35.43,51.07,51.31,8,72.1,2740,False,-16.93,120.89,34.02,31.8,11.89,-1.01,-4.34,26.4365,26.8808,31.6645,35.7907,37.0393,213241959,1255,2026-09-18,52.79,110271973.0
NASDAQ:MORN,MORN,"Morningstar, Inc.",Financial Services,Financial Data & Stock Exchanges,United States,NASDAQ,7646391177.0,203.83,51.08,52.92,8,72.1,2741,False,-13.15,44.14,9.2,5.54,-17.96,-21.32,-17.53,186.6518,193.1326,248.4587,259.0758,247.171,63652762,1255,2026-09-18,50.05,37513571.0
NYSE:MOS,MOS,Mosaic Company (The),Basic Materials,Agricultural Inputs,United States,NYSE,7780885845.0,24.48,51.08,52.96,8,72.1,2742,False,-29.37,24.56,1.39,-2.1,-7.59,-10.57,-19.76,24.1452,25.0046,26.4911,27.3725,30.5071,205588059,1255,2026-09-18,58.63,317846644.0
NYSE:OBK,OBK,"Origin Bancorp, Inc.",Financial Services,Banks - Regional,United States,NYSE,1657553199.0,53.73,51.08,53.29,8,72.1,2743,False,-2.23,68.75,17.13,23.62,38.6,49.97,53.35,45.8724,43.4622,38.7662,35.8276,35.0365,8738925,1255,2026-09-18,50.79,30849678.0
NASDAQ:AEYE,AEYE,"AudioEye, Inc.",Technology,Software - Application,United States,NASDAQ,91701666.0,7.34,51.1,52.19,8,72.2,2744,False,-52.24,35.93,-3.66,-16.86,-40.9,-40.18,-30.57,7.6185,8.8283,12.42,12.2702,10.5713,1401281,1255,2026-09-18,53.75,12493415.0
AMEX:EXOD,EXOD,"Exodus Movement, Inc.",Technology,Software - Infrastructure,United States,AMEX,74070196.0,6.84,51.1,51.33,8,72.2,2745,False,-78.62,47.41,-23.98,-43.48,-69.67,-61.73,-51.69,8.9979,12.102,22.5518,17.8733,14.1575,970110,1255,2026-09-18,46.89,10828976.0
NASDAQ:QLYS,QLYS,"Qualys, Inc.",Technology,Software - Infrastructure,United States,NASDAQ,6161567545.0,174.96,51.1,52.87,8,72.2,2746,False,-10.68,129.61,38.76,36.86,33.03,24.13,27.22,126.0874,127.8423,131.5166,140.9512,137.5211,132643235,1255,2026-09-18,53.12,35217007.0
NASDAQ:LOGI,LOGI,Logitech International S.A. - Registered Shares,Technology,Computer Hardware,Switzerland,NASDAQ,14490659198.0,101.2,51.11,50.12,8,72.3,2747,False,-20.12,17.89,0.94,-1.56,6.34,10.6,22.48,100.2588,102.8045,95.164,91.5044,82.6228,70877568,1255,2026-09-18,54.05,143188332.0
NASDAQ:BBCP,BBCP,"Concrete Pumping Holdings, Inc.",Industrials,Engineering & Construction,United States,NASDAQ,491839779.0,9.76,51.12,50.94,8,72.3,2748,True,-17.92,72.62,20.41,25.58,39.67,43.77,46.6,8.1059,7.7719,6.9877,6.7885,6.6575,2734440,1255,2026-09-18,49.44,50393420.0
NYSE:OFG,OFG,OFG Bancorp,Financial Services,Banks - Regional,United States,NYSE,2218912500.0,52.5,51.12,53.44,8,72.3,2749,True,-2.69,43.59,16.79,19.19,23.68,32.03,45.29,44.9527,44.0479,42.4497,39.7627,36.1349,14271438,1255,2026-09-18,48.91,42265000.0
NASDAQ:CLMB,CLMB,"Climb Global Solutions, Inc.",Technology,Electronics & Computer Distribution,United States,NASDAQ,520631828.0,27.9,51.13,52.83,8,72.4,2750,True,-22.06,67.27,11.85,6.74,1.89,20.39,40.56,24.9431,26.1388,27.3817,23.1748,19.8498,3652765,1255,2026-09-18,50.7,18660639.0
NASDAQ:GCMG,GCMG,GCM Grosvenor Inc.,Financial Services,Asset Management,United States,NASDAQ,793434788.0,13.14,51.13,51.79,8,72.4,2751,False,-5.66,41.87,14.68,15.27,13.76,25.45,37.58,11.4578,11.3991,11.5506,10.4746,9.5509,6380923,1255,2026-09-18,46.3,60383165.0
NYSE:HDB,HDB,HDFC Bank Limited,Financial Services,Banks - Regional,India,NYSE,118926773306.0,23.16,51.13,48.78,8,72.4,2752,False,-37.71,6.04,-16.41,-21.16,-26.29,-24.27,-24.98,27.7075,29.3763,31.4223,30.5814,30.8734,262861828,1255,2026-09-18,45.88,5135007483.0
AMEX:REI,REI,"Ring Energy, Inc.",Energy,Oil & Gas E&P,United States,AMEX,370626292.0,1.46,51.13,53.65,8,72.4,2753,False,-26.26,73.81,13.48,18.95,22.06,6.89,-7.54,1.2866,1.2274,1.1962,1.3658,1.579,6210982,1255,2026-09-18,51.13,253853625.0
NYSE:MUFG,MUFG,"Mitsubishi UFJ Financial Group, Inc.",Financial Services,Banks - Diversified,Japan,NYSE,260834060740.0,23.13,51.14,53.4,8,72.5,2754,False,-4.14,58.21,20.28,25.49,49.0,72.25,99.05,19.2294,18.4313,15.5237,13.4285,11.6203,63610484,1255,2026-09-18,55.7,11276872492.0
NASDAQ:RNXT,RNXT,"RenovoRx, Inc.",Healthcare,Biotechnology,United States,NASDAQ,76217535.0,1.69,51.17,54.0,8,72.5,2755,False,-32.94,130.56,63.36,61.89,54.07,49.37,15.7,1.0345,1.0439,1.0969,1.1314,1.4607,3067202,1255,2026-09-18,52.49,45099133.0
NASDAQ:TXN,TXN,Texas Instruments Incorporated,Technology,Semiconductors,United States,NASDAQ,243508362995.0,266.64,51.18,48.8,8,72.5,2756,True,-19.34,76.82,10.12,17.69,30.06,39.49,46.42,242.1381,226.5625,205.012,191.1578,182.1026,1545626913,1255,2026-09-18,43.06,913247686.0
NYSE:EG,EG,"Everest Group, Ltd.",Financial Services,Insurance - Reinsurance,Bermuda,NYSE,14506695000.0,374.85,51.19,52.26,8,72.5,2757,False,-5.47,25.12,9.65,10.57,9.51,7.34,9.54,341.8451,339.0015,342.3036,349.2145,342.1907,151061711,1255,2026-09-18,57.09,38700000.0
NYSE:SUNB,SUNB,"Sunbelt Rentals Holdings, Inc.",Industrials,Rental & Leasing Services,United States,NYSE,30168040646.0,73.59,51.19,49.66,8,72.5,2758,False,-13.25,18.33,,,,,,,,,,,608274997,140,2026-09-18,51.42,409947556.0
NASDAQ:MGYR,MGYR,"Magyar Bancorp, Inc.",Financial Services,Banks - Regional,United States,NASDAQ,125376943.0,19.4,51.2,53.01,8,72.6,2759,False,-2.17,21.83,9.45,10.87,22.04,37.72,46.13,17.7246,17.4987,15.8965,14.0869,13.2757,63586,1255,2026-09-18,57.52,6462729.0
NASDAQ:BATRA,BATRA,"Atlanta Braves Holdings, Inc. - Series A",Communication Services,Entertainment,United States,NASDAQ,576167562.0,55.84,51.21,51.1,8,72.6,2760,False,-3.37,33.21,10.42,13.71,20.0,24.17,30.58,50.5715,49.106,46.5326,44.9709,42.7626,4077539,1255,2026-09-18,51.42,10318187.0
NYSE:MSGE,MSGE,Madison Square Garden Entertainment Corp.,Communication Services,Entertainment,United States,NYSE,3195448690.0,79.02,51.23,51.64,8,72.6,2761,True,-10.63,89.18,18.66,26.86,58.7,75.76,,66.593,62.2903,49.7908,44.9603,,33356797,860,2026-09-18,45.51,40438480.0
AMEX:WRN,WRN,Western Copper and Gold Corporation,Basic Materials,Other Industrial Metals & Mining,Canada,AMEX,546032949.0,2.42,51.24,51.01,8,72.7,2762,False,-40.25,45.78,-10.85,-6.44,28.55,44.08,45.9,2.7145,2.5865,1.8826,1.6797,1.6587,2700424,1255,2026-09-18,50.68,225633450.0
NYSE:THC,THC,Tenet Healthcare Corporation,Healthcare,Medical Care Facilities,United States,NYSE,21095172810.0,261.99,51.25,54.96,8,72.7,2763,True,-6.69,62.35,24.25,25.41,45.43,69.95,100.1,210.8569,208.9003,180.1436,154.153,130.9276,230031150,1255,2026-09-18,51.17,80519000.0
NASDAQ:PFIS,PFIS,Peoples Financial Services Corp.,Financial Services,Banks - Regional,United States,NASDAQ,706131288.0,70.54,51.29,54.22,8,72.7,2764,False,-2.1,65.37,20.94,26.57,38.93,51.8,56.9,58.3275,55.7314,50.774,46.4683,44.9589,4068551,1255,2026-09-18,53.29,10010367.0
NASDAQ:SATL,SATL,Satellogic Inc.,Industrials,Aerospace & Defense,United States,NASDAQ,703450040.0,5.11,51.29,50.4,8,72.7,2765,False,-52.42,302.36,3.76,15.51,37.52,75.76,74.5,4.925,4.4239,3.7158,2.9073,2.9284,23375148,1255,2026-09-18,57.79,137661456.0
NYSE:GATX,GATX,GATX Corporation,Industrials,Rental & Leasing Services,United States,NYSE,6280416768.0,177.89,51.31,50.71,8,72.8,2766,False,-10.72,18.69,0.1,1.93,9.69,20.02,29.38,177.7187,174.5229,162.1773,148.2187,137.4981,36165835,1255,2026-09-18,57.51,35305058.0
NASDAQ:STRL,STRL,"Sterling Infrastructure, Inc.",Industrials,Engineering & Construction,United States,NASDAQ,15916190621.0,518.68,51.31,47.58,8,72.8,2767,False,-47.81,82.91,-2.12,4.96,52.49,100.44,153.38,529.9372,494.1663,340.1476,258.7714,204.7037,282540451,1255,2026-09-18,48.81,30685954.0
NYSE:IT,IT,"Gartner, Inc.",Technology,Information Technology Services,United States,NYSE,12438321938.0,185.78,51.32,53.07,8,72.8,2768,False,-29.65,47.76,5.87,-1.96,-40.82,-47.76,-46.75,175.4842,189.5028,313.9059,355.6196,348.8574,222578654,1255,2026-09-18,52.7,66951889.0
NASDAQ:SPSC,SPSC,"SPS Commerce, Inc.",Technology,Software - Application,United States,NASDAQ,2870653875.0,79.74,51.33,54.97,8,72.8,2769,False,-29.46,59.77,15.93,6.86,-30.25,-41.98,-43.26,68.7813,74.6227,114.3234,137.427,140.5304,43401987,1255,2026-09-18,52.86,36000174.0
NYSE:ELME,ELME,Elme Communities,Real Estate,REIT - Residential,United States,NYSE,147504086.0,1.66,51.34,49.65,8,72.9,2770,False,-47.8,22.96,-19.73,-23.6,-28.01,-25.96,-26.99,2.068,2.1727,2.3058,2.2421,2.2735,1088919,1255,2026-09-18,48.46,88857883.0
NYSE:AEG,AEG,Aegon Ltd. New York Registry Shares,Financial Services,Insurance - Diversified,Netherlands,NYSE,13292585681.0,9.04,51.35,53.57,8,72.9,2771,False,-2.55,40.79,15.29,17.06,30.4,43.21,57.8,7.8411,7.7227,6.9326,6.3126,5.7286,39869859,1255,2026-09-18,56.28,1470418770.0
NASDAQ:AEHR,AEHR,Aehr Test Systems,Technology,Semiconductor Equipment & Materials,United States,NASDAQ,3049685870.0,93.49,51.35,50.49,8,72.9,2772,False,-35.79,381.91,42.02,62.35,163.79,210.17,206.5,65.8267,57.5868,35.4412,30.1413,30.5022,240404463,1255,2026-09-18,49.35,32620450.0
NASDAQ:GFS,GFS,GlobalFoundries Inc.,Technology,Semiconductors,United States,NASDAQ,26238873834.0,47.82,51.35,46.3,8,72.9,2773,False,-46.77,48.54,-11.0,-3.92,8.09,1.86,-4.8,53.7291,49.7697,44.2392,46.9454,50.2305,181619063,1227,2026-09-18,45.38,548700833.0
NASDAQ:HELP,HELP,Cybin Inc.,Healthcare,Biotechnology,Canada,NASDAQ,766743045.0,12.37,51.36,55.0,8,73.0,2774,False,-11.77,219.64,74.86,79.55,61.73,24.88,10.3,7.0742,6.8894,7.6487,9.9058,11.2149,23502560,1255,2026-09-18,64.72,61984078.0
NASDAQ:INBX,INBX,"Inhibrx Biosciences, Inc.",Healthcare,Biotechnology,United States,NASDAQ,1604294189.0,109.35,51.37,53.05,8,73.0,2775,False,-22.91,310.32,21.25,31.71,120.48,,,90.1838,83.025,49.5971,,,43593768,579,2026-09-18,45.74,14671186.0
NYSE:CNQ,CNQ,Canadian Natural Resources Limited,Energy,Oil & Gas E&P,Canada,NYSE,103534644400.0,49.64,51.38,54.08,8,73.0,2776,False,-3.71,70.78,16.83,23.6,41.52,46.69,57.11,42.4874,40.1621,35.0771,33.8406,31.5953,358703722,1255,2026-09-18,56.99,2085710000.0
NYSE:CRD.B,CRD-B,Crawford & Company,Financial Services,Insurance Brokers,United States,NYSE,226407974.0,11.95,51.38,52.45,8,73.0,2777,False,-8.78,34.34,15.0,16.12,15.77,20.78,32.48,10.3914,10.2906,10.3218,9.8942,9.0204,563909,1255,2026-09-18,64.32,18946274.0
NYSE:RNR,RNR,RenaissanceRe Holdings Ltd.,Financial Services,Insurance - Reinsurance,Bermuda,NYSE,13592455238.0,327.12,51.41,52.61,8,73.1,2778,False,-3.09,41.82,8.95,12.44,21.46,29.73,39.29,300.2389,290.9312,269.3278,252.1534,234.8556,93800445,1255,2026-09-18,53.66,41551893.0
NASDAQ:ACET,ACET,"Adicet Bio, Inc.",Healthcare,Biotechnology,United States,NASDAQ,85816806.0,9.18,51.44,52.27,8,73.1,2779,True,-44.83,50.25,13.98,2.12,-21.25,-46.34,-80.38,8.054,8.9895,11.6574,17.1089,46.8002,1205404,1255,2026-09-18,48.95,9348236.0
NYSE:AG,AG,First Majestic Silver Corp. Ordinary Shares (Canada),Basic Materials,Silver,Canada,NYSE,9779262639.0,19.84,51.44,52.14,8,73.1,2780,False,-37.91,99.99,-0.78,7.52,56.51,91.45,107.56,19.9954,18.4528,12.6766,10.3631,9.5588,190934166,1255,2026-09-18,49.24,492906383.0
NYSE:PRGO,PRGO,Perrigo Company plc,Healthcare,Drug Manufacturers - Specialty & Generic,Ireland,NYSE,1876266961.0,13.56,51.46,55.09,8,73.2,2781,True,-35.51,53.51,15.63,4.92,-25.71,-34.99,-41.47,11.7273,12.9245,18.252,20.8586,23.1688,37849711,1255,2026-09-18,50.28,138367770.0
NASDAQ:ANGO,ANGO,"AngioDynamics, Inc.",Healthcare,Medical Instruments & Supplies,United States,NASDAQ,638172086.0,15.44,51.48,54.82,8,73.2,2782,True,-4.28,59.18,24.77,26.19,44.23,65.58,54.92,12.3746,12.236,10.7052,9.3246,9.9663,5944471,1255,2026-09-18,49.9,41332389.0
NASDAQ:APPF,APPF,"AppFolio, Inc.",Technology,Software - Application,United States,NASDAQ,5169871579.0,214.63,51.48,54.29,8,73.2,2783,False,-24.74,49.73,14.67,7.62,-1.53,-1.09,9.12,187.1697,199.4282,217.9605,217.001,196.6938,72842120,1255,2026-09-18,56.0,24087367.0
NYSE:BRK.A,BRK-A,Berkshire Hathaway Inc.,Financial Services,Insurance - Diversified,United States,NYSE,386150229200.0,763600.0,51.48,52.47,8,73.2,2784,False,-3.81,9.09,3.35,3.19,4.25,11.14,20.15,738882.805,740026.0357,732446.3135,687062.4788,635516.4296,163836115,1255,2026-09-18,51.73,505697.0
NYSE:PAGS,PAGS,PagSeguro Digital Ltd.,Technology,Software - Infrastructure,Brazil,NYSE,1472894035.0,9.26,51.48,52.24,8,73.2,2785,False,-18.61,13.0,-1.62,-0.9,8.92,0.63,-0.29,9.4124,9.3438,8.5014,9.2021,9.2872,27292855,1255,2026-09-18,58.5,159059831.0
NASDAQ:CHRN,CHRN,ChronoScale Holdings Corporation,Technology,Information Technology Services,United States,NASDAQ,2965286727.0,20.42,51.5,50.36,8,73.3,2786,False,-31.08,427.65,43.04,65.6,101.24,50.09,31.48,14.2759,12.3307,10.1469,13.6053,15.5314,2920841,1255,2026-09-18,50.43,145214825.0
NASDAQ:DHC,DHC,Diversified Healthcare Trust - Common Shares of Beneficial Interest,Real Estate,REIT - Healthcare Facilities,United States,NASDAQ,1939276477.0,8.01,51.5,48.0,8,73.3,2787,False,-16.91,99.08,9.07,19.02,64.99,94.63,133.44,7.344,6.7302,4.8548,4.1154,3.4313,12934942,1255,2026-09-18,55.55,242106926.0
NYSE:PRM,PRM,"Perimeter Solutions, SA",Basic Materials,Specialty Chemicals,United States,NYSE,5249428887.0,32.18,51.5,49.88,8,73.3,2788,False,-14.82,55.53,8.55,13.37,53.97,100.07,130.45,29.646,28.3838,20.8995,16.084,13.9638,31957533,1219,2026-09-18,51.5,163127063.0
AMEX:RLGT,RLGT,"Radiant Logistics, Inc.",Industrials,Integrated Freight & Logistics,United States,AMEX,408372128.0,8.72,51.5,50.99,8,73.3,2789,False,-11.11,49.57,10.47,16.11,24.78,32.35,34.71,7.8937,7.5099,6.988,6.5886,6.4729,3522869,1255,2026-09-18,54.23,46831666.0
NASDAQ:GHRS,GHRS,GH Research PLC,Healthcare,Biotechnology,Ireland,NASDAQ,1938888051.0,28.26,51.53,52.06,8,73.4,2790,False,-7.77,126.35,38.3,48.31,89.41,115.74,126.72,20.4335,19.0545,14.9197,13.0992,12.4649,5036575,1255,2026-09-18,55.12,68608919.0
NASDAQ:AVO,AVO,"Mission Produce, Inc.",Consumer Defensive,Food Distribution,United States,NASDAQ,1139325510.0,12.9,51.55,51.22,8,73.4,2791,True,-15.91,27.6,0.17,1.69,4.57,10.14,7.98,12.8783,12.686,12.3359,11.7127,11.947,9787898,1255,2026-09-18,42.99,88319807.0
NYSE:BTX,BTX,BlackRock Technology and Private Equity Term Trust Common Shares of Beneficial Interest,Financial Services,Asset Management,United States,NYSE,1023549313.0,8.77,51.56,52.09,8,73.5,2792,False,-5.19,51.38,17.36,21.44,30.98,39.1,46.02,7.473,7.2215,6.6958,6.3048,6.0059,3438223,1255,2026-09-18,50.27,116710298.0
NASDAQ:RGLD,RGLD,"Royal Gold, Inc.",Basic Materials,Gold,United States,NASDAQ,21186947189.0,249.65,51.57,54.47,8,73.5,2793,False,-17.61,48.59,4.61,9.35,29.81,49.12,62.69,238.6496,228.3121,192.324,167.4146,153.4535,182568003,1255,2026-09-18,53.18,84866602.0
NASDAQ:HIFS,HIFS,Hingham Institution for Savings,Financial Services,Banks - Regional,United States,NASDAQ,668051890.0,304.04,51.58,52.03,8,73.5,2794,False,-8.39,21.35,4.27,5.29,12.64,26.6,27.81,291.5771,288.7518,269.9201,240.154,237.8879,12204797,1255,2026-09-18,53.5,2197250.0
NYSE:HTGC,HTGC,"Hercules Capital, Inc.",Financial Services,Asset Management,United States,NYSE,3243552120.0,17.33,51.58,55.87,8,73.5,2795,False,-2.42,32.19,10.64,10.02,8.53,13.63,25.0,15.6634,15.7513,15.9675,15.2519,13.864,26478581,1255,2026-09-18,65.34,187164000.0
NASDAQ:LFCR,LFCR,"Lifecore Biomedical, Inc.",Healthcare,Drug Manufacturers - Specialty & Generic,United States,NASDAQ,167291955.0,4.46,51.58,49.17,8,73.5,2796,False,-49.43,21.86,-22.8,-26.49,-29.78,-30.08,-32.66,5.7776,6.0676,6.3517,6.3787,6.6227,650193,1255,2026-09-18,51.58,37509407.0
NYSE:AMN,AMN,AMN Healthcare Services Inc,Healthcare,Medical Care Facilities,United States,NYSE,1328810142.0,34.26,51.59,52.17,8,73.6,2797,False,-6.39,126.89,37.13,44.67,39.27,-9.16,-35.95,24.9828,23.6822,24.5993,37.7136,53.4872,20650880,1255,2026-09-18,53.53,38786052.0
NASDAQ:BZAI,BZAI,"Blaize Holdings, Inc.",Technology,Software - Application,United States,NASDAQ,90360158.0,0.635,51.59,45.89,8,73.6,2798,False,-89.9,41.11,-56.35,-66.99,-84.28,-89.97,-91.31,1.4549,1.9238,4.0389,6.3305,7.3092,1750126,1163,2026-09-18,49.79,142299461.0
NASDAQ:AVNW,AVNW,"Aviat Networks, Inc.",Technology,Communication Equipment,United States,NASDAQ,264741413.0,20.46,51.6,50.61,8,73.6,2799,False,-23.49,35.59,-4.26,-5.67,-2.79,-15.84,-21.87,21.3702,21.6896,21.0475,24.311,26.1871,4293341,1255,2026-09-18,52.6,12939463.0
NASDAQ:DXPE,DXPE,"DXP Enterprises, Inc.",Industrials,Industrial Distribution,United States,NASDAQ,2872514101.0,185.26,51.61,52.57,8,73.7,2800,False,-7.76,116.6,22.81,29.85,62.34,105.64,146.88,150.8557,142.6729,114.1186,90.0909,75.0411,19370307,1255,2026-09-18,50.4,15505312.0
NASDAQ:ESLT,ESLT,Elbit Systems Ltd.,Industrials,Aerospace & Defense,Israel,NASDAQ,34826822423.0,743.35,51.61,48.34,8,73.7,2801,False,-26.54,64.0,-2.37,5.49,41.81,79.2,108.14,761.3724,704.6671,524.1814,414.8057,357.1367,49785073,1255,2026-09-18,54.01,46851177.0
NASDAQ:POWW,POWW,Outdoor Holding Company,Industrials,Aerospace & Defense,United States,NASDAQ,254398052.0,2.19,51.61,50.43,8,73.7,2802,False,-14.45,53.15,7.18,12.2,30.16,18.7,12.82,2.0432,1.9519,1.6825,1.845,1.9412,1127237,1255,2026-09-18,45.2,116163494.0
NYSE:SNAP,SNAP,Snap Inc.,Communication Services,Internet Content & Information,United States,NYSE,7758649177.0,5.53,51.62,52.55,8,73.7,2803,False,-39.16,40.71,-3.68,-11.03,-30.27,-42.05,-43.21,5.7413,6.2158,7.9303,9.5424,9.7368,202667634,1255,2026-09-18,54.87,1403010701.0
NASDAQ:ASPS,ASPS,Altisource Portfolio Solutions S.A.,Real Estate,Real Estate Services,Luxembourg,NASDAQ,65437780.0,5.73,51.63,48.89,8,73.8,2804,False,-58.9,32.03,-9.99,-21.15,-25.18,-51.97,-75.99,6.366,7.2669,7.6582,11.9296,23.8692,47721,1255,2026-09-18,47.8,11420206.0
NASDAQ:GAME,GAME,"GameSquare Holdings, Inc.",Communication Services,Electronic Gaming & Multimedia,United States,NASDAQ,341072366.0,3.31,51.64,51.63,8,73.8,2805,False,-51.66,68.19,4.76,-7.2,-36.09,-55.57,-75.44,3.1596,3.5667,5.1791,7.45,13.4782,708392,1255,2026-09-18,50.93,103043011.0
NASDAQ:FGBI,FGBI,"First Guaranty Bancshares, Inc.",Financial Services,Banks - Regional,United States,NASDAQ,143063163.0,8.65,51.65,49.02,8,73.8,2806,False,-19.31,96.98,0.69,4.38,-3.06,-7.29,-21.44,8.591,8.2868,8.9228,9.3305,11.0111,202516,1255,2026-09-18,52.2,16539094.0
NASDAQ:ADSE,ADSE,ADS-TEC ENERGY PLC,Industrials,Electrical Equipment & Parts,Ireland,NASDAQ,871504868.0,11.6,51.67,49.96,8,73.9,2807,False,-9.94,32.57,-0.51,1.3,-5.5,2.07,19.25,11.6598,11.4514,12.2753,11.3647,9.7278,220505,1255,2026-09-18,40.09,75129730.0
NASDAQ:MLYS,MLYS,"Mineralys Therapeutics, Inc.",Healthcare,Biotechnology,United States,NASDAQ,2470200582.0,28.02,51.67,51.99,8,73.9,2808,False,-40.8,24.53,-3.39,-11.03,22.52,47.74,,29.0036,31.4944,22.8695,18.9656,,37295441,904,2026-09-18,51.48,88158479.0
NASDAQ:CERS,CERS,Cerus Corporation,Healthcare,Medical Devices,United States,NASDAQ,534040980.0,2.65,51.68,49.89,8,73.9,2809,False,-19.21,103.85,10.05,18.63,40.72,40.78,23.75,2.4079,2.2338,1.8831,1.8824,2.1415,3720386,1255,2026-09-18,52.34,201524898.0
NASDAQ:FCEL,FCEL,"FuelCell Energy, Inc.",Industrials,Electrical Equipment & Parts,United States,NASDAQ,1447970490.0,18.11,51.68,49.48,8,73.9,2810,False,-49.71,201.83,30.52,42.65,82.64,8.71,-45.38,13.8754,12.6958,9.916,16.6594,33.1577,120162142,1255,2026-09-18,50.26,79954196.0
NASDAQ:EOSE,EOSE,"Eos Energy Enterprises, Inc.",Industrials,Electrical Equipment & Parts,United States,NASDAQ,1432281855.0,3.96,51.74,48.96,8,74.0,2811,False,-79.36,30.26,-50.15,-57.0,-42.93,-22.0,-8.84,7.9445,9.2092,6.9389,5.0768,4.344,96060459,1255,2026-09-18,52.15,361687337.0
NYSE:FIX,FIX,"Comfort Systems USA, Inc.",Industrials,Engineering & Construction,United States,NYSE,58118859081.0,1651.37,51.74,49.72,8,74.0,2812,True,-20.05,111.64,8.56,18.82,77.31,133.28,192.2,1521.118,1389.7814,931.34,707.9049,565.1466,576529698,1255,2026-09-18,44.6,35194329.0
NASDAQ:INNV,INNV,InnovAge Holding Corp.,Healthcare,Medical Care Facilities,United States,NASDAQ,1482241412.0,10.92,51.74,51.82,8,74.0,2813,True,-9.83,173.68,28.43,39.88,83.31,89.8,82.28,8.5025,7.8069,5.957,5.7535,5.9907,2860293,1255,2026-09-18,46.99,135736393.0
NASDAQ:EXPO,EXPO,"Exponent, Inc.",Industrials,Engineering & Construction,United States,NASDAQ,3313344261.0,68.3,51.75,53.67,8,74.0,2814,False,-13.21,28.49,3.1,2.55,-9.04,-13.07,-16.39,66.2461,66.5998,75.0908,78.5683,81.692,32281402,1255,2026-09-18,51.23,48511629.0
NASDAQ:SSYS,SSYS,"Stratasys, Ltd.",Technology,Computer Hardware,United States,NASDAQ,694512000.0,8.0,51.76,49.27,8,74.1,2815,False,-35.69,7.82,-10.51,-13.55,-16.05,-19.27,-28.22,8.9394,9.2534,9.5292,9.9093,11.1447,5560697,1255,2026-09-18,51.76,86814000.0
NYSE:CURV,CURV,Torrid Holdings Inc.,Consumer Cyclical,Apparel Retail,United States,NYSE,228896876.0,2.3,51.78,51.89,8,74.1,2816,False,-16.36,138.1,37.97,41.79,-24.07,-38.07,-36.6,1.667,1.6221,3.029,3.714,3.628,1123987,1255,2026-09-18,52.82,99520381.0
NASDAQ:HBT,HBT,"HBT Financial, Inc.",Financial Services,Banks - Regional,United States,NASDAQ,1309525688.0,36.01,51.78,55.8,8,74.1,2817,False,-3.25,61.07,22.49,27.62,41.76,56.78,67.28,29.3991,28.2159,25.4022,22.9692,21.5269,4293681,1255,2026-09-18,52.81,36365612.0
NYSE:CION,CION,CION Investment Corporation,Financial Services,Asset Management,United States,NYSE,354997067.0,7.13,51.81,54.15,8,74.2,2818,False,-20.98,23.96,0.09,-2.88,-9.68,-9.19,-3.35,7.1237,7.3413,7.894,7.8519,7.3771,2674244,1244,2026-09-18,57.92,49789210.0
NYSE:SKE,SKE,Skeena Resources Limited,Basic Materials,Other Industrial Metals & Mining,Canada,NYSE,3985590446.0,32.12,51.81,52.3,8,74.2,2819,False,-15.74,106.69,8.51,18.13,65.22,119.89,161.13,29.6005,27.1897,19.4409,14.6072,12.3004,17210869,1255,2026-09-18,48.06,124084385.0
NASDAQ:PLPC,PLPC,Preformed Line Products Company,Industrials,Electrical Equipment & Parts,United States,NASDAQ,2016002518.0,412.38,51.82,52.12,8,74.2,2820,False,-14.23,121.91,29.54,39.49,88.27,118.46,141.44,318.3413,295.6377,219.0326,188.7653,170.801,29696681,1255,2026-09-18,52.04,4888701.0
NYSE:PSTL,PSTL,"Postal Realty Trust, Inc.",Real Estate,REIT - Office,United States,NYSE,711263000.0,23.63,51.82,52.18,8,74.2,2821,False,-4.39,69.96,15.48,22.62,46.96,60.74,68.64,20.4624,19.2712,16.0795,14.7004,14.0117,9721432,1255,2026-09-18,62.95,30100000.0
NASDAQ:AMSC,AMSC,American Superconductor Corporation,Industrials,Specialty Industrial Machinery,United States,NASDAQ,1463077048.0,30.19,51.83,47.91,8,74.2,2822,False,-54.72,16.34,-15.56,-22.45,-13.03,7.95,35.24,35.7521,38.931,34.7126,27.9667,22.3231,20108324,1255,2026-09-18,47.06,48462307.0
NYSE:LUV,LUV,Southwest Airlines Company,Industrials,Airlines,United States,NYSE,20047752077.0,40.98,51.84,47.67,8,74.3,2823,False,-24.21,40.58,-4.59,0.76,15.17,25.8,27.08,42.9506,40.6704,35.581,32.576,32.2485,217587878,1255,2026-09-18,47.98,489208201.0
NASDAQ:HNST,HNST,"The Honest Company, Inc.",Consumer Defensive,Household & Personal Products,United States,NASDAQ,586719018.0,5.33,51.86,55.73,8,74.3,2824,True,-10.42,153.81,55.27,56.32,25.52,40.78,55.11,3.4327,3.4097,4.2464,3.786,3.4362,12511708,1255,2026-09-18,51.57,110078615.0
NASDAQ:OCTV,OCTV,Octave Intelligence plc,Technology,Software - Application,United States,NASDAQ,4844508670.0,18.82,51.86,50.87,8,74.3,2825,False,-25.05,21.42,,,,,,,,,,,59044871,83,2026-09-18,49.64,257412788.0
NASDAQ:WW,WW,"WW International, Inc.",Healthcare,Medical Care Facilities,United States,NASDAQ,160980036.0,16.1,51.86,51.55,8,74.3,2826,False,-53.89,76.54,-11.07,-20.5,,,,18.1034,20.2514,,,,3652895,309,2026-09-18,51.49,9998760.0
NASDAQ:JMSB,JMSB,"John Marshall Bancorp, Inc.",Financial Services,Banks - Regional,United States,NASDAQ,326697962.0,23.15,51.89,52.94,8,74.4,2827,False,-2.61,26.28,9.88,11.86,17.51,21.71,17.1,21.0685,20.696,19.7002,19.0212,19.7691,1836343,1255,2026-09-18,51.36,14112223.0
NASDAQ:SCSC,SCSC,"ScanSource, Inc.",Technology,Electronics & Computer Distribution,United States,NASDAQ,1156059210.0,56.88,51.9,53.3,8,74.4,2828,False,-3.41,65.98,26.45,28.22,30.77,33.5,44.4,44.9833,44.3598,43.4976,42.606,39.3893,17561633,1255,2026-09-18,54.74,20324529.0
NASDAQ:TBCH,TBCH,Turtle Beach Corporation,Technology,Consumer Electronics,United States,NASDAQ,251665298.0,12.68,51.9,51.02,8,74.4,2829,True,-25.8,25.05,1.43,-2.94,-9.37,-6.66,1.05,12.5008,13.0639,13.9913,13.5845,12.5481,4993070,1255,2026-09-18,50.55,19847421.0
NYSE:TALO,TALO,"Talos Energy, Inc.",Energy,Oil & Gas E&P,United States,NYSE,2839408164.0,17.01,51.91,54.37,8,74.5,2830,False,-7.2,90.48,20.65,28.38,50.78,42.98,29.56,14.0985,13.25,11.2814,11.8971,13.1289,34821017,1255,2026-09-18,53.6,166925818.0
NYSE:AMRC,AMRC,"Ameresco, Inc.",Industrials,Engineering & Construction,United States,NYSE,830096154.0,23.75,51.92,49.88,8,74.5,2831,False,-45.06,28.31,-15.28,-20.13,-6.6,-9.76,-28.16,28.0327,29.7369,25.4293,26.3177,33.0617,16312861,1255,2026-09-18,51.69,34951417.0
NASDAQ:RPD,RPD,"Rapid7, Inc.",Technology,Software - Infrastructure,United States,NASDAQ,799962497.0,11.97,51.95,52.76,8,74.5,2832,False,-42.48,137.03,23.28,6.17,-42.63,-59.5,-63.59,9.7093,11.2743,20.865,29.5588,32.8769,25033767,1255,2026-09-18,55.31,66830618.0
NYSE:TFPM,TFPM,Triple Flag Precious Metals Corp.,Basic Materials,Other Precious Metals & Mining,Canada,NYSE,6846853644.0,33.14,51.96,52.97,8,74.5,2833,False,-19.47,23.64,-0.13,2.11,26.89,50.05,67.19,33.1835,32.454,26.1172,22.0859,19.8218,19431361,1017,2026-09-18,50.45,206603912.0
NASDAQ:CHEF,CHEF,"The Chefs' Warehouse, Inc.",Consumer Defensive,Food Distribution,United States,NASDAQ,4522245801.0,110.85,51.98,53.98,8,74.6,2834,False,-4.04,103.02,39.01,46.74,70.16,103.45,124.79,79.7429,75.5399,65.144,54.4863,49.3118,79397147,1255,2026-09-18,50.75,40796083.0
NASDAQ:NBIS,NBIS,Nebius Group N.V.,Communication Services,Internet Content & Information,Netherlands,NASDAQ,49269626761.0,223.54,51.98,51.4,8,74.6,2835,False,-22.03,202.61,39.1,48.86,,,,160.7051,150.1688,,,,3296784265,479,2026-09-18,49.86,220406311.0
NASDAQ:FIVN,FIVN,"Five9, Inc.",Technology,Software - Infrastructure,United States,NASDAQ,2486032690.0,32.47,51.99,54.23,8,74.6,2836,False,-6.07,138.57,48.62,48.04,21.94,-12.63,-28.38,21.8474,21.9339,26.6272,37.1647,45.3386,60440845,1255,2026-09-18,61.4,76563988.0
NASDAQ:GCL,GCL,GCL Global Holdings Ltd,Communication Services,Electronic Gaming & Multimedia,Singapore,NASDAQ,76677213.0,0.599,51.99,52.34,8,74.6,2837,False,-79.06,57.22,-10.46,-36.3,-82.82,-89.93,-91.47,0.669,0.9404,3.4863,5.9502,7.0244,341550,1108,2026-09-18,51.89,128008703.0
NYSE:NEM,NEM,Newmont Corporation,Basic Materials,Gold,United States,NYSE,130036163164.0,123.41,51.99,54.6,8,74.6,2838,False,-8.49,59.05,12.43,17.85,58.22,90.2,109.19,109.7628,104.7154,78.0008,64.8829,58.9955,1071201536,1255,2026-09-18,53.51,1053692271.0
NASDAQ:MTSI,MTSI,"MACOM Technology Solutions Holdings, Inc.",Technology,Semiconductors,United States,NASDAQ,21046952216.0,275.86,52.0,49.64,8,74.7,2839,False,-32.66,125.78,2.91,13.65,50.74,80.22,110.55,268.0669,242.7281,183.0065,153.0694,131.0195,347117909,1255,2026-09-18,47.32,76295774.0
NASDAQ:PNTG,PNTG,"The Pennant Group, Inc.",Healthcare,Medical Care Facilities,United States,NASDAQ,1377490608.0,39.62,52.0,52.55,8,74.7,2840,False,-6.73,67.6,17.6,24.02,32.78,50.15,73.78,33.6905,31.9462,29.839,26.3865,22.7988,14552241,1255,2026-09-18,54.19,34767557.0
NYSE:BP,BP,BP p.l.c.,Energy,Oil & Gas Integrated,United Kingdom,NYSE,114799305564.0,44.58,52.02,53.5,8,74.8,2841,False,-5.07,43.0,10.35,14.43,31.54,34.66,38.23,40.3997,38.9591,33.8903,33.1058,32.2509,428920855,1255,2026-09-18,57.34,2575130228.0
NYSE:TBN,TBN,Tamboran Resources Corporation,Energy,Oil & Gas E&P,Australia,NYSE,1333257759.0,38.25,52.02,53.73,8,74.8,2842,False,-23.48,86.59,16.47,22.59,46.84,,,32.8402,31.2006,26.0492,,,5729131,559,2026-09-18,53.18,34856412.0
NYSE:CPA,CPA,"Copa Holdings, S.A.",Industrials,Airlines,Panama,NYSE,3933633660.0,131.73,52.03,49.48,8,74.8,2843,False,-15.08,25.33,2.55,4.51,21.21,32.11,40.42,128.4499,126.0426,108.683,99.7114,93.8135,34610456,1255,2026-09-18,50.7,29861335.0
NASDAQ:ENGS,ENGS,Energys Group Limited,Industrials,Waste Management,United Kingdom,NASDAQ,88134633.0,2.82,52.03,53.38,8,74.8,2844,True,-76.92,340.62,73.54,13.07,,,,1.625,2.4941,,,,4445467,369,2026-09-18,43.28,31253416.0
NASDAQ:PEBK,PEBK,"Peoples Bancorp of North Carolina, Inc.",Financial Services,Banks - Regional,United States,NASDAQ,234191601.0,44.01,52.04,52.57,8,74.8,2845,True,-2.29,60.19,10.34,16.46,35.14,45.64,54.25,39.8871,37.7894,32.5668,30.2177,28.5323,1310042,1255,2026-09-18,51.65,5321327.0
NYSE:NEU,NEU,NewMarket Corp,Basic Materials,Specialty Chemicals,United States,NYSE,8201998619.0,891.87,52.06,54.41,8,74.9,2846,True,-6.97,54.41,21.68,20.33,34.06,44.37,62.43,732.9754,741.2042,665.2752,617.7539,549.09,106428489,1255,2026-09-18,50.99,9196406.0
NYSE:VOYA,VOYA,"Voya Financial, Inc.",Financial Services,Financial Conglomerates,United States,NYSE,9208977615.0,101.57,52.06,54.28,8,74.9,2847,True,-3.14,56.67,23.44,26.91,36.29,41.55,45.73,82.2819,80.0318,74.524,71.7571,69.698,117890886,1255,2026-09-18,44.78,90666315.0
NASDAQ:JYNT,JYNT,The Joint Corp.,Healthcare,Medical Care Facilities,United States,NASDAQ,120315542.0,8.44,52.07,50.3,8,74.9,2848,True,-19.85,10.04,-4.26,-3.84,-14.91,-18.72,-26.58,8.8152,8.7771,9.919,10.3837,11.4956,772095,1255,2026-09-18,51.81,14255396.0
NASDAQ:VIR,VIR,"Vir Biotechnology, Inc.",Healthcare,Biotechnology,United States,NASDAQ,1787710924.0,10.6,52.08,53.67,8,75.0,2849,False,-8.86,107.03,20.46,29.81,40.9,29.71,-10.37,8.7996,8.1658,7.523,8.172,11.8266,25689070,1255,2026-09-18,57.37,168651974.0
NASDAQ:UFCS,UFCS,"United Fire Group, Inc",Financial Services,Insurance - Property & Casualty,United States,NASDAQ,1395438869.0,54.39,52.12,54.23,8,75.0,2850,True,-2.84,83.42,25.13,32.11,61.13,86.05,94.36,43.4653,41.1696,33.7547,29.2345,27.9837,9109012,1255,2026-09-18,51.54,25656166.0
NYSE:BSTZ,BSTZ,BlackRock Science and Technology Term Trust Common Shares of Beneficial Interest,Financial Services,Asset Management,United States,NYSE,1994955233.0,29.02,52.13,52.79,8,75.0,2851,False,-3.35,57.35,20.07,25.26,46.94,66.13,81.83,24.1691,23.1683,19.7489,17.4687,15.9596,4877641,1255,2026-09-18,48.5,68744150.0
NYSE:EPAM,EPAM,"EPAM Systems, Inc.",Technology,Information Technology Services,United States,NYSE,5955867414.0,114.0,52.13,54.49,8,75.0,2852,False,-48.51,49.92,-15.76,-19.12,-32.14,-40.89,-47.91,135.3306,140.946,167.9889,192.8739,218.8723,136965176,1255,2026-09-18,57.23,52244451.0
NYSE:MFG,MFG,"Mizuho Financial Group, Inc. Sponosred ADR (Japan)",Financial Services,Banks - Regional,Japan,NYSE,133273190052.0,10.94,52.13,53.78,8,75.0,2853,False,-4.45,79.64,20.26,27.44,58.4,88.3,117.4,9.0967,8.5847,6.9066,5.8098,5.0322,34103584,1255,2026-09-18,55.22,12182192875.0
NASDAQ:RBB,RBB,RBB Bancorp,Financial Services,Banks - Regional,United States,NASDAQ,453524037.0,26.7,52.13,52.45,8,75.0,2854,False,-3.78,63.33,13.67,19.03,30.49,39.93,47.73,23.4881,22.4319,20.4609,19.0813,18.0732,2414037,1255,2026-09-18,51.77,16985919.0
NASDAQ:VISN,VISN,"Vistance Networks, Inc.",Technology,Communication Equipment,United States,NASDAQ,1481992476.0,6.57,52.14,50.67,8,75.1,2855,True,-10.52,57.98,10.4,15.99,72.86,140.95,160.09,5.9511,5.6643,3.8008,2.7267,2.526,65572477,1255,2026-09-18,49.08,225569631.0
NASDAQ:EMPD,EMPD,Empery Digital Inc.,Consumer Cyclical,Auto Manufacturers,United States,NASDAQ,88265749.0,3.14,52.16,49.99,8,75.1,2856,False,-60.75,24.6,-22.9,-31.95,-76.1,-99.99,-100.0,4.0727,4.6144,13.1405,30047.9869,455587.4187,1139753,1243,2026-09-18,52.85,28110111.0
NASDAQ:DRIO,DRIO,DarioHealth Corp.,Healthcare,Health Information Services,United States,NASDAQ,70196098.0,7.2,52.17,50.88,8,75.2,2857,False,-58.5,20.2,-17.33,-25.7,-40.26,-61.83,-79.48,8.7098,9.6907,12.0527,18.8624,35.0866,202013,1255,2026-09-18,48.93,9749458.0
NASDAQ:ACNB,ACNB,ACNB Corporation,Financial Services,Banks - Regional,United States,NASDAQ,656672380.0,64.57,52.19,54.86,8,75.2,2858,True,-2.09,57.87,20.28,25.07,40.52,54.27,65.75,53.6852,51.628,45.9512,41.8543,38.9574,5799081,1255,2026-09-18,48.6,10169930.0
NYSE:AGI,AGI,Alamos Gold Inc.,Basic Materials,Gold,Canada,NYSE,14952551490.0,35.72,52.19,52.74,8,75.2,2859,False,-35.24,28.49,-8.61,-5.69,16.0,40.95,64.88,39.084,37.8742,30.7934,25.3422,21.6649,138766903,1255,2026-09-18,52.39,418604465.0
NASDAQ:FSLY,FSLY,"Fastly, Inc.",Technology,Software - Application,United States,NASDAQ,3734090000.0,23.86,52.19,52.09,8,75.2,2860,False,-28.78,203.56,24.32,39.03,92.39,88.78,85.44,19.1918,17.1621,12.4019,12.6389,12.8666,116162787,1255,2026-09-18,55.12,156500000.0
NYSE:DCOM,DCOM,"Dime Commercial Bancshares, Inc.",Financial Services,Banks - Regional,United States,NYSE,1798555340.0,40.73,52.2,52.77,8,75.3,2861,False,-2.42,61.37,13.77,19.34,30.99,49.9,56.21,35.8009,34.1284,31.0948,27.1717,26.0746,11188301,1255,2026-09-18,50.11,44158000.0
NASDAQ:NAMM,NAMM,Namib Minerals,Basic Materials,Gold,Cayman Islands,NASDAQ,76275720.0,1.4,52.2,49.2,8,75.3,2862,False,-78.13,52.17,-27.74,-30.84,,,,1.9373,2.0244,,,,667667,323,2026-09-18,43.15,54482657.0
NYSE:SM,SM,SM Energy Company,Energy,Oil & Gas E&P,United States,NYSE,8863509476.0,36.97,52.22,54.77,8,75.3,2863,False,-10.46,114.93,35.36,42.19,29.5,14.41,15.01,27.3123,26.0004,28.548,32.3125,32.1444,152094057,1255,2026-09-18,52.22,239748701.0
NASDAQ:WIX,WIX,Wix.com Ltd.,Technology,Software - Infrastructure,Israel,NASDAQ,3284768118.0,78.49,52.22,54.69,8,75.3,2864,False,-57.4,94.14,5.69,-10.28,-40.55,-40.24,-34.36,74.2622,87.4824,132.0277,131.3357,119.5707,111204958,1255,2026-09-18,54.48,41849511.0
NYSE:NPK,NPK,"National Presto Industries, Inc.",Industrials,Aerospace & Defense,United States,NYSE,1064730669.0,148.58,52.23,55.04,8,75.4,2865,False,-5.24,63.41,14.15,18.72,38.27,54.33,67.81,130.1642,125.1499,107.456,96.2737,88.5388,16748462,1255,2026-09-18,58.77,7166043.0
NYSE:BRK.B,BRK-B,Berkshire Hathaway Inc. New,Financial Services,Insurance - Diversified,United States,NYSE,712815814274.0,509.77,52.25,53.0,8,75.4,2866,True,-3.71,9.53,3.48,3.33,4.41,11.52,20.79,492.6101,493.3384,488.2473,457.0981,422.0465,2334872210,1255,2026-09-18,51.61,1398308677.0
NASDAQ:ULTA,ULTA,"Ulta Beauty, Inc.",Consumer Cyclical,Specialty Retail,United States,NASDAQ,23256357465.0,540.98,52.25,53.25,8,75.4,2867,False,-23.46,20.02,-2.93,-1.96,11.42,15.91,15.86,557.3349,551.7878,485.5354,466.7371,466.9129,387903905,1255,2026-09-18,53.39,42989311.0
NASDAQ:NSIT,NSIT,"Insight Enterprises, Inc.",Technology,Electronics & Computer Distribution,United States,NASDAQ,4678888782.0,154.91,52.26,56.14,8,75.5,2868,True,-6.33,140.43,53.47,53.16,20.95,5.99,10.49,100.9353,101.1395,128.0759,146.1523,140.2035,51222845,1255,2026-09-18,51.99,30203917.0
NASDAQ:HYFT,HYFT,MindWalk Holdings Corp.,Healthcare,Biotechnology,United States,NASDAQ,63902723.0,1.36,52.27,50.49,8,75.5,2869,False,-51.08,33.33,-8.98,-12.19,14.53,9.56,-27.09,1.4941,1.5488,1.1875,1.2413,1.8653,204262,1255,2026-09-18,48.98,46987296.0
NASDAQ:TBPH,TBPH,"Theravance Biopharma, Inc.",Healthcare,Biotechnology,United States,NASDAQ,882116883.0,17.02,52.27,53.77,8,75.5,2870,False,-17.94,25.42,-1.07,1.05,26.93,41.41,46.12,17.2039,16.8429,13.4091,12.0363,11.6483,7010798,1255,2026-09-18,56.22,51828254.0
NASDAQ:CHMG,CHMG,Chemung Financial Corp,Financial Services,Banks - Regional,United States,NASDAQ,399900465.0,82.97,52.28,55.2,8,75.5,2871,True,-2.23,69.52,25.95,32.25,50.84,64.25,74.17,65.8728,62.7359,55.0059,50.5139,47.6368,5570039,1255,2026-09-18,50.92,4819820.0
AMEX:STRW,STRW,"Strawberry Fields REIT, Inc.",Real Estate,REIT - Healthcare Facilities,United States,AMEX,184347355.0,13.73,52.29,51.97,8,75.6,2872,False,-4.93,27.86,6.68,9.37,19.91,34.22,,12.8703,12.5534,11.45,10.2295,,562869,897,2026-09-18,54.95,13426610.0
AMEX:BHB,BHB,"Bar Harbor Bankshares, Inc.",Financial Services,Banks - Regional,United States,AMEX,670997700.0,40.05,52.3,54.53,8,75.6,2873,False,-2.1,47.18,15.17,19.37,27.25,37.97,44.45,34.7761,33.5513,31.4731,29.029,27.7255,3528069,1255,2026-09-18,56.16,16754000.0
NYSE:MTRN,MTRN,Materion Corporation,Basic Materials,Other Industrial Metals & Mining,United States,NYSE,5232197522.0,251.53,52.3,51.54,8,75.6,2874,False,-15.37,126.34,30.93,41.73,83.98,94.81,107.73,192.1094,177.4683,136.7127,129.1143,121.0851,64041862,1255,2026-09-18,51.72,20801485.0
NASDAQ:CAC,CAC,Camden National Corporation,Financial Services,Banks - Regional,United States,NASDAQ,972380511.0,57.55,52.31,53.94,8,75.7,2875,False,-3.71,66.53,15.53,21.76,32.8,47.58,54.27,49.8122,47.2641,43.335,38.9965,37.3053,5725831,1255,2026-09-18,51.78,16896273.0
NYSE:SII,SII,Sprott Inc.,Financial Services,Asset Management,Canada,NYSE,3294498200.0,127.78,52.31,53.11,8,75.7,2876,False,-22.71,79.33,3.24,10.7,53.44,89.42,117.56,123.7681,115.4285,83.2763,67.4585,58.7327,20492375,1255,2026-09-18,49.07,25782581.0
NASDAQ:ATLO,ATLO,Ames National Corporation,Financial Services,Banks - Regional,United States,NASDAQ,282633890.0,31.91,52.33,54.73,8,75.7,2877,False,-2.77,68.34,15.41,22.36,48.47,58.73,63.13,27.6485,26.0788,21.4919,20.1038,19.5608,1210699,1255,2026-09-18,57.92,8857220.0
AMEX:HSLV,HSLV,Highlander Silver Corp.,Basic Materials,Silver,Canada,AMEX,1118828799.0,5.5,52.33,52.9,8,75.7,2878,False,-17.17,35.8,,,,,,,,,,,3638364,133,2026-09-18,50.68,203423418.0
NASDAQ:PRTH,PRTH,"Priority Technology Holdings, Inc.",Technology,Software - Infrastructure,United States,NASDAQ,480130641.0,5.83,52.33,49.94,8,75.7,2879,False,-24.48,25.65,1.21,-1.7,-16.57,-2.03,5.66,5.7604,5.9307,6.9881,5.9509,5.5178,2263087,1255,2026-09-18,56.54,82355170.0
NASDAQ:BWFG,BWFG,"Bankwell Financial Group, Inc.",Financial Services,Banks - Regional,United States,NASDAQ,532289497.0,66.76,52.36,55.64,8,75.8,2880,False,-2.64,66.66,24.01,29.16,58.56,84.15,99.51,53.8365,51.6868,42.1042,36.2538,33.4621,4955732,1255,2026-09-18,52.76,7973180.0
AMEX:USAS,USAS,"Americas Gold and Silver Corporation Common Shares, no par value",Basic Materials,Other Industrial Metals & Mining,Canada,AMEX,1748471637.0,5.18,52.36,51.94,8,75.8,2881,False,-48.35,86.33,-12.23,-5.83,47.2,101.91,133.03,5.902,5.5005,3.5189,2.5655,2.2229,23208467,1255,2026-09-18,50.09,337542787.0
NASDAQ:CZFS,CZFS,"Citizens Financial Services, Inc.",Financial Services,Banks - Regional,United States,NASDAQ,391235009.0,81.35,52.38,55.05,8,75.8,2882,False,-2.17,57.65,22.21,26.67,33.77,46.09,40.09,66.5653,64.2227,60.813,55.6854,58.0713,3315255,1255,2026-09-18,53.74,4809281.0
NASDAQ:AEHL,AEHL,Antelope Enterprise Holdings Limited,Industrials,Building Products & Equipment,China,NASDAQ,131170333.0,8.41,52.39,50.04,8,75.9,2883,False,-97.98,137.57,-84.51,-91.31,-98.04,-99.74,-99.92,54.2861,96.7413,429.3288,3177.4954,10086.7406,32626078,1255,2026-09-18,65.64,15596948.0
NYSE:GNT,GNT,"GAMCO Natural Resources, Gold & Income Trust",Financial Services,Asset Management,United States,NYSE,149876151.0,8.97,52.39,55.95,8,75.9,2884,False,-2.91,43.75,11.03,15.76,37.03,54.99,69.49,8.0788,7.7487,6.546,5.7877,5.2925,475483,1255,2026-09-18,53.56,16708601.0
NASDAQ:ANIK,ANIK,Anika Therapeutics Inc.,Healthcare,Drug Manufacturers - Specialty & Generic,United States,NASDAQ,278499522.0,20.81,52.4,55.85,8,75.9,2885,False,-5.54,133.82,44.03,54.94,45.04,18.77,5.1,14.4486,13.431,14.3479,17.5219,19.7997,2094270,1255,2026-09-18,55.16,13382966.0
NASDAQ:FIGR,FIGR,"Figure Technology Solutions, Inc.",Financial Services,Capital Markets,United States,NASDAQ,6481281362.0,35.49,52.4,52.76,8,75.9,2886,False,-51.98,42.47,-3.74,-5.32,,,,36.8705,37.4842,,,,167326375,257,2026-09-18,47.52,182622749.0
NYSE:WK,WK,Workiva Inc.,Technology,Software - Application,United States,NYSE,3845590925.0,73.18,52.41,55.63,8,76.0,2887,False,-21.57,65.15,12.91,5.26,-3.62,-7.78,-10.81,64.8126,69.5256,75.9267,79.3556,82.0501,67420915,1255,2026-09-18,52.46,52549753.0
NASDAQ:WSHP,WSHP,WeShop Holdings Limited,Communication Services,Internet Content & Information,Jersey,NASDAQ,62910438.0,5.43,52.42,50.45,8,76.0,2888,False,-97.29,20.4,-80.61,,,,,27.9989,,,,,4563738,211,2026-09-18,57.59,11585716.0
NASDAQ:FUNC,FUNC,First United Corporation,Financial Services,Banks - Regional,United States,NASDAQ,285969473.0,44.31,52.43,52.24,8,76.1,2889,False,-4.05,33.45,11.77,14.2,26.27,46.99,67.6,39.645,38.8016,35.0907,30.1454,26.4375,1020876,1255,2026-09-18,48.51,6453836.0
NASDAQ:HVII,HVII,Hennessy Capital Investment Corp. VII,Financial Services,Shell Companies,United States,NASDAQ,196900000.0,10.0,52.43,51.61,8,76.1,2890,False,-11.19,56.62,-2.33,-2.6,,,,10.239,10.2669,,,,746377,406,2026-09-18,58.4,19690000.0
NYSE:PG,PG,Procter & Gamble Company (The),Consumer Defensive,Household & Personal Products,United States,NYSE,340883604389.0,146.39,52.43,51.41,8,76.1,2891,False,-11.13,8.41,0.36,0.3,-3.8,-3.04,-0.09,145.8677,145.9477,152.1704,150.973,146.5201,1249510266,1255,2026-09-18,56.74,2328598978.0
NYSE:WEX,WEX,WEX Inc.,Technology,Software - Infrastructure,United States,NYSE,6597177441.0,193.57,52.43,55.17,8,76.1,2892,False,-4.76,52.59,20.68,21.98,19.56,11.68,11.59,160.3963,158.6906,161.8965,173.3204,173.4665,105354938,1255,2026-09-18,54.5,34081611.0
NASDAQ:WULF,WULF,TeraWulf Inc.,Financial Services,Capital Markets,United States,NASDAQ,8429010291.0,17.01,52.43,49.58,8,76.1,2893,False,-41.3,57.06,-5.55,0.11,52.75,105.91,159.89,18.0087,16.9906,11.1355,8.2611,6.5451,470545244,1255,2026-09-18,50.06,495532645.0
NASDAQ:ODTX,ODTX,"Odyssey Therapeutics, Inc.",Healthcare,Biotechnology,United States,NASDAQ,1171003582.0,24.38,52.44,53.92,8,76.2,2894,False,-15.23,56.68,,,,,,,,,,,8702549,92,2026-09-18,48.4,48031320.0
NYSE:SBXD,SBXD,SilverBox Corp IV,Financial Services,Shell Companies,United States,NYSE,222448125.0,10.875,52.44,52.21,8,76.2,2895,False,-2.9,3.97,1.28,1.71,,,,10.7372,10.692,,,,5382,489,2026-09-18,52.44,20455000.0
NASDAQ:KROS,KROS,"Keros Therapeutics, Inc.",Healthcare,Biotechnology,United States,NASDAQ,221470656.0,11.19,52.45,52.15,8,76.2,2896,False,-48.76,12.92,-16.36,-19.57,-42.37,-61.03,-65.79,13.379,13.913,19.4166,28.7155,32.7055,2038777,1255,2026-09-18,55.19,19791837.0
NYSE:CLW,CLW,Clearwater Paper Corporation,Basic Materials,Paper & Paper Products,United States,NYSE,336908990.0,20.89,52.46,54.36,8,76.2,2897,False,-10.38,67.93,22.87,19.8,-5.62,-25.63,-30.36,17.0019,17.438,22.1346,28.089,29.9954,2873757,1255,2026-09-18,53.73,16127764.0
NASDAQ:CURI,CURI,CuriosityStream Inc.,Communication Services,Broadcasting,United States,NASDAQ,164819528.0,2.78,52.49,51.91,8,76.3,2898,False,-43.35,21.87,-6.9,-14.24,-8.53,22.94,42.99,2.986,3.2418,3.0392,2.2613,1.9442,2436365,1255,2026-09-18,53.15,59287600.0
NASDAQ:DCTH,DCTH,"Delcath Systems, Inc.",Healthcare,Medical Devices,United States,NASDAQ,558997587.0,16.11,52.49,55.78,8,76.3,2899,False,-7.2,96.7,39.14,42.86,36.52,66.31,91.64,11.578,11.2765,11.8001,9.6865,8.4062,6616248,1255,2026-09-18,54.77,34698795.0
NASDAQ:FRHC,FRHC,Freedom Holding Corp.,Financial Services,Financial Conglomerates,United States,NASDAQ,10471937798.0,164.48,52.49,53.18,8,76.3,2900,False,-6.02,46.82,15.4,13.42,15.56,35.54,51.46,142.5342,145.0135,142.3318,121.3493,108.5986,17653462,1255,2026-09-18,52.81,63666937.0
NYSE:MH,MH,"McGraw Hill, Inc.",Consumer Defensive,Education & Training Services,United States,NYSE,2459811520.0,12.86,52.5,53.86,8,76.3,2901,False,-28.52,41.32,-1.66,-2.09,,,,13.0769,13.134,,,,6698778,291,2026-09-18,55.24,191276168.0
NASDAQ:MAAS,MAAS,Maase Inc.,Financial Services,Asset Management,China,NASDAQ,7325259866.0,16.82,52.51,51.75,8,76.3,2902,True,-20.81,488.11,63.74,89.23,45.55,-86.88,-91.17,10.2725,8.8887,11.5561,128.1872,190.5086,2825214,1255,2026-09-18,48.87,435508910.0
NASDAQ:INCY,INCY,Incyte Corporation,Healthcare,Biotechnology,United States,NASDAQ,25400054551.0,125.31,52.53,53.9,8,76.4,2903,False,-3.56,53.45,18.62,21.44,44.55,61.76,64.94,105.6393,103.1838,86.6926,77.4675,75.9732,175680375,1255,2026-09-18,57.66,202697746.0
NYSE:SSMR,SSMR,Sunshine Silver Mining & Refining Company,Basic Materials,Other Industrial Metals & Mining,United States,NYSE,2469223040.0,17.18,52.53,52.34,8,76.4,2904,False,-9.29,37.11,,,,,,,,,,,10640716,74,2026-09-18,46.99,143726603.0
NASDAQ:ARQT,ARQT,"Arcutis Biotherapeutics, Inc.",Healthcare,Biotechnology,United States,NASDAQ,3174616032.0,25.38,52.55,50.96,8,76.4,2905,False,-18.65,51.7,-0.01,2.19,32.81,67.96,72.44,25.3835,24.8353,19.1106,15.1106,14.7184,79436378,1255,2026-09-18,59.92,125083374.0
NASDAQ:WNEB,WNEB,"Western New England Bancorp, Inc.",Financial Services,Banks - Regional,United States,NASDAQ,278236703.0,13.88,52.55,51.43,8,76.4,2906,False,-5.81,30.54,3.77,6.92,25.01,42.24,52.62,13.3758,12.9817,11.1034,9.7581,9.0944,797247,1255,2026-09-18,50.42,20045872.0
NYSE:PFE,PFE,"Pfizer, Inc.",Healthcare,Drug Manufacturers - General,United States,NYSE,157652971472.0,27.66,52.56,55.46,8,76.5,2907,False,-4.69,25.42,7.98,9.9,14.77,14.19,3.9,25.6147,25.1678,24.1013,24.2222,26.6205,953116348,1255,2026-09-18,52.26,5699673589.0
NASDAQ:LOPE,LOPE,"Grand Canyon Education, Inc.",Consumer Defensive,Education & Training Services,United States,NASDAQ,3942858147.0,151.27,52.57,52.19,8,76.5,2908,False,-31.41,10.64,-4.78,-8.97,-10.87,-4.24,4.25,158.8646,166.1842,169.7124,157.9738,145.1083,51240686,1255,2026-09-18,55.78,26065037.0
NYSE:NVT,NVT,nVent Electric plc,Industrials,Electrical Equipment & Parts,United Kingdom,NYSE,25532424962.0,157.88,52.57,51.19,8,76.5,2909,False,-14.24,66.99,14.9,21.31,58.06,79.7,106.9,137.4104,130.1484,99.883,87.8583,76.3062,405525364,1255,2026-09-18,46.96,161720452.0
NASDAQ:AIIR,AIIR,Air Global PLC,Consumer Defensive,Tobacco,United Arab Emirates,NASDAQ,1193276319.0,7.44,52.58,52.13,8,76.6,2910,False,-50.4,32.27,-16.81,-19.59,,,,8.9432,9.2521,,,,50673,310,2026-09-18,57.57,160386602.0
NASDAQ:AFCG,AFCG,Advanced Flower Capital Inc.,Financial Services,Asset Management,United States,NASDAQ,78235090.0,3.43,52.59,54.39,8,76.6,2911,False,-18.1,69.91,19.63,16.14,-24.28,-33.15,-36.56,2.8672,2.9533,4.5299,5.1311,5.4069,312006,1255,2026-09-18,54.88,22809064.0
NASDAQ:RDWR,RDWR,Radware Ltd.,Technology,Software - Infrastructure,Israel,NASDAQ,1225862934.0,29.13,52.6,51.93,8,76.6,2912,False,-9.34,33.99,8.86,10.3,16.22,28.3,32.03,26.7597,26.4096,25.0641,22.7053,22.0632,8485825,1255,2026-09-18,62.81,42082490.0
NASDAQ:CGEM,CGEM,"Cullinan Therapeutics, Inc.",Healthcare,Biotechnology,United States,NASDAQ,1295535610.0,21.08,52.62,55.09,8,76.7,2913,False,-8.15,266.61,39.63,55.04,76.38,60.51,66.66,15.0969,13.5967,11.9513,13.133,12.6486,19485170,1255,2026-09-18,55.44,61458046.0
NASDAQ:LFST,LFST,"LifeStance Health Group, Inc.",Healthcare,Medical Care Facilities,United States,NASDAQ,4799658810.0,12.57,52.62,56.18,8,76.7,2914,False,-6.05,161.33,47.46,58.69,74.81,82.29,81.04,8.5246,7.9213,7.1906,6.8957,6.9434,68605800,1255,2026-09-18,53.37,381834432.0
NYSE:THG,THG,Hanover Insurance Group Inc,Financial Services,Insurance - Property & Casualty,United States,NYSE,7914984436.0,227.31,52.62,54.55,8,76.7,2915,False,-2.37,37.68,18.56,20.8,31.51,46.32,56.13,191.7221,188.1709,172.8466,155.3511,145.5942,68497372,1255,2026-09-18,56.09,34820221.0
NASDAQ:OIO,OIO,OIO Group,Industrials,Waste Management,Singapore,NASDAQ,682123332.0,1.96,52.63,50.12,8,76.7,2916,False,-84.88,22.5,-68.06,-73.02,-70.94,-62.78,-82.27,6.1374,7.2657,6.7451,5.2666,11.0567,285931,1116,2026-09-18,57.48,348022108.0
NYSE:ENR,ENR,"Energizer Holdings, Inc.",Industrials,Electrical Equipment & Parts,United States,NYSE,1463963109.0,21.38,52.64,52.11,8,76.8,2917,False,-22.96,36.04,9.28,6.38,-8.91,-13.02,-16.09,19.565,20.0974,23.4716,24.5793,25.4797,20533559,1255,2026-09-18,56.26,68473485.0
NASDAQ:GLNG,GLNG,Golar LNG Limited,Energy,Oil & Gas Midstream,Bermuda,NASDAQ,5271174029.0,51.79,52.64,52.5,8,76.8,2918,False,-8.82,48.83,8.82,13.5,23.71,44.23,61.25,47.5911,45.6285,41.8642,35.9079,32.1184,62564863,1255,2026-09-18,46.59,101779765.0
NASDAQ:PENG,PENG,"Penguin Solutions, Inc.",Technology,Information Technology Services,United States,NASDAQ,2731235857.0,53.3,52.64,50.23,8,76.8,2919,False,-34.51,228.2,40.19,52.9,94.71,112.37,126.12,38.02,34.8593,27.3739,25.0976,23.5715,69155770,1255,2026-09-18,51.37,51242699.0
NYSE:BAP,BAP,Credicorp Ltd.,Financial Services,Banks - Regional,Peru,NYSE,30335750880.0,381.83,52.65,51.96,8,76.8,2920,False,-5.08,61.34,13.35,19.97,51.09,79.52,103.28,336.8588,318.2581,252.7095,212.6945,187.833,129753525,1255,2026-09-18,54.66,79448317.0
NYSE:EROC,EROC,"ERock, Inc.",Industrials,Specialty Industrial Machinery,United States,NYSE,630597961.0,13.09,52.65,50.28,8,76.8,2921,False,-30.19,45.61,,,,,,,,,,,32348490,70,2026-09-18,51.8,48174023.0
NASDAQ:UNB,UNB,"Union Bankshares, Inc.",Financial Services,Banks - Regional,United States,NASDAQ,110552686.0,23.96,52.65,51.16,8,76.8,2922,False,-7.2,16.43,1.87,2.56,-5.19,-2.76,2.8,23.5205,23.3619,25.271,24.6408,23.3068,101685,1255,2026-09-18,53.11,4614052.0
NYSE:ASAN,ASAN,"Asana, Inc.",Technology,Software - Application,United States,NYSE,1530820392.0,9.51,52.66,53.63,8,76.9,2923,False,-37.39,74.18,9.66,-1.88,-25.97,-32.27,-37.98,8.6726,9.6923,12.8456,14.041,15.3342,72952396,1255,2026-09-18,59.54,160969547.0
NASDAQ:HCAT,HCAT,"Health Catalyst, Inc",Healthcare,Health Information Services,United States,NASDAQ,132270296.0,1.79,52.66,50.37,8,76.9,2924,False,-48.27,79.72,-1.85,-12.11,-51.76,-64.73,-73.26,1.8237,2.0367,3.7109,5.075,6.6937,855459,1255,2026-09-18,53.47,73894020.0
NASDAQ:SITM,SITM,SiTime Corporation,Technology,Semiconductors,United States,NASDAQ,18400776656.0,614.27,52.67,51.11,8,77.0,2925,False,-31.86,143.03,19.5,31.25,84.71,136.26,175.79,514.0541,468.0001,332.5681,260.0026,222.7279,239488005,1255,2026-09-18,50.46,29955519.0
NASDAQ:AIRT,AIRT,"Air T, Inc.",Industrials,Conglomerates,United States,NASDAQ,83441584.0,31.0,52.69,53.08,8,77.0,2926,False,-9.52,68.94,30.59,32.55,44.9,45.34,42.28,23.7381,23.3866,21.3937,21.3298,21.7886,1227633,1255,2026-09-18,48.43,2691664.0
AMEX:GRO,GRO,Brazil Potash Corp.,Basic Materials,Other Industrial Metals & Mining,Canada,AMEX,148946643.0,2.43,52.7,52.59,8,77.0,2927,False,-37.53,28.57,-5.15,-4.18,,,,2.562,2.536,,,,506624,452,2026-09-18,50.82,61294915.0
NASDAQ:MRDN,MRDN,Meridian Holdings Inc.,Consumer Cyclical,Gambling,United States,NASDAQ,177386886.0,14.02,52.7,52.56,8,77.0,2928,True,-4.76,130.97,32.88,29.75,-17.43,-38.82,-44.26,10.551,10.8056,16.98,22.9158,25.1538,1012555,1255,2026-09-18,52.46,12652417.0
NYSE:GOLD,GOLD,"Gold.com, Inc.",Financial Services,Capital Markets,United States,NYSE,1318538842.0,45.46,52.71,53.39,8,77.1,2929,False,-26.68,91.66,6.93,16.46,39.98,44.38,46.65,42.5151,39.0358,32.4761,31.486,31.0,34388214,1255,2026-09-18,57.29,29004374.0
NASDAQ:ENTX,ENTX,Entera Bio Ltd.,Healthcare,Biotechnology,Israel,NASDAQ,145899093.0,2.96,52.72,54.94,8,77.1,2930,False,-24.49,196.0,67.49,56.01,52.46,68.67,93.47,1.7672,1.8973,1.9415,1.7549,1.53,1109360,1255,2026-09-18,56.15,49290234.0
NASDAQ:INCR,INCR,Intercure Ltd.,Healthcare,Drug Manufacturers - Specialty & Generic,Israel,NASDAQ,314503632.0,5.31,52.73,53.03,8,77.1,2931,False,-36.79,45.48,11.4,0.33,-19.23,-30.05,-43.83,4.7666,5.2926,6.5744,7.5912,9.453,304579,1255,2026-09-18,52.73,59228556.0
NASDAQ:OLLI,OLLI,"Ollie's Bargain Outlet Holdings, Inc.",Consumer Defensive,Discount Stores,United States,NASDAQ,4584777665.0,75.84,52.75,51.78,8,77.1,2932,False,-45.17,22.56,-16.65,-22.75,-27.8,-21.78,-13.52,90.985,98.1794,105.0366,96.9589,87.6934,141017148,1255,2026-09-18,53.5,60453292.0
NASDAQ:CING,CING,Cingulate Inc.,Healthcare,Biotechnology,United States,NASDAQ,70577749.0,5.24,52.76,52.27,8,77.2,2933,False,-55.06,57.36,-2.09,4.27,11.89,-68.88,-92.64,5.3521,5.0252,4.6831,16.8369,71.1603,653612,1199,2026-09-18,49.47,13469036.0
NYSE:EGY,EGY,"VAALCO Energy, Inc.",Energy,Oil & Gas E&P,United States,NYSE,648493653.0,6.06,52.76,54.52,8,77.2,2934,False,-7.19,86.0,17.06,24.51,38.19,34.93,41.13,5.1769,4.8672,4.3854,4.4913,4.2939,8538533,1255,2026-09-18,59.22,107012154.0
NASDAQ:PONO,PONO,"Pono Capital Four, Inc.",Financial Services,Shell Companies,Cayman Islands,NASDAQ,122294100.0,10.02,52.76,56.54,8,77.2,2935,False,-0.4,1.62,,,,,,,,,,,806409,95,2026-09-18,52.76,12205000.0
NYSE:WKC,WKC,World Kinect Corporation,Energy,Oil & Gas Refining & Marketing,United States,NYSE,1838900739.0,35.95,52.76,52.78,8,77.2,2936,False,-10.68,61.62,24.83,28.64,31.69,39.77,43.68,28.7983,27.9463,27.2993,25.7212,25.0207,40156011,1255,2026-09-18,51.36,51151620.0
NASDAQ:ALAB,ALAB,"Astera Labs, Inc.",Technology,Semiconductors,United States,NASDAQ,51979457502.0,303.25,52.77,50.66,8,77.3,2937,False,-37.22,202.43,31.17,37.59,88.44,,,231.1868,220.4087,160.9287,,,1038104700,627,2026-09-18,50.39,171407939.0
NYSE:QGEN,QGEN,Qiagen N.V.,Healthcare,Diagnostics & Research,Netherlands,NYSE,8936812500.0,43.33,52.77,53.47,8,77.3,2938,False,-21.45,33.99,2.5,0.75,0.02,1.11,-0.41,42.2725,43.0073,43.3231,42.8554,43.5066,94341185,1255,2026-09-18,59.37,206250000.0
NASDAQ:PMN,PMN,ProMIS Neurosciences Inc.,Healthcare,Biotechnology,Canada,NASDAQ,125637379.0,14.01,52.79,52.04,8,77.3,2939,False,-43.49,107.25,10.69,14.58,-11.02,-44.01,-71.2,12.6573,12.2271,15.746,25.0211,48.6503,561894,1255,2026-09-18,48.87,8967693.0
NYSE:AKA,AKA,a.k.a. Brands Holding Corp.,Consumer Cyclical,Apparel Retail,United States,NYSE,117960803.0,10.9,52.8,52.08,8,77.3,2940,False,-26.85,26.89,2.77,-0.12,-17.48,-16.32,-14.77,10.6061,10.9132,13.2097,13.0254,12.7895,40445,1253,2026-09-18,43.69,10822092.0
NYSE:CSR,CSR,D/B/A Centerspace,Real Estate,REIT - Residential,United States,NYSE,940976288.0,56.0,52.82,51.5,8,77.4,2941,False,-17.6,6.89,-6.73,-6.31,-5.93,-3.37,-1.13,60.0425,59.7686,59.5279,57.9508,56.6382,19269137,1255,2026-09-18,57.72,16803148.0
NASDAQ:FROG,FROG,JFrog Ltd.,Technology,Software - Application,United States,NASDAQ,11241121584.0,92.81,52.83,53.11,8,77.4,2942,False,-10.79,167.08,38.41,45.13,85.17,108.54,136.27,67.0541,63.9517,50.1223,44.5057,39.2817,179076571,1255,2026-09-18,54.66,121119724.0
NASDAQ:PACB,PACB,"Pacific Biosciences of California, Inc.",Healthcare,Medical Devices,United States,NASDAQ,425524313.0,1.37,52.83,51.21,8,77.4,2943,False,-48.69,23.42,-14.3,-15.91,-13.06,-47.92,-69.93,1.5986,1.6293,1.5759,2.6308,4.5563,8151900,1255,2026-09-18,53.71,310601688.0
NYSE:AAUC,AAUC,Allied Gold Corporation,Basic Materials,Gold,Canada,NYSE,2899212229.0,22.91,52.84,51.33,8,77.5,2944,False,-28.43,56.28,-13.72,-7.08,30.38,,,26.5529,24.6564,17.5713,,,10651954,525,2026-09-18,43.94,126547893.0
NYSE:AGRO,AGRO,Adecoagro S.A.,Consumer Defensive,Farm Products,Luxembourg,NYSE,1653775020.0,11.46,52.85,53.68,8,77.5,2945,False,-24.51,62.14,7.7,13.95,15.36,15.25,20.97,10.6405,10.057,9.9345,9.9433,9.4732,9514096,1255,2026-09-18,58.69,144308466.0
NASDAQ:STX,STX,Seagate Technology Holdings PLC - Ordinary Shares (Ireland),Technology,Computer Hardware,Singapore,NASDAQ,194945330000.0,858.79,52.85,51.47,8,77.5,2946,False,-21.45,307.86,38.79,58.7,163.15,249.83,333.89,618.7676,541.1502,326.3522,245.4875,197.9278,3001405930,1255,2026-09-18,45.46,227000000.0
NASDAQ:ECBK,ECBK,"ECB Bancorp, Inc.",Financial Services,Banks - Regional,United States,NASDAQ,183133052.0,20.92,52.87,53.67,8,77.5,2947,False,-2.92,41.07,12.78,15.68,25.39,37.07,39.73,18.5495,18.0851,16.6844,15.2621,14.9715,227441,1040,2026-09-18,50.23,8753970.0
NASDAQ:TSEM,TSEM,Tower Semiconductor Ltd.,Technology,Semiconductors,Israel,NASDAQ,25273785264.0,223.6,52.89,50.56,8,77.6,2948,False,-29.43,233.63,17.02,32.58,108.97,171.9,211.33,191.0803,168.6482,107.0003,82.2351,71.8215,378225496,1255,2026-09-18,51.12,113031240.0
NYSE:NOW,NOW,"ServiceNow, Inc.",Technology,Software - Application,United States,NYSE,140057285140.0,135.47,52.91,54.84,8,77.6,2949,False,-29.53,63.22,15.4,4.21,-15.96,-12.88,-3.19,117.3917,130.0026,161.1903,155.4964,139.9287,2162903800,1255,2026-09-18,56.18,1033862000.0
NYSE:XZO,XZO,"Exzeo Group, Inc.",Financial Services,Insurance - Diversified,United States,NYSE,1505609201.0,16.56,52.92,52.53,8,77.6,2950,False,-31.71,31.95,-0.85,,,,,16.7015,,,,,5017925,218,2026-09-18,53.32,90918430.0
NASDAQ:CLNN,CLNN,Clene Inc.,Consumer Defensive,Packaged Foods,United States,NASDAQ,55585635.0,4.35,52.93,48.68,8,77.6,2951,False,-65.2,32.62,-21.47,-29.67,-17.48,-28.69,-58.11,5.5391,6.1848,5.2713,6.0999,10.3832,554259,1255,2026-09-18,49.24,12778307.0
AMEX:PAAI,PAAI,"Paradium.AI, Inc.",Communication Services,Internet Content & Information,United States,AMEX,71415980.0,1.5,52.95,52.66,8,77.7,2952,False,-77.44,85.19,-34.83,-47.24,-50.63,-42.72,-61.18,2.3018,2.8431,3.0383,2.6188,3.8638,9852610,1255,2026-09-18,83.83,47610653.0
NYSE:BORR,BORR,Borr Drilling Limited,Energy,Oil & Gas Drilling,Bermuda,NYSE,1376742820.0,4.46,52.96,51.7,8,77.7,2953,False,-32.53,82.79,-8.11,-0.2,19.16,-0.88,-7.43,4.8537,4.4688,3.7428,4.4997,4.818,24001893,1255,2026-09-18,49.97,308686731.0
NYSE:DDS,DDS,"Dillard's, Inc.",Consumer Cyclical,Department Stores,United States,NYSE,7400235713.0,636.26,52.96,53.95,8,77.7,2954,True,-9.04,24.66,5.25,5.9,27.11,41.74,56.87,604.5139,600.7863,500.5734,448.9068,405.5848,114200966,1255,2026-09-18,52.32,11630836.0
NASDAQ:CUB,CUB,Lionheart Holdings,Financial Services,Shell Companies,United States,NASDAQ,233663303.0,10.87,52.97,53.69,8,77.8,2955,False,-0.37,3.52,0.97,1.35,3.62,,,10.7655,10.7252,10.49,,,1107193,528,2026-09-18,52.97,21496164.0
NYSE:MET,MET,"MetLife, Inc.",Financial Services,Insurance - Life,United States,NYSE,62439105034.0,97.04,52.97,54.62,8,77.8,2956,False,-2.91,45.33,18.24,19.76,22.7,30.98,38.66,82.072,81.0273,79.0862,74.0871,69.9847,297974069,1255,2026-09-18,54.33,643436779.0
NASDAQ:SNDL,SNDL,SNDL Inc.,Consumer Defensive,Beverages - Wineries & Distilleries,Canada,NASDAQ,356611000.0,1.37,52.97,52.75,8,77.8,2957,True,-51.33,14.17,-6.63,-15.07,-18.27,-20.24,-22.44,1.4673,1.6131,1.6763,1.7177,1.7663,1764723,1255,2026-09-18,51.5,260300000.0
NYSE:BCSS,BCSS,Bain Capital GSS Investment Corp.,Financial Services,Shell Companies,United States,NYSE,482601000.0,10.29,52.99,53.6,8,77.8,2958,False,-0.29,2.29,1.07,,,,,10.1812,,,,,142854,207,2026-09-18,55.24,46900000.0
NASDAQ:CGTX,CGTX,"Cognition Therapeutics, Inc.",Healthcare,Biotechnology,United States,NASDAQ,93077936.0,1.04,53.02,51.02,8,77.9,2959,False,-46.67,74.79,-11.11,-17.39,7.92,-12.31,-24.1,1.17,1.259,0.9637,1.186,1.3702,373079,1241,2026-09-18,56.39,89498015.0
NASDAQ:HSTM,HSTM,"HealthStream, Inc.",Healthcare,Health Information Services,United States,NASDAQ,853959945.0,29.23,53.02,54.09,8,77.9,2960,True,-1.81,47.67,20.57,18.68,7.42,8.92,12.37,24.2428,24.6299,27.211,26.8353,26.0129,6084655,1255,2026-09-18,52.57,29215188.0
NYSE:BMI,BMI,"Badger Meter, Inc.",Technology,Scientific & Technical Instruments,United States,NYSE,3848293808.0,132.76,53.04,50.83,8,77.9,2961,False,-28.52,17.83,-8.08,-12.21,-26.6,-24.31,-18.27,144.4241,151.2259,180.8752,175.4108,162.4427,44954600,1255,2026-09-18,43.64,28986847.0
NYSE:AGCO,AGCO,AGCO Corporation,Industrials,Farm & Heavy Construction Machinery,United States,NYSE,8389100817.0,119.79,53.09,53.75,8,77.9,2962,False,-14.26,21.68,3.86,5.64,13.33,13.35,10.74,115.3349,113.3904,105.6987,105.6809,108.1726,159217655,1255,2026-09-18,55.84,70031729.0
NASDAQ:RAIL,RAIL,"Freightcar America, Inc.",Industrials,Railroads,United States,NASDAQ,241015908.0,7.35,53.09,49.44,8,77.9,2963,False,-50.34,10.36,-20.37,-19.98,-20.76,0.28,16.27,9.2299,9.1848,9.2755,7.3291,6.3215,1752794,1255,2026-09-18,54.27,32791280.0
NASDAQ:RRBI,RRBI,"Red River Bancshares, Inc.",Financial Services,Banks - Regional,United States,NASDAQ,672560849.0,102.14,53.1,54.72,8,78.0,2964,False,-1.29,67.1,14.18,20.85,45.84,62.54,71.98,89.459,84.519,70.0354,62.8408,59.3906,6244440,1255,2026-09-18,52.96,6584696.0
NASDAQ:AMLX,AMLX,"Amylyx Pharmaceuticals, Inc.",Healthcare,Drug Manufacturers - Specialty & Generic,United States,NASDAQ,3603548534.0,32.41,53.11,57.15,8,78.0,2965,False,-18.28,184.8,83.16,91.59,192.19,213.65,112.21,17.6952,16.9161,11.0921,10.3332,15.2727,70676761,1178,2026-09-18,59.33,111186317.0
NYSE:KB,KB,KB Financial Group Inc,Financial Services,Banks - Regional,South Korea,NYSE,44565898669.0,126.93,53.11,54.61,8,78.0,2966,False,-4.48,63.78,19.41,25.03,51.32,77.02,103.85,106.2971,101.5189,83.88,71.7026,62.2652,19718641,1255,2026-09-18,58.6,351106111.0
NASDAQ:KYMR,KYMR,"Kymera Therapeutics, Inc.",Healthcare,Biotechnology,United States,NASDAQ,9790985270.0,117.75,53.11,54.19,8,78.0,2967,False,-7.51,139.67,28.91,38.83,88.2,125.3,155.97,91.3402,84.8165,62.5673,52.2643,46.0009,82130236,1255,2026-09-18,54.68,83150618.0
NASDAQ:PANW,PANW,"Palo Alto Networks, Inc.",Technology,Software - Infrastructure,United States,NASDAQ,296317700000.0,363.58,53.11,53.57,8,78.0,2968,False,-8.19,156.64,51.13,55.6,73.1,91.36,118.61,240.5785,233.6585,210.0389,189.998,166.3182,2502974186,1255,2026-09-18,57.93,815000000.0
NASDAQ:ALPS,ALPS,ALPS Group Inc,,,,NASDAQ,66560130.0,0.4,53.13,46.71,8,78.1,2969,False,-84.37,48.15,-48.36,,,,,0.7746,,,,,29706,221,2026-09-18,53.13,166400326.0
NYSE:LXFR,LXFR,Luxfer Holdings PLC,Industrials,Specialty Industrial Machinery,United States,NYSE,460794130.0,17.22,53.13,53.41,8,78.1,2970,False,-9.06,52.31,13.87,17.93,29.7,44.12,41.78,15.1224,14.6015,13.2763,11.9482,12.1454,7372327,1255,2026-09-18,53.13,26759241.0
NYSE:KO,KO,Coca-Cola Company (The),Consumer Defensive,Beverages - Non-Alcoholic,United States,NYSE,379699970695.0,88.25,53.14,54.64,8,78.2,2971,False,-3.49,37.96,12.83,16.23,24.97,33.64,39.61,78.2163,75.929,70.6173,66.0351,63.2118,1387731929,1255,2026-09-18,52.08,4302549243.0
NYSE:ONT,ONT,"Onterris, Inc.",Industrials,Waste Management,United States,NYSE,654481401.0,18.11,53.15,51.17,8,78.2,2972,False,-39.49,24.9,-14.03,-18.63,-16.57,-30.68,-39.17,21.0644,22.2577,21.7064,26.1263,29.7738,9348603,1255,2026-09-18,49.59,36139227.0
NYSE:GFL,GFL,"GFL Environmental Inc. Subordinate voting shares, no par value",Industrials,Waste Management,United States,NYSE,14846260206.0,42.53,53.18,53.93,8,78.2,2973,False,-10.16,26.86,4.18,1.9,-3.31,4.24,10.26,40.824,41.7357,43.9847,40.8013,38.572,113577256,1255,2026-09-18,56.86,349077362.0
NYSE:BFH,BFH,"Bread Financial Holdings, Inc.",Financial Services,Credit Services,United States,NYSE,4385378764.0,108.53,53.2,53.55,8,78.3,2974,False,-4.09,102.96,24.16,32.53,58.68,87.42,110.37,87.4123,81.8882,68.3955,57.9062,51.5888,54308876,1255,2026-09-18,52.47,40407065.0
NYSE:GPRK,GPRK,Geopark Ltd,Energy,Oil & Gas E&P,Colombia,NYSE,716449113.0,11.04,53.2,55.06,8,78.3,2975,False,-7.77,86.78,20.43,26.5,35.47,33.22,25.59,9.1669,8.7276,8.1496,8.2872,8.7908,13362001,1255,2026-09-18,55.06,64895753.0
NYSE:BRCC,BRCC,BRC Inc.,Consumer Defensive,Packaged Foods,United States,NYSE,1095157524.0,9.36,53.21,49.46,8,78.3,2976,False,-47.42,49.76,-10.42,-15.93,-46.05,-64.15,-72.62,10.4487,11.1335,17.3483,26.1052,34.1907,1363425,1155,2026-09-18,60.78,117004009.0
NASDAQ:LMB,LMB,"Limbach Holdings, Inc.",Industrials,Building Products & Equipment,United States,NASDAQ,616796007.0,51.74,53.21,47.47,8,78.3,2977,True,-54.66,25.52,-31.86,-33.88,-42.42,-31.3,-14.86,75.9321,78.2488,89.8613,75.3121,60.7731,21734265,1255,2026-09-18,49.2,11921067.0
NYSE:NPWR,NPWR,NET Power Inc.,Industrials,Specialty Industrial Machinery,United States,NYSE,161742356.0,1.83,53.21,53.15,8,78.3,2978,False,-62.27,34.56,-5.68,-17.82,-53.05,-69.84,-74.99,1.9401,2.2268,3.8976,6.0682,7.3184,1657582,1255,2026-09-18,52.65,88383801.0
NASDAQ:CRCT,CRCT,"Cricut, Inc.",Technology,Computer Hardware,United States,NASDAQ,310307183.0,5.64,53.22,55.25,8,78.4,2979,False,-13.9,54.29,23.42,20.29,16.38,15.84,4.08,4.5699,4.6885,4.8462,4.8689,5.4189,4240317,1255,2026-09-18,56.07,55019004.0
NASDAQ:ARCL,ARCL,ARC Group Acquisition I Corp,Financial Services,Shell Companies,United States,NASDAQ,127452420.0,9.99,53.23,55.03,8,78.4,2980,False,-0.4,1.22,,,,,,,,,,,193629,78,2026-09-18,53.23,12758000.0
NYSE:EPD,EPD,Enterprise Products Partners L.P.,Energy,Oil & Gas Midstream,United States,NYSE,84139225559.0,38.89,53.23,53.72,8,78.4,2981,False,-1.19,37.16,8.61,12.58,23.06,34.38,45.39,35.8057,34.5439,31.6023,28.941,26.7481,95332998,1255,2026-09-18,47.98,2163518271.0
NYSE:STAG,STAG,"Stag Industrial, Inc.",Real Estate,REIT - Industrial,United States,NYSE,7249403102.0,37.6,53.23,50.18,8,78.4,2982,False,-10.56,12.69,-0.1,0.57,5.74,7.8,12.15,37.6362,37.3877,35.5586,34.8786,33.5254,57930254,1255,2026-09-18,51.6,192803274.0
NASDAQ:SLDP,SLDP,"Solid Power, Inc.",Consumer Cyclical,Auto Parts,United States,NASDAQ,555709719.0,2.47,53.24,51.79,8,78.5,2983,False,-70.98,23.5,-26.11,-34.97,-12.72,1.89,-5.65,3.3428,3.7983,2.8301,2.4241,2.6178,6547178,1255,2026-09-18,58.22,224983692.0
NYSE:CRGY,CRGY,Crescent Energy Company,Energy,Oil & Gas E&P,United States,NYSE,4590497629.0,13.9,53.25,56.18,8,78.5,2984,False,-9.56,84.69,24.85,31.43,31.53,32.33,32.66,11.1333,10.5756,10.568,10.5039,10.4782,90680392,1199,2026-09-18,55.88,330251628.0
NYSE:INFQ,INFQ,"Infleqtion, Inc.",Technology,Software - Infrastructure,United States,NYSE,2886744868.0,13.23,53.25,52.78,8,78.5,2985,False,-33.42,50.17,,,,,,,,,,,115204307,149,2026-09-18,58.61,218196891.0
NYSE:RSKD,RSKD,Riskified Ltd.,Technology,Software - Application,United States,NYSE,581342244.0,6.21,53.25,55.03,8,78.5,2986,False,-10.39,63.85,26.5,27.35,27.8,26.77,26.5,4.9089,4.8763,4.8591,4.8985,4.9089,9848261,1255,2026-09-18,55.97,93613888.0
NASDAQ:FDBC,FDBC,"Fidelity D & D Bancorp, Inc.",Financial Services,Banks - Regional,United States,NASDAQ,318481042.0,54.83,53.26,54.36,8,78.6,2987,True,-3.33,37.71,16.45,18.96,22.77,22.99,25.79,47.0845,46.0928,44.6605,44.5817,43.5872,602745,1255,2026-09-18,50.23,5808518.0
NASDAQ:MSFT,MSFT,Microsoft Corporation,Technology,Software - Infrastructure,United States,NASDAQ,3666585852546.0,493.78,53.26,56.19,8,78.6,2988,False,-8.16,40.21,14.81,10.77,11.88,16.4,27.8,430.0757,445.753,441.35,424.1938,386.3755,10491789876,1255,2026-09-18,55.71,7425545491.0
NYSE:SMBK,SMBK,"SmartFinancial, Inc.",Financial Services,Banks - Regional,United States,NYSE,883820069.0,51.69,53.27,55.19,8,78.6,2989,False,-2.89,55.83,19.52,24.29,39.45,60.47,71.41,43.2485,41.5896,37.0676,32.2123,30.1561,5846433,1255,2026-09-18,55.68,17098473.0
NASDAQ:BIAF,BIAF,"bioAffinity Technologies, Inc.",Healthcare,Diagnostics & Research,United States,NASDAQ,59249265.0,9.43,53.29,50.75,8,78.7,2990,False,-88.12,106.8,-56.28,-62.7,-94.66,-97.6,-98.23,21.5693,25.2834,176.4515,393.4546,531.9726,89111446,1015,2026-09-18,51.57,6283061.0
AMEX:ITRG,ITRG,Integra Resources Corp.,Basic Materials,Other Precious Metals & Mining,Canada,AMEX,565736477.0,2.79,53.29,53.94,8,78.7,2991,False,-39.61,36.76,-9.81,-9.3,25.94,58.34,86.37,3.0934,3.0762,2.2153,1.762,1.497,6079789,1255,2026-09-18,52.84,202772931.0
NYSE:OSCR,OSCR,"Oscar Health, Inc.",Healthcare,Healthcare Plans,United States,NYSE,8543431260.0,32.13,53.29,54.07,8,78.7,2992,True,-4.97,196.13,51.23,55.89,76.69,93.17,132.53,21.2458,20.6108,18.1847,16.6327,13.8176,160158039,1255,2026-09-18,52.56,265902000.0
NYSE:REX,REX,REX American Resources Corporation,Basic Materials,Chemicals,United States,NYSE,1423897549.0,43.23,53.29,50.46,8,78.7,2993,False,-15.5,41.64,4.88,10.04,39.46,53.06,71.68,41.2169,39.2849,30.998,28.2431,25.1804,8983480,1255,2026-09-18,50.32,32937718.0
NYSE:XXI,XXI,"Twenty One Capital, Inc.",Consumer Defensive,Education & Training Services,United States,NYSE,2014953527.0,5.81,53.3,52.58,8,78.8,2994,False,-76.39,36.07,-17.78,-38.56,-58.75,,,7.066,9.4563,14.0853,,,15096127,527,2026-09-18,49.55,346807836.0
NASDAQ:CEVA,CEVA,"CEVA, Inc.",Technology,Semiconductors,United States,NASDAQ,843303100.0,30.27,53.33,48.73,8,78.8,2995,False,-39.53,75.89,4.15,6.52,10.86,20.2,18.08,29.0636,28.4182,27.3055,25.183,25.6362,18193735,1255,2026-09-18,51.7,27859369.0
NYSE:LB,LB,LandBridge Company LLC Class A Shares Representing Limited Liability Company Interests,Energy,Oil & Gas Equipment & Services,United States,NYSE,2393060125.0,85.96,53.33,54.51,8,78.8,2996,False,-4.05,95.37,24.9,28.86,32.54,,,68.8245,66.7066,64.8581,,,20971616,558,2026-09-18,53.27,27839229.0
NASDAQ:CAMT,CAMT,Camtek Ltd.,Technology,Semiconductor Equipment & Materials,Israel,NASDAQ,6957420412.0,149.12,53.34,50.97,8,78.9,2997,False,-28.12,57.97,-3.14,2.76,33.57,46.7,78.19,153.9571,145.1123,111.6397,101.649,83.688,51114662,1255,2026-09-18,49.9,46656521.0
NASDAQ:ENTG,ENTG,"Entegris, Inc.",Technology,Semiconductor Equipment & Materials,United States,NASDAQ,21664675000.0,142.25,53.34,51.48,8,78.9,2998,False,-22.62,107.25,10.42,18.23,33.93,29.26,36.96,128.8317,120.3134,106.2157,110.0494,103.86,275888692,1255,2026-09-18,47.13,152300000.0
NASDAQ:INO,INO,"Inovio Pharmaceuticals, Inc.",Healthcare,Biotechnology,United States,NASDAQ,128124078.0,1.24,53.35,53.79,8,78.9,2999,False,-53.21,87.88,-11.55,-21.57,-42.65,-69.82,-81.32,1.4019,1.581,2.1622,4.1092,6.6388,4221182,1255,2026-09-18,50.95,103325869.0
NASDAQ:CLFD,CLFD,"Clearfield, Inc.",Technology,Communication Equipment,United States,NASDAQ,409858114.0,30.16,53.39,50.1,8,79.0,3000,False,-41.16,16.0,-6.49,-7.28,-10.51,-8.88,-27.18,32.2525,32.5274,33.7021,33.0981,41.4178,4885863,1255,2026-09-18,56.01,13589460.0
NYSE:IHS,IHS,IHS Holding Limited,Real Estate,Real Estate Services,United Kingdom,NYSE,2834769820.0,8.42,53.39,54.8,8,79.0,3001,False,-3.55,34.94,3.95,7.85,35.77,55.66,41.83,8.1003,7.8075,6.2018,5.4092,5.9366,10916505,1237,2026-09-18,58.03,336671000.0
NYSE:SPCE,SPCE,"Virgin Galactic Holdings, Inc.",Industrials,Aerospace & Defense,United States,NYSE,394609434.0,3.07,53.39,51.86,8,79.0,3002,False,-59.18,41.47,1.71,-3.44,-19.95,-72.92,-89.78,3.0184,3.1793,3.8352,11.3353,30.0479,17361857,1255,2026-09-18,55.31,128537275.0
AMEX:EQX,EQX,Equinox Gold Corp.,Basic Materials,Gold,Canada,AMEX,9825015096.0,12.45,53.4,53.95,8,79.0,3003,False,-33.36,44.72,-5.71,-3.33,29.02,53.35,73.89,13.2039,12.8789,9.6497,8.1189,7.1597,155431558,1255,2026-09-18,51.12,789157839.0
NYSE:VOYG,VOYG,"Voyager Technologies, Inc.",Industrials,Aerospace & Defense,United States,NYSE,1919173450.0,35.87,53.4,52.29,8,79.0,3004,False,-30.71,99.39,13.84,16.32,,,,31.5085,30.8367,,,,46157021,320,2026-09-18,56.04,53503581.0
NASDAQ:FNLC,FNLC,"First Bancorp, Inc (ME)",Financial Services,Banks - Regional,United States,NASDAQ,396787375.0,35.18,53.43,54.23,8,79.1,3005,False,-1.4,51.65,17.92,22.49,33.38,42.06,45.17,29.8343,28.7204,26.3767,24.7648,24.2339,1062389,1255,2026-09-18,52.41,11278777.0
NASDAQ:ECPG,ECPG,Encore Capital Group Inc,Financial Services,Credit Services,United States,NASDAQ,2134178610.0,99.54,53.44,54.06,8,79.1,3006,False,-4.05,145.6,30.12,42.19,77.28,88.34,91.25,76.4986,70.0058,56.1481,52.8503,52.0473,39188945,1255,2026-09-18,55.11,21440412.0
NYSE:HESM,HESM,Hess Midstream LP Class A Representing Limited Partner Interests,Energy,Oil & Gas Midstream,United States,NYSE,5154571381.0,40.16,53.44,53.6,8,79.1,3007,False,-1.98,37.68,9.14,12.69,15.01,23.36,34.2,36.7963,35.6372,34.9199,32.5561,29.9256,54216732,1255,2026-09-18,52.7,128350881.0
NASDAQ:PAYO,PAYO,Payoneer Global Inc.,Technology,Software - Infrastructure,United States,NASDAQ,2411326065.0,7.13,53.44,58.32,8,79.1,3008,True,-0.7,66.98,20.78,20.77,1.71,9.49,12.94,5.9035,5.9037,7.01,6.5118,6.3129,17977758,1255,2026-09-18,49.68,338194399.0
NASDAQ:CROX,CROX,"Crocs, Inc.",Consumer Cyclical,Footwear & Accessories,United States,NASDAQ,5860805968.0,122.24,53.45,50.71,8,79.2,3009,False,-13.42,66.56,16.68,22.41,18.86,13.17,13.51,104.7692,99.8601,102.8416,108.0108,107.6936,129128581,1255,2026-09-18,54.62,47945075.0
NASDAQ:CVBF,CVBF,CVB Financial Corporation,Financial Services,Banks - Regional,United States,NASDAQ,4000809964.0,22.7,53.46,53.37,8,79.2,3010,False,-2.58,29.55,10.58,13.01,16.94,24.77,25.44,20.5286,20.0858,19.4109,18.1933,18.096,27521629,1255,2026-09-18,55.92,176247135.0
NASDAQ:APLD,APLD,Applied Digital Corporation,Technology,Information Technology Services,United States,NASDAQ,8095286916.0,28.12,53.48,50.11,8,79.2,3011,False,-43.36,41.24,-12.92,-10.66,38.77,85.93,127.09,32.2925,31.4758,20.2638,15.1238,12.383,413366850,1112,2026-09-18,48.34,287883603.0
AMEX:GORO,GORO,Goldgroup Mining Inc.,Basic Materials,Other Precious Metals & Mining,Canada,AMEX,270623092.0,3.59,53.49,52.33,8,79.2,3012,False,-42.83,79.5,-12.38,-8.38,27.8,88.12,139.09,4.0973,3.9182,2.809,1.9084,1.5015,6404489,1255,2026-09-18,51.36,75382477.0
NYSE:EHC,EHC,Encompass Health Corporation,Healthcare,Medical Care Facilities,United States,NYSE,12077487990.0,121.75,53.51,55.84,8,79.3,3013,False,-3.73,30.26,13.43,10.76,13.23,25.67,39.51,107.3362,109.9201,107.5207,96.8832,87.2697,99629257,1255,2026-09-18,58.84,99199080.0
NASDAQ:FLNT,FLNT,"Fluent, Inc.",Communication Services,Advertising Agencies,United States,NASDAQ,106143935.0,3.56,53.51,51.56,8,79.3,3014,False,-16.63,106.98,12.1,20.78,30.56,22.88,-3.46,3.1758,2.9474,2.7268,2.8972,3.6875,141168,1255,2026-09-18,52.44,29815712.0
NASDAQ:ATRA,ATRA,"Atara Biotherapeutics, Inc.",Healthcare,Biotechnology,United States,NASDAQ,87308567.0,9.69,53.56,53.16,8,79.3,3015,False,-46.43,131.82,12.35,-0.4,1.61,-20.79,-66.32,8.6249,9.7288,9.5361,12.2337,28.773,468930,1255,2026-09-18,53.82,9010172.0
NYSE:RDY,RDY,Dr. Reddy's Laboratories Ltd,Healthcare,Drug Manufacturers - Specialty & Generic,India,NYSE,10154270890.0,12.19,53.56,49.74,8,79.3,3016,False,-20.18,7.88,-8.29,-9.26,-11.99,-12.8,-8.21,13.2917,13.4334,13.8514,13.9793,13.2802,32119842,1255,2026-09-18,53.56,833000073.0
NASDAQ:SLNG,SLNG,"Stabilis Solutions, Inc.",Energy,Oil & Gas Integrated,United States,NASDAQ,104139286.0,5.6,53.56,53.86,8,79.3,3017,False,-15.02,73.91,21.1,20.71,14.43,20.03,17.72,4.6241,4.6392,4.8936,4.6655,4.7572,252491,1255,2026-09-18,46.58,18596301.0
NYSE:CACI,CACI,"CACI International, Inc.",Technology,Information Technology Services,United States,NYSE,13847934539.0,626.85,53.57,55.72,8,79.4,3018,False,-7.83,42.22,11.73,12.13,24.18,35.3,47.88,561.0171,559.0483,504.8067,463.3126,423.88,169687623,1255,2026-09-18,56.85,22091305.0
NYSE:ANF,ANF,Abercrombie & Fitch Company,Consumer Cyclical,Apparel Retail,United States,NYSE,6032048950.0,135.76,53.59,56.67,8,79.4,3019,False,-10.73,106.92,35.99,42.79,33.69,27.36,56.02,99.8341,95.0737,101.5492,106.5991,87.0164,362389310,1255,2026-09-18,56.25,44431710.0
NYSE:BMEZ,BMEZ,BlackRock Health Sciences Term Trust Common Shares of Beneficial Interest,Financial Services,Asset Management,United States,NYSE,1031273166.0,16.5,53.59,56.37,8,79.4,3020,False,-3.7,28.43,13.46,14.93,21.96,28.81,33.84,14.542,14.3565,13.5294,12.8097,12.3281,2430246,1255,2026-09-18,54.97,62501404.0
NYSE:AESI,AESI,Atlas Energy Solutions Inc.,Energy,Oil & Gas Equipment & Services,United States,NYSE,1692470663.0,13.55,53.6,51.97,8,79.5,3021,True,-31.39,67.28,2.1,6.69,-7.92,-15.06,,13.2711,12.7003,14.7157,15.9515,,37909320,886,2026-09-18,52.41,124905584.0
NASDAQ:APPN,APPN,Appian Corporation,Technology,Software - Infrastructure,United States,NASDAQ,1588024057.0,37.52,53.6,55.87,8,79.5,3022,False,-17.79,100.43,33.17,27.71,21.83,16.25,7.73,28.1742,29.3784,30.7963,32.2755,34.8281,37059297,1255,2026-09-18,55.62,42324735.0
NASDAQ:OCC,OCC,Optical Cable Corporation,Technology,Communication Equipment,United States,NASDAQ,130817503.0,14.82,53.6,51.22,8,79.5,3023,False,-44.95,256.25,34.48,41.93,109.33,162.43,183.91,11.0204,10.4417,7.0796,5.6473,5.2199,3838833,1255,2026-09-18,54.21,8827092.0
NASDAQ:OPBK,OPBK,OP Bancorp,Financial Services,Banks - Regional,United States,NASDAQ,229520223.0,15.41,53.6,53.51,8,79.5,3024,False,-3.79,25.89,8.59,10.37,14.42,27.84,37.21,14.191,13.9615,13.468,12.0539,11.2307,748577,1255,2026-09-18,53.99,14894239.0
NASDAQ:DBCA,DBCA,D. Boral Acquisition I Corp.,Financial Services,Shell Companies,United States,NASDAQ,310119000.0,10.02,53.61,55.06,8,79.6,3025,False,-0.1,1.93,,,,,,,,,,,773190,143,2026-09-18,53.61,30950000.0
NYSE:DBI,DBI,Designer Brands Inc.,Consumer Cyclical,Footwear & Accessories,United States,NYSE,259126963.0,6.02,53.62,51.71,8,79.7,3026,False,-33.39,94.67,-8.04,1.39,20.61,-1.79,-13.9,6.5463,5.9375,4.9914,6.1297,6.9916,4438154,1255,2026-09-18,54.84,43044346.0
NASDAQ:ELOX,ELOX,"Eloxx Pharmaceuticals, Inc.",Healthcare,Biotechnology,United States,NASDAQ,59963679.0,17.45,53.62,53.85,8,79.7,3027,False,-16.83,59.36,,,,,,,,,,,758157,71,2026-09-18,54.09,3436314.0
NASDAQ:GOOG,GOOG,Alphabet Inc. - Class C Capital Stock,Communication Services,Internet Content & Information,United States,NASDAQ,1903554070000.0,344.41,53.62,51.14,8,79.7,3028,False,-13.58,45.4,2.57,7.0,37.31,58.01,81.1,335.7677,321.8684,250.8201,217.9656,190.1786,5751578526,1255,2026-09-18,53.02,5527000000.0
NASDAQ:NAVI,NAVI,Navient Corporation,Financial Services,Credit Services,United States,NASDAQ,893839356.0,9.51,53.62,54.66,8,79.7,3029,False,-24.21,32.75,4.04,-1.35,-14.42,-21.69,-24.59,9.1405,9.6399,11.1129,12.1436,12.6107,13221001,1255,2026-09-18,60.55,93989417.0
NYSE:PSBD,PSBD,Palmer Square Capital BDC Inc.,Financial Services,Asset Management,United States,NYSE,321478009.0,10.33,53.62,52.7,8,79.7,3030,False,-12.35,10.83,-0.51,-1.88,-9.07,,,10.3834,10.5275,11.361,,,825143,670,2026-09-18,57.55,31120814.0
NASDAQ:AVAV,AVAV,"AeroVironment, Inc.",Industrials,Aerospace & Defense,United States,NASDAQ,8094754398.0,159.95,53.65,51.14,8,79.7,3031,False,-60.97,17.03,-22.71,-31.5,-24.69,-16.61,-4.25,206.9368,233.5068,212.3784,191.7982,167.0428,344721940,1255,2026-09-18,56.8,50608030.0
NASDAQ:ACDC,ACDC,ProFrac Holding Corp.,Energy,Oil & Gas Equipment & Services,United States,NASDAQ,935360293.0,5.17,53.66,51.69,8,79.8,3032,False,-35.86,62.07,-5.99,-0.53,-13.92,-23.05,-43.66,5.4994,5.1975,6.0058,6.7188,9.1761,6837575,1091,2026-09-18,51.34,180920753.0
NASDAQ:CME,CME,CME Group Inc.,Financial Services,Financial Data & Stock Exchanges,United States,NASDAQ,99246606261.0,276.01,53.66,54.61,8,79.8,3033,True,-12.58,26.87,0.64,1.72,8.06,18.41,28.74,274.2565,271.3352,255.4339,233.0888,214.3862,539393331,1255,2026-09-18,47.74,359576125.0
AMEX:SBMT,SBMT,Silver Bow Mining Corp.,Basic Materials,Other Industrial Metals & Mining,United States,AMEX,241543130.0,8.18,53.66,52.87,8,79.8,3034,False,-23.91,33.01,,,,,,,,,,,675148,98,2026-09-18,46.89,29528500.0
NYSE:VEEV,VEEV,Veeva Systems Inc.,Healthcare,Health Information Services,United States,NYSE,42269368751.0,260.21,53.66,57.82,8,79.8,3035,False,-15.03,71.84,30.64,20.11,13.51,18.6,24.26,199.1811,216.6379,229.2478,219.3971,209.4096,527072308,1255,2026-09-18,56.79,162443291.0
NASDAQ:GLXY,GLXY,Galaxy Digital Inc.,Financial Services,Capital Markets,United States,NASDAQ,4727933110.0,24.69,53.67,52.1,8,79.9,3036,False,-42.39,46.62,-1.3,-7.87,,,,25.0158,26.7994,,,,130414687,337,2026-09-18,44.23,191491823.0
NYSE:ARIS,ARIS,Aris Mining Corporation,Basic Materials,Gold,Canada,NYSE,4004755444.0,19.4,53.72,54.65,8,79.9,3037,False,-14.46,113.42,9.35,19.31,81.22,136.23,186.43,17.7417,16.2605,10.7054,8.2123,6.773,28109789,1255,2026-09-18,50.69,206430693.0
AMEX:UAVS,UAVS,"AgEagle Aerial Systems, Inc.",Technology,Computer Hardware,United States,AMEX,59769062.0,1.02,53.73,53.68,8,79.9,3038,False,-64.71,52.24,-0.59,-14.47,-48.42,-95.85,-99.1,1.0261,1.1926,1.9776,24.5684,113.7239,1571718,1255,2026-09-18,50.79,58597120.0
NASDAQ:FATE,FATE,"Fate Therapeutics, Inc.",Healthcare,Biotechnology,United States,NASDAQ,294894741.0,2.53,53.74,51.98,8,80.0,3039,False,-18.65,163.54,41.64,51.38,53.88,2.53,-40.4,1.7862,1.6713,1.6442,2.4675,4.2451,3578985,1255,2026-09-18,53.2,116559186.0
NASDAQ:NKTX,NKTX,"Nkarta, Inc.",Healthcare,Biotechnology,United States,NASDAQ,202473363.0,2.83,53.74,53.47,8,80.0,3040,True,-22.89,63.58,13.81,17.81,18.13,-23.01,-33.09,2.4866,2.4022,2.3956,3.6759,4.2293,1701703,1255,2026-09-18,52.95,71545358.0
NASDAQ:DSWL,DSWL,"Deswell Industries, Inc.",Technology,Electronic Components,Macau,NASDAQ,50515060.0,3.18,53.76,51.0,8,80.0,3041,False,-13.39,16.07,0.29,-0.56,16.11,28.94,33.39,3.1708,3.1978,2.7389,2.4663,2.384,31792,1255,2026-09-18,55.97,15885239.0
NASDAQ:TSLA,TSLA,"Tesla, Inc.",Consumer Cyclical,Auto Manufacturers,United States,NASDAQ,1438701629212.0,364.27,53.77,52.03,9,80.0,3042,False,-25.64,22.11,-8.32,-10.01,0.72,17.11,27.73,397.3256,404.8001,361.6621,311.039,285.1801,14603675241,1255,2026-09-18,54.81,3949547394.0
NASDAQ:GASS,GASS,"StealthGas, Inc.",Industrials,Marine Shipping,Greece,NASDAQ,351776590.0,9.46,53.78,53.67,9,80.1,3043,False,-8.95,51.12,8.11,13.73,31.44,36.45,56.96,8.7505,8.3179,7.1971,6.9329,6.027,1373988,1255,2026-09-18,60.29,37185686.0
NASDAQ:VSTM,VSTM,"Verastem, Inc.",Healthcare,Biotechnology,United States,NASDAQ,653779874.0,7.44,53.79,56.51,9,80.1,3044,False,-30.08,115.65,21.2,10.79,19.98,11.23,9.36,6.1389,6.7153,6.2011,6.6885,6.803,16928591,1255,2026-09-18,56.13,87873639.0
NASDAQ:WDAY,WDAY,"Workday, Inc.",Technology,Software - Application,United States,NASDAQ,38967870000.0,193.87,53.8,55.49,9,80.1,3045,False,-21.73,72.33,22.13,11.35,-7.8,-13.12,-9.61,158.7448,174.1097,210.2775,223.158,214.4847,736664714,1255,2026-09-18,57.97,201000000.0
NASDAQ:STIM,STIM,"Neuronetics, Inc.",Healthcare,Medical Devices,United States,NASDAQ,201804736.0,2.9,53.83,56.28,9,80.1,3046,False,-12.12,145.76,64.51,51.84,19.47,21.14,8.14,1.7628,1.9099,2.4275,2.3939,2.6818,3812107,1255,2026-09-18,56.85,69587840.0
NASDAQ:PLMR,PLMR,"Palomar Holdings, Inc.",Financial Services,Insurance - Property & Casualty,United States,NASDAQ,3604526456.0,136.0,53.87,53.78,9,80.2,3047,False,-6.07,34.56,8.56,9.81,9.8,27.46,43.45,125.2717,123.8529,123.8651,106.7038,94.8074,27840719,1255,2026-09-18,56.68,26503871.0
NYSE:ESTC,ESTC,Elastic N.V.,Technology,Software - Application,Netherlands,NYSE,9039634006.0,86.96,53.88,56.01,9,80.2,3048,False,-12.96,100.83,35.21,26.87,9.28,-0.04,7.72,64.3137,68.5443,79.5779,86.9926,80.727,272343964,1255,2026-09-18,56.98,103951633.0
NASDAQ:LEGH,LEGH,Legacy Housing Corporation,Consumer Cyclical,Residential Construction,United States,NASDAQ,668500804.0,28.11,53.92,54.3,9,80.2,3049,False,-4.16,49.6,21.01,21.27,16.49,18.3,22.91,23.2289,23.1796,24.1305,23.7616,22.8709,1958789,1255,2026-09-18,48.51,23781601.0
NASDAQ:OMER,OMER,Omeros Corporation,Healthcare,Biotechnology,United States,NASDAQ,1293347594.0,17.87,53.92,57.73,9,80.2,3050,False,-7.84,335.85,42.41,57.64,105.02,157.38,186.89,12.5482,11.3362,8.7163,6.9429,6.2289,29094400,1255,2026-09-18,59.07,72375355.0
NYSE:CLS,CLS,"Celestica, Inc.",Technology,Electronic Components,Canada,NYSE,38246491266.0,332.63,53.94,51.74,9,80.3,3051,False,-29.59,42.35,1.19,3.78,52.49,109.29,171.46,328.7321,320.5213,218.1372,158.9305,122.5323,657768128,1255,2026-09-18,53.14,114982086.0
AMEX:MTA,MTA,Metalla Royalty & Streaming Ltd.,Basic Materials,Other Precious Metals & Mining,Canada,AMEX,951247317.0,10.18,53.95,55.83,9,80.3,3052,False,-10.31,83.09,28.5,32.64,83.69,117.5,117.9,7.9225,7.6747,5.542,4.6805,4.6719,3809160,1255,2026-09-18,52.44,93442762.0
NASDAQ:EVGO,EVGO,EVgo Inc.,Consumer Cyclical,Specialty Retail,United States,NASDAQ,214410235.0,1.52,53.98,50.3,9,80.3,3053,False,-69.66,21.6,-31.31,-41.06,-55.15,-52.58,-60.2,2.2129,2.579,3.389,3.2054,3.8187,6130436,1255,2026-09-18,50.9,141059365.0
NYSE:AEM,AEM,Agnico Eagle Mines Limited,Basic Materials,Gold,Canada,NYSE,101014726719.0,199.49,54.0,55.69,9,80.4,3054,False,-20.53,46.64,6.57,9.34,39.61,74.38,104.7,187.1843,182.4572,142.8939,114.3981,97.4557,548869801,1255,2026-09-18,55.81,506364864.0
NYSE:SNOW,SNOW,Snowflake Inc.,Technology,Software - Application,United States,NYSE,115220238000.0,332.43,54.0,56.04,9,80.4,3055,False,-6.74,174.49,49.27,45.84,66.22,78.15,85.38,222.7093,227.9352,199.9997,186.5971,179.327,1840998882,1255,2026-09-18,57.13,346600000.0
NASDAQ:IOSP,IOSP,Innospec Inc.,Basic Materials,Specialty Chemicals,United States,NASDAQ,2294382028.0,93.15,54.01,56.71,9,80.4,3056,False,-2.62,43.04,15.16,17.3,6.22,-2.67,-2.95,80.8881,79.4094,87.6944,95.7073,95.9801,17487648,1255,2026-09-18,54.19,24631047.0
NYSE:KMI,KMI,"Kinder Morgan, Inc.",Energy,Oil & Gas Midstream,United States,NYSE,70901378514.0,31.84,54.01,52.02,9,80.4,3057,False,-6.33,28.07,3.27,6.57,15.4,33.22,47.46,30.8315,29.8772,27.5919,23.8999,21.5926,410382558,1255,2026-09-18,48.48,2226802089.0
NASDAQ:LITE,LITE,Lumentum Holdings Inc.,Technology,Communication Equipment,United States,NASDAQ,72424798000.0,930.91,54.02,53.34,9,80.5,3058,True,-11.6,522.22,30.43,53.06,168.94,277.35,367.8,713.7278,608.1839,346.1352,246.699,198.9993,3962769387,1255,2026-09-18,50.93,77800000.0
NYSE:UNFI,UNFI,"United Natural Foods, Inc.",Consumer Defensive,Food Distribution,United States,NYSE,2833506135.0,46.82,54.02,50.7,9,80.5,3059,False,-15.67,62.18,6.84,10.08,37.18,71.02,64.43,43.8223,42.5313,34.13,27.3766,28.4745,30733134,1255,2026-09-18,51.41,60519140.0
NASDAQ:WEYS,WEYS,"Weyco Group, Inc.",Consumer Cyclical,Footwear & Accessories,United States,NASDAQ,426089429.0,44.7,54.02,56.26,9,80.5,3060,False,-4.06,74.78,26.46,32.37,42.08,52.8,65.74,35.3466,33.7679,31.4621,29.2544,26.9694,1180209,1255,2026-09-18,52.66,9532202.0
NASDAQ:RANI,RANI,"Rani Therapeutics Holdings, Inc.",Healthcare,Biotechnology,United States,NASDAQ,96879449.0,0.862,54.03,53.04,9,80.5,3061,False,-69.75,88.21,-17.37,-22.06,-28.31,-55.96,-70.41,1.0432,1.1059,1.2023,1.9575,2.9135,457830,1255,2026-09-18,52.76,112389152.0
NASDAQ:PKOH,PKOH,Park-Ohio Holdings Corp.,Industrials,Specialty Industrial Machinery,United States,NASDAQ,663179664.0,46.06,54.05,55.67,9,80.6,3062,False,-12.28,148.88,48.0,59.76,79.03,83.15,107.03,31.1221,28.8311,25.7272,25.1482,22.2483,3358476,1255,2026-09-18,54.64,14398169.0
AMEX:BRBS,BRBS,"Blue Ridge Bankshares, Inc.",Financial Services,Banks - Regional,United States,AMEX,354138083.0,3.95,54.07,57.29,9,80.6,3063,False,-3.89,21.91,10.02,10.29,24.76,35.41,-9.05,3.5902,3.5815,3.166,2.9171,4.3432,5560257,1255,2026-09-18,54.07,89655211.0
NASDAQ:PNRG,PNRG,PrimeEnergy Resources Corporation,Energy,Oil & Gas E&P,United States,NASDAQ,341737780.0,211.21,54.08,55.09,9,80.6,3064,False,-22.52,63.83,6.53,11.54,14.59,33.08,49.8,198.2634,189.3634,184.3108,158.7132,140.9988,20707750,1255,2026-09-18,55.64,1618000.0
NASDAQ:CD,CD,Chaince Digital Holdings Inc. - American,Financial Services,Capital Markets,United States,NASDAQ,278053300.0,3.5,54.09,51.03,9,80.7,3065,True,-90.22,32.08,-29.51,-49.25,-40.51,-21.94,-5.59,4.9655,6.8964,5.8835,4.4835,3.7074,786198,1255,2026-09-18,43.22,79443800.0
NASDAQ:KAZR,KAZR,Skyline Builders Group Holding Limited,Industrials,Engineering & Construction,United States,NASDAQ,50802725.0,2.23,54.09,51.01,9,80.7,3066,False,-53.64,30.41,-23.22,-24.34,,,,2.9043,2.9475,,,,552149,397,2026-09-18,41.42,22781491.0
AMEX:OSTX,OSTX,OS Therapies Incorporated,Healthcare,Biotechnology,United States,AMEX,80602439.0,1.77,54.09,53.57,9,80.7,3067,False,-20.98,52.59,11.51,7.06,-10.13,,,1.5874,1.6533,1.9696,,,1277873,535,2026-09-18,58.61,45538101.0
NASDAQ:ALLT,ALLT,Allot Ltd.,Technology,Software - Infrastructure,Israel,NASDAQ,391384792.0,8.0,54.1,52.76,9,80.7,3068,False,-30.43,28.0,-2.43,-6.02,7.35,40.7,58.27,8.1996,8.5126,7.4519,5.686,5.0548,2336994,1255,2026-09-18,55.93,48923099.0
NASDAQ:DOMH,DOMH,Dominari Holdings Inc.,Financial Services,Capital Markets,United States,NASDAQ,55403763.0,2.45,54.1,49.99,9,80.7,3069,False,-60.59,26.29,-19.5,-27.96,-26.43,-11.68,-13.26,3.0434,3.4009,3.3304,2.7741,2.8244,423002,1255,2026-09-18,53.72,22613781.0
NASDAQ:MDAI,MDAI,"Spectral AI, Inc.",Healthcare,Medical Devices,United States,NASDAQ,52191335.0,1.64,54.11,50.84,9,80.8,3070,False,-38.81,36.67,-3.44,-7.44,-7.57,-14.56,-59.12,1.6984,1.7719,1.7743,1.9195,4.0113,179621,1255,2026-09-18,48.4,31823985.0
NASDAQ:NBBK,NBBK,"NB Bancorp, Inc.",Financial Services,Banks - Regional,United States,NASDAQ,998185202.0,22.78,54.12,55.04,9,80.8,3071,True,-2.02,36.88,8.04,11.4,18.61,,,21.085,20.4497,19.2053,,,6248769,683,2026-09-18,51.58,43818490.0
NASDAQ:SCZM,SCZM,Santacruz Silver Mining Ltd.,Basic Materials,Other Industrial Metals & Mining,Canada,NASDAQ,883818861.0,9.53,54.13,54.92,9,80.8,3072,False,-41.03,93.68,6.01,12.84,82.49,153.82,208.35,8.9894,8.4459,5.2223,3.7546,3.0907,4665938,1255,2026-09-18,48.29,92740699.0
NASDAQ:DLTH,DLTH,Duluth Holdings Inc.,Consumer Cyclical,Apparel Retail,United States,NASDAQ,148250088.0,4.28,54.14,53.79,9,80.8,3073,False,-10.27,106.76,30.36,30.69,42.22,21.19,-0.98,3.2833,3.2749,3.0094,3.5316,4.3226,1151833,1255,2026-09-18,51.18,34637871.0
NASDAQ:INMB,INMB,INmune Bio Inc.,Healthcare,Biotechnology,United States,NASDAQ,64666328.0,2.33,54.16,55.28,9,80.9,3074,False,-7.17,108.04,42.58,39.75,-37.24,-58.47,-62.26,1.6342,1.6673,3.7125,5.6103,6.1743,862159,1255,2026-09-18,48.4,27753789.0
NASDAQ:TSAT,TSAT,Telesat Corporation - Class A Common Shares and Class B Variable Voting Shares,Technology,Communication Equipment,Canada,NASDAQ,737628666.0,48.83,54.21,53.15,9,80.9,3075,False,-20.47,107.08,20.55,28.61,74.31,122.71,160.21,40.5075,37.966,28.0135,21.9258,18.7656,6593713,1255,2026-09-18,61.69,15106055.0
NASDAQ:TRGS,TRGS,TRG Latin America Acquisitions Corp.,Financial Services,Shell Companies,United States,NASDAQ,207944290.0,9.97,54.24,56.03,9,80.9,3076,False,-0.6,1.42,,,,,,,,,,,124054,106,2026-09-18,54.24,20857000.0
NASDAQ:TUSK,TUSK,"Mammoth Energy Services, Inc.",Industrials,Conglomerates,United States,NASDAQ,153182657.0,3.18,54.26,53.37,9,81.0,3077,False,-17.19,83.82,20.24,25.34,16.73,2.4,-11.77,2.6447,2.5371,2.7242,3.1056,3.604,316433,1255,2026-09-18,56.67,48170647.0
NASDAQ:OWLS,OWLS,OBOOK Holdings Inc.,Technology,Software - Infrastructure,Taiwan,NASDAQ,208039760.0,5.5,54.29,51.88,9,81.0,3078,False,-90.1,9.78,-6.98,,,,,5.9126,,,,,174797,232,2026-09-18,52.44,37825411.0
NASDAQ:AXTI,AXTI,AXT Inc,Technology,Semiconductor Equipment & Materials,United States,NASDAQ,4581585576.0,70.03,54.32,51.99,9,81.0,3079,False,-50.27,1668.43,22.65,49.78,186.85,305.46,400.08,57.0985,46.7564,24.4134,17.2716,14.0037,546405056,1255,2026-09-18,52.48,65423184.0
NYSE:CRCL,CRCL,"Circle Internet Group, Inc.",Financial Services,Capital Markets,United States,NYSE,21096348792.0,91.78,54.32,54.39,9,81.0,3080,False,-39.01,82.72,6.87,-0.5,,,,85.8806,92.2409,,,,1545505751,324,2026-09-18,49.3,229857799.0
NASDAQ:HPK,HPK,"HighPeak Energy, Inc.",Energy,Oil & Gas E&P,United States,NASDAQ,1052563006.0,8.33,54.34,54.47,9,81.1,3081,False,-3.59,114.14,30.23,29.57,-7.41,-23.95,-36.35,6.3965,6.4292,8.9964,10.9531,13.0879,3850746,1255,2026-09-18,54.51,126358104.0
NASDAQ:PYPD,PYPD,PolyPid Ltd.,Healthcare,Biotechnology,Israel,NASDAQ,99896946.0,5.21,54.34,54.22,9,81.1,3082,True,-6.63,65.4,13.9,19.47,38.21,28.33,-32.53,4.574,4.3608,3.7696,4.0597,7.7219,574313,1255,2026-09-18,48.36,19174078.0
NASDAQ:NVDA,NVDA,NVIDIA Corporation,Technology,Semiconductors,United States,NASDAQ,5383601670000.0,222.27,54.36,53.79,9,81.1,3083,False,-5.5,34.88,12.25,13.66,32.94,60.52,100.99,198.0214,195.5506,167.1911,138.4714,110.5886,29541271804,1255,2026-09-18,51.87,24221000000.0
NASDAQ:CIFR,CIFR,Cipher Digital Inc.,Technology,Information Technology Services,United States,NASDAQ,7501962273.0,18.34,54.37,51.27,9,81.1,3084,False,-37.15,59.9,-0.19,1.19,59.11,105.82,155.28,18.3757,18.124,11.5264,8.9108,7.1842,578599275,1255,2026-09-18,49.67,409049197.0
NYSE:ETD,ETD,Ethan Allen Interiors Inc.,Consumer Cyclical,"Furnishings, Fixtures & Appliances",United States,NYSE,544806118.0,21.41,54.39,56.4,9,81.2,3085,False,-11.39,34.08,11.64,9.2,1.68,0.39,3.21,19.1784,19.6056,21.0553,21.3269,20.7449,14702825,1255,2026-09-18,55.32,25446339.0
NASDAQ:TARS,TARS,"Tarsus Pharmaceuticals, Inc.",Healthcare,Biotechnology,United States,NASDAQ,3407148851.0,78.09,54.4,56.44,9,81.2,3086,False,-13.98,44.54,13.51,13.48,35.66,65.78,98.32,68.7942,68.8143,57.5635,47.1037,39.3767,62490391,1255,2026-09-18,56.4,43631052.0
NYSE:MATV,MATV,"Mativ Holdings, Inc.",Basic Materials,Specialty Chemicals,United States,NYSE,660857962.0,11.99,54.42,58.44,9,81.2,3087,False,-17.89,67.44,17.65,15.53,23.06,6.42,-6.7,10.1914,10.3783,9.7432,11.2669,12.8512,6734466,1255,2026-09-18,57.77,55117428.0
NASDAQ:QCOM,QCOM,QUALCOMM Incorporated,Technology,Semiconductors,United States,NASDAQ,186606000000.0,177.72,54.42,53.06,9,81.2,3088,False,-28.55,44.55,6.42,6.57,11.18,13.49,22.7,166.9919,166.7653,159.8501,156.5966,144.8432,2435399852,1255,2026-09-18,68.65,1050000000.0
NASDAQ:BCAL,BCAL,California BanCorp,Financial Services,Banks - Regional,United States,NASDAQ,700000551.0,21.8,54.44,55.29,9,81.3,3089,False,-1.31,38.54,12.43,14.79,27.36,34.04,36.11,19.3901,18.9907,17.1171,16.2636,16.0168,4467530,1255,2026-09-18,56.57,32110117.0
NYSE:ELV,ELV,"Elevance Health, Inc.",Healthcare,Healthcare Plans,United States,NYSE,89122434726.0,410.95,54.44,54.43,9,81.3,3090,False,-3.29,48.53,14.16,16.44,12.22,1.71,-1.03,359.9671,352.9392,366.2009,404.0251,415.2142,457942712,1255,2026-09-18,56.85,216869290.0
NASDAQ:RXT,RXT,"Rackspace Technology, Inc.",Technology,Software - Infrastructure,United States,NASDAQ,964852680.0,3.8,54.45,50.28,9,81.3,3091,False,-49.54,829.1,33.57,49.49,70.18,78.66,64.78,2.8449,2.542,2.233,2.1269,2.3061,25644745,1255,2026-09-18,57.22,253908600.0
NYSE:EGP,EGP,"EastGroup Properties, Inc.",Real Estate,REIT - Industrial,United States,NYSE,10882106161.0,202.37,54.48,50.94,9,81.3,3092,False,-9.41,26.81,4.39,7.08,15.08,18.35,22.72,193.8678,188.995,175.8512,170.989,164.9048,88425999,1255,2026-09-18,52.58,53773317.0
AMEX:GROY,GROY,Gold Royalty Corp.,Basic Materials,Gold,Canada,AMEX,770902731.0,3.34,54.49,55.45,9,81.4,3093,False,-35.89,32.54,-7.09,-7.65,23.23,44.09,46.71,3.5948,3.6167,2.7104,2.3181,2.2766,6812164,1255,2026-09-18,57.7,230809201.0
NYSE:KEYS,KEYS,Keysight Technologies Inc.,Technology,Scientific & Technical Instruments,United States,NYSE,57249948280.0,335.0,54.5,52.67,9,81.4,3094,False,-10.27,110.04,13.58,23.94,55.52,75.01,81.93,294.9583,270.2946,215.4069,191.4122,184.1326,371473398,1255,2026-09-18,52.75,170895368.0
NASDAQ:ALT,ALT,"Altimmune, Inc.",Healthcare,Biotechnology,United States,NASDAQ,632041000.0,3.25,54.51,54.56,9,81.4,3095,False,-47.41,25.48,-9.05,-11.9,-32.46,-40.94,-47.35,3.5733,3.6891,4.8118,5.5029,6.1727,12510138,1255,2026-09-18,53.93,194474154.0
NASDAQ:OBT,OBT,"Orange County Bancorp, Inc.",Financial Services,Banks - Regional,United States,NASDAQ,516070225.0,38.49,54.51,54.42,9,81.4,3096,True,-1.32,67.89,13.85,20.53,33.99,43.04,52.71,33.8091,31.9351,28.7269,26.9086,25.2053,1999453,1255,2026-09-18,50.9,13407904.0
NYSE:VATE,VATE,INNOVATE Corp.,Industrials,Engineering & Construction,United States,NYSE,111317627.0,8.16,54.54,49.13,9,81.5,3097,False,-59.32,105.03,-5.82,3.17,15.0,6.94,-22.27,8.6641,7.9095,7.0954,7.6302,10.4982,871531,1255,2026-09-18,51.45,13641866.0
NASDAQ:SERA,SERA,"Sera Prognostics, Inc.",Healthcare,Medical Devices,United States,NASDAQ,79628164.0,2.085,54.55,52.73,9,81.5,3098,False,-44.4,31.13,-10.21,-16.52,-41.53,-54.03,-48.06,2.322,2.4976,3.5662,4.5356,4.014,55142,1255,2026-09-18,53.26,38190966.0
NASDAQ:PWRL,PWRL,Powerlaw Corp.,Financial Services,Asset Management,United States,NASDAQ,491601466.0,11.39,54.58,44.82,9,81.5,3099,False,-60.52,14.93,,,,,,,,,,,1733697,80,2026-09-18,50.32,43160796.0
NASDAQ:VSAT,VSAT,"ViaSat, Inc.",Technology,Communication Equipment,United States,NASDAQ,10521764326.0,76.38,54.58,52.67,9,81.5,3100,False,-14.95,168.85,29.42,41.65,128.94,167.81,154.01,59.0157,53.9201,33.3627,28.5205,30.0698,121671993,1255,2026-09-18,49.08,137755490.0
NYSE:SRFM,SRFM,Surf Air Mobility Inc.,Industrials,Airlines,United States,NYSE,77474227.0,0.698,54.59,49.57,9,81.6,3101,False,-87.19,48.83,-50.58,-63.54,-73.66,-81.09,,1.4122,1.9143,2.6501,3.6916,,2812207,790,2026-09-18,48.31,110994594.0
NASDAQ:SSRM,SSRM,SSR Mining Inc.,Basic Materials,Gold,United States,NASDAQ,7538150609.0,36.33,54.59,55.72,9,81.6,3102,False,-7.35,86.67,26.36,32.28,92.61,139.73,141.95,28.752,27.464,18.8616,15.1544,15.0154,92173523,1255,2026-09-18,53.93,207491071.0
NYSE:STVN,STVN,Stevanato Group S.p.A.,Healthcare,Medical Instruments & Supplies,Italy,NYSE,1078700881.0,21.7,54.59,55.31,9,81.6,3103,False,-21.12,62.16,19.0,11.12,5.02,-2.97,-4.21,18.2346,19.5281,20.6619,22.3643,22.653,8316617,1255,2026-09-18,65.91,49709718.0
NASDAQ:BSBK,BSBK,Bogota Financial Corp.,Financial Services,Banks - Regional,United States,NASDAQ,118774656.0,9.24,54.6,53.95,9,81.7,3104,False,-2.01,13.37,6.51,6.27,11.27,16.11,9.43,8.6749,8.695,8.3039,7.9577,8.4435,56974,1255,2026-09-18,49.53,12854400.0
NASDAQ:CZNC,CZNC,Citizens & Northern Corp,Financial Services,Banks - Regional,United States,NASDAQ,463085730.0,25.81,54.6,57.87,9,81.7,3105,False,-1.22,42.81,15.26,19.34,29.82,37.72,39.4,22.3936,21.6282,19.881,18.7404,18.5147,1663928,1255,2026-09-18,57.75,17942105.0
NYSE:MANE,MANE,"Veradermics, Incorporated",Healthcare,Biotechnology,United States,NYSE,4459874837.0,106.75,54.6,52.18,9,81.7,3106,False,-17.72,188.28,,,,,,,,,,,66859812,157,2026-09-18,57.58,41778687.0
NASDAQ:BLLN,BLLN,"BillionToOne, Inc.",Healthcare,Diagnostics & Research,United States,NASDAQ,4389624977.0,105.92,54.61,51.64,9,81.7,3107,False,-29.37,65.42,11.82,,,,,94.7263,,,,,62352614,217,2026-09-18,61.63,41442834.0
NASDAQ:AFRI,AFRI,Forafric Global PLC,Consumer Defensive,Farm Products,Gibraltar,NASDAQ,300646537.0,11.15,54.65,54.88,9,81.8,3108,False,-1.33,30.56,8.8,11.3,16.78,11.77,8.64,10.2484,10.0175,9.5477,9.976,10.263,308695,1255,2026-09-18,58.39,26963815.0
NASDAQ:ELE,ELE,Elemental Royalty Corporation,Basic Materials,Other Precious Metals & Mining,Canada,NASDAQ,1371358539.0,21.3,54.68,55.9,9,81.8,3109,False,-11.85,69.8,14.99,18.77,50.22,74.96,86.06,18.5239,17.9344,14.1794,12.1745,11.448,8739949,1255,2026-09-18,56.68,64383030.0
AMEX:TII,TII,Titan Mining Corporation,Basic Materials,Other Industrial Metals & Mining,Canada,AMEX,287984145.0,2.93,54.71,55.63,9,81.8,3110,False,-43.0,102.21,2.81,6.33,75.05,137.83,175.42,2.8499,2.7556,1.6738,1.232,1.0638,1048435,1255,2026-09-18,54.71,98288104.0
NYSE:UVE,UVE,UNIVERSAL INSURANCE HOLDINGS INC,Financial Services,Insurance - Property & Casualty,United States,NYSE,1228988477.0,44.16,54.72,55.28,9,81.8,3111,False,-2.04,78.92,20.27,25.21,54.34,79.35,105.3,36.7163,35.2676,28.6119,24.6217,21.5098,7166967,1255,2026-09-18,56.93,27830355.0
NYSE:ETSS,ETSS,Energy Transition Special Opportunities,Financial Services,Shell Companies,United States,NYSE,148950000.0,9.93,54.73,57.07,9,81.9,3112,False,-0.2,0.81,,,,,,,,,,,1117889,74,2026-09-18,70.16,15000000.0
NYSE:NTR,NTR,Nutrien Ltd.,Basic Materials,Agricultural Inputs,Canada,NYSE,37005015315.0,77.09,54.77,56.75,9,81.9,3113,False,-6.66,46.07,11.56,15.86,30.87,38.14,33.03,69.1026,66.535,58.9065,55.8061,57.9481,197951086,1255,2026-09-18,61.27,480023548.0
NASDAQ:VHCP,VHCP,Vine Hill Capital Investment Corp. II,Financial Services,Shell Companies,United States,NASDAQ,231610000.0,10.07,54.77,58.26,9,81.9,3114,False,-0.3,1.82,,,,,,,,,,,172045,154,2026-09-18,54.77,23000000.0
NASDAQ:SGHT,SGHT,"Sight Sciences, Inc.",Healthcare,Medical Devices,United States,NASDAQ,436367735.0,8.02,54.78,59.74,9,82.0,3115,False,-11.38,150.63,36.6,40.45,69.44,66.77,35.9,5.8712,5.7103,4.7332,4.8089,5.9016,1396752,1255,2026-09-18,56.93,54409942.0
NASDAQ:WAY,WAY,Waystar Holding Corp.,Healthcare,Health Information Services,United States,NASDAQ,4920264355.0,25.66,54.78,55.06,9,82.0,3116,False,-35.23,48.24,3.57,-6.03,-18.9,,,24.7756,27.3072,31.6394,,,62589067,572,2026-09-18,60.62,191748416.0
NYSE:DOCS,DOCS,"Doximity, Inc.",Healthcare,Health Information Services,United States,NYSE,3364454521.0,26.11,54.79,55.06,9,82.0,3117,False,-65.24,44.98,-6.01,-25.75,-43.29,-34.25,-30.7,27.779,35.1632,46.0443,39.711,37.6769,69464161,1255,2026-09-18,57.71,128856933.0
NYSE:WPM,WPM,Wheaton Precious Metals Corp Common Shares (Canada),Basic Materials,Gold,Canada,NYSE,68577429690.0,151.01,54.79,56.51,9,82.0,3118,False,-8.47,60.72,15.13,20.37,50.3,81.13,107.68,131.166,125.4531,100.4731,83.3719,72.7131,310541249,1255,2026-09-18,56.16,454125089.0
NASDAQ:HITI,HITI,High Tide Inc.,Healthcare,Pharmaceutical Retailers,Canada,NASDAQ,226705054.0,2.58,54.8,55.81,9,82.1,3119,False,-35.18,25.85,6.29,-0.35,-0.38,9.39,21.93,2.4274,2.5889,2.5899,2.3585,2.116,2093803,1255,2026-09-18,60.07,87870176.0
NYSE:MSGS,MSGS,Madison Square Garden Sports Corp. Class A Common Stock (New),Communication Services,Entertainment,United States,NYSE,7794202762.0,398.75,54.8,53.63,9,82.1,3120,False,-3.71,87.29,18.51,27.53,53.6,69.84,80.85,336.4774,312.6833,259.6015,234.7828,220.4827,106857796,1255,2026-09-18,50.68,19546590.0
NASDAQ:MFI,MFI,mF International Limited,Technology,Software - Application,Hong Kong,NASDAQ,456124294.0,9.3,54.81,53.76,9,82.1,3121,False,-77.32,52.46,-20.83,-39.3,-36.21,,,11.7472,15.3225,14.578,,,328681,605,2026-09-18,56.59,49045623.0
NASDAQ:OVLY,OVLY,Oak Valley Bancorp (CA),Financial Services,Banks - Regional,United States,NASDAQ,291021512.0,34.59,54.81,54.4,9,82.1,3122,True,-0.83,39.29,6.61,10.39,20.56,27.59,34.11,32.4455,31.3351,28.6906,27.1099,25.7928,832021,1255,2026-09-18,50.78,8413458.0
NYSE:SBSW,SBSW,D/B/A Sibanye-Stillwater Limited ADS,Basic Materials,Other Precious Metals & Mining,South Africa,NYSE,8251103575.0,11.66,54.83,56.09,9,82.2,3123,False,-40.74,52.05,-3.07,-0.26,39.85,65.13,60.8,12.0292,11.6903,8.3377,7.0613,7.2512,65335398,1255,2026-09-18,53.6,707641816.0
NYSE:TTE,TTE,TotalEnergies SE,Energy,Oil & Gas Integrated,France,NYSE,201646600753.0,90.82,54.84,55.46,9,82.2,3124,False,-2.97,62.4,11.71,18.02,35.64,40.36,48.87,81.2983,76.9532,66.9562,64.7066,61.0076,138212601,1255,2026-09-18,57.84,2220288491.0
NYSE:CVE,CVE,Cenovus Energy Inc,Energy,Oil & Gas Integrated,Canada,NYSE,60159271900.0,32.62,54.86,56.69,9,82.2,3125,False,-3.83,109.24,30.25,39.38,72.88,77.09,81.53,25.0446,23.4045,18.8689,18.4202,17.9691,213618135,1255,2026-09-18,57.19,1844245000.0
NASDAQ:FSBW,FSBW,"FS Bancorp, Inc.",Financial Services,Banks - Regional,United States,NASDAQ,325275958.0,43.87,54.86,54.29,9,82.2,3126,False,-2.44,20.65,6.49,7.92,9.87,17.73,25.56,41.1971,40.6522,39.9308,37.2642,34.9393,1145438,1255,2026-09-18,60.3,7414542.0
NASDAQ:WLTH,WLTH,Wealthfront Corporation,Technology,Software - Application,United States,NASDAQ,1508548282.0,10.1,54.86,54.38,9,82.2,3127,False,-27.6,40.28,,,,,,,,,,,33615035,191,2026-09-18,54.86,149361216.0
NASDAQ:PBAM,PBAM,"Private Bancorp of America, Inc.",Financial Services,Banks - Regional,United States,NASDAQ,510045000.0,89.08,54.87,62.03,9,82.3,3128,False,-2.32,61.99,24.27,29.51,44.84,68.37,88.37,71.6799,68.7821,61.5043,52.9083,47.29,12404010,1255,2026-09-18,68.03,5725696.0
NASDAQ:AMPL,AMPL,"Amplitude, Inc.",Technology,Software - Application,United States,NASDAQ,1371045535.0,13.2,54.88,57.68,9,82.3,3129,False,-7.69,135.29,46.58,42.13,30.14,28.93,21.69,9.005,9.2875,10.1432,10.2381,10.8474,21826680,1249,2026-09-18,62.36,103867086.0
NASDAQ:GGR,GGR,Gogoro Inc.,Consumer Cyclical,Auto Manufacturers,Taiwan,NASDAQ,56607493.0,2.82,54.9,50.4,9,82.3,3130,False,-61.79,28.18,-18.33,-23.74,-52.19,-83.07,-90.7,3.4528,3.6981,5.8988,16.6522,30.331,273242,1255,2026-09-18,52.01,20073579.0
NYSE:EGO,EGO,Eldorado Gold Corporation,Basic Materials,Gold,Canada,NYSE,11272222549.0,43.22,54.93,56.17,9,82.4,3131,False,-12.57,74.33,18.54,24.7,63.54,95.62,129.9,36.4597,34.6605,26.4274,22.094,18.7994,144617943,1255,2026-09-18,52.61,260810332.0
NASDAQ:EPSN,EPSN,Epsilon Energy Ltd.,Energy,Oil & Gas E&P,United States,NASDAQ,183911591.0,6.08,54.95,55.2,9,82.4,3132,False,-4.29,47.77,12.7,15.93,8.39,14.66,16.26,5.395,5.2445,5.6094,5.3028,5.2296,1103563,1255,2026-09-18,49.79,30248617.0
NASDAQ:RCMT,RCMT,"RCM Technologies, Inc.",Industrials,Conglomerates,United States,NASDAQ,279181115.0,39.39,54.96,59.28,9,82.4,3133,False,-6.21,124.44,52.63,56.36,68.74,70.82,85.9,25.8074,25.1921,23.3429,23.0595,21.1883,3502463,1255,2026-09-18,62.05,7087614.0
NASDAQ:WBTN,WBTN,WEBTOON Entertainment Inc.,Communication Services,Internet Content & Information,United States,NASDAQ,1414555276.0,10.46,54.97,53.35,9,82.5,3134,True,-50.92,26.79,-7.07,-16.02,-10.38,,,11.2555,12.4549,11.672,,,5113279,559,2026-09-18,53.56,135234730.0
NASDAQ:SOPH,SOPH,SOPHiA GENETICS SA,Healthcare,Health Information Services,Switzerland,NASDAQ,687102229.0,8.19,55.03,56.73,9,82.5,3135,False,-8.18,156.74,48.11,55.07,89.98,90.14,101.93,5.5295,5.2813,4.3109,4.3073,4.0558,5776961,1255,2026-09-18,61.2,83895266.0
NYSE:BAH,BAH,Booz Allen Hamilton Holding Corporation,Industrials,Consulting Services,United States,NYSE,9270362869.0,77.07,55.06,55.03,9,82.5,3136,False,-23.73,30.05,-0.63,-3.71,-23.39,-30.7,-28.13,77.5564,80.0375,100.5943,111.2066,107.2404,117781044,1255,2026-09-18,61.14,120284973.0
NYSE:CMRE,CMRE,Costamare Inc. Common Stock $0.0001 par value,Industrials,Marine Shipping,Monaco,NYSE,1866615030.0,15.46,55.06,53.1,9,82.5,3137,False,-12.37,44.38,-2.59,1.74,18.46,24.22,34.22,15.8703,15.1962,13.0512,12.4461,11.5185,5678530,1255,2026-09-18,53.55,120738359.0
NASDAQ:PLUS,PLUS,ePlus inc.,Technology,Software - Application,United States,NASDAQ,2382409211.0,91.1,55.06,54.61,9,82.5,3138,False,-5.84,32.48,7.68,9.74,16.32,18.21,29.47,84.604,83.0139,78.3163,77.0643,70.363,20997209,1255,2026-09-18,58.53,26151583.0
NASDAQ:GOOGL,GOOGL,Alphabet Inc.,Communication Services,Internet Content & Information,United States,NASDAQ,2050805634837.0,349.54,55.09,52.29,9,82.6,3139,False,-13.08,48.14,3.69,8.28,39.49,60.83,84.39,337.087,322.7983,250.5822,217.3417,189.5671,8688078337,1255,2026-09-18,53.46,5867155790.0
NYSE:UI,UI,Ubiquiti Inc.,Technology,Communication Equipment,United States,NYSE,35676558666.0,589.48,55.13,53.23,9,82.6,3140,False,-45.48,14.83,-10.07,-10.14,16.01,53.81,70.32,655.4817,655.9669,508.1073,383.2456,346.0973,114372859,1255,2026-09-18,57.26,60522085.0
NYSE:JNJ,JNJ,Johnson & Johnson,Healthcare,Drug Manufacturers - General,United States,NYSE,650648522204.0,269.99,55.14,55.82,9,82.6,3141,False,-3.03,58.52,14.15,19.35,42.56,54.84,60.59,236.5145,226.2084,189.3825,174.3615,168.1194,1758572151,1255,2026-09-18,55.53,2409898597.0
NYSE:ZETA,ZETA,Zeta Global Holdings Corp.,Technology,Software - Infrastructure,United States,NYSE,6820468265.0,30.23,55.18,57.74,9,82.7,3142,False,-7.5,107.77,46.19,48.7,53.68,72.37,97.21,20.6786,20.3298,19.6708,17.5376,15.3286,201648296,1255,2026-09-18,56.04,225619195.0
NASDAQ:CPIX,CPIX,Cumberland Pharmaceuticals Inc.,Healthcare,Drug Manufacturers - Specialty & Generic,United States,NASDAQ,109676343.0,7.32,55.22,55.19,9,82.7,3143,False,-18.39,396.83,75.43,94.23,130.99,185.98,215.92,4.1727,3.7687,3.169,2.5596,2.317,418378,1255,2026-09-18,53.49,14983107.0
NYSE:VTS,VTS,"Vitesse Energy, Inc.",Energy,Oil & Gas E&P,United States,NYSE,730384544.0,17.51,55.23,56.61,9,82.7,3144,False,-20.02,19.56,0.17,-2.73,-10.27,-8.39,,17.4809,18.0018,19.5146,19.1135,,9504123,926,2026-09-18,58.97,41712424.0
NASDAQ:CRSP,CRSP,CRISPR Therapeutics AG,Healthcare,Biotechnology,Switzerland,NASDAQ,5570262280.0,56.56,55.24,54.04,9,82.8,3145,False,-26.33,27.56,6.08,2.66,11.84,6.23,6.06,53.3168,55.0919,50.5709,53.2442,53.3263,87818792,1255,2026-09-18,57.58,98484128.0
NASDAQ:SWBI,SWBI,"Smith & Wesson Brands, Inc.",Industrials,Aerospace & Defense,United States,NASDAQ,610077208.0,13.64,55.24,50.6,9,82.8,3146,False,-16.63,74.05,3.69,10.87,24.64,17.01,21.95,13.154,12.3029,10.9433,11.6574,11.1853,9456248,1255,2026-09-18,49.87,44727068.0
NYSE:KODK,KODK,Eastman Kodak Company Common New,Industrials,Specialty Business Services,United States,NYSE,935010666.0,9.55,55.26,53.65,9,82.8,3147,False,-34.18,64.94,4.4,10.24,28.82,48.18,61.46,9.1474,8.6626,7.4135,6.4449,5.9146,8585284,1255,2026-09-18,59.85,97906876.0
NYSE:ING,ING,"ING Group, N.V.",Financial Services,Banks - Diversified,Netherlands,NYSE,104015524194.0,36.4,55.29,58.01,9,82.8,3148,False,-2.33,60.68,22.87,27.84,56.49,82.12,107.82,29.624,28.4733,23.2605,19.9866,17.5149,59774148,1255,2026-09-18,61.65,2857569346.0
NASDAQ:RDNT,RDNT,"RadNet, Inc.",Healthcare,Diagnostics & Research,United States,NASDAQ,5976201936.0,76.0,55.34,56.64,9,82.8,3149,False,-10.04,46.52,15.53,11.28,15.67,28.83,50.74,65.7861,68.2932,65.7056,58.9908,50.4181,56777011,1255,2026-09-18,60.97,78634236.0
NYSE:HRTG,HRTG,"Heritage Insurance Holdings, Inc.",Financial Services,Insurance - Property & Casualty,United States,NYSE,1042014730.0,34.42,55.35,58.04,9,82.9,3150,False,-2.82,64.85,24.78,26.22,57.03,98.53,149.62,27.584,27.2706,21.9195,17.3376,13.789,9748234,1255,2026-09-18,64.37,30273525.0
NASDAQ:VIRC,VIRC,Virco Manufacturing Corporation,Consumer Cyclical,"Furnishings, Fixtures & Appliances",United States,NASDAQ,98152348.0,6.24,55.37,53.93,9,82.9,3151,False,-21.47,15.64,1.17,-1.88,-25.34,-32.11,-21.3,6.1681,6.3595,8.3579,9.1911,7.9287,152832,1255,2026-09-18,55.57,15729543.0
NYSE:ZVIA,ZVIA,Zevia PBC,Consumer Defensive,Beverages - Non-Alcoholic,United States,NYSE,101920842.0,1.42,55.38,51.16,9,82.9,3152,False,-47.99,25.66,-10.63,-19.89,-35.55,-26.76,-41.19,1.5889,1.7725,2.2034,1.9389,2.4144,610561,1255,2026-09-18,52.16,71775241.0
NYSE:TRV,TRV,"The Travelers Companies, Inc.",Financial Services,Insurance - Property & Casualty,United States,NYSE,78136374742.0,374.62,55.39,56.44,9,83.0,3153,False,-5.37,45.41,19.31,22.54,34.87,49.97,63.95,313.9762,305.7033,277.7572,249.8003,228.5018,556615999,1255,2026-09-18,62.21,208575022.0
NYSE:CVX,CVX,Chevron Corporation,Energy,Oil & Gas Integrated,United States,NYSE,417259640831.0,209.51,55.4,57.73,9,83.0,3154,False,-3.79,46.75,15.63,20.09,32.57,38.37,40.4,181.1904,174.4633,158.0406,151.4092,149.2214,2047472090,1255,2026-09-18,59.0,1991597732.0
NASDAQ:FRAF,FRAF,Franklin Financial Services Corporation,Financial Services,Banks - Regional,United States,NASDAQ,286610511.0,63.79,55.42,54.8,9,83.0,3155,True,-0.73,49.69,13.94,18.22,43.98,65.5,79.09,55.9876,53.9602,44.3038,38.544,35.6189,2264024,1255,2026-09-18,51.41,4493032.0
NASDAQ:SMCI,SMCI,"Super Micro Computer, Inc.",Technology,Computer Hardware,United States,NASDAQ,25286266625.0,39.09,55.42,55.38,9,83.0,3156,False,-33.38,90.4,23.69,13.21,4.7,-13.41,4.4,31.6036,34.5292,37.3336,45.1452,37.4428,1440709223,1255,2026-09-18,58.81,646873027.0
NASDAQ:MMED,MMED,"MiniMed Group, Inc.",Healthcare,Medical Instruments & Supplies,United States,NASDAQ,6119565593.0,21.79,55.43,58.44,9,83.1,3157,False,-8.6,101.76,,,,,,,,,,,53018999,136,2026-09-18,57.71,280842845.0
AMEX:GTE,GTE,Gran Tierra Energy Inc.,Energy,Oil & Gas E&P,Canada,AMEX,364206867.0,10.3,55.44,57.47,9,83.1,3158,True,-6.45,200.29,41.02,54.49,71.03,60.43,47.34,7.304,6.6669,6.0222,6.4201,6.9906,5959425,1255,2026-09-18,54.69,35359890.0
NYSE:BIO,BIO,"Bio-Rad Laboratories, Inc.",Healthcare,Medical Devices,United States,NYSE,8168307790.0,376.41,55.49,59.04,9,83.1,3159,False,-3.57,55.73,23.58,23.3,26.54,24.24,13.31,304.5939,305.2719,297.4546,302.9739,332.1816,101102061,1255,2026-09-18,61.76,21700560.0
AMEX:TMP,TMP,Tompkins Financial Corporation,Financial Services,Banks - Regional,United States,AMEX,1428797783.0,99.34,55.52,55.41,9,83.1,3160,False,-1.85,65.33,17.65,23.68,39.32,57.2,59.98,84.4359,80.3204,71.302,63.1935,62.0968,12507732,1255,2026-09-18,50.47,14382905.0
NASDAQ:SLNH,SLNH,"Soluna Holdings, Inc.",Financial Services,Capital Markets,United States,NASDAQ,198761666.0,1.26,55.53,52.35,9,83.2,3161,False,-71.49,106.56,-1.29,-18.28,-20.93,-45.15,-75.35,1.2765,1.5419,1.5935,2.297,5.1107,9830466,1255,2026-09-18,50.33,157747354.0
NASDAQ:ENGN,ENGN,enGene Therapeutics Inc.,Healthcare,Biotechnology,Canada,NASDAQ,127949880.0,1.91,55.55,50.71,9,83.2,3162,False,-84.31,32.64,-64.56,-67.3,-66.55,-74.32,-76.69,5.3897,5.8403,5.7097,7.4368,8.194,1254812,1162,2026-09-18,55.55,66989466.0
NYSE:NYT,NYT,New York Times Company (The),Communication Services,Publishing,United States,NYSE,11268905941.0,70.21,55.55,52.5,9,83.2,3163,True,-17.97,29.54,-4.43,-0.18,14.05,24.72,37.51,73.4655,70.3383,61.5604,56.2945,51.0593,165135346,1255,2026-09-18,54.68,160502862.0
NASDAQ:VTRS,VTRS,Viatris Inc.,Healthcare,Drug Manufacturers - Specialty & Generic,United States,NASDAQ,19739167485.0,16.95,55.57,54.22,9,83.2,3164,False,-4.38,84.94,14.5,22.88,44.34,52.49,60.62,14.804,13.7939,11.7431,11.1153,10.5531,131998964,1255,2026-09-18,59.78,1164552654.0
NASDAQ:PSNL,PSNL,"Personalis, Inc.",Healthcare,Diagnostics & Research,United States,NASDAQ,1750714448.0,16.4,55.6,57.31,9,83.3,3165,False,-10.77,225.4,60.97,67.48,123.17,196.17,244.24,10.1884,9.7923,7.3488,5.5373,4.7641,53837981,1255,2026-09-18,53.81,106750881.0
AMEX:ELLO,ELLO,Ellomay Capital Ltd Ordinary Shares (Israel),Utilities,Utilities - Renewable,Israel,AMEX,294961122.0,21.4,55.61,54.04,9,83.3,3166,False,-28.16,23.84,-7.67,-4.51,12.74,23.2,25.67,23.1787,22.4109,18.9818,17.3695,17.0283,50071,1255,2026-09-18,52.24,13783230.0
AMEX:MYO,MYO,Myomo Inc.,Healthcare,Medical Devices,United States,AMEX,58619624.0,1.48,55.62,54.56,9,83.3,3167,False,-20.43,131.25,45.88,48.12,-40.67,-46.64,-34.95,1.0145,0.9992,2.4945,2.7734,2.275,715683,1255,2026-09-18,47.29,39607854.0
NASDAQ:WSBK,WSBK,"Winchester Bancorp, Inc.",Financial Services,Banks - Regional,United States,NASDAQ,116668874.0,13.02,55.62,53.24,9,83.3,3168,False,-1.85,37.49,5.13,10.24,,,,12.3842,11.8101,,,,111124,347,2026-09-18,43.94,8960743.0
NASDAQ:XLO,XLO,"Xilio Therapeutics, Inc.",Healthcare,Biotechnology,United States,NASDAQ,60031019.0,9.13,55.65,53.69,9,83.4,3169,False,-24.43,27.87,5.85,0.19,-12.29,-24.3,-51.92,8.6253,9.1131,10.4095,12.0613,18.9875,94728,1231,2026-09-18,51.28,6575139.0
NASDAQ:CSBR,CSBR,"Champions Oncology, Inc.",Healthcare,Biotechnology,United States,NASDAQ,73635916.0,5.3,55.66,51.49,9,83.4,3170,False,-32.05,11.11,-11.93,-13.74,-20.5,-14.56,-12.89,6.0177,6.1444,6.6669,6.2032,6.0843,65205,1255,2026-09-18,48.93,13893569.0
NYSE:ARW,ARW,"Arrow Electronics, Inc.",Technology,Electronics & Computer Distribution,United States,NYSE,11214185697.0,219.31,55.7,54.21,9,83.4,3171,False,-6.61,115.28,25.76,35.22,55.86,62.84,67.98,174.3895,162.1875,140.7135,134.6795,130.5558,118130247,1255,2026-09-18,52.36,51133946.0
NASDAQ:MEOH,MEOH,Methanex Corporation,Basic Materials,Chemicals,Canada,NASDAQ,4716899115.0,60.97,55.73,56.05,9,83.5,3172,False,-6.65,82.6,15.04,23.06,39.09,39.12,42.8,52.998,49.5467,43.8359,43.8261,42.6954,51373092,1255,2026-09-18,55.95,77364263.0
NASDAQ:KOPN,KOPN,Kopin Corporation,Technology,Electronic Components,United States,NASDAQ,878328081.0,4.74,55.74,53.82,9,83.5,3173,False,-25.82,160.44,33.64,38.2,97.31,129.28,149.81,3.5468,3.4298,2.4023,2.0673,1.8974,16279617,1255,2026-09-18,55.56,185301283.0
NASDAQ:LSBK,LSBK,"Lake Shore Bancorp, Inc.",Financial Services,Banks - Regional,United States,NASDAQ,141234171.0,17.96,55.74,57.08,9,83.5,3174,False,-4.72,46.84,13.04,17.08,37.81,58.63,71.66,15.8875,15.3404,13.0326,11.3217,10.4628,617297,1255,2026-09-18,60.14,7863818.0
NASDAQ:QTRX,QTRX,Quanterix Corporation,Healthcare,Medical Devices,United States,NASDAQ,144615362.0,3.07,55.74,51.54,9,83.5,3175,False,-61.91,26.86,-30.98,-34.83,-52.45,-72.1,-74.88,4.4479,4.7106,6.4557,11.0044,12.2218,2357782,1255,2026-09-18,57.24,47105981.0
NYSE:DOCN,DOCN,"DigitalOcean Holdings, Inc.",Technology,Software - Infrastructure,United States,NYSE,15214419613.0,130.14,55.75,53.02,9,83.6,3176,False,-28.21,280.97,29.1,47.06,110.74,149.13,172.16,100.8018,88.4951,61.7548,52.2372,47.8171,326878170,1255,2026-09-18,58.03,116908096.0
AMEX:NXB,NXB,NextBoat Inc. Common Stcok,Consumer Cyclical,Auto & Truck Dealerships,United States,AMEX,56247777.0,2.25,55.75,54.07,9,83.6,3177,False,-40.79,19.68,-7.31,,,,,2.4274,,,,,156830,212,2026-09-18,48.22,24999012.0
NASDAQ:PRE,PRE,Prenetics Global Limited,Consumer Defensive,Packaged Foods,Hong Kong,NASDAQ,372995746.0,24.19,55.75,56.31,9,83.6,3178,False,-7.85,123.15,28.2,35.73,103.2,149.42,84.98,18.8682,17.8226,11.9044,9.6986,13.0774,7449598,1255,2026-09-18,55.75,15419419.0
NASDAQ:TAYD,TAYD,"Taylor Devices, Inc.",Industrials,Specialty Industrial Machinery,United States,NASDAQ,193404249.0,60.08,55.75,55.38,9,83.6,3179,False,-33.21,45.54,-2.95,2.58,20.97,31.55,55.73,61.9071,58.5675,49.6658,45.6725,38.5802,2557108,1255,2026-09-18,58.16,3219112.0
NYSE:AMBQ,AMBQ,"Ambiq Micro, Inc.",Technology,Semiconductors,United States,NYSE,1580560371.0,65.46,55.77,52.18,9,83.7,3180,False,-27.65,187.61,32.76,45.12,,,,49.3071,45.1079,,,,33563081,287,2026-09-18,51.18,24145438.0
NYSE:TD,TD,Toronto Dominion Bank (The),Financial Services,Banks - Diversified,Canada,NYSE,202095398830.0,122.33,55.79,54.79,9,83.7,3181,False,-1.98,58.86,15.94,22.13,51.74,70.45,80.9,105.5084,100.1631,80.6199,71.7692,67.6214,224214346,1255,2026-09-18,54.15,1652051000.0
NYSE:ANET,ANET,"Arista Networks, Inc.",Technology,Computer Hardware,United States,NYSE,251065794243.0,199.39,55.8,55.32,9,83.7,3182,False,-5.28,71.7,28.54,30.78,55.98,84.68,121.48,155.1138,152.4636,127.8319,107.9623,90.0258,1011680874,1255,2026-09-18,55.92,1259169438.0
NYSE:CPRI,CPRI,Capri Holdings Limited,Consumer Cyclical,Luxury Goods,United Kingdom,NYSE,1693242564.0,14.75,55.81,50.36,9,83.8,3183,False,-46.67,16.05,-23.93,-25.67,-30.02,-47.88,-55.2,19.3913,19.8442,21.0788,28.3,32.9235,76442211,1255,2026-09-18,58.2,114796106.0
NASDAQ:ROMA,ROMA,Roma Green Finance Limited,Industrials,Consulting Services,Hong Kong,NASDAQ,501233786.0,9.37,55.81,54.58,9,83.8,3184,True,-9.38,620.77,60.44,79.89,175.77,,,5.8403,5.2087,3.3978,,,29208,676,2026-09-18,53.47,53493467.0
NASDAQ:MANH,MANH,"Manhattan Associates, Inc.",Technology,Software - Application,United States,NASDAQ,12328132802.0,211.46,55.87,58.29,9,83.8,3185,True,-5.5,74.93,32.38,27.27,8.16,2.29,9.23,159.7387,166.1567,195.5138,206.7181,193.5866,150422997,1255,2026-09-18,55.29,58300070.0
NASDAQ:CLBK,CLBK,"Columbia Financial, Inc.",Financial Services,Banks - Regional,United States,NASDAQ,1204994361.0,11.58,55.89,58.84,9,83.8,3186,False,-2.03,86.39,29.18,35.89,48.82,50.36,45.37,8.9641,8.5214,7.7812,7.7017,7.966,48282749,1255,2026-09-18,54.84,104058235.0
NASDAQ:AYA,AYA,Aya Gold & Silver Inc.,Basic Materials,Silver,Canada,NASDAQ,4079733857.0,28.46,55.92,56.86,9,83.9,3187,False,-4.78,207.68,49.27,63.23,112.23,141.73,172.8,19.0657,17.4354,13.4099,11.7733,10.4326,39690007,1255,2026-09-18,57.6,143349749.0
NASDAQ:IRWD,IRWD,"Ironwood Pharmaceuticals, Inc.",Healthcare,Drug Manufacturers - Specialty & Generic,United States,NASDAQ,717714450.0,4.36,55.92,54.19,9,83.9,3188,False,-19.11,243.31,9.74,21.94,51.28,-10.17,-31.33,3.9729,3.5756,2.8821,4.8537,6.3492,7976551,1255,2026-09-18,51.95,164613406.0
NYSE:WTTR,WTTR,"Select Water Solutions, Inc.",Energy,Oil & Gas Equipment & Services,United States,NYSE,2584075102.0,20.78,55.93,54.74,9,83.9,3189,False,-6.33,124.03,29.62,39.51,64.97,85.29,103.19,16.0321,14.8953,12.5962,11.2146,10.227,29514962,1255,2026-09-18,52.39,124353951.0
NASDAQ:EGBN,EGBN,"Eagle Bancorp, Inc.",Financial Services,Banks - Regional,United States,NASDAQ,863488383.0,28.32,55.98,54.22,9,83.9,3190,True,-2.75,79.44,9.4,15.99,22.73,27.22,16.52,25.8876,24.4167,23.0758,22.2601,24.3054,7432588,1255,2026-09-18,54.67,30490409.0
NASDAQ:NUAI,NUAI,"New Era Energy & Digital, Inc.",Technology,Software - Infrastructure,United States,NASDAQ,593564838.0,5.86,56.0,54.73,9,84.0,3191,False,-27.3,1120.83,20.65,27.07,39.56,-8.64,-20.4,4.8571,4.6115,4.1988,6.4138,7.3615,33735773,1179,2026-09-18,55.39,101290928.0
NYSE:TRGP,TRGP,"Targa Resources, Inc.",Energy,Oil & Gas Midstream,United States,NYSE,62716802018.0,292.19,56.0,55.68,9,84.0,3192,False,-3.33,104.01,20.93,29.95,47.47,76.13,106.51,241.6208,224.8514,198.136,165.8913,141.487,344400306,1255,2026-09-18,48.45,214643903.0
NASDAQ:CZWI,CZWI,"Citizens Community Bancorp, Inc.",Financial Services,Banks - Regional,United States,NASDAQ,211050552.0,21.87,56.02,53.55,9,84.0,3193,True,-8.24,46.98,9.41,14.18,29.43,47.11,59.25,19.9896,19.1536,16.897,14.866,13.7332,1286589,1255,2026-09-18,48.5,9650231.0
NYSE:OOMA,OOMA,"Ooma, Inc.",Technology,Software - Application,United States,NYSE,624502727.0,22.73,56.07,56.34,9,84.0,3194,True,-2.78,114.84,39.3,48.19,60.19,78.24,74.52,16.3178,15.3383,14.1894,12.7528,13.0245,12515792,1255,2026-09-18,52.81,27474823.0
NASDAQ:CMTV,CMTV,Community Bancorp.,Financial Services,Banks - Regional,United States,NASDAQ,233821553.0,41.74,56.1,54.68,9,84.1,3195,False,-1.09,95.21,19.2,28.9,68.46,94.9,108.72,35.0156,32.3806,24.7767,21.4165,19.9985,1950031,1255,2026-09-18,55.3,5601858.0
NASDAQ:EWTX,EWTX,"Edgewise Therapeutics, Inc.",Healthcare,Biotechnology,United States,NASDAQ,4876115032.0,45.32,56.12,55.51,9,84.1,3196,False,-6.27,217.81,33.62,48.13,72.35,103.43,140.2,33.9164,30.5957,26.2958,22.2776,18.8674,55714944,1255,2026-09-18,63.37,107593006.0
NYSE:GFR,GFR,Greenfire Resources Ltd.,Energy,Oil & Gas E&P,Canada,NYSE,835357140.0,6.66,56.12,55.01,9,84.1,3197,False,-6.2,53.81,13.98,18.34,16.64,13.76,-4.29,5.8432,5.6276,5.71,5.8546,6.9585,9710682,1196,2026-09-18,56.12,125429000.0
NASDAQ:AUDC,AUDC,AudioCodes Ltd.,Technology,Communication Equipment,Israel,NASDAQ,257081501.0,10.1,56.13,55.07,9,84.1,3198,False,-1.17,50.8,15.16,14.87,13.55,9.4,-0.31,8.77,8.7922,8.8946,9.2319,10.1316,940521,1255,2026-09-18,54.83,25453614.0
NYSE:CBNA,CBNA,"Chain Bridge Bancorp, Inc.",Financial Services,Banks - Regional,United States,NYSE,158300682.0,47.02,56.13,56.56,9,84.1,3199,False,-3.05,61.47,22.42,27.42,,,,38.4079,36.9028,,,,887108,490,2026-09-18,55.66,3366667.0
NYSE:COHR,COHR,Coherent Corp.,Technology,Scientific & Technical Instruments,United States,NYSE,62088094913.0,317.36,56.14,52.94,9,84.2,3200,False,-25.66,197.93,12.15,26.38,87.14,142.13,193.87,282.9665,251.1251,169.5844,131.0703,107.9947,1765466813,1255,2026-09-18,50.83,195639321.0
NYSE:FSM,FSM,Fortuna Mining Corp.,Basic Materials,Gold,Canada,NYSE,3620340775.0,11.95,56.18,57.83,9,84.2,3201,False,-12.52,52.42,17.14,21.02,53.63,83.34,108.65,10.2012,9.874,7.7782,6.5181,5.7273,57245531,1255,2026-09-18,55.8,302957387.0
NASDAQ:INTG,INTG,The Intergroup Corporation,Consumer Cyclical,Lodging,United States,NASDAQ,80000271.0,37.23,56.18,53.96,9,84.2,3202,True,-23.9,107.99,7.97,11.39,58.6,60.58,32.96,34.4812,33.4246,23.474,23.1845,28.0018,3500632,1255,2026-09-18,54.73,2148812.0
NASDAQ:ALNT,ALNT,Allient Inc.,Technology,Electronic Components,United States,NASDAQ,1707979491.0,100.49,56.22,54.64,9,84.3,3203,False,-12.03,139.36,33.46,43.44,104.24,139.19,149.18,75.2964,70.0574,49.2014,42.0126,40.328,20391981,1255,2026-09-18,54.71,16996512.0
NASDAQ:DDI,DDI,"DoubleDown Interactive Co., Ltd. - American Depository Shares",Communication Services,Electronic Gaming & Multimedia,South Korea,NASDAQ,631806360.0,12.75,56.23,58.14,9,84.3,3204,False,-1.7,54.55,23.35,26.54,20.87,20.21,24.82,10.3368,10.0762,10.5483,10.6065,10.2148,2111216,1255,2026-09-18,56.23,49553440.0
NASDAQ:SIEB,SIEB,Siebert Financial Corp.,Financial Services,Capital Markets,United States,NASDAQ,97848837.0,2.39,56.23,58.27,9,84.3,3205,False,-41.13,49.38,6.41,-0.3,-14.8,-4.04,1.78,2.2459,2.3973,2.805,2.4905,2.3481,311226,1255,2026-09-18,53.6,40940936.0
NASDAQ:MNTK,MNTK,"Montauk Renewables, Inc.",Basic Materials,Specialty Chemicals,United States,NASDAQ,320267563.0,2.25,56.26,57.45,9,84.4,3206,True,-14.77,100.89,37.97,31.79,-9.95,-41.36,-58.82,1.6308,1.7073,2.4986,3.8371,5.4638,819228,1255,2026-09-18,54.45,142341139.0
NASDAQ:RIGL,RIGL,"Rigel Pharmaceuticals, Inc.",Healthcare,Biotechnology,United States,NASDAQ,862937011.0,46.64,56.26,57.73,9,84.4,3207,False,-8.48,83.33,28.36,29.88,62.51,103.66,129.23,36.3352,35.9111,28.6996,22.9005,20.3462,12853173,1255,2026-09-18,53.19,18502080.0
NYSE:UHS,UHS,"Universal Health Services, Inc.",Healthcare,Medical Care Facilities,United States,NYSE,9415387104.0,176.69,56.26,56.53,9,84.4,3208,False,-27.32,25.31,-3.4,-6.65,-6.14,-2.38,5.18,182.9027,189.2695,188.247,180.9995,167.9851,125963458,1255,2026-09-18,63.77,53287606.0
AMEX:IAUX,IAUX,i-80 Gold Corp.,Basic Materials,Gold,United States,AMEX,1543071551.0,1.79,56.29,56.07,9,84.4,3209,False,-13.94,101.12,12.6,22.08,64.92,53.6,24.12,1.5897,1.4663,1.0854,1.1653,1.4422,17240999,1255,2026-09-18,53.44,862051146.0
NASDAQ:PLBC,PLBC,Plumas Bancorp,Financial Services,Banks - Regional,United States,NASDAQ,436712440.0,62.71,56.31,57.07,9,84.5,3210,False,-1.35,59.2,18.56,24.22,35.3,48.34,57.68,52.8936,50.4842,46.3486,42.2745,39.7694,3343175,1255,2026-09-18,53.83,6964000.0
NASDAQ:DGXX,DGXX,Digi Power X Inc. - Common Subordinate Voting Shares,Utilities,Utilities - Independent Power Producers,United States,NASDAQ,403042322.0,4.09,56.34,51.7,9,84.5,3211,False,-51.65,116.4,4.4,5.09,40.99,70.26,93.41,3.9177,3.892,2.901,2.4022,2.1147,8231881,1255,2026-09-18,50.32,98543355.0
NASDAQ:SABR,SABR,Sabre Corporation,Technology,Software - Infrastructure,United States,NASDAQ,893407997.0,2.26,56.34,55.93,9,84.5,3212,False,-2.59,176.28,34.99,32.44,-5.68,-16.57,-30.83,1.6742,1.7064,2.3962,2.7089,3.2671,12066335,1255,2026-09-18,60.02,395313273.0
NASDAQ:HUT,HUT,Hut 8 Corp.,Financial Services,Capital Markets,United States,NASDAQ,11117542619.0,98.74,56.38,53.43,9,84.5,3213,False,-25.77,197.77,27.31,40.35,121.14,196.72,259.31,77.5607,70.3545,44.6501,33.2769,27.4805,434235529,1255,2026-09-18,50.63,112594112.0
NYSE:OR,OR,OR Royalties Inc.,Basic Materials,Gold,Canada,NYSE,6888598043.0,36.74,56.42,56.33,9,84.6,3214,False,-22.75,30.98,-0.33,0.62,24.17,48.94,68.6,36.8607,36.5147,29.5896,24.6676,21.7907,39295993,1255,2026-09-18,58.0,187495864.0
NASDAQ:WTBA,WTBA,West Bancorporation,Financial Services,Banks - Regional,United States,NASDAQ,498870358.0,29.27,56.46,57.86,9,84.6,3215,False,-2.43,59.23,18.25,22.97,36.12,48.85,54.01,24.7521,23.8029,21.5038,19.6637,19.0055,1601714,1255,2026-09-18,61.71,17043743.0
NASDAQ:INKT,INKT,"MiNK Therapeutics, Inc.",Healthcare,Biotechnology,United States,NASDAQ,60031883.0,12.05,56.47,54.62,9,84.6,3216,False,-26.07,40.77,5.66,1.59,12.43,16.05,-7.25,11.4044,11.8619,10.7179,10.3837,12.9924,160889,1236,2026-09-18,52.51,4981899.0
NASDAQ:MSBI,MSBI,"Midland States Bancorp, Inc.",Financial Services,Banks - Regional,United States,NASDAQ,696025836.0,33.54,56.48,57.51,9,84.6,3217,False,-1.9,142.25,28.91,40.54,58.73,61.03,63.93,26.0189,23.8656,21.1305,20.8283,20.4603,4842115,1255,2026-09-18,57.89,20752112.0
NYSE:IMAX,IMAX,Imax Corporation,Communication Services,Entertainment,Canada,NYSE,2894018356.0,52.77,56.49,57.59,9,84.7,3218,True,-3.69,69.73,30.4,35.22,64.28,94.58,114.44,40.4687,39.025,32.1221,27.12,24.6083,47741610,1255,2026-09-18,52.79,54842114.0
NASDAQ:TLSI,TLSI,"TriSalus Life Sciences, Inc.",Healthcare,Medical Devices,United States,NASDAQ,314030460.0,5.1,56.49,55.32,9,84.7,3219,True,-32.0,102.38,6.32,5.96,5.33,-8.53,-23.54,4.7968,4.8132,4.8419,5.5759,6.6705,678365,1255,2026-09-18,49.98,61574600.0
NASDAQ:COYA,COYA,"Coya Therapeutics, Inc.",Healthcare,Biotechnology,United States,NASDAQ,114705625.0,4.89,56.5,53.94,9,84.7,3220,False,-33.56,29.37,2.04,-3.39,-13.78,-19.23,,4.7924,5.0617,5.6714,6.0539,,614818,933,2026-09-18,53.25,23457183.0
NASDAQ:SAIL,SAIL,"SailPoint, Inc.",Technology,Software - Infrastructure,United States,NASDAQ,11247238831.0,19.83,56.5,56.42,9,84.7,3221,False,-16.08,89.04,23.66,15.97,,,,16.0354,17.0987,,,,85917826,401,2026-09-18,58.88,567182997.0
NASDAQ:NATH,NATH,"Nathan's Famous, Inc.",Consumer Cyclical,Restaurants,United States,NASDAQ,405264207.0,98.98,56.51,53.51,9,84.8,3222,True,-8.32,11.23,0.41,0.01,5.09,17.36,24.55,98.5722,98.968,94.1903,84.3413,79.4677,2557737,1255,2026-09-18,48.55,4094405.0
NASDAQ:PAGP,PAGP,"Plains GP Holdings, L.P. - Class A Shares representing limited partner interests",Energy,Oil & Gas Midstream,United States,NASDAQ,5476007111.0,27.67,56.57,59.05,9,84.8,3223,False,-2.81,77.01,20.83,28.03,42.38,55.61,73.35,22.9008,21.6117,19.4343,17.7819,15.9617,49521374,1255,2026-09-18,57.81,197904124.0
AMEX:NVA,NVA,Nova Minerals Corp,Basic Materials,Other Industrial Metals & Mining,United States,AMEX,231377163.0,6.06,56.62,55.63,9,84.8,3224,False,-57.82,127.48,-6.74,-8.17,37.68,,,6.498,6.599,4.4015,,,2881684,541,2026-09-18,59.82,38181050.0
AMEX:OBE,OBE,Obsidian Energy Ltd.,Energy,Oil & Gas E&P,Canada,AMEX,818683176.0,12.26,56.64,56.82,9,84.9,3225,True,-15.21,122.1,30.46,40.44,72.21,69.89,71.99,9.3975,8.7294,7.1191,7.2163,7.1283,10281761,1255,2026-09-18,55.25,66776768.0
NYSE:RAL,RAL,Ralliant Corporation,Technology,Electronic Components,United States,NYSE,7519094944.0,67.96,56.64,54.32,9,84.9,3226,True,-7.63,77.51,22.04,27.36,,,,55.6845,53.3608,,,,95087555,311,2026-09-18,55.09,110640008.0
NYSE:DHR,DHR,Danaher Corporation,Healthcare,Diagnostics & Research,United States,NYSE,148899476098.0,211.81,56.65,56.05,9,84.9,3227,False,-12.12,31.09,5.15,4.22,1.12,-3.25,-3.4,201.4302,203.2378,209.4657,218.9267,219.2643,747658014,1255,2026-09-18,57.69,702986054.0
AMEX:NFGC,NFGC,New Found Gold Corp,Basic Materials,Gold,Canada,AMEX,706711890.0,1.84,56.65,55.21,9,84.9,3228,False,-47.13,35.29,-15.46,-15.84,-6.03,-24.75,-36.37,2.1764,2.1863,1.958,2.445,2.8917,2405172,1255,2026-09-18,56.08,384082549.0
NASDAQ:SILC,SILC,Silicom Ltd,Technology,Communication Equipment,Israel,NASDAQ,264332630.0,45.99,56.65,54.28,9,84.9,3229,False,-9.79,240.67,48.75,64.64,113.29,130.95,89.77,30.9185,27.9331,21.5624,19.9134,24.2346,7551408,1255,2026-09-18,55.76,5747611.0
NASDAQ:KARO,KARO,Karooooo Ltd.,Technology,Software - Application,Singapore,NASDAQ,2059656311.0,66.67,56.66,58.1,9,85.0,3230,False,-2.97,64.04,30.13,32.1,41.71,66.99,89.12,51.234,50.4699,47.0468,39.9245,35.2519,3535713,1255,2026-09-18,66.5,30893300.0
NASDAQ:ALOV,ALOV,"Aldabra 4 Liquidity Opportunity Vehicle, Inc.",Financial Services,Shell Companies,United States,NASDAQ,299849850.0,9.99,56.67,56.62,9,85.0,3231,False,-0.1,1.73,,,,,,,,,,,1036134,130,2026-09-18,56.67,30015000.0
NASDAQ:FORM,FORM,"FormFactor, Inc.",Technology,Semiconductor Equipment & Materials,United States,NASDAQ,9228285909.0,118.38,56.73,53.32,9,85.0,3232,False,-25.98,236.02,13.11,28.12,84.45,105.34,135.05,104.6616,92.4008,64.1808,57.6508,50.363,123187107,1255,2026-09-18,51.82,77954772.0
NASDAQ:NWFL,NWFL,Norwood Financial Corp.,Financial Services,Banks - Regional,United States,NASDAQ,378597230.0,34.76,56.76,57.81,9,85.1,3233,False,-1.39,49.04,14.26,18.31,28.52,33.68,34.33,30.4207,29.3812,27.0461,26.0024,25.8769,1101530,1255,2026-09-18,63.56,10891750.0
NASDAQ:CERT,CERT,"Certara, Inc.",Healthcare,Health Information Services,United States,NASDAQ,1309853999.0,8.42,56.78,56.68,9,85.1,3234,False,-38.09,87.95,17.12,5.37,-13.15,-27.59,-36.28,7.1894,7.9906,9.6949,11.6283,13.2137,18486890,1255,2026-09-18,59.82,155564608.0
NYSE:HCI,HCI,"HCI Group, Inc.",Financial Services,Insurance - Property & Casualty,United States,NYSE,2395571517.0,187.67,56.78,56.89,9,85.1,3235,False,-8.19,26.57,11.26,8.76,22.79,43.24,70.68,168.6841,172.5526,152.8384,131.0205,109.9554,29872498,1255,2026-09-18,57.16,12764808.0
NASDAQ:ATEC,ATEC,"Alphatec Holdings, Inc.",Healthcare,Medical Devices,United States,NASDAQ,1565575125.0,10.18,56.79,55.84,9,85.1,3236,False,-55.11,45.64,-15.57,-22.27,-14.27,-14.11,-17.16,12.058,13.096,11.8748,11.8526,12.2891,22325247,1255,2026-09-18,58.37,153789305.0
NASDAQ:LTRX,LTRX,"Lantronix, Inc.",Technology,Communication Equipment,United States,NASDAQ,260960292.0,5.85,56.81,53.17,9,85.2,3237,False,-30.77,30.58,-2.89,1.04,30.46,31.77,31.11,6.0244,5.7898,4.4841,4.4394,4.462,7886721,1255,2026-09-18,56.29,44608597.0
NYSE:LCLN,LCLN,"Lincoln International, Inc.",Financial Services,Capital Markets,United States,NYSE,909854439.0,26.11,56.82,56.94,9,85.2,3238,False,-3.97,28.16,,,,,,,,,,,21127966,84,2026-09-18,55.33,34846972.0
NASDAQ:DPRO,DPRO,Draganfly Inc.,Technology,Computer Hardware,Canada,NASDAQ,207282100.0,5.62,56.89,55.82,9,85.2,3239,False,-59.19,47.89,-8.76,-15.6,13.27,-10.61,-51.51,6.1593,6.659,4.9618,6.2872,11.5899,10419877,1255,2026-09-18,59.58,36882936.0
NASDAQ:LIEN,LIEN,"Chicago Atlantic BDC, Inc.",Financial Services,Asset Management,United States,NASDAQ,232797300.0,10.17,56.89,57.36,9,85.2,3240,False,-1.64,16.69,6.38,6.73,7.14,14.64,24.52,9.5601,9.5291,9.4918,8.8716,8.1676,411005,1159,2026-09-18,60.5,22890590.0
NASDAQ:OPCH,OPCH,"Option Care Health, Inc.",Healthcare,Medical Care Facilities,United States,NASDAQ,3639781405.0,24.3,56.89,56.1,9,85.2,3241,False,-33.59,24.49,-9.76,-10.49,-14.32,-16.9,-18.21,26.9275,27.1478,28.362,29.2405,29.7094,49151727,1255,2026-09-18,59.68,149785243.0
NASDAQ:BOT,BOT,"RoboStrategy, Inc.",Financial Services,Asset Management,United States,NASDAQ,713240962.0,29.55,56.9,52.27,9,85.3,3242,False,-29.2,40.65,,,,,,,,,,,6733797,91,2026-09-18,51.84,24136750.0
NASDAQ:DMAC,DMAC,DiaMedica Therapeutics Inc.,Healthcare,Biotechnology,United States,NASDAQ,369100913.0,6.85,56.91,54.03,9,85.3,3243,False,-27.05,28.52,-4.09,-3.5,14.82,38.57,62.16,7.1421,7.0984,5.9657,4.9432,4.2241,973075,1255,2026-09-18,56.91,53883345.0
NASDAQ:LQDT,LQDT,"Liquidity Services, Inc.",Consumer Cyclical,Internet Retail,United States,NASDAQ,1337051185.0,42.88,56.91,56.62,9,85.3,3244,False,-1.61,93.5,22.16,29.62,41.5,61.67,80.64,35.1005,33.0802,30.3038,26.524,23.7378,9429893,1255,2026-09-18,59.16,31181231.0
NASDAQ:BSIN,BSIN,Big Sky Industrial Inc.,Energy,Oil & Gas E&P,United States,NASDAQ,82143074.0,1.57,56.93,58.44,9,85.4,3245,False,-4.85,127.54,43.46,42.24,22.14,27.78,10.79,1.0943,1.1038,1.2854,1.2287,1.417,1334861,1255,2026-09-18,56.93,52320429.0
NYSE:BKKT,BKKT,"Bakkt, Inc.",Technology,Software - Infrastructure,United States,NYSE,384926616.0,8.61,56.94,54.51,9,85.4,3246,False,-80.88,25.69,-12.28,-34.24,-38.17,-49.46,-62.45,9.8158,13.0935,13.9248,17.035,22.9305,11406968,1255,2026-09-18,45.57,44706924.0
NYSE:EQNR,EQNR,Equinor ASA,Energy,Oil & Gas Integrated,Norway,NYSE,104759446331.0,44.09,56.94,58.19,9,85.4,3247,False,-3.63,103.36,30.15,39.42,63.14,69.5,73.91,33.8751,31.6249,27.0266,26.0116,25.3521,132064028,1255,2026-09-18,58.33,2376036433.0
NASDAQ:QUBT,QUBT,Quantum Computing Inc.,Technology,Computer Hardware,United States,NASDAQ,1962154387.0,8.7,56.94,52.86,9,85.4,3248,False,-64.66,37.88,-7.13,-19.48,-15.81,21.54,50.73,9.3678,10.8049,10.334,7.158,5.7719,55135821,1255,2026-09-18,53.26,225534987.0
NASDAQ:ECHO,ECHO,EchoStar Corporation,Communication Services,Telecom Services,United States,NASDAQ,14810140769.0,93.46,56.95,52.24,9,85.5,3249,False,-34.09,39.64,-14.01,-7.77,44.47,93.33,129.63,108.6825,101.336,64.6911,48.3425,40.7006,260989737,1255,2026-09-18,58.88,158465020.0
NASDAQ:EMBC,EMBC,Embecta Corp.,Healthcare,Medical Instruments & Supplies,United States,NASDAQ,313843411.0,5.29,56.99,57.57,9,85.5,3250,False,-63.98,83.34,-26.95,-38.0,-51.51,-54.76,-63.95,7.2413,8.5323,10.9084,11.6923,14.6725,6989652,1128,2026-09-18,54.88,59327677.0
NASDAQ:CARL,CARL,"Carlsmed, Inc.",Healthcare,Health Information Services,United States,NASDAQ,425376736.0,15.58,57.02,58.14,9,85.5,3251,False,-8.3,76.44,27.7,25.1,,,,12.2001,12.4539,,,,1723592,292,2026-09-18,54.86,27302743.0
NASDAQ:VERI,VERI,"Veritone, Inc.",Technology,Software - Infrastructure,United States,NASDAQ,102249841.0,1.1,57.02,51.69,9,85.5,3252,True,-86.89,40.13,-55.52,-64.28,-61.72,-61.16,-68.4,2.4728,3.0798,2.8739,2.8318,3.4813,2932930,1255,2026-09-18,55.69,92954401.0
NASDAQ:PLTR,PLTR,Palantir Technologies Inc.,Technology,Software - Infrastructure,United States,NASDAQ,407874111772.0,177.64,57.04,57.39,9,85.6,3253,False,-14.26,65.6,17.06,12.8,37.5,89.97,144.31,151.7527,157.4821,129.194,93.5075,72.7095,5093207228,1255,2026-09-18,55.93,2296071334.0
NASDAQ:ANIP,ANIP,"ANI Pharmaceuticals, Inc.",Healthcare,Drug Manufacturers - Specialty & Generic,United States,NASDAQ,1731013815.0,76.14,57.08,52.16,9,85.6,3254,False,-21.89,8.48,-3.48,-6.2,4.37,10.73,21.63,78.8845,81.1722,72.9529,68.7636,62.5998,31319857,1255,2026-09-18,54.92,22734618.0
NASDAQ:FOSL,FOSL,"Fossil Group, Inc.",Consumer Cyclical,Footwear & Accessories,United States,NASDAQ,323285741.0,5.47,57.09,56.09,9,85.6,3255,False,-10.18,205.59,24.65,37.07,95.73,139.21,110.67,4.3882,3.9908,2.7947,2.2867,2.5965,3753985,1255,2026-09-18,61.13,59101598.0
NASDAQ:CBLL,CBLL,"CeriBell, Inc.",Healthcare,Medical Devices,United States,NASDAQ,924663599.0,24.37,57.11,59.0,9,85.7,3256,False,-2.68,123.17,20.91,30.77,,,,20.1547,18.6361,,,,8524406,485,2026-09-18,63.25,37942700.0
NASDAQ:TONX,TONX,TON Strategy Company,Technology,Software - Application,United States,NASDAQ,191638792.0,3.39,57.11,54.76,9,85.7,3257,False,-52.19,88.33,19.41,5.64,-40.76,-81.97,-98.87,2.839,3.2091,5.7221,18.8026,300.9075,1240634,1255,2026-09-18,50.05,56530617.0
AMEX:VZLA,VZLA,Vizsla Silver Corp.,Basic Materials,Other Industrial Metals & Mining,Canada,AMEX,1432153970.0,4.08,57.12,56.49,9,85.7,3258,False,-40.52,37.84,1.04,-0.48,24.59,53.35,77.32,4.0379,4.0999,3.2747,2.6605,2.3009,21042783,1169,2026-09-18,55.08,351018130.0
NASDAQ:ACHV,ACHV,"Achieve Life Sciences, Inc.",Healthcare,Biotechnology,United States,NASDAQ,819219275.0,7.98,57.15,57.58,9,85.8,3259,False,-6.45,201.13,50.97,58.67,89.81,84.85,79.75,5.286,5.0294,4.2041,4.3171,4.4394,12532492,1255,2026-09-18,56.15,102659057.0
NYSE:WENC,WENC,West Enclave Merger Corp.,Financial Services,Shell Companies,Mexico,NYSE,160495830.0,10.0,57.15,56.85,9,85.8,3260,True,-0.1,1.21,,,,,,,,,,,63911,89,2026-09-18,57.15,16049583.0
NASDAQ:ANNA,ANNA,"AleAnna, Inc.",Energy,Oil & Gas E&P,United States,NASDAQ,133873800.0,3.27,57.17,55.15,9,85.8,3261,True,-68.07,41.56,-4.1,-5.72,-45.65,-57.08,-60.49,3.4099,3.4683,6.017,7.6187,8.2765,879737,1148,2026-09-18,52.11,40940000.0
AMEX:DC,DC,Dakota Gold Corp.,Basic Materials,Gold,United States,AMEX,818300673.0,6.11,57.19,56.81,9,85.8,3262,False,-12.71,57.07,9.59,14.44,46.55,69.7,74.06,5.5755,5.3391,4.1693,3.6004,3.5102,8238822,1118,2026-09-18,56.49,133928097.0
NYSE:FF,FF,FutureFuel Corp.,Basic Materials,Specialty Chemicals,United States,NYSE,243881099.0,5.56,57.19,56.76,9,85.8,3263,False,-12.55,85.92,31.23,35.21,31.63,30.94,26.55,4.2369,4.112,4.2239,4.2463,4.3935,2040684,1255,2026-09-18,54.65,43863507.0
NYSE:WFG,WFG,West Fraser Timber Co. Ltd,Basic Materials,Lumber & Wood Production,Canada,NYSE,5433316926.0,71.47,57.2,55.37,9,85.9,3264,False,-5.9,24.62,8.21,8.98,-2.17,-3.81,-3.53,66.0478,65.5818,73.0566,74.3004,74.0877,15171669,1255,2026-09-18,62.5,76022344.0
NYSE:GEF.B,GEF-B,"Greif, Inc. Corporation",Consumer Cyclical,Packaging & Containers,United States,NYSE,2311971547.0,108.24,57.25,58.45,9,85.9,3265,False,-2.31,92.13,24.55,32.96,52.12,62.34,64.19,86.9021,81.4087,71.155,66.6747,65.9247,8821799,1255,2026-09-18,61.88,21359678.0
NASDAQ:VOXR,VOXR,Vox Royalty Corp.,Basic Materials,Other Precious Metals & Mining,United States,NASDAQ,394117987.0,5.72,57.25,57.24,9,85.9,3266,False,-10.48,63.55,8.6,13.54,44.1,70.6,84.92,5.2673,5.038,3.9695,3.3528,3.0932,2442283,1255,2026-09-18,58.01,68901746.0
NASDAQ:VFS,VFS,VinFast Auto Ltd.,Consumer Cyclical,Auto Manufacturers,Vietnam,NASDAQ,7556701312.0,3.23,57.31,54.16,9,86.0,3267,False,-32.14,14.95,-4.74,-4.2,-8.28,-23.39,-47.7,3.3905,3.3717,3.5217,4.2159,6.1757,1061991,1255,2026-09-18,58.12,2339536010.0
NASDAQ:ZD,ZD,"Ziff Davis, Inc.",Communication Services,Advertising Agencies,United States,NASDAQ,2117667146.0,57.49,57.31,57.9,9,86.0,3268,False,-2.9,116.86,30.04,35.82,35.73,20.24,5.2,44.2095,42.329,42.3575,47.8146,54.6467,39586360,1255,2026-09-18,67.88,36835400.0
NYSE:ANDG,ANDG,Andersen Group Inc.,Consumer Cyclical,Personal Services,United States,NYSE,712195176.0,54.99,57.33,58.81,9,86.0,3269,True,-4.28,199.84,,,,,,,,,,,23107640,189,2026-09-18,56.87,12951358.0
NASDAQ:AZTA,AZTA,"Azenta, Inc.",Healthcare,Medical Instruments & Supplies,United States,NASDAQ,1532124805.0,33.24,57.33,57.41,9,86.0,3270,False,-18.95,107.49,17.8,15.25,-1.11,-18.98,-22.55,28.217,28.8429,33.6146,41.0279,42.9162,28278514,1255,2026-09-18,59.88,46092804.0
NASDAQ:CVLT,CVLT,"Commvault Systems, Inc.",Technology,Software - Application,United States,NASDAQ,5990397281.0,144.54,57.33,55.62,9,86.0,3271,False,-26.03,92.26,26.53,17.65,-0.49,11.33,27.63,114.2293,122.8581,145.2509,129.8326,113.2534,73359895,1255,2026-09-18,62.76,41444564.0
NYSE:CLF,CLF,Cleveland-Cliffs Inc.,Basic Materials,Steel,United States,NYSE,7131750588.0,12.5,57.35,55.88,9,86.1,3272,False,-22.74,59.85,9.39,7.64,15.23,-3.52,-9.77,11.4273,11.6127,10.8481,12.956,13.8533,153155109,1255,2026-09-18,61.08,570540047.0
NYSE:TSM,TSM,Taiwan Semiconductor Manufacturing Company Ltd.,Technology,Semiconductors,Taiwan,NYSE,2254404659231.0,434.67,57.37,55.08,9,86.1,3273,False,-8.74,65.84,15.17,21.21,56.4,90.87,127.11,377.4277,358.6104,277.9191,227.7348,191.3909,4140147979,1255,2026-09-18,55.27,5186474013.0
NASDAQ:CNTN,CNTN,"Canton Strategic Holdings, Inc.",Healthcare,Biotechnology,United States,NASDAQ,177381943.0,2.3,57.41,53.15,9,86.1,3274,False,-58.03,24.32,-24.72,-24.43,-8.85,-71.42,-96.36,3.0554,3.0435,2.5233,8.0482,63.253,1788662,1175,2026-09-18,46.88,77122584.0
NYSE:SG,SG,"Sweetgreen, Inc.",Consumer Cyclical,Restaurants,United States,NYSE,772064195.0,7.22,57.42,54.34,9,86.2,3275,False,-29.29,53.62,5.74,4.8,-53.4,-57.3,-53.97,6.8279,6.8895,15.4931,16.9083,15.6851,32796947,1212,2026-09-18,51.79,106934099.0
NASDAQ:MDIA,MDIA,Mediaco Holding Inc.,Communication Services,Broadcasting,United States,NASDAQ,89216809.0,1.16,57.44,57.01,9,86.2,3276,False,-12.12,110.53,41.02,30.9,10.44,-5.61,-6.2,0.8225,0.8861,1.0504,1.229,1.2366,20056,1255,2026-09-18,55.01,76911042.0
NYSE:CVEO,CVEO,Civeo Corporation (Canada),Consumer Cyclical,Lodging,United States,NYSE,375683352.0,34.33,57.45,54.94,9,86.2,3277,True,-3.46,72.6,15.04,21.57,33.13,38.52,41.22,29.843,28.2392,25.7875,24.7827,24.3095,2482994,1255,2026-09-18,50.36,10943296.0
NASDAQ:ANGI,ANGI,Angi Inc.,Communication Services,Internet Content & Information,United States,NASDAQ,214374485.0,5.3,57.48,52.82,9,86.3,3278,False,-70.72,22.4,-32.21,-41.16,-60.7,-67.92,-72.19,7.8187,9.0078,13.4846,16.5187,19.0607,4010973,1255,2026-09-18,57.48,40448016.0
NASDAQ:GIX,GIX,GigCapital9 Corp.,Financial Services,Shell Companies,United States,NASDAQ,257146430.0,10.01,57.48,61.66,9,86.3,3279,False,-0.3,2.14,,,,,,,,,,,319894,127,2026-09-18,92.89,25688954.0
NASDAQ:AGEN,AGEN,Agenus Inc.,Healthcare,Biotechnology,United States,NASDAQ,326893083.0,7.85,57.52,57.5,9,86.3,3280,False,-6.1,183.39,80.22,82.03,92.49,10.43,-48.26,4.3557,4.3125,4.0781,7.1085,15.1724,7252149,1255,2026-09-18,49.15,41642431.0
NYSE:FIRY,FIRY,Firy Inc.,Communication Services,Electronic Gaming & Multimedia,United States,NYSE,125915288.0,10.34,57.52,56.18,9,86.3,3281,True,-16.95,353.51,60.26,58.36,64.89,66.51,27.15,6.4521,6.5295,6.2709,6.2099,8.1318,1168062,1255,2026-09-18,56.81,12177494.0
NYSE:BE,BE,Bloom Energy Corporation,Industrials,Electrical Equipment & Parts,United States,NYSE,78235298918.0,265.63,57.53,55.67,9,86.3,3282,False,-23.2,286.71,33.59,48.21,160.91,269.24,352.86,198.8392,179.2283,101.8071,71.939,58.6567,4070051935,1255,2026-09-18,63.81,294527346.0
NASDAQ:XRX,XRX,Xerox Holdings Corporation,Industrials,Business Equipment & Supplies,United States,NASDAQ,448851060.0,3.42,57.54,56.76,9,86.4,3283,False,-13.43,182.56,38.9,31.5,-22.82,-51.95,-59.4,2.4621,2.6008,4.4312,7.1173,8.4241,8505901,1255,2026-09-18,66.77,131243000.0
NASDAQ:PRTS,PRTS,"CarParts.com, Inc.",Consumer Cyclical,Auto Parts,United States,NASDAQ,69001359.0,8.52,57.55,58.71,9,86.4,3284,False,-14.8,118.46,29.26,30.09,7.98,-31.46,-61.81,6.5914,6.5495,7.8904,12.4304,22.3096,766836,1255,2026-09-18,58.69,8098751.0
NYSE:GCTS,GCTS,"GCT Semiconductor Holding, Inc.",Technology,Semiconductors,United States,NYSE,188293433.0,2.07,57.59,52.38,9,86.4,3285,False,-44.5,109.09,19.12,23.28,15.26,-47.34,-62.51,1.7377,1.6791,1.796,3.9307,5.5211,3140742,1187,2026-09-18,57.1,90963011.0
NASDAQ:GCBC,GCBC,"Greene County Bancorp, Inc.",Financial Services,Banks - Regional,United States,NASDAQ,607128795.0,35.66,57.6,58.55,9,86.5,3286,False,-1.0,68.53,33.01,37.96,39.49,36.12,34.79,26.8093,25.8481,25.564,26.1979,26.4558,1271088,1255,2026-09-18,57.04,17025485.0
NYSE:EMBJ,EMBJ,Embraer S.A.,Industrials,Aerospace & Defense,Brazil,NYSE,13359324701.0,75.07,57.61,57.9,9,86.5,3287,False,-5.69,39.97,13.2,14.98,36.21,69.49,105.7,66.3154,65.2892,55.1142,44.2929,36.4947,84537791,1255,2026-09-18,55.46,177958235.0
NASDAQ:IBRX,IBRX,"ImmunityBio, Inc.",Healthcare,Biotechnology,United States,NASDAQ,8881561725.0,8.48,57.63,55.81,9,86.5,3288,False,-26.58,328.28,23.46,42.79,86.43,85.37,96.31,6.8684,5.9387,4.5487,4.5746,4.3197,76562994,1255,2026-09-18,57.37,1047353977.0
NYSE:EFOR,EFOR,"Everforth, Inc.",Technology,Information Technology Services,United States,NYSE,1343160000.0,32.76,57.64,58.88,9,86.5,3289,False,-38.51,92.03,-3.01,-9.7,-38.49,-50.61,-53.38,33.7766,36.2792,53.2605,66.3263,70.2735,23268960,1255,2026-09-18,58.53,41000000.0
NASDAQ:ESQ,ESQ,"Esquire Financial Holdings, Inc.",Financial Services,Banks - Regional,United States,NASDAQ,1065606080.0,123.2,57.64,54.8,9,86.5,3290,False,-7.17,33.55,10.2,12.75,29.04,54.44,75.47,111.7947,109.2642,95.475,79.7703,70.2124,24742709,1255,2026-09-18,58.82,8649400.0
NYSE:CGAU,CGAU,Centerra Gold Inc.,Basic Materials,Gold,Canada,NYSE,4502885594.0,23.02,57.65,58.49,9,86.6,3291,False,-5.07,151.45,29.4,39.84,99.37,139.71,169.9,17.7898,16.4618,11.5462,9.6034,8.5291,33819268,1255,2026-09-18,55.95,195607541.0
NASDAQ:BRKR,BRKR,Bruker Corporation,Healthcare,Medical Devices,United States,NASDAQ,9345131057.0,61.39,57.66,55.45,9,86.6,3292,False,-4.59,100.13,26.73,32.32,30.86,12.35,5.79,48.4406,46.3961,46.9142,54.6418,58.0292,129848980,1255,2026-09-18,61.68,152225624.0
NYSE:GNRC,GNRC,Generac Holdlings Inc.,Industrials,Specialty Industrial Machinery,United States,NYSE,12240129754.0,207.44,57.69,52.32,9,86.6,3293,False,-29.81,52.12,-1.38,2.94,17.09,29.35,37.8,210.3449,201.5086,177.1649,160.3732,150.5333,283242325,1255,2026-09-18,57.58,59005639.0
NASDAQ:BPAC,BPAC,Blueport Acquisition Ltd,,,,NASDAQ,60602478.0,10.19,57.73,59.3,9,86.7,3294,False,-0.1,2.83,,,,,,,,,,,43463,177,2026-09-18,57.73,5947250.0
NASDAQ:DJCO,DJCO,Daily Journal Corp. (S.C.),Technology,Software - Application,United States,NASDAQ,897627215.0,651.53,57.75,58.93,9,86.7,3295,False,-5.25,73.96,18.48,24.37,33.49,46.2,60.96,549.9124,523.872,488.08,445.6295,404.7834,42593359,1255,2026-09-18,65.1,1377722.0
NASDAQ:TASK,TASK,"TaskUs, Inc.",Technology,Information Technology Services,United States,NASDAQ,296749549.0,8.12,57.77,58.22,9,86.7,3296,False,-30.9,77.68,20.03,11.94,-5.64,-4.0,-7.81,6.7652,7.2537,8.6053,8.4582,8.808,3522736,1255,2026-09-18,58.2,36545511.0
NASDAQ:BSVN,BSVN,Bank7 Corp.,Financial Services,Banks - Regional,United States,NASDAQ,515471990.0,54.15,57.8,58.67,9,86.7,3297,False,-5.19,43.05,20.41,21.79,27.18,45.01,60.41,44.9709,44.4618,42.579,37.3429,33.7573,2755387,1255,2026-09-18,58.57,9519335.0
NASDAQ:RDVT,RDVT,"Red Violet, Inc.",Technology,Software - Application,United States,NASDAQ,1071431461.0,75.94,57.81,58.41,9,86.8,3298,False,-2.04,120.76,42.28,42.26,63.49,100.24,127.17,53.3744,53.3811,46.4504,37.9251,33.4293,16993081,1255,2026-09-18,61.46,14108921.0
NYSE:S,S,"SentinelOne, Inc.",Technology,Software - Infrastructure,United States,NYSE,7580130220.0,22.51,57.82,57.22,9,86.8,3299,False,-5.58,88.53,38.34,36.7,19.83,13.84,17.75,16.2714,16.4667,18.7847,19.7738,19.116,203525683,1255,2026-09-18,62.47,336745012.0
NASDAQ:PBFS,PBFS,"Pioneer Bancorp, Inc.",Financial Services,Banks - Regional,United States,NASDAQ,454642402.0,18.13,57.83,57.9,9,86.8,3300,True,-2.21,41.2,18.2,21.71,36.15,50.24,57.0,15.3388,14.8956,13.3158,12.0675,11.548,286487,1255,2026-09-18,56.37,25076801.0
NASDAQ:DBX,DBX,"Dropbox, Inc.",Technology,Software - Infrastructure,United States,NASDAQ,5765203695.0,36.48,57.84,58.89,9,86.9,3301,False,-3.34,65.37,30.47,28.84,29.22,33.35,38.61,27.9607,28.3151,28.2302,27.3575,26.3185,140369188,1255,2026-09-18,66.02,158037382.0
NASDAQ:SPCX,SPCX,Space Exploration Technologies Corp.,Industrials,Aerospace & Defense,United States,NASDAQ,1175301006193.0,152.71,57.84,55.07,9,86.9,3302,False,-27.76,41.05,,,,,,,,,,,13061579124,68,2026-09-18,60.01,7696293669.0
NYSE:MO,MO,"Altria Group, Inc.",Consumer Defensive,Tobacco,United States,NYSE,116080597736.0,69.52,57.9,54.68,9,86.9,3303,False,-5.73,33.2,7.38,9.72,21.39,38.0,50.03,64.7416,63.3602,57.2717,50.3757,46.3372,568561968,1255,2026-09-18,59.0,1669743926.0
NYSE:EFXT,EFXT,Enerflex Ltd,Energy,Oil & Gas Equipment & Services,Canada,NYSE,2775802534.0,22.74,57.91,54.11,9,86.9,3304,False,-19.7,112.77,6.83,17.27,65.72,109.76,136.28,21.2871,19.3912,13.7216,10.8407,9.6243,12068942,1255,2026-09-18,58.22,122066954.0
NASDAQ:MASS,MASS,908 Devices Inc.,Healthcare,Medical Devices,United States,NASDAQ,432016458.0,10.53,57.92,58.08,9,87.0,3305,False,-5.14,106.88,41.23,40.85,77.82,74.32,52.27,7.4561,7.4761,5.9217,6.0407,6.9152,4332510,1255,2026-09-18,65.1,41027204.0
NYSE:NET,NET,"Cloudflare, Inc.",Technology,Software - Infrastructure,United States,NYSE,103935412282.0,323.6,57.92,57.42,9,87.0,3306,False,-3.1,102.01,42.03,43.41,77.18,118.37,158.14,227.844,225.6417,182.6394,148.1904,125.3583,950163366,1255,2026-09-18,62.55,321184834.0
NASDAQ:CEPO,CEPO,"Cantor Equity Partners I, Inc.",Financial Services,Shell Companies,United States,NASDAQ,220785000.0,10.77,57.95,55.75,9,87.0,3307,False,-0.28,21.97,2.07,2.25,,,,10.5513,10.5335,,,,3245315,426,2026-09-18,60.55,20500000.0
NYSE:PARR,PARR,"Par Pacific Holdings, Inc.",Energy,Oil & Gas Refining & Marketing,United States,NYSE,4230672650.0,84.37,57.99,57.75,9,87.0,3308,False,-2.45,153.52,46.06,56.44,126.75,139.62,157.75,57.7627,53.9322,37.209,35.2102,32.7326,75184778,1255,2026-09-18,63.21,50144277.0
NYSE:UNM,UNM,Unum Group,Financial Services,Insurance - Life,United States,NYSE,15068577000.0,95.19,57.99,57.47,9,87.0,3309,False,-1.43,36.31,17.24,19.16,25.68,44.03,60.07,81.1905,79.8869,75.7387,66.0884,59.4679,178022370,1255,2026-09-18,59.69,158300000.0
NASDAQ:FTNT,FTNT,"Fortinet, Inc.",Technology,Software - Infrastructure,United States,NASDAQ,124613926826.0,169.84,58.0,56.96,9,87.1,3310,False,-1.7,125.76,49.14,57.82,68.01,92.64,109.21,113.8825,107.6177,101.0886,88.1632,81.1822,772049892,1255,2026-09-18,61.35,733713653.0
NASDAQ:MRVL,MRVL,"Marvell Technology, Inc.",Technology,Semiconductors,United States,NASDAQ,213905948818.0,244.25,58.03,55.38,9,87.1,3311,False,-22.79,231.52,54.24,70.4,117.99,154.27,191.75,158.362,143.3353,112.0478,96.0592,83.719,5061320783,1255,2026-09-18,56.78,875766423.0
NASDAQ:BLNK,BLNK,Blink Charging Co.,Industrials,Engineering & Construction,United States,NASDAQ,86065673.0,0.599,58.04,54.06,9,87.1,3312,False,-76.04,27.45,-13.32,-33.25,-43.5,-63.95,-83.92,0.6911,0.8974,1.0601,1.6617,3.7249,682615,1255,2026-09-18,48.01,143682259.0
NASDAQ:RLYB,RLYB,Rallybio Corporation,Healthcare,Biotechnology,United States,NASDAQ,91225508.0,17.19,58.07,58.1,9,87.2,3313,False,-0.17,330.61,52.22,72.71,121.4,60.29,-20.92,11.2928,9.9529,7.7641,10.7241,21.738,170495,1255,2026-09-18,57.58,5306894.0
NASDAQ:COHU,COHU,"Cohu, Inc.",Technology,Semiconductor Equipment & Materials,United States,NASDAQ,2724376289.0,57.75,58.09,55.2,9,87.2,3314,False,-21.86,208.16,38.4,53.19,96.12,91.44,83.59,41.7264,37.699,29.4459,30.1665,31.4557,49566209,1255,2026-09-18,54.49,47175347.0
NYSE:EXPD,EXPD,"Expeditors International of Washington, Inc.",Industrials,Integrated Freight & Logistics,United States,NYSE,24820409365.0,190.94,58.12,59.35,9,87.2,3315,False,-1.53,70.54,19.08,24.52,42.47,48.82,55.76,160.3399,153.3384,134.0196,128.3058,122.5857,170608620,1255,2026-09-18,54.63,129990622.0
NASDAQ:IRD,IRD,"Opus Genetics, Inc.",Healthcare,Biotechnology,United States,NASDAQ,427691025.0,5.18,58.14,58.75,9,87.3,3316,False,-14.66,247.65,34.33,49.82,127.34,126.58,97.22,3.8562,3.4574,2.2785,2.2861,2.6266,27292009,1255,2026-09-18,60.1,82565835.0
NYSE:LTC,LTC,"LTC Properties, Inc.",Real Estate,REIT - Healthcare Facilities,United States,NYSE,2178282767.0,42.56,58.14,58.36,9,87.3,3317,False,-2.16,32.42,13.45,15.82,22.78,30.61,35.02,37.5146,36.7463,34.6636,32.5864,31.5215,23185963,1255,2026-09-18,67.68,51181456.0
NASDAQ:BMRC,BMRC,Bank of Marin Bancorp,Financial Services,Banks - Regional,United States,NASDAQ,456948029.0,28.23,58.17,55.41,9,87.3,3318,False,-6.03,29.03,7.19,9.04,18.65,32.83,32.12,26.3372,25.89,23.7934,21.253,21.3673,4701741,1255,2026-09-18,60.99,16186611.0
NASDAQ:FSEA,FSEA,"First Seacoast Bancorp, Inc.",Financial Services,Banks - Regional,United States,NASDAQ,80509126.0,17.16,58.17,63.39,9,87.3,3319,False,-0.23,54.25,16.95,22.19,39.67,56.76,60.84,14.6735,14.0442,12.2863,10.9464,10.6687,65813,1255,2026-09-18,61.19,4691674.0
NASDAQ:UBCP,UBCP,"United Bancorp, Inc.",Financial Services,Banks - Regional,United States,NASDAQ,95114304.0,16.0,58.17,55.32,9,87.3,3320,False,-3.59,35.65,7.99,11.69,21.03,31.1,35.01,14.8156,14.3256,13.2203,12.2044,11.8508,80160,1255,2026-09-18,54.22,5944644.0
NASDAQ:VICR,VICR,Vicor Corporation,Technology,Electronic Components,United States,NASDAQ,7659121198.0,222.72,58.19,53.02,9,87.4,3321,False,-41.36,359.6,7.49,24.14,95.44,149.77,175.26,207.1983,179.4081,113.9591,89.1695,80.9133,146386669,1255,2026-09-18,56.17,34389014.0
NYSE:VSTS,VSTS,Vestis Corporation,Industrials,Rental & Leasing Services,United States,NYSE,1825692233.0,13.82,58.19,54.55,9,87.4,3322,False,-16.24,238.73,33.83,49.39,39.91,,,10.3262,9.2512,9.8776,,,19848070,747,2026-09-18,58.55,132105082.0
NASDAQ:COIN,COIN,"Coinbase Global, Inc.",Financial Services,Financial Data & Stock Exchanges,United States,NASDAQ,43279488966.0,194.25,58.2,56.61,9,87.4,3323,False,-49.84,37.68,2.66,-10.23,-18.71,-10.8,8.35,189.2211,216.3816,238.9503,217.768,179.2819,2010670201,1255,2026-09-18,50.38,222803032.0
NASDAQ:III,III,"Information Services Group, Inc.",Technology,Information Technology Services,United States,NASDAQ,248285832.0,5.19,58.23,59.69,9,87.5,3324,False,-12.24,40.71,12.23,8.97,23.18,30.95,27.47,4.6245,4.7628,4.2134,3.9634,4.0717,1019017,1255,2026-09-18,63.62,47839274.0
NYSE:BTGO,BTGO,"BitGo Holdings, Inc.",Financial Services,Capital Markets,United States,NYSE,809706444.0,7.56,58.28,57.64,9,87.5,3325,False,-59.11,61.19,,,,,,,,,,,17038690,167,2026-09-18,49.99,107104027.0
NASDAQ:EMAT,EMAT,Evolution Metals & Technologies Corp.,Basic Materials,Other Industrial Metals & Mining,United States,NASDAQ,2499598397.0,4.02,58.28,52.14,9,87.5,3326,False,-78.84,77.88,,,,,,,,,,,5456514,176,2026-09-18,58.28,621790646.0
NYSE:HBB,HBB,Hamilton Beach Brands Holding Company,Consumer Cyclical,"Furnishings, Fixtures & Appliances",United States,NYSE,315142563.0,31.64,58.28,60.29,9,87.5,3327,False,-6.57,137.61,50.41,61.18,66.01,70.14,91.2,21.0362,19.6303,19.0595,18.5962,16.5477,2590060,1255,2026-09-18,55.04,9960258.0
NASDAQ:MU,MU,"Micron Technology, Inc.",Technology,Semiconductors,United States,NASDAQ,1147237562786.0,1015.8,58.28,55.74,9,87.5,3328,False,-16.28,548.75,58.71,84.51,211.26,306.52,402.26,640.0173,550.5517,326.3538,249.8743,202.2445,23887577144,1255,2026-09-18,53.81,1129393151.0
NASDAQ:ZOOZ,ZOOZ,ZOOZ Strategy Ltd.,Industrials,Electrical Equipment & Parts,Israel,NASDAQ,60515441.0,7.47,58.28,58.12,9,87.5,3329,False,-85.06,50.3,7.45,-34.61,-70.35,,,6.952,11.4245,25.1915,,,319272,616,2026-09-18,54.11,8101130.0
NASDAQ:DH,DH,Definitive Healthcare Corp.,Healthcare,Health Information Services,United States,NASDAQ,101303268.0,0.96,58.3,58.1,9,87.6,3330,True,-77.67,52.87,-26.3,-42.68,-65.65,-77.22,-84.25,1.3026,1.6747,2.7948,4.2137,6.0962,994371,1255,2026-09-18,58.07,105524238.0
AMEX:SDEV,SDEV,Stablecoin Development Corporation,Financial Services,Asset Management,United States,AMEX,52467771.0,1.04,58.31,51.91,9,87.6,3331,True,-98.91,23.81,-84.97,-84.49,-77.27,-89.15,-98.26,6.9197,6.7074,4.5764,9.5891,59.6933,1363956,1255,2026-09-18,36.7,50449780.0
NASDAQ:GENB,GENB,"Generate Biomedicines, Inc.",Healthcare,Biotechnology,United States,NASDAQ,2197219176.0,17.14,58.32,56.51,9,87.7,3332,False,-15.9,52.9,,,,,,,,,,,28277704,141,2026-09-18,58.21,128192484.0
NASDAQ:VUZI,VUZI,Vuzix Corporation,Technology,Consumer Electronics,United States,NASDAQ,228685210.0,2.75,58.34,53.8,9,87.7,3333,False,-46.5,35.47,-3.47,-5.49,3.19,15.41,-6.8,2.8488,2.9098,2.6649,2.3829,2.9505,1675649,1255,2026-09-18,58.34,83158258.0
NASDAQ:YTRA,YTRA,"Yatra Online, Inc.",Consumer Cyclical,Travel Services,India,NASDAQ,65242072.0,1.05,58.37,57.6,9,87.7,3334,False,-45.03,25.0,-10.62,-16.31,-12.42,-20.22,-32.07,1.1748,1.2547,1.1989,1.3162,1.5457,44750,1255,2026-09-18,58.37,62135307.0
NASDAQ:CV,CV,"CapsoVision, Inc.",Healthcare,Medical Devices,United States,NASDAQ,334756026.0,6.7,58.39,54.73,9,87.8,3335,False,-53.54,50.22,-1.94,4.09,,,,6.8329,6.4368,,,,1416640,306,2026-09-18,51.12,49963586.0
NYSE:PBF,PBF,PBF Energy Inc.,Energy,Oil & Gas Refining & Marketing,United States,NYSE,9149858525.0,77.19,58.39,58.94,9,87.8,3336,False,-1.42,202.14,68.67,79.57,130.68,111.39,110.58,45.7642,42.9853,33.4622,36.515,36.6562,268482677,1255,2026-09-18,58.35,118536838.0
NASDAQ:AVT,AVT,"Avnet, Inc.",Technology,Electronics & Computer Distribution,United States,NASDAQ,7884154666.0,96.12,58.4,56.74,9,87.8,3337,False,-3.52,121.14,31.01,40.78,62.15,74.77,87.2,73.3658,68.2764,59.2775,54.9983,51.3469,113399413,1255,2026-09-18,53.15,82024081.0
NASDAQ:TELO,TELO,"Telomir Pharmaceuticals, Inc.",Healthcare,Biotechnology,United States,NASDAQ,84593196.0,1.23,58.41,54.85,9,87.8,3338,True,-36.27,33.84,-2.81,-5.88,-48.01,,,1.2655,1.3068,2.3657,,,87828,654,2026-09-18,44.5,68774956.0
AMEX:FSI,FSI,Flexible Solutions International Inc. Common Stock (CDA),Basic Materials,Specialty Chemicals,Canada,AMEX,74190438.0,5.82,58.46,55.38,9,87.8,3339,False,-43.66,18.78,-2.44,-10.76,1.3,29.07,42.45,5.9653,6.5215,5.7453,4.5091,4.0857,71064,1255,2026-09-18,61.37,12747498.0
NASDAQ:BEEP,BEEP,Mobile Infrastructure Corporation,Industrials,Infrastructure Operations,United States,NASDAQ,118634296.0,2.88,58.48,59.98,9,87.9,3340,False,-22.79,108.7,19.26,10.58,-9.29,-14.0,,2.4148,2.6045,3.1749,3.3487,,72024,768,2026-09-18,58.48,41192464.0
NASDAQ:NTAP,NTAP,"NetApp, Inc.",Technology,Software - Infrastructure,United States,NASDAQ,38813175274.0,197.79,58.48,58.03,9,87.9,3341,False,-4.49,111.89,47.83,52.4,66.97,78.09,99.32,133.7954,129.7813,118.4559,111.0621,99.234,481135323,1255,2026-09-18,57.82,196234265.0
NYSE:PAYC,PAYC,"Paycom Software, Inc.",Technology,Software - Application,United States,NYSE,10550779735.0,226.28,58.48,61.89,9,87.9,3342,True,-5.92,100.08,49.44,42.36,21.22,21.82,5.38,151.4191,158.9462,186.6651,185.7543,214.7258,176666212,1255,2026-09-18,58.3,46627098.0
NASDAQ:GIBO,GIBO,GIBO Holdings Limited,Communication Services,Internet Content & Information,Hong Kong,NASDAQ,81368587.0,33.43,58.49,55.96,9,88.0,3343,True,-56.16,2574.4,-10.05,-19.61,-99.82,-99.89,,37.1661,41.5867,18979.0473,30191.9641,,774167,773,2026-09-18,51.91,2433999.0
NASDAQ:DXCM,DXCM,"DexCom, Inc.",Healthcare,Medical Devices,United States,NASDAQ,33717184353.0,89.35,58.51,58.18,9,88.0,3344,False,-3.24,62.93,24.1,26.79,20.22,3.7,-3.85,71.9972,70.4729,74.3223,86.1599,92.9269,354230623,1255,2026-09-18,54.9,377360765.0
NASDAQ:NKSH,NKSH,"National Bankshares, Inc.",Financial Services,Banks - Regional,United States,NASDAQ,271230582.0,42.59,58.51,58.86,9,88.0,3345,False,-1.64,64.29,16.76,22.6,39.05,46.42,47.45,36.4771,34.7381,30.6298,29.0883,28.8853,1541765,1255,2026-09-18,57.44,6368410.0
NASDAQ:RPAY,RPAY,Repay Holdings Corporation,Technology,Software - Infrastructure,United States,NASDAQ,329547789.0,3.98,58.53,55.25,9,88.0,3346,False,-30.78,65.83,13.29,7.63,-20.54,-36.22,-39.62,3.513,3.698,5.0091,6.2402,6.591,1487236,1255,2026-09-18,57.53,82800952.0
NASDAQ:NSTS,NSTS,"NSTS Bancorp, Inc.",Financial Services,Banks - Regional,United States,NASDAQ,67956507.0,14.06,58.54,61.66,9,88.1,3347,False,-0.57,29.85,8.43,11.5,15.67,24.9,29.41,12.9665,12.6095,12.1551,11.2567,10.8648,224360,1171,2026-09-18,66.5,4833322.0
NASDAQ:TOP,TOP,TOP Financial Group Limited,Financial Services,Capital Markets,Singapore,NASDAQ,1851115117.0,15.21,58.55,59.88,9,88.1,3348,False,-9.09,389.07,114.44,121.4,119.38,52.79,-11.63,7.0931,6.8698,6.9332,9.9548,17.2114,1822863,1079,2026-09-18,58.49,121703821.0
NASDAQ:GPRO,GPRO,"GoPro, Inc.",Technology,Consumer Electronics,United States,NASDAQ,192227512.0,1.31,58.56,58.83,9,88.1,3349,False,-54.51,127.83,25.16,5.72,14.82,-14.36,-44.07,1.0466,1.2391,1.1409,1.5297,2.342,126324974,1255,2026-09-18,60.01,146738559.0
NASDAQ:BWIN,BWIN,"The Baldwin Insurance Group, Inc.",Financial Services,Insurance Brokers,United States,NASDAQ,3092055604.0,31.93,58.57,58.34,9,88.1,3350,False,-1.72,93.52,33.07,30.09,-3.24,0.34,5.0,23.9951,24.5453,32.9993,31.8223,30.4106,129988152,1255,2026-09-18,58.7,96838572.0
NASDAQ:GSAT,GSAT,"Globalstar, Inc.",Communication Services,Telecom Services,United States,NASDAQ,10668875044.0,82.84,58.59,56.5,9,88.2,3351,False,-1.88,142.29,13.18,21.89,80.54,120.97,150.11,73.1956,67.9611,45.8839,37.4885,33.122,49900335,1255,2026-09-18,55.73,128788931.0
NASDAQ:PROK,PROK,ProKidney Corp.,Healthcare,Biotechnology,United States,NASDAQ,391931452.0,1.91,58.63,56.91,9,88.2,3352,True,-42.12,43.61,-1.13,-9.08,1.62,-5.18,-53.26,1.9319,2.1008,1.8795,2.0143,4.086,2882036,1255,2026-09-18,52.49,205199713.0
NASDAQ:TWIN,TWIN,"Twin Disc, Incorporated",Industrials,Specialty Industrial Machinery,United States,NASDAQ,358839936.0,24.88,58.64,57.4,9,88.2,3353,False,-0.92,88.36,30.86,37.03,78.21,78.46,89.37,19.013,18.1561,13.9609,13.9419,13.138,2369585,1255,2026-09-18,57.38,14422827.0
NASDAQ:HURN,HURN,Huron Consulting Group Inc.,Industrials,Consulting Services,United States,NASDAQ,2519041700.0,158.33,58.65,58.84,9,88.2,3354,False,-14.68,75.61,13.98,11.24,15.86,27.13,39.93,138.9156,142.3304,136.6552,124.5437,113.1519,34867357,1255,2026-09-18,57.66,15910072.0
NASDAQ:MYGN,MYGN,"Myriad Genetics, Inc.",Healthcare,Diagnostics & Research,United States,NASDAQ,372077119.0,3.89,58.67,52.73,9,88.3,3355,False,-52.44,36.01,-20.61,-28.38,-53.85,-69.57,-73.38,4.9,5.4314,8.4292,12.7824,14.6133,7060513,1255,2026-09-18,68.0,95649645.0
AMEX:PLX,PLX,"Protalix BioTherapeutics, Inc. (DE)",Healthcare,Biotechnology,United States,AMEX,216737717.0,2.69,58.71,58.51,9,88.3,3356,False,-14.6,61.08,17.72,19.12,31.94,48.81,50.63,2.285,2.2582,2.0389,1.8077,1.7858,1996046,1255,2026-09-18,59.54,80571642.0
NASDAQ:RBKB,RBKB,"Rhinebeck Bancorp, Inc.",Financial Services,Banks - Regional,United States,NASDAQ,203140699.0,12.99,58.75,57.87,9,88.3,3357,False,-0.61,88.64,17.52,25.51,44.41,65.73,76.38,11.0538,10.3498,8.995,7.8381,7.3649,1994336,1255,2026-09-18,56.17,15638237.0
NASDAQ:GRAL,GRAL,"GRAIL, Inc.",Healthcare,Diagnostics & Research,United States,NASDAQ,3466373217.0,80.77,58.76,57.18,9,88.3,3358,False,-30.41,104.02,11.81,10.27,58.03,,,72.2405,73.2506,51.1094,,,67033264,569,2026-09-18,57.36,42916593.0
NYSE:SLF,SLF,Sun Life Financial Inc.,Financial Services,Insurance - Diversified,Canada,NYSE,45047942064.0,81.27,58.78,56.93,9,88.4,3359,False,-2.48,45.2,16.76,20.73,30.91,42.61,52.84,69.6065,67.3131,62.0817,56.9884,53.1724,79382461,1255,2026-09-18,56.94,554299767.0
NASDAQ:DMII,DMII,Drugs Made In America Acquisition II Corp.,Financial Services,Shell Companies,United States,NASDAQ,647829000.0,10.17,58.82,59.92,9,88.4,3360,False,-0.1,3.04,,,,,,,,,,,897530,199,2026-09-18,61.53,63700000.0
NASDAQ:KEEL,KEEL,Keel Infrastructure Corp.,Technology,Information Technology Services,United States,NASDAQ,2421352891.0,4.01,58.82,53.97,9,88.4,3361,False,-39.79,135.19,17.72,16.23,64.21,71.8,98.55,3.4065,3.4501,2.442,2.3342,2.0196,124020412,1255,2026-09-18,51.66,603828651.0
NASDAQ:MEDP,MEDP,"Medpace Holdings, Inc.",Healthcare,Diagnostics & Research,United States,NASDAQ,17091143706.0,612.33,58.83,58.71,9,88.5,3362,False,-1.36,55.64,17.55,15.86,39.66,50.35,70.79,520.9104,528.5206,438.4465,407.2813,358.525,133515945,1255,2026-09-18,60.61,27911655.0
NASDAQ:CSHR,CSHR,CoinShares PLC,Financial Services,Capital Markets,Jersey,NASDAQ,770914223.0,5.85,58.85,57.24,9,88.5,3363,False,-32.06,63.41,,,,,,,,,,,2007232,118,2026-09-18,46.88,131780209.0
NYSE:TWLO,TWLO,Twilio Inc.,Technology,Software - Infrastructure,United States,NYSE,37008538022.0,243.84,58.85,57.94,9,88.5,3364,False,-4.73,143.62,44.95,54.96,85.74,125.68,153.46,168.2273,157.3518,131.2777,108.0458,96.2045,413156747,1255,2026-09-18,60.69,151773860.0
NYSE:SPNT,SPNT,SiriusPoint Ltd.,Financial Services,Insurance - Reinsurance,Bermuda,NYSE,2875084146.0,24.75,58.88,56.44,9,88.5,3365,True,-5.93,41.59,10.11,13.88,29.54,47.71,70.7,22.4777,21.7341,19.1062,16.7557,14.4995,19361053,1255,2026-09-18,54.16,116165016.0
NYSE:NIQ,NIQ,NIQ Global Intelligence plc,,,,NYSE,5365247166.0,18.19,58.92,62.89,9,88.6,3366,False,-5.46,128.23,41.23,37.89,,,,12.8794,13.1921,,,,21917367,292,2026-09-18,56.88,294955864.0
NYSE:WAT,WAT,Waters Corporation,Healthcare,Diagnostics & Research,United States,NYSE,41398102044.0,421.63,58.92,58.63,9,88.6,3367,False,-1.88,48.82,16.6,17.51,18.86,24.18,28.01,361.6188,358.8135,354.7269,339.5264,329.3694,258157240,1255,2026-09-18,66.18,98185855.0
NYSE:BIII,BIII,Black Spade Acquisition III Co,Financial Services,Shell Companies,Hong Kong,NYSE,173362500.0,10.05,58.94,62.34,9,88.6,3368,False,-0.2,2.13,,,,,,,,,,,3779943,161,2026-09-18,58.94,17250000.0
NASDAQ:SHIP,SHIP,Seanergy Maritime Holdings Corp.,Industrials,Marine Shipping,Greece,NASDAQ,402811801.0,18.59,58.96,58.77,9,88.6,3369,False,-1.74,152.05,35.39,47.34,89.74,107.03,137.93,13.7303,12.6168,9.7977,8.9794,7.8132,7195080,1255,2026-09-18,61.98,21668198.0
NYSE:HCA,HCA,"HCA Healthcare, Inc.",Healthcare,Medical Care Facilities,United States,NYSE,92599856565.0,427.71,58.97,56.96,9,88.7,3370,False,-21.12,18.83,-4.31,-4.3,7.18,17.0,27.31,446.9538,446.9176,399.0452,365.563,335.9536,653995561,1255,2026-09-18,60.15,216501500.0
NASDAQ:CFFI,CFFI,C&F Financial Corporation,Financial Services,Banks - Regional,United States,NASDAQ,304228735.0,93.6,58.98,59.67,9,88.7,3371,False,-2.76,47.14,22.0,25.29,33.49,48.41,56.63,76.7193,74.7059,70.1158,63.0704,59.7602,7501601,1255,2026-09-18,60.56,3250307.0
NYSE:ABBV,ABBV,AbbVie Inc.,Healthcare,Drug Manufacturers - General,United States,NYSE,466448278549.0,263.96,58.99,57.94,9,88.7,3372,False,-0.76,34.68,16.12,16.73,29.26,41.1,52.28,227.3071,226.1194,204.2035,187.0716,173.3374,1124110119,1255,2026-09-18,59.09,1767117285.0
NASDAQ:SLAB,SLAB,"Silicon Laboratories, Inc.",Technology,Semiconductors,United States,NASDAQ,7272491972.0,220.5,59.03,57.93,9,88.7,3373,True,-0.1,89.96,11.1,19.63,42.49,54.29,53.1,198.4662,184.3188,154.744,142.9156,144.0247,65971518,1255,2026-09-18,53.64,32981823.0
NASDAQ:EXEL,EXEL,"Exelixis, Inc.",Healthcare,Biotechnology,United States,NASDAQ,14460539545.0,58.36,59.04,57.46,9,88.8,3374,False,-1.3,68.96,20.82,25.14,40.39,65.65,88.4,48.3023,46.6358,41.5685,35.23,30.9763,125408479,1255,2026-09-18,59.68,247781692.0
NYSE:PERF,PERF,Perfect Corp.,Technology,Software - Application,Taiwan,NYSE,164165709.0,1.93,59.07,59.37,9,88.8,3375,False,-7.66,48.46,12.68,10.11,1.61,-7.18,,1.7128,1.7527,1.8994,2.0793,,307465,974,2026-09-18,63.86,85059953.0
NYSE:ABM,ABM,ABM Industries Incorporated,Industrials,Specialty Business Services,United States,NYSE,2915572538.0,49.77,59.09,58.75,9,88.8,3376,True,-1.64,34.99,14.47,14.65,7.89,10.35,12.97,43.4776,43.4121,46.1294,45.1029,44.0569,26646273,1255,2026-09-18,56.58,58580923.0
NASDAQ:BPRN,BPRN,"Princeton Bancorp, Inc.",Financial Services,Banks - Regional,United States,NASDAQ,296421248.0,43.52,59.15,60.31,9,88.8,3377,False,-0.82,51.95,19.13,23.11,30.83,35.93,41.87,36.533,35.3516,33.2634,32.0171,30.6762,1104127,1255,2026-09-18,57.18,6811150.0
NASDAQ:ACB,ACB,Aurora Cannabis Inc.,Healthcare,Drug Manufacturers - Specialty & Generic,Canada,NASDAQ,239716105.0,3.87,59.16,60.28,9,88.9,3378,False,-37.88,50.0,7.19,-0.8,-11.73,-17.71,-31.29,3.6106,3.9011,4.3844,4.7029,5.6322,3945250,1255,2026-09-18,58.09,61942146.0
NASDAQ:IREN,IREN,IREN Limited,Financial Services,Capital Markets,Australia,NASDAQ,16682436502.0,46.68,59.19,55.47,9,88.9,3379,False,-38.91,59.26,2.5,-1.44,57.22,112.78,169.38,45.541,47.3637,29.6906,21.9378,17.3287,1712971772,1213,2026-09-18,53.28,357378674.0
NASDAQ:CRVL,CRVL,CorVel Corp.,Financial Services,Insurance Brokers,United States,NASDAQ,3604810200.0,70.67,59.2,59.26,9,88.9,3380,True,-14.82,53.63,15.51,10.44,-17.15,-15.96,-9.51,61.18,63.9922,85.2957,84.0912,78.0976,13954458,1255,2026-09-18,58.7,51009059.0
NASDAQ:TITN,TITN,Titan Machinery Inc.,Industrials,Industrial Distribution,United States,NASDAQ,552727710.0,23.72,59.2,58.49,9,88.9,3381,False,-9.53,67.63,25.58,29.05,33.83,22.77,3.19,18.8889,18.381,17.7243,19.3205,22.9857,7811749,1255,2026-09-18,60.82,23302180.0
NYSE:CON,CON,"Concentra Group Holdings Parent, Inc.",Healthcare,Medical Care Facilities,United States,NYSE,4538804337.0,35.47,59.21,60.38,9,89.0,3382,False,-2.47,91.51,37.63,44.24,55.37,,,25.7718,24.5903,22.8288,,,32807659,540,2026-09-18,59.82,127961780.0
NYSE:RNG,RNG,"RingCentral, Inc.",Technology,Software - Application,United States,NYSE,5323321683.0,71.86,59.29,61.8,9,89.0,3383,False,-5.89,191.08,72.33,84.65,107.42,113.74,112.54,41.6982,38.917,34.644,33.6205,33.8109,104034103,1255,2026-09-18,68.28,74079066.0
NASDAQ:LAND,LAND,Gladstone Land Corporation,Real Estate,REIT - Specialty,United States,NASDAQ,406777883.0,9.43,59.3,59.24,9,89.0,3384,False,-22.2,17.67,0.11,1.55,-1.92,-9.59,-18.39,9.4194,9.2859,9.6144,10.4306,11.5545,7621540,1255,2026-09-18,64.37,43136573.0
NASDAQ:REFI,REFI,"Chicago Atlantic Real Estate Finance, Inc.",Real Estate,REIT - Mortgage,United States,NASDAQ,278749545.0,10.98,59.31,57.43,9,89.1,3385,False,-7.9,12.5,0.03,-0.54,-4.86,-3.46,1.59,10.9772,11.0397,11.5407,11.373,10.8081,2369817,1199,2026-09-18,67.76,25387026.0
NASDAQ:APXT,APXT,Apex Treasury Corporation,Financial Services,Shell Companies,United States,NASDAQ,349525800.0,10.14,59.32,58.51,9,89.1,3386,False,-0.1,2.74,1.34,,,,,10.006,,,,,2012931,210,2026-09-18,59.32,34470000.0
NYSE:CXW,CXW,"CoreCivic, Inc.",Industrials,Security & Protection Services,United States,NYSE,3483840446.0,35.23,59.32,59.65,9,89.1,3387,False,-0.87,118.41,47.69,54.78,65.51,87.44,112.09,23.8544,22.7619,21.2854,18.7956,16.6111,64961401,1255,2026-09-18,61.64,98888460.0
AMEX:EPM,EPM,"Evolution Petroleum Corporation, Inc.",Energy,Oil & Gas E&P,United States,AMEX,138270643.0,3.86,59.33,55.36,9,89.1,3388,False,-21.4,26.68,-1.98,-3.04,-7.82,-10.49,-16.38,3.9381,3.9809,4.1873,4.3125,4.6162,2173409,1255,2026-09-18,50.75,35821410.0
NASDAQ:GCT,GCT,GigaCloud Technology Inc,Technology,Software - Infrastructure,United States,NASDAQ,1524459300.0,52.86,59.34,59.89,9,89.2,3389,False,-0.73,107.62,27.3,35.19,77.17,90.25,133.38,41.5251,39.1002,29.8356,27.7844,22.6494,29586921,1025,2026-09-18,60.6,28839563.0
NASDAQ:CRON,CRON,Cronos Group Inc.,Healthcare,Drug Manufacturers - Specialty & Generic,Canada,NASDAQ,1251767831.0,3.35,59.36,59.14,9,89.2,3390,False,-5.63,45.65,20.96,23.13,40.34,43.32,44.11,2.7694,2.7208,2.387,2.3374,2.3246,3823165,1255,2026-09-18,60.99,373662039.0
NASDAQ:SCPQ,SCPQ,Social Commerce Partners Corporation,Financial Services,Shell Companies,United States,NASDAQ,103810500.0,10.03,59.41,60.76,9,89.2,3391,False,-0.2,1.72,,,,,,,,,,,42030,151,2026-09-18,59.41,10350000.0
NYSE:DNA,DNA,"Ginkgo Bioworks Holdings, Inc.",Healthcare,Biotechnology,United States,NYSE,420485791.0,7.88,59.48,53.89,9,89.2,3392,False,-51.18,43.8,-4.5,-12.28,-14.49,-60.19,-76.79,8.2515,8.9829,9.2158,19.7937,33.944,8400465,1255,2026-09-18,58.99,53361141.0
NASDAQ:BTBT,BTBT,"Bit Digital, Inc.",Financial Services,Capital Markets,United States,NASDAQ,611382000.0,1.73,59.49,56.14,9,89.3,3393,False,-59.0,42.98,-1.52,-15.92,-32.0,-33.67,-29.1,1.7566,2.0576,2.5442,2.608,2.44,49570383,1255,2026-09-18,50.49,353400000.0
NASDAQ:TGTX,TGTX,"TG Therapeutics, Inc.",Healthcare,Biotechnology,United States,NASDAQ,8705863195.0,56.87,59.49,57.9,9,89.3,3394,False,-3.71,111.1,41.96,46.71,59.31,95.92,122.18,40.0595,38.7639,35.6983,29.0266,25.5967,112804348,1255,2026-09-18,58.33,153083580.0
NYSE:HPE,HPE,Hewlett Packard Enterprise Company,Technology,Communication Equipment,United States,NYSE,80458605936.0,60.76,59.5,58.75,9,89.3,3395,False,-1.89,208.97,75.02,87.95,136.18,168.61,196.37,34.7164,32.3283,25.7264,22.6204,20.5016,1462579134,1255,2026-09-18,60.02,1324203521.0
NASDAQ:USCB,USCB,"USCB Financial Holdings, Inc.",Financial Services,Banks - Regional,United States,NASDAQ,426967541.0,23.13,59.52,60.38,9,89.3,3396,False,-1.49,44.16,17.87,21.21,28.93,46.47,58.27,19.6228,19.0827,17.9405,15.7917,14.6139,1987857,1255,2026-09-18,60.87,18459470.0
NASDAQ:RGEN,RGEN,Repligen Corporation,Healthcare,Medical Instruments & Supplies,United States,NASDAQ,9982896999.0,176.89,59.55,59.66,9,89.4,3397,False,-2.82,71.95,24.32,23.19,26.09,19.87,14.9,142.2826,143.589,140.292,147.5643,153.9569,169080287,1255,2026-09-18,61.4,56435621.0
NYSE:MFC,MFC,Manulife Financial Corporation,Financial Services,Insurance - Life,Canada,NYSE,73922633422.0,44.38,59.56,58.41,9,89.4,3398,False,-0.47,48.74,16.0,20.19,33.81,51.98,71.31,38.2575,36.9247,33.1652,29.2017,25.9056,85568828,1255,2026-09-18,56.92,1665674480.0
NASDAQ:PACH,PACH,Pioneer Acquisition I Corp,Financial Services,Shell Companies,United States,NASDAQ,228445874.0,10.33,59.6,61.28,9,89.4,3399,False,-0.1,3.82,1.37,1.67,,,,10.1903,10.1599,,,,642734,275,2026-09-18,69.3,22114799.0
NASDAQ:AVAH,AVAH,Aveanna Healthcare Holdings Inc.,Healthcare,Medical Care Facilities,United States,NASDAQ,2976713625.0,13.67,59.61,63.52,9,89.5,3400,False,-4.94,119.77,58.05,56.73,96.21,147.17,205.84,8.6491,8.7218,6.9669,5.5305,4.4696,49935562,1255,2026-09-18,65.37,217755203.0
NASDAQ:HAFC,HAFC,Hanmi Financial Corporation,Financial Services,Banks - Regional,United States,NASDAQ,958297890.0,32.32,59.61,56.65,9,89.5,3401,False,-2.11,46.26,11.59,14.87,29.21,49.19,56.89,28.9641,28.1361,25.0137,21.6644,20.5999,6868690,1255,2026-09-18,58.39,29650306.0
NYSE:PD,PD,"PagerDuty, Inc.",Technology,Software - Application,United States,NYSE,1079715910.0,14.0,59.61,61.42,9,89.5,3402,False,-15.81,144.33,45.51,28.98,-0.55,-15.63,-26.24,9.6212,10.8542,14.0771,16.5928,18.9807,24170035,1255,2026-09-18,66.37,77122565.0
NASDAQ:MLAB,MLAB,"Mesa Laboratories, Inc.",Technology,Scientific & Technical Instruments,United States,NASDAQ,708101263.0,126.54,59.66,59.95,9,89.5,3403,False,-3.15,98.78,31.13,38.04,25.0,24.26,10.58,96.5026,91.6659,101.2327,101.8346,114.4375,17078060,1255,2026-09-18,60.85,5595869.0
NASDAQ:OABI,OABI,"OmniAb, Inc.",Healthcare,Biotechnology,United States,NASDAQ,648027428.0,4.47,59.67,61.45,9,89.6,3404,False,-11.31,228.68,96.37,108.8,81.18,36.16,21.12,2.2763,2.1408,2.4672,3.283,3.6905,7222537,1247,2026-09-18,59.12,144972579.0
NASDAQ:PAYP,PAYP,PayPay Corporation - American Depository Shares,Technology,Software - Infrastructure,Japan,NASDAQ,11992204921.0,17.71,59.67,57.66,9,89.6,3405,False,-27.89,43.17,,,,,,,,,,,13956673,132,2026-09-18,61.87,677143135.0
NYSE:XFLT,XFLT,XAI Floating Rate & Alternative Income Trust Common Shares of Beneficial Interest,Financial Services,Asset Management,United States,NYSE,292889899.0,19.23,59.67,60.68,9,89.6,3406,False,-15.96,35.61,6.67,2.75,-10.01,-13.39,-10.43,18.0271,18.7152,21.3699,22.2027,21.4686,1192748,1255,2026-09-18,63.13,15230884.0
NASDAQ:ORIQ,ORIQ,Origin Investment Corp I,Financial Services,Shell Companies,Singapore,NASDAQ,89786250.0,10.41,59.69,59.92,9,89.6,3407,False,0.0,4.0,1.55,1.84,,,,10.2511,10.2218,,,,157967,259,2026-09-18,59.69,8625000.0
NASDAQ:PLSE,PLSE,"Pulse Biosciences, Inc",Healthcare,Medical Instruments & Supplies,United States,NASDAQ,3728327185.0,53.87,59.7,61.54,9,89.7,3408,False,-2.41,325.51,108.41,125.09,162.1,215.88,288.42,25.8481,23.9327,20.5534,17.0538,13.8689,34563152,1255,2026-09-18,54.16,69209712.0
NYSE:HNGE,HNGE,"Hinge Health, Inc.",Healthcare,Health Information Services,United States,NYSE,5186847377.0,94.9,59.75,59.58,9,89.7,3409,False,0.0,204.46,61.24,66.95,,,,58.8553,56.8435,,,,191817535,333,2026-09-18,59.48,54655926.0
NASDAQ:BGC,BGC,"BGC Group, Inc.",Financial Services,Capital Markets,United States,NASDAQ,4438702005.0,12.22,59.82,58.22,9,89.7,3410,True,-3.22,48.25,17.47,20.66,24.94,35.7,56.19,10.4026,10.1275,9.7811,9.0053,7.824,41231712,1255,2026-09-18,54.7,363232570.0
NASDAQ:SLDE,SLDE,"Slide Insurance Holdings, Inc.",Financial Services,Insurance - Property & Casualty,United States,NASDAQ,2914452389.0,24.95,59.86,61.16,9,89.7,3411,False,-5.78,78.03,31.24,36.13,,,,19.0114,18.3279,,,,35849010,315,2026-09-18,60.36,116811719.0
AMEX:FLYX,FLYX,"flyExclusive, Inc.",Industrials,Airlines,United States,AMEX,68868987.0,1.33,59.87,52.03,9,89.8,3412,False,-81.6,20.91,-43.12,-50.17,-52.44,,,2.3384,2.6693,2.7964,,,369458,682,2026-09-18,52.22,51781193.0
NASDAQ:HRMY,HRMY,"Harmony Biosciences Holdings, Inc.",Healthcare,Biotechnology,United States,NASDAQ,2432650246.0,42.02,59.89,60.0,9,89.8,3413,False,-1.96,62.24,21.61,24.95,23.24,26.86,18.17,34.5538,33.6283,34.0947,33.1238,35.5579,42612807,1255,2026-09-18,65.61,57892676.0
NASDAQ:BRBI,BRBI,BRBI BR Partners S.A. - ADSs,Financial Services,Capital Markets,Brazil,NASDAQ,291363079.0,11.1,59.9,55.12,9,89.8,3414,False,-50.09,21.51,-13.96,,,,,12.9007,,,,,6837,251,2026-09-18,59.9,26248926.0
NASDAQ:EBAY,EBAY,eBay Inc.,Consumer Cyclical,Internet Retail,United States,NASDAQ,49656960000.0,111.84,59.93,56.22,9,89.8,3415,False,-5.44,42.13,12.61,15.49,34.11,57.37,75.88,99.3121,96.8365,83.3952,71.0659,63.5878,554765626,1255,2026-09-18,62.57,444000000.0
NYSE:CNH,CNH,CNH Industrial N.V.,Industrials,Farm & Heavy Construction Machinery,United Kingdom,NYSE,16677334723.0,13.45,59.95,60.29,9,89.9,3416,False,-6.6,47.29,23.71,25.19,19.12,21.42,15.5,10.8726,10.7435,11.2908,11.0777,11.6448,332523979,1255,2026-09-18,61.36,1239950537.0
NASDAQ:MAKO,MAKO,Mako Mining Corp,Basic Materials,Gold,Canada,NASDAQ,922931379.0,10.54,59.95,59.79,9,89.9,3417,False,-4.79,113.79,38.1,46.73,106.1,159.61,213.92,7.6321,7.1832,5.114,4.0599,3.3575,2142204,1255,2026-09-18,59.46,87564647.0
NYSE:BNS,BNS,Bank Nova Scotia Halifax Pfd 3,Financial Services,Banks - Diversified,Canada,NYSE,114680124040.0,94.07,59.99,59.51,9,89.9,3418,False,-0.9,51.68,19.63,24.34,48.71,67.5,78.88,78.6373,75.6568,63.2569,56.1602,52.5882,194285865,1255,2026-09-18,60.14,1219093484.0
NASDAQ:PANL,PANL,Pangaea Logistics Solutions Ltd.,Industrials,Marine Shipping,United States,NASDAQ,548177055.0,8.38,59.99,59.09,9,89.9,3419,False,-8.65,89.67,11.54,18.64,39.23,36.16,43.96,7.5127,7.0636,6.019,6.1547,5.8212,3677522,1255,2026-09-18,61.09,65414923.0
NASDAQ:TWLV,TWLV,Twelve Seas Investment Company III,Financial Services,Shell Companies,United States,NASDAQ,178692150.0,10.07,60.0,61.32,9,90.0,3420,False,-2.99,2.34,,,,,,,,,,,208386,174,2026-09-18,60.0,17745000.0
NASDAQ:VFF,VFF,"Village Farms International, Inc.",Consumer Defensive,Farm Products,United States,NASDAQ,345943609.0,2.84,60.0,61.5,9,90.0,3421,False,-32.06,54.35,0.62,-2.65,41.6,71.4,84.25,2.8226,2.9174,2.0057,1.6569,1.5414,2102516,1255,2026-09-18,60.0,121811130.0
NASDAQ:BTDR,BTDR,Bitdeer Technologies Group,Technology,Software - Application,Singapore,NASDAQ,2579911091.0,12.97,60.01,55.86,10,90.0,3422,False,-49.92,78.16,8.03,-2.4,-0.99,16.33,19.39,12.0065,13.2895,13.1,11.1496,10.8633,131514792,1255,2026-09-18,49.98,198913731.0
NASDAQ:HOOD,HOOD,"Robinhood Markets, Inc.",Financial Services,Capital Markets,United States,NASDAQ,94733314638.0,119.82,60.01,58.47,10,90.0,3423,False,-21.41,83.89,26.26,16.78,49.01,103.74,157.16,94.9007,102.6032,80.4102,58.8092,46.5928,2771861417,1255,2026-09-18,52.19,790630234.0
NASDAQ:XHLD,XHLD,"TEN Holdings, Inc.",Communication Services,Broadcasting,United States,NASDAQ,117858039.0,9.84,60.04,62.73,10,90.1,3424,False,-21.47,1134.63,278.04,234.98,,,,2.6029,2.9375,,,,35795990,401,2026-09-18,59.45,11977443.0
NYSE:MPV,MPV,Barings Participation Investors,Financial Services,Asset Management,United States,NYSE,183575924.0,17.04,60.05,58.68,10,90.1,3425,False,-10.04,13.54,0.62,-1.02,4.36,13.9,25.86,16.9345,17.2153,16.3284,14.9611,13.5384,384820,1255,2026-09-18,61.11,10773235.0
NASDAQ:VRNS,VRNS,"Varonis Systems, Inc.",Technology,Software - Infrastructure,United States,NASDAQ,5462764667.0,47.56,60.06,58.77,10,90.1,3426,False,-24.88,135.56,43.1,30.67,11.3,9.88,22.29,33.2351,36.3975,42.7321,43.2854,38.8913,90507920,1255,2026-09-18,61.2,114860485.0
NASDAQ:ABSI,ABSI,Absci Corporation,Healthcare,Biotechnology,United States,NASDAQ,1634713213.0,9.65,60.08,56.9,10,90.2,3427,False,-16.95,319.57,74.63,88.66,130.99,141.79,171.65,5.5261,5.115,4.1776,3.9911,3.5523,29315445,1255,2026-09-18,56.54,169400333.0
NASDAQ:BMEA,BMEA,"Biomea Fusion, Inc.",Healthcare,Biotechnology,United States,NASDAQ,132307975.0,1.83,60.09,60.44,10,90.2,3428,False,-31.46,91.22,29.86,27.2,-33.75,-67.77,-78.7,1.4092,1.4387,2.7621,5.6778,8.5919,4287435,1255,2026-09-18,58.05,72299440.0
NASDAQ:CLSK,CLSK,"CleanSpark, Inc.",Financial Services,Capital Markets,United States,NASDAQ,3713126529.0,14.47,60.09,56.02,10,90.2,3429,False,-37.63,76.89,14.91,9.23,22.91,21.66,47.23,12.5927,13.2472,11.7724,11.894,9.8282,226754999,1255,2026-09-18,53.98,256608606.0
NYSE:LXP,LXP,LXP Industrial Trust Common Stock (Maryland REIT),Real Estate,REIT - Industrial,United States,NYSE,3585191224.0,60.81,60.1,63.81,10,90.2,3430,False,-0.56,43.96,16.97,20.4,34.25,40.18,41.7,51.9885,50.5076,45.2958,43.3809,42.9139,46442522,1255,2026-09-18,62.96,58957264.0
NYSE:FSCO,FSCO,FS Credit Opportunities Corp.,Financial Services,Asset Management,United States,NYSE,1061915636.0,5.25,60.13,61.03,10,90.3,3431,False,-18.95,23.68,3.54,0.29,-4.59,2.36,,5.0705,5.2349,5.5024,5.1291,,4183212,964,2026-09-18,72.33,202269645.0
NASDAQ:PFG,PFG,Principal Financial Group Inc,Financial Services,Asset Management,United States,NASDAQ,25193693106.0,117.67,60.15,58.99,10,90.3,3432,True,-0.71,55.28,18.98,23.99,37.14,45.29,50.18,98.8979,94.9046,85.8022,80.9886,78.3541,162067420,1255,2026-09-18,56.19,214104641.0
NASDAQ:CRSR,CRSR,"Corsair Gaming, Inc.",Technology,Computer Hardware,United States,NASDAQ,1430083983.0,13.38,60.16,59.29,10,90.3,3433,False,-6.76,192.14,69.09,70.94,65.29,44.23,21.69,7.9129,7.8274,8.0947,9.2767,10.9949,14581386,1255,2026-09-18,61.67,106882211.0
NASDAQ:NECB,NECB,"NorthEast Community Bancorp, Inc.",Financial Services,Banks - Regional,United States,NASDAQ,375836543.0,27.29,60.16,57.51,10,90.3,3434,False,-2.76,43.58,11.24,15.85,17.9,31.87,45.61,24.5329,23.5568,23.1465,20.6945,18.7414,1116676,1255,2026-09-18,60.41,13771951.0
NASDAQ:ROIV,ROIV,Roivant Sciences Ltd.,Healthcare,Biotechnology,United Kingdom,NASDAQ,28730097477.0,39.77,60.17,59.97,10,90.4,3435,False,-4.88,170.54,35.31,46.92,106.93,142.81,177.99,29.3924,27.0688,19.2187,16.3792,14.3061,397671490,1255,2026-09-18,61.41,722406273.0
NASDAQ:CFFN,CFFN,"Capitol Federal Financial, Inc.",Financial Services,Banks - Regional,United States,NASDAQ,1098082409.0,8.9,60.19,58.84,10,90.4,3436,True,-2.23,55.65,16.54,21.87,38.48,50.87,50.42,7.6372,7.3028,6.4268,5.8991,5.9166,7824022,1255,2026-09-18,56.35,123380046.0
NASDAQ:JRSH,JRSH,"Jerash Holdings (US), Inc.",Consumer Cyclical,Apparel Manufacturing,United States,NASDAQ,71627662.0,5.64,60.22,60.05,10,90.4,3437,False,0.0,103.21,52.03,57.42,70.86,83.87,78.82,3.7098,3.5827,3.301,3.0675,3.154,439038,1255,2026-09-18,59.72,12699940.0
NASDAQ:SCWO,SCWO,374Water Inc.,Industrials,Pollution & Treatment Controls,United States,NASDAQ,54760928.0,3.13,60.23,61.02,10,90.4,3438,False,-55.29,77.84,21.4,11.18,-30.89,-56.9,-75.54,2.5784,2.8154,4.5293,7.2628,12.7966,198158,1255,2026-09-18,66.97,17495504.0
NASDAQ:FTEK,FTEK,"Fuel Tech, Inc.",Industrials,Pollution & Treatment Controls,United States,NASDAQ,54850838.0,1.76,60.26,58.28,10,90.5,3439,False,-50.0,47.9,17.87,2.42,8.77,22.08,24.98,1.4932,1.7185,1.6181,1.4416,1.4083,391539,1255,2026-09-18,61.7,31165249.0
NASDAQ:SY,SY,So-Young International Inc. - American Depository Shares,Healthcare,Health Information Services,China,NASDAQ,233146023.0,2.75,60.28,60.2,10,90.5,3440,False,-38.48,108.33,6.88,-0.42,24.68,52.42,57.99,2.573,2.7616,2.2057,1.8043,1.7406,3239820,1255,2026-09-18,61.95,84780372.0
NASDAQ:MFIN,MFIN,Medallion Financial Corp.,Financial Services,Credit Services,United States,NASDAQ,276038907.0,11.98,60.32,62.51,10,90.5,3441,False,-1.96,53.64,21.5,22.54,30.7,40.46,50.12,9.8597,9.7762,9.1662,8.5291,7.9803,835525,1255,2026-09-18,57.72,23041645.0
NASDAQ:RUM,RUM,RUM Group Inc.,Communication Services,Internet Content & Information,United States,NASDAQ,2506512378.0,9.09,60.33,58.85,10,90.6,3442,False,-11.14,94.65,35.4,34.54,19.66,29.18,19.78,6.7136,6.7564,7.5964,7.0368,7.5892,53513865,1255,2026-09-18,58.63,275743936.0
NYSE:PBR,PBR,Petroleo Brasileiro S.A. Petrobras ADS,Energy,Oil & Gas Integrated,Brazil,NYSE,77399206373.0,20.8,60.38,60.53,10,90.6,3443,False,-4.46,88.05,23.21,31.23,50.98,59.05,78.24,16.8822,15.8506,13.7767,13.0775,11.6698,458940235,1255,2026-09-18,62.09,3721115691.0
NASDAQ:PDEX,PDEX,"Pro-Dex, Inc.",Healthcare,Medical Instruments & Supplies,United States,NASDAQ,231634665.0,72.55,60.38,58.54,10,90.6,3444,True,-1.17,203.43,36.77,49.06,57.88,97.12,127.14,53.0436,48.6722,45.9532,36.8055,31.9405,4976831,1255,2026-09-18,56.71,3192759.0
NASDAQ:CRWD,CRWD,"CrowdStrike Holdings, Inc.",Technology,Software - Infrastructure,United States,NASDAQ,241989317892.0,237.65,60.41,59.4,10,90.6,3445,False,-3.28,171.41,61.7,66.16,97.16,129.68,175.73,146.9693,143.0273,120.5392,103.4686,86.1907,2804367418,1255,2026-09-18,65.41,1018259280.0
NYSE:REXR,REXR,"Rexford Industrial Realty, Inc.",Real Estate,REIT - Industrial,United States,NYSE,8560549898.0,38.39,60.44,58.72,10,90.7,3446,False,-9.98,21.3,5.86,3.61,3.48,-2.78,-8.08,36.2662,37.0517,37.0989,39.4861,41.7667,98262666,1255,2026-09-18,60.96,222989057.0
NASDAQ:ORBS,ORBS,Eightco Holdings Inc.,Consumer Cyclical,Packaging & Containers,United States,NASDAQ,403532006.0,1.04,60.45,58.91,10,90.7,3447,False,-92.12,80.24,-7.75,-55.11,-54.15,-57.31,-93.19,1.1274,2.3169,2.2682,2.4362,15.2611,12696007,1088,2026-09-18,53.55,388011544.0
NYSE:WEAV,WEAV,"Weave Communications, Inc.",Healthcare,Health Information Services,United States,NYSE,580033479.0,7.29,60.5,58.79,10,90.7,3448,False,-6.42,66.82,19.64,17.38,-18.07,-21.65,-15.35,6.0932,6.2106,8.8975,9.3048,8.6119,21832140,1217,2026-09-18,62.87,79565635.0
NYSE:DE,DE,Deere & Company,Industrials,Farm & Heavy Construction Machinery,United States,NYSE,184750679815.0,683.99,60.62,59.87,10,90.7,3449,False,-2.06,57.17,18.86,23.87,35.56,48.9,55.34,575.436,552.2045,504.5683,459.3636,440.3068,914542435,1255,2026-09-18,61.39,270107282.0
NASDAQ:UROY,UROY,Uranium Royalty Corp.,Energy,Uranium,United States,NASDAQ,1737666970.0,4.56,60.67,60.79,10,90.8,3450,False,-16.48,74.71,21.47,19.56,47.22,55.27,64.51,3.754,3.8139,3.0975,2.9368,2.7719,19478518,1255,2026-09-18,58.59,381067318.0
NYSE:BMNR,BMNR,"BitMine Immersion Technologies, Inc.",Financial Services,Capital Markets,United States,NYSE,15677853980.0,25.99,60.68,60.27,10,90.8,3451,False,-58.88,95.27,17.7,-3.97,,,,22.0821,27.0636,,,,1166083923,324,2026-09-18,54.26,603226394.0
NASDAQ:AUPH,AUPH,Aurinia Pharmaceuticals Inc,Healthcare,Biotechnology,Canada,NASDAQ,2173368240.0,16.9,60.69,57.6,10,90.8,3452,False,-9.24,52.94,8.91,12.33,42.88,67.15,73.48,15.5176,15.0453,11.8283,10.1108,9.7417,13756111,1255,2026-09-18,61.82,128601671.0
NASDAQ:RWAY,RWAY,Runway Growth Finance Corp.,Financial Services,Asset Management,United States,NASDAQ,284087813.0,6.69,60.69,60.55,10,90.8,3453,False,-24.48,33.56,2.34,-2.94,-10.98,-13.49,-11.52,6.5368,6.8924,7.5154,7.7329,7.5606,2534616,1232,2026-09-18,60.69,42464546.0
NYSE:AMTB,AMTB,Amerant Bancorp Inc.,Financial Services,Banks - Regional,United States,NYSE,1146359810.0,29.8,60.73,60.67,10,90.9,3454,False,-2.25,81.35,26.1,32.57,39.55,40.86,39.31,23.6314,22.4793,21.354,21.1558,21.3904,9549987,1255,2026-09-18,58.38,38468450.0
NASDAQ:MXL,MXL,"MaxLinear, Inc",Technology,Semiconductors,United States,NASDAQ,7357031654.0,81.12,60.76,56.03,10,90.9,3455,False,-36.64,521.61,62.27,89.09,180.5,216.37,198.76,49.9921,42.9002,28.9202,25.6405,27.1525,161001049,1255,2026-09-18,56.1,90693191.0
NASDAQ:DOCU,DOCU,"DocuSign, Inc.",Technology,Software - Application,United States,NASDAQ,13188544075.0,69.07,60.77,61.14,10,90.9,3456,False,-18.75,65.44,28.62,20.41,0.38,8.75,13.36,53.7018,57.364,68.8059,63.5099,60.931,248482467,1255,2026-09-18,65.41,190944608.0
NASDAQ:HNNA,HNNA,"Hennessy Advisors, Inc.",Financial Services,Asset Management,United States,NASDAQ,82026850.0,10.38,60.77,59.38,10,90.9,3457,False,-0.66,22.7,6.93,7.24,4.05,18.77,27.24,9.7075,9.6795,9.976,8.7395,8.1578,77792,1255,2026-09-18,56.61,7902394.0
NASDAQ:IMPP,IMPP,Imperial Petroleum Inc.,Energy,Oil & Gas Midstream,Greece,NASDAQ,255909304.0,5.66,60.79,60.22,10,91.0,3458,False,-10.87,75.78,24.23,20.56,45.13,56.71,55.41,4.5562,4.6946,3.8998,3.6118,3.6421,2893034,1201,2026-09-18,66.5,45213658.0
NYSE:BZH,BZH,"Beazer Homes USA, Inc.",Consumer Cyclical,Residential Construction,United States,NYSE,910763049.0,33.32,60.82,61.56,10,91.0,3459,False,-2.2,84.8,29.27,32.3,30.82,25.09,35.67,25.7761,25.1844,25.4704,26.636,24.5589,22641103,1255,2026-09-18,61.32,27333825.0
AMEX:LEGO,LEGO,Legato Merger Corp. IV,Financial Services,Shell Companies,United States,AMEX,312666670.0,10.0,60.84,60.3,10,91.0,3460,False,0.0,2.04,,,,,,,,,,,467918,130,2026-09-18,60.84,31266667.0
AMEX:OPHC,OPHC,"OptimumBank Holdings, Inc.",Financial Services,Banks - Regional,United States,AMEX,114463827.0,9.33,60.85,61.82,10,91.1,3461,False,-7.62,138.62,57.51,68.24,85.64,98.03,110.24,5.9235,5.5458,5.0258,4.7115,4.4379,1014020,1255,2026-09-18,58.66,12268363.0
NYSE:OPTU,OPTU,"Optimum Communications, Inc.",Communication Services,Telecom Services,United States,NYSE,305269554.0,1.08,60.85,56.33,10,91.1,3462,False,-60.15,78.51,-17.87,-28.15,-45.89,-49.03,-58.44,1.315,1.5032,1.9958,2.1189,2.5984,2214574,1255,2026-09-18,57.48,282656994.0
NASDAQ:PI,PI,"Impinj, Inc.",Technology,Semiconductors,United States,NASDAQ,5537376268.0,181.23,60.86,59.41,10,91.1,3463,False,-25.08,98.41,26.88,19.63,23.64,32.44,41.19,142.8358,151.4886,146.5787,136.839,128.362,64610438,1255,2026-09-18,59.78,30554413.0
NASDAQ:NUTX,NUTX,Nutex Health Inc.,Healthcare,Medical Care Facilities,United States,NASDAQ,1436754770.0,208.79,60.87,60.43,10,91.1,3464,False,-3.93,139.96,44.06,51.07,97.77,172.6,122.81,144.9315,138.2094,105.5713,76.5909,93.7063,31587307,1119,2026-09-18,66.1,6881339.0
NASDAQ:CMPS,CMPS,COMPASS Pathways Plc - American Depository Shares,Healthcare,Medical Care Facilities,United Kingdom,NASDAQ,2049880171.0,15.19,60.91,59.01,10,91.2,3465,False,0.0,210.0,58.63,72.39,130.26,115.99,99.33,9.5756,8.8114,6.597,7.0326,7.6205,37958620,1255,2026-09-18,59.68,134949320.0
NASDAQ:OESX,OESX,"Orion Energy Systems, Inc.",Industrials,Electrical Equipment & Parts,United States,NASDAQ,111555620.0,27.5,60.94,62.47,10,91.2,3466,True,-9.9,245.48,101.68,111.33,166.18,169.27,128.98,13.6358,13.0126,10.3313,10.2129,12.0098,2795546,1255,2026-09-18,59.86,4056568.0
NYSE:GNK,GNK,Genco Shipping & Trading Limited Ordinary Shares New (Marshall Islands),Industrials,Marine Shipping,United States,NYSE,1218414346.0,27.96,60.96,59.89,10,91.2,3467,False,-0.57,93.86,25.32,33.0,61.71,68.93,82.55,22.3106,21.0223,17.2901,16.5513,15.3165,22197943,1255,2026-09-18,62.32,43577051.0
NASDAQ:AMRX,AMRX,"Amneal Pharmaceuticals, Inc.",Healthcare,Drug Manufacturers - Specialty & Generic,United States,NASDAQ,5974689484.0,18.71,60.98,58.59,10,91.3,3468,False,-2.04,94.9,28.02,35.38,69.36,100.64,146.18,14.6149,13.8206,11.0476,9.3252,7.6003,36848309,1255,2026-09-18,57.37,319331346.0
NYSE:MCI,MCI,Barings Corporate Investors,Financial Services,Asset Management,United States,NYSE,393231536.0,19.13,60.98,61.24,10,91.3,3469,False,-7.19,19.97,6.92,5.52,5.44,13.48,25.34,17.8913,18.1298,18.1427,16.8583,15.2629,977340,1255,2026-09-18,59.14,20555752.0
NASDAQ:FAC,FAC,Factorial Energy Inc.,Industrials,Electrical Equipment & Parts,United States,NASDAQ,571940631.0,6.25,60.99,53.04,10,91.3,3470,False,-71.51,35.87,-33.84,-34.77,,,,9.4469,9.581,,,,2152427,312,2026-09-18,53.87,91510501.0
NASDAQ:HFBL,HFBL,"Home Federal Bancorp, Inc. of Louisiana",Financial Services,Banks - Regional,United States,NASDAQ,80655376.0,26.51,60.99,60.79,10,91.3,3471,False,-1.19,102.64,34.13,42.09,70.94,86.72,84.5,19.7642,18.6572,15.5082,14.1975,14.3687,18212,1255,2026-09-18,47.78,3042451.0
NASDAQ:ODD,ODD,ODDITY Tech Ltd.,Consumer Defensive,Household & Personal Products,Israel,NASDAQ,626199503.0,18.11,60.99,59.08,10,91.3,3472,False,-71.13,84.61,-12.06,-31.49,-54.07,-53.43,,20.5931,26.4359,39.4314,38.8914,,30740506,796,2026-09-18,67.93,34577554.0
NASDAQ:RIOT,RIOT,"Riot Platforms, Inc.",Financial Services,Capital Markets,United States,NASDAQ,8981091712.0,23.75,60.99,56.99,10,91.3,3473,False,-17.22,100.76,25.1,25.94,61.65,76.26,92.22,18.9853,18.8575,14.6925,13.4744,12.3556,325963312,1255,2026-09-18,54.89,378151230.0
NASDAQ:FDMT,FDMT,"4D Molecular Therapeutics, Inc.",Healthcare,Biotechnology,United States,NASDAQ,795644586.0,15.22,61.01,59.93,10,91.4,3474,False,-9.19,130.61,48.47,49.29,90.57,26.71,14.46,10.2514,10.1949,7.9867,12.0113,13.2978,12748949,1255,2026-09-18,57.44,52276254.0
NASDAQ:VEEA,VEEA,Veea Inc.,Technology,Information Technology Services,United States,NASDAQ,245270441.0,4.45,61.02,56.9,10,91.4,3475,False,-75.89,185.26,-49.03,-53.7,-85.43,-95.18,-96.31,8.7302,9.6108,30.5353,92.3669,120.6661,69909264,1255,2026-09-18,70.66,55116953.0
NASDAQ:ESEA,ESEA,Euroseas Ltd.,Industrials,Marine Shipping,Greece,NASDAQ,547427012.0,77.59,61.06,58.38,10,91.4,3476,False,-1.21,52.92,19.34,22.94,58.32,89.79,128.11,65.0185,63.1124,49.008,40.8818,34.0139,2950085,1255,2026-09-18,52.38,7055381.0
NYSE:BGR,BGR,BlackRock Energy and Resources Trust,Financial Services,Asset Management,United States,NYSE,447774048.0,17.59,61.07,61.16,10,91.5,3477,False,-1.12,45.18,15.27,19.71,33.89,43.31,51.87,15.2593,14.6944,13.1372,12.2738,11.5822,1654710,1255,2026-09-18,61.07,25456171.0
NASDAQ:TECH,TECH,Bio-Techne Corp,Healthcare,Biotechnology,United States,NASDAQ,11276016885.0,72.37,61.07,64.65,10,91.5,3478,False,-0.14,67.63,18.02,18.76,18.03,12.54,6.95,61.3204,60.9392,61.3165,64.3047,67.6695,189574014,1255,2026-09-18,62.51,155810652.0
NASDAQ:VLGEA,VLGEA,"Village Super Market, Inc.",Consumer Defensive,Grocery Stores,United States,NASDAQ,478022114.0,44.74,61.07,57.73,10,91.5,3479,True,-4.59,46.4,9.96,14.18,23.8,38.04,52.67,40.6865,39.1833,36.1401,32.4107,29.3059,2950234,1255,2026-09-18,56.5,10684446.0
NASDAQ:LAB,LAB,Standard BioTools Inc.,Healthcare,Medical Devices,United States,NASDAQ,302285682.0,0.77,61.09,53.97,10,91.6,3480,False,-54.17,20.31,-25.39,-29.11,-39.3,-51.99,-53.9,1.032,1.0862,1.2685,1.6039,1.6702,1182036,1255,2026-09-18,54.35,392578808.0
NYSE:ANGX,ANGX,"Angel Studios, Inc.",Communication Services,Entertainment,United States,NYSE,684301395.0,5.27,61.11,60.65,10,91.6,3481,True,-43.45,141.74,38.97,22.93,,,,3.7923,4.287,,,,8482127,257,2026-09-18,54.29,129848462.0
NASDAQ:HVMC,HVMC,Highview Merger Corp.,Financial Services,Shell Companies,United States,NASDAQ,242751600.0,10.26,61.11,63.12,10,91.6,3482,True,-0.1,3.22,1.39,,,,,10.1193,,,,,377861,241,2026-09-18,56.03,23660000.0
NASDAQ:DRTS,DRTS,Alpha Tau Medical Ltd.,Healthcare,Biotechnology,Israel,NASDAQ,1376566350.0,15.24,61.12,60.32,10,91.6,3483,False,-1.61,339.19,64.22,86.11,174.69,228.93,243.37,9.28,8.1888,5.5481,4.6332,4.4383,9589405,1255,2026-09-18,65.13,90325876.0
NASDAQ:XMTR,XMTR,"Xometry, Inc.",Industrials,Industrial Distribution,United States,NASDAQ,5225421660.0,97.18,61.13,57.65,10,91.7,3484,False,-7.32,169.2,38.38,45.14,96.88,145.56,162.0,70.2286,66.9548,49.36,39.5755,37.0921,59912032,1255,2026-09-18,58.71,53770546.0
NASDAQ:ISRG,ISRG,"Intuitive Surgical, Inc.",Healthcare,Medical Instruments & Supplies,United States,NASDAQ,140921500687.0,393.33,61.16,55.76,10,91.7,3485,False,-33.65,18.47,-13.57,-15.42,-20.13,-13.33,-3.63,455.1056,465.0229,492.4655,453.8325,408.1357,863702721,1255,2026-09-18,56.09,358278038.0
NASDAQ:TMS,TMS,Teamshares Inc.,Financial Services,Financial Conglomerates,United States,NASDAQ,585244343.0,8.13,61.19,56.52,10,91.7,3486,False,-34.96,50.83,-13.56,-15.14,,,,9.4059,9.5808,,,,1623843,356,2026-09-18,54.67,71985774.0
NYSE:NXDR,NXDR,"Nextdoor Holdings, Inc.",Communication Services,Internet Content & Information,United States,NYSE,632192400.0,2.49,61.27,57.88,10,91.7,3487,False,-10.11,83.09,24.73,25.61,23.37,21.6,16.31,1.9963,1.9823,2.0184,2.0476,2.1409,5258599,1220,2026-09-18,60.64,253892530.0
NYSE:AMWL,AMWL,American Well Corporation,Healthcare,Health Information Services,United States,NYSE,207091335.0,13.75,61.28,60.45,10,91.8,3488,False,-0.87,263.76,79.53,92.09,76.75,27.72,-37.79,7.6591,7.1581,7.7795,10.7661,22.1035,1264923,1255,2026-09-18,60.34,15061188.0
NYSE:AVBC,AVBC,"Avidia Bancorp, Inc.",Financial Services,Banks - Regional,United States,NYSE,419508295.0,22.59,61.28,59.25,10,91.8,3489,True,0.0,58.46,15.67,21.49,,,,19.529,18.5934,,,,3987217,285,2026-09-18,55.62,18570531.0
AMEX:USBC,USBC,"USBC, Inc.",Technology,Scientific & Technical Instruments,United States,AMEX,197953659.0,0.51,61.28,59.87,10,91.8,3490,False,-62.22,70.0,14.68,-6.4,-78.95,-93.72,-97.24,0.4447,0.5449,2.4227,8.1157,18.455,244433,1254,2026-09-18,55.58,388144429.0
NASDAQ:LCCC,LCCC,Lakeshore Acquisition III Corp.,Financial Services,Shell Companies,United States,NASDAQ,93680600.0,10.52,61.33,61.72,10,91.8,3491,False,-0.38,4.57,1.71,2.17,,,,10.3432,10.2965,,,,5628,313,2026-09-18,61.33,8905000.0
NASDAQ:FTRE,FTRE,Fortrea Holdings Inc.,Healthcare,Biotechnology,United States,NASDAQ,1895343000.0,19.93,61.39,58.67,10,91.9,3492,False,-3.72,137.26,33.52,42.57,52.3,6.1,,14.9264,13.9795,13.0862,18.784,,25800843,817,2026-09-18,64.62,95100000.0
NASDAQ:PBYI,PBYI,Puma Biotechnology Inc,Healthcare,Biotechnology,United States,NASDAQ,488634778.0,9.6,61.4,60.25,10,91.9,3493,False,-0.93,117.19,32.26,41.03,90.18,103.98,119.1,7.2587,6.807,5.0478,4.7063,4.3816,2715804,1255,2026-09-18,59.95,50899456.0
NYSE:PBT,PBT,Permian Basin Royalty Trust,Energy,Oil & Gas Midstream,United States,NYSE,1645290499.0,35.3,61.41,61.98,10,91.9,3494,False,-2.24,115.6,45.08,53.38,103.15,120.96,106.71,24.3316,23.0146,17.3763,15.9759,17.0771,3621494,1255,2026-09-18,58.36,46608796.0
NASDAQ:SNDK,SNDK,Sandisk Corporation - Common Stock When-Issued,Technology,Computer Hardware,United States,NASDAQ,265350175371.0,1791.8199,61.43,57.36,10,91.9,3495,False,-23.26,1800.33,67.74,102.81,,,,1068.2381,883.5057,,,,17224574474,401,2026-09-18,52.85,148089758.0
NYSE:CLPR,CLPR,Clipper Realty Inc.,Real Estate,REIT - Residential,United States,NYSE,55097300.0,3.41,61.45,60.56,10,92.0,3496,False,-9.33,29.03,11.54,8.64,-1.1,-2.17,-9.32,3.0572,3.1387,3.4478,3.4857,3.7607,173588,1255,2026-09-18,61.45,16157566.0
NYSE:IQV,IQV,"IQVIA Holdings, Inc.",Healthcare,Diagnostics & Research,United States,NYSE,43852732000.0,266.42,61.47,63.07,10,92.0,3497,False,-1.91,70.06,30.84,30.11,36.07,29.87,29.4,203.6282,204.7673,195.7909,205.1474,205.8849,415458720,1255,2026-09-18,65.73,164600000.0
NASDAQ:OKTA,OKTA,"Okta, Inc.",Technology,Software - Infrastructure,United States,NASDAQ,30295285069.0,182.37,61.47,61.46,10,92.0,3498,False,-4.24,189.8,71.52,77.94,86.67,93.12,106.52,106.3282,102.4907,97.6973,94.4322,88.3059,766958146,1255,2026-09-18,68.16,166119894.0
NASDAQ:UTMD,UTMD,"Utah Medical Products, Inc.",Healthcare,Medical Instruments & Supplies,United States,NASDAQ,235490489.0,73.96,61.52,58.41,10,92.1,3499,False,-0.48,40.12,13.8,16.3,21.78,15.51,6.13,64.9891,63.5953,60.7311,64.0291,69.6849,2630859,1255,2026-09-18,62.7,3184025.0
NYSE:DDD,DDD,3D Systems Corporation,Technology,Computer Hardware,United States,NYSE,603113708.0,3.63,61.55,58.63,10,92.1,3500,False,-6.44,105.08,39.24,38.19,38.87,15.72,-21.13,2.6071,2.6268,2.614,3.137,4.6025,7501822,1255,2026-09-18,59.03,166147027.0
NYSE:SAGU,SAGU,Shreya Acquisition Group,Financial Services,Shell Companies,Mauritius,NYSE,112879088.0,10.05,61.55,61.54,10,92.1,3501,False,0.0,1.82,,,,,,,,,,,890679,82,2026-09-18,59.94,11231750.0
NYSE:WST,WST,"West Pharmaceutical Services, Inc.",Healthcare,Medical Instruments & Supplies,United States,NYSE,25497842330.0,362.31,61.56,59.12,10,92.1,3502,False,-1.17,57.1,21.92,24.28,30.73,20.67,19.79,297.1609,291.5384,277.1333,300.2373,302.4521,194718605,1255,2026-09-18,66.63,70375762.0
NASDAQ:BLFS,BLFS,"BioLife Solutions, Inc.",Healthcare,Medical Instruments & Supplies,United States,NASDAQ,1792578556.0,36.69,61.57,62.34,10,92.2,3503,False,-1.42,102.15,41.68,41.09,45.75,61.45,65.5,25.8973,26.0046,25.1739,22.7258,22.169,34139544,1255,2026-09-18,63.17,48857415.0
NASDAQ:VBNK,VBNK,VersaBank,Financial Services,Banks - Regional,Canada,NASDAQ,733739935.0,22.79,61.58,60.27,10,92.2,3504,False,-3.84,102.78,30.11,39.14,57.73,75.72,97.28,17.5154,16.3794,14.449,12.9698,11.5519,2872171,1255,2026-09-18,68.0,32195697.0
NYSE:RBLX,RBLX,Roblox Corporation,Communication Services,Electronic Gaming & Multimedia,United States,NYSE,32039064686.0,47.82,61.64,57.34,10,92.2,3505,False,-66.22,34.55,-17.29,-32.03,-34.56,-22.03,-13.52,57.8139,70.3543,73.073,61.3307,55.2964,435993228,1255,2026-09-18,60.92,669992988.0
NASDAQ:IBEX,IBEX,IBEX Limited,Technology,Information Technology Services,United States,NASDAQ,538242463.0,40.2,61.67,61.48,10,92.2,3506,False,-4.29,52.27,21.22,18.01,36.72,60.77,65.11,33.1641,34.0645,29.4037,25.0046,24.3478,6162368,1255,2026-09-18,66.73,13389116.0
AMEX:HYLN,HYLN,Hyliion Holdings Corp.,Consumer Cyclical,Auto Parts,United States,AMEX,748974408.0,4.2,61.69,55.46,10,92.3,3507,False,-48.15,165.82,32.39,42.61,70.41,101.08,97.0,3.1726,2.9451,2.4647,2.0888,2.132,6874254,1255,2026-09-18,58.82,178327240.0
NASDAQ:FMAO,FMAO,"Farmers & Merchants Bancorp, Inc.",Financial Services,Banks - Regional,United States,NASDAQ,489183720.0,35.53,61.7,61.53,10,92.3,3508,False,-0.78,58.39,25.48,29.63,35.19,46.85,50.63,28.3149,27.4083,26.281,24.195,23.5874,1710915,1255,2026-09-18,63.97,13768188.0
NASDAQ:INTC,INTC,Intel Corporation,Technology,Semiconductors,United States,NASDAQ,547778400000.0,108.6,61.74,57.16,10,92.3,3509,False,-22.95,277.61,40.75,57.95,139.26,157.36,178.55,77.1559,68.7571,45.3908,42.1979,38.988,9540042184,1255,2026-09-18,62.01,5044000000.0
NASDAQ:HIVE,HIVE,HIVE Digital Technologies Ltd,Financial Services,Capital Markets,United States,NASDAQ,933107442.0,3.41,61.77,56.99,10,92.3,3510,False,-51.01,94.86,17.68,4.46,15.16,11.47,8.9,2.8976,3.2644,2.9611,3.0591,3.1314,48555460,1255,2026-09-18,54.58,273638546.0
NASDAQ:NTWK,NTWK,NETSOL Technologies Inc.,Technology,Software - Application,United States,NASDAQ,51662401.0,4.35,61.8,57.07,10,92.4,3511,False,-16.67,55.36,15.33,13.17,27.27,40.5,45.27,3.7718,3.8437,3.4178,3.096,2.9944,85849,1255,2026-09-18,69.05,11876414.0
NYSE:DELL,DELL,Dell Technologies Inc.,Technology,Computer Hardware,United States,NYSE,184646024426.0,568.06,61.81,60.88,10,92.4,3512,False,-3.46,413.87,108.92,131.82,217.23,273.78,356.28,271.9089,245.046,179.0693,151.9762,124.4968,5223008732,1255,2026-09-18,66.44,325046693.0
NASDAQ:FFIV,FFIV,"F5, Inc.",Technology,Software - Infrastructure,United States,NASDAQ,24550536780.0,432.03,61.86,58.85,10,92.4,3513,False,-0.6,92.88,28.82,33.01,44.62,67.47,87.69,335.371,324.8042,298.7285,257.9692,230.1808,215440780,1255,2026-09-18,63.32,56826000.0
NASDAQ:SND,SND,"Smart Sand, Inc.",Energy,Oil & Gas Equipment & Services,United States,NASDAQ,231262964.0,5.38,61.97,59.02,10,92.4,3514,False,-5.56,180.54,17.69,31.97,79.27,108.01,131.15,4.5713,4.0767,3.001,2.5864,2.3275,1169393,1255,2026-09-18,58.89,42985681.0
NASDAQ:NVAX,NVAX,"Novavax, Inc.",Healthcare,Biotechnology,United States,NASDAQ,1662469383.0,10.11,61.99,60.06,10,92.5,3515,False,-9.65,62.54,16.33,18.12,20.14,20.99,10.18,8.6907,8.5587,8.415,8.3563,9.1761,57345641,1255,2026-09-18,60.77,164438119.0
NASDAQ:RUSHB,RUSHB,"Rush Enterprises, Inc.",Consumer Cyclical,Auto & Truck Dealerships,United States,NASDAQ,924258404.0,55.42,62.01,59.95,10,92.5,3516,False,-2.77,74.89,22.69,28.23,40.93,54.0,66.81,45.1691,43.2176,39.3238,35.9877,33.2237,12299342,1255,2026-09-18,69.36,16677344.0
NASDAQ:VALU,VALU,"Value Line, Inc.",Financial Services,Financial Data & Stock Exchanges,United States,NASDAQ,384876758.0,41.0,62.03,58.72,10,92.5,3517,False,0.0,29.31,13.51,13.16,6.85,6.28,1.15,36.1187,36.2316,38.3723,38.576,40.5325,177111,1255,2026-09-18,60.52,9387238.0
NASDAQ:OSPN,OSPN,OneSpan Inc.,Technology,Software - Infrastructure,United States,NASDAQ,649145604.0,17.51,62.07,61.45,10,92.6,3518,False,-2.45,75.74,34.97,33.26,22.35,33.16,34.39,12.9737,13.1395,14.3115,13.1495,13.0291,8496445,1255,2026-09-18,69.47,37072850.0
NASDAQ:IRHO,IRHO,Iron Horse Acquisitions II Corp.,Financial Services,Shell Companies,United States,NASDAQ,294959200.0,10.06,62.13,60.57,10,92.6,3519,False,-0.1,2.13,,,,,,,,,,,815903,155,2026-09-18,62.13,29320000.0
NASDAQ:GLBS,GLBS,Globus Maritime Limited,Industrials,Marine Shipping,Greece,NASDAQ,84602620.0,3.92,62.17,60.97,10,92.6,3520,False,-0.25,276.92,67.31,86.43,130.52,117.18,140.75,2.3429,2.1027,1.7005,1.8049,1.6282,583849,1255,2026-09-18,62.64,21582301.0
NASDAQ:RXRX,RXRX,"Recursion Pharmaceuticals, Inc.",Healthcare,Biotechnology,United States,NASDAQ,2009516223.0,3.83,62.17,58.95,10,92.6,3521,False,-43.59,34.86,6.21,-2.36,-23.65,-38.22,-44.21,3.6061,3.9225,5.0166,6.1994,6.8654,58931565,1255,2026-09-18,55.98,524677865.0
NYSE:VIA,VIA,"Via Transportation, Inc.",Technology,Software - Application,United States,NYSE,2167042270.0,27.98,62.17,62.92,10,92.6,3522,False,-48.12,110.22,35.03,7.41,,,,20.7206,26.0488,,,,22207480,256,2026-09-18,61.54,77449688.0
NYSE:AES,AES,The AES Corporation,Utilities,Utilities - Diversified,United States,NYSE,10576128884.0,14.83,62.22,61.76,10,92.7,3523,False,-12.08,20.22,3.2,4.64,13.91,7.75,-3.54,14.3708,14.1729,13.0186,13.763,15.375,117777042,1255,2026-09-18,67.2,713157713.0
NASDAQ:BDSX,BDSX,"Biodesix, Inc.",Healthcare,Diagnostics & Research,United States,NASDAQ,302389623.0,29.2,62.28,60.78,10,92.7,3524,False,-4.58,434.8,83.89,106.75,86.31,38.52,23.35,15.8788,14.1231,15.6728,21.0807,23.6716,3004698,1255,2026-09-18,61.07,10355809.0
NASDAQ:AUGO,AUGO,Aura Minerals Inc.,Basic Materials,Gold,United States,NASDAQ,7368875000.0,88.25,62.43,61.34,10,92.7,3525,False,-17.54,200.43,26.75,41.53,,,,69.6256,62.3555,,,,88764135,297,2026-09-18,63.59,83500000.0
NYSE:MATX,MATX,"Matson, Inc.",Industrials,Marine Shipping,United States,NYSE,6965113437.0,232.92,62.44,62.01,10,92.8,3526,False,-2.38,167.01,31.87,44.76,63.51,77.5,101.91,176.6305,160.8983,142.4526,131.2262,115.3585,66429492,1255,2026-09-18,65.79,29903458.0
NYSE:FPS,FPS,"Forgent Power Solutions, Inc.",Industrials,Electrical Equipment & Parts,United States,NYSE,10253262905.0,39.44,62.47,56.27,10,92.8,3527,False,-38.94,41.01,,,,,,,,,,,310707754,156,2026-09-18,60.15,259971169.0
NYSE:ZIM,ZIM,ZIM Integrated Shipping Services Ltd.,Industrials,Marine Shipping,Israel,NYSE,3627641947.0,30.1,62.55,60.81,10,92.8,3528,False,-0.86,150.13,20.99,32.41,60.77,97.88,120.38,24.8786,22.733,18.7224,15.2111,13.6584,39656604,1255,2026-09-18,64.85,120519666.0
NASDAQ:GILD,GILD,"Gilead Sciences, Inc.",Healthcare,Drug Manufacturers - General,United States,NASDAQ,186372053786.0,150.11,62.59,61.4,10,92.8,3529,False,-1.92,39.13,12.3,15.32,31.59,51.86,63.73,133.6705,130.168,114.0753,98.8509,91.6812,864521104,1255,2026-09-18,64.67,1241569874.0
NASDAQ:FBLA,FBLA,"FB Bancorp, Inc.",Financial Services,Banks - Regional,United States,NASDAQ,258781179.0,16.105,62.66,61.75,10,92.9,3530,True,-0.4,37.77,13.81,17.27,,,,14.1511,13.7335,,,,1857033,477,2026-09-18,62.16,16068375.0
NYSE:SEI,SEI,"Solaris Energy Infrastructure, Inc.",Energy,Oil & Gas Equipment & Services,United States,NYSE,4268975173.0,69.66,62.66,58.38,10,92.9,3531,False,-15.79,93.88,15.7,21.41,70.93,131.4,181.47,60.2086,57.3736,40.7532,30.1038,24.7487,167149263,1255,2026-09-18,62.23,61283020.0
NASDAQ:SGMT,SGMT,Sagimet Biosciences Inc. - Series A,Healthcare,Biotechnology,United States,NASDAQ,678534031.0,11.09,62.69,63.21,10,92.9,3532,False,-0.72,143.74,58.54,55.95,79.16,89.15,,6.9953,7.1113,6.1899,5.8632,,10652836,799,2026-09-18,64.27,61184313.0
NYSE:A,A,"Agilent Technologies, Inc.",Healthcare,Diagnostics & Research,United States,NYSE,44192126278.0,156.47,62.72,61.35,10,92.9,3533,False,-1.59,42.53,19.24,17.46,21.15,21.09,20.62,131.2261,133.2096,129.15,129.2204,129.721,393283861,1255,2026-09-18,62.55,282431944.0
NASDAQ:CSTL,CSTL,"Castle Biosciences, Inc.",Healthcare,Diagnostics & Research,United States,NASDAQ,1079619577.0,35.34,62.73,62.85,10,93.0,3534,False,-17.89,94.71,20.8,21.99,33.91,43.3,47.55,29.2555,28.969,26.3903,24.6619,23.9505,11641552,1255,2026-09-18,72.42,30549507.0
NYSE:GRDN,GRDN,"Guardian Pharmacy Services, Inc.",Healthcare,Medical Care Facilities,United States,NYSE,2239655333.0,44.99,62.75,60.64,10,93.0,3535,False,-6.27,92.18,23.22,30.17,,,,36.5117,34.5625,,,,28847815,496,2026-09-18,63.04,49781181.0
NASDAQ:SBET,SBET,"Sharplink, Inc.",Financial Services,Capital Markets,United States,NASDAQ,1965955282.0,9.35,62.75,62.06,10,93.0,3536,False,-51.4,105.04,25.56,6.46,-8.0,-19.82,-57.76,7.4468,8.7829,10.1634,11.6611,22.1376,80371367,1255,2026-09-18,53.5,210262597.0
NYSE:BOW,BOW,Bowhead Specialty Holdings Inc.,Financial Services,Insurance - Property & Casualty,United States,NYSE,1107955301.0,33.74,62.79,62.04,10,93.1,3537,False,-0.38,57.37,22.72,23.87,10.08,,,27.4944,27.238,30.6518,,,10841285,582,2026-09-18,62.79,32838035.0
NYSE:NRGV,NRGV,"Energy Vault Holdings, Inc.",Utilities,Utilities - Renewable,United States,NYSE,813764322.0,4.49,62.79,58.88,10,93.1,3538,False,-30.82,78.88,8.57,12.98,69.09,93.43,77.31,4.1356,3.9743,2.6554,2.3213,2.5323,15864531,1255,2026-09-18,58.43,181239270.0
NASDAQ:MGNI,MGNI,"Magnite, Inc.",Communication Services,Advertising Agencies,United States,NASDAQ,3601857325.0,25.15,62.8,62.3,10,93.1,3539,False,-2.97,124.55,53.37,50.28,49.56,71.47,85.06,16.3985,16.7357,16.8161,14.667,13.5904,55130594,1255,2026-09-18,67.75,143215003.0
NASDAQ:MARA,MARA,"MARA Holdings, Inc.",Financial Services,Capital Markets,United States,NASDAQ,5048021460.0,13.24,62.82,58.4,10,93.1,3540,False,-42.03,96.73,20.94,8.79,-8.6,-14.56,-5.96,10.9478,12.1702,14.486,15.4966,14.0787,592568340,1255,2026-09-18,53.33,381270503.0
NYSE:PRLB,PRLB,"Proto Labs, Inc.",Industrials,Metal Fabrication,United States,NYSE,2087927449.0,87.75,62.83,59.38,10,93.2,3541,False,-4.95,87.46,29.88,36.97,70.61,94.5,110.71,67.5644,64.0646,51.4332,45.1151,41.6449,15781606,1255,2026-09-18,60.74,23794045.0
NYSE:AII,AII,"American Integrity Insurance Group, Inc.",Financial Services,Insurance - Property & Casualty,United States,NYSE,517589385.0,26.42,62.86,64.68,10,93.2,3542,False,-1.31,61.49,35.52,32.44,,,,19.4958,19.9482,,,,6107850,343,2026-09-18,67.26,19590817.0
NYSE:RBRK,RBRK,"Rubrik, Inc.",Technology,Software - Infrastructure,United States,NYSE,17175696180.0,106.71,62.86,61.01,10,93.2,3543,False,-1.04,143.57,51.92,49.26,52.34,,,70.2388,71.4939,70.0465,,,378911562,602,2026-09-18,64.36,160956763.0
NYSE:TBBB,TBBB,BBB Foods Inc.,Consumer Defensive,Discount Stores,Mexico,NYSE,4002128829.0,51.35,62.89,62.91,10,93.2,3544,False,-0.6,112.89,32.77,40.96,58.2,,,38.677,36.4279,32.4594,,,30835104,654,2026-09-18,61.12,77938244.0
NYSE:DGX,DGX,Quest Diagnostics Incorporated,Healthcare,Diagnostics & Research,United States,NYSE,27201514572.0,246.45,63.01,62.82,10,93.3,3545,False,-0.4,43.91,21.77,24.41,36.75,50.89,58.96,202.3821,198.0894,180.2183,163.3263,155.0431,242406077,1255,2026-09-18,65.04,110373360.0
NASDAQ:AMPH,AMPH,"Amphastar Pharmaceuticals, Inc.",Healthcare,Drug Manufacturers - Specialty & Generic,United States,NASDAQ,1041474747.0,23.62,63.02,61.99,10,93.3,3546,False,-19.66,40.01,5.53,2.4,-15.79,-31.41,-33.73,22.3822,23.0669,28.0476,34.4386,35.6438,10597205,1255,2026-09-18,66.17,44092919.0
NASDAQ:HQI,HQI,"HireQuest, Inc.",Industrials,Staffing & Employment Services,United States,NASDAQ,241445736.0,17.32,63.02,60.96,10,93.3,3547,False,-1.83,131.3,44.44,52.75,50.25,43.88,25.87,11.991,11.3388,11.5276,12.0377,13.7599,358725,1255,2026-09-18,59.06,13940285.0
NASDAQ:AGPU,AGPU,Axe Compute Inc.,Technology,Software - Infrastructure,United States,NASDAQ,138099322.0,12.13,63.09,61.85,10,93.3,3548,False,-32.61,760.28,101.93,76.34,12.28,-34.77,-67.04,6.007,6.8787,10.803,18.5966,36.8068,3264160,1255,2026-09-18,70.95,11384940.0
NASDAQ:GH,GH,"Guardant Health, Inc.",Healthcare,Diagnostics & Research,United States,NASDAQ,24072108975.0,179.38,63.13,61.1,10,93.4,3549,False,-2.03,211.05,49.14,60.43,134.58,202.37,235.34,120.2781,111.812,76.4671,59.3247,53.4925,301812590,1255,2026-09-18,67.63,134196170.0
NASDAQ:CLST,CLST,"Catalyst Bancorp, Inc.",Financial Services,Banks - Regional,United States,NASDAQ,73339318.0,18.1,63.14,61.89,10,93.4,3550,True,-0.28,39.23,10.84,14.4,30.82,38.29,40.99,16.3294,15.8211,13.8361,13.0884,12.8378,59643,1238,2026-09-18,60.63,4051896.0
NASDAQ:RNW,RNW,ReNew Energy Global plc - Class A Shares,Utilities,Utilities - Renewable,United Kingdom,NASDAQ,1681503534.0,6.84,63.15,61.72,10,93.4,3551,False,-16.48,52.0,16.81,9.82,6.44,8.09,10.88,5.8557,6.2283,6.4262,6.3281,6.1689,16139106,1255,2026-09-18,63.15,245833850.0
NASDAQ:QXL,QXL,Quantum X Labs Inc.,Technology,Information Technology Services,Israel,NASDAQ,73883612.0,5.54,63.17,59.37,10,93.4,3552,False,-19.12,432.69,72.74,77.59,37.85,67.73,69.06,3.2071,3.1195,4.0189,3.303,3.2769,361162,1255,2026-09-18,66.73,13336392.0
NASDAQ:ABTC,ABTC,American Bitcoin Corp.,Financial Services,Capital Markets,United States,NASDAQ,242447733.0,10.1,63.2,58.76,10,93.5,3553,False,-91.0,94.61,-35.33,-65.88,-75.59,-90.52,-97.78,15.6168,29.605,41.3818,106.5252,455.1722,17575397,1255,2026-09-18,56.05,24004726.0
NASDAQ:ARCT,ARCT,Arcturus Therapeutics Holdings Inc.,Healthcare,Biotechnology,United States,NASDAQ,455621796.0,16.03,63.2,64.93,10,93.5,3554,False,-30.79,189.87,96.38,70.94,27.53,-9.31,-15.33,8.1627,9.3774,12.5696,17.6762,18.9332,19461623,1255,2026-09-18,69.81,28423069.0
NYSE:DT,DT,"Dynatrace, Inc.",Technology,Software - Application,United States,NYSE,16071971918.0,55.14,63.23,62.16,10,93.5,3555,False,-1.24,70.4,31.58,27.85,15.2,14.46,17.85,41.9063,43.1273,47.8636,48.1725,46.7884,340862354,1255,2026-09-18,66.42,291475733.0
NASDAQ:GTLB,GTLB,GitLab Inc.,Technology,Software - Infrastructure,United States,NASDAQ,8260794000.0,49.23,63.26,63.92,10,93.6,3556,False,-3.55,153.5,54.47,41.53,12.42,4.25,6.05,31.8697,34.7845,43.7893,47.2231,46.4229,277326340,1237,2026-09-18,67.58,167800000.0
NASDAQ:MRNA,MRNA,"Moderna, Inc.",Healthcare,Biotechnology,United States,NASDAQ,61120955336.0,154.04,63.26,63.4,10,93.6,3557,False,-11.66,588.91,155.66,189.81,244.99,141.06,83.38,60.2513,53.1516,44.6509,63.9,83.9983,3235711268,1255,2026-09-18,65.96,396786259.0
NASDAQ:ACFN,ACFN,"Acorn Energy, Inc.",Technology,Scientific & Technical Instruments,United States,NASDAQ,55708410.0,22.21,63.29,60.78,10,93.6,3558,False,-27.37,73.38,22.32,16.69,20.57,49.43,76.82,18.1567,19.0333,18.421,14.8628,12.5606,1390641,1255,2026-09-18,59.11,2508258.0
NASDAQ:ZS,ZS,"Zscaler, Inc.",Technology,Software - Infrastructure,United States,NASDAQ,31906906378.0,197.31,63.3,61.23,10,93.6,3559,False,-41.32,67.14,17.23,0.61,-6.83,-3.69,5.54,168.3102,196.1122,211.7655,204.8765,186.9452,649560917,1255,2026-09-18,63.42,161709525.0
NASDAQ:QMCO,QMCO,Quantum Corporation,Technology,Computer Hardware,United States,NASDAQ,987906205.0,25.09,63.33,63.29,10,93.7,3560,False,-3.91,482.13,140.51,144.57,111.09,132.3,82.41,10.4318,10.2589,11.886,10.8007,13.7547,24385337,1255,2026-09-18,62.87,39374500.0
NYSE:FLNG,FLNG,FLEX LNG Ltd.,Energy,Oil & Gas Midstream,Bermuda,NYSE,1753674830.0,32.42,63.37,60.25,10,93.7,3561,False,-0.31,47.92,15.48,19.92,38.21,44.8,46.87,28.073,27.0344,23.4573,22.3898,22.0744,14332333,1255,2026-09-18,64.73,54092376.0
NASDAQ:SAFX,SAFX,"XCF Global, Inc.",Utilities,Utilities - Renewable,United States,NASDAQ,190926558.0,0.473,63.49,58.02,10,93.7,3562,False,-67.15,245.26,24.52,-6.86,,,,0.3799,0.5078,,,,1445450,429,2026-09-18,61.45,403650229.0
NASDAQ:OPRT,OPRT,Oportun Financial Corporation,Financial Services,Credit Services,United States,NASDAQ,374952269.0,8.16,63.5,62.57,10,93.8,3563,False,0.0,97.58,43.37,44.65,51.58,69.62,64.01,5.6916,5.6412,5.3834,4.8109,4.9752,3376835,1255,2026-09-18,61.82,45950033.0
NASDAQ:SBFG,SBFG,"SB Financial Group, Inc.",Financial Services,Banks - Regional,United States,NASDAQ,184338204.0,29.48,63.5,62.39,10,93.8,3564,False,-1.7,66.37,27.69,32.0,41.42,60.67,71.98,23.0872,22.3335,20.8457,18.3484,17.1413,504151,1255,2026-09-18,62.96,6252992.0
NASDAQ:GLSI,GLSI,"Greenwich LifeSciences, Inc.",Healthcare,Biotechnology,United States,NASDAQ,278739170.0,18.99,63.54,57.54,10,93.8,3565,False,-43.42,141.91,-11.57,-0.1,23.5,31.14,37.07,21.4753,19.0087,15.3765,14.4807,13.8539,2194923,1255,2026-09-18,61.25,14678208.0
NYSE:ACA,ACA,"Arcosa, Inc.",Industrials,Engineering & Construction,United States,NYSE,7119192580.0,145.84,63.55,62.9,10,93.8,3566,False,0.0,63.88,16.45,22.28,38.05,50.15,64.19,125.2375,119.2656,105.6433,97.1285,88.8258,92096679,1255,2026-09-18,57.84,48815089.0
NYSE:DHX,DHX,"DHI Group, Inc.",Technology,Software - Application,United States,NYSE,211672684.0,4.9,63.64,61.69,10,93.8,3567,False,-1.8,226.67,61.11,71.31,96.01,99.15,64.65,3.0414,2.8603,2.4999,2.4604,2.976,1393989,1255,2026-09-18,67.24,43198507.0
NASDAQ:UPXI,UPXI,"Upexi, Inc.",Communication Services,Internet Content & Information,United States,NASDAQ,87408306.0,1.19,63.68,60.38,10,93.9,3568,False,-84.55,110.62,-5.25,-40.04,-68.62,-84.49,-94.86,1.256,1.9845,3.7924,7.6746,23.133,5495882,1255,2026-09-18,54.96,73452358.0
NYSE:USPH,USPH,"U.S. Physical Therapy, Inc.",Healthcare,Medical Care Facilities,United States,NYSE,1255093529.0,82.47,63.85,61.55,10,93.9,3569,False,-9.19,41.65,9.9,8.34,6.5,1.25,-1.48,75.0391,76.1213,77.4389,81.4495,83.708,13534411,1255,2026-09-18,67.08,15218789.0
NYSE:TXNM,TXNM,"TXNM Energy, Inc.",Utilities,Utilities - Regulated Electric,United States,NYSE,6469732099.0,58.44,63.86,60.92,10,93.9,3570,False,-1.03,6.37,1.12,1.87,9.7,22.57,26.32,57.7908,57.3679,53.2718,47.6779,46.2631,91331144,1255,2026-09-18,68.37,110707257.0
NASDAQ:PBLS,PBLS,"Parabilis Medicines, Inc.",Healthcare,Biotechnology,United States,NASDAQ,5089058212.0,41.73,63.88,61.43,10,93.9,3571,False,0.0,66.85,,,,,,,,,,,37214866,70,2026-09-18,61.66,121952030.0
NASDAQ:VRSN,VRSN,"VeriSign, Inc.",Technology,Software - Infrastructure,United States,NASDAQ,27402048000.0,303.12,63.89,60.57,10,94.0,3572,False,-1.93,44.13,15.51,16.09,22.56,33.2,37.15,262.4193,261.1144,247.3182,227.5737,221.0126,203960496,1255,2026-09-18,63.06,90400000.0
NASDAQ:UEIC,UEIC,Universal Electronics Inc.,Technology,Consumer Electronics,United States,NASDAQ,65551267.0,5.19,63.9,61.3,10,94.0,3573,False,-7.14,97.83,30.06,31.39,-8.24,-23.9,-40.0,3.9904,3.9501,5.6558,6.82,8.6501,388069,1255,2026-09-18,70.34,12630302.0
NASDAQ:WABC,WABC,Westamerica Bancorporation,Financial Services,Banks - Regional,United States,NASDAQ,1396221400.0,60.7,63.95,60.34,10,94.0,3574,False,-2.04,38.82,13.0,16.28,21.39,25.88,28.76,53.7158,52.2031,50.0056,48.2187,47.1412,12346612,1255,2026-09-18,61.38,23002000.0
NASDAQ:RCBC,RCBC,River City Bank,Financial Services,Banks - Regional,United States,NASDAQ,748179652.0,52.42,64.01,66.67,10,94.1,3575,False,-1.43,38.55,19.29,22.19,38.03,56.66,71.97,43.9426,42.902,37.9779,33.4619,30.4815,3995235,1255,2026-09-18,70.78,14272790.0
NYSE:BLSH,BLSH,Bullish,Technology,Software - Infrastructure,Cayman Islands,NYSE,5814197586.0,38.34,64.02,62.56,10,94.1,3576,False,-44.83,75.95,13.3,1.06,,,,33.8404,37.9369,,,,56759742,277,2026-09-18,57.6,151648346.0
NASDAQ:CHCI,CHCI,"Comstock Holding Companies, Inc.",Real Estate,Real Estate Services,United States,NASDAQ,211521266.0,21.07,64.02,63.29,10,94.1,3577,False,-0.38,103.57,39.68,40.72,67.09,105.59,139.86,15.0845,14.9727,12.61,10.2487,8.7843,1014131,1255,2026-09-18,59.18,10038978.0
NASDAQ:CODA,CODA,"Coda Octopus Group, Inc.",Industrials,Aerospace & Defense,United States,NASDAQ,122283373.0,10.84,64.04,58.67,10,94.1,3578,False,-35.32,35.67,-2.39,1.82,18.28,31.92,35.2,11.1051,10.6459,9.1649,8.2171,8.0175,1186029,1255,2026-09-18,62.95,11280754.0
NASDAQ:SMMT,SMMT,Summit Therapeutics Inc.,Healthcare,Biotechnology,United States,NASDAQ,14239830396.0,17.85,64.04,61.21,10,94.1,3579,False,-32.34,43.6,8.65,4.71,-8.09,20.96,54.21,16.4291,17.0469,19.4207,14.7563,11.5753,106575901,1255,2026-09-18,63.4,797749602.0
NASDAQ:BTCS,BTCS,BTCS Inc.,Financial Services,Capital Markets,United States,NASDAQ,79640594.0,1.6,64.07,61.16,10,94.2,3580,False,-73.15,63.1,-10.21,-28.47,-35.47,-24.32,-15.6,1.7819,2.2368,2.4793,2.1141,1.8957,3619981,1255,2026-09-18,55.2,49775371.0
NASDAQ:HYPD,HYPD,"Hyperion DeFi, Inc.",Healthcare,Biotechnology,United States,NASDAQ,59418368.0,3.92,64.12,61.18,10,94.2,3581,False,-68.08,67.52,15.88,-6.58,-49.08,-89.62,-95.07,3.3827,4.1963,7.6981,37.7596,79.5844,2199647,1255,2026-09-18,55.57,15157747.0
NASDAQ:CYRX,CYRX,"CryoPort, Inc.",Industrials,Integrated Freight & Logistics,United States,NASDAQ,857847367.0,17.02,64.14,60.35,10,94.2,3582,False,-0.64,120.47,40.1,46.87,81.01,61.31,31.3,12.1483,11.5884,9.4027,10.5511,12.9627,8548015,1255,2026-09-18,61.86,50402313.0
NASDAQ:EUDA,EUDA,Euda Health Holdings Limited,Real Estate,Real Estate Services,Singapore,NASDAQ,52760006.0,17.62,64.15,59.24,10,94.3,3583,False,-77.35,234.98,-12.9,-33.74,-64.89,-63.12,-65.29,20.2297,26.5906,50.1881,47.7812,50.7619,409063,1195,2026-09-18,63.38,2994325.0
AMEX:TONT,TONT,Graf Global Corp.,Financial Services,Shell Companies,United States,AMEX,154339989.0,10.9,64.2,58.4,10,94.3,3584,False,-3.54,3.51,1.19,1.48,3.92,,,10.7722,10.7409,10.4885,,,293107,524,2026-09-18,64.2,14159632.0
NASDAQ:OPK,OPK,"Opko Health, Inc.",Healthcare,Diagnostics & Research,United States,NASDAQ,1246368136.0,1.67,64.22,61.82,10,94.3,3585,False,-1.18,51.82,27.73,25.29,18.72,21.39,16.99,1.3075,1.3329,1.4066,1.3758,1.4275,4792112,1255,2026-09-18,60.63,746328225.0
NASDAQ:AAPL,AAPL,Apple Inc.,Technology,Consumer Electronics,United States,NASDAQ,4905541723400.0,336.13,64.3,61.06,10,94.4,3586,False,-1.08,41.82,17.55,19.65,33.79,45.64,58.07,285.9436,280.9341,251.2359,230.7899,212.6508,14066645514,1255,2026-09-18,65.44,14594180000.0
NYSE:IBTA,IBTA,"Ibotta, Inc.",Technology,Software - Application,United States,NYSE,839611946.0,41.57,64.3,61.57,10,94.4,3587,False,-1.96,115.95,40.6,41.34,1.15,,,29.5656,29.4117,41.097,,,7443361,606,2026-09-18,65.89,20197545.0
NASDAQ:NTNX,NTNX,"Nutanix, Inc.",Technology,Software - Infrastructure,United States,NASDAQ,18868371528.0,69.8,64.3,64.01,10,94.4,3588,False,-10.7,102.85,41.33,30.94,13.85,19.63,37.9,49.3882,53.3071,61.3073,58.3452,50.6148,198898301,1255,2026-09-18,65.15,270320509.0
NYSE:CANG,CANG,Cango Inc.,Financial Services,Capital Markets,United States,NYSE,104989652.0,2.67,64.31,58.64,10,94.4,3589,False,-88.94,90.71,-56.28,-69.81,-81.8,-77.96,-75.06,6.1067,8.8434,14.6675,12.1169,10.7056,1781271,1255,2026-09-18,54.27,39321967.0
NASDAQ:PMVP,PMVP,"PMV Pharmaceuticals, Inc.",Healthcare,Biotechnology,United States,NASDAQ,79997649.0,1.5,64.4,61.46,10,94.4,3590,False,-16.67,47.06,17.99,15.7,14.05,-6.68,-52.42,1.2713,1.2964,1.3152,1.6074,3.1524,1194734,1255,2026-09-18,61.91,53331766.0
NASDAQ:SGP,SGP,"SpyGlass Pharma, Inc.",Healthcare,Biotechnology,United States,NASDAQ,972241963.0,29.08,64.41,63.64,10,94.5,3591,False,-2.02,65.6,,,,,,,,,,,3648366,155,2026-09-18,66.67,33433355.0
NASDAQ:CMRC,CMRC,"Commerce.com, Inc. - Series 1",Technology,Software - Application,United States,NASDAQ,274765773.0,3.33,64.49,60.91,10,94.5,3592,False,-39.56,61.65,8.23,-2.9,-26.79,-41.38,-51.17,3.0768,3.4295,4.5487,5.6808,6.8191,3796121,1255,2026-09-18,67.65,82512244.0
NASDAQ:HCHL,HCHL,Happy City Holdings Limited,Consumer Cyclical,Restaurants,Hong Kong,NASDAQ,70663828.0,3.96,64.5,65.95,10,94.5,3593,False,-19.02,296.0,33.06,29.58,,,,2.976,3.056,,,,0,312,2026-09-18,64.5,17844401.0
NASDAQ:SLP,SLP,"Simulations Plus, Inc.",Healthcare,Health Information Services,United States,NASDAQ,372946013.0,18.44,64.51,62.94,10,94.6,3594,False,-11.52,62.32,12.35,12.3,-13.82,-34.34,-42.04,16.4133,16.4199,21.3973,28.0841,31.8154,3049787,1255,2026-09-18,64.51,20224838.0
NYSE:EQH,EQH,"Equitable Holdings, Inc.",Financial Services,Asset Management,United States,NYSE,14726091761.0,53.95,64.53,62.52,10,94.6,3595,False,-0.17,54.75,21.25,19.82,15.51,27.78,41.62,44.4939,45.0266,46.7048,42.2196,38.0954,161109260,1255,2026-09-18,65.26,272958142.0
NASDAQ:SWKS,SWKS,"Skyworks Solutions, Inc.",Technology,Semiconductors,United States,NASDAQ,13355964130.0,88.76,64.66,63.63,10,94.6,3596,False,-2.8,70.54,38.03,35.23,27.3,14.29,9.23,64.3043,65.6355,69.7276,77.6613,81.2611,647615399,1255,2026-09-18,68.46,150472782.0
NYSE:CRBG,CRBG,Corebridge Financial Inc.,Financial Services,Asset Management,United States,NYSE,15681436527.0,34.81,64.67,62.6,10,94.6,3597,False,-0.2,58.57,21.05,19.89,17.32,26.83,,28.7563,29.0359,29.6715,27.4465,,127082445,1005,2026-09-18,65.59,450486542.0
NASDAQ:SENS,SENS,"Senseonics Holdings, Inc.",Healthcare,Medical Devices,United States,NASDAQ,500104405.0,9.58,64.67,64.36,10,94.6,3598,False,-15.22,97.12,40.75,37.53,6.24,2.03,-18.06,6.8066,6.9659,9.0175,9.3893,11.6913,6426963,1255,2026-09-18,62.97,52202965.0
NASDAQ:MDXG,MDXG,"MiMedx Group, Inc",Healthcare,Biotechnology,United States,NASDAQ,695277432.0,4.77,64.7,62.41,10,94.7,3599,True,-40.08,54.37,3.3,-6.72,-23.65,-27.77,-21.92,4.6178,5.1139,6.2472,6.6041,6.1087,5109091,1255,2026-09-18,61.36,145760468.0
NASDAQ:BBNX,BBNX,"Beta Bionics, Inc.",Healthcare,Medical Devices,United States,NASDAQ,984824270.0,21.89,64.72,62.8,10,94.7,3600,True,-31.57,147.07,34.7,21.93,,,,16.251,17.9534,,,,27478107,411,2026-09-18,63.22,44989688.0
NYSE:AVTR,AVTR,"Avantor, Inc.",Healthcare,Medical Instruments & Supplies,United States,NYSE,10497089197.0,15.52,64.86,65.62,10,94.7,3601,False,-2.14,109.45,47.28,41.23,8.63,-9.7,-14.74,10.5376,10.9893,14.2866,17.1876,18.2035,118254619,1255,2026-09-18,71.91,676358840.0
NYSE:LVWR,LVWR,"LiveWire Group, Inc.",Consumer Cyclical,Auto Manufacturers,United States,NYSE,333761783.0,1.63,64.9,59.09,10,94.8,3602,False,-73.75,151.54,-17.13,-36.66,-50.86,-67.41,-71.73,1.9669,2.5735,3.3169,5.0011,5.7658,779469,1255,2026-09-18,58.53,204761830.0
NASDAQ:APAC,APAC,StoneBridge Acquisition II Corporation,Financial Services,Shell Companies,United States,NASDAQ,62932275.0,10.26,64.98,65.21,10,94.8,3603,False,0.0,3.64,1.73,,,,,10.086,,,,,42437,206,2026-09-18,52.21,6133750.0
NASDAQ:SFBC,SFBC,"Sound Financial Bancorp, Inc.",Financial Services,Banks - Regional,United States,NASDAQ,116424836.0,48.9,64.98,62.42,10,94.8,3604,True,0.0,20.23,11.65,11.27,4.79,11.05,16.27,43.7995,43.9463,46.6636,44.0333,42.0578,298697,1255,2026-09-18,61.69,2380876.0
NASDAQ:KRT,KRT,Karat Packaging Inc.,Consumer Cyclical,Packaging & Containers,United States,NASDAQ,995591265.0,49.87,65.02,66.58,10,94.8,3605,False,-1.01,152.85,63.23,73.08,83.55,96.25,123.14,30.5511,28.8139,27.1701,25.4117,22.3491,7035340,1255,2026-09-18,68.81,19963731.0
NASDAQ:BYFC,BYFC,Broadway Financial Corporation,Financial Services,Banks - Regional,United States,NASDAQ,75034245.0,12.15,65.05,64.31,10,94.9,3606,False,-1.3,113.16,35.75,42.94,55.74,68.61,62.23,8.9501,8.4998,7.8014,7.2059,7.4895,28980,1255,2026-09-18,58.68,6175658.0
NYSE:SB,SB,"Safe Bulkers, Inc Common Stock ($0.001 par value)",Industrials,Marine Shipping,Monaco,NYSE,934768004.0,9.18,65.06,63.88,10,94.9,3607,False,0.0,127.86,41.94,51.52,87.69,98.35,120.93,6.4676,6.0587,4.891,4.6282,4.1552,12371698,1255,2026-09-18,62.59,101826580.0
NASDAQ:VITL,VITL,"Vital Farms, Inc.",Consumer Defensive,Farm Products,United States,NASDAQ,513752963.0,11.99,65.07,57.88,10,94.9,3608,False,-74.03,44.81,-31.01,-44.36,-58.95,-56.38,-50.17,17.3804,21.5499,29.2111,27.4892,24.0616,16453694,1255,2026-09-18,62.54,42848454.0
NASDAQ:XP,XP,XP Inc.,Financial Services,Capital Markets,Cayman Islands,NASDAQ,8302648470.0,20.01,65.07,63.41,10,94.9,3609,False,-11.68,33.94,11.57,11.98,19.42,11.73,14.7,17.9345,17.8685,16.7566,17.91,17.445,136969747,1255,2026-09-18,67.57,414924961.0
NASDAQ:SAIC,SAIC,Science Applications International Corporation,Technology,Information Technology Services,United States,NASDAQ,5630849523.0,133.19,65.1,63.61,10,95.0,3610,False,-0.41,63.15,26.21,29.29,21.8,17.93,20.87,105.532,103.0167,109.3478,112.9427,110.1889,69555715,1255,2026-09-18,66.71,42276819.0
AMEX:IBO,IBO,"Impact BioMedical, Inc.",Healthcare,Biotechnology,United States,AMEX,63614526.0,0.59,65.13,61.8,10,95.0,3611,False,-24.36,47.13,14.15,11.91,-35.99,,,0.5168,0.5272,0.9218,,,157312,504,2026-09-18,63.2,107821231.0
NASDAQ:PUBM,PUBM,"PubMatic, Inc.",Technology,Software - Application,United States,NASDAQ,670072180.0,17.55,65.13,63.75,10,95.0,3612,False,-1.29,179.46,63.18,70.38,53.36,29.13,24.61,10.7551,10.3004,11.4438,13.5912,14.0837,10264529,1255,2026-09-18,63.2,38180751.0
NASDAQ:SBLK,SBLK,Star Bulk Carriers Corp.,Industrials,Marine Shipping,Greece,NASDAQ,3622524476.0,32.48,65.22,63.83,10,95.1,3613,False,0.0,107.5,35.32,43.56,68.7,70.85,80.25,24.0018,22.6243,19.2528,19.0108,18.0193,55893676,1255,2026-09-18,61.42,111530926.0
NASDAQ:PROV,PROV,"Provident Financial Holdings, Inc.",Financial Services,Banks - Regional,United States,NASDAQ,116573691.0,18.61,65.27,66.92,10,95.1,3614,False,-0.53,27.08,11.89,14.08,20.83,30.94,36.36,16.632,16.3138,15.4023,14.2131,13.6473,359378,1255,2026-09-18,65.27,6264035.0
NASDAQ:HTLM,HTLM,HomesToLife Ltd,Consumer Cyclical,Specialty Retail,Singapore,NASDAQ,176684375.0,1.97,65.3,58.31,10,95.1,3615,False,-44.61,27.26,-3.28,-12.98,,,,2.0368,2.2638,,,,6072,493,2026-09-18,47.52,89687500.0
NASDAQ:AMTX,AMTX,"Aemetis, Inc",Basic Materials,Specialty Chemicals,United States,NASDAQ,151991590.0,2.16,65.31,60.67,10,95.2,3616,True,-40.98,63.64,10.47,6.6,-2.77,-22.11,-35.06,1.9553,2.0262,2.2216,2.7731,3.3262,1517755,1255,2026-09-18,51.74,70366477.0
NYSE:HGTY,HGTY,"Hagerty, Inc.",Financial Services,Insurance - Property & Casualty,United States,NYSE,1422863091.0,13.94,65.31,63.5,10,95.2,3617,True,-0.57,44.16,18.03,17.21,26.15,33.92,38.48,11.811,11.8935,11.0507,10.4094,10.0664,8174252,1255,2026-09-18,64.13,102070523.0
NYSE:NGVC,NGVC,"Natural Grocers by Vitamin Cottage, Inc.",Consumer Defensive,Grocery Stores,United States,NYSE,713803550.0,30.98,65.31,58.88,10,95.2,3618,False,-22.71,32.8,12.23,6.54,-8.68,9.27,30.64,27.6051,29.0779,33.9263,28.3517,23.7141,4254464,1255,2026-09-18,56.33,23040786.0
NASDAQ:QRVO,QRVO,"Qorvo, Inc.",Technology,Semiconductors,United States,NASDAQ,10337810955.0,117.18,65.33,64.43,10,95.2,3619,False,-1.95,54.14,31.42,31.35,38.5,27.72,25.99,89.1677,89.2099,84.6072,91.7451,93.0067,147047673,1255,2026-09-18,68.96,88221633.0
NASDAQ:UCAR,UCAR,U Power Limited,Consumer Cyclical,Auto & Truck Dealerships,China,NASDAQ,118761018.0,4.62,65.33,64.68,10,95.2,3620,False,-78.9,1115.79,-26.97,-49.79,-82.58,-98.35,,6.3258,9.2016,26.528,279.4466,,419258,855,2026-09-18,64.59,25705848.0
NASDAQ:ALMR,ALMR,"Alamar Biosciences, Inc.",Healthcare,Medical Devices,United States,NASDAQ,2415494832.0,34.85,65.43,61.89,10,95.3,3621,False,-4.7,82.56,,,,,,,,,,,12744353,107,2026-09-18,57.84,69311186.0
NYSE:EAF,EAF,GrafTech International Ltd.,Industrials,Electrical Equipment & Parts,United States,NYSE,214113606.0,8.22,65.51,59.72,10,95.3,3622,True,-58.53,57.17,-13.32,-21.81,-29.76,-40.66,-63.32,9.4833,10.5126,11.7028,13.8529,22.4083,3825259,1255,2026-09-18,63.44,26047884.0
NASDAQ:STLN,STLN,"Starling Oncology, Inc.",Healthcare,Medical Care Facilities,United States,NASDAQ,709336160.0,6.96,65.56,62.34,10,95.3,3623,False,0.0,191.82,63.89,67.86,141.16,196.46,222.46,4.2468,4.1462,2.8861,2.3477,2.1584,8639612,1255,2026-09-18,60.4,101916115.0
NYSE:GIC,GIC,Global Industrial Company,Industrials,Industrial Distribution,United States,NYSE,1544983178.0,40.38,65.68,65.15,10,95.3,3624,False,-0.1,55.47,24.29,25.56,37.74,31.16,38.59,32.4897,32.159,29.315,30.7879,29.1363,4941877,1255,2026-09-18,66.23,38261099.0
NASDAQ:ILMN,ILMN,"Illumina, Inc.",Healthcare,Diagnostics & Research,United States,NASDAQ,36254506000.0,239.62,65.71,64.0,10,95.4,3625,False,-2.27,163.32,53.54,64.02,87.63,90.81,66.99,156.0589,146.0912,127.7083,125.5816,143.4974,827563894,1255,2026-09-18,70.17,151300000.0
NASDAQ:TEAM,TEAM,Atlassian Corporation,Technology,Software - Application,Australia,NASDAQ,30652967725.0,192.02,65.74,66.61,10,95.4,3626,False,-1.37,235.99,73.03,59.45,13.05,8.59,9.78,110.9749,120.4292,169.8595,176.8265,174.9127,690276981,1255,2026-09-18,66.27,159634245.0
NASDAQ:PSIX,PSIX,"Power Solutions International, Inc.",Industrials,Specialty Industrial Machinery,United States,NASDAQ,1057324142.0,45.87,65.79,61.22,10,95.4,3627,False,-60.38,80.31,-17.33,-24.53,-11.87,25.84,63.75,55.4868,60.7767,52.0489,36.4497,28.0131,14824304,1255,2026-09-18,65.29,23050450.0
NASDAQ:SUIG,SUIG,Sui Group Holdings Limited,Financial Services,Credit Services,United States,NASDAQ,101125000.0,1.25,65.81,60.48,10,95.4,3628,False,-72.83,54.89,-9.58,-28.23,-42.23,-47.03,-46.33,1.3825,1.7418,2.1637,2.3597,2.3288,963415,1255,2026-09-18,51.07,80900000.0
NASDAQ:CNXN,CNXN,"PC Connection, Inc.",Technology,Electronics & Computer Distribution,United States,NASDAQ,2187638421.0,86.68,65.82,63.65,10,95.5,3629,True,-0.51,56.59,28.42,31.64,31.34,33.73,44.33,67.4981,65.844,65.9953,64.8174,60.0573,10938440,1255,2026-09-18,65.24,25238099.0
NASDAQ:CUE,CUE,"Cue Biopharma, Inc.",Healthcare,Biotechnology,United States,NASDAQ,155622708.0,37.05,65.83,61.25,10,95.5,3630,False,-2.09,597.74,90.41,86.66,49.96,5.96,-27.99,19.4584,19.849,24.7059,34.9658,51.449,5057349,1255,2026-09-18,68.11,4200343.0
NASDAQ:META,META,"Meta Platforms, Inc.",Communication Services,Internet Content & Information,United States,NASDAQ,1468064304867.0,665.75,65.85,61.95,10,95.5,3631,False,-14.4,26.75,6.77,4.63,4.47,17.29,40.01,623.547,636.3138,637.2681,567.6031,475.4895,11583806046,1255,2026-09-18,73.97,2205128509.0
NASDAQ:EFSI,EFSI,Eagle Financial Services Inc,Financial Services,Banks - Regional,United States,NASDAQ,248590430.0,45.93,65.97,63.85,10,95.6,3632,False,-1.4,45.78,17.92,19.9,31.28,40.39,43.19,38.9505,38.3067,34.9867,32.716,32.0754,2264127,1255,2026-09-18,65.78,5412376.0
NASDAQ:DFDV,DFDV,DeFi Development Corp.,Financial Services,Asset Management,United States,NASDAQ,182516322.0,6.06,65.99,64.91,10,95.6,3633,False,-66.16,145.34,41.11,2.39,-15.0,17.98,,4.2946,5.9186,7.129,5.1365,,12984701,792,2026-09-18,55.75,30118205.0
NYSE:MG,MG,Mistras Group Inc,Industrials,Security & Protection Services,United States,NYSE,660196131.0,20.75,66.03,63.41,10,95.6,3634,False,0.0,120.98,28.68,38.58,70.89,92.05,116.75,16.125,14.9729,12.1426,10.8045,9.5734,7561552,1255,2026-09-18,59.99,31816681.0
NASDAQ:EPRX,EPRX,Eupraxia Pharmaceuticals Inc.,Healthcare,Biotechnology,Canada,NASDAQ,560505205.0,8.58,66.08,63.45,10,95.6,3635,False,-5.4,60.98,18.76,23.27,59.4,,,7.2246,6.9605,5.3827,,,4323899,616,2026-09-18,63.93,65326947.0
NASDAQ:MSTR,MSTR,Strategy Inc,Technology,Software - Application,United States,NASDAQ,53206969400.0,153.92,66.08,63.11,10,95.6,3636,False,-57.21,87.0,12.32,-6.57,-37.87,-22.62,-1.39,137.0424,164.74,247.7516,198.9211,156.0825,3684927414,1255,2026-09-18,56.02,345679375.0
NASDAQ:OBIO,OBIO,"Orchestra BioMed Holdings, Inc.",Healthcare,Biotechnology,United States,NASDAQ,364074747.0,6.08,66.11,65.26,10,95.7,3637,True,-0.65,158.72,40.7,45.68,47.1,22.39,-5.75,4.3212,4.1735,4.1333,4.9675,6.4511,2018255,1255,2026-09-18,61.55,59880715.0
NASDAQ:GTBP,GTBP,"GT Biopharma, Inc.",Healthcare,Biotechnology,United States,NASDAQ,258210393.0,7.16,66.23,67.89,10,95.7,3638,False,-38.44,2870.95,829.91,844.72,363.36,169.08,-15.32,0.77,0.7579,1.5452,2.6609,8.4553,943432,1254,2026-09-18,68.22,36062904.0
NASDAQ:KGEI,KGEI,Kolibri Global Energy Inc.,Energy,Oil & Gas E&P,United States,NASDAQ,243002479.0,6.82,66.29,64.22,10,95.7,3639,True,-0.87,101.78,38.17,39.39,26.19,42.49,52.43,4.9359,4.8929,5.4046,4.7863,4.4743,994683,1255,2026-09-18,64.09,35630862.0
NASDAQ:CHEC,CHEC,Chenghe Acquisition III Co.,Financial Services,Shell Companies,Singapore,NASDAQ,133975080.0,10.26,66.38,65.24,10,95.8,3640,False,-0.1,3.22,1.53,,,,,10.1053,,,,,24028,214,2026-09-18,66.38,13058000.0
NYSE:CMDB,CMDB,Costamare Bulkers Holdings Limited,Industrials,Marine Shipping,Monaco,NYSE,579601856.0,23.91,66.41,65.61,10,95.8,3641,False,-2.45,103.14,34.37,41.16,,,,17.7945,16.9377,,,,1627104,348,2026-09-18,69.02,24240981.0
NASDAQ:ABCL,ABCL,AbCellera Biologics Inc.,Healthcare,Biotechnology,Canada,NASDAQ,3856891214.0,12.63,66.63,65.56,10,95.8,3642,False,-0.79,354.32,129.95,135.39,199.63,200.84,137.84,5.4924,5.3656,4.2152,4.1983,5.3104,55784201,1255,2026-09-18,67.83,305375393.0
NASDAQ:LAWR,LAWR,"Robot Consulting Co., Ltd. - ADS",Industrials,Consulting Services,Japan,NASDAQ,172350000.0,3.75,66.66,61.41,10,95.8,3643,False,0.0,36.86,0.0,1.28,,,,3.75,3.7025,,,,0,296,2026-09-18,66.66,45960000.0
NASDAQ:KMDA,KMDA,Kamada Ltd.,Healthcare,Drug Manufacturers - Specialty & Generic,Israel,NASDAQ,510594307.0,8.85,66.68,64.6,10,95.9,3644,False,-0.03,41.01,15.52,19.2,29.5,42.04,53.45,7.661,7.4245,6.8342,6.2306,5.7674,1330448,1255,2026-09-18,64.1,57694272.0
NASDAQ:BSEM,BSEM,"BioStem Technologies, Inc.",Healthcare,Biotechnology,United States,NASDAQ,80504430.0,4.74,66.7,61.83,10,95.9,3645,False,-42.2,58.0,6.38,5.84,-44.09,-41.77,-30.09,4.4556,4.4784,8.4777,8.1406,6.78,620072,1255,2026-09-18,61.13,16984057.0
NASDAQ:FEIM,FEIM,"Frequency Electronics, Inc.",Technology,Communication Equipment,United States,NASDAQ,937155118.0,85.53,66.77,62.53,10,95.9,3646,True,-3.22,215.96,46.97,61.38,139.13,217.36,296.11,58.1944,53.0001,35.7665,26.9501,21.5925,26443746,1255,2026-09-18,65.41,10957034.0
NASDAQ:GEMI,GEMI,"Gemini Space Station, Inc.",Financial Services,Capital Markets,United States,NASDAQ,298087895.0,5.81,66.81,62.69,10,95.9,3647,False,-77.35,64.12,-7.18,-34.36,,,,6.2596,8.8515,,,,15941943,256,2026-09-18,50.82,51306006.0
NASDAQ:PGEN,PGEN,"Precigen, Inc.",Healthcare,Biotechnology,United States,NASDAQ,2773655424.0,7.78,66.87,64.54,10,96.0,3648,False,-1.14,150.97,62.52,69.64,152.74,210.96,245.73,4.7872,4.5861,3.0782,2.5019,2.2503,31341566,1255,2026-09-18,69.27,356510980.0
NASDAQ:AUBN,AUBN,"Auburn National Bancorporation, Inc.",Financial Services,Banks - Regional,United States,NASDAQ,96064540.0,27.5,66.92,62.18,10,96.0,3649,False,-3.8,33.68,11.12,10.95,20.05,30.5,33.58,24.7489,24.7865,22.9066,21.073,20.5872,43219,1255,2026-09-18,54.53,3493256.0
NASDAQ:RCEL,RCEL,"Avita Medical, Inc.",Healthcare,Medical Devices,United States,NASDAQ,339159113.0,11.02,66.96,67.79,10,96.0,3650,False,-1.78,237.0,117.9,123.44,62.84,30.59,19.46,5.0574,4.932,6.7675,8.4388,9.2247,2990406,1255,2026-09-18,70.12,30776689.0
NASDAQ:NTSK,NTSK,"Netskope, Inc.",Technology,Software - Infrastructure,United States,NASDAQ,4404360956.0,17.49,67.03,64.14,10,96.1,3651,True,-32.18,126.26,35.31,18.44,,,,12.9262,14.7676,,,,110176773,252,2026-09-18,65.71,251821667.0
NASDAQ:PPIH,PPIH,"Perma-Pipe International Holdings, Inc.",Industrials,Building Products & Equipment,United States,NASDAQ,248240532.0,30.55,67.05,62.94,10,96.1,3652,True,-13.43,36.2,3.1,6.24,33.75,70.05,91.88,29.63,28.7562,22.8407,17.9655,15.9217,3076069,1255,2026-09-18,65.35,8125713.0
NYSE:BWMX,BWMX,"Betterware de Mexico, S.A.P.I. de C.V.",Consumer Cyclical,Specialty Retail,Mexico,NYSE,644692255.0,17.31,67.06,60.43,10,96.1,3653,True,-6.2,46.09,5.52,10.52,34.38,35.56,50.05,16.4039,15.6617,12.8815,12.7692,11.5358,1228508,1255,2026-09-18,49.41,37243920.0
NASDAQ:PRAA,PRAA,"PRA Group, Inc.",Financial Services,Credit Services,United States,NASDAQ,800958648.0,21.0,67.06,62.37,10,96.1,3654,False,-5.53,101.54,22.15,25.47,17.87,9.41,-5.11,17.1923,16.7377,17.8158,19.1935,22.1307,7596471,1255,2026-09-18,64.21,38140888.0
NASDAQ:TKNO,TKNO,"Alpha Teknova, Inc.",Healthcare,Drug Manufacturers - Specialty & Generic,United States,NASDAQ,417653278.0,7.79,67.15,64.87,10,96.2,3655,False,0.0,291.46,80.13,73.48,45.96,75.05,82.11,4.3246,4.4905,5.3369,4.4503,4.2776,1311978,1255,2026-09-18,62.36,53614028.0
NASDAQ:SMTC,SMTC,Semtech Corporation,Technology,Semiconductors,United States,NASDAQ,17232966080.0,185.0,67.18,63.08,10,96.2,3656,False,0.0,209.21,65.51,80.14,146.43,213.08,261.97,111.7742,102.699,75.0719,59.0898,51.109,563183639,1255,2026-09-18,65.05,93151168.0
NASDAQ:SKYA,SKYA,"SkyAI, Inc.",Technology,Software - Infrastructure,United States,NASDAQ,71736075.0,1.695,67.35,62.84,10,96.2,3657,False,-79.23,78.42,0.29,-28.68,-98.96,-99.81,-99.93,1.69,2.3767,162.3578,891.6655,2491.1938,626738,1111,2026-09-18,53.75,42322168.0
NYSE:FPI,FPI,Farmland Partners Inc.,Real Estate,REIT - Specialty,United States,NYSE,474265948.0,10.87,67.41,64.69,10,96.2,3658,False,-15.18,20.82,3.37,4.95,5.27,9.08,9.78,10.5155,10.3575,10.3259,9.9648,9.9015,6417846,1255,2026-09-18,71.84,43630722.0
NASDAQ:FWDI,FWDI,"Forward Industries, Inc.",Consumer Cyclical,Footwear & Accessories,United States,NASDAQ,567899956.0,7.7,67.52,65.64,10,96.3,3659,False,-76.51,117.51,45.08,-2.6,2.57,10.06,-3.76,5.3073,7.9054,7.507,6.9959,8.0005,16367506,1255,2026-09-18,54.76,73753241.0
NASDAQ:HTFL,HTFL,"Heartflow, Inc.",Healthcare,Health Information Services,United States,NASDAQ,4376722021.0,50.75,67.52,67.65,10,96.3,3660,False,0.0,147.68,64.98,61.61,,,,30.7606,31.4035,,,,106047142,279,2026-09-18,65.04,86240828.0
NASDAQ:FLGT,FLGT,"Fulgent Genetics, Inc.",Healthcare,Diagnostics & Research,United States,NASDAQ,616009513.0,21.69,67.54,62.94,10,96.3,3661,False,-29.69,57.29,6.83,2.23,7.34,1.05,-12.58,20.3042,21.2174,20.2075,21.4637,24.8109,6671767,1255,2026-09-18,69.99,28400623.0
NYSE:TMO,TMO,Thermo Fisher Scientific Inc,Healthcare,Diagnostics & Research,United States,NYSE,240871869465.0,651.45,67.7,66.38,10,96.3,3662,False,-1.04,48.88,21.32,21.01,25.88,23.85,23.24,536.9685,538.3452,517.5059,526.0152,528.5983,1274051841,1255,2026-09-18,72.06,369747286.0
NYSE:RGR,RGR,"Sturm, Ruger & Company, Inc.",Industrials,Aerospace & Defense,United States,NYSE,654469366.0,40.96,67.79,62.51,10,96.4,3663,False,-12.06,43.67,8.26,7.38,9.58,4.04,-2.46,37.8353,38.1432,37.3788,39.3686,41.9946,6352197,1255,2026-09-18,64.31,15978256.0
NASDAQ:TEM,TEM,"Tempus AI, Inc.",Healthcare,Health Information Services,United States,NASDAQ,13652432871.0,77.84,67.82,64.8,10,96.4,3664,False,-24.61,87.34,38.62,26.26,31.58,,,56.1538,61.6505,59.1565,,,525641986,567,2026-09-18,72.12,175390967.0
NASDAQ:TH,TH,Target Hospitality Corp.,Industrials,Specialty Business Services,United States,NASDAQ,2110216025.0,21.19,67.82,64.09,10,96.4,3665,False,0.0,240.68,58.48,74.26,111.13,106.88,88.4,13.371,12.1598,10.0366,10.2427,11.2471,43092677,1255,2026-09-18,65.95,99585466.0
NYSE:DV,DV,"DoubleVerify Holdings, Inc.",Communication Services,Advertising Agencies,United States,NYSE,2065627984.0,13.46,67.86,65.64,10,96.4,3666,False,-0.44,56.33,22.76,22.25,-2.65,-27.79,-37.06,10.9645,11.01,13.8268,18.6388,21.3868,47995861,1255,2026-09-18,68.62,153464189.0
AMEX:WYY,WYY,WidePoint Corporation,Technology,Information Technology Services,United States,AMEX,125171711.0,12.66,67.88,60.93,10,96.5,3667,False,-37.33,219.7,51.16,60.26,114.98,163.71,208.89,8.3755,7.8998,5.8888,4.8007,4.0985,1100429,1255,2026-09-18,70.31,9887181.0
NASDAQ:GYRE,GYRE,"Gyre Therapeutics, Inc.",Healthcare,Biotechnology,United States,NASDAQ,841740810.0,7.55,67.96,63.06,10,96.5,3668,False,-14.88,35.79,6.22,4.33,-13.71,-28.98,-17.43,7.1079,7.2365,8.7497,10.6304,9.1439,962220,1255,2026-09-18,62.09,111488849.0
NASDAQ:ELMT,ELMT,The Elmet Group Co.,Industrials,Aerospace & Defense,United States,NASDAQ,688937252.0,22.98,68.24,64.23,10,96.5,3669,False,0.0,80.38,,,,,,,,,,,25684053,103,2026-09-18,65.85,29979863.0
NASDAQ:HUHU,HUHU,HUHUTECH International Group Inc.,Industrials,Specialty Industrial Machinery,China,NASDAQ,151478432.0,5.85,68.31,58.47,10,96.6,3670,False,-50.0,57.26,-24.71,-23.45,,,,7.7695,7.6417,,,,286739,478,2026-09-18,42.77,25893749.0
NYSE:BEBE,BEBE,TGE Value Creative Solutions Corp,Financial Services,Shell Companies,France,NYSE,150600000.0,10.04,68.34,65.61,10,96.6,3671,False,-0.1,2.34,,,,,,,,,,,99109,155,2026-09-18,68.34,15000000.0
NASDAQ:PURR,PURR,Hyperliquid Strategies Inc,Financial Services,Capital Markets,United States,NASDAQ,2825942406.0,14.09,68.84,66.65,10,96.6,3672,False,0.0,354.52,,,,,,,,,,,342281784,199,2026-09-18,63.78,200563691.0
AMEX:AGIG,AGIG,Abundia Global Impact Group Inc.,Utilities,Utilities - Renewable,United States,AMEX,54148070.0,1.23,68.92,64.12,10,96.6,3673,False,-82.38,48.19,-24.34,-48.6,-81.55,-87.18,-91.61,1.6256,2.393,6.6665,9.5917,14.6626,191235,1255,2026-09-18,62.65,44022821.0
AMEX:REPX,REPX,"Riley Exploration Permian, Inc.",Energy,Oil & Gas E&P,United States,AMEX,946811127.0,43.64,69.02,67.63,10,96.7,3674,False,-2.81,86.79,33.33,39.64,50.05,59.47,59.24,32.7305,31.2526,29.0838,27.3662,27.4058,16338294,1255,2026-09-18,67.83,21695947.0
NYSE:CBZ,CBZ,"CBIZ, Inc.",Industrials,Specialty Business Services,United States,NYSE,2965010745.0,54.63,69.04,71.64,10,96.7,3675,False,-3.82,117.3,37.3,28.62,-5.68,-10.79,-6.41,39.7876,42.4753,57.9171,61.2382,58.3735,60939899,1255,2026-09-18,68.71,54274405.0
NASDAQ:HMR,HMR,Heidmar Maritime Holdings Corp.,Industrials,Marine Shipping,Greece,NASDAQ,108545274.0,1.84,69.08,65.8,10,96.7,3676,False,0.0,139.58,71.1,65.06,,,,1.0754,1.1148,,,,234622,397,2026-09-18,66.06,58991997.0
NASDAQ:PPHC,PPHC,"Public Policy Holding Company, Inc.",Industrials,Consulting Services,United States,NASDAQ,393394877.0,13.11,69.12,64.29,10,96.7,3677,False,-10.27,79.1,,,,,,,,,,,3513119,162,2026-09-18,65.65,30007237.0
NYSE:RVTY,RVTY,"Revvity, Inc.",Healthcare,Diagnostics & Research,United States,NYSE,16003249437.0,143.45,69.21,67.67,10,96.8,3678,False,-2.24,74.5,38.2,41.31,38.6,37.75,30.81,103.7976,101.5161,103.501,104.1383,109.6599,266461895,1255,2026-09-18,75.04,111559773.0
NASDAQ:PBHC,PBHC,"Pathfinder Bancorp, Inc.",Financial Services,Banks - Regional,United States,NASDAQ,87869358.0,18.02,69.25,66.14,10,96.8,3679,False,0.0,50.22,24.61,24.25,20.34,27.24,24.41,14.4615,14.5028,14.9741,14.1623,14.4838,101511,1255,2026-09-18,65.1,4876213.0
NASDAQ:FRNM,FRNM,"Freenome, Inc.",Healthcare,Diagnostics & Research,United States,NASDAQ,1815351649.0,17.11,69.31,67.69,10,96.8,3680,False,0.0,71.27,39.65,43.45,53.77,,,12.252,11.9273,11.1268,,,16203360,569,2026-09-18,65.33,106098869.0
NASDAQ:DSGR,DSGR,"Distribution Solutions Group, Inc.",Industrials,Industrial Distribution,United States,NASDAQ,1611076348.0,34.83,69.37,71.38,10,96.8,3681,False,-0.37,80.37,18.81,19.57,13.83,12.9,22.41,29.3149,29.1288,30.5995,30.8492,28.4535,7548485,1255,2026-09-18,70.21,46255422.0
NYSE:UMC,UMC,United Microelectronics Corporation (NEW),Technology,Semiconductors,Taiwan,NYSE,61719630154.0,24.61,69.61,63.82,10,96.9,3682,False,-10.59,258.27,66.32,85.82,147.6,173.95,196.96,14.7968,13.2438,9.9393,8.9834,8.2872,261295442,1255,2026-09-18,69.14,2507908580.0
NYSE:STNG,STNG,Scorpio Tankers Inc.,Energy,Oil & Gas Midstream,Monaco,NYSE,4365090640.0,87.16,69.63,64.82,10,96.9,3683,False,-0.79,79.15,21.77,26.78,51.42,46.57,55.39,71.5746,68.7517,57.5615,59.4646,56.0901,70949401,1255,2026-09-18,73.05,50081352.0
NASDAQ:CTKB,CTKB,"Cytek Biosciences, Inc.",Healthcare,Medical Devices,United States,NASDAQ,684455711.0,5.3,69.64,65.02,10,96.9,3684,False,-9.86,57.97,15.8,17.13,15.92,1.59,-19.42,4.5769,4.5249,4.572,5.2168,6.5771,4884297,1255,2026-09-18,67.73,129142587.0
NASDAQ:OBA,OBA,Oxley Bridge Acquisition Limited,Financial Services,Shell Companies,Canada,NASDAQ,261475500.0,10.335,69.73,69.59,10,96.9,3685,False,-0.05,4.08,1.54,1.88,,,,10.178,10.1439,,,,341960,275,2026-09-18,75.84,25300000.0
NASDAQ:HALO,HALO,"Halozyme Therapeutics, Inc.",Healthcare,Biotechnology,United States,NASDAQ,13338031850.0,112.45,69.89,69.8,10,97.0,3686,False,0.0,82.46,48.17,50.81,70.17,92.25,105.56,75.8911,74.5662,66.0802,58.4909,54.703,207597977,1255,2026-09-18,65.27,118613000.0
NASDAQ:CDNA,CDNA,"CareDx, Inc.",Healthcare,Diagnostics & Research,United States,NASDAQ,2784853224.0,53.83,70.09,69.42,10,97.0,3687,False,-0.83,276.96,102.12,121.4,142.66,182.07,211.81,26.6331,24.313,22.183,19.084,17.2637,56689001,1255,2026-09-18,72.76,51734223.0
NYSE:ASC,ASC,Ardmore Shipping Corporation,Industrials,Marine Shipping,Bermuda,NYSE,777289797.0,19.05,70.11,65.6,10,97.0,3688,True,-0.05,96.53,30.76,36.94,55.69,46.3,52.24,14.5688,13.9109,12.2362,13.0212,12.5133,11642037,1255,2026-09-18,69.65,40802614.0
NASDAQ:INDP,INDP,"Indaptus Therapeutics, Inc.",Healthcare,Biotechnology,United States,NASDAQ,473010250.0,3.55,70.16,66.2,10,97.1,3689,False,-25.26,279.27,59.13,47.93,-67.98,-87.07,-89.68,2.2308,2.3998,11.0864,27.4465,34.4038,3392222,1255,2026-09-18,78.39,133242324.0
NASDAQ:VRA,VRA,"Vera Bradley, Inc.",Consumer Cyclical,Footwear & Accessories,United States,NASDAQ,120862571.0,4.25,70.19,65.12,10,97.1,3690,False,-0.23,136.11,31.41,39.6,35.22,-3.41,-7.61,3.2342,3.0444,3.143,4.4001,4.6001,3397490,1255,2026-09-18,70.19,28438252.0
NYSE:ARX,ARX,Accelerant Holdings,Financial Services,Insurance Brokers,Cayman Islands,NYSE,2217632154.0,19.66,70.28,68.27,10,97.1,3691,False,-1.11,110.04,36.72,38.13,,,,14.3793,14.2325,,,,40757121,291,2026-09-18,75.32,112799194.0
NYSE:PS,PS,Pershing Square Inc.,Financial Services,Asset Management,United States,NYSE,19932000000.0,49.83,70.28,66.54,10,97.1,3692,False,-4.0,106.63,,,,,,,,,,,23018092,99,2026-09-18,61.44,400000000.0
AMEX:INFU,INFU,"InfuSystems Holdings, Inc.",Healthcare,Medical Devices,United States,AMEX,259334884.0,12.85,70.3,66.33,10,97.2,3693,False,0.0,73.18,33.11,32.49,52.78,52.8,50.12,9.654,9.6991,8.4109,8.4098,8.5598,1589033,1255,2026-09-18,64.47,20181703.0
NYSE:BWLP,BWLP,BW LPG Limited,Energy,Oil & Gas Midstream,Singapore,NYSE,3895562739.0,25.66,70.39,68.27,10,97.2,3694,False,-1.84,138.99,48.15,58.27,90.47,105.38,142.47,17.3205,16.2126,13.4719,12.4941,10.5826,12168435,1255,2026-09-18,78.07,151814604.0
NASDAQ:WGS,WGS,GeneDx Holdings Corp.,Healthcare,Diagnostics & Research,United States,NASDAQ,3001459530.0,101.1,70.42,68.05,10,97.2,3695,False,-39.65,192.96,23.1,9.71,15.55,60.66,99.76,82.1316,92.1526,87.4942,62.9293,50.61,48919529,1255,2026-09-18,78.38,29688027.0
NASDAQ:CAI,CAI,"Caris Life Sciences, Inc.",Healthcare,Biotechnology,United States,NASDAQ,8472203676.0,29.98,70.63,68.77,10,97.2,3696,False,-10.32,106.05,42.52,32.28,,,,21.0361,22.6645,,,,155710840,315,2026-09-18,76.25,282595186.0
NYSE:MTW,MTW,"Manitowoc Company, Inc. (The)",Industrials,Farm & Heavy Construction Machinery,United States,NYSE,802579202.0,22.35,70.85,69.38,10,97.3,3697,False,0.0,129.7,58.47,66.84,90.0,82.31,76.44,14.1039,13.396,11.7629,12.2594,12.6672,8161256,1255,2026-09-18,68.49,35909584.0
NASDAQ:SFWL,SFWL,Shengfeng Development Limited,Industrials,Integrated Freight & Logistics,China,NASDAQ,336272390.0,8.279,70.93,71.88,10,97.3,3698,False,-24.12,1108.61,574.01,601.39,633.53,264.2,,1.2283,1.1804,1.1287,2.2732,,42338,869,2026-09-18,76.56,40617513.0
NYSE:ATKR,ATKR,Atkore Inc.,Industrials,Electrical Equipment & Parts,United States,NYSE,3184928529.0,94.32,70.98,67.63,10,97.3,3699,False,-0.24,71.92,28.49,32.11,32.18,0.81,-6.14,73.4091,71.3948,71.3592,93.5583,100.4861,69092258,1255,2026-09-18,73.12,33767266.0
NASDAQ:CLGN,CLGN,CollPlant Biotechnologies Ltd.,Healthcare,Biotechnology,Israel,NASDAQ,86221424.0,4.56,71.02,65.02,10,97.3,3700,False,-85.48,67.03,-34.72,-55.76,-77.94,-85.63,-89.4,6.9849,10.3079,20.6693,31.7262,43.0387,4189095,1255,2026-09-18,65.91,18908207.0
NYSE:TK,TK,Teekay Corporation Ltd.,Energy,Oil & Gas Midstream,Bermuda,NYSE,1279943887.0,14.71,71.05,67.73,10,97.4,3701,False,0.0,101.29,32.37,39.45,75.78,98.76,126.72,11.1131,10.5484,8.3685,7.4009,6.4882,8259699,1255,2026-09-18,70.7,87011821.0
NASDAQ:MGRT,MGRT,Mega Fortune Company Limited,Technology,Information Technology Services,Hong Kong,NASDAQ,1677225000.0,121.98,71.08,66.71,10,97.4,3702,True,-14.22,3027.69,105.33,152.88,,,,59.4069,48.2367,,,,1593094,297,2026-09-18,67.26,13750000.0
NASDAQ:HSDT,HSDT,Solana Company,Financial Services,Asset Management,United States,NASDAQ,161147223.0,2.76,71.23,67.5,10,97.4,3703,True,-88.56,117.32,24.52,-26.61,-98.01,-99.78,-99.92,2.2165,3.7605,139.0228,1261.4954,3263.0933,1109302,1255,2026-09-18,58.52,58386675.0
NYSE:TNK,TNK,Teekay Tankers Ltd.,Energy,Oil & Gas Midstream,Bermuda,NYSE,3029402532.0,100.92,71.37,68.76,10,97.4,3704,False,0.0,111.48,40.76,47.84,82.38,86.97,108.36,71.6979,68.2625,55.3355,53.9763,48.4345,54590153,1255,2026-09-18,71.24,30017861.0
AMEX:EVI,EVI,"EVI Industries, Inc.",Industrials,Industrial Distribution,United States,AMEX,233059636.0,18.11,71.38,64.86,10,97.5,3705,False,-46.78,38.99,-5.77,-12.94,-10.17,-11.65,-11.35,19.2196,20.8009,20.1595,20.4983,20.4281,817421,1255,2026-09-18,69.21,12869113.0
NASDAQ:CRDF,CRDF,"Cardiff Oncology, Inc.",Healthcare,Biotechnology,United States,NASDAQ,106579490.0,1.37,71.42,64.88,10,97.5,3706,True,-57.32,69.14,-18.4,-23.18,-45.33,-44.92,-39.61,1.679,1.7834,2.5059,2.4873,2.2688,1112123,1255,2026-09-18,67.66,77795248.0
NASDAQ:SBC,SBC,SBC Medical Group Holdings Incorporated,Industrials,Consulting Services,United States,NASDAQ,488522979.0,4.75,71.78,69.56,10,97.5,3707,False,-3.46,65.51,26.4,26.24,6.82,-31.62,,3.7578,3.7628,4.4468,6.9462,,862013,999,2026-09-18,70.61,102846943.0
NASDAQ:APUR,APUR,Aperture AC,Financial Services,Shell Companies,United States,NASDAQ,110048440.0,10.04,71.83,67.74,10,97.6,3708,False,-0.5,1.62,,,,,,,,,,,2160147,83,2026-09-18,63.78,10961000.0
NYSE:HAE,HAE,Haemonetics Corporation,Healthcare,Medical Devices,United States,NYSE,4926344557.0,108.4,71.83,70.95,10,97.6,3709,False,-0.37,127.4,46.72,53.41,53.94,44.59,40.81,73.8803,70.6592,70.4158,74.9688,76.9846,66244893,1255,2026-09-18,70.5,45445983.0
NASDAQ:XGN,XGN,Exagen Inc.,Healthcare,Diagnostics & Research,United States,NASDAQ,203184246.0,8.41,71.84,69.08,10,97.6,3710,False,-29.68,217.36,76.45,42.45,49.87,91.28,111.63,4.7662,5.9036,5.6116,4.3967,3.9739,1833298,1255,2026-09-18,65.68,24159839.0
NYSE:TISI,TISI,"Team, Inc.",Industrials,Specialty Business Services,United States,NYSE,127770127.0,27.95,71.94,71.11,10,97.6,3711,False,0.0,120.95,64.94,67.93,61.49,96.68,122.37,16.9453,16.6442,17.3071,14.2107,12.5693,1069934,1255,2026-09-18,70.05,4571382.0
NASDAQ:EDRY,EDRY,EuroDry Ltd.,Industrials,Marine Shipping,Greece,NASDAQ,198811823.0,68.78,71.98,72.63,10,97.7,3712,False,-4.27,470.32,186.76,217.79,308.46,284.48,298.2,23.9855,21.6435,16.8391,17.8892,17.2728,10710996,1255,2026-09-18,78.95,2890547.0
NASDAQ:MBVI,MBVI,M3-Brigade Acquisition VI Corp.,Financial Services,Shell Companies,United States,NASDAQ,353625000.0,10.25,71.99,70.13,10,97.7,3713,False,0.0,2.6,1.31,,,,,10.1174,,,,,300794,231,2026-09-18,71.99,34500000.0
NASDAQ:AUC,AUC,ATIF Holdings Limited,Financial Services,Capital Markets,United States,NASDAQ,96223770.0,9.33,72.17,66.58,10,97.7,3714,True,-11.48,108.26,32.06,26.99,-15.6,-29.27,-48.18,7.0652,7.3472,11.0549,13.1914,18.0048,35696,1255,2026-09-18,46.84,10313373.0
NASDAQ:BNC,BNC,CEA Industries Inc.,Industrials,Farm & Heavy Construction Machinery,United States,NASDAQ,246219623.0,5.98,72.27,70.32,10,97.7,3715,False,-47.41,200.5,58.01,32.26,-17.96,-17.19,-25.97,3.7847,4.5215,7.2894,7.2215,8.0783,26360484,1255,2026-09-18,68.64,41173850.0
NASDAQ:NAKA,NAKA,Nakamoto Inc.,Financial Services,Capital Markets,United States,NASDAQ,159577615.0,9.17,72.41,69.43,10,97.8,3716,False,-84.61,172.11,-1.5,-36.38,-91.7,,,9.3099,14.4138,110.5044,,,1683062,577,2026-09-18,67.55,17402139.0
NASDAQ:TVA,TVA,Texas Ventures Acquisition III Corp,Financial Services,Shell Companies,United States,NASDAQ,238050000.0,10.58,72.43,63.7,10,97.8,3717,False,-9.18,4.44,0.43,-0.27,,,,10.5342,10.6083,,,,6024868,337,2026-09-18,62.96,22500000.0
NYSE:UTZ,UTZ,Utz Brands Inc,Consumer Defensive,Packaged Foods,United States,NYSE,1260767749.0,14.24,72.66,75.9,10,97.8,3718,False,-0.28,111.3,47.32,43.03,19.0,8.6,4.01,9.666,9.9563,11.9665,13.1124,13.6912,29727098,1255,2026-09-18,75.8,88537061.0
NASDAQ:ECOR,ECOR,"electroCore, Inc.",Healthcare,Medical Devices,United States,NASDAQ,105305537.0,11.68,72.92,67.97,10,97.8,3719,False,0.0,164.25,64.7,74.81,45.9,57.73,71.63,7.0918,6.6817,8.0053,7.4053,6.8053,804135,1255,2026-09-18,71.15,9015885.0
NASDAQ:TWST,TWST,Twist Bioscience Corporation,Healthcare,Diagnostics & Research,United States,NASDAQ,10398686725.0,166.99,72.95,69.2,10,97.9,3720,False,0.0,556.15,139.64,171.42,230.78,266.44,318.43,69.6843,61.5243,50.4838,45.5704,39.9084,244809612,1255,2026-09-18,68.4,62271314.0
NASDAQ:PSIG,PSIG,PS International Group Ltd.,Industrials,Integrated Freight & Logistics,Hong Kong,NASDAQ,63812774.0,4.15,73.21,65.93,10,97.9,3721,False,-64.98,284.26,-15.15,-11.66,-5.02,,,4.8912,4.6975,4.3694,,,2931342,544,2026-09-18,79.25,15376572.0
NASDAQ:CBAT,CBAT,CBAK Energy Technology Limited,Industrials,Electrical Equipment & Parts,China,NASDAQ,97510420.0,1.1,73.38,70.43,10,97.9,3722,False,-7.56,124.49,36.0,31.92,23.58,15.86,12.26,0.8088,0.8338,0.8901,0.9495,0.9799,700510,1255,2026-09-18,70.51,88645836.0
AMEX:OPTT,OPTT,"Ocean Power Technologies, Inc.",Industrials,Specialty Industrial Machinery,United States,AMEX,569992917.0,2.11,73.41,73.25,10,97.9,3723,False,-22.71,1818.18,459.24,425.99,378.98,446.76,376.18,0.3773,0.4012,0.4405,0.3859,0.4431,1297426,1255,2026-09-18,71.75,270138823.0
NASDAQ:CTOR,CTOR,"Citius Oncology, Inc.",Healthcare,Drug Manufacturers - Specialty & Generic,United States,NASDAQ,105998573.0,1.14,73.48,69.18,10,98.0,3724,False,-43.84,131.24,29.17,10.06,-5.63,-74.31,,0.8826,1.0358,1.208,4.4373,,81260,947,2026-09-18,67.45,92981204.0
NASDAQ:TXG,TXG,"10x Genomics, Inc.",Healthcare,Health Information Services,United States,NASDAQ,8952802482.0,76.6,73.65,71.93,10,98.0,3725,False,-0.48,575.48,144.51,176.09,275.11,205.31,153.49,31.3275,27.7448,20.4209,25.0897,30.2183,186462145,1255,2026-09-18,74.66,116877317.0
NYSE:CRT,CRT,Cross Timbers Royalty Trust,Energy,Oil & Gas E&P,United States,NYSE,76500000.0,12.75,73.68,72.17,10,98.0,3726,False,-2.45,92.18,34.3,40.71,40.17,24.35,7.62,9.4938,9.0615,9.096,10.2534,11.8475,371760,1255,2026-09-18,79.01,6000000.0
NASDAQ:EFTY,EFTY,"Etoiles Capital Group Co., Ltd.",Industrials,Consulting Services,Hong Kong,NASDAQ,226952200.0,15.02,73.7,73.52,10,98.1,3727,False,-11.54,66.52,0.0,0.62,,,,15.02,14.9274,,,,0,280,2026-09-18,73.7,15110000.0
NASDAQ:NEOG,NEOG,Neogen Corporation,Healthcare,Medical Devices,United States,NASDAQ,2834728208.0,13.0,73.85,68.92,10,98.1,3728,False,0.0,142.54,34.7,46.22,42.49,13.45,-0.7,9.6508,8.891,9.1233,11.4589,13.0917,29291551,1255,2026-09-18,72.04,218056016.0
NASDAQ:SMTI,SMTI,Sanara MedTech Inc.,Healthcare,Medical Instruments & Supplies,United States,NASDAQ,322400649.0,35.07,73.87,73.79,10,98.1,3729,True,-0.11,114.63,46.71,41.85,23.81,17.24,9.14,23.9046,24.7234,28.3258,29.9126,32.1318,9614336,1255,2026-09-18,72.76,9193061.0
NASDAQ:NEO,NEO,"NeoGenomics, Inc.",Healthcare,Diagnostics & Research,United States,NASDAQ,2557946010.0,19.91,73.9,70.24,10,98.1,3730,False,0.0,176.91,66.19,72.56,76.09,57.69,54.93,11.9806,11.538,11.3065,12.6264,12.8507,33175076,1255,2026-09-18,73.8,128475440.0
NASDAQ:ADPT,ADPT,Adaptive Biotechnologies Corporation,Healthcare,Diagnostics & Research,United States,NASDAQ,4550695785.0,28.61,73.92,69.08,10,98.2,3731,False,0.0,130.54,58.63,62.69,121.27,187.08,204.03,18.0354,17.5858,12.9301,9.9659,9.4102,52885396,1255,2026-09-18,73.7,159059622.0
AMEX:NRXS,NRXS,"Neuraxis, Inc.",Healthcare,Biotechnology,United States,AMEX,94952321.0,7.61,74.1,66.32,10,98.2,3732,False,-13.62,229.44,24.41,39.69,90.51,108.09,,6.1169,5.4479,3.9946,3.657,,973781,781,2026-09-18,74.63,12477309.0
NASDAQ:NTRA,NTRA,"Natera, Inc.",Healthcare,Diagnostics & Research,United States,NASDAQ,52902329957.0,369.39,74.19,71.18,10,98.2,3733,False,0.0,130.57,53.47,60.18,92.47,137.87,187.69,240.6948,230.6164,191.9206,155.2881,128.3988,447015665,1255,2026-09-18,73.29,143215382.0
NYSE:DSX,DSX,Diana Shipping inc.,Industrials,Marine Shipping,Greece,NYSE,386891710.0,3.11,74.3,70.81,10,98.2,3734,False,0.0,100.52,33.05,40.78,56.82,39.73,25.82,2.3375,2.2091,1.9831,2.2258,2.4718,4338300,1255,2026-09-18,72.64,124402479.0
NYSE:CHPT,CHPT,"ChargePoint Holdings, Inc.",Consumer Cyclical,Specialty Retail,United States,NYSE,267263552.0,10.32,74.32,70.26,10,98.3,3735,False,-16.37,128.82,57.79,41.09,-16.1,-54.99,-85.03,6.5403,7.3144,12.3008,22.9296,68.9286,36615322,1255,2026-09-18,72.38,25897631.0
NASDAQ:ALVO,ALVO,Alvotech,Healthcare,Drug Manufacturers - Specialty & Generic,Luxembourg,NASDAQ,1985350408.0,5.87,74.49,71.1,10,98.3,3736,False,-34.63,95.67,41.32,23.18,-24.03,-36.14,-36.63,4.1535,4.7653,7.7263,9.1923,9.2629,6990578,1068,2026-09-18,66.1,338219831.0
NASDAQ:VNCE,VNCE,Vince Holding Corp.,Consumer Cyclical,Apparel Manufacturing,United States,NASDAQ,137466046.0,10.7,74.55,70.56,10,98.3,3737,False,0.0,437.69,138.17,157.34,243.89,286.33,200.09,4.4926,4.1579,3.1115,2.7696,3.5656,3650214,1255,2026-09-18,71.3,12847294.0
NASDAQ:NBRG,NBRG,Newbridge Acquisition Limited,Financial Services,Shell Companies,Hong Kong,NASDAQ,61637288.0,10.09,74.57,72.37,10,98.3,3738,False,0.0,2.23,,,,,,,,,,,40017,125,2026-09-18,74.57,6108750.0
NYSE:LPG,LPG,Dorian LPG Ltd.,Energy,Oil & Gas Midstream,United States,NYSE,2487812900.0,58.15,74.84,71.1,10,98.4,3739,False,-0.27,160.35,59.62,70.25,104.85,100.48,129.33,36.4294,34.1557,28.386,29.0055,25.3563,32081342,1255,2026-09-18,75.79,42782681.0
NYSE:GME,GME,GameStop Corporation,Consumer Cyclical,Specialty Retail,United States,NYSE,10158370058.0,22.64,74.94,67.2,10,98.4,3740,False,-18.24,26.69,2.03,1.0,-5.22,3.53,3.14,22.1893,22.4168,23.8878,21.8685,21.9503,157515797,1255,2026-09-18,76.84,448691257.0
NASDAQ:BDCI,BDCI,BTC Development Corp.,Financial Services,Shell Companies,United States,NASDAQ,264769600.0,10.16,74.96,73.5,10,98.4,3741,False,-0.39,1.91,1.07,,,,,10.0526,,,,,121877,232,2026-09-18,74.96,26060000.0
NASDAQ:FEAM,FEAM,"5E Advanced Materials, Inc.",Basic Materials,Specialty Chemicals,United States,NASDAQ,103788058.0,2.5,75.15,69.91,10,98.4,3742,False,-64.46,138.1,22.95,-2.37,-48.46,-83.04,-95.21,2.0333,2.5607,4.8504,14.7402,52.1515,1293037,1133,2026-09-18,67.44,41515223.0
NASDAQ:IOVA,IOVA,"Iovance Biotherapeutics, Inc.",Healthcare,Biotechnology,United States,NASDAQ,4576649559.0,10.25,75.5,72.79,10,98.5,3743,False,0.0,466.3,142.01,168.3,128.68,70.99,61.63,4.2354,3.8203,4.4823,5.9945,6.3416,123425177,1255,2026-09-18,74.07,446502396.0
NYSE:HSHP,HSHP,Himalaya Shipping Ltd.,Industrials,Marine Shipping,Bermuda,NYSE,906598350.0,19.23,75.57,70.65,10,98.5,3744,False,-0.52,185.24,50.33,64.49,123.12,148.44,,12.7917,11.6904,8.6186,7.7402,,7671223,870,2026-09-18,77.34,47145000.0
NASDAQ:AOUT,AOUT,"American Outdoor Brands, Inc.",Consumer Cyclical,Leisure,United States,NASDAQ,205366910.0,16.42,75.6,70.48,10,98.5,3745,False,0.0,158.18,61.31,70.68,54.09,64.45,67.72,10.1789,9.6206,10.6564,9.985,9.7903,4883383,1255,2026-09-18,73.46,12507120.0
NASDAQ:TTRX,TTRX,Turn Therapeutics Inc.,Healthcare,Biotechnology,United States,NASDAQ,445033318.0,14.94,75.66,72.13,10,98.6,3746,False,0.0,451.29,158.66,,,,,5.7759,,,,,1957066,238,2026-09-18,71.14,29788040.0
NYSE:ITGR,ITGR,Integer Holdings Corporation,Healthcare,Medical Devices,United States,NYSE,4287817069.0,126.28,75.86,75.35,10,98.6,3747,False,-0.17,99.43,35.28,37.6,17.07,17.85,27.29,93.3447,91.7765,107.8702,107.1487,99.2035,95593942,1255,2026-09-18,76.52,33954839.0
NASDAQ:QNBC,QNBC,QNB Corp.,Financial Services,Banks - Regional,United States,NASDAQ,284013519.0,45.74,75.9,72.72,10,98.6,3748,False,0.0,36.9,13.77,17.6,29.77,48.24,60.2,40.2025,38.8937,35.2464,30.8548,28.5512,570244,1255,2026-09-18,66.18,6209303.0
NYSE:NVGS,NVGS,Navigator Holdings Ltd. Ordinary Shares (Marshall Islands),Energy,Oil & Gas Midstream,United Kingdom,NYSE,1543046975.0,25.0,75.92,69.93,10,98.6,3749,False,-0.24,76.06,23.14,28.61,45.76,52.24,62.31,20.3029,19.4382,17.1513,16.4215,15.4029,10235719,1255,2026-09-18,76.94,61721879.0
NYSE:JILL,JILL,"J. Jill, Inc.",Consumer Cyclical,Apparel Retail,United States,NYSE,357936875.0,23.94,76.05,73.84,10,98.7,3750,False,-0.79,120.64,53.02,53.56,34.05,12.34,11.11,15.6446,15.5905,17.8591,21.3111,21.5463,4219029,1255,2026-09-18,78.61,14951415.0
NASDAQ:GLOO,GLOO,"Gloo Holdings, Inc.",Technology,Software - Application,United States,NASDAQ,139196539.0,4.88,76.3,68.94,10,98.7,3751,False,-48.63,65.42,-6.5,,,,,5.2192,,,,,3908308,209,2026-09-18,77.17,28523881.0
NYSE:INSP,INSP,"Inspire Medical Systems, Inc.",Healthcare,Medical Devices,United States,NYSE,2219738592.0,76.78,76.31,72.78,10,98.7,3752,True,-46.68,91.71,18.92,11.9,-32.86,-43.6,-53.33,64.5622,68.6169,114.3639,136.1407,164.5077,50314641,1255,2026-09-18,71.34,28910375.0
NASDAQ:CLMT,CLMT,"Calumet, Inc",Basic Materials,Specialty Chemicals,United States,NASDAQ,5141681673.0,59.0,76.55,72.97,10,98.7,3753,False,-0.08,233.71,76.87,94.24,151.75,181.22,196.28,33.3586,30.375,23.4364,20.9802,19.9138,69976689,1255,2026-09-18,76.83,87147147.0
NASDAQ:ALDF,ALDF,Aldel Financial II Inc.,Financial Services,Shell Companies,United States,NASDAQ,256515150.0,10.82,76.75,71.7,10,98.8,3754,False,0.0,4.34,1.85,2.14,,,,10.6237,10.593,,,,488359,441,2026-09-18,76.75,23707500.0
NASDAQ:HLP,HLP,Hongli Group Inc.,Basic Materials,Steel,China,NASDAQ,150972275.0,2.02,76.77,73.99,10,98.8,3755,False,-2.42,370.86,100.64,83.81,80.99,48.06,,1.0068,1.099,1.1161,1.3643,,182769,872,2026-09-18,76.77,74738750.0
NYSE:CMBT,CMBT,CMB.TECH NV,Energy,Oil & Gas Midstream,Belgium,NYSE,5887544613.0,20.29,77.05,73.33,10,98.8,3756,False,-0.59,137.8,47.96,59.05,78.23,70.67,78.38,13.7128,12.7571,11.3845,11.8882,11.3745,22396092,1255,2026-09-18,79.89,290169769.0
NASDAQ:CYPH,CYPH,Cypherpunk Technologies Inc.,Financial Services,Asset Management,United States,NASDAQ,383272135.0,3.6,77.11,75.73,10,98.8,3757,False,0.0,1141.38,262.96,269.78,217.57,126.85,43.46,0.9918,0.9736,1.1336,1.5869,2.5094,38434363,1255,2026-09-18,72.53,106464482.0
NASDAQ:SDGR,SDGR,"Schrodinger, Inc.",Healthcare,Health Information Services,United States,NASDAQ,1902450530.0,29.02,77.22,74.76,10,98.9,3758,False,-4.03,162.15,88.97,79.11,55.36,38.34,25.65,15.3572,16.2019,18.6793,20.9769,23.0962,44315580,1255,2026-09-18,83.69,65556531.0
NASDAQ:ATRC,ATRC,"AtriCure, Inc.",Healthcare,Medical Instruments & Supplies,United States,NASDAQ,2955331681.0,58.1,77.72,76.86,10,98.9,3759,False,-1.73,124.67,64.0,64.26,68.21,75.5,61.61,35.4268,35.3706,34.5399,33.1062,35.9506,76089536,1255,2026-09-18,83.69,50866294.0
NYSE:PSX,PSX,Phillips 66,Energy,Oil & Gas Refining & Marketing,United States,NYSE,109507382013.0,273.13,77.83,75.88,10,98.9,3760,False,-0.39,121.85,54.82,63.52,92.57,100.4,119.08,176.422,167.0301,141.8334,136.2945,124.6726,796697499,1255,2026-09-18,79.65,400935020.0
NYSE:DINO,DINO,HF Sinclair Corporation,Energy,Oil & Gas Refining & Marketing,United States,NYSE,20605148099.0,115.9,77.98,74.91,10,98.9,3761,False,-0.62,158.53,71.6,80.46,128.88,131.54,137.85,67.5408,64.2239,50.6369,50.0572,48.729,270493963,1255,2026-09-18,80.32,177783849.0
NASDAQ:TELA,TELA,"TELA Bio, Inc.",Healthcare,Medical Devices,United States,NASDAQ,55957682.0,1.25,78.07,71.95,10,99.0,3762,False,-22.84,123.21,45.17,29.62,-19.08,-56.57,-72.96,0.861,0.9644,1.5447,2.8779,4.6235,302665,1255,2026-09-18,83.07,44766146.0
NASDAQ:MCTA,MCTA,Charming Medical Limited,Healthcare,Medical Care Facilities,Hong Kong,NASDAQ,445550190.0,29.355,78.51,78.43,10,99.0,3763,False,0.0,373.47,0.0,,,,,29.355,,,,,0,229,2026-09-18,78.51,15178000.0
NASDAQ:ASST,ASST,"Strive, Inc.",Financial Services,Asset Management,United States,NASDAQ,2235910809.0,30.09,78.59,76.27,10,99.0,3764,False,-65.01,319.96,100.65,60.36,-12.28,-19.95,,14.9963,18.7635,34.3014,37.5883,,284305581,909,2026-09-18,75.07,74307438.0
NYSE:ACVA,ACVA,ACV Auctions Inc.,Consumer Cyclical,Auto & Truck Dealerships,United States,NYSE,1829649689.0,10.48,78.98,73.47,10,99.1,3765,False,0.0,152.53,54.83,47.24,-13.58,-22.77,-20.99,6.7687,7.1175,12.1272,13.5698,13.2645,121110762,1255,2026-09-18,78.98,174584894.0
NASDAQ:PXS,PXS,Pyxis Tankers Inc.,Energy,Oil & Gas Midstream,Greece,NASDAQ,75360468.0,7.36,79.16,77.18,10,99.1,3766,False,0.0,180.92,72.89,85.96,97.41,84.16,77.72,4.2571,3.9578,3.7283,3.9966,4.1414,1303673,1255,2026-09-18,78.98,10239194.0
NASDAQ:BUUU,BUUU,BUUU Group Limited,Industrials,Specialty Business Services,Hong Kong,NASDAQ,540893750.0,46.25,79.32,74.5,10,99.1,3767,True,0.0,620.4,162.07,195.01,,,,17.6479,15.6775,,,,2541779,276,2026-09-18,79.06,11695000.0
NASDAQ:SAFT,SAFT,"Safety Insurance Group, Inc.",Financial Services,Insurance - Property & Casualty,United States,NASDAQ,1519576692.0,103.51,79.62,79.35,10,99.1,3768,False,-0.04,60.91,30.81,34.44,38.05,41.18,44.75,79.1296,76.9961,74.9818,73.3199,71.5118,12726277,1255,2026-09-18,80.07,14680482.0
NYSE:HZO,HZO,"MarineMax, Inc. (FL)",Consumer Cyclical,Specialty Retail,United States,NYSE,1157799774.0,52.56,79.72,76.74,10,99.2,3769,True,0.0,145.26,57.91,66.6,80.45,76.14,73.45,33.2847,31.549,29.127,29.8406,30.303,40005772,1255,2026-09-18,78.5,22028154.0
NASDAQ:BWMN,BWMN,Bowman Consulting Group Ltd.,Industrials,Engineering & Construction,United States,NASDAQ,743378386.0,42.46,80.06,76.55,10,99.2,3770,False,-4.43,67.76,28.07,22.8,38.29,37.86,44.44,33.155,34.5765,30.7045,30.7988,29.397,12086784,1255,2026-09-18,80.06,17507734.0
NYSE:VLO,VLO,Valero Energy Corporation,Energy,Oil & Gas Refining & Marketing,United States,NYSE,118994661082.0,413.28,80.1,77.14,10,99.2,3771,False,0.0,169.87,66.67,78.8,129.52,150.31,171.8,247.963,231.1434,180.0612,165.1094,152.0551,1196511538,1255,2026-09-18,79.92,287927461.0
NASDAQ:TRMD,TRMD,TORM plc,Energy,Oil & Gas Midstream,United Kingdom,NASDAQ,3913494921.0,38.23,80.31,75.95,10,99.2,3772,False,0.0,127.3,49.14,57.92,86.27,78.45,92.36,25.6341,24.2083,20.5237,21.4231,19.8742,53855665,1255,2026-09-18,76.68,102367118.0
NYSE:ECO,ECO,Okeanis Eco Tankers Corp.,Industrials,Marine Shipping,Greece,NYSE,3316843442.0,84.95,80.51,77.42,10,99.3,3773,False,-1.56,251.52,83.74,99.94,169.45,197.99,,46.2332,42.4886,31.5271,28.5081,,48888081,778,2026-09-18,85.21,39044655.0
NYSE:TEN,TEN,Tsakos Energy Navigation Ltd,Energy,Oil & Gas Midstream,Greece,NYSE,1569346840.0,52.09,80.65,76.06,10,99.3,3774,False,-1.36,154.01,48.6,60.15,105.41,116.32,137.51,35.0536,32.5253,25.3584,24.0798,21.9319,20388610,1255,2026-09-18,85.8,30127603.0
NYSE:INSW,INSW,"International Seaways, Inc.",Energy,Oil & Gas Midstream,United States,NYSE,5502446960.0,111.15,80.71,74.92,10,99.3,3775,False,0.0,199.35,58.79,72.99,129.52,147.38,177.06,69.9968,64.252,48.4261,44.9302,40.1178,73704659,1255,2026-09-18,80.13,49504696.0
NASDAQ:MAMK,MAMK,MaxsMaking Inc.,Industrials,Conglomerates,China,NASDAQ,119600000.0,13.0,80.82,78.98,10,99.3,3776,False,-4.62,534.15,0.0,11.95,,,,13.0,11.6121,,,,0,304,2026-09-18,80.82,9200000.0
NASDAQ:RVSB,RVSB,Riverview Bancorp Inc,Financial Services,Banks - Regional,United States,NASDAQ,119350829.0,5.92,81.03,73.07,10,99.4,3777,False,-2.26,19.27,10.95,11.65,12.26,16.29,13.28,5.3356,5.3024,5.2736,5.0906,5.2262,342460,1255,2026-09-18,77.57,20160613.0
NYSE:CVI,CVI,CVR Energy Inc.,Energy,Oil & Gas Refining & Marketing,United States,NYSE,5397487860.0,53.69,81.42,77.27,10,99.4,3778,False,-0.83,160.73,71.96,66.89,96.72,93.12,95.53,31.2223,32.1714,27.2932,27.8015,27.458,55535607,1255,2026-09-18,83.8,100530599.0
NYSE:CHT,CHT,"Chunghwa Telecom Co., Ltd.",Communication Services,Telecom Services,Taiwan,NYSE,35606679664.0,45.9,81.73,74.65,10,99.4,3779,False,0.0,17.11,9.85,10.13,14.98,20.87,25.37,41.7836,41.6783,39.9216,37.974,36.6103,10230081,1255,2026-09-18,80.62,775744655.0
NASDAQ:DYOR,DYOR,Insight Digital Partners II,Financial Services,Shell Companies,United States,NASDAQ,174742500.0,10.13,81.93,72.77,10,99.4,3780,False,0.0,2.32,1.25,,,,,10.005,,,,,376203,209,2026-09-18,81.93,17250000.0
NASDAQ:MKTX,MKTX,"MarketAxess Holdings, Inc.",Financial Services,Capital Markets,United States,NASDAQ,5751222247.0,163.42,82.28,76.22,10,99.5,3781,True,-14.72,50.53,5.01,3.51,-13.35,-17.73,-24.84,155.6211,157.8821,188.5992,198.6467,217.4263,151816974,1255,2026-09-18,81.99,35192891.0
NYSE:MPC,MPC,Marathon Petroleum Corporation,Energy,Oil & Gas Refining & Marketing,United States,NYSE,124040956845.0,424.89,83.28,79.65,10,99.5,3782,False,0.0,164.29,69.95,79.04,118.6,132.3,157.06,250.003,237.3123,194.3683,182.9068,165.2855,1112907868,1255,2026-09-18,82.59,291936635.0
NASDAQ:VREX,VREX,Varex Imaging Corporation,Healthcare,Medical Devices,United States,NASDAQ,779288508.0,18.49,83.46,82.38,10,99.5,3783,False,-0.48,98.39,46.12,48.29,55.68,36.62,20.88,12.6541,12.4686,11.8766,13.5336,15.2967,13814485,1255,2026-09-18,86.63,42146485.0
NASDAQ:PLTS,PLTS,Platinum Analytics Cayman Limited,Technology,Software - Application,Singapore,NASDAQ,196095112.0,17.5,83.69,83.69,10,99.6,3784,False,0.0,145.44,0.0,,,,,17.5,,,,,0,251,2026-09-18,83.69,11205435.0
NASDAQ:NTRB,NTRB,Nutriband Inc.,Healthcare,Biotechnology,United States,NASDAQ,98828142.0,8.13,84.33,81.56,10,99.6,3785,False,-4.35,189.32,100.85,77.72,49.41,66.97,78.91,4.0479,4.5747,5.4413,4.8691,4.5441,467159,1246,2026-09-18,82.25,12155983.0
NYSE:FRO,FRO,Frontline Plc,Energy,Oil & Gas Midstream,Cyprus,NYSE,11447268952.0,51.42,84.61,78.36,10,99.6,3786,False,0.0,187.13,63.17,75.68,129.69,146.02,182.37,31.5135,29.2687,22.3863,20.9004,18.2103,153625458,1255,2026-09-18,83.5,222622889.0
NASDAQ:NRSN,NRSN,NeuroSense Therapeutics Ltd.,Healthcare,Biotechnology,Israel,NASDAQ,229233813.0,6.35,84.66,84.23,10,99.6,3787,False,-9.67,1812.65,619.57,578.12,468.71,483.54,425.73,0.8825,0.9364,1.1166,1.0882,1.2078,215010,1197,2026-09-18,89.59,36099813.0
NASDAQ:BRR,BRR,"ProCap Financial, Inc.",Financial Services,Capital Markets,United States,NASDAQ,340556450.0,3.76,85.45,80.24,10,99.7,3788,False,-63.5,164.79,57.5,-5.49,,,,2.3873,3.9783,,,,6764177,322,2026-09-18,82.09,90573524.0
NASDAQ:CTSO,CTSO,Cytosorbents Corporation,Healthcare,Medical Devices,United States,NASDAQ,361345801.0,5.75,85.58,85.98,10,99.7,3789,False,-10.3,1748.87,639.92,628.73,533.54,484.25,314.21,0.7771,0.789,0.9076,0.9842,1.3882,186548,1254,2026-09-18,85.78,62842748.0
NYSE:HAFN,HAFN,Hafnia Limited,Industrials,Marine Shipping,Singapore,NYSE,5057786807.0,10.12,86.28,80.44,10,99.7,3790,False,0.0,123.39,50.17,57.54,89.87,,,6.7389,6.4237,5.33,,,18942379,613,2026-09-18,83.37,499781305.0
NASDAQ:MTC,MTC,"MMTec, Inc.",Financial Services,Capital Markets,Hong Kong,NASDAQ,686160018.0,6.89,86.83,79.38,10,99.8,3791,False,-23.95,2166.45,63.16,89.61,165.04,37.1,17.53,4.2228,3.6338,2.5996,5.0254,5.8622,145349,1255,2026-09-18,85.51,99587811.0
NASDAQ:NXXT,NXXT,"NextNRG, Inc.",Utilities,Utilities - Renewable,United States,NASDAQ,191672131.0,1.14,86.83,82.01,10,99.8,3792,False,-59.57,680.82,80.08,28.7,-38.18,-59.63,-72.45,0.633,0.8857,1.8441,2.8241,4.1385,403212,1254,2026-09-18,88.63,168133448.0
NASDAQ:BRTX,BRTX,"BioRestorative Therapies, Inc.",Healthcare,Biotechnology,United States,NASDAQ,68536277.0,2.69,87.46,86.83,10,99.8,3793,False,-2.54,1771.96,366.16,255.77,119.47,97.83,43.23,0.5771,0.7561,1.2257,1.3598,1.8781,71873,1254,2026-09-18,87.24,25478170.0
NASDAQ:MNOV,MNOV,"MediciNova, Inc.",Healthcare,Biotechnology,United States,NASDAQ,163414537.0,3.32,88.17,86.25,10,99.8,3794,False,-3.77,181.36,126.65,130.87,116.71,116.31,93.44,1.4648,1.4381,1.532,1.5348,1.7163,1832522,1255,2026-09-18,94.22,49221246.0
NASDAQ:ETS,ETS,Elite Express Holding Inc.,Industrials,Trucking,United States,NASDAQ,115830013.0,2.6,89.06,84.08,10,99.8,3795,False,0.0,511.76,265.52,263.59,,,,0.7113,0.7151,,,,869310,271,2026-09-18,85.69,44550005.0
NASDAQ:TJGC,TJGC,TJGC Group Limited,Communication Services,Advertising Agencies,Hong Kong,NASDAQ,170084000.0,16.84,90.83,87.29,10,99.9,3796,True,0.0,1024.92,290.55,295.15,,,,4.3119,4.2616,,,,19770278,417,2026-09-18,77.96,10100000.0
NASDAQ:MAGH,MAGH,Magnitude International Ltd,Industrials,Engineering & Construction,Singapore,NASDAQ,225446000.0,6.76,92.17,86.78,10,99.9,3797,False,0.0,440.8,0.12,16.83,,,,6.752,5.7862,,,,0,278,2026-09-18,92.17,33350000.0
NASDAQ:ALP,ALP,Alpha Compute Corp,Financial Services,Asset Management,British Virgin Islands,NASDAQ,109434904.0,4.65,94.2,93.39,10,99.9,3798,False,-57.38,4596.97,692.8,205.07,22.19,-43.31,-83.55,0.5865,1.5243,3.8055,8.2028,28.2711,703846,1253,2026-09-18,93.93,23534388.0
NASDAQ:NFE,NFE,New Fortress Energy Inc.,Energy,Oil & Gas Midstream,United States,NASDAQ,3490455423.0,12.22,94.66,94.45,10,99.9,3799,False,-4.31,4636.43,1101.71,946.51,173.52,85.93,170.14,1.0169,1.1677,4.4677,6.5725,4.5236,1630508,1253,2026-09-18,96.39,285634650.0
AMEX:MPU,MPU,Mega Matrix Inc.,Communication Services,Entertainment,Singapore,AMEX,195506303.0,3.15,95.02,93.64,10,100.0,3800,True,-2.78,1752.94,384.47,317.31,189.33,127.58,119.59,0.6502,0.7548,1.0887,1.3842,1.4345,56357,1253,2026-09-18,95.0,62065493.0
NYSE:BIO.B,BIO-B,"Bio-Rad Laboratories, Inc.",Healthcare,Medical Devices,United States,NYSE,1847683753.0,365.08,97.2,92.63,10,100.0,3801,False,0.0,47.78,20.63,20.95,24.0,21.38,11.64,302.6359,301.8321,294.4093,300.7768,327.0096,0,1255,2026-09-18,97.2,5061038.0
