tv_ticker,vendor_symbol,company_name,sector,industry,country,exchange,market_cap,price,rsi14,rsi21,rsi_decile,rsi_pctile,rsi_rank,hook_turning_up,pct_from_52w_high,pct_from_52w_low,prem_ma_200d,prem_ma_1y,prem_ma_2y,prem_ma_3y,prem_ma_4y,ma_200d,ma_1y,ma_2y,ma_3y,ma_4y,avg_dollar_vol_20d,bars_available,asof,rsi_fast_prev,shares_outstanding
NASDAQ:MNST,MNST,Monster Beverage Corporation,Consumer Defensive,Beverages - Non-Alcoholic,United States,NASDAQ,45790339710.0,46.82,12.25,16.95,1,0.0,1,False,-53.15,2.83,-42.0,-39.68,-29.45,-24.95,-21.54,80.7234,77.6138,66.3657,62.3821,59.67,530075559,1254,2026-08-14,12.01,978008110.0
NASDAQ:BRBI,BRBI,BRBI BR Partners S.A. - ADSs,Financial Services,Capital Markets,Brazil,NASDAQ,246739904.0,9.4,14.11,23.06,1,0.1,2,True,-58.37,0.53,-30.77,,,,,13.577,,,,,3153,226,2026-08-14,12.28,26248926.0
NASDAQ:ALPS,ALPS,ALPS Group Inc,,,,NASDAQ,53248104.0,0.32,19.68,23.99,1,0.1,3,False,-87.5,0.0,,,,,,,,,,,18602,197,2026-08-14,20.4,166400326.0
NYSE:KLC,KLC,"KinderCare Learning Companies, Inc.",Consumer Defensive,Education & Training Services,United States,NYSE,307913577.0,2.6,20.23,27.04,1,0.1,4,False,-66.06,41.3,-37.08,-44.53,,,,4.132,4.6868,,,,3058549,462,2026-08-14,45.44,118428299.0
NASDAQ:WLFC,WLFC,Willis Lease Finance Corporation,Industrials,Rental & Leasing Services,United States,NASDAQ,1360618347.0,56.93,20.42,23.39,1,0.1,5,True,-76.21,4.57,-65.27,-64.31,-64.55,-54.23,-45.74,163.9144,159.5149,160.6031,124.3919,104.9225,16423051,1254,2026-08-14,17.72,23899848.0
NASDAQ:SION,SION,"Sionna Therapeutics, Inc.",Healthcare,Biotechnology,United States,NASDAQ,291671132.0,6.46,21.76,26.03,1,0.2,6,False,-87.34,43.56,-83.62,-82.51,,,,39.4264,36.9264,,,,39402035,381,2026-08-14,21.79,45150330.0
NASDAQ:NATR,NATR,"Nature's Sunshine Products, Inc.",Consumer Defensive,Packaged Foods,United States,NASDAQ,265883250.0,15.12,22.13,26.09,1,0.2,7,False,-45.61,15.07,-32.65,-28.34,-14.16,-13.29,-3.3,22.4487,21.0994,17.615,17.4365,15.6352,3422806,1255,2026-08-14,22.68,17584871.0
AMEX:ELA,ELA,Envela Corporation,Consumer Cyclical,Luxury Goods,United States,AMEX,416194520.0,16.03,22.71,29.4,1,0.2,8,False,-44.49,130.98,-5.96,6.16,51.11,86.35,98.88,17.0462,15.0992,10.6081,8.6022,8.0602,2816616,1255,2026-08-14,23.16,25963476.0
NYSE:RBA,RBA,"RB Global, Inc.",Industrials,Specialty Business Services,United States,NYSE,15697638000.0,84.26,22.87,28.32,1,0.2,9,False,-29.07,0.0,-19.29,-20.25,-16.01,-5.93,3.56,104.4008,105.6515,100.3206,89.576,81.362,173089261,1255,2026-08-14,24.38,186300000.0
NASDAQ:NAUT,NAUT,"Nautilus Biotechnology, Inc.",Healthcare,Biotechnology,United States,NASDAQ,113511659.0,0.892,22.92,26.58,1,0.3,10,True,-77.42,39.59,-59.78,-53.84,-49.6,-57.8,-59.23,2.2178,1.9322,1.7697,2.1137,2.1879,969551,1255,2026-08-14,22.72,127255223.0
NASDAQ:IDN,IDN,"Intellicheck, Inc.",Technology,Software - Application,United States,NASDAQ,56905931.0,2.81,23.07,27.32,1,0.3,11,False,-68.74,0.0,-48.67,-48.1,-34.33,-23.6,-16.47,5.4748,5.4141,4.2789,3.6779,3.3641,1237854,1255,2026-08-14,44.28,20251221.0
NASDAQ:TDUP,TDUP,ThredUp Inc.,Consumer Cyclical,Internet Retail,United States,NASDAQ,332702393.0,3.07,23.11,28.39,1,0.3,12,False,-74.59,0.0,-44.11,-52.3,-37.61,-24.26,-14.27,5.4933,6.436,4.9204,4.0536,3.5811,12869644,1255,2026-08-14,23.76,108372115.0
NASDAQ:ETOR,ETOR,eToro Group Ltd.,Financial Services,Capital Markets,Israel,NASDAQ,1909332914.0,28.58,24.11,29.87,1,0.3,13,False,-40.63,15.43,-19.4,-22.65,,,,35.4571,36.9507,,,,35836773,316,2026-08-14,24.78,66806610.0
NASDAQ:VMD,VMD,"Viemed Healthcare, Inc.",Healthcare,Medical Devices,United States,NASDAQ,352698578.0,9.2,24.66,31.51,1,0.4,14,True,-25.39,46.96,2.93,8.08,14.32,16.21,15.21,8.9381,8.5124,8.0476,7.9165,7.9854,4329250,1254,2026-08-14,23.93,38336802.0
NASDAQ:LINC,LINC,Lincoln Educational Services Corporation,Consumer Defensive,Education & Training Services,United States,NASDAQ,949718596.0,29.94,24.7,29.41,1,0.4,15,False,-46.23,68.2,-15.53,-7.81,21.13,50.93,82.28,35.4441,32.4748,24.7178,19.8364,16.4249,34596153,1255,2026-08-14,24.9,31720728.0
NASDAQ:AHCO,AHCO,AdaptHealth Corp.,Healthcare,Medical Devices,United States,NASDAQ,790474623.0,5.81,24.79,27.47,1,0.4,16,True,-56.58,11.3,-43.35,-42.1,-41.35,-40.2,-49.66,10.2566,10.0346,9.9062,9.7157,11.5422,27062649,1255,2026-08-14,23.21,136054152.0
NYSE:XPOF,XPOF,"Xponential Fitness, Inc.",Consumer Cyclical,Leisure,United States,NYSE,203940990.0,4.87,25.11,31.59,1,0.5,17,False,-46.72,14.32,-27.92,-30.7,-48.63,-55.87,-65.62,6.7564,7.0277,9.48,11.0349,14.1669,6887956,1254,2026-08-14,25.11,41877000.0
NASDAQ:ARKO,ARKO,ARKO Corp.,Consumer Cyclical,Specialty Retail,United States,NASDAQ,544100747.0,4.85,25.15,29.3,1,0.5,18,False,-43.87,29.05,-19.8,-15.59,-13.55,-17.73,-24.77,6.0474,5.7459,5.6099,5.8951,6.4473,6230334,1255,2026-08-14,17.92,112185721.0
NYSE:USNA,USNA,"USANA Health Sciences, Inc.",Consumer Defensive,Packaged Foods,United States,NYSE,246850457.0,13.37,25.38,30.56,1,0.5,19,False,-58.53,0.0,-31.64,-37.06,-50.93,-61.56,-67.53,19.557,21.2432,27.2473,34.7797,41.1709,3368606,1255,2026-08-14,26.0,18463011.0
NASDAQ:INV,INV,"Innventure, Inc.",Financial Services,Asset Management,United States,NASDAQ,135732268.0,1.615,25.54,30.19,1,0.5,20,False,-77.94,0.0,-63.84,-64.41,-75.58,-79.86,-81.14,4.4667,4.538,6.6128,8.0187,8.5612,8072800,1182,2026-08-14,46.98,84044748.0
NASDAQ:THRY,THRY,"Thryv Holdings, Inc.",Technology,Software - Application,United States,NASDAQ,95795538.0,2.16,26.02,31.06,1,0.6,21,False,-84.4,4.35,-50.4,-63.99,-79.6,-84.28,-86.46,4.3548,5.999,10.5878,13.7407,15.9577,2749141,1254,2026-08-14,26.24,44349786.0
NYSE:DVA,DVA,DaVita Inc.,Healthcare,Medical Care Facilities,United States,NYSE,11557151100.0,180.06,26.07,32.32,1,0.6,22,True,-25.27,73.35,12.64,16.84,18.05,28.02,41.62,159.8563,154.1073,152.5337,140.6509,127.1436,216380247,1255,2026-08-14,25.02,64185000.0
NASDAQ:PZZA,PZZA,"Papa John's International, Inc.",Consumer Cyclical,Restaurants,United States,NASDAQ,798202860.0,24.26,26.12,30.4,1,0.6,23,False,-54.44,1.72,-30.88,-35.16,-38.99,-46.93,-53.21,35.0964,37.4149,39.7627,45.7099,51.8446,47756234,1255,2026-08-14,26.56,32902014.0
NASDAQ:INSG,INSG,Inseego Corp.,Technology,Communication Equipment,United States,NASDAQ,77012576.0,4.69,26.2,29.23,1,0.6,24,False,-76.89,0.0,-58.94,-60.43,-59.44,-49.58,-53.71,11.4231,11.8519,11.5629,9.3017,10.1324,2676482,1255,2026-08-14,26.42,16420592.0
NASDAQ:ARDX,ARDX,"Ardelyx, Inc.",Healthcare,Biotechnology,United States,NASDAQ,1002939311.0,4.06,26.5,29.7,1,0.7,25,True,-49.19,3.84,-32.25,-31.83,-26.57,-29.41,-19.08,5.9929,5.9553,5.529,5.7518,5.0176,20323002,1255,2026-08-14,18.77,247029387.0
NYSE:ROL,ROL,"Rollins, Inc.",Consumer Cyclical,Personal Services,United States,NYSE,17417463625.0,36.2,26.72,28.95,1,0.7,26,False,-44.19,0.0,-32.25,-32.94,-31.04,-25.91,-21.0,53.4323,53.9833,52.4934,48.8598,45.8251,255730210,1255,2026-08-14,26.79,481145404.0
NASDAQ:LMB,LMB,"Limbach Holdings, Inc.",Industrials,Building Products & Equipment,United States,NASDAQ,542885391.0,45.54,26.85,30.48,1,0.7,27,True,-63.83,3.03,-43.08,-46.27,-49.78,-39.2,-23.85,80.0076,84.7568,90.6891,74.9029,59.8051,21394293,1254,2026-08-14,24.42,11921067.0
NASDAQ:BHF,BHF,"Brighthouse Financial, Inc.",Financial Services,Insurance - Life,United States,NASDAQ,3370918664.0,58.68,26.87,31.84,1,0.7,28,False,-11.91,35.33,-6.22,-1.65,5.45,10.26,12.37,62.5718,59.6643,55.645,53.2195,52.2198,46398185,1254,2026-08-14,30.0,57445785.0
NYSE:CHCT,CHCT,Community Healthcare Trust Incorporated,Real Estate,REIT - Healthcare Facilities,United States,NYSE,430862638.0,15.08,26.88,31.69,1,0.8,29,False,-20.72,23.83,-7.32,-4.04,-1.94,-12.2,-22.68,16.2718,15.7141,15.3785,17.1754,19.5032,5608016,1254,2026-08-14,27.12,28571793.0
NASDAQ:MYGN,MYGN,"Myriad Genetics, Inc.",Healthcare,Diagnostics & Research,United States,NASDAQ,289818424.0,3.03,26.92,31.92,1,0.8,30,False,-62.96,5.94,-43.4,-47.13,-68.38,-77.09,-79.95,5.353,5.7308,9.5821,13.2247,15.111,8854907,1255,2026-08-14,28.38,95649645.0
NYSE:HE,HE,"Hawaiian Electric Industries, Inc.",Utilities,Utilities - Regulated Electric,United States,NYSE,2025015870.0,11.73,27.06,31.3,1,0.8,31,False,-31.32,7.71,-14.65,-11.96,-1.41,-3.06,-36.32,13.7431,13.3228,11.8973,12.0998,18.4211,22757730,1255,2026-08-14,28.28,172635624.0
NASDAQ:BYND,BYND,"Beyond Meat, Inc.",Consumer Defensive,Packaged Foods,United States,NASDAQ,215413120.0,0.418,27.23,31.83,1,0.8,32,False,-88.45,0.0,-51.75,-64.43,-84.62,-90.68,-94.36,0.8663,1.1752,2.7186,4.4855,7.4179,19124986,1252,2026-08-11,36.45,515342392.0
NYSE:EVTL,EVTL,Vertical Aerospace Ltd.,Industrials,Aerospace & Defense,United Kingdom,NYSE,105554915.0,0.829,27.36,29.83,1,0.9,33,False,-88.61,0.36,-76.14,-78.35,-83.23,-86.7,-93.81,3.474,3.8294,4.9442,6.2317,13.3988,8661164,1255,2026-08-14,27.57,127328004.0
NASDAQ:SSTI,SSTI,"SoundThinking, Inc.",Technology,Software - Application,United States,NASDAQ,80314409.0,6.2,27.47,33.34,1,0.9,34,False,-52.12,5.26,-17.19,-26.52,-44.28,-53.47,-64.98,7.4869,8.4377,11.1274,13.3242,17.7057,831901,1254,2026-08-14,52.34,12953937.0
NASDAQ:IIIV,IIIV,"i3 Verticals, Inc.",Technology,Software - Infrastructure,United States,NASDAQ,319444271.0,16.34,27.52,32.33,1,0.9,35,False,-50.65,0.0,-28.5,-33.67,-33.75,-30.5,-30.76,22.8536,24.6332,24.6636,23.5094,23.5985,8470064,1254,2026-08-14,28.54,19549833.0
NYSE:UTI,UTI,Universal Technical Institute Inc,Consumer Defensive,Education & Training Services,United States,NYSE,1384793732.0,25.15,27.53,32.19,1,1.0,36,False,-50.88,15.53,-25.75,-23.61,-14.0,5.54,28.47,33.8725,32.9232,29.2451,23.83,19.577,49537085,1255,2026-08-14,28.34,55061381.0
NASDAQ:ORGO,ORGO,Organogenesis Holdings Inc. - Class A,Healthcare,Drug Manufacturers - Specialty & Generic,United States,NASDAQ,230327441.0,1.79,27.91,32.64,1,1.0,37,True,-72.63,1.7,-46.54,-50.14,-50.7,-47.16,-45.86,3.3482,3.59,3.6306,3.3878,3.306,1991919,1255,2026-08-14,25.81,128674548.0
NYSE:NRDY,NRDY,Nerdy Inc.,Technology,Software - Application,United States,NYSE,89818635.0,0.707,27.94,34.37,1,1.0,38,False,-50.21,0.0,-25.47,-30.34,-42.25,-60.07,-66.29,0.9486,1.0149,1.2243,1.7707,2.0973,317733,1254,2026-08-14,29.93,127041917.0
NYSE:ATS,ATS,ATS Corporation,Industrials,Specialty Industrial Machinery,Canada,NYSE,1970214851.0,20.31,28.0,31.02,1,1.0,39,True,-42.59,2.94,-29.65,-28.7,-28.86,-35.32,-38.54,28.8691,28.4837,28.5477,31.3995,33.0445,5785738,1255,2026-08-14,26.75,97007132.0
NYSE:BAK,BAK,Braskem SA ADR,Basic Materials,Chemicals,Brazil,NYSE,336433857.0,1.95,28.0,31.4,1,1.0,40,False,-61.16,0.0,-41.64,-40.13,-50.37,-62.91,-69.8,3.3415,3.2568,3.9287,5.258,6.4579,3915271,1255,2026-08-14,31.59,172530183.0
NASDAQ:CLBT,CLBT,Cellebrite DI Ltd.,Technology,Software - Infrastructure,Israel,NASDAQ,2778759561.0,11.14,28.26,33.77,1,1.1,41,True,-43.05,3.15,-26.2,-28.62,-34.41,-23.57,-9.26,15.0945,15.606,16.9843,14.5756,12.2764,40422935,1255,2026-08-14,25.29,249439817.0
NASDAQ:CVGI,CVGI,"Commercial Vehicle Group, Inc.",Consumer Cyclical,Auto Parts,United States,NASDAQ,110656997.0,3.26,28.33,33.58,1,1.1,42,False,-43.6,143.28,4.24,14.74,30.87,-14.58,-31.63,3.1275,2.8411,2.4911,3.8165,4.7681,2153558,1255,2026-08-14,26.09,33943864.0
NASDAQ:APYX,APYX,Apyx Medical Corporation,Healthcare,Medical Devices,United States,NASDAQ,127594373.0,3.03,28.43,34.45,1,1.1,43,False,-37.65,59.47,-21.3,-14.54,20.87,25.45,5.41,3.85,3.5455,2.5068,2.4153,2.8744,400034,1255,2026-08-14,28.58,42110354.0
NASDAQ:CLNN,CLNN,Clene Inc.,Consumer Defensive,Packaged Foods,United States,NASDAQ,52902191.0,4.14,28.62,33.18,1,1.2,44,False,-66.88,15.0,-33.5,-34.53,-22.55,-35.55,-65.19,6.2251,6.3238,5.3452,6.4234,11.8924,377638,1254,2026-08-14,29.14,12778307.0
NYSE:ACR,ACR,ACRES Commercial Realty Corp.,Real Estate,REIT - Mortgage,United States,NYSE,100826474.0,14.25,28.63,31.87,1,1.2,45,False,-40.72,1.06,-27.02,-27.82,-23.94,-11.34,-0.66,19.5249,19.7415,18.7349,16.0728,14.3453,518653,1255,2026-08-14,26.59,7075542.0
NYSE:LOMA,LOMA,Loma Negra Compania Industrial Argentina Sociedad Anonima ADS,Basic Materials,Building Materials,Argentina,NYSE,1101616187.0,9.44,28.7,34.94,1,1.2,46,False,-28.05,32.4,-17.13,-12.42,-11.78,0.93,11.22,11.3911,10.7785,10.7011,9.353,8.4877,4300954,1254,2026-08-14,29.16,116696630.0
NASDAQ:MPLT,MPLT,"MapLight Therapeutics, Inc.",Healthcare,Biotechnology,United States,NASDAQ,500763439.0,11.75,28.86,32.48,1,1.2,47,False,-70.48,18.63,-47.2,,,,,22.2521,,,,,21947836,200,2026-08-14,28.3,42618165.0
NASDAQ:INDP,INDP,"Indaptus Therapeutics, Inc.",Healthcare,Biotechnology,United States,NASDAQ,142569287.0,1.07,28.94,35.28,1,1.3,48,False,-87.32,4.9,-54.05,-61.1,-91.9,-96.41,-97.04,2.3285,2.7508,13.2037,29.8119,36.2033,176784,1254,2026-08-14,28.56,133242324.0
NASDAQ:ASTE,ASTE,"Astec Industries, Inc.",Industrials,Farm & Heavy Construction Machinery,United States,NASDAQ,995121026.0,43.28,28.97,33.29,1,1.3,49,True,-33.07,7.3,-16.2,-14.41,1.04,5.97,6.71,51.6496,50.5655,42.8356,40.8435,40.5573,13851969,1255,2026-08-14,24.46,22992630.0
NYSE:CIA,CIA,"Citizens, Inc. Class A Common Stock ($1.00 Par)",Financial Services,Insurance - Life,United States,NYSE,200697649.0,3.97,29.04,31.89,1,1.3,50,True,-37.77,6.72,-25.6,-25.89,-16.63,-3.14,5.35,5.3361,5.357,4.762,4.0987,3.7683,656199,1255,2026-08-14,26.13,50553564.0
NYSE:GME,GME,GameStop Corporation,Consumer Cyclical,Specialty Retail,United States,NYSE,8372578856.0,18.66,29.08,33.22,1,1.4,51,False,-32.61,0.65,-16.85,-18.16,-22.3,-14.53,-16.25,22.4405,22.7999,24.016,21.8324,22.281,130834524,1255,2026-08-14,27.53,448691257.0
NASDAQ:PLTK,PLTK,Playtika Holding Corp.,Communication Services,Electronic Gaming & Multimedia,Israel,NASDAQ,954752658.0,2.51,29.11,34.13,1,1.4,52,False,-41.12,6.13,-29.15,-28.96,-45.73,-53.92,-60.21,3.5425,3.5331,4.6247,5.447,6.3083,6127711,1255,2026-08-14,29.24,380379545.0
NASDAQ:MNRO,MNRO,"Monro, Inc.",Consumer Cyclical,Auto Parts,United States,NASDAQ,358911409.0,11.48,29.19,32.73,1,1.4,53,True,-50.3,1.86,-33.5,-32.97,-36.18,-43.52,-54.12,17.2634,17.1261,17.9869,20.3271,25.0225,15156532,1255,2026-08-14,26.76,31264060.0
NASDAQ:TZOO,TZOO,Travelzoo,Communication Services,Internet Content & Information,United States,NASDAQ,73397122.0,7.14,29.33,33.03,1,1.4,54,False,-41.04,41.39,-8.84,-13.58,-38.79,-32.28,-24.53,7.832,8.2619,11.6639,10.5439,9.4611,907648,1255,2026-08-14,30.21,10279709.0
NASDAQ:AKBA,AKBA,"Akebia Therapeutics, Inc.",Healthcare,Drug Manufacturers - Specialty & Generic,United States,NASDAQ,234189446.0,0.873,29.42,34.52,1,1.5,55,True,-73.47,3.44,-36.59,-48.74,-55.87,-49.93,-41.13,1.3767,1.7032,1.9784,1.7434,1.483,4268265,1255,2026-08-14,29.08,268258243.0
NASDAQ:GRNQ,GRNQ,Greenpro Capital Corp.,Industrials,Consulting Services,Malaysia,NASDAQ,138676622.0,7.65,29.49,32.36,1,1.5,56,False,-74.75,0.0,-56.72,-54.89,-45.9,-42.34,-44.18,17.6737,16.96,14.1395,13.2684,13.7044,21705,1254,2026-08-14,34.51,18127663.0
NYSE:CSAN,CSAN,Cosan S.A. ADS,Energy,Oil & Gas Refining & Marketing,Brazil,NYSE,2484950872.0,2.52,29.7,34.43,1,1.5,57,False,-57.65,0.0,-36.18,-38.38,-51.8,-67.06,-71.67,3.9489,4.0895,5.2285,7.6511,8.8954,3391119,1255,2026-08-14,32.54,986091616.0
NASDAQ:VCYT,VCYT,"Veracyte, Inc.",Healthcare,Diagnostics & Research,United States,NASDAQ,3316117654.0,41.25,29.72,35.69,1,1.5,58,False,-31.81,44.18,-2.52,2.21,11.81,27.3,36.49,42.3171,40.3574,36.8944,32.4028,30.2228,70564367,1254,2026-08-14,31.49,80390731.0
NASDAQ:STNE,STNE,StoneCo Ltd.,Technology,Software - Infrastructure,Cayman Islands,NASDAQ,2188640942.0,9.55,29.81,35.0,1,1.6,59,False,-40.6,0.0,-21.03,-24.15,-13.95,-15.77,-11.21,12.0931,12.5905,11.098,11.338,10.7561,41482489,1255,2026-08-14,37.94,229177062.0
NYSE:UAA,UAA,"Under Armour, Inc.",Consumer Cyclical,Apparel Manufacturing,United States,NYSE,1012179752.0,5.36,29.81,36.14,1,1.6,60,False,-34.15,28.54,-9.06,-5.94,-19.16,-22.08,-27.28,5.8942,5.6986,6.6305,6.8792,7.371,56360022,1255,2026-08-14,29.53,188839506.0
NYSE:BBAR,BBAR,Banco BBVA Argentina S.A. ADS,Financial Services,Banks - Regional,Argentina,NYSE,3132990871.0,15.34,29.84,36.56,1,1.6,61,False,-29.39,96.2,-8.65,-0.91,-4.15,21.56,49.36,16.7931,15.4811,16.0046,12.6197,10.2705,9368226,1255,2026-08-14,32.99,204236693.0
NASDAQ:CRUS,CRUS,"Cirrus Logic, Inc.",Technology,Semiconductors,United States,NASDAQ,6109319623.0,121.09,29.87,32.8,1,1.6,62,False,-32.31,9.03,-14.02,-11.43,-1.03,7.95,15.52,140.8335,136.7172,122.3489,112.1686,104.8206,100909665,1255,2026-08-14,30.0,50452718.0
NASDAQ:HRTX,HRTX,"Heron Therapeutics, Inc.",Healthcare,Biotechnology,United States,NASDAQ,64354985.0,0.34,29.98,32.92,1,1.7,63,True,-77.18,6.25,-64.06,-66.6,-76.49,-79.94,-82.53,0.9462,1.0179,1.4464,1.6949,1.9467,1047482,1255,2026-08-14,27.29,189279369.0
NASDAQ:BAER,BAER,"Bridger Aerospace Group Holdings, Inc.",Industrials,Security & Protection Services,United States,NASDAQ,72047051.0,1.25,29.99,33.73,1,1.7,64,False,-61.77,4.17,-38.61,-37.4,-40.31,-60.63,-70.92,2.036,1.9969,2.094,3.1751,4.2985,2183698,1255,2026-08-14,29.99,57637641.0
NASDAQ:CDNL,CDNL,Cardinal Infrastructure Group Inc.,Industrials,Engineering & Construction,United States,NASDAQ,784303631.0,39.42,30.1,34.86,1,1.7,65,True,-58.2,78.94,,,,,,,,,,,36598519,170,2026-08-14,23.08,19896084.0
NASDAQ:TTEC,TTEC,"TTEC Holdings, Inc.",Technology,Information Technology Services,United States,NASDAQ,76880242.0,1.58,30.21,35.03,1,1.7,66,False,-59.28,0.64,-43.08,-46.46,-57.64,-79.57,-90.07,2.7757,2.951,3.7303,7.7338,15.9083,1095765,1255,2026-08-14,29.78,48658381.0
NYSE:YOU,YOU,"Clear Secure, Inc.",Technology,Software - Application,United States,NYSE,4572836671.0,45.45,30.25,35.7,1,1.8,67,False,-26.91,55.66,0.39,5.91,30.37,55.0,63.18,45.2753,42.9129,34.8636,29.3234,27.8524,82280276,1254,2026-08-14,30.59,100612468.0
NASDAQ:NYAX,NYAX,Nayax Ltd.,Technology,Software - Infrastructure,Israel,NASDAQ,1891333833.0,50.6,30.3,34.54,1,1.8,68,False,-33.25,27.39,-12.93,-9.52,11.6,33.33,,58.1139,55.9246,45.341,37.9506,,788856,977,2026-08-14,32.9,37378139.0
NASDAQ:FGBI,FGBI,"First Guaranty Bancshares, Inc.",Financial Services,Banks - Regional,United States,NASDAQ,137439871.0,8.31,30.37,35.76,1,1.8,69,True,-22.48,89.24,0.57,0.7,-7.77,-11.58,-26.65,8.2631,8.252,9.01,9.3987,11.3292,192207,1254,2026-08-14,29.87,16539094.0
NYSE:FTW,FTW,Presidio Production Company,Energy,Oil & Gas E&P,United States,NYSE,332696091.0,11.22,30.41,36.44,1,1.9,70,True,-18.63,11.59,1.03,2.59,,,,11.1052,10.9369,,,,1164868,470,2026-08-14,29.78,29652058.0
NASDAQ:APP,APP,Applovin Corporation,Communication Services,Advertising Agencies,United States,NASDAQ,96440102080.0,315.44,30.42,33.88,1,1.9,71,False,-57.0,3.85,-37.93,-39.38,-21.78,9.59,42.97,508.1926,520.3555,403.295,287.8482,220.6383,2804458721,1255,2026-08-14,29.5,305732000.0
NASDAQ:SUIG,SUIG,Sui Group Holdings Limited,Financial Services,Credit Services,United States,NASDAQ,65286300.0,0.807,30.5,33.6,1,1.9,72,False,-88.95,0.0,-47.66,-63.22,-64.03,-66.42,-66.15,1.5417,2.1941,2.2437,2.4035,2.3838,264083,1255,2026-08-14,32.85,80900000.0
NASDAQ:GLUE,GLUE,"Monte Rosa Therapeutics, Inc.",Healthcare,Biotechnology,United States,NASDAQ,1309430979.0,15.5,30.57,35.52,1,1.9,73,False,-38.76,256.32,-15.79,-3.15,41.58,72.53,80.47,18.4072,16.0046,10.9475,8.9837,8.5887,27698714,1254,2026-08-14,31.71,84479418.0
NYSE:UA,UA,"Under Armour, Inc.",Consumer Cyclical,Apparel Manufacturing,United States,NYSE,1065935776.0,5.25,30.61,36.58,1,2.0,74,False,-33.38,32.58,-8.24,-5.15,-16.48,-19.64,-23.66,5.7217,5.5353,6.2859,6.5333,6.8772,17475175,1255,2026-08-14,30.33,203035386.0
NYSE:PAC,PAC,"Grupo Aeroportuario Del Pacifico, S.A. B. de C.V. Grupo Aeroportuario Del Pacifico, S.A. de C.V. (each representing 10 Series B shares)",Industrials,Airports & Air Services,Mexico,NYSE,10746951753.0,206.98,30.84,34.63,1,2.0,75,False,-31.1,0.0,-15.61,-15.16,-4.29,7.09,13.78,245.2728,243.9727,216.2669,193.2783,181.9134,31414337,1255,2026-08-14,32.62,51922658.0
NYSE:ECVT,ECVT,Ecovyst Inc.,Basic Materials,Specialty Chemicals,United States,NYSE,1137221699.0,10.39,30.85,33.2,1,2.0,76,False,-30.59,32.53,-9.84,-5.17,13.5,11.96,9.38,11.5241,10.9561,9.1542,9.28,9.4992,14488103,1254,2026-08-14,23.82,109453484.0
NASDAQ:GBFH,GBFH,GBank Financial Holdings Inc.,Financial Services,Banks - Regional,United States,NASDAQ,310533754.0,21.46,30.88,33.15,1,2.0,77,False,-48.92,5.25,-30.25,-34.28,-35.07,,,30.765,32.6516,33.0526,,,2798429,527,2026-08-14,31.85,14470352.0
NASDAQ:AXG,AXG,Solowin Holdings,Financial Services,Capital Markets,Hong Kong,NASDAQ,429522016.0,2.7,30.91,31.08,1,2.1,78,False,-42.43,8.43,-24.64,-23.29,-7.06,,,3.5827,3.5195,2.9052,,,504409,736,2026-08-14,33.32,159082228.0
NYSE:BRCC,BRCC,BRC Inc.,Consumer Defensive,Packaged Foods,United States,NYSE,99336404.0,0.849,30.93,34.89,1,2.1,79,True,-52.3,35.84,-22.28,-28.0,-54.92,-68.81,-76.6,1.0924,1.1792,1.8833,2.7219,3.6282,1138743,1131,2026-08-14,30.39,117004009.0
NASDAQ:GLND,GLND,Greenland Energy Company,Energy,Oil & Gas E&P,United States,NASDAQ,55974648.0,1.28,30.95,35.33,1,2.1,80,False,-90.15,14.29,,,,,,,,,,,2622497,101,2026-08-14,29.97,43730194.0
NASDAQ:INVZ,INVZ,Innoviz Technologies Ltd.,Consumer Cyclical,Auto Parts,Israel,NASDAQ,82126539.0,0.371,30.95,34.35,1,2.1,81,False,-84.41,0.0,-57.76,-65.95,-64.48,-69.6,-80.92,0.8783,1.0896,1.0445,1.2204,1.9448,2055322,1255,2026-08-14,33.63,221365334.0
NYSE:YSS,YSS,York Space Systems Inc.,Industrials,Aerospace & Defense,United States,NYSE,1436180523.0,10.93,30.95,33.85,1,2.1,82,False,-74.84,4.29,,,,,,,,,,,35788496,137,2026-08-14,32.33,131398035.0
NASDAQ:PROK,PROK,ProKidney Corp.,Healthcare,Biotechnology,United States,NASDAQ,272915618.0,1.33,30.99,35.66,1,2.2,83,False,-59.7,0.0,-34.38,-38.47,-30.25,-41.02,-68.59,2.0268,2.1617,1.9069,2.2548,4.2342,1592091,1255,2026-08-14,34.44,205199713.0
NYSE:JBGS,JBGS,JBG SMITH Properties,Real Estate,REIT - Diversified,United States,NYSE,668777675.0,11.48,31.18,33.7,1,2.2,84,False,-50.35,3.95,-25.23,-30.22,-28.13,-24.49,-24.22,15.353,16.4524,15.9738,15.2028,15.1485,10247212,1254,2026-08-14,33.52,58255895.0
NASDAQ:IHRT,IHRT,"iHeartMedia, Inc.",Communication Services,Broadcasting,United States,NASDAQ,383683493.0,2.95,31.19,35.62,1,2.3,85,False,-53.4,40.48,-24.38,-18.95,8.59,15.17,-14.94,3.9009,3.6398,2.7167,2.5614,3.4682,2198601,1254,2026-08-14,31.98,130062201.0
NASDAQ:SFD,SFD,"Smithfield Foods, Inc.",Consumer Defensive,Packaged Foods,United States,NASDAQ,8955542506.0,22.76,31.39,35.79,1,2.3,86,False,-21.03,12.94,-4.82,-3.66,,,,23.9127,23.6252,,,,34543631,389,2026-08-14,27.53,393477263.0
NYSE:TNC,TNC,Tennant Company,Industrials,Specialty Industrial Machinery,United States,NYSE,1169411693.0,68.59,31.41,34.36,1,2.3,87,True,-24.75,13.01,-11.52,-12.18,-14.26,-18.43,-13.62,77.5244,78.1009,79.9931,84.0841,79.404,18026620,1255,2026-08-14,29.32,17049303.0
NASDAQ:MIDD,MIDD,The Middleby Corporation,Industrials,Specialty Industrial Machinery,United States,NASDAQ,5331241223.0,117.91,31.47,37.34,1,2.3,88,True,-18.21,31.23,-1.38,0.51,1.24,3.28,3.16,119.566,117.3096,116.4685,114.1658,114.3014,72791746,1255,2026-08-14,29.66,45214496.0
NYSE:OPFI,OPFI,OppFi Inc.,Financial Services,Credit Services,United States,NYSE,611415656.0,7.16,31.47,35.55,1,2.3,89,False,-41.5,8.65,-22.37,-24.58,-22.26,0.32,22.09,9.2229,9.4931,9.21,7.1375,5.8645,8066430,1255,2026-08-14,31.02,85393248.0
NASDAQ:BIOA,BIOA,"BioAge Labs, Inc.",Healthcare,Drug Manufacturers - Specialty & Generic,United States,NASDAQ,471198980.0,10.6,31.64,34.77,1,2.4,90,True,-57.77,139.82,-36.71,-26.2,,,,16.7488,14.3627,,,,17549481,471,2026-08-14,30.93,44452734.0
NYSE:TPR,TPR,"Tapestry, Inc.",Consumer Cyclical,Luxury Goods,United States,NYSE,26059727212.0,128.98,31.67,37.1,1,2.4,91,True,-21.73,36.53,-5.35,-1.11,30.18,65.29,91.1,136.2634,130.425,99.0816,78.0349,67.493,387162165,1255,2026-08-14,30.95,202044714.0
NASDAQ:TYGO,TYGO,"Tigo Energy, Inc.",Technology,Solar,United States,NASDAQ,92611169.0,1.22,31.68,32.28,1,2.4,92,False,-76.36,3.39,-57.32,-54.34,-35.02,-45.26,-74.08,2.8583,2.6717,1.8775,2.2286,4.7067,2741850,1240,2026-08-14,32.59,75910794.0
NYSE:TDAY,TDAY,"USA TODAY Co., Inc.",Communication Services,Publishing,United States,NYSE,1032782861.0,7.04,31.72,36.66,1,2.5,93,True,-22.04,101.72,5.69,14.97,34.61,58.43,81.75,6.6609,6.1235,5.23,4.4437,3.8734,18198571,1254,2026-08-14,26.71,146702111.0
NYSE:GETY,GETY,"Getty Images Holdings, Inc.",Communication Services,Internet Content & Information,United States,NYSE,129039447.0,0.308,31.81,34.94,1,2.5,94,False,-86.95,6.94,-69.43,-74.62,-83.59,-88.74,-92.12,1.0075,1.2134,1.8764,2.7351,3.9075,1969388,1255,2026-08-14,32.39,418959244.0
NYSE:HR,HR,Healthcare Realty Trust Incorporated,Real Estate,REIT - Healthcare Facilities,United States,NYSE,6670540376.0,19.25,31.82,38.55,1,2.5,95,False,-10.89,24.16,5.96,7.52,16.55,24.92,23.89,18.1675,17.9035,16.516,15.4103,15.5375,80503992,1254,2026-08-14,30.83,346521578.0
NYSE:OI,OI,"O-I Glass, Inc.",Consumer Cyclical,Packaging & Containers,United States,NYSE,1043349682.0,6.79,31.83,35.07,1,2.5,96,False,-59.17,0.59,-41.14,-42.37,-43.94,-48.12,-53.31,11.5363,11.7819,12.1113,13.0882,14.542,25773319,1255,2026-08-14,32.31,153659747.0
NASDAQ:BZAI,BZAI,"Blaize Holdings, Inc.",Technology,Software - Application,United States,NASDAQ,84383580.0,0.593,31.86,34.76,1,2.6,97,False,-90.57,0.0,-66.05,-73.13,-86.96,-91.08,-92.13,1.7467,2.207,4.5488,6.647,7.5345,4896398,1139,2026-08-14,56.46,142299461.0
NASDAQ:GOAI,GOAI,Eva Live Inc.,Technology,Software - Infrastructure,United States,NASDAQ,61744807.0,1.69,31.86,33.54,1,2.6,98,False,-77.82,9.03,,,,,,,,,,,1596077,137,2026-08-14,31.17,36535389.0
NASDAQ:ESOA,ESOA,Energy Services of America Corporation,Industrials,Engineering & Construction,United States,NASDAQ,239403682.0,12.83,31.88,35.77,1,2.6,99,True,-33.66,63.11,-2.75,2.28,10.45,31.87,61.99,13.1924,12.5444,11.6166,9.7289,7.9203,2621003,1255,2026-08-14,28.12,18659679.0
NYSE:BROS,BROS,Dutch Bros Inc.,Consumer Cyclical,Restaurants,United States,NYSE,7136760196.0,52.02,31.93,36.47,1,2.6,100,False,-29.93,11.42,-9.77,-10.4,-8.13,8.19,17.59,57.6547,58.061,56.6234,48.0814,44.2392,225633746,1234,2026-08-14,29.16,137192622.0
NYSE:INN,INN,"Summit Hotel Properties, Inc.",Real Estate,REIT - Hotel & Motel,United States,NYSE,651434917.0,6.04,31.95,39.91,1,2.7,101,False,-14.57,52.13,15.77,15.66,14.18,13.52,9.14,5.2171,5.2224,5.2897,5.3204,5.5343,6524164,1255,2026-08-14,32.86,107853463.0
NASDAQ:PGNY,PGNY,"Progyny, Inc.",Healthcare,Healthcare Plans,United States,NASDAQ,2058574684.0,26.28,32.02,38.98,1,2.7,102,False,-18.79,61.23,10.69,12.64,20.7,2.35,-7.44,23.7417,23.3308,21.7738,25.6773,28.3931,33502031,1254,2026-08-14,28.97,78332370.0
NASDAQ:AMSF,AMSF,"AMERISAFE, Inc.",Financial Services,Insurance - Specialty,United States,NASDAQ,517159268.0,27.65,32.19,35.8,1,2.7,103,True,-37.22,1.65,-18.73,-22.07,-31.12,-31.2,-30.83,34.0213,35.4815,40.1404,40.1893,39.9722,10948733,1255,2026-08-14,27.86,18703771.0
NASDAQ:MATW,MATW,Matthews International Corporation,Industrials,Conglomerates,United States,NASDAQ,725456684.0,23.25,32.22,36.5,1,2.8,104,True,-18.53,9.62,-9.43,-7.59,-2.84,-9.52,-13.4,25.6701,25.16,23.93,25.6971,26.8487,13731049,1255,2026-08-14,31.31,31202438.0
NASDAQ:RPID,RPID,"Rapid Micro Biosystems, Inc.",Healthcare,Medical Devices,United States,NASDAQ,76141430.0,1.68,32.53,37.35,1,2.8,105,False,-64.1,1.2,-41.7,-42.2,-32.35,-14.5,-12.78,2.8818,2.9068,2.4834,1.9649,1.9262,423334,1255,2026-08-14,33.51,45322280.0
NYSE:LII,LII,"Lennox International, Inc.",Industrials,Building Products & Equipment,United States,NYSE,14584950457.0,422.01,32.56,35.43,1,2.8,106,True,-30.49,1.47,-16.09,-17.42,-23.21,-17.72,-6.03,502.9406,511.0354,549.5414,512.8964,449.0719,285680797,1255,2026-08-14,30.9,34560675.0
NASDAQ:SPRO,SPRO,"Spero Therapeutics, Inc.",Healthcare,Biotechnology,United States,NASDAQ,71218836.0,1.23,32.6,32.62,1,2.8,107,False,-58.72,6.96,-46.83,-45.55,-31.65,-26.18,-25.77,2.3133,2.2589,1.7996,1.6663,1.657,2177292,1254,2026-08-14,33.08,57901493.0
NYSE:LION,LION,Lionsgate Studios Corp,,,,NYSE,3566916251.0,11.99,32.64,37.8,1,2.9,108,True,-26.89,102.88,12.77,22.59,42.79,34.25,30.28,10.6318,9.7804,8.3969,8.9313,9.2033,34314040,1119,2026-08-14,26.38,297490930.0
NYSE:CVLG,CVLG,"Covenant Logistics Group, Inc.",Industrials,Trucking,United States,NYSE,714437516.0,34.9,32.65,36.63,1,2.9,109,False,-30.03,94.55,13.19,19.99,29.75,36.75,47.97,30.8335,29.0855,26.8978,25.5219,23.586,9021464,1255,2026-08-14,31.42,20470989.0
NYSE:ULS,ULS,UL Solutions Inc.,Industrials,Specialty Business Services,United States,NYSE,6027016588.0,77.46,32.65,35.59,1,2.9,110,False,-26.04,24.51,-9.41,-5.65,11.38,,,85.502,82.0989,69.5458,,,86698194,586,2026-08-14,30.67,77808115.0
NYSE:UP,UP,Wheels Up Experience Inc.,Industrials,Airports & Air Services,United States,NYSE,182389218.0,5.03,32.67,37.19,1,2.9,111,False,-92.38,0.2,-56.43,-71.38,-79.83,-84.95,-93.28,11.5439,17.5729,24.9428,33.4177,74.8803,562315,1254,2026-08-14,34.03,36260282.0
NYSE:AGBK,AGBK,AGI Inc,Financial Services,Banks - Regional,Brazil,NYSE,360422366.0,6.14,32.74,37.2,1,3.0,112,False,-48.83,0.0,,,,,,,,,,,2703780,127,2026-08-14,34.65,58700711.0
NASDAQ:PRVA,PRVA,"Privia Health Group, Inc.",Healthcare,Health Information Services,United States,NASDAQ,2772272228.0,22.0,32.77,37.2,1,3.0,113,False,-21.71,9.89,-6.41,-6.31,-2.04,0.33,-6.76,23.5075,23.4813,22.4585,21.9278,23.594,30678753,1254,2026-08-14,29.99,126012374.0
NASDAQ:WBTN,WBTN,WEBTOON Entertainment Inc.,Communication Services,Internet Content & Information,United States,NASDAQ,1120419738.0,8.285,32.81,35.34,1,3.0,114,False,-61.12,0.0,-30.34,-36.09,-29.76,,,11.8941,12.9629,11.7951,,,3562793,535,2026-08-14,34.77,135234730.0
NYSE:ENHA,ENHA,Enhanced Group Inc.,Consumer Defensive,Packaged Foods,United States,NYSE,252168087.0,1.96,32.89,32.76,1,3.1,115,False,-79.79,0.0,,,,,,,,,,,1832636,68,2026-08-14,41.57,128657187.0
NASDAQ:UTHR,UTHR,United Therapeutics Corporation,Healthcare,Drug Manufacturers - Specialty & Generic,United States,NASDAQ,24887612428.0,499.73,32.89,36.52,1,3.1,116,False,-16.26,63.97,-3.7,1.23,20.87,39.42,52.41,518.9388,493.6455,413.4344,358.4342,327.885,273196547,1255,2026-08-14,33.53,49802118.0
NASDAQ:COLL,COLL,"Collegium Pharmaceutical, Inc.",Healthcare,Drug Manufacturers - Specialty & Generic,United States,NASDAQ,915605581.0,28.23,33.05,35.75,1,3.1,117,False,-43.36,9.84,-27.91,-26.73,-19.72,-16.07,-8.24,39.1584,38.5303,35.1644,33.6355,30.7649,18257474,1254,2026-08-14,32.68,32433779.0
NASDAQ:GOGO,GOGO,Gogo Inc.,Communication Services,Telecom Services,United States,NASDAQ,382725020.0,2.83,33.07,37.06,1,3.1,118,True,-76.97,1.8,-40.03,-51.07,-62.11,-65.89,-71.64,4.719,5.7836,7.4697,8.2972,9.9772,6283907,1255,2026-08-14,31.62,135238523.0
NASDAQ:CAPR,CAPR,"Capricor Therapeutics, Inc.",Healthcare,Biotechnology,United States,NASDAQ,385114088.0,6.65,33.08,29.97,1,3.2,119,False,-81.18,72.73,-71.32,-66.4,-58.3,-45.63,-35.68,23.1849,19.7905,15.946,12.2309,10.3397,64769539,1255,2026-08-14,16.67,57911893.0
NYSE:BMA,BMA,Banco Macro S.A. ADR (representing Ten Class B Common Shares),Financial Services,Banks - Regional,Argentina,NYSE,4875108083.0,77.61,33.12,39.01,1,3.2,120,False,-23.26,105.36,-6.58,1.6,1.17,24.74,54.51,83.0808,76.3898,76.7104,62.2186,50.2307,23390807,1255,2026-08-14,36.44,62815463.0
NASDAQ:MVIS,MVIS,"MicroVision, Inc.",Technology,Scientific & Technical Instruments,United States,NASDAQ,52304054.0,2.24,33.17,34.82,1,3.2,121,False,-89.56,0.0,-77.63,-80.85,-84.69,-88.44,-91.74,10.013,11.6969,14.6338,19.3763,27.1245,4527923,1255,2026-08-14,44.45,23350024.0
NYSE:IIPR,IIPR,"Innovative Industrial Properties, Inc.",Real Estate,REIT - Industrial,United States,NYSE,1623450318.0,55.99,33.31,39.43,1,3.2,122,False,-13.42,39.85,9.19,10.54,-4.67,-11.07,-10.23,51.2791,50.6509,58.7299,62.9593,62.3704,19549458,1254,2026-08-14,38.29,28995362.0
NASDAQ:HYPR,HYPR,"Hyperfine, Inc.",Healthcare,Medical Devices,United States,NASDAQ,75204038.0,0.893,33.41,35.82,1,3.3,123,False,-59.41,0.22,-25.2,-28.05,-17.56,-21.83,-25.96,1.1939,1.2412,1.0833,1.1424,1.2061,588804,1254,2026-08-14,33.41,84215048.0
NASDAQ:TRIP,TRIP,"TripAdvisor, Inc.",Consumer Cyclical,Travel Services,United States,NASDAQ,1249718955.0,10.74,33.41,38.11,1,3.3,124,False,-43.89,16.23,-14.51,-20.25,-24.07,-33.14,-37.19,12.563,13.4673,14.1448,16.0629,17.0992,44470453,1255,2026-08-14,34.72,116361169.0
NASDAQ:TYRA,TYRA,"Tyra Biosciences, Inc.",Healthcare,Biotechnology,United States,NASDAQ,1504005935.0,25.29,33.43,37.0,1,3.3,125,True,-36.15,147.94,-14.12,-2.79,25.07,34.76,49.92,29.4469,26.0151,20.2212,18.7669,16.8694,18661476,1233,2026-08-14,31.98,59470381.0
NYSE:LANV,LANV,Lanvin Group Holdings Limited,Consumer Cyclical,Luxury Goods,China,NYSE,125130794.0,1.07,33.44,37.3,1,3.4,126,False,-55.04,0.0,-35.3,-39.01,-42.66,-49.55,-68.41,1.6537,1.7543,1.8659,2.1208,3.3875,66554,1254,2026-08-14,35.95,116944667.0
NASDAQ:UCFI,UCFI,CN Healthy Food Tech Group Corp.,Consumer Defensive,Packaged Foods,China,NASDAQ,287814756.0,5.51,33.44,37.27,1,3.4,127,False,-55.92,34.72,0.0,-9.75,-33.09,,,5.51,6.1054,8.2351,,,0,624,2026-08-14,33.44,52234983.0
NYSE:YETI,YETI,"YETI Holdings, Inc.",Consumer Cyclical,Leisure,United States,NYSE,3375790873.0,44.56,33.46,39.55,1,3.4,128,False,-15.41,38.77,1.64,6.22,14.46,11.28,11.92,43.8418,41.9525,38.9311,40.0415,39.8141,83726605,1254,2026-08-14,35.37,75758323.0
NYSE:MLP,MLP,"Maui Land & Pineapple Company, Inc.",Real Estate,Real Estate Services,United States,NYSE,303531180.0,15.28,33.47,38.34,1,3.4,129,False,-23.29,7.83,-7.23,-8.34,-16.17,-16.06,-6.39,16.4709,16.6706,18.2278,18.2035,16.3236,338925,1255,2026-08-14,35.69,19864606.0
NASDAQ:STRO,STRO,"Sutro Biopharma, Inc.",Healthcare,Biotechnology,United States,NASDAQ,339362591.0,20.48,33.48,37.31,1,3.4,130,False,-49.94,180.55,-3.99,8.9,4.64,-21.14,-40.24,21.331,18.8059,19.5718,25.9692,34.2715,7318815,1254,2026-08-14,35.57,16570439.0
NASDAQ:TCMD,TCMD,"Tactile Systems Technology, Inc.",Healthcare,Medical Devices,United States,NASDAQ,545861492.0,24.2,33.56,38.44,1,3.5,131,True,-26.78,95.48,-9.42,0.6,27.83,39.88,45.83,26.7162,24.0566,18.9318,17.3003,16.595,7012077,1254,2026-08-14,30.63,22556260.0
NASDAQ:BBSI,BBSI,"Barrett Business Services, Inc.",Industrials,Staffing & Employment Services,United States,NASDAQ,791803084.0,32.24,33.81,38.48,1,3.5,132,False,-33.91,20.83,-4.89,-10.96,-15.69,-7.49,2.38,33.8989,36.2064,38.24,34.8487,31.4915,10295557,1255,2026-08-14,35.97,24559649.0
NYSE:OUT,OUT,OUTFRONT Media Inc.,Real Estate,REIT - Specialty,United States,NYSE,5324160542.0,30.24,33.85,38.96,1,3.5,133,True,-10.56,82.97,10.86,19.51,46.41,71.97,83.55,27.2769,25.3024,20.6544,17.5847,16.4748,59140608,1254,2026-08-14,26.09,176063510.0
NASDAQ:INGN,INGN,"Inogen, Inc",Healthcare,Medical Devices,United States,NASDAQ,155678467.0,5.75,33.86,38.29,1,3.5,134,False,-35.75,2.86,-12.34,-16.78,-26.49,-23.3,-43.48,6.5593,6.9096,7.8217,7.4963,10.1729,1523320,1254,2026-08-14,34.98,27074516.0
NYSE:KNF,KNF,Knife Riv Holding Co.,Basic Materials,Building Materials,United States,NYSE,3768455972.0,66.4,33.91,37.37,1,3.6,135,True,-29.79,10.8,-15.35,-14.89,-21.75,-15.33,,78.4372,78.018,84.8616,78.4208,,53024358,800,2026-08-14,32.62,56753855.0
NASDAQ:ZNTL,ZNTL,"Zentalis Pharmaceuticals, Inc.",Healthcare,Biotechnology,United States,NASDAQ,253423399.0,3.56,34.01,39.62,1,3.6,136,False,-46.14,178.13,16.27,28.86,40.1,-43.44,-66.02,3.0617,2.7627,2.541,6.2937,10.4771,6086520,1254,2026-08-14,42.3,71186348.0
NYSE:SSTK,SSTK,"Shutterstock, Inc.",Communication Services,Internet Content & Information,United States,NYSE,209039300.0,5.69,34.02,32.59,1,3.6,137,False,-77.01,5.76,-63.03,-65.41,-71.13,-77.61,-81.81,15.3903,16.4483,19.7071,25.4152,31.2835,8419047,1255,2026-08-14,35.36,36738014.0
NYSE:ZVIA,ZVIA,Zevia PBC,Consumer Defensive,Beverages - Non-Alcoholic,United States,NYSE,94743318.0,1.32,34.03,39.67,1,3.7,138,True,-57.42,16.81,-23.79,-30.57,-39.69,-33.25,-47.04,1.732,1.9012,2.1885,1.9775,2.4926,631565,1255,2026-08-14,32.04,71775241.0
NASDAQ:KRMD,KRMD,"KORU Medical Systems, Inc.",Healthcare,Medical Instruments & Supplies,United States,NASDAQ,156172200.0,3.4,34.08,37.29,1,3.7,139,False,-47.85,3.03,-25.59,-23.9,-11.19,1.94,2.25,4.569,4.4679,3.8285,3.3353,3.3252,983317,1255,2026-08-14,30.56,45933000.0
NYSE:VVV,VVV,Valvoline Inc.,Consumer Cyclical,Auto & Truck Dealerships,United States,NYSE,4360458541.0,34.19,34.1,38.85,1,3.7,140,False,-15.93,18.43,-0.5,-2.34,-6.0,-7.68,-5.31,34.3629,35.0086,36.3738,37.0342,36.1089,82136104,1254,2026-08-14,31.11,127536079.0
AMEX:IOR,IOR,"Income Opportunity Realty Investors, Inc.",Financial Services,Mortgage Finance,United States,AMEX,80103707.0,19.7,34.13,45.06,1,3.7,141,False,-8.37,13.87,6.71,7.14,9.17,16.9,26.6,18.4613,18.3877,18.0447,16.8525,15.561,9346,1255,2026-08-14,62.91,4066178.0
NASDAQ:BLBD,BLBD,Blue Bird Corporation,Industrials,Farm & Heavy Construction Machinery,United States,NASDAQ,2051015433.0,64.81,34.18,38.48,1,3.8,142,False,-20.48,39.11,6.46,7.92,28.05,45.24,72.89,60.8794,60.0515,50.6126,44.6233,37.4871,42962620,1254,2026-08-14,33.82,31646589.0
NYSE:SRG,SRG,Seritage Growth Properties,Real Estate,Real Estate Services,United States,NYSE,127856858.0,2.27,34.19,37.76,1,3.8,143,False,-49.33,0.0,-24.17,-28.81,-33.92,-53.84,-63.73,2.9936,3.1887,3.4354,4.9174,6.2579,446458,1254,2026-08-14,34.19,56324607.0
NASDAQ:DWSN,DWSN,Dawson Geophysical Company,Energy,Oil & Gas Equipment & Services,United States,NASDAQ,99369088.0,3.2,34.22,39.01,1,3.8,144,False,-57.73,148.06,-0.84,9.75,46.58,60.78,70.97,3.2272,2.9156,2.1832,1.9903,1.8717,644276,1255,2026-08-14,48.23,31052840.0
NASDAQ:MRVI,MRVI,"Maravai LifeSciences Holdings, Inc.",Healthcare,Biotechnology,United States,NASDAQ,840785135.0,5.7,34.22,43.11,1,3.8,145,False,-21.27,144.64,37.32,46.87,33.83,4.39,-29.02,4.151,3.881,4.2592,5.4601,8.0308,13638464,1254,2026-08-14,35.78,147506164.0
NASDAQ:VHUB,VHUB,"VenHub Global, Inc.",Consumer Defensive,Grocery Stores,United States,NASDAQ,59659286.0,0.66,34.24,36.96,1,3.9,146,False,-91.83,11.86,,,,,,,,,,,54093,135,2026-08-14,36.32,90392857.0
NASDAQ:MARA,MARA,"MARA Holdings, Inc.",Financial Services,Capital Markets,United States,NASDAQ,3507688628.0,9.2,34.25,38.06,1,3.9,147,False,-59.72,36.7,-18.59,-27.11,-37.5,-40.74,-34.95,11.3002,12.621,14.7211,15.5261,14.1425,511393351,1255,2026-08-14,34.3,381270503.0
NASDAQ:ATGL,ATGL,Alpha Technology Group Limited,Technology,Software - Infrastructure,Hong Kong,NASDAQ,109126875.0,7.15,34.3,35.46,1,3.9,148,False,-78.92,0.0,-57.06,-61.51,-60.56,,,16.6493,18.5756,18.1291,,,413564,698,2026-08-14,36.79,15262500.0
NASDAQ:IZEA,IZEA,"IZEA Worldwide, Inc.",Communication Services,Internet Content & Information,United States,NASDAQ,53765988.0,3.07,34.3,37.38,1,3.9,149,False,-46.14,0.0,-23.36,-24.12,-7.56,3.33,5.66,4.006,4.046,3.321,2.9712,2.9055,214053,1255,2026-08-14,34.3,17513351.0
NYSE:OPLN,OPLN,"OPENLANE, Inc.",Consumer Cyclical,Auto & Truck Dealerships,United States,NYSE,3761086763.0,35.5,34.31,39.93,1,4.0,150,True,-17.25,44.96,10.91,13.77,37.86,58.36,74.43,32.0092,31.2032,25.7499,22.4178,20.3516,45613648,1255,2026-08-14,32.9,105946106.0
NYSE:ATEN,ATEN,"A10 Networks, Inc.",Technology,Software - Infrastructure,United States,NYSE,1972749995.0,27.4,34.33,37.72,1,4.0,151,True,-28.1,66.4,13.66,20.35,38.59,56.18,63.11,24.1061,22.7668,19.7703,17.5435,16.7987,42823666,1254,2026-08-14,32.15,71998175.0
NYSE:DNA,DNA,"Ginkgo Bioworks Holdings, Inc.",Healthcare,Biotechnology,United States,NYSE,362322147.0,6.79,34.33,38.7,1,4.0,152,False,-57.93,23.91,-20.68,-27.9,-26.54,-69.15,-81.45,8.5597,9.4177,9.2431,22.0132,36.5948,8059008,1255,2026-08-14,38.1,53361141.0
NASDAQ:ALHC,ALHC,"Alignment Healthcare, Inc.",Healthcare,Healthcare Plans,United States,NASDAQ,2895794680.0,13.96,34.34,36.87,1,4.1,153,True,-43.16,5.76,-27.05,-25.02,-13.07,7.32,14.33,19.137,18.6177,16.0582,13.0079,12.2101,93501559,1255,2026-08-14,30.52,207435149.0
NASDAQ:CHRW,CHRW,"C.H. Robinson Worldwide, Inc.",Industrials,Integrated Freight & Logistics,United States,NASDAQ,17512397850.0,148.57,34.35,36.68,1,4.1,154,False,-29.06,24.64,-13.69,-8.82,13.5,30.85,37.6,172.1436,162.949,130.9013,113.5419,107.9746,385744752,1255,2026-08-14,34.82,117873042.0
NASDAQ:BETR,BETR,Better Home & Finance Holding Company,Financial Services,Mortgage Finance,United States,NASDAQ,179674130.0,13.73,34.36,36.59,1,4.1,155,False,-84.05,0.0,-60.24,-62.06,-44.66,-67.75,-92.15,34.5293,36.1909,24.809,42.5716,174.9978,12060004,1255,2026-08-14,36.43,13086244.0
NYSE:CIM,CIM,Chimera Investment Corporation,Real Estate,REIT - Mortgage,United States,NYSE,987023012.0,11.8,34.37,37.06,1,4.1,156,False,-12.54,11.06,-4.12,-3.84,-1.91,1.44,-0.25,12.307,12.2707,12.03,11.6326,11.8294,9336303,1255,2026-08-14,35.48,83646018.0
NASDAQ:CMRC,CMRC,"Commerce.com, Inc. - Series 1",Technology,Software - Application,United States,NASDAQ,180701814.0,2.19,34.45,37.72,1,4.2,157,False,-60.25,3.79,-34.29,-39.63,-53.45,-63.19,-69.59,3.3328,3.6275,4.7042,5.9489,7.2022,2696685,1254,2026-08-14,35.0,82512244.0
NYSE:ASIX,ASIX,AdvanSix Inc.,Basic Materials,Chemicals,United States,NYSE,459381973.0,17.04,34.47,36.73,1,4.2,158,False,-34.41,21.37,-12.36,-12.62,-24.04,-27.26,-34.92,19.4425,19.5017,22.4342,23.4271,26.1824,5061685,1254,2026-08-14,29.9,26959036.0
NASDAQ:TTD,TTD,"The Trade Desk, Inc.",Communication Services,Advertising Agencies,United States,NASDAQ,6037776210.0,14.14,34.47,36.31,1,4.2,159,False,-74.46,5.6,-48.5,-56.16,-77.37,-79.44,-78.85,27.4579,32.2567,62.4926,68.768,66.8562,482644519,1255,2026-08-14,36.03,426999732.0
NASDAQ:ZKIN,ZKIN,"ZK International Group Co., Ltd",Basic Materials,Steel,China,NASDAQ,60751046.0,1.06,34.47,38.45,1,4.2,160,False,-65.7,0.0,-35.75,-39.73,-30.27,-14.21,-4.71,1.6498,1.7587,1.52,1.2356,1.1124,13190,1254,2026-08-14,34.47,57312308.0
NYSE:SITC,SITC,SITE Centers Corp.,Real Estate,REIT - Retail,United States,NYSE,155325627.0,2.96,34.48,36.08,1,4.3,161,False,-46.13,0.0,-30.76,-33.53,-40.46,-43.45,-41.64,4.275,4.453,4.9712,5.2346,5.072,2762217,1255,2026-08-14,36.8,52474874.0
NASDAQ:PAL,PAL,"Proficient Auto Logistics, Inc.",Industrials,Integrated Freight & Logistics,United States,NASDAQ,152735407.0,5.5,34.51,38.28,1,4.3,162,False,-47.82,11.79,-27.42,-26.43,-37.66,,,7.5778,7.4756,8.8232,,,3517373,568,2026-08-14,34.16,27770074.0
NASDAQ:OTLK,OTLK,"Outlook Therapeutics, Inc.",Healthcare,Biotechnology,United States,NASDAQ,141369730.0,0.756,34.58,39.52,1,4.3,163,False,-74.55,281.82,-17.39,-25.46,-62.85,-82.52,-91.99,0.9151,1.0142,2.0349,4.3261,9.4391,22540362,1255,2026-08-14,38.62,186996998.0
NYSE:TRN,TRN,"Trinity Industries, Inc.",Industrials,Railroads,United States,NYSE,2357420091.0,29.59,34.59,37.91,1,4.3,164,False,-22.27,22.31,-4.09,-1.6,-0.52,6.09,11.77,30.8528,30.0709,29.7432,27.8925,26.4732,26119507,1255,2026-08-14,32.79,79669486.0
NASDAQ:PCRX,PCRX,"Pacira BioSciences, Inc.",Healthcare,Drug Manufacturers - Specialty & Generic,United States,NASDAQ,905002252.0,23.0,34.62,39.71,1,4.4,165,False,-16.73,20.04,-2.59,-3.73,2.19,-7.11,-22.51,23.6119,23.8914,22.5078,24.7592,29.682,18509913,1255,2026-08-14,35.52,39347924.0
NASDAQ:LWAY,LWAY,"Lifeway Foods, Inc.",Consumer Defensive,Packaged Foods,United States,NASDAQ,394578348.0,25.82,34.66,39.71,1,4.4,166,True,-23.65,45.06,5.22,1.56,5.35,23.58,50.09,24.5389,25.4229,24.5077,20.8937,17.2029,4274660,1255,2026-08-14,28.11,15281888.0
NYSE:GPI,GPI,"Group 1 Automotive, Inc.",Consumer Cyclical,Auto & Truck Dealerships,United States,NYSE,3146871289.0,263.95,34.68,37.93,1,4.4,167,True,-45.69,0.36,-23.55,-27.99,-31.96,-24.92,-16.0,345.2438,366.5657,387.914,351.5572,314.2429,63636878,1255,2026-08-14,34.06,11922225.0
NYSE:CALY,CALY,Callaway Golf Company,Consumer Cyclical,Leisure,United States,NYSE,2962404638.0,16.48,34.72,40.78,1,4.4,168,False,-16.17,96.42,13.36,22.17,50.9,35.82,15.07,14.5377,13.4896,10.9215,12.1339,14.322,36882823,1255,2026-08-14,34.87,179757563.0
NASDAQ:SUJA,SUJA,"Suja Life, Inc.",Consumer Defensive,Beverages - Non-Alcoholic,United States,NASDAQ,154150776.0,6.48,34.73,35.44,1,4.5,169,False,-63.7,10.39,,,,,,,,,,,5085268,69,2026-08-14,33.42,23788700.0
NYSE:WSO,WSO,"Watsco, Inc.",Industrials,Industrial Distribution,United States,NYSE,11124442153.0,313.06,34.74,36.33,1,4.5,170,False,-30.89,1.22,-15.99,-16.38,-25.02,-23.18,-16.4,372.6258,374.3698,417.5026,407.5404,374.4834,188935699,1255,2026-08-14,33.79,35534537.0
NYSE:ORN,ORN,"Orion Group Holdings, Inc. Common",Industrials,Engineering & Construction,United States,NYSE,402118230.0,9.93,34.75,36.1,1,4.5,171,True,-42.07,51.14,-18.27,-11.97,6.95,18.01,42.26,12.1499,11.2803,9.2843,8.4147,6.98,7424303,1255,2026-08-14,31.32,40495290.0
NYSE:SKT,SKT,Tanger Inc.,Real Estate,REIT - Retail,United States,NYSE,4416976471.0,38.45,34.77,42.67,1,4.6,172,False,-7.99,24.93,8.57,10.61,17.41,28.8,45.1,35.4142,34.7619,32.7479,29.8516,26.4992,39335973,1255,2026-08-14,35.09,114875851.0
NASDAQ:ZSQR,ZSQR,Z Squared Inc.,Technology,Software - Infrastructure,United States,NASDAQ,207773138.0,3.94,34.78,36.53,1,4.6,173,False,-79.04,1.29,-67.43,-68.7,-60.67,-64.43,-85.14,12.098,12.5887,10.0172,11.0773,26.52,1899717,1254,2026-08-14,36.11,52734299.0
NASDAQ:SEDG,SEDG,"SolarEdge Technologies, Inc.",Technology,Solar,Israel,NASDAQ,1971726109.0,32.42,34.83,37.58,1,4.6,174,False,-58.71,26.3,-23.69,-20.78,9.93,-29.04,-69.06,42.4835,40.9261,29.4904,45.6855,104.7969,137579313,1255,2026-08-14,34.34,60818202.0
NASDAQ:KG,KG,"Kestrel Group, Ltd.",Financial Services,Insurance - Reinsurance,Bermuda,NASDAQ,61731597.0,7.89,34.84,37.81,1,4.6,175,True,-73.43,2.07,-32.57,-46.71,-61.54,-69.98,-74.14,11.7017,14.806,20.5165,26.2814,30.5112,127291,1255,2026-08-14,32.14,7824030.0
NASDAQ:LMAT,LMAT,"LeMaitre Vascular, Inc.",Healthcare,Medical Instruments & Supplies,United States,NASDAQ,1882443879.0,82.38,34.92,37.56,1,4.7,176,True,-29.65,4.28,-13.48,-12.63,-9.93,0.53,10.83,95.213,94.2853,91.467,81.9462,74.331,38085161,1255,2026-08-14,34.06,22850739.0
NASDAQ:EMAT,EMAT,Evolution Metals & Technologies Corp.,Basic Materials,Other Industrial Metals & Mining,United States,NASDAQ,1884025657.0,3.03,34.95,33.24,1,4.7,177,True,-84.05,34.07,,,,,,,,,,,1101906,152,2026-08-14,15.55,621790646.0
NASDAQ:INSE,INSE,"Inspired Entertainment, Inc.",Consumer Cyclical,Gambling,United States,NASDAQ,163949074.0,6.22,35.0,38.23,1,4.7,178,False,-36.66,1.8,-20.47,-22.62,-26.7,-30.06,-36.89,7.8206,8.0387,8.4859,8.8928,9.856,819675,1254,2026-08-14,35.17,26358372.0
NYSE:BXMT,BXMT,"Blackstone Mortgage Trust, Inc.",Real Estate,REIT - Mortgage,United States,NYSE,2440511198.0,14.48,35.09,34.99,1,4.8,179,False,-26.4,4.62,-18.6,-18.09,-14.71,-11.82,-10.08,17.7892,17.678,16.9771,16.4201,16.103,39700841,1255,2026-08-14,35.29,168543591.0
NASDAQ:NCMI,NCMI,"National CineMedia, Inc.",Communication Services,Advertising Agencies,United States,NASDAQ,268211627.0,2.86,35.09,37.81,1,4.8,180,False,-39.96,28.83,-20.8,-23.97,-40.74,-38.44,-37.49,3.6109,3.7616,4.8259,4.6459,4.5756,3269972,1255,2026-08-14,30.7,93780289.0
NASDAQ:IRMD,IRMD,iRadimed Corporation,Healthcare,Medical Devices,United States,NASDAQ,1111484893.0,86.95,35.11,39.72,1,4.8,181,False,-16.9,28.59,-7.12,-2.32,22.38,41.56,58.6,93.6189,89.0155,71.0511,61.4216,54.8225,12198713,1254,2026-08-14,35.12,12783035.0
NYSE:GPMT,GPMT,Granite Point Mortgage Trust Inc.,Real Estate,REIT - Mortgage,United States,NYSE,57024354.0,1.19,35.13,38.75,1,4.8,182,False,-57.29,0.0,-31.88,-38.05,-44.32,-54.5,-60.53,1.747,1.9208,2.1373,2.6155,3.0146,258181,1254,2026-08-14,37.33,47919625.0
NYSE:MEC,MEC,"Mayville Engineering Company, Inc.",Industrials,Metal Fabrication,United States,NYSE,614150605.0,24.09,35.15,38.25,1,4.8,183,False,-35.83,91.8,6.3,15.2,29.15,41.67,54.12,22.6632,20.9106,18.653,17.0043,15.6305,18749878,1254,2026-08-14,31.37,25494006.0
NASDAQ:RDCM,RDCM,Radcom Ltd.,Communication Services,Telecom Services,Israel,NASDAQ,175585575.0,10.49,35.19,35.94,1,4.9,184,True,-35.01,4.8,-18.94,-20.1,-16.21,-7.9,-5.68,12.9404,13.1286,12.5192,11.3892,11.1215,2285767,1255,2026-08-14,29.2,16738377.0
NYSE:WSO.B,WSO-B,"Watsco, Inc.",Industrials,Industrial Distribution,United States,NYSE,1859119653.0,328.83,35.21,34.93,1,4.9,185,False,-26.84,3.98,-10.85,-12.25,-21.4,-18.91,-11.89,368.841,374.755,418.3645,405.5248,373.2239,43124,1255,2026-08-14,35.21,5653741.0
NASDAQ:PACB,PACB,"Pacific Biosciences of California, Inc.",Healthcare,Medical Devices,United States,NASDAQ,357191941.0,1.15,35.22,38.79,1,4.9,186,False,-56.93,3.6,-31.41,-29.16,-27.44,-60.78,-75.44,1.6768,1.6235,1.5849,2.9319,4.6825,9660340,1255,2026-08-14,35.22,310601688.0
NASDAQ:BLLN,BLLN,"BillionToOne, Inc.",Healthcare,Diagnostics & Research,United States,NASDAQ,3867859697.0,93.33,35.24,39.98,1,5.0,187,False,-37.77,45.76,,,,,,,,,,,95937426,192,2026-08-14,35.54,41442834.0
NASDAQ:NBIX,NBIX,"Neurocrine Biosciences, Inc.",Healthcare,Drug Manufacturers - Specialty & Generic,United States,NASDAQ,15355993404.0,152.72,35.28,40.03,1,5.0,188,True,-17.67,24.06,3.99,5.03,13.37,15.13,21.37,146.8586,145.4051,134.705,132.6491,125.8321,247384773,1255,2026-08-14,32.6,100549983.0
NASDAQ:NNNN,NNNN,Anbio Biotechnology,Healthcare,Medical Instruments & Supplies,Germany,NASDAQ,383609088.0,8.74,35.33,35.43,1,5.0,189,False,-83.22,0.0,-62.79,-67.29,,,,23.4889,26.7223,,,,468544,373,2026-08-14,43.01,43891200.0
NASDAQ:DLHC,DLHC,DLH Holdings Corp.,Industrials,Specialty Business Services,United States,NASDAQ,67537543.0,4.66,35.35,37.36,1,5.0,190,False,-29.07,0.0,-17.79,-17.61,-25.27,-44.98,-50.31,5.6683,5.6563,6.2355,8.4699,9.3787,70763,1255,2026-08-14,37.7,14493035.0
NYSE:PAM,PAM,Pampa Energia S.A.,Industrials,Conglomerates,Argentina,NYSE,4242014236.0,78.93,35.37,40.58,1,5.1,191,False,-14.46,39.58,-6.39,-1.57,2.17,19.18,36.9,84.3167,80.191,77.2513,66.2248,57.6532,14701234,1255,2026-08-14,35.79,53744004.0
NYSE:NI,NI,NiSource Inc,Utilities,Utilities - Regulated Gas,United States,NYSE,20376167912.0,42.5,35.39,37.57,1,5.1,192,False,-12.83,10.84,-4.76,-3.21,6.3,21.32,31.11,44.6239,43.9106,39.983,35.0312,32.4155,258659871,1255,2026-08-14,30.81,479439245.0
NASDAQ:FAC,FAC,Factorial Energy Inc.,Industrials,Electrical Equipment & Parts,United States,NASDAQ,472194185.0,5.16,35.4,37.25,1,5.1,193,False,-76.48,10.49,-48.76,-48.73,,,,10.0702,10.0653,,,,1535728,287,2026-08-14,39.86,91510501.0
NASDAQ:AMPG,AMPG,"Amplitech Group, Inc.",Technology,Communication Equipment,United States,NASDAQ,101228502.0,3.995,35.41,39.83,1,5.1,194,False,-58.81,126.99,3.91,3.95,42.47,62.68,63.54,3.8446,3.8432,2.804,2.4557,2.4429,13882534,1255,2026-08-14,51.75,25338799.0
NYSE:STAG,STAG,"Stag Industrial, Inc.",Real Estate,REIT - Industrial,United States,NYSE,7085520320.0,36.75,35.43,39.88,1,5.2,195,False,-12.58,11.07,-2.52,-1.13,3.39,5.85,10.36,37.7004,37.1684,35.5439,34.7179,33.3013,65259509,1255,2026-08-14,36.73,192803274.0
NYSE:EVC,EVC,Entravision Communications Corporation,Communication Services,Advertising Agencies,United States,NYSE,745004924.0,9.01,35.49,41.43,1,5.2,196,True,-33.16,372.67,63.85,86.79,165.24,190.73,169.62,5.499,4.8236,3.397,3.0991,3.3417,20172782,1255,2026-08-14,34.06,82686451.0
NASDAQ:CVRX,CVRX,"CVRx, Inc.",Healthcare,Medical Devices,United States,NASDAQ,81730708.0,3.08,35.52,36.86,1,5.2,197,False,-71.51,29.96,-56.18,-57.63,-64.98,-73.09,-73.61,7.0295,7.2701,8.7953,11.4476,11.6731,3898895,1255,2026-08-14,33.6,26535944.0
NASDAQ:LAB,LAB,Standard BioTools Inc.,Healthcare,Medical Devices,United States,NASDAQ,278730954.0,0.71,35.52,39.48,1,5.2,198,False,-57.74,0.0,-35.54,-37.92,-46.57,-57.53,-58.02,1.1014,1.1438,1.3287,1.6716,1.6913,1344900,1255,2026-08-14,39.33,392578808.0
NASDAQ:WALD,WALD,Waldencast plc,Consumer Defensive,Household & Personal Products,United Kingdom,NASDAQ,159623850.0,1.35,35.52,40.48,1,5.2,199,False,-56.17,76.93,-17.12,-19.34,-42.77,-65.26,-73.43,1.6289,1.6737,2.3591,3.8861,5.0815,554295,1254,2026-08-14,35.52,118239889.0
NYSE:GTN.A,GTN-A,"Gray Media, Inc.",Communication Services,Broadcasting,United States,NYSE,58623684.0,5.94,35.64,38.74,1,5.3,200,True,-57.03,2.41,-38.76,-39.05,-31.04,-27.82,-30.97,9.7002,9.746,8.6136,8.2295,8.6048,9804,1255,2026-08-14,35.64,9869307.0
NASDAQ:BMM,BMM,Blue Moon Metals Inc.,Basic Materials,Other Industrial Metals & Mining,Canada,NASDAQ,505439665.0,4.82,35.67,38.87,1,5.3,201,False,-43.03,35.01,,,,,,,,,,,1209410,139,2026-08-14,36.77,104863001.0
NASDAQ:NAMS,NAMS,NewAmsterdam Pharma Company N.V.,Healthcare,Biotechnology,Netherlands,NASDAQ,3154069353.0,26.98,35.67,38.72,1,5.3,202,True,-34.91,12.65,-19.29,-16.93,2.58,18.32,34.9,33.4268,32.478,26.3026,22.8023,19.9993,31732353,1254,2026-08-14,33.37,116903979.0
NASDAQ:ALGT,ALGT,Allegiant Travel Company,Industrials,Airlines,United States,NASDAQ,2304745625.0,85.75,35.7,40.44,1,5.4,203,False,-28.04,53.4,-2.5,3.75,17.94,20.92,13.1,87.951,82.6495,72.7082,70.9156,75.82,46608904,1255,2026-08-14,36.32,26877500.0
NYSE:AGRO,AGRO,Adecoagro S.A.,Consumer Defensive,Farm Products,Luxembourg,NYSE,1285788432.0,8.91,35.76,38.44,1,5.4,204,False,-41.3,26.06,-12.86,-8.83,-10.01,-10.06,-5.19,10.2254,9.7727,9.9011,9.9063,9.3981,7400324,1255,2026-08-14,37.33,144308466.0
AMEX:FSI,FSI,Flexible Solutions International Inc. Common Stock (CDA),Basic Materials,Specialty Chemicals,Canada,AMEX,64247390.0,5.04,35.77,36.45,1,5.4,205,False,-55.2,2.86,-19.12,-26.54,-10.26,14.2,25.89,6.2315,6.8606,5.6164,4.4133,4.0034,130716,1255,2026-08-14,33.11,12747498.0
NYSE:MPT,MPT,"Medical Properties Trust, Inc.",Real Estate,REIT - Healthcare Facilities,United States,NYSE,2500058000.0,4.18,35.78,37.98,1,5.5,206,False,-27.9,10.87,-14.58,-13.39,-8.6,-4.38,-20.8,4.8935,4.8263,4.5735,4.3713,5.2778,30861189,1255,2026-08-14,36.35,598100000.0
NASDAQ:QTRX,QTRX,Quanterix Corporation,Healthcare,Medical Devices,United States,NASDAQ,122004491.0,2.59,35.78,38.86,1,5.5,207,False,-67.87,7.02,-46.15,-47.1,-62.57,-77.9,-79.08,4.8098,4.8957,6.92,11.7192,12.3812,2404026,1255,2026-08-14,39.13,47105981.0
NASDAQ:RLMD,RLMD,"Relmada Therapeutics, Inc.",Healthcare,Biotechnology,United States,NASDAQ,503939261.0,4.8,35.78,37.42,1,5.5,208,False,-38.93,745.07,-10.22,5.12,63.28,50.55,4.6,5.3463,4.5663,2.9397,3.1883,4.5887,7970354,1254,2026-08-14,34.29,104987346.0
NASDAQ:CHRS,CHRS,"Coherus Oncology, Inc.",Healthcare,Biotechnology,United States,NASDAQ,185099880.0,1.2,35.82,38.39,1,5.5,209,True,-52.19,20.12,-24.1,-22.69,-8.06,-31.15,-62.22,1.581,1.5521,1.3052,1.7429,3.1763,1068504,1254,2026-08-14,29.31,154249900.0
NASDAQ:NEWT,NEWT,"NewtekOne, Inc.",Financial Services,Banks - Regional,United States,NASDAQ,376162773.0,13.02,35.84,40.54,1,5.6,210,False,-16.32,41.85,4.54,7.17,12.32,12.95,9.17,12.4546,12.1492,11.5916,11.5274,11.9268,3268185,1255,2026-08-14,36.3,28891150.0
NYSE:ADCT,ADCT,ADC Therapeutics SA,Healthcare,Drug Manufacturers - Specialty & Generic,Switzerland,NYSE,128463070.0,1.01,35.85,34.5,1,5.6,211,False,-79.3,3.27,-68.52,-69.37,-64.3,-63.58,-66.28,3.2083,3.2974,2.8287,2.7735,2.9957,1031144,1254,2026-08-14,37.95,127191158.0
NASDAQ:PODC,PODC,"PodcastOne, Inc.",Communication Services,Internet Content & Information,United States,NASDAQ,95725625.0,3.17,35.86,39.7,1,5.6,212,False,-36.35,143.85,6.46,16.79,38.67,,,2.9777,2.7143,2.2861,,,245962,735,2026-08-14,35.86,30197358.0
NYSE:NC,NC,"NACCO Industries, Inc.",Energy,Thermal Coal,United States,NYSE,254935606.0,42.64,35.87,37.19,1,5.6,213,True,-27.15,21.34,-13.16,-9.73,8.04,16.68,16.45,49.101,47.2358,39.4669,36.5439,36.617,583213,1255,2026-08-14,31.34,5978790.0
NYSE:BRBR,BRBR,"BellRing Brands, Inc.",Consumer Defensive,Packaged Foods,United States,NYSE,1249986888.0,10.75,35.88,41.22,1,5.7,214,False,-74.81,36.08,-42.55,-52.17,-75.82,-77.1,-74.76,18.7124,22.4733,44.4498,46.9505,42.5844,53079886,1254,2026-08-14,37.77,116277850.0
NYSE:OSG,OSG,"Octave Specialty Group, Inc.",Financial Services,Insurance - Specialty,United States,NYSE,220566601.0,4.9,35.98,39.46,1,5.7,215,False,-51.39,24.37,-21.31,-27.29,-41.29,-52.69,-57.43,6.2268,6.739,8.3454,10.3575,11.5094,2254694,1254,2026-08-14,29.96,45013592.0
NASDAQ:SCOR,SCOR,"comScore, Inc.",Technology,Software - Application,United States,NASDAQ,93580915.0,6.2,35.99,39.98,1,5.7,216,True,-31.03,2.14,-14.75,-14.19,-7.66,-33.53,-53.21,7.273,7.2254,6.7145,9.3273,13.2504,108804,1255,2026-08-14,33.61,15093696.0
AMEX:FNGD,FNGD,"MicroSectors FANG Index -3X Inverse Leveraged ETNs due January 8, 2038",,,,AMEX,17463237143.0,26.78,36.02,38.29,1,5.7,217,True,-68.78,2.88,-44.68,-45.82,-72.39,-89.13,-97.49,48.4098,49.4264,97.0108,246.456,1068.8267,12380468,1255,2026-08-14,33.22,652099968.0
NYSE:VSTS,VSTS,Vestis Corporation,Industrials,Rental & Leasing Services,United States,NYSE,1760960743.0,13.33,36.03,43.09,1,5.8,218,False,-19.21,228.33,41.93,58.62,34.48,,,9.3919,8.404,9.9126,,,20072589,722,2026-08-14,37.91,132105082.0
NASDAQ:ADTN,ADTN,"ADTRAN Holdings, Inc.",Technology,Communication Equipment,United States,NASDAQ,680384040.0,8.4,36.04,35.79,1,5.8,219,True,-56.7,15.86,-26.83,-23.92,-12.32,-0.99,-18.24,11.4806,11.0411,9.5799,8.4839,10.274,23897177,1255,2026-08-14,31.43,80998100.0
NYSE:BRX,BRX,Brixmor Property Group Inc.,Real Estate,REIT - Retail,United States,NYSE,9200032034.0,29.98,36.06,40.89,1,5.8,220,False,-8.29,25.55,5.32,6.95,13.01,23.14,31.05,28.466,28.0311,26.5294,24.347,22.8763,73709312,1254,2026-08-14,36.42,306872316.0
NASDAQ:SIGA,SIGA,SIGA Technologies Inc.,Healthcare,Drug Manufacturers - Specialty & Generic,United States,NASDAQ,215172291.0,3.0,36.09,35.51,1,5.9,221,False,-63.81,4.53,-38.73,-45.12,-45.23,-43.58,-44.71,4.8964,5.4664,5.4777,5.3169,5.4256,2589808,1255,2026-08-14,27.8,71724097.0
NYSE:MBI,MBI,MBIA Inc.,Financial Services,Insurance - Specialty,United States,NYSE,263328982.0,5.17,36.11,37.85,1,5.9,222,False,-36.41,4.23,-19.19,-21.45,-10.82,-6.56,-2.74,6.3975,6.5819,5.797,5.5329,5.3157,2773900,1255,2026-08-14,34.71,50934039.0
NYSE:NXRT,NXRT,"NexPoint Residential Trust, Inc.",Real Estate,REIT - Residential,United States,NYSE,625970418.0,24.5,36.11,38.47,1,5.9,223,False,-24.05,2.76,-11.49,-13.21,-23.72,-21.46,-25.57,27.682,28.2291,32.1173,31.1945,32.9178,6923409,1254,2026-08-14,38.8,25549813.0
NASDAQ:AIOT,AIOT,"PowerFleet, Inc.",Technology,Software - Infrastructure,United States,NASDAQ,417442605.0,3.11,36.15,38.98,1,5.9,224,False,-44.96,11.47,-24.84,-28.13,-36.47,-29.29,-22.64,4.138,4.3273,4.8954,4.3985,4.02,7768946,1255,2026-08-14,36.58,134225918.0
NASDAQ:EXTR,EXTR,"Extreme Networks, Inc.",Technology,Communication Equipment,United States,NASDAQ,3202982560.0,24.41,36.15,39.89,1,5.9,225,True,-27.59,77.66,18.35,17.87,33.88,38.98,36.55,20.6257,20.7101,18.2321,17.5635,17.8768,49007803,1255,2026-08-14,34.26,131216000.0
NYSE:LEVI,LEVI,Levi Strauss & Co,Consumer Cyclical,Apparel Manufacturing,United States,NYSE,2265290399.0,22.55,36.18,41.63,1,6.0,226,True,-11.67,27.5,4.26,4.2,16.19,22.82,30.01,21.6291,21.6418,19.4078,18.3597,17.3447,51793670,1255,2026-08-14,34.48,100456337.0
NASDAQ:APEI,APEI,"American Public Education, Inc.",Consumer Defensive,Education & Training Services,United States,NASDAQ,829675962.0,45.23,36.19,39.14,1,6.0,227,False,-25.68,58.26,-4.15,1.34,35.75,74.37,108.19,47.1871,44.6317,33.3196,25.9397,21.725,17148384,1255,2026-08-14,36.21,18343488.0
NASDAQ:MBOT,MBOT,Microbot Medical Inc.,Healthcare,Medical Devices,United States,NASDAQ,104105442.0,1.55,36.19,38.65,1,6.0,228,False,-65.56,0.0,-25.63,-33.6,-23.49,-12.91,-28.42,2.0843,2.3342,2.0259,1.7797,2.1653,1164189,1255,2026-08-14,42.48,67164801.0
NASDAQ:TREE,TREE,"LendingTree, Inc.",Financial Services,Financial Conglomerates,United States,NASDAQ,457375882.0,32.59,36.22,38.49,1,6.1,229,False,-57.4,3.39,-28.69,-34.63,-31.92,-23.2,-15.38,45.7023,49.8582,47.8683,42.4329,38.5116,16047611,1255,2026-08-14,36.94,14034240.0
NASDAQ:GEOS,GEOS,Geospace Technologies Corporation,Energy,Oil & Gas Equipment & Services,United States,NASDAQ,72439377.0,5.6,36.24,37.65,1,6.1,230,True,-80.29,8.95,-54.31,-59.6,-52.66,-52.47,-45.77,12.2553,13.863,11.8283,11.7827,10.3273,925115,1255,2026-08-14,26.99,12935603.0
NYSE:NYT,NYT,New York Times Company (The),Communication Services,Publishing,United States,NYSE,10398980429.0,64.79,36.24,38.48,1,6.1,231,False,-24.3,19.54,-10.83,-6.71,6.47,16.79,29.16,72.6623,69.4535,60.8501,55.4755,50.1641,162155201,1255,2026-08-14,34.05,160502862.0
NASDAQ:MDWD,MDWD,MediWound Ltd.,Healthcare,Biotechnology,Israel,NASDAQ,174276578.0,13.56,36.27,39.49,1,6.1,232,True,-31.13,0.22,-18.58,-19.64,-22.6,-15.42,-8.68,16.654,16.875,17.5202,16.0316,14.8486,878099,1254,2026-08-14,35.54,12852255.0
NASDAQ:LZ,LZ,"LegalZoom.com, Inc.",Industrials,Specialty Business Services,United States,NASDAQ,964660434.0,5.62,36.31,40.02,1,6.2,233,False,-49.73,3.5,-25.98,-31.44,-31.05,-37.01,-38.67,7.5921,8.1973,8.1506,8.9222,9.1628,20371860,1254,2026-08-14,37.75,171647764.0
NYSE:CTRE,CTRE,"CareTrust REIT, Inc.",Real Estate,REIT - Healthcare Facilities,United States,NYSE,9159033911.0,38.77,36.33,41.81,1,6.2,234,False,-10.67,21.37,1.73,4.56,20.37,36.48,52.22,38.1091,37.0804,32.2088,28.4067,25.4705,84947534,1255,2026-08-14,36.63,236240235.0
NASDAQ:MYPS,MYPS,"PLAYSTUDIOS, Inc.",Communication Services,Electronic Gaming & Multimedia,United States,NASDAQ,58858060.0,0.526,36.4,41.78,1,6.2,235,False,-50.38,29.24,-9.7,-20.56,-51.82,-66.8,-76.3,0.5825,0.6621,1.0919,1.5842,2.2195,182854,1254,2026-08-14,38.68,111897452.0
NYSE:REZI,REZI,"Resideo Technologies, Inc.",Industrials,Industrial Distribution,United States,NYSE,3104238330.0,20.5,36.4,40.57,1,6.2,236,True,-33.8,9.96,-15.73,-17.46,3.43,16.78,25.32,24.3267,24.8376,19.8205,17.5547,16.3583,62618394,1254,2026-08-14,36.22,151426260.0
NASDAQ:MYRG,MYRG,"MYR Group, Inc.",Industrials,Engineering & Construction,United States,NASDAQ,5206201508.0,334.39,36.41,38.23,1,6.3,237,True,-33.27,92.39,5.46,14.78,54.94,74.42,95.05,317.0768,291.3231,215.8127,191.7101,171.4356,108739039,1255,2026-08-14,32.18,15569250.0
NASDAQ:ICCC,ICCC,ImmuCell Corporation,Healthcare,Biotechnology,United States,NASDAQ,90920330.0,10.05,36.43,43.72,1,6.3,238,False,-14.25,120.39,30.2,35.59,62.13,74.81,70.01,7.7187,7.4121,6.1987,5.7491,5.9114,258550,1255,2026-08-14,50.89,9046799.0
NYSE:ESRT,ESRT,"Empire State Realty Trust, Inc.",Real Estate,REIT - Diversified,United States,NYSE,814436458.0,4.75,36.44,38.87,1,6.3,239,False,-39.31,2.59,-19.15,-23.36,-37.15,-40.59,-38.03,5.8752,6.1978,7.5572,7.9949,7.6651,9965293,1255,2026-08-14,38.57,171460307.0
NASDAQ:ODYS,ODYS,Odysight.ai Inc.,Technology,Scientific & Technical Instruments,Israel,NASDAQ,66773742.0,3.98,36.44,41.04,1,6.3,240,False,-45.48,41.64,-13.47,-10.94,-25.01,-20.27,-18.75,4.5998,4.469,5.3076,4.9921,4.8982,94190,1254,2026-08-14,38.83,16777322.0
NASDAQ:VITL,VITL,"Vital Farms, Inc.",Consumer Defensive,Farm Products,United States,NASDAQ,467048149.0,10.9,36.48,41.29,1,6.4,241,False,-79.2,31.64,-45.72,-56.82,-63.9,-60.41,-54.83,20.0815,25.2441,30.1903,27.5294,24.1335,19888852,1255,2026-08-14,42.15,42848454.0
NASDAQ:GRPN,GRPN,"Groupon, Inc.",Communication Services,Internet Content & Information,United States,NASDAQ,817035410.0,21.51,36.52,43.42,1,6.4,242,False,-26.86,123.13,24.19,15.74,18.49,29.78,51.38,17.3204,18.5843,18.153,16.5737,14.2094,39387530,1255,2026-08-14,38.0,37983980.0
AMEX:LGCY,LGCY,Legacy Education Inc.,Consumer Defensive,Education & Training Services,United States,AMEX,135882888.0,10.74,36.52,40.4,1,6.4,243,True,-25.05,31.78,-4.78,-4.79,,,,11.2792,11.2808,,,,574226,472,2026-08-14,33.17,12652038.0
NYSE:JBTM,JBTM,JBT Marel Corporation,Industrials,Specialty Industrial Machinery,United States,NYSE,6257509646.0,120.18,36.53,39.86,1,6.5,244,True,-28.6,4.18,-13.98,-13.83,-5.68,1.85,5.26,139.7058,139.4667,127.4163,117.9922,114.1723,83485973,1255,2026-08-14,31.89,52067812.0
NYSE:RLJ,RLJ,RLJ Lodging Trust Common Shares of Beneficial Interest $0.01 par value,Real Estate,REIT - Hotel & Motel,United States,NYSE,1669707689.0,10.99,36.55,43.88,1,6.5,245,False,-11.94,75.5,27.45,33.02,37.12,31.82,28.89,8.6229,8.2618,8.0146,8.3372,8.5264,21987360,1255,2026-08-14,35.42,151929726.0
NASDAQ:FSTR,FSTR,L.B. Foster Company,Industrials,Railroads,United States,NASDAQ,405169263.0,38.74,36.56,41.29,1,6.5,246,True,-14.24,73.49,16.23,21.59,42.72,51.99,75.39,33.3302,31.8608,27.1445,25.488,22.0876,3424918,1255,2026-08-14,34.17,10458680.0
NYSE:STLA,STLA,Stellantis N.V.,Consumer Cyclical,Auto Manufacturers,Netherlands,NYSE,15549045111.0,5.36,36.57,37.83,1,6.5,247,False,-55.78,0.56,-34.61,-37.3,-46.47,-58.89,-58.72,8.1976,8.5482,10.0129,13.0395,12.9843,118990395,1255,2026-08-14,36.83,2900941252.0
NASDAQ:VRA,VRA,"Vera Bradley, Inc.",Consumer Cyclical,Footwear & Accessories,United States,NASDAQ,92993084.0,3.27,36.6,40.83,1,6.6,248,False,-23.24,81.67,4.19,11.86,0.57,-27.5,-29.24,3.1384,2.9234,3.2514,4.5106,4.6212,379327,1255,2026-08-14,38.76,28438252.0
AMEX:WYY,WYY,WidePoint Corporation,Technology,Information Technology Services,United States,AMEX,93433860.0,9.45,36.63,40.94,1,6.6,249,False,-53.22,174.71,19.32,28.45,69.89,108.73,141.65,7.9197,7.3568,5.5625,4.5275,3.9106,1622039,1255,2026-08-14,51.16,9887181.0
NASDAQ:AIFC,AIFC,AI Financial Corporation,Technology,Software - Infrastructure,United States,NASDAQ,57332970.0,0.41,36.64,36.3,1,6.6,250,False,-95.09,10.81,-66.33,-77.03,-87.77,-85.04,-83.35,1.2176,1.7846,3.3514,2.7404,2.463,386935,1255,2026-08-14,38.35,139836511.0
NYSE:IFS,IFS,Intercorp Financial Services Inc.,Financial Services,Banks - Regional,Peru,NYSE,6074562627.0,54.69,36.71,43.8,1,6.6,251,True,-9.87,48.48,15.54,20.03,46.54,72.53,90.22,47.336,45.5621,37.3196,31.698,28.7512,15225215,1254,2026-08-14,36.6,111072639.0
NYSE:VTEX,VTEX,VTEX,Technology,Software - Application,Cayman Islands,NYSE,337083915.0,3.74,36.76,42.34,1,6.7,252,False,-19.57,30.31,-1.7,-4.08,-25.91,-33.72,-28.83,3.8048,3.8989,5.0477,5.6429,5.2548,4042698,1254,2026-08-14,38.7,90129389.0
NASDAQ:AAON,AAON,"AAON, Inc.",Industrials,Building Products & Equipment,United States,NASDAQ,7191848138.0,87.8,36.8,38.0,1,6.7,253,False,-40.73,19.71,-12.16,-10.41,-11.09,-2.58,8.63,99.9497,98.0037,98.7549,90.1232,80.8269,118014754,1255,2026-08-14,36.6,81911710.0
NASDAQ:GPRO,GPRO,"GoPro, Inc.",Technology,Consumer Electronics,United States,NASDAQ,87309443.0,0.595,36.81,38.78,1,6.7,254,False,-79.34,3.48,-46.94,-54.07,-48.32,-63.11,-75.88,1.1213,1.2955,1.1513,1.6129,2.4669,3883961,1255,2026-08-14,40.13,146738559.0
NASDAQ:PRTH,PRTH,"Priority Technology Holdings, Inc.",Technology,Software - Infrastructure,United States,NASDAQ,452129883.0,5.49,36.81,40.05,1,6.7,255,False,-34.88,18.32,-5.42,-10.86,-21.32,-6.82,0.05,5.8047,6.1589,6.9777,5.8919,5.4871,2686914,1254,2026-08-14,37.73,82355170.0
NASDAQ:TBLA,TBLA,Taboola.com Ltd.,Communication Services,Internet Content & Information,United States,NASDAQ,985303067.0,4.05,36.84,39.72,1,6.8,256,False,-27.42,37.29,-1.87,2.18,9.94,7.51,15.22,4.127,3.9636,3.6837,3.767,3.5149,13455268,1254,2026-08-14,33.89,243284708.0
AMEX:BKTI,BKTI,BK Technologies Corporation,Technology,Communication Equipment,United States,AMEX,277070652.0,74.0,36.91,40.05,1,6.8,257,False,-23.67,19.41,-8.06,-6.08,30.95,76.5,111.59,80.4876,78.7863,56.5118,41.9258,34.9732,2835811,1255,2026-08-14,41.57,3744198.0
NYSE:GBX,GBX,"Greenbrier Companies, Inc. (The)",Industrials,Railroads,United States,NYSE,1405899332.0,45.44,36.91,40.77,1,6.8,258,False,-21.73,13.15,-6.39,-4.86,-8.13,-3.88,6.23,48.5401,47.7617,49.4626,47.2752,42.7752,18540391,1255,2026-08-14,38.86,30939686.0
NYSE:PBI,PBI,Pitney Bowes Inc.,Industrials,Integrated Freight & Logistics,United States,NYSE,2251021281.0,16.42,36.97,42.8,1,6.9,259,False,-10.78,85.8,27.74,31.18,57.33,97.77,134.43,12.8544,12.5173,10.437,8.3026,7.0043,30525757,1255,2026-08-14,39.29,137090212.0
NASDAQ:BXBL,BXBL,"BOXABL, Inc.",Consumer Cyclical,Residential Construction,United States,NASDAQ,1663220540.0,4.71,37.04,36.79,1,6.9,260,False,-68.37,19.54,-51.0,-51.41,,,,9.6131,9.6924,,,,3491329,379,2026-08-14,37.32,353125380.0
NYSE:CHGG,CHGG,"Chegg, Inc.",Consumer Defensive,Education & Training Services,United States,NYSE,88447482.0,0.79,37.04,40.64,1,6.9,261,False,-57.07,75.56,-14.27,-23.04,-35.75,-76.47,-88.82,0.9215,1.0265,1.2296,3.3569,7.0693,1288994,1254,2026-08-14,37.67,111958838.0
NASDAQ:JRVR,JRVR,"James River Group Holdings, Inc.",Financial Services,Insurance - Specialty,United States,NASDAQ,192807690.0,4.17,37.04,40.93,1,6.9,262,False,-41.28,9.15,-25.19,-24.89,-23.33,-39.8,-59.79,5.5744,5.5521,5.4386,6.9264,10.3694,1041957,1254,2026-08-14,41.87,46236856.0
NASDAQ:MPAA,MPAA,"Motorcar Parts of America, Inc.",Consumer Cyclical,Auto Parts,United States,NASDAQ,235907759.0,12.46,37.04,41.64,1,6.9,263,False,-29.72,30.88,-0.74,-5.33,14.53,27.5,23.17,12.5534,13.161,10.879,9.7725,10.1159,1452224,1255,2026-08-14,35.88,18933207.0
NASDAQ:RAIL,RAIL,"Freightcar America, Inc.",Industrials,Railroads,United States,NASDAQ,240032170.0,7.32,37.06,40.42,1,7.0,264,False,-50.54,0.0,-21.97,-21.46,-21.0,1.76,16.89,9.3806,9.3201,9.266,7.1932,6.2625,1618721,1255,2026-08-14,38.31,32791280.0
NYSE:UIS,UIS,Unisys Corporation New,Technology,Information Technology Services,United States,NYSE,208539631.0,2.86,37.06,40.25,1,7.0,265,False,-40.17,43.0,-2.06,-8.28,-33.36,-35.89,-39.85,2.9201,3.1183,4.2919,4.4613,4.755,2291258,1255,2026-08-14,37.62,72915955.0
NYSE:MO,MO,"Altria Group, Inc.",Consumer Defensive,Tobacco,United States,NYSE,109702175938.0,65.7,37.13,40.21,1,7.0,266,False,-12.31,23.9,2.31,3.01,15.05,31.11,42.1,64.2148,63.7817,57.1045,50.1091,46.2351,645086858,1255,2026-08-14,34.18,1669743926.0
NYSE:PAGS,PAGS,PagSeguro Digital Ltd.,Technology,Software - Infrastructure,Brazil,NYSE,1387001726.0,8.72,37.15,41.36,1,7.1,267,False,-25.59,6.56,-10.21,-9.09,-1.27,-7.79,-9.99,9.711,9.5916,8.8323,9.4563,9.6878,25921318,1254,2026-08-14,39.07,159059831.0
NYSE:RSI,RSI,"Rush Street Interactive, Inc.",Consumer Cyclical,Gambling,United States,NYSE,2633552397.0,25.58,37.15,40.29,1,7.1,268,False,-25.9,60.98,11.81,14.4,46.37,86.97,128.18,22.8771,22.3611,17.4761,13.6814,11.2106,86934104,1254,2026-08-14,31.09,102953573.0
NASDAQ:HUBG,HUBG,"Hub Group, Inc.",Industrials,Integrated Freight & Logistics,United States,NASDAQ,2441317862.0,40.3,37.19,40.38,1,7.1,269,False,-22.78,22.85,-4.09,-0.9,0.24,-0.06,0.64,42.0176,40.6646,40.2048,40.3261,40.0457,50701186,1255,2026-08-14,39.72,60578607.0
NASDAQ:NATH,NATH,"Nathan's Famous, Inc.",Consumer Cyclical,Restaurants,United States,NASDAQ,397034453.0,96.97,37.22,39.01,1,7.2,270,True,-10.18,8.97,-1.45,-2.39,4.37,16.35,23.58,98.3937,99.3491,92.9087,83.3438,78.4702,2269516,1255,2026-08-14,35.48,4094405.0
NASDAQ:CDNS,CDNS,"Cadence Design Systems, Inc.",Technology,Software - Application,United States,NASDAQ,89453154260.0,324.82,37.26,40.22,1,7.2,271,False,-21.99,22.27,-0.85,-2.05,4.46,8.51,19.24,327.6017,331.626,310.9529,299.3564,272.4074,815365657,1255,2026-08-14,36.32,275393000.0
NASDAQ:CSBR,CSBR,"Champions Oncology, Inc.",Healthcare,Biotechnology,United States,NASDAQ,70440395.0,5.07,37.3,39.63,1,7.2,272,False,-38.92,2.42,-18.49,-19.83,-23.61,-18.87,-17.79,6.2205,6.3244,6.6367,6.2489,6.1673,57557,1255,2026-08-14,37.51,13893569.0
NASDAQ:PENN,PENN,"PENN Entertainment, Inc.",Consumer Cyclical,Resorts & Casinos,United States,NASDAQ,2513058234.0,18.79,37.32,42.34,1,7.2,273,False,-14.82,59.78,14.65,11.32,6.62,1.06,-12.22,16.3896,16.8792,17.6234,18.5922,21.406,53793522,1255,2026-08-14,37.75,133744451.0
NYSE:CTVA,CTVA,"Corteva, Inc.",Basic Materials,Agricultural Inputs,United States,NYSE,51285117600.0,76.68,37.33,40.61,1,7.3,274,False,-15.28,26.62,1.35,3.49,12.74,23.46,25.45,75.6598,74.0957,68.0173,62.1116,61.1262,382228787,1254,2026-08-14,34.23,668820000.0
NASDAQ:ATII,ATII,Archimedes Tech SPAC Partners II Co.,Financial Services,Shell Companies,United States,NASDAQ,314837600.0,10.64,37.35,40.08,1,7.3,275,False,-6.5,4.42,0.3,1.04,,,,10.6078,10.5308,,,,1930643,342,2026-08-14,39.74,29590000.0
NYSE:RRX,RRX,Regal Rexnord Corporation,Industrials,Specialty Industrial Machinery,United States,NYSE,11682294366.0,175.49,37.35,39.8,1,7.3,276,True,-26.32,37.13,-5.21,-0.64,8.98,13.03,16.75,185.1265,176.6259,161.0346,155.2657,150.3136,252272718,1255,2026-08-14,33.37,66569573.0
NYSE:XPER,XPER,Xperi Inc.,Technology,Software - Application,United States,NYSE,325349613.0,6.74,37.35,40.2,1,7.3,277,True,-21.99,31.9,2.29,3.15,-9.56,-18.51,,6.5888,6.5343,7.4522,8.2708,,3403596,979,2026-08-14,32.73,48271456.0
NYSE:APTV,APTV,Aptiv PLC,Consumer Cyclical,Auto Parts,Switzerland,NYSE,10487913318.0,49.56,37.39,38.65,1,7.4,278,False,-44.11,7.04,-28.19,-30.95,-27.06,-31.93,-37.99,69.0147,71.7765,67.9463,72.8035,79.9176,214620968,1255,2026-08-14,36.07,211620527.0
NYSE:ONON,ONON,On Holding AG,Consumer Cyclical,Footwear & Accessories,Switzerland,NYSE,9692760933.0,32.22,37.44,39.97,1,7.4,279,False,-36.36,4.24,-19.97,-21.36,-30.09,-22.17,-13.13,40.2595,40.974,46.088,41.3972,37.0885,264733487,1234,2026-08-14,34.81,300830569.0
NASDAQ:PECO,PECO,"Phillips Edison & Company, Inc.",Real Estate,REIT - Retail,United States,NASDAQ,5201212500.0,40.5,37.5,42.54,1,7.4,280,False,-7.98,25.37,6.94,9.52,13.27,17.96,23.28,37.8712,36.9787,35.7543,34.3342,32.8508,36159528,1254,2026-08-14,36.57,128425000.0
NYSE:DECK,DECK,Deckers Outdoor Corporation,Consumer Cyclical,Footwear & Accessories,United States,NYSE,12677169068.0,93.09,37.51,40.26,1,7.4,281,False,-24.87,17.04,-8.82,-9.88,-25.33,-25.85,-16.65,102.0996,103.2908,124.6733,125.5409,111.6888,244508440,1255,2026-08-14,37.82,136181857.0
NASDAQ:BCAR,BCAR,D. Boral ARC Acquisition I Corp.,Financial Services,Shell Companies,United States,NASDAQ,170236000.0,5.83,37.52,34.26,1,7.5,282,False,-46.95,40.14,-41.13,,,,,9.9024,,,,,3809352,247,2026-08-14,39.22,29200000.0
NYSE:AXS,AXS,Axis Capital Holdings Limited,Financial Services,Insurance - Specialty,Bermuda,NYSE,7384191280.0,101.2,37.53,41.74,1,7.5,283,False,-15.15,15.64,-0.95,0.47,6.51,21.83,34.77,102.172,100.7309,95.0162,83.065,75.0898,79340618,1255,2026-08-14,33.74,72966317.0
NASDAQ:ENGN,ENGN,enGene Therapeutics Inc.,Healthcare,Biotechnology,Canada,NASDAQ,113882092.0,1.7,37.56,37.03,1,7.5,284,True,-86.03,18.06,-72.04,-72.29,-71.35,-78.02,-79.76,6.081,6.135,5.933,7.736,8.3973,1164956,1137,2026-08-14,36.32,66989466.0
NASDAQ:FLZH,FLZH,"Flash Sports & Media Holdings, Inc.",Communication Services,Broadcasting,United States,NASDAQ,70671637.0,1.32,37.56,37.6,1,7.5,285,False,-96.36,11.86,-77.16,-80.97,-90.93,-94.09,-96.25,5.7794,6.9381,14.5532,22.3297,35.2072,448453,1255,2026-08-14,39.81,53539119.0
NASDAQ:CAR,CAR,"Avis Budget Group, Inc.",Industrials,Rental & Leasing Services,United States,NASDAQ,4869655189.0,137.85,37.57,40.66,1,7.6,286,True,-80.69,57.2,-12.48,-12.21,6.26,2.29,-6.34,157.5066,157.021,129.7298,134.7585,147.1888,76208462,1255,2026-08-14,36.49,35325754.0
NASDAQ:BCBP,BCBP,"BCB Bancorp, Inc. (NJ)",Financial Services,Banks - Regional,United States,NASDAQ,156268413.0,9.0,37.72,39.43,1,7.6,287,False,-21.53,22.94,0.42,2.15,-2.7,-4.1,-12.31,8.962,8.8106,9.2498,9.3846,10.2637,1783513,1255,2026-08-14,37.72,17363157.0
NYSE:PXED,PXED,"Phoenix Education Partners, Inc.",Consumer Defensive,Education & Training Services,United States,NYSE,980128153.0,27.19,37.84,40.63,1,7.6,288,False,-27.18,4.11,-9.98,,,,,30.205,,,,,3680870,212,2026-08-14,38.69,36047376.0
NASDAQ:LENZ,LENZ,"LENZ Therapeutics, Inc.",Healthcare,Biotechnology,United States,NASDAQ,148306284.0,4.73,37.86,38.66,1,7.7,289,True,-90.36,2.83,-63.96,-74.78,-79.54,-75.9,-72.41,13.1261,18.7575,23.116,19.6261,17.1445,4614702,1255,2026-08-14,34.8,31354394.0
NASDAQ:AIRS,AIRS,"AirSculpt Technologies, Inc.",Healthcare,Medical Care Facilities,United States,NASDAQ,241971686.0,3.43,37.87,40.26,1,7.7,290,False,-70.56,117.09,-7.61,-23.84,-26.16,-32.68,-36.62,3.7125,4.5035,4.6452,5.095,5.4115,3006047,1202,2026-08-14,37.0,70545681.0
NASDAQ:VTIX,VTIX,Virtuix Holdings Inc.,Technology,Computer Hardware,United States,NASDAQ,52847821.0,1.77,37.9,37.2,1,7.7,291,False,-92.74,17.22,,,,,,,,,,,2436724,139,2026-08-14,35.11,29857526.0
NASDAQ:VRXA,VRXA,Veraxa Biotech AG,Healthcare,Biotechnology,Germany,NASDAQ,264432610.0,1.87,37.95,38.84,1,7.7,292,False,-92.46,8.41,-80.3,-80.7,,,,9.4905,9.6881,,,,471659,469,2026-08-14,38.19,141407813.0
NASDAQ:ARRY,ARRY,"Array Technologies, Inc.",Technology,Solar,United States,NASDAQ,776823209.0,5.05,37.96,38.86,1,7.8,293,False,-57.78,4.99,-37.8,-38.52,-30.85,-49.41,-59.68,8.1188,8.2142,7.3033,9.9828,12.5257,40863441,1255,2026-08-14,39.48,153826378.0
NYSE:BV,BV,"BrightView Holdings, Inc.",Industrials,Specialty Business Services,United States,NYSE,1094168000.0,11.74,37.99,39.87,1,7.8,294,False,-21.94,10.75,-8.23,-9.66,-17.22,-8.21,2.55,12.7934,12.9953,14.1819,12.7896,11.448,15730080,1254,2026-08-14,35.95,93200000.0
NYSE:SMG,SMG,Scotts Miracle-Gro Company (The),Basic Materials,Agricultural Inputs,United States,NYSE,3545607241.0,60.94,37.99,42.4,1,7.8,295,False,-17.05,19.34,-0.82,0.72,-1.95,1.9,4.1,61.4436,60.5015,62.1534,59.8012,58.5424,67706399,1255,2026-08-14,39.62,58181937.0
NASDAQ:DH,DH,Definitive Healthcare Corp.,Healthcare,Health Information Services,United States,NASDAQ,67429988.0,0.639,38.02,40.11,1,7.8,296,False,-85.14,1.75,-58.43,-67.75,-78.43,-85.81,-90.32,1.5372,1.9817,2.9631,4.5025,6.602,137408,1233,2026-08-14,38.24,105524238.0
NYSE:SRFM,SRFM,Surf Air Mobility Inc.,Industrials,Airlines,United States,NYSE,80582075.0,0.726,38.04,39.72,1,7.9,297,False,-86.68,3.27,-56.83,-67.92,-73.04,-81.88,,1.6816,2.2628,2.693,4.0071,,1513590,766,2026-08-14,44.19,110994594.0
NASDAQ:NWPX,NWPX,"NWPX Infrastructure, Inc.",Basic Materials,Steel,United States,NASDAQ,1119457384.0,116.16,38.05,41.76,1,7.9,298,False,-22.53,135.0,28.98,41.23,82.74,119.56,143.05,90.0596,82.251,63.5643,52.9053,47.7917,25897686,1255,2026-08-14,36.68,9637202.0
NYSE:GPGI,GPGI,"GPGI, Inc.",Industrials,Metal Fabrication,United States,NYSE,3704429267.0,12.78,38.09,41.73,1,7.9,299,False,-50.83,10.94,-28.55,-30.02,-16.49,7.77,26.22,17.8872,18.2623,15.3029,11.8581,10.1251,18249762,1254,2026-08-14,38.93,289861445.0
NASDAQ:LIN,LIN,Linde plc,Basic Materials,Specialty Chemicals,United Kingdom,NASDAQ,223193540429.0,482.74,38.09,40.62,1,7.9,300,True,-11.69,24.79,1.86,2.27,4.8,9.11,17.21,473.9391,472.0174,460.6273,442.4174,411.8515,1052547314,1255,2026-08-14,33.82,462347310.0
NASDAQ:CDXS,CDXS,"Codexis, Inc.",Healthcare,Biotechnology,United States,NASDAQ,167795798.0,1.56,38.11,38.18,1,8.0,301,False,-49.68,59.18,-18.58,-24.15,-41.81,-42.19,-51.96,1.9159,2.0566,2.681,2.6987,3.247,2642568,1255,2026-08-14,39.93,107561409.0
NASDAQ:LVO,LVO,"LiveOne, Inc.",Communication Services,Internet Content & Information,United States,NASDAQ,57186851.0,4.15,38.12,39.65,1,8.0,302,False,-40.88,4.8,-18.34,-18.27,-42.69,-57.43,-58.59,5.0817,5.0777,7.2415,9.7486,10.0224,281428,1254,2026-08-14,40.65,13779964.0
NASDAQ:KWM,KWM,"K Wave Media, Ltd.",Communication Services,Entertainment,Cayman Islands,NASDAQ,169821318.0,2.48,38.24,36.0,1,8.0,303,False,-97.25,11.71,-84.92,-91.03,,,,16.4404,27.6331,,,,2096035,314,2026-08-14,34.24,68476338.0
NASDAQ:COLM,COLM,Columbia Sportswear Company,Consumer Cyclical,Apparel Manufacturing,United States,NASDAQ,2936504277.0,57.42,38.27,40.74,1,8.1,304,False,-15.3,19.19,-1.48,0.47,-11.97,-16.01,-18.45,58.2814,57.1527,65.2299,68.3627,70.4098,43566575,1255,2026-08-14,39.5,51140792.0
NYSE:MKL,MKL,Markel Group Inc.,Financial Services,Insurance - Property & Casualty,United States,NYSE,22887226016.0,1847.24,38.27,42.16,1,8.1,305,True,-15.72,5.47,-6.36,-5.96,-1.37,5.8,13.06,1972.7459,1964.2734,1872.8256,1745.9368,1633.7876,120593754,1255,2026-08-14,35.42,12389958.0
NASDAQ:SVCO,SVCO,"Silvaco Group, Inc.",Technology,Software - Application,United States,NASDAQ,243285235.0,7.26,38.28,40.29,1,8.1,306,False,-47.35,124.77,3.32,8.57,1.3,,,7.0264,6.687,7.1666,,,3431243,567,2026-08-14,39.08,33510363.0
NYSE:DBD,DBD,Diebold Nixdorf Incorporated,Technology,Software - Application,United States,NYSE,2480137719.0,73.06,38.3,40.49,1,8.1,307,False,-19.49,33.08,-2.35,2.08,24.03,,,74.8215,71.5685,58.9072,,,25203304,753,2026-08-14,36.32,33946588.0
NASDAQ:PLCE,PLCE,"Children's Place, Inc. (The)",Consumer Cyclical,Apparel Manufacturing,United States,NASDAQ,54258443.0,2.44,38.33,39.77,1,8.2,308,True,-73.39,2.52,-43.21,-48.57,-64.21,-76.61,-85.28,4.2963,4.7446,6.8177,10.4323,16.5774,552356,1255,2026-08-14,35.94,22237067.0
NASDAQ:HUHU,HUHU,HUHUTECH International Group Inc.,Industrials,Specialty Industrial Machinery,China,NASDAQ,127138308.0,4.91,38.36,39.14,1,8.2,309,False,-58.03,9.11,-40.97,-37.62,,,,8.3184,7.8713,,,,202676,453,2026-08-14,40.99,25893749.0
NYSE:SBXE,SBXE,SilverBox Corp V,Financial Services,Shell Companies,United States,NYSE,278208000.0,10.08,38.37,45.07,1,8.2,310,False,-0.98,1.72,,,,,,,,,,,76628,140,2026-08-14,46.8,27600000.0
NYSE:RBLX,RBLX,Roblox Corporation,Communication Services,Electronic Gaming & Multimedia,United States,NYSE,25613831931.0,38.23,38.4,39.79,1,8.2,311,False,-72.99,7.57,-41.29,-51.24,-47.7,-37.21,-30.89,65.1208,78.3992,73.0952,60.887,55.3179,613253685,1255,2026-08-14,37.63,669992988.0
NASDAQ:BTDR,BTDR,Bitdeer Technologies Group,Technology,Software - Application,Singapore,NASDAQ,1816082364.0,9.13,38.48,39.93,1,8.3,312,True,-64.75,25.41,-27.5,-32.62,-29.16,-18.47,-15.79,12.5926,13.55,12.8884,11.1983,10.8416,132133413,1255,2026-08-14,35.91,198913731.0
NASDAQ:PAMT,PAMT,PAMT CORP,Industrials,Trucking,United States,NASDAQ,267235704.0,12.76,38.49,43.0,1,8.3,313,False,-27.33,69.46,10.48,9.91,-4.86,-15.99,-30.6,11.5493,11.6096,13.4122,15.1887,18.3853,308548,1255,2026-08-14,42.67,20943237.0
NASDAQ:FBYD,FBYD,"Falcon's Beyond Global, Inc.",Industrials,Conglomerates,United States,NASDAQ,483259917.0,9.86,38.57,40.6,1,8.3,314,False,-52.6,152.5,-16.87,-14.13,4.05,,,11.8605,11.4831,9.4758,,,1219895,715,2026-08-14,40.95,49012162.0
NYSE:CPRI,CPRI,Capri Holdings Limited,Consumer Cyclical,Luxury Goods,United Kingdom,NYSE,1760972266.0,15.34,38.58,39.64,1,8.3,315,False,-44.54,2.27,-24.94,-25.35,-30.56,-48.05,-54.6,20.437,20.5488,22.0911,29.5282,33.7896,62708038,1255,2026-08-14,40.95,114796106.0
NASDAQ:SPRY,SPRY,"ARS Pharmaceuticals, Inc.",Healthcare,Biotechnology,United States,NASDAQ,561063430.0,5.65,38.6,38.69,1,8.4,316,False,-64.29,10.14,-35.74,-39.09,-51.32,-44.25,-39.02,8.7929,9.2758,11.6054,10.1341,9.2649,15410350,1254,2026-08-14,44.27,99303262.0
NYSE:TRTX,TRTX,"TPG RE Finance Trust, Inc.",Real Estate,REIT - Mortgage,United States,NYSE,608778241.0,7.93,38.61,41.46,1,8.4,317,False,-9.67,7.41,-3.12,-3.01,4.36,15.45,23.99,8.1852,8.1762,7.5987,6.8687,6.3957,7014104,1254,2026-08-14,41.54,76769009.0
NASDAQ:EBAY,EBAY,eBay Inc.,Consumer Cyclical,Internet Retail,United States,NASDAQ,45794160000.0,103.14,38.62,41.86,1,8.4,318,False,-13.06,30.68,6.42,7.53,26.83,48.96,65.6,96.9186,95.919,81.319,69.2416,62.2839,476405269,1255,2026-08-14,40.54,444000000.0
NYSE:UE,UE,Urban Edge Properties Common Shares of Beneficial Interest,Real Estate,REIT - Retail,United States,NYSE,2756057269.0,21.87,38.64,42.48,1,8.5,319,False,-7.76,21.67,5.94,7.04,10.75,19.04,28.2,20.644,20.4315,19.7468,18.3727,17.0598,18235386,1254,2026-08-14,40.34,126019994.0
NASDAQ:VTVT,VTVT,vTv Therapeutics Inc.,Healthcare,Biotechnology,United States,NASDAQ,118632258.0,30.12,38.64,42.01,1,8.5,320,False,-29.49,114.68,-10.89,-2.59,27.84,39.14,21.52,33.8018,30.9194,23.5604,21.6466,24.7855,3442668,1254,2026-08-14,41.08,3938654.0
NYSE:STUB,STUB,"StubHub Holdings, Inc.",Communication Services,Internet Content & Information,United States,NYSE,2833553392.0,8.08,38.66,40.55,1,8.5,321,True,-63.27,32.68,-24.73,,,,,10.7345,,,,,50473360,229,2026-08-14,33.28,350687301.0
NYSE:PSFE,PSFE,Paysafe Limited,Technology,Software - Infrastructure,United Kingdom,NYSE,340319024.0,6.64,38.67,41.46,1,8.5,322,False,-54.77,10.48,-14.96,-25.73,-49.73,-51.12,-53.56,7.8083,8.9406,13.208,13.5831,14.2986,2795929,1254,2026-08-14,51.11,51252865.0
NYSE:TDOC,TDOC,"Teladoc Health, Inc.",Healthcare,Health Information Services,United States,NYSE,1237268183.0,6.81,38.69,41.7,1,8.6,323,False,-29.94,52.35,0.28,-3.57,-13.49,-36.04,-53.84,6.7909,7.0624,7.8715,10.6479,14.7527,44848617,1255,2026-08-14,40.18,181684021.0
NASDAQ:PPLI,PPLI,People Incorporated,Communication Services,Internet Content & Information,United States,NASDAQ,2771359079.0,40.4,38.7,41.59,1,8.6,324,True,-15.16,28.17,1.54,4.08,4.53,1.99,-1.74,39.7868,38.818,38.6473,39.6112,41.117,44185111,1254,2026-08-14,38.53,68597997.0
NASDAQ:MLTX,MLTX,MoonLake Immunotherapeutics,Healthcare,Biotechnology,Switzerland,NASDAQ,1400965952.0,16.47,38.71,41.69,1,8.6,325,False,-73.43,163.73,-0.53,-20.46,-50.94,-57.67,-51.83,16.558,20.706,33.5696,38.912,34.1935,22188847,1255,2026-08-14,38.86,85061685.0
NASDAQ:EYE,EYE,"National Vision Holdings, Inc.",Consumer Cyclical,Specialty Retail,United States,NASDAQ,1546251634.0,19.3,38.74,43.78,1,8.6,326,True,-34.49,25.0,-19.51,-20.53,0.14,3.03,-11.2,23.9767,24.2849,19.2729,18.732,21.7331,44043116,1255,2026-08-14,36.46,80116665.0
NASDAQ:SLBT,SLBT,SL Science Holding Limited,Healthcare,Biotechnology,Taiwan,NASDAQ,1491620954.0,2.66,38.74,40.46,1,8.6,327,False,-79.24,2.31,-68.46,-69.86,,,,8.434,8.8249,,,,293818,382,2026-08-14,39.24,560759757.0
NASDAQ:ALTO,ALTO,"Alto Ingredients, Inc.",Basic Materials,Specialty Chemicals,United States,NASDAQ,323887940.0,4.18,38.76,41.3,1,8.7,328,False,-30.22,354.35,8.53,27.25,80.35,76.23,63.97,3.8516,3.2849,2.3178,2.3719,2.5493,10951900,1255,2026-08-14,39.05,77485153.0
NASDAQ:ESTA,ESTA,Establishment Labs Holdings Inc.,Healthcare,Medical Devices,United States,NASDAQ,2338833093.0,79.47,38.78,42.97,1,8.7,329,False,-16.92,115.72,10.11,20.8,50.67,61.09,48.85,72.1714,65.7864,52.7431,49.3328,53.3876,50134740,1254,2026-08-14,29.23,29430390.0
NYSE:FR,FR,"First Industrial Realty Trust, Inc.",Real Estate,REIT - Industrial,United States,NYSE,8334702557.0,62.87,38.79,44.25,1,8.8,330,False,-8.7,33.98,5.16,8.62,17.03,23.08,26.29,59.7865,57.883,53.7198,51.0815,49.7832,64759631,1255,2026-08-14,41.4,132570424.0
NASDAQ:NHIC,NHIC,NewHold Investment Corp III,,,,NASDAQ,222221213.0,10.63,38.79,42.22,1,8.8,331,False,-7.08,4.63,0.86,1.56,,,,10.5396,10.4671,,,,1275939,332,2026-08-14,38.79,20905100.0
NYSE:LDI,LDI,"loanDepot, Inc.",Financial Services,Mortgage Finance,United States,NYSE,207842031.0,0.897,38.82,39.31,1,8.8,332,False,-80.33,5.16,-50.27,-56.21,-53.8,-55.39,-54.37,1.8037,2.0485,1.9414,2.0108,1.9659,2870630,1255,2026-08-14,42.66,231707950.0
NYSE:XHR,XHR,"Xenia Hotels & Resorts, Inc.",Real Estate,REIT - Hotel & Motel,United States,NYSE,1767430199.0,19.16,38.84,44.32,1,8.8,333,False,-12.19,59.9,18.96,23.35,35.59,42.12,45.17,16.1056,15.5334,14.1303,13.4815,13.1986,14648887,1254,2026-08-14,37.16,92245835.0
NASDAQ:PROF,PROF,Profound Medical Corp.,Healthcare,Medical Devices,Canada,NASDAQ,240918533.0,6.63,38.85,43.28,1,8.8,334,False,-23.35,71.32,-3.17,2.65,0.08,-9.91,-15.89,6.8471,6.4591,6.6247,7.3597,7.8824,906492,1254,2026-08-14,39.41,36337637.0
NASDAQ:CCB,CCB,Coastal Financial Corporation,Financial Services,Banks - Regional,United States,NASDAQ,801777752.0,52.47,38.87,37.65,1,8.9,335,False,-55.9,31.47,-39.24,-42.47,-38.3,-25.89,-17.42,86.3602,91.2058,85.0363,70.802,63.5351,20062883,1254,2026-08-14,35.25,15280689.0
NASDAQ:CYTK,CYTK,"Cytokinetics, Incorporated",Healthcare,Biotechnology,United States,NASDAQ,10064674059.0,74.13,38.87,42.87,1,8.9,336,True,-15.05,109.82,7.69,13.91,34.9,35.6,44.48,68.8343,65.0757,54.9508,54.67,51.3081,148954946,1255,2026-08-14,36.76,135770593.0
NYSE:SHO,SHO,"Sunstone Hotel Investors, Inc. Sunstone Hotel Investors, Inc.",Real Estate,REIT - Hotel & Motel,United States,NYSE,2038026494.0,10.94,38.87,43.23,1,8.9,337,False,-7.68,27.67,11.49,13.31,14.62,15.64,16.69,9.813,9.6548,9.5443,9.4608,9.3752,29233840,1255,2026-08-14,37.08,186291270.0
NYSE:BBBY,BBBY,"Bed Bath & Beyond, Inc.",,,,NYSE,414399601.0,4.35,38.9,41.05,1,9.0,338,False,-64.08,2.84,-22.99,-32.44,-36.13,-62.48,-70.18,5.6484,6.4388,6.8109,11.5953,14.5854,12377035,1255,2026-08-14,40.19,95264276.0
NYSE:CNP,CNP,"CenterPoint Energy, Inc (Holding Co)",Utilities,Utilities - Regulated Electric,United States,NYSE,26895549359.0,40.83,38.9,41.19,1,9.0,339,True,-9.35,11.23,-0.83,0.82,12.16,23.01,28.79,41.1704,40.4988,36.403,33.1932,31.7036,267797708,1255,2026-08-14,34.72,658720288.0
NASDAQ:TONX,TONX,TON Strategy Company,Technology,Software - Application,United States,NASDAQ,152067360.0,2.69,38.96,42.66,1,9.0,340,False,-88.02,49.44,-6.63,-37.55,-57.16,-89.8,-99.33,2.881,4.3075,6.2789,26.3804,404.4815,931909,1254,2026-08-14,44.27,56530617.0
NASDAQ:FRVO,FRVO,Fervo Energy Company,Utilities,Utilities - Renewable,United States,NASDAQ,5668344945.0,19.76,38.99,40.21,1,9.1,341,False,-53.51,15.69,,,,,,,,,,,67693914,65,2026-08-14,40.06,286859562.0
NASDAQ:IPSC,IPSC,"Century Therapeutics, Inc.",Healthcare,Biotechnology,United States,NASDAQ,346281233.0,1.92,38.99,41.37,1,9.1,342,False,-34.69,312.9,5.12,23.24,52.51,6.59,-33.88,1.8265,1.558,1.259,1.8013,2.904,1352883,1254,2026-08-14,39.5,180354809.0
NYSE:WEAV,WEAV,"Weave Communications, Inc.",Healthcare,Health Information Services,United States,NYSE,434428367.0,5.46,38.99,42.24,1,9.1,343,False,-32.43,24.94,-8.98,-12.9,-39.87,-41.91,-36.38,5.9989,6.269,9.0802,9.3993,8.5817,7441839,1192,2026-08-14,36.47,79565635.0
NYSE:AMRZ,AMRZ,Amrize Ltd,Basic Materials,Building Materials,Switzerland,NYSE,25844624274.0,46.69,39.0,41.25,1,9.1,344,False,-28.4,0.86,-12.95,-11.72,,,,53.6342,52.8867,,,,166722829,288,2026-08-14,39.17,553536609.0
NYSE:SAH,SAH,"Sonic Automotive, Inc.",Consumer Cyclical,Auto & Truck Dealerships,United States,NYSE,1583090064.0,80.83,39.03,42.99,1,9.1,345,True,-28.25,40.25,13.39,11.82,18.43,29.81,39.03,71.2849,72.2845,68.2509,62.268,58.1396,28764705,1255,2026-08-14,36.32,19585427.0
AMEX:VENU,VENU,Venu Holding Corporation,Consumer Cyclical,Restaurants,United States,AMEX,113813459.0,1.98,39.03,39.38,1,9.1,346,False,-89.06,2.59,-64.3,-72.32,,,,5.5463,7.1543,,,,859886,428,2026-08-14,41.04,57481545.0
NYSE:AGCO,AGCO,AGCO Corporation,Industrials,Farm & Heavy Construction Machinery,United States,NYSE,7096315100.0,101.33,39.11,40.6,1,9.2,347,True,-27.47,2.2,-11.04,-10.13,-2.84,-4.13,-5.97,113.9059,112.7526,104.292,105.6937,107.7665,97501461,1255,2026-08-14,34.66,70031729.0
NYSE:KRC,KRC,Kilroy Realty Corporation,Real Estate,REIT - Office,United States,NYSE,4223179354.0,36.31,39.15,43.77,1,9.2,348,False,-13.2,34.19,3.67,1.12,5.12,10.4,12.84,35.0239,35.9063,34.5423,32.8883,32.1775,50681680,1255,2026-08-14,42.8,116308988.0
NYSE:RM,RM,Regional Management Corp.,Financial Services,Credit Services,United States,NYSE,312890000.0,33.5,39.16,40.83,1,9.2,349,False,-24.53,9.45,-8.13,-9.84,-0.32,10.47,14.08,36.4651,37.1551,33.6076,30.3255,29.3652,3721166,1254,2026-08-14,35.61,9340000.0
NYSE:GOOS,GOOS,Canada Goose Holdings Inc. Subordinate Voting Shares,Consumer Cyclical,Apparel Manufacturing,Canada,NYSE,407787634.0,8.74,39.17,40.0,1,9.3,350,False,-42.12,1.98,-23.43,-25.89,-21.31,-24.79,-34.35,11.4142,11.7932,11.1076,11.6206,13.3121,7564225,1254,2026-08-14,37.82,46657624.0
NYSE:SOC,SOC,Sable Offshore Corp.,Energy,Oil & Gas Drilling,United States,NYSE,795557374.0,4.15,39.17,37.91,1,9.3,351,True,-86.06,34.74,-57.22,-65.72,-76.67,-73.81,-71.19,9.7014,12.1072,17.7883,15.8476,14.405,34923099,1255,2026-08-14,37.44,191700572.0
NYSE:AAT,AAT,"American Assets Trust, Inc.",Real Estate,REIT - Diversified,United States,NYSE,1397871613.0,22.77,39.2,42.41,1,9.3,352,False,-11.91,32.37,12.23,13.56,10.68,14.68,15.53,20.2887,20.0519,20.5721,19.856,19.7097,9760249,1255,2026-08-14,41.15,61390936.0
NASDAQ:ACIC,ACIC,American Coastal Insurance Corporation,Financial Services,Insurance - Property & Casualty,United States,NASDAQ,477855503.0,9.86,39.23,41.45,1,9.4,353,True,-19.55,1.02,-11.32,-10.61,-9.62,-4.05,19.71,11.1192,11.03,10.909,10.2762,8.2363,2911460,1255,2026-08-14,36.96,48464047.0
NYSE:POST,POST,"Post Holdings, Inc.",Consumer Defensive,Packaged Foods,United States,NYSE,3668863337.0,80.95,39.23,40.44,1,9.4,354,True,-29.37,6.19,-17.59,-19.16,-23.7,-21.34,-18.52,98.2288,100.1363,106.1005,102.9118,99.3483,90998808,1255,2026-08-14,38.32,45322586.0
NYSE:TGS,TGS,Transportadora de Gas del Sur SA TGS,Energy,Oil & Gas Integrated,Argentina,NYSE,1953334773.0,28.1,39.24,42.09,1,9.4,355,True,-20.44,39.66,-8.38,-3.86,1.98,20.79,40.38,30.6698,29.2297,27.5536,23.2642,20.0172,5833719,1255,2026-08-14,37.52,69513693.0
NASDAQ:VRCA,VRCA,Verrica Pharmaceuticals Inc.,Healthcare,Biotechnology,United States,NASDAQ,85378566.0,4.97,39.25,41.45,1,9.4,356,True,-45.38,51.52,-19.03,-15.29,-37.32,-79.59,-83.63,6.1383,5.867,7.9286,24.3489,30.3548,205138,1254,2026-08-14,36.08,17178786.0
NYSE:OHI,OHI,"Omega Healthcare Investors, Inc.",Real Estate,REIT - Healthcare Facilities,United States,NYSE,13917634830.0,46.53,39.26,43.83,1,9.5,357,False,-8.81,25.22,3.77,6.56,18.79,32.78,45.49,44.8377,43.6671,39.1705,35.0429,31.9816,96855961,1255,2026-08-14,34.66,299111000.0
NYSE:MITT,MITT,"TPG Mortgage Investment Trust, Inc.",Real Estate,REIT - Mortgage,United States,NYSE,214991491.0,6.76,39.29,39.92,1,9.5,358,False,-21.81,6.96,-10.54,-8.39,0.92,12.37,23.56,7.5565,7.3793,6.6982,6.0158,5.4712,1924220,1255,2026-08-14,37.92,31803475.0
NYSE:FRT,FRT,Federal Realty Investment Trust,Real Estate,REIT - Retail,United States,NYSE,10227617033.0,118.39,39.3,43.39,1,9.5,359,False,-6.87,31.78,9.63,12.33,16.68,21.41,24.98,107.9912,105.3933,101.4644,97.5086,94.7286,115457703,1255,2026-08-14,40.76,86389197.0
NASDAQ:NXPI,NXPI,NXP Semiconductors N.V.,Technology,Semiconductors,Netherlands,NASDAQ,59185453280.0,234.71,39.34,40.7,1,9.5,360,True,-29.21,29.1,-2.52,-0.9,4.67,5.35,12.7,240.7724,236.8408,224.2447,222.7987,208.2603,1093431608,1255,2026-08-14,37.27,252164174.0
NYSE:IVT,IVT,InvenTrust Properties Corp.,Real Estate,REIT - Retail,United States,NYSE,2620982871.0,33.63,39.35,43.26,1,9.6,361,False,-8.44,26.39,8.62,10.81,16.27,24.83,31.86,30.96,30.3488,28.9236,26.9414,25.5035,21518490,1254,2026-08-14,38.43,77935857.0
NASDAQ:TEAD,TEAD,Teads Holding Co.,Communication Services,Internet Content & Information,United States,NASDAQ,66051164.0,0.681,39.35,41.09,1,9.6,362,True,-64.9,16.21,-18.96,-32.68,-75.15,-79.44,-81.01,0.8404,1.0116,2.7406,3.3129,3.5862,110627,1254,2026-08-14,35.3,96991430.0
NYSE:FMX,FMX,Fomento Economico Mexicano S.A.B. de C.V.,Consumer Defensive,Beverages - Brewers,Mexico,NYSE,40292397220.0,118.27,39.37,42.74,1,9.6,363,True,-10.5,45.58,7.37,11.74,20.4,16.68,24.4,110.1568,105.8473,98.2341,101.3654,95.0742,64080353,1255,2026-08-14,35.1,340681468.0
NASDAQ:JXG,JXG,JX Luxventure Group Inc.,Consumer Cyclical,Apparel Manufacturing,China,NASDAQ,85625127.0,7.1,39.39,42.44,1,9.6,364,False,-56.57,107.0,13.06,-9.99,-60.77,-62.35,-82.11,6.2798,7.8881,18.0991,18.8569,39.6973,13185,1254,2026-08-14,39.39,12059877.0
NYSE:TWI,TWI,"Titan International, Inc. (DE)",Industrials,Farm & Heavy Construction Machinery,United States,NYSE,445342229.0,6.9,39.4,42.1,1,9.7,365,True,-39.47,4.07,-14.88,-15.03,-14.21,-25.37,-32.35,8.1058,8.1204,8.0425,9.2461,10.1989,3813565,1255,2026-08-14,36.42,64542352.0
NASDAQ:DJT,DJT,Trump Media & Technology Group Corp.,Communication Services,Internet Content & Information,United States,NASDAQ,2290408158.0,8.27,39.46,43.56,1,9.7,366,False,-55.3,17.14,-21.28,-30.17,-55.04,-62.76,-60.46,10.5062,11.8428,18.3932,22.2046,20.9179,45296304,1223,2026-08-14,39.72,276953828.0
NYSE:DOLE,DOLE,Dole plc,Consumer Defensive,Farm Products,Ireland,NYSE,1265614035.0,13.3,39.49,41.66,1,9.7,367,False,-17.79,6.13,-8.08,-6.77,-6.91,-0.37,6.04,14.4697,14.2663,14.287,13.3499,12.5428,14700805,1254,2026-08-14,40.34,95158950.0
NASDAQ:MLYS,MLYS,"Mineralys Therapeutics, Inc.",Healthcare,Biotechnology,United States,NASDAQ,2260383402.0,25.64,39.51,43.42,1,9.7,368,False,-45.83,81.46,-16.61,-18.03,15.97,38.65,,30.7468,31.2801,22.1091,18.4932,,18141525,880,2026-08-14,42.72,88158479.0
NYSE:NNI,NNI,"Nelnet, Inc.",Financial Services,Credit Services,United States,NYSE,3235303901.0,127.79,39.52,42.59,1,9.8,369,False,-11.17,4.99,-2.85,-2.12,5.67,15.18,21.26,131.5417,130.5628,120.9352,110.952,105.3849,16221146,1255,2026-08-14,37.93,25317348.0
NYSE:BLND,BLND,"Blend Labs, Inc.",Technology,Software - Application,United States,NYSE,355901804.0,1.49,39.57,42.54,1,9.8,370,False,-65.9,7.97,-30.24,-38.85,-51.72,-46.46,-40.18,2.1358,2.4365,3.0861,2.783,2.4908,4231982,1254,2026-08-14,41.74,238860271.0
NASDAQ:GTX,GTX,Garrett Motion Inc.,Consumer Cyclical,Auto Parts,United States,NASDAQ,5408309006.0,29.0,39.61,43.09,1,9.8,371,True,-19.96,134.81,26.27,38.56,92.69,126.24,153.75,22.967,20.9303,15.0501,12.818,11.4284,69935092,1254,2026-08-14,37.46,186493414.0
NYSE:CMTG,CMTG,"Claros Mortgage Trust, Inc.",Real Estate,REIT - Mortgage,United States,NYSE,256773255.0,1.82,39.69,40.13,1,9.9,372,False,-53.92,7.06,-30.51,-35.06,-50.46,-67.83,-74.62,2.6191,2.8024,3.6739,5.6578,7.1723,1344826,1198,2026-08-14,43.02,141084206.0
NASDAQ:ABEO,ABEO,Abeona Therapeutics Inc.,Healthcare,Biotechnology,United States,NASDAQ,341400913.0,5.99,39.7,44.25,1,9.9,373,False,-19.71,43.65,11.14,8.44,5.81,9.94,21.28,5.3896,5.5239,5.6609,5.4484,4.9391,10508190,1255,2026-08-14,44.65,56995144.0
NYSE:ALIT,ALIT,"Alight, Inc.",Technology,Software - Application,United States,NYSE,363524444.0,13.8,39.74,43.17,1,9.9,374,False,-82.13,40.82,-44.13,-58.87,-82.39,-86.66,-88.43,24.7004,33.5496,78.3481,103.4508,119.2606,10510407,1254,2026-08-14,42.06,26342351.0
NASDAQ:BZFD,BZFD,"BuzzFeed, Inc.",Communication Services,Internet Content & Information,United States,NASDAQ,92352044.0,1.11,39.77,42.78,1,10.0,375,False,-46.89,95.77,4.99,-8.7,-40.12,-37.79,-56.25,1.0573,1.2158,1.8538,1.7841,2.5372,852043,1254,2026-08-14,41.84,83200040.0
NYSE:HDB,HDB,HDFC Bank Limited,Financial Services,Banks - Regional,India,NYSE,120005124878.0,23.37,39.77,41.62,1,10.0,376,True,-38.05,1.56,-20.31,-23.68,-26.41,-24.23,-24.73,29.3251,30.622,31.7577,30.8414,31.0475,222091615,1255,2026-08-14,34.75,5135007483.0
NASDAQ:SEZL,SEZL,Sezzle Inc.,Financial Services,Credit Services,United States,NASDAQ,4336540370.0,128.96,39.77,43.26,1,10.0,377,False,-31.6,153.01,37.63,40.2,64.72,,,93.6982,91.9845,78.2915,,,114812061,733,2026-08-14,40.1,33627019.0
NASDAQ:OFLX,OFLX,"Omega Flex, Inc.",Industrials,Specialty Industrial Machinery,United States,NASDAQ,289404212.0,28.67,39.78,42.98,1,10.0,378,False,-21.99,15.55,-5.3,-5.87,-16.02,-34.63,-48.86,30.2744,30.4563,34.1398,43.8583,56.0576,1284492,1255,2026-08-14,40.62,10094322.0
NASDAQ:LASR,LASR,"nLIGHT, Inc.",Technology,Semiconductors,United States,NASDAQ,2967098093.0,52.6,39.8,42.01,2,10.1,379,True,-38.08,102.62,-6.7,3.43,66.46,110.17,142.44,56.3784,50.8578,31.5998,25.0273,21.6964,82848076,1255,2026-08-14,37.28,56408709.0
NASDAQ:SNEX,SNEX,StoneX Group Inc.,Financial Services,Capital Markets,United States,NASDAQ,8116613006.0,67.1,39.8,41.78,2,10.1,380,True,-27.6,80.35,12.32,18.92,50.46,83.88,110.12,59.7407,56.4264,44.5974,36.4904,31.9342,77028024,1255,2026-08-14,39.14,120962936.0
NYSE:ADC,ADC,Agree Realty Corporation,Real Estate,REIT - Retail,United States,NYSE,8976487682.0,74.74,39.86,43.3,2,10.1,381,False,-7.55,10.24,0.6,1.87,4.6,14.11,16.86,74.297,73.3668,71.4517,65.501,63.959,99388503,1255,2026-08-14,41.4,120102859.0
NYSE:NGVC,NGVC,"Natural Grocers by Vitamin Cottage, Inc.",Consumer Defensive,Grocery Stores,United States,NYSE,648137310.0,28.13,39.88,42.53,2,10.1,382,False,-30.2,19.94,-0.11,-6.89,-17.13,0.63,19.91,28.1623,30.2125,33.9433,27.9542,23.459,4322845,1254,2026-08-14,39.37,23040786.0
NYSE:ATO,ATO,Atmos Energy Corporation,Utilities,Utilities - Regulated Gas,United States,NYSE,28363016154.0,169.92,39.96,42.68,2,10.2,383,False,-11.13,6.39,-2.84,-1.84,7.73,20.12,28.4,174.8927,173.1015,157.7271,141.4614,132.3385,174643377,1255,2026-08-14,40.05,166919822.0
NASDAQ:CALM,CALM,"Cal-Maine Foods, Inc.",Consumer Defensive,Farm Products,United States,NASDAQ,3804506017.0,81.09,39.96,44.64,2,10.2,384,False,-28.54,13.43,-0.67,-4.91,-5.53,10.54,22.95,81.6386,85.273,85.8392,73.3566,65.9547,82149852,1255,2026-08-14,43.32,46917080.0
NYSE:COOK,COOK,"Traeger, Inc.",Consumer Cyclical,"Furnishings, Fixtures & Appliances",United States,NYSE,163041708.0,58.61,40.0,44.06,2,10.2,385,False,-28.52,140.01,17.36,12.03,-31.69,-42.11,-51.27,49.9389,52.3146,85.7972,101.2437,120.2656,4458046,1254,2026-08-14,40.9,2781807.0
NYSE:SAFE,SAFE,Safehold Inc. New,Real Estate,REIT - Diversified,United States,NYSE,1092052530.0,15.25,40.0,44.06,2,10.2,386,False,-11.18,24.02,4.27,3.57,-5.56,-8.83,-30.43,14.6252,14.7246,16.1479,16.7265,21.9189,4558998,1255,2026-08-14,42.49,71610002.0
NASDAQ:LQDA,LQDA,Liquidia Corporation,Healthcare,Drug Manufacturers - Specialty & Generic,United States,NASDAQ,6619807690.0,74.44,40.05,45.84,2,10.2,387,True,-18.22,241.47,55.03,72.08,162.72,230.95,301.41,48.0173,43.2599,28.3347,22.4926,18.5447,140307342,1255,2026-08-14,36.27,88928099.0
NYSE:WBX,WBX,Wallbox N.V.,Technology,Electronic Components,Spain,NYSE,72546467.0,3.1,40.09,43.43,2,10.3,388,True,-56.88,32.48,-4.46,-13.21,29.92,43.02,5.53,3.2446,3.5717,2.3861,2.1676,2.9375,108985,1254,2026-08-14,37.33,23402086.0
NASDAQ:LFMD,LFMD,"LifeMD, Inc.",Healthcare,Health Information Services,United States,NASDAQ,166850660.0,3.45,40.12,41.28,2,10.3,389,False,-50.5,30.68,-14.03,-23.15,-39.96,-44.77,-34.61,4.0129,4.4894,5.7461,6.2469,5.2763,4226955,1255,2026-08-14,40.31,48362510.0
NASDAQ:CMTL,CMTL,Comtech Telecommunications Corp.,Technology,Communication Equipment,United States,NASDAQ,52732119.0,1.76,40.13,37.77,2,10.3,390,False,-70.57,8.64,-53.74,-50.23,-43.15,-58.04,-70.98,3.8048,3.5366,3.096,4.1942,6.0651,607879,1255,2026-08-14,40.13,29961431.0
NASDAQ:ALNY,ALNY,"Alnylam Pharmaceuticals, Inc.",Healthcare,Biotechnology,United States,NASDAQ,30595454831.0,228.65,40.14,39.62,2,10.4,391,False,-53.45,11.28,-32.09,-36.84,-28.46,-16.07,-10.71,336.7042,362.0189,319.5988,272.4301,256.0696,513113876,1255,2026-08-14,39.24,133809118.0
NASDAQ:HCSG,HCSG,"Healthcare Services Group, Inc.",Healthcare,Medical Care Facilities,United States,NASDAQ,1481769241.0,21.59,40.14,43.12,2,10.4,392,False,-14.7,43.74,5.41,10.23,36.76,52.65,54.09,20.482,19.5861,15.7867,14.1435,14.0116,19381748,1255,2026-08-14,34.38,68632202.0
NASDAQ:PTRN,PTRN,Pattern Group Inc. - Series A,Technology,Software - Application,United States,NASDAQ,3324570466.0,21.44,40.14,44.33,2,10.4,393,False,-27.07,123.57,31.35,,,,,16.3232,,,,,41853627,227,2026-08-14,46.02,155063921.0
NASDAQ:ANTA,ANTA,Antalpha Platform Holding Company,Financial Services,Credit Services,Singapore,NASDAQ,85971348.0,3.58,40.15,38.22,2,10.4,394,False,-73.58,17.34,-55.3,-59.65,,,,8.0084,8.8726,,,,20267,315,2026-08-14,45.94,24014343.0
NYSE:AIN,AIN,Albany International Corporation,Consumer Cyclical,Textile Manufacturing,United States,NYSE,1839386450.0,64.87,40.16,42.63,2,10.5,395,False,-14.97,58.99,10.46,10.85,-1.58,-10.4,-15.38,58.726,58.5193,65.9102,72.3972,76.6612,21476699,1255,2026-08-14,37.66,28354963.0
NASDAQ:ANDE,ANDE,"The Andersons, Inc.",Consumer Defensive,Food Distribution,United States,NASDAQ,2244162290.0,65.9,40.19,42.28,2,10.5,396,True,-18.51,75.75,1.75,10.16,30.42,30.56,39.62,64.7636,59.8214,50.5273,50.4767,47.198,24086300,1255,2026-08-14,38.11,34054056.0
NYSE:NABL,NABL,"N-able, Inc.",Technology,Information Technology Services,United States,NYSE,648021318.0,3.44,40.23,42.74,2,10.5,397,False,-59.53,14.67,-36.13,-41.84,-55.53,-63.99,-65.99,5.386,5.9149,7.7361,9.5536,10.1142,9073325,1255,2026-08-14,42.92,188378290.0
NASDAQ:TLNC,TLNC,Talon Capital Corp.,Financial Services,Shell Companies,United States,NASDAQ,262439380.0,10.22,40.23,42.78,2,10.5,398,False,-1.54,3.23,0.35,,,,,10.1838,,,,,246688,213,2026-08-14,40.23,25679000.0
NYSE:GLAS,GLAS,Glass House Brands Inc. Subordinate Voting Shares,Healthcare,Drug Manufacturers - Specialty & Generic,United States,NYSE,785150093.0,9.41,40.28,42.34,2,10.6,399,False,-30.72,77.25,3.21,6.62,21.88,30.33,52.46,9.1172,8.826,7.7208,7.2199,6.172,3636272,1254,2026-08-14,45.25,83437842.0
NASDAQ:KVHI,KVHI,"KVH Industries, Inc.",Communication Services,Telecom Services,United States,NASDAQ,155592053.0,7.98,40.29,42.52,2,10.6,400,False,-31.74,51.71,0.88,7.0,25.91,35.8,16.01,7.9104,7.4582,6.3381,5.8765,6.8788,1636564,1255,2026-08-14,39.0,19497751.0
NYSE:AXR,AXR,AMREP Corporation,Real Estate,Real Estate - Development,United States,NYSE,119420029.0,22.51,40.3,40.74,2,10.6,401,True,-20.71,19.73,-5.88,-5.45,-9.61,-2.94,8.13,23.9171,23.8077,24.9033,23.191,20.8181,313482,1255,2026-08-14,36.45,5305199.0
NASDAQ:PODD,PODD,Insulet Corporation,Healthcare,Medical Devices,United States,NASDAQ,9928398371.0,143.34,40.33,42.2,2,10.6,402,False,-59.37,7.56,-35.84,-41.44,-43.77,-37.85,-41.31,223.407,244.7793,254.9395,230.6283,244.2175,258226051,1255,2026-08-14,42.66,69264674.0
NYSE:BTI,BTI,"British American Tobacco Industries, p.l.c. Common Stock ADR",Consumer Defensive,Tobacco,United Kingdom,NYSE,123074184550.0,57.06,40.34,42.81,2,10.7,403,False,-13.26,18.03,-1.08,1.14,21.34,42.61,53.79,57.682,56.4157,47.0251,40.0116,37.1032,234104786,1255,2026-08-14,41.29,2156925772.0
NASDAQ:AXSM,AXSM,"Axsome Therapeutics, Inc.",Healthcare,Biotechnology,United States,NASDAQ,10995408201.0,213.67,40.35,42.71,2,10.7,404,False,-16.26,96.48,13.03,22.17,54.33,81.7,104.32,189.0461,174.8996,138.4491,117.5978,104.5758,165367389,1254,2026-08-14,40.36,51459766.0
NASDAQ:OLMA,OLMA,"Olema Pharmaceuticals, Inc.",Healthcare,Biotechnology,United States,NASDAQ,928503617.0,10.63,40.35,42.18,2,10.7,405,False,-70.33,102.09,-39.46,-31.85,-6.52,-9.06,6.84,17.5596,15.5981,11.3709,11.6893,9.9494,10293145,1254,2026-08-14,38.79,87347471.0
NYSE:KMT,KMT,Kennametal Inc.,Industrials,Tools & Accessories,United States,NYSE,2379279416.0,31.22,40.36,42.16,2,10.8,406,True,-26.99,56.43,-6.79,1.04,16.64,22.8,25.12,33.4931,30.9001,26.767,25.4226,24.9514,48524735,1255,2026-08-14,35.31,76210103.0
NASDAQ:ELTX,ELTX,"Elicio Therapeutics, Inc.",Healthcare,Biotechnology,United States,NASDAQ,81157132.0,3.09,40.48,39.26,2,10.8,407,False,-79.19,11.96,-63.75,-65.62,-59.68,-58.06,-60.02,8.5239,8.9869,7.6635,7.3674,7.7292,908744,1254,2026-08-14,41.42,26264444.0
NASDAQ:OWLS,OWLS,OBOOK Holdings Inc.,Technology,Software - Infrastructure,Taiwan,NASDAQ,201231187.0,5.32,40.48,41.58,2,10.8,408,False,-90.42,1.62,-15.91,,,,,6.3269,,,,,122020,207,2026-08-14,43.85,37825411.0
NASDAQ:HUMA,HUMA,"Humacyte, Inc.",Healthcare,Biotechnology,United States,NASDAQ,163131084.0,0.605,40.5,41.65,2,10.8,409,True,-75.6,10.0,-39.39,-46.74,-75.12,-79.79,-80.27,0.9981,1.136,2.432,2.9941,3.0664,4346571,1255,2026-08-14,33.6,269638156.0
NASDAQ:BCAX,BCAX,Bicara Therapeutics Inc.,Healthcare,Biotechnology,United States,NASDAQ,1595289866.0,24.28,40.51,44.37,2,10.9,410,True,-20.13,132.57,19.57,28.11,,,,20.3053,18.9523,,,,15360524,480,2026-08-14,37.0,65703866.0
NASDAQ:DHC,DHC,Diversified Healthcare Trust - Common Shares of Beneficial Interest,Real Estate,REIT - Healthcare Facilities,United States,NASDAQ,2028856040.0,8.38,40.53,43.76,2,10.9,411,False,-13.07,150.3,20.69,31.84,80.72,112.16,155.38,6.9435,6.356,4.637,3.9499,3.2814,17019927,1255,2026-08-14,40.28,242106926.0
NASDAQ:XRAY,XRAY,DENTSPLY SIRONA Inc.,Healthcare,Medical Instruments & Supplies,United States,NASDAQ,2321786256.0,11.59,40.54,44.96,2,10.9,412,False,-21.05,20.23,-1.37,-3.57,-22.32,-41.19,-49.47,11.751,12.019,14.9196,19.7079,22.9366,65696183,1255,2026-08-14,40.42,200326683.0
NASDAQ:NAGE,NAGE,"Niagen Bioscience, Inc.",Healthcare,Biotechnology,United States,NASDAQ,240525868.0,3.02,40.55,41.5,2,10.9,413,False,-70.51,2.03,-39.02,-47.63,-52.98,-39.67,-27.31,4.9527,5.7663,6.4232,5.0054,4.1544,2327231,1255,2026-08-14,41.53,79644327.0
NYSE:CAAP,CAAP,Corporacion America Airports SA,Industrials,Airports & Air Services,Luxembourg,NYSE,3995691867.0,24.48,40.57,43.77,2,11.0,414,False,-19.34,39.97,-4.82,0.32,13.28,25.53,44.09,25.7188,24.4013,21.6097,19.502,16.9897,4014486,1254,2026-08-14,43.66,163222707.0
NASDAQ:BBCP,BBCP,"Concrete Pumping Holdings, Inc.",Industrials,Engineering & Construction,United States,NASDAQ,483776832.0,9.6,40.58,44.5,2,11.0,415,True,-20.33,67.54,23.26,25.98,39.79,41.41,44.11,7.7887,7.6205,6.8674,6.7889,6.6616,1413518,1254,2026-08-14,36.09,50393420.0
NASDAQ:EVCM,EVCM,EverCommerce Inc.,Technology,Software - Application,United States,NASDAQ,1803127643.0,10.19,40.58,44.57,2,11.0,416,False,-23.96,26.9,-6.18,-7.01,-5.1,-2.7,-2.05,10.8617,10.9583,10.7375,10.4731,10.403,1618368,1254,2026-08-14,39.44,176950701.0
AMEX:LCTX,LCTX,"Lineage Cell Therapeutics, Inc.",Healthcare,Biotechnology,United States,AMEX,266749176.0,1.07,40.59,41.2,2,11.0,417,True,-45.41,4.9,-29.61,-29.17,-4.08,-4.39,-9.14,1.52,1.5106,1.1155,1.1191,1.1777,1065915,1255,2026-08-14,38.91,249298295.0
NASDAQ:THCH,THCH,TH International Limited,Consumer Cyclical,Restaurants,China,NASDAQ,50938081.0,1.59,40.64,43.3,2,11.1,418,False,-41.97,9.66,-23.52,-26.98,-40.74,-62.08,-81.92,2.0788,2.1774,2.6831,4.1927,8.7931,11669,1254,2026-08-14,41.15,32036529.0
NASDAQ:ANGI,ANGI,Angi Inc.,Communication Services,Internet Content & Information,United States,NASDAQ,190914636.0,4.72,40.65,42.07,2,11.1,419,False,-74.43,9.01,-45.36,-53.91,-67.41,-72.43,-76.41,8.6377,10.24,14.4813,17.1186,20.0123,4344453,1255,2026-08-14,41.87,40448016.0
NYSE:DLX,DLX,Deluxe Corporation,Industrials,Conglomerates,United States,NYSE,1101106667.0,24.05,40.75,44.12,2,11.1,420,False,-23.65,39.47,-1.61,3.61,19.57,24.76,33.0,24.4443,23.2121,20.1135,19.2766,18.0832,10224603,1255,2026-08-14,41.96,45784061.0
NASDAQ:GIII,GIII,"G-III Apparel Group, LTD.",Consumer Cyclical,Apparel Manufacturing,United States,NASDAQ,1430260425.0,33.9,40.75,46.16,2,11.1,421,False,-7.91,36.61,10.3,13.43,17.71,19.74,32.65,30.7338,29.8871,28.7985,28.3113,25.5553,13890390,1255,2026-08-14,39.77,42190573.0
NASDAQ:QTEX,QTEX,QTREX Quantum Ltd.,Technology,Computer Hardware,Israel,NASDAQ,54594596.0,0.98,40.75,43.6,2,11.1,422,False,-68.18,223.43,3.48,-1.75,-2.39,-14.49,-19.53,0.947,0.9975,1.004,1.1461,1.2178,2149767,1255,2026-08-14,41.82,55708771.0
NYSE:CTRI,CTRI,"Centuri Holdings, Inc.",Utilities,Utilities - Regulated Gas,United States,NYSE,2384076716.0,23.62,40.79,40.94,2,11.2,423,True,-43.49,21.94,-16.34,-11.65,2.85,,,28.2323,26.7347,22.9648,,,54647926,581,2026-08-14,38.05,100934662.0
NASDAQ:KDK,KDK,"Kodiak AI, Inc.",Technology,Software - Infrastructure,United States,NASDAQ,803506754.0,4.16,40.84,39.28,2,11.2,424,True,-61.9,3.48,-44.51,,,,,7.497,,,,,4041231,223,2026-08-14,39.04,193150662.0
NASDAQ:MIRM,MIRM,"Mirum Pharmaceuticals, Inc.",Healthcare,Biotechnology,United States,NASDAQ,6137150685.0,100.64,40.85,43.32,2,11.3,425,True,-21.72,57.0,7.3,12.54,49.79,84.55,115.15,93.7969,89.4247,67.1876,54.5321,46.7773,79010524,1254,2026-08-14,37.88,60981227.0
NASDAQ:HIT,HIT,"Health In Tech, Inc.",Technology,Software - Application,United States,NASDAQ,54103831.0,1.005,40.86,43.48,2,11.3,426,False,-73.34,16.05,-28.08,-42.92,,,,1.3974,1.7607,,,,71550,410,2026-08-14,46.48,53834658.0
NASDAQ:NFE,NFE,New Fortress Energy Inc.,Energy,Oil & Gas Midstream,United States,NASDAQ,92545627.0,0.324,40.86,39.98,2,11.3,427,False,-88.87,0.31,-63.13,-71.47,-93.39,-97.51,-98.28,0.8788,1.1357,4.9024,13.0008,18.8889,565716,1255,2026-08-14,41.36,285634650.0
NYSE:ARCO,ARCO,Arcos Dorados Holdings Inc. Class A Shares,Consumer Cyclical,Restaurants,Uruguay,NYSE,1033544781.0,7.91,40.87,43.12,2,11.3,428,False,-16.05,22.18,-1.28,2.0,2.78,-6.08,-3.48,8.0126,7.7549,7.6962,8.4221,8.195,8928881,1255,2026-08-14,47.13,130663057.0
NYSE:CARR,CARR,Carrier Global Corporation,Industrials,Building Products & Equipment,United States,NYSE,52143838956.0,62.78,40.88,43.26,2,11.4,429,False,-17.1,26.09,3.29,3.36,-3.39,1.47,10.45,60.783,60.7403,64.9859,61.8708,56.8384,459405190,1254,2026-08-14,42.44,830580423.0
NASDAQ:ODD,ODD,ODDITY Tech Ltd.,Consumer Defensive,Household & Personal Products,Israel,NASDAQ,453311733.0,13.11,40.9,43.88,2,11.4,430,False,-79.41,33.64,-45.15,-57.75,-67.65,-67.07,,23.8994,31.0327,40.5262,39.816,,10269333,771,2026-08-14,41.94,34577554.0
NASDAQ:QSI,QSI,Quantum-Si Incorporated,Healthcare,Medical Devices,United States,NASDAQ,146388771.0,0.74,40.9,42.08,2,11.4,431,False,-71.86,5.41,-30.68,-36.48,-43.47,-47.61,-54.8,1.0676,1.1649,1.309,1.4125,1.6371,2159729,1255,2026-08-14,46.78,197822663.0
NASDAQ:TROW,TROW,"T. Rowe Price Group, Inc.",Financial Services,Asset Management,United States,NASDAQ,23689315959.0,110.56,40.91,45.85,2,11.4,432,False,-9.14,29.81,9.29,9.35,11.53,12.37,12.92,101.1626,101.1033,99.1335,98.3889,97.9126,223133710,1255,2026-08-14,42.43,214266606.0
NYSE:CVS,CVS,CVS Health Corporation,Healthcare,Healthcare Plans,United States,NYSE,123969097148.0,97.16,40.92,44.62,2,11.5,433,False,-11.61,50.22,15.24,18.47,39.52,44.76,40.78,84.3126,82.0115,69.6366,67.118,69.0141,853506160,1255,2026-08-14,33.83,1275927307.0
NYSE:HUN,HUN,Huntsman Corporation,Basic Materials,Chemicals,United States,NYSE,1806468322.0,10.3,40.95,41.6,2,11.5,434,False,-35.18,41.74,-12.45,-8.75,-22.81,-36.08,-42.73,11.7641,11.2876,13.3433,16.1135,17.9834,40340525,1255,2026-08-14,41.13,175385274.0
NASDAQ:KNDI,KNDI,"Kandi Technologies Group, Inc.",Consumer Cyclical,Recreational Vehicles,China,NASDAQ,63261680.0,0.63,40.96,42.76,2,11.5,435,False,-61.82,3.28,-26.4,-34.03,-44.43,-61.47,-67.47,0.856,0.955,1.1337,1.6349,1.9366,552657,1255,2026-08-14,42.87,100415365.0
NASDAQ:DRVN,DRVN,Driven Brands Holdings Inc.,Consumer Cyclical,Auto & Truck Dealerships,United States,NASDAQ,2134530174.0,12.94,40.97,43.68,2,11.6,436,False,-32.64,25.63,-7.33,-11.13,-15.78,-11.52,-28.69,13.9631,14.5604,15.3639,14.6255,18.1474,9772578,1254,2026-08-14,40.11,164955964.0
NYSE:VIK,VIK,Viking Holdings Ltd,Consumer Cyclical,Travel Services,Bermuda,NYSE,31198644140.0,97.99,40.97,46.67,2,11.6,437,False,-9.49,71.67,22.7,28.91,62.91,,,79.8634,76.0167,60.1492,,,221889722,573,2026-08-14,60.55,318386000.0
NYSE:FVRR,FVRR,"Fiverr International Ltd. Ordinary Shares, no par value",Communication Services,Internet Content & Information,Israel,NYSE,323916059.0,9.01,40.98,42.35,2,11.6,438,False,-66.22,4.04,-34.87,-43.13,-58.86,-60.4,-64.3,13.8335,15.8419,21.9013,22.7504,25.2391,9643166,1255,2026-08-14,41.07,35950728.0
NYSE:FMC,FMC,FMC Corporation,Basic Materials,Agricultural Inputs,United States,NYSE,1271052416.0,10.15,41.0,42.01,2,11.6,439,False,-74.17,1.4,-25.96,-43.13,-68.19,-74.52,-81.65,13.7096,17.8473,31.9129,39.8311,55.3001,40298958,1255,2026-08-14,41.1,125226839.0
NYSE:LUV,LUV,Southwest Airlines Company,Industrials,Airlines,United States,NYSE,21652354976.0,44.26,41.0,44.52,2,11.6,440,False,-18.53,51.13,4.94,10.54,26.0,36.62,37.09,42.1755,40.0412,35.126,32.3958,32.2848,244939172,1255,2026-08-14,43.05,489208201.0
NYSE:FUN,FUN,Six Flags Entertainment Corporation Common Stock New,Consumer Cyclical,Leisure,United States,NYSE,1676144649.0,16.4,41.02,41.81,2,11.7,441,False,-38.67,27.83,-8.8,-14.07,-43.57,-50.31,-52.9,17.9833,19.0859,29.0619,33.0068,34.8212,40187309,1255,2026-08-14,42.5,102203942.0
NYSE:AKR,AKR,Acadia Realty Trust,Real Estate,REIT - Retail,United States,NYSE,2863328332.0,20.85,41.04,43.72,2,11.7,442,False,-8.23,14.78,1.68,3.17,2.38,12.21,22.27,20.5046,20.2091,20.3644,18.5812,17.0521,29292179,1255,2026-08-14,40.86,137329896.0
NYSE:PLOW,PLOW,"Douglas Dynamics, Inc.",Consumer Cyclical,Auto Parts,United States,NYSE,977733118.0,42.28,41.04,42.95,2,11.7,443,True,-21.99,46.0,4.19,9.43,32.8,44.7,45.35,40.5778,38.6362,31.8383,29.2183,29.0885,16262511,1255,2026-08-14,39.24,23125192.0
NASDAQ:ITRN,ITRN,Ituran Location and Control Ltd.,Technology,Scientific & Technical Instruments,Israel,NASDAQ,1056061781.0,53.39,41.09,41.97,2,11.8,444,False,-18.92,73.53,7.57,15.01,38.72,59.89,78.44,49.6326,46.4233,38.4883,33.3912,29.9211,9401360,1255,2026-08-14,42.16,19780142.0
NASDAQ:RIOT,RIOT,"Riot Platforms, Inc.",Financial Services,Capital Markets,United States,NASDAQ,7190545638.0,19.015,41.13,43.0,2,11.8,445,False,-33.72,67.83,2.77,4.26,35.11,44.12,57.77,18.5028,18.2373,14.074,13.1935,12.0522,489726395,1255,2026-08-14,41.76,378151230.0
AMEX:ROLR,ROLR,"High Roller Technologies, Inc.",Consumer Cyclical,Gambling,United States,AMEX,62632916.0,5.71,41.14,44.49,2,11.8,446,False,-75.96,313.77,11.72,22.78,,,,5.1111,4.6506,,,,462900,453,2026-08-14,42.01,10968987.0
NASDAQ:HUT,HUT,Hut 8 Corp.,Financial Services,Capital Markets,United States,NASDAQ,9620040929.0,85.44,41.16,43.34,2,11.8,447,True,-35.77,299.81,18.24,32.22,108.37,176.61,232.62,72.2579,64.6195,41.0045,30.888,25.6868,481674185,1255,2026-08-14,39.13,112594112.0
NASDAQ:INTR,INTR,Inter & Co. Inc.,Financial Services,Banks - Regional,Brazil,NASDAQ,1690734353.0,5.19,41.18,41.91,2,11.9,448,False,-48.52,2.77,-31.26,-33.25,-24.89,-17.95,-3.81,7.5503,7.7753,6.9102,6.3253,5.3954,30423741,1040,2026-08-14,41.89,325767698.0
NYSE:NVRI,NVRI,Enviri Corporation,Industrials,Waste Management,United States,NYSE,578656212.0,20.59,41.22,44.56,2,11.9,449,True,-13.7,110.53,8.43,17.55,58.88,81.85,100.22,18.9884,17.5154,12.9594,11.3228,10.2837,9065489,1255,2026-08-14,36.85,28103750.0
NASDAQ:MRLN,MRLN,"Merlin, Inc.",Industrials,Aerospace & Defense,United States,NASDAQ,362447815.0,3.755,41.23,41.08,2,11.9,450,False,-76.66,13.44,-57.5,-59.22,,,,8.8345,9.2077,,,,5258887,426,2026-08-14,51.5,96524052.0
NYSE:BHR,BHR,Braemar Hotels & Resorts Inc.,Real Estate,REIT - Hotel & Motel,United States,NYSE,139419016.0,2.03,41.24,42.88,2,12.0,451,True,-35.35,5.73,-19.96,-20.27,-20.02,-16.55,-24.72,2.5362,2.5462,2.5381,2.4325,2.6966,837632,1254,2026-08-14,40.29,68679318.0
NASDAQ:VTRS,VTRS,Viatris Inc.,Healthcare,Drug Manufacturers - Specialty & Generic,United States,NASDAQ,18900689574.0,16.23,41.24,45.56,2,12.0,452,True,-9.13,75.77,14.77,22.37,40.55,47.94,55.47,14.1415,13.263,11.5476,10.9707,10.4392,189929535,1255,2026-08-14,37.56,1164552654.0
NYSE:PEG,PEG,Public Service Enterprise Group Incorporated,Utilities,Utilities - Regulated Electric,United States,NYSE,37892359408.0,76.04,41.25,42.47,2,12.0,453,False,-11.08,1.98,-4.51,-4.69,-5.03,3.41,10.48,79.6286,79.7803,80.0669,73.5324,68.8266,215780934,1255,2026-08-14,40.45,498321402.0
NASDAQ:AIRG,AIRG,"Airgain, Inc.",Technology,Communication Equipment,United States,NASDAQ,69843548.0,5.51,41.3,41.4,2,12.0,454,True,-25.44,79.48,4.44,8.82,-2.51,4.24,-1.87,5.2756,5.0635,5.6519,5.2857,5.6151,459055,1254,2026-08-14,26.3,12675780.0
NYSE:BGSI,BGSI,Boyd Group Services Inc.,Consumer Cyclical,Auto & Truck Dealerships,Canada,NYSE,2645247583.0,95.05,41.32,43.11,2,12.0,455,True,-47.74,6.85,,,,,,,,,,,6478692,195,2026-08-14,36.54,27830064.0
NASDAQ:DAVE,DAVE,Dave Inc.,Technology,Software - Application,United States,NASDAQ,3814153204.0,334.57,41.36,45.35,2,12.1,456,False,-24.4,114.58,33.73,38.14,90.1,168.26,249.08,250.1797,242.1965,176.0013,124.7206,95.8436,176832806,1254,2026-08-14,41.13,11400165.0
NYSE:AVA,AVA,Avista Corporation,Utilities,Utilities - Diversified,United States,NYSE,3235294534.0,39.15,41.37,42.77,2,12.1,457,False,-7.73,14.12,-1.91,0.21,4.72,11.23,11.71,39.9105,39.0663,37.384,35.1971,35.0474,25044720,1255,2026-08-14,35.47,82638430.0
NYSE:LMND,LMND,"Lemonade, Inc.",Financial Services,Insurance - Property & Casualty,United States,NYSE,4070478436.0,52.64,41.38,42.98,2,12.1,458,False,-45.49,11.1,-19.75,-16.62,10.43,41.7,62.28,65.5984,63.1331,47.6673,37.1486,32.437,82721239,1255,2026-08-14,41.95,77326718.0
NASDAQ:XP,XP,XP Inc.,Financial Services,Capital Markets,Cayman Islands,NASDAQ,6564112883.0,15.82,41.38,43.94,2,12.1,459,False,-30.17,5.89,-11.58,-10.99,-5.37,-12.34,-9.3,17.8924,17.7741,16.7185,18.0475,17.4413,57541614,1254,2026-08-14,41.59,414924961.0
NASDAQ:EMPD,EMPD,Empery Digital Inc.,Consumer Cyclical,Auto Manufacturers,United States,NASDAQ,81238221.0,2.89,41.41,40.51,2,12.2,460,False,-72.53,14.68,-34.74,-42.86,-83.73,-99.99,-100.0,4.4284,5.058,17.7649,53491.6962,541101.6293,1403313,1218,2026-08-14,39.1,28110111.0
NASDAQ:VINP,VINP,Vinci Compass Investments Ltd.,Financial Services,Asset Management,Brazil,NASDAQ,486510188.0,9.53,41.42,43.43,2,12.2,461,True,-26.42,3.56,-13.06,-11.43,-4.33,-1.7,3.89,10.9622,10.7598,9.9613,9.6952,9.1735,331853,1254,2026-08-14,39.92,51050387.0
NYSE:FOA,FOA,Finance of America Companies Inc.,Financial Services,Credit Services,United States,NYSE,194459763.0,21.76,41.43,44.99,2,12.2,462,False,-24.55,35.58,0.47,-2.35,3.75,28.02,30.22,21.6572,22.2847,20.9727,16.9972,16.7102,1121882,1254,2026-08-14,44.55,8936570.0
NYSE:ABX,ABX,"Abacus Global Management, Inc.",Financial Services,Insurance - Life,United States,NYSE,889200342.0,9.27,41.44,43.72,2,12.3,463,True,-22.75,90.33,6.67,13.85,17.41,10.81,7.02,8.6903,8.1425,7.8952,8.3654,8.6619,5845808,1255,2026-08-14,29.02,95922367.0
NASDAQ:EXEL,EXEL,"Exelixis, Inc.",Healthcare,Biotechnology,United States,NASDAQ,12696333898.0,51.24,41.44,44.5,2,12.3,464,False,-10.26,48.35,10.11,14.07,27.67,50.09,70.33,46.5351,44.9217,40.1343,34.1393,30.0832,147221904,1255,2026-08-14,38.96,247781692.0
NYSE:GCO,GCO,Genesco Inc.,Consumer Cyclical,Apparel Retail,United States,NYSE,390854380.0,35.19,41.45,45.77,2,12.3,465,False,-17.63,60.32,10.48,11.6,17.01,18.92,9.3,31.8523,31.5336,30.0745,29.5904,32.1946,6777906,1255,2026-08-14,42.76,11106973.0
NASDAQ:QUIK,QUIK,QuickLogic Corporation,Technology,Semiconductors,United States,NASDAQ,226158240.0,12.76,41.51,42.49,2,12.3,466,True,-46.25,160.94,10.15,22.4,45.81,30.91,43.02,11.5844,10.4251,8.7509,9.7471,8.9218,3850536,1255,2026-08-14,40.17,17724000.0
NASDAQ:FLNC,FLNC,"Fluence Energy, Inc.",Utilities,Utilities - Renewable,United States,NASDAQ,1745142979.0,13.14,41.52,42.36,2,12.4,467,False,-59.23,94.67,-29.71,-23.34,-10.41,-19.82,-23.95,18.6928,17.1414,14.6667,16.3891,17.2788,111117483,1203,2026-08-14,41.89,132811490.0
NASDAQ:UPXI,UPXI,"Upexi, Inc.",Communication Services,Internet Content & Information,United States,NASDAQ,54942364.0,0.748,41.53,42.64,2,12.4,468,True,-91.26,32.39,-51.02,-70.49,-80.98,-91.43,-97.05,1.5272,2.5347,3.9328,8.7288,25.3653,754185,1255,2026-08-14,41.29,73452358.0
NYSE:WH,WH,"Wyndham Hotels & Resorts, Inc.",Consumer Cyclical,Lodging,United States,NYSE,5464164913.0,73.63,41.53,42.46,2,12.4,469,False,-17.66,7.97,-5.51,-6.45,-11.16,-6.86,-2.83,77.9211,78.7027,82.8776,79.053,75.774,106152079,1254,2026-08-14,43.43,74211122.0
NASDAQ:MRTN,MRTN,"Marten Transport, Ltd.",Industrials,Trucking,United States,NASDAQ,1240970743.0,15.21,41.54,42.04,2,12.4,470,False,-16.51,63.85,10.59,15.3,9.5,-0.51,-7.26,13.7539,13.1911,13.8905,15.2884,16.4015,11355559,1255,2026-08-14,41.81,81589135.0
NYSE:TJX,TJX,"TJX Companies, Inc. (The)",Consumer Cyclical,Apparel Retail,United States,NYSE,168036593281.0,152.11,41.56,44.3,2,12.5,471,False,-9.39,16.1,-1.31,0.8,12.38,25.25,39.3,154.1326,150.904,135.349,121.4473,109.1972,764808953,1255,2026-08-14,44.59,1104704446.0
NYSE:UHT,UHT,Universal Health Realty Income Trust,Real Estate,REIT - Healthcare Facilities,United States,NYSE,574014204.0,41.3,41.56,45.24,2,12.5,472,False,-9.86,23.72,2.9,4.89,9.14,13.54,12.16,40.1341,39.3751,37.8413,36.3759,36.8222,3979034,1255,2026-08-14,41.22,13898649.0
NASDAQ:OPEN,OPEN,Opendoor Technologies Inc,Real Estate,Real Estate Services,United States,NASDAQ,3511641340.0,3.64,41.57,41.97,2,12.5,473,False,-65.4,19.74,-32.51,-36.31,1.12,9.46,15.83,5.3936,5.7155,3.5998,3.3254,3.1426,209111344,1255,2026-08-14,41.78,964736632.0
NYSE:TU,TU,Telus Corporation,Communication Services,Telecom Services,Canada,NYSE,15238765108.0,9.76,41.57,39.95,2,12.5,474,False,-38.35,2.52,-20.06,-23.8,-28.03,-29.67,-32.97,12.2087,12.8078,13.5615,13.8776,14.5609,97905988,1255,2026-08-14,39.49,1561348884.0
NYSE:TRNO,TRNO,Terreno Realty Corporation,Real Estate,REIT - Industrial,United States,NYSE,7212040073.0,68.22,41.6,46.48,2,12.6,475,False,-9.14,31.65,7.3,9.91,13.1,16.37,18.82,63.5814,62.0683,60.3186,58.6236,57.4124,47904437,1255,2026-08-14,44.46,105717386.0
NASDAQ:OMCL,OMCL,"Omnicell, Inc.",Healthcare,Health Information Services,United States,NASDAQ,1696363306.0,37.3,41.61,42.98,2,12.6,476,False,-27.42,26.61,-8.33,-3.8,-2.67,-0.01,-16.84,40.6898,38.7731,38.323,37.303,44.8509,33467920,1255,2026-08-14,42.7,45478909.0
NASDAQ:RPAY,RPAY,Repay Holdings Corporation,Technology,Software - Infrastructure,United States,NASDAQ,303051484.0,3.66,41.63,45.81,2,12.6,477,False,-38.59,52.5,4.02,-6.0,-30.05,-42.92,-45.77,3.5186,3.8936,5.232,6.4121,6.7487,1891493,1254,2026-08-14,47.3,82800952.0
NASDAQ:KYIV,KYIV,Kyivstar Group Ltd.,Communication Services,Telecom Services,United Arab Emirates,NASDAQ,3056899182.0,13.24,41.64,43.98,2,12.7,478,True,-18.12,41.91,2.31,3.63,,,,12.9405,12.7766,,,,5622805,424,2026-08-14,40.43,230883624.0
AMEX:NRXS,NRXS,"Neuraxis, Inc.",Healthcare,Biotechnology,United States,AMEX,78607047.0,6.3,41.64,43.35,2,12.7,479,False,-28.49,172.73,11.05,24.06,63.94,74.21,,5.6729,5.0784,3.843,3.6162,,523863,756,2026-08-14,41.21,12477309.0
NASDAQ:RGCO,RGCO,RGC Resources Inc.,Utilities,Utilities - Regulated Gas,United States,NASDAQ,224170140.0,21.54,41.65,43.36,2,12.7,480,False,-18.17,6.93,-2.05,-1.33,3.61,9.41,10.45,21.9898,21.8303,20.7894,19.6875,19.5014,368457,1255,2026-08-14,43.08,10407156.0
NASDAQ:PTCT,PTCT,"PTC Therapeutics, Inc.",Healthcare,Biotechnology,United States,NASDAQ,5984139503.0,71.7,41.67,43.76,2,12.7,481,False,-19.93,48.85,-2.2,1.92,24.24,48.53,50.46,73.3093,70.3527,57.7124,48.2734,47.6545,87749993,1254,2026-08-14,42.27,83460802.0
NYSE:VFC,VFC,V.F. Corporation,Consumer Cyclical,Apparel Manufacturing,United States,NYSE,5845911056.0,14.87,41.68,42.5,2,12.8,482,False,-30.63,18.23,-15.09,-11.77,-12.02,-8.71,-18.82,17.5132,16.854,16.9019,16.288,18.3163,137187695,1255,2026-08-14,40.2,393134570.0
NASDAQ:KEEL,KEEL,Keel Infrastructure Corp.,Technology,Information Technology Services,United States,NASDAQ,2119438565.0,3.51,41.71,42.85,2,12.8,483,True,-47.3,185.37,3.4,7.17,47.33,54.78,77.8,3.3947,3.2751,2.3824,2.2677,1.9741,129017224,1255,2026-08-14,38.15,603828651.0
NASDAQ:TSSI,TSSI,"TSS, Inc.",Technology,Information Technology Services,United States,NASDAQ,271755894.0,9.68,41.72,43.48,2,12.8,484,False,-52.6,39.88,-14.85,-22.14,-20.57,15.04,50.35,11.3684,12.4318,12.187,8.4145,6.4384,9485870,1255,2026-08-14,58.4,28073956.0
NASDAQ:VRSK,VRSK,"Verisk Analytics, Inc.",Industrials,Consulting Services,United States,NASDAQ,23645442700.0,181.67,41.73,45.11,2,12.8,485,False,-32.86,16.15,-7.3,-12.39,-25.97,-25.42,-20.97,195.9736,207.3589,245.4082,243.5884,229.8882,331202750,1255,2026-08-14,45.39,130156012.0
NASDAQ:GOSS,GOSS,"Gossamer Bio, Inc.",Healthcare,Biotechnology,United States,NASDAQ,75282395.0,0.154,41.74,42.14,2,12.9,486,False,-95.94,13.24,-87.98,-90.04,-88.35,-86.94,-92.81,1.2809,1.5456,1.3215,1.1795,2.1427,8247371,1255,2026-08-14,47.44,488846722.0
NASDAQ:AEP,AEP,"American Electric Power Company, Inc.",Utilities,Utilities - Regulated Electric,United States,NASDAQ,68376307411.0,125.6,41.75,43.34,2,12.9,487,False,-8.75,21.66,0.65,3.34,15.19,28.22,34.39,124.7899,121.5398,109.034,97.9548,93.4568,488310990,1255,2026-08-14,40.94,544397352.0
NASDAQ:CZWI,CZWI,"Citizens Community Bancorp, Inc.",Financial Services,Banks - Regional,United States,NASDAQ,202847856.0,21.02,41.75,44.36,2,12.9,488,False,-11.81,41.27,8.52,12.75,27.53,45.04,55.56,19.3706,18.6424,16.4825,14.4926,13.5123,1029499,1255,2026-08-14,42.54,9650231.0
NYSE:FG,FG,"F&G Annuities & Life, Inc.",Financial Services,Insurance - Life,United States,NYSE,3632738426.0,27.42,41.76,44.9,2,13.0,489,False,-19.97,35.22,-1.7,-4.3,-16.91,-18.99,,27.8953,28.6533,33.0004,33.8464,,18406005,933,2026-08-14,41.91,132484990.0
NYSE:CHH,CHH,"Choice Hotels International, Inc.",Consumer Cyclical,Lodging,United States,NYSE,4751549289.0,104.44,41.77,44.25,2,13.0,490,False,-14.23,24.79,0.51,-0.46,-11.95,-11.44,-10.96,103.9072,104.9198,118.6079,117.9261,117.2993,61706825,1255,2026-08-14,41.98,45495493.0
NASDAQ:CLFD,CLFD,"Clearfield, Inc.",Technology,Communication Equipment,United States,NASDAQ,391240553.0,28.79,41.78,42.32,2,13.0,491,True,-43.84,10.73,-11.67,-12.44,-15.62,-13.61,-33.75,32.5938,32.8796,34.1202,33.3254,43.4592,7318585,1255,2026-08-14,41.6,13589460.0
NASDAQ:FRPH,FRPH,"FRP Holdings, Inc.",Real Estate,Real Estate Services,United States,NASDAQ,424429888.0,22.14,41.78,43.09,2,13.0,492,False,-15.56,6.85,-4.05,-5.68,-15.53,-18.68,-19.61,23.075,23.4741,26.2117,27.2245,27.5399,2188950,1255,2026-08-14,41.78,19170275.0
NYSE:TGLS,TGLS,Tecnoglass Holdings Inc.,Basic Materials,Building Materials,United States,NYSE,1856223901.0,41.84,41.8,44.41,2,13.1,493,False,-49.29,10.41,-10.25,-18.02,-32.73,-25.19,-17.02,46.6202,51.0397,62.2006,55.9295,50.419,12081108,1254,2026-08-14,42.56,44364816.0
NASDAQ:TNGX,TNGX,"Tango Therapeutics, Inc.",Healthcare,Biotechnology,United States,NASDAQ,4168055014.0,25.6,41.8,45.33,2,13.1,494,False,-22.19,302.52,39.87,59.3,148.8,160.33,196.35,18.3021,16.0701,10.2895,9.8336,8.6385,59219875,1254,2026-08-14,41.96,162814649.0
NASDAQ:HWKN,HWKN,"Hawkins, Inc.",Basic Materials,Specialty Chemicals,United States,NASDAQ,2735684083.0,131.05,41.83,41.32,2,13.1,495,True,-28.22,9.5,-10.11,-13.2,-4.93,13.1,34.75,145.792,150.9842,137.8475,115.8743,97.2575,22378030,1255,2026-08-14,35.21,20875117.0
NYSE:DDS,DDS,"Dillard's, Inc.",Consumer Cyclical,Department Stores,United States,NYSE,6523503296.0,560.88,41.84,45.53,2,13.1,496,False,-19.82,17.86,-6.54,-5.08,15.49,28.02,41.48,600.112,590.9029,485.6715,438.1155,396.4252,87522561,1255,2026-08-14,56.72,11630836.0
NYSE:BRSP,BRSP,"BrightSpire Capital, Inc.",Real Estate,REIT - Mortgage,United States,NYSE,632620900.0,5.0,41.85,42.07,2,13.2,497,False,-15.15,7.56,-7.1,-5.74,0.33,1.32,3.46,5.3824,5.3044,4.9834,4.935,4.8328,7592712,1254,2026-08-14,40.04,126524180.0
NASDAQ:CSCO,CSCO,"Cisco Systems, Inc.",Technology,Communication Equipment,United States,NASDAQ,440179423387.0,111.68,41.85,45.64,2,13.2,498,False,-13.77,72.19,22.22,29.32,54.99,75.43,90.53,91.3784,86.3625,72.0549,63.6593,58.6156,2615011190,1255,2026-08-14,44.17,3941434665.0
NYSE:BUD,BUD,Anheuser-Busch Inbev SA Sponsored ADR (Belgium),Consumer Defensive,Beverages - Brewers,Belgium,NYSE,139319698425.0,79.73,41.88,45.48,2,13.2,499,False,-7.81,39.67,9.36,13.65,23.08,27.72,32.32,72.9053,70.152,64.7782,62.4235,60.2573,153957860,1255,2026-08-14,43.31,1747393684.0
NASDAQ:PSNY,PSNY,Polestar Automotive Holding UK Limited - Class A ADS,Consumer Cyclical,Auto Manufacturers,Sweden,NASDAQ,2050682132.0,14.25,41.89,41.2,2,13.2,500,False,-65.33,18.65,-22.55,-31.45,-48.18,-61.37,-78.45,18.3996,20.7888,27.4984,36.8909,66.1351,2088732,1254,2026-08-14,37.33,143907518.0
NYSE:TPL,TPL,Texas Pacific Land Corporation,Energy,Oil & Gas E&P,United States,NYSE,24728712285.0,358.52,41.93,42.97,2,13.3,501,False,-33.48,31.41,-7.42,-3.22,-5.29,12.83,24.68,387.2475,370.4313,378.5447,317.75,287.5531,137543928,1255,2026-08-14,37.16,68974429.0
NASDAQ:AIP,AIP,"Arteris, Inc.",Technology,Semiconductors,United States,NASDAQ,1307590530.0,28.32,41.95,43.56,2,13.3,502,True,-41.72,229.69,22.37,37.67,95.44,137.92,172.99,23.142,20.571,14.4902,11.9031,10.3742,19913130,1203,2026-08-14,39.73,46171982.0
NASDAQ:NMAD,NMAD,"Nomad Power Solutions, Inc.",Industrials,Electrical Equipment & Parts,United States,NASDAQ,74051739.0,4.05,41.95,42.56,2,13.3,503,False,-49.63,65.98,-6.16,-7.38,28.29,38.17,6.03,4.3157,4.3727,3.1569,2.9311,3.8195,1661200,1255,2026-08-14,41.95,18284380.0
NYSE:MAIR,MAIR,Madison Air Solutions Corporation,Industrials,Building Products & Equipment,United States,NYSE,5547281314.0,31.28,41.96,42.73,2,13.3,504,False,-28.68,7.64,,,,,,,,,,,81058516,83,2026-08-14,43.3,177342753.0
NASDAQ:SFIX,SFIX,"Stitch Fix, Inc.",Consumer Cyclical,Apparel Retail,United States,NASDAQ,424647594.0,3.59,41.97,45.05,2,13.4,505,False,-38.42,17.32,-11.1,-15.03,-12.65,-6.77,-9.52,4.0384,4.2252,4.1098,3.8508,3.9678,5833641,1255,2026-08-14,43.29,118286238.0
NYSE:PRSU,PRSU,"Pursuit Attractions and Hospitality, Inc.",Consumer Cyclical,Travel Services,United States,NYSE,1316466701.0,47.96,41.99,44.82,2,13.4,506,False,-14.31,48.57,18.24,20.91,27.55,33.35,41.11,40.5614,39.6669,37.6019,35.9654,33.9883,10446033,1255,2026-08-14,37.84,27449264.0
NASDAQ:MIST,MIST,Milestone Pharmaceuticals Inc.,Healthcare,Biotechnology,Canada,NASDAQ,136947778.0,1.1,42.02,42.1,2,13.5,507,True,-62.71,8.91,-36.04,-37.38,-35.37,-39.67,-56.88,1.7198,1.7565,1.7019,1.8234,2.5509,1741089,1255,2026-08-14,38.97,124497980.0
NASDAQ:NRXP,NRXP,"NRX Pharmaceuticals, Inc.",Healthcare,Biotechnology,United States,NASDAQ,139957373.0,3.27,42.02,44.03,2,13.5,508,False,-29.22,94.64,17.34,15.86,29.4,14.56,-21.08,2.7867,2.8225,2.527,2.8543,4.1434,4179274,1254,2026-08-14,43.58,42800420.0
NASDAQ:WMG,WMG,Warner Music Group Corp.,Communication Services,Entertainment,United States,NASDAQ,3750933265.0,25.65,42.02,42.61,2,13.5,509,False,-25.78,9.05,-10.65,-13.06,-13.01,-14.53,-12.69,28.7084,29.503,29.4874,30.0095,29.3769,59345099,1254,2026-08-14,39.83,146235215.0
NYSE:EGP,EGP,"EastGroup Properties, Inc.",Real Estate,REIT - Industrial,United States,NYSE,10919209750.0,203.06,42.04,45.33,2,13.5,510,False,-9.1,30.38,6.51,9.61,16.33,19.61,24.03,190.6536,185.2533,174.5546,169.7676,163.7242,112207531,1255,2026-08-14,45.66,53773317.0
NASDAQ:IPGP,IPGP,IPG Photonics Corporation,Technology,Semiconductor Equipment & Materials,United States,NASDAQ,3641237817.0,85.79,42.06,42.36,2,13.5,511,True,-44.26,19.82,-15.91,-12.45,2.38,-1.09,-6.68,102.0221,97.9892,83.7948,86.7354,91.93,37880314,1255,2026-08-14,39.7,42443616.0
NYSE:L,L,Loews Corporation,Financial Services,Insurance - Property & Casualty,United States,NYSE,23106465192.0,113.03,42.07,47.5,2,13.6,512,True,-5.34,19.78,4.56,6.58,18.37,29.49,41.76,108.1011,106.0556,95.4869,87.2857,79.7325,82496258,1255,2026-08-14,40.23,204427720.0
NASDAQ:ODFL,ODFL,"Old Dominion Freight Line, Inc.",Industrials,Trucking,United States,NASDAQ,43875068665.0,210.97,42.07,44.29,2,13.6,513,False,-15.18,67.83,10.08,16.08,16.87,13.61,18.42,191.6522,181.7511,180.514,185.695,178.1508,388795180,1255,2026-08-14,46.18,207968283.0
NASDAQ:SERV,SERV,Serve Robotics Inc.,Industrials,Integrated Freight & Logistics,United States,NASDAQ,424600253.0,4.99,42.07,40.77,2,13.6,514,False,-71.78,14.19,-45.81,-49.41,-51.0,,,9.2075,9.8634,10.1828,,,22203617,611,2026-08-14,40.95,85090231.0
NASDAQ:ASLE,ASLE,AerSale Corporation,Industrials,Airports & Air Services,United States,NASDAQ,277374106.0,5.87,42.09,43.19,2,13.7,515,False,-34.78,4.26,-12.49,-16.52,-11.39,-25.78,-42.69,6.7078,7.0315,6.6244,7.9093,10.2432,2395094,1254,2026-08-14,36.68,47252829.0
NASDAQ:SIRI,SIRI,SiriusXM Holdings Inc.,Communication Services,Entertainment,United States,NASDAQ,9592923718.0,28.46,42.09,45.85,2,13.7,516,True,-11.88,47.49,18.34,20.69,23.83,3.13,-10.83,24.0487,23.5817,22.9833,27.5953,31.9155,129708991,1255,2026-08-14,37.74,337066891.0
NASDAQ:WATT,WATT,Energous Corporation,Technology,Communication Equipment,United States,NASDAQ,85597132.0,15.56,42.11,42.59,2,13.7,517,True,-55.96,314.38,4.42,15.46,13.85,-40.53,-88.0,14.9018,13.476,13.6665,26.1653,129.6389,3192114,1255,2026-08-14,38.77,5501101.0
NYSE:NNN,NNN,"NNN REIT, Inc.",Real Estate,REIT - Retail,United States,NYSE,8751416142.0,46.0,42.13,46.48,2,13.7,518,False,-6.03,22.76,7.96,9.34,13.07,18.25,20.45,42.6088,42.0722,40.6831,38.9007,38.1888,63481373,1255,2026-08-14,44.07,190248177.0
NASDAQ:NAMM,NAMM,Namib Minerals,Basic Materials,Gold,Cayman Islands,NASDAQ,73006760.0,1.34,42.14,42.37,2,13.8,519,False,-79.06,45.65,-31.84,-38.46,,,,1.9661,2.1773,,,,600878,299,2026-08-14,42.14,54482657.0
NYSE:SPG,SPG,"Simon Property Group, Inc.",Real Estate,REIT - Retail,United States,NYSE,71205822237.0,219.58,42.14,47.38,2,13.8,520,False,-7.23,33.59,11.91,14.72,26.09,40.35,55.96,196.2156,191.4002,174.1498,156.4479,140.7935,321418547,1255,2026-08-14,45.29,324281912.0
NYSE:NKE,NKE,"Nike, Inc.",Consumer Cyclical,Footwear & Accessories,United States,NYSE,48961979034.0,40.73,42.16,43.49,2,13.8,521,False,-47.14,0.54,-22.62,-27.74,-35.66,-44.12,-49.6,52.6372,56.3657,63.3034,72.8946,80.8187,872982224,1255,2026-08-14,44.44,1202110951.0
NYSE:NVS,NVS,Novartis AG,Healthcare,Drug Manufacturers - General,Switzerland,NYSE,286779855059.0,150.88,42.17,45.77,2,13.8,522,False,-7.8,27.65,3.7,7.01,22.43,33.45,44.12,145.5,140.9961,123.2357,113.0608,104.6889,255353502,1255,2026-08-14,43.84,1900714840.0
NASDAQ:VERA,VERA,"Vera Therapeutics, Inc.",Healthcare,Biotechnology,United States,NASDAQ,2270493254.0,31.63,42.17,42.39,2,13.8,523,True,-43.18,48.71,-18.85,-12.93,-8.36,-2.46,14.14,38.9769,36.3273,34.5141,32.4263,27.712,67422954,1254,2026-08-14,30.7,71782904.0
AMEX:STXS,STXS,"Stereotaxis, Inc.",Healthcare,Medical Instruments & Supplies,United States,AMEX,137487414.0,1.38,42.18,41.4,2,13.9,524,False,-61.34,9.52,-32.55,-38.21,-36.52,-34.77,-33.69,2.0459,2.2334,2.1739,2.1155,2.0811,1312486,1255,2026-08-14,42.18,99628561.0
NASDAQ:TGTX,TGTX,"TG Therapeutics, Inc.",Healthcare,Biotechnology,United States,NASDAQ,7461293689.0,48.74,42.18,46.0,2,13.9,525,True,-17.47,80.92,30.31,33.73,42.52,76.39,99.17,37.4019,36.4456,34.1992,27.6317,24.4711,114988352,1255,2026-08-14,39.16,153083580.0
AMEX:PLX,PLX,"Protalix BioTherapeutics, Inc. (DE)",Healthcare,Biotechnology,United States,AMEX,178869045.0,2.22,42.19,45.54,2,13.9,526,False,-29.52,50.0,-0.11,2.26,13.04,24.23,26.69,2.2224,2.171,1.9638,1.7871,1.7523,1772346,1255,2026-08-14,49.22,80571642.0
NASDAQ:BLDP,BLDP,"Ballard Power Systems, Inc.",Industrials,Electrical Equipment & Parts,Canada,NASDAQ,813984792.0,2.7,42.23,41.04,2,14.0,527,False,-57.68,47.54,-13.34,-10.76,18.36,4.28,-19.16,3.1155,3.0257,2.2811,2.5891,3.3399,16852995,1255,2026-08-14,38.54,301475849.0
NYSE:BBUC,BBUC,Brookfield Business Corporation Class A Subordinate Voting Shares,Industrials,Conglomerates,Bermuda,NYSE,6064688778.0,29.37,42.24,43.44,2,14.0,528,False,-21.66,2.19,-12.08,-12.53,-1.18,10.87,17.41,33.4065,33.5761,29.7194,26.4895,25.014,9501654,1114,2026-08-14,41.2,206492638.0
NASDAQ:BIYA,BIYA,Baiya International Group Inc.,Technology,Software - Application,China,NASDAQ,71529092.0,2.65,42.24,42.91,2,14.0,529,False,-98.43,37.31,-90.3,-94.75,,,,27.3091,50.5171,,,,46647910,352,2026-08-14,42.36,26992110.0
AMEX:KULR,KULR,"KULR Technology Group, Inc.",Technology,Electronic Components,United States,AMEX,122118916.0,2.64,42.25,43.37,2,14.0,530,False,-51.65,30.69,-16.87,-24.15,-57.91,-48.56,-57.22,3.1758,3.4806,6.2724,5.1321,6.1705,3255593,1255,2026-08-14,51.25,46257165.0
NYSE:WM,WM,"Waste Management, Inc.",Industrials,Waste Management,United States,NYSE,89756044567.0,224.55,42.27,45.87,2,14.1,531,True,-8.15,15.51,0.92,1.45,2.58,8.77,16.2,222.496,221.3446,218.9012,206.4384,193.2488,448797482,1255,2026-08-14,41.59,399715184.0
NYSE:UWMC,UWMC,UWM Holdings Corporation,Financial Services,Mortgage Finance,United States,NYSE,539368577.0,1.59,42.29,40.27,2,14.1,532,False,-74.36,32.5,-56.06,-60.01,-65.02,-66.73,-64.27,3.6188,3.9756,4.5457,4.7795,4.4496,40090056,1255,2026-08-14,43.55,339225520.0
NASDAQ:BMBL,BMBL,Bumble Inc.,Communication Services,Internet Content & Information,United States,NASDAQ,353468465.0,2.71,42.3,43.45,2,14.1,533,False,-62.2,3.83,-20.96,-32.28,-48.47,-64.9,-75.72,3.4287,4.0016,5.2595,7.7213,11.1618,8189437,1255,2026-08-14,42.64,130431168.0
NASDAQ:WSC,WSC,WillScot Holdings Corporation,Industrials,Rental & Leasing Services,United States,NASDAQ,4300433573.0,23.76,42.32,43.9,2,14.1,534,False,-18.27,60.14,7.45,7.02,-12.76,-25.3,-32.1,22.1136,22.2023,27.2362,31.8067,34.9944,70514130,1254,2026-08-14,37.74,180994679.0
NYSE:FVR,FVR,"FrontView REIT, Inc.",Real Estate,REIT - Diversified,United States,NYSE,461508968.0,19.76,42.34,46.77,2,14.2,535,False,-9.85,69.6,17.97,23.86,,,,16.7495,15.9541,,,,3272347,467,2026-08-14,44.23,23355717.0
NYSE:PFGC,PFGC,Performance Food Group Company,Consumer Defensive,Food Distribution,United States,NYSE,16847886520.0,107.25,42.35,46.83,2,14.2,536,True,-8.06,32.36,11.05,9.63,18.07,29.54,40.77,96.5769,97.8317,90.8327,82.7908,76.189,192253760,1254,2026-08-14,35.28,157089851.0
NYSE:BWMX,BWMX,"Betterware de Mexico, S.A.P.I. de C.V.",Consumer Cyclical,Specialty Retail,Mexico,NYSE,612662484.0,16.45,42.37,44.14,2,14.2,537,False,-10.86,38.84,2.27,7.28,29.9,30.03,45.42,16.0854,15.3342,12.6633,12.6505,11.3117,1665707,1254,2026-08-14,41.65,37243920.0
NASDAQ:IPAR,IPAR,"Interparfums, Inc.",Consumer Defensive,Household & Personal Products,United States,NASDAQ,3671115276.0,114.63,42.38,48.19,2,14.2,538,False,-10.83,47.89,19.91,18.49,5.07,0.92,3.08,95.5988,96.7449,109.096,113.5881,111.2046,31346181,1255,2026-08-14,43.56,32025781.0
NYSE:CPA,CPA,"Copa Holdings, S.A.",Industrials,Airlines,Panama,NYSE,4057259586.0,135.87,42.42,45.3,2,14.3,539,False,-13.56,27.56,5.55,7.91,26.14,36.49,45.47,128.7281,125.9133,107.7101,99.547,93.4031,41344662,1255,2026-08-14,43.02,29861335.0
NASDAQ:RSVR,RSVR,"Reservoir Media, Inc..",Communication Services,Entertainment,United States,NASDAQ,655510707.0,9.96,42.42,44.92,2,14.3,540,False,-10.27,37.95,11.14,14.23,19.71,26.86,33.99,8.9617,8.7196,8.3198,7.8513,7.4335,623577,1254,2026-08-14,42.11,65814328.0
NASDAQ:WVE,WVE,"Wave Life Sciences, Inc.",Healthcare,Biotechnology,Singapore,NASDAQ,1066030627.0,5.41,42.42,42.67,2,14.3,541,True,-74.61,7.13,-43.08,-41.08,-41.9,-32.28,-23.24,9.5041,9.1823,9.3116,7.9887,7.0483,16728697,1255,2026-08-14,37.1,197048175.0
NYSE:CRH,CRH,CRH PLC,Basic Materials,Building Materials,Ireland,NYSE,64632390244.0,97.15,42.44,43.29,2,14.4,542,False,-25.23,2.66,-13.32,-13.56,-5.36,6.61,23.2,112.0854,112.3838,102.6548,91.1266,78.858,461136885,1255,2026-08-14,42.74,665284511.0
NASDAQ:UPWK,UPWK,Upwork Inc.,Communication Services,Internet Content & Information,United States,NASDAQ,1048668983.0,8.49,42.45,44.61,2,14.4,543,False,-61.6,8.29,-36.92,-39.91,-39.19,-37.11,-35.27,13.4581,14.1278,13.9617,13.4999,13.115,39691519,1255,2026-08-14,44.32,123518137.0
NYSE:PLGO,PLGO,Pelagos Insurance Capital Limited,Financial Services,Insurance - Diversified,Bermuda,NYSE,2038242687.0,23.84,42.46,46.35,2,14.4,544,True,-8.24,48.56,15.63,19.45,30.28,39.57,,20.6172,19.958,18.2984,17.0809,,11121094,784,2026-08-14,30.25,85496757.0
NASDAQ:QDEL,QDEL,QuidelOrtho Corporation,Healthcare,Medical Devices,United States,NASDAQ,975131143.0,14.3,42.48,45.02,2,14.4,545,False,-59.58,43.57,-29.15,-34.54,-51.24,-62.66,-71.45,20.1823,21.8466,29.3262,38.3014,50.0945,23167792,1255,2026-08-14,46.06,68190989.0
NYSE:ZGN,ZGN,Ermenegildo Zegna N.V.,Consumer Cyclical,Apparel Manufacturing,Italy,NYSE,3691973808.0,13.76,42.5,47.09,2,14.5,546,False,-9.77,75.34,18.55,24.11,42.33,31.27,28.42,11.6069,11.0867,9.6679,10.482,10.7147,14759379,1166,2026-08-14,44.29,268312050.0
NYSE:UNH,UNH,UnitedHealth Group Incorporated Common Stock (DE),Healthcare,Healthcare Plans,United States,NYSE,364828851419.0,401.73,42.51,46.37,2,14.5,547,True,-7.93,55.98,16.75,17.74,0.54,-6.2,-8.46,344.0877,341.2004,399.5888,428.3016,438.8746,1833557660,1255,2026-08-14,40.34,908144404.0
NYSE:CUZ,CUZ,Cousins Properties Incorporated,Real Estate,REIT - Office,United States,NYSE,4888681123.0,29.7,42.52,47.88,2,14.5,548,False,-8.05,42.65,15.47,14.38,11.6,21.59,27.38,25.7203,25.9672,26.614,24.4256,23.3166,52839634,1255,2026-08-14,44.82,164602058.0
NYSE:OXM,OXM,"Oxford Industries, Inc.",Consumer Cyclical,Apparel Manufacturing,United States,NYSE,543037997.0,36.37,42.52,44.88,2,14.5,549,False,-24.58,20.35,-3.22,-4.24,-25.91,-41.19,-47.01,37.5791,37.9822,49.0917,61.8382,68.6388,11404128,1255,2026-08-14,42.16,14930932.0
NYSE:CURV,CURV,Torrid Holdings Inc.,Consumer Cyclical,Apparel Retail,United States,NYSE,218944838.0,2.2,42.53,48.56,2,14.6,550,False,-20.0,127.74,42.49,36.87,-32.16,-40.81,-40.98,1.544,1.6074,3.2427,3.7169,3.7273,665945,1254,2026-08-14,47.4,99520381.0
NASDAQ:GUTS,GUTS,"Fractyl Health, Inc.",Healthcare,Biotechnology,United States,NASDAQ,107881295.0,0.68,42.53,44.48,2,14.6,551,True,-71.31,73.03,-32.36,-34.42,-54.61,,,1.0053,1.0368,1.4982,,,1018024,635,2026-08-14,39.02,158648963.0
NYSE:TKC,TKC,Turkcell Iletisim Hizmetleri AS,Communication Services,Telecom Services,Turkey,NYSE,4753350540.0,5.46,42.57,42.55,2,14.6,552,True,-23.64,1.49,-9.65,-9.14,-11.13,-6.48,3.29,6.0434,6.009,6.1439,5.8381,5.2861,14692089,1255,2026-08-14,39.94,870577022.0
NYSE:PLNT,PLNT,"Planet Fitness, Inc.",Consumer Cyclical,Leisure,United States,NYSE,3984818044.0,50.36,42.58,43.4,2,14.6,553,False,-55.02,14.43,-34.79,-38.7,-43.61,-37.83,-36.11,77.2314,82.1519,89.3141,81.0088,78.8231,120218913,1255,2026-08-14,36.91,79126649.0
NASDAQ:HIVE,HIVE,HIVE Digital Technologies Ltd,Financial Services,Capital Markets,United States,NASDAQ,736087689.0,2.69,42.6,43.6,2,14.7,554,True,-61.35,53.71,-11.39,-17.43,-9.24,-12.73,-15.65,3.0357,3.2577,2.9639,3.0825,3.1891,49242580,1255,2026-08-14,39.11,273638546.0
NASDAQ:IMDX,IMDX,Insight Molecular Diagnostics Inc.,Healthcare,Diagnostics & Research,United States,NASDAQ,139493521.0,4.32,42.62,43.79,2,14.7,555,True,-49.06,80.0,-20.62,-14.1,9.64,18.6,-12.88,5.4419,5.0291,3.94,3.6425,4.9587,801525,1254,2026-08-14,29.76,32290167.0
NASDAQ:CINF,CINF,Cincinnati Financial Corporation,Financial Services,Insurance - Property & Casualty,United States,NASDAQ,26577793053.0,173.17,42.63,46.42,2,14.7,556,False,-9.82,18.2,4.87,6.5,15.17,28.06,37.99,165.1243,162.5981,150.3649,135.2306,125.4958,124016631,1255,2026-08-14,41.53,153478045.0
NYSE:PACK,PACK,Ranpak Holdings Corp,Consumer Cyclical,Packaging & Containers,United States,NYSE,477673670.0,5.57,42.63,43.66,2,14.7,557,False,-27.09,71.91,2.37,3.74,1.29,0.49,2.66,5.4409,5.3692,5.4993,5.5427,5.4256,3511139,1254,2026-08-14,42.91,85758289.0
NYSE:M,M,Macy's Inc,Consumer Cyclical,Department Stores,United States,NYSE,6157718503.0,23.41,42.65,47.29,2,14.8,558,False,-10.68,89.67,10.96,16.71,40.9,45.16,45.21,21.0981,20.0586,16.6149,16.1268,16.1212,115152616,1255,2026-08-14,45.71,263037954.0
NYSE:AHRT,AHRT,"AH Realty Trust, Inc.",Real Estate,REIT - Diversified,United States,NYSE,515737139.0,6.79,42.66,46.84,2,14.8,559,False,-5.43,34.61,7.72,7.02,-5.55,-13.38,-16.94,6.3032,6.3443,7.1887,7.8392,8.175,4716840,1254,2026-08-14,42.66,75955396.0
NASDAQ:AGCC,AGCC,Agencia Comercial Spirits Ltd,Consumer Defensive,Beverages - Wineries & Distilleries,Taiwan,NASDAQ,332682900.0,14.6,42.69,45.21,2,14.8,560,False,-39.07,264.09,10.8,,,,,13.1774,,,,,1156756,203,2026-08-14,45.31,22786500.0
NYSE:PINE,PINE,"Alpine Income Property Trust, Inc.",Real Estate,REIT - Retail,United States,NYSE,326363003.0,19.75,42.69,46.19,2,14.8,561,False,-9.2,57.08,8.32,14.24,22.6,29.41,32.38,18.2322,17.2879,16.1097,15.262,14.9196,3185449,1254,2026-08-14,41.25,16524709.0
NASDAQ:RVSB,RVSB,Riverview Bancorp Inc,Financial Services,Banks - Regional,United States,NASDAQ,105843218.0,5.25,42.71,44.35,2,14.9,562,False,-13.32,10.35,-1.38,-0.3,0.37,3.01,-0.0,5.3235,5.2657,5.2308,5.0965,5.25,282860,1255,2026-08-14,46.8,20160613.0
NYSE:HIMS,HIMS,"Hims & Hers Health, Inc.",Healthcare,Drug Manufacturers - Specialty & Generic,United States,NYSE,6279704027.0,28.15,42.73,45.31,2,14.9,563,False,-55.15,93.87,-3.81,-16.63,-18.13,4.53,27.02,29.2647,33.7631,34.3838,26.9304,22.1627,456462963,1255,2026-08-14,44.17,223080072.0
NYSE:SGHC,SGHC,Super Group (SGHC) Limited,Consumer Cyclical,Gambling,Guernsey,NYSE,6757421280.0,13.3,42.73,45.38,2,14.9,564,False,-14.69,57.41,11.99,10.91,41.32,81.72,110.04,11.8756,11.992,9.4111,7.3188,6.3322,35448369,1254,2026-08-14,39.38,508076788.0
NYSE:EMA,EMA,Emera Incorporated,Utilities,Utilities - Regulated Electric,Canada,NYSE,15756909000.0,51.51,42.74,45.07,2,15.0,565,False,-5.62,14.65,2.48,3.98,16.7,29.05,33.52,50.2641,49.537,44.1395,39.9141,38.5775,33987457,1255,2026-08-14,41.04,305900000.0
NASDAQ:AOSL,AOSL,Alpha and Omega Semiconductor Limited,Technology,Semiconductors,United States,NASDAQ,920933115.0,30.77,42.77,44.12,2,15.0,566,True,-42.29,76.13,5.07,5.54,2.04,5.03,3.65,29.2862,29.1556,30.1556,29.297,29.6861,18737671,1255,2026-08-14,42.43,29929578.0
NASDAQ:HCAT,HCAT,"Health Catalyst, Inc",Healthcare,Health Information Services,United States,NASDAQ,136703937.0,1.85,42.78,46.06,2,15.0,567,True,-49.86,85.74,-5.6,-15.46,-53.54,-65.82,-73.38,1.9597,2.1883,3.9822,5.4119,6.9501,1766950,1254,2026-08-14,37.73,73894020.0
NASDAQ:OFIX,OFIX,Orthofix Medical Inc.,Healthcare,Medical Devices,United States,NASDAQ,417959882.0,10.34,42.78,45.38,2,15.0,568,True,-36.29,15.53,-18.58,-21.23,-27.35,-26.8,-32.7,12.7002,13.1268,14.2332,14.1252,15.3641,4324923,1255,2026-08-14,40.52,40421652.0
NYSE:BMI,BMI,"Badger Meter, Inc.",Technology,Scientific & Technical Instruments,United States,NYSE,3792059325.0,130.82,42.82,45.5,2,15.1,569,True,-30.82,15.74,-13.11,-16.41,-29.12,-26.04,-19.3,150.5573,156.5016,184.5768,176.8736,162.1023,70142332,1255,2026-08-14,42.23,28986847.0
NYSE:MOS,MOS,Mosaic Company (The),Basic Materials,Agricultural Inputs,United States,NYSE,6868665977.0,21.61,42.82,45.5,2,15.1,570,False,-38.17,9.03,-11.45,-16.65,-19.27,-22.7,-31.11,24.4031,25.9278,26.7673,27.9562,31.3676,168935007,1255,2026-08-14,44.0,317846644.0
NASDAQ:MENS,MENS,Jyong Biotech Ltd.,Healthcare,Biotechnology,Taiwan,NASDAQ,149952007.0,2.02,42.83,45.43,2,15.1,571,False,-96.92,38.36,-74.84,-88.4,,,,8.0293,17.4157,,,,117861,291,2026-08-14,44.74,74233667.0
NASDAQ:BSEM,BSEM,"BioStem Technologies, Inc.",Healthcare,Biotechnology,United States,NASDAQ,54518823.0,3.21,42.84,44.02,2,15.1,572,True,-69.93,3.55,-28.81,-32.37,-63.68,-60.24,-52.46,4.5088,4.7465,8.837,8.0728,6.7528,365575,1254,2026-08-14,40.57,16984057.0
NYSE:FCN,FCN,"FTI Consulting, Inc.",Industrials,Consulting Services,United States,NYSE,4192817664.0,151.85,42.85,45.03,2,15.2,573,False,-18.81,8.16,-8.36,-8.0,-13.7,-18.26,-17.14,165.7077,165.0626,175.9639,185.7818,183.2706,70216540,1255,2026-08-14,45.15,27611575.0
NYSE:SAR,SAR,Saratoga Investment Corp New,Financial Services,Asset Management,United States,NYSE,308270359.0,18.9,42.85,43.09,2,15.2,574,False,-17.19,9.7,-9.83,-9.97,-6.9,-1.4,2.93,20.9608,20.9929,20.3001,19.1685,18.3617,2655735,1255,2026-08-14,50.04,16310601.0
NYSE:GCTS,GCTS,"GCT Semiconductor Holding, Inc.",Technology,Semiconductors,United States,NYSE,179197132.0,1.97,42.88,44.65,2,15.2,575,False,-47.18,98.99,17.58,21.06,6.48,-53.16,-65.52,1.6755,1.6273,1.8501,4.2054,5.7136,5223546,1163,2026-08-14,47.38,90963011.0
NASDAQ:GEMI,GEMI,"Gemini Space Station, Inc.",Financial Services,Capital Markets,United States,NASDAQ,201119544.0,3.92,42.88,44.21,2,15.2,576,False,-87.95,0.51,-47.14,,,,,7.4153,,,,,5433994,232,2026-08-14,51.44,51306006.0
NASDAQ:TELO,TELO,"Telomir Pharmaceuticals, Inc.",Healthcare,Biotechnology,United States,NASDAQ,74964702.0,1.09,42.89,44.13,2,15.3,577,True,-43.52,18.61,-15.88,-18.05,-57.5,,,1.2958,1.3301,2.5647,,,117962,629,2026-08-14,38.85,68774956.0
NASDAQ:CEPV,CEPV,"Cantor Equity Partners V, Inc.",Financial Services,Shell Companies,United States,NASDAQ,264849800.0,10.37,42.92,48.25,2,15.3,578,False,-0.77,2.88,,,,,,,,,,,315696,194,2026-08-14,42.92,25540000.0
NYSE:LXU,LXU,"LSB Industries, Inc.",Basic Materials,Chemicals,United States,NYSE,736534466.0,10.23,42.92,41.93,2,15.3,579,False,-39.4,33.55,-9.86,-4.63,10.5,12.45,2.89,11.3494,10.7267,9.2579,9.0977,9.9425,9929462,1255,2026-08-14,35.37,71997504.0
NYSE:SGI,SGI,Somnigroup International Inc.,Consumer Cyclical,"Furnishings, Fixtures & Appliances",United States,NYSE,13896744335.0,66.06,42.93,43.66,2,15.4,580,False,-32.28,7.71,-17.59,-18.28,-5.49,6.15,19.61,80.1559,80.8328,69.896,62.2312,55.2297,193006372,1255,2026-08-14,43.54,210365491.0
NASDAQ:QH,QH,Quhuo Limited,Technology,Software - Application,China,NASDAQ,378944960017.0,4.31,42.95,45.59,2,15.4,581,True,-61.89,23844.45,79.81,30.42,-92.32,-93.75,-96.03,2.397,3.3047,56.1145,69.0123,108.4656,183463,1254,2026-08-14,42.53,87922264505.0
NASDAQ:IDXX,IDXX,"IDEXX Laboratories, Inc.",Healthcare,Diagnostics & Research,United States,NASDAQ,43461376027.0,550.96,42.97,45.99,2,15.4,582,False,-28.14,4.66,-10.78,-11.41,0.83,3.89,8.35,617.4959,621.9227,546.4333,530.3388,508.5157,350178917,1255,2026-08-14,49.1,78882997.0
NYSE:PDCC,PDCC,Pearl Diver Credit Company Inc.,Financial Services,Asset Management,United Kingdom,NYSE,61306712.0,8.97,42.97,43.26,2,15.4,583,False,-39.59,4.25,-19.2,-23.62,-32.68,,,11.1019,11.7435,13.3243,,,76205,520,2026-08-14,43.74,6834639.0
NYSE:GTY,GTY,Getty Realty Corporation,Real Estate,REIT - Retail,United States,NYSE,2054926953.0,33.18,43.01,45.64,2,15.5,584,False,-9.37,35.79,7.33,10.93,15.76,22.38,23.1,30.9143,29.9115,28.6624,27.1114,26.9528,16148975,1255,2026-08-14,42.13,61932699.0
AMEX:SDEV,SDEV,Stablecoin Development Corporation,Financial Services,Asset Management,United States,AMEX,51963273.0,1.03,43.01,43.26,2,15.5,585,False,-98.92,7.29,-86.17,-85.7,-77.65,-91.29,-98.76,7.4478,7.2048,4.6091,11.8314,83.3286,98744,1255,2026-08-14,39.96,50449780.0
NASDAQ:OSUR,OSUR,"OraSure Technologies, Inc.",Healthcare,Medical Instruments & Supplies,United States,NASDAQ,264378444.0,3.84,43.02,45.6,2,15.5,586,False,-14.67,81.99,21.21,21.51,14.02,-9.86,-14.29,3.1681,3.1603,3.3678,4.2601,4.4803,1740888,1255,2026-08-14,49.68,68848553.0
NYSE:NVO,NVO,Novo Nordisk A/S,Healthcare,Drug Manufacturers - General,Denmark,NYSE,153594909333.0,45.89,43.03,46.02,2,15.6,587,False,-25.64,32.0,0.55,-3.23,-30.51,-42.56,-39.39,45.6391,47.4234,66.0382,79.8866,75.7153,607418162,1255,2026-08-14,46.09,3347023520.0
NYSE:STM,STM,STMicroelectronics N.V.,Technology,Semiconductors,Netherlands,NYSE,48420020029.0,54.29,43.03,43.8,2,15.6,588,True,-31.98,157.98,25.67,36.05,64.93,50.95,45.68,43.1992,39.9057,32.9163,35.9649,37.2662,575313627,1255,2026-08-14,42.22,891877326.0
NASDAQ:MOVE,MOVE,"Corvex, Inc.",Technology,Software - Infrastructure,United States,NASDAQ,323890931.0,11.72,43.04,42.99,2,15.6,589,False,-52.09,233.66,-1.56,11.54,-32.0,-67.64,-84.23,11.9054,10.507,17.2345,36.2205,74.3154,6032169,1255,2026-08-14,39.93,27635745.0
NASDAQ:PTON,PTON,"Peloton Interactive, Inc.",Consumer Cyclical,Leisure,United States,NASDAQ,2348583782.0,5.63,43.04,45.68,2,15.6,590,False,-37.44,51.75,-0.27,-7.92,-13.39,-4.42,-18.48,5.6455,6.114,6.5,5.8903,6.906,54310148,1255,2026-08-14,41.35,417155201.0
NYSE:BRT,BRT,BRT Apartments Corp. (MD),Real Estate,REIT - Residential,United States,NYSE,270288515.0,14.36,43.08,45.25,2,15.7,591,False,-8.13,10.56,1.15,0.51,-3.64,-3.94,-6.3,14.1968,14.2865,14.9031,14.9496,15.3253,575961,1255,2026-08-14,41.31,18822320.0
NASDAQ:GLRE,GLRE,"Greenlight Reinsurance, Ltd.",Financial Services,Insurance - Reinsurance,Cayman Islands,NASDAQ,522703220.0,15.76,43.08,44.56,2,15.7,592,False,-17.05,31.88,2.19,6.1,10.13,16.79,27.38,15.4216,14.8541,14.3105,13.4944,12.3728,2447215,1255,2026-08-14,42.02,33166448.0
NASDAQ:NNOX,NNOX,NANO-X IMAGING LTD,Healthcare,Medical Devices,Israel,NASDAQ,69461581.0,0.998,43.08,41.66,2,15.7,593,True,-78.07,13.8,-57.27,-62.73,-77.13,-81.84,-85.73,2.3355,2.6774,4.3637,5.4954,6.9928,1114712,1254,2026-08-14,41.95,69600783.0
NYSE:SDHC,SDHC,Smith Douglas Homes Corp.,Real Estate,Real Estate - Development,United States,NYSE,116694653.0,13.98,43.09,46.22,2,15.7,594,False,-36.91,28.97,-11.16,-14.12,-33.73,,,15.7368,16.2784,21.097,,,563552,649,2026-08-14,44.87,8347257.0
NASDAQ:RIVN,RIVN,"Rivian Automotive, Inc.",Consumer Cyclical,Auto Manufacturers,United States,NASDAQ,22179043277.0,15.36,43.11,45.69,2,15.8,595,False,-31.58,27.36,-5.25,-2.04,8.38,4.39,-8.4,16.2103,15.6795,14.1718,14.7141,16.7693,358963760,1194,2026-08-14,46.27,1443948130.0
NASDAQ:MDLN,MDLN,Medline Inc.,Healthcare,Medical Instruments & Supplies,United States,NASDAQ,30221965123.0,35.74,43.12,44.42,2,15.8,596,False,-28.51,7.68,,,,,,,,,,,265594118,164,2026-08-14,42.56,845606187.0
NASDAQ:ATRA,ATRA,"Atara Biotherapeutics, Inc.",Healthcare,Biotechnology,United States,NASDAQ,72892291.0,8.09,43.15,45.0,2,15.8,597,False,-55.28,93.54,-11.44,-19.03,-14.44,-38.98,-74.2,9.1348,9.9913,9.455,13.2577,31.3525,483233,1254,2026-08-14,47.32,9010172.0
NYSE:SPMC,SPMC,"Sound Point Meridian Capital, Inc.",Financial Services,Asset Management,United States,NYSE,199620991.0,9.72,43.18,45.47,2,15.8,598,False,-34.22,26.18,-8.16,-14.14,-24.37,,,10.5837,11.3202,12.8527,,,274788,542,2026-08-14,48.59,20537139.0
NASDAQ:HDSN,HDSN,"Hudson Technologies, Inc.",Basic Materials,Specialty Chemicals,United States,NASDAQ,238530028.0,5.67,43.19,45.54,2,15.9,599,False,-45.69,17.15,-12.43,-20.54,-19.54,-33.45,-34.89,6.4745,7.1359,7.0468,8.5201,8.7077,2792232,1255,2026-08-14,43.19,42068788.0
NASDAQ:MVST,MVST,"Microvast Holdings, Inc.",Consumer Cyclical,Auto Parts,United States,NASDAQ,279519045.0,0.839,43.2,41.58,2,15.9,600,False,-86.89,17.84,-61.94,-67.02,-60.92,-52.32,-52.84,2.2045,2.5443,2.1468,1.7598,1.779,5319289,1255,2026-08-14,47.01,333157384.0
NASDAQ:TNYA,TNYA,"Tenaya Therapeutics, Inc.",Healthcare,Biotechnology,United States,NASDAQ,157975182.0,0.728,43.2,45.27,2,15.9,601,False,-65.33,32.36,-14.36,-25.54,-37.66,-63.28,-70.5,0.8501,0.9777,1.1677,1.9827,2.4675,1392264,1255,2026-08-14,44.02,216998876.0
NYSE:GRDN,GRDN,"Guardian Pharmacy Services, Inc.",Healthcare,Medical Care Facilities,United States,NYSE,1913090786.0,38.43,43.21,45.43,2,15.9,602,False,-12.32,64.16,9.64,15.76,,,,35.0502,33.198,,,,13609822,471,2026-08-14,43.3,49781181.0
NASDAQ:CNCK,CNCK,Coincheck Group N.V.,Financial Services,Capital Markets,Netherlands,NASDAQ,390701292.0,2.04,43.23,45.38,2,16.0,603,False,-74.11,45.71,-19.62,-31.8,-63.15,-71.41,-74.01,2.5381,2.991,5.5354,7.1359,7.8499,367389,1236,2026-08-14,42.5,191520241.0
NASDAQ:ASPS,ASPS,Altisource Portfolio Solutions S.A.,Real Estate,Real Estate Services,Luxembourg,NASDAQ,64409962.0,5.64,43.24,42.95,2,16.0,604,False,-59.54,29.95,-17.26,-27.71,-27.85,-55.98,-78.25,6.8166,7.8019,7.8173,12.8135,25.9339,156213,1255,2026-08-14,45.31,11420206.0
NASDAQ:MSTR,MSTR,Strategy Inc,Technology,Software - Application,United States,NASDAQ,32162009050.0,93.04,43.27,42.89,2,16.0,605,False,-75.05,13.04,-37.16,-49.72,-62.49,-52.54,-39.48,148.0679,185.0572,248.0249,196.0253,153.7254,1533239783,1255,2026-08-14,47.78,345679375.0
NYSE:DTE,DTE,DTE Energy Company,Utilities,Utilities - Regulated Electric,United States,NYSE,29307123638.0,140.84,43.31,44.03,2,16.1,606,False,-8.8,12.09,0.67,1.39,7.61,17.01,21.61,139.9054,138.9088,130.8783,120.3631,115.809,200116407,1255,2026-08-14,38.92,208088069.0
AMEX:FLYX,FLYX,"flyExclusive, Inc.",Industrials,Airlines,United States,AMEX,65244303.0,1.26,43.31,40.81,2,16.1,607,False,-82.57,12.5,-51.69,-57.3,-57.1,,,2.608,2.9512,2.9373,,,578773,658,2026-08-14,44.43,51781193.0
NYSE:RBC,RBC,RBC Bearings Incorporated,Industrials,Tools & Accessories,United States,NYSE,17731302366.0,560.49,43.32,44.11,2,16.1,608,True,-13.62,51.6,4.17,10.6,33.36,52.84,68.94,538.0321,506.7937,420.292,366.7177,331.7751,130875354,1255,2026-08-14,39.67,31635359.0
NASDAQ:LBTYB,LBTYB,Liberty Global Ltd.,Communication Services,Telecom Services,Bermuda,NASDAQ,154197344.0,11.89,43.33,44.03,2,16.1,609,False,-33.98,16.11,-6.53,-5.04,-8.58,-18.36,-24.39,12.72,12.5206,13.006,14.5635,15.7252,20455,1255,2026-08-14,43.33,12968658.0
NASDAQ:SHLS,SHLS,"Shoals Technologies Group, Inc.",Technology,Solar,United States,NASDAQ,1417671854.0,8.45,43.34,44.91,2,16.2,610,True,-33.83,84.1,-4.04,-1.52,26.13,-3.18,-32.89,8.8058,8.5805,6.6996,8.7273,12.5921,54036562,1254,2026-08-14,40.14,167771817.0
NASDAQ:ROC,ROC,Rank One Computing Corporation,,,,NASDAQ,82807751.0,4.34,43.36,44.36,2,16.2,611,False,-40.63,1.88,,,,,,,,,,,247260,120,2026-08-14,45.87,19080127.0
NASDAQ:ROOT,ROOT,"Root, Inc.",Financial Services,Insurance - Property & Casualty,United States,NASDAQ,721332087.0,51.45,43.37,44.97,2,16.2,612,False,-49.99,19.07,-16.39,-23.49,-37.79,-21.52,0.84,61.5335,67.2489,82.7046,65.5603,51.0214,14340876,1254,2026-08-14,40.57,14020060.0
NASDAQ:HTLD,HTLD,"Heartland Express, Inc.",Industrials,Trucking,United States,NASDAQ,991093212.0,12.79,43.39,43.12,2,16.2,613,False,-21.04,81.65,11.39,18.02,21.5,13.83,4.38,11.4826,10.8368,10.5264,11.2356,12.253,10306828,1255,2026-08-14,41.52,77489696.0
NYSE:AMBQ,AMBQ,"Ambiq Micro, Inc.",Technology,Semiconductors,United States,NYSE,1557622205.0,64.51,43.43,45.25,2,16.3,614,True,-28.7,183.44,42.49,50.33,,,,45.2745,42.9133,,,,32740050,263,2026-08-14,43.17,24145438.0
NASDAQ:CLSK,CLSK,"CleanSpark, Inc.",Financial Services,Capital Markets,United States,NASDAQ,3102398047.0,12.09,43.43,44.53,2,16.3,615,True,-47.89,47.8,-5.36,-6.9,3.53,3.72,25.37,12.7741,12.9859,11.6779,11.6562,9.6432,295681932,1255,2026-08-14,39.94,256608606.0
NASDAQ:SHIM,SHIM,Shimmick Corporation,Industrials,Engineering & Construction,United States,NASDAQ,152058654.0,3.71,43.43,45.65,2,16.3,616,False,-44.38,80.98,2.05,7.29,31.85,,,3.6356,3.458,2.8139,,,326570,688,2026-08-14,43.88,40986160.0
NASDAQ:COCO,COCO,"The Vita Coco Company, Inc.",Consumer Defensive,Beverages - Non-Alcoholic,United States,NASDAQ,3773321417.0,65.21,43.45,44.3,2,16.3,617,False,-22.39,97.19,9.64,18.06,47.32,70.77,97.42,59.4767,55.2332,44.2629,38.1859,33.0318,75747372,1207,2026-08-14,43.45,57864153.0
NYSE:UDR,UDR,"UDR, Inc.",Real Estate,REIT - Residential,United States,NYSE,12188764583.0,37.94,43.48,45.74,2,16.4,618,False,-7.67,16.24,4.21,4.38,-0.74,3.3,3.89,36.4072,36.3489,38.2224,36.7265,36.5178,129971453,1255,2026-08-14,43.48,321264222.0
NYSE:CMI,CMI,Cummins Inc.,Industrials,Specialty Industrial Machinery,United States,NYSE,87106978434.0,631.26,43.49,45.27,2,16.4,619,False,-13.24,62.73,7.26,14.51,43.65,68.5,88.16,588.5222,551.2761,439.4293,374.645,335.4936,623744874,1255,2026-08-14,43.6,137989067.0
NASDAQ:GLPI,GLPI,"Gaming and Leisure Properties, Inc.",Real Estate,REIT - Specialty,United States,NASDAQ,12339975612.0,43.57,43.49,44.43,2,16.4,620,False,-9.56,9.02,-2.19,-1.92,-1.82,2.18,3.69,44.5438,44.4224,44.3765,42.6397,42.0181,95522618,1254,2026-08-14,44.06,283221841.0
NASDAQ:INVE,INVE,"Identiv, Inc.",Industrials,Building Products & Equipment,United States,NASDAQ,63616462.0,2.65,43.49,41.3,2,16.4,621,False,-49.91,6.0,-24.45,-25.22,-24.53,-41.36,-52.94,3.5077,3.5435,3.5114,4.5194,5.6309,562939,1255,2026-08-14,43.49,24006212.0
NYSE:ESAB,ESAB,ESAB Corporation,Industrials,Metal Fabrication,United States,NYSE,5269751361.0,84.81,43.51,44.83,2,16.5,622,False,-36.95,2.41,-18.89,-20.47,-24.57,-18.65,-7.08,104.5664,106.6389,112.4338,104.2583,91.272,54374702,1099,2026-08-14,43.91,62135967.0
NYSE:WBI,WBI,WaterBridge Infrastructure LLC Class A Shares Representing Limited Liability Company Interests,Energy,Oil & Gas Equipment & Services,United States,NYSE,1491819552.0,31.73,43.55,47.1,2,16.5,623,True,-12.37,69.77,19.25,,,,,26.607,,,,,21377275,228,2026-08-14,40.54,47016059.0
NYSE:DKS,DKS,Dick's Sporting Goods Inc,Consumer Cyclical,Specialty Retail,United States,NYSE,13316266651.0,201.97,43.57,44.29,2,16.6,624,False,-15.55,8.87,-4.02,-4.95,-2.44,6.33,17.85,210.4293,212.4928,207.0108,189.9428,171.3797,263484965,1255,2026-08-14,43.82,65931904.0
NYSE:NJR,NJR,NewJersey Resources Corporation,Utilities,Utilities - Regulated Gas,United States,NYSE,5611239459.0,55.6,43.57,45.62,2,16.6,625,False,-7.41,29.55,6.74,9.7,16.94,24.37,26.2,52.0902,50.685,47.5466,44.7039,44.0579,38203157,1255,2026-08-14,43.2,100921573.0
NASDAQ:VERI,VERI,"Veritone, Inc.",Technology,Software - Infrastructure,United States,NASDAQ,106897561.0,1.15,43.57,43.29,2,16.6,626,False,-86.29,15.12,-61.36,-64.91,-61.4,-60.27,-68.33,2.9763,3.2774,2.9795,2.8947,3.6313,3481943,1255,2026-08-14,66.54,92954401.0
NASDAQ:ZUMZ,ZUMZ,Zumiez Inc.,Consumer Cyclical,Apparel Retail,United States,NASDAQ,314498088.0,18.64,43.58,44.88,2,16.6,627,False,-39.12,20.34,-19.31,-16.59,-6.31,-3.38,-5.67,23.1014,22.3468,19.8944,19.2918,19.7594,4753978,1255,2026-08-14,45.89,16872215.0
NASDAQ:BEAM,BEAM,Beam Therapeutics Inc.,Healthcare,Biotechnology,United States,NASDAQ,2752018974.0,26.75,43.61,44.33,2,16.6,628,True,-29.46,67.08,-4.72,-0.62,7.37,5.22,-8.42,28.0755,26.9176,24.9143,25.4241,29.209,45790411,1255,2026-08-14,42.21,102879214.0
NASDAQ:SWBI,SWBI,"Smith & Wesson Brands, Inc.",Industrials,Aerospace & Defense,United States,NASDAQ,640938884.0,14.33,43.65,45.43,2,16.7,629,False,-13.29,88.89,12.68,20.09,29.85,22.6,27.23,12.7174,11.933,11.0357,11.6885,11.2635,6054946,1255,2026-08-14,43.81,44727068.0
NYSE:TE,TE,T1 Energy Inc.,Industrials,Electrical Equipment & Parts,United States,NYSE,1427076752.0,5.11,43.66,43.48,2,16.7,630,True,-57.56,305.56,-20.79,-9.26,43.48,57.67,3.83,6.4509,5.6314,3.5615,3.241,4.9216,224643751,1255,2026-08-14,39.89,279271380.0
NASDAQ:ANIP,ANIP,"ANI Pharmaceuticals, Inc.",Healthcare,Drug Manufacturers - Specialty & Generic,United States,NASDAQ,1740107662.0,76.54,43.7,44.7,2,16.7,631,True,-22.54,8.58,-4.88,-7.89,5.82,11.89,24.02,80.4681,83.0925,72.3271,68.4066,61.7163,28307614,1255,2026-08-14,38.17,22734618.0
NASDAQ:FHB,FHB,"First Hawaiian, Inc.",Financial Services,Banks - Regional,United States,NASDAQ,3365565047.0,27.66,43.72,45.96,2,16.7,632,False,-8.83,25.26,5.41,7.17,12.26,22.09,25.91,26.2395,25.8095,24.6393,22.6562,21.9681,58582276,1255,2026-08-14,46.16,121676249.0
NYSE:DBI,DBI,Designer Brands Inc.,Consumer Cyclical,Footwear & Accessories,United States,NYSE,253531198.0,5.89,43.74,45.69,2,16.8,633,False,-34.83,93.78,-6.59,2.43,17.35,-5.82,-18.44,6.3053,5.7505,5.0192,6.2542,7.2216,2355231,1255,2026-08-14,48.81,43044346.0
NYSE:ALK,ALK,"Alaska Air Group, Inc.",Industrials,Airlines,United States,NYSE,5127617941.0,45.96,43.75,46.74,2,16.8,634,False,-28.03,34.43,0.19,-3.6,-8.45,-0.91,-0.67,45.8733,47.6766,50.1994,46.3817,46.2681,133987120,1255,2026-08-14,47.92,111566970.0
NASDAQ:AAL,AAL,"American Airlines Group, Inc.",Industrials,Airlines,United States,NASDAQ,9817014373.0,14.83,43.78,46.52,2,16.9,635,False,-18.29,45.68,6.8,9.11,12.32,12.42,9.16,13.8858,13.5921,13.2037,13.1919,13.5852,1052759304,1255,2026-08-14,45.65,661969951.0
NASDAQ:ALDX,ALDX,"Aldeyra Therapeutics, Inc.",Healthcare,Biotechnology,United States,NASDAQ,94100866.0,1.56,43.78,43.84,2,16.9,636,True,-73.51,25.81,-52.72,-58.27,-63.18,-62.48,-68.65,3.2997,3.7387,4.237,4.1575,4.9762,1535553,1254,2026-08-14,34.11,60321068.0
NYSE:ALH,ALH,Alliance Laundry Holdings Inc.,Consumer Cyclical,"Furnishings, Fixtures & Appliances",United States,NYSE,5058562366.0,25.47,43.78,46.92,2,16.9,637,False,-9.07,33.63,6.77,,,,,23.8552,,,,,14753265,212,2026-08-14,45.87,198608652.0
NASDAQ:LOCO,LOCO,"El Pollo Loco Holdings, Inc.",Consumer Cyclical,Restaurants,United States,NASDAQ,473275331.0,15.54,43.78,47.14,2,16.9,638,False,-9.65,71.52,20.38,26.28,30.46,39.98,43.84,12.9091,12.3057,11.912,11.1016,10.8039,3819470,1254,2026-08-14,42.36,30455298.0
NYSE:SO,SO,Southern Company (The),Utilities,Utilities - Regulated Electric,United States,NYSE,106753683245.0,92.8,43.78,45.66,2,16.9,639,False,-5.59,12.16,1.13,1.08,5.04,14.49,21.57,91.76,91.8123,88.3442,81.052,76.3326,511639152,1255,2026-08-14,43.72,1150362966.0
NASDAQ:VKTX,VKTX,"Viking Therapeutics, Inc.",Healthcare,Biotechnology,United States,NASDAQ,3871710979.0,33.19,43.78,46.21,2,16.9,640,True,-21.22,43.74,-1.74,1.1,-10.21,-11.61,7.46,33.7771,32.8294,36.9625,37.5512,30.8855,67501756,1255,2026-08-14,42.39,116652937.0
NASDAQ:CXDO,CXDO,"Crexendo, Inc.",Communication Services,Telecom Services,United States,NASDAQ,215562230.0,6.65,43.79,44.04,2,17.0,641,False,-36.49,18.75,-6.18,-4.19,7.63,24.3,47.45,7.0882,6.9409,6.1784,5.3499,4.51,3509904,1255,2026-08-14,41.66,32415373.0
NYSE:CLVT,CLVT,Clarivate Plc,Technology,Information Technology Services,United Kingdom,NYSE,1234551526.0,1.93,43.81,44.04,2,17.0,642,False,-57.11,14.88,-27.93,-34.72,-51.6,-61.83,-68.99,2.678,2.9567,3.9879,5.0564,6.2237,11517781,1254,2026-08-14,45.02,639664003.0
NASDAQ:AAPL,AAPL,Apple Inc.,Technology,Consumer Electronics,United States,NASDAQ,4464797487400.0,305.93,43.82,47.23,2,17.0,643,False,-9.96,36.53,9.27,12.29,24.09,35.22,46.47,279.9858,272.4566,246.5465,226.2397,208.863,16735438699,1255,2026-08-14,43.18,14594180000.0
NYSE:NTST,NTST,NetSTREIT Corp.,Real Estate,REIT - Retail,United States,NYSE,2014267171.0,20.71,43.83,46.6,2,17.1,644,False,-6.96,23.5,7.06,8.89,22.43,27.46,28.27,19.3447,19.019,16.9159,16.2486,16.1458,27519183,1254,2026-08-14,42.21,97260607.0
NASDAQ:ALMS,ALMS,Alumis Inc.,Healthcare,Biotechnology,United States,NASDAQ,3124065742.0,25.31,43.84,46.82,2,17.1,645,True,-16.47,540.76,20.77,44.23,104.05,,,20.9574,17.5488,12.4039,,,24521398,533,2026-08-14,39.7,123432072.0
NASDAQ:SSBI,SSBI,Summit State Bank,Financial Services,Banks - Regional,United States,NASDAQ,87424679.0,12.92,43.85,44.48,2,17.1,646,False,-7.71,23.05,0.66,2.26,21.32,17.99,9.1,12.8355,12.635,10.6492,10.9504,11.8424,78131,1255,2026-08-14,43.57,6766616.0
NYSE:WPC,WPC,W. P. Carey Inc. REIT,Real Estate,REIT - Diversified,United States,NYSE,16315555317.0,71.62,43.88,45.79,2,17.1,647,False,-6.61,16.95,3.5,5.09,16.14,23.6,22.04,69.2009,68.1518,61.6694,57.9436,58.6873,95526666,1255,2026-08-14,43.02,227807251.0
NASDAQ:BRAI,BRAI,Braiin Limited,Technology,Computer Hardware,Australia,NASDAQ,1137607019.0,5.52,43.89,44.46,2,17.2,648,False,-62.81,20.0,,,,,,,,,,,682116,126,2026-08-14,46.55,206088228.0
NASDAQ:SKIN,SKIN,SkinHealth Systems Inc.,Consumer Defensive,Household & Personal Products,United States,NASDAQ,86443227.0,0.667,43.89,45.24,2,17.2,649,False,-74.64,15.0,-36.87,-46.31,-52.14,-68.37,-84.45,1.0565,1.2423,1.3936,2.1084,4.2887,474507,1254,2026-08-14,43.0,129600040.0
NASDAQ:NTIC,NTIC,Northern Technologies International Corporation,Basic Materials,Specialty Chemicals,United States,NASDAQ,75841088.0,7.99,43.9,45.66,2,17.2,650,False,-19.12,10.17,-2.88,-1.44,-14.79,-25.45,-27.02,8.2271,8.1066,9.3768,10.7178,10.9479,64325,1255,2026-08-14,46.56,9492001.0
NASDAQ:MTC,MTC,"MMTec, Inc.",Financial Services,Capital Markets,Hong Kong,NASDAQ,286812896.0,2.88,43.96,44.62,2,17.2,651,False,-68.21,847.37,-26.9,-13.08,15.16,-43.21,-53.43,3.9399,3.3135,2.5009,5.0715,6.1847,103949,1254,2026-08-14,46.41,99587811.0
NASDAQ:METCB,METCB,"Ramaco Resources, Inc.",Basic Materials,Coking Coal,United States,NASDAQ,78357106.0,6.81,43.98,41.52,2,17.3,652,True,-67.82,12.47,-37.62,-43.38,-35.22,-34.41,,10.9174,12.0272,10.512,10.3825,,503546,792,2026-08-14,36.77,11506183.0
NASDAQ:NODK,NODK,"NI Holdings, Inc.",Financial Services,Insurance - Property & Casualty,United States,NASDAQ,313365986.0,15.3,44.0,48.05,2,17.3,653,False,-6.31,25.0,9.94,10.95,8.68,9.1,10.02,13.9168,13.79,14.078,14.0243,13.9063,372648,1254,2026-08-14,44.93,20481437.0
NYSE:AMTM,AMTM,"Amentum Holdings, Inc.",Industrials,Specialty Business Services,United States,NYSE,5245471369.0,21.47,44.01,45.77,2,17.3,654,False,-42.79,6.87,-19.0,-17.3,,,,26.5056,25.9598,,,,49311915,474,2026-08-14,45.08,244316319.0
NASDAQ:ANIX,ANIX,"Anixa Biosciences, Inc.",Healthcare,Biotechnology,United States,NASDAQ,108193340.0,3.18,44.01,48.7,2,17.3,655,False,-39.08,35.32,-1.25,-2.94,1.07,-1.04,-8.67,3.2202,3.2763,3.1463,3.2134,3.4818,820599,1255,2026-08-14,44.92,34023063.0
NASDAQ:CORZ,CORZ,"Core Scientific, Inc.",Technology,Software - Infrastructure,United States,NASDAQ,6484650099.0,20.18,44.03,44.63,2,17.4,656,True,-30.8,48.93,1.89,5.59,29.17,,,19.8064,19.111,15.6233,,,295935690,642,2026-08-14,42.39,321340441.0
NYSE:MUR,MUR,Murphy Oil Corporation,Energy,Oil & Gas E&P,United States,NYSE,4956685491.0,34.57,44.03,45.72,2,17.4,657,False,-18.41,60.95,0.3,5.67,16.57,5.86,3.66,34.4679,32.7165,29.6554,32.6567,33.3504,62796280,1255,2026-08-14,44.78,143381125.0
NYSE:FICO,FICO,Fair Isaac Corporation,Technology,Software - Application,United States,NYSE,23450280130.0,1085.78,44.04,44.81,2,17.4,658,False,-42.23,17.72,-19.42,-21.9,-33.68,-26.98,-14.82,1347.4488,1390.2544,1637.1102,1486.9665,1274.7244,440322518,1255,2026-08-14,46.39,21597635.0
NASDAQ:PLMR,PLMR,"Palomar Holdings, Inc.",Financial Services,Insurance - Property & Casualty,United States,NASDAQ,3398061301.0,128.21,44.04,47.75,2,17.4,659,False,-11.76,26.41,3.12,4.14,4.75,22.81,36.69,124.3322,123.1123,122.3913,104.3982,93.7939,34918245,1254,2026-08-14,44.02,26503871.0
NASDAQ:MAMA,MAMA,"Mama's Creations, Inc.",Consumer Defensive,Packaged Foods,United States,NASDAQ,802078270.0,17.25,44.06,48.1,2,17.5,660,True,-16.46,116.17,16.25,24.97,60.61,94.97,142.3,14.839,13.8037,10.7402,8.8474,7.1193,8819410,1254,2026-08-14,40.82,46497291.0
NASDAQ:CRBU,CRBU,"Caribou Biosciences, Inc.",Healthcare,Biotechnology,United States,NASDAQ,156705308.0,1.58,44.07,43.99,2,17.5,661,False,-44.37,13.67,-14.1,-16.75,-8.94,-41.46,-58.63,1.8394,1.8978,1.7351,2.6988,3.8196,1784851,1254,2026-08-14,46.43,99180575.0
NASDAQ:ENVX,ENVX,Enovix Corporation,Industrials,Electrical Equipment & Parts,United States,NASDAQ,957693602.0,4.39,44.08,43.35,2,17.5,662,False,-66.72,19.29,-34.05,-41.28,-48.92,-53.76,-59.0,6.6563,7.4767,8.5938,9.4932,10.7063,26247973,1255,2026-08-14,44.69,218153440.0
NYSE:PSN,PSN,Parsons Corporation,Technology,Information Technology Services,United States,NYSE,5115978373.0,47.9,44.1,44.55,2,17.6,663,True,-46.35,18.8,-22.41,-27.18,-35.23,-33.92,-27.01,61.7373,65.779,73.9508,72.4876,65.6278,94477609,1254,2026-08-14,43.42,106805394.0
NASDAQ:ELVA,ELVA,Electrovaya Inc.,Industrials,Electrical Equipment & Parts,Canada,NASDAQ,393584466.0,7.95,44.11,45.07,2,17.6,664,True,-35.15,87.94,-5.83,-0.19,48.85,72.51,78.31,8.4419,7.965,5.3408,4.6085,4.4585,6138472,1255,2026-08-14,41.26,49507480.0
NYSE:PHIN,PHIN,PHINIA Inc.,Consumer Cyclical,Auto Parts,United States,NYSE,2729171175.0,74.49,44.11,45.68,2,17.6,665,True,-12.53,46.69,7.13,11.72,32.63,54.9,,69.5299,66.6777,56.1621,48.0901,,29504974,785,2026-08-14,42.15,36638088.0
NASDAQ:SMMT,SMMT,Summit Therapeutics Inc.,Healthcare,Biotechnology,United States,NASDAQ,10649957187.0,13.35,44.12,44.46,2,17.6,666,False,-50.52,6.37,-20.35,-25.15,-31.18,-6.69,18.94,16.7607,17.8352,19.3975,14.3076,11.2244,58143712,1254,2026-08-14,48.73,797749602.0
NYSE:SKYH,SKYH,Sky Harbour Group Corporation,Real Estate,Real Estate - Development,United States,NYSE,353781093.0,10.26,44.16,48.37,2,17.7,667,False,-10.7,23.61,6.79,5.42,-1.8,2.08,17.41,9.608,9.7326,10.4485,10.0509,8.7383,2100134,1255,2026-08-14,58.31,34481588.0
NYSE:XZO,XZO,"Exzeo Group, Inc.",Financial Services,Insurance - Diversified,United States,NYSE,1379232583.0,15.17,44.16,46.77,2,17.7,668,False,-37.44,20.88,,,,,,,,,,,2316665,193,2026-08-14,48.12,90918430.0
NASDAQ:CIRC,CIRC,"Circle8 Group, Inc.",Industrials,Staffing & Employment Services,United States,NASDAQ,60095400.0,0.668,44.18,44.15,2,17.7,669,False,-86.77,51.82,-67.06,-71.57,-79.5,-84.52,-92.3,2.0278,2.3494,3.2582,4.3156,8.6782,652384,1246,2026-08-14,44.89,89963174.0
NYSE:SNN,SNN,"Smith & Nephew SNATS, Inc.",Healthcare,Medical Devices,United Kingdom,NYSE,12527888565.0,29.81,44.18,46.01,2,17.7,670,False,-21.15,3.76,-7.32,-9.51,-0.97,5.54,8.29,32.1634,32.9441,30.1027,28.2455,27.5288,50381503,1255,2026-08-14,46.39,420257919.0
NYSE:VATE,VATE,INNOVATE Corp.,Industrials,Engineering & Construction,United States,NYSE,108589253.0,7.96,44.2,43.22,2,17.8,671,True,-60.32,100.0,-5.25,3.7,14.71,0.66,-25.56,8.4012,7.6762,6.9391,7.9079,10.6935,10600972,1255,2026-08-14,42.05,13641866.0
NASDAQ:WSHP,WSHP,WeShop Holdings Limited,Communication Services,Internet Content & Information,Jersey,NASDAQ,56538294.0,4.88,44.21,44.25,2,17.8,672,False,-97.56,8.2,,,,,,,,,,,321141,186,2026-08-14,46.13,11585716.0
NYSE:JBI,JBI,"Janus International Group, Inc.",Industrials,Building Products & Equipment,United States,NYSE,696965465.0,5.11,44.22,45.85,2,17.8,673,False,-52.15,7.81,-15.18,-25.59,-33.15,-45.35,-46.29,6.0244,6.8676,7.6437,9.35,9.5141,7003401,1254,2026-08-14,41.5,136392459.0
AMEX:TGEN,TGEN,Tecogen Inc.,Industrials,Electrical Equipment & Parts,United States,AMEX,109200525.0,3.65,44.22,44.01,2,17.8,674,False,-69.76,82.5,-24.15,-34.17,-14.26,17.68,39.8,4.8123,5.545,4.2569,3.1016,2.6109,815309,1255,2026-08-14,56.76,29917952.0
NASDAQ:RXT,RXT,"Rackspace Technology, Inc.",Technology,Software - Infrastructure,United States,NASDAQ,1068955206.0,4.21,44.23,46.24,2,17.9,675,False,-44.09,929.34,62.31,79.35,92.75,101.31,78.98,2.5939,2.3473,2.1842,2.0913,2.3522,32929158,1255,2026-08-14,45.24,253908600.0
NASDAQ:WULF,WULF,TeraWulf Inc.,Financial Services,Capital Markets,United States,NASDAQ,8612357370.0,17.38,44.23,43.85,2,17.9,676,True,-40.03,99.54,-1.95,6.11,64.4,122.33,180.43,17.7253,16.3796,10.5719,7.8171,6.1976,573539689,1255,2026-08-14,38.91,495532645.0
NASDAQ:WLTH,WLTH,Wealthfront Corporation,Technology,Software - Application,United States,NASDAQ,1365161514.0,9.14,44.24,45.82,2,17.9,677,False,-34.48,26.94,,,,,,,,,,,7801398,166,2026-08-14,50.36,149361216.0
NASDAQ:CRDF,CRDF,"Cardiff Oncology, Inc.",Healthcare,Biotechnology,United States,NASDAQ,74683438.0,0.96,44.25,42.12,2,18.0,678,False,-70.09,18.52,-47.01,-49.13,-62.57,-61.79,-58.42,1.8117,1.8871,2.565,2.5122,2.3088,850335,1255,2026-08-14,46.15,77795248.0
NASDAQ:BTSG,BTSG,"BrightSpring Health Services, Inc.",Healthcare,Health Information Services,United States,NASDAQ,12111106605.0,61.71,44.28,46.03,2,18.0,679,False,-15.36,175.0,28.27,40.82,97.73,,,48.1107,43.8205,31.2098,,,203888815,640,2026-08-14,41.01,196258412.0
NASDAQ:SNFCA,SNFCA,Security National Financial Corporation,Financial Services,Insurance - Life,United States,NASDAQ,207802706.0,9.28,44.29,47.12,2,18.0,680,True,-7.01,25.57,5.4,7.1,1.56,10.91,19.43,8.8043,8.6651,9.1372,8.3668,7.7702,252849,1255,2026-08-14,42.77,22392533.0
NASDAQ:COIN,COIN,"Coinbase Global, Inc.",Financial Services,Financial Data & Stock Exchanges,United States,NASDAQ,33079566161.0,148.47,44.32,44.91,2,18.0,681,False,-61.66,5.23,-26.85,-35.24,-37.95,-30.83,-16.06,202.979,229.2722,239.2631,214.6473,176.8851,1214907450,1255,2026-08-14,48.19,222803032.0
NASDAQ:KLRA,KLRA,"Kailera Therapeutics, Inc.",Healthcare,Biotechnology,United States,NASDAQ,2324407008.0,17.94,44.32,43.78,2,18.0,682,False,-31.0,7.17,,,,,,,,,,,7545094,82,2026-08-14,44.53,129565608.0
NASDAQ:SCHL,SCHL,Scholastic Corporation,Communication Services,Publishing,United States,NASDAQ,747168299.0,41.43,44.34,45.67,2,18.1,683,False,-12.48,74.02,13.22,20.03,46.76,35.9,29.15,36.5934,34.5166,28.2299,30.4861,32.0789,16933901,1255,2026-08-14,44.88,18034475.0
NASDAQ:WW,WW,"WW International, Inc.",Healthcare,Medical Care Facilities,United States,NASDAQ,140582566.0,14.06,44.39,46.01,2,18.1,684,False,-59.74,54.17,-28.77,-35.56,,,,19.7389,21.8178,,,,3091992,284,2026-08-14,46.02,9998760.0
AMEX:ARMP,ARMP,"Armata Pharmaceuticals, Inc.",Healthcare,Biotechnology,United States,AMEX,167401294.0,4.56,44.4,42.82,2,18.2,685,False,-69.19,87.65,-39.63,-31.5,4.62,17.19,29.4,7.5529,6.6567,4.3587,3.8912,3.5239,662367,1255,2026-08-14,47.78,36710810.0
NASDAQ:YDDL,YDDL,One and One Green Technologies. INC,Industrials,Waste Management,Philippines,NASDAQ,85700928.0,1.87,44.4,38.45,2,18.2,686,True,-87.81,10.0,-63.89,,,,,5.1784,,,,,19780,212,2026-08-14,36.6,45829373.0
NASDAQ:CIFR,CIFR,Cipher Digital Inc.,Technology,Information Technology Services,United States,NASDAQ,7303573412.0,17.855,44.41,45.29,2,18.2,687,True,-38.81,242.71,-4.03,3.13,63.64,110.35,161.08,18.6052,17.3132,10.9114,8.4883,6.8389,705051390,1255,2026-08-14,40.86,409049197.0
NASDAQ:DVLT,DVLT,Datavault AI Inc.,Technology,Software - Infrastructure,United States,NASDAQ,273779838.0,0.32,44.41,43.55,2,18.2,688,False,-90.64,14.29,-61.06,-63.56,-70.17,-96.86,-99.96,0.8219,0.8781,1.0726,10.1968,744.0271,6816269,1255,2026-08-14,44.41,855561995.0
NASDAQ:RUN,RUN,Sunrun Inc.,Technology,Solar,United States,NASDAQ,2430817235.0,10.19,44.44,43.25,2,18.3,689,False,-52.41,8.64,-33.28,-35.24,-23.81,-23.96,-36.68,15.2719,15.7352,13.374,13.4015,16.0937,100356845,1255,2026-08-14,40.75,238549287.0
NYSE:TAP.A,TAP-A,Molson Coors Beverage Company,Consumer Defensive,Beverages - Brewers,United States,NYSE,107006670.0,41.75,44.44,43.88,2,18.3,690,False,-23.85,5.67,-9.64,-11.25,-18.02,-22.0,-24.3,46.2062,47.0436,50.9253,53.527,55.1541,3094,1255,2026-08-14,44.44,2563034.0
NASDAQ:SVRA,SVRA,"Savara, Inc.",Healthcare,Biotechnology,United States,NASDAQ,1102508401.0,5.38,44.45,46.32,2,18.3,691,True,-22.48,99.26,-1.87,6.06,31.28,29.25,47.99,5.4824,5.0727,4.0982,4.1625,3.6354,9436583,1254,2026-08-14,41.2,204927212.0
NASDAQ:JAZZ,JAZZ,Jazz Pharmaceuticals plc,Healthcare,Biotechnology,Ireland,NASDAQ,15387806155.0,244.96,44.46,49.4,2,18.3,692,False,-6.37,109.96,24.23,33.6,63.09,74.67,74.01,197.1903,183.3579,150.1969,140.2382,140.7773,207690238,1255,2026-08-14,45.4,62817628.0
NASDAQ:LCID,LCID,"Lucid Group, Inc.",Consumer Cyclical,Auto Manufacturers,United States,NASDAQ,2427397346.0,6.22,44.49,47.08,2,18.4,693,False,-74.89,34.63,-33.37,-46.9,-67.81,-75.64,-85.82,9.3347,11.7143,19.3238,25.5343,43.8574,89855184,1255,2026-08-14,46.66,390256808.0
NYSE:MAGN,MAGN,Magnera Corporation,Consumer Defensive,Household & Personal Products,United States,NYSE,444288000.0,12.48,44.49,47.65,2,18.4,694,True,-18.22,56.78,2.93,4.41,-16.29,-28.63,-49.41,12.1244,11.9529,14.9078,17.4852,24.6682,6331072,1255,2026-08-14,40.2,35600000.0
NYSE:ABG,ABG,Asbury Automotive Group Inc,Consumer Cyclical,Auto & Truck Dealerships,United States,NYSE,3781750835.0,210.66,44.5,47.95,2,18.4,695,False,-18.66,19.5,-2.42,-5.18,-9.22,-7.74,-4.4,215.8818,222.1642,232.0554,228.324,220.3625,61692948,1255,2026-08-14,44.42,17951917.0
NYSE:HGV,HGV,Hilton Grand Vacations Inc.,Consumer Cyclical,Resorts & Casinos,United States,NYSE,3569869980.0,45.93,44.5,45.04,2,18.4,696,False,-16.02,24.17,0.15,0.71,7.77,8.81,8.29,45.8619,45.6062,42.6177,42.2098,42.4129,55671276,1254,2026-08-14,41.03,77724145.0
NYSE:HLI,HLI,"Houlihan Lokey, Inc.",Financial Services,Capital Markets,United States,NYSE,6974139190.0,128.68,44.5,44.16,2,18.4,697,False,-37.74,4.29,-18.11,-22.05,-22.79,-14.24,-3.95,157.137,165.0863,166.6577,150.0428,133.9672,132299245,1254,2026-08-14,48.63,54197538.0
AMEX:SEB,SEB,Seaboard Corporation,Industrials,Conglomerates,United States,AMEX,4179956589.0,4364.1499,44.5,42.8,2,18.4,698,False,-26.69,35.9,-9.1,-4.33,18.77,21.96,20.46,4801.1829,4561.8298,3674.3365,3578.3071,3622.8674,45235016,1255,2026-08-14,35.5,957794.0
NYSE:CC,CC,Chemours Company (The),Basic Materials,Specialty Chemicals,United States,NYSE,2385409071.0,15.85,44.51,43.14,2,18.5,699,False,-42.74,53.44,-10.56,-7.55,-1.72,-16.88,-25.85,17.7223,17.1435,16.1271,19.0697,21.3769,48403754,1255,2026-08-14,39.97,150498995.0
NASDAQ:JLHL,JLHL,Julong Holding Limited,Industrials,Building Products & Equipment,China,NASDAQ,82315664.0,7.19,44.51,44.93,2,18.5,700,False,-83.95,135.74,-21.71,-11.48,,,,9.1838,8.1227,,,,17625204,286,2026-08-14,45.65,11448632.0
NASDAQ:CMPR,CMPR,Cimpress plc,Industrials,Specialty Business Services,Ireland,NASDAQ,2288963221.0,94.46,44.55,47.34,2,18.6,701,False,-10.3,65.43,15.95,21.79,34.96,29.01,46.02,81.4681,77.559,69.9936,73.2165,64.6917,18391912,1255,2026-08-14,49.46,24232090.0
NASDAQ:CMII,CMII,Columbus Circle Capital Corp II,Financial Services,Shell Companies,United States,NASDAQ,237123300.0,10.02,44.56,48.58,2,18.6,702,True,-1.28,2.14,,,,,,,,,,,718095,116,2026-08-14,44.56,23665000.0
NASDAQ:KROS,KROS,"Keros Therapeutics, Inc.",Healthcare,Biotechnology,United States,NASDAQ,199897554.0,10.1,44.58,45.46,2,18.6,703,False,-53.75,1.92,-28.16,-29.49,-52.52,-65.79,-69.73,14.0584,14.3235,21.2716,29.5256,33.3651,2140462,1254,2026-08-14,50.83,19791837.0
NYSE:PFSI,PFSI,"PennyMac Financial Services, Inc.",Financial Services,Mortgage Finance,United States,NYSE,4051697996.0,78.03,44.58,44.51,2,18.6,704,False,-50.73,3.47,-23.33,-25.62,-23.88,-18.24,-9.29,101.7758,104.9138,102.514,95.4421,86.0221,55697304,1254,2026-08-14,47.86,51924875.0
NYSE:FBIN,FBIN,"Fortune Brands Innovations, Inc.",Industrials,Building Products & Equipment,United States,NYSE,5706997069.0,47.84,44.59,48.48,2,18.7,705,False,-24.86,44.31,1.3,-1.71,-16.02,-21.32,-19.84,47.2265,48.6738,56.963,60.8009,59.6813,123246222,1255,2026-08-14,46.32,119293417.0
NASDAQ:FTRE,FTRE,Fortrea Holdings Inc.,Healthcare,Biotechnology,United States,NASDAQ,1655691000.0,17.41,44.59,48.48,2,18.7,706,False,-15.89,125.23,24.32,33.04,31.29,-8.73,,14.004,13.0868,13.2608,19.0747,,33323298,792,2026-08-14,47.01,95100000.0
NYSE:RFL,RFL,"Rafael Holdings, Inc.",Real Estate,Real Estate Services,United States,NYSE,101913538.0,1.99,44.59,46.92,2,18.7,707,True,-47.35,71.55,30.39,32.29,20.82,18.71,13.64,1.5261,1.5043,1.6471,1.6764,1.7511,191207,1254,2026-08-14,43.66,51212833.0
NASDAQ:BYRN,BYRN,"Byrna Technologies, Inc.",Industrials,Aerospace & Defense,United States,NASDAQ,95085162.0,4.19,44.6,44.04,2,18.8,708,False,-84.84,31.76,-60.82,-67.42,-75.97,-70.83,-66.5,10.6955,12.8598,17.4352,14.3658,12.5084,3672667,1255,2026-08-14,45.91,22693356.0
NYSE:GNL,GNL,"Global Net Lease, Inc.",Real Estate,REIT - Diversified,United States,NYSE,1849148479.0,8.76,44.6,45.82,2,18.8,709,False,-8.36,27.77,0.55,4.07,16.6,23.29,19.81,8.7117,8.417,7.513,7.1051,7.3117,22553610,1254,2026-08-14,52.46,211090009.0
NYSE:XFLH,XFLH,XFLH Capital Corporation,Financial Services,Shell Companies,United States,NYSE,138605264.0,9.98,44.6,47.47,2,18.8,710,False,-2.44,1.22,,,,,,,,,,,76316,110,2026-08-14,44.6,13888303.0
AMEX:NXB,NXB,NextBoat Inc. Common Stcok,Consumer Cyclical,Auto & Truck Dealerships,United States,AMEX,50248014.0,2.01,44.61,45.26,2,18.8,711,False,-47.11,5.24,,,,,,,,,,,90663,187,2026-08-14,49.78,24999012.0
NYSE:UMC,UMC,United Microelectronics Corporation (NEW),Technology,Semiconductors,Taiwan,NYSE,48026449307.0,19.15,44.62,46.33,2,18.9,712,False,-30.43,196.15,45.12,60.7,105.08,124.63,141.55,13.1957,11.917,9.3376,8.525,7.928,276978384,1255,2026-08-14,45.71,2507908580.0
NASDAQ:APC,APC,ARKO Petroleum Corp.,Energy,Oil & Gas Refining & Marketing,United States,NASDAQ,241976793.0,19.25,44.63,46.78,2,18.9,713,False,-10.67,12.57,,,,,,,,,,,2591404,126,2026-08-14,42.46,12570223.0
NASDAQ:CCOI,CCOI,"Cogent Communications Holdings, Inc.",Communication Services,Telecom Services,United States,NASDAQ,566378369.0,11.31,44.63,43.47,2,18.9,714,False,-74.84,14.01,-42.63,-52.38,-73.62,-76.55,-76.85,19.7152,23.7529,42.8748,48.2218,48.865,18769661,1255,2026-08-14,37.34,50077663.0
NASDAQ:OPXS,OPXS,"Optex Systems Holdings, Inc.",Industrials,Aerospace & Defense,United States,NASDAQ,79133756.0,11.37,44.66,45.72,2,18.9,715,False,-34.35,14.73,-13.11,-12.92,7.28,25.68,51.18,13.0859,13.0571,10.5985,9.0467,7.5206,372198,1255,2026-08-14,48.97,6959873.0
NASDAQ:COGT,COGT,"Cogent Biosciences, Inc.",Healthcare,Biotechnology,United States,NASDAQ,6481023392.0,37.93,44.67,47.84,2,19.0,716,True,-11.46,223.91,5.81,21.32,90.55,137.97,150.59,35.8481,31.2646,19.9051,15.9387,15.136,73405243,1254,2026-08-14,42.33,170868004.0
NASDAQ:FER,FER,Ferrovial N.V.,Industrials,Engineering & Construction,Netherlands,NASDAQ,46234661700.0,64.13,44.67,45.46,2,19.0,717,False,-12.94,21.93,-3.55,-0.56,18.39,34.51,52.24,66.489,64.4903,54.1699,47.6771,42.1253,102900915,1254,2026-08-14,46.33,720952155.0
NASDAQ:ON,ON,ON Semiconductor Corporation,Technology,Semiconductors,United States,NASDAQ,32170081861.0,82.66,44.68,44.36,2,19.0,718,True,-38.28,84.1,8.15,16.4,29.04,20.51,17.02,76.4313,71.0161,64.0555,68.5896,70.6371,809649915,1255,2026-08-14,43.05,389185602.0
NYSE:TTAM,TTAM,Titan America SA,Basic Materials,Building Materials,Belgium,NYSE,2957173939.0,16.04,44.68,45.5,2,19.0,719,True,-16.98,13.49,-2.79,-1.06,,,,16.5012,16.2112,,,,4625583,380,2026-08-14,40.0,184362465.0
NASDAQ:AISP,AISP,"Airship AI Holdings, Inc",Technology,Software - Infrastructure,United States,NASDAQ,67501542.0,1.96,44.69,43.48,2,19.1,720,True,-71.92,14.62,-29.37,-39.96,-46.08,-58.22,-67.75,2.7751,3.2643,3.635,4.6915,6.0775,730469,1255,2026-08-14,43.41,34439562.0
NASDAQ:LNT,LNT,Alliant Energy Corporation,Utilities,Utilities - Regulated Electric,United States,NASDAQ,18234358812.0,70.6,44.7,45.06,2,19.1,721,True,-8.83,14.42,1.81,3.42,11.79,22.72,27.8,69.3432,68.2679,63.1542,57.5308,55.2446,196610029,1255,2026-08-14,42.4,258277037.0
NYSE:WRB,WRB,W.R. Berkley Corporation,Financial Services,Insurance - Property & Casualty,United States,NYSE,26163299580.0,70.51,44.72,48.29,2,19.1,722,False,-7.76,11.97,2.26,1.33,7.47,18.67,29.15,68.9504,69.5847,65.6084,59.4164,54.5956,133928803,1255,2026-08-14,44.5,371058000.0
NYSE:CMS,CMS,CMS Energy Corporation,Utilities,Utilities - Regulated Electric,United States,NYSE,22298470141.0,71.11,44.73,44.89,2,19.2,723,False,-9.63,5.22,-2.19,-1.52,2.44,10.76,15.01,72.6992,72.2059,69.4187,64.2005,61.8294,286104587,1255,2026-08-14,40.73,313577136.0
NASDAQ:MNTS,MNTS,Momentus Inc.,Industrials,Aerospace & Defense,United States,NASDAQ,91165345.0,4.84,44.73,44.18,2,19.2,724,False,-84.15,49.85,-40.23,-57.34,-90.05,-97.73,-99.84,8.098,11.3448,48.6669,213.1543,2936.6514,5870572,1255,2026-08-14,45.48,18835815.0
NYSE:PNR,PNR,Pentair plc.,Industrials,Specialty Industrial Machinery,United Kingdom,NYSE,10559136000.0,66.16,44.74,43.96,2,19.2,725,False,-40.52,8.08,-25.2,-28.46,-29.5,-23.43,-14.4,88.4503,92.4813,93.8465,86.4045,77.2913,201192828,1255,2026-08-14,46.67,159600000.0
NASDAQ:CNTN,CNTN,"Canton Strategic Holdings, Inc.",Healthcare,Biotechnology,United States,NASDAQ,155787620.0,2.02,44.75,42.51,2,19.2,726,False,-73.8,72.65,-35.95,-36.78,-21.03,-81.54,-97.23,3.1538,3.195,2.5581,10.9439,72.8746,1425197,1151,2026-08-14,41.68,77122584.0
NYSE:ONT,ONT,"Onterris, Inc.",Industrials,Waste Management,United States,NYSE,636773180.0,17.62,44.76,45.88,2,19.3,727,False,-43.27,21.52,-20.3,-24.92,-21.43,-34.28,-42.08,22.1069,23.4697,22.4248,26.8093,30.4204,14123186,1254,2026-08-14,44.29,36139227.0
NYSE:AVB,AVB,"AvalonBay Communities, Inc.",Real Estate,REIT - Residential,United States,NYSE,26283393070.0,184.06,44.77,46.83,2,19.3,728,False,-5.85,16.81,3.9,3.06,-3.53,0.24,3.81,177.1477,178.5978,190.7877,183.6228,177.2981,176760398,1255,2026-08-14,44.49,142797963.0
NASDAQ:INNV,INNV,InnovAge Holding Corp.,Healthcare,Medical Care Facilities,United States,NASDAQ,1440163130.0,10.61,44.78,49.22,2,19.3,729,False,-12.39,209.33,36.35,48.87,85.31,89.87,82.26,7.7812,7.127,5.7254,5.5879,5.8213,2740389,1254,2026-08-14,45.27,135736393.0
NASDAQ:TLPH,TLPH,"Talphera, Inc.",Healthcare,Drug Manufacturers - Specialty & Generic,United States,NASDAQ,63836567.0,1.23,44.79,49.26,2,19.3,730,True,-16.33,186.05,19.5,23.41,49.64,45.01,2.64,1.0292,0.9967,0.822,0.8482,1.1984,365619,1255,2026-08-14,43.22,51899648.0
NASDAQ:ADV,ADV,Advantage Solutions Inc.,Communication Services,Advertising Agencies,United States,NASDAQ,435819278.0,32.78,44.8,45.67,2,19.4,731,False,-33.1,161.2,14.69,4.64,-28.61,-44.44,-44.57,28.5808,31.3251,45.9155,58.9954,59.1374,4143020,1254,2026-08-14,45.1,13295280.0
NASDAQ:CLNE,CLNE,Clean Energy Fuels Corp.,Energy,Oil & Gas Refining & Marketing,United States,NASDAQ,403011080.0,1.83,44.8,44.38,2,19.4,732,False,-40.2,15.82,-17.29,-20.4,-22.55,-30.47,-45.0,2.2126,2.2989,2.3629,2.6318,3.3271,3390027,1255,2026-08-14,41.85,220224634.0
NYSE:VSH,VSH,"Vishay Intertechnology, Inc.",Technology,Semiconductors,United States,NYSE,4956128920.0,35.08,44.8,44.47,2,19.4,733,True,-45.95,201.13,27.33,40.12,70.49,66.72,66.4,27.5506,25.0356,20.5763,21.0414,21.0812,177684232,1255,2026-08-14,40.79,141280756.0
NYSE:BALL,BALL,Ball Corporation,Consumer Cyclical,Packaging & Containers,United States,NYSE,16459359310.0,61.82,44.81,49.11,2,19.5,734,False,-8.16,34.64,7.13,10.32,10.56,9.84,11.94,57.7033,56.0385,55.9136,56.2835,55.2271,123410752,1255,2026-08-14,45.38,266246511.0
NYSE:UAMY,UAMY,United States Antimony Corporation,Basic Materials,Other Industrial Metals & Mining,United States,NYSE,816502777.0,5.51,44.81,44.43,2,19.5,735,False,-68.46,33.41,-29.85,-29.02,14.71,66.87,114.07,7.8547,7.7626,4.8036,3.3019,2.5739,37106535,1255,2026-08-14,43.02,148185622.0
NASDAQ:BCML,BCML,BayCom Corp,Financial Services,Banks - Regional,United States,NASDAQ,338952479.0,31.07,44.84,46.11,2,19.5,736,True,-10.69,17.91,4.22,5.51,14.35,26.87,37.78,29.8108,29.4471,27.1699,24.4901,22.5507,1733337,1255,2026-08-14,44.72,10909317.0
NASDAQ:WWD,WWD,"Woodward, Inc.",Industrials,Aerospace & Defense,United States,NASDAQ,21880019059.0,370.56,44.92,45.44,2,19.5,737,True,-15.09,56.57,4.89,11.83,42.03,66.64,93.43,353.2947,331.3581,260.9006,222.3761,191.576,252856807,1255,2026-08-14,37.3,59045820.0
NASDAQ:AMAT,AMAT,"Applied Materials, Inc.",Technology,Semiconductor Equipment & Materials,United States,NASDAQ,402680343707.0,507.18,44.94,46.98,2,19.5,738,False,-29.85,226.04,30.64,45.94,94.76,118.07,151.28,388.2192,347.5265,260.4116,232.5714,201.8347,4011561315,1255,2026-08-14,49.52,793959430.0
NASDAQ:STRL,STRL,"Sterling Infrastructure, Inc.",Industrials,Engineering & Construction,United States,NASDAQ,17689838762.0,576.48,44.95,44.44,2,19.6,739,False,-41.99,110.53,12.32,21.51,79.1,134.84,197.99,513.2621,474.4445,321.8684,245.4754,193.4565,475797285,1255,2026-08-14,41.17,30685954.0
NASDAQ:QXL,QXL,Quantum X Labs Inc.,Technology,Information Technology Services,Israel,NASDAQ,58813489.0,4.41,44.96,46.63,2,19.6,740,False,-35.62,324.04,51.78,49.84,9.9,35.18,36.94,2.9056,2.9432,4.0127,3.2623,3.2204,356280,1254,2026-08-14,50.23,13336392.0
NYSE:RVLV,RVLV,"Revolve Group, Inc.",Consumer Cyclical,Internet Retail,United States,NYSE,981058927.0,23.69,44.96,48.53,2,19.6,741,False,-24.67,35.29,-3.15,-1.29,-3.94,7.52,6.7,24.4616,23.9985,24.6604,22.0332,22.2015,23442072,1254,2026-08-14,47.87,41412365.0
NASDAQ:OKUR,OKUR,"OnKure Therapeutics, Inc.",Healthcare,Biotechnology,United States,NASDAQ,161177965.0,3.99,44.97,46.18,2,19.7,742,True,-24.29,71.98,10.46,16.3,-31.52,-74.5,-83.16,3.6121,3.4307,5.8264,15.6485,23.6977,520079,1254,2026-08-14,40.53,40395480.0
NYSE:PG,PG,Procter & Gamble Company (The),Consumer Defensive,Household & Personal Products,United States,NYSE,336598982270.0,144.55,44.97,46.89,2,19.7,743,False,-12.25,7.05,-0.86,-1.47,-5.52,-4.19,-1.09,145.8063,146.7043,152.9896,150.8685,146.1437,1201872597,1255,2026-08-14,44.04,2328598978.0
NASDAQ:POWL,POWL,"Powell Industries, Inc.",Industrials,Electrical Equipment & Parts,United States,NASDAQ,7777428429.0,213.48,44.97,44.15,2,19.7,744,True,-33.69,160.22,9.28,21.75,73.0,123.77,185.22,195.3472,175.3481,123.3954,95.4018,74.8473,155359940,1255,2026-08-14,39.25,36431649.0
NASDAQ:MAZE,MAZE,"Maze Therapeutics, Inc.",Healthcare,Biotechnology,United States,NASDAQ,1504284194.0,27.18,45.01,46.75,2,19.7,745,False,-47.56,105.44,-21.22,-14.82,,,,34.5019,31.9102,,,,9599023,385,2026-08-14,47.78,55345261.0
NASDAQ:HBNB,HBNB,Hotel101 Global Holdings Corp.,Real Estate,Real Estate Services,Singapore,NASDAQ,1263774884.0,5.4,45.02,45.98,2,19.8,746,False,-46.0,174.11,-19.74,-9.31,,,,6.7283,5.9545,,,,28686,301,2026-08-14,48.82,234032386.0
NASDAQ:MNOV,MNOV,"MediciNova, Inc.",Healthcare,Biotechnology,United States,NASDAQ,64479832.0,1.31,45.02,46.2,2,19.8,747,False,-30.32,11.02,-8.21,-6.05,-13.78,-15.64,-24.21,1.4272,1.3944,1.5193,1.5529,1.7286,36933,1255,2026-08-14,45.02,49221246.0
NYSE:ELAN,ELAN,Elanco Animal Health Incorporated,Healthcare,Drug Manufacturers - Specialty & Generic,United States,NYSE,11821971630.0,23.67,45.04,46.59,2,19.8,748,False,-11.81,36.43,0.42,4.38,33.67,44.27,54.87,23.5702,22.6775,17.7079,16.4066,15.2835,202373380,1254,2026-08-14,35.81,499449583.0
NASDAQ:CV,CV,"CapsoVision, Inc.",Healthcare,Medical Devices,United States,NASDAQ,322764766.0,6.46,45.05,46.94,2,19.8,749,False,-55.2,81.46,-3.66,3.96,,,,6.7052,6.2142,,,,677894,281,2026-08-14,50.63,49963586.0
NASDAQ:ICHR,ICHR,Ichor Holdings,Technology,Semiconductor Equipment & Materials,United States,NASDAQ,2477304116.0,71.05,45.06,46.01,2,19.9,750,False,-36.72,398.6,38.49,59.38,101.23,102.55,109.1,51.3019,44.5799,35.307,35.0777,33.9787,71419258,1255,2026-08-14,45.17,34867053.0
NYSE:KEP,KEP,Korea Electric Power Corporation,Utilities,Utilities - Regulated Electric,South Korea,NYSE,15111834373.0,11.77,45.07,45.17,2,19.9,751,True,-49.4,3.98,-25.18,-23.03,-2.91,12.2,21.67,15.73,15.2927,12.1222,10.4904,9.6741,12814219,1255,2026-08-14,40.47,1283928154.0
NASDAQ:WINA,WINA,Winmark Corporation,Consumer Cyclical,Specialty Retail,United States,NASDAQ,1260887241.0,351.01,45.1,44.88,2,19.9,752,False,-29.92,6.23,-13.48,-15.48,-9.59,-6.79,1.3,405.7089,415.2985,388.2385,376.5616,346.4935,17682671,1255,2026-08-14,44.43,3592169.0
NASDAQ:CPSH,CPSH,CPS Technologies Corp.,Technology,Electronic Components,United States,NASDAQ,83047011.0,4.31,45.11,45.01,2,20.0,753,True,-62.81,41.78,-7.24,-2.81,37.41,52.84,50.65,4.6466,4.4348,3.1366,2.8199,2.8609,1247326,1255,2026-08-14,44.47,19268448.0
NASDAQ:POWI,POWI,"Power Integrations, Inc.",Technology,Semiconductors,United States,NASDAQ,3496428996.0,62.75,45.11,45.13,2,20.0,754,True,-28.16,105.63,14.14,19.56,14.93,3.81,-2.5,54.978,52.484,54.5978,60.4468,64.3602,39671831,1255,2026-08-14,44.35,55719984.0
NASDAQ:WDFC,WDFC,WD-40 Company,Basic Materials,Specialty Chemicals,United States,NASDAQ,3076652047.0,229.24,45.13,47.93,2,20.0,755,False,-13.12,23.97,6.36,7.7,1.77,1.85,8.18,215.5388,212.8584,225.2587,225.0676,211.9064,27319779,1255,2026-08-14,46.01,13421096.0
NASDAQ:LAMR,LAMR,Lamar Advertising Company,Real Estate,REIT - Specialty,United States,NASDAQ,13534443338.0,155.47,45.14,48.68,2,20.0,756,False,-5.39,38.9,13.75,17.03,25.71,36.92,47.35,136.6711,132.8454,123.6736,113.544,105.5078,111976534,1255,2026-08-14,44.29,87055016.0
NYSE:GXO,GXO,"GXO Logistics, Inc.",Industrials,Integrated Freight & Logistics,United States,NYSE,5589060454.0,48.58,45.15,45.97,3,20.0,757,False,-25.93,6.72,-8.93,-8.72,-2.93,-5.66,-4.8,53.345,53.2206,50.0489,51.496,51.0276,81009765,1255,2026-08-14,44.31,115048589.0
NASDAQ:CYPH,CYPH,Cypherpunk Technologies Inc.,Financial Services,Asset Management,United States,NASDAQ,68563126.0,0.644,45.16,45.53,3,20.1,758,False,-78.32,163.93,-30.03,-20.9,-45.0,-59.58,-76.99,0.9204,0.8142,1.171,1.5934,2.7994,839319,1255,2026-08-14,45.66,106464482.0
NYSE:PUK,PUK,Prudential Public Limited Company,Financial Services,Insurance - Life,Hong Kong,NYSE,34676673637.0,27.88,45.17,46.78,3,20.1,759,False,-15.95,11.61,-5.11,-3.37,16.62,24.09,21.15,29.3816,28.8529,23.9057,22.4681,23.0132,31670592,1255,2026-08-14,43.95,1243783129.0
NYSE:YUM,YUM,"Yum! Brands, Inc.",Consumer Cyclical,Restaurants,United States,NYSE,40434030000.0,148.11,45.17,45.74,3,20.1,760,False,-11.57,8.7,-3.52,-2.41,2.38,7.14,11.0,153.5097,151.7622,144.6726,138.2346,133.4327,370795189,1255,2026-08-14,49.17,273000000.0
NYSE:NEE,NEE,"NextEra Energy, Inc.",Utilities,Utilities - Regulated Electric,United States,NYSE,179790461834.0,86.19,45.18,45.82,3,20.2,761,False,-11.3,26.14,-0.92,1.96,10.92,20.11,20.35,86.9877,84.5364,77.7035,71.7572,71.6191,905593520,1255,2026-08-14,43.97,2085978209.0
NASDAQ:CEVA,CEVA,"CEVA, Inc.",Technology,Semiconductors,United States,NASDAQ,927159800.0,33.28,45.2,45.53,3,20.2,762,True,-33.52,93.38,16.48,19.12,22.89,33.23,29.47,28.5724,27.9383,27.0817,24.9801,25.7039,29263954,1255,2026-08-14,38.94,27859369.0
NYSE:GRBK,GRBK,"Green Brick Partners, Inc.",Consumer Cyclical,Residential Construction,United States,NYSE,3030533640.0,70.46,45.21,46.91,3,20.2,763,False,-12.57,15.02,2.07,1.68,4.62,12.85,27.1,69.032,69.2988,67.3464,62.4386,55.4376,14761609,1255,2026-08-14,45.8,43010696.0
NYSE:TROX,TROX,Tronox Holdings plc Ordinary Shares (UK),Basic Materials,Chemicals,United States,NYSE,950763600.0,5.96,45.21,44.74,3,20.2,764,False,-42.36,111.28,-8.3,-0.36,-15.73,-34.39,-38.89,6.4995,5.9816,7.0725,9.0844,9.7524,18633218,1255,2026-08-14,45.78,159524094.0
NYSE:ETR,ETR,Entergy Corporation,Utilities,Utilities - Regulated Electric,United States,NYSE,50321540744.0,107.84,45.23,45.45,3,20.3,765,True,-7.56,27.29,4.21,7.2,23.3,45.59,59.99,103.4818,100.5944,87.4626,74.0732,67.4025,287556504,1255,2026-08-14,41.62,466631498.0
NASDAQ:NKTX,NKTX,"Nkarta, Inc.",Healthcare,Biotechnology,United States,NASDAQ,166700684.0,2.33,45.23,45.0,3,20.3,766,True,-36.51,34.68,-2.42,-0.67,-7.63,-36.09,-48.63,2.3879,2.3457,2.5225,3.6458,4.5361,1439832,1255,2026-08-14,43.81,71545358.0
NYSE:APLE,APLE,"Apple Hospitality REIT, Inc.",Real Estate,REIT - Hotel & Motel,United States,NYSE,3793605593.0,16.07,45.24,49.39,3,20.3,767,False,-5.4,51.93,23.11,26.33,28.45,26.73,27.54,13.0538,12.7204,12.5103,12.6808,12.6004,52635727,1254,2026-08-14,39.98,236067554.0
NASDAQ:ONEW,ONEW,OneWater Marine Inc.,Consumer Cyclical,Specialty Retail,United States,NASDAQ,197748738.0,11.9,45.25,48.81,3,20.3,768,False,-31.84,42.51,1.97,-5.43,-22.47,-37.38,-46.24,11.6704,12.5832,15.3483,19.0039,22.137,1106528,1254,2026-08-14,49.44,16617541.0
NYSE:BOC,BOC,Boston Omaha Corporation,Industrials,Conglomerates,United States,NYSE,413101292.0,13.94,45.26,49.28,3,20.4,769,False,-7.62,26.04,8.72,7.79,1.86,-2.04,-15.94,12.8222,12.9321,13.6858,14.2296,16.5828,1438723,1254,2026-08-14,51.6,29634239.0
NASDAQ:MFI,MFI,mF International Limited,Technology,Software - Application,Hong Kong,NASDAQ,389422247.0,7.94,45.26,45.1,3,20.4,770,False,-82.12,30.16,-40.02,-55.82,-44.87,,,13.2383,17.9737,14.401,,,35234,581,2026-08-14,45.26,49045623.0
NYSE:CB,CB,Chubb Limited,Financial Services,Insurance - Property & Casualty,Switzerland,NYSE,132576263547.0,343.64,45.28,48.76,3,20.4,771,False,-5.46,28.91,7.06,10.25,16.41,25.34,35.28,320.9651,311.6887,295.195,274.1714,254.0293,658532530,1255,2026-08-14,46.08,385799859.0
NYSE:VMI,VMI,"Valmont Industries, Inc.",Industrials,Conglomerates,United States,NYSE,9560730924.0,495.25,45.29,45.52,3,20.4,772,True,-15.02,37.04,7.25,11.16,30.46,49.79,54.37,461.7887,445.5195,379.6288,330.6287,320.8176,108406823,1255,2026-08-14,43.45,19304858.0
NASDAQ:FLGT,FLGT,"Fulgent Genetics, Inc.",Healthcare,Diagnostics & Research,United States,NASDAQ,527115563.0,18.56,45.3,47.19,3,20.5,773,False,-39.84,34.59,-12.26,-13.26,-8.77,-15.19,-27.17,21.1543,21.3972,20.3443,21.8842,25.4839,5825750,1254,2026-08-14,45.97,28400623.0
NASDAQ:IMKTA,IMKTA,"Ingles Markets, Incorporated",Consumer Defensive,Grocery Stores,United States,NASDAQ,1265894220.0,87.01,45.3,46.49,3,20.5,774,False,-8.47,37.59,4.99,8.7,20.17,18.34,13.08,82.8734,80.0485,72.4055,73.5247,76.9441,11354477,1255,2026-08-14,49.17,14548836.0
NYSE:PGR,PGR,Progressive Corporation (The),Financial Services,Insurance - Property & Casualty,United States,NYSE,121855522992.0,209.6,45.32,47.54,3,20.5,775,False,-11.66,10.13,1.17,-0.71,-7.21,1.85,13.8,207.1662,211.0897,225.8944,205.8029,184.1894,502461182,1255,2026-08-14,44.26,581371770.0
NYSE:BYD,BYD,Boyd Gaming Corporation,Consumer Cyclical,Resorts & Casinos,United States,NYSE,6112499980.0,84.13,45.33,46.41,3,20.6,776,False,-7.81,10.28,0.16,0.23,8.93,18.34,23.46,83.9924,83.9344,77.231,71.0942,68.1436,85662321,1255,2026-08-14,41.99,72655414.0
NASDAQ:LNTH,LNTH,"Lantheus Holdings, Inc.",Healthcare,Drug Manufacturers - Specialty & Generic,United States,NASDAQ,6572458978.0,100.95,45.33,48.06,3,20.6,777,False,-9.0,101.46,25.32,34.42,20.77,27.28,29.36,80.5521,75.0989,83.587,79.3103,78.0353,183186026,1254,2026-08-14,45.3,65106082.0
NYSE:SITE,SITE,"SiteOne Landscape Supply, Inc.",Industrials,Industrial Distribution,United States,NYSE,4304421454.0,98.6,45.34,44.51,3,20.6,778,False,-39.6,5.13,-21.7,-22.72,-24.31,-28.39,-28.23,125.9186,127.5885,130.2722,137.6911,137.3815,96927093,1254,2026-08-14,44.01,43655390.0
NASDAQ:GFUZ,GFUZ,General Fusion Group Ltd.,Industrials,Specialty Industrial Machinery,Canada,NASDAQ,656278315.0,8.13,45.37,45.84,3,20.6,779,False,-40.92,20.8,-20.04,,,,,10.1681,,,,,2450633,220,2026-08-14,47.0,80723040.0
NASDAQ:LIF,LIF,"Life360, Inc.",Technology,Software - Application,United States,NASDAQ,4149632896.0,51.21,45.37,47.74,3,20.6,780,False,-53.82,34.41,-7.75,-20.0,-8.7,,,55.5106,64.0106,56.0886,,,50190600,549,2026-08-14,43.95,81031691.0
NASDAQ:OPAL,OPAL,OPAL Fuels Inc.,Utilities,Utilities - Regulated Gas,United States,NASDAQ,65268720.0,2.15,45.38,47.39,3,20.7,781,False,-22.66,20.79,-5.5,-6.3,-18.03,-39.55,-53.43,2.2752,2.2945,2.6228,3.5568,4.6163,470536,1254,2026-08-14,47.91,30357544.0
NASDAQ:PICS,PICS,PicS N.V.,Technology,Software - Infrastructure,Brazil,NASDAQ,492612195.0,11.42,45.38,47.59,3,20.7,782,False,-39.89,26.47,,,,,,,,,,,3432570,136,2026-08-14,45.28,43135919.0
NYSE:KOP,KOP,Koppers Holdings Inc.,Basic Materials,Specialty Chemicals,United States,NYSE,906588278.0,47.14,45.39,49.0,3,20.7,783,False,-9.92,80.2,27.58,34.21,40.35,27.76,34.46,36.9494,35.1228,33.5873,36.898,35.0594,9804011,1255,2026-08-14,41.64,19231826.0
NASDAQ:LAND,LAND,Gladstone Land Corporation,Real Estate,REIT - Specialty,United States,NASDAQ,358464922.0,8.31,45.39,43.52,3,20.7,784,False,-31.83,3.1,-11.99,-10.37,-15.41,-21.86,-30.15,9.4417,9.271,9.8239,10.6351,11.8976,5481721,1254,2026-08-14,44.47,43136573.0
NYSE:HIG,HIG,"The Hartford Insurance Group, Inc.",Financial Services,Insurance - Diversified,United States,NYSE,37835535776.0,138.02,45.4,48.86,3,20.8,785,False,-5.26,14.32,2.44,3.36,10.78,23.99,37.78,134.7376,133.5371,124.584,111.3174,100.1773,232335817,1255,2026-08-14,44.82,274130820.0
NASDAQ:IBOC,IBOC,International Bancshares Corporation,Financial Services,Banks - Regional,United States,NASDAQ,4562859685.0,73.38,45.41,47.22,3,20.8,786,False,-4.78,18.06,4.78,5.47,11.27,21.64,31.77,70.0326,69.5765,65.9452,60.3271,55.6899,23364697,1255,2026-08-14,41.02,62181244.0
NYSE:SBXD,SBXD,SilverBox Corp IV,Financial Services,Shell Companies,United States,NYSE,221323100.0,10.82,45.41,48.3,3,20.8,787,True,-1.01,3.64,1.15,1.57,,,,10.6967,10.6525,,,,876913,464,2026-08-14,42.14,20455000.0
NASDAQ:SGRY,SGRY,"Surgery Partners, Inc.",Healthcare,Medical Care Facilities,United States,NASDAQ,1965746075.0,15.03,45.41,47.51,3,20.8,788,False,-36.95,30.81,-1.09,-9.28,-27.4,-36.08,-41.85,15.1951,16.5669,20.7032,23.5133,25.847,29258061,1254,2026-08-14,46.62,130788162.0
NASDAQ:AMSC,AMSC,American Superconductor Corporation,Industrials,Specialty Industrial Machinery,United States,NASDAQ,1546916839.0,31.92,45.42,44.04,3,20.9,789,True,-52.13,23.01,-13.95,-22.27,-6.91,16.86,46.74,37.0959,41.0668,34.2886,27.3148,21.7524,25394937,1255,2026-08-14,43.91,48462307.0
NASDAQ:FRHC,FRHC,Freedom Holding Corp.,Financial Services,Financial Conglomerates,United States,NASDAQ,9324022924.0,146.45,45.43,47.68,3,20.9,790,False,-16.51,30.72,4.9,0.6,5.63,23.25,38.25,139.6052,145.5765,138.6488,118.8251,105.93,13039761,1254,2026-08-14,45.55,63666937.0
NASDAQ:DLTH,DLTH,Duluth Holdings Inc.,Consumer Cyclical,Apparel Retail,United States,NASDAQ,139590620.0,4.03,45.45,48.33,3,20.9,791,False,-15.51,94.69,28.13,27.78,35.08,11.02,-9.4,3.1452,3.154,2.9834,3.63,4.4483,219479,1254,2026-08-14,42.49,34637871.0
NASDAQ:CNDT,CNDT,Conduent Incorporated,Technology,Information Technology Services,United States,NASDAQ,235747157.0,1.52,45.49,47.69,3,21.0,792,False,-48.65,31.03,-8.31,-18.84,-41.17,-46.56,-50.55,1.6578,1.8729,2.5839,2.8443,3.0739,1481926,1254,2026-08-14,52.12,155096814.0
NYSE:OEC,OEC,Orion S.A.,Basic Materials,Specialty Chemicals,Luxembourg,NYSE,363142900.0,6.44,45.51,46.89,3,21.0,793,True,-39.65,49.69,4.56,-2.81,-37.41,-55.19,-59.17,6.1592,6.6265,10.2899,14.3714,15.7739,3155375,1254,2026-08-14,44.49,56388649.0
NYSE:EIX,EIX,Edison International,Utilities,Utilities - Regulated Electric,United States,NYSE,27479566240.0,71.41,45.52,46.47,3,21.0,794,False,-11.16,42.38,7.53,12.29,14.44,15.03,17.66,66.4107,63.5945,62.3996,62.081,60.6902,234714885,1255,2026-08-14,43.03,384813979.0
NYSE:CPNG,CPNG,"Coupang, Inc.",Consumer Cyclical,Internet Retail,United States,NYSE,26392650721.0,16.12,45.53,45.9,3,21.1,795,False,-51.92,6.61,-20.77,-28.52,-32.17,-26.79,-22.13,20.3455,22.5524,23.7652,22.0198,20.7018,317699799,1255,2026-08-14,47.34,1637261211.0
NASDAQ:FNRN,FNRN,First Northern Community Bancorp,Financial Services,Banks - Regional,United States,NASDAQ,287942955.0,17.55,45.54,47.27,3,21.1,796,False,-6.65,60.1,15.73,21.25,47.28,65.62,82.32,15.1651,14.4748,11.9161,10.5964,9.626,2108381,1255,2026-08-14,44.9,16407006.0
NASDAQ:NOEM,NOEM,CO2 Energy Transition Corp.,Financial Services,Shell Companies,United States,NASDAQ,102471668.0,10.69,45.54,48.24,3,21.1,797,False,-10.92,6.05,2.59,3.11,,,,10.4204,10.3678,,,,98247,395,2026-08-14,45.54,9585750.0
NASDAQ:PNBK,PNBK,Patriot National Bancorp Inc.,Financial Services,Banks - Regional,United States,NASDAQ,121362286.0,1.1,45.56,47.5,3,21.1,798,False,-42.71,17.02,-15.17,-16.67,-32.24,-57.21,-75.01,1.2967,1.3201,1.6235,2.5708,4.4021,238063,1255,2026-08-14,46.69,110329351.0
NASDAQ:ASPI,ASPI,ASP Isotopes Inc.,Basic Materials,Chemicals,United States,NASDAQ,537607719.0,4.27,45.57,44.26,3,21.2,799,False,-69.61,20.62,-27.82,-36.26,-30.77,-14.03,,5.9155,6.699,6.1679,4.9671,,14124543,942,2026-08-14,45.77,125903447.0
NASDAQ:ADSE,ADSE,ADS-TEC ENERGY PLC,Industrials,Electrical Equipment & Parts,Ireland,NASDAQ,878266544.0,11.69,45.6,47.54,3,21.2,800,False,-9.94,39.33,1.23,2.63,-5.22,4.06,21.25,11.5478,11.3903,12.3341,11.2336,9.6414,248997,1254,2026-08-14,49.64,75129730.0
NASDAQ:WING,WING,Wingstop Inc.,Consumer Cyclical,Restaurants,United States,NASDAQ,3435829902.0,126.12,45.61,43.63,3,21.2,801,False,-62.57,13.58,-36.42,-41.23,-52.2,-53.67,-48.43,198.3518,214.6075,263.8257,272.2487,244.5547,177772353,1255,2026-08-14,30.41,27242546.0
AMEX:STRW,STRW,"Strawberry Fields REIT, Inc.",Real Estate,REIT - Healthcare Facilities,United States,AMEX,184481621.0,13.74,45.62,49.06,3,21.2,802,True,-6.02,35.69,7.87,10.31,20.31,36.13,,12.7375,12.4558,11.4208,10.0935,,728905,872,2026-08-14,44.73,13426610.0
NASDAQ:EOSE,EOSE,"Eos Energy Enterprises, Inc.",Industrials,Electrical Equipment & Parts,United States,NASDAQ,1453983095.0,4.02,45.63,43.63,3,21.3,803,False,-79.05,28.03,-56.67,-57.79,-41.48,-20.45,-6.66,9.278,9.523,6.8699,5.0537,4.307,101571936,1255,2026-08-14,47.73,361687337.0
NASDAQ:PSMT,PSMT,"PriceSmart, Inc.",Consumer Defensive,Discount Stores,United States,NASDAQ,5561683635.0,180.22,45.64,47.58,3,21.3,804,False,-8.93,68.78,17.44,23.7,50.76,71.88,89.5,153.461,145.6854,119.5375,104.8529,95.1035,48278712,1255,2026-08-14,45.15,30860524.0
NASDAQ:RARE,RARE,Ultragenyx Pharmaceutical Inc.,Healthcare,Biotechnology,United States,NASDAQ,2611619246.0,26.49,45.65,46.93,3,21.3,805,True,-27.5,43.19,-0.72,-3.67,-24.79,-29.47,-32.17,26.681,27.5003,35.2202,37.5599,39.0522,51245859,1254,2026-08-14,44.96,98588873.0
NASDAQ:ACIW,ACIW,"ACI Worldwide, Inc.",Technology,Software - Infrastructure,United States,NASDAQ,5432794301.0,53.44,45.66,50.3,3,21.4,806,False,-11.2,38.91,16.39,14.14,9.86,25.33,40.83,45.9153,46.8178,48.6448,42.6381,37.9472,59904022,1255,2026-08-14,46.44,101661570.0
NYSE:BURL,BURL,"Burlington Stores, Inc.",Consumer Cyclical,Apparel Retail,United States,NYSE,21883116760.0,347.67,45.66,50.08,3,21.4,807,False,-6.59,43.41,12.07,14.94,23.88,39.15,50.31,310.2334,302.4702,280.6419,249.8494,231.2971,250214162,1254,2026-08-14,50.95,62942206.0
NASDAQ:XENE,XENE,Xenon Pharmaceuticals Inc.,Healthcare,Biotechnology,Canada,NASDAQ,6027097042.0,62.35,45.66,49.41,3,21.4,808,False,-12.13,74.85,21.7,28.04,45.45,48.72,52.57,51.2327,48.6959,42.8673,41.9235,40.8666,40064558,1255,2026-08-14,51.87,96665550.0
NASDAQ:SNDX,SNDX,"Syndax Pharmaceuticals, Inc.",Healthcare,Biotechnology,United States,NASDAQ,1758022936.0,19.84,45.67,46.46,3,21.4,809,True,-21.11,51.33,-3.58,1.54,16.92,11.31,3.89,20.5774,19.5392,16.9691,17.8248,19.0963,28260526,1254,2026-08-14,39.28,88610027.0
NASDAQ:UNIT,UNIT,Uniti Group Inc.,Real Estate,REIT - Specialty,United States,NASDAQ,2429678601.0,10.01,45.68,44.87,3,21.5,810,False,-21.49,86.75,10.75,18.33,18.36,23.09,23.79,9.0382,8.459,8.4574,8.1325,8.0863,23442302,1254,2026-08-14,41.64,242725135.0
NYSE:WKC,WKC,World Kinect Corporation,Energy,Oil & Gas Refining & Marketing,United States,NYSE,1847084998.0,36.11,45.68,52.36,3,21.5,811,False,-10.29,62.34,31.7,33.86,34.43,43.08,45.95,27.4184,26.9757,26.8615,25.2377,24.7416,53615568,1255,2026-08-14,52.82,51151620.0
NASDAQ:ELDN,ELDN,"Eledon Pharmaceuticals, Inc.",Healthcare,Biotechnology,United States,NASDAQ,273244893.0,3.54,45.73,46.91,3,21.5,812,False,-18.81,154.68,21.41,23.16,11.14,28.88,32.49,2.9158,2.8744,3.1852,2.7468,2.672,3471836,1254,2026-08-14,51.63,77187823.0
NYSE:CMRE,CMRE,Costamare Inc. Common Stock $0.0001 par value,Industrials,Marine Shipping,Monaco,NYSE,1767609576.0,14.64,45.74,45.75,3,21.5,813,False,-17.02,36.72,-6.7,-1.42,13.1,19.37,28.45,15.6915,14.8502,12.9443,12.2644,11.3977,5190156,1255,2026-08-14,42.33,120738359.0
NASDAQ:ESLT,ESLT,Elbit Systems Ltd.,Industrials,Aerospace & Defense,Israel,NASDAQ,36713519321.0,783.62,45.76,47.53,3,21.6,814,False,-22.56,74.71,7.24,15.12,57.1,96.94,127.33,730.727,680.7074,498.8034,397.889,344.7075,66581216,1255,2026-08-14,44.77,46851177.0
NASDAQ:RZLT,RZLT,"Rezolute, Inc. - Common Stock (NV)",Healthcare,Biotechnology,United States,NASDAQ,442944723.0,4.6,45.77,49.11,3,21.6,815,False,-57.95,228.57,1.72,-12.44,-6.28,15.43,30.49,4.522,5.2537,4.9084,3.985,3.5251,5912110,1254,2026-08-14,45.77,96292331.0
NASDAQ:SUNS,SUNS,"Sunrise Realty Trust, Inc.",Real Estate,REIT - Mortgage,United States,NASDAQ,104766089.0,7.75,45.77,46.36,3,21.6,816,True,-24.38,9.31,-6.0,-8.5,-16.65,,,8.2443,8.4698,9.2976,,,628057,527,2026-08-14,36.39,13518205.0
NASDAQ:DGXX,DGXX,Digi Power X Inc. - Common Subordinate Voting Shares,Utilities,Utilities - Independent Power Producers,United States,NASDAQ,391217119.0,3.97,45.78,44.46,3,21.6,817,False,-53.07,110.05,-0.9,5.51,42.88,71.16,93.71,4.0061,3.7628,2.7786,2.3195,2.0495,15315827,1255,2026-08-14,48.73,98543355.0
NASDAQ:ALKS,ALKS,Alkermes plc,Healthcare,Drug Manufacturers - Specialty & Generic,Ireland,NASDAQ,8230466124.0,49.06,45.79,50.0,3,21.7,818,False,-11.16,84.99,34.68,40.27,51.83,61.38,66.06,36.4265,34.9742,32.3132,30.401,29.5437,84674270,1255,2026-08-14,47.52,167763272.0
NASDAQ:BRR,BRR,"ProCap Financial, Inc.",Financial Services,Capital Markets,United States,NASDAQ,152163520.0,1.68,45.8,47.04,3,21.7,819,False,-83.69,18.31,-49.42,-64.51,,,,3.3217,4.7336,,,,897804,297,2026-08-14,47.37,90573524.0
NYSE:MAS,MAS,Masco Corporation,Industrials,Building Products & Equipment,United States,NYSE,14656941672.0,74.33,45.85,47.87,3,21.7,820,False,-10.2,27.45,8.49,7.87,6.19,9.73,18.09,68.5155,68.9074,69.9974,67.7393,62.9435,220306052,1255,2026-08-14,46.39,197187430.0
NASDAQ:CRML,CRML,Critical Metals Corp.,Basic Materials,Other Industrial Metals & Mining,United States,NASDAQ,978279095.0,6.66,45.87,43.93,3,21.8,821,True,-77.78,29.82,-33.17,-32.75,-9.63,-21.45,-25.59,9.9657,9.9039,7.3697,8.4786,8.9502,38834672,1134,2026-08-14,44.85,146888753.0
NASDAQ:MDGL,MDGL,"Madrigal Pharmaceuticals, Inc.",Healthcare,Biotechnology,United States,NASDAQ,11726730193.0,507.56,45.87,47.31,3,21.8,822,True,-15.8,37.24,-0.73,2.71,28.56,51.31,69.58,511.283,494.1697,394.7889,335.4339,299.2983,194025157,1255,2026-08-14,45.81,23104126.0
NYSE:RDY,RDY,Dr. Reddy's Laboratories Ltd,Healthcare,Drug Manufacturers - Specialty & Generic,India,NYSE,10220910896.0,12.27,45.89,44.69,3,21.8,823,False,-19.66,8.58,-9.02,-10.08,-12.64,-12.56,-7.3,13.4859,13.6452,14.0448,14.0321,13.2367,35377569,1255,2026-08-14,49.38,833000073.0
NYSE:DTM,DTM,"DT Midstream, Inc.",Energy,Oil & Gas Midstream,United States,NYSE,13965894022.0,136.9,45.92,45.56,3,21.8,824,True,-9.18,39.52,4.4,8.84,25.62,50.61,71.8,131.136,125.7753,108.9824,90.8987,79.687,120636292,1254,2026-08-14,40.69,102015296.0
NASDAQ:SERA,SERA,"Sera Prognostics, Inc.",Healthcare,Medical Devices,United States,NASDAQ,74854293.0,1.96,45.92,47.65,3,21.8,825,False,-47.73,23.27,-20.34,-24.0,-48.73,-56.76,-51.22,2.4604,2.5791,3.8228,4.5332,4.0177,79096,1254,2026-08-14,48.75,38190966.0
NYSE:DEI,DEI,"Douglas Emmett, Inc.",Real Estate,REIT - Office,United States,NYSE,1956227919.0,11.68,45.95,47.81,3,21.9,826,False,-26.21,31.99,7.02,0.54,-12.34,-8.64,-8.09,10.9137,11.6172,13.3236,12.7844,12.7084,22227153,1255,2026-08-14,50.08,167485267.0
NYSE:KBDC,KBDC,"Kayne Anderson BDC, Inc.",Financial Services,Asset Management,United States,NYSE,895725027.0,13.5,45.95,46.89,3,21.9,827,False,-9.04,11.99,-1.15,-0.09,-0.47,,,13.6571,13.5122,13.5642,,,5238035,558,2026-08-14,51.22,66350002.0
NASDAQ:CTNM,CTNM,"Contineum Therapeutics, Inc.",Healthcare,Biotechnology,United States,NASDAQ,467682988.0,14.19,45.96,48.58,3,21.9,828,False,-13.42,104.17,8.59,12.28,22.76,,,13.0674,12.6382,11.5595,,,5005668,591,2026-08-14,55.11,32958632.0
NASDAQ:CSPI,CSPI,CSP Inc.,Technology,Information Technology Services,United States,NASDAQ,81078368.0,8.05,45.97,45.97,3,22.0,829,False,-45.71,2.81,-18.82,-21.91,-34.55,-35.54,-24.28,9.9158,10.3089,12.2997,12.4892,10.6312,98360,1255,2026-08-14,53.15,10071847.0
NYSE:YELP,YELP,Yelp Inc.,Communication Services,Internet Content & Information,United States,NYSE,1358270389.0,24.7,45.99,47.72,3,22.0,830,False,-26.99,24.87,-6.47,-10.27,-22.31,-29.08,-28.11,26.4079,27.528,31.7913,34.8295,34.3592,27030649,1254,2026-08-14,44.15,54990704.0
NYSE:DOV,DOV,Dover Corporation,Industrials,Specialty Industrial Machinery,United States,NYSE,27888234191.0,207.07,46.01,46.33,3,22.0,831,True,-10.82,29.46,-0.47,3.34,7.85,15.09,22.91,208.0405,200.3865,192.0048,179.9264,168.4702,258120823,1255,2026-08-14,45.33,134680225.0
NASDAQ:SOTK,SOTK,Sono-Tek Corporation,Technology,Scientific & Technical Instruments,United States,NASDAQ,80783956.0,5.14,46.01,48.03,3,22.0,832,False,-16.01,58.15,13.38,16.24,22.55,16.22,7.5,4.5333,4.4218,4.1942,4.4227,4.7814,211476,1255,2026-08-14,46.6,15716723.0
NASDAQ:CRTO,CRTO,Criteo S.A.,Communication Services,Advertising Agencies,France,NASDAQ,954646013.0,19.0,46.02,47.31,3,22.1,833,False,-23.48,19.8,-1.6,-4.65,-31.55,-34.77,-35.08,19.3098,19.926,27.7558,29.1285,29.2688,10449313,1254,2026-08-14,42.06,50244527.0
NASDAQ:GPRE,GPRE,"Green Plains, Inc.",Basic Materials,Chemicals,United States,NASDAQ,1091770413.0,15.59,46.03,47.27,3,22.1,834,False,-18.93,104.59,11.8,18.96,44.42,4.57,-19.18,13.9448,13.1053,10.7946,14.9082,19.2902,22359441,1255,2026-08-14,45.63,70030174.0
NASDAQ:PAYP,PAYP,PayPay Corporation - American Depository Shares,Technology,Software - Infrastructure,Japan,NASDAQ,10082661280.0,14.89,46.03,46.52,3,22.1,835,True,-39.37,20.37,,,,,,,,,,,14124557,107,2026-08-14,43.97,677143135.0
NASDAQ:ECX,ECX,ECARX Holdings Inc.,Consumer Cyclical,Auto Parts,United Kingdom,NASDAQ,371322050.0,1.07,46.05,46.61,3,22.2,836,False,-59.47,21.32,-26.63,-31.32,-36.11,-45.54,-68.1,1.4585,1.5579,1.6747,1.9648,3.3544,732176,1254,2026-08-14,46.6,347029953.0
NASDAQ:UCTT,UCTT,"Ultra Clean Holdings, Inc.",Technology,Semiconductor Equipment & Materials,United States,NASDAQ,3807271935.0,84.93,46.05,46.82,3,22.2,837,False,-40.44,292.29,33.45,51.77,97.49,105.67,117.38,63.6403,55.9587,43.0045,41.2948,39.0694,118841129,1255,2026-08-14,51.4,44828352.0
NASDAQ:VCEL,VCEL,Vericel Corporation,Healthcare,Biotechnology,United States,NASDAQ,2263332339.0,44.2,46.06,50.67,3,22.2,838,False,-8.51,50.65,16.76,19.42,5.08,5.58,14.34,37.8566,37.0137,42.0634,41.8652,38.6553,21855902,1255,2026-08-14,47.85,51206614.0
NYSE:FOUR,FOUR,"Shift4 Payments, Inc.",Technology,Software - Infrastructure,United States,NYSE,3599153282.0,45.37,46.07,47.47,3,22.2,839,False,-50.43,27.34,-15.13,-23.88,-41.2,-38.14,-34.72,53.4573,59.6025,77.165,73.3462,69.4992,76926752,1255,2026-08-14,50.03,79328924.0
NASDAQ:AIIO,AIIO,Robo.ai Inc.,Consumer Cyclical,Auto Manufacturers,United Arab Emirates,NASDAQ,469639795.0,2.97,46.09,47.83,3,22.2,840,True,-94.33,404.24,-38.48,-70.79,-80.14,-94.14,-96.71,4.8275,10.1664,14.9531,50.6706,90.2222,2356038,1255,2026-08-14,44.96,158127877.0
NYSE:PRIM,PRIM,Primoris Services Corporation,Industrials,Engineering & Construction,United States,NYSE,4519436086.0,83.3,46.1,44.39,3,22.3,841,True,-58.92,11.42,-34.75,-34.64,-16.11,4.94,27.21,127.6699,127.4548,99.3005,79.3793,65.4812,107798268,1255,2026-08-14,42.81,54254935.0
NASDAQ:REFI,REFI,"Chicago Atlantic Real Estate Finance, Inc.",Real Estate,REIT - Mortgage,United States,NASDAQ,257678314.0,10.15,46.1,45.28,3,22.3,842,False,-17.51,4.0,-8.06,-9.01,-12.38,-10.48,-5.64,11.0395,11.1554,11.5845,11.3378,10.7567,1681810,1174,2026-08-14,50.43,25387026.0
NASDAQ:TTGT,TTGT,"TechTarget, Inc.",Technology,Information Technology Services,United States,NASDAQ,278352856.0,3.85,46.1,46.89,3,22.3,843,False,-44.84,13.24,-16.95,-21.52,-64.71,-77.95,-84.17,4.6355,4.9059,10.9092,17.4638,24.3243,1838514,1255,2026-08-14,45.51,72299443.0
NYSE:TRAK,TRAK,"ReposiTrak, Inc.",Technology,Software - Application,United States,NYSE,154838774.0,8.52,46.11,46.06,3,22.4,844,False,-51.76,19.74,-16.84,-25.42,-45.94,-42.29,-32.7,10.2457,11.4244,15.7596,14.7624,12.6604,479714,1255,2026-08-14,49.04,18173565.0
NYSE:MLM,MLM,"Martin Marietta Materials, Inc.",Basic Materials,Building Materials,United States,NYSE,32911875163.0,547.93,46.12,46.04,3,22.4,845,False,-22.42,4.34,-9.65,-9.98,-4.2,-0.56,8.77,606.4241,608.6851,571.9604,550.9884,503.7421,324866042,1255,2026-08-14,44.76,60065839.0
NASDAQ:PURR,PURR,Hyperliquid Strategies Inc,Financial Services,Capital Markets,United States,NASDAQ,1339765456.0,6.68,46.13,46.25,3,22.4,846,False,-39.11,115.48,,,,,,,,,,,46379076,175,2026-08-14,48.3,200563691.0
NASDAQ:ALGM,ALGM,"Allegro MicroSystems, Inc.",Technology,Semiconductors,United States,NASDAQ,8270259351.0,44.39,46.17,46.35,3,22.5,847,False,-36.24,94.69,14.72,20.26,43.56,45.8,40.1,38.6939,36.9113,30.9208,30.4452,31.6848,97728014,1255,2026-08-14,45.46,186309064.0
AMEX:AREN,AREN,"The Arena Group Holdings, Inc.",Communication Services,Internet Content & Information,United States,AMEX,54743208.0,1.15,46.17,47.08,3,22.5,848,False,-84.12,41.98,-57.64,-65.48,-62.02,-57.6,-71.97,2.715,3.3315,3.0281,2.7125,4.1029,227429,1255,2026-08-14,47.09,47602790.0
NYSE:BIRK,BIRK,Birkenstock Holding plc,Consumer Cyclical,Footwear & Accessories,United Kingdom,NYSE,7236703304.0,39.35,46.17,46.32,3,22.5,849,False,-26.31,26.16,-2.94,-5.94,-15.72,,,40.543,41.8332,46.6912,,,95228447,712,2026-08-14,50.73,183906056.0
NASDAQ:VNDA,VNDA,Vanda Pharmaceuticals Inc.,Healthcare,Biotechnology,United States,NASDAQ,313907634.0,5.22,46.18,44.04,3,22.5,850,True,-45.4,20.83,-19.84,-15.5,-3.83,0.97,-10.96,6.5116,6.1777,5.4277,5.1699,5.8624,5320481,1255,2026-08-14,39.86,60135562.0
NYSE:PEB,PEB,Pebblebrook Hotel Trust Common Shares of Beneficial Interest,Real Estate,REIT - Hotel & Motel,United States,NYSE,2052246153.0,18.25,46.19,49.91,3,22.5,851,False,-7.59,83.98,30.39,36.37,46.24,39.71,34.95,13.9964,13.3831,12.4793,13.0631,13.524,42988310,1255,2026-08-14,45.6,112451844.0
NASDAQ:ANNA,ANNA,"AleAnna, Inc.",Energy,Oil & Gas E&P,United States,NASDAQ,112585000.0,2.75,46.22,45.57,3,22.6,852,True,-73.14,19.05,-20.07,-23.44,-57.13,-65.06,-67.45,3.4406,3.5917,6.4152,7.8699,8.4477,762057,1123,2026-08-14,36.11,40940000.0
NASDAQ:CRNT,CRNT,Ceragon Networks Ltd.,Technology,Communication Equipment,Israel,NASDAQ,199966129.0,2.2,46.22,45.27,3,22.6,853,True,-31.25,17.02,-6.18,-5.21,-16.75,-13.95,-8.55,2.3448,2.3209,2.6426,2.5567,2.4057,1730516,1255,2026-08-14,44.74,90893695.0
NASDAQ:OKYO,OKYO,OKYO Pharma Limited,Healthcare,Biotechnology,United Kingdom,NASDAQ,79768881.0,1.52,46.23,47.18,3,22.6,854,False,-51.13,10.95,-17.07,-20.5,-9.96,-8.07,-12.16,1.833,1.9119,1.6881,1.6534,1.7303,165289,1064,2026-08-14,45.3,52479527.0
NASDAQ:PHAT,PHAT,"Phathom Pharmaceuticals, Inc.",Healthcare,Biotechnology,United States,NASDAQ,775030948.0,9.58,46.24,45.38,3,22.6,855,False,-47.01,16.4,-23.07,-22.41,-11.51,-9.19,-9.18,12.4522,12.3464,10.8256,10.5497,10.5486,15825904,1254,2026-08-14,41.57,80900934.0
NYSE:BBWI,BBWI,"Bath & Body Works, Inc.",Consumer Cyclical,Specialty Retail,United States,NYSE,3912314771.0,19.41,46.25,47.37,3,22.7,856,False,-37.1,33.28,-3.4,-9.44,-25.49,-34.86,-37.5,20.0941,21.4344,26.0518,29.7966,31.0583,98189938,1255,2026-08-14,39.85,201561812.0
NASDAQ:SEAT,SEAT,Vivid Seats Inc.,Communication Services,Internet Content & Information,United States,NASDAQ,78889611.0,7.18,46.26,47.58,3,22.7,857,True,-60.51,35.47,-4.03,-21.12,-80.44,-88.94,-91.87,7.4818,9.1029,36.7064,64.9403,88.3407,519128,1208,2026-08-14,46.04,10987411.0
NASDAQ:UPBD,UPBD,"Upbound Group, Inc.",Technology,Software - Application,United States,NASDAQ,1143722904.0,19.62,46.26,48.1,3,22.7,858,False,-22.22,30.01,5.87,1.64,-10.65,-16.94,-14.99,18.5323,19.3028,21.9577,23.6212,23.0807,22769933,1255,2026-08-14,46.7,58293726.0
NASDAQ:GOOG,GOOG,Alphabet Inc. - Class C Capital Stock,Communication Services,Internet Content & Information,United States,NASDAQ,1898745580000.0,343.54,46.27,47.13,3,22.7,859,False,-13.86,72.1,4.03,10.49,41.68,62.4,85.75,330.2271,310.913,242.4815,211.5414,184.9453,7109659144,1255,2026-08-14,46.49,5527000000.0
NYSE:PLD,PLD,"Prologis, Inc.",Real Estate,REIT - Industrial,United States,NYSE,131591708280.0,141.03,46.28,47.6,3,22.8,860,False,-6.02,38.09,4.71,8.47,18.55,21.74,23.92,134.6885,130.0176,118.9638,115.8407,113.8038,765661513,1255,2026-08-14,46.69,933076000.0
NYSE:PSO,PSO,"Pearson, Plc",Communication Services,Publishing,United Kingdom,NYSE,9696709824.0,16.15,46.28,49.77,3,22.8,861,False,-7.82,37.28,14.94,15.01,12.68,21.18,29.87,14.0511,14.0427,14.3322,13.3274,12.4355,12739080,1255,2026-08-14,46.09,600415469.0
NYSE:SARO,SARO,"StandardAero, Inc.",Industrials,Aerospace & Defense,United States,NYSE,9275968019.0,27.9,46.28,48.51,3,22.8,862,True,-15.76,14.96,-0.08,0.47,,,,27.9217,27.7705,,,,105886097,467,2026-08-14,41.05,332471972.0
NASDAQ:IONS,IONS,"Ionis Pharmaceuticals, Inc.",Healthcare,Biotechnology,United States,NASDAQ,9512390591.0,57.24,46.29,42.82,3,22.9,863,True,-33.83,36.87,-23.0,-20.0,5.68,11.8,18.1,74.3401,71.553,54.1641,51.1975,48.4678,155828671,1255,2026-08-14,42.08,166184322.0
NYSE:SNA,SNA,Snap-On Incorporated,Industrials,Tools & Accessories,United States,NYSE,20874998161.0,403.56,46.29,50.05,3,22.9,864,False,-3.76,28.31,9.14,11.76,19.97,30.26,40.12,369.7724,361.0813,336.3888,309.811,288.0144,156119848,1255,2026-08-14,47.22,51727124.0
NASDAQ:AGIO,AGIO,"Agios Pharmaceuticals, Inc.",Healthcare,Biotechnology,United States,NASDAQ,2003595160.0,33.56,46.3,47.76,3,22.9,865,True,-26.23,50.22,7.59,2.37,-5.55,-0.38,4.85,31.1918,32.7838,35.5336,33.6866,32.0072,43883854,1254,2026-08-14,45.89,59701882.0
NASDAQ:BGM,BGM,BGM Group Ltd.,Healthcare,Drug Manufacturers - Specialty & Generic,China,NASDAQ,110761397.0,0.291,46.3,45.3,3,22.9,866,False,-97.52,11.49,-87.94,-92.21,-95.59,-94.76,-94.79,2.4132,3.7376,6.5951,5.5513,5.5807,12884,1254,2026-08-14,48.75,380623358.0
NASDAQ:SCSC,SCSC,"ScanSource, Inc.",Technology,Electronics & Computer Distribution,United States,NASDAQ,1081061698.0,53.19,46.3,50.69,3,22.9,867,False,-9.68,55.21,23.31,23.18,23.39,27.3,37.14,43.1341,43.1798,43.1069,41.7839,38.7852,12359121,1255,2026-08-14,42.23,20324529.0
NASDAQ:DLO,DLO,DLocal Limited,Technology,Software - Infrastructure,Uruguay,NASDAQ,2522766677.0,14.17,46.33,49.79,3,23.0,868,False,-8.98,30.87,7.22,5.44,22.81,14.1,6.72,13.2162,13.4385,11.5385,12.4186,13.2776,28821053,1255,2026-08-14,54.39,178035757.0
NYSE:KMPR,KMPR,Kemper Corporation,Financial Services,Insurance - Property & Casualty,United States,NYSE,1614331441.0,27.42,46.33,47.42,3,23.0,869,False,-48.07,19.74,-16.04,-24.34,-43.57,-44.12,-43.42,32.6575,36.2399,48.5905,49.0723,48.4639,24498080,1255,2026-08-14,43.3,58874232.0
NASDAQ:SYNA,SYNA,Synaptics Incorporated,Technology,Semiconductors,United States,NASDAQ,4243378494.0,108.63,46.33,46.34,3,23.0,870,True,-26.39,85.63,15.62,22.17,37.06,28.5,22.43,93.9509,88.9183,79.2544,84.5367,88.727,71846383,1255,2026-08-14,44.78,39062676.0
NASDAQ:GNLX,GNLX,Genelux Corporation,Healthcare,Biotechnology,United States,NASDAQ,122862740.0,2.74,46.35,46.74,3,23.1,871,True,-66.75,19.13,-18.99,-23.63,-16.03,-52.57,,3.3824,3.5877,3.263,5.7767,,765230,890,2026-08-14,41.08,44840416.0
AMEX:SLSR,SLSR,Solaris Resources Inc.,Basic Materials,Other Precious Metals & Mining,Switzerland,AMEX,1289512732.0,7.72,46.35,45.83,3,23.1,872,False,-30.64,51.97,-11.26,-4.34,33.94,55.04,57.7,8.7,8.0702,5.7636,4.9793,4.8955,1226052,1254,2026-08-14,46.98,167035328.0
NYSE:SES,SES,SES AI Corporation,Consumer Cyclical,Auto Parts,United States,NYSE,195566670.0,0.601,46.36,42.72,3,23.1,873,False,-83.02,19.48,-57.58,-59.94,-48.52,-55.12,-68.09,1.4167,1.5004,1.1675,1.3391,1.8836,11139184,1255,2026-08-14,47.51,325402113.0
NASDAQ:TITN,TITN,Titan Machinery Inc.,Industrials,Industrial Distribution,United States,NASDAQ,429226156.0,18.42,46.38,46.6,3,23.1,874,True,-23.66,30.18,0.68,0.95,6.05,-5.83,-20.66,18.2953,18.2465,17.3697,19.5598,23.2164,3491079,1255,2026-08-14,43.24,23302180.0
NYSE:AGX,AGX,"Argan, Inc.",Industrials,Engineering & Construction,United States,NYSE,8106209000.0,578.22,46.4,46.29,3,23.2,875,True,-27.53,185.02,15.31,28.52,92.81,165.95,236.08,501.427,449.9173,299.8961,217.4191,172.05,168293585,1255,2026-08-14,42.48,14019247.0
NYSE:MTZ,MTZ,"MasTec, Inc.",Industrials,Engineering & Construction,United States,NYSE,23897949475.0,297.59,46.4,44.72,3,23.2,876,False,-31.98,72.51,-0.95,6.74,42.42,77.83,100.33,300.454,278.81,208.9547,167.3466,148.5472,450947085,1255,2026-08-14,42.6,80304948.0
NYSE:ROK,ROK,"Rockwell Automation, Inc.",Industrials,Specialty Industrial Machinery,United States,NYSE,50003176260.0,449.37,46.4,47.67,3,23.2,877,True,-9.23,36.02,8.35,12.38,31.99,41.85,48.48,414.7453,399.8581,340.4667,316.8011,302.6403,407390865,1255,2026-08-14,44.37,111273953.0
NASDAQ:MKTW,MKTW,"MarketWise, Inc.",Financial Services,Financial Data & Stock Exchanges,United States,NASDAQ,51165944.0,19.39,46.41,50.03,3,23.3,878,True,-9.14,51.98,18.99,20.38,37.98,1.95,-12.64,16.295,16.1078,14.053,19.0194,22.1944,237611,1254,2026-08-14,42.82,2638780.0
NASDAQ:NTCT,NTCT,"NetScout Systems, Inc.",Technology,Software - Infrastructure,United States,NASDAQ,2884080287.0,39.67,46.41,47.78,3,23.3,879,False,-11.53,77.18,19.37,25.57,48.23,57.64,48.69,33.2325,31.5909,26.7626,25.1652,26.6805,22551486,1255,2026-08-14,46.66,72701797.0
NYSE:O,O,Realty Income Corporation,Real Estate,REIT - Retail,United States,NYSE,59364713480.0,62.74,46.42,48.64,3,23.3,880,False,-5.1,16.32,4.12,5.44,11.58,18.04,18.62,60.2598,59.5015,56.2277,53.1495,52.8922,329956602,1255,2026-08-14,48.07,946202000.0
AMEX:CTM,CTM,"Castellum, Inc.",Technology,Information Technology Services,United States,AMEX,61743708.0,0.652,46.44,46.96,3,23.3,881,False,-50.23,20.74,-22.85,-26.84,-21.12,1.96,,0.8451,0.8911,0.8266,0.6395,,983242,962,2026-08-14,47.11,94698939.0
NYSE:QXO,QXO,"QXO, Inc.",Industrials,Industrial Distribution,United States,NYSE,15058555556.0,14.51,46.44,46.08,3,23.3,882,False,-46.4,9.1,-25.27,-25.71,-17.86,-58.27,-53.74,19.4174,19.5328,17.6641,34.767,31.3686,289744603,1255,2026-08-14,49.05,1037805345.0
NASDAQ:MQ,MQ,"Marqeta, Inc.",Technology,Software - Infrastructure,United States,NASDAQ,1584495000.0,16.335,46.45,48.03,3,23.4,883,False,-37.17,8.61,-4.99,-10.43,-11.41,-18.67,-22.19,17.1937,18.2376,18.4396,20.0848,20.9944,19871429,1254,2026-08-14,47.52,97000000.0
NASDAQ:GFS,GFS,GlobalFoundries Inc.,Technology,Semiconductors,United States,NASDAQ,29948091465.0,54.58,46.47,44.34,3,23.5,884,True,-39.24,72.59,4.31,12.48,23.7,15.5,7.93,52.3244,48.5247,44.1233,47.2555,50.57,237272120,1203,2026-08-14,42.68,548700833.0
NASDAQ:RNTX,RNTX,"Rein Therapeutics, Inc.",Healthcare,Biotechnology,United States,NASDAQ,68944460.0,0.806,46.47,44.38,3,23.5,885,True,-57.13,12.89,-33.44,-33.62,-53.55,-63.77,-65.17,1.2109,1.2142,1.7352,2.2248,2.3141,335974,1254,2026-08-14,43.91,85539032.0
NASDAQ:SVC,SVC,Service Properties Trust - Common Shares of Beneficial Interest,Real Estate,REIT - Hotel & Motel,United States,NASDAQ,1053078900.0,8.13,46.47,47.3,3,23.5,886,False,-42.91,39.51,-9.01,-16.47,-32.52,-55.56,-63.2,8.9351,9.7327,12.0488,18.2956,22.0894,14169668,1255,2026-08-14,47.3,129530000.0
NASDAQ:VRRM,VRRM,Verra Mobility Corporation,Technology,Information Technology Services,United States,NASDAQ,716999402.0,4.72,46.47,42.29,3,23.5,887,False,-81.52,22.6,-67.88,-71.76,-77.16,-78.01,-76.71,14.6968,16.7113,20.6629,21.4635,20.2703,28658092,1254,2026-08-14,48.27,151906653.0
NASDAQ:WERN,WERN,"Werner Enterprises, Inc.",Industrials,Trucking,United States,NASDAQ,2331911825.0,38.88,46.47,46.51,3,23.5,888,False,-17.78,70.0,13.85,18.73,19.8,14.33,8.73,34.1488,32.7474,32.454,34.0074,35.7582,56357043,1255,2026-08-14,44.65,59977156.0
NYSE:SNDA,SNDA,"Sonida Senior Living, Inc.",Healthcare,Medical Care Facilities,United States,NYSE,1853605962.0,39.15,46.49,48.93,3,23.5,889,False,-9.1,54.93,12.61,18.47,35.89,55.38,77.23,34.7673,33.045,28.8094,25.1968,22.0903,18034061,1255,2026-08-14,46.81,47346257.0
NASDAQ:AVGO,AVGO,Broadcom Inc.,Technology,Semiconductors,United States,NASDAQ,1869681442012.0,392.99,46.51,48.61,3,23.6,890,False,-18.26,36.7,6.72,9.07,38.74,72.71,111.89,368.2457,360.2962,283.2659,227.5484,185.4681,7208086030,1255,2026-08-14,59.08,4757580198.0
NASDAQ:NGEN,NGEN,NervGen Pharma Corp.,Healthcare,Biotechnology,Canada,NASDAQ,184625918.0,1.735,46.52,41.78,3,23.6,891,False,-70.94,9.12,-49.14,-46.78,-36.29,-27.26,-18.22,3.4111,3.2603,2.7234,2.3851,2.1216,750774,1254,2026-08-14,48.84,106412633.0
NASDAQ:ACMR,ACMR,"ACM Research, Inc.",Technology,Semiconductor Equipment & Materials,United States,NASDAQ,5156343745.0,80.42,46.53,47.6,3,23.6,892,False,-36.62,221.42,33.69,46.76,110.58,147.97,195.97,60.1526,54.7958,38.1893,32.4316,27.1719,76662707,1255,2026-08-14,47.23,64117679.0
NYSE:CNH,CNH,CNH Industrial N.V.,Industrials,Farm & Heavy Construction Machinery,United Kingdom,NYSE,12945083606.0,10.44,46.54,47.8,3,23.6,893,True,-19.47,14.33,-1.06,-2.03,-6.43,-5.79,-10.15,10.5516,10.6565,11.1576,11.0818,11.6189,161887123,1254,2026-08-14,45.78,1239950537.0
NASDAQ:SKYX,SKYX,SKYX Platforms Corp.,Industrials,Electrical Equipment & Parts,United States,NASDAQ,150622176.0,1.12,46.55,47.97,3,23.7,894,True,-64.22,18.39,-30.5,-27.04,-18.04,-17.28,-37.39,1.6116,1.5352,1.3665,1.354,1.7889,1202911,1131,2026-08-14,44.57,134484086.0
NASDAQ:TARA,TARA,"Protara Therapeutics, Inc.",Healthcare,Biotechnology,United States,NASDAQ,223130821.0,3.97,46.55,45.84,3,23.7,895,False,-47.49,31.02,-23.88,-20.06,-4.96,10.45,14.06,5.2152,4.9662,4.1772,3.5944,3.4807,1552544,1255,2026-08-14,44.93,56204237.0
NASDAQ:TMC,TMC,TMC the metals company Inc.,Basic Materials,Other Industrial Metals & Mining,Canada,NASDAQ,1737216763.0,4.01,46.55,45.95,3,23.7,896,False,-62.49,16.23,-29.4,-31.47,-4.32,24.35,50.14,5.6796,5.8515,4.1908,3.2247,2.6708,18198366,1237,2026-08-14,56.37,433221138.0
NASDAQ:ASND,ASND,Ascendis Pharma A/S,Healthcare,Biotechnology,Denmark,NASDAQ,16299818255.0,248.5,46.56,48.94,3,23.8,897,True,-10.35,30.97,8.89,11.77,34.28,51.32,66.86,228.2098,222.322,185.0547,164.2215,148.9272,135666306,1254,2026-08-14,43.83,65592830.0
NYSE:EIG,EIG,Employers Holdings Inc,Financial Services,Insurance - Specialty,United States,NYSE,875215457.0,48.73,46.56,50.39,3,23.8,898,False,-5.5,39.3,13.61,14.7,9.75,14.72,19.2,42.8916,42.485,44.4012,42.4781,40.8793,9646486,1255,2026-08-14,44.65,17960506.0
NYSE:CAT,CAT,"Caterpillar, Inc.",Industrials,Farm & Heavy Construction Machinery,United States,NYSE,393743719671.0,856.57,46.58,46.74,3,23.8,899,True,-19.41,111.94,13.9,23.8,63.04,90.63,119.5,752.0415,691.8767,525.3686,449.3335,390.2455,2609383665,1255,2026-08-14,46.09,459674889.0
NASDAQ:RBBN,RBBN,Ribbon Communications Inc.,Technology,Software - Application,United States,NASDAQ,371653431.0,2.11,46.58,45.42,3,23.8,900,False,-49.28,8.21,-17.81,-25.55,-36.1,-33.05,-32.37,2.5673,2.834,3.3019,3.1515,3.12,1551142,1255,2026-08-14,46.58,176139067.0
NASDAQ:LOPE,LOPE,"Grand Canyon Education, Inc.",Consumer Defensive,Education & Training Services,United States,NASDAQ,3758578335.0,144.2,46.6,46.88,3,23.9,901,False,-34.62,5.47,-10.7,-15.83,-14.83,-8.03,0.47,161.4811,171.3195,169.3056,156.791,143.5243,48662041,1255,2026-08-14,47.85,26065037.0
NYSE:PBR,PBR,Petroleo Brasileiro S.A. Petrobras ADS,Energy,Oil & Gas Integrated,Brazil,NYSE,66533548555.0,17.88,46.6,47.84,3,23.9,902,False,-18.21,57.05,8.79,15.05,29.4,36.02,52.73,16.4353,15.5406,13.8177,13.1451,11.7068,271709715,1255,2026-08-14,46.71,3721115691.0
NASDAQ:AENT,AENT,Alliance Entertainment Holding Corporation,Communication Services,Entertainment,United States,NASDAQ,288418714.0,5.66,46.61,46.39,3,23.9,903,False,-32.86,22.51,-14.23,-12.91,7.2,37.33,18.7,6.5987,6.4991,5.2801,4.1214,4.7683,78790,1254,2026-08-14,52.29,50957370.0
NASDAQ:ATEX,ATEX,Anterix Inc.,Communication Services,Telecom Services,United States,NASDAQ,1784695234.0,91.53,46.63,50.13,3,24.0,904,False,-15.41,408.78,89.43,113.68,145.12,153.72,157.56,48.3179,42.835,37.3413,36.0751,35.5376,34336830,1255,2026-08-14,46.59,19498473.0
NASDAQ:CABA,CABA,"Cabaletta Bio, Inc.",Healthcare,Biotechnology,United States,NASDAQ,448400689.0,2.75,46.63,45.85,3,24.0,905,True,-33.73,89.66,-3.95,1.66,2.78,-60.2,-60.83,2.8631,2.7052,2.6757,6.91,7.0198,7588630,1254,2026-08-14,44.25,163054796.0
NYSE:ACI,ACI,"Albertsons Companies, Inc.",Consumer Defensive,Grocery Stores,United States,NYSE,6027744983.0,12.42,46.64,43.98,3,24.0,906,False,-34.4,12.6,-22.1,-23.94,-30.01,-32.39,-32.71,15.944,16.3301,17.7454,18.3703,18.457,129170476,1255,2026-08-14,46.37,485325683.0
NASDAQ:AROW,AROW,Arrow Financial Corporation,Financial Services,Banks - Regional,United States,NASDAQ,648763996.0,39.25,46.66,49.25,3,24.0,907,True,-6.93,55.87,13.8,18.89,32.74,46.15,50.2,34.4907,33.0142,29.5694,26.8566,26.1318,3509543,1255,2026-08-14,44.59,16529019.0
NYSE:EXP,EXP,Eagle Materials Inc,Basic Materials,Building Materials,United States,NYSE,6396418769.0,208.52,46.66,47.82,3,24.0,908,False,-13.52,20.62,-1.34,-3.32,-9.4,-7.02,2.44,211.3597,215.6847,230.1496,224.2682,203.547,105713054,1255,2026-08-14,46.92,30675325.0
NASDAQ:ATOM,ATOM,Atomera Incorporated,Technology,Semiconductor Equipment & Materials,United States,NASDAQ,216812400.0,5.6,46.68,45.23,3,24.1,909,True,-53.76,181.41,10.75,16.55,7.79,3.61,-9.04,5.0566,4.8049,5.1954,5.4047,6.1565,3256318,1254,2026-08-14,43.9,38716500.0
NASDAQ:CASH,CASH,"Pathward Financial, Inc.",Financial Services,Banks - Regional,United States,NASDAQ,1800427285.0,86.67,46.7,48.42,3,24.1,910,False,-13.22,30.63,3.8,5.99,10.59,24.91,37.98,83.4946,81.7722,78.3673,69.3837,62.8155,16294300,1255,2026-08-14,44.73,20773362.0
NYSE:MSCI,MSCI,MSCI Inc.,Financial Services,Financial Data & Stock Exchanges,United States,NYSE,41375751000.0,569.13,46.71,46.98,3,24.2,911,False,-11.29,12.44,-0.08,0.54,0.9,4.42,8.12,569.5729,566.0999,564.0632,545.0337,526.4071,471638695,1255,2026-08-14,48.71,72700000.0
NASDAQ:SMID,SMID,Smith-Midland Corporation,Basic Materials,Building Materials,United States,NASDAQ,149697888.0,28.21,46.71,46.37,3,24.2,912,False,-34.76,7.47,-13.91,-17.17,-18.92,-16.67,-7.73,32.7687,34.0571,34.7927,33.8549,30.5749,459351,1255,2026-08-14,42.98,5306554.0
NYSE:WRBY,WRBY,Warby Parker Inc.,Healthcare,Medical Instruments & Supplies,United States,NYSE,2774810048.0,25.91,46.71,48.12,3,24.2,913,False,-14.6,57.13,6.62,5.49,15.47,32.93,43.75,24.3004,24.5615,22.4395,19.4921,18.0247,74233932,1224,2026-08-14,46.55,107094174.0
NYSE:IDA,IDA,"IDACORP, Inc.",Utilities,Utilities - Regulated Electric,United States,NYSE,8248853752.0,142.61,46.72,47.36,3,24.2,914,True,-7.16,18.35,4.0,5.76,17.65,29.59,34.19,137.1187,134.8463,121.2203,110.0472,106.274,71493548,1255,2026-08-14,42.47,57842043.0
NASDAQ:PLRX,PLRX,"Pliant Therapeutics, Inc.",Healthcare,Biotechnology,United States,NASDAQ,66254666.0,1.07,46.74,45.31,3,24.2,915,False,-42.78,2.88,-15.67,-19.67,-74.98,-86.3,-90.81,1.2689,1.332,4.2763,7.8081,11.641,473688,1254,2026-08-14,49.09,61920249.0
NYSE:AROC,AROC,"Archrock, Inc.",Energy,Oil & Gas Equipment & Services,United States,NYSE,6079824765.0,34.69,46.75,46.26,3,24.3,916,False,-16.76,53.51,7.9,13.77,30.08,51.26,80.64,32.1497,30.4907,26.6674,22.9338,19.2038,60235356,1255,2026-08-14,36.75,175261596.0
NYSE:BCSF,BCSF,"Bain Capital Specialty Finance, Inc.",Financial Services,Asset Management,United States,NYSE,814099763.0,12.55,46.75,48.12,3,24.3,917,False,-8.69,8.92,-0.21,-0.9,-4.09,-0.36,8.29,12.5763,12.6635,13.0848,12.5948,11.5894,3989388,1254,2026-08-14,49.08,64868507.0
NASDAQ:BBIO,BBIO,"BridgeBio Pharma, Inc.",Healthcare,Biotechnology,United States,NASDAQ,15641478786.0,79.86,46.76,50.94,3,24.3,918,False,-11.43,68.87,9.98,16.7,57.8,82.95,121.15,72.6126,68.4313,50.6096,43.6513,36.1112,165793787,1254,2026-08-14,50.38,195861242.0
NASDAQ:PLAY,PLAY,"Dave & Buster's Entertainment, Inc.",Communication Services,Entertainment,United States,NASDAQ,354496792.0,10.19,46.77,46.81,3,24.3,919,False,-61.21,6.81,-26.76,-33.91,-53.23,-66.12,-68.34,13.9137,15.4174,21.7889,30.081,32.1852,15290887,1254,2026-08-14,50.77,34788694.0
NASDAQ:PHAR,PHAR,"Pharming Group N.V. - ADS, each representing 10",Healthcare,Biotechnology,Netherlands,NASDAQ,829519613.0,11.72,46.78,45.16,3,24.4,920,False,-44.66,19.35,-23.58,-22.3,-2.93,0.43,0.29,15.3354,15.0829,12.0734,11.6696,11.6859,188937,1254,2026-08-14,52.95,70778124.0
NASDAQ:ELTK,ELTK,Eltek Ltd.,Technology,Electronic Components,Israel,NASDAQ,57933529.0,8.62,46.79,47.56,3,24.4,921,True,-25.37,11.23,-4.09,-7.6,-11.75,-15.96,-3.42,8.9877,9.3286,9.7672,10.2572,8.9252,127045,1255,2026-08-14,44.33,6720827.0
NYSE:MOD,MOD,Modine Manufacturing Company,Consumer Cyclical,Auto Parts,United States,NYSE,11127112326.0,209.5,46.81,45.17,3,24.4,922,False,-31.73,75.05,1.04,7.57,38.54,67.14,110.13,207.3507,194.7658,151.221,125.3406,99.7016,318470757,1255,2026-08-14,43.5,53112708.0
NASDAQ:RDNW,RDNW,"RideNow Group, Inc.",Consumer Cyclical,Auto & Truck Dealerships,United States,NASDAQ,244711068.0,6.35,46.84,46.73,3,24.4,923,True,-23.12,114.53,1.84,10.65,32.69,22.06,-6.57,6.2353,5.7391,4.7858,5.2025,6.7967,478299,1254,2026-08-14,42.28,38537176.0
AMEX:GORO,GORO,Goldgroup Mining Inc.,Basic Materials,Other Precious Metals & Mining,Canada,AMEX,207301812.0,2.75,46.85,44.03,3,24.5,924,False,-56.21,37.5,-32.8,-29.2,3.75,52.74,92.63,4.0922,3.8839,2.6505,1.8004,1.4276,4680047,1255,2026-08-14,47.85,75382477.0
NASDAQ:CRMD,CRMD,CorMedix Inc.,Healthcare,Biotechnology,United States,NASDAQ,591527258.0,7.54,46.86,46.68,3,24.5,925,False,-49.16,20.64,-10.94,-18.19,-21.46,-2.7,10.42,8.4658,9.2164,9.5999,7.7493,6.8285,9878173,1255,2026-08-14,56.36,78451891.0
NYSE:HPP,HPP,"Hudson Pacific Properties, Inc.",Real Estate,REIT - Office,United States,NYSE,753964134.0,13.9,46.91,48.62,3,24.5,926,False,-35.32,152.27,24.97,8.91,-22.26,-47.38,-59.03,11.1225,12.7624,17.8794,26.4166,33.9282,11807313,1255,2026-08-14,50.8,54242024.0
NASDAQ:JYNT,JYNT,The Joint Corp.,Healthcare,Medical Care Facilities,United States,NASDAQ,120458096.0,8.45,46.91,46.99,3,24.5,927,True,-23.25,10.17,-3.92,-6.03,-16.06,-19.05,-28.27,8.7949,8.9919,10.0669,10.439,11.7808,577082,1254,2026-08-14,46.09,14255396.0
NASDAQ:AFYA,AFYA,Afya Limited,Consumer Defensive,Education & Training Services,Brazil,NASDAQ,731838288.0,13.84,46.92,46.84,3,24.6,928,True,-12.74,9.82,-2.3,-2.94,-8.74,-12.57,-8.23,14.1664,14.2593,15.1647,15.8291,15.0819,1341068,1254,2026-08-14,38.92,52878489.0
NASDAQ:ISPR,ISPR,Ispire Technology Inc.,Consumer Defensive,Tobacco,United States,NASDAQ,88969064.0,1.55,46.94,47.86,3,24.6,929,False,-57.88,40.91,-25.69,-30.35,-54.61,-70.29,,2.0859,2.2254,3.4149,5.2173,,50802,843,2026-08-14,48.83,57399396.0
NASDAQ:REAL,REAL,"The RealReal, Inc.",Consumer Cyclical,Luxury Goods,United States,NASDAQ,1373560099.0,11.4,46.95,49.21,3,24.6,930,True,-32.54,56.81,-6.23,-1.95,32.54,71.74,111.31,12.1575,11.6266,8.6014,6.638,5.395,40089240,1254,2026-08-14,40.96,120487728.0
NASDAQ:DRH,DRH,Diamondrock Hospitality Company,Real Estate,REIT - Hotel & Motel,United States,NASDAQ,2528926217.0,12.36,46.97,50.74,3,24.7,931,False,-7.62,69.84,21.93,28.03,41.76,46.72,50.4,10.1366,9.6537,8.719,8.4243,8.2179,35048022,1255,2026-08-14,45.37,204605681.0
AMEX:NINE,NINE,"Nine Energy Service, Inc.",Energy,Oil & Gas Equipment & Services,United States,AMEX,150520392.0,10.79,46.97,48.04,3,24.7,932,True,-17.06,34.87,,,,,,,,,,,670719,94,2026-08-14,41.09,13949990.0
NYSE:MAC,MAC,Macerich Company (The),Real Estate,REIT - Retail,United States,NYSE,7352692156.0,24.71,46.98,49.62,3,24.7,933,False,-6.79,56.39,20.18,24.37,35.05,49.56,67.37,20.5607,19.8676,18.2963,16.522,14.7637,99044331,1255,2026-08-14,46.31,297559375.0
NASDAQ:EZPW,EZPW,"EZCORP, Inc. - Class A Non-Voting",Financial Services,Credit Services,United States,NASDAQ,1724374845.0,29.49,46.99,46.47,3,24.7,934,True,-17.14,89.4,11.86,20.14,56.91,87.86,111.08,26.3643,24.5463,18.7945,15.6978,13.9712,29497498,1255,2026-08-14,42.64,58473206.0
NASDAQ:CENTA,CENTA,Central Garden & Pet Company - Class A Common Stock Nonvoting,Consumer Defensive,Packaged Foods,United States,NASDAQ,1942393264.0,37.85,47.01,49.7,3,24.8,935,False,-6.77,44.08,13.79,15.67,16.64,14.69,17.3,33.2616,32.7228,32.45,33.0028,32.268,11484014,1255,2026-08-14,51.68,51318184.0
NASDAQ:EEFT,EEFT,"Euronet Worldwide, Inc.",Technology,Software - Infrastructure,United States,NASDAQ,2787096881.0,73.2,47.01,48.44,3,24.8,936,False,-25.55,14.86,0.98,-3.72,-17.7,-20.29,-22.15,72.4896,76.0285,88.9416,91.8277,94.0325,57508198,1255,2026-08-14,49.03,38075094.0
NASDAQ:WILC,WILC,"G. Willi-Food International, Ltd.",Consumer Defensive,Food Distribution,Israel,NASDAQ,399531217.0,28.73,47.01,45.88,3,24.8,937,False,-22.14,60.71,0.18,6.81,39.42,71.7,84.46,28.6781,26.8979,20.6074,16.7326,15.575,326135,1255,2026-08-14,45.87,13906412.0
NYSE:NCLH,NCLH,Norwegian Cruise Line Holdings Ltd.,Consumer Cyclical,Travel Services,United States,NYSE,8728603351.0,19.01,47.02,48.13,3,24.8,938,False,-29.44,28.53,-5.34,-9.48,-11.51,-5.35,0.35,20.0816,21.0005,21.4838,20.0848,18.9437,294042986,1255,2026-08-14,50.82,459158514.0
NASDAQ:GOOGL,GOOGL,Alphabet Inc.,Communication Services,Internet Content & Information,United States,NASDAQ,2029449187761.0,345.9,47.04,47.57,3,24.9,939,False,-14.04,74.04,4.47,11.05,42.92,64.1,87.75,331.104,311.4798,242.0167,210.7891,184.2337,10812015179,1255,2026-08-14,47.28,5867155790.0
NASDAQ:DCX,DCX,Digital Currency X Technology Inc.,Consumer Cyclical,Auto Manufacturers,Hong Kong,NASDAQ,355092954.0,1.01,47.05,43.31,3,24.9,940,False,-99.95,59.81,-86.48,-99.27,-99.92,-99.99,-100.0,7.471,137.7579,1307.5885,12160.2876,86099.3228,1139043,1153,2026-08-14,47.98,351577182.0
NYSE:PMM,PMM,Franklin Managed Municipal Income Trust Shares of Beneficial Interest,Financial Services,Asset Management,United States,NYSE,270707069.0,6.32,47.05,48.66,3,24.9,941,False,-3.75,14.71,3.17,4.49,7.78,11.89,13.9,6.1261,6.0487,5.8641,5.6486,5.5489,670104,1255,2026-08-14,48.99,42833397.0
NASDAQ:KRYS,KRYS,"Krystal Biotech, Inc.",Healthcare,Biotechnology,United States,NASDAQ,9795238526.0,332.27,47.09,48.64,3,24.9,942,True,-12.13,141.72,19.47,30.47,58.05,76.92,104.4,278.1247,254.6697,210.2304,187.8114,162.5605,201411163,1254,2026-08-14,45.04,29479756.0
NASDAQ:ADAG,ADAG,"Adagene Inc. - ADS, each representing 1.25",Healthcare,Biotechnology,China,NASDAQ,244468598.0,3.7,47.1,48.42,3,25.0,943,False,-22.59,163.35,20.94,29.85,50.13,53.77,71.62,3.0593,2.8494,2.4645,2.4061,2.156,893802,1254,2026-08-14,47.64,66072594.0
NASDAQ:GDEV,GDEV,GDEV Inc.,Communication Services,Electronic Gaming & Multimedia,Cyprus,NASDAQ,220619194.0,12.155,47.12,46.57,3,25.0,944,False,-66.42,3.89,-23.09,-27.95,-29.63,-35.88,-55.46,15.8034,16.8703,17.2732,18.9554,27.2894,153748,1254,2026-08-14,41.55,18150489.0
NASDAQ:PRME,PRME,"Prime Medicine, Inc.",Healthcare,Biotechnology,United States,NASDAQ,558107924.0,3.09,47.12,47.33,3,25.0,945,False,-53.67,14.44,-13.93,-19.25,-8.53,-35.45,,3.5903,3.8265,3.3781,4.7871,,7845204,957,2026-08-14,49.84,180617451.0
NYSE:STWD,STWD,"STARWOOD PROPERTY TRUST, INC. Starwood Property Trust Inc.",Real Estate,REIT - Mortgage,United States,NYSE,6043201691.0,16.3,47.12,47.37,3,25.0,946,False,-12.38,2.32,-3.16,-4.33,-3.98,-0.88,3.22,16.8323,17.0374,16.9763,16.4446,15.7921,73944951,1255,2026-08-14,48.17,370748570.0
NASDAQ:INOD,INOD,Innodata Inc.,Technology,Information Technology Services,United States,NASDAQ,2085044608.0,63.85,47.15,46.18,3,25.1,947,False,-47.45,85.34,4.08,3.3,30.15,76.9,122.95,61.3467,61.8129,49.0579,36.0934,28.6384,94419888,1255,2026-08-14,44.17,32655358.0
NASDAQ:QCOM,QCOM,QUALCOMM Incorporated,Technology,Semiconductors,United States,NASDAQ,174079500000.0,165.79,47.15,46.0,3,25.1,948,False,-33.71,34.12,-1.12,-0.3,3.44,6.71,14.64,167.6666,166.2915,160.2764,155.3589,144.6124,1869632009,1255,2026-08-14,46.26,1050000000.0
NYSE:CMDB,CMDB,Costamare Bulkers Holdings Limited,Industrials,Marine Shipping,Monaco,NYSE,441913084.0,18.23,47.16,48.85,3,25.2,949,False,-9.48,104.6,8.23,15.11,,,,16.8442,15.8371,,,,1243798,323,2026-08-14,45.5,24240981.0
NASDAQ:SIGI,SIGI,"Selective Insurance Group, Inc.",Financial Services,Insurance - Property & Casualty,United States,NASDAQ,5624452000.0,94.37,47.16,49.93,3,25.2,950,False,-5.77,29.47,11.59,13.27,10.78,6.38,6.46,84.5723,83.3121,85.1873,88.7088,88.6424,52999460,1255,2026-08-14,45.27,59600000.0
NASDAQ:UBCP,UBCP,"United Bancorp, Inc.",Financial Services,Banks - Regional,United States,NASDAQ,91844750.0,15.45,47.16,48.26,3,25.2,951,False,-8.07,29.35,5.81,8.04,17.58,27.02,29.69,14.601,14.2998,13.1404,12.1637,11.9128,45929,1255,2026-08-14,49.06,5944644.0
NYSE:PPG,PPG,"PPG Industries, Inc.",Basic Materials,Specialty Chemicals,United States,NYSE,25366653000.0,114.11,47.2,48.54,3,25.2,952,False,-11.65,23.36,4.87,5.8,3.6,-1.42,-2.5,108.811,107.852,110.1453,115.7588,117.0399,217304345,1255,2026-08-14,48.32,222300000.0
NYSE:HHH,HHH,Howard Hughes Holdings Inc.,Real Estate,Real Estate - Development,United States,NYSE,3977420998.0,66.6,47.21,47.68,3,25.2,953,False,-25.88,8.03,-8.47,-10.17,-10.03,-8.03,-7.51,72.7667,74.1402,74.0218,72.4182,72.0056,27350213,1255,2026-08-14,51.42,59721036.0
NYSE:FLG,FLG,"Flagstar Bank, N.A.",Financial Services,Banks - Regional,United States,NYSE,5942520351.0,14.25,47.22,47.86,3,25.3,954,False,-7.23,33.23,6.27,8.51,17.5,-3.77,-20.36,13.4096,13.1328,12.1273,14.8076,17.8941,64563443,1255,2026-08-14,47.74,417018972.0
NASDAQ:NMRA,NMRA,"Neumora Therapeutics, Inc.",Healthcare,Biotechnology,United States,NASDAQ,296454790.0,1.6,47.22,47.39,3,25.3,955,False,-55.43,74.86,-26.02,-22.99,-57.8,,,2.1627,2.0777,3.7917,,,1075764,731,2026-08-14,57.38,185284244.0
NYSE:PRG,PRG,"PROG Holdings, Inc.",Industrials,Rental & Leasing Services,United States,NYSE,1697624198.0,42.62,47.23,50.25,3,25.3,956,False,-10.33,64.24,24.91,25.78,21.52,25.69,36.59,34.1199,33.8844,35.0731,33.91,31.202,24522824,1255,2026-08-14,47.86,39831633.0
NYSE:GPRK,GPRK,Geopark Ltd,Energy,Oil & Gas E&P,Colombia,NYSE,614562781.0,9.47,47.26,47.61,3,25.3,957,False,-19.61,59.83,7.2,13.69,17.78,15.06,7.48,8.8337,8.33,8.0401,8.2308,8.8113,3502090,1255,2026-08-14,45.08,64895753.0
NYSE:REXR,REXR,"Rexford Industrial Realty, Inc.",Real Estate,REIT - Industrial,United States,NYSE,8078893535.0,36.23,47.28,50.5,3,25.4,958,False,-15.05,14.47,-0.93,-2.65,-3.48,-8.94,-14.21,36.5712,37.2179,37.5365,39.7881,42.2317,107515655,1254,2026-08-14,48.97,222989057.0
NASDAQ:VISN,VISN,"Vistance Networks, Inc.",Technology,Communication Equipment,United States,NASDAQ,2600817845.0,11.53,47.28,47.66,3,25.4,959,True,-10.48,58.05,14.4,20.23,85.75,158.1,169.13,10.0789,9.5903,6.2074,4.4673,4.2842,85564394,1254,2026-08-14,45.31,225569631.0
NASDAQ:RXRX,RXRX,"Recursion Pharmaceuticals, Inc.",Healthcare,Biotechnology,United States,NASDAQ,1657982053.0,3.16,47.3,47.76,3,25.4,960,False,-53.46,11.27,-16.02,-22.26,-38.99,-50.41,-55.17,3.7628,4.0649,5.1795,6.3726,7.0488,48198210,1255,2026-08-14,53.91,524677865.0
NASDAQ:TACT,TACT,TransAct Technologies Incorporated,Technology,Computer Hardware,United States,NASDAQ,53231125.0,5.18,47.3,50.55,3,25.4,961,True,-11.3,61.37,24.54,20.82,24.71,10.18,1.52,4.1594,4.2874,4.1537,4.7012,5.1022,94242,1255,2026-08-14,45.29,10276279.0
NASDAQ:ASYS,ASYS,"Amtech Systems, Inc.",Technology,Semiconductor Equipment & Materials,United States,NASDAQ,280444980.0,16.04,47.31,46.6,3,25.5,962,False,-33.14,217.62,8.86,20.37,74.41,97.25,89.45,14.7342,13.326,9.1968,8.1318,8.4666,5403556,1255,2026-08-14,47.1,17484101.0
NASDAQ:HON,HON,Honeywell International Inc.,Industrials,Conglomerates,United States,NASDAQ,74151284740.0,233.96,47.32,48.97,3,25.5,963,True,-9.3,20.17,3.04,5.08,8.86,14.13,17.48,227.0644,222.6492,214.9176,204.9994,199.1529,825478483,1255,2026-08-14,46.67,316940010.0
NYSE:MUSA,MUSA,Murphy USA Inc.,Consumer Cyclical,Specialty Retail,United States,NYSE,10512036247.0,569.12,47.32,48.63,3,25.5,964,False,-8.62,60.23,19.01,24.14,22.31,29.11,42.34,478.2134,458.4351,465.324,440.7926,399.8441,175430817,1254,2026-08-14,45.51,18470685.0
NASDAQ:SAIA,SAIA,"Saia, Inc.",Industrials,Trucking,United States,NASDAQ,10251601488.0,384.32,47.32,45.27,3,25.5,965,False,-21.11,53.43,1.29,5.64,1.59,-4.76,4.18,379.4424,363.809,378.322,403.5174,368.892,201653450,1255,2026-08-14,45.52,26674650.0
NASDAQ:IBIO,IBIO,"iBio, Inc.",Healthcare,Biotechnology,United States,NASDAQ,71040342.0,1.43,47.33,45.58,3,25.6,966,True,-53.42,110.29,-22.32,-12.82,-25.48,-38.55,-88.45,1.8409,1.6403,1.919,2.3272,12.3855,808595,1255,2026-08-14,43.88,49678561.0
NASDAQ:NTLA,NTLA,"Intellia Therapeutics, Inc.",Healthcare,Biotechnology,United States,NASDAQ,1664092319.0,11.91,47.34,45.89,3,25.6,967,True,-57.43,48.13,-4.22,-10.5,-9.03,-33.92,-51.99,12.4346,13.3066,13.0927,18.0239,24.8052,38555510,1255,2026-08-14,46.4,139722277.0
NASDAQ:APWC,APWC,"Asia Pacific Wire & Cable Corporation Limited - Common shares, Par value .01 per share",Industrials,Electrical Equipment & Parts,Taiwan,NASDAQ,62673330.0,1.52,47.36,48.75,3,25.7,968,True,-32.14,17.83,-5.23,-9.02,-7.22,-3.13,-2.3,1.6038,1.6708,1.6383,1.5692,1.5557,21544,1255,2026-08-14,45.37,41232454.0
NYSE:TLYS,TLYS,"Tilly's, Inc.",Consumer Cyclical,Apparel Retail,United States,NYSE,92497425.0,3.99,47.36,47.52,3,25.7,969,False,-26.79,238.14,32.56,44.24,34.9,-7.77,-24.09,3.0099,2.7662,2.9578,4.326,5.2559,448692,1254,2026-08-14,48.01,23182312.0
NASDAQ:TSHA,TSHA,"Taysha Gene Therapies, Inc.",Healthcare,Biotechnology,United States,NASDAQ,1709798069.0,5.95,47.36,48.67,3,25.7,970,False,-14.76,110.25,11.88,19.48,68.45,89.0,116.38,5.3184,4.9801,3.5323,3.1481,2.7498,15112208,1255,2026-08-14,48.01,287361020.0
NASDAQ:AUC,AUC,ATIF Holdings Limited,Financial Services,Capital Markets,United States,NASDAQ,71987344.0,6.98,47.37,47.67,3,25.7,971,False,-36.37,55.8,-2.82,-4.68,-38.98,-49.5,-62.6,7.1823,7.3227,11.4397,13.8213,18.6609,23873,1254,2026-08-14,43.17,10313373.0
NYSE:VICI,VICI,VICI Properties Inc.,Real Estate,REIT - Diversified,United States,NYSE,29024404534.0,26.36,47.39,47.1,3,25.7,972,False,-16.91,1.66,-4.13,-6.32,-7.97,-4.61,-3.78,27.4955,28.1371,28.6434,27.6352,27.3953,260698972,1255,2026-08-14,47.07,1101077562.0
NASDAQ:LINE,LINE,"Lineage, Inc.",Real Estate,REIT - Industrial,United States,NASDAQ,9505404739.0,41.75,47.4,48.72,3,25.8,973,False,-6.37,35.12,11.26,10.74,-10.28,,,37.5258,37.6992,46.5344,,,43673005,515,2026-08-14,53.23,227674365.0
NYSE:ATMU,ATMU,Atmus Filtration Technologies Inc.,Consumer Cyclical,Auto Parts,United States,NYSE,4166110552.0,51.01,47.41,48.17,3,25.8,974,True,-22.12,21.23,-6.07,-2.49,13.25,32.86,,54.3072,52.3139,45.042,38.3948,,35147333,806,2026-08-14,42.89,81672428.0
NASDAQ:CBUS,CBUS,"Cibus, Inc.",Healthcare,Biotechnology,United States,NASDAQ,135106992.0,1.77,47.41,50.17,3,25.8,975,False,-56.3,52.59,-4.57,0.48,-26.44,-73.83,-79.48,1.8547,1.7615,2.4062,6.763,8.6243,308246,1254,2026-08-14,55.12,76331634.0
NASDAQ:MTRX,MTRX,Matrix Service Company,Industrials,Engineering & Construction,United States,NASDAQ,335074154.0,11.91,47.41,46.59,3,25.8,976,True,-24.33,17.69,-3.57,-5.61,-5.02,0.1,14.79,12.351,12.6179,12.5392,11.898,10.3756,2164791,1255,2026-08-14,43.32,28133850.0
NASDAQ:ARQT,ARQT,"Arcutis Biotherapeutics, Inc.",Healthcare,Biotechnology,United States,NASDAQ,3275933565.0,26.19,47.42,49.54,3,25.9,977,True,-16.06,70.95,2.35,8.9,42.27,79.58,78.05,25.5876,24.0485,18.408,14.5841,14.7094,40145669,1255,2026-08-14,44.83,125083374.0
NASDAQ:GLXY,GLXY,Galaxy Digital Inc.,Financial Services,Capital Markets,United States,NASDAQ,4147712886.0,21.66,47.42,45.86,3,25.9,978,True,-49.46,28.62,-15.57,-19.82,,,,25.6558,27.0129,,,,141815767,313,2026-08-14,44.68,191491823.0
NASDAQ:POOL,POOL,Pool Corporation,Industrials,Industrial Distribution,United States,NASDAQ,7080631145.0,194.84,47.43,48.25,3,25.9,979,False,-40.13,12.67,-10.42,-17.15,-30.24,-35.33,-36.5,217.4944,235.1795,279.3043,301.2653,306.8198,169605600,1255,2026-08-14,52.53,36340747.0
NASDAQ:SHOE,SHOE,"Shoe Station Group, Inc.",Consumer Cyclical,Apparel Retail,United States,NASDAQ,413785934.0,15.24,47.43,47.57,3,25.9,980,False,-38.94,6.57,-11.22,-14.87,-31.99,-37.36,-36.01,17.1662,17.9028,22.4098,24.3299,23.8177,9821570,1255,2026-08-14,48.19,27151308.0
NASDAQ:SOLS,SOLS,Solstice Advanced Materials Inc.,Basic Materials,Specialty Chemicals,United States,NASDAQ,9951787668.0,62.65,47.44,44.75,3,26.0,981,False,-29.29,51.5,-6.33,,,,,66.8808,,,,,184248289,205,2026-08-14,47.24,158847369.0
NASDAQ:LBTYA,LBTYA,Liberty Global Ltd.,Communication Services,Telecom Services,Bermuda,NASDAQ,1850281800.0,10.47,47.45,46.11,3,26.0,982,False,-19.65,8.05,-8.37,-8.44,-6.38,0.25,2.12,11.4266,11.4355,11.1831,10.4444,10.2529,29053799,1255,2026-08-14,47.82,176722235.0
NASDAQ:LTBR,LTBR,Lightbridge Corporation,Industrials,Electrical Equipment & Parts,United States,NASDAQ,277535915.0,8.45,47.45,46.8,3,26.0,983,False,-69.52,17.36,-34.83,-40.48,-25.24,-2.71,9.62,12.9657,14.1971,11.3021,8.685,7.7086,8017582,1255,2026-08-14,50.74,32844487.0
NASDAQ:GLOO,GLOO,"Gloo Holdings, Inc.",Technology,Software - Application,United States,NASDAQ,99263106.0,3.48,47.47,43.78,3,26.1,984,False,-63.37,17.97,,,,,,,,,,,512005,184,2026-08-14,47.12,28523881.0
NASDAQ:JBLU,JBLU,JetBlue Airways Corporation,Industrials,Airlines,United States,NASDAQ,2131813823.0,5.65,47.48,49.71,3,26.1,985,False,-12.54,40.2,11.68,12.03,5.41,3.5,-5.8,5.0592,5.0433,5.3601,5.4592,5.9976,205707157,1255,2026-08-14,50.55,377312181.0
NASDAQ:ACGL,ACGL,Arch Capital Group Ltd.,Financial Services,Insurance - Diversified,Bermuda,NASDAQ,33660110000.0,98.71,47.51,49.65,3,26.1,986,False,-7.3,16.51,3.55,4.68,4.32,8.68,18.72,95.3216,94.2931,94.6258,90.8274,83.1427,181640162,1255,2026-08-14,45.01,341000000.0
NASDAQ:GBLI,GBLI,"Global Indemnity Group, LLC",Financial Services,Insurance - Property & Casualty,United States,NASDAQ,292775991.0,27.07,47.52,49.77,3,26.1,987,False,-6.56,9.73,-0.48,-1.13,-6.87,-6.42,-1.84,27.2011,27.3807,29.0664,28.9282,27.5775,121560,1255,2026-08-14,59.53,10815515.0
NASDAQ:MCHP,MCHP,Microchip Technology Incorporated,Technology,Semiconductors,United States,NASDAQ,42989972653.0,79.17,47.53,46.95,3,26.2,988,True,-22.92,64.74,4.6,8.06,17.63,10.49,11.16,75.685,73.2651,67.3068,71.6543,71.2231,872349547,1255,2026-08-14,45.45,543008370.0
NASDAQ:RGP,RGP,"Resources Connection, Inc.",Industrials,Consulting Services,United States,NASDAQ,145696538.0,4.23,47.53,48.16,3,26.2,989,False,-18.77,23.85,-0.65,-2.38,-23.36,-43.06,-54.09,4.2576,4.3333,5.5194,7.429,9.213,2312871,1255,2026-08-14,47.15,34443626.0
NYSE:BNED,BNED,"Barnes & Noble Education, Inc",Consumer Cyclical,Specialty Retail,United States,NYSE,420570536.0,12.14,47.54,50.55,3,26.2,990,False,-11.09,99.62,24.99,26.96,21.54,-62.7,-83.59,9.713,9.562,9.9883,32.5448,73.9677,2902054,1254,2026-08-14,48.78,34643372.0
NYSE:CCI,CCI,Crown Castle Inc.,Real Estate,REIT - Specialty,United States,NYSE,33203260000.0,75.98,47.55,45.75,3,26.3,991,False,-23.27,3.22,-10.06,-11.96,-16.35,-16.11,-20.67,84.476,86.3006,90.834,90.5669,95.7736,330389912,1255,2026-08-14,46.79,437000000.0
NASDAQ:SEVN,SEVN,Seven Hills Realty Trust,Real Estate,REIT - Mortgage,United States,NASDAQ,175815263.0,7.76,47.55,46.84,3,26.3,992,False,-20.27,3.6,-3.46,-6.61,-17.33,-16.52,-10.02,8.0381,8.3094,9.3867,9.2957,8.6237,1395011,1255,2026-08-14,45.96,22656606.0
NYSE:BRK.A,BRK-A,Berkshire Hathaway Inc.,Financial Services,Insurance - Diversified,United States,NYSE,382089482290.0,755570.0,47.57,50.78,3,26.3,993,False,-4.82,7.94,2.46,2.37,3.68,11.07,20.34,737420.775,738105.3413,728777.8909,680241.9418,627879.3125,125840540,1255,2026-08-14,51.17,505697.0
NASDAQ:NXT,NXT,Nextpower Inc.,Technology,Solar,United States,NASDAQ,15395994394.0,101.47,47.57,46.46,3,26.3,994,False,-35.12,87.94,-7.29,-0.61,38.09,57.55,,109.4496,102.0965,73.4823,64.4053,,304277503,880,2026-08-14,50.91,151729520.0
NYSE:ETSY,ETSY,"Etsy, Inc.",Consumer Cyclical,Internet Retail,United States,NYSE,7582208857.0,79.9,47.58,51.09,3,26.4,995,False,-7.6,81.38,28.09,27.22,38.34,30.49,9.42,62.376,62.8044,57.7582,61.2314,73.0195,244190789,1254,2026-08-14,49.01,94896231.0
NASDAQ:FBIO,FBIO,"Fortress Biotech, Inc.",Healthcare,Biotechnology,United States,NASDAQ,97331881.0,2.93,47.59,48.3,3,26.4,996,False,-33.11,49.49,-2.0,-1.9,22.56,18.22,-37.71,2.9897,2.9867,2.3907,2.4784,4.7039,2171956,1255,2026-08-14,49.15,33219072.0
NYSE:VST,VST,Vistra Corp.,Utilities,Utilities - Independent Power Producers,United States,NYSE,49946838985.0,148.13,47.59,47.38,3,26.4,997,True,-31.74,10.12,-7.86,-12.15,-4.82,21.51,52.38,160.7724,168.6094,155.6391,121.9125,97.2081,673911102,1255,2026-08-14,45.57,337182468.0
NYSE:BRK.B,BRK-B,Berkshire Hathaway Inc. New,Financial Services,Insurance - Diversified,United States,NYSE,704789522468.0,504.03,47.6,50.84,3,26.4,998,False,-4.8,8.3,2.53,2.44,3.75,11.41,20.89,491.6011,492.0407,485.7963,452.4145,416.9357,2180673334,1255,2026-08-14,50.02,1398308677.0
NASDAQ:ENPH,ENPH,"Enphase Energy, Inc.",Technology,Solar,United States,NASDAQ,5349215351.0,40.48,47.6,46.73,3,26.4,999,False,-44.03,54.98,0.62,2.32,-24.1,-45.03,-64.26,40.2306,39.5614,53.3344,73.6343,113.26,180983101,1255,2026-08-14,48.34,132144648.0
NASDAQ:NEXM,NEXM,NexMetals Mining Corp.,Basic Materials,Other Industrial Metals & Mining,Canada,NASDAQ,78782442.0,2.21,47.62,46.76,3,26.5,1000,True,-65.14,6.76,-28.13,-38.53,-58.71,-76.04,-82.69,3.0749,3.5952,5.3527,9.2243,12.7654,56977,1255,2026-08-14,43.82,35648164.0
NASDAQ:MDIA,MDIA,Mediaco Holding Inc.,Communication Services,Broadcasting,United States,NASDAQ,73373134.0,0.954,47.63,50.17,3,26.5,1001,False,-36.4,73.14,17.55,4.44,-19.13,-21.55,-25.72,0.8115,0.9134,1.1797,1.2161,1.2843,17023,1254,2026-08-14,47.63,76911042.0
NASDAQ:META,META,"Meta Platforms, Inc.",Communication Services,Internet Content & Information,United States,NASDAQ,1300695051034.0,589.85,47.63,47.93,3,26.5,1002,False,-24.64,12.3,-5.9,-9.33,-6.84,5.76,26.83,626.8258,650.5423,633.1349,557.7477,465.0659,9250897293,1255,2026-08-14,49.16,2205128509.0
NYSE:HAYW,HAYW,"Hayward Holdings, Inc.",Industrials,Electrical Equipment & Parts,United States,NYSE,3215732863.0,15.16,47.67,49.2,3,26.6,1003,False,-12.42,15.9,-1.16,-1.45,1.18,5.08,11.29,15.3373,15.3828,14.9835,14.4276,13.6217,43521127,1254,2026-08-14,49.48,212119582.0
NASDAQ:CARE,CARE,"Carter Bankshares, Inc.",Financial Services,Banks - Regional,United States,NASDAQ,724317265.0,32.68,47.68,51.7,3,26.6,1004,False,-8.23,94.01,35.47,41.54,62.74,83.51,88.65,24.1241,23.0881,20.0806,17.8081,17.3229,14481081,1255,2026-08-14,47.68,22163931.0
NASDAQ:CTMX,CTMX,"CytomX Therapeutics, Inc.",Healthcare,Biotechnology,United States,NASDAQ,731481808.0,3.36,47.68,47.15,3,26.6,1005,True,-50.22,90.91,-19.71,-12.96,30.01,48.2,56.97,4.1847,3.8603,2.5844,2.2672,2.1405,8315710,1255,2026-08-14,47.12,217702919.0
NASDAQ:FINW,FINW,FinWise Bancorp,Financial Services,Banks - Regional,United States,NASDAQ,189984998.0,13.88,47.68,47.49,3,26.6,1006,False,-38.28,6.93,-14.06,-17.27,-15.59,-4.51,5.2,16.1506,16.7783,16.4429,14.5362,13.1937,404253,1186,2026-08-14,47.68,13687680.0
NYSE:NOA,NOA,North American Construction Group Ltd. Common Shares (no par),Energy,Oil & Gas Equipment & Services,Canada,NYSE,375370622.0,13.85,47.68,49.17,3,26.6,1007,False,-16.93,15.89,-3.05,-2.22,-12.63,-20.87,-17.59,14.2858,14.1651,15.8527,17.5035,16.807,893221,1255,2026-08-14,54.87,27102572.0
NASDAQ:TXN,TXN,Texas Instruments Incorporated,Technology,Semiconductors,United States,NASDAQ,255325788052.0,279.58,47.69,48.06,3,26.7,1008,True,-15.43,85.41,21.75,27.37,38.64,48.95,55.73,229.633,219.5051,201.6533,187.6994,179.5284,2158300489,1255,2026-08-14,43.33,913247686.0
NYSE:LUCK,LUCK,Lucky Strike Entertainment Corporation,Consumer Cyclical,Leisure,United States,NYSE,541924315.0,6.96,47.7,45.69,3,26.7,1009,True,-33.49,11.3,-12.84,-16.53,-24.37,-29.93,-34.43,7.9858,8.338,9.203,9.9335,10.6146,501590,1254,2026-08-14,43.2,77862689.0
NYSE:GRC,GRC,Gorman-Rupp Company (The),Industrials,Specialty Industrial Machinery,United States,NYSE,2134211737.0,80.81,47.71,49.45,3,26.8,1010,True,-11.7,98.49,24.76,33.6,65.48,85.42,107.8,64.7737,60.4865,48.8333,43.5813,38.8879,15981760,1255,2026-08-14,44.7,26410243.0
NASDAQ:MKSI,MKSI,MKS Inc.,Technology,Scientific & Technical Instruments,United States,NASDAQ,20987987204.0,310.73,47.71,47.58,3,26.8,1011,True,-30.14,214.37,22.93,37.85,91.8,116.84,139.15,252.76,225.4163,162.0109,143.2976,129.9289,460237382,1255,2026-08-14,46.31,67544129.0
NASDAQ:LGN,LGN,Legence Corp.,Industrials,Engineering & Construction,United States,NASDAQ,5102033717.0,66.375,47.72,46.46,3,26.8,1012,True,-35.1,123.33,8.9,,,,,60.9481,,,,,94630368,231,2026-08-14,43.33,76866798.0
NASDAQ:TFSL,TFSL,TFS Financial Corporation,Financial Services,Banks - Regional,United States,NASDAQ,4946822967.0,17.64,47.72,51.53,3,26.8,1013,False,-5.21,47.49,19.28,23.12,36.17,45.02,51.59,14.7885,14.3274,12.9543,12.1636,11.6365,18280116,1255,2026-08-14,46.3,280432141.0
NYSE:PACS,PACS,"PACS Group, Inc.",Healthcare,Medical Care Facilities,United States,NYSE,7033624389.0,44.44,47.74,51.77,3,26.9,1014,False,-8.28,476.39,26.07,45.87,78.87,,,35.251,30.4646,24.8454,,,41816034,587,2026-08-14,49.89,158272376.0
NASDAQ:AIFU,AIFU,AIFU Inc.,Financial Services,Insurance Brokers,China,NASDAQ,215103128.0,36.3,47.75,47.35,3,26.9,1015,False,-72.5,59.21,-19.25,-37.07,-78.48,-95.38,-97.16,44.9555,57.6805,168.6664,785.5924,1278.2658,274718,1255,2026-08-14,49.59,5925706.0
NASDAQ:FSV,FSV,FirstService Corporation,Real Estate,Real Estate Services,Canada,NASDAQ,6474691766.0,140.81,47.75,49.04,3,26.9,1016,True,-31.93,12.3,-4.02,-9.82,-15.58,-13.24,-9.17,146.7024,156.1482,166.8043,162.3033,155.0264,32747294,1254,2026-08-14,47.74,45981761.0
NASDAQ:MNKD,MNKD,MannKind Corporation,Healthcare,Biotechnology,United States,NASDAQ,1189458139.0,3.85,47.75,49.2,3,26.9,1017,True,-38.0,68.86,-9.59,-13.2,-21.79,-18.49,-16.47,4.2586,4.4354,4.9226,4.7233,4.6092,19504889,1255,2026-08-14,44.06,308950166.0
NASDAQ:GEG,GEG,"Great Elm Group, Inc.",Financial Services,Asset Management,United States,NASDAQ,67731137.0,2.16,47.76,48.41,3,27.0,1018,True,-30.1,19.34,-3.44,-6.26,2.38,5.66,5.1,2.2369,2.3044,2.1099,2.0443,2.0552,8779,1255,2026-08-14,47.02,31357008.0
NYSE:BLDR,BLDR,"Builders FirstSource, Inc.",Industrials,Building Products & Equipment,United States,NYSE,7801819097.0,72.51,47.78,47.37,3,27.0,1019,False,-51.4,9.85,-22.24,-28.28,-41.92,-46.54,-41.26,93.2503,101.098,124.8408,135.6348,123.4445,167792018,1255,2026-08-14,49.46,107596457.0
NASDAQ:BSET,BSET,"Bassett Furniture Industries, Incorporated",Consumer Cyclical,"Furnishings, Fixtures & Appliances",United States,NASDAQ,165546103.0,19.12,47.78,52.2,3,27.0,1020,False,-11.31,40.72,22.22,22.88,28.93,34.41,34.0,15.6436,15.5603,14.8302,14.2249,14.2688,762086,1255,2026-08-14,51.12,8658269.0
NYSE:WIT,WIT,Wipro Limited,Technology,Information Technology Services,India,NYSE,19191161702.0,1.94,47.78,47.84,3,27.0,1021,False,-35.88,10.23,-15.77,-18.65,-28.77,-27.59,-24.75,2.3032,2.3848,2.7237,2.6792,2.5781,13784391,1255,2026-08-14,49.91,9892351393.0
NYSE:PSTL,PSTL,"Postal Realty Trust, Inc.",Real Estate,REIT - Office,United States,NYSE,692300000.0,23.0,47.79,48.8,3,27.1,1022,True,-6.94,66.91,18.67,24.91,47.92,60.61,67.47,19.3812,18.4127,15.5486,14.3203,13.7338,6671902,1254,2026-08-14,46.62,30100000.0
NYSE:SG,SG,"Sweetgreen, Inc.",Consumer Cyclical,Restaurants,United States,NYSE,671546142.0,6.28,47.8,46.04,3,27.1,1023,False,-38.49,33.62,-7.15,-11.5,-62.49,-63.34,-60.65,6.7633,7.0958,16.7425,17.1327,15.9608,40932371,1188,2026-08-14,44.75,106934099.0
NYSE:BB,BB,BlackBerry Limited,Technology,Software - Infrastructure,Canada,NYSE,5216293836.0,8.9,47.81,49.07,3,27.1,1024,False,-30.52,182.54,55.29,64.14,99.5,117.95,110.13,5.7313,5.4223,4.4612,4.0836,4.2354,117162440,1255,2026-08-14,49.11,586100431.0
NYSE:NPB,NPB,"Northpointe Bancshares, Inc.",Financial Services,Banks - Regional,United States,NYSE,605182235.0,17.5,47.83,47.45,3,27.1,1025,False,-9.25,11.35,-0.07,0.09,,,,17.5119,17.4838,,,,3251158,374,2026-08-14,46.48,34581842.0
NASDAQ:LBTYK,LBTYK,Liberty Global Ltd.,Communication Services,Telecom Services,Bermuda,NASDAQ,1547273998.0,10.22,47.85,46.28,3,27.2,1026,False,-19.34,6.57,-8.88,-9.53,-9.61,-4.75,-3.75,11.2165,11.2971,11.3071,10.7293,10.6182,15933388,1255,2026-08-14,47.36,151396673.0
NYSE:NVR,NVR,"NVR, Inc.",Consumer Cyclical,Residential Construction,United States,NYSE,16893602189.0,6307.9302,47.85,48.27,3,27.2,1027,False,-26.16,13.38,-8.26,-11.29,-17.11,-15.11,-7.91,6875.912,7110.5951,7610.028,7431.005,6849.672,217035206,1255,2026-08-14,50.2,2678153.0
NASDAQ:VECO,VECO,Veeco Instruments Inc.,Technology,Semiconductor Equipment & Materials,United States,NASDAQ,3203193136.0,52.4,47.85,47.35,3,27.2,1028,False,-36.9,122.13,23.04,32.82,61.97,59.64,75.19,42.5885,39.4524,32.3513,32.8248,29.9111,43357218,1255,2026-08-14,49.8,61129640.0
NASDAQ:DMAC,DMAC,DiaMedica Therapeutics Inc.,Healthcare,Biotechnology,United States,NASDAQ,359940745.0,6.68,47.86,49.18,3,27.3,1029,False,-28.86,26.04,-7.11,-5.4,14.57,38.45,62.82,7.1914,7.0614,5.8306,4.8248,4.1028,1106689,1254,2026-08-14,49.66,53883345.0
NASDAQ:HCKT,HCKT,"The Hackett Group, Inc.",Technology,Information Technology Services,United States,NASDAQ,268513535.0,10.66,47.86,48.64,3,27.3,1030,False,-48.23,16.97,-25.07,-30.17,-48.5,-49.38,-48.1,14.2273,15.2666,20.7004,21.0597,20.5406,4221329,1255,2026-08-14,54.01,25188887.0
NYSE:FNF,FNF,"Fidelity National Financial, Inc.",Financial Services,Insurance - Specialty,United States,NYSE,13315223504.0,49.47,47.87,49.23,3,27.3,1031,False,-12.5,15.61,-2.13,-3.75,-6.05,0.75,10.69,50.5488,51.3978,52.6549,49.1038,44.6932,83941341,1255,2026-08-14,45.65,269157540.0
NYSE:HD,HD,"Home Depot, Inc. (The)",Consumer Cyclical,Home Improvement Retail,United States,NYSE,337882958863.0,338.86,47.87,49.78,3,27.3,1032,False,-18.31,14.75,-1.42,-4.27,-6.35,-2.39,2.77,343.7342,353.9642,361.8534,347.1607,329.7326,1247326824,1255,2026-08-14,49.85,997116682.0
NASDAQ:ULCC,ULCC,"Frontier Group Holdings, Inc.",Industrials,Airlines,United States,NASDAQ,1540143508.0,6.69,47.87,50.07,3,27.3,1033,False,-17.0,115.81,31.52,33.49,29.8,27.01,0.64,5.0865,5.0117,5.1539,5.2673,6.6477,26305750,1254,2026-08-14,49.54,230215771.0
NASDAQ:FTAI,FTAI,FTAI Aviation Ltd.,Industrials,Aerospace & Defense,United States,NASDAQ,22283058313.0,217.13,47.88,47.05,3,27.4,1034,True,-29.73,55.51,-6.08,-0.02,27.56,63.25,106.45,231.1875,217.1799,170.2162,133.0069,105.1725,377002387,1254,2026-08-14,47.32,102625424.0
NASDAQ:TROO,TROO,"TROOPS, Inc.",Financial Services,Credit Services,Hong Kong,NASDAQ,243098730.0,1.99,47.89,45.35,3,27.4,1035,True,-60.36,145.68,-26.03,-16.61,-1.5,-10.25,-16.65,2.6903,2.3863,2.0202,2.2172,2.3874,539660,1255,2026-08-14,42.03,122160166.0
NASDAQ:CZR,CZR,"Caesars Entertainment, Inc.",Consumer Cyclical,Resorts & Casinos,United States,NASDAQ,6060681067.0,29.75,47.9,51.32,3,27.5,1036,False,-2.17,64.0,15.69,16.23,1.05,-12.12,-19.83,25.7154,25.5953,29.4394,33.8543,37.107,125647989,1254,2026-08-14,45.48,203720372.0
NASDAQ:IRD,IRD,"Opus Genetics, Inc.",Healthcare,Biotechnology,United States,NASDAQ,298062664.0,3.61,47.9,46.95,3,27.5,1037,False,-37.22,225.23,1.86,14.95,70.18,59.17,40.18,3.5443,3.1405,2.1213,2.2679,2.5753,2920388,1255,2026-08-14,51.68,82565835.0
NASDAQ:PRDO,PRDO,Perdoceo Education Corporation,Consumer Defensive,Education & Training Services,United States,NASDAQ,2007127287.0,32.01,47.9,47.77,3,27.5,1038,False,-15.26,18.49,-1.49,-2.52,8.94,25.11,44.1,32.4952,32.8373,29.3836,25.5847,22.2144,24909431,1255,2026-08-14,47.28,62703133.0
NASDAQ:ANNX,ANNX,"Annexon, Inc.",Healthcare,Biotechnology,United States,NASDAQ,866727026.0,5.29,47.93,48.44,3,27.5,1039,True,-23.99,158.05,1.2,12.51,21.22,22.85,17.63,5.2275,4.702,4.364,4.3062,4.4972,13849555,1254,2026-08-14,47.19,163842538.0
NASDAQ:FRMI,FRMI,Fermi Inc.,Real Estate,REIT - Specialty,United States,NASDAQ,4083733498.0,6.4,47.93,48.13,3,27.5,1040,False,-80.33,33.33,-32.01,,,,,9.4127,,,,,137112878,219,2026-08-14,49.45,638083359.0
NYSE:XXI,XXI,"Twenty One Capital, Inc.",Consumer Defensive,Education & Training Services,United States,NYSE,1657741456.0,4.78,47.93,44.59,3,27.5,1041,False,-83.84,11.94,-42.53,-57.23,,,,8.3173,11.1758,,,,8275488,502,2026-08-14,53.38,346807836.0
NASDAQ:HDRN,HDRN,"Hadron Energy, Inc.",Industrials,Specialty Industrial Machinery,United States,NASDAQ,135132811.0,1.89,47.94,37.0,3,27.6,1042,True,-83.87,28.57,-76.08,-77.65,,,,7.9013,8.455,,,,142230,482,2026-08-14,46.21,71498842.0
NASDAQ:LULU,LULU,lululemon athletica inc.,Consumer Cyclical,Apparel Retail,Canada,NASDAQ,12963757759.0,119.55,47.94,48.19,3,27.6,1043,False,-44.62,13.39,-23.65,-25.96,-48.3,-57.91,-59.85,156.5844,161.4654,231.2353,284.0289,297.765,299980470,1255,2026-08-14,47.96,108437957.0
NASDAQ:TCBS,TCBS,"Texas Community Bancshares, Inc.",Financial Services,Banks - Regional,United States,NASDAQ,50205821.0,17.4,47.95,49.27,3,27.6,1044,True,-5.84,11.76,3.25,4.35,9.4,16.01,18.75,16.8526,16.6744,15.9052,14.9993,14.6528,13948,1254,2026-08-14,45.73,2885392.0
NASDAQ:ASO,ASO,"Academy Sports and Outdoors, Inc.",Consumer Cyclical,Specialty Retail,United States,NASDAQ,2975951532.0,47.985,47.96,47.79,3,27.7,1045,False,-21.12,15.94,-8.16,-7.51,-5.05,-7.91,-7.83,52.2463,51.8811,50.5347,52.107,52.062,54878402,1254,2026-08-14,51.88,62018371.0
NASDAQ:OM,OM,"Outset Medical, Inc.",Healthcare,Medical Devices,United States,NASDAQ,83602957.0,4.51,47.96,49.19,3,27.7,1046,True,-71.47,42.72,-5.49,-32.62,-54.76,-86.51,-95.58,4.7722,6.6937,9.9683,33.4289,102.0791,596522,1254,2026-08-14,42.85,18537241.0
NASDAQ:AEBI,AEBI,Aebi Schmidt Holding AG,Industrials,Farm & Heavy Construction Machinery,Switzerland,NASDAQ,985102849.0,12.71,47.97,49.76,3,27.7,1047,False,-18.41,37.84,1.34,2.33,,,,12.5414,12.4212,,,,5469986,281,2026-08-14,60.14,77506125.0
NYSE:FTS,FTS,Fortis Inc.,Utilities,Utilities - Regulated Electric,Canada,NYSE,28857658157.0,56.68,47.98,48.6,3,27.8,1048,False,-3.67,17.99,3.99,6.07,16.88,27.08,32.77,54.5027,53.4376,48.4957,44.6029,42.6919,44086154,1255,2026-08-14,44.41,509132995.0
NASDAQ:FULC,FULC,"Fulcrum Therapeutics, Inc.",Healthcare,Biotechnology,United States,NASDAQ,285351741.0,3.74,47.99,43.91,3,27.8,1049,True,-74.38,19.11,-51.49,-51.73,-41.28,-42.46,-41.75,7.7104,7.7486,6.369,6.4994,6.4205,5151699,1254,2026-08-14,46.5,76297257.0
NYSE:AGL,AGL,"agilon health, inc.",Healthcare,Medical Care Facilities,United States,NYSE,1616658863.0,96.9,48.0,49.07,3,27.8,1050,False,-25.37,1125.03,112.41,130.97,64.0,-21.19,-56.81,45.6193,41.9534,59.0848,122.9497,224.3594,40319311,1254,2026-08-14,42.63,16683786.0
NASDAQ:GILT,GILT,Gilat Satellite Networks Ltd.,Technology,Communication Equipment,Israel,NASDAQ,868670611.0,11.51,48.0,45.27,3,27.8,1051,True,-44.8,34.15,-22.17,-18.7,13.19,32.16,44.36,14.7891,14.1572,10.1691,8.7092,7.9731,6727197,1255,2026-08-14,47.87,75470948.0
NYSE:RHP,RHP,"Ryman Hospitality Properties, Inc. (REIT)",Real Estate,REIT - Hotel & Motel,United States,NYSE,7921475821.0,125.52,48.0,50.7,3,27.8,1052,False,-7.7,51.29,21.25,24.61,28.49,31.6,38.6,103.521,100.7296,97.6857,95.3769,90.562,117836188,1255,2026-08-14,46.1,63109272.0
NASDAQ:UVSP,UVSP,Univest Financial Corporation,Financial Services,Banks - Regional,United States,NASDAQ,1190385947.0,43.16,48.0,51.16,3,27.8,1053,False,-4.04,56.36,18.89,23.53,36.94,58.03,67.48,36.3034,34.9384,31.5179,27.312,25.7705,12225694,1255,2026-08-14,46.21,27580768.0
NYSE:MFA,MFA,"MFA Financial, Inc.",Real Estate,REIT - Mortgage,United States,NYSE,930621485.0,9.16,48.01,48.23,3,27.9,1054,False,-8.5,15.01,1.09,2.66,5.43,10.28,16.63,9.0609,8.9229,8.6882,8.306,7.854,13563231,1255,2026-08-14,50.28,101596232.0
NASDAQ:ACNT,ACNT,Ascent Industries Co.,Basic Materials,Chemicals,United States,NASDAQ,136025136.0,15.05,48.02,50.62,3,28.0,1055,False,-15.35,28.63,2.07,5.71,17.19,28.32,29.78,14.7447,14.2372,12.842,11.7287,11.5963,853597,1255,2026-08-14,43.23,9038215.0
NASDAQ:NVMI,NVMI,Nova Ltd.,Technology,Semiconductor Equipment & Materials,Israel,NASDAQ,13298792037.0,418.12,48.02,46.21,3,28.0,1056,False,-30.96,76.3,-3.73,3.01,34.25,60.6,90.69,434.3136,405.9214,311.4417,260.351,219.2659,222826054,1255,2026-08-14,46.16,31806161.0
NASDAQ:ALXO,ALXO,ALX Oncology Holdings Inc.,Healthcare,Biotechnology,United States,NASDAQ,263743317.0,1.96,48.03,49.65,3,28.0,1057,True,-24.62,204.35,10.37,15.77,36.19,-54.95,-64.22,1.7758,1.693,1.4392,4.3505,5.4772,2185128,1254,2026-08-14,46.65,134562917.0
NASDAQ:OIO,OIO,OIO Group,Industrials,Waste Management,Singapore,NASDAQ,678643111.0,1.95,48.04,44.55,3,28.0,1058,False,-84.95,19.63,-73.42,-75.61,-71.58,-63.7,-83.41,7.3377,7.995,6.8604,5.3716,11.7527,293588,1091,2026-08-14,50.28,348022108.0
NYSE:SPH,SPH,"Suburban Propane Partners, L.P.",Utilities,Utilities - Regulated Gas,United States,NYSE,1184144869.0,17.75,48.04,47.99,3,28.0,1059,True,-11.63,9.14,-4.12,-2.85,0.4,5.28,13.34,18.5131,18.2711,17.6795,16.8592,15.6606,3837965,1255,2026-08-14,44.44,66712387.0
NASDAQ:PLUS,PLUS,ePlus inc.,Technology,Software - Application,United States,NASDAQ,2315199643.0,88.53,48.08,50.69,3,28.1,1060,False,-8.78,28.43,5.18,8.44,12.62,15.72,27.16,84.1711,81.6378,78.612,76.505,69.6193,24684144,1255,2026-08-14,48.57,26151583.0
NASDAQ:ENTA,ENTA,"Enanta Pharmaceuticals, Inc.",Healthcare,Biotechnology,United States,NASDAQ,382671481.0,13.16,48.1,48.76,3,28.1,1061,False,-21.9,83.54,-1.91,4.54,28.01,19.21,-29.84,13.4166,12.5887,10.2806,11.0389,18.757,2138428,1254,2026-08-14,52.03,29078380.0
NYSE:CNNE,CNNE,"Cannae Holdings, Inc.",Consumer Cyclical,Restaurants,United States,NYSE,642849603.0,14.63,48.11,50.22,3,28.1,1062,False,-22.63,38.97,3.44,-1.97,-12.14,-14.66,-17.68,14.144,14.9244,16.6517,17.1434,17.7716,6680448,1254,2026-08-14,63.74,43940506.0
NYSE:SLGN,SLGN,Silgan Holdings Inc.,Consumer Cyclical,Packaging & Containers,United States,NYSE,4489276120.0,42.48,48.12,48.86,3,28.2,1063,False,-12.19,17.22,2.61,1.58,-8.62,-6.05,-6.58,41.4003,41.8179,46.4859,45.2174,45.4717,71312559,1255,2026-08-14,46.69,105679758.0
NASDAQ:ERII,ERII,"Energy Recovery, Inc.",Industrials,Pollution & Treatment Controls,United States,NASDAQ,430402913.0,8.35,48.13,47.14,3,28.2,1064,False,-53.89,8.16,-28.03,-32.43,-39.59,-44.13,-51.27,11.6017,12.3571,13.8217,14.9448,17.1369,7987117,1255,2026-08-14,36.63,51545259.0
NYSE:TWO,TWO,Two Harbors Investment Corp,Real Estate,REIT - Mortgage,United States,NYSE,1265801416.0,12.04,48.13,51.54,3,28.2,1065,True,-9.47,43.26,11.18,15.57,18.61,22.16,23.66,10.8296,10.4182,10.1505,9.8559,9.7364,42584732,1255,2026-08-14,46.84,105133008.0
NYSE:FPH,FPH,"Five Point Holdings, LLC",Real Estate,Real Estate - Development,United States,NYSE,370401591.0,5.16,48.15,49.48,3,28.2,1066,False,-20.49,9.55,-3.55,-5.54,1.39,17.62,31.0,5.35,5.4628,5.0894,4.3868,3.939,977476,1254,2026-08-14,49.16,71783254.0
NYSE:SPNT,SPNT,SiriusPoint Ltd.,Financial Services,Insurance - Reinsurance,Bermuda,NYSE,2755434180.0,23.72,48.15,49.19,3,28.2,1067,False,-9.84,35.7,8.17,11.95,27.31,45.44,69.25,21.9276,21.1877,18.6312,16.3093,14.0145,16398059,1254,2026-08-14,42.87,116165016.0
NYSE:CURB,CURB,Curbline Properties Corp.,Real Estate,REIT - Retail,United States,NYSE,3478749876.0,30.24,48.16,50.14,3,28.3,1068,True,-4.76,41.01,13.94,17.93,,,,26.5396,25.6414,,,,39719450,471,2026-08-14,45.35,115038025.0
NASDAQ:MAAS,MAAS,Maase Inc.,Financial Services,Asset Management,China,NASDAQ,7255578441.0,16.66,48.16,50.38,3,28.3,1069,True,-21.56,482.52,91.22,117.84,4.0,-88.0,-91.76,8.7126,7.6479,16.0195,138.779,202.1459,1964767,1254,2026-08-14,45.41,435508910.0
NASDAQ:CENX,CENX,Century Aluminum Company,Basic Materials,Aluminum,United States,NASDAQ,4624067476.0,46.72,48.17,47.19,3,28.4,1070,True,-32.06,115.4,-3.29,6.56,50.38,89.38,125.93,48.3108,43.8433,31.0689,24.6705,20.6788,97717140,1255,2026-08-14,47.32,98974047.0
NASDAQ:CWST,CWST,"Casella Waste Systems, Inc.",Industrials,Waste Management,United States,NASDAQ,5681044344.0,90.72,48.17,49.3,3,28.4,1071,False,-15.48,21.01,-1.19,-1.35,-9.7,-6.17,-2.73,91.8105,91.9636,100.4688,96.6837,93.2661,58079452,1255,2026-08-14,49.03,62621741.0
NYSE:LVS,LVS,Las Vegas Sands Corp.,Consumer Cyclical,Resorts & Casinos,United States,NYSE,29943225736.0,46.23,48.17,46.64,3,28.4,1072,False,-32.31,3.9,-15.72,-14.9,-5.66,-3.28,-3.25,54.8539,54.3247,49.0045,47.8001,47.7805,263007894,1255,2026-08-14,44.57,647701184.0
NASDAQ:FFIV,FFIV,"F5, Inc.",Technology,Software - Infrastructure,United States,NASDAQ,22912243200.0,403.2,48.18,50.3,3,28.4,1073,False,-6.51,80.01,27.49,27.2,39.45,61.08,79.55,316.2579,316.9723,289.1261,250.3067,224.5599,304476309,1255,2026-08-14,54.7,56826000.0
NASDAQ:STRT,STRT,STRATTEC SECURITY CORPORATION,Consumer Cyclical,Auto Parts,United States,NASDAQ,348261109.0,83.34,48.18,50.8,3,28.4,1074,True,-8.33,35.82,6.22,9.28,37.29,72.02,98.62,78.4572,76.2659,60.7019,48.4471,41.9597,7372046,1255,2026-08-14,39.93,4178799.0
NASDAQ:SUPX,SUPX,SuperX AI Technology Limited,Technology,Software - Infrastructure,Singapore,NASDAQ,302280460.0,6.99,48.18,46.74,3,28.4,1075,True,-90.68,20.31,-54.25,-70.13,-54.57,,,15.2771,23.3995,15.385,,,1195188,583,2026-08-14,47.68,43244701.0
NYSE:BH.A,BH-A,Biglari Holdings Inc.,Consumer Cyclical,Restaurants,United States,NYSE,402554250.0,1906.25,48.19,50.68,3,28.5,1076,False,-22.6,42.91,6.56,8.97,33.22,52.97,68.11,1788.9632,1749.2966,1430.8579,1246.1191,1133.9631,59725033,1255,2026-08-14,48.91,211176.0
NASDAQ:VLOS,VLOS,Velos Acquisition I Corp.,Financial Services,Shell Companies,United States,NASDAQ,309206250.0,10.755,48.19,48.57,3,28.5,1077,False,-3.45,10.31,0.28,0.6,,,,10.725,10.6904,,,,694117,474,2026-08-14,45.43,28750000.0
NYSE:LVWR,LVWR,"LiveWire Group, Inc.",Consumer Cyclical,Auto Manufacturers,United States,NYSE,245714196.0,1.2,48.22,48.81,3,28.6,1078,False,-80.68,85.19,-49.54,-57.88,-66.3,-77.4,-79.91,2.3779,2.8493,3.5607,5.3086,5.9744,22813837,1255,2026-08-14,49.26,204761830.0
NASDAQ:SRAD,SRAD,Sportradar Group AG,Technology,Software - Application,Switzerland,NASDAQ,3005165247.0,13.82,48.22,47.28,3,28.6,1079,False,-56.53,11.99,-22.14,-31.12,-30.58,-17.57,-10.43,17.7487,20.0643,19.9068,16.765,15.4294,40301036,1234,2026-08-14,45.77,217450452.0
NASDAQ:CGTX,CGTX,"Cognition Therapeutics, Inc.",Healthcare,Biotechnology,United States,NASDAQ,90392995.0,1.01,48.23,47.56,3,28.6,1080,False,-68.24,69.75,-18.49,-26.58,6.67,-15.94,-27.62,1.2392,1.3756,0.9468,1.2016,1.3954,556268,1217,2026-08-14,51.11,89498015.0
NASDAQ:LOGI,LOGI,Logitech International S.A. - Registered Shares,Technology,Computer Hardware,Switzerland,NASDAQ,14761285146.0,103.09,48.23,48.95,3,28.6,1081,False,-18.63,20.1,0.86,-0.05,9.07,14.01,26.59,102.216,103.1433,94.5191,90.4244,81.4354,125297533,1255,2026-08-14,50.74,143188332.0
NYSE:BDN,BDN,Brandywine Realty Trust,Real Estate,REIT - Office,United States,NYSE,532206919.0,3.09,48.25,49.7,3,28.7,1082,False,-25.17,32.29,5.19,-0.33,-13.73,-12.33,-13.45,2.9376,3.1003,3.5817,3.5248,3.5702,7018871,1255,2026-08-14,52.79,172235249.0
NYSE:RCL,RCL,Royal Caribbean Cruises Ltd.,Consumer Cyclical,Travel Services,United States,NYSE,81572885620.0,305.0,48.25,50.91,3,28.7,1083,False,-15.2,25.36,7.16,4.27,16.84,42.4,72.55,284.6171,292.5165,261.0477,214.1889,176.7558,665884778,1255,2026-08-14,52.15,267452084.0
NYSE:OKLO,OKLO,Oklo Inc.,Utilities,Utilities - Independent Power Producers,United States,NYSE,7721720003.0,44.38,48.27,46.53,3,28.7,1084,False,-74.51,20.47,-37.04,-43.34,-19.35,10.5,35.96,70.4843,78.3313,55.0263,40.1638,32.6423,425600446,1255,2026-08-14,51.72,173990987.0
NYSE:ES,ES,Eversource Energy (D/B/A),Utilities,Utilities - Regulated Electric,United States,NYSE,27213150609.0,72.36,48.28,49.89,3,28.7,1085,False,-4.02,20.38,4.36,5.55,13.86,20.55,16.9,69.3372,68.5584,63.5521,60.0226,61.8987,168067142,1255,2026-08-14,47.44,376080025.0
NYSE:ETX,ETX,Eaton Vance Municipal Income 2028 Term Trust Common Shares of Beneficial Interest,Financial Services,Asset Management,United States,NYSE,199288992.0,18.29,48.29,47.04,3,28.8,1086,False,-3.24,4.83,-0.67,-0.42,3.7,7.79,10.2,18.4134,18.367,17.6381,16.9678,16.5972,225327,1254,2026-08-14,48.42,10896063.0
NYSE:BOH,BOH,Bank of Hawaii Corporation,Financial Services,Banks - Regional,United States,NYSE,3167472295.0,80.29,48.31,49.35,3,28.8,1087,False,-6.48,38.12,8.1,11.37,17.24,26.88,31.02,74.2752,72.0931,68.482,63.2819,61.2809,33870971,1255,2026-08-14,45.77,39450396.0
NASDAQ:PCT,PCT,"PureCycle Technologies, Inc.",Industrials,Pollution & Treatment Controls,United States,NASDAQ,1394986972.0,6.95,48.32,46.55,3,28.8,1088,False,-54.06,37.35,-18.22,-27.11,-28.89,-16.71,-15.54,8.4981,9.5353,9.7732,8.3446,8.2287,28406352,1255,2026-08-14,48.98,200717550.0
NYSE:SLQT,SLQT,"SelectQuote, Inc.",Financial Services,Insurance Brokers,United States,NYSE,128557527.0,0.729,48.33,46.7,3,28.8,1089,False,-72.9,22.93,-32.11,-43.01,-65.84,-64.41,-61.29,1.0739,1.2792,2.1338,2.0481,1.8834,542715,1254,2026-08-14,46.04,176347774.0
NASDAQ:CHRN,CHRN,ChronoScale Holdings Corporation,Technology,Information Technology Services,United States,NASDAQ,3039346287.0,20.93,48.34,49.77,3,28.9,1090,True,-29.36,575.16,69.84,95.94,110.78,56.15,31.83,12.3237,10.6818,9.93,13.4039,15.8762,4788390,1254,2026-08-14,47.52,145214825.0
NYSE:FLO,FLO,"Flowers Foods, Inc.",Consumer Defensive,Packaged Foods,United States,NYSE,1594189090.0,7.52,48.34,47.33,3,28.9,1091,False,-50.69,9.02,-16.71,-23.35,-45.02,-51.92,-56.58,9.0292,9.8111,13.6775,15.6396,17.3179,38373635,1255,2026-08-14,48.57,211993230.0
NASDAQ:PAHC,PAHC,Phibro Animal Health Corporation,Healthcare,Drug Manufacturers - Specialty & Generic,United States,NASDAQ,723919914.0,34.36,48.34,48.02,3,28.9,1092,False,-42.09,20.99,-18.59,-16.51,8.07,34.35,52.5,42.2047,41.1544,31.7954,25.5751,22.5318,6804958,1254,2026-08-14,46.28,21068682.0
NYSE:PEW,PEW,GrabAGun Digital Holdings Inc.,Industrials,Aerospace & Defense,United States,NYSE,74970186.0,2.55,48.34,48.52,3,28.9,1093,False,-61.94,11.84,-16.14,-27.12,-65.36,,,3.0409,3.4987,7.3614,,,844105,649,2026-08-14,55.97,29400073.0
NYSE:SGU,SGU,Star Group L.P.,Energy,Oil & Gas Refining & Marketing,United States,NYSE,415020913.0,12.64,48.34,49.4,3,28.9,1094,True,-4.57,17.82,3.87,5.95,10.43,16.14,20.42,12.1687,11.9301,11.4464,10.8832,10.4969,340021,1255,2026-08-14,43.14,32833933.0
NYSE:MWA,MWA,MUELLER WATER PRODUCTS,Industrials,Specialty Industrial Machinery,United States,NYSE,3987449842.0,25.54,48.35,48.98,3,29.0,1095,True,-15.46,12.34,-2.46,-1.94,2.98,18.75,33.02,26.1837,26.0462,24.8011,21.5079,19.1996,26755564,1255,2026-08-14,48.04,156125679.0
NASDAQ:RMIX,RMIX,"Suncrete, Inc.",Basic Materials,Building Materials,United States,NASDAQ,900440187.0,18.47,48.36,49.19,3,29.0,1096,False,-25.64,75.74,,,,,,,,,,,4167394,92,2026-08-14,50.62,48751499.0
NYSE:BWXT,BWXT,"BWX Technologies, Inc.",Industrials,Aerospace & Defense,United States,NYSE,15869489500.0,173.22,48.37,46.07,3,29.1,1097,True,-27.25,10.02,-11.4,-9.84,12.03,32.06,53.15,195.5075,192.1247,154.6194,131.1639,113.1074,145457136,1255,2026-08-14,45.01,91614649.0
NASDAQ:CRNC,CRNC,Cerence Inc.,Technology,Software - Application,United States,NASDAQ,406238403.0,8.99,48.38,47.39,3,29.1,1098,True,-32.41,50.84,-6.94,-10.03,0.21,-15.41,-34.69,9.6603,9.9925,8.9708,10.6273,13.7645,6734375,1255,2026-08-14,43.3,45187809.0
NYSE:ENOV,ENOV,Enovis Corporation,Healthcare,Medical Devices,United States,NYSE,1500081434.0,26.06,48.39,50.12,3,29.1,1099,False,-21.79,30.04,3.25,-1.54,-20.55,-34.05,-40.22,25.2402,26.4677,32.8008,39.5119,43.5936,33131925,1255,2026-08-14,46.88,57562603.0
NYSE:OLP,OLP,"One Liberty Properties, Inc.",Real Estate,REIT - Diversified,United States,NYSE,528685225.0,24.23,48.39,49.58,3,29.1,1100,False,-4.76,28.89,10.39,11.72,8.23,15.93,21.46,21.9486,21.689,22.3871,20.9001,19.9487,2307783,1255,2026-08-14,53.07,21819448.0
NASDAQ:SAMG,SAMG,Silvercrest Asset Management Group Inc.,Financial Services,Asset Management,United States,NASDAQ,78200938.0,10.18,48.39,46.73,3,29.1,1101,False,-36.34,4.3,-20.83,-23.36,-28.91,-28.97,-30.62,12.858,13.2825,14.3207,14.3322,14.6722,658956,1254,2026-08-14,48.19,7681821.0
NYSE:ECL,ECL,Ecolab Inc.,Basic Materials,Specialty Chemicals,United States,NYSE,77707708677.0,276.11,48.41,50.8,3,29.2,1102,False,-9.97,12.67,2.27,2.1,6.22,14.73,25.78,269.9873,270.4254,259.9345,240.6709,219.5131,340341765,1255,2026-08-14,48.6,281437502.0
NYSE:BJ,BJ,"BJ's Wholesale Club Holdings, Inc.",Consumer Defensive,Discount Stores,United States,NYSE,11927895326.0,93.41,48.42,50.63,3,29.2,1103,False,-12.98,11.44,0.15,-0.5,-3.58,4.69,10.27,93.2716,93.8757,96.8763,89.2292,84.7109,139121618,1254,2026-08-14,48.79,127693987.0
NYSE:WU,WU,Western Union Company (The),Financial Services,Credit Services,United States,NYSE,2323498408.0,7.45,48.43,47.48,3,29.2,1104,False,-23.28,17.14,-11.37,-9.52,-12.68,-17.25,-18.37,8.4054,8.2341,8.5321,9.0027,9.1261,97254844,1255,2026-08-14,49.15,311878981.0
NASDAQ:ARCB,ARCB,ArcBest Corporation,Industrials,Trucking,United States,NASDAQ,3193561460.0,142.88,48.46,49.24,3,29.3,1105,False,-17.44,140.37,31.88,41.66,51.99,41.08,46.78,108.3397,100.8578,94.0052,101.2771,97.346,56308612,1255,2026-08-14,52.37,22351354.0
NYSE:RGR,RGR,"Sturm, Ruger & Company, Inc.",Industrials,Aerospace & Defense,United States,NYSE,601900904.0,37.67,48.46,47.98,3,29.3,1106,False,-19.13,32.13,0.84,-0.48,0.5,-5.19,-10.74,37.3549,37.8516,37.484,39.7307,42.2047,4300525,1255,2026-08-14,46.33,15978256.0
NYSE:RYAM,RYAM,Rayonier Advanced Materials Inc.,Basic Materials,Chemicals,United States,NYSE,567832583.0,8.42,48.46,49.26,3,29.3,1107,False,-28.34,70.1,2.04,6.74,17.52,36.36,39.37,8.2515,7.888,7.1646,6.1747,6.0417,9167973,1254,2026-08-14,48.59,67438549.0
NYSE:EPRT,EPRT,"Essential Properties Realty Trust, Inc.",Real Estate,REIT - Retail,United States,NYSE,6716599362.0,31.06,48.47,49.36,3,29.3,1108,False,-8.33,10.05,1.18,2.2,2.64,11.76,19.82,30.6974,30.3915,30.261,27.7912,25.9227,48652838,1254,2026-08-14,48.21,216245955.0
NASDAQ:ICLR,ICLR,ICON plc,Healthcare,Diagnostics & Research,Ireland,NASDAQ,12587709198.0,163.15,48.48,51.55,3,29.4,1109,False,-19.6,103.73,10.9,6.2,-8.46,-24.09,-24.13,147.1147,153.6245,178.2205,214.9283,215.0527,143925773,1255,2026-08-14,53.69,77154209.0
NASDAQ:INVA,INVA,"Innoviva, Inc.",Healthcare,Biotechnology,United States,NASDAQ,1564007391.0,21.19,48.49,46.85,3,29.4,1110,True,-12.58,27.11,-2.29,0.29,5.92,15.43,25.03,21.6867,21.1286,20.0054,18.3582,16.9484,14352838,1255,2026-08-14,41.92,73808749.0
NYSE:NCDL,NCDL,Nuveen Churchill Direct Lending Corp.,Financial Services,Asset Management,United States,NYSE,614375089.0,12.44,48.5,48.68,3,29.4,1111,False,-13.53,6.08,-2.96,-3.66,-7.41,,,12.8197,12.913,13.435,,,2411115,640,2026-08-14,51.84,49387065.0
NASDAQ:MOBI,MOBI,"Mobia Medical, Inc.",Healthcare,Medical Devices,United States,NASDAQ,391008311.0,11.76,48.52,48.62,3,29.4,1112,False,-19.62,12.75,,,,,,,,,,,1058522,67,2026-08-14,47.74,33249006.0
NYSE:FE,FE,FirstEnergy Corp.,Utilities,Utilities - Regulated Electric,United States,NYSE,27433319176.0,47.41,48.53,49.52,3,29.5,1113,True,-6.81,15.14,1.83,3.43,12.0,20.09,24.33,46.5584,45.8397,42.3321,39.4792,38.1321,219018535,1255,2026-08-14,42.77,578639932.0
AMEX:LUD,LUD,Luda Technology Group Limited,Basic Materials,Steel,Hong Kong,AMEX,97340100.0,4.29,48.53,47.23,3,29.5,1114,False,-78.22,34.06,-29.81,-38.18,,,,6.112,6.94,,,,70751,367,2026-08-14,47.02,22690000.0
NASDAQ:TIGO,TIGO,Millicom International Cellular S.A.,Communication Services,Telecom Services,Luxembourg,NASDAQ,15730466177.0,93.89,48.54,50.79,3,29.5,1115,False,-9.99,133.39,31.72,43.09,104.2,161.03,210.44,71.2825,65.6147,45.9783,35.9694,30.2438,138911824,1254,2026-08-14,49.09,167541444.0
NASDAQ:CSIQ,CSIQ,Canadian Solar Inc.,Technology,Solar,Canada,NASDAQ,1027956780.0,15.14,48.55,48.52,3,29.6,1116,False,-54.91,59.2,-19.22,-13.54,4.02,-8.88,-30.99,18.742,17.5113,14.5551,16.6156,21.9394,27762017,1255,2026-08-14,49.89,67896749.0
NYSE:SI,SI,"Shoulder Innovations, Inc.",,,,NYSE,429903425.0,20.73,48.55,51.08,3,29.6,1117,True,-14.52,88.28,33.21,36.84,,,,15.5616,15.1494,,,,2377357,261,2026-08-14,39.79,20738226.0
NASDAQ:GRAL,GRAL,"GRAIL, Inc.",Healthcare,Diagnostics & Research,United States,NASDAQ,2912749167.0,67.87,48.56,49.77,3,29.6,1118,False,-41.52,116.01,-7.93,-1.6,41.45,,,73.7132,68.9706,47.9817,,,46185504,544,2026-08-14,48.99,42916593.0
NYSE:VMC,VMC,Vulcan Materials Company (Holding Company),Basic Materials,Building Materials,United States,NYSE,36541204398.0,282.0,48.56,48.58,3,29.6,1119,True,-14.15,10.14,-2.27,-2.65,3.3,8.69,17.99,288.5397,289.6699,272.9836,259.4607,239.0056,301297292,1255,2026-08-14,44.64,129578739.0
NYSE:OGE,OGE,OGE Energy Corp,Utilities,Utilities - Regulated Electric,United States,NYSE,9812611132.0,47.5,48.57,48.6,3,29.7,1120,False,-4.9,14.86,3.85,4.79,10.61,21.51,26.79,45.7398,45.3295,42.9426,39.0921,37.4629,67053108,1255,2026-08-14,43.88,206581287.0
NYSE:AHR,AHR,"American Healthcare REIT, Inc.",Real Estate,REIT - Healthcare Facilities,United States,NYSE,11227088547.0,54.31,48.58,51.03,3,29.7,1121,False,-5.91,37.37,9.46,13.39,42.15,,,49.6142,47.897,38.2068,,,140601606,631,2026-08-14,45.75,206722308.0
NASDAQ:FSLR,FSLR,"First Solar, Inc.",Technology,Solar,United States,NASDAQ,24240885381.0,225.56,48.59,48.5,3,29.7,1122,True,-29.12,25.28,-3.76,-2.11,10.5,14.89,18.75,234.3699,230.4297,204.126,196.3247,189.9456,595231072,1255,2026-08-14,47.47,107469788.0
NASDAQ:ALAB,ALAB,"Astera Labs, Inc.",Technology,Semiconductors,United States,NASDAQ,55126507262.0,321.61,48.6,49.09,3,29.7,1123,False,-33.42,220.74,49.03,51.87,115.59,,,215.8045,211.7661,149.1761,,,1430853096,603,2026-08-14,48.85,171407939.0
NASDAQ:FSBC,FSBC,Five Star Bancorp,Financial Services,Banks - Regional,United States,NASDAQ,1126728903.0,46.75,48.61,51.53,3,29.8,1124,False,-5.4,55.43,17.1,22.23,40.37,59.24,69.23,39.9233,38.2462,33.3045,29.3577,27.6252,10694342,1254,2026-08-14,51.48,24101153.0
NYSE:IBM,IBM,International Business Machines Corporation,Technology,Information Technology Services,United States,NYSE,220760930265.0,234.32,48.62,47.38,3,29.8,1125,False,-28.32,14.69,-11.25,-10.95,-4.98,8.44,22.31,264.015,263.1234,246.5947,216.092,191.58,1865343735,1255,2026-08-14,50.82,942134390.0
NYSE:PII,PII,Polaris Inc.,Consumer Cyclical,Recreational Vehicles,United States,NYSE,3954225883.0,69.49,48.62,50.0,3,29.8,1126,False,-6.97,46.55,8.15,10.27,20.76,5.77,-5.71,64.2512,63.0201,57.542,65.6977,73.6971,61578439,1255,2026-08-14,46.49,56903524.0
NYSE:SBSI,SBSI,"Southside Bancshares, Inc.",Financial Services,Banks - Regional,United States,NYSE,984186600.0,33.08,48.62,48.26,3,29.8,1127,False,-7.44,29.58,4.5,6.83,9.97,15.24,15.02,31.6546,30.9652,30.082,28.7065,28.7596,4702207,1255,2026-08-14,47.92,29751711.0
NASDAQ:SNDL,SNDL,SNDL Inc.,Consumer Defensive,Beverages - Wineries & Distilleries,Canada,NASDAQ,327978000.0,1.26,48.62,46.66,3,29.8,1128,True,-55.24,5.0,-17.28,-26.35,-26.32,-27.19,-30.04,1.5233,1.7108,1.71,1.7304,1.8011,2426357,1255,2026-08-14,47.14,260300000.0
NASDAQ:EQ,EQ,"Equillium, Inc.",Healthcare,Biotechnology,United States,NASDAQ,149214672.0,2.36,48.63,47.66,3,29.9,1129,True,-26.25,180.95,24.15,29.52,89.7,95.68,93.06,1.901,1.8221,1.2441,1.2061,1.2224,1121928,1254,2026-08-14,32.93,63226556.0
NASDAQ:CDRO,CDRO,"Codere Online Luxembourg, S.A.",Consumer Cyclical,Gambling,Luxembourg,NASDAQ,416959121.0,9.17,48.66,48.15,3,30.0,1130,False,-10.1,68.88,10.37,12.87,16.67,31.52,53.87,8.3083,8.1245,7.8597,6.9722,5.9595,216459,1254,2026-08-14,45.49,45469915.0
NASDAQ:HTLM,HTLM,HomesToLife Ltd,Consumer Cyclical,Specialty Retail,Singapore,NASDAQ,169509375.0,1.89,48.66,49.35,3,30.0,1131,False,-51.16,22.09,-13.76,-22.94,,,,2.1915,2.4528,,,,14867,468,2026-08-14,52.96,89687500.0
NYSE:JOBY,JOBY,"Joby Aviation, Inc.",Industrials,Airports & Air Services,United States,NYSE,7790451388.0,7.92,48.66,47.55,3,30.0,1132,False,-59.53,19.1,-27.86,-33.62,-20.03,-7.34,2.86,10.9788,11.9318,9.904,8.5471,7.6997,318004915,1255,2026-08-14,52.53,983642852.0
NASDAQ:RMBS,RMBS,"Rambus, Inc.",Technology,Semiconductors,United States,NASDAQ,10938352663.0,100.85,48.67,46.55,3,30.0,1133,True,-40.91,44.73,-7.51,-4.1,26.4,38.13,54.04,109.0367,105.1566,79.7837,73.0116,65.472,241792463,1255,2026-08-14,47.11,108461603.0
NASDAQ:SPCB,SPCB,"SuperCom, Ltd.",Industrials,Security & Protection Services,Israel,NASDAQ,67514859.0,10.75,48.67,49.4,4,30.0,1134,False,-18.44,49.31,11.6,9.44,28.97,41.81,-30.14,9.6328,9.8229,8.3354,7.5808,15.3884,902702,1255,2026-08-14,53.76,6280452.0
NASDAQ:WFCF,WFCF,"Where Food Comes From, Inc.",Industrials,Specialty Business Services,United States,NASDAQ,62235059.0,12.35,48.68,49.36,4,30.1,1135,False,-31.88,33.8,1.38,0.72,4.45,1.69,0.08,12.1822,12.2617,11.8237,12.145,12.3399,48740,1255,2026-08-14,50.57,5039276.0
NASDAQ:ESCA,ESCA,"Escalade, Incorporated",Consumer Cyclical,Leisure,United States,NASDAQ,276285105.0,20.07,48.69,51.43,4,30.1,1136,False,-11.19,80.81,24.29,31.34,39.2,40.24,49.82,16.1478,15.2814,14.4185,14.3117,13.3957,1064069,1255,2026-08-14,54.79,13766074.0
NYSE:PRKS,PRKS,United Parks & Resorts Inc.,Consumer Cyclical,Leisure,United States,NYSE,2117799273.0,44.93,48.7,50.7,4,30.1,1137,False,-18.62,51.13,17.13,9.04,-1.64,-4.88,-9.1,38.3589,41.2043,45.6786,47.2358,49.428,32298248,1254,2026-08-14,49.25,47135528.0
NASDAQ:ZVRA,ZVRA,"Zevra Therapeutics, Inc.",Healthcare,Biotechnology,United States,NASDAQ,669182751.0,11.32,48.71,48.16,4,30.1,1138,True,-23.25,56.57,11.91,13.57,22.76,43.29,56.07,10.1153,9.9678,9.221,7.9002,7.2533,15515857,1254,2026-08-14,47.25,59115084.0
NASDAQ:FUSB,FUSB,"First US Bancshares, Inc.",Financial Services,Banks - Regional,United States,NASDAQ,90912020.0,16.46,48.72,50.05,4,30.2,1139,False,-3.06,55.32,8.91,13.88,23.73,38.44,51.34,15.1138,14.4539,13.3027,11.8894,10.8765,109349,1255,2026-08-14,49.18,5523209.0
NASDAQ:INDV,INDV,"Indivior Pharmaceuticals, Inc.",Healthcare,Drug Manufacturers - Specialty & Generic,United States,NASDAQ,4611160861.0,39.01,48.72,49.69,4,30.2,1140,True,-6.74,73.3,11.2,19.02,75.55,86.84,89.39,35.08,32.7748,22.2222,20.8786,20.5975,91324789,1254,2026-08-14,43.69,118204585.0
AMEX:ELMD,ELMD,"Electromed, Inc.",Healthcare,Medical Devices,United States,AMEX,341304238.0,41.22,48.73,52.2,4,30.2,1141,False,-10.99,117.75,34.27,40.88,55.71,87.77,115.12,30.7002,29.2585,26.4719,21.9528,19.1612,2720102,1255,2026-08-14,57.83,8280064.0
NASDAQ:IGIC,IGIC,International General Insurance Holdings Ltd.,Financial Services,Insurance - Diversified,Jordan,NASDAQ,1160620728.0,27.21,48.73,50.69,4,30.2,1142,False,-5.95,35.12,11.07,13.12,21.34,46.06,73.36,24.4986,24.0539,22.425,18.6294,15.6954,2820584,1254,2026-08-14,45.4,42654198.0
NYSE:VTR,VTR,"Ventas, Inc.",Real Estate,REIT - Healthcare Facilities,United States,NYSE,46944850776.0,91.52,48.73,50.33,4,30.2,1143,False,-8.96,39.83,10.11,14.65,29.57,49.02,62.58,83.1174,79.8234,70.6359,61.4134,56.2926,320563768,1255,2026-08-14,45.73,512946359.0
NYSE:MIAX,MIAX,"Miami International Holdings, Inc.",Financial Services,Capital Markets,United States,NYSE,4212241613.0,43.52,48.74,49.98,4,30.3,1144,False,-23.43,41.57,-0.17,,,,,43.5927,,,,,55003977,251,2026-08-14,50.59,96788640.0
NYSE:RXO,RXO,"RXO, Inc.",Industrials,Trucking,United States,NYSE,3878925738.0,23.52,48.74,48.15,4,30.3,1145,False,-19.73,124.43,28.06,30.88,17.98,15.18,,18.3664,17.9704,19.9357,20.4202,,50041497,951,2026-08-14,47.85,164920312.0
NYSE:NVGS,NVGS,Navigator Holdings Ltd. Ordinary Shares (Marshall Islands),Energy,Oil & Gas Midstream,United Kingdom,NYSE,1296159459.0,21.0,48.75,48.78,4,30.3,1146,False,-13.29,47.4,6.75,11.45,24.59,29.93,38.39,19.6713,18.8426,16.8552,16.1628,15.174,8809888,1254,2026-08-14,45.42,61721879.0
NASDAQ:CRAI,CRAI,"CRA International,Inc.",Industrials,Consulting Services,United States,NASDAQ,1088063405.0,168.33,48.76,51.83,4,30.4,1147,False,-24.09,22.67,-1.23,-3.72,-4.77,5.57,16.09,170.4297,174.8318,176.7628,159.4562,144.996,26692188,1255,2026-08-14,51.86,6463871.0
NASDAQ:HOOD,HOOD,"Robinhood Markets, Inc.",Financial Services,Capital Markets,United States,NASDAQ,75552625161.0,95.56,48.76,49.39,4,30.4,1148,False,-37.32,46.65,-1.75,-6.99,25.41,71.56,115.97,97.2626,102.7377,76.1952,55.7016,44.2463,1683553535,1255,2026-08-14,54.04,790630234.0
NYSE:LPX,LPX,Louisiana-Pacific Corporation,Industrials,Building Products & Equipment,United States,NYSE,5162315983.0,73.89,48.76,49.23,4,30.4,1149,False,-25.01,10.7,-5.54,-8.64,-16.86,-10.41,-3.3,78.2212,80.8771,88.8737,82.4802,76.4077,89163286,1255,2026-08-14,48.65,69864880.0
NASDAQ:NVCT,NVCT,"Nuvectis Pharma, Inc.",Healthcare,Biotechnology,United States,NASDAQ,597724106.0,18.96,48.79,52.0,4,30.5,1150,False,-33.54,235.58,78.19,94.75,121.7,119.5,105.32,10.6403,9.7355,8.5521,8.6377,9.2343,4513317,1134,2026-08-14,50.12,31525533.0
NYSE:TXT,TXT,Textron Inc.,Industrials,Aerospace & Defense,United States,NYSE,15306835613.0,89.0,48.79,48.51,4,30.5,1151,True,-11.64,12.92,-0.98,0.81,6.41,6.44,11.72,89.8818,88.2885,83.6374,83.6123,79.6607,162856310,1255,2026-08-14,45.99,171986917.0
NASDAQ:EVER,EVER,"EverQuote, Inc.",Communication Services,Internet Content & Information,United States,NASDAQ,775798980.0,24.42,48.82,51.77,4,30.5,1152,False,-12.38,71.13,14.95,13.32,11.72,25.44,42.51,21.2438,21.5504,21.8591,19.4678,17.1359,19593993,1254,2026-08-14,49.38,31769000.0
NASDAQ:SEER,SEER,"Seer, Inc.",Healthcare,Biotechnology,United States,NASDAQ,114361626.0,2.08,48.82,52.07,4,30.5,1153,False,-12.24,28.4,9.21,6.41,3.39,5.12,-28.73,1.9046,1.9547,2.0118,1.9787,2.9184,2078992,1255,2026-08-14,50.76,54981551.0
NASDAQ:TSLA,TSLA,"Tesla, Inc.",Consumer Cyclical,Auto Manufacturers,United States,NASDAQ,1351811586544.0,342.27,48.82,46.03,4,30.5,1154,False,-30.13,14.73,-15.71,-15.36,-3.57,11.32,20.68,406.0794,404.3802,354.9573,307.472,283.6165,13014502065,1255,2026-08-14,47.72,3949547394.0
NASDAQ:RFIL,RFIL,"RF Industries, Ltd.",Industrials,Electrical Equipment & Parts,United States,NASDAQ,147638027.0,13.61,48.83,46.86,4,30.6,1155,False,-36.7,140.88,15.27,24.22,75.04,117.84,129.25,11.8067,10.9565,7.7755,6.2478,5.9369,2938502,1255,2026-08-14,46.26,10847761.0
NASDAQ:INBX,INBX,"Inhibrx Biosciences, Inc.",Healthcare,Biotechnology,United States,NASDAQ,1296492707.0,88.37,48.84,48.19,4,30.6,1156,False,-37.7,284.22,2.62,18.46,97.43,,,86.1125,74.5981,44.7604,,,18591292,554,2026-08-14,61.9,14671186.0
NYSE:PDM,PDM,"Piedmont Realty Trust, Inc.",Real Estate,REIT - Office,United States,NYSE,1186259181.0,9.48,48.85,51.5,4,30.7,1157,False,-4.82,48.36,13.7,13.31,14.57,24.76,24.83,8.3377,8.3668,8.2744,7.5986,7.5945,7993300,1255,2026-08-14,52.75,125132825.0
NASDAQ:STRZ,STRZ,Starz Entertainment Corp.,Communication Services,Entertainment,Canada,NASDAQ,436523490.0,26.0,48.85,49.86,4,30.7,1158,False,-13.94,200.58,54.12,61.26,,,,16.8699,16.1229,,,,5076752,319,2026-08-14,57.24,16789365.0
NASDAQ:EDIT,EDIT,"Editas Medicine, Inc.",Healthcare,Biotechnology,United States,NASDAQ,432762383.0,2.82,48.87,48.76,4,30.7,1159,True,-32.05,69.37,8.85,3.94,13.36,-31.79,-50.42,2.5908,2.7132,2.4877,4.1343,5.6874,4096424,1254,2026-08-14,48.39,153461838.0
NYSE:TKR,TKR,Timken Company (The),Industrials,Tools & Accessories,United States,NYSE,9277517085.0,133.5,48.87,49.7,4,30.7,1160,False,-8.13,90.64,24.35,32.45,52.53,58.89,64.78,107.3571,100.7934,87.5264,84.0208,81.0152,135193710,1255,2026-08-14,45.43,69494510.0
NASDAQ:DGICA,DGICA,"Donegal Group, Inc.",Financial Services,Insurance - Property & Casualty,United States,NASDAQ,590115525.0,18.75,48.88,51.92,4,30.7,1161,False,-7.68,16.02,3.91,3.87,10.75,21.34,27.28,18.0446,18.051,16.93,15.4525,14.7317,2190078,1255,2026-08-14,48.88,31472828.0
NASDAQ:ASST,ASST,"Strive, Inc.",Financial Services,Asset Management,United States,NASDAQ,915096099.0,12.315,48.89,47.88,4,30.8,1162,False,-93.09,71.88,-18.58,-54.56,-64.57,-68.56,,15.1256,27.1032,34.763,39.1641,,32556290,885,2026-08-14,51.25,74307438.0
NASDAQ:ANPA,ANPA,Rich Sparkle Holdings Limited,Industrials,Specialty Business Services,Hong Kong,NASDAQ,64786529.0,4.29,48.91,45.61,4,30.8,1163,True,-97.28,22.57,-78.89,-81.51,,,,20.3267,23.1957,,,,113021,278,2026-08-14,44.55,15101755.0
NASDAQ:CCAP,CCAP,"Crescent Capital BDC, Inc.",Financial Services,Asset Management,United States,NASDAQ,410832365.0,11.15,48.91,49.12,4,30.8,1164,False,-20.68,4.91,-9.21,-10.71,-16.91,-15.63,-9.67,12.2809,12.4873,13.4187,13.2163,12.3441,2596742,1254,2026-08-14,52.24,36845952.0
NYSE:BHE,BHE,"Benchmark Electronics, Inc.",Technology,Electronic Components,United States,NYSE,2936454523.0,81.75,48.92,49.05,4,30.9,1165,True,-17.15,129.3,27.44,38.52,64.07,89.8,113.37,64.1454,59.0147,49.8259,43.0721,38.3132,28589577,1255,2026-08-14,46.23,35919933.0
NYSE:NLOP,NLOP,Net Lease Office Properties Common Shares of Beneficial Interest,Real Estate,REIT - Office,United States,NYSE,171695129.0,11.59,48.92,49.31,4,30.9,1166,False,-13.31,21.55,4.12,5.51,10.45,,,11.1313,10.9851,10.4938,,,1663708,700,2026-08-14,50.69,14814075.0
NASDAQ:NPCE,NPCE,"Neuropace, Inc.",Healthcare,Medical Devices,United States,NASDAQ,503564614.0,14.77,48.92,47.71,4,30.9,1167,True,-23.43,79.03,-3.2,4.36,20.27,28.85,55.08,15.2575,14.1528,12.2806,11.4627,9.5239,3417855,1254,2026-08-14,46.53,34093745.0
NYSE:SYY,SYY,Sysco Corporation,Consumer Defensive,Food Distribution,United States,NYSE,39730660153.0,82.99,48.92,52.12,4,30.9,1168,False,-7.67,21.46,6.47,6.34,10.59,13.91,14.92,77.9457,78.0437,75.0437,72.8534,72.2156,304870858,1255,2026-08-14,51.69,478740332.0
NYSE:BGS,BGS,"B&G Foods, Inc.",Consumer Defensive,Packaged Foods,United States,NYSE,293824544.0,3.62,48.93,46.07,4,31.0,1169,False,-34.43,6.47,-15.75,-14.17,-23.11,-34.9,-46.32,4.2967,4.2176,4.7079,5.5608,6.7442,8837088,1255,2026-08-14,51.93,81167001.0
NYSE:BNT,BNT,Brookfield Wealth Solutions Ltd. Class A Exchangeable Limited Voting Shares,Financial Services,Insurance - Diversified,Bermuda,NYSE,2626653444.0,43.83,48.96,49.39,4,31.0,1170,False,-11.35,9.17,-2.23,-2.22,6.82,22.29,33.03,44.8313,44.8236,41.0332,35.8419,32.9476,866718,1254,2026-08-14,60.04,59928210.0
NASDAQ:DOMH,DOMH,Dominari Holdings Inc.,Financial Services,Capital Markets,United States,NASDAQ,61283347.0,2.71,48.97,48.2,4,31.0,1171,False,-56.4,21.52,-16.63,-26.01,-17.41,-2.17,-5.93,3.2505,3.6626,3.2811,2.77,2.881,527791,1255,2026-08-14,55.09,22613781.0
NASDAQ:FELE,FELE,"Franklin Electric Co., Inc.",Industrials,Specialty Industrial Machinery,United States,NASDAQ,4676246547.0,105.77,48.99,51.14,4,31.1,1172,False,-3.64,18.29,6.98,7.82,9.36,10.59,13.21,98.8682,98.0962,96.7175,95.638,93.4268,30596951,1255,2026-08-14,49.48,44211464.0
NASDAQ:HSDT,HSDT,Solana Company,Financial Services,Asset Management,United States,NASDAQ,99257348.0,1.7,48.99,48.63,4,31.1,1173,False,-92.95,33.86,-32.74,-60.73,-98.98,-99.88,-99.95,2.5276,4.3294,166.7112,1452.0615,3753.8898,188345,1255,2026-08-14,57.5,58386675.0
NASDAQ:AMCI,AMCI,AMC Robotics Corporation,Technology,Computer Hardware,United States,NASDAQ,107554028.0,4.76,49.0,48.61,4,31.1,1174,False,-78.56,75.65,-24.73,-37.67,-50.18,-52.27,,6.3237,7.6373,9.5548,9.9727,,717938,891,2026-08-14,49.71,22595384.0
NYSE:MIR,MIR,"Mirion Technologies, Inc.",Industrials,Specialty Industrial Machinery,United States,NYSE,3865688882.0,15.89,49.0,47.23,4,31.1,1175,False,-46.59,9.06,-24.18,-25.38,-14.65,1.94,16.9,20.9565,21.2948,18.6184,15.5877,13.5931,69190158,1254,2026-08-14,46.56,243278092.0
NASDAQ:ENLT,ENLT,Enlight Renewable Energy Ltd.,Utilities,Utilities - Renewable,Israel,NASDAQ,11945156474.0,85.44,49.01,48.94,4,31.2,1176,False,-20.46,238.38,23.57,39.96,116.74,168.68,,69.145,61.0453,39.4214,31.8004,,17126126,906,2026-08-14,49.67,139807543.0
NASDAQ:HROW,HROW,"Harrow, Inc.",Healthcare,Drug Manufacturers - Specialty & Generic,United States,NASDAQ,1492122533.0,40.03,49.01,49.62,4,31.2,1177,True,-26.95,37.89,-2.65,-2.64,5.29,32.91,50.43,41.1215,41.1139,38.0205,30.1171,26.6098,23123428,1255,2026-08-14,43.51,37275107.0
NYSE:MTH,MTH,Meritage Homes Corporation,Consumer Cyclical,Residential Construction,United States,NYSE,4762922716.0,73.08,49.02,49.79,4,31.2,1178,False,-14.21,25.19,5.34,4.27,-0.48,-0.6,8.36,69.3765,70.085,73.4331,73.524,67.444,59628878,1255,2026-08-14,50.4,65174093.0
NASDAQ:PATK,PATK,"Patrick Industries, Inc.",Consumer Cyclical,Recreational Vehicles,United States,NASDAQ,2853477823.0,86.06,49.03,48.16,4,31.2,1179,False,-40.44,4.25,-17.6,-17.69,-10.34,1.12,16.47,104.4433,104.552,95.9878,85.1048,73.8919,43104147,1255,2026-08-14,49.99,33156842.0
NYSE:SLVM,SLVM,Sylvamo Corporation,Basic Materials,Paper & Paper Products,United States,NYSE,1525470261.0,38.39,49.03,49.09,4,31.2,1180,False,-28.28,8.45,-10.11,-9.82,-29.33,-27.69,-23.09,42.71,42.5716,54.3237,53.0885,49.9183,11127684,1227,2026-08-14,51.13,39736136.0
NYSE:BANC,BANC,"Banc of California, Inc.",Financial Services,Banks - Regional,United States,NYSE,3118035628.0,19.74,49.04,49.17,4,31.3,1181,False,-9.57,30.06,4.33,7.38,21.12,31.63,34.89,18.9203,18.3832,16.2973,14.9969,14.6336,79934774,1255,2026-08-14,47.76,157955199.0
NYSE:PRM,PRM,"Perimeter Solutions, SA",Basic Materials,Specialty Chemicals,United States,NYSE,5530007436.0,33.9,49.05,49.97,4,31.3,1182,True,-10.27,84.04,17.46,23.99,70.48,122.59,152.04,28.8607,27.3406,19.8854,15.2299,13.4501,59141551,1194,2026-08-14,48.71,163127063.0
NASDAQ:VIRC,VIRC,Virco Manufacturing Corporation,Consumer Cyclical,"Furnishings, Fixtures & Appliances",United States,NASDAQ,95163735.0,6.05,49.05,49.15,4,31.3,1183,False,-30.36,11.67,-3.84,-8.14,-31.49,-34.07,-23.57,6.2915,6.586,8.8309,9.176,7.9154,193684,1255,2026-08-14,54.26,15729543.0
NYSE:JEF,JEF,Jefferies Financial Group Inc.,Financial Services,Capital Markets,United States,NYSE,10705155300.0,55.14,49.06,50.4,4,31.4,1184,False,-19.86,54.26,3.75,1.0,-3.23,8.13,20.37,53.149,54.5959,56.9825,50.9929,45.8082,107463166,1255,2026-08-14,52.4,194145000.0
NASDAQ:ACTG,ACTG,Acacia Research Corporation,Industrials,Business Equipment & Supplies,United States,NASDAQ,443344116.0,4.59,49.07,49.18,4,31.4,1185,False,-11.05,45.71,6.11,11.3,12.0,9.68,10.21,4.3258,4.1241,4.0981,4.1851,4.1647,1257574,1255,2026-08-14,49.6,96589132.0
NYSE:H,H,Hyatt Hotels Corporation,Consumer Cyclical,Lodging,United States,NYSE,7528936130.0,180.98,49.07,48.6,4,31.4,1186,False,-10.45,34.0,8.3,11.55,19.04,24.66,34.56,167.1106,162.2369,152.0331,145.1783,134.4992,163415182,1255,2026-08-14,47.65,41600929.0
AMEX:INTT,INTT,inTest Corporation,Technology,Semiconductor Equipment & Materials,United States,AMEX,175528258.0,13.97,49.08,47.57,4,31.4,1187,True,-26.08,108.51,10.92,20.57,47.87,34.29,20.77,12.595,11.5862,9.4473,10.4029,11.5672,2148383,1255,2026-08-14,46.28,12564657.0
NASDAQ:KLAC,KLAC,KLA Corporation,Technology,Semiconductor Equipment & Materials,United States,NASDAQ,266114385781.0,203.72,49.09,48.71,4,31.5,1188,False,-32.48,142.43,22.3,33.26,79.52,111.59,149.39,166.5681,152.8733,113.4797,96.281,81.6858,2277062189,1255,2026-08-14,52.01,1306275210.0
NASDAQ:CNXC,CNXC,Concentrix Corporation,Technology,Information Technology Services,United States,NASDAQ,1494339392.0,24.49,49.1,49.43,4,31.5,1189,False,-55.04,18.73,-19.89,-28.23,-40.86,-51.57,-61.73,30.5719,34.1235,41.4105,50.5677,63.9862,28177583,1254,2026-08-14,50.91,61018350.0
NYSE:CPS,CPS,Cooper-Standard Holdings Inc.,Consumer Cyclical,Auto Parts,United States,NYSE,505137830.0,28.45,49.1,49.25,4,31.5,1190,True,-37.06,9.63,-8.21,-10.98,16.45,33.26,50.79,30.9931,31.9589,24.4313,21.3497,18.8676,5966748,1255,2026-08-14,44.46,17755284.0
NYSE:PERF,PERF,Perfect Corp.,Technology,Software - Application,Taiwan,NYSE,159062112.0,1.87,49.15,54.52,4,31.5,1191,False,-11.79,43.85,9.53,6.28,-1.76,-13.03,,1.7073,1.7594,1.9035,2.1501,,734607,949,2026-08-14,51.83,85059953.0
NASDAQ:ACET,ACET,"Adicet Bio, Inc.",Healthcare,Biotechnology,United States,NASDAQ,78338218.0,8.38,49.17,49.95,4,31.6,1192,False,-49.64,37.15,1.54,-9.42,-32.21,-52.93,-84.06,8.2528,9.2515,12.361,17.8017,52.5761,746975,1254,2026-08-14,47.31,9348236.0
NASDAQ:VNCE,VNCE,Vince Holding Corp.,Consumer Cyclical,Apparel Manufacturing,United States,NASDAQ,80937952.0,6.3,49.17,51.55,4,31.6,1193,False,-19.95,343.66,58.85,72.49,120.43,140.12,76.03,3.9661,3.6525,2.8581,2.6237,3.579,451331,1254,2026-08-14,46.03,12847294.0
NYSE:AESI,AESI,Atlas Energy Solutions Inc.,Energy,Oil & Gas Equipment & Services,United States,NYSE,1555074521.0,12.45,49.18,45.22,4,31.6,1194,False,-36.96,53.7,-3.26,-0.52,-17.06,-23.0,,12.8697,12.5148,15.0102,16.1694,,44691226,861,2026-08-14,42.22,124905584.0
NYSE:D,D,"Dominion Energy, Inc.",Utilities,Utilities - Regulated Electric,United States,NYSE,60484999513.0,68.77,49.18,50.54,4,31.6,1195,False,-4.07,22.98,9.48,11.11,19.98,30.96,31.39,62.8142,61.893,57.3181,52.5108,52.3401,239359588,1255,2026-08-14,47.67,879525949.0
NYSE:CSR,CSR,D/B/A Centerspace,Real Estate,REIT - Residential,United States,NYSE,938287784.0,55.84,49.19,47.28,4,31.7,1196,False,-17.83,6.99,-8.2,-6.62,-7.13,-3.59,-1.9,60.8256,59.7974,60.1266,57.9207,56.9242,7909806,1255,2026-08-14,49.66,16803148.0
NYSE:BNL,BNL,"Broadstone Net Lease, Inc.",Real Estate,REIT - Diversified,United States,NYSE,4101886611.0,21.39,49.2,50.98,4,31.7,1197,False,-6.35,37.22,12.45,14.67,26.48,36.38,41.53,19.0211,18.6533,16.9113,15.6837,15.1134,46912896,1254,2026-08-14,46.57,191766555.0
NYSE:DUK,DUK,Duke Energy Corporation (Holding Company),Utilities,Utilities - Regulated Electric,United States,NYSE,96607563211.0,123.92,49.21,49.13,4,31.7,1198,False,-5.52,11.55,1.39,1.84,7.31,16.83,22.99,122.2212,121.676,115.4766,106.0671,100.7521,583663632,1255,2026-08-14,47.58,779596217.0
NYSE:MX,MX,Magnachip Semiconductor Corporation,Technology,Semiconductors,South Korea,NYSE,139103523.0,3.81,49.21,47.32,4,31.7,1199,True,-57.33,67.84,7.01,10.11,1.42,-17.69,-36.34,3.5603,3.46,3.7565,4.6288,5.9848,3203619,1255,2026-08-14,47.69,36510111.0
NYSE:WCN,WCN,"Waste Connections, Inc.",Industrials,Waste Management,Canada,NYSE,41913316676.0,166.29,49.24,50.91,4,31.8,1200,False,-10.25,11.83,0.8,-0.56,-5.26,-0.98,4.26,164.9666,167.2263,175.5261,167.9273,159.4989,225300672,1255,2026-08-14,47.31,252049532.0
NASDAQ:ALT,ALT,"Altimmune, Inc.",Healthcare,Biotechnology,United States,NASDAQ,571754013.0,2.94,49.25,49.47,4,31.8,1201,True,-52.43,13.51,-20.87,-21.21,-40.95,-46.39,-55.02,3.7152,3.7314,4.9792,5.4844,6.5356,14193362,1255,2026-08-14,45.61,194474154.0
NASDAQ:EPSN,EPSN,Epsilon Energy Ltd.,Energy,Oil & Gas E&P,United States,NASDAQ,168787283.0,5.58,49.25,49.5,4,31.8,1202,True,-13.05,34.25,5.66,6.45,-0.54,4.96,5.71,5.2809,5.242,5.6103,5.3164,5.2784,786793,1255,2026-08-14,42.11,30248617.0
NYSE:RYAN,RYAN,"Ryan Specialty Holdings, Inc.",Financial Services,Insurance - Specialty,United States,NYSE,5414357448.0,41.82,49.27,52.7,4,31.9,1203,False,-30.53,43.33,-1.34,-6.93,-24.9,-21.53,-16.6,42.3868,44.9348,55.6836,53.2933,50.1415,98888072,1254,2026-08-14,53.62,129468136.0
NASDAQ:EXC,EXC,Exelon Corporation,Utilities,Utilities - Regulated Electric,United States,NASDAQ,47247446927.0,45.86,49.28,49.07,4,31.9,1204,False,-7.95,10.22,0.62,1.41,8.17,15.63,18.0,45.5779,45.2209,42.3974,39.6617,38.8651,368996098,1255,2026-08-14,47.08,1030253967.0
NYSE:WY,WY,Weyerhaeuser Company,Real Estate,REIT - Specialty,United States,NYSE,17701276160.0,24.56,49.29,50.62,4,31.9,1205,False,-7.8,18.14,2.7,2.44,-4.81,-9.08,-9.98,23.9148,23.9747,25.8015,27.0118,27.2834,132991307,1255,2026-08-14,52.12,720736000.0
NASDAQ:AUPH,AUPH,Aurinia Pharmaceuticals Inc,Healthcare,Biotechnology,Canada,NASDAQ,1989467850.0,15.47,49.3,48.77,4,31.9,1206,True,-16.92,40.0,0.98,5.64,36.4,56.5,62.32,15.3196,14.6442,11.3413,9.885,9.5304,17611367,1254,2026-08-14,45.57,128601671.0
NASDAQ:TRON,TRON,Tron Inc.,Consumer Cyclical,Leisure,United States,NASDAQ,721060737.0,1.52,49.32,47.83,4,32.0,1207,False,-78.77,34.51,-14.66,-30.0,-23.65,,,1.7812,2.1714,1.9909,,,696626,752,2026-08-14,56.56,474382064.0
NYSE:CLS,CLS,"Celestica, Inc.",Technology,Electronic Components,Canada,NYSE,38524747914.0,335.05,49.34,48.82,4,32.0,1208,False,-29.07,84.76,1.5,7.65,62.99,123.83,190.53,330.0865,311.2348,205.5666,149.688,115.3255,1134838707,1255,2026-08-14,52.35,114982086.0
NYSE:VYX,VYX,NCR Voyix Corporation,Technology,Information Technology Services,United States,NYSE,1124506548.0,8.16,49.34,50.78,4,32.0,1209,False,-40.52,32.68,-4.53,-12.91,-24.59,-32.65,-36.53,8.5474,9.37,10.821,12.1155,12.8564,17064970,1255,2026-08-14,53.79,137807175.0
NYSE:BW,BW,"Babcock & Wilcox Enterprises, Inc.",Industrials,Specialty Industrial Machinery,United States,NYSE,1531558774.0,10.29,49.36,45.77,4,32.1,1210,True,-52.91,604.79,-9.4,7.39,88.94,139.14,116.59,11.3576,9.5818,5.4462,4.3029,4.7509,45394717,1255,2026-08-14,42.04,148839531.0
NASDAQ:DTIL,DTIL,"Precision BioSciences, Inc.",Healthcare,Biotechnology,United States,NASDAQ,191710695.0,7.43,49.36,49.91,4,32.1,1211,True,-19.94,108.12,22.66,25.7,22.61,-6.31,-47.53,6.0573,5.9109,6.0597,7.9304,14.1604,1913665,1254,2026-08-14,46.09,25802247.0
NYSE:HY,HY,"Hyster-Yale, Inc.",Industrials,Farm & Heavy Construction Machinery,United States,NYSE,498390745.0,34.44,49.37,49.62,4,32.1,1212,False,-14.9,34.24,1.82,0.75,-15.47,-24.1,-19.18,33.8258,34.1846,40.7422,45.3772,42.6145,4178761,1254,2026-08-14,49.21,14471276.0
NASDAQ:NBTX,NBTX,Nanobiotix S.A. - ADSs,Healthcare,Biotechnology,France,NASDAQ,1945603423.0,38.31,49.37,49.86,4,32.1,1213,True,-30.43,388.03,25.85,40.33,142.99,200.4,259.39,30.4416,27.3008,15.7661,12.753,10.6597,5391632,1254,2026-08-14,48.98,50785785.0
NASDAQ:MYFW,MYFW,"First Western Financial, Inc.",Financial Services,Banks - Regional,United States,NASDAQ,309652241.0,31.71,49.38,51.4,4,32.2,1214,False,-7.25,48.18,16.78,20.84,36.23,49.65,45.53,27.1547,26.2413,23.2772,21.1888,21.7887,1767198,1254,2026-08-14,48.28,9765129.0
NASDAQ:ECHO,ECHO,EchoStar Corporation,Communication Services,Telecom Services,United States,NASDAQ,14561350688.0,91.89,49.39,45.95,4,32.2,1215,True,-35.2,234.27,-13.72,-6.3,49.78,99.33,135.48,106.5004,98.0696,61.3492,46.099,39.022,454106878,1255,2026-08-14,49.04,158465020.0
NASDAQ:LIEN,LIEN,"Chicago Atlantic BDC, Inc.",Financial Services,Asset Management,United States,NASDAQ,217918417.0,9.52,49.39,49.14,4,32.2,1216,True,-6.44,9.23,0.5,0.54,0.86,8.84,17.93,9.4726,9.4693,9.4387,8.7468,8.0726,457037,1134,2026-08-14,45.86,22890590.0
NYSE:CMG,CMG,"Chipotle Mexican Grill, Inc.",Consumer Cyclical,Restaurants,United States,NYSE,42472573000.0,33.5,49.4,49.83,4,32.2,1217,True,-23.93,18.88,-2.97,-6.62,-25.88,-28.47,-23.31,34.5261,35.8746,45.1991,46.8312,43.6833,659760412,1255,2026-08-14,45.49,1267838000.0
NASDAQ:KEQU,KEQU,Kewaunee Scientific Corporation,Consumer Cyclical,"Furnishings, Fixtures & Appliances",United States,NASDAQ,104729337.0,36.51,49.41,49.24,4,32.3,1218,False,-36.7,7.48,-3.94,-8.95,-15.23,-5.4,10.44,38.0063,40.099,43.0685,38.5945,33.0597,187858,1255,2026-08-14,49.65,2868511.0
NYSE:UNFI,UNFI,"United Natural Foods, Inc.",Consumer Defensive,Food Distribution,United States,NYSE,2930336759.0,48.42,49.42,49.25,4,32.3,1219,False,-12.79,83.27,13.18,18.59,48.43,82.41,70.12,42.7819,40.8313,32.6224,26.5447,28.4617,22833578,1255,2026-08-14,50.07,60519140.0
NASDAQ:WSBK,WSBK,"Winchester Bancorp, Inc.",Financial Services,Banks - Regional,United States,NASDAQ,116489659.0,13.0,49.42,50.7,4,32.3,1220,True,-2.0,41.15,8.67,13.46,,,,11.9625,11.4582,,,,116657,322,2026-08-14,46.5,8960743.0
NYSE:BKKT,BKKT,"Bakkt, Inc.",Technology,Software - Infrastructure,United States,NYSE,342007969.0,7.65,49.43,47.85,4,32.3,1221,True,-83.02,11.68,-31.99,-42.06,-46.04,-57.12,-68.7,11.2486,13.2031,14.1782,17.8412,24.4372,7026529,1255,2026-08-14,45.92,44706924.0
AMEX:PTHS,PTHS,Pelthos Therapeutics Inc.,Healthcare,Biotechnology,United States,AMEX,95580238.0,27.5,49.43,50.34,4,32.3,1222,False,-26.51,51.27,5.47,3.95,41.77,,,26.0745,26.4552,19.3982,,,2861397,624,2026-08-14,55.27,3475645.0
NASDAQ:AUBN,AUBN,"Auburn National Bancorporation, Inc.",Financial Services,Banks - Regional,United States,NASDAQ,91697970.0,26.25,49.45,51.09,4,32.4,1223,False,-9.11,26.3,6.01,5.63,15.69,24.69,26.74,24.7614,24.8518,22.6899,21.0524,20.7115,35948,1255,2026-08-14,53.02,3493256.0
NYSE:MAA,MAA,"Mid-America Apartment Communities, Inc.",Real Estate,REIT - Residential,United States,NYSE,15536207219.0,133.49,49.45,50.03,4,32.4,1224,False,-5.03,13.37,3.08,2.49,-3.27,1.3,0.66,129.5001,130.2473,137.9999,131.7758,132.614,144219149,1255,2026-08-14,51.37,116384802.0
NASDAQ:TIL,TIL,"Instil Bio, Inc.",Healthcare,Biotechnology,United States,NASDAQ,50050983.0,7.38,49.45,46.69,4,32.4,1225,True,-76.57,10.81,-19.04,-38.06,-60.71,-53.26,-65.3,9.1151,11.9154,18.7838,15.7904,21.2672,70841,1254,2026-08-14,43.67,6781976.0
NASDAQ:EVGO,EVGO,EVgo Inc.,Consumer Cyclical,Specialty Retail,United States,NASDAQ,232747952.0,1.65,49.46,47.4,4,32.5,1226,False,-67.07,16.2,-32.4,-41.56,-53.03,-49.83,-58.94,2.4409,2.8235,3.5132,3.2889,4.0186,6035852,1255,2026-08-14,49.46,141059365.0
AMEX:NVA,NVA,Nova Minerals Corp,Basic Materials,Other Industrial Metals & Mining,United States,AMEX,194341544.0,5.09,49.48,48.54,4,32.5,1227,False,-64.57,156.55,-25.42,-18.74,21.85,,,6.8245,6.2639,4.1774,,,1229072,516,2026-08-14,52.82,38181050.0
NASDAQ:AMKR,AMKR,"Amkor Technology, Inc.",Technology,Semiconductor Equipment & Materials,United States,NASDAQ,14656211323.0,58.99,49.5,47.4,4,32.5,1228,False,-36.94,158.69,7.62,19.97,62.45,73.94,88.75,54.8138,49.1703,36.3124,33.9135,31.2522,321448061,1255,2026-08-14,47.76,248452472.0
NASDAQ:FATE,FATE,"Fate Therapeutics, Inc.",Healthcare,Biotechnology,United States,NASDAQ,299557108.0,2.57,49.5,51.22,4,32.5,1229,True,-17.36,170.53,58.74,67.95,51.18,3.79,-47.77,1.6189,1.5302,1.7,2.4761,4.9209,5183058,1254,2026-08-14,47.65,116559186.0
NYSE:FCPT,FCPT,"Four Corners Property Trust, Inc.",Real Estate,REIT - Retail,United States,NYSE,2766777256.0,25.21,49.52,50.59,4,32.6,1230,False,-4.38,15.84,5.19,5.55,2.21,7.75,9.77,23.9665,23.8853,24.6641,23.397,22.9654,18154153,1254,2026-08-14,48.83,109749197.0
NYSE:CWH,CWH,"Camping World Holdings, Inc.",Consumer Cyclical,Auto & Truck Dealerships,United States,NYSE,409137480.0,6.41,49.53,48.21,4,32.6,1231,False,-63.5,13.85,-28.11,-38.69,-56.56,-62.12,-65.38,8.9167,10.4553,14.7543,16.9211,18.5155,14311744,1254,2026-08-14,51.59,63828000.0
NASDAQ:LXRX,LXRX,"Lexicon Pharmaceuticals, Inc.",Healthcare,Biotechnology,United States,NASDAQ,1030535625.0,2.32,49.53,51.63,4,32.6,1232,False,-12.12,116.82,34.92,42.47,77.53,61.25,38.47,1.7195,1.6284,1.3068,1.4387,1.6754,6727610,1255,2026-08-14,50.76,444196390.0
NASDAQ:SABS,SABS,"SAB Biotherapeutics, Inc.",Healthcare,Biotechnology,United States,NASDAQ,282917148.0,3.7,49.53,49.8,4,32.6,1233,False,-19.39,89.74,-1.98,6.72,24.98,-4.0,-24.53,3.7746,3.4669,2.9606,3.854,4.9024,1772079,1254,2026-08-14,52.13,76464094.0
NASDAQ:ACHC,ACHC,"Acadia Healthcare Company, Inc.",Healthcare,Medical Care Facilities,United States,NASDAQ,2870281478.0,30.83,49.54,51.4,4,32.7,1234,True,-13.42,163.96,38.42,37.08,-0.77,-32.08,-42.44,22.2726,22.491,31.069,45.3905,53.564,78229220,1255,2026-08-14,47.3,93100275.0
AMEX:SLI,SLI,Standard Lithium Ltd.,Basic Materials,Other Industrial Metals & Mining,Canada,AMEX,586202608.0,2.38,49.54,44.95,4,32.7,1235,True,-57.88,23.32,-37.36,-36.39,-12.41,-3.02,-17.57,3.7995,3.7413,2.7172,2.4541,2.8874,3711674,1255,2026-08-14,47.07,246303617.0
NYSE:SCCO,SCCO,Southern Copper Corporation,Basic Materials,Copper,United States,NYSE,154025976245.0,184.61,49.57,50.5,4,32.7,1236,False,-14.36,105.52,8.47,17.41,48.87,67.97,91.64,170.1977,157.2298,124.0057,109.9035,96.3313,210609072,1253,2026-08-14,51.87,834331706.0
NASDAQ:EVRG,EVRG,"Evergy, Inc.",Utilities,Utilities - Regulated Electric,United States,NASDAQ,19370009491.0,84.03,49.58,49.58,4,32.8,1237,False,-4.65,21.86,5.77,7.78,20.46,34.68,39.75,79.4492,77.9661,69.7556,62.3902,60.1307,159888930,1255,2026-08-14,46.43,230513025.0
NASDAQ:TBCH,TBCH,Turtle Beach Corporation,Technology,Consumer Electronics,United States,NASDAQ,253054618.0,12.75,49.59,50.23,4,32.8,1238,False,-25.39,25.74,-0.21,-4.44,-9.55,-5.78,2.23,12.7763,13.3426,14.0956,13.5323,12.4717,4353214,1255,2026-08-14,50.27,19847421.0
NASDAQ:ALLT,ALLT,Allot Ltd.,Technology,Software - Infrastructure,Israel,NASDAQ,383067865.0,7.83,49.6,49.79,4,32.8,1239,False,-31.91,25.28,-6.53,-8.54,8.19,41.96,57.12,8.3767,8.561,7.237,5.5156,4.9834,1812727,1255,2026-08-14,51.22,48923099.0
NASDAQ:DTCX,DTCX,"Datacentrex, Inc.",Financial Services,Financial Data & Stock Exchanges,United States,NASDAQ,75414834.0,1.94,49.6,48.33,4,32.8,1240,True,-80.79,19.02,-25.36,-39.3,-57.24,-59.62,-64.16,2.599,3.1959,4.5373,4.8044,5.4132,180177,1104,2026-08-14,48.21,38873626.0
NASDAQ:HOFT,HOFT,Hooker Furnishings Corporation,Consumer Cyclical,"Furnishings, Fixtures & Appliances",United States,NASDAQ,157580006.0,14.67,49.62,50.28,4,32.9,1241,False,-17.72,74.69,14.51,20.78,21.14,6.34,4.7,12.8111,12.146,12.11,13.7954,14.0119,704413,1255,2026-08-14,50.11,10741650.0
NASDAQ:BMRC,BMRC,Bank of Marin Bancorp,Financial Services,Banks - Regional,United States,NASDAQ,457919225.0,28.29,49.63,52.18,4,32.9,1242,False,-5.83,29.36,8.43,10.94,21.05,35.22,32.55,26.0903,25.5011,23.3708,20.9209,21.3426,4384044,1255,2026-08-14,52.18,16186611.0
NASDAQ:NVAX,NVAX,"Novavax, Inc.",Healthcare,Biotechnology,United States,NASDAQ,1323726858.0,8.05,49.63,46.86,4,32.9,1243,False,-28.06,29.42,-4.55,-4.63,-5.87,-3.2,-17.94,8.4341,8.4409,8.5523,8.316,9.8097,24292623,1255,2026-08-14,52.05,164438119.0
NASDAQ:CROX,CROX,"Crocs, Inc.",Consumer Cyclical,Footwear & Accessories,United States,NASDAQ,6315325279.0,131.72,49.64,51.99,4,32.9,1244,False,-6.71,79.48,31.65,36.46,27.08,22.77,23.49,100.0555,96.5247,103.6508,107.2884,106.6649,136016375,1255,2026-08-14,50.65,47945075.0
NASDAQ:IRHO,IRHO,Iron Horse Acquisitions II Corp.,Financial Services,Shell Companies,United States,NASDAQ,293786400.0,10.02,49.65,49.49,4,33.0,1245,False,-0.5,1.73,,,,,,,,,,,377435,130,2026-08-14,49.65,29320000.0
NYSE:AKA,AKA,a.k.a. Brands Holding Corp.,Consumer Cyclical,Apparel Retail,United States,NYSE,117744361.0,10.88,49.66,51.67,4,33.0,1246,True,-26.98,26.66,-0.17,-0.34,-21.17,-15.38,-17.34,10.898,10.917,13.8014,12.8582,13.1631,35917,1228,2026-08-14,46.24,10822092.0
NYSE:ST,ST,Sensata Technologies Holding plc,Technology,Scientific & Technical Instruments,United States,NYSE,6728122900.0,46.23,49.66,49.88,4,33.0,1247,True,-13.44,63.44,17.93,23.12,38.7,36.13,28.59,39.2013,37.55,33.3302,33.9591,35.9507,77484386,1255,2026-08-14,45.86,145535862.0
NYSE:ELME,ELME,Elme Communities,Real Estate,REIT - Residential,United States,NYSE,143949770.0,1.62,49.67,45.59,4,33.1,1248,False,-49.06,20.0,-25.62,-28.32,-30.99,-28.2,-29.54,2.1779,2.2602,2.3474,2.2564,2.299,1212303,1255,2026-08-14,49.67,88857883.0
NASDAQ:CENT,CENT,Central Garden & Pet Company,Consumer Defensive,Packaged Foods,United States,NASDAQ,422004164.0,43.73,49.68,51.81,4,33.1,1249,False,-6.04,50.9,17.08,19.38,18.94,17.22,22.34,37.3493,36.631,36.7675,37.3058,35.7436,4437390,1255,2026-08-14,53.82,9650221.0
NYSE:XYL,XYL,Xylem Inc. Common Stock New,Industrials,Specialty Industrial Machinery,United States,NYSE,27943701660.0,119.68,49.68,51.12,4,33.1,1250,False,-20.96,12.99,-5.36,-7.75,-5.76,-2.51,2.26,126.4572,129.7293,127.0012,122.7639,117.0404,226696747,1255,2026-08-14,51.14,233486812.0
NASDAQ:SKWD,SKWD,"Skyward Specialty Insurance Group, Inc.",Financial Services,Insurance - Property & Casualty,United States,NASDAQ,2424475287.0,59.8,49.69,52.96,4,33.1,1251,True,-8.88,44.93,22.1,22.64,21.3,36.49,,48.9778,48.7599,49.2998,43.8116,,31277707,898,2026-08-14,47.36,40543065.0
NASDAQ:IMTX,IMTX,Immatics N.V.,Healthcare,Biotechnology,Germany,NASDAQ,1290194640.0,9.44,49.7,48.68,4,33.2,1252,False,-20.47,85.46,-6.12,-0.91,13.92,2.55,0.75,10.0556,9.5264,8.2866,9.2051,9.3698,3683019,1254,2026-08-14,52.16,136673161.0
NASDAQ:LSTR,LSTR,"Landstar System, Inc.",Industrials,Integrated Freight & Logistics,United States,NASDAQ,6454463766.0,190.19,49.7,48.05,4,33.2,1253,False,-15.61,61.04,13.87,20.0,21.0,16.82,17.34,167.0214,158.4971,157.1787,162.8016,162.0891,101330287,1255,2026-08-14,48.2,33936925.0
NASDAQ:DAKT,DAKT,"Daktronics, Inc.",Technology,Electronic Components,United States,NASDAQ,985493666.0,20.41,49.71,50.76,4,33.2,1254,False,-26.4,28.85,-0.77,0.31,16.42,36.06,65.01,20.5676,20.3465,17.5319,15.0004,12.3692,8387799,1255,2026-08-14,50.17,48284844.0
NASDAQ:PPC,PPC,Pilgrim's Pride Corporation,Consumer Defensive,Packaged Foods,United States,NASDAQ,6643227820.0,27.9,49.71,48.2,4,33.2,1255,False,-40.96,5.24,-20.28,-23.3,-29.48,-20.44,-11.21,34.9968,36.3748,39.5617,35.0672,31.421,41987685,1255,2026-08-14,47.64,238108524.0
NYSE:BCH,BCH,Banco De Chile ADS,Financial Services,Banks - Regional,Chile,NYSE,20551925170.0,40.69,49.73,51.39,4,33.3,1256,False,-6.89,51.99,7.03,12.78,36.05,55.81,73.91,38.019,36.0806,29.9088,26.1151,23.3975,11671448,1255,2026-08-14,48.81,505085406.0
NYSE:BXP,BXP,"BXP, Inc.",Real Estate,REIT - Office,United States,NYSE,10916227414.0,68.45,49.73,52.41,4,33.3,1257,False,-9.41,36.34,9.32,6.71,4.03,9.89,13.68,62.6158,64.1437,65.7974,62.2916,60.2153,104102623,1255,2026-08-14,52.65,159477391.0
NASDAQ:GNTX,GNTX,Gentex Corporation,Consumer Cyclical,Auto Parts,United States,NASDAQ,5083160612.0,23.87,49.74,49.5,4,33.3,1258,False,-16.19,16.55,2.68,-0.6,-3.54,-11.63,-10.93,23.2463,24.0151,24.7468,27.0108,26.7978,60348778,1255,2026-08-14,47.87,212951848.0
NASDAQ:GALT,GALT,Galectin Therapeutics Inc.,Healthcare,Biotechnology,United States,NASDAQ,226547729.0,3.44,49.75,49.96,4,33.3,1259,False,-47.16,65.38,-3.37,-8.84,18.39,28.52,43.0,3.5601,3.7734,2.9056,2.6767,2.4057,1277759,1255,2026-08-14,51.64,65856898.0
NASDAQ:BAND,BAND,Bandwidth Inc.,Technology,Software - Infrastructure,United States,NASDAQ,1631122357.0,53.97,49.76,49.27,4,33.4,1260,False,-31.2,320.98,74.37,93.9,145.14,172.15,184.12,30.9506,27.8343,22.0159,19.8312,18.9955,64708970,1254,2026-08-14,49.87,30222760.0
AMEX:HYLN,HYLN,Hyliion Holdings Corp.,Consumer Cyclical,Auto Parts,United States,AMEX,724008594.0,4.06,49.76,48.37,4,33.4,1261,False,-49.88,165.36,36.95,47.41,70.59,101.82,90.11,2.9646,2.7542,2.38,2.0117,2.1356,13583805,1255,2026-08-14,50.77,178327240.0
NASDAQ:BRKR,BRKR,Bruker Corporation,Healthcare,Medical Devices,United States,NASDAQ,8783418505.0,57.7,49.77,50.74,4,33.4,1262,False,-10.32,97.57,23.81,31.13,22.25,5.24,-0.59,46.6037,44.0035,47.1983,54.8252,58.0418,141037705,1255,2026-08-14,50.16,152225624.0
NYSE:EG,EG,"Everest Group, Ltd.",Financial Services,Insurance - Reinsurance,Bermuda,NYSE,14323257000.0,370.11,49.78,51.83,4,33.5,1263,False,-7.17,22.87,10.09,9.77,7.63,5.74,8.47,336.2,337.163,343.8595,350.0271,341.2226,135581407,1255,2026-08-14,46.3,38700000.0
NYSE:FPS,FPS,"Forgent Power Solutions, Inc.",Industrials,Electrical Equipment & Parts,United States,NYSE,10310456563.0,39.66,49.78,47.39,4,33.5,1264,True,-38.6,41.79,,,,,,,,,,,278608588,132,2026-08-14,44.47,259971169.0
NASDAQ:ALOV,ALOV,"Aldabra 4 Liquidity Opportunity Vehicle, Inc.",Financial Services,Shell Companies,United States,NASDAQ,298949400.0,9.96,49.79,52.61,4,33.5,1265,False,-0.4,1.43,,,,,,,,,,,56986,105,2026-08-14,49.79,30015000.0
NASDAQ:LUCD,LUCD,Lucid Diagnostics Inc.,Healthcare,Medical Devices,United States,NASDAQ,184666854.0,0.968,49.79,48.6,4,33.5,1266,True,-34.15,11.01,-13.95,-14.11,-11.98,-13.64,-22.83,1.1249,1.127,1.0997,1.1209,1.2544,1071152,1213,2026-08-14,49.37,190771543.0
NASDAQ:CELC,CELC,Celcuity Inc.,Healthcare,Biotechnology,United States,NASDAQ,4486498496.0,92.0,49.8,47.77,4,33.6,1267,True,-36.54,103.45,-12.5,-2.75,68.89,123.65,175.21,105.1368,94.6054,54.4745,41.1357,33.4294,96323473,1255,2026-08-14,42.63,48766288.0
NYSE:CI,CI,The Cigna Group,Healthcare,Healthcare Plans,United States,NYSE,74663791724.0,282.56,49.8,49.46,4,33.6,1268,False,-7.6,17.58,2.14,0.86,-3.86,-4.9,-2.74,276.6364,280.161,293.9105,297.1127,290.5083,527637112,1255,2026-08-14,46.04,264240486.0
NASDAQ:FIZZ,FIZZ,National Beverage Corp.,Consumer Defensive,Beverages - Non-Alcoholic,United States,NASDAQ,2930994914.0,31.31,49.8,50.01,4,33.6,1269,False,-25.91,11.74,0.74,-2.06,-13.26,-17.14,-18.82,31.0815,31.9688,36.0954,37.7875,38.5681,11393632,1255,2026-08-14,49.97,93612102.0
NYSE:CYH,CYH,"Community Health Systems, Inc.",Healthcare,Medical Care Facilities,United States,NYSE,423028071.0,3.0,49.81,49.06,4,33.6,1270,False,-31.97,20.48,-5.48,-4.53,-12.83,-11.41,-15.4,3.174,3.1425,3.4417,3.3864,3.5461,5760129,1255,2026-08-14,48.41,141009357.0
NYSE:CPF,CPF,Central Pacific Financial Corp New,Financial Services,Banks - Regional,United States,NYSE,998708377.0,38.7,49.83,53.57,4,33.7,1271,False,-3.23,44.01,16.06,19.11,31.01,51.63,65.95,33.3454,32.4909,29.5401,25.5234,23.3199,6013401,1255,2026-08-14,52.87,25806418.0
NASDAQ:TLS,TLS,Telos Corporation,Technology,Software - Infrastructure,United States,NASDAQ,339679054.0,4.54,49.83,49.73,4,33.7,1272,False,-41.49,17.01,-7.01,-13.53,8.68,14.94,7.59,4.8823,5.2503,4.1774,3.95,4.2197,2095372,1255,2026-08-14,51.18,74819175.0
NYSE:AON,AON,Aon plc Class A Ordinary Shares (Ireland),Financial Services,Insurance Brokers,Ireland,NYSE,75480593180.0,355.83,49.84,52.26,4,33.7,1273,False,-6.46,15.69,5.94,4.48,1.29,5.83,8.77,335.8733,340.5733,351.3087,336.2376,327.1379,474850785,1255,2026-08-14,50.95,212125434.0
NYSE:INGM,INGM,Ingram Micro Holding Corporation,Technology,Information Technology Services,United States,NYSE,6585397359.0,28.55,49.84,50.48,4,33.7,1274,False,-9.49,52.0,16.09,20.28,,,,24.5929,23.7366,,,,27466154,451,2026-08-14,48.27,230661904.0
NASDAQ:ESEA,ESEA,Euroseas Ltd.,Industrials,Marine Shipping,Greece,NASDAQ,520687118.0,73.8,49.85,52.13,4,33.8,1275,True,-7.04,43.89,16.35,18.56,55.44,86.92,124.1,63.428,62.2465,47.4771,39.4826,32.9312,3564085,1255,2026-08-14,49.22,7055381.0
NASDAQ:KOD,KOD,Kodiak Sciences Inc,Healthcare,Biotechnology,United States,NASDAQ,2587618535.0,41.35,49.87,51.48,4,33.8,1276,True,-10.96,383.63,31.05,49.98,156.02,249.08,287.78,31.5519,27.5712,16.1509,11.8454,10.6632,23150956,1254,2026-08-14,46.0,62578441.0
NYSE:CTOS,CTOS,"Custom Truck One Source, Inc.",Industrials,Rental & Leasing Services,United States,NYSE,2394867605.0,10.53,49.88,50.9,4,33.8,1277,True,-12.03,97.19,33.04,39.54,73.54,77.63,72.11,7.9147,7.5462,6.0678,5.928,6.1181,12453215,1254,2026-08-14,46.07,227432821.0
NYSE:FLUT,FLUT,Flutter Entertainment plc,Consumer Cyclical,Gambling,United States,NYSE,17592721596.0,101.41,49.88,48.9,4,33.8,1278,False,-67.14,9.77,-28.03,-39.81,-51.85,-49.87,-47.08,140.9006,168.4794,210.6252,202.2934,191.6166,364182051,1255,2026-08-14,44.8,173481132.0
NASDAQ:CYRX,CYRX,"CryoPort, Inc.",Industrials,Integrated Freight & Logistics,United States,NASDAQ,768635273.0,15.25,49.89,51.1,4,33.9,1279,False,-7.97,97.54,35.1,39.74,68.59,45.53,13.23,11.288,10.9133,9.0457,10.4792,13.4687,8858623,1255,2026-08-14,48.36,50402313.0
NASDAQ:LSAK,LSAK,"Lesaka Technologies, Inc.",Technology,Software - Infrastructure,South Africa,NASDAQ,406676804.0,4.74,49.9,49.63,4,33.9,1280,False,-13.03,27.76,2.27,3.4,1.23,5.89,7.96,4.6347,4.584,4.6824,4.4764,4.3907,635777,1255,2026-08-14,53.64,85796794.0
NYSE:SNDR,SNDR,"Schneider National, Inc.",Industrials,Trucking,United States,NYSE,3324622569.0,36.1,49.9,50.83,4,33.9,1281,False,-6.62,80.12,21.98,27.79,32.95,39.02,41.17,29.5942,28.2498,27.1527,25.9666,25.5725,34150247,1254,2026-08-14,51.13,92094808.0
NYSE:BLSH,BLSH,Bullish,Technology,Software - Infrastructure,Cayman Islands,NYSE,3698703159.0,24.39,49.94,47.86,4,34.0,1282,False,-67.32,11.93,-30.66,-39.74,,,,35.1744,40.4738,,,,38080319,253,2026-08-14,63.28,151648346.0
NASDAQ:ULTA,ULTA,"Ulta Beauty, Inc.",Consumer Cyclical,Specialty Retail,United States,NASDAQ,21956790593.0,510.75,49.94,51.62,4,34.0,1283,False,-27.74,13.31,-8.0,-7.2,7.0,10.24,10.08,555.1891,550.3574,477.3565,463.3009,463.9693,295131883,1255,2026-08-14,51.85,42989311.0
NASDAQ:FLXS,FLXS,"Flexsteel Industries, Inc.",Consumer Cyclical,"Furnishings, Fixtures & Appliances",United States,NASDAQ,300743025.0,73.79,49.97,55.29,4,34.0,1284,False,-5.25,118.66,42.7,47.63,59.98,85.93,117.9,51.7091,49.9845,46.1233,39.6871,33.8645,3662263,1255,2026-08-14,52.32,4075661.0
NASDAQ:BRID,BRID,Bridgford Foods Corporation,Consumer Defensive,Packaged Foods,United States,NASDAQ,58273261.0,6.42,49.98,46.92,4,34.0,1285,True,-24.47,4.22,-13.36,-14.35,-22.66,-29.33,-35.63,7.41,7.4958,8.3014,9.0842,9.9735,25121,1255,2026-08-14,37.89,9076832.0
NYSE:UNF,UNF,Unifirst Corporation,Industrials,Specialty Business Services,United States,NYSE,4167456698.0,286.76,49.98,54.34,4,34.0,1286,False,-4.79,92.07,21.97,29.5,39.98,49.32,52.73,235.1113,221.4311,204.8602,192.0441,187.7583,41278909,1255,2026-08-14,52.08,14532908.0
NYSE:GBCI,GBCI,"Glacier Bancorp, Inc.",Financial Services,Banks - Regional,United States,NYSE,6500988556.0,49.93,49.99,50.32,4,34.1,1287,False,-8.4,26.92,6.95,7.13,9.32,19.9,21.58,46.6848,46.6084,45.6722,41.6443,41.0676,59109690,1255,2026-08-14,48.97,130202054.0
NASDAQ:SBRA,SBRA,"Sabra Health Care REIT, Inc.",Real Estate,REIT - Healthcare Facilities,United States,NASDAQ,5191003202.0,20.32,50.0,51.3,4,34.1,1288,True,-7.87,25.28,6.47,8.29,17.03,30.89,44.76,19.0855,18.7645,17.3635,15.5247,14.0367,63757218,1255,2026-08-14,44.1,255462756.0
NASDAQ:WNEB,WNEB,"Western New England Bancorp, Inc.",Financial Services,Banks - Regional,United States,NASDAQ,277835786.0,13.86,50.0,50.18,4,34.1,1289,False,-5.94,30.36,5.74,8.23,27.94,45.83,54.86,13.1078,12.8057,10.833,9.5041,8.9499,724059,1255,2026-08-14,53.12,20045872.0
NYSE:ESS,ESS,"Essex Property Trust, Inc.",Real Estate,REIT - Residential,United States,NYSE,18476535197.0,287.52,50.01,51.25,4,34.2,1290,False,-3.62,22.36,10.17,10.74,7.94,14.49,20.59,260.9738,259.643,266.3648,251.132,238.4186,125781367,1255,2026-08-14,49.85,64261739.0
NASDAQ:ZYBT,ZYBT,Zhengye Biotechnology Holding Limited,Healthcare,Drug Manufacturers - Specialty & Generic,China,NASDAQ,73930547.0,1.56,50.02,50.75,4,34.2,1291,True,-87.68,141.49,23.81,-30.36,,,,1.26,2.2399,,,,84462300,402,2026-08-14,49.74,47391376.0
NYSE:CDP,CDP,COPT Defense Properties Common Shares of Beneficial Interest,Real Estate,REIT - Office,United States,NYSE,4189275827.0,36.95,50.04,54.19,4,34.2,1292,False,-3.65,39.46,16.89,19.71,27.22,38.09,45.18,31.6122,30.867,29.0452,26.7572,25.4512,31199785,1255,2026-08-14,54.06,113376883.0
NASDAQ:KLRS,KLRS,"Kalaris Therapeutics, Inc.",Healthcare,Biotechnology,United States,NASDAQ,97072494.0,4.08,50.04,47.47,4,34.2,1293,True,-62.84,79.74,-37.35,-33.02,-49.58,-73.19,-90.85,6.5119,6.0916,8.0918,15.2159,44.5946,2854161,1254,2026-08-14,44.56,23792278.0
AMEX:LODE,LODE,Comstock Inc.,Basic Materials,Other Precious Metals & Mining,United States,AMEX,262659271.0,3.46,50.04,48.41,4,34.2,1294,True,-27.46,53.1,0.22,2.6,2.36,-0.76,-9.73,3.4526,3.3724,3.3803,3.4863,3.8328,4520447,1255,2026-08-14,49.49,75913084.0
NYSE:DHX,DHX,"DHI Group, Inc.",Technology,Software - Application,United States,NYSE,170202118.0,3.94,50.05,51.43,4,34.3,1295,False,-6.41,162.67,44.43,46.05,66.32,61.88,31.49,2.728,2.6978,2.369,2.4339,2.9964,747887,1255,2026-08-14,52.26,43198507.0
NASDAQ:ILMN,ILMN,"Illumina, Inc.",Healthcare,Diagnostics & Research,United States,NASDAQ,28881657000.0,190.89,50.07,53.55,4,34.3,1296,False,-6.93,109.77,32.06,41.4,54.49,54.18,33.29,144.5496,134.9962,123.558,123.8129,143.2095,385127433,1255,2026-08-14,51.99,151300000.0
NYSE:CBU,CBU,"Community Financial System, Inc.",Financial Services,Banks - Regional,United States,NYSE,3463052320.0,65.84,50.08,50.62,4,34.4,1297,False,-7.25,25.54,7.45,9.01,12.11,22.99,24.46,61.2726,60.3967,58.7261,53.5309,52.902,15659762,1255,2026-08-14,49.2,52598000.0
NASDAQ:MDAI,MDAI,"Spectral AI, Inc.",Healthcare,Medical Devices,United States,NASDAQ,53464295.0,1.68,50.08,48.48,4,34.4,1298,False,-37.31,40.0,-2.07,-7.18,-4.99,-23.88,-60.07,1.7154,1.81,1.7683,2.2071,4.2078,296601,1255,2026-08-14,53.64,31823985.0
NYSE:GNRC,GNRC,Generac Holdlings Inc.,Industrials,Specialty Industrial Machinery,United States,NYSE,12939936633.0,219.3,50.09,47.51,4,34.4,1299,True,-25.8,60.81,6.59,9.16,25.31,38.92,44.52,205.7509,200.8931,175.0035,157.8616,151.744,246351292,1255,2026-08-14,48.36,59005639.0
NASDAQ:SFM,SFM,"Sprouts Farmers Market, Inc.",Consumer Defensive,Grocery Stores,United States,NASDAQ,7692929062.0,82.5,50.1,50.65,4,34.4,1300,False,-45.39,25.84,3.83,-7.05,-28.78,-14.61,2.28,79.4561,88.7573,115.8442,96.6164,80.6605,163008378,1254,2026-08-14,50.49,93247625.0
NASDAQ:CACC,CACC,Credit Acceptance Corporation,Financial Services,Credit Services,United States,NASDAQ,6142885896.0,587.27,50.11,50.51,4,34.5,1301,False,-10.64,42.87,15.71,16.27,19.13,18.23,19.61,507.5553,505.0961,492.9801,496.7269,491.0048,74807718,1255,2026-08-14,48.06,10460071.0
NASDAQ:AGMB,AGMB,AgomAb Therapeutics NV - ADRs representing one common share.,Healthcare,Biotechnology,Belgium,NASDAQ,651058230.0,13.22,50.12,51.4,4,34.5,1302,False,-25.81,37.57,,,,,,,,,,,1275334,130,2026-08-14,55.08,49247975.0
NYSE:DHI,DHI,"D.R. Horton, Inc.",Consumer Cyclical,Residential Construction,United States,NYSE,41622345542.0,148.81,50.12,49.79,4,34.5,1303,False,-18.17,12.96,-0.05,-2.15,0.04,3.17,13.57,148.8827,152.0839,148.7506,144.2435,131.0301,383902742,1255,2026-08-14,51.36,279701267.0
NASDAQ:DUOT,DUOT,"Duos Technologies Group, Inc.",Technology,Software - Application,United States,NASDAQ,286174216.0,9.11,50.13,48.44,4,34.5,1304,False,-37.77,51.83,-3.67,0.87,24.88,50.28,63.68,9.4571,9.0317,7.2948,6.0619,5.5659,6137111,1254,2026-08-14,52.99,31413196.0
NASDAQ:EVLV,EVLV,"Evolv Technologies Holdings, Inc.",Industrials,Security & Protection Services,United States,NASDAQ,1043254178.0,5.8,50.14,49.45,4,34.6,1305,False,-33.79,18.37,-6.15,-11.65,7.84,16.52,24.92,6.1801,6.5644,5.3782,4.9775,4.6428,11486035,1255,2026-08-14,49.06,179871410.0
NYSE:CF,CF,"CF Industries Holdings, Inc.",Basic Materials,Agricultural Inputs,United States,NYSE,18174343114.0,118.3,50.16,50.8,4,34.6,1306,True,-13.23,57.75,14.04,18.47,29.73,38.5,40.88,103.7401,99.8527,91.1885,85.4133,83.9703,272357283,1255,2026-08-14,47.45,153629274.0
AMEX:IDR,IDR,"Idaho Strategic Resources, Inc.",Basic Materials,Gold,United States,AMEX,504176404.0,31.89,50.17,49.08,4,34.6,1307,True,-39.44,34.73,-14.43,-12.13,26.73,65.58,101.8,37.2687,36.2914,25.1645,19.2592,15.8025,6980048,1255,2026-08-14,49.36,15809859.0
NASDAQ:VNOM,VNOM,"Viper Energy, Inc.",Energy,Oil & Gas Midstream,United States,NASDAQ,8255656940.0,42.29,50.17,48.86,4,34.6,1308,True,-14.46,23.65,1.98,4.84,3.68,14.57,25.58,41.4674,40.3391,40.7897,36.9117,33.6756,68048549,1254,2026-08-14,44.29,195215345.0
NYSE:BIPC,BIPC,Brookfield Infrastructure Corporation Brookfield Infrastructure Corporation,Utilities,Utilities - Regulated Gas,United States,NYSE,4973742614.0,40.44,50.2,50.26,4,34.7,1309,False,-19.1,15.19,-5.17,-4.12,0.97,9.04,7.87,42.6469,42.1796,40.05,37.0866,37.4907,49368810,1254,2026-08-14,51.84,122990668.0
NYSE:ESI,ESI,Element Solutions Inc.,Basic Materials,Specialty Chemicals,United States,NYSE,9457644372.0,38.81,50.2,48.67,4,34.7,1310,False,-20.94,70.04,13.08,19.37,36.74,47.7,60.31,34.3214,32.5111,28.3825,26.276,24.2098,171151829,1254,2026-08-14,51.04,243690914.0
NYSE:DE,DE,Deere & Company,Industrials,Farm & Heavy Construction Machinery,United States,NYSE,164454818646.0,608.85,50.22,51.41,4,34.8,1311,False,-7.59,39.9,10.08,13.81,24.03,35.0,40.61,553.1114,534.9765,490.8698,451.0021,433.0069,618503309,1255,2026-08-14,51.76,270107282.0
NASDAQ:DFTX,DFTX,"Definium Therapeutics, Inc.",Healthcare,Biotechnology,United States,NASDAQ,5658844918.0,42.63,50.22,53.68,4,34.8,1312,False,-12.01,380.07,88.16,111.05,213.29,287.38,358.13,22.6566,20.1991,13.6073,11.0048,9.3053,91480304,1255,2026-08-14,53.63,132743254.0
NASDAQ:GRAB,GRAB,Grab Holdings Limited,Technology,Software - Application,Singapore,NASDAQ,14349680000.0,3.62,50.22,50.1,4,34.8,1313,False,-43.88,10.7,-14.05,-19.82,-19.79,-12.33,-6.87,4.2115,4.5151,4.5134,4.1293,3.8869,168464081,1255,2026-08-14,54.48,3964000000.0
NASDAQ:PPHC,PPHC,"Public Policy Holding Company, Inc.",Industrials,Consulting Services,United States,NASDAQ,303673238.0,10.12,50.22,50.63,4,34.8,1314,False,-30.73,38.25,,,,,,,,,,,957856,137,2026-08-14,54.76,30007237.0
NYSE:EXR,EXR,Extra Space Storage Inc,Real Estate,REIT - Industrial,United States,NYSE,31246767628.0,147.9,50.23,51.36,4,34.9,1315,False,-3.24,20.83,6.83,6.9,4.09,8.15,7.88,138.443,138.3569,142.0841,136.7541,137.0914,190392458,1255,2026-08-14,54.39,211269558.0
NYSE:GRND,GRND,Grindr Inc.,Technology,Software - Application,United States,NYSE,2845392892.0,16.01,50.23,53.51,4,34.9,1316,True,-10.76,62.54,20.81,17.74,3.56,22.03,36.72,13.2526,13.5975,15.4592,13.12,11.7105,30054620,1254,2026-08-14,47.51,177725977.0
NYSE:NUVB,NUVB,Nuvation Bio Inc.,Healthcare,Biotechnology,United States,NYSE,2159596260.0,6.22,50.23,52.5,4,34.9,1317,True,-34.8,131.23,6.98,16.96,61.42,89.34,109.68,5.8143,5.3181,3.8534,3.2851,2.9664,40340779,1255,2026-08-14,47.81,347201971.0
NASDAQ:ABAT,ABAT,American Battery Technology Company,Industrials,Waste Management,United States,NASDAQ,339671878.0,2.49,50.25,47.66,4,34.9,1318,False,-78.02,22.06,-27.91,-30.97,0.52,-13.58,-48.21,3.454,3.6073,2.4771,2.8813,4.808,7092720,1255,2026-08-14,51.14,136414409.0
NYSE:MCB,MCB,Metropolitan Bank Holding Corp.,Financial Services,Banks - Regional,United States,NYSE,1165887043.0,94.04,50.25,50.44,4,34.9,1319,False,-6.87,44.54,9.98,12.69,31.44,53.15,59.93,85.5034,83.449,71.5482,61.4021,58.7994,15138126,1254,2026-08-14,51.61,12397778.0
NYSE:WTM,WTM,"White Mountains Insurance Group, Ltd.",Financial Services,Insurance - Property & Casualty,Bermuda,NYSE,5292941238.0,2137.1201,50.25,50.46,4,34.9,1320,False,-7.86,29.54,1.37,4.38,10.31,16.29,23.68,2108.2936,2047.5014,1937.3597,1837.778,1727.8741,42798162,1255,2026-08-14,51.16,2476670.0
NASDAQ:SMPL,SMPL,The Simply Good Foods Company,Consumer Defensive,Packaged Foods,United States,NASDAQ,1000270051.0,11.31,50.26,48.03,4,35.0,1321,False,-62.51,11.1,-26.45,-35.9,-57.01,-61.79,-63.79,15.3766,17.643,26.3104,29.6026,31.2302,25634941,1254,2026-08-14,48.46,88441207.0
NASDAQ:NUAI,NUAI,"New Era Energy & Digital, Inc.",Technology,Software - Infrastructure,United States,NASDAQ,513545005.0,5.07,50.28,50.37,4,35.0,1322,True,-37.1,1441.03,5.68,22.48,13.25,-22.86,-32.12,4.7975,4.1395,4.4768,6.5726,7.4687,35192622,1155,2026-08-14,49.3,101290928.0
NASDAQ:LSCC,LSCC,Lattice Semiconductor Corporation,Technology,Semiconductors,United States,NASDAQ,18492601806.0,130.46,50.29,49.7,4,35.0,1323,True,-15.98,112.48,25.18,34.67,73.84,77.61,76.87,104.2181,96.8746,75.0477,73.4511,73.7604,253720543,1255,2026-08-14,48.41,141749209.0
NYSE:CE,CE,Celanese Corporation,Basic Materials,Chemicals,United States,NYSE,5007191531.0,45.66,50.3,47.07,4,35.1,1324,False,-34.01,28.73,-9.02,-6.52,-26.62,-47.82,-50.22,50.1895,48.843,62.2238,87.497,91.7227,93919685,1255,2026-08-14,44.88,109662539.0
AMEX:RLGT,RLGT,"Radiant Logistics, Inc.",Industrials,Integrated Freight & Logistics,United States,AMEX,407903811.0,8.71,50.31,49.4,4,35.1,1325,False,-9.37,49.4,14.72,19.37,26.72,33.37,35.15,7.5926,7.2964,6.8733,6.5308,6.4445,956181,1255,2026-08-14,49.34,46831666.0
NYSE:DIN,DIN,"Dine Brands Global, Inc.",Consumer Cyclical,Restaurants,United States,NYSE,447913529.0,35.31,50.33,52.28,4,35.1,1326,True,-7.88,73.3,12.96,18.54,27.96,12.17,-6.86,31.2597,29.7878,27.5955,31.4802,37.9097,9258948,1255,2026-08-14,46.99,12685175.0
NASDAQ:PDFS,PDFS,"PDF Solutions, Inc.",Technology,Software - Application,United States,NASDAQ,2131066948.0,50.9,50.33,49.55,4,35.1,1327,True,-28.1,166.49,27.79,39.82,65.28,61.95,58.6,39.8324,36.4031,30.7959,31.4293,32.0937,25290154,1255,2026-08-14,49.47,41867720.0
NYSE:GVA,GVA,Granite Construction Incorporated,Industrials,Engineering & Construction,United States,NYSE,5562469221.0,127.1,50.34,48.41,4,35.2,1328,True,-20.69,29.43,1.98,4.94,23.32,48.72,74.17,124.6369,121.1145,103.0687,85.4646,72.973,119519876,1255,2026-08-14,45.45,43764510.0
NASDAQ:XBIT,XBIT,XBiotech Inc.,Healthcare,Biotechnology,United States,NASDAQ,70121781.0,2.3,50.35,49.28,4,35.2,1329,False,-34.29,8.49,-4.18,-7.58,-34.83,-46.07,-45.5,2.4004,2.4887,3.5293,4.2648,4.2204,84882,1254,2026-08-14,53.7,30487731.0
NASDAQ:CDZI,CDZI,"Cadiz, Inc.",Utilities,Utilities - Regulated Water,United States,NASDAQ,291779412.0,3.47,50.37,47.44,4,35.2,1330,False,-49.86,16.44,-28.27,-26.73,-15.62,-7.46,-6.21,4.8376,4.736,4.1122,3.7497,3.6997,2842891,1255,2026-08-14,51.68,84086286.0
NYSE:CLDT,CLDT,Chatham Lodging Trust (REIT) Common Shares of Beneficial Interest,Real Estate,REIT - Hotel & Motel,United States,NYSE,606389048.0,12.99,50.39,53.36,4,35.2,1331,False,-5.73,115.6,44.91,53.0,63.2,58.47,50.2,8.9643,8.49,7.9593,8.1972,8.6485,4632493,1255,2026-08-14,48.79,46681220.0
NYSE:EFXT,EFXT,Enerflex Ltd,Energy,Oil & Gas Equipment & Services,Canada,NYSE,2740403117.0,22.45,50.4,48.19,4,35.3,1332,False,-20.84,139.94,10.67,22.77,73.27,116.97,143.37,20.2862,18.2859,12.9568,10.3472,9.2246,15187719,1254,2026-08-14,43.67,122066954.0
NYSE:AAP,AAP,Advance Auto Parts Inc.,Consumer Cyclical,Auto Parts,United States,NYSE,3411616712.0,56.55,50.41,50.19,4,35.3,1333,False,-10.1,48.13,8.29,6.21,17.89,8.02,-19.67,52.2228,53.2426,47.9676,52.3506,70.4004,77104420,1255,2026-08-14,52.33,60329208.0
NYSE:BH,BH,Biglari Holdings Inc.,Consumer Cyclical,Restaurants,United States,NYSE,802071394.0,385.03,50.44,52.92,4,35.3,1334,False,-19.27,55.36,10.8,12.23,35.31,54.98,69.8,347.4874,343.0723,284.5505,248.4382,226.7568,78314278,1255,2026-08-14,52.31,2083140.0
NASDAQ:BNC,BNC,CEA Industries Inc.,Industrials,Farm & Heavy Construction Machinery,United States,NASDAQ,107875487.0,2.62,50.45,49.27,4,35.4,1335,False,-90.71,31.66,-35.38,-56.81,-64.76,-64.56,-68.61,4.0542,6.0662,7.4344,7.3937,8.347,452084,1255,2026-08-14,46.93,41173850.0
NASDAQ:LGND,LGND,Ligand Pharmaceuticals Incorporated,Healthcare,Biotechnology,United States,NASDAQ,5904096571.0,294.6,50.45,52.78,4,35.4,1336,True,-8.68,95.0,30.5,37.39,80.22,121.03,151.66,225.7502,214.4319,163.4678,133.2866,117.0625,86638847,1255,2026-08-14,46.19,20041061.0
NYSE:CTS,CTS,CTS Corporation,Technology,Electronic Components,United States,NYSE,1812461697.0,63.47,50.46,51.29,4,35.4,1337,True,-7.03,74.44,18.84,24.88,31.39,34.87,38.15,53.4079,50.8239,48.3075,47.0603,45.9423,13671348,1255,2026-08-14,47.38,28556195.0
NYSE:MDU,MDU,"MDU Resources Group, Inc. Common Stock (Holding Company)",Utilities,Utilities - Regulated Gas,United States,NYSE,4315974396.0,20.65,50.46,48.62,4,35.4,1338,True,-8.83,32.98,0.17,3.96,14.97,31.05,43.23,20.6146,19.8626,17.9606,15.7579,14.4172,29970888,1255,2026-08-14,43.08,209006024.0
NASDAQ:VLGEA,VLGEA,"Village Super Market, Inc.",Consumer Defensive,Grocery Stores,United States,NASDAQ,459858556.0,43.04,50.46,50.66,4,35.4,1339,False,-8.22,40.83,9.29,11.86,21.39,35.81,49.8,39.3798,38.4761,35.4563,31.6924,28.7324,1840587,1255,2026-08-14,50.53,10684446.0
NYSE:LXFR,LXFR,Luxfer Holdings PLC,Industrials,Specialty Industrial Machinery,United States,NYSE,457047836.0,17.08,50.48,51.88,4,35.5,1340,False,-9.8,51.07,17.99,20.6,32.21,45.66,41.56,14.4753,14.1628,12.9185,11.7261,12.0659,7474683,1254,2026-08-14,50.48,26759241.0
NYSE:R,R,"Ryder System, Inc.",Industrials,Rental & Leasing Services,United States,NYSE,10122039277.0,263.96,50.48,51.35,4,35.5,1341,False,-5.84,67.02,20.42,24.84,46.11,68.74,92.51,219.1997,211.439,180.6598,156.4264,137.1131,89424223,1255,2026-08-14,49.49,38346868.0
NASDAQ:WTF,WTF,Waton Financial Limited,Financial Services,Capital Markets,Hong Kong,NASDAQ,141335793.0,2.93,50.48,49.61,4,35.5,1342,False,-58.73,18.62,-17.24,-25.91,,,,3.5402,3.9549,,,,9753,344,2026-08-14,50.48,48237472.0
NASDAQ:CAE,CAE,CAE Inc,Industrials,Aerospace & Defense,Canada,NASDAQ,8418956179.0,26.18,50.49,51.38,4,35.6,1343,False,-23.11,13.04,-5.44,-5.41,2.51,9.7,13.32,27.6865,27.6778,25.5397,23.8647,23.1019,16295709,1255,2026-08-14,51.96,321579686.0
NASDAQ:IBRX,IBRX,"ImmunityBio, Inc.",Healthcare,Biotechnology,United States,NASDAQ,7928469606.0,7.57,50.52,49.79,4,35.6,1344,False,-34.46,282.32,22.81,40.03,74.02,73.17,78.91,6.1638,5.406,4.35,4.3715,4.2312,63856787,1255,2026-08-14,51.97,1047353977.0
NASDAQ:LFCR,LFCR,"Lifecore Biomedical, Inc.",Healthcare,Drug Manufacturers - Specialty & Generic,United States,NASDAQ,177044401.0,4.72,50.52,48.85,4,35.6,1345,False,-46.49,28.96,-23.14,-25.81,-26.1,-27.52,-30.29,6.1409,6.3624,6.3871,6.512,6.7709,632248,1255,2026-08-14,50.83,37509407.0
NYSE:CSTM,CSTM,Constellium SE Ordinary Shares (France),Basic Materials,Aluminum,France,NYSE,4011620749.0,29.6,50.54,48.82,4,35.6,1346,True,-18.12,115.59,15.2,26.06,65.0,62.39,72.07,25.6941,23.4802,17.9399,18.2274,17.2024,46676123,1254,2026-08-14,47.66,135527728.0
NYSE:PUMP,PUMP,ProPetro Holding Corp.,Energy,Oil & Gas Equipment & Services,United States,NYSE,1486169396.0,12.1,50.56,46.87,4,35.7,1347,True,-33.52,167.7,-4.1,9.29,31.15,32.68,33.04,12.617,11.0717,9.226,9.1197,9.0951,48749952,1254,2026-08-14,44.2,122823917.0
NASDAQ:ACLS,ACLS,"Axcelis Technologies, Inc.",Technology,Semiconductor Equipment & Materials,United States,NASDAQ,4307355665.0,140.15,50.58,49.36,4,35.7,1348,False,-26.85,89.09,23.2,29.78,53.99,34.05,31.88,113.7609,107.9884,91.0129,104.554,106.2668,53475382,1255,2026-08-14,52.65,30733897.0
NYSE:DOCN,DOCN,"DigitalOcean Holdings, Inc.",Technology,Software - Infrastructure,United States,NYSE,15188699832.0,129.92,50.61,49.43,4,35.7,1349,False,-28.34,333.21,41.51,61.87,124.59,163.0,182.24,91.8093,80.2598,57.8466,49.3984,46.0324,431108384,1255,2026-08-14,52.14,116908096.0
NASDAQ:PGEN,PGEN,"Precigen, Inc.",Healthcare,Biotechnology,United States,NASDAQ,2174716978.0,6.1,50.61,54.28,4,35.7,1350,False,-15.63,229.73,37.95,42.42,118.53,161.96,185.38,4.4219,4.283,2.7914,2.3286,2.1375,35444922,1255,2026-08-14,58.55,356510980.0
NASDAQ:PNTG,PNTG,"The Pennant Group, Inc.",Healthcare,Medical Care Facilities,United States,NASDAQ,1367060341.0,39.32,50.62,53.28,4,35.8,1351,False,-6.43,66.33,22.68,28.73,33.16,54.24,76.83,32.0499,30.5444,29.5284,25.4921,22.2357,10899155,1254,2026-08-14,46.34,34767557.0
NYSE:NBHC,NBHC,National Bank Holdings Corporation,Financial Services,Banks - Regional,United States,NYSE,1938726865.0,43.53,50.63,50.74,4,35.8,1352,False,-7.54,25.25,7.69,9.35,10.24,17.35,19.69,40.4202,39.8093,39.4866,37.0931,36.3694,20815590,1254,2026-08-14,50.35,44537718.0
NYSE:WNC,WNC,Wabash National Corporation,Industrials,Farm & Heavy Construction Machinery,United States,NYSE,511658893.0,12.56,50.63,53.79,4,35.8,1353,False,-10.06,86.65,30.04,29.2,7.91,-16.96,-24.63,9.6589,9.7212,11.6392,15.1256,16.6653,14841690,1255,2026-08-14,49.58,40737173.0
NYSE:LAR,LAR,Lithium Argentina AG,Basic Materials,Other Industrial Metals & Mining,Switzerland,NYSE,1117347880.0,6.82,50.64,47.0,4,35.9,1354,True,-42.15,125.83,-5.61,4.93,49.63,42.5,15.3,7.2252,6.4997,4.558,4.786,5.9148,13521199,1255,2026-08-14,49.45,163834000.0
NASDAQ:POWW,POWW,Outdoor Holding Company,Industrials,Aerospace & Defense,United States,NASDAQ,260206227.0,2.24,50.64,51.04,4,35.9,1355,True,-12.5,75.0,12.9,19.34,35.93,21.58,12.2,1.984,1.8771,1.6479,1.8424,1.9965,1452517,1254,2026-08-14,48.75,116163494.0
NASDAQ:SPOK,SPOK,"Spok Holdings, Inc.",Healthcare,Health Information Services,United States,NASDAQ,229262782.0,10.96,50.64,51.79,4,35.9,1356,False,-34.65,7.04,-5.16,-11.77,-17.7,-16.02,-5.56,11.5565,12.4224,13.3163,13.0502,11.6055,1752480,1255,2026-08-14,51.76,20918137.0
NASDAQ:SYM,SYM,Symbotic Inc.,Industrials,Specialty Industrial Machinery,United States,NASDAQ,5432098050.0,42.7,50.64,49.15,4,35.9,1357,False,-51.09,10.71,-21.99,-22.47,1.45,2.53,16.15,54.7345,55.0729,42.0907,41.6477,36.762,70018795,1255,2026-08-14,48.21,127215411.0
NASDAQ:AGNT,AGNT,"AGNT, Inc.",Real Estate,Real Estate Services,United States,NASDAQ,714809069.0,4.35,50.68,47.98,4,36.0,1358,False,-62.06,14.85,-37.75,-43.59,-52.43,-57.72,-60.69,6.9882,7.7114,9.1444,10.2876,11.0654,6669651,1254,2026-08-14,53.31,164323924.0
NYSE:AXP,AXP,American Express Company,Financial Services,Credit Services,United States,NYSE,231280111606.0,342.48,50.68,51.73,4,36.0,1359,False,-10.29,17.87,1.4,2.08,11.0,26.79,42.28,337.7459,335.5149,308.5506,270.1255,240.7096,946447709,1255,2026-08-14,51.85,675309833.0
NYSE:LNN,LNN,Lindsay Corporation,Industrials,Farm & Heavy Construction Machinery,United States,NYSE,1170133597.0,115.07,50.68,50.44,4,36.0,1360,True,-18.8,12.2,-1.89,-4.9,-7.31,-5.63,-9.13,117.2849,121.0,124.1422,121.9356,126.6335,12611686,1255,2026-08-14,49.41,10168885.0
NASDAQ:BOF,BOF,BranchOut Food Inc.,Consumer Defensive,Packaged Foods,United States,NASDAQ,63714685.0,4.16,50.7,51.29,4,36.1,1361,False,-18.27,105.94,15.58,25.53,57.68,80.38,,3.5993,3.314,2.6382,2.3062,,89492,792,2026-08-14,61.68,15316030.0
NASDAQ:STI,STI,"Solidion Technology, Inc.",Industrials,Electrical Equipment & Parts,United States,NASDAQ,66945982.0,7.88,50.7,48.55,4,36.1,1362,True,-77.94,155.84,-2.08,-0.03,-26.04,-92.16,-96.14,8.0475,7.882,10.6539,100.4811,204.3563,980845,1076,2026-08-14,48.75,8495683.0
NASDAQ:CASY,CASY,"Caseys General Stores, Inc.",Consumer Cyclical,Specialty Retail,United States,NASDAQ,31322809455.0,846.45,50.71,51.57,4,36.1,1363,False,-7.55,71.76,19.94,26.24,54.34,81.9,109.36,705.7238,670.4952,548.4154,465.3322,404.3105,245043970,1255,2026-08-14,52.91,37004914.0
NASDAQ:DORM,DORM,"Dorman Products, Inc.",Consumer Cyclical,Auto Parts,United States,NASDAQ,4075713592.0,136.39,50.71,51.63,4,36.1,1364,True,-18.01,35.71,9.83,4.55,7.24,20.54,28.03,124.1838,130.4532,127.1863,113.1528,106.5312,49732505,1255,2026-08-14,47.23,29882789.0
NASDAQ:PRTA,PRTA,Prothena Corporation plc,Healthcare,Biotechnology,Ireland,NASDAQ,463849680.0,8.86,50.73,49.17,4,36.2,1365,False,-23.02,12.01,-7.5,-6.44,-21.22,-51.85,-67.93,9.5782,9.4698,11.2464,18.3992,27.6289,4484850,1254,2026-08-14,55.57,52353237.0
NASDAQ:QTTB,QTTB,Q32 Bio Inc.,Healthcare,Biotechnology,United States,NASDAQ,450088532.0,15.15,50.73,53.05,4,36.2,1366,False,-29.14,812.65,115.67,151.02,41.66,11.51,-8.46,7.0247,6.0354,10.6946,13.5864,16.5502,8782852,1254,2026-08-14,52.02,29708814.0
NASDAQ:VICR,VICR,Vicor Corporation,Technology,Electronic Components,United States,NASDAQ,8072477146.0,234.74,50.75,48.27,4,36.2,1367,False,-38.19,404.93,20.91,41.98,120.84,176.0,201.2,194.1467,165.3302,106.2917,85.0519,77.935,192894416,1255,2026-08-14,47.75,34389014.0
NASDAQ:DDOG,DDOG,"Datadog, Inc.",Technology,Software - Application,United States,NASDAQ,85554732692.0,255.46,50.78,52.13,4,36.2,1368,False,-11.34,148.95,48.29,53.7,75.3,89.18,108.61,172.2703,166.206,145.7312,135.0325,122.4579,1355741608,1255,2026-08-14,49.6,334904614.0
NASDAQ:EBMT,EBMT,"Eagle Bancorp Montana, Inc.",Financial Services,Banks - Regional,United States,NASDAQ,186630048.0,23.43,50.78,51.77,4,36.2,1369,False,-3.49,50.23,12.07,16.96,31.8,47.95,51.99,20.907,20.0324,17.7774,15.8367,15.4155,930450,1255,2026-08-14,54.01,7965431.0
NYSE:SPGI,SPGI,S&P Global Inc.,Financial Services,Financial Data & Stock Exchanges,United States,NYSE,123462240000.0,418.8,50.8,50.96,4,36.3,1370,False,-20.87,13.81,-2.9,-5.28,-8.89,-4.08,2.31,431.306,442.1299,459.6615,436.6339,409.3275,872591774,1255,2026-08-14,53.33,294800000.0
NASDAQ:TOYO,TOYO,"TOYO Co., Ltd",Technology,Solar,Japan,NASDAQ,259304014.0,6.07,50.82,44.6,4,36.3,1371,False,-64.27,31.1,-28.81,-24.39,6.27,-14.43,-23.19,8.526,8.0275,5.712,7.0932,7.9028,3593375,1107,2026-08-14,44.85,42718948.0
NYSE:CBT,CBT,Cabot Corporation,Basic Materials,Specialty Chemicals,United States,NYSE,4536490126.0,87.88,50.83,51.16,4,36.3,1372,True,-5.91,52.47,16.33,16.53,7.91,8.86,13.82,75.5453,75.4125,81.4407,80.7269,77.2116,41915117,1255,2026-08-14,46.75,51621417.0
NASDAQ:SGC,SGC,"Superior Group of Companies, Inc.",Consumer Cyclical,Apparel Manufacturing,United States,NASDAQ,203711658.0,13.03,50.85,51.42,4,36.4,1373,True,-6.79,59.3,20.87,20.85,13.37,10.25,19.07,10.7801,10.7818,11.4938,11.8185,10.943,823496,1255,2026-08-14,50.66,15634049.0
NYSE:OTIS,OTIS,Otis Worldwide Corporation,Industrials,Specialty Industrial Machinery,United States,NYSE,27648014092.0,72.63,50.86,50.36,4,36.4,1374,True,-21.48,5.38,-9.79,-11.37,-17.45,-16.79,-13.77,80.5161,81.9475,87.988,87.2879,84.2241,278197684,1254,2026-08-14,50.68,380669339.0
NYSE:SBR,SBR,Sabine Royalty Trust,Energy,Oil & Gas Midstream,United States,NYSE,1062834251.0,72.9,50.89,49.66,4,36.4,1375,True,-6.79,14.43,1.69,2.18,12.23,19.78,21.51,71.6896,71.3436,64.9549,60.8631,59.9949,2749205,1255,2026-08-14,49.81,14579345.0
NASDAQ:VFS,VFS,VinFast Auto Ltd.,Consumer Cyclical,Auto Manufacturers,Vietnam,NASDAQ,7416329152.0,3.17,50.89,49.37,4,36.4,1376,False,-33.4,12.81,-7.3,-6.72,-10.76,-37.67,-50.0,3.4196,3.3983,3.5523,5.0862,6.3404,1095125,1239,2026-08-14,49.83,2339536010.0
NASDAQ:BNTC,BNTC,Benitec Biopharma Inc.,Healthcare,Biotechnology,United States,NASDAQ,431490435.0,12.56,50.9,51.37,4,36.5,1377,False,-23.97,24.85,2.66,-0.27,3.16,28.23,47.25,12.2346,12.5934,12.1758,9.7949,8.5297,1843096,1254,2026-08-14,50.9,34354334.0
NYSE:FIS,FIS,"Fidelity National Information Services, Inc.",Technology,Information Technology Services,United States,NYSE,22184453161.0,42.92,50.9,51.21,4,36.5,1378,False,-38.25,13.79,-15.14,-20.09,-34.18,-32.69,-32.0,50.5777,53.7136,65.2039,63.7636,63.1133,283118848,1255,2026-08-14,56.46,516879151.0
NASDAQ:AARD,AARD,"Aardvark Therapeutics, Inc.",Healthcare,Biotechnology,United States,NASDAQ,143122393.0,6.54,50.91,52.37,4,36.5,1379,True,-62.44,87.93,-21.29,-27.13,,,,8.3093,8.9754,,,,853342,376,2026-08-14,49.82,21884158.0
NYSE:HLF,HLF,Herbalife Ltd.,Consumer Defensive,Packaged Foods,United States,NYSE,1278243899.0,12.33,50.92,49.48,4,36.5,1380,False,-38.23,59.1,-10.67,-3.91,20.34,13.97,-1.33,13.8024,12.832,10.2459,10.8186,12.4961,17804004,1255,2026-08-14,49.15,103669416.0
AMEX:OSTX,OSTX,OS Therapies Incorporated,Healthcare,Biotechnology,United States,AMEX,73771724.0,1.62,50.94,49.66,4,36.6,1381,True,-35.2,39.66,1.2,-5.03,-21.75,,,1.6007,1.7057,2.0702,,,437441,511,2026-08-14,49.3,45538101.0
NYSE:KD,KD,"Kyndryl Holdings, Inc.",Technology,Information Technology Services,United States,NYSE,2904211629.0,13.17,50.95,52.11,4,36.6,1382,False,-60.26,24.36,-23.49,-33.95,-50.3,-46.37,-38.75,17.2139,19.9403,26.5009,24.5578,21.5015,60027449,1207,2026-08-14,58.97,220517208.0
NYSE:SPXC,SPXC,"SPX Technologies, Inc.",Industrials,Building Products & Equipment,United States,NYSE,10880090811.0,217.32,50.97,50.02,4,36.6,1383,True,-11.81,20.26,0.9,3.69,19.25,37.63,59.96,215.3749,209.5902,182.246,157.9012,135.8549,107489738,1255,2026-08-14,47.04,50064839.0
NYSE:TNL,TNL,Travel Leisure Co.,Consumer Cyclical,Travel Services,United States,NYSE,4626184597.0,75.49,50.99,51.98,4,36.7,1384,False,-3.77,33.19,7.68,11.05,30.67,47.96,61.21,70.1079,67.9761,57.7697,51.0212,46.8269,64410290,1255,2026-08-14,48.63,61282085.0
NYSE:CXT,CXT,"Crane NXT, Co.",Industrials,Specialty Industrial Machinery,United States,NYSE,2972638679.0,51.66,51.0,53.68,4,36.7,1385,True,-24.19,42.98,6.21,0.36,-3.06,-4.79,1.68,48.6403,51.473,53.2925,54.2588,50.8089,30589291,1255,2026-08-14,50.13,57542367.0
NYSE:RL,RL,Ralph Lauren Corporation,Consumer Cyclical,Apparel Manufacturing,United States,NYSE,14637031424.0,388.92,51.0,51.38,4,36.7,1386,True,-5.89,37.77,7.37,10.73,33.76,60.55,87.28,362.2106,351.2182,290.7532,242.2395,207.673,233181963,1255,2026-08-14,50.1,37635070.0
NASDAQ:RRR,RRR,"Red Rock Resorts, Inc.",Consumer Cyclical,Resorts & Casinos,United States,NASDAQ,3721922260.0,63.66,51.0,51.8,4,36.7,1387,True,-5.35,25.24,8.11,8.21,20.12,25.41,33.56,58.8841,58.8294,52.9982,50.7614,47.6637,47021656,1254,2026-08-14,45.86,58465634.0
NASDAQ:DUOL,DUOL,"Duolingo, Inc.",Technology,Software - Application,United States,NASDAQ,5344689344.0,132.83,51.03,52.13,4,36.8,1388,False,-64.02,47.54,-3.88,-23.8,-48.92,-43.93,-35.28,138.1955,174.3139,260.0504,236.9012,205.2289,176659468,1254,2026-08-14,60.06,40237065.0
NYSE:AOMR,AOMR,"Angel Oak Mortgage REIT, Inc.",Real Estate,REIT - Mortgage,United States,NYSE,222487798.0,8.93,51.05,52.17,4,36.8,1389,False,-3.35,17.65,6.91,6.46,9.15,11.2,20.39,8.3532,8.3885,8.1818,8.0307,7.4174,828039,1254,2026-08-14,53.74,24914647.0
NASDAQ:BRUN,BRUN,Boost Run Inc.,Technology,Software - Infrastructure,United States,NASDAQ,731367392.0,22.93,51.06,48.9,4,36.8,1390,False,-41.51,123.49,32.09,41.86,,,,17.359,16.1635,,,,44790630,407,2026-08-14,50.17,31895656.0
NYSE:KNX,KNX,Knight-Swift Transportation Holdings Inc.,Industrials,Trucking,United States,NYSE,11786789520.0,72.42,51.06,50.21,4,36.8,1391,False,-12.16,87.73,18.26,26.24,37.03,38.77,38.64,61.2388,57.3657,52.8515,52.1882,52.2361,277110223,1255,2026-08-14,53.56,162756000.0
NYSE:BE,BE,Bloom Energy Corporation,Industrials,Electrical Equipment & Parts,United States,NYSE,67723617939.0,229.94,51.08,49.5,4,36.9,1392,False,-33.51,433.5,24.59,41.94,152.37,254.16,328.45,184.5627,161.9992,91.1124,64.9257,53.6675,3561954930,1255,2026-08-14,53.05,294527346.0
NASDAQ:NMRK,NMRK,"Newmark Group, Inc.",Real Estate,Real Estate Services,United States,NASDAQ,2382693306.0,15.25,51.1,50.72,4,36.9,1393,False,-21.2,11.12,-3.31,-6.16,3.92,19.23,32.92,15.7715,16.251,14.6753,12.7906,11.4727,21138171,1254,2026-08-14,51.0,156242184.0
NYSE:BAP,BAP,Credicorp Ltd.,Financial Services,Banks - Regional,Peru,NYSE,30695651756.0,386.36,51.11,52.74,4,36.9,1394,False,-3.96,63.25,20.36,26.29,59.66,88.92,113.0,321.0135,305.9212,241.9886,204.5085,181.3859,109920860,1255,2026-08-14,42.57,79448317.0
NASDAQ:CNVS,CNVS,Cineverse Corp.,Communication Services,Entertainment,United States,NASDAQ,62991786.0,2.69,51.13,51.1,4,37.0,1395,False,-54.33,46.99,7.11,-2.84,-11.03,12.19,-29.96,2.5116,2.7687,3.0235,2.3978,3.8409,307626,1255,2026-08-14,61.13,23417021.0
NASDAQ:ONCY,ONCY,Oncolytics Biotech Inc.,Healthcare,Biotechnology,United States,NASDAQ,99063876.0,0.83,51.13,48.86,4,37.0,1396,True,-41.55,10.67,-12.82,-17.34,-9.49,-22.18,-31.85,0.952,1.0041,0.917,1.0666,1.2179,772360,1255,2026-08-14,44.78,119354067.0
NYSE:CAL,CAL,"Caleres, Inc.",Consumer Cyclical,Apparel Retail,United States,NYSE,449094877.0,13.37,51.14,51.87,4,37.0,1397,False,-13.29,52.65,8.7,5.97,-22.04,-38.65,-39.6,12.2996,12.6167,17.15,21.7915,22.1348,6402263,1255,2026-08-14,55.08,33589744.0
NASDAQ:GERN,GERN,Geron Corporation,Healthcare,Biotechnology,United States,NASDAQ,943035832.0,1.47,51.14,51.83,4,37.0,1398,False,-24.62,37.38,4.18,5.29,-28.7,-36.98,-39.14,1.411,1.3962,2.0617,2.3326,2.4153,16212605,1255,2026-08-14,55.83,641520974.0
NASDAQ:GNSS,GNSS,Genasys Inc.,Technology,Scientific & Technical Instruments,United States,NASDAQ,78787676.0,1.73,51.16,49.56,4,37.0,1399,False,-32.95,8.12,-12.01,-13.81,-25.82,-23.67,-29.66,1.9662,2.0073,2.3323,2.2665,2.4595,130409,1255,2026-08-14,49.31,45542009.0
NYSE:EPR,EPR,EPR Properties,Real Estate,REIT - Specialty,United States,NYSE,4692296472.0,61.25,51.17,53.33,4,37.1,1400,False,-4.31,32.18,12.85,13.85,23.72,35.88,46.34,54.2769,53.8006,49.5073,45.0769,41.8552,46671418,1255,2026-08-14,53.91,76608922.0
NASDAQ:NSSC,NSSC,"NAPCO Security Technologies, Inc.",Industrials,Security & Protection Services,United States,NASDAQ,1369071554.0,38.32,51.17,51.44,4,37.1,1401,True,-18.24,28.76,-4.8,-4.61,6.12,5.97,10.68,40.2512,40.1727,36.1093,36.1625,34.6211,9550145,1255,2026-08-14,50.81,35727337.0
NASDAQ:BVFL,BVFL,"BV Financial, Inc.",Financial Services,Banks - Regional,United States,NASDAQ,183570058.0,21.2,51.18,51.88,4,37.1,1402,False,-2.89,44.91,9.3,13.09,23.71,38.58,39.61,19.3966,18.7454,17.1364,15.2979,15.1849,303166,1255,2026-08-14,52.56,8658965.0
NASDAQ:LFVN,LFVN,Lifevantage Corporation,Consumer Defensive,Packaged Foods,United States,NASDAQ,82885951.0,6.57,51.18,50.87,4,37.1,1403,True,-50.73,64.48,10.38,-4.9,-36.33,-26.62,-13.49,5.9523,6.9086,10.3181,8.953,7.5946,403760,1255,2026-08-14,48.84,12615822.0
NASDAQ:FWDI,FWDI,"Forward Industries, Inc.",Consumer Cyclical,Footwear & Accessories,United States,NASDAQ,314188807.0,4.26,51.19,50.24,4,37.2,1404,True,-89.08,20.34,-26.69,-53.62,-42.4,-39.71,-48.3,5.8107,9.1852,7.396,7.0662,8.24,3631293,1255,2026-08-14,48.26,73753241.0
NASDAQ:KHC,KHC,The Kraft Heinz Company,Consumer Defensive,Packaged Foods,United States,NASDAQ,30249187545.0,25.51,51.2,52.36,4,37.2,1405,False,-7.64,22.45,8.87,7.43,-1.28,-6.76,-10.34,23.4317,23.7465,25.8405,27.3586,28.4531,387907108,1255,2026-08-14,50.2,1185777638.0
NYSE:OOMA,OOMA,"Ooma, Inc.",Technology,Software - Application,United States,NYSE,572300563.0,20.83,51.21,53.63,4,37.2,1406,False,-5.92,96.88,38.98,44.83,53.46,66.76,62.75,14.9877,14.3823,13.5738,12.4906,12.7985,8188618,1254,2026-08-14,51.69,27474823.0
NYSE:TXNM,TXNM,"TXNM Energy, Inc.",Utilities,Utilities - Regulated Electric,United States,NYSE,6354596552.0,57.4,51.21,50.48,4,37.2,1407,False,-2.79,4.57,-0.37,0.5,9.63,21.84,25.09,57.6145,57.1138,52.3556,47.1125,45.8856,46225997,1255,2026-08-14,50.96,110707257.0
NASDAQ:LAUR,LAUR,"Laureate Education, Inc.",Consumer Defensive,Education & Training Services,United States,NASDAQ,5182130923.0,37.62,51.24,52.44,4,37.3,1408,False,-7.02,45.81,10.66,14.26,43.84,70.47,96.04,33.9973,32.9262,26.154,22.0689,19.1902,37570592,1254,2026-08-14,49.52,137749360.0
NASDAQ:LOVE,LOVE,The Lovesac Company,Consumer Cyclical,"Furnishings, Fixtures & Appliances",United States,NASDAQ,253098247.0,17.29,51.24,51.98,4,37.3,1409,False,-16.67,64.04,17.01,12.88,-10.21,-15.43,-20.66,14.777,15.3173,19.2561,20.4442,21.7913,3839902,1254,2026-08-14,54.16,14638418.0
NYSE:ATR,ATR,"AptarGroup, Inc.",Healthcare,Medical Instruments & Supplies,United States,NYSE,8430663744.0,132.1,51.25,54.26,4,37.4,1410,False,-8.67,18.43,6.01,4.66,-5.03,-3.02,2.69,124.6091,126.2186,139.0985,136.2112,128.6366,64904001,1255,2026-08-14,52.59,63820316.0
NASDAQ:INTC,INTC,Intel Corporation,Technology,Semiconductors,United States,NASDAQ,517010000000.0,102.5,51.25,49.86,4,37.4,1411,False,-27.27,336.17,46.13,65.46,145.34,154.65,173.59,70.1446,61.9492,41.7795,40.2516,37.4648,11458437926,1255,2026-08-14,53.41,5044000000.0
NASDAQ:OSS,OSS,"One Stop Systems, Inc.",Technology,Computer Hardware,United States,NASDAQ,337106321.0,13.61,51.25,49.58,4,37.4,1412,True,-31.78,213.59,27.68,41.12,114.29,171.15,200.76,10.6596,9.6444,6.3513,5.0193,4.5252,13066015,1255,2026-08-14,48.11,24769017.0
NASDAQ:EXOZ,EXOZ,eXoZymes Inc.,Healthcare,Biotechnology,United States,NASDAQ,54017509.0,5.82,51.26,46.3,4,37.4,1413,False,-64.73,32.27,-41.13,-43.78,,,,9.8856,10.3519,,,,35526,437,2026-08-14,53.92,9281359.0
NASDAQ:TCBI,TCBI,"Texas Capital Bancshares, Inc.",Financial Services,Banks - Regional,United States,NASDAQ,4391780756.0,101.02,51.26,50.48,4,37.4,1414,True,-6.24,31.32,4.01,6.8,18.21,31.41,40.15,97.1215,94.5918,85.4548,76.8723,72.0803,44953910,1255,2026-08-14,50.42,43474369.0
NYSE:HUBS,HUBS,"HubSpot, Inc.",Technology,Software - Application,United States,NYSE,11473885291.0,224.14,51.28,51.6,4,37.5,1415,False,-57.14,31.63,-18.75,-29.19,-51.55,-54.42,-51.72,275.8669,316.5367,462.6132,491.7585,464.2636,514484937,1254,2026-08-14,56.69,51190708.0
NASDAQ:SMBC,SMBC,"Southern Missouri Bancorp, Inc.",Financial Services,Banks - Regional,United States,NASDAQ,845212727.0,76.76,51.28,54.25,4,37.5,1416,False,-2.9,62.95,17.78,22.37,30.49,44.08,51.74,65.1703,62.729,58.8223,53.2771,50.5856,7087600,1255,2026-08-14,52.48,11011109.0
NASDAQ:TTMI,TTMI,"TTM Technologies, Inc.",Technology,Electronic Components,United States,NASDAQ,14539008260.0,140.0,51.28,48.64,4,37.5,1417,False,-36.79,249.48,20.46,36.08,116.58,189.83,251.79,116.2209,102.8788,64.6427,48.3044,39.7962,397322739,1255,2026-08-14,50.56,103850059.0
NYSE:BN,BN,Brookfield Corporation Class A Limited Voting Shares,Financial Services,Asset Management,Canada,NYSE,97939437179.0,43.85,51.29,50.8,4,37.6,1418,False,-10.52,14.79,-1.48,-1.6,7.17,22.63,35.48,44.5082,44.5624,40.9154,35.7584,32.3673,202478303,1255,2026-08-14,62.19,2233510540.0
NYSE:WLY,WLY,"John Wiley & Sons, Inc.",Communication Services,Publishing,United States,NYSE,2158433805.0,51.39,51.3,53.69,4,37.6,1419,False,-7.77,81.4,33.86,34.09,28.13,36.05,37.91,38.3896,38.3257,40.1084,37.7732,37.2625,22351672,1255,2026-08-14,52.78,42001047.0
NASDAQ:CSX,CSX,CSX Corporation,Industrials,Railroads,United States,NASDAQ,92920141837.0,50.16,51.31,54.06,4,37.6,1420,False,-5.77,58.08,19.81,24.57,38.88,43.77,49.35,41.8649,40.2657,36.1184,34.8887,33.586,676058110,1255,2026-08-14,51.15,1852474917.0
NASDAQ:DRS,DRS,"Leonardo DRS, Inc.",Industrials,Aerospace & Defense,United States,NASDAQ,12151570678.0,45.53,51.31,51.14,4,37.6,1421,True,-8.19,40.72,9.78,9.62,19.1,40.65,65.59,41.4745,41.534,38.2284,32.3722,27.4949,37827138,1255,2026-08-14,46.91,266891515.0
NYSE:COHR,COHR,Coherent Corp.,Technology,Scientific & Technical Instruments,United States,NYSE,63745159961.0,325.83,51.32,50.36,4,37.7,1422,False,-23.67,276.46,22.7,40.13,104.51,164.84,218.58,265.5547,232.5131,159.3235,123.0295,102.2768,2135749736,1255,2026-08-14,51.58,195639321.0
NASDAQ:UFPI,UFPI,"UFP Industries, Inc.",Basic Materials,Lumber & Wood Production,United States,NASDAQ,5075878270.0,89.87,51.32,52.15,4,37.7,1423,False,-21.65,14.02,-2.36,-3.08,-11.91,-13.86,-8.48,92.0442,92.7241,102.022,104.3322,98.1935,42854217,1255,2026-08-14,54.84,56480230.0
NASDAQ:KLIC,KLIC,"Kulicke and Soffa Industries, Inc.",Technology,Semiconductor Equipment & Materials,Singapore,NASDAQ,5185664782.0,99.09,51.34,49.56,4,37.7,1424,False,-25.95,183.43,31.45,46.05,85.79,94.09,98.63,75.3849,67.8485,53.3339,51.0525,49.8869,93486278,1255,2026-08-14,47.86,52332877.0
NYSE:COLD,COLD,"Americold Realty Trust, Inc.",Real Estate,REIT - Industrial,United States,NYSE,4245354054.0,14.88,51.38,51.29,4,37.8,1425,False,-8.43,54.89,16.13,16.16,-8.78,-21.47,-27.22,12.8132,12.8096,16.3115,18.9477,20.4439,56934851,1254,2026-08-14,54.84,285306052.0
NYSE:FIRY,FIRY,Firy Inc.,Communication Services,Electronic Gaming & Multimedia,United States,NYSE,115686193.0,9.5,51.38,52.95,4,37.8,1426,False,-23.69,316.67,59.19,49.68,56.44,54.48,9.89,5.9677,6.347,6.0727,6.1496,8.6451,12621328,1254,2026-08-14,59.23,12177494.0
NYSE:SMR,SMR,NuScale Power Corporation,Industrials,Specialty Industrial Machinery,United States,NYSE,3249933321.0,9.39,51.38,49.69,4,37.8,1427,False,-82.43,23.72,-36.55,-52.28,-55.8,-41.54,-35.55,14.7988,19.6789,21.2428,16.0624,14.5705,283633357,1119,2026-08-14,55.79,346105785.0
NASDAQ:VALU,VALU,"Value Line, Inc.",Financial Services,Financial Data & Stock Exchanges,United States,NASDAQ,352678532.0,37.57,51.38,51.56,4,37.8,1428,True,-7.52,18.49,4.76,4.05,-2.29,-3.37,-9.13,35.8624,36.1069,38.4506,38.8815,41.3443,136772,1255,2026-08-14,47.78,9387238.0
NASDAQ:RANI,RANI,"Rani Therapeutics Holdings, Inc.",Healthcare,Biotechnology,United States,NASDAQ,89461765.0,0.796,51.39,49.99,4,37.8,1429,False,-72.07,73.8,-32.02,-25.88,-38.67,-61.32,-74.68,1.171,1.074,1.2979,2.0578,3.1443,809755,1254,2026-08-14,51.7,112389152.0
NASDAQ:VRSN,VRSN,"VeriSign, Inc.",Technology,Software - Infrastructure,United States,NASDAQ,25695296000.0,284.24,51.4,52.43,4,37.9,1430,False,-8.31,34.76,10.3,9.19,17.12,26.09,29.63,257.6961,260.3112,242.6983,225.4276,219.2747,254916439,1255,2026-08-14,54.08,90400000.0
NYSE:RWT,RWT,"Redwood Trust, Inc.",Real Estate,REIT - Mortgage,United States,NYSE,604169670.0,4.81,51.42,49.17,4,37.9,1431,False,-22.76,7.37,-6.74,-7.05,-8.81,-7.63,-5.3,5.1577,5.1746,5.2744,5.2074,5.079,9480526,1255,2026-08-14,49.65,125607000.0
NYSE:WOLF,WOLF,"Wolfspeed, Inc. Common Stock New",Technology,Semiconductors,United States,NYSE,1652193091.0,31.79,51.42,48.38,4,37.9,1432,True,-56.75,114.8,11.94,,,,,28.3997,,,,,116446508,221,2026-08-14,50.95,51972101.0
NASDAQ:HYFT,HYFT,MindWalk Holdings Corp.,Healthcare,Biotechnology,United States,NASDAQ,66252087.0,1.41,51.43,49.97,4,38.0,1433,False,-55.94,38.24,-8.83,-13.9,21.75,11.37,-28.39,1.5466,1.6377,1.1581,1.266,1.969,329300,1254,2026-08-14,50.19,46987296.0
NASDAQ:FLEX,FLEX,Flex Ltd.,Technology,Electronic Components,United States,NASDAQ,46223706133.0,126.16,51.45,49.94,4,38.0,1434,True,-22.16,157.47,38.4,50.01,105.03,155.4,206.08,91.1543,84.1018,61.533,49.3964,41.2174,548912098,1255,2026-08-14,49.67,366389554.0
NASDAQ:LONA,LONA,"LeonaBio, Inc.",Healthcare,Biotechnology,United States,NASDAQ,74819339.0,7.965,51.46,49.09,4,38.0,1435,False,-31.81,121.25,10.31,21.77,25.81,-36.31,-53.64,7.2206,6.5411,6.3311,12.5051,17.1813,109583,1254,2026-08-14,50.05,9393514.0
NYSE:HAWK,HAWK,"HawkEye 360, Inc.",Industrials,Aerospace & Defense,United States,NYSE,2231528094.0,22.78,51.47,49.24,4,38.1,1436,False,-34.28,30.62,,,,,,,,,,,21496469,68,2026-08-14,58.83,97959969.0
NASDAQ:IVVD,IVVD,"Invivyd, Inc.",Healthcare,Biotechnology,United States,NASDAQ,212411973.0,0.721,51.47,47.06,4,38.1,1437,True,-74.97,38.65,-54.08,-52.07,-37.92,-54.31,-58.58,1.5701,1.5043,1.1615,1.578,1.7405,1948798,1254,2026-08-14,48.33,294607452.0
NASDAQ:MGPI,MGPI,"MGP Ingredients, Inc.",Consumer Defensive,Beverages - Wineries & Distilleries,United States,NASDAQ,379457427.0,17.72,51.47,51.23,4,38.1,1438,False,-39.79,13.18,-13.31,-17.88,-45.26,-64.74,-71.78,20.4416,21.579,32.3723,50.2572,62.8021,3345740,1255,2026-08-14,54.61,21414076.0
NYSE:VTN,VTN,Invesco Trust for Investment Grade New York Municipals,Financial Services,Asset Management,United States,NYSE,164589542.0,11.23,51.49,51.58,4,38.1,1439,False,-3.51,19.02,2.02,3.88,10.07,15.94,20.55,11.008,10.8109,10.2028,9.6857,9.316,265047,1255,2026-08-14,52.82,14656237.0
NYSE:ADNT,ADNT,Adient plc,Consumer Cyclical,Auto Parts,Ireland,NYSE,1598064827.0,20.38,51.5,50.31,4,38.1,1440,False,-24.77,14.49,-3.39,-6.18,1.85,-15.41,-25.82,21.0947,21.7236,20.0106,24.0941,27.4722,20709165,1254,2026-08-14,49.28,78413387.0
NASDAQ:CELH,CELH,"Celsius Holdings, Inc.",Consumer Defensive,Beverages - Non-Alcoholic,United States,NASDAQ,7436578072.0,29.09,51.52,49.86,4,38.2,1441,False,-55.15,22.38,-25.71,-32.79,-24.92,-38.03,-34.2,39.1552,43.2833,38.7451,46.9446,44.209,348425142,1255,2026-08-14,50.51,255640360.0
NYSE:NP,NP,Neptune Insurance Holdings Inc.,Financial Services,Insurance Brokers,United States,NYSE,2974337434.0,31.71,51.52,52.65,4,38.2,1442,False,-9.68,85.01,20.07,,,,,26.4102,,,,,23964783,218,2026-08-14,53.23,93798090.0
NYSE:KTF,KTF,DWS Municipal Income Trust,Financial Services,Asset Management,United States,NYSE,352163814.0,8.99,51.53,50.25,4,38.2,1443,True,-2.47,13.47,1.73,2.76,5.32,10.59,14.94,8.8374,8.7481,8.5355,8.129,7.8217,2245185,1255,2026-08-14,50.31,39172838.0
AMEX:EPM,EPM,"Evolution Petroleum Corporation, Inc.",Energy,Oil & Gas E&P,United States,AMEX,134688502.0,3.76,51.54,48.72,4,38.2,1444,False,-23.85,23.4,-5.1,-7.65,-10.71,-14.81,-19.07,3.9621,4.0714,4.2112,4.4134,4.6459,1112511,1255,2026-08-14,50.94,35821410.0
NYSE:ALV,ALV,"Autoliv, Inc.",Consumer Cyclical,Auto Parts,Sweden,NYSE,8942996568.0,122.11,51.55,51.46,4,38.3,1445,False,-7.27,22.62,3.54,3.08,14.11,16.3,24.37,117.9334,118.4662,107.0074,104.9973,98.18,73546613,1255,2026-08-14,49.96,73237217.0
NYSE:PAAS,PAAS,Pan American Silver Corp.,Basic Materials,Gold,Canada,NYSE,19980417000.0,47.42,51.55,50.59,4,38.3,1446,True,-30.57,55.68,-6.99,-0.98,32.1,61.67,83.35,50.9826,47.889,35.8983,29.3307,25.8626,191715451,1255,2026-08-14,51.21,421350000.0
NYSE:STC,STC,Stewart Information Services Corporation,Financial Services,Insurance - Property & Casualty,United States,NYSE,2076690000.0,68.2,51.56,51.23,4,38.3,1447,False,-9.53,19.8,1.12,0.22,2.43,10.14,21.19,67.445,68.0472,66.5842,61.9225,56.2765,16718745,1255,2026-08-14,49.98,30450000.0
NYSE:ABBV,ABBV,AbbVie Inc.,Healthcare,Drug Manufacturers - General,United States,NYSE,440825077916.0,249.46,51.57,53.98,4,38.3,1448,False,-5.26,27.66,12.09,13.04,24.48,36.36,46.82,222.5483,220.6913,200.4021,182.9437,169.9074,1365244226,1254,2026-08-14,53.41,1767117285.0
NASDAQ:RENT,RENT,"Rent the Runway, Inc.",Consumer Cyclical,Apparel Retail,United States,NASDAQ,118560094.0,3.53,51.59,50.14,4,38.4,1449,False,-62.41,17.28,-30.25,-30.5,-43.97,-61.62,-83.1,5.0611,5.0788,6.3002,9.197,20.883,160391,1203,2026-08-14,55.98,33586429.0
NYSE:SPIR,SPIR,"Spire Global, Inc.",Industrials,Specialty Business Services,United States,NYSE,540026109.0,13.95,51.6,48.75,4,38.4,1450,True,-45.25,98.72,6.32,10.43,16.49,29.37,38.48,13.1209,12.632,11.9756,10.7831,10.0737,8622300,1254,2026-08-14,51.55,38711549.0
NASDAQ:MELI,MELI,"MercadoLibre, Inc.",Consumer Cyclical,Internet Retail,Uruguay,NASDAQ,93515007974.0,1844.58,51.61,52.89,4,38.4,1451,True,-26.54,19.25,-1.86,-6.32,-9.76,-1.49,10.17,1879.5674,1969.1147,2044.0831,1872.4229,1674.2589,816726960,1255,2026-08-14,49.77,50697182.0
NASDAQ:ROMA,ROMA,Roma Green Finance Limited,Industrials,Consulting Services,Hong Kong,NASDAQ,488930288.0,9.14,51.61,52.93,4,38.4,1452,False,-11.61,603.08,80.87,99.51,207.06,,,5.0534,4.5811,2.9766,,,103628,651,2026-08-14,54.46,53493467.0
NYSE:ARW,ARW,"Arrow Electronics, Inc.",Technology,Electronics & Computer Distribution,United States,NYSE,10942153105.0,213.99,51.62,51.66,4,38.5,1453,True,-8.87,110.06,31.96,38.89,56.42,62.02,67.05,162.1676,154.069,136.8016,132.0732,128.1004,125194495,1255,2026-08-14,47.57,51133946.0
NYSE:WEC,WEC,"WEC Energy Group, Inc.",Utilities,Utilities - Regulated Electric,United States,NYSE,36012873809.0,110.52,51.62,49.36,4,38.5,1454,False,-6.2,9.57,0.38,0.83,7.53,18.28,21.88,110.1022,109.6069,102.7844,93.4387,90.6821,263924917,1255,2026-08-14,47.44,325849383.0
NASDAQ:DNLI,DNLI,Denali Therapeutics Inc.,Healthcare,Biotechnology,United States,NASDAQ,3872517583.0,24.4,51.63,52.82,4,38.5,1455,False,-10.33,91.37,20.5,27.31,24.71,23.38,10.65,20.2495,19.1653,19.5648,19.777,22.0507,34089054,1255,2026-08-14,55.0,158709737.0
NASDAQ:LWLG,LWLG,"Lightwave Logic, Inc.",Basic Materials,Specialty Chemicals,United States,NASDAQ,1166382814.0,7.57,51.63,49.12,4,38.5,1456,True,-58.45,269.27,6.14,17.32,79.64,77.54,55.3,7.1323,6.4524,4.2139,4.2639,4.8744,22516844,1255,2026-08-14,49.43,154079632.0
NASDAQ:AOUT,AOUT,"American Outdoor Brands, Inc.",Consumer Cyclical,Leisure,United States,NASDAQ,160216207.0,12.81,51.64,53.77,4,38.6,1457,False,-11.59,101.42,35.76,37.64,22.4,29.65,32.25,9.4356,9.3072,10.4655,9.8807,9.6863,786076,1254,2026-08-14,52.96,12507120.0
NASDAQ:RILY,RILY,"BRC Group Holdings, Inc.",Financial Services,Financial Conglomerates,United States,NASDAQ,299450485.0,7.45,51.64,49.17,4,38.6,1458,False,-30.24,100.27,4.74,8.46,30.12,-40.38,-59.49,7.1129,6.8691,5.7255,12.4954,18.3925,4238294,1255,2026-08-14,53.59,40194696.0
NYSE:HLIO,HLIO,"Helios Technologies, Inc.",Industrials,Specialty Industrial Machinery,United States,NYSE,2692947713.0,81.49,51.65,51.28,4,38.7,1459,False,-12.13,73.79,17.73,23.74,54.08,60.84,55.31,69.2164,65.8557,52.8873,50.6663,52.4705,25545574,1255,2026-08-14,50.45,33046358.0
NYSE:MLI,MLI,"Mueller Industries, Inc.",Industrials,Metal Fabrication,United States,NYSE,14575853469.0,65.9,51.65,52.6,4,38.7,1460,False,-6.16,46.93,8.27,12.93,35.89,63.8,91.64,60.8649,58.3537,48.4949,40.2312,34.388,82180592,1255,2026-08-14,54.87,221181388.0
NYSE:RPC,RPC,"Ridgepost Capital, Inc.",Financial Services,Asset Management,United States,NYSE,683187382.0,8.67,51.66,52.62,4,38.7,1461,False,-31.24,26.07,-1.15,-6.98,-16.16,-12.43,-13.45,8.7708,9.3203,10.3407,9.9001,10.0173,5035532,1207,2026-08-14,57.35,78799006.0
NYSE:TG,TG,Tredegar Corporation,Industrials,Metal Fabrication,United States,NYSE,276743337.0,7.93,51.66,50.97,4,38.7,1462,False,-23.38,26.07,-2.29,-1.34,0.88,13.51,5.05,8.1157,8.038,7.8611,6.9861,7.549,1380486,1255,2026-08-14,52.64,34898277.0
NASDAQ:LYEL,LYEL,"Lyell Immunopharma, Inc.",Healthcare,Biotechnology,United States,NASDAQ,341835794.0,13.95,51.69,49.31,4,38.7,1463,True,-63.86,31.85,-31.87,-27.09,-19.15,-44.29,-64.05,20.4745,19.1328,17.2544,25.0424,38.8026,2231317,1254,2026-08-14,49.96,24504358.0
NYSE:GMRS,GMRS,GMR Solutions Inc.,Healthcare,Medical Care Facilities,United States,NYSE,718895873.0,13.31,51.71,49.76,4,38.8,1464,False,-15.44,25.8,,,,,,,,,,,8295683,64,2026-08-14,59.07,54011711.0
NYSE:LHX,LHX,"L3Harris Technologies, Inc.",Industrials,Aerospace & Defense,United States,NYSE,54341149241.0,291.82,51.71,49.57,4,38.8,1465,True,-22.31,9.61,-7.18,-5.13,9.27,20.14,26.36,314.3992,307.5927,267.0747,242.8971,230.9384,465509528,1255,2026-08-14,48.95,186214616.0
NYSE:REX,REX,REX American Resources Corporation,Basic Materials,Chemicals,United States,NYSE,1468692846.0,44.59,51.71,49.91,4,38.8,1466,True,-12.84,62.2,11.48,17.05,48.46,62.15,81.69,39.9982,38.0942,30.0359,27.5,24.5412,7253623,1255,2026-08-14,46.14,32937718.0
NASDAQ:PLXS,PLXS,Plexus Corp.,Technology,Electronic Components,United States,NASDAQ,7154934540.0,267.41,51.72,51.05,4,38.9,1467,True,-11.98,107.75,25.05,34.53,58.99,83.41,100.14,213.8392,198.7697,168.1932,145.7956,133.6099,82193377,1255,2026-08-14,49.39,26756421.0
NYSE:LUMN,LUMN,"Lumen Technologies, Inc.",Communication Services,Telecom Services,United States,NYSE,6923690390.0,6.72,51.73,48.03,4,38.9,1468,False,-43.2,55.92,-16.2,-11.48,4.65,40.33,40.81,8.0186,7.5913,6.4214,4.7886,4.7724,90203590,1255,2026-08-14,46.18,1030311070.0
NYSE:BIT,BIT,BlackRock Multi-Sector Income Trust Common Shares of Beneficial Interest,Financial Services,Asset Management,United States,NYSE,694453169.0,12.17,51.75,50.78,4,38.9,1469,False,-7.51,4.58,0.17,0.12,-0.49,1.7,5.43,12.1497,12.1551,12.2297,11.9667,11.5433,3634279,1254,2026-08-14,50.21,57062709.0
NYSE:HTB,HTB,"HomeTrust Bancshares, Inc.",Financial Services,Banks - Regional,United States,NYSE,839931393.0,49.98,51.75,54.06,4,38.9,1470,False,-3.32,31.55,12.24,14.57,27.42,45.04,58.75,44.5291,43.6241,39.2241,34.4603,31.4826,6587447,1254,2026-08-14,53.0,16805350.0
NASDAQ:UAL,UAL,"United Airlines Holdings, Inc.",Industrials,Airlines,United States,NASDAQ,40681569708.0,125.34,51.75,53.12,4,38.9,1471,False,-7.91,47.1,17.17,18.4,35.23,63.38,82.23,106.9714,105.8582,92.6842,76.7187,68.7798,434321337,1255,2026-08-14,53.27,324569728.0
NASDAQ:HAPN,HAPN,"Happen, Inc.",Financial Services,Banks - Regional,United States,NASDAQ,2258524070.0,19.57,51.76,52.67,4,39.0,1472,False,-9.31,46.92,11.03,12.78,30.18,54.89,64.2,17.6262,17.352,15.0335,12.635,11.9187,30978147,1254,2026-08-14,52.54,115407464.0
NYSE:LEN,LEN,Lennar Corporation,Consumer Cyclical,Residential Construction,United States,NYSE,18278236240.0,86.83,51.78,50.67,4,39.0,1473,False,-37.8,6.13,-13.23,-17.8,-26.96,-29.79,-24.73,100.0634,105.6389,118.8828,123.6649,115.3627,195767099,1255,2026-08-14,53.26,210506003.0
NASDAQ:MB,MB,MasterBeef Group,Consumer Cyclical,Restaurants,Hong Kong,NASDAQ,90921500.0,5.3,51.78,51.22,4,39.0,1474,False,-58.23,49.3,-13.63,-21.36,,,,6.1363,6.7396,,,,14611754,338,2026-08-14,56.95,17155000.0
NASDAQ:GH,GH,"Guardant Health, Inc.",Healthcare,Diagnostics & Research,United States,NASDAQ,21096979886.0,157.21,51.79,54.36,4,39.1,1475,False,-7.94,186.93,40.92,55.15,125.98,185.66,210.24,111.559,101.3288,69.5674,55.0334,50.6742,323402378,1254,2026-08-14,54.0,134196170.0
NASDAQ:NVX,NVX,NOVONIX Limited - American Depository Shares,Industrials,Electrical Equipment & Parts,Australia,NASDAQ,109737430.0,0.44,51.79,46.46,4,39.1,1476,True,-85.03,19.24,-47.01,-55.31,-64.46,-70.87,-80.44,0.8303,0.9846,1.238,1.5103,2.2501,70535,1137,2026-08-14,47.76,249403249.0
NYSE:GTES,GTES,Gates Industrial Corporation Ltd.,Industrials,Specialty Industrial Machinery,United States,NYSE,7027476479.0,27.76,51.8,52.45,4,39.1,1477,True,-6.97,31.94,12.51,11.91,22.89,40.06,54.65,24.6729,24.8063,22.5902,19.8197,17.9507,58222900,1254,2026-08-14,51.24,253151170.0
NYSE:PIPR,PIPR,Piper Sandler Companies,Financial Services,Capital Markets,United States,NYSE,5163750000.0,76.5,51.8,50.49,4,39.1,1478,False,-17.31,9.61,-4.76,-5.4,2.39,18.99,36.77,80.3274,80.8683,74.7141,64.2928,55.9326,41122992,1255,2026-08-14,58.88,67500000.0
NASDAQ:BL,BL,"BlackLine, Inc.",Technology,Software - Application,United States,NASDAQ,1790917796.0,30.53,51.82,51.58,4,39.2,1479,False,-48.1,21.01,-23.81,-28.44,-37.24,-40.18,-43.29,40.0691,42.6609,48.6471,51.0333,53.8331,34861011,1254,2026-08-14,55.09,58660917.0
NASDAQ:CTAS,CTAS,Cintas Corporation,Industrials,Specialty Business Services,United States,NASDAQ,79841830811.0,199.52,51.82,55.09,4,39.2,1480,False,-8.77,22.64,8.12,6.28,1.45,10.35,22.62,184.5426,187.7224,196.6757,180.8066,162.7079,453807621,1255,2026-08-14,52.86,400169561.0
NYSE:MPV,MPV,Barings Participation Investors,Financial Services,Asset Management,United States,NYSE,175388266.0,16.28,51.82,49.62,4,39.2,1481,True,-16.01,5.99,-7.26,-8.34,-1.64,7.75,19.11,17.5546,17.7606,16.5523,15.1097,13.6679,425132,1255,2026-08-14,48.22,10773235.0
NYSE:HOV,HOV,"Hovnanian Enterprises, Inc.",Consumer Cyclical,Residential Construction,United States,NYSE,679859508.0,134.05,51.83,52.76,4,39.3,1482,False,-14.16,42.44,13.86,9.99,2.0,0.96,16.14,117.7368,121.8698,131.4213,132.7756,115.4249,19653136,1255,2026-08-14,54.45,5071686.0
NASDAQ:RCKT,RCKT,"Rocket Pharmaceuticals, Inc.",Healthcare,Biotechnology,United States,NASDAQ,378901615.0,3.47,51.83,51.36,4,39.3,1483,True,-34.53,33.46,-2.44,-1.55,-50.33,-72.03,-75.19,3.5567,3.5245,6.9863,12.4083,13.9843,5044107,1255,2026-08-14,46.38,109193549.0
NASDAQ:RGNX,RGNX,REGENXBIO Inc.,Healthcare,Biotechnology,United States,NASDAQ,689177937.0,10.765,51.83,52.23,4,39.3,1484,True,-32.63,90.53,2.63,3.6,11.48,-10.1,-25.97,10.4892,10.3913,9.6565,11.9743,14.5419,15945611,1254,2026-08-14,50.91,64020245.0
NASDAQ:STKS,STKS,"The ONE Group Hospitality, Inc.",Consumer Cyclical,Restaurants,United States,NASDAQ,57762671.0,1.83,51.83,50.05,4,39.3,1485,False,-41.35,9.58,-5.3,-11.95,-33.06,-47.84,-59.09,1.9325,2.0784,2.7336,3.5088,4.4729,32099,1254,2026-08-14,49.09,31564301.0
NYSE:WGO,WGO,"Winnebago Industries, Inc.",Consumer Cyclical,Recreational Vehicles,United States,NYSE,891883574.0,31.55,51.83,52.31,4,39.3,1486,False,-35.25,15.69,-9.72,-8.72,-17.29,-29.63,-33.12,34.9475,34.5636,38.1451,44.8375,47.1752,14749972,1255,2026-08-14,58.95,28268893.0
NYSE:ALX,ALX,"Alexander's, Inc.",Real Estate,REIT - Retail,United States,NYSE,1377691478.0,269.75,51.84,52.94,4,39.4,1487,False,-4.16,38.82,15.09,16.88,27.28,36.56,44.14,234.3789,230.7905,211.9299,197.5357,187.1476,9053535,1255,2026-08-14,57.36,5107290.0
NASDAQ:MCRI,MCRI,"Monarch Casino & Resort, Inc.",Consumer Cyclical,Resorts & Casinos,United States,NASDAQ,2223826406.0,124.08,51.86,51.73,4,39.4,1488,True,-7.31,40.56,16.93,18.34,33.09,47.95,56.38,106.1141,104.8519,93.2333,83.8648,79.3451,15815812,1255,2026-08-14,48.71,17922521.0
NYSE:AA,AA,Alcoa Corporation,Basic Materials,Aluminum,United States,NYSE,13190194061.0,49.98,51.88,48.1,4,39.4,1489,True,-40.24,71.75,-11.49,-3.28,17.62,29.43,27.62,56.4657,51.6767,42.4918,38.6142,39.1618,252852250,1255,2026-08-14,50.89,263909445.0
NASDAQ:PYXS,PYXS,"Pyxis Oncology, Inc.",Healthcare,Biotechnology,United States,NASDAQ,190700001.0,3.01,51.88,53.52,4,39.4,1490,False,-43.63,183.96,29.24,30.08,40.6,20.84,23.18,2.3291,2.3139,2.1409,2.491,2.4436,4939570,1217,2026-08-14,51.88,63355482.0
NASDAQ:AFRI,AFRI,Forafric Global PLC,Consumer Defensive,Farm Products,Gibraltar,NASDAQ,286355715.0,10.62,51.89,53.09,4,39.5,1491,True,-5.85,36.68,5.49,8.84,11.12,6.42,3.61,10.0677,9.7577,9.5576,9.9797,10.25,162259,1254,2026-08-14,51.16,26963815.0
NYSE:CRC,CRC,California Resources Corporation,Energy,Oil & Gas E&P,United States,NYSE,4733656172.0,53.31,51.89,48.99,4,39.5,1492,True,-23.48,24.04,-2.51,-0.74,6.96,7.79,13.73,54.6848,53.7059,49.8427,49.4573,46.8751,41507529,1254,2026-08-14,49.54,88794901.0
NASDAQ:FTNT,FTNT,"Fortinet, Inc.",Technology,Software - Infrastructure,United States,NASDAQ,117401521617.0,160.01,51.89,54.53,4,39.5,1493,False,-4.92,112.69,53.17,60.3,64.96,88.3,103.64,104.4663,99.8196,97.0022,84.9748,78.5755,864895781,1255,2026-08-14,58.97,733713653.0
NYSE:GLW,GLW,Corning Incorporated,Technology,Electronic Components,United States,NYSE,142691282572.0,165.99,51.89,49.87,4,39.5,1494,True,-35.08,160.08,19.69,31.84,91.68,143.39,182.08,138.6813,125.9012,86.5981,68.2001,58.8449,1968073098,1255,2026-08-14,48.25,859637825.0
NYSE:CHT,CHT,"Chunghwa Telecom Co., Ltd.",Communication Services,Telecom Services,Taiwan,NYSE,33031207410.0,42.58,51.9,51.06,4,39.6,1495,True,-4.34,8.64,2.88,2.41,7.7,13.19,17.01,41.3883,41.58,39.5354,37.6184,36.3887,7083885,1255,2026-08-14,46.9,775744655.0
NASDAQ:UNCY,UNCY,"Unicycive Therapeutics, Inc.",Healthcare,Biotechnology,United States,NASDAQ,150935579.0,5.51,51.91,48.2,4,39.6,1496,False,-35.63,47.33,-13.66,-7.7,-3.55,-17.5,-27.31,6.382,5.9698,5.7128,6.6785,7.5797,4130576,1255,2026-08-14,49.81,27393027.0
NASDAQ:TWFG,TWFG,"TWFG, Inc.",Financial Services,Insurance Brokers,United States,NASDAQ,347932688.0,26.77,51.92,55.21,4,39.6,1497,False,-8.98,57.1,15.02,11.66,-2.32,,,23.2733,23.9752,27.4065,,,4233005,520,2026-08-14,52.88,12997112.0
NASDAQ:TATT,TATT,TAT Technologies Ltd.,Industrials,Aerospace & Defense,United States,NASDAQ,541266982.0,41.69,51.93,50.47,4,39.7,1498,False,-31.78,29.96,-5.31,-3.23,21.89,57.0,94.11,44.027,43.0821,34.2016,26.5535,21.4776,8195746,1255,2026-08-14,47.81,12983137.0
NYSE:LBRT,LBRT,Liberty Energy Inc.,Energy,Oil & Gas Equipment & Services,United States,NYSE,3591843066.0,22.01,51.97,47.39,4,39.7,1499,True,-34.94,122.06,-9.96,0.71,17.01,16.31,24.8,24.4441,21.8551,18.81,18.9237,17.6357,117629638,1254,2026-08-14,47.64,163191416.0
NASDAQ:PANL,PANL,Pangaea Logistics Solutions Ltd.,Industrials,Marine Shipping,United States,NASDAQ,486687027.0,7.44,51.97,51.35,4,39.7,1500,False,-19.9,66.32,1.65,8.57,24.33,21.42,28.41,7.3192,6.8528,5.9841,6.1273,5.794,2615589,1254,2026-08-14,55.87,65414923.0
NASDAQ:CHKP,CHKP,Check Point Software Technologies Ltd.,Technology,Software - Infrastructure,Israel,NASDAQ,13448695510.0,131.72,51.99,51.01,4,39.8,1501,False,-36.34,17.12,-15.44,-19.65,-28.49,-24.11,-18.43,155.7681,163.9238,184.2013,173.5719,161.4739,167317551,1255,2026-08-14,55.62,102100634.0
NYSE:BALY,BALY,Bally's Corporation,Consumer Cyclical,Resorts & Casinos,United States,NYSE,684793642.0,13.99,52.0,51.58,4,39.8,1502,True,-28.11,51.41,-2.87,1.44,,,,14.4036,13.791,,,,609888,421,2026-08-14,47.72,48948795.0
NASDAQ:CPSS,CPSS,"Consumer Portfolio Services, Inc.",Financial Services,Credit Services,United States,NASDAQ,206353353.0,9.51,52.0,51.48,4,39.8,1503,False,-7.67,30.63,7.25,9.49,3.51,4.46,1.95,8.8668,8.6854,9.1875,9.1043,9.3282,173646,1255,2026-08-14,54.8,21698565.0
NYSE:DG,DG,Dollar General Corporation,Consumer Defensive,Discount Stores,United States,NYSE,27193921842.0,123.28,52.0,52.96,4,39.8,1504,False,-20.32,30.32,-0.0,3.37,19.58,11.34,-8.28,123.2842,119.2562,103.0926,110.7277,134.4083,239064054,1255,2026-08-14,49.75,220586647.0
NASDAQ:NCTY,NCTY,The9 Limited - American Depository Shares,Financial Services,Capital Markets,China,NASDAQ,69951105.0,4.58,52.0,50.4,4,39.8,1505,False,-59.93,42.68,-21.94,-30.94,-47.9,-43.58,-45.71,5.8673,6.6323,8.7911,8.1179,8.4368,1126714,1255,2026-08-14,46.59,15273167.0
NYSE:OFRM,OFRM,"Once Upon a Farm, PBC",Consumer Defensive,Packaged Foods,United States,NYSE,732028482.0,17.47,52.01,50.83,4,39.9,1506,True,-32.6,20.65,,,,,,,,,,,8106202,130,2026-08-14,50.62,41902031.0
NYSE:RHLD,RHLD,Resolute Holdings Management,Industrials,Specialty Business Services,United States,NYSE,1102038209.0,133.46,52.01,51.19,4,39.9,1507,False,-41.04,136.76,-14.98,-4.05,,,,156.9806,139.0986,,,,18765632,370,2026-08-14,49.78,8257442.0
NYSE:BG,BG,Bunge Limited,Consumer Defensive,Farm Products,United States,NYSE,21842023094.0,113.69,52.02,49.55,4,40.0,1508,False,-13.48,50.21,1.56,7.29,22.77,21.11,23.22,111.9394,105.9604,92.6046,93.8718,92.2662,153356667,1255,2026-08-14,50.06,192119123.0
NASDAQ:IMA,IMA,"ImageneBio, Inc.",Healthcare,Biotechnology,United States,NASDAQ,66424919.0,5.84,52.02,51.27,4,40.0,1509,False,-60.51,28.35,-7.08,-16.83,-52.7,-66.16,-77.65,6.2847,7.0215,12.3461,17.2572,26.1263,63694,1254,2026-08-14,52.85,11374130.0
NYSE:WST,WST,"West Pharmaceutical Services, Inc.",Healthcare,Medical Instruments & Supplies,United States,NYSE,24590698758.0,349.42,52.02,53.66,4,40.0,1510,True,-4.4,51.51,21.29,23.9,27.17,15.81,15.87,288.09,282.0242,274.7762,301.7186,301.5543,272303807,1255,2026-08-14,48.9,70375762.0
NYSE:MTN,MTN,"Vail Resorts, Inc.",Consumer Cyclical,Resorts & Casinos,United States,NYSE,5284451906.0,148.3,52.03,53.48,4,40.0,1511,True,-7.32,26.55,10.04,8.51,2.92,-5.97,-11.85,134.7748,136.666,144.0989,157.7107,168.2417,89561217,1255,2026-08-14,47.74,35633526.0
NYSE:ARLO,ARLO,"Arlo Technologies, Inc.",Industrials,Building Products & Equipment,United States,NYSE,1556378678.0,14.33,52.04,53.1,5,40.1,1512,False,-26.29,27.6,3.31,-2.0,5.81,12.86,29.46,13.8705,14.6227,13.5435,12.6966,11.069,19262118,1254,2026-08-14,52.26,108609817.0
NASDAQ:ERAS,ERAS,"Erasca, Inc.",Healthcare,Biotechnology,United States,NASDAQ,6380201594.0,18.38,52.04,53.63,5,40.1,1513,True,-18.2,1185.31,58.17,91.11,216.06,297.75,291.91,11.6205,9.6174,5.8153,4.621,4.6898,63800217,1254,2026-08-14,48.32,347127399.0
NYSE:OPTU,OPTU,"Optimum Communications, Inc.",Communication Services,Telecom Services,United States,NYSE,260044434.0,0.92,52.04,48.54,5,40.1,1514,False,-66.05,52.07,-35.82,-43.73,-54.86,-57.94,-67.42,1.4335,1.6349,2.0379,2.1872,2.8242,2488010,1255,2026-08-14,44.96,282656994.0
NASDAQ:APLD,APLD,Applied Digital Corporation,Technology,Information Technology Services,United States,NASDAQ,8981968414.0,31.2,52.05,48.92,5,40.1,1515,True,-37.16,124.62,-3.8,2.38,62.41,115.64,164.45,32.4329,30.4734,19.2102,14.4684,11.7979,572507705,1088,2026-08-14,50.42,287883603.0
NYSE:HCA,HCA,"HCA Healthcare, Inc.",Healthcare,Medical Care Facilities,United States,NYSE,87613827020.0,404.68,52.06,51.45,5,40.2,1516,False,-25.51,12.22,-11.03,-9.3,1.7,11.97,22.09,454.8261,446.185,397.9025,361.4079,331.4706,561545176,1255,2026-08-14,56.58,216501500.0
NYSE:VSXY,VSXY,Victorias Secret & Co.,Consumer Cyclical,Apparel Retail,United States,NYSE,7076352914.0,89.02,52.06,55.61,5,40.2,1517,False,-10.95,317.15,50.46,69.64,125.21,167.76,169.02,59.1667,52.4743,39.5272,33.2466,33.09,155477304,1255,2026-08-14,55.91,79491720.0
NYSE:RIO,RIO,Rio Tinto Plc,Basic Materials,Other Industrial Metals & Mining,United Kingdom,NYSE,120030743036.0,95.68,52.07,51.48,5,40.2,1518,False,-12.73,66.53,8.74,15.92,37.97,47.02,54.86,87.9899,82.5422,69.3482,65.0803,61.7867,236607710,1255,2026-08-14,53.17,1254501913.0
NYSE:SVV,SVV,"Savers Value Village, Inc.",Consumer Cyclical,Specialty Retail,United States,NYSE,1641492444.0,10.66,52.08,53.9,5,40.2,1519,False,-22.25,50.14,14.71,6.94,8.03,-11.8,,9.2933,9.968,9.8677,12.086,,18938522,785,2026-08-14,54.11,153986158.0
AMEX:FJET,FJET,"Starfighters Space, Inc.",Industrials,Aerospace & Defense,United States,AMEX,233183121.0,4.24,52.09,48.11,5,40.3,1520,False,-86.54,23.62,,,,,,,,,,,2406933,164,2026-08-14,47.54,54996019.0
NASDAQ:UPST,UPST,"Upstart Holdings, Inc.",Financial Services,Credit Services,United States,NASDAQ,2912503045.0,30.43,52.09,50.59,5,40.3,1521,False,-58.74,25.64,-13.1,-24.18,-37.61,-27.45,-18.91,35.017,40.1358,48.7774,41.9448,37.5282,129223269,1255,2026-08-14,54.58,95711569.0
NYSE:FLNG,FLNG,FLEX LNG Ltd.,Energy,Oil & Gas Midstream,Bermuda,NYSE,1666045181.0,30.8,52.1,51.7,5,40.3,1522,False,-5.11,37.72,10.88,14.69,31.27,36.32,37.85,27.7772,26.8559,23.4627,22.5941,22.3432,8051686,1254,2026-08-14,48.26,54092376.0
NYSE:WELL,WELL,Welltower Inc.,Real Estate,REIT - Healthcare Facilities,United States,NYSE,169709120031.0,235.52,52.11,53.46,5,40.3,1523,False,-6.21,47.63,14.59,19.13,40.6,66.99,92.04,205.5379,197.6996,167.5119,141.0366,122.6423,763191070,1255,2026-08-14,50.94,720572011.0
NASDAQ:EGHT,EGHT,8x8 Inc,Technology,Software - Application,United States,NASDAQ,294907236.0,2.08,52.12,52.06,5,40.4,1524,False,-24.64,30.82,3.24,3.37,-1.21,-11.04,-26.36,2.0148,2.0121,2.1055,2.3381,2.8247,3683693,1255,2026-08-14,53.05,141782325.0
NASDAQ:CGNT,CGNT,Cognyte Software Ltd.,Technology,Software - Infrastructure,Israel,NASDAQ,672197872.0,9.12,52.13,51.3,5,40.4,1525,False,-25.49,43.85,2.79,3.71,4.8,14.9,30.83,8.8724,8.7934,8.7026,7.9373,6.9711,4017881,1255,2026-08-14,57.88,73705907.0
NYSE:SOBO,SOBO,South Bow Corporation,Energy,Oil & Gas Midstream,Canada,NYSE,7673828427.0,36.79,52.13,52.25,5,40.4,1526,True,-4.86,49.89,16.76,20.42,,,,31.5096,30.5524,,,,17888309,466,2026-08-14,50.41,208584627.0
NASDAQ:BCRX,BCRX,"BioCryst Pharmaceuticals, Inc.",Healthcare,Drug Manufacturers - Specialty & Generic,United States,NASDAQ,2475544308.0,9.74,52.17,52.21,5,40.4,1527,False,-12.33,56.09,16.42,18.33,17.85,29.49,18.53,8.3663,8.2315,8.2646,7.5219,8.2176,32064008,1255,2026-08-14,53.16,254162660.0
NASDAQ:PHOE,PHOE,Phoenix Asia Holdings Limited,Industrials,Engineering & Construction,Hong Kong,NASDAQ,481680000.0,22.3,52.18,52.02,5,40.5,1528,False,-83.25,214.53,25.7,37.34,,,,17.7402,16.2369,,,,1115813,327,2026-08-14,51.65,21600000.0
NYSE:LEN.B,LEN-B,Lennar Corporation Class B,Consumer Cyclical,Residential Construction,United States,NYSE,2594016905.0,85.36,52.19,51.08,5,40.5,1529,False,-36.16,6.92,-10.39,-15.05,-23.84,-25.56,-18.52,95.2607,100.4778,112.081,114.6652,104.76,6552884,1255,2026-08-14,53.12,30389139.0
NYSE:PL,PL,Planet Labs PBC,Industrials,Aerospace & Defense,United States,NYSE,8219516544.0,24.69,52.19,47.22,5,40.5,1530,False,-51.96,286.99,-6.27,6.7,81.75,151.41,189.8,26.3425,23.1402,13.5846,9.8205,8.5198,137964493,1255,2026-08-14,52.48,332908730.0
NASDAQ:CGNX,CGNX,Cognex Corporation,Technology,Scientific & Technical Instruments,United States,NASDAQ,10922108569.0,65.63,52.2,51.84,5,40.6,1531,False,-9.38,89.13,26.49,30.1,53.82,55.72,50.35,51.886,50.4444,42.6658,42.1461,43.6517,151301699,1255,2026-08-14,44.03,166419451.0
NASDAQ:VIR,VIR,"Vir Biotechnology, Inc.",Healthcare,Biotechnology,United States,NASDAQ,1558344240.0,9.24,52.2,50.43,5,40.6,1532,False,-16.68,111.93,12.68,21.6,24.69,12.21,-24.21,8.2004,7.5989,7.4102,8.2346,12.1916,13630627,1254,2026-08-14,47.23,168651974.0
NYSE:COUR,COUR,"Coursera, Inc.",Consumer Defensive,Education & Training Services,United States,NYSE,1655152893.0,5.78,52.21,51.68,5,40.6,1533,False,-52.11,13.56,-9.52,-21.26,-25.78,-42.61,-45.98,6.3885,7.3403,7.7876,10.0714,10.6992,39282236,1255,2026-08-14,52.64,286358632.0
NASDAQ:IDYA,IDYA,"IDEAYA Biosciences, Inc.",Healthcare,Biotechnology,United States,NASDAQ,3494775313.0,36.3,52.21,53.65,5,40.6,1534,False,-10.39,55.19,9.72,14.7,28.25,17.32,31.67,33.083,31.6466,28.3032,30.9423,27.5695,26035277,1254,2026-08-14,54.73,96274802.0
NASDAQ:XEL,XEL,Xcel Energy Inc.,Utilities,Utilities - Regulated Electric,United States,NASDAQ,49452298006.0,79.17,52.21,50.76,5,40.6,1535,False,-4.23,13.74,1.44,2.45,11.55,22.12,24.38,78.0489,77.275,70.9698,64.8321,63.6517,365345910,1255,2026-08-14,51.23,624634306.0
NASDAQ:CNXN,CNXN,"PC Connection, Inc.",Technology,Electronics & Computer Distribution,United States,NASDAQ,2046305067.0,81.08,52.22,56.38,5,40.7,1536,False,-6.35,46.48,25.44,26.56,24.02,26.97,36.83,64.6379,64.062,65.3749,63.8578,59.255,13853930,1255,2026-08-14,51.85,25238099.0
NASDAQ:INMD,INMD,InMode Ltd.,Healthcare,Medical Devices,Israel,NASDAQ,870833696.0,15.15,52.22,54.29,5,40.7,1537,False,-8.84,18.73,5.62,4.64,-2.06,-15.67,-31.94,14.3441,14.4784,15.4685,17.9645,22.2605,7446062,1254,2026-08-14,53.72,57480772.0
NYSE:SLF,SLF,Sun Life Financial Inc.,Financial Services,Insurance - Diversified,Canada,NYSE,45103372041.0,81.37,52.22,55.49,5,40.7,1538,False,-3.21,44.12,20.35,23.8,32.9,44.44,54.47,67.6117,65.7293,61.2273,56.3358,52.6781,56051911,1255,2026-08-14,49.65,554299767.0
NASDAQ:UTMD,UTMD,"Utah Medical Products, Inc.",Healthcare,Medical Instruments & Supplies,United States,NASDAQ,226065775.0,71.0,52.22,52.7,5,40.7,1539,False,-4.02,33.95,12.1,13.2,17.06,9.61,0.99,63.3382,62.7184,60.6535,64.7745,70.3045,2238622,1255,2026-08-14,56.15,3184025.0
NASDAQ:VERX,VERX,"Vertex, Inc.",Technology,Software - Application,United States,NASDAQ,1013291609.0,12.72,52.22,51.38,5,40.7,1540,False,-52.0,20.23,-16.49,-26.33,-56.89,-56.28,-51.25,15.2319,17.2661,29.5083,29.0951,26.0948,34274939,1254,2026-08-14,56.63,79661290.0
NYSE:VVX,VVX,"V2X, Inc.",Industrials,Aerospace & Defense,United States,NYSE,2598770172.0,83.0,52.23,52.72,5,40.8,1541,True,-8.6,59.13,20.56,24.77,40.35,51.23,60.62,68.8451,66.5201,59.1381,54.8835,51.674,75578437,1254,2026-08-14,49.33,31310484.0
NYSE:LCII,LCII,LCI Industries,Consumer Cyclical,Recreational Vehicles,United States,NYSE,2579450893.0,106.1,52.24,51.68,5,40.9,1542,False,-31.14,28.92,-8.96,-5.21,1.94,2.21,3.84,116.5469,111.9257,104.0848,103.8029,102.1715,29271518,1255,2026-08-14,54.62,24311507.0
NASDAQ:USAU,USAU,U.S. Gold Corp.,Basic Materials,Gold,United States,NASDAQ,245042271.0,14.85,52.24,50.58,5,40.9,1543,False,-34.29,42.65,-9.95,-8.49,19.8,53.85,78.77,16.4899,16.2272,12.396,9.6525,8.3069,3468254,1255,2026-08-14,54.63,16501163.0
NYSE:NSC,NSC,Norfolk Southern Corporation,Industrials,Railroads,United States,NYSE,75111286015.0,334.41,52.25,54.46,5,40.9,1544,False,-4.26,24.95,10.74,12.37,24.15,33.2,38.54,301.9911,297.6022,269.3494,251.0539,241.3806,430150073,1255,2026-08-14,57.01,224608373.0
NASDAQ:TLN,TLN,Talen Energy Corporation,Utilities,Utilities - Independent Power Producers,United States,NASDAQ,17380418310.0,362.74,52.25,50.45,5,40.9,1545,True,-18.64,19.73,-0.33,-2.39,22.58,62.11,,363.9305,371.6171,295.9225,223.7556,,253005321,802,2026-08-14,50.72,47914259.0
NYSE:WLYB,WLYB,"John Wiley & Sons, Inc.",Communication Services,Publishing,United States,NYSE,450491210.0,51.43,52.25,56.74,5,40.9,1546,False,-6.03,76.41,33.26,33.5,27.62,35.61,37.53,38.5938,38.5234,40.2986,37.9256,37.3956,188180,1254,2026-08-14,52.25,8759308.0
NYSE:ONIT,ONIT,Onity Group Inc.,Financial Services,Mortgage Finance,United States,NYSE,330708413.0,39.22,52.26,51.63,5,41.0,1547,False,-26.49,15.83,-5.1,-4.63,5.67,17.12,19.99,41.3295,41.1249,37.1172,33.4884,32.6873,2399169,1255,2026-08-14,53.4,8432137.0
NASDAQ:GIBO,GIBO,GIBO Holdings Limited,Communication Services,Internet Content & Information,Hong Kong,NASDAQ,72533170.0,29.8,52.32,50.79,5,41.0,1548,False,-85.1,2284.0,-24.83,-37.32,-99.86,,,39.6447,47.5464,21658.4657,,,191020,748,2026-08-14,52.32,2433999.0
NASDAQ:TMUS,TMUS,"T-Mobile US, Inc.",Communication Services,Telecom Services,United States,NASDAQ,195880563250.0,182.61,52.32,50.63,5,41.0,1549,False,-28.17,8.87,-6.55,-10.34,-15.35,-6.26,1.37,195.4014,203.6593,215.7221,194.7986,180.1373,886831879,1255,2026-08-14,53.18,1072671613.0
NASDAQ:BGC,BGC,"BGC Group, Inc.",Financial Services,Capital Markets,United States,NASDAQ,4068204784.0,11.2,52.34,51.11,5,41.1,1550,False,-11.46,35.63,11.35,12.48,15.71,27.26,46.4,10.0586,9.9577,9.6796,8.8009,7.65,28018422,1255,2026-08-14,47.8,363232570.0
NASDAQ:PYPD,PYPD,PolyPid Ltd.,Healthcare,Biotechnology,Israel,NASDAQ,90885130.0,4.74,52.34,51.18,5,41.1,1551,False,-15.05,50.48,7.74,13.01,28.47,12.71,-57.99,4.3995,4.1944,3.6895,4.2053,11.2838,1299930,1254,2026-08-14,53.26,19174078.0
NASDAQ:AIRT,AIRT,"Air T, Inc.",Industrials,Conglomerates,United States,NASDAQ,79215672.0,29.43,52.35,53.95,5,41.1,1552,False,-14.1,60.38,30.35,29.55,40.1,39.78,37.13,22.5769,22.7168,21.0057,21.054,21.4618,516718,1255,2026-08-14,51.17,2691664.0
NASDAQ:BTQ,BTQ,BTQ Technologies Corp.,Technology,Software - Infrastructure,Canada,NASDAQ,584546048.0,4.06,52.35,51.27,5,41.1,1553,False,-71.29,88.84,-5.88,,,,,4.3138,,,,,5649153,222,2026-08-14,53.39,143976859.0
NASDAQ:SBAC,SBAC,SBA Communications Corporation,Real Estate,REIT - Specialty,United States,NASDAQ,19642870748.0,185.2,52.35,50.0,5,41.1,1554,False,-16.73,12.82,-3.64,-4.06,-9.65,-9.51,-14.5,192.1903,193.0466,204.9836,204.6725,216.6003,206706144,1255,2026-08-14,53.57,106063017.0
AMEX:GRO,GRO,Brazil Potash Corp.,Basic Materials,Other Industrial Metals & Mining,Canada,AMEX,135461762.0,2.21,52.36,49.42,5,41.2,1555,False,-43.19,47.33,-12.97,-11.22,,,,2.5394,2.4892,,,,295797,427,2026-08-14,48.91,61294915.0
NASDAQ:HAIN,HAIN,"The Hain Celestial Group, Inc.",Consumer Defensive,Packaged Foods,United States,NASDAQ,52347020.0,0.58,52.36,49.73,5,41.2,1556,False,-73.02,18.37,-32.7,-43.14,-80.52,-88.51,-92.78,0.8619,1.0201,2.9768,5.0471,8.0364,409546,1255,2026-08-14,55.99,90253483.0
NASDAQ:KINS,KINS,"Kingstone Companies, Inc",Financial Services,Insurance - Property & Casualty,United States,NASDAQ,285206519.0,19.69,52.36,54.29,5,41.2,1557,True,-5.04,50.98,20.47,24.12,31.57,77.55,124.87,16.3438,15.8643,14.9659,11.0898,8.7561,2239772,1255,2026-08-14,50.23,14484841.0
NYSE:CHWY,CHWY,"Chewy, Inc.",Consumer Cyclical,Internet Retail,United States,NYSE,5222648827.0,22.42,52.37,52.6,5,41.3,1558,False,-47.04,28.04,-15.83,-23.1,-29.82,-20.11,-26.65,26.6358,29.154,31.945,28.0625,30.5649,160875842,1254,2026-08-14,52.7,232945978.0
NASDAQ:HFWA,HFWA,Heritage Financial Corporation,Financial Services,Banks - Regional,United States,NASDAQ,1216548068.0,29.74,52.37,53.83,5,41.3,1559,False,-4.05,42.2,13.81,16.59,24.57,38.56,39.05,26.1317,25.5076,23.8748,21.4634,21.3877,13458866,1255,2026-08-14,55.98,40906122.0
NASDAQ:MNDY,MNDY,monday.com Ltd.,Technology,Software - Application,Israel,NASDAQ,3699830895.0,87.52,52.37,53.07,5,41.3,1560,False,-60.06,48.82,-13.81,-26.86,-55.28,-55.18,-51.32,101.5387,119.6563,195.6895,195.2496,179.7911,165313351,1255,2026-08-14,60.65,42274119.0
NASDAQ:STOK,STOK,"Stoke Therapeutics, Inc.",Healthcare,Biotechnology,United States,NASDAQ,1947547352.0,31.27,52.37,51.63,5,41.3,1561,False,-18.46,84.92,-0.93,3.91,51.41,89.39,107.03,31.5629,30.0939,20.6527,16.5112,15.1041,23428634,1254,2026-08-14,52.61,62281655.0
NYSE:FTV,FTV,Fortive Corporation,Technology,Scientific & Technical Instruments,United States,NYSE,18610290744.0,61.62,52.38,51.95,5,41.4,1562,False,-3.85,31.6,7.52,11.07,11.56,10.79,13.9,57.3102,55.4799,55.2326,55.6189,54.1017,176685416,1254,2026-08-14,53.36,302017052.0
NASDAQ:ASTL,ASTL,Algoma Steel Group Inc.,Basic Materials,Steel,Canada,NASDAQ,451063289.0,4.28,52.39,50.95,5,41.4,1563,False,-26.21,34.17,-1.74,-1.68,-29.71,-35.04,-35.94,4.3558,4.353,6.0887,6.5885,6.6818,4601571,1254,2026-08-14,57.11,105388619.0
NASDAQ:KBON,KBON,Karbon Capital Partners Corp.,Financial Services,Shell Companies,United States,NASDAQ,357439000.0,10.1,52.39,51.49,5,41.4,1564,False,-0.49,0.8,,,,,,,,,,,279676,138,2026-08-14,52.39,35390000.0
NASDAQ:ASUR,ASUR,Asure Software Inc,Technology,Software - Application,United States,NASDAQ,244607908.0,8.47,52.42,51.62,5,41.5,1565,False,-16.3,22.4,-1.56,-0.7,-7.2,-6.1,-9.08,8.6044,8.5296,9.1275,9.0202,9.316,906374,1255,2026-08-14,56.83,28879328.0
NASDAQ:PLBY,PLBY,"Playboy, Inc.",Consumer Cyclical,Leisure,United States,NASDAQ,145650000.0,1.26,52.42,50.13,5,41.5,1566,False,-53.51,13.51,-21.66,-21.15,-12.8,-0.74,-23.73,1.6084,1.5981,1.445,1.2694,1.652,1169249,1255,2026-08-14,50.93,115595238.0
NASDAQ:SANM,SANM,Sanmina Corporation,Technology,Electronic Components,United States,NASDAQ,11300466539.0,210.84,52.42,50.31,5,41.5,1567,True,-25.42,92.35,16.79,25.33,68.95,105.24,131.16,180.5366,168.2217,124.7945,102.7278,91.2111,167513653,1255,2026-08-14,50.27,53597356.0
NASDAQ:CLOV,CLOV,"Clover Health Investments, Corp.",Healthcare,Healthcare Plans,United States,NASDAQ,1982459231.0,4.6,52.43,52.61,5,41.5,1568,True,-14.97,170.59,50.94,52.76,43.09,84.37,108.84,3.0475,3.0112,3.2148,2.495,2.2027,20120634,1255,2026-08-14,49.89,430969398.0
NASDAQ:NEXT,NEXT,NextDecade Corporation,Energy,Oil & Gas Equipment & Services,United States,NASDAQ,1913873263.0,7.19,52.44,49.82,5,41.6,1569,False,-32.93,49.79,8.21,4.18,0.36,7.19,9.38,6.6446,6.9014,7.1645,6.7078,6.5734,19836850,1255,2026-08-14,45.12,266185433.0
NASDAQ:OCGN,OCGN,"Ocugen, Inc.",Healthcare,Biotechnology,United States,NASDAQ,457004506.0,1.35,52.45,50.22,5,41.6,1570,False,-45.56,35.0,-10.7,-8.76,13.73,22.33,18.78,1.5117,1.4797,1.187,1.1036,1.1366,5785731,1255,2026-08-14,52.45,338521856.0
NYSE:CNM,CNM,"Core & Main, Inc.",Industrials,Industrial Distribution,United States,NYSE,8607126369.0,45.98,52.46,50.06,5,41.6,1571,False,-31.35,8.52,-8.84,-10.91,-10.85,-5.95,7.6,50.4378,51.6129,51.5733,48.8888,42.7337,82694355,1254,2026-08-14,53.4,187192831.0
NASDAQ:CEPF,CEPF,"Cantor Equity Partners IV, Inc.",Financial Services,Shell Companies,United States,NASDAQ,478278000.0,10.42,52.47,53.3,5,41.6,1572,False,-1.88,3.17,0.64,,,,,10.3537,,,,,279941,246,2026-08-14,52.47,45900000.0
NASDAQ:NTGR,NTGR,"NETGEAR, Inc.",Technology,Communication Equipment,United States,NASDAQ,648183657.0,24.15,52.48,51.56,5,41.7,1573,True,-32.94,21.54,0.24,-4.44,-3.13,13.81,17.87,24.0927,25.272,24.9294,21.2201,20.4884,10106706,1255,2026-08-14,50.04,26839903.0
NASDAQ:TCBK,TCBK,TriCo Bancshares,Financial Services,Banks - Regional,United States,NASDAQ,1837092666.0,57.57,52.48,54.87,5,41.7,1574,False,-6.57,44.46,15.28,18.66,28.99,40.19,41.07,49.9382,48.5168,44.63,41.0648,40.8096,17779435,1255,2026-08-14,55.76,31910590.0
NASDAQ:SOWG,SOWG,Sow Good Inc.,Consumer Defensive,Confectioners,United States,NASDAQ,66798788.0,3.32,52.5,51.86,5,41.7,1575,True,-77.64,193.81,-42.71,-52.49,-90.81,-95.9,-95.52,5.795,6.9879,36.1371,81.0426,74.0694,33183,1255,2026-08-14,48.18,20120117.0
NASDAQ:STBA,STBA,"S&T Bancorp, Inc.",Financial Services,Banks - Regional,United States,NASDAQ,1803448827.0,51.14,52.5,55.92,5,41.7,1576,False,-4.16,51.48,18.03,21.76,29.21,42.17,50.24,43.3291,42.0008,39.5782,35.9713,34.0396,14022284,1255,2026-08-14,56.3,35264936.0
AMEX:TONT,TONT,Graf Global Corp.,Financial Services,Shell Companies,United States,AMEX,153632007.0,10.85,52.5,51.86,5,41.7,1577,False,-3.98,3.78,0.96,1.37,,,,10.7471,10.7035,,,,693269,499,2026-08-14,52.5,14159632.0
NASDAQ:ORLY,ORLY,"O'Reilly Automotive, Inc.",Consumer Cyclical,Auto Parts,United States,NASDAQ,74311897274.0,91.05,52.52,52.28,5,41.8,1578,False,-15.55,10.06,-1.79,-4.07,0.7,10.15,19.87,92.7138,94.9082,90.4189,82.6599,75.9593,597403473,1255,2026-08-14,57.54,816165813.0
NASDAQ:VYGR,VYGR,"Voyager Therapeutics, Inc.",Healthcare,Biotechnology,United States,NASDAQ,197577608.0,3.27,52.52,49.01,5,41.8,1579,False,-38.65,9.0,-14.91,-16.98,-25.4,-42.13,-47.32,3.8431,3.9388,4.3834,5.6507,6.2069,1630489,1255,2026-08-14,49.86,60421287.0
NYSE:ARI,ARI,"Apollo Commercial Real Estate Finance, Inc",Real Estate,REIT - Mortgage,United States,NYSE,894369724.0,6.83,52.53,51.06,5,41.9,1580,False,-5.51,15.21,3.05,4.3,14.63,18.6,23.86,6.6276,6.5486,5.9583,5.7591,5.5145,26279080,1255,2026-08-14,56.3,130947251.0
NASDAQ:HQ,HQ,Horizon Quantum Holdings Ltd.,Technology,Software - Infrastructure,Singapore,NASDAQ,540851998.0,16.99,52.53,50.8,5,41.9,1581,False,-55.74,103.96,,,,,,,,,,,4452176,101,2026-08-14,51.66,31833549.0
NYSE:CVEO,CVEO,Civeo Corporation (Canada),Consumer Cyclical,Lodging,United States,NYSE,364302324.0,33.29,52.54,51.53,5,41.9,1582,False,-6.38,67.37,17.29,22.48,30.82,37.26,37.92,28.3836,27.1796,25.448,24.2531,24.1377,4733440,1254,2026-08-14,52.64,10943296.0
NASDAQ:LGCL,LGCL,Lucas GC Limited,Technology,Software - Application,China,NASDAQ,62046086.0,1.45,52.54,50.74,5,41.9,1583,False,-93.75,95.95,-23.38,-60.27,-91.87,,,1.8926,3.6493,17.8423,,,7721260,614,2026-08-14,57.96,42790404.0
NASDAQ:ILPT,ILPT,Industrial Logistics Properties Trust - Common Shares of Beneficial Interest,Real Estate,REIT - Industrial,United States,NASDAQ,595373259.0,8.92,52.55,53.22,5,41.9,1584,False,-3.61,81.7,32.96,37.28,72.75,92.47,101.09,6.7088,6.4978,5.1636,4.6345,4.4357,3690539,1254,2026-08-14,58.4,66745881.0
NASDAQ:DMRC,DMRC,Digimarc Corporation,Technology,Software - Application,United States,NASDAQ,168724160.0,7.53,52.56,49.48,5,42.0,1585,True,-54.17,72.71,-0.09,-4.6,-52.22,-63.9,-64.17,7.5365,7.8934,15.7606,20.8608,21.0155,814067,1255,2026-08-14,46.43,22406927.0
NASDAQ:FWRG,FWRG,"First Watch Restaurant Group, Inc.",Consumer Cyclical,Restaurants,United States,NASDAQ,784122937.0,12.72,52.56,52.66,5,42.0,1586,False,-33.65,25.82,-8.26,-12.66,-20.83,-26.34,-25.23,13.8653,14.5632,16.0661,17.2687,17.0116,15467457,1221,2026-08-14,56.08,61644885.0
NASDAQ:STLD,STLD,"Steel Dynamics, Inc.",Basic Materials,Steel,United States,NASDAQ,36659025068.0,255.77,52.56,53.71,5,42.0,1587,False,-9.34,106.32,25.72,34.87,62.56,77.78,93.89,203.4441,189.6466,157.3367,143.871,131.9152,291121247,1255,2026-08-14,57.46,143328088.0
NASDAQ:CFFN,CFFN,"Capitol Federal Financial, Inc.",Financial Services,Banks - Regional,United States,NASDAQ,1077107802.0,8.73,52.57,55.77,5,42.1,1588,False,-4.1,52.68,19.32,23.86,39.43,51.06,48.34,7.3162,7.0481,6.2614,5.7793,5.885,7804019,1255,2026-08-14,58.13,123380046.0
NYSE:GL,GL,Globe Life Inc.,Financial Services,Insurance - Life,United States,NYSE,14053701741.0,181.0,52.57,55.5,5,42.1,1589,False,-2.7,39.69,20.34,22.36,37.61,48.18,52.63,150.413,147.9226,131.5359,122.1482,118.5893,125198822,1255,2026-08-14,51.94,77644761.0
NASDAQ:ATLC,ATLC,Atlanticus Holdings Corporation,Financial Services,Credit Services,United States,NASDAQ,1550804132.0,102.58,52.6,53.61,5,42.1,1590,True,-8.24,113.89,42.99,46.69,72.39,105.13,126.54,71.7369,69.9315,59.5035,50.0084,45.2812,17352398,1255,2026-08-14,45.04,15117997.0
NYSE:KEX,KEX,Kirby Corporation,Industrials,Marine Shipping,United States,NYSE,7412288640.0,138.62,52.61,50.49,5,42.1,1591,False,-9.16,73.38,6.88,14.44,19.19,27.53,40.1,129.6926,121.128,116.2971,108.6918,98.9444,77469312,1255,2026-08-14,50.65,53472000.0
NYSE:MANE,MANE,"Veradermics, Incorporated",Healthcare,Biotechnology,United States,NYSE,4708875812.0,112.71,52.61,52.51,5,42.1,1592,False,-13.13,204.37,,,,,,,,,,,88560280,132,2026-08-14,51.0,41778687.0
NYSE:NREF,NREF,"NexPoint Real Estate Finance, Inc.",Real Estate,REIT - Mortgage,United States,NYSE,319474092.0,16.95,52.62,55.01,5,42.2,1593,False,-6.71,43.92,19.84,22.25,28.4,37.24,42.92,14.1442,13.8646,13.2012,12.3506,11.8597,833566,1254,2026-08-14,51.63,18848029.0
NASDAQ:OTEX,OTEX,Open Text Corporation,Technology,Software - Application,Canada,NASDAQ,5954934314.0,24.54,52.64,53.35,5,42.2,1594,False,-36.25,22.64,-5.87,-12.04,-11.47,-16.78,-17.83,26.0704,27.8994,27.7196,29.489,29.8641,47204795,1255,2026-08-14,55.18,242662360.0
NYSE:CCL,CCL,Carnival Corporation Ltd.,Consumer Cyclical,Travel Services,United States,NYSE,38514533226.0,28.12,52.65,52.28,5,42.2,1595,False,-15.94,18.9,1.8,0.26,11.34,28.08,46.63,27.6216,28.0475,25.2551,21.9549,19.1779,507330750,1255,2026-08-14,54.96,1369649119.0
NYSE:FERG,FERG,Ferguson Enterprises Inc.,Industrials,Industrial Distribution,United States,NYSE,47503131100.0,244.94,52.67,53.17,5,42.3,1596,False,-8.15,17.53,2.28,3.19,15.18,21.13,33.91,239.4837,237.3764,212.6492,202.2074,182.9093,1095490406,1255,2026-08-14,55.45,193937826.0
NASDAQ:MPWR,MPWR,"Monolithic Power Systems, Inc.",Technology,Semiconductors,United States,NASDAQ,68880751300.0,1402.01,52.67,51.04,5,42.3,1597,True,-16.91,72.02,14.44,20.98,50.87,69.31,92.15,1225.0625,1158.8934,929.2725,828.0805,729.6622,1153374850,1255,2026-08-14,49.13,49130000.0
NYSE:MYE,MYE,"Myers Industries, Inc.",Consumer Cyclical,Packaging & Containers,United States,NYSE,1241396310.0,33.0,52.67,55.73,5,42.3,1598,False,-10.18,114.21,44.46,53.79,96.31,97.22,92.34,22.8432,21.4577,16.8099,16.7324,17.1573,14712727,1255,2026-08-14,53.7,37618070.0
NASDAQ:FCEL,FCEL,"FuelCell Energy, Inc.",Industrials,Electrical Equipment & Parts,United States,NASDAQ,1788575365.0,22.37,52.68,51.95,5,42.4,1599,True,-37.88,470.66,77.18,94.88,130.48,27.52,-37.61,12.6255,11.4787,9.7058,17.5427,35.8532,183975967,1255,2026-08-14,48.01,79954196.0
NYSE:KN,KN,Knowles Corporation,Technology,Electronic Components,United States,NYSE,3289151654.0,38.51,52.68,52.56,5,42.4,1600,True,-10.02,89.7,30.91,37.68,68.53,86.29,97.06,29.4172,27.9698,22.8509,20.672,19.5426,37495073,1254,2026-08-14,50.08,85410326.0
NASDAQ:DNUT,DNUT,"Krispy Kreme, Inc.",Consumer Defensive,Grocery Stores,United States,NASDAQ,574092000.0,3.33,52.69,50.27,5,42.4,1601,True,-29.15,14.04,-7.71,-7.04,-39.02,-57.22,-63.71,3.6081,3.5821,5.4612,7.7833,9.1761,9825675,1255,2026-08-14,50.53,172400000.0
NASDAQ:ABTC,ABTC,American Bitcoin Corp.,Financial Services,Capital Markets,United States,NASDAQ,174274311.0,7.26,52.7,45.51,5,42.4,1602,False,-94.8,39.88,-68.66,-81.45,-83.25,-94.11,-98.68,23.1618,39.1297,43.333,123.1853,551.0169,8412973,1255,2026-08-14,53.38,24004726.0
NASDAQ:IMPP,IMPP,Imperial Petroleum Inc.,Energy,Oil & Gas Midstream,Greece,NASDAQ,216573422.0,4.79,52.72,50.49,5,42.5,1603,False,-24.57,61.28,4.05,6.02,24.9,37.45,31.25,4.6036,4.5179,3.835,3.485,3.6496,1169178,1176,2026-08-14,45.63,45213658.0
NYSE:STEM,STEM,"Stem, Inc.",Utilities,Utilities - Renewable,United States,NYSE,56787082.0,6.34,52.73,47.9,5,42.5,1604,False,-78.72,28.08,-46.65,-52.35,-45.52,-75.7,-90.4,11.8829,13.305,11.6379,26.0852,66.0405,807461,1255,2026-08-14,51.4,8956953.0
NASDAQ:TIPT,TIPT,Tiptree Inc.,Financial Services,Asset Management,United States,NASDAQ,672176441.0,18.05,52.73,52.71,5,42.5,1605,False,-28.44,15.17,3.14,-0.78,-7.31,-2.44,5.39,17.501,18.1914,19.4745,18.5013,17.1263,3826629,1255,2026-08-14,55.99,37239692.0
NASDAQ:CIVB,CIVB,"Civista Bancshares, Inc.",Financial Services,Banks - Regional,United States,NASDAQ,592843725.0,28.51,52.74,55.21,5,42.5,1606,False,-2.09,47.51,17.49,21.75,32.82,48.96,52.21,24.2654,23.4167,21.4646,19.1391,18.731,3643466,1255,2026-08-14,54.68,20794238.0
NASDAQ:INKT,INKT,"MiNK Therapeutics, Inc.",Healthcare,Biotechnology,United States,NASDAQ,56146002.0,11.27,52.74,51.16,5,42.5,1607,True,-35.6,31.66,-2.23,-7.51,6.89,7.14,-15.36,11.5266,12.1845,10.5433,10.5189,13.3159,103719,1211,2026-08-14,49.7,4981899.0
NASDAQ:QS,QS,QuantumScape Corporation,Consumer Cyclical,Auto Parts,United States,NASDAQ,3579914906.0,6.19,52.76,49.08,5,42.6,1608,True,-66.43,26.71,-29.27,-34.12,-17.2,-12.81,-16.19,8.7516,9.3959,7.4755,7.0992,7.3855,133759746,1255,2026-08-14,52.24,578338434.0
NYSE:POR,POR,Portland General Electric Co,Utilities,Utilities - Regulated Electric,United States,NYSE,5969768882.0,50.76,52.78,51.12,5,42.6,1609,False,-5.38,26.85,2.15,5.7,13.86,19.67,20.37,49.6917,48.0234,44.582,42.4155,42.1683,55479583,1255,2026-08-14,50.17,117607740.0
NASDAQ:XRX,XRX,Xerox Holdings Corporation,Industrials,Business Equipment & Supplies,United States,NASDAQ,406853300.0,3.1,52.78,53.04,5,42.6,1610,False,-21.72,156.12,28.22,17.03,-34.32,-58.29,-64.24,2.4176,2.649,4.7198,7.4327,8.6696,13125711,1255,2026-08-14,54.19,131243000.0
NASDAQ:LIDR,LIDR,"AEye, Inc.",Technology,Software - Infrastructure,United States,NASDAQ,60672414.0,1.31,52.79,48.42,5,42.7,1611,True,-60.9,28.43,-29.42,-35.82,-16.9,-39.38,-80.71,1.8561,2.0411,1.5765,2.1608,6.792,1191241,1255,2026-08-14,50.21,46314820.0
NYSE:GHC,GHC,Graham Holdings Company,Industrials,Conglomerates,United States,NYSE,3896328242.0,1191.2,52.8,53.41,5,42.7,1612,True,-3.47,26.18,6.95,7.5,19.34,34.19,47.05,1113.7912,1108.1228,998.1495,887.711,810.0745,27957456,1255,2026-08-14,47.81,3270927.0
NASDAQ:ALCO,ALCO,"Alico, Inc.",Consumer Defensive,Farm Products,United States,NASDAQ,297246386.0,40.08,52.81,50.91,5,42.8,1613,False,-9.74,28.33,2.34,5.3,19.77,28.66,33.65,39.1655,38.0629,33.4642,31.1518,29.9899,870761,1255,2026-08-14,61.39,7416327.0
NYSE:COR,COR,"Cencora, Inc.",Healthcare,Medical Distribution,United States,NYSE,61057151849.0,313.82,52.81,54.12,5,42.8,1614,True,-15.76,24.69,-2.74,-1.46,9.3,20.05,33.21,322.6764,318.4555,287.1164,261.4039,235.5874,474076955,1255,2026-08-14,49.99,194561060.0
NYSE:CSL,CSL,Carlisle Companies Incorporated,Industrials,Building Products & Equipment,United States,NYSE,14695817775.0,370.04,52.81,53.2,5,42.8,1615,False,-11.1,26.02,6.45,6.29,0.62,4.33,13.22,347.6082,348.1479,367.7591,354.6931,326.8424,170868601,1255,2026-08-14,55.82,39714133.0
NYSE:EIC,EIC,Eagle Point Income Company Inc.,Financial Services,Asset Management,United States,NYSE,232741946.0,10.1,52.81,50.98,5,42.8,1616,False,-20.04,12.09,-1.41,-4.79,-12.59,-11.05,-6.33,10.2446,10.6083,11.555,11.3543,10.7826,965874,1254,2026-08-14,55.81,23043757.0
NYSE:HLT,HLT,Hilton Worldwide Holdings Inc.,Consumer Cyclical,Lodging,United States,NYSE,73643489201.0,327.21,52.82,51.05,5,42.8,1617,True,-6.57,27.63,6.2,9.16,20.69,35.02,51.48,308.1075,299.7414,271.1151,242.3463,216.0146,657979463,1254,2026-08-14,47.67,225064910.0
NASDAQ:JKHY,JKHY,"Jack Henry & Associates, Inc.",Technology,Information Technology Services,United States,NASDAQ,10892795082.0,153.31,52.82,54.12,5,42.8,1618,False,-19.75,24.22,-3.27,-2.74,-7.04,-5.55,-5.98,158.5001,157.6278,164.9268,162.3195,163.0529,130603111,1255,2026-08-14,57.32,71050780.0
NYSE:VVR,VVR,Invesco Senior Income Trust Common Stock (DE),Financial Services,Asset Management,United States,NYSE,458696586.0,2.98,52.82,51.84,5,42.8,1619,False,-7.74,2.76,-0.67,-1.3,-4.59,-3.6,1.72,3.0,3.0192,3.1235,3.0914,2.9296,1551432,1255,2026-08-14,52.82,153925029.0
NASDAQ:ASTS,ASTS,"AST SpaceMobile, Inc.",Technology,Communication Equipment,United States,NASDAQ,21205018265.0,70.98,52.83,50.06,5,42.9,1620,False,-46.67,92.31,-13.32,-7.73,33.22,89.98,140.03,81.8919,76.9283,53.2804,37.362,29.5711,827357249,1255,2026-08-14,53.46,298746383.0
NYSE:AOS,AOS,A.O. Smith Corporation,Industrials,Specialty Industrial Machinery,United States,NYSE,6841635294.0,62.17,52.85,52.93,5,42.9,1621,False,-21.83,12.13,-4.07,-5.65,-7.85,-11.23,-7.61,64.8062,65.8936,67.466,70.0359,67.294,103710661,1255,2026-08-14,54.22,110047214.0
NYSE:MAX,MAX,"MediaAlpha, Inc.",Communication Services,Internet Content & Information,United States,NYSE,697690114.0,13.17,52.85,55.0,5,42.9,1622,False,-7.71,83.68,20.52,19.48,13.05,6.65,10.49,10.9275,11.023,11.6497,12.3485,11.9202,13355534,1254,2026-08-14,54.0,52975711.0
NYSE:AN,AN,"AutoNation, Inc.",Consumer Cyclical,Auto & Truck Dealerships,United States,NYSE,7007171668.0,209.41,52.88,53.87,5,43.0,1623,True,-8.94,17.26,4.14,2.41,9.32,17.24,26.02,201.0907,204.4893,191.5603,178.6207,166.1778,94962773,1255,2026-08-14,51.71,33461495.0
AMEX:MRT,MRT,"Marti Technologies, Inc.",Technology,Software - Application,Turkey,AMEX,154698826.0,1.8,52.88,52.02,5,43.0,1624,True,-31.56,38.46,-12.13,-14.94,-26.15,-8.66,-53.45,2.0485,2.116,2.4375,1.9707,3.8671,71933,1244,2026-08-14,50.74,85943792.0
AMEX:BUDA,BUDA,"Buda Juice, Inc.",Consumer Defensive,Beverages - Non-Alcoholic,United States,AMEX,112220327.0,8.93,52.9,51.34,5,43.1,1625,True,-17.77,24.72,,,,,,,,,,,163715,150,2026-08-14,47.11,12566666.0
NYSE:FND,FND,"Floor & Decor Holdings, Inc.",Consumer Cyclical,Home Improvement Retail,United States,NYSE,6237117250.0,58.57,52.9,53.5,5,43.1,1626,False,-35.22,34.67,-0.25,-6.91,-25.11,-32.52,-32.75,58.7157,62.9209,78.2095,86.7938,87.087,148858233,1254,2026-08-14,53.74,106489965.0
NASDAQ:ORIQ,ORIQ,Origin Investment Corp I,Financial Services,Shell Companies,Singapore,NASDAQ,89182500.0,10.34,52.9,55.32,5,43.1,1627,False,-0.29,3.4,1.14,,,,,10.2233,,,,,34715,234,2026-08-14,52.9,8625000.0
NASDAQ:SLAB,SLAB,"Silicon Laboratories, Inc.",Technology,Semiconductors,United States,NASDAQ,7203559961.0,218.41,52.92,53.51,5,43.1,1628,True,-0.88,88.15,16.65,23.88,46.1,55.84,53.83,187.2335,176.313,149.4984,140.1501,141.9823,55667625,1255,2026-08-14,51.99,32981823.0
NYSE:MBC,MBC,"MasterBrand, Inc.",Consumer Cyclical,"Furnishings, Fixtures & Appliances",United States,NYSE,1861937984.0,9.15,52.93,52.27,5,43.1,1629,False,-33.79,34.96,-7.62,-13.26,-26.65,-30.94,,9.9044,10.5486,12.4744,13.2485,,17286872,921,2026-08-14,55.05,203490490.0
NYSE:GAP,GAP,"Gap, Inc. (The)",Consumer Cyclical,Apparel Retail,United States,NYSE,7415566020.0,20.6,52.95,50.92,5,43.2,1630,False,-28.12,12.26,-13.38,-11.59,-7.47,-0.71,15.05,23.7827,23.3002,22.263,20.7465,17.9051,113875613,1255,2026-08-14,50.84,359978933.0
NYSE:FIX,FIX,"Comfort Systems USA, Inc.",Industrials,Engineering & Construction,United States,NYSE,62436854825.0,1774.0601,52.96,51.11,5,43.2,1631,True,-14.11,161.1,23.17,36.11,103.99,167.93,235.4,1440.3323,1303.4136,869.7011,662.1309,528.9444,825638801,1255,2026-08-14,49.24,35194329.0
NASDAQ:HMH,HMH,HMH Holding Inc.,Energy,Oil & Gas Equipment & Services,United States,NASDAQ,247665287.0,20.45,52.96,51.93,5,43.2,1632,True,-15.7,21.08,,,,,,,,,,,4656159,93,2026-08-14,49.15,12110772.0
NASDAQ:LE,LE,"Lands' End, Inc.",Consumer Cyclical,Apparel Retail,United States,NASDAQ,383646020.0,12.48,52.96,52.99,5,43.2,1633,False,-34.83,23.69,-9.62,-10.77,-6.43,0.97,8.03,13.8091,13.987,13.3369,12.3598,11.5519,2497513,1254,2026-08-14,56.18,30740867.0
NASDAQ:STRA,STRA,"Strategic Education, Inc.",Consumer Defensive,Education & Training Services,United States,NASDAQ,1861720798.0,82.33,52.97,52.71,5,43.3,1634,False,-6.04,14.92,3.78,3.59,-0.24,-3.28,0.96,79.3317,79.4787,82.5296,85.1198,81.5497,25755642,1255,2026-08-14,52.43,22612909.0
NASDAQ:GLSI,GLSI,"Greenwich LifeSciences, Inc.",Healthcare,Biotechnology,United States,NASDAQ,246593894.0,16.8,53.0,47.98,5,43.3,1635,True,-49.95,114.01,-17.97,-9.29,10.14,17.86,22.82,20.4792,18.5203,15.2539,14.2547,13.6787,2538359,1254,2026-08-14,50.96,14678208.0
NASDAQ:NVCR,NVCR,NovoCure Limited,Healthcare,Medical Devices,Switzerland,NASDAQ,1973756988.0,16.95,53.0,52.38,5,43.3,1636,False,-15.21,68.99,21.89,23.69,2.7,2.08,-43.48,13.9061,13.7039,16.5047,16.6051,29.9884,29648869,1254,2026-08-14,55.71,116445840.0
NYSE:BSAC,BSAC,Banco Santander - Chile ADS,Financial Services,Banks - Regional,Chile,NYSE,16277034202.0,34.55,53.02,54.18,5,43.4,1637,False,-3.22,54.26,9.53,14.7,37.89,55.31,71.13,31.5427,30.1228,25.0567,22.2452,20.1895,9320481,1255,2026-08-14,50.9,471115317.0
NYSE:GATX,GATX,GATX Corporation,Industrials,Rental & Leasing Services,United States,NYSE,6377505677.0,180.64,53.03,52.16,5,43.4,1638,True,-9.68,20.07,2.86,3.92,12.43,23.12,32.83,175.6204,173.8264,160.6702,146.7128,135.9888,39822203,1255,2026-08-14,50.1,35305058.0
NASDAQ:LNZA,LNZA,"LanzaTech Global, Inc.",Industrials,Waste Management,United States,NASDAQ,82985293.0,6.34,53.03,46.43,5,43.4,1639,False,-84.69,21.92,-52.59,-59.0,-88.11,-96.11,-97.92,13.3717,15.4624,53.3086,162.8995,304.323,419463,1226,2026-08-14,50.97,13089163.0
NYSE:CANG,CANG,Cango Inc.,Financial Services,Capital Markets,United States,NYSE,80610032.0,2.05,53.04,46.89,5,43.4,1640,False,-92.55,46.43,-74.13,-81.4,-86.32,-83.27,-81.09,7.9231,11.0189,14.9887,12.2545,10.8416,257863,1254,2026-08-14,60.28,39321967.0
NASDAQ:OPK,OPK,"Opko Health, Inc.",Healthcare,Diagnostics & Research,United States,NASDAQ,1029932950.0,1.38,53.04,52.34,5,43.4,1641,False,-16.36,25.45,7.4,4.58,-2.08,-0.21,-4.69,1.285,1.3195,1.4093,1.3829,1.448,6845482,1255,2026-08-14,55.07,746328225.0
NASDAQ:HPK,HPK,"HighPeak Energy, Inc.",Energy,Oil & Gas E&P,United States,NASDAQ,938840713.0,7.43,53.05,52.25,5,43.5,1642,False,-10.48,91.0,21.05,16.99,-20.25,-33.35,-44.79,6.1382,6.3509,9.3163,11.1476,13.4572,3322895,1254,2026-08-14,53.84,126358104.0
NASDAQ:APXT,APXT,Apex Treasury Corporation,Financial Services,Shell Companies,United States,NASDAQ,348491700.0,10.11,53.06,54.69,5,43.5,1643,False,-0.39,2.43,,,,,,,,,,,5139642,185,2026-08-14,53.06,34470000.0
NYSE:FAF,FAF,First American Corporation (New),Financial Services,Insurance - Specialty,United States,NYSE,7541106000.0,73.86,53.08,54.2,5,43.5,1644,False,-6.7,31.0,13.02,14.1,18.9,25.02,30.68,65.3484,64.7308,62.1202,59.0788,56.5186,55834774,1255,2026-08-14,53.75,102100000.0
NASDAQ:SLNH,SLNH,"Soluna Holdings, Inc.",Financial Services,Capital Markets,United States,NASDAQ,206649034.0,1.31,53.11,50.62,5,43.6,1645,True,-70.36,204.65,-7.31,-11.74,-24.19,-46.84,-81.62,1.4133,1.4843,1.728,2.4641,7.1271,14069510,1255,2026-08-14,52.44,157747354.0
NASDAQ:CPHC,CPHC,Canterbury Park Holding Corporation,Consumer Cyclical,Resorts & Casinos,United States,NASDAQ,81014754.0,15.73,53.13,51.43,5,43.6,1646,False,-6.19,9.96,1.63,0.55,-8.44,-14.45,-19.72,15.4773,15.6436,17.1801,18.3879,19.5934,22316,1255,2026-08-14,55.21,5150334.0
NASDAQ:KMB,KMB,Kimberly-Clark Corporation,Consumer Defensive,Household & Personal Products,United States,NASDAQ,36642896009.0,110.39,53.13,53.85,5,43.6,1647,False,-13.26,20.26,8.92,4.86,-5.18,-4.9,-4.6,101.3528,105.2734,116.4179,116.083,115.7083,373268256,1255,2026-08-14,53.94,331940357.0
NYSE:PRI,PRI,"Primerica, Inc.",Financial Services,Insurance - Life,United States,NYSE,9782111470.0,313.69,53.13,56.34,5,43.6,1648,False,-3.9,28.3,16.21,16.52,16.88,25.29,38.58,269.9227,269.2224,268.3911,250.3646,226.3623,56642711,1255,2026-08-14,51.99,31184008.0
NYSE:WAL,WAL,Western Alliance Bancorporation Common Stock (DE),Financial Services,Banks - Regional,United States,NYSE,8988138835.0,82.32,53.16,52.69,5,43.7,1649,True,-13.0,24.75,2.27,1.58,3.06,15.07,23.66,80.4911,81.0372,79.8796,71.5369,66.5676,82342155,1255,2026-08-14,51.27,109185360.0
NASDAQ:ZURA,ZURA,Zura Bio Limited,Healthcare,Biotechnology,United States,NASDAQ,528485555.0,5.57,53.16,53.86,5,43.7,1650,False,-20.88,250.31,9.55,21.36,62.0,46.69,,5.0844,4.5895,3.4382,3.7972,,3667179,853,2026-08-14,54.47,94880710.0
NASDAQ:DPZ,DPZ,Domino's Pizza Inc,Consumer Cyclical,Restaurants,United States,NASDAQ,11455212378.0,346.27,53.17,54.3,5,43.8,1651,False,-24.47,22.34,-5.49,-8.71,-15.26,-15.81,-11.18,366.3741,379.3003,408.6147,411.3002,389.8409,315094849,1255,2026-08-14,56.18,33081735.0
AMEX:ISOU,ISOU,IsoEnergy Ltd.,Energy,Uranium,Canada,AMEX,671488644.0,10.29,53.17,51.14,5,43.8,1652,False,-22.16,46.37,-0.58,2.15,15.38,5.04,7.04,10.3499,10.0732,8.9184,9.7962,9.6134,793418,1254,2026-08-14,53.17,65256428.0
NASDAQ:RJET,RJET,Republic Airways Holdings Inc.,Industrials,Airlines,United States,NASDAQ,952043247.0,20.33,53.17,52.77,5,43.8,1653,False,-19.8,24.42,4.01,3.8,13.4,17.78,-2.84,19.5455,19.5849,17.9276,17.2612,20.9233,2195390,1254,2026-08-14,54.73,46829476.0
NASDAQ:RKLB,RKLB,Rocket Lab Corporation,Industrials,Aerospace & Defense,United States,NASDAQ,46454114869.0,80.25,53.18,49.42,5,43.8,1654,True,-46.58,103.27,2.37,9.79,67.86,140.06,205.3,78.389,73.0915,47.8086,33.4288,26.2856,1401680422,1255,2026-08-14,53.0,578867475.0
NASDAQ:SHEN,SHEN,Shenandoah Telecommunications Co,Communication Services,Telecom Services,United States,NASDAQ,734689304.0,13.27,53.18,50.09,5,43.8,1655,False,-22.4,34.04,-1.03,-0.6,0.72,-12.56,-17.49,13.4077,13.3505,13.1753,15.1767,16.0832,6273726,1255,2026-08-14,55.05,55364680.0
NASDAQ:JBHT,JBHT,"J.B. Hunt Transport Services, Inc.",Industrials,Integrated Freight & Logistics,United States,NASDAQ,26268947588.0,279.71,53.2,52.62,5,43.9,1656,False,-6.11,115.84,22.06,32.34,51.45,53.14,55.29,229.1631,211.3493,184.6932,182.6514,180.1261,257753391,1255,2026-08-14,55.59,93914939.0
NYSE:ACEL,ACEL,"Accel Entertainment, Inc.",Consumer Cyclical,Gambling,United States,NYSE,1010899818.0,12.42,53.22,51.87,5,43.9,1657,False,-7.38,29.24,7.78,8.76,9.24,11.69,16.54,11.5234,11.4192,11.3695,11.1198,10.6571,3395666,1254,2026-08-14,52.99,81392900.0
NYSE:MHO,MHO,"M/I Homes, Inc.",Consumer Cyclical,Residential Construction,United States,NYSE,3892511480.0,152.11,53.22,53.61,5,43.9,1658,False,-6.68,29.25,11.94,10.64,12.48,18.08,36.71,135.8901,137.4811,135.2307,128.816,111.2608,32961188,1255,2026-08-14,56.44,25590109.0
NASDAQ:CLPT,CLPT,ClearPoint Neuro Inc.,Healthcare,Medical Devices,United States,NASDAQ,460039896.0,15.34,53.23,52.2,5,43.9,1659,False,-48.18,77.14,12.16,6.36,11.53,36.8,43.08,13.6768,14.4224,13.7546,11.2138,10.7215,9193750,1255,2026-08-14,53.88,29989563.0
NASDAQ:XFOR,XFOR,"X4 Pharmaceuticals, Inc.",Healthcare,Biotechnology,United States,NASDAQ,398029117.0,4.22,53.23,52.66,5,43.9,1660,False,-9.64,69.48,7.88,11.29,-44.71,-71.16,-80.49,3.9117,3.7919,7.6325,14.6329,21.632,2779750,1254,2026-08-14,55.4,94319696.0
NYSE:PSA,PSA,Public Storage,Real Estate,REIT - Industrial,United States,NYSE,60866041646.0,325.93,53.24,53.76,5,44.0,1661,False,-1.37,28.58,11.96,12.67,11.86,17.09,19.19,291.1164,289.2694,291.3776,278.3531,273.4626,392075528,1255,2026-08-14,56.69,186745748.0
AMEX:QNC,QNC,Quantum eMotion Corp.,Technology,Software - Infrastructure,Canada,AMEX,533068298.0,2.43,53.24,48.98,5,44.0,1662,True,-35.88,25.26,,,,,,,,,,,1175600,119,2026-08-14,51.58,219369670.0
NYSE:BEN,BEN,"Franklin Resources, Inc.",Financial Services,Asset Management,United States,NYSE,17594914305.0,33.86,53.25,54.35,5,44.1,1663,False,-5.34,66.08,24.49,28.65,47.97,49.97,50.59,27.1988,26.3189,22.8837,22.578,22.4843,152136384,1255,2026-08-14,53.25,519637162.0
NASDAQ:IVA,IVA,Inventiva S.A. - American Depository Shares,Healthcare,Biotechnology,France,NASDAQ,1086614995.0,4.6,53.25,52.39,5,44.1,1664,False,-35.66,34.9,-8.66,-9.82,16.55,19.69,15.66,5.0361,5.1007,3.9469,3.8433,3.9772,3366478,1254,2026-08-14,53.25,236220651.0
NASDAQ:LKQ,LKQ,LKQ Corporation,Consumer Cyclical,Auto Parts,United States,NASDAQ,6431313026.0,25.42,53.25,50.6,5,44.1,1665,False,-25.37,13.23,-11.65,-12.44,-22.8,-30.15,-35.86,28.7727,29.0321,32.9296,36.3924,39.6302,86334416,1255,2026-08-14,51.72,253002086.0
NYSE:MUX,MUX,McEwen Inc.,Basic Materials,Other Precious Metals & Mining,Canada,NYSE,1153541041.0,18.8,53.25,51.05,5,44.1,1666,True,-35.28,90.28,-10.12,-4.94,31.75,52.69,74.31,20.9157,19.7764,14.2699,12.3124,10.7855,17104708,1255,2026-08-14,51.74,61358566.0
NASDAQ:BLNK,BLNK,Blink Charging Co.,Industrials,Engineering & Construction,United States,NASDAQ,85203580.0,0.593,53.28,49.98,5,44.1,1667,False,-76.28,26.17,-25.96,-37.49,-47.24,-66.76,-86.03,0.8009,0.9487,1.124,1.784,4.2454,747190,1255,2026-08-14,54.94,143682259.0
NASDAQ:SAFX,SAFX,"XCF Global, Inc.",Utilities,Utilities - Renewable,United States,NASDAQ,178413401.0,0.442,53.29,51.71,5,44.2,1668,False,-69.52,222.63,4.69,-25.98,,,,0.4222,0.5972,,,,1702360,405,2026-08-14,54.65,403650229.0
NYSE:ABR,ABR,Arbor Realty Trust,Real Estate,REIT - Mortgage,United States,NYSE,949580439.0,5.09,53.3,49.75,5,44.2,1669,False,-53.4,9.81,-23.79,-31.61,-42.77,-44.92,-44.22,6.6793,7.4421,8.8938,9.2405,9.1251,19962784,1255,2026-08-14,53.3,186558043.0
NASDAQ:DEFT,DEFT,"Defi Technologies, Inc.",Financial Services,Capital Markets,Canada,NASDAQ,189681139.0,0.489,53.32,50.07,5,44.3,1670,True,-82.02,25.38,-39.18,-55.38,,,,0.804,1.0959,,,,818503,501,2026-08-14,52.11,387895989.0
NASDAQ:PCAR,PCAR,PACCAR Inc.,Industrials,Farm & Heavy Construction Machinery,United States,NASDAQ,68843272203.0,130.79,53.32,55.13,5,44.3,1671,True,-5.12,44.1,12.03,16.25,25.03,30.37,44.19,116.7463,112.5029,104.606,100.3235,90.7087,516919921,1255,2026-08-14,53.17,526364953.0
NYSE:Q,Q,"Qnity Electronics, Inc.",Technology,Semiconductor Equipment & Materials,United States,NYSE,29788969156.0,142.3,53.32,51.05,5,44.3,1672,False,-18.98,93.87,19.67,,,,,118.9103,,,,,249682500,200,2026-08-14,53.62,209339207.0
NASDAQ:TEM,TEM,"Tempus AI, Inc.",Healthcare,Health Information Services,United States,NASDAQ,9137869381.0,52.1,53.33,51.9,5,44.3,1673,False,-49.54,25.39,-9.34,-17.24,-11.13,,,57.4691,62.9565,58.6239,,,242844039,543,2026-08-14,58.56,175390967.0
NYSE:UNP,UNP,Union Pacific Corporation,Industrials,Railroads,United States,NYSE,174468092253.0,293.68,53.33,55.33,5,44.3,1674,False,-4.44,38.89,16.25,19.35,24.16,27.29,32.93,252.6284,246.0677,236.5392,230.7108,220.9293,901848045,1255,2026-08-14,59.4,594075498.0
NASDAQ:UPB,UPB,"Upstream Bio, Inc.",Healthcare,Biotechnology,United States,NASDAQ,384749301.0,7.07,53.33,49.98,5,44.3,1675,False,-78.31,19.43,-53.79,-55.77,,,,15.2991,15.9838,,,,4064205,460,2026-08-14,50.18,54419986.0
NASDAQ:CBFV,CBFV,"CB Financial Services, Inc.",Financial Services,Banks - Regional,United States,NASDAQ,188941489.0,37.19,53.35,53.26,5,44.4,1676,True,-2.19,21.29,6.77,8.66,20.82,36.05,47.56,34.833,34.2248,30.7804,27.336,25.2038,195703,1255,2026-08-14,52.79,5080438.0
NASDAQ:PLBL,PLBL,Polibeli Group Ltd,Consumer Cyclical,Department Stores,Singapore,NASDAQ,2284814640.0,7.16,53.36,51.0,5,44.4,1677,False,-39.06,40.12,-14.98,-16.55,,,,8.4213,8.5802,,,,1263986,255,2026-08-14,51.33,319108190.0
NASDAQ:WRAP,WRAP,"Wrap Technologies, Inc.",Technology,Scientific & Technical Instruments,United States,NASDAQ,104787910.0,1.88,53.36,53.59,5,44.4,1678,False,-39.35,77.36,0.91,-1.66,5.18,-3.3,-0.83,1.8631,1.9117,1.7874,1.9442,1.8958,1307911,1255,2026-08-14,47.31,55738250.0
NYSE:EAF,EAF,GrafTech International Ltd.,Industrials,Electrical Equipment & Parts,United States,NYSE,198224397.0,7.61,53.38,51.79,5,44.5,1679,False,-61.6,45.51,-25.76,-29.81,-35.01,-48.79,-68.05,10.2504,10.8419,11.7093,14.86,23.8172,2279468,1254,2026-08-14,55.79,26047884.0
NASDAQ:AGPU,AGPU,Axe Compute Inc.,Technology,Software - Infrastructure,United States,NASDAQ,94153454.0,8.27,53.39,53.68,5,44.5,1680,False,-54.06,486.52,49.16,15.14,-24.53,-59.32,-79.08,5.5442,7.1826,10.9577,20.3279,39.5312,4915530,1255,2026-08-14,54.17,11384940.0
NYSE:BHVN,BHVN,Biohaven Ltd.,Healthcare,Biotechnology,United States,NYSE,2204212894.0,14.64,53.4,53.84,5,44.5,1681,False,-19.16,87.93,27.63,19.33,-34.03,-45.76,,11.4705,12.2686,22.1918,26.9931,,26586135,975,2026-08-14,55.52,150560990.0
NYSE:RH,RH,RH,Consumer Cyclical,Specialty Retail,United States,NYSE,3440029929.0,181.76,53.4,54.57,5,44.5,1682,True,-27.59,61.06,11.11,4.68,-20.55,-25.45,-28.24,163.5901,173.6261,228.7774,243.798,253.2726,124586340,1254,2026-08-14,52.07,18926221.0
NYSE:ALL,ALL,Allstate Corporation (The),Financial Services,Insurance - Property & Casualty,United States,NYSE,67292405311.0,261.41,53.41,55.86,5,44.6,1683,False,-4.98,39.66,21.03,22.79,29.93,44.46,59.39,215.9961,212.8928,201.1871,180.9564,164.0094,443113898,1255,2026-08-14,52.68,257420930.0
NYSE:LPL,LPL,"LG Display Co, Ltd AMERICAN DEPOSITORY SHARES",Technology,Consumer Electronics,South Korea,NYSE,3500000000.0,3.5,53.41,48.44,5,44.6,1684,True,-39.24,25.45,-17.58,-19.79,-10.31,-14.34,-21.59,4.2464,4.3638,3.9025,4.0857,4.4636,10101150,1255,2026-08-14,48.45,1000000000.0
NYSE:MC,MC,Moelis & Company,Financial Services,Capital Markets,United States,NYSE,5067716273.0,68.41,53.41,52.8,5,44.6,1685,False,-9.36,35.81,6.04,4.75,7.04,17.41,29.98,64.5123,65.3082,63.9082,58.2679,52.6303,65554066,1254,2026-08-14,57.99,74078589.0
NYSE:RNST,RNST,Renasant Corporation,Financial Services,Banks - Regional,United States,NYSE,3980610666.0,43.55,53.41,54.31,5,44.6,1686,False,-1.69,32.81,12.96,14.21,21.19,30.88,34.07,38.5536,38.1305,35.934,33.2747,32.4842,25217996,1255,2026-08-14,56.11,91403230.0
NASDAQ:PLUG,PLUG,"Plug Power, Inc.",Industrials,Electrical Equipment & Parts,United States,NASDAQ,3236560270.0,2.32,53.42,48.44,5,44.7,1687,False,-43.96,64.54,-7.24,-6.41,10.31,-19.15,-60.78,2.501,2.4789,2.1032,2.8696,5.915,127859689,1255,2026-08-14,52.42,1395069082.0
NYSE:AMN,AMN,AMN Healthcare Services Inc,Healthcare,Medical Care Facilities,United States,NYSE,1338118794.0,34.5,53.43,54.15,5,44.7,1688,False,-5.74,128.48,50.0,54.63,35.95,-12.47,-37.5,22.9994,22.3117,25.3775,39.4158,55.202,25822741,1255,2026-08-14,53.4,38786052.0
NYSE:AZZ,AZZ,AZZ Inc.,Industrials,Specialty Business Services,United States,NYSE,4548294676.0,151.35,53.43,53.16,5,44.7,1689,True,-5.35,55.74,16.85,20.82,42.11,64.65,92.33,129.5297,125.2666,106.5021,91.9235,78.6918,36530964,1255,2026-08-14,51.66,30051501.0
NASDAQ:LKFN,LKFN,Lakeland Financial Corporation,Financial Services,Banks - Regional,United States,NASDAQ,1553431099.0,62.49,53.43,53.48,5,44.7,1690,False,-5.92,15.53,6.42,5.15,3.67,7.0,6.64,58.7185,59.4291,60.2761,58.4024,58.5966,9897004,1255,2026-08-14,54.61,24858875.0
NYSE:SYK,SYK,Stryker Corporation,Healthcare,Medical Devices,United States,NYSE,130039804078.0,339.21,53.43,53.82,5,44.7,1691,False,-13.1,20.36,-0.19,-2.35,-5.25,-0.59,6.71,339.8598,347.367,358.0018,341.2403,317.8928,767432455,1255,2026-08-14,54.71,383360762.0
NYSE:GDDY,GDDY,GoDaddy Inc.,Technology,Software - Infrastructure,United States,NYSE,12567018579.0,94.91,53.44,53.42,5,44.8,1692,False,-36.25,26.56,-3.97,-11.69,-33.56,-27.88,-19.29,98.8383,107.4786,142.8498,131.6059,117.5975,205397581,1254,2026-08-14,60.41,132409847.0
NASDAQ:IMSR,IMSR,Terrestrial Energy Inc.,Utilities,Utilities - Regulated Electric,United States,NASDAQ,487212360.0,5.89,53.44,50.02,5,44.8,1693,False,-78.27,27.35,-26.15,-37.94,,,,7.9761,9.491,,,,10070775,462,2026-08-14,56.11,82718567.0
NASDAQ:NCEW,NCEW,New Century Logistics (BVI) Limited,Industrials,Integrated Freight & Logistics,Hong Kong,NASDAQ,55392000.0,17.31,53.46,51.98,5,44.9,1694,True,-16.38,475.08,53.98,74.43,,,,11.2421,9.9239,,,,118302,413,2026-08-14,49.02,3200000.0
NASDAQ:PEGA,PEGA,Pegasystems Inc.,Technology,Software - Application,United States,NASDAQ,5313567822.0,32.32,53.47,51.57,5,44.9,1695,False,-51.39,24.36,-25.55,-29.89,-28.11,-16.98,-5.96,43.4143,46.0984,44.9579,38.9316,34.3693,106295580,1255,2026-08-14,58.71,164404945.0
NASDAQ:LGIH,LGIH,"LGI Homes, Inc.",Consumer Cyclical,Residential Construction,United States,NASDAQ,1389290284.0,59.8,53.48,53.75,5,44.9,1696,False,-11.37,74.65,20.68,17.47,-9.73,-25.65,-31.43,49.5516,50.9064,66.2457,80.4268,87.2147,20360929,1254,2026-08-14,51.49,23232279.0
NYSE:SD,SD,"SandRidge Energy, Inc.",Energy,Oil & Gas E&P,United States,NYSE,517963174.0,14.03,53.48,51.3,5,44.9,1697,True,-20.19,38.52,-3.78,1.28,14.71,14.77,15.14,14.5814,13.8531,12.2308,12.224,12.1847,4117247,1254,2026-08-14,52.08,36918259.0
NASDAQ:AMZN,AMZN,"Amazon.com, Inc.",Consumer Cyclical,Internet Retail,United States,NASDAQ,2825354793365.0,262.65,53.49,53.95,5,45.0,1698,False,-7.52,32.12,10.5,11.7,19.35,30.86,47.49,237.7025,235.1416,220.0636,200.706,178.0841,12376158902,1255,2026-08-14,55.41,10757109436.0
NASDAQ:FA,FA,First Advantage Corporation,Industrials,Specialty Business Services,United States,NASDAQ,3706444652.0,21.58,53.49,55.46,5,45.0,1699,False,-10.53,141.12,46.92,45.36,33.25,35.18,43.35,14.6888,14.8457,16.1947,15.9643,15.0538,58912254,1255,2026-08-14,56.71,171753691.0
NASDAQ:RDWR,RDWR,Radware Ltd.,Technology,Software - Infrastructure,Israel,NASDAQ,1234700257.0,29.34,53.49,52.23,5,45.0,1700,False,-8.68,34.96,12.18,12.39,18.63,31.33,33.9,26.1546,26.1044,24.733,22.3399,21.9116,6678295,1255,2026-08-14,55.39,42082490.0
NASDAQ:SLGL,SLGL,Sol-Gel Technologies Ltd.,Healthcare,Biotechnology,Israel,NASDAQ,276850848.0,84.69,53.5,53.57,5,45.1,1701,False,-13.56,455.34,28.08,44.81,158.13,224.74,177.33,66.1252,58.4821,32.8092,26.0795,30.5376,4870742,1254,2026-08-14,52.9,3268991.0
NYSE:TT,TT,Trane Technologies plc,Industrials,Building Products & Equipment,Ireland,NYSE,105655129595.0,480.2,53.5,52.62,5,45.1,1702,True,-4.62,28.16,8.75,10.14,17.15,33.22,53.71,441.5471,436.0054,409.909,360.4569,312.4003,552417733,1255,2026-08-14,52.18,220023177.0
NASDAQ:MBLY,MBLY,Mobileye Global Inc.,Consumer Cyclical,Auto Parts,Israel,NASDAQ,2251582680.0,8.92,53.51,51.29,5,45.1,1703,False,-42.6,35.98,-6.59,-15.31,-31.23,-53.72,,9.5498,10.5322,12.9698,19.275,,58003830,953,2026-08-14,53.22,252419583.0
NASDAQ:JACK,JACK,Jack In The Box Inc.,Consumer Cyclical,Restaurants,United States,NASDAQ,324823680.0,17.03,53.52,55.04,5,45.1,1704,False,-27.59,81.17,7.55,3.45,-33.37,-55.66,-64.84,15.834,16.4623,25.5592,38.4093,48.4373,15958610,1255,2026-08-14,67.43,19073616.0
NYSE:EOG,EOG,"EOG Resources, Inc.",Energy,Oil & Gas E&P,United States,NYSE,75958154663.0,142.61,53.53,53.48,5,45.2,1705,True,-4.09,43.61,14.98,17.43,19.66,21.32,24.07,124.0325,121.4423,119.1795,117.5529,114.9446,419880086,1255,2026-08-14,51.9,532628530.0
NASDAQ:RYOJ,RYOJ,"rYojbaba Co., Ltd.",Industrials,Consulting Services,Japan,NASDAQ,53707500.0,4.65,53.53,55.24,5,45.2,1706,False,-49.01,152.99,46.22,,,,,3.1802,,,,,368673,251,2026-08-14,53.53,11550000.0
NYSE:CNI,CNI,Canadian National Railway Company,Industrials,Railroads,Canada,NYSE,76725516000.0,126.84,53.54,55.89,5,45.2,1707,False,-2.86,41.17,17.54,20.85,22.5,18.45,17.43,107.9166,104.957,103.5444,107.0803,108.014,203937114,1255,2026-08-14,56.98,604900000.0
NASDAQ:NKTR,NKTR,Nektar Therapeutics,Healthcare,Biotechnology,United States,NASDAQ,2467056057.0,73.02,53.54,53.62,5,45.2,1708,False,-27.23,173.59,14.54,20.69,91.23,143.98,139.53,63.7502,60.5033,38.1844,29.9285,30.485,49205032,1255,2026-08-14,63.2,33786032.0
NASDAQ:BRCB,BRCB,"Black Rock Coffee Bar, Inc.",Consumer Cyclical,Restaurants,United States,NASDAQ,176681994.0,8.19,53.55,51.1,5,45.3,1709,True,-70.58,32.31,-43.41,,,,,14.4721,,,,,2608117,232,2026-08-14,51.56,21572893.0
NYSE:MS,MS,Morgan Stanley,Financial Services,Capital Markets,United States,NYSE,341689920000.0,217.36,53.56,53.52,5,45.3,1710,False,-4.37,54.32,17.29,21.91,46.26,71.68,89.67,185.3165,178.2909,148.6078,126.6046,114.598,1079815121,1255,2026-08-14,55.05,1572000000.0
NASDAQ:CGEN,CGEN,Compugen Ltd.,Healthcare,Biotechnology,Israel,NASDAQ,227948973.0,2.41,53.58,52.55,5,45.3,1711,False,-22.26,81.2,14.62,20.93,30.66,35.26,53.7,2.1026,1.9929,1.8445,1.7817,1.568,614566,1255,2026-08-14,53.58,94584636.0
NASDAQ:CRGO,CRGO,Freightos Limited,Industrials,Integrated Freight & Logistics,Spain,NASDAQ,69772722.0,1.35,53.58,49.34,5,45.3,1712,False,-67.07,17.39,-34.55,-42.04,-41.94,-43.95,-61.11,2.0626,2.3293,2.3251,2.4087,3.4715,45798,1188,2026-08-14,51.38,51683498.0
NASDAQ:EFSC,EFSC,Enterprise Financial Services Corporation,Financial Services,Banks - Regional,United States,NASDAQ,2408618940.0,66.43,53.58,55.04,5,45.3,1713,False,-3.05,29.98,14.07,14.48,19.62,33.53,38.15,58.238,58.0252,55.5357,49.7499,48.085,15656430,1255,2026-08-14,53.73,36258000.0
NYSE:HMN,HMN,Horace Mann Educators Corporation,Financial Services,Insurance - Property & Casualty,United States,NYSE,2118800095.0,52.47,53.59,55.08,5,45.4,1714,False,-3.05,27.4,14.78,15.59,25.81,37.98,45.12,45.715,45.3943,41.7055,38.028,36.1564,12863761,1255,2026-08-14,50.14,40381172.0
NYSE:TECK,TECK,Teck Resources Ltd,Basic Materials,Copper,Canada,NYSE,30685019732.0,63.53,53.6,53.31,5,45.4,1715,False,-9.84,104.25,16.4,23.73,37.21,41.76,48.24,54.5786,51.3472,46.3009,44.8161,42.8548,198516272,1255,2026-08-14,54.29,483000468.0
NASDAQ:INTG,INTG,The Intergroup Corporation,Consumer Cyclical,Lodging,United States,NASDAQ,76239850.0,35.48,53.62,50.19,5,45.4,1716,True,-27.47,189.16,3.25,12.37,56.74,53.34,25.11,34.3637,31.5738,22.6355,23.1375,28.3583,3704238,1255,2026-08-14,52.69,2148812.0
NASDAQ:KE,KE,"Kimball Electronics, Inc.",Industrials,Electrical Equipment & Parts,United States,NASDAQ,621664711.0,25.85,53.63,52.64,5,45.5,1717,False,-21.97,23.27,-2.59,-4.52,14.67,12.25,11.85,26.537,27.0751,22.5438,23.0299,23.1107,5222289,1254,2026-08-14,54.98,24048925.0
NYSE:TFII,TFII,TFI International Inc.,Industrials,Trucking,Canada,NYSE,12052786066.0,146.64,53.64,52.14,5,45.5,1718,False,-9.94,83.1,20.57,27.01,28.69,22.39,26.46,121.6233,115.4583,113.9493,119.8172,115.9542,50282748,1255,2026-08-14,54.38,82193031.0
NASDAQ:FSBW,FSBW,"FS Bancorp, Inc.",Financial Services,Banks - Regional,United States,NASDAQ,322384286.0,43.48,53.65,53.68,5,45.5,1719,False,-3.31,19.58,7.03,7.7,9.31,18.3,25.91,40.6238,40.3731,39.7783,36.7553,34.5326,959888,1254,2026-08-14,57.05,7414542.0
NYSE:TRV,TRV,"The Travelers Companies, Inc.",Financial Services,Insurance - Property & Casualty,United States,NYSE,77247845148.0,370.36,53.65,57.87,5,45.5,1720,True,-6.76,43.27,21.78,24.65,36.44,51.92,65.22,304.1205,297.125,271.4436,243.7905,224.1619,770576750,1255,2026-08-14,53.36,208575022.0
NYSE:ANVS,ANVS,"Annovis Bio, Inc.",Healthcare,Biotechnology,United States,NYSE,78702456.0,1.85,53.67,51.3,5,45.6,1721,True,-63.73,16.35,-25.88,-24.26,-47.14,-66.84,-75.98,2.496,2.4426,3.5001,5.5798,7.7013,1029049,1255,2026-08-14,48.25,42541868.0
NYSE:AQN,AQN,Algonquin Power & Utilities Corp.,Utilities,Utilities - Diversified,Canada,NYSE,4533330054.0,5.89,53.67,51.91,5,45.6,1722,False,-13.78,12.07,-2.51,-0.96,8.25,7.5,-1.93,6.0414,5.9472,5.4409,5.4788,6.0057,23026138,1255,2026-08-14,50.01,769665544.0
NYSE:BBAI,BBAI,"BigBear.ai, Inc.",Technology,Information Technology Services,United States,NYSE,1567946992.0,3.27,53.67,49.82,5,45.6,1723,False,-63.3,26.25,-27.84,-33.44,-23.87,-4.84,6.3,4.5315,4.9131,4.2953,3.4363,3.0762,70930717,1255,2026-08-14,56.38,479494493.0
NASDAQ:COKE,COKE,"Coca-Cola Consolidated, Inc.",Consumer Defensive,Beverages - Non-Alcoholic,United States,NASDAQ,10687993033.0,189.11,53.67,52.86,5,45.6,1724,False,-12.58,70.06,7.89,15.45,31.31,52.93,78.93,175.2764,163.803,144.0177,123.6554,105.6907,90878157,1255,2026-08-14,54.8,56517334.0
NASDAQ:MRVL,MRVL,"Marvell Technology, Inc.",Technology,Semiconductors,United States,NASDAQ,194437661234.0,222.02,53.68,51.68,5,45.7,1725,False,-29.82,257.07,57.04,73.19,112.54,145.04,179.38,141.3805,128.1979,104.4612,90.6063,79.4682,4385148411,1255,2026-08-14,53.75,875766423.0
NASDAQ:IBKR,IBKR,"Interactive Brokers Group, Inc.",Financial Services,Capital Markets,United States,NASDAQ,41011290550.0,92.06,53.7,52.94,5,45.7,1726,True,-5.49,53.53,19.54,23.41,52.79,89.82,123.94,77.0108,74.5993,60.2544,48.4994,41.1088,432452763,1255,2026-08-14,52.37,445484364.0
NASDAQ:ROST,ROST,"Ross Stores, Inc.",Consumer Cyclical,Apparel Retail,United States,NASDAQ,78706844807.0,245.36,53.7,56.0,5,45.7,1727,True,-3.87,70.68,18.74,25.91,46.31,58.03,73.25,206.6314,194.8754,167.695,155.26,141.6178,520594838,1255,2026-08-14,53.18,320781076.0
NASDAQ:TSAT,TSAT,Telesat Corporation - Class A Common Shares and Class B Variable Voting Shares,Technology,Communication Equipment,Canada,NASDAQ,764970625.0,50.64,53.7,53.63,5,45.7,1728,False,-17.52,154.09,32.68,41.98,92.51,140.94,182.18,38.1668,35.6678,26.3054,21.0175,17.9459,13500792,1255,2026-08-14,56.31,15106055.0
NASDAQ:VMET,VMET,Versamet Royalties Corporation,Basic Materials,Other Precious Metals & Mining,Canada,NASDAQ,1100019141.0,10.13,53.7,49.96,5,45.7,1729,False,-25.13,17.79,,,,,,,,,,,1870057,115,2026-08-14,53.7,108590241.0
NYSE:PBA,PBA,Pembina Pipeline Corp. Ordinary Shares (Canada),Energy,Oil & Gas Midstream,Canada,NYSE,28682188550.0,49.33,53.71,53.62,5,45.8,1730,False,-3.97,38.16,14.33,17.28,24.97,34.7,42.81,43.1451,42.0614,39.4742,36.6233,34.5416,41608566,1255,2026-08-14,50.96,581435000.0
NYSE:TFIN,TFIN,"Triumph Financial, Inc.",Financial Services,Banks - Regional,United States,NYSE,1869030684.0,78.22,53.74,54.0,5,45.8,1731,False,-3.53,66.6,19.49,23.33,14.24,11.79,16.79,65.46,63.421,68.4707,69.9703,66.9753,18925691,1254,2026-08-14,54.31,23894537.0
NYSE:CIEN,CIEN,Ciena Corporation,Technology,Communication Equipment,United States,NYSE,60693646366.0,428.77,53.75,50.83,5,45.9,1732,False,-31.62,394.89,18.05,35.77,120.48,194.54,254.94,363.2016,315.811,194.475,145.5736,120.7996,846313390,1255,2026-08-14,57.24,141552922.0
NASDAQ:HOUR,HOUR,"Hour Loop, Inc.",Consumer Cyclical,Internet Retail,United States,NASDAQ,68413034.0,1.944,53.75,51.67,5,45.9,1733,False,-65.89,53.07,-0.15,-5.75,6.4,18.06,5.92,1.947,2.0625,1.8271,1.6467,1.8353,36467,1153,2026-08-14,55.92,35191890.0
NASDAQ:BTCS,BTCS,BTCS Inc.,Financial Services,Capital Markets,United States,NASDAQ,55748416.0,1.12,53.77,48.97,5,45.9,1734,True,-81.21,14.17,-43.79,-55.63,-54.65,-46.75,-41.17,1.9925,2.5242,2.4699,2.1032,1.9038,669487,1255,2026-08-14,48.02,49775371.0
NYSE:WTI,WTI,"W&T Offshore, Inc.",Energy,Oil & Gas E&P,United States,NYSE,546014152.0,3.67,53.78,52.35,5,46.0,1735,True,-25.09,146.03,28.19,37.69,67.04,50.68,16.76,2.863,2.6654,2.1971,2.4356,3.1433,15654721,1255,2026-08-14,52.48,148777698.0
NASDAQ:XNDU,XNDU,Xanadu Quantum Technologies Limited - Class B Subordinate Voting Shares,Technology,Software - Infrastructure,Canada,NASDAQ,499069259.0,11.53,53.78,50.51,5,46.0,1736,False,-68.08,54.35,,,,,,,,,,,10597616,101,2026-08-14,47.8,43284411.0
NYSE:BKH,BKH,Black Hills Corporation,Utilities,Utilities - Regulated Gas,United States,NYSE,5655557886.0,74.29,53.79,52.38,5,46.0,1737,False,-2.38,31.05,3.92,7.8,18.96,28.7,28.92,71.4844,68.913,62.4498,57.7239,57.6267,54268653,1255,2026-08-14,52.19,76128118.0
NASDAQ:SBET,SBET,"Sharplink, Inc.",Financial Services,Capital Markets,United States,NASDAQ,1316243857.0,6.26,53.79,52.88,5,46.0,1738,False,-73.35,37.28,-19.88,-35.56,-38.47,-49.23,-75.17,7.8132,9.7143,10.1738,12.3309,25.2141,44592008,1255,2026-08-14,55.22,210262597.0
NASDAQ:TAYD,TAYD,"Taylor Devices, Inc.",Industrials,Specialty Industrial Machinery,United States,NASDAQ,178210040.0,55.36,53.79,51.6,5,46.0,1739,True,-38.45,34.11,-8.33,-3.54,12.12,24.48,48.05,60.389,57.391,49.3762,44.4747,37.3932,1702803,1255,2026-08-14,45.86,3219112.0
NYSE:TLK,TLK,"PT Telekomunikasi Indonesia, Tbk",Communication Services,Telecom Services,Indonesia,NYSE,14629411615.0,14.84,53.79,52.01,5,46.0,1740,False,-31.38,14.28,-14.0,-14.48,-7.53,-11.88,-17.03,17.2567,17.3535,16.0484,16.8415,17.8851,11404979,1255,2026-08-14,50.77,985809408.0
NASDAQ:CCEC,CCEC,Capital Clean Energy Carriers Corp.,Industrials,Marine Shipping,Greece,NASDAQ,1359164991.0,22.61,53.8,54.02,5,46.1,1741,True,-3.77,32.38,8.2,7.91,13.91,24.7,35.31,20.8972,20.9533,19.8492,18.1314,16.7102,248367,1255,2026-08-14,52.1,60113445.0
NASDAQ:FRNM,FRNM,"Freenome, Inc.",Healthcare,Diagnostics & Research,United States,NASDAQ,1226502926.0,11.56,53.8,52.66,5,46.1,1742,False,-18.59,15.72,-1.66,0.39,6.09,,,11.7551,11.5154,10.8963,,,8296795,544,2026-08-14,54.54,106098869.0
NYSE:MCO,MCO,Moody's Corporation,Financial Services,Financial Data & Stock Exchanges,United States,NYSE,83985850001.0,484.96,53.8,53.75,5,46.1,1743,False,-9.53,18.43,3.29,2.38,2.52,10.49,20.53,469.5282,473.7082,473.0285,438.9151,402.353,409160114,1255,2026-08-14,55.7,173180984.0
NYSE:DFH,DFH,"Dream Finders Homes, Inc.",Consumer Cyclical,Residential Construction,United States,NYSE,514764526.0,15.6,53.82,52.24,5,46.2,1744,False,-49.66,24.11,-6.66,-16.97,-31.36,-37.7,-30.21,16.7135,18.7881,22.7261,25.0403,22.3542,10242550,1254,2026-08-14,49.91,32997726.0
NASDAQ:SKYW,SKYW,"SkyWest, Inc.",Industrials,Airlines,United States,NASDAQ,4266653030.0,107.58,53.84,55.85,5,46.2,1745,False,-13.05,37.22,11.11,8.65,9.14,25.76,53.32,96.8201,99.0146,98.5674,85.5409,70.1663,47855720,1255,2026-08-14,55.33,39660281.0
NASDAQ:SWMR,SWMR,"Swarmer, Inc",Technology,Software - Infrastructure,United States,NASDAQ,451672541.0,41.6,53.84,51.54,5,46.2,1746,False,-47.02,57.81,,,,,,,,,,,10424603,105,2026-08-14,56.66,10857513.0
NASDAQ:MDXG,MDXG,"MiMedx Group, Inc",Healthcare,Biotechnology,United States,NASDAQ,622397198.0,4.27,53.85,54.56,5,46.3,1747,True,-46.36,38.19,-13.53,-20.34,-32.63,-36.27,-29.91,4.9382,5.3606,6.3381,6.7,6.0922,6406553,1255,2026-08-14,50.63,145760468.0
NASDAQ:BELFB,BELFB,Bel Fuse Inc.,Technology,Electronic Components,United States,NASDAQ,3512127356.0,290.08,53.86,52.92,5,46.3,1748,True,-12.88,127.29,27.42,38.13,99.05,148.77,199.41,227.6628,210.0118,145.7321,116.6064,96.8844,71026234,1255,2026-08-14,52.24,12107444.0
NASDAQ:CNOB,CNOB,"ConnectOne Bancorp, Inc.",Financial Services,Banks - Regional,United States,NASDAQ,1661028957.0,33.03,53.86,54.64,5,46.3,1749,False,-2.6,45.63,17.3,20.7,30.62,43.87,50.1,28.1588,27.366,25.2861,22.9589,22.0047,14771067,1255,2026-08-14,55.35,50288494.0
NASDAQ:BOT,BOT,"RoboStrategy, Inc.",Financial Services,Asset Management,United States,NASDAQ,764410872.0,31.67,53.89,50.92,5,46.3,1750,False,-24.13,50.74,,,,,,,,,,,13086677,67,2026-08-14,53.89,24136750.0
NYSE:PM,PM,Philip Morris International Inc,Consumer Defensive,Tobacco,United States,NYSE,296744412651.0,190.39,53.9,54.02,5,46.4,1751,False,-4.89,35.42,12.38,14.11,24.61,45.56,60.29,169.4155,166.8513,152.7913,130.8025,118.7818,967840973,1255,2026-08-14,51.78,1558613439.0
NASDAQ:SANA,SANA,"Sana Biotechnology, Inc.",Healthcare,Biotechnology,United States,NASDAQ,987935144.0,3.55,53.9,53.45,5,46.4,1752,False,-40.03,32.46,-4.95,-5.39,3.46,-17.78,-22.18,3.7349,3.7521,3.4312,4.3178,4.5616,8212738,1255,2026-08-14,58.95,278291590.0
NYSE:AUNA,AUNA,Auna SA,Healthcare,Medical Care Facilities,Luxembourg,NYSE,157927034.0,5.24,53.92,53.46,5,46.4,1753,False,-22.6,26.27,3.33,-2.05,-15.55,,,5.0711,5.3494,6.2049,,,784526,600,2026-08-14,56.4,30138747.0
NASDAQ:QUBT,QUBT,Quantum Computing Inc.,Technology,Computer Hardware,United States,NASDAQ,2032070233.0,9.01,53.92,51.23,5,46.4,1754,False,-63.4,42.79,-8.83,-21.69,-9.64,29.93,59.35,9.8829,11.5053,9.9718,6.9348,5.6543,72849082,1255,2026-08-14,52.86,225534987.0
NASDAQ:IART,IART,Integra LifeSciences Holdings Corporation,Healthcare,Medical Devices,United States,NASDAQ,1426347760.0,18.34,53.94,53.94,5,46.5,1755,False,-7.61,106.07,36.47,33.87,12.36,-19.83,-38.42,13.4388,13.7001,16.3232,22.8775,29.7808,16164535,1255,2026-08-14,53.23,77772506.0
NASDAQ:NAKA,NAKA,Nakamoto Inc.,Financial Services,Capital Markets,United States,NASDAQ,85792545.0,4.93,53.95,50.92,5,46.5,1756,False,-99.18,46.29,-58.17,-88.11,-95.64,,,11.7872,41.449,113.0432,,,701985,552,2026-08-14,56.56,17402139.0
NASDAQ:ROCK,ROCK,"Gibraltar Industries, Inc.",Industrials,Building Products & Equipment,United States,NASDAQ,1420212682.0,47.88,53.95,55.03,5,46.5,1757,False,-35.8,41.57,3.78,-3.79,-15.39,-22.86,-19.35,46.1339,49.7683,56.5871,62.0707,59.367,17204046,1255,2026-08-14,56.95,29661919.0
NYSE:ARDT,ARDT,"Ardent Health, Inc.",Healthcare,Medical Care Facilities,United States,NYSE,1563948838.0,10.91,53.96,55.21,5,46.6,1758,False,-28.27,39.34,12.14,3.95,-15.06,,,9.7291,10.4958,12.8444,,,5526933,520,2026-08-14,56.13,143350031.0
NYSE:ECG,ECG,"Everus Construction Group, Inc.",Industrials,Engineering & Construction,United States,NYSE,7198908110.0,141.04,53.97,51.75,5,46.6,1759,True,-16.62,90.16,18.86,27.15,,,,118.6612,110.9218,,,,77849497,449,2026-08-14,51.37,51041606.0
NYSE:KB,KB,KB Financial Group Inc,Financial Services,Banks - Regional,South Korea,NYSE,42115178014.0,119.95,53.97,54.51,5,46.6,1760,False,-3.27,54.77,18.14,23.26,48.35,74.09,99.7,101.5284,97.3173,80.8571,68.8999,60.066,29522312,1255,2026-08-14,52.28,351106111.0
NASDAQ:NWE,NWE,"NorthWestern Energy Group, Inc.",Utilities,Utilities - Regulated Electric,United States,NASDAQ,4417596808.0,71.81,53.97,52.71,5,46.6,1761,False,-2.19,36.19,6.0,9.94,23.33,33.63,37.37,67.7455,65.3161,58.2256,53.7367,52.2764,25377334,1255,2026-08-14,52.68,61517850.0
NYSE:EARN,EARN,Ellington Credit Company Common Shares of Beneficial Interest,Financial Services,Asset Management,United States,NYSE,165302720.0,4.4,53.98,52.22,5,46.7,1762,False,-13.17,10.65,-1.92,-2.61,-4.99,-2.25,-0.36,4.4863,4.5177,4.6312,4.5012,4.4159,1919103,1254,2026-08-14,57.68,37568800.0
NYSE:FSS,FSS,Federal Signal Corporation,Industrials,Farm & Heavy Construction Machinery,United States,NYSE,7682086744.0,125.85,53.98,54.18,5,46.7,1763,True,-5.87,20.42,9.9,8.34,20.65,33.18,51.11,114.5114,116.1671,104.3133,94.4945,83.2819,53334425,1255,2026-08-14,49.9,61041611.0
NYSE:BGSF,BGSF,"BGSF, Inc.",Industrials,Staffing & Employment Services,United States,NYSE,60663738.0,5.66,53.99,52.78,5,46.7,1764,False,-13.98,73.09,6.24,10.31,22.22,7.66,-4.77,5.3276,5.1309,4.6311,5.2571,5.9437,47489,1254,2026-08-14,50.29,10717975.0
NASDAQ:FLWS,FLWS,"1-800-FLOWERS.COM, Inc.",Consumer Cyclical,Specialty Retail,United States,NASDAQ,151083469.0,4.08,53.99,52.67,5,46.7,1765,True,-27.79,36.0,6.54,0.24,-25.73,-39.05,-43.52,3.8294,4.0704,5.4938,6.6939,7.2236,867572,1255,2026-08-14,53.53,37030262.0
NYSE:BOOT,BOOT,"Boot Barn Holdings, Inc.",Consumer Cyclical,Apparel Retail,United States,NYSE,4946120722.0,163.32,54.0,52.35,5,46.8,1766,False,-21.47,20.83,-5.88,-6.2,2.95,19.17,35.28,173.5294,174.1215,158.6411,137.045,120.7238,118362869,1254,2026-08-14,53.21,30284844.0
NASDAQ:SIFY,SIFY,Sify Technologies Limited - American Depository Shares,Communication Services,Telecom Services,India,NASDAQ,1127806956.0,15.57,54.01,52.3,5,46.8,1767,False,-10.26,90.58,10.18,13.85,76.8,81.37,74.73,14.1311,13.6763,8.8064,8.5847,8.9108,576530,1255,2026-08-14,57.97,72434615.0
NYSE:THO,THO,"Thor Industries, Inc.",Consumer Cyclical,Recreational Vehicles,United States,NYSE,4112532467.0,79.0,54.01,53.21,5,46.8,1768,True,-33.45,10.61,-11.65,-14.57,-14.11,-15.88,-12.69,89.4208,92.4701,91.9742,93.9176,90.485,45180234,1255,2026-08-14,53.71,52057373.0
NASDAQ:FCAP,FCAP,"First Capital, Inc.",Financial Services,Banks - Regional,United States,NASDAQ,215820205.0,64.51,54.02,54.47,5,46.8,1769,False,-6.38,83.56,17.23,23.42,46.31,68.62,85.9,55.029,52.2699,44.0902,38.2576,34.7016,972364,1255,2026-08-14,58.53,3345531.0
NYSE:BMN,BMN,BlackRock 2037 Municipal Target Term Trust Common Shares of Beneficial Interest,Financial Services,Asset Management,United States,NYSE,156457769.0,25.45,54.03,51.85,5,46.9,1770,False,-5.53,8.19,0.25,1.24,4.2,8.17,,25.3865,25.1382,24.4245,23.5278,,180764,951,2026-08-14,55.54,6147653.0
NYSE:BP,BP,BP p.l.c.,Energy,Oil & Gas Integrated,United Kingdom,NYSE,109520288597.0,42.53,54.04,53.3,5,46.9,1771,True,-8.58,36.43,8.46,12.34,28.12,30.05,33.72,39.2135,37.8578,33.1957,32.7031,31.8063,326242148,1255,2026-08-14,53.0,2575130228.0
NYSE:LTC,LTC,"LTC Properties, Inc.",Real Estate,REIT - Healthcare Facilities,United States,NYSE,2058518160.0,40.22,54.04,54.0,5,46.9,1772,False,-5.63,24.56,9.28,11.08,17.0,24.65,27.7,36.8051,36.2074,34.3749,32.2654,31.4959,20400375,1255,2026-08-14,45.56,51181456.0
NASDAQ:WOOF,WOOF,"Petco Health and Wellness Company, Inc.",Consumer Cyclical,Specialty Retail,United States,NASDAQ,698724011.0,2.82,54.04,53.18,5,46.9,1773,False,-29.32,21.03,-0.25,-5.3,-13.44,-13.41,-44.36,2.8271,2.9779,3.2578,3.2567,5.0681,4007618,1254,2026-08-14,56.5,247774472.0
NYSE:SEI,SEI,"Solaris Energy Infrastructure, Inc.",Energy,Oil & Gas Equipment & Services,United States,NYSE,3879215166.0,63.3,54.05,50.8,5,47.0,1774,True,-23.62,156.59,7.24,16.13,64.42,121.72,168.49,59.0264,54.5076,38.4979,28.549,23.5763,184118345,1254,2026-08-14,49.61,61283020.0
NYSE:CAH,CAH,"Cardinal Health, Inc.",Healthcare,Medical Distribution,United States,NYSE,55078190920.0,235.17,54.09,55.11,5,47.0,1775,True,-2.12,62.71,11.02,17.94,43.15,65.9,88.36,211.8312,199.3932,164.2843,141.7546,124.8508,479241523,1255,2026-08-14,49.47,234205855.0
NYSE:SMA,SMA,"SmartStop Self Storage REIT, Inc.",Real Estate,REIT - Industrial,United States,NYSE,1890724824.0,34.15,54.1,54.71,5,47.0,1776,False,-8.37,17.13,7.47,5.2,,,,31.776,32.4622,,,,25097282,343,2026-08-14,54.92,55365295.0
NASDAQ:KARO,KARO,Karooooo Ltd.,Technology,Software - Application,Singapore,NASDAQ,1924034724.0,62.28,54.11,58.07,5,47.1,1777,False,-5.51,53.24,28.4,27.06,36.67,61.79,82.03,48.505,49.0146,45.5704,38.4932,34.2136,8393823,1254,2026-08-14,60.66,30893300.0
NASDAQ:PEP,PEP,"PepsiCo, Inc.",Consumer Defensive,Beverages - Non-Alcoholic,United States,NASDAQ,192319140000.0,140.79,54.11,50.96,5,47.1,1778,False,-15.81,4.77,-4.3,-3.55,-2.66,-5.1,-6.91,147.1173,145.976,144.6406,148.3618,151.24,1005283509,1255,2026-08-14,53.66,1366000000.0
NYSE:VRT,VRT,"Vertiv Holdings, LLC",Industrials,Electrical Equipment & Parts,United States,NYSE,113124924754.0,293.84,54.11,51.15,5,47.1,1779,True,-21.88,141.47,16.98,27.83,74.35,120.27,182.47,251.1829,229.8617,168.5332,133.4004,104.0238,1613071108,1255,2026-08-14,51.55,384988173.0
NYSE:AKO.B,AKO-B,Embotelladora Andina S.A.,Consumer Defensive,Beverages - Non-Alcoholic,Chile,NYSE,2423200266.0,30.72,54.12,54.31,5,47.2,1780,False,-5.24,43.55,9.13,13.12,30.14,51.19,70.36,28.1502,27.1575,23.6059,20.3192,18.0326,155688,1255,2026-08-14,56.28,78880217.0
NASDAQ:DERM,DERM,Journey Medical Corporation,Healthcare,Drug Manufacturers - Specialty & Generic,United States,NASDAQ,144712156.0,6.72,54.12,52.96,5,47.2,1781,False,-27.43,53.08,-4.4,-4.99,4.11,18.17,40.6,7.029,7.0726,6.4548,5.6866,4.7794,1370655,1191,2026-08-14,52.43,21534547.0
NASDAQ:ORBS,ORBS,Eightco Holdings Inc.,Consumer Cyclical,Packaging & Containers,United States,NASDAQ,280144335.0,0.722,54.12,50.3,5,47.2,1782,False,-98.4,25.13,-50.44,-76.09,-68.67,-71.48,-96.52,1.4568,3.0193,2.3046,2.5318,20.7747,7505320,1064,2026-08-14,59.48,388011544.0
NYSE:AMCR,AMCR,Amcor plc,Consumer Cyclical,Packaging & Containers,Switzerland,NYSE,21281772111.0,46.03,54.16,55.93,5,47.2,1783,False,-6.27,27.55,10.62,11.45,3.81,4.94,2.54,41.6093,41.3025,44.34,43.8616,44.8914,180940074,1255,2026-08-14,56.2,462345690.0
NASDAQ:TTWO,TTWO,"Take-Two Interactive Software, Inc.",Communication Services,Electronic Gaming & Multimedia,United States,NASDAQ,46174820399.0,246.95,54.16,54.16,5,47.2,1784,True,-5.85,30.19,7.82,6.05,14.93,27.77,40.96,229.038,232.8624,214.8682,193.2739,175.1977,509490200,1255,2026-08-14,50.2,186980443.0
NASDAQ:MGNX,MGNX,"MacroGenics, Inc.",Healthcare,Biotechnology,United States,NASDAQ,268236379.0,4.22,54.17,52.47,5,47.3,1785,False,-13.17,217.29,49.22,62.51,63.85,-10.89,-14.33,2.828,2.5967,2.5755,4.7358,4.9257,2724641,1255,2026-08-14,50.37,63563123.0
NYSE:DEA,DEA,"Easterly Government Properties, Inc.",Real Estate,REIT - Office,United States,NYSE,1173102885.0,24.79,54.18,54.51,5,47.3,1786,False,-1.5,27.69,11.77,13.16,8.11,5.56,0.37,22.1795,21.9069,22.9297,23.4853,24.6997,8896977,1254,2026-08-14,55.19,47321617.0
NYSE:HXL,HXL,Hexcel Corporation,Industrials,Aerospace & Defense,United States,NYSE,7870132650.0,104.07,54.18,55.08,5,47.3,1787,False,-5.47,72.77,20.4,27.54,48.41,50.88,54.1,86.44,81.5972,70.1221,68.9752,67.5341,116069619,1255,2026-08-14,49.44,75623452.0
NYSE:KVYO,KVYO,"Klaviyo, Inc. Series A",Technology,Software - Application,United States,NYSE,2347082381.0,18.49,54.18,53.99,5,47.3,1788,False,-48.52,43.78,-12.18,-19.05,-36.66,,,21.0536,22.8402,29.1923,,,120816346,728,2026-08-14,57.88,126937933.0
NASDAQ:DRIO,DRIO,DarioHealth Corp.,Healthcare,Health Information Services,United States,NASDAQ,73949639.0,7.585,54.19,52.87,5,47.4,1789,True,-56.28,26.63,-19.77,-23.21,-39.6,-63.19,-79.78,9.4545,9.8773,12.557,20.6082,37.5164,202843,1254,2026-08-14,50.77,9749458.0
NYSE:RYZ,RYZ,Ryerson Holding Corporation,Industrials,Metal Fabrication,United States,NYSE,1501947018.0,28.94,54.19,53.57,5,47.4,1790,False,-6.74,47.87,13.05,16.04,26.17,19.7,11.79,25.599,24.9396,22.9375,24.1767,25.8874,14636732,1254,2026-08-14,53.79,51898653.0
NASDAQ:HNRG,HNRG,Hallador Energy Company,Utilities,Utilities - Independent Power Producers,United States,NASDAQ,761627135.0,16.16,54.2,51.06,5,47.4,1791,True,-32.13,17.96,-10.73,-11.06,6.04,22.39,35.28,18.1033,18.1699,15.2401,13.204,11.946,13273659,1255,2026-08-14,48.8,47130392.0
NASDAQ:ALMU,ALMU,"Aeluma, Inc.",Technology,Semiconductors,United States,NASDAQ,337184271.0,18.42,54.21,51.01,5,47.5,1792,True,-41.51,71.67,3.52,3.47,40.61,88.53,,17.7928,17.8028,13.0999,9.7705,,8035542,869,2026-08-14,50.75,18305335.0
NYSE:BARK,BARK,"BARK, Inc.",Consumer Cyclical,Specialty Retail,United States,NYSE,91418585.0,10.12,54.22,53.05,5,47.5,1793,False,-46.17,21.93,-18.22,-23.8,-53.06,-54.63,-58.88,12.3752,13.2803,21.5584,22.3061,24.6105,541140,1254,2026-08-14,57.7,9033457.0
NASDAQ:BSRR,BSRR,Sierra Bancorp,Financial Services,Banks - Regional,United States,NASDAQ,531628911.0,41.01,54.22,54.71,5,47.5,1794,False,-3.66,58.83,15.53,20.52,32.95,52.69,67.9,35.498,34.0281,30.8473,26.8579,24.4247,2856999,1255,2026-08-14,54.57,12963397.0
NASDAQ:CCEP,CCEP,Coca-Cola Europacific Partners plc,Consumer Defensive,Beverages - Non-Alcoholic,United Kingdom,NASDAQ,47529359093.0,107.64,54.24,55.92,5,47.6,1795,False,-3.64,28.21,12.6,14.68,23.27,35.87,49.16,95.5928,93.8581,87.323,79.2208,72.1624,224728698,1255,2026-08-14,53.76,441558520.0
NYSE:EPAM,EPAM,"EPAM Systems, Inc.",Technology,Information Technology Services,United States,NYSE,5250567326.0,100.5,54.24,53.24,5,47.6,1796,False,-54.61,32.17,-29.72,-31.21,-41.67,-49.09,-55.69,143.0061,146.1067,172.2973,197.3986,226.7924,170103318,1254,2026-08-14,55.54,52244451.0
NASDAQ:HOVR,HOVR,New Horizon Aircraft Ltd.,Industrials,Aerospace & Defense,Canada,NASDAQ,131646899.0,1.97,54.24,51.62,5,47.6,1797,False,-49.62,64.17,1.89,-1.65,40.21,-27.16,,1.9334,2.003,1.405,2.7044,,2496258,845,2026-08-14,55.49,66825837.0
NYSE:ELS,ELS,"Equity Lifestyle Properties, Inc.",Real Estate,REIT - Residential,United States,NYSE,12732579653.0,65.61,54.25,53.7,5,47.6,1798,False,-3.02,14.89,4.48,5.72,4.54,5.44,6.25,62.7944,62.0587,62.7594,62.2259,61.7482,106039953,1255,2026-08-14,51.16,194064619.0
NASDAQ:INCY,INCY,Incyte Corporation,Healthcare,Biotechnology,United States,NASDAQ,24356161159.0,120.16,54.25,56.16,5,47.6,1799,False,-7.52,47.15,16.83,20.96,43.5,59.1,60.85,102.8462,99.3374,83.7331,75.5231,74.7054,223161888,1255,2026-08-14,55.11,202697746.0
NASDAQ:OSIS,OSIS,"OSI Systems, Inc.",Technology,Electronic Components,United States,NASDAQ,3762549300.0,228.27,54.26,52.66,5,47.7,1800,False,-26.29,15.45,-10.69,-9.47,4.28,20.64,37.4,255.5801,252.1438,218.8936,189.2182,166.1385,36129374,1255,2026-08-14,54.65,16482890.0
NYSE:LB,LB,LandBridge Company LLC Class A Shares Representing Limited Liability Company Interests,Energy,Oil & Gas Equipment & Services,United States,NYSE,2190668930.0,78.69,54.27,54.13,5,47.7,1801,True,-7.57,78.6,19.07,24.01,26.02,,,66.0862,63.4534,62.4417,,,23926380,533,2026-08-14,49.27,27839229.0
NYSE:TEX,TEX,Terex Corporation,Industrials,Farm & Heavy Construction Machinery,United States,NYSE,7763256000.0,67.92,54.27,53.4,5,47.7,1802,True,-8.7,63.87,13.99,17.14,30.03,27.74,33.21,59.5833,57.9822,52.2347,53.1694,50.9881,92285766,1255,2026-08-14,50.16,114300000.0
NASDAQ:NERV,NERV,"Minerva Neurosciences, Inc",Healthcare,Biotechnology,United States,NASDAQ,213376287.0,4.58,54.28,51.43,5,47.7,1803,False,-43.25,155.15,-8.79,1.73,39.12,17.11,8.74,5.0216,4.502,3.2921,3.9108,4.212,680535,1254,2026-08-14,42.01,46588709.0
NASDAQ:PBFS,PBFS,"Pioneer Bancorp, Inc.",Financial Services,Banks - Regional,United States,NASDAQ,436837873.0,17.42,54.29,55.71,5,47.8,1804,True,-3.33,38.8,17.91,20.75,34.29,47.84,53.52,14.7746,14.4268,12.9722,11.7828,11.3468,171658,1254,2026-08-14,51.61,25076801.0
NASDAQ:CBIO,CBIO,"Crescent Biopharma, Inc.",Healthcare,Biotechnology,United States,NASDAQ,636647132.0,17.14,54.3,51.85,5,47.8,1805,False,-36.47,91.72,13.76,17.34,-7.67,-74.24,-79.67,15.0669,14.6076,18.5632,66.5263,84.3254,4564404,1254,2026-08-14,51.52,37143940.0
NASDAQ:GOOD,GOOD,Gladstone Commercial Corporation - Real Estate Investment Trust,Real Estate,REIT - Diversified,United States,NASDAQ,625902419.0,12.93,54.32,54.36,5,47.8,1806,False,-2.34,32.03,12.26,12.46,4.44,9.49,10.91,11.518,11.4971,12.3804,11.809,11.658,5551363,1255,2026-08-14,62.17,48406993.0
NYSE:NTR,NTR,Nutrien Ltd.,Basic Materials,Agricultural Inputs,Canada,NYSE,32756806916.0,68.24,54.33,52.82,5,47.9,1807,False,-17.37,29.3,2.42,5.61,19.01,23.65,17.47,66.6302,64.6134,57.3417,55.1892,58.0928,167877795,1254,2026-08-14,51.73,480023548.0
NYSE:TSM,TSM,Taiwan Semiconductor Manufacturing Company Ltd.,Technology,Semiconductors,Taiwan,NYSE,2211253195443.0,426.35,54.35,52.61,5,47.9,1808,False,-10.73,89.62,17.67,24.57,60.04,95.78,132.01,362.3197,342.268,266.403,217.7654,183.7646,5209936154,1255,2026-08-14,56.69,5186474013.0
NASDAQ:INCR,INCR,Intercure Ltd.,Healthcare,Drug Manufacturers - Specialty & Generic,Israel,NASDAQ,58636270.0,0.99,54.37,52.95,5,47.9,1809,True,-41.07,35.62,-0.35,-11.16,-27.38,-35.51,-50.49,0.9935,1.1143,1.3633,1.535,1.9998,13882,1254,2026-08-14,46.28,59228556.0
NYSE:DOW,DOW,Dow Inc.,Basic Materials,Chemicals,United States,NYSE,22443125891.0,31.07,54.39,51.31,5,47.9,1810,True,-25.04,56.07,1.89,7.67,-3.11,-16.06,-19.39,30.4938,28.8577,32.0679,37.0158,38.5434,296385387,1255,2026-08-14,50.46,722340711.0
NASDAQ:ALTI,ALTI,"AlTi Global, Inc.",Financial Services,Asset Management,United States,NASDAQ,444083733.0,4.01,54.41,54.9,5,48.0,1811,False,-22.74,42.7,2.02,2.13,2.93,-13.67,-30.16,3.9308,3.9265,3.8957,4.6451,5.7418,895403,1254,2026-08-14,59.2,110744073.0
NASDAQ:ANAB,ANAB,"AnaptysBio, Inc.",Healthcare,Biotechnology,United States,NASDAQ,1731207884.0,58.47,54.42,52.33,5,48.0,1812,True,-16.24,352.09,33.7,53.1,117.55,155.81,176.88,43.732,38.1907,26.8769,22.8566,21.1172,31609340,1254,2026-08-14,49.36,29608481.0
NASDAQ:ZG,ZG,"Zillow Group, Inc.",Communication Services,Internet Content & Information,United States,NASDAQ,1489386320.0,35.16,54.43,52.51,5,48.0,1813,False,-59.47,20.66,-28.5,-36.13,-43.12,-38.05,-33.2,49.1714,55.0501,61.8097,56.7586,52.6374,48602127,1255,2026-08-14,59.07,42360248.0
NASDAQ:ATLX,ATLX,Atlas Lithium Corporation,Basic Materials,Other Industrial Metals & Mining,Brazil,NASDAQ,94665747.0,3.21,54.45,48.54,5,48.1,1814,False,-56.91,25.39,-28.02,-31.07,-41.21,-68.79,-71.82,4.4598,4.6572,5.4597,10.285,11.3907,774749,1254,2026-08-14,52.05,29490887.0
NASDAQ:SANG,SANG,Sangoma Technologies Corporation,Technology,Software - Infrastructure,Canada,NASDAQ,136443039.0,4.1,54.45,53.95,5,48.1,1815,True,-32.57,18.5,-7.09,-11.04,-21.43,-14.79,-14.48,4.413,4.609,5.2185,4.8117,4.7945,49991,1255,2026-08-14,49.19,33278790.0
NASDAQ:CEPS,CEPS,"Cantor Equity Partners VI, Inc.",Financial Services,Shell Companies,United States,NASDAQ,122720000.0,10.4,54.46,55.36,5,48.1,1816,False,-0.38,3.48,,,,,,,,,,,1922,131,2026-08-14,54.46,11800000.0
NASDAQ:AVO,AVO,"Mission Produce, Inc.",Consumer Defensive,Food Distribution,United States,NASDAQ,1153456679.0,13.06,54.47,53.67,5,48.1,1817,False,-14.86,29.18,2.39,3.22,6.73,12.45,8.63,12.7552,12.6527,12.2361,11.6136,12.0226,9850127,1254,2026-08-14,54.09,88319807.0
NASDAQ:ACRS,ACRS,"Aclaris Therapeutics, Inc.",Healthcare,Biotechnology,United States,NASDAQ,807256070.0,5.78,54.48,55.73,5,48.2,1818,False,-9.12,242.01,47.17,64.34,116.17,119.68,11.48,3.9274,3.5171,2.6738,2.6311,5.1846,10578702,1255,2026-08-14,56.63,139663680.0
NASDAQ:CWBC,CWBC,Community West Bancshares,Financial Services,Banks - Regional,United States,NASDAQ,708474119.0,26.11,54.48,53.51,5,48.2,1819,False,-6.37,34.21,10.19,13.34,25.92,34.65,38.56,23.6964,23.0363,20.7357,19.3915,18.8444,6287309,1255,2026-08-14,53.72,27134206.0
NASDAQ:ESQ,ESQ,"Esquire Financial Holdings, Inc.",Financial Services,Banks - Regional,United States,NASDAQ,1107642164.0,128.06,54.48,56.44,5,48.2,1820,False,-3.48,38.81,17.3,19.48,38.45,65.46,87.76,109.1727,107.1824,92.4978,77.3979,68.2032,18863280,1254,2026-08-14,61.88,8649400.0
NASDAQ:CUB,CUB,Lionheart Holdings,Financial Services,Shell Companies,United States,NASDAQ,233233379.0,10.85,54.49,54.25,5,48.2,1821,False,-0.55,3.53,1.08,1.51,,,,10.7341,10.6886,,,,2570532,503,2026-08-14,61.08,21496164.0
NASDAQ:CEPO,CEPO,"Cantor Equity Partners I, Inc.",Financial Services,Shell Companies,United States,NASDAQ,218940000.0,10.68,54.5,53.01,5,48.3,1822,False,-1.34,20.95,1.61,1.66,,,,10.5112,10.5056,,,,1248665,401,2026-08-14,53.7,20500000.0
NYSE:CHPT,CHPT,"ChargePoint Holdings, Inc.",Consumer Cyclical,Specialty Retail,United States,NYSE,160047360.0,6.18,54.5,51.77,5,48.3,1823,False,-50.36,37.03,-8.49,-19.41,-54.34,-77.21,-91.91,6.7533,7.6683,13.5363,27.1112,76.4328,2147762,1255,2026-08-14,54.71,25897631.0
NASDAQ:JANX,JANX,"Janux Therapeutics, Inc.",Healthcare,Biotechnology,United States,NASDAQ,983067786.0,16.12,54.5,54.59,5,48.3,1824,True,-53.6,32.35,-1.54,-10.56,-42.74,-40.8,-32.86,16.3719,18.0236,28.1538,27.2278,24.0082,11233843,1254,2026-08-14,53.27,60984354.0
NASDAQ:SLSN,SLSN,"Solesence, Inc.",Consumer Defensive,Household & Personal Products,United States,NASDAQ,72045094.0,1.02,54.5,52.06,5,48.3,1825,True,-76.61,59.38,-28.07,-45.12,-55.04,-44.67,-42.81,1.418,1.8585,2.2689,1.8435,1.7834,34981,1255,2026-08-14,53.8,70632445.0
NASDAQ:NNE,NNE,Nano Nuclear Energy Inc.,Industrials,Specialty Industrial Machinery,United States,NASDAQ,1055705550.0,19.66,54.53,50.85,5,48.4,1826,False,-65.28,32.12,-26.16,-32.84,-28.51,,,26.6238,29.2738,27.4994,,,35773777,569,2026-08-14,58.72,53698146.0
NASDAQ:OSW,OSW,OneSpaWorld Holdings Limited,Consumer Cyclical,Leisure,Bahamas,NASDAQ,2732345327.0,26.92,54.53,53.94,5,48.4,1827,False,-6.14,39.61,16.82,18.53,30.8,49.2,67.03,23.0435,22.7116,20.5808,18.043,16.1171,23578701,1254,2026-08-14,54.53,101498712.0
NASDAQ:FCFS,FCFS,"FirstCash Holdings, Inc.",Financial Services,Credit Services,United States,NASDAQ,9314094050.0,214.75,54.54,52.22,5,48.4,1828,True,-7.48,58.69,12.33,17.77,43.73,58.64,74.31,191.1771,182.3441,149.4113,135.3656,123.1968,94810753,1255,2026-08-14,50.71,43371800.0
NASDAQ:PHVS,PHVS,Pharvaris N.V.,Healthcare,Biotechnology,Switzerland,NASDAQ,2455573572.0,35.14,54.54,54.46,5,48.4,1829,True,-3.62,67.65,23.32,28.26,53.56,56.85,83.7,28.4948,27.3971,22.8834,22.4031,19.129,16352428,1254,2026-08-14,50.34,69879726.0
NASDAQ:TRVI,TRVI,"Trevi Therapeutics, Inc.",Healthcare,Biotechnology,United States,NASDAQ,2620945410.0,18.46,54.54,54.94,5,48.4,1830,False,-5.33,163.34,36.7,47.46,113.83,183.66,236.97,13.5045,12.5183,8.633,6.5077,5.4782,38060083,1254,2026-08-14,52.32,141979708.0
NYSE:CLF,CLF,Cleveland-Cliffs Inc.,Basic Materials,Steel,United States,NYSE,6789426559.0,11.9,54.55,54.06,5,48.5,1831,False,-26.45,52.17,4.45,3.32,9.41,-8.83,-15.04,11.3926,11.5173,10.8764,13.0523,14.0063,287891250,1255,2026-08-14,57.78,570540047.0
NYSE:NFG,NFG,National Fuel Gas Company,Energy,Oil & Gas Integrated,United States,NYSE,7786094510.0,81.92,54.55,53.64,5,48.5,1832,True,-14.04,8.71,-0.78,-1.43,7.86,22.35,28.96,82.5617,83.1074,75.9533,66.9563,63.523,54404459,1255,2026-08-14,52.87,95045099.0
NYSE:RNR,RNR,RenaissanceRe Holdings Ltd.,Financial Services,Insurance - Reinsurance,Bermuda,NYSE,13436220120.0,323.36,54.55,54.65,5,48.5,1833,False,-3.26,40.01,10.54,14.19,21.63,30.44,40.27,292.5241,283.1862,265.866,247.9006,230.5276,100418936,1255,2026-08-14,50.77,41551893.0
NASDAQ:SMTC,SMTC,Semtech Corporation,Technology,Semiconductors,United States,NASDAQ,13073766429.0,140.35,54.57,52.56,5,48.6,1834,True,-19.68,189.56,36.84,48.9,100.57,153.93,187.88,102.5628,94.2583,69.9769,55.2701,48.7525,256765260,1255,2026-08-14,51.1,93151168.0
NASDAQ:NGNE,NGNE,Neurogene Inc.,Healthcare,Biotechnology,United States,NASDAQ,721004348.0,36.14,54.58,54.94,5,48.6,1835,True,-15.64,120.77,42.03,45.87,44.2,40.34,58.29,25.4462,24.7761,25.0621,25.7521,22.8311,6353325,1254,2026-08-14,52.64,19950314.0
NASDAQ:AKTS,AKTS,"Aktis Oncology, Inc.",Healthcare,Biotechnology,United States,NASDAQ,1331377127.0,24.93,54.59,53.08,5,48.7,1836,True,-22.65,64.12,,,,,,,,,,,5990126,149,2026-08-14,48.34,53404618.0
NASDAQ:AMRX,AMRX,"Amneal Pharmaceuticals, Inc.",Healthcare,Drug Manufacturers - Specialty & Generic,United States,NASDAQ,5795863930.0,18.15,54.59,56.45,5,48.7,1837,True,-4.97,96.0,30.81,39.13,71.25,104.22,150.69,13.8747,13.0454,10.5983,8.8876,7.2401,33954675,1255,2026-08-14,45.8,319331346.0
NYSE:BRO,BRO,"Brown & Brown, Inc.",Financial Services,Insurance Brokers,United States,NYSE,23603414583.0,70.54,54.59,56.03,5,48.7,1838,False,-26.54,30.02,1.29,-5.15,-22.06,-18.56,-11.77,69.6401,74.37,90.5037,86.6197,79.947,187159224,1255,2026-08-14,59.21,334610357.0
NASDAQ:LRCX,LRCX,Lam Research Corporation,Technology,Semiconductor Equipment & Materials,United States,NASDAQ,415874756080.0,332.36,54.59,52.48,5,48.7,1839,False,-23.3,244.43,33.32,48.88,119.15,159.51,207.24,249.2998,223.2398,151.6553,128.0707,108.1762,3218869069,1255,2026-08-14,56.17,1251278000.0
NASDAQ:MLAB,MLAB,"Mesa Laboratories, Inc.",Technology,Scientific & Technical Instruments,United States,NASDAQ,593385949.0,106.04,54.59,54.08,5,48.7,1840,False,-6.33,79.06,16.78,22.95,4.54,3.7,-8.44,90.7998,86.2431,101.4358,102.2612,115.8113,15244495,1255,2026-08-14,67.47,5595869.0
NYSE:MRSH,MRSH,Marsh,Financial Services,Insurance Brokers,United States,NYSE,89629820356.0,187.82,54.59,56.41,5,48.7,1841,False,-9.25,20.06,7.01,4.33,-5.27,-4.29,0.25,175.5217,180.0191,198.2704,196.2329,187.3484,466191533,1255,2026-08-14,56.18,477211268.0
NASDAQ:COYA,COYA,"Coya Therapeutics, Inc.",Healthcare,Biotechnology,United States,NASDAQ,112359907.0,4.79,54.6,51.96,5,48.8,1842,True,-34.92,26.72,-3.49,-8.16,-16.33,-20.51,,4.9632,5.2155,5.725,6.0255,,753208,908,2026-08-14,51.34,23457183.0
NYSE:EFX,EFX,"Equifax, Inc.",Industrials,Consulting Services,United States,NYSE,21247143442.0,180.85,54.6,54.25,5,48.8,1843,False,-30.47,19.04,-4.12,-9.45,-21.2,-20.76,-17.84,188.6279,199.7168,229.4917,228.2209,220.1152,308814521,1255,2026-08-14,60.14,117484896.0
NYSE:NPKI,NPKI,NPK International Inc.,Industrials,Building Products & Equipment,United States,NYSE,1207418693.0,14.22,54.62,51.3,5,48.8,1844,True,-13.03,45.7,2.07,6.74,37.3,53.86,79.24,13.9317,13.3217,10.3569,9.2421,7.9336,11370629,1255,2026-08-14,49.81,84909894.0
NASDAQ:ZTEK,ZTEK,Zentek Ltd.,Healthcare,Medical Instruments & Supplies,Canada,NASDAQ,77237915.0,0.61,54.63,54.61,5,48.9,1845,False,-42.45,64.86,-4.22,-9.51,-29.55,-37.32,-46.29,0.6369,0.6741,0.8659,0.9732,1.1357,84506,1254,2026-08-14,58.44,126619532.0
NYSE:ARR,ARR,"ARMOUR Residential REIT, Inc.",Real Estate,REIT - Mortgage,United States,NYSE,2369597990.0,16.74,54.64,52.63,5,48.9,1846,False,-4.86,37.07,3.2,7.3,12.84,17.68,15.73,16.2212,15.601,14.8354,14.2251,14.4643,59312427,1255,2026-08-14,54.1,141553046.0
NYSE:SAM,SAM,"Boston Beer Company, Inc. (The)",Consumer Defensive,Beverages - Brewers,United States,NYSE,1550332760.0,185.77,54.64,52.26,5,48.9,1847,False,-28.56,15.33,-9.46,-10.83,-19.8,-29.32,-34.24,205.1883,208.3407,231.6395,262.8365,282.5005,49571923,1255,2026-08-14,53.6,8345442.0
NYSE:ALLY,ALLY,Ally Financial Inc.,Financial Services,Credit Services,United States,NYSE,13661608213.0,44.91,54.65,53.28,5,48.9,1848,False,-4.29,26.61,6.96,8.33,17.59,24.69,34.98,41.9896,41.4554,38.1919,36.0186,33.2721,144179350,1254,2026-08-14,52.68,304199693.0
NASDAQ:SLDP,SLDP,"Solid Power, Inc.",Consumer Cyclical,Auto Parts,United States,NASDAQ,544460535.0,2.42,54.66,49.91,5,49.0,1849,False,-71.56,21.0,-35.74,-39.08,-12.99,0.13,-11.11,3.7662,3.9723,2.7813,2.4168,2.7224,8666277,1255,2026-08-14,53.24,224983692.0
NYSE:CATO,CATO,Cato Corporation (The),Consumer Cyclical,Apparel Retail,United States,NYSE,60895472.0,3.4,54.67,53.87,5,49.0,1850,False,-27.97,27.82,6.61,0.46,-3.94,-21.1,-34.56,3.1891,3.3845,3.5396,4.3092,5.1954,259509,1255,2026-08-14,51.69,17910433.0
NYSE:NXDT,NXDT,NexPoint Diversified Real Estate Trust,Real Estate,REIT - Diversified,United States,NYSE,264308506.0,5.11,54.68,52.46,5,49.0,1851,False,-11.59,113.17,19.12,24.95,26.04,15.4,-5.67,4.29,4.0896,4.0543,4.4282,5.4169,950152,1255,2026-08-14,53.0,51723778.0
NASDAQ:QBTS,QBTS,D-Wave Quantum Inc.,Technology,Computer Hardware,United States,NASDAQ,7775086297.0,21.17,54.69,52.06,5,49.0,1852,False,-52.72,63.1,-5.41,-7.46,39.28,101.01,146.03,22.3809,22.8765,15.1991,10.5317,8.6046,351933387,1255,2026-08-14,53.73,367269074.0
NASDAQ:BJRI,BJRI,"BJ's Restaurants, Inc.",Consumer Cyclical,Restaurants,United States,NASDAQ,1428099986.0,67.95,54.71,57.8,5,49.1,1853,True,-8.5,136.84,52.13,61.48,73.52,84.7,93.54,44.6649,42.08,39.1592,36.7884,35.1094,37204086,1255,2026-08-14,52.03,21016924.0
NASDAQ:SSII,SSII,SS Innovations International Inc.,Healthcare,Medical Devices,India,NASDAQ,778511671.0,3.89,54.72,52.62,5,49.1,1854,False,-61.02,18.24,-18.63,-25.71,-33.02,,,4.7808,5.2362,5.8078,,,273011,506,2026-08-14,52.61,200131535.0
NASDAQ:WYFI,WYFI,"WhiteFiber, Inc.",Technology,Information Technology Services,United States,NASDAQ,1139891656.0,29.52,54.73,52.41,5,49.1,1855,True,-34.06,173.84,33.74,30.32,,,,22.0735,22.6527,,,,46855254,257,2026-08-14,52.22,38614216.0
NYSE:LEO,LEO,"BNY Mellon Strategic Municipals, Inc.",Financial Services,Asset Management,United States,NYSE,389940746.0,6.26,54.74,51.37,5,49.2,1856,False,-2.92,12.92,0.94,2.09,5.78,9.98,11.57,6.2017,6.132,5.9179,5.6921,5.6106,1818827,1255,2026-08-14,52.12,62290854.0
NASDAQ:ARWR,ARWR,"Arrowhead Pharmaceuticals, Inc.",Healthcare,Biotechnology,United States,NASDAQ,12203852299.0,86.64,54.75,55.2,5,49.2,1857,True,-3.29,361.34,28.06,44.42,121.48,145.4,147.7,67.6584,59.9909,39.1187,35.3058,34.9784,154908277,1255,2026-08-14,52.86,140857021.0
NASDAQ:HNNA,HNNA,"Hennessy Advisors, Inc.",Financial Services,Asset Management,United States,NASDAQ,79261012.0,10.03,54.75,52.47,5,49.2,1858,False,-15.85,16.79,2.63,1.33,-0.35,14.88,22.02,9.773,9.898,10.0655,8.7309,8.2199,56916,1255,2026-08-14,52.63,7902394.0
NYSE:ETD,ETD,Ethan Allen Interiors Inc.,Consumer Cyclical,"Furnishings, Fixtures & Appliances",United States,NYSE,581194383.0,22.84,54.76,55.49,5,49.2,1859,False,-18.4,25.67,5.82,0.95,-5.13,-6.08,-2.77,21.583,22.625,24.0749,24.3184,23.4901,10730272,1255,2026-08-14,55.46,25446339.0
NYSE:HUM,HUM,Humana Inc.,Healthcare,Healthcare Plans,United States,NYSE,46717243827.0,389.05,54.77,55.73,5,49.3,1860,True,-4.98,139.47,44.71,43.71,45.24,24.96,10.08,268.8539,270.722,267.874,311.3333,353.4147,525042692,1255,2026-08-14,52.98,120080308.0
NYSE:KVUE,KVUE,Kenvue Inc.,Consumer Defensive,Household & Personal Products,United States,NYSE,36864166426.0,19.2,54.77,55.21,5,49.3,1861,False,-6.96,42.62,10.9,11.18,0.64,2.62,,17.3126,17.269,19.0771,18.7105,,368102273,823,2026-08-14,54.77,1920008668.0
NASDAQ:LYTS,LYTS,LSI Industries Inc.,Technology,Electronic Components,United States,NASDAQ,912670363.0,24.86,54.77,53.52,5,49.3,1862,False,-7.24,44.75,14.87,14.04,26.98,39.61,54.34,21.642,21.7986,19.5774,17.8068,16.1069,5756324,1255,2026-08-14,54.6,36712404.0
AMEX:NHC,NHC,National HealthCare Corporation,Healthcare,Medical Care Facilities,United States,AMEX,3492395531.0,223.59,54.77,55.75,5,49.3,1863,True,-3.21,113.86,33.21,42.34,70.36,92.63,121.47,167.8535,157.0761,131.2493,116.0752,100.9578,24938028,1255,2026-08-14,51.75,15619641.0
NASDAQ:LGO,LGO,Largo Inc.,Basic Materials,Other Industrial Metals & Mining,Canada,NASDAQ,73975909.0,0.73,54.78,50.68,5,49.4,1864,False,-71.03,25.86,-31.92,-38.04,-49.58,-56.95,-72.12,1.0722,1.1782,1.448,1.6958,2.6188,301621,1255,2026-08-14,57.8,101336861.0
NASDAQ:ELBM,ELBM,Electra Battery Materials Corporation,Basic Materials,Other Industrial Metals & Mining,Canada,NASDAQ,62996590.0,0.59,54.79,52.66,5,49.4,1865,True,-91.6,20.41,-21.17,-33.2,-52.56,-60.22,-81.82,0.7484,0.8832,1.2437,1.4831,3.2446,209293,1255,2026-08-14,54.61,106773882.0
NASDAQ:NYXH,NYXH,Nyxoah SA,Healthcare,Medical Instruments & Supplies,Belgium,NASDAQ,162117960.0,1.62,54.79,47.57,5,49.4,1866,False,-76.18,23.66,-53.28,-58.72,-73.73,-76.78,-76.7,3.4674,3.9247,6.1676,6.9757,6.9518,187483,1254,2026-08-14,52.01,100072815.0
NASDAQ:KYTX,KYTX,"Kyverna Therapeutics, Inc.",Healthcare,Biotechnology,United States,NASDAQ,496696882.0,8.17,54.81,51.69,5,49.5,1867,False,-27.38,147.58,-1.68,6.68,40.77,,,8.3098,7.6585,5.8037,,,5893669,629,2026-08-14,53.45,60795212.0
NASDAQ:WRLD,WRLD,World Acceptance Corporation,Financial Services,Credit Services,United States,NASDAQ,907615432.0,194.75,54.81,54.38,5,49.5,1868,True,-12.99,68.51,26.79,23.89,34.61,40.16,50.45,153.6004,157.1928,144.6734,138.9467,129.4416,26537303,1255,2026-08-14,48.38,4660413.0
NASDAQ:AEIS,AEIS,"Advanced Energy Industries, Inc.",Industrials,Electrical Equipment & Parts,United States,NASDAQ,13213919581.0,330.26,54.82,52.7,5,49.5,1869,True,-15.08,127.63,12.63,23.51,73.08,104.92,129.38,293.218,267.4037,190.8162,161.1678,143.9787,220251571,1255,2026-08-14,54.62,40010657.0
NASDAQ:NVTS,NVTS,Navitas Semiconductor Corporation,Technology,Semiconductors,United States,NASDAQ,3772800902.0,14.45,54.82,50.18,5,49.5,1870,True,-54.55,160.83,13.32,22.29,87.74,105.08,110.79,12.751,11.8157,7.697,7.046,6.855,181050457,1209,2026-08-14,51.03,261093488.0
NASDAQ:PMVP,PMVP,"PMV Pharmaceuticals, Inc.",Healthcare,Biotechnology,United States,NASDAQ,67198025.0,1.26,54.82,52.61,5,49.5,1871,True,-30.0,23.53,-1.27,-3.52,-4.96,-30.22,-63.84,1.2762,1.3059,1.3257,1.8056,3.4841,350993,1254,2026-08-14,50.47,53331766.0
NASDAQ:SRRK,SRRK,Scholar Rock Holding Corporation,Healthcare,Biotechnology,United States,NASDAQ,6293384312.0,52.52,54.82,53.75,5,49.5,1872,False,-9.35,88.11,15.04,21.82,42.07,83.58,122.82,45.653,43.1112,36.9671,28.6081,23.5706,51597979,1254,2026-08-14,56.57,119828338.0
NASDAQ:FISV,FISV,"Fiserv, Inc.",,,,NASDAQ,29003684299.0,54.39,54.83,53.23,5,49.6,1873,False,-61.15,15.28,-9.12,-27.05,-59.09,-59.68,-57.74,59.8456,74.5598,132.9638,134.9115,128.7086,447501642,1254,2026-08-14,58.7,533253986.0
NYSE:AER,AER,AerCap Holdings N.V.,Industrials,Rental & Leasing Services,Ireland,NYSE,23962710709.0,152.45,54.84,54.68,5,49.6,1874,True,-1.53,36.33,7.58,11.05,28.51,46.19,65.7,141.7032,137.2795,118.6286,104.2856,92.0059,160340663,1255,2026-08-14,48.65,157184065.0
NYSE:INVH,INVH,Invitation Homes Inc.,Real Estate,REIT - Residential,United States,NYSE,17993530847.0,30.29,54.84,55.06,5,49.6,1875,False,-0.98,26.99,10.84,9.93,2.82,1.22,1.8,27.3269,27.5541,29.4593,29.9257,29.7537,121624454,1254,2026-08-14,55.0,594041956.0
NYSE:ASPN,ASPN,"Aspen Aerogels, Inc.",Basic Materials,Specialty Chemicals,United States,NYSE,484833100.0,5.85,54.85,54.14,5,49.7,1876,False,-33.67,127.63,36.68,19.29,-33.39,-47.02,-45.44,4.2801,4.9038,8.783,11.0423,10.7227,10476598,1255,2026-08-14,58.27,82877453.0
NASDAQ:WABC,WABC,Westamerica Bancorporation,Financial Services,Banks - Regional,United States,NASDAQ,1377359760.0,59.88,54.85,55.95,5,49.7,1877,False,-3.36,36.94,14.67,17.11,21.16,25.73,27.57,52.2197,51.1311,49.4204,47.6274,46.9381,9105253,1255,2026-08-14,55.3,23002000.0
NASDAQ:IREN,IREN,IREN Limited,Financial Services,Capital Markets,Australia,NASDAQ,15746104376.0,44.06,54.86,51.55,5,49.7,1878,False,-42.34,135.24,-6.43,-3.97,57.07,112.32,167.9,47.0899,45.8792,28.052,20.7514,16.4466,1945034669,1189,2026-08-14,56.08,357378674.0
NASDAQ:PFG,PFG,Principal Financial Group Inc,Financial Services,Asset Management,United States,NASDAQ,24403646981.0,113.98,54.86,56.18,5,49.7,1879,False,-1.24,52.2,19.1,23.7,34.86,42.18,46.46,95.6978,92.143,84.5172,80.1674,77.8234,173487440,1255,2026-08-14,58.62,214104641.0
NASDAQ:GSAT,GSAT,"Globalstar, Inc.",Communication Services,Telecom Services,United States,NASDAQ,10610920025.0,82.39,54.87,55.37,5,49.8,1880,False,-2.42,230.62,17.64,30.86,92.09,132.2,158.95,70.037,62.96,42.8909,35.482,31.8169,83544346,1255,2026-08-14,56.64,128788931.0
NASDAQ:NRC,NRC,NRC Health,Healthcare,Health Information Services,United States,NASDAQ,469132085.0,21.19,54.87,53.93,5,49.8,1881,False,-6.94,90.35,19.38,25.47,28.85,-5.26,-18.87,17.75,16.8879,16.4457,22.3655,26.1195,2291496,1254,2026-08-14,55.84,22139315.0
NASDAQ:AFRM,AFRM,"Affirm Holdings, Inc.",Financial Services,Credit Services,United States,NASDAQ,23062933708.0,78.35,54.88,54.15,5,49.9,1882,False,-15.0,84.22,18.18,13.61,26.69,52.02,83.77,66.2977,68.9636,61.8439,51.5392,42.6338,230846600,1255,2026-08-14,54.83,294357801.0
NASDAQ:AMTX,AMTX,"Aemetis, Inc",Basic Materials,Specialty Chemicals,United States,NASDAQ,124548664.0,1.77,54.88,50.72,5,49.9,1883,True,-51.64,34.09,-9.72,-14.87,-21.39,-38.8,-49.64,1.9605,2.0792,2.2516,2.8921,3.5146,1547407,1254,2026-08-14,53.51,70366477.0
NYSE:CVSA,CVSA,Covista Inc.,Consumer Defensive,Education & Training Services,United States,NYSE,4492417393.0,132.01,54.88,54.16,5,49.9,1884,False,-14.53,47.73,17.27,11.34,21.43,45.2,69.32,112.5669,118.5596,108.7106,90.9179,77.9647,42500563,1255,2026-08-14,54.79,34030887.0
NYSE:MGY,MGY,Magnolia Oil & Gas Corporation,Energy,Oil & Gas E&P,United States,NYSE,6218055854.0,26.24,54.88,51.99,5,49.9,1885,True,-17.85,25.93,1.67,3.8,8.37,11.87,15.47,25.808,25.2788,24.2144,23.4565,22.7236,188716014,1254,2026-08-14,52.69,236968592.0
NASDAQ:PRE,PRE,Prenetics Global Limited,Consumer Defensive,Packaged Foods,Hong Kong,NASDAQ,304533525.0,19.75,54.88,52.99,5,49.9,1886,False,-10.84,172.41,12.09,20.88,79.53,114.52,41.38,17.6194,16.3382,11.0012,9.2065,13.9697,3048277,1254,2026-08-14,54.62,15419419.0
NYSE:GLOB,GLOB,Globant S.A.,Technology,Information Technology Services,Luxembourg,NYSE,1614051803.0,37.38,54.89,53.61,5,50.0,1887,False,-53.08,34.8,-24.25,-27.92,-65.16,-72.86,-74.66,49.3447,51.8569,107.2934,137.7349,147.4982,70695003,1254,2026-08-14,69.4,43179556.0
NASDAQ:MCFT,MCFT,"MasterCraft Boat Holdings, Inc.",Consumer Cyclical,Recreational Vehicles,United States,NASDAQ,605072305.0,24.98,54.89,54.01,5,50.0,1888,True,-8.77,45.15,13.42,13.94,23.89,21.47,12.36,22.0234,21.924,20.1637,20.5649,22.2322,3725361,1254,2026-08-14,52.25,24222270.0
NASDAQ:PBHC,PBHC,"Pathfinder Bancorp, Inc.",Financial Services,Banks - Regional,United States,NASDAQ,79335986.0,16.27,54.89,56.25,6,50.0,1889,False,-2.96,35.63,14.52,13.71,9.16,15.99,12.11,14.2073,14.308,14.9054,14.0273,14.5128,84703,1255,2026-08-14,54.47,4876213.0
NASDAQ:FRMM,FRMM,"Forum Markets, Incorporated",Technology,Software - Application,United States,NASDAQ,80449783.0,6.09,54.9,54.7,6,50.1,1890,False,-94.31,240.22,-0.84,-44.86,-57.71,-77.14,-97.94,6.1417,11.0452,14.4011,26.6351,295.4373,1369481,1254,2026-08-14,57.81,13210145.0
NASDAQ:HSTM,HSTM,"HealthStream, Inc.",Healthcare,Health Information Services,United States,NASDAQ,845487541.0,28.94,54.9,55.68,6,50.1,1891,False,-2.89,46.03,21.76,17.94,6.4,8.76,11.77,23.7676,24.5369,27.1986,26.6103,25.8919,5642038,1255,2026-08-14,55.44,29215188.0
NYSE:DXC,DXC,DXC Technology Company,Technology,Information Technology Services,United States,NYSE,1748846038.0,10.79,54.92,54.75,6,50.1,1892,False,-30.07,31.27,-10.66,-13.22,-29.94,-37.13,-44.66,12.077,12.4333,15.402,17.162,19.497,43050085,1255,2026-08-14,61.8,162080263.0
NASDAQ:HLMN,HLMN,Hillman Solutions Corp.,Industrials,Tools & Accessories,United States,NASDAQ,1707023572.0,8.7,54.93,55.32,6,50.1,1893,False,-18.99,23.58,1.9,-0.67,-3.41,-2.91,-1.28,8.5376,8.7584,9.007,8.9608,8.8125,12211152,1254,2026-08-14,57.01,196209606.0
NASDAQ:MRDN,MRDN,Meridian Holdings Inc.,Consumer Cyclical,Gambling,United States,NASDAQ,180803039.0,14.29,54.94,54.4,6,50.2,1894,False,-15.54,135.42,40.3,32.16,-19.31,-39.3,-45.02,10.1856,10.813,17.7104,23.5417,25.9899,1061054,1254,2026-08-14,53.84,12652417.0
NASDAQ:PGC,PGC,Peapack-Gladstone Financial Corporation,Financial Services,Banks - Regional,United States,NASDAQ,827093885.0,46.68,54.95,54.74,6,50.2,1895,False,-3.31,89.6,27.95,34.47,45.41,57.53,53.9,36.4822,34.7137,32.1023,29.6327,30.3316,9631977,1255,2026-08-14,52.74,17718378.0
NYSE:NMG,NMG,Nouveau Monde Graphite Inc.,Basic Materials,Other Industrial Metals & Mining,Canada,NYSE,483798065.0,1.47,54.96,49.69,6,50.2,1896,False,-71.01,16.67,-32.84,-34.88,-25.14,-29.07,-45.43,2.1887,2.2573,1.9635,2.0723,2.6936,654151,1254,2026-08-14,58.38,329114330.0
NASDAQ:OCS,OCS,Oculis Holding AG,Healthcare,Biotechnology,Switzerland,NASDAQ,781421665.0,12.94,54.96,45.99,6,50.2,1897,True,-60.37,20.82,-40.11,-38.23,-32.27,-22.08,-14.06,21.6046,20.9478,19.1039,16.6067,15.0576,3647284,1254,2026-08-14,53.45,60388073.0
NASDAQ:SFBC,SFBC,"Sound Financial Bancorp, Inc.",Financial Services,Banks - Regional,United States,NASDAQ,110115515.0,46.25,54.96,55.5,6,50.2,1898,False,-3.18,13.71,6.7,5.59,-1.02,5.96,10.56,43.3441,43.803,46.7275,43.65,41.8315,813014,1255,2026-08-14,57.91,2380876.0
NYSE:EVEX,EVEX,"Eve Holding, Inc.",Industrials,Aerospace & Defense,United States,NYSE,950871514.0,2.73,54.97,52.92,6,50.3,1899,False,-53.41,25.23,-17.71,-22.11,-29.9,-41.24,-50.51,3.3177,3.5052,3.8942,4.6462,5.5163,2676004,1069,2026-08-14,57.58,348304584.0
NASDAQ:BTBT,BTBT,"Bit Digital, Inc.",Financial Services,Capital Markets,United States,NASDAQ,554838000.0,1.57,54.98,51.03,6,50.3,1900,False,-62.8,29.75,-17.7,-27.89,-40.04,-40.56,-35.69,1.9076,2.1771,2.6184,2.6415,2.4412,33250332,1255,2026-08-14,50.74,353400000.0
NASDAQ:ITIC,ITIC,Investors Title Company,Financial Services,Insurance - Specialty,United States,NASDAQ,543195329.0,287.71,54.98,56.8,6,50.3,1901,False,-2.99,37.47,14.43,14.96,22.87,40.92,55.46,251.4393,250.2704,234.1583,204.1721,185.0693,14774433,1255,2026-08-14,50.15,1887996.0
NASDAQ:NECB,NECB,"NorthEast Community Bancorp, Inc.",Financial Services,Banks - Regional,United States,NASDAQ,372255836.0,27.03,54.98,55.26,6,50.3,1902,True,-3.69,42.21,14.11,17.47,18.31,33.1,47.11,23.6874,23.0103,22.8458,20.3083,18.3742,1119621,1255,2026-08-14,53.94,13771951.0
NYSE:DFIN,DFIN,"Donnelley Financial Solutions, Inc.",Technology,Software - Application,United States,NYSE,1204437913.0,48.99,54.99,55.38,6,50.4,1903,False,-15.39,33.34,5.13,1.83,-7.9,-11.11,-5.42,46.5995,48.1086,53.1944,55.1149,51.7961,12196411,1254,2026-08-14,57.36,24585383.0
NYSE:KTB,KTB,"Kontoor Brands, Inc.",Consumer Cyclical,Apparel Manufacturing,United States,NYSE,4692623279.0,84.9,54.99,54.61,6,50.4,1904,False,-3.71,49.92,19.11,17.0,18.03,28.78,44.25,71.2769,72.5667,71.9321,65.9243,58.8581,60389641,1254,2026-08-14,53.42,55272359.0
NASDAQ:PCVX,PCVX,"Vaxcyte, Inc.",Healthcare,Biotechnology,United States,NASDAQ,8385173394.0,58.07,55.0,54.42,6,50.5,1905,False,-7.88,91.97,10.01,17.81,-2.85,-4.63,3.85,52.7881,49.2928,59.7728,60.8897,55.9187,54233104,1255,2026-08-14,57.82,144397682.0
NASDAQ:LXEO,LXEO,"Lexeo Therapeutics, Inc.",Healthcare,Biotechnology,United States,NASDAQ,380044709.0,4.84,55.01,52.05,6,50.5,1906,False,-54.47,17.19,-28.08,-27.13,-22.99,,,6.7299,6.642,6.2853,,,4808039,695,2026-08-14,58.42,78521634.0
AMEX:OPTT,OPTT,"Ocean Power Technologies, Inc.",Industrials,Specialty Industrial Machinery,United States,AMEX,56729153.0,0.21,55.01,47.58,6,50.5,1907,False,-70.0,50.0,-41.78,-46.79,-50.22,-44.97,-53.92,0.3607,0.3946,0.4218,0.3816,0.4557,1035775,1255,2026-08-14,55.01,270138823.0
NASDAQ:OPTX,OPTX,"Syntec Optics Holdings, Inc.",Technology,Electronic Components,United States,NASDAQ,354865725.0,8.81,55.02,51.43,6,50.5,1908,False,-37.56,604.8,31.21,54.38,143.2,105.53,52.81,6.7146,5.7068,3.6226,4.2864,5.7654,3118474,1142,2026-08-14,54.59,40279878.0
NYSE:UVE,UVE,UNIVERSAL INSURANCE HOLDINGS INC,Financial Services,Insurance - Property & Casualty,United States,NYSE,1202549640.0,43.21,55.02,55.67,6,50.5,1909,False,-4.15,87.02,22.18,29.34,57.31,82.98,108.52,35.3668,33.4077,27.4674,23.6148,20.7222,8788566,1255,2026-08-14,51.14,27830355.0
AMEX:ELLO,ELLO,Ellomay Capital Ltd Ordinary Shares (Israel),Utilities,Utilities - Renewable,Israel,AMEX,281177892.0,20.4,55.03,52.01,6,50.6,1910,False,-31.52,20.35,-11.92,-7.95,9.54,18.64,18.84,23.1611,22.1618,18.6241,17.1945,17.1655,82494,1255,2026-08-14,53.48,13783230.0
NYSE:BC,BC,Brunswick Corporation,Consumer Cyclical,Recreational Vehicles,United States,NYSE,5371436789.0,82.67,55.05,53.44,6,50.6,1911,False,-6.35,43.13,6.9,11.06,20.11,15.47,14.92,77.3344,74.4359,68.8276,71.5928,71.9369,59506841,1255,2026-08-14,52.25,64974438.0
NASDAQ:EPRX,EPRX,Eupraxia Pharmaceuticals Inc.,Healthcare,Biotechnology,Canada,NASDAQ,438997084.0,6.72,55.05,52.8,6,50.6,1912,False,-25.91,33.07,-4.55,-0.38,30.74,,,7.04,6.7454,5.1401,,,2397602,591,2026-08-14,54.07,65326947.0
NASDAQ:FNWB,FNWB,First Northwest Bancorp,Financial Services,Banks - Regional,United States,NASDAQ,109396116.0,11.51,55.06,56.1,6,50.7,1913,False,-5.42,65.37,14.85,20.67,18.79,8.67,2.64,10.022,9.5381,9.689,10.5912,11.2144,280355,1254,2026-08-14,51.22,9504441.0
NYSE:BMNR,BMNR,"BitMine Immersion Technologies, Inc.",Financial Services,Capital Markets,United States,NYSE,10906333204.0,18.08,55.07,53.43,6,50.7,1914,False,-71.39,35.84,-23.6,-38.74,,,,23.6657,29.5112,,,,556593036,300,2026-08-14,56.61,603226394.0
NASDAQ:IRWD,IRWD,"Ironwood Pharmaceuticals, Inc.",Healthcare,Drug Manufacturers - Specialty & Generic,United States,NASDAQ,709483780.0,4.31,55.07,54.25,6,50.7,1915,True,-20.04,318.45,13.8,31.09,48.51,-14.01,-33.88,3.7875,3.2879,2.9022,5.0121,6.5186,9166938,1255,2026-08-14,49.96,164613406.0
NYSE:CRCL,CRCL,"Circle Internet Group, Inc.",Financial Services,Capital Markets,United States,NYSE,16457818408.0,71.6,55.08,50.68,6,50.8,1916,False,-52.42,42.54,-17.16,-25.43,,,,86.4337,96.0131,,,,762631845,300,2026-08-14,61.39,229857799.0
NASDAQ:TTRX,TTRX,Turn Therapeutics Inc.,Healthcare,Biotechnology,United States,NASDAQ,285071543.0,9.57,55.08,56.76,6,50.8,1917,False,-9.2,253.14,96.04,,,,,4.8816,,,,,722806,213,2026-08-14,57.55,29788040.0
NYSE:OIA,OIA,Invesco Municipal Income Opportunities Trust,Financial Services,Asset Management,United States,NYSE,294301479.0,6.14,55.09,53.33,6,50.8,1918,False,-1.76,17.18,2.37,3.65,6.3,8.7,10.75,5.9978,5.924,5.776,5.6488,5.5439,793559,1255,2026-08-14,50.96,47931837.0
NYSE:IRT,IRT,"Independence Realty Trust, Inc.",Real Estate,REIT - Residential,United States,NYSE,4014221034.0,17.03,55.1,54.49,6,50.8,1919,False,-1.9,16.63,5.13,4.99,-1.67,4.29,5.87,16.1996,16.2202,17.3189,16.3295,16.0863,47511687,1254,2026-08-14,54.57,235714682.0
AMEX:FSP,FSP,Franklin Street Properties Corp.,Real Estate,REIT - Office,United States,AMEX,50965737.0,0.49,55.11,50.06,6,50.9,1920,False,-70.82,13.95,-32.19,-45.31,-62.19,-67.52,-70.46,0.7226,0.896,1.296,1.5086,1.6589,134218,1255,2026-08-14,42.29,104011708.0
NASDAQ:OVBC,OVBC,Ohio Valley Banc Corp.,Financial Services,Banks - Regional,United States,NASDAQ,209969315.0,44.57,55.11,52.69,6,50.9,1921,False,-10.56,31.64,5.57,9.09,30.8,48.63,57.49,42.2182,40.8559,34.0759,29.988,28.2998,1946949,1255,2026-08-14,67.86,4711001.0
NASDAQ:XLO,XLO,"Xilio Therapeutics, Inc.",Healthcare,Biotechnology,United States,NASDAQ,60294025.0,9.17,55.11,54.62,6,50.9,1922,True,-24.1,28.43,3.56,-0.34,-13.03,-29.68,-53.19,8.855,9.2017,10.5433,13.0397,19.59,193140,1206,2026-08-14,50.53,6575139.0
NYSE:FBRT,FBRT,"Franklin BSP Realty Trust, Inc.",Real Estate,REIT - Mortgage,United States,NYSE,670176507.0,8.07,55.12,52.13,6,50.9,1923,False,-22.4,7.17,-8.32,-10.86,-16.45,-16.98,-15.46,8.802,9.053,9.6586,9.7206,9.5463,10928281,1209,2026-08-14,56.99,83045416.0
NYSE:MDA,MDA,MDA Space Ltd.,Industrials,Aerospace & Defense,Canada,NYSE,5701172955.0,35.21,55.12,51.98,6,50.9,1924,True,-27.67,49.13,,,,,,,,,,,42225911,107,2026-08-14,53.91,161919141.0
NASDAQ:TRGS,TRGS,TRG Latin America Acquisitions Corp.,Financial Services,Shell Companies,United States,NASDAQ,206901440.0,9.92,55.13,54.57,6,51.0,1925,False,-0.3,0.92,,,,,,,,,,,992498,81,2026-08-14,55.13,20857000.0
NASDAQ:TVA,TVA,Texas Ventures Acquisition III Corp,Financial Services,Shell Companies,United States,NASDAQ,237150000.0,10.54,55.13,53.52,6,51.0,1926,False,-9.53,4.25,-0.37,-0.25,,,,10.5796,10.5663,,,,208552,312,2026-08-14,55.13,22500000.0
NASDAQ:CING,CING,Cingulate Inc.,Healthcare,Biotechnology,United States,NASDAQ,68557393.0,5.09,55.14,52.95,6,51.0,1927,True,-56.35,52.85,-1.09,4.01,6.2,-76.43,-93.67,5.1461,4.8938,4.793,21.5988,80.4546,736393,1174,2026-08-14,52.45,13469036.0
NASDAQ:ACIU,ACIU,AC Immune SA,Healthcare,Biotechnology,Switzerland,NASDAQ,253416197.0,2.49,55.15,52.55,6,51.1,1928,False,-37.59,22.06,-13.61,-12.3,-7.59,-14.67,-11.68,2.8824,2.8391,2.6946,2.918,2.8193,501664,1255,2026-08-14,59.7,101773573.0
NYSE:F,F,Ford Motor Company,Consumer Cyclical,Auto Manufacturers,United States,NYSE,56283605403.0,14.37,55.16,53.72,6,51.1,1929,False,-16.71,32.74,9.5,12.67,28.91,32.68,34.3,13.1229,12.7536,11.147,10.8307,10.6996,759343866,1255,2026-08-14,46.75,3916743591.0
NYSE:PINS,PINS,"Pinterest, Inc.",Communication Services,Internet Content & Information,United States,NYSE,11590912410.0,24.06,55.16,55.57,6,51.1,1930,False,-36.6,56.03,7.01,-3.65,-15.98,-21.51,-17.69,22.4833,24.9711,28.6372,30.6536,29.2304,277987374,1254,2026-08-14,50.98,481750308.0
NASDAQ:VANI,VANI,"Vivani Medical, Inc.",Healthcare,Biotechnology,United States,NASDAQ,120729146.0,1.4,55.16,54.45,6,51.1,1931,True,-25.13,49.25,8.2,6.87,10.91,9.33,1.16,1.2939,1.3101,1.2623,1.2806,1.3839,204797,1255,2026-08-14,49.59,86235104.0
NASDAQ:BELFA,BELFA,Bel Fuse Inc.,Technology,Electronic Components,United States,NASDAQ,513776230.0,242.89,55.17,52.72,6,51.2,1932,True,-16.58,125.33,20.3,31.46,79.21,117.25,159.84,201.9117,184.7605,135.5315,111.8045,93.4752,43355026,1255,2026-08-14,51.53,2115263.0
NASDAQ:CCNE,CCNE,CNB Financial Corporation,Financial Services,Banks - Regional,United States,NASDAQ,1035056236.0,34.94,55.17,56.56,6,51.2,1933,False,-2.18,54.65,19.33,23.4,35.96,49.43,55.19,29.2805,28.3137,25.6991,23.3826,22.5148,5756207,1255,2026-08-14,55.29,29623819.0
NASDAQ:EH,EH,EHang Holdings Limited - ADS,Industrials,Aerospace & Defense,China,NASDAQ,334049246.0,5.93,55.17,47.97,6,51.2,1934,False,-69.5,21.02,-45.62,-51.66,-59.57,-60.4,-56.77,10.9053,12.2678,14.6675,14.9766,13.7164,3443315,1254,2026-08-14,53.18,56332082.0
NYSE:ACRE,ACRE,Ares Commercial Real Estate Corporation,Real Estate,REIT - Mortgage,United States,NYSE,261870853.0,4.72,55.18,53.58,6,51.2,1935,False,-11.79,23.03,1.35,3.67,3.31,-6.97,-13.99,4.6573,4.553,4.5686,5.0738,5.4877,2259875,1254,2026-08-14,56.88,55481113.0
NASDAQ:ASTH,ASTH,Astrana Health Inc.,Healthcare,Medical Care Facilities,United States,NASDAQ,2023499289.0,40.81,55.19,52.94,6,51.3,1936,False,-18.07,124.72,33.43,33.88,20.98,16.05,15.91,30.5859,30.4831,33.7335,35.1666,35.2089,21832344,1255,2026-08-14,46.86,49583418.0
NASDAQ:ABUS,ABUS,Arbutus Biopharma Corporation,Healthcare,Biotechnology,United States,NASDAQ,922501106.0,4.67,55.21,53.55,6,51.3,1937,True,-10.54,38.58,4.79,6.17,18.18,33.74,43.93,4.4566,4.3984,3.9517,3.4918,3.2447,5791075,1255,2026-08-14,51.68,197537710.0
NYSE:JNJ,JNJ,Johnson & Johnson,Healthcare,Drug Manufacturers - General,United States,NYSE,627417099729.0,260.35,55.23,55.98,6,51.3,1938,False,-2.58,52.73,14.04,19.36,40.88,51.83,56.8,228.303,218.1239,184.8071,171.4794,166.0396,1882727882,1255,2026-08-14,58.05,2409898597.0
NASDAQ:JFB,JFB,JFB Construction Holdings,Real Estate,Real Estate - Development,United States,NASDAQ,93059854.0,4.6,55.25,51.14,6,51.4,1939,True,-72.59,81.46,-38.0,-33.0,,,,7.4193,6.8661,,,,1384771,363,2026-08-14,50.52,20230403.0
NASDAQ:SUPN,SUPN,"Supernus Pharmaceuticals, Inc.",Healthcare,Drug Manufacturers - Specialty & Generic,United States,NASDAQ,2801577333.0,48.27,55.25,53.48,6,51.4,1940,True,-15.32,14.93,-1.17,-0.25,17.0,30.16,31.87,48.8422,48.3908,41.2575,37.0859,36.6031,45892553,1254,2026-08-14,51.4,58039721.0
NASDAQ:KALU,KALU,Kaiser Aluminum Corporation,Basic Materials,Aluminum,United States,NASDAQ,2971120489.0,181.73,55.26,54.23,6,51.4,1941,False,-6.71,151.57,29.66,43.07,85.04,104.53,118.53,140.1624,127.0237,98.21,88.8516,83.1603,46421434,1255,2026-08-14,56.01,16349092.0
AMEX:MAIA,MAIA,"MAIA Biotechnology, Inc.",Healthcare,Biotechnology,United States,AMEX,85121061.0,1.4,55.26,53.15,6,51.4,1942,True,-52.54,60.73,-4.33,-5.63,-21.99,-27.41,-38.83,1.4634,1.4835,1.7947,1.9285,2.2886,483872,1016,2026-08-14,48.42,60800758.0
NYSE:LAC,LAC,Lithium Americas Corp.,Basic Materials,Other Industrial Metals & Mining,Canada,NYSE,1226769391.0,3.38,55.27,48.5,6,51.5,1943,False,-66.37,24.72,-26.6,-27.8,-11.66,,,4.605,4.6816,3.8262,,,27350570,720,2026-08-14,57.64,362949524.0
NASDAQ:LCNB,LCNB,LCNB Corporation,Financial Services,Banks - Regional,United States,NASDAQ,282943706.0,19.85,55.28,56.75,6,51.5,1944,False,-5.39,43.97,18.85,21.78,30.89,38.05,39.75,16.7018,16.3004,15.1651,14.3786,14.204,1050055,1255,2026-08-14,56.93,14254091.0
AMEX:LPA,LPA,Logistic Properties of the Americas,Real Estate,Real Estate - Development,Costa Rica,AMEX,103706433.0,3.28,55.28,52.72,6,51.5,1945,False,-51.26,37.82,6.9,-7.91,-45.98,,,3.0682,3.5617,6.0714,,,110561,596,2026-08-14,56.03,31617815.0
NASDAQ:REYN,REYN,Reynolds Consumer Products Inc.,Consumer Cyclical,Packaging & Containers,United States,NASDAQ,5533263278.0,26.25,55.29,56.64,6,51.5,1946,False,-3.42,29.05,12.95,13.48,10.35,8.24,7.13,23.2394,23.1318,23.7883,24.2508,24.5026,30237938,1254,2026-08-14,56.08,210790982.0
NYSE:GE,GE,GE Aerospace,Industrials,Aerospace & Defense,United States,NYSE,382217278539.0,368.38,55.3,55.93,6,51.6,1947,True,-3.37,39.23,15.9,18.21,43.66,74.19,111.01,317.8407,311.6273,256.4311,211.4791,174.5818,1195307336,1255,2026-08-14,50.0,1037562513.0
NYSE:RDDT,RDDT,"Reddit, Inc.",Communication Services,Internet Content & Information,United States,NYSE,25282661184.0,178.09,55.3,53.04,6,51.6,1948,False,-34.21,46.17,0.13,-5.16,13.0,,,177.8612,187.7827,157.604,,,1143629695,602,2026-08-14,44.45,141965642.0
NYSE:PFLT,PFLT,PennantPark Floating Rate Capital Ltd.,Financial Services,Asset Management,United States,NYSE,730243715.0,7.36,55.31,52.21,6,51.6,1949,False,-18.45,8.48,-7.6,-8.54,-13.05,-12.13,-8.98,7.965,8.0469,8.4642,8.3764,8.0864,8374881,1255,2026-08-14,60.85,99217896.0
NYSE:DHR,DHR,Danaher Corporation,Healthcare,Diagnostics & Research,United States,NYSE,142319526632.0,202.45,55.32,55.47,6,51.7,1950,False,-16.01,25.3,-0.0,0.05,-4.57,-7.7,-8.05,202.454,202.3547,212.1377,219.3475,220.1824,1239982571,1255,2026-08-14,57.24,702986054.0
NASDAQ:SOFI,SOFI,"SoFi Technologies, Inc.",Financial Services,Credit Services,United States,NASDAQ,23599813869.0,18.29,55.32,53.91,6,51.7,1951,False,-43.22,20.73,-12.14,-16.9,2.64,26.69,47.56,20.8183,22.0099,17.8192,14.437,12.3947,1212866538,1255,2026-08-14,56.61,1290312404.0
NASDAQ:PUSA,PUSA,Aureus Greenway Holdings Inc.,Consumer Cyclical,Leisure,United States,NASDAQ,98074638.0,3.64,55.34,51.1,6,51.7,1952,True,-53.42,81.09,-11.6,-11.16,,,,4.1178,4.0975,,,,2104237,378,2026-08-14,51.08,26943582.0
NASDAQ:BIIB,BIIB,Biogen Inc.,Healthcare,Drug Manufacturers - General,United States,NASDAQ,31003221400.0,209.83,55.35,54.38,6,51.7,1953,False,-3.14,58.7,12.58,18.24,27.6,11.61,0.24,186.3793,177.4568,164.4373,188.007,209.3214,201598411,1255,2026-08-14,56.35,147753998.0
NYSE:CTO,CTO,"CTO Realty Growth, Inc.",Real Estate,REIT - Diversified,United States,NYSE,824679988.0,22.0,55.35,56.03,6,51.7,1954,False,-2.35,52.99,16.12,20.93,26.07,34.95,40.59,18.9465,18.192,17.451,16.3022,15.6485,7592625,1255,2026-08-14,54.61,37485454.0
NYSE:VNT,VNT,Vontier Corporation,Technology,Scientific & Technical Instruments,United States,NYSE,4623872000.0,32.84,55.35,55.8,6,51.7,1955,False,-24.66,18.23,-6.16,-9.93,-9.07,-9.04,-0.75,34.9942,36.4621,36.1153,36.1036,33.0897,50130652,1254,2026-08-14,57.18,140800000.0
NASDAQ:AAPG,AAPG,Ascentage Pharma Group International - American Depository Shares,Healthcare,Biotechnology,China,NASDAQ,1773407104.0,19.0,55.36,52.15,6,51.8,1956,False,-60.33,13.84,-21.18,-30.45,,,,24.1047,27.3201,,,,90396,390,2026-08-14,55.36,93337216.0
NYSE:EPAC,EPAC,Enerpac Tool Group Corp.,Industrials,Specialty Industrial Machinery,United States,NYSE,1904004663.0,36.94,55.37,54.5,6,51.8,1957,True,-15.4,12.18,-1.34,-3.54,-9.01,-2.47,6.98,37.4406,38.2966,40.5991,37.8759,34.5309,14042808,1255,2026-08-14,55.19,51543169.0
NASDAQ:STAA,STAA,STAAR Surgical Company,Healthcare,Medical Instruments & Supplies,United States,NASDAQ,1303462799.0,26.18,55.37,51.46,6,51.8,1958,True,-21.48,62.61,7.9,5.36,8.45,-9.71,-31.58,24.2628,24.8483,24.1405,28.9969,38.2609,27517155,1255,2026-08-14,50.46,49788495.0
NYSE:CWT,CWT,California Water Service Group,Utilities,Utilities - Regulated Water,United States,NYSE,3116690690.0,50.4,55.38,56.19,6,51.9,1959,False,-3.25,21.76,11.67,11.55,10.02,9.93,5.79,45.1329,45.1835,45.8083,45.8468,47.6403,23283383,1255,2026-08-14,54.09,61839101.0
NASDAQ:FTLF,FTLF,"FitLife Brands, Inc.",Consumer Defensive,Packaged Foods,United States,NASDAQ,101423578.0,10.8,55.38,52.87,6,51.9,1960,False,-47.98,21.62,-19.48,-25.58,-26.78,-21.77,-13.23,13.413,14.5114,14.75,13.8056,12.4467,133771,1255,2026-08-14,61.45,9391072.0
NASDAQ:LIVN,LIVN,LivaNova PLC,Healthcare,Medical Devices,United Kingdom,NASDAQ,4516635494.0,82.22,55.38,55.04,6,51.9,1961,False,-3.64,65.87,21.58,26.68,48.15,50.67,52.95,67.6242,64.9049,55.497,54.5696,53.756,55639703,1254,2026-08-14,55.34,54933538.0
NASDAQ:STTK,STTK,"Shattuck Labs, Inc.",Healthcare,Biotechnology,United States,NASDAQ,708670584.0,7.42,55.39,55.25,6,52.0,1962,True,-6.31,814.92,46.79,69.6,154.94,93.7,105.01,5.055,4.3751,2.9105,3.8307,3.6194,7705319,1254,2026-08-14,54.19,95508165.0
NASDAQ:BSBK,BSBK,Bogota Financial Corp.,Financial Services,Banks - Regional,United States,NASDAQ,116717952.0,9.08,55.41,54.79,6,52.0,1963,False,-4.32,11.41,5.69,4.38,10.58,14.76,6.95,8.5913,8.6992,8.211,7.9121,8.4901,96099,1254,2026-08-14,55.41,12854400.0
NASDAQ:EQPT,EQPT,EquipmentShare.com Inc,Industrials,Rental & Leasing Services,United States,NASDAQ,4431450936.0,20.63,55.41,52.9,6,52.0,1964,False,-40.43,28.94,,,,,,,,,,,64277678,140,2026-08-14,60.0,214806153.0
NYSE:SII,SII,Sprott Inc.,Financial Services,Asset Management,Canada,NYSE,3010631983.0,116.77,55.42,52.55,6,52.0,1965,False,-29.61,87.76,-1.83,6.35,47.28,80.84,106.05,118.9495,109.7973,79.2831,64.5692,56.6712,21031032,1255,2026-08-14,56.51,25782581.0
NASDAQ:ALM,ALM,Almonty Industries Inc.,Basic Materials,Other Industrial Metals & Mining,United States,NASDAQ,4281664501.0,15.09,55.43,51.46,6,52.1,1966,True,-35.57,271.67,6.75,21.45,98.19,179.55,248.49,14.1359,12.4246,7.6138,5.3979,4.3301,87654568,1255,2026-08-14,49.21,283741849.0
NYSE:KFRC,KFRC,"Kforce, Inc.",Industrials,Staffing & Employment Services,United States,NYSE,1040154720.0,58.08,55.43,58.08,6,52.1,1967,False,-3.92,145.28,56.03,63.44,39.07,22.31,18.86,37.2232,35.5355,41.764,47.484,48.8626,15924714,1255,2026-08-14,65.64,17909000.0
NASDAQ:OKTA,OKTA,"Okta, Inc.",Technology,Software - Infrastructure,United States,NASDAQ,24491055972.0,147.43,55.43,57.27,6,52.1,1968,False,-4.85,134.28,52.53,54.39,56.89,60.87,70.44,96.6546,95.493,93.9694,91.6466,86.4994,368148753,1254,2026-08-14,64.69,166119894.0
NASDAQ:RZLV,RZLV,Rezolve AI PLC,Technology,Software - Infrastructure,United Kingdom,NASDAQ,1064869657.0,2.67,55.44,53.36,6,52.2,1969,True,-65.41,24.19,-3.93,-18.12,-21.51,-54.98,-61.73,2.7791,3.2607,3.4018,5.9312,6.9766,21449003,1194,2026-08-14,54.49,398827587.0
NYSE:VG,VG,"Venture Global, Inc.",Energy,Oil & Gas Midstream,United States,NYSE,7215392472.0,13.99,55.44,54.49,6,52.2,1970,True,-20.08,136.97,28.34,24.73,,,,10.9011,11.2162,,,,216073311,391,2026-08-14,52.63,515753572.0
NYSE:ALTG,ALTG,Alta Equipment Group Inc.,Industrials,Rental & Leasing Services,United States,NYSE,235882665.0,7.25,55.45,54.53,6,52.2,1971,True,-15.4,73.03,16.65,12.37,14.24,-6.5,-21.16,6.2153,6.4522,6.3463,7.7539,9.196,1135689,1254,2026-08-14,54.14,32535540.0
NYSE:LSPD,LSPD,Lightspeed Commerce Inc. Subordinate Voting Shares,Technology,Software - Application,Canada,NYSE,1379626647.0,10.67,55.45,55.04,6,52.2,1972,False,-20.61,27.48,3.77,0.41,-10.25,-17.51,-22.58,10.2821,10.6265,11.888,12.9346,13.7824,9018361,1254,2026-08-14,60.41,129299592.0
NASDAQ:IBEX,IBEX,IBEX Limited,Technology,Information Technology Services,United States,NASDAQ,479732026.0,35.83,55.47,56.86,6,52.3,1973,False,-14.69,35.72,8.76,7.36,26.37,46.98,50.33,32.9437,33.3747,28.3542,24.377,23.8342,3629326,1254,2026-08-14,56.48,13389116.0
NYSE:ZWS,ZWS,Zurn Elkay Water Solutions Corporation,Industrials,Pollution & Treatment Controls,United States,NYSE,8454093024.0,50.97,55.47,54.96,6,52.3,1974,True,-4.16,16.91,6.04,7.01,22.42,35.77,49.91,48.0667,47.6319,41.6365,37.541,34.0001,51782528,1254,2026-08-14,54.21,165864097.0
NASDAQ:BBOT,BBOT,"BridgeBio Oncology Therapeutics, Inc.",Healthcare,Biotechnology,United States,NASDAQ,725770362.0,9.06,55.48,54.65,6,52.3,1975,False,-34.01,27.25,-9.72,-11.15,-12.94,,,10.0357,10.197,10.4069,,,2286966,629,2026-08-14,58.46,80107104.0
NASDAQ:NRIM,NRIM,Northrim BanCorp Inc,Financial Services,Banks - Regional,United States,NASDAQ,606169874.0,27.25,55.48,55.05,6,52.3,1976,False,-7.24,40.59,9.13,12.18,25.73,48.76,67.48,24.9712,24.2918,21.6739,18.318,16.2709,4285053,1255,2026-08-14,52.65,22244766.0
AMEX:MPTI,MPTI,"M-tron Industries, Inc.",Technology,Electronic Components,United States,AMEX,382620563.0,88.54,55.49,53.72,6,52.4,1977,True,-12.12,114.8,27.59,35.43,57.2,85.57,,69.3959,65.3746,56.322,47.7127,,23630545,970,2026-08-14,48.63,4321443.0
NYSE:DCOM,DCOM,"Dime Commercial Bancshares, Inc.",Financial Services,Banks - Regional,United States,NYSE,1808711680.0,40.96,55.5,56.25,6,52.4,1978,False,-1.87,62.28,20.11,23.92,35.4,54.57,58.89,34.1012,33.0539,30.2515,26.4996,25.7793,14232944,1255,2026-08-14,58.08,44158000.0
NYSE:ABCB,ABCB,Ameris Bancorp,Financial Services,Banks - Regional,United States,NYSE,6024158315.0,89.77,55.51,54.3,6,52.4,1979,False,-3.65,31.26,10.24,12.78,27.06,44.36,57.59,81.428,79.5972,70.6495,62.1848,56.9658,39304266,1255,2026-08-14,53.85,67106587.0
NASDAQ:XTIA,XTIA,"XTI Aerospace, Inc.",Industrials,Aerospace & Defense,United States,NASDAQ,62334018.0,1.62,55.51,51.37,6,52.4,1980,True,-47.06,30.65,-8.47,-7.29,-79.56,-99.67,-99.99,1.7698,1.7474,7.9263,484.9886,17858.0123,801101,1255,2026-08-14,51.35,38477789.0
NYSE:CRK,CRK,"Comstock Resources, Inc.",Energy,Oil & Gas E&P,United States,NYSE,4128304905.0,14.06,55.52,52.59,6,52.5,1981,True,-48.63,13.57,-24.46,-23.61,-22.01,-8.57,-5.24,18.6138,18.4062,18.0291,15.3776,14.8374,29586246,1255,2026-08-14,50.65,293620548.0
NASDAQ:DSGX,DSGX,The Descartes Systems Group Inc.,Technology,Software - Application,Canada,NASDAQ,6618759477.0,77.24,55.53,55.0,6,52.5,1982,False,-28.34,22.95,1.63,-4.32,-17.8,-15.47,-11.06,75.9994,80.7292,93.9715,91.3808,86.8474,35911351,1255,2026-08-14,55.53,85690827.0
NASDAQ:PCB,PCB,PCB Bancorp,Financial Services,Banks - Regional,United States,NASDAQ,399480193.0,28.43,55.53,56.31,6,52.5,1983,False,-6.42,48.5,20.36,23.76,37.1,52.19,60.79,23.6203,22.9725,20.7366,18.6806,17.6817,1325180,1254,2026-08-14,56.66,14051361.0
NASDAQ:IRON,IRON,"Disc Medicine, Inc.",Healthcare,Biotechnology,United States,NASDAQ,3026891821.0,78.84,55.54,55.8,6,52.6,1984,False,-16.23,40.91,5.77,8.14,24.87,34.46,46.94,74.5364,72.9082,63.1361,58.634,53.6562,25195474,1255,2026-08-14,59.23,38392844.0
NASDAQ:NXST,NXST,"Nexstar Media Group, Inc.",Communication Services,Broadcasting,United States,NASDAQ,5839893420.0,189.57,55.54,54.43,6,52.6,1985,False,-23.8,23.76,-3.27,-3.05,7.48,14.54,16.44,195.9776,195.5325,176.3835,165.5078,162.7994,61141062,1255,2026-08-14,52.62,30806000.0
NYSE:NEXA,NEXA,Nexa Resources S.A.,Basic Materials,Other Industrial Metals & Mining,Luxembourg,NYSE,1877979504.0,14.18,55.55,53.82,6,52.6,1986,False,-14.31,200.98,24.4,40.61,75.61,87.54,101.61,11.3988,10.085,8.0746,7.5612,7.0332,7871102,1254,2026-08-14,56.96,132438611.0
NYSE:VIRT,VIRT,"Virtu Financial, Inc.",Financial Services,Capital Markets,United States,NYSE,5223206349.0,60.02,55.55,54.34,6,52.6,1987,False,-10.18,88.6,33.04,38.67,51.62,83.74,107.37,45.1136,43.2823,39.5851,32.6652,28.9431,61733190,1254,2026-08-14,46.58,87024431.0
NYSE:AD,AD,"Array Digital Infrastructure, Inc.",Communication Services,Telecom Services,United States,NYSE,1922666030.0,35.98,55.59,50.65,6,52.7,1988,False,-18.32,23.47,-1.42,0.37,11.4,27.93,52.19,36.4998,35.8469,32.2991,28.1242,23.6418,5039867,1255,2026-08-14,53.01,53437077.0
NASDAQ:AKAM,AKAM,"Akamai Technologies, Inc.",Technology,Software - Infrastructure,United States,NASDAQ,18171727520.0,124.99,55.59,52.9,6,52.7,1989,False,-22.43,73.67,16.37,23.79,31.75,26.92,30.97,107.4029,100.9667,94.868,98.4781,95.4346,445458752,1255,2026-08-14,55.94,145385451.0
NASDAQ:CHRD,CHRD,Chord Energy Corporation,Energy,Oil & Gas E&P,United States,NASDAQ,7731003810.0,137.32,55.59,54.64,6,52.7,1990,True,-7.44,67.06,18.87,22.92,25.38,12.79,13.98,115.52,111.7136,109.521,121.7447,120.4788,107192952,1255,2026-08-14,52.29,56299183.0
NYSE:HAL,HAL,Halliburton Company,Energy,Oil & Gas Equipment & Services,United States,NYSE,28754390039.0,34.42,55.59,51.2,6,52.7,1991,True,-19.58,66.91,1.33,8.78,22.07,12.96,11.93,33.9694,31.6431,28.1959,30.4723,30.7506,413357135,1255,2026-08-14,46.54,835397735.0
NASDAQ:PESI,PESI,"Perma-Fix Environmental Services, Inc.",Industrials,Waste Management,United States,NASDAQ,368305698.0,17.37,55.59,57.71,6,52.7,1992,False,-10.6,112.09,31.63,36.22,48.26,56.53,72.7,13.1962,12.7517,11.716,11.0968,10.0578,9078220,1255,2026-08-14,59.54,21203552.0
NASDAQ:ALLO,ALLO,"Allogene Therapeutics, Inc.",Healthcare,Biotechnology,United States,NASDAQ,707566850.0,2.05,55.6,53.16,6,52.8,1993,True,-33.01,95.24,7.78,16.65,11.45,-12.12,-44.87,1.9019,1.7575,1.8395,2.3327,3.7188,11123098,1255,2026-08-14,51.7,345154561.0
NYSE:PWR,PWR,"Quanta Services, Inc.",Industrials,Engineering & Construction,United States,NYSE,103102492052.0,685.78,55.61,53.25,6,52.8,1994,True,-12.65,84.26,19.62,27.51,60.81,91.14,122.23,573.3148,537.8175,426.4426,358.7751,308.5892,722365642,1255,2026-08-14,52.63,150343393.0
NYSE:CWEN,CWEN,"Clearway Energy, Inc.",Utilities,Utilities - Renewable,United States,NYSE,4136676374.0,34.14,55.63,50.69,6,52.9,1995,False,-17.26,26.89,-4.66,-0.54,11.94,24.63,25.55,35.8068,34.3266,30.4972,27.394,27.1923,38497302,1254,2026-08-14,56.25,121168025.0
NASDAQ:MSLE,MSLE,Satellos Bioscience Inc.,Healthcare,Biotechnology,Canada,NASDAQ,200187736.0,9.61,55.63,57.37,6,52.9,1996,False,-26.13,98.23,22.23,28.8,43.22,62.58,78.06,7.8622,7.4614,6.71,5.9108,5.3971,462484,1254,2026-08-14,59.86,20831190.0
NASDAQ:TRMD,TRMD,TORM plc,Energy,Oil & Gas Midstream,United Kingdom,NASDAQ,3079202909.0,30.08,55.63,53.81,6,52.9,1997,False,-11.73,73.42,16.37,22.3,38.17,34.0,44.92,25.8485,24.596,21.771,22.4476,20.7562,13309330,1254,2026-08-14,50.22,102367118.0
NASDAQ:AEVA,AEVA,"Aeva Technologies, Inc.",Technology,Software - Infrastructure,United States,NASDAQ,1572219526.0,23.28,55.64,54.14,6,52.9,1998,True,-20.52,153.32,38.64,40.45,82.09,137.77,146.58,16.792,16.5753,12.785,9.7911,9.441,39379499,1255,2026-08-14,53.83,67535203.0
AMEX:CMT,CMT,Core Molding Technologies Inc,Basic Materials,Specialty Chemicals,United States,AMEX,216737098.0,25.31,55.64,54.81,6,52.9,1999,False,-10.72,45.88,15.79,18.39,35.31,32.02,38.54,21.8584,21.3777,18.7054,19.1718,18.2697,614621,1255,2026-08-14,60.17,8563299.0
AMEX:CATX,CATX,"Perspective Therapeutics, Inc.",Healthcare,Medical Devices,United States,AMEX,364947830.0,3.2,55.66,51.63,6,53.0,2000,True,-43.36,56.1,-8.71,-8.99,-31.97,-45.82,-42.38,3.5052,3.5163,4.7035,5.9058,5.5535,3178050,1255,2026-08-14,51.48,114046197.0
NASDAQ:CBC,CBC,"Central Bancompany, Inc.",Financial Services,Banks - Regional,United States,NASDAQ,7833225853.0,32.67,55.66,59.12,6,53.0,2001,False,-2.51,44.27,,,,,,,,,,,22041254,181,2026-08-14,62.69,239768162.0
NASDAQ:DSP,DSP,Viant Technology Inc.,Technology,Software - Application,United States,NASDAQ,260482395.0,13.01,55.66,54.73,6,53.0,2002,False,-7.67,59.83,16.16,20.52,1.59,16.04,36.9,11.2005,10.7949,12.8062,11.2113,9.503,3581786,1254,2026-08-14,55.46,20021706.0
NASDAQ:MEDP,MEDP,"Medpace Holdings, Inc.",Healthcare,Diagnostics & Research,United States,NASDAQ,16146892418.0,578.5,55.66,57.93,6,53.0,2003,False,-6.78,47.04,11.29,12.12,35.53,46.05,66.39,519.8038,515.9779,426.8283,396.0954,347.6715,209076764,1254,2026-08-14,57.17,27911655.0
NASDAQ:SRZN,SRZN,"Surrozen, Inc.",Healthcare,Biotechnology,United States,NASDAQ,278184489.0,23.96,55.66,52.61,6,53.0,2004,True,-29.8,138.17,3.08,14.07,54.3,78.49,65.27,23.2433,21.0038,15.5281,13.4236,14.4976,6285828,1254,2026-08-14,54.7,11610371.0
NASDAQ:LSBK,LSBK,"Lake Shore Bancorp, Inc.",Financial Services,Banks - Regional,United States,NASDAQ,134943117.0,17.16,55.67,56.22,6,53.1,2005,False,-3.14,40.3,11.12,15.34,35.98,56.17,67.24,15.4431,14.8773,12.6191,10.9883,10.2607,178920,1255,2026-08-14,57.41,7863818.0
NYSE:WLK,WLK,Westlake Corporation,Basic Materials,Specialty Chemicals,United States,NYSE,10192180195.0,79.55,55.67,51.34,6,53.1,2006,False,-35.14,43.91,-8.26,-6.92,-16.77,-26.2,-25.42,86.7168,85.4603,95.5735,107.7882,106.6572,91668986,1255,2026-08-14,57.52,128122944.0
NASDAQ:DCGO,DCGO,DocGo Inc.,Healthcare,Medical Care Facilities,United States,NASDAQ,65885201.0,0.667,55.68,54.61,6,53.2,2007,True,-61.45,45.0,-10.02,-24.81,-66.31,-76.74,-84.74,0.7412,0.8871,1.9796,2.8676,4.3699,279072,1254,2026-08-14,53.84,98778413.0
NASDAQ:COST,COST,Costco Wholesale Corporation,Consumer Defensive,Discount Stores,United States,NASDAQ,426227478524.0,961.1,55.7,52.55,6,53.2,2008,False,-12.03,13.57,0.55,0.88,1.24,11.94,25.69,955.8138,952.6707,949.2884,858.5873,764.6759,1716536663,1255,2026-08-14,56.09,443478804.0
NASDAQ:FATN,FATN,"FatPipe, Inc.",Technology,Software - Infrastructure,United States,NASDAQ,87378666.0,6.23,55.72,55.71,6,53.2,2009,False,-29.92,329.66,83.71,57.83,,,,3.3912,3.9474,,,,707547,339,2026-08-14,60.74,14025468.0
NASDAQ:FFBC,FFBC,First Financial Bancorp.,Financial Services,Banks - Regional,United States,NASDAQ,3608403026.0,34.38,55.72,56.31,6,53.2,2010,False,-4.98,51.88,19.41,22.93,31.39,42.59,49.03,28.792,27.9669,26.1673,24.1115,23.0688,32170187,1255,2026-08-14,55.27,104956458.0
NASDAQ:PWP,PWP,Perella Weinberg Partners,Financial Services,Capital Markets,United States,NASDAQ,1267315726.0,17.38,55.72,53.93,6,53.2,2011,False,-28.07,18.15,-4.89,-7.73,-11.43,0.59,15.72,18.2738,18.8354,19.6238,17.2785,15.0184,20444854,1254,2026-08-14,60.87,72918051.0
NASDAQ:TRNS,TRNS,"Transcat, Inc.",Industrials,Specialty Business Services,United States,NASDAQ,877014197.0,93.7,55.72,55.35,6,53.2,2012,False,-4.15,79.98,26.28,25.52,10.15,0.95,4.11,74.1974,74.6496,85.0691,92.8206,90.0001,12967053,1255,2026-08-14,57.99,9359810.0
AMEX:IE,IE,Ivanhoe Electric Inc.,Basic Materials,Copper,United States,AMEX,1647815483.0,10.41,55.76,52.06,6,53.3,2013,False,-47.74,28.84,-22.37,-19.81,0.0,-0.69,-4.37,13.4091,12.9818,10.4096,10.4818,10.8857,20009113,1036,2026-08-14,55.76,158291593.0
NASDAQ:OTTR,OTTR,Otter Tail Corporation,Industrials,Conglomerates,United States,NASDAQ,3899068010.0,92.87,55.76,55.3,6,53.3,2014,False,-0.88,26.94,8.28,9.97,15.9,16.42,22.41,85.7689,84.4477,80.1294,79.7748,75.8657,21080446,1255,2026-08-14,54.11,41984150.0
NASDAQ:TOP,TOP,TOP Financial Group Limited,Financial Services,Capital Markets,Singapore,NASDAQ,1354563528.0,11.13,55.76,57.41,6,53.3,2015,False,-20.78,257.88,87.05,84.71,65.85,6.72,-39.04,5.9501,6.0257,6.7109,10.4294,18.2588,1191842,1054,2026-08-14,54.45,121703821.0
NYSE:TRU,TRU,TransUnion,Financial Services,Financial Data & Stock Exchanges,United States,NYSE,15419968000.0,80.48,55.77,55.89,6,53.4,2016,False,-13.7,24.91,5.55,3.06,-5.45,0.03,4.72,76.2514,78.0941,85.1225,80.4525,76.8527,180479085,1254,2026-08-14,57.58,191600000.0
NASDAQ:MGEE,MGEE,MGE Energy Inc.,Utilities,Utilities - Regulated Electric,United States,NASDAQ,3085023161.0,81.73,55.79,55.06,6,53.4,2017,True,-4.65,13.52,3.82,2.67,-2.66,2.75,6.36,78.7206,79.606,83.9671,79.5398,76.8401,15101213,1255,2026-08-14,51.93,37746521.0
NASDAQ:TRMB,TRMB,Trimble Inc.,Technology,Scientific & Technical Instruments,United States,NASDAQ,13427223494.0,57.6,55.8,54.7,6,53.4,2018,False,-31.16,17.86,-13.1,-16.77,-16.57,-10.02,-6.5,66.2833,69.2093,69.0363,64.0169,61.6037,159580436,1255,2026-08-14,55.61,233111519.0
NASDAQ:FEAM,FEAM,"5E Advanced Materials, Inc.",Basic Materials,Specialty Chemicals,United States,NASDAQ,66839509.0,1.61,55.81,54.24,6,53.5,2019,False,-77.11,53.33,-31.48,-41.99,-71.06,-90.32,-97.36,2.3497,2.7755,5.5639,16.6263,61.0718,2076458,1109,2026-08-14,56.18,41515223.0
NYSE:XPO,XPO,"XPO, Inc.",Industrials,Trucking,United States,NYSE,24712269303.0,211.06,55.82,53.2,6,53.5,2020,False,-7.58,70.68,14.37,21.71,42.03,60.55,94.29,184.5456,173.4069,148.5979,131.4603,108.629,206182955,1255,2026-08-14,55.83,117086465.0
NYSE:BBN,BBN,BlackRock Taxable Municipal Bond Trust Common Shares of Beneficial Interest,Financial Services,Asset Management,United States,NYSE,979411347.0,15.85,55.83,54.15,6,53.5,2021,False,-3.48,6.73,0.42,0.93,3.93,8.35,10.35,15.7842,15.7039,15.2501,14.6285,14.3631,1844891,1255,2026-08-14,58.71,61792514.0
NASDAQ:DGICB,DGICB,"Donegal Group, Inc.",Financial Services,Insurance - Property & Casualty,United States,NASDAQ,134400278.0,24.1,55.84,55.03,6,53.6,2022,False,-9.01,78.53,33.2,38.0,52.49,65.73,70.91,18.0935,17.4639,15.8042,14.542,14.1007,239770,1255,2026-08-14,57.99,5576775.0
NYSE:ELV,ELV,"Elevance Health, Inc.",Healthcare,Healthcare Plans,United States,NYSE,86817114173.0,400.32,55.84,53.99,6,53.6,2023,True,-6.2,44.06,14.0,16.05,7.18,-1.57,-4.31,351.163,344.9429,373.5167,406.7155,418.339,419770793,1255,2026-08-14,54.65,216869290.0
NYSE:TRGP,TRGP,"Targa Resources, Inc.",Energy,Oil & Gas Midstream,United States,NYSE,59196642008.0,275.79,55.84,54.45,6,53.6,2024,True,-2.98,92.56,21.86,29.87,44.5,73.27,102.7,226.3156,212.3643,190.8529,159.1636,136.0593,303618339,1255,2026-08-14,49.04,214643903.0
NYSE:LADR,LADR,Ladder Capital Corp,Real Estate,REIT - Mortgage,United States,NYSE,1266115724.0,9.98,55.85,53.53,6,53.6,2025,False,-7.76,8.11,-0.27,-0.9,0.1,3.97,9.34,10.0072,10.0706,9.9704,9.5985,9.1275,12588257,1254,2026-08-14,57.84,126865303.0
NASDAQ:MRCY,MRCY,Mercury Systems Inc,Industrials,Aerospace & Defense,United States,NASDAQ,6672009607.0,111.12,55.85,54.26,6,53.6,2026,True,-11.96,73.03,24.35,28.99,71.02,104.9,113.18,89.3617,86.144,64.9748,54.2305,52.1238,53828970,1255,2026-08-14,54.47,60043283.0
NASDAQ:ISRG,ISRG,"Intuitive Surgical, Inc.",Healthcare,Medical Instruments & Supplies,United States,NASDAQ,141344268771.0,394.51,55.87,51.94,6,53.7,2027,False,-33.46,18.82,-17.28,-16.69,-20.72,-12.62,-2.46,476.941,473.5242,497.586,451.4845,404.4705,1304956225,1255,2026-08-14,59.63,358278038.0
NYSE:HG,HG,"Hamilton Insurance Group, Ltd.",Financial Services,Insurance - Reinsurance,Bermuda,NYSE,2378528724.0,35.75,55.88,56.77,6,53.7,2028,True,-4.1,66.18,22.19,28.24,54.92,,,29.2578,27.8784,23.077,,,15022456,690,2026-08-14,51.96,66532272.0
NYSE:PIM,PIM,Franklin Master Intermediate Income Trust Shares of Beneficial Interest,Financial Services,Asset Management,United States,NYSE,152744361.0,3.17,55.88,53.99,6,53.7,2029,False,-2.47,4.25,0.69,0.58,4.06,9.67,14.06,3.1483,3.1517,3.0462,2.8906,2.7792,149738,1255,2026-08-14,62.16,48184341.0
NASDAQ:ADUS,ADUS,Addus HomeCare Corporation,Healthcare,Medical Care Facilities,United States,NASDAQ,2166233903.0,116.06,55.89,58.74,6,53.8,2030,False,-5.45,31.16,10.15,8.12,3.51,8.2,10.33,105.3629,107.339,112.1285,107.2605,105.1966,26436180,1255,2026-08-14,60.11,18664776.0
NASDAQ:SHIP,SHIP,Seanergy Maritime Holdings Corp.,Industrials,Marine Shipping,Greece,NASDAQ,363375680.0,16.77,55.89,55.74,6,53.8,2031,False,-7.71,141.87,32.83,44.16,78.53,96.08,123.62,12.6248,11.6325,9.3936,8.5524,7.4995,5033210,1255,2026-08-14,54.6,21668198.0
NYSE:GM,GM,General Motors Company,Consumer Cyclical,Auto Manufacturers,United States,NYSE,78479260213.0,86.77,55.9,56.49,6,53.8,2032,True,-3.91,57.79,10.66,16.7,40.66,61.82,76.56,78.4089,74.3545,61.6859,53.622,49.146,596631613,1255,2026-08-14,54.93,904451541.0
NASDAQ:RR,RR,Richtech Robotics Inc.,Industrials,Specialty Industrial Machinery,United States,NASDAQ,330590029.0,1.8,55.92,50.3,6,53.8,2033,True,-74.5,33.33,-35.85,-42.01,-25.23,,,2.8058,3.104,2.4074,,,8328117,686,2026-08-14,51.75,183661127.0
NASDAQ:LAKE,LAKE,"Lakeland Industries, Inc.",Consumer Cyclical,Apparel Manufacturing,United States,NASDAQ,117048285.0,11.86,55.93,55.74,6,53.9,2034,False,-31.39,56.46,11.05,1.93,-24.29,-26.74,-23.19,10.6795,11.6356,15.6645,16.1882,15.44,707895,1255,2026-08-14,56.51,9869164.0
NYSE:OSK,OSK,Oshkosh Corporation (Holding Company),Industrials,Farm & Heavy Construction Machinery,United States,NYSE,9439390225.0,152.89,55.93,55.63,6,53.9,2035,True,-13.38,30.41,7.46,8.87,26.36,33.32,44.2,142.2778,140.43,120.9971,114.6763,106.0298,138751024,1255,2026-08-14,55.18,61739749.0
NYSE:CCS,CCS,"Century Communities, Inc.",Real Estate,Real Estate - Development,United States,NYSE,2008215727.0,70.63,55.94,56.48,6,53.9,2036,False,-4.61,46.79,14.55,14.0,4.82,-0.16,5.69,61.6594,61.9534,67.38,70.7409,66.828,18514502,1254,2026-08-14,59.06,28432900.0
NYSE:SPB,SPB,"Spectrum Brands Holdings, Inc.",Consumer Defensive,Household & Personal Products,United States,NYSE,2067993948.0,89.93,55.96,56.13,6,53.9,2037,False,-1.14,82.3,22.72,30.15,26.62,23.35,30.09,73.2817,69.097,71.0229,72.9075,69.1266,32966267,1255,2026-08-14,58.63,22995596.0
NYSE:HUBB,HUBB,Hubbell Inc,Industrials,Electrical Equipment & Parts,United States,NYSE,27018048484.0,511.39,55.98,54.33,6,54.0,2038,True,-8.05,26.68,5.88,8.46,17.79,27.15,41.1,483.001,471.4851,434.142,402.1908,362.4291,298980147,1255,2026-08-14,54.43,52832571.0
NASDAQ:APOG,APOG,"Apogee Enterprises, Inc.",Industrials,Building Products & Equipment,United States,NASDAQ,888571959.0,42.58,55.99,55.66,6,54.0,2039,True,-12.35,36.16,14.54,12.06,-7.59,-11.21,-7.66,37.1751,37.9962,46.0786,47.9555,46.111,6446038,1255,2026-08-14,55.94,20868294.0
NASDAQ:BANF,BANF,BancFirst Corporation,Financial Services,Banks - Regional,United States,NASDAQ,3886616704.0,115.72,56.01,54.37,6,54.0,2040,False,-13.73,12.96,4.22,1.61,1.6,10.7,15.78,111.034,113.8865,113.898,104.5335,99.9451,15059508,1255,2026-08-14,55.88,33586387.0
NYSE:JAN,JAN,"Janus Living, Inc. Class A-1",Real Estate,REIT - Residential,United States,NYSE,6500390367.0,30.63,56.01,56.91,6,54.0,2041,False,-3.07,35.15,,,,,,,,,,,46942328,101,2026-08-14,51.26,212222996.0
NASDAQ:FFIN,FFIN,"First Financial Bankshares, Inc.",Financial Services,Banks - Regional,United States,NASDAQ,5056323391.0,35.28,56.02,55.9,6,54.1,2042,False,-4.82,24.22,10.53,9.12,4.22,10.78,10.49,31.9184,32.3323,33.8509,31.8467,31.9301,24035026,1255,2026-08-14,54.41,143319824.0
NYSE:KWY,KWY,Kingsway Corporation,Financial Services,Asset Management,United States,NYSE,284539895.0,9.94,56.02,52.52,6,54.1,2043,False,-38.38,15.45,-13.84,-18.17,-8.55,-0.43,4.88,11.5361,12.1471,10.8696,9.9826,9.4778,661111,1255,2026-08-14,55.07,28625744.0
NASDAQ:HRMY,HRMY,"Harmony Biosciences Holdings, Inc.",Healthcare,Biotechnology,United States,NASDAQ,2206868809.0,38.12,56.03,56.64,6,54.1,2044,False,-5.9,47.18,13.46,14.93,12.52,15.76,6.71,33.5984,33.1687,33.8795,32.9309,35.7224,31975297,1255,2026-08-14,58.2,57892676.0
NASDAQ:FRME,FRME,First Merchants Corporation,Financial Services,Banks - Regional,United States,NASDAQ,2718381574.0,43.7,56.06,55.43,6,54.2,2045,False,-3.38,28.47,11.22,12.09,14.57,23.35,26.3,39.2929,38.9872,38.1428,35.4285,34.5993,19617499,1255,2026-08-14,53.33,62205528.0
NASDAQ:TLRY,TLRY,"Tilray Brands, Inc.",Healthcare,Drug Manufacturers - Specialty & Generic,Canada,NASDAQ,576543022.0,4.67,56.06,51.69,6,54.2,2046,False,-77.76,20.36,-35.33,-45.5,-50.56,-64.13,-72.32,7.2215,8.569,9.4456,13.0208,16.8686,21430217,1255,2026-08-14,57.19,123456750.0
NYSE:LAZ,LAZ,"Lazard, Inc.",Financial Services,Capital Markets,United States,NYSE,4350193534.0,44.64,56.08,53.79,6,54.2,2047,False,-19.92,16.72,-3.34,-5.47,-3.96,6.63,15.37,46.1834,47.2245,46.4806,41.8634,38.6934,76324158,1255,2026-08-14,59.95,97450572.0
NASDAQ:NB,NB,NioCorp Developments Ltd.,Basic Materials,Other Industrial Metals & Mining,United States,NASDAQ,743949815.0,5.11,56.08,53.55,6,54.2,2048,False,-56.21,37.37,-8.02,-10.89,29.45,41.65,,5.5556,5.7346,3.9476,3.6074,,17453690,854,2026-08-14,56.32,145587048.0
NASDAQ:VIAV,VIAV,Viavi Solutions Inc.,Technology,Communication Equipment,United States,NASDAQ,10740693070.0,43.54,56.09,52.63,6,54.3,2049,True,-21.31,312.7,30.94,50.66,124.12,174.68,195.19,33.253,28.8998,19.4268,15.851,14.7499,198890931,1255,2026-08-14,55.1,246685647.0
NASDAQ:COFS,COFS,"ChoiceOne Financial Services, Inc.",Financial Services,Banks - Regional,United States,NASDAQ,513997227.0,34.38,56.1,56.36,6,54.3,2050,False,-0.69,34.57,13.84,15.23,16.1,25.44,33.1,30.1992,29.8363,29.6129,27.4081,25.8295,2988132,1255,2026-08-14,56.86,14950472.0
NYSE:WFG,WFG,West Fraser Timber Co. Ltd,Basic Materials,Lumber & Wood Production,Canada,NYSE,5379341061.0,70.76,56.1,55.04,6,54.3,2051,True,-6.88,23.38,9.04,7.24,-4.15,-4.88,-5.0,64.8923,65.9814,73.8214,74.389,74.4814,17317929,1255,2026-08-14,52.88,76022344.0
NYSE:ORCL,ORCL,Oracle Corporation,Technology,Software - Infrastructure,United States,NYSE,433568494920.0,150.52,56.12,51.89,6,54.4,2052,False,-53.63,30.9,-14.03,-22.81,-17.84,-6.23,6.14,175.0894,194.9903,183.2105,160.5144,141.8163,4320688063,1255,2026-08-14,61.51,2880471000.0
NYSE:UI,UI,Ubiquiti Inc.,Technology,Communication Equipment,United States,NYSE,34667050288.0,572.8,56.12,50.62,6,54.4,2053,False,-47.12,48.1,-13.59,-12.13,16.82,54.53,68.39,662.8669,651.8547,490.3199,370.673,340.1675,46029545,1255,2026-08-14,61.78,60522085.0
NASDAQ:RPRX,RPRX,Royalty Pharma plc,Healthcare,Biotechnology,United States,NASDAQ,25975862494.0,58.6,56.14,56.39,6,54.4,2054,True,-1.89,71.16,24.47,31.14,57.49,74.37,73.52,47.0805,44.6843,37.2089,33.607,33.7716,166456165,1255,2026-08-14,54.82,443274104.0
NASDAQ:SYRE,SYRE,"Spyre Therapeutics, Inc.",Healthcare,Biotechnology,United States,NASDAQ,8999359048.0,103.63,56.15,57.09,6,54.4,2055,True,-1.61,599.26,83.74,114.0,194.69,229.72,290.8,56.3998,48.4263,35.1655,31.4299,26.5173,80740827,1255,2026-08-14,53.92,86841253.0
NASDAQ:VSAT,VSAT,"ViaSat, Inc.",Technology,Communication Equipment,United States,NASDAQ,11415797456.0,82.87,56.15,55.71,6,54.4,2056,False,-7.73,219.1,51.91,66.38,170.15,206.16,183.46,54.5516,49.8076,30.6753,27.0679,29.2348,162414878,1255,2026-08-14,56.19,137755490.0
NYSE:UTL,UTL,UNITIL Corporation,Utilities,Utilities - Diversified,United States,NYSE,981578648.0,54.56,56.16,55.44,6,54.5,2057,False,-2.55,25.17,7.41,9.6,5.82,9.37,10.82,50.7983,49.781,51.557,49.8836,49.2332,5293494,1255,2026-08-14,55.06,17990811.0
NYSE:WSM,WSM,"Williams-Sonoma, Inc. Common Stock (DE)",Consumer Cyclical,Specialty Retail,United States,NYSE,28445226285.0,241.58,56.16,57.76,6,54.5,2058,False,-4.05,43.73,20.72,21.61,33.51,53.63,81.97,200.1108,198.6553,180.9499,157.2462,132.7607,201127530,1255,2026-08-14,57.18,117746611.0
NASDAQ:ABSI,ABSI,Absci Corporation,Healthcare,Biotechnology,United States,NASDAQ,1555095057.0,9.18,56.17,55.5,6,54.5,2059,False,-21.0,299.13,88.82,103.51,132.61,144.07,167.12,4.8617,4.5109,3.9465,3.7613,3.4367,21816581,1255,2026-08-14,60.15,169400333.0
NYSE:AMT,AMT,American Tower Corporation (REIT),Real Estate,REIT - Specialty,United States,NYSE,81813265228.0,175.58,56.17,53.38,6,54.5,2060,False,-13.93,8.31,0.14,-1.42,-7.15,-4.92,-5.14,175.3323,178.1137,189.0919,184.6618,185.0863,511497357,1255,2026-08-14,54.38,465960048.0
NASDAQ:VC,VC,Visteon Corporation,Consumer Cyclical,Auto Parts,United States,NASDAQ,2888826953.0,108.22,56.18,52.66,6,54.6,2061,False,-15.12,28.55,6.05,2.44,10.94,3.85,-4.25,102.0446,105.6417,97.552,104.2038,113.0211,49170329,1255,2026-08-14,53.98,26694021.0
NASDAQ:FUNC,FUNC,First United Corporation,Financial Services,Banks - Regional,United States,NASDAQ,292875078.0,45.38,56.19,57.22,6,54.6,2062,False,-1.73,36.68,17.41,19.43,32.35,55.25,76.06,38.6525,37.9965,34.2883,29.2307,25.7752,1103192,1255,2026-08-14,63.08,6453836.0
NYSE:RPM,RPM,RPM International Inc.,Basic Materials,Specialty Chemicals,United States,NYSE,14528326260.0,113.82,56.19,56.01,6,54.6,2063,True,-9.44,23.36,7.7,5.28,1.29,4.5,10.73,105.6842,108.1105,112.3673,108.9198,102.7931,117878895,1255,2026-08-14,55.32,127643000.0
AMEX:WWR,WWR,"Westwater Resources, Inc.",Basic Materials,Other Industrial Metals & Mining,United States,AMEX,72463361.0,0.57,56.2,54.87,6,54.7,2064,False,-83.62,46.15,-24.86,-32.25,-22.09,-15.3,-25.42,0.7586,0.8414,0.7316,0.673,0.7643,6387461,1255,2026-08-14,57.22,127128703.0
NASDAQ:PENG,PENG,"Penguin Solutions, Inc.",Technology,Information Technology Services,United States,NASDAQ,3269284196.0,63.8,56.21,54.07,6,54.7,2065,False,-21.61,292.86,85.87,97.28,146.48,163.08,179.75,34.3249,32.3392,25.8843,24.2514,22.8061,134657421,1255,2026-08-14,53.09,51242699.0
AMEX:VKI,VKI,Invesco Advantage Municipal Income Trust II Common Shares of Beneficial Interest (DE),Financial Services,Asset Management,United States,AMEX,405149361.0,9.12,56.21,53.7,6,54.7,2066,False,-3.83,18.16,3.75,5.45,10.96,16.9,20.6,8.79,8.6485,8.219,7.8017,7.5624,665576,1255,2026-08-14,53.48,44424272.0
NYSE:V,V,Visa Inc.,Financial Services,Credit Services,United States,NYSE,620552637520.0,364.15,56.22,57.59,6,54.7,2067,False,-1.52,23.71,10.36,9.53,11.63,20.17,30.0,329.9735,332.4625,326.2096,303.0276,280.1114,2422438197,1255,2026-08-14,57.83,1704112694.0
NASDAQ:MXL,MXL,"MaxLinear, Inc",Technology,Semiconductors,United States,NASDAQ,7694410324.0,84.84,56.23,53.38,6,54.8,2068,False,-33.73,550.11,94.18,123.2,222.08,250.1,220.57,43.6924,38.0102,26.3413,24.2332,26.4652,278756662,1255,2026-08-14,50.79,90693191.0
NYSE:NRGV,NRGV,"Energy Vault Holdings, Inc.",Utilities,Utilities - Renewable,United States,NYSE,686896833.0,3.79,56.23,52.41,6,54.8,2069,True,-41.6,163.19,-6.82,0.2,50.73,65.12,47.94,4.0675,3.7823,2.5145,2.2953,2.5618,18703022,1255,2026-08-14,54.71,181239270.0
NYSE:SUI,SUI,"Sun Communities, Inc.",Real Estate,REIT - Residential,United States,NYSE,15193120031.0,123.29,56.24,53.64,6,54.8,2070,False,-8.48,5.92,-0.53,-0.35,1.76,4.99,3.94,123.9529,123.7289,121.1608,117.433,118.6185,203380645,1255,2026-08-14,47.75,123230757.0
NYSE:MOG.B,MOG-B,Moog Inc.,Industrials,Aerospace & Defense,United States,NYSE,1335823943.0,411.85,56.25,56.38,6,54.8,2071,True,-4.27,111.74,30.12,40.58,71.61,98.28,130.92,316.5062,292.9572,239.9871,207.713,178.3483,22368,1255,2026-08-14,56.03,3243472.0
NYSE:STNG,STNG,Scorpio Tankers Inc.,Energy,Oil & Gas Midstream,Monaco,NYSE,3976960162.0,79.41,56.26,54.15,6,54.9,2072,False,-7.77,78.88,14.37,19.82,38.85,35.26,43.42,69.4302,66.2722,57.1915,58.7092,55.3685,57981553,1255,2026-08-14,54.28,50081352.0
NYSE:THG,THG,Hanover Insurance Group Inc,Financial Services,Insurance - Property & Casualty,United States,NYSE,7844647589.0,225.29,56.26,58.31,6,54.9,2073,False,-3.16,35.88,20.82,22.6,33.16,48.24,56.79,186.4649,183.7582,169.183,151.9776,143.6867,67777953,1255,2026-08-14,53.47,34820221.0
NASDAQ:SONO,SONO,"Sonos, Inc.",Technology,Consumer Electronics,United States,NASDAQ,1929374797.0,16.31,56.27,55.29,6,54.9,2074,False,-14.87,28.43,4.99,5.31,18.91,14.44,8.58,15.5342,15.488,13.7164,14.2524,15.021,32410729,1254,2026-08-14,58.39,118293979.0
NASDAQ:MNPR,MNPR,Monopar Therapeutics Inc.,Healthcare,Biotechnology,United States,NASDAQ,757261968.0,113.04,56.28,59.38,6,55.0,2075,True,-5.96,271.6,55.86,60.39,131.72,237.37,310.33,72.5281,70.4762,48.7822,33.5059,27.5486,33366322,1254,2026-08-14,53.51,6699062.0
NASDAQ:MU,MU,"Micron Technology, Inc.",Technology,Semiconductors,United States,NASDAQ,1097386149101.0,971.66,56.3,54.03,6,55.0,2076,False,-19.92,740.5,75.88,106.12,240.72,338.71,437.56,552.4436,471.4129,285.1798,221.4794,180.7526,36972284302,1255,2026-08-14,54.46,1129393151.0
NYSE:ABM,ABM,ABM Industries Incorporated,Industrials,Specialty Business Services,United States,NYSE,2819499824.0,48.13,56.32,58.62,6,55.0,2077,True,-2.49,30.55,12.71,11.26,3.98,7.22,9.57,42.7024,43.2605,46.2879,44.8879,43.9271,18485081,1255,2026-08-14,56.25,58580923.0
NYSE:ENS,ENS,EnerSys,Industrials,Electrical Equipment & Parts,United States,NYSE,7415176028.0,203.4,56.34,52.07,6,55.1,2078,False,-16.32,109.82,12.07,22.11,56.61,72.39,87.69,181.4988,166.5709,129.8734,117.9906,108.3711,96353115,1255,2026-08-14,51.87,36456126.0
NYSE:MOH,MOH,Molina Healthcare Inc,Healthcare,Healthcare Plans,United States,NYSE,11088846000.0,212.43,56.34,54.38,6,55.1,2079,True,-12.54,73.2,22.52,21.13,-10.43,-22.57,-24.97,173.3827,175.3723,237.1593,274.3439,283.1436,298012697,1255,2026-08-14,50.84,52200000.0
NYSE:WS,WS,"Worthington Steel, Inc.",Basic Materials,Steel,United States,NYSE,1932972659.0,37.94,56.34,53.6,6,55.1,2080,False,-21.41,35.52,3.29,6.48,14.61,,,36.7317,35.6323,33.1049,,,7694502,679,2026-08-14,56.96,50948146.0
NYSE:NATL,NATL,NCR Atleos Corporation,Technology,Software - Application,United States,NYSE,3463335494.0,46.93,56.35,57.17,6,55.1,2081,False,-2.49,37.5,11.5,13.25,33.28,,,42.0895,41.4406,35.2122,,,31444475,712,2026-08-14,57.07,73797901.0
NASDAQ:TRI,TRI,Thomson Reuters Corp,Industrials,Specialty Business Services,Canada,NASDAQ,45229788902.0,103.61,56.36,56.36,6,55.1,2082,False,-39.99,35.35,0.87,-9.44,-26.89,-26.61,-22.52,102.7132,114.4142,141.7218,141.169,133.7211,224357452,1255,2026-08-14,59.57,436538837.0
NYSE:WCC,WCC,"WESCO International, Inc.",Industrials,Industrial Distribution,United States,NYSE,17619363364.0,361.55,56.37,55.15,6,55.2,2083,True,-3.35,76.57,19.58,27.18,56.89,75.43,91.15,302.3391,284.2853,230.4532,206.0934,189.1472,226866475,1255,2026-08-14,55.35,48732854.0
NASDAQ:OLLI,OLLI,"Ollie's Bargain Outlet Holdings, Inc.",Consumer Defensive,Discount Stores,United States,NASDAQ,4624072305.0,76.49,56.38,53.49,6,55.2,2084,False,-44.7,23.61,-21.21,-26.36,-27.8,-21.1,-12.44,97.0764,103.8657,105.9438,96.9458,87.3618,101936844,1254,2026-08-14,59.74,60453292.0
NYSE:WTTR,WTTR,"Select Water Solutions, Inc.",Energy,Oil & Gas Equipment & Services,United States,NYSE,2594023418.0,20.86,56.38,55.99,6,55.2,2085,True,-5.97,168.91,40.69,52.01,72.21,93.15,110.99,14.8265,13.723,12.1132,10.7997,9.8866,40146963,1254,2026-08-14,53.94,124353951.0
NYSE:NVST,NVST,Envista Holdings Corporation,Healthcare,Medical Instruments & Supplies,United States,NYSE,4567772799.0,28.07,56.4,56.54,6,55.2,2086,False,-7.24,48.13,13.65,17.68,31.2,28.91,10.97,24.6981,23.8535,21.3949,21.7744,25.2951,85784904,1254,2026-08-14,56.49,162727923.0
NYSE:JHS,JHS,John Hancock Income Securities Trust,Financial Services,Asset Management,United States,NYSE,127763037.0,10.97,56.41,53.27,6,55.3,2087,False,-4.71,3.49,-1.04,-1.14,1.67,5.8,8.58,11.0856,11.097,10.7894,10.3686,10.1027,92746,1255,2026-08-14,56.41,11646585.0
NYSE:AIR,AIR,AAR Corp.,Industrials,Aerospace & Defense,United States,NYSE,5794381558.0,145.25,56.42,56.69,6,55.3,2088,True,-2.8,102.5,31.77,39.9,71.92,86.7,105.32,110.2301,103.8206,84.4862,77.7992,70.7437,59530568,1255,2026-08-14,54.48,39892472.0
NASDAQ:ELWT,ELWT,"Elauwit Connection, Inc.",Communication Services,Telecom Services,United States,NASDAQ,54964166.0,8.303,56.42,56.3,6,55.3,2089,True,-6.07,100.56,,,,,,,,,,,94858,193,2026-08-14,53.95,6619796.0
NYSE:KGS,KGS,"Kodiak Gas Services, Inc.",Energy,Oil & Gas Equipment & Services,United States,NYSE,6595051030.0,65.35,56.42,52.52,6,55.3,2090,False,-14.32,104.1,22.11,32.08,57.49,89.61,,53.5181,49.4785,41.4936,34.466,,104114917,784,2026-08-14,50.06,100918914.0
NYSE:HCI,HCI,"HCI Group, Inc.",Financial Services,Insurance - Property & Casualty,United States,NYSE,2353192355.0,184.35,56.43,56.95,6,55.4,2091,False,-10.01,24.06,9.15,7.72,23.93,45.07,72.43,168.8909,171.1367,148.751,127.0744,106.9152,30080301,1255,2026-08-14,59.66,12764808.0
NASDAQ:SHBI,SHBI,"Shore Bancshares, Inc.",Financial Services,Banks - Regional,United States,NASDAQ,800989574.0,23.97,56.44,58.6,6,55.4,2092,True,-2.6,60.87,23.25,27.72,44.97,64.06,65.35,19.4486,18.7671,16.5344,14.6108,14.4968,5444750,1255,2026-08-14,55.98,33416336.0
NYSE:BA,BA,Boeing Company (The),Industrials,Aerospace & Defense,United States,NYSE,183105022533.0,231.67,56.45,55.05,6,55.4,2093,True,-8.12,29.34,5.67,5.41,16.43,16.35,17.68,219.2309,219.7873,198.9756,199.1128,196.8603,1353686963,1255,2026-08-14,55.31,790370020.0
NASDAQ:PALI,PALI,"Palisade Bio, Inc.",Healthcare,Biotechnology,United States,NASDAQ,371460494.0,2.14,56.45,54.91,6,55.4,2094,False,-23.57,296.3,10.7,21.78,22.43,-39.49,-86.24,1.9331,1.7572,1.7479,3.5368,15.548,3960673,1255,2026-08-14,57.04,173579670.0
NASDAQ:AMBA,AMBA,"Ambarella, Inc.",Technology,Semiconductor Equipment & Materials,United States,NASDAQ,3598945897.0,82.04,56.46,55.28,6,55.5,2095,True,-14.1,68.63,16.45,13.3,22.96,31.01,24.67,70.4537,72.4112,66.7219,62.6216,65.805,147569607,1255,2026-08-14,56.37,43868185.0
NASDAQ:CGON,CGON,"CG Oncology, Inc.",Healthcare,Biotechnology,United States,NASDAQ,6617831549.0,75.03,56.46,56.06,6,55.5,2096,True,-2.55,195.16,28.9,40.4,80.66,,,58.2069,53.4413,41.5319,,,59259470,640,2026-08-14,55.88,88202473.0
AMEX:DNN,DNN,Denison Mines Corp Ordinary Shares (Canada),Energy,Uranium,Canada,AMEX,2923204787.0,3.23,56.46,53.24,6,55.5,2097,False,-26.09,68.23,-2.48,2.28,30.84,42.96,62.05,3.3123,3.158,2.4686,2.2594,1.9932,67565469,1255,2026-08-14,58.1,905016962.0
NASDAQ:CAMT,CAMT,Camtek Ltd.,Technology,Semiconductor Equipment & Materials,Israel,NASDAQ,7716055443.0,165.38,56.47,53.59,6,55.6,2098,False,-20.28,115.53,10.44,18.68,51.65,67.5,104.37,149.75,139.3541,109.0562,98.737,80.9232,85321335,1255,2026-08-14,61.8,46656521.0
NYSE:FUBO,FUBO,FuboTV Inc.,Communication Services,Broadcasting,United States,NYSE,298854144.0,10.15,56.48,53.37,6,55.6,2099,False,-81.45,25.46,-47.55,-59.27,-64.52,-62.99,-64.02,19.3502,24.9216,28.6058,27.4232,28.2103,15902112,1255,2026-08-14,53.47,29443758.0
NYSE:EPC,EPC,Edgewell Personal Care Company,Consumer Defensive,Household & Personal Products,United States,NYSE,1309631285.0,28.42,56.49,57.96,6,55.6,2100,False,-4.18,81.22,35.19,35.44,10.63,-1.92,-9.14,21.0221,20.9839,25.6901,28.9756,31.28,17870157,1255,2026-08-14,56.9,46081326.0
NASDAQ:VRTX,VRTX,Vertex Pharmaceuticals Incorporated,Healthcare,Biotechnology,United States,NASDAQ,128362089648.0,505.75,56.49,56.77,6,55.6,2101,False,-4.51,34.29,10.64,13.61,11.37,15.18,24.01,457.1061,445.1636,454.1277,439.0791,407.8154,656809069,1255,2026-08-14,62.81,253805417.0
NASDAQ:VRNS,VRNS,"Varonis Systems, Inc.",Technology,Software - Infrastructure,United States,NASDAQ,5167573220.0,44.99,56.5,57.49,6,55.7,2102,False,-28.94,122.83,39.8,19.35,4.02,5.03,16.83,32.1812,37.6951,43.2495,42.8371,38.5095,81733755,1254,2026-08-14,59.39,114860485.0
NYSE:CNC,CNC,Centene Corporation,Healthcare,Healthcare Plans,United States,NYSE,33329842650.0,67.47,56.51,56.11,6,55.7,2103,True,-1.82,150.54,40.21,50.01,30.01,14.88,7.47,48.1192,44.9755,51.8965,58.7294,62.7794,326340912,1255,2026-08-14,53.2,493995000.0
NASDAQ:WMT,WMT,Walmart Inc.,Consumer Defensive,Discount Stores,United States,NASDAQ,917327784197.0,115.27,56.51,52.01,6,55.7,2104,False,-14.11,20.73,-2.33,0.55,12.96,32.4,49.87,118.0196,114.6414,102.0448,87.0591,76.9113,2404559179,1255,2026-08-14,58.22,7958079155.0
NASDAQ:URBN,URBN,"Urban Outfitters, Inc.",Consumer Cyclical,Apparel Retail,United States,NASDAQ,6663265808.0,77.81,56.52,55.83,6,55.7,2105,True,-5.91,30.62,9.76,9.64,25.44,43.34,63.91,70.8918,70.9673,62.0311,54.2818,47.4714,70189371,1255,2026-08-14,52.67,85635083.0
NASDAQ:ARBE,ARBE,Arbe Robotics Ltd.,Technology,Scientific & Technical Instruments,Israel,NASDAQ,97751845.0,0.797,56.53,52.63,6,55.8,2106,False,-70.37,43.6,-22.02,-31.46,-46.13,-52.17,-64.58,1.0221,1.1628,1.4795,1.6662,2.2502,759491,1255,2026-08-14,53.58,122649743.0
NASDAQ:SNPS,SNPS,"Synopsys, Inc.",Technology,Software - Infrastructure,United States,NASDAQ,80708535488.0,421.5,56.53,51.1,6,55.8,2107,True,-32.6,13.21,-5.77,-8.46,-12.86,-15.66,-9.53,447.3061,460.4577,483.7257,499.7384,465.9009,697065405,1255,2026-08-14,51.4,191479325.0
NYSE:SWX,SWX,"Southwest Gas Holdings, Inc. Common Stock (DE)",Utilities,Utilities - Regulated Gas,United States,NYSE,6701913240.0,92.6,56.53,55.39,6,55.8,2108,True,-0.83,23.91,7.9,10.29,19.76,28.36,34.66,85.8175,83.9609,77.3186,72.142,68.7675,43081662,1255,2026-08-14,54.45,72374873.0
NASDAQ:WAFD,WAFD,"WaFd, Inc.",Financial Services,Banks - Regional,United States,NASDAQ,2805819806.0,37.94,56.53,55.68,6,55.8,2109,False,-3.51,39.71,13.08,15.83,20.81,27.9,29.3,33.5505,32.7552,31.4058,29.6645,29.3428,21371447,1255,2026-08-14,56.65,73954133.0
AMEX:GMTL,GMTL,Guardian Metal Resources PLC ADS,Basic Materials,Other Precious Metals & Mining,United Kingdom,AMEX,502994204.0,12.91,56.55,52.43,6,55.9,2110,False,-37.45,39.27,,,,,,,,,,,2486082,101,2026-08-14,61.6,38961596.0
NASDAQ:DIOD,DIOD,Diodes Incorporated,Technology,Semiconductors,United States,NASDAQ,4754361074.0,103.48,56.56,54.27,6,55.9,2111,True,-15.71,144.29,35.1,43.85,63.14,55.34,45.89,76.5947,71.9362,63.4305,66.6165,70.9284,58088442,1255,2026-08-14,51.98,45944734.0
NASDAQ:MCBS,MCBS,"MetroCity Bankshares, Inc.",Financial Services,Banks - Regional,United States,NASDAQ,1038639922.0,36.24,56.57,56.6,6,55.9,2112,False,-1.44,50.44,21.01,23.25,25.72,37.49,50.35,29.9485,29.403,28.8255,26.3586,24.1031,2899917,1254,2026-08-14,57.62,28660042.0
NASDAQ:MEOH,MEOH,Methanex Corporation,Basic Materials,Chemicals,Canada,NASDAQ,4341682440.0,56.12,56.57,53.97,6,55.9,2113,False,-14.33,69.18,11.71,18.36,30.19,29.55,32.91,50.2369,47.4161,43.1072,43.3202,42.224,47910493,1255,2026-08-14,51.2,77364263.0
NASDAQ:AVTX,AVTX,"Avalo Therapeutics, Inc.",Healthcare,Biotechnology,United States,NASDAQ,1036369555.0,19.59,56.58,55.67,6,56.0,2114,True,-14.34,120.24,17.58,24.86,67.24,49.61,-91.27,16.6604,15.69,11.714,13.0943,224.5207,14685077,1254,2026-08-14,55.75,52902989.0
NASDAQ:CMPS,CMPS,COMPASS Pathways Plc - American Depository Shares,Healthcare,Medical Care Facilities,United Kingdom,NASDAQ,1815068354.0,13.45,56.58,55.63,6,56.0,2115,True,-10.75,229.66,57.06,69.76,114.64,95.78,74.87,8.5639,7.9229,6.2662,6.8698,7.6914,36902691,1255,2026-08-14,55.44,134949320.0
NASDAQ:DPRO,DPRO,Draganfly Inc.,Technology,Computer Hardware,Canada,NASDAQ,180357557.0,4.89,56.59,51.64,6,56.1,2116,False,-64.49,28.68,-24.7,-26.02,0.82,-28.29,-59.38,6.4938,6.6096,4.8502,6.8193,12.039,3464401,1255,2026-08-14,50.95,36882936.0
NASDAQ:FULT,FULT,Fulton Financial Corporation,Financial Services,Banks - Regional,United States,NASDAQ,4717599040.0,24.64,56.59,57.31,6,56.1,2117,False,-2.18,50.76,17.9,21.26,29.91,42.63,51.6,20.899,20.3197,18.9667,17.2749,16.2533,40907115,1255,2026-08-14,54.74,191461000.0
NASDAQ:MRNA,MRNA,"Moderna, Inc.",Healthcare,Biotechnology,United States,NASDAQ,25124505920.0,63.32,56.59,54.6,6,56.1,2118,False,-22.59,183.18,36.24,49.83,51.56,0.67,-24.81,46.4768,42.2612,41.7801,62.9009,84.2092,315475201,1255,2026-08-14,57.32,396786259.0
NYSE:GEV,GEV,GE Vernova Inc.,Industrials,Specialty Industrial Machinery,United States,NYSE,283179179998.0,1063.25,56.6,53.88,6,56.1,2119,False,-9.5,94.4,24.08,31.93,81.43,,,856.9075,805.9217,586.0495,,,2596829014,598,2026-08-14,54.7,266333581.0
NASDAQ:ADMA,ADMA,ADMA Biologics Inc,Healthcare,Biotechnology,United States,NASDAQ,2194887611.0,9.47,56.63,55.19,6,56.1,2120,True,-53.53,24.61,-27.55,-30.57,-41.29,-26.4,-9.66,13.0716,13.6393,16.1288,12.8671,10.4821,23064271,1255,2026-08-14,55.67,231772715.0
NYSE:LZM,LZM,Lifezone Metals Limited,Basic Materials,Other Industrial Metals & Mining,Isle of Man,NYSE,356061646.0,3.96,56.64,52.71,6,56.2,2121,True,-35.08,31.56,-8.93,-11.96,-19.79,-36.16,-45.7,4.3483,4.4979,4.937,6.2034,7.2932,1535212,1171,2026-08-14,52.63,89914557.0
NASDAQ:FIP,FIP,FTAI Infrastructure Inc.,Industrials,Conglomerates,United States,NASDAQ,532917633.0,4.51,56.65,53.18,6,56.2,2122,False,-29.1,32.65,-9.08,-8.34,-22.53,-19.69,-8.07,4.9602,4.9202,5.8217,5.6159,4.9059,6370976,1021,2026-08-14,60.51,118163555.0
NASDAQ:RELL,RELL,"Richardson Electronics, Ltd.",Technology,Electronic Components,United States,NASDAQ,256039920.0,20.34,56.66,56.25,6,56.2,2123,False,-6.51,119.68,48.87,57.59,67.92,76.08,54.7,13.6627,12.9065,12.1126,11.5518,13.1484,7726390,1255,2026-08-14,57.06,12588000.0
NASDAQ:VABK,VABK,Virginia National Bankshares Corporation,Financial Services,Banks - Regional,United States,NASDAQ,253719383.0,46.79,56.67,56.75,6,56.2,2124,True,-1.58,29.03,13.98,15.58,22.56,32.98,38.29,41.0528,40.4836,38.1759,35.1868,33.8354,321080,1255,2026-08-14,55.04,5422513.0
NYSE:CCK,CCK,"Crown Holdings, Inc.",Consumer Cyclical,Packaging & Containers,United States,NYSE,12944676019.0,119.02,56.69,58.83,6,56.3,2125,True,-2.27,33.57,14.41,16.49,23.26,30.44,34.14,104.0316,102.1737,96.559,91.2459,88.7255,133983926,1255,2026-08-14,55.07,108760511.0
NASDAQ:NVEC,NVEC,NVE Corporation,Technology,Semiconductors,United States,NASDAQ,586506378.0,121.25,56.7,56.69,6,56.3,2126,True,-8.87,118.64,53.32,59.56,69.71,72.12,79.06,79.0854,75.9894,71.4455,70.4437,67.7165,28517127,1255,2026-08-14,53.35,4837166.0
NASDAQ:CD,CD,Chaince Digital Holdings Inc. - American,Financial Services,Capital Markets,United States,NASDAQ,314597448.0,3.96,56.71,51.64,6,56.4,2127,True,-88.94,49.43,-31.97,-44.87,-31.62,-10.47,8.51,5.8205,7.1829,5.791,4.423,3.6495,686163,1254,2026-08-14,50.17,79443800.0
NYSE:GIL,GIL,"Gildan Activewear, Inc. Class A Sub. Vot.",Consumer Cyclical,Apparel Manufacturing,Canada,NYSE,10504081619.0,56.72,56.71,54.44,6,56.4,2128,False,-21.16,14.35,-3.99,-3.19,7.51,23.11,36.09,59.078,58.5906,52.7556,46.0743,41.6798,88189923,1255,2026-08-14,58.19,185191848.0
NASDAQ:KDP,KDP,Keurig Dr Pepper Inc.,Consumer Defensive,Beverages - Non-Alcoholic,United States,NASDAQ,42775989768.0,31.44,56.71,54.7,6,56.4,2129,False,-7.68,27.3,10.62,11.4,3.87,4.35,2.76,28.4216,28.2216,30.2694,30.1283,30.5958,394170541,1255,2026-08-14,54.51,1360559471.0
NASDAQ:SGML,SGML,Sigma Lithium Corporation,Basic Materials,Other Industrial Metals & Mining,Canada,NASDAQ,1343655106.0,11.99,56.73,51.15,6,56.4,2130,True,-49.3,156.2,-7.51,3.36,11.63,-15.79,-36.66,12.9637,11.6007,10.7411,14.2387,18.9299,18942884,1254,2026-08-14,51.25,112064646.0
NYSE:PRMB,PRMB,Primo Brands Corporation,Consumer Defensive,Beverages - Non-Alcoholic,United States,NYSE,8962853481.0,24.7,56.74,55.06,6,56.4,2131,False,-2.72,73.78,21.78,18.68,0.18,13.7,26.35,20.2826,20.8118,24.6544,21.7242,19.5487,100110034,1255,2026-08-14,57.31,362868562.0
NASDAQ:VBNK,VBNK,VersaBank,Financial Services,Banks - Regional,Canada,NASDAQ,657758090.0,20.43,56.74,54.6,6,56.4,2132,False,-13.8,94.49,24.71,32.34,45.57,62.84,82.12,16.3824,15.4378,14.0341,12.5461,11.2178,2117425,1245,2026-08-14,53.1,32195697.0
NYSE:VET,VET,Vermilion Energy Inc. Common (Canada),Energy,Oil & Gas E&P,Canada,NYSE,1732752000.0,11.34,56.76,54.9,6,56.5,2133,True,-20.67,63.16,9.21,15.78,25.67,15.54,1.72,10.3838,9.7948,9.0239,9.815,11.1484,17987822,1255,2026-08-14,55.51,152800000.0
NASDAQ:XMAX,XMAX,"XMAX, Inc.",Consumer Cyclical,"Furnishings, Fixtures & Appliances",United States,NASDAQ,576873097.0,9.07,56.77,56.48,6,56.5,2134,True,-2.89,446.39,28.31,39.57,138.71,177.64,181.26,7.0686,6.4986,3.7996,3.2668,3.2247,5005004,1255,2026-08-14,52.43,63602326.0
NYSE:BCC,BCC,"Boise Cascade, L.L.C.",Basic Materials,Lumber & Wood Production,United States,NYSE,2929193625.0,83.24,56.78,56.57,6,56.6,2135,False,-8.02,27.54,9.51,8.36,-11.62,-17.62,-8.95,76.0082,76.8167,94.1879,101.0405,91.4209,29322354,1254,2026-08-14,58.9,35189736.0
NYSE:VLN,VLN,Valens Semiconductor Ltd.,Technology,Semiconductors,Israel,NYSE,210048662.0,1.94,56.78,51.51,6,56.6,2136,False,-45.04,74.77,6.62,5.6,-5.82,-11.48,-24.48,1.8196,1.8371,2.0598,2.1916,2.569,1658983,1223,2026-08-14,56.78,108272506.0
NASDAQ:DFDV,DFDV,DeFi Development Corp.,Financial Services,Asset Management,United States,NASDAQ,92462889.0,3.07,56.79,51.72,6,56.6,2137,False,-84.81,24.29,-34.96,-56.55,-55.69,-38.99,,4.7204,7.065,6.9277,5.0321,,1631003,768,2026-08-14,56.14,30118205.0
AMEX:CBOE,CBOE,"Cboe Global Markets, Inc.",Financial Services,Financial Data & Stock Exchanges,United States,AMEX,30926201967.0,296.14,56.8,54.4,6,56.6,2138,False,-19.07,28.3,5.45,8.83,22.09,35.43,51.85,280.8466,272.1037,242.5513,218.6646,195.0179,281820732,1255,2026-08-14,55.01,104431019.0
NYSE:DOCS,DOCS,"Doximity, Inc.",Healthcare,Health Information Services,United States,NYSE,3195651938.0,24.8,56.8,56.22,6,56.6,2139,False,-66.99,37.7,-20.86,-36.72,-46.73,-37.43,-34.54,31.3388,39.1902,46.555,39.6354,37.8857,196448998,1255,2026-08-14,64.72,128856933.0
NASDAQ:ADEA,ADEA,Adeia Inc.,Technology,Software - Application,United States,NASDAQ,3291716939.0,29.845,56.81,54.07,6,56.7,2140,False,-11.09,156.31,30.5,39.16,74.08,100.69,122.74,22.8705,21.4466,17.1445,14.8714,13.3993,32452752,1255,2026-08-14,52.79,110293749.0
NASDAQ:SHOO,SHOO,"Steven Madden, Ltd.",Consumer Cyclical,Footwear & Accessories,United States,NASDAQ,3445247453.0,47.14,56.81,57.43,6,56.7,2141,False,-3.93,81.22,17.18,22.82,30.73,29.25,35.07,40.2271,38.3798,36.0588,36.4732,34.9,49475015,1255,2026-08-14,57.94,73085436.0
NYSE:BMY,BMY,Bristol-Myers Squibb Company,Healthcare,Drug Manufacturers - General,United States,NYSE,130386476492.0,63.83,56.82,57.73,6,56.7,2142,False,-3.13,54.9,14.7,19.94,24.77,30.35,23.51,55.6508,53.2198,51.1566,48.9679,51.6805,782714019,1255,2026-08-14,61.25,2042714656.0
NASDAQ:NTHI,NTHI,"NeOnc Technologies Holdings, Inc.",Healthcare,Biotechnology,United States,NASDAQ,109432470.0,4.22,56.82,52.89,6,56.7,2143,True,-65.1,31.46,-39.04,-42.86,,,,6.9224,7.3859,,,,772311,349,2026-08-14,40.15,25931865.0
NASDAQ:NAVI,NAVI,Navient Corporation,Financial Services,Credit Services,United States,NASDAQ,861882954.0,9.17,56.83,56.0,6,56.8,2144,False,-29.6,25.84,-3.68,-9.16,-20.4,-26.82,-29.0,9.5207,10.0943,11.5208,12.531,12.9153,10529735,1255,2026-08-14,58.02,93989417.0
NASDAQ:OLED,OLED,Universal Display Corporation,Technology,Electronic Components,United States,NASDAQ,4087370968.0,88.92,56.85,54.47,6,56.8,2145,False,-40.4,14.09,-13.2,-19.44,-33.51,-38.82,-36.21,102.4378,110.377,133.7249,145.345,139.3965,65786584,1255,2026-08-14,62.12,45966835.0
NASDAQ:CMPX,CMPX,"Compass Therapeutics, Inc.",Healthcare,Biotechnology,United States,NASDAQ,405197809.0,2.25,56.88,52.27,6,56.8,2146,False,-66.37,34.73,-45.28,-43.83,-26.65,-13.32,-19.95,4.112,4.0054,3.0674,2.5958,2.8108,6778107,1255,2026-08-14,57.48,180087915.0
NASDAQ:FNKO,FNKO,"Funko, Inc.",Consumer Cyclical,Leisure,United States,NASDAQ,342855046.0,6.14,56.88,56.35,6,56.8,2147,False,-3.31,131.7,41.44,49.13,-5.43,-10.01,-26.52,4.3412,4.1173,6.4926,6.8232,8.3559,7793199,1255,2026-08-14,53.94,55839584.0
NASDAQ:PSNL,PSNL,"Personalis, Inc.",Healthcare,Diagnostics & Research,United States,NASDAQ,1498782369.0,14.04,56.9,57.39,6,56.9,2148,False,-11.08,209.93,51.8,61.89,106.33,177.92,215.1,9.2489,8.6724,6.8048,5.0517,4.4557,47748264,1254,2026-08-14,60.71,106750881.0
NASDAQ:GHRS,GHRS,GH Research PLC,Healthcare,Biotechnology,Ireland,NASDAQ,2023277021.0,29.49,56.91,57.91,6,56.9,2149,True,-3.75,146.98,58.09,68.01,110.54,135.56,143.59,18.6535,17.5526,14.0068,12.5193,12.1066,9574751,1254,2026-08-14,51.09,68608919.0
NYSE:ANF,ANF,Abercrombie & Fitch Company,Consumer Cyclical,Apparel Retail,United States,NYSE,4804400802.0,108.13,56.92,58.3,6,56.9,2150,False,-16.73,64.81,16.43,18.37,5.6,4.05,28.3,92.8748,91.3513,102.3943,103.9168,84.2793,100515852,1255,2026-08-14,57.98,44431710.0
NYSE:UBER,UBER,"Uber Technologies, Inc.",Technology,Software - Application,United States,NYSE,154603745037.0,75.95,56.95,55.03,6,57.0,2151,False,-24.13,15.18,-2.12,-6.53,-3.95,3.43,19.85,77.5929,81.2546,79.076,73.4301,63.3727,1484905813,1255,2026-08-14,56.81,2035599013.0
NYSE:VEL,VEL,"Velocity Financial, Inc.",Financial Services,Mortgage Finance,United States,NYSE,716983259.0,18.16,56.95,54.67,6,57.0,2152,False,-12.52,7.01,-1.97,-2.02,-2.33,3.2,15.1,18.5255,18.5352,18.5927,17.5975,15.7774,1974437,1254,2026-08-14,55.95,39481457.0
NYSE:EVH,EVH,"Evolent Health, Inc",Healthcare,Health Information Services,United States,NYSE,526411394.0,4.68,56.96,53.59,6,57.0,2153,False,-53.15,115.67,18.82,-4.85,-51.85,-70.0,-76.13,3.9388,4.9183,9.7206,15.6019,19.6031,17764774,1255,2026-08-14,56.66,112481067.0
NASDAQ:MRAM,MRAM,"Everspin Technologies, Inc.",Technology,Semiconductors,United States,NASDAQ,442690254.0,18.88,56.97,52.09,6,57.0,2154,True,-57.1,217.31,26.18,38.67,93.38,104.78,117.68,14.9627,13.6152,9.7633,9.2197,8.6733,20359174,1255,2026-08-14,49.42,23447577.0
NYSE:AMPX,AMPX,"Amprius Technologies, Inc.",Industrials,Electrical Equipment & Parts,United States,NYSE,1771755897.0,12.51,57.0,51.28,6,57.1,2155,True,-45.4,85.61,-9.02,-3.69,57.97,98.55,,13.7497,12.9897,7.9191,6.3006,,67358447,982,2026-08-14,53.32,141627170.0
NASDAQ:SNDK,SNDK,Sandisk Corporation - Common Stock When-Issued,Technology,Computer Hardware,United States,NASDAQ,243031582751.0,1641.11,57.0,53.61,6,57.1,2156,False,-29.72,3596.19,81.69,122.71,,,,903.2335,736.8751,,,,22437757424,377,2026-08-14,53.51,148089758.0
NASDAQ:DOMO,DOMO,"Domo, Inc.",Technology,Software - Application,United States,NASDAQ,171150483.0,3.91,57.01,55.39,6,57.1,2157,False,-78.52,95.5,-30.37,-48.2,-53.75,-55.32,-63.18,5.6156,7.5485,8.4537,8.7508,10.6179,10851310,1255,2026-08-14,59.52,43772502.0
NASDAQ:HBAN,HBAN,Huntington Bancshares Incorporated,Financial Services,Banks - Regional,United States,NASDAQ,36185629534.0,17.91,57.02,55.81,6,57.2,2158,True,-5.26,21.48,7.58,7.87,13.59,25.65,32.95,16.6479,16.6035,15.7676,14.2536,13.4716,477992403,1255,2026-08-14,54.57,2020414826.0
NYSE:JBS,JBS,JBS N.V.,Consumer Defensive,Packaged Foods,Netherlands,NYSE,10593586458.0,13.65,57.03,55.68,6,57.2,2159,False,-19.96,17.67,-0.31,-0.08,,,,13.6929,13.6608,,,,82085727,294,2026-08-14,52.99,776086920.0
NYSE:SKIL,SKIL,Skillsoft Corp.,Consumer Defensive,Education & Training Services,United States,NYSE,74161465.0,8.27,57.03,56.44,6,57.2,2160,False,-53.82,124.73,12.78,-6.56,-39.97,-41.5,-58.28,7.3326,8.851,13.776,14.1369,19.8241,390139,1254,2026-08-14,63.15,8967529.0
NYSE:AKO.A,AKO-A,Embotelladora Andina S.A.,Consumer Defensive,Beverages - Non-Alcoholic,Chile,NYSE,1877380890.0,23.8,57.04,55.62,6,57.2,2161,False,-8.97,33.23,5.2,8.67,27.79,48.37,67.5,22.623,21.9012,18.6243,16.0405,14.2093,13775,1255,2026-08-14,57.04,78881550.0
NASDAQ:CECO,CECO,CECO Environmental Corp.,Industrials,Pollution & Treatment Controls,United States,NASDAQ,4648297237.0,79.59,57.05,52.89,6,57.3,2162,False,-20.15,78.41,16.01,23.33,71.97,110.33,153.24,68.6036,64.5331,46.2805,37.8406,31.4285,76093400,1255,2026-08-14,53.0,58403031.0
NASDAQ:MTSI,MTSI,"MACOM Technology Solutions Holdings, Inc.",Technology,Semiconductors,United States,NASDAQ,24143034725.0,316.44,57.05,53.16,6,57.3,2163,True,-22.76,161.52,24.41,38.38,81.12,115.67,151.61,254.3611,228.6681,174.7155,146.7253,125.7658,415891994,1254,2026-08-14,54.5,76295774.0
NASDAQ:HAFC,HAFC,Hanmi Financial Corporation,Financial Services,Banks - Regional,United States,NASDAQ,961855927.0,32.44,57.06,56.29,6,57.3,2164,False,-1.75,46.8,14.6,18.43,33.28,53.44,59.43,28.3079,27.3928,24.3405,21.1423,20.3479,8588117,1255,2026-08-14,57.75,29650306.0
NASDAQ:BGIN,BGIN,Bgin Blockchain Limited,Technology,Computer Hardware,Singapore,NASDAQ,185692210.0,2.05,57.08,50.79,6,57.4,2165,False,-58.67,20.59,-28.35,,,,,2.8611,,,,,204272,204,2026-08-14,53.74,90581566.0
NASDAQ:JOUT,JOUT,Johnson Outdoors Inc.,Consumer Cyclical,Leisure,United States,NASDAQ,446555463.0,48.18,57.08,55.76,6,57.4,2166,False,-9.29,33.2,6.9,9.45,30.92,25.25,14.04,45.0684,44.0189,36.8021,38.4682,42.2476,2143714,1255,2026-08-14,61.41,9268482.0
NASDAQ:NEXN,NEXN,Nexxen International Ltd.,Communication Services,Advertising Agencies,Israel,NASDAQ,583396556.0,10.47,57.08,59.74,6,57.4,2167,False,-4.38,83.68,38.34,32.2,22.33,42.26,43.53,7.5686,7.92,8.5589,7.3595,7.2944,5302676,1254,2026-08-14,65.26,55720779.0
NYSE:NRT,NRT,North European Oil Royality Trust,Energy,Oil & Gas E&P,United States,NYSE,81980063.0,8.92,57.08,57.01,6,57.4,2168,False,-6.2,97.88,16.26,25.92,60.96,57.99,34.21,7.6722,7.0841,5.5417,5.6458,6.6462,476433,1255,2026-08-14,61.36,9190590.0
NYSE:RAMP,RAMP,"LiveRamp Holdings, Inc.",Technology,Software - Infrastructure,United States,NYSE,2301090069.0,37.85,57.09,61.26,6,57.4,2169,False,-0.42,68.82,22.86,25.71,28.24,23.66,31.72,30.8076,30.1095,29.5157,30.6079,28.7347,31364436,1255,2026-08-14,60.77,60794982.0
NYSE:MCI,MCI,Barings Corporate Investors,Financial Services,Asset Management,United States,NYSE,350270014.0,17.04,57.1,52.42,6,57.5,2170,False,-20.68,4.54,-7.26,-8.5,-7.31,0.22,10.72,18.3739,18.6233,18.3841,17.0019,15.3901,438725,1255,2026-08-14,48.37,20555752.0
NASDAQ:XE,XE,"X-Energy, Inc.",Industrials,Specialty Industrial Machinery,United States,NASDAQ,6030884239.0,20.98,57.11,53.77,6,57.5,2171,False,-41.69,51.7,,,,,,,,,,,102790667,78,2026-08-14,64.38,287458734.0
NASDAQ:PPIH,PPIH,"Perma-Pipe International Holdings, Inc.",Industrials,Building Products & Equipment,United States,NASDAQ,217931623.0,26.82,57.12,52.11,6,57.5,2172,True,-24.0,19.57,-8.74,-7.07,22.06,54.58,73.32,29.3875,28.8606,21.972,17.3501,15.4743,1672747,1255,2026-08-14,55.35,8125713.0
NYSE:IGI,IGI,Western Asset Investment Grade Opportunity Trust Inc.,Financial Services,Asset Management,United States,NYSE,95418908.0,15.92,57.13,53.27,6,57.5,2173,False,-1.88,2.56,0.04,-0.02,1.34,3.5,6.13,15.9143,15.9236,15.7093,15.3814,15.0005,192779,1255,2026-08-14,58.29,5993650.0
NYSE:CALX,CALX,"Calix, Inc",Technology,Software - Infrastructure,United States,NYSE,2489596125.0,39.54,57.14,53.78,6,57.6,2174,False,-42.21,12.39,-17.73,-21.8,-12.85,-7.54,-14.1,48.0638,50.5615,45.3676,42.7631,46.0325,48055471,1255,2026-08-14,58.91,62963989.0
NASDAQ:IMMR,IMMR,Immersion Corporation,Technology,Software - Application,United States,NASDAQ,248939258.0,7.5,57.14,57.38,6,57.6,2175,False,-3.1,40.57,17.57,16.03,6.05,5.87,9.64,6.3789,6.4637,7.0724,7.0843,6.8408,5242260,1255,2026-08-14,56.53,33191901.0
NASDAQ:CRSP,CRSP,CRISPR Therapeutics AG,Healthcare,Biotechnology,Switzerland,NASDAQ,5273825054.0,53.55,57.15,53.93,6,57.7,2176,False,-30.26,20.77,0.6,-2.63,6.77,0.97,-0.21,53.2281,54.9964,50.1534,53.0378,53.6602,70760516,1255,2026-08-14,59.12,98484128.0
NASDAQ:GCL,GCL,GCL Global Holdings Ltd,Communication Services,Electronic Gaming & Multimedia,Singapore,NASDAQ,67076560.0,0.524,57.15,54.95,6,57.7,2177,True,-85.56,37.53,-33.42,-56.05,-86.87,-91.64,-92.77,0.7871,1.1921,3.99,6.2671,7.2454,448274,1084,2026-08-14,50.96,128008703.0
NYSE:RCUS,RCUS,"Arcus Biosciences, Inc.",Healthcare,Biotechnology,United States,NYSE,3707792816.0,29.48,57.15,55.98,6,57.7,2178,True,-5.15,197.48,23.84,36.79,73.31,74.05,61.2,23.8051,21.5512,17.0095,16.9381,18.2878,32320465,1254,2026-08-14,53.91,125773162.0
NASDAQ:UNB,UNB,"Union Bankshares, Inc.",Financial Services,Banks - Regional,United States,NASDAQ,113459539.0,24.59,57.16,54.65,6,57.7,2179,False,-4.76,19.49,5.67,4.84,-2.48,0.5,5.8,23.2699,23.4547,25.2149,24.4678,23.2418,200063,1255,2026-08-14,57.16,4614052.0
NYSE:XRN,XRN,Chiron Real Estate Inc.,Real Estate,REIT - Healthcare Facilities,United States,NYSE,537241470.0,37.11,57.16,54.88,6,57.7,2180,False,-2.19,29.64,8.65,9.74,6.64,3.78,3.94,34.1552,33.8175,34.7991,35.7588,35.7043,3252839,1254,2026-08-14,52.73,14477000.0
NASDAQ:XMTR,XMTR,"Xometry, Inc.",Industrials,Industrial Distribution,United States,NASDAQ,5175952758.0,96.26,57.18,56.17,6,57.8,2181,False,-8.19,166.65,45.36,52.98,110.0,158.69,166.65,66.222,62.9232,45.8384,37.21,36.1001,78211773,1254,2026-08-14,55.09,53770546.0
NASDAQ:RNAC,RNAC,"Cartesian Therapeutics, Inc.",Healthcare,Biotechnology,United States,NASDAQ,259732584.0,8.84,57.19,54.4,6,57.8,2182,False,-24.51,51.37,17.35,9.73,-25.24,-45.9,-61.78,7.5328,8.0563,11.8246,16.3415,23.1284,957132,1254,2026-08-14,55.25,29381514.0
NASDAQ:ALGN,ALGN,"Align Technology, Inc.",Healthcare,Medical Instruments & Supplies,United States,NASDAQ,12985082606.0,181.31,57.2,54.59,6,57.8,2183,False,-8.2,45.19,7.43,12.15,-0.23,-14.85,-20.79,168.7669,161.6651,181.7287,212.939,228.9087,162200683,1255,2026-08-14,52.2,71618127.0
NYSE:LEU,LEU,Centrus Energy Corp.,Energy,Uranium,United States,NYSE,3604025899.0,190.15,57.2,54.85,6,57.8,2184,False,-56.39,29.7,-13.75,-18.37,14.88,50.85,83.2,220.4689,232.9379,165.5206,126.0488,103.7956,115597632,1255,2026-08-14,58.35,18953594.0
NASDAQ:PRCT,PRCT,PROCEPT BioRobotics Corporation,Healthcare,Medical Devices,United States,NASDAQ,1232292973.0,21.65,57.21,52.9,6,57.9,2185,False,-47.94,29.72,-19.35,-25.34,-55.82,-55.2,-52.63,26.8448,28.9983,48.9994,48.3241,45.7077,34421153,1234,2026-08-14,59.04,56918844.0
NASDAQ:MRBK,MRBK,Meridian Corporation,Financial Services,Banks - Regional,United States,NASDAQ,238756782.0,20.08,57.23,56.26,6,57.9,2186,False,-2.02,49.19,10.54,14.87,31.01,48.57,53.24,18.1655,17.48,15.3268,13.5152,13.1037,2019968,1254,2026-08-14,57.92,11890278.0
NYSE:VTS,VTS,"Vitesse Energy, Inc.",Energy,Oil & Gas E&P,United States,NYSE,676575517.0,16.22,57.23,52.58,6,57.9,2187,True,-33.35,8.13,-10.71,-14.67,-19.44,-17.21,,18.1664,19.0082,20.134,19.5928,,7457536,901,2026-08-14,56.9,41712424.0
NASDAQ:WHWK,WHWK,"Whitehawk Therapeutics, Inc.",Healthcare,Biotechnology,United States,NASDAQ,220557985.0,4.46,57.23,55.58,6,57.9,2188,False,-12.55,178.75,30.81,43.49,71.48,63.39,-4.31,3.4095,3.1083,2.6008,2.7296,4.6608,1765528,1254,2026-08-14,64.6,49452463.0
NYSE:BEPC,BEPC,Brookfield Renewable Corporation Brookfield Renewable Corporation Class A Subordinate Voting Shares,Utilities,Utilities - Renewable,United States,NYSE,5241997663.0,35.5,57.24,52.6,6,58.0,2189,False,-18.43,11.9,-8.07,-6.08,7.71,18.26,20.37,38.6173,37.7962,32.9593,30.0196,29.4921,73937842,1255,2026-08-14,60.17,147661906.0
NASDAQ:EWTX,EWTX,"Edgewise Therapeutics, Inc.",Healthcare,Biotechnology,United States,NASDAQ,4752383075.0,44.17,57.24,56.55,6,58.0,2190,True,-8.65,222.41,42.53,59.65,76.49,109.84,144.78,30.9899,27.666,25.0263,21.0493,18.0451,49834372,1254,2026-08-14,54.85,107593006.0
NASDAQ:HBNC,HBNC,"Horizon Bancorp, Inc.",Financial Services,Banks - Regional,United States,NASDAQ,1050983997.0,20.57,57.25,57.89,6,58.0,2191,False,-1.11,40.99,16.05,19.03,27.8,43.17,49.13,17.7255,17.281,16.0953,14.3677,13.793,13134066,1255,2026-08-14,56.47,51093048.0
NYSE:HTH,HTH,Hilltop Holdings Inc.,Financial Services,Financial Conglomerates,United States,NYSE,2268542113.0,39.6,57.25,56.22,6,58.0,2192,False,-0.48,30.36,9.1,11.24,21.44,26.02,30.03,36.2965,35.5977,32.6097,31.4224,30.4544,9530795,1255,2026-08-14,59.54,57286417.0
NASDAQ:MAT,MAT,"Mattel, Inc.",Consumer Cyclical,Leisure,United States,NASDAQ,4367252070.0,15.03,57.27,55.52,6,58.1,2193,False,-32.18,15.17,-10.79,-11.93,-16.29,-18.03,-18.94,16.8473,17.0663,17.9555,18.3362,18.541,60310456,1255,2026-08-14,55.12,290569000.0
NASDAQ:TOWN,TOWN,Towne Bank,Financial Services,Banks - Regional,United States,NASDAQ,3452892440.0,37.82,57.27,58.04,6,58.1,2194,False,-2.43,23.38,10.98,11.36,14.28,25.4,31.77,34.0791,33.9615,33.0936,30.1591,28.7004,23610734,1255,2026-08-14,57.4,91298055.0
NASDAQ:ACOG,ACOG,Alpha Cognition Inc.,Healthcare,Biotechnology,United States,NASDAQ,192483079.0,8.84,57.29,58.4,6,58.1,2195,True,-11.51,96.44,39.21,32.29,,,,6.3503,6.6821,,,,969940,438,2026-08-14,54.65,21774104.0
NASDAQ:HWBK,HWBK,"Hawthorn Bancshares, Inc.",Financial Services,Banks - Regional,United States,NASDAQ,275337052.0,39.9,57.3,56.59,6,58.2,2196,False,-1.02,38.12,15.02,18.06,30.49,49.62,61.13,34.6889,33.7954,30.5777,26.6667,24.7621,642601,1255,2026-08-14,60.15,6900678.0
NYSE:BKU,BKU,"BankUnited, Inc.",Financial Services,Banks - Regional,United States,NYSE,3493847460.0,48.34,57.31,54.64,6,58.2,2197,False,-3.76,39.56,6.15,10.25,22.66,39.01,47.53,45.5379,43.8461,39.4099,34.7751,32.7659,44404998,1255,2026-08-14,54.24,72276530.0
NYSE:PHG,PHG,Koninklijke Philips N.V. NY Registry Shares,Healthcare,Medical Devices,Netherlands,NYSE,26673995711.0,27.29,57.31,54.68,6,58.2,2198,False,-13.85,10.84,0.87,1.07,5.36,12.64,22.8,27.0537,27.0023,25.9022,24.2281,22.2229,35137826,1255,2026-08-14,58.52,977427472.0
NYSE:HSBC,HSBC,"HSBC Holdings, plc.",Financial Services,Banks - Diversified,United Kingdom,NYSE,355962532905.0,103.79,57.32,58.11,6,58.2,2199,True,-3.31,70.07,22.0,28.43,60.26,90.18,117.91,85.0717,80.8138,64.7643,54.5736,47.6296,135991795,1255,2026-08-14,56.63,3429641901.0
NASDAQ:OVLY,OVLY,Oak Valley Bancorp (CA),Financial Services,Banks - Regional,United States,NASDAQ,286646514.0,34.07,57.32,55.02,6,58.2,2200,False,-1.76,37.19,7.75,10.92,20.69,27.2,34.25,31.6184,30.7158,28.229,26.7847,25.3784,948953,1255,2026-08-14,59.25,8413458.0
NYSE:BCS,BCS,Barclays PLC,Financial Services,Banks - Diversified,United Kingdom,NYSE,94879016556.0,28.14,57.34,57.14,6,58.3,2201,False,-0.36,48.75,16.58,20.97,49.61,84.48,113.93,24.1386,23.2629,18.8094,15.2535,13.1541,126539170,1255,2026-08-14,56.92,3371677916.0
AMEX:EP,EP,Empire Petroleum Corporation,Energy,Oil & Gas E&P,United States,AMEX,110622327.0,2.78,57.34,54.22,6,58.3,2202,False,-50.36,14.4,-4.74,-13.7,-36.84,-47.47,-60.48,2.9184,3.2212,4.4016,5.2921,7.0342,62943,1255,2026-08-14,58.54,39792204.0
NASDAQ:CODA,CODA,"Coda Octopus Group, Inc.",Industrials,Aerospace & Defense,United States,NASDAQ,119350377.0,10.58,57.36,53.16,6,58.3,2203,True,-36.87,50.07,-3.27,1.63,17.38,30.12,34.14,10.9381,10.4102,9.0137,8.1312,7.8874,691563,1254,2026-08-14,49.75,11280754.0
NASDAQ:WTFC,WTFC,Wintrust Financial Corporation,Financial Services,Banks - Regional,United States,NASDAQ,10959481113.0,162.47,57.39,56.56,6,58.4,2204,True,-2.32,37.1,11.33,13.85,25.27,40.4,53.38,145.9387,142.7058,129.6974,115.7222,105.9286,107324821,1255,2026-08-14,57.34,67455414.0
NASDAQ:DIBS,DIBS,"1stdibs.com, Inc.",Communication Services,Internet Content & Information,United States,NASDAQ,173134204.0,4.9,57.4,55.11,6,58.4,2205,True,-23.79,92.16,-3.76,6.43,20.97,14.5,9.14,5.0914,4.6041,4.0505,4.2794,4.4895,488215,1254,2026-08-14,56.16,35333511.0
NASDAQ:IESC,IESC,"IES Holdings, Inc.",Industrials,Engineering & Construction,United States,NASDAQ,15066044872.0,756.18,57.4,56.04,6,58.4,2206,True,-3.55,135.14,40.45,49.99,105.21,170.09,243.45,538.3993,504.1505,368.4921,279.9776,220.1746,129057224,1255,2026-08-14,56.55,19923887.0
NASDAQ:PMN,PMN,ProMIS Neurosciences Inc.,Healthcare,Biotechnology,Canada,NASDAQ,133259918.0,14.86,57.4,56.69,6,58.4,2207,False,-40.06,119.82,22.46,22.82,-10.46,-43.2,-71.3,12.1342,12.0986,16.5959,26.1635,51.7813,2313904,1255,2026-08-14,57.01,8967693.0
NASDAQ:RDVT,RDVT,"Red Violet, Inc.",Technology,Software - Application,United States,NASDAQ,984520507.0,69.78,57.4,58.58,6,58.4,2208,False,-5.37,102.85,36.58,37.11,57.82,92.85,117.27,51.0925,50.894,44.214,36.1836,32.1171,18707034,1254,2026-08-14,67.75,14108921.0
NYSE:SPOT,SPOT,Spotify Technology S.A.,Communication Services,Internet Content & Information,Sweden,NYSE,105446079682.0,512.82,57.4,55.78,6,58.4,2209,False,-30.56,24.24,-0.54,-7.29,-5.41,16.81,43.07,515.6264,553.1598,542.1555,439.0193,358.4347,1007281556,1254,2026-08-14,53.12,205620061.0
NASDAQ:BMEA,BMEA,"Biomea Fusion, Inc.",Healthcare,Biotechnology,United States,NASDAQ,95435261.0,1.32,57.41,52.72,6,58.6,2210,False,-50.56,37.93,-2.43,-9.34,-56.28,-78.64,-85.08,1.3528,1.456,3.0193,6.1812,8.8459,561396,1254,2026-08-14,51.77,72299440.0
NASDAQ:CLST,CLST,"Catalyst Bancorp, Inc.",Financial Services,Banks - Regional,United States,NASDAQ,69976244.0,17.27,57.41,57.01,6,58.6,2211,False,-0.43,37.61,8.38,12.58,27.66,33.93,35.69,15.9354,15.3406,13.5279,12.8945,12.7272,38458,1213,2026-08-14,57.41,4051896.0
NYSE:EVTC,EVTC,"Evertec, Inc.",Technology,Software - Infrastructure,United States,NYSE,1945354260.0,31.57,57.41,57.4,6,58.6,2212,False,-15.71,41.55,12.09,7.87,-0.57,-5.41,-5.84,28.1642,29.2664,31.7515,33.3771,33.5264,12831533,1254,2026-08-14,59.77,61620344.0
NASDAQ:ONDS,ONDS,Ondas Inc,Technology,Communication Equipment,United States,NASDAQ,5265308738.0,9.24,57.41,54.5,6,58.6,2213,True,-34.05,157.38,-1.4,4.22,81.76,149.09,176.79,9.3709,8.866,5.0837,3.7094,3.3382,819244663,1255,2026-08-14,54.57,569838608.0
NYSE:TAP,TAP,Molson Coors Beverage Company,Consumer Defensive,Beverages - Brewers,United States,NYSE,7493963385.0,42.77,57.41,55.74,6,58.6,2214,False,-19.59,11.29,-2.12,-3.26,-11.77,-15.48,-15.17,43.6962,44.2134,48.474,50.6024,50.4165,118698781,1255,2026-08-14,54.01,175215417.0
NYSE:KREF,KREF,KKR Real Estate Finance Trust Inc.,Real Estate,REIT - Mortgage,United States,NYSE,489969178.0,7.62,57.43,57.09,6,58.7,2215,False,-13.6,31.97,8.21,4.37,-5.96,-7.03,-11.05,7.0418,7.3008,8.1026,8.1964,8.5663,9367282,1254,2026-08-14,63.29,64300417.0
NYSE:BFLY,BFLY,"Butterfly Network, Inc.",Healthcare,Medical Devices,United States,NYSE,2164546895.0,8.84,57.45,57.68,6,58.7,2216,False,-8.87,540.58,88.6,115.11,167.99,244.6,225.45,4.6873,4.1094,3.2986,2.5653,2.7162,57010411,1255,2026-08-14,57.65,244858246.0
NYSE:INSP,INSP,"Inspire Medical Systems, Inc.",Healthcare,Medical Devices,United States,NYSE,1650782412.0,57.1,57.45,57.71,6,58.7,2217,False,-60.34,42.57,-15.83,-19.41,-52.7,-59.66,-66.02,67.8368,70.8494,120.7229,141.5459,168.0472,45681300,1254,2026-08-14,60.28,28910375.0
NYSE:WMS,WMS,"Advanced Drainage Systems, Inc.",Industrials,Building Products & Equipment,United States,NYSE,11566554598.0,150.91,57.45,55.14,6,58.7,2218,False,-13.74,16.53,2.27,3.18,11.16,9.26,16.87,147.5596,146.2567,135.7554,138.1153,129.1228,109167441,1254,2026-08-14,55.68,76645382.0
NYSE:BF.A,BF-A,Brown Forman Inc,Consumer Defensive,Beverages - Wineries & Distilleries,United States,NYSE,4869096536.0,28.9,57.46,56.14,6,58.8,2219,False,-4.72,25.64,6.23,5.95,-7.42,-23.95,-34.47,27.2051,27.2771,31.2169,38.0026,44.1043,3761607,1255,2026-08-14,54.88,168480849.0
NASDAQ:LMNR,LMNR,Limoneira Co,Consumer Defensive,Farm Products,United States,NASDAQ,251128297.0,13.85,57.48,55.97,6,58.8,2220,True,-15.23,17.08,2.72,0.24,-19.81,-20.29,-15.88,13.4834,13.8166,17.2711,17.3761,16.4653,922376,1255,2026-08-14,56.75,18132007.0
NASDAQ:ATEC,ATEC,"Alphatec Holdings, Inc.",Healthcare,Medical Devices,United States,NASDAQ,1505597296.0,9.79,57.5,55.55,6,58.8,2221,False,-56.83,40.06,-26.31,-28.44,-16.37,-18.57,-20.12,13.2861,13.6812,11.707,12.0219,12.2558,22187408,1255,2026-08-14,57.01,153789305.0
NASDAQ:FIGR,FIGR,"Figure Technology Solutions, Inc.",Financial Services,Capital Markets,United States,NASDAQ,5739833001.0,31.43,57.5,53.79,6,58.8,2222,False,-57.48,26.17,-15.2,,,,,37.0656,,,,,106928688,233,2026-08-14,59.22,182622749.0
NYSE:XYZ,XYZ,"Block, Inc.",Technology,Software - Infrastructure,United States,NYSE,44356961600.0,82.88,57.51,57.09,6,58.9,2223,False,-2.08,68.83,22.1,19.03,17.91,21.42,21.7,67.8769,69.6311,70.293,68.2594,68.1002,407862222,1254,2026-08-14,58.08,535195000.0
NASDAQ:ENGS,ENGS,Energys Group Limited,Industrials,Waste Management,United Kingdom,NASDAQ,89072236.0,2.85,57.52,58.82,6,58.9,2224,False,-76.68,345.31,59.31,6.21,,,,1.789,2.6834,,,,3393968,344,2026-08-14,64.57,31253416.0
NYSE:SHW,SHW,Sherwin-Williams Company (The),Basic Materials,Specialty Chemicals,United States,NYSE,87174452024.0,359.1,57.53,57.38,6,58.9,2225,False,-3.61,22.56,7.82,6.84,4.28,9.93,18.84,333.0616,336.1086,344.3457,326.6568,302.1666,710935404,1255,2026-08-14,59.3,242758151.0
NASDAQ:BMHL,BMHL,Bluemount Holdings Limited,Financial Services,Capital Markets,Hong Kong,NASDAQ,81525249.0,5.817,57.54,58.3,6,59.0,2226,False,-5.57,89.48,40.22,43.24,,,,4.1484,4.0609,,,,7442,275,2026-08-14,57.54,14014999.0
NYSE:NGVT,NGVT,Ingevity Corporation,Basic Materials,Specialty Chemicals,United States,NYSE,2639193072.0,76.77,57.55,56.34,6,59.0,2227,True,-1.41,66.17,14.44,18.4,44.39,51.63,39.18,67.0826,64.8387,53.1703,50.6287,55.1597,18764979,1254,2026-08-14,53.13,34377922.0
NYSE:TEL,TEL,TE Connectivity plc,Technology,Electronic Components,Ireland,NYSE,62693871507.0,216.23,57.56,55.53,6,59.0,2228,False,-12.56,10.84,-0.88,-0.47,17.18,29.0,38.94,218.1511,217.2493,184.5332,167.6224,155.6317,561923981,1255,2026-08-14,56.05,289940672.0
NYSE:ANGX,ANGX,"Angel Studios, Inc.",Communication Services,Entertainment,United States,NYSE,567437779.0,4.37,57.58,57.67,6,59.0,2229,False,-72.69,100.46,12.02,,,,,3.9011,,,,,5945864,233,2026-08-14,56.67,129848462.0
NYSE:FINS,FINS,Angel Oak Financial Strategies Income Term Trust Common Shares of Beneficial Interest,Financial Services,Asset Management,United States,NYSE,423391502.0,12.67,57.58,55.13,6,59.0,2230,False,-1.27,6.81,2.0,2.68,7.58,15.18,20.9,12.422,12.339,11.777,11.0001,10.4801,487724,1254,2026-08-14,58.65,33416851.0
NYSE:BF.B,BF-B,Brown Forman Inc,Consumer Defensive,Beverages - Wineries & Distilleries,United States,NYSE,8252696683.0,28.42,57.59,56.3,6,59.1,2231,False,-6.31,25.74,5.64,5.14,-8.95,-24.45,-34.97,26.9021,27.0314,31.2131,37.6184,43.7023,59712849,1255,2026-08-14,54.57,290383416.0
NYSE:AAUC,AAUC,Allied Gold Corporation,Basic Materials,Gold,Canada,NYSE,2881495524.0,22.77,57.6,51.93,6,59.1,2232,False,-28.87,89.91,-11.77,-4.29,,,,25.8076,23.7902,,,,21415553,500,2026-08-14,58.41,126547893.0
NASDAQ:GEN,GEN,Gen Digital Inc.,Technology,Software - Infrastructure,United States,NASDAQ,17047474811.0,28.48,57.6,58.69,6,59.1,2233,False,-8.42,60.05,17.61,13.56,9.06,17.01,24.07,24.2163,25.0796,26.1149,24.3389,22.9545,133340336,1255,2026-08-14,68.25,598577065.0
NYSE:AM,AM,Antero Midstream Corporation,Energy,Oil & Gas Midstream,United States,NYSE,10703898700.0,22.55,57.61,55.56,6,59.2,2234,True,-2.45,35.87,11.72,14.77,29.34,45.9,64.15,20.1848,19.6479,17.435,15.4562,13.7375,49010163,1254,2026-08-14,52.17,474674000.0
NYSE:GGT,GGT,"Gabelli Multi-Media Trust, Inc. (The)",Financial Services,Asset Management,United States,NYSE,175182362.0,4.19,57.61,56.57,6,59.2,2235,False,-1.41,24.74,8.64,10.67,17.16,19.36,21.59,3.8569,3.7861,3.5762,3.5104,3.4461,1212132,1255,2026-08-14,57.61,41809633.0
NYSE:GIB,GIB,CGI Inc.,Technology,Information Technology Services,Canada,NYSE,13430553963.0,73.41,57.61,57.25,6,59.2,2236,False,-24.06,19.99,-3.99,-7.75,-21.54,-24.32,-22.94,76.4605,79.577,93.5691,97.004,95.2621,36538635,1255,2026-08-14,62.5,182952649.0
NASDAQ:JMSB,JMSB,"John Marshall Bancorp, Inc.",Financial Services,Banks - Regional,United States,NASDAQ,328109185.0,23.25,57.61,57.92,6,59.2,2237,False,-2.19,26.83,12.96,14.23,19.44,23.41,17.33,20.5832,20.3528,19.4662,18.8397,19.8151,765787,1254,2026-08-14,57.79,14112223.0
NYSE:ADT,ADT,ADT Inc.,Industrials,Security & Protection Services,United States,NYSE,5061852275.0,7.49,57.62,57.93,6,59.3,2238,False,-13.36,18.89,2.32,-0.86,0.3,6.48,6.83,7.3205,7.5546,7.4673,7.0343,7.0109,58816146,1254,2026-08-14,57.04,675814723.0
NYSE:GDOT,GDOT,"Green Dot Corporation Class A Common Stock, $0.001 par value",Financial Services,Credit Services,United States,NYSE,766916999.0,13.53,57.62,56.66,6,59.3,2239,False,-11.28,28.49,9.21,7.25,20.06,23.87,5.66,12.3891,12.6159,11.2693,10.923,12.8052,5219530,1255,2026-08-14,57.07,56682705.0
NYSE:UBS,UBS,UBS Group AG Registered,Financial Services,Banks - Diversified,Switzerland,NYSE,175788690945.0,53.63,57.62,58.25,6,59.3,2240,False,-2.61,51.09,21.71,24.54,45.19,60.93,83.1,44.0642,43.0641,36.9384,33.3245,29.2906,91549240,1254,2026-08-14,58.38,3277805164.0
NASDAQ:AUR,AUR,"Aurora Innovation, Inc.",Consumer Cyclical,Auto Parts,United States,NASDAQ,11560508703.0,6.99,57.63,55.82,6,59.3,2241,True,-16.79,85.41,33.33,31.28,21.41,45.62,71.35,5.2425,5.3247,5.7573,4.8001,4.0793,164070974,1255,2026-08-14,55.12,1653863906.0
NYSE:DX,DX,"Dynex Capital, Inc.",Real Estate,REIT - Mortgage,United States,NYSE,3241059936.0,13.06,57.64,55.3,6,59.4,2242,False,-4.21,25.19,3.18,5.89,16.79,27.4,35.24,12.6577,12.3337,11.1821,10.2508,9.657,73566710,1255,2026-08-14,56.32,248166917.0
NASDAQ:MWH,MWH,"SOLV Energy, Inc.",Utilities,Utilities - Renewable,United States,NASDAQ,3959852832.0,32.0,57.64,53.48,6,59.4,2243,False,-31.58,34.12,,,,,,,,,,,60590822,126,2026-08-14,60.26,123745401.0
NASDAQ:OPBK,OPBK,OP Bancorp,Financial Services,Banks - Regional,United States,NASDAQ,232796956.0,15.63,57.64,57.79,6,59.4,2244,False,-2.41,27.68,12.47,13.18,17.59,32.04,40.64,13.8966,13.8097,13.2924,11.8376,11.1133,862081,1255,2026-08-14,60.91,14894239.0
NASDAQ:DLTR,DLTR,"Dollar Tree, Inc.",Consumer Defensive,Discount Stores,United States,NASDAQ,24865469941.0,129.39,57.65,57.98,6,59.5,2245,False,-8.37,52.15,12.48,15.65,34.42,23.49,12.07,115.0353,111.8778,96.2563,104.7794,115.4534,265378031,1255,2026-08-14,58.0,192174588.0
AMEX:OBE,OBE,Obsidian Energy Ltd.,Energy,Oil & Gas E&P,Canada,AMEX,712508115.0,10.67,57.67,54.98,6,59.5,2246,False,-26.21,93.3,22.89,30.75,55.5,51.16,51.21,8.6826,8.1608,6.8617,7.0589,7.0563,9016190,1255,2026-08-14,55.63,66776768.0
NASDAQ:PVLA,PVLA,"Palvella Therapeutics, Inc.",Healthcare,Biotechnology,United States,NASDAQ,2239348234.0,156.13,57.67,56.82,6,59.5,2247,False,-1.04,249.75,38.09,52.73,153.96,237.75,181.69,113.0625,102.2232,61.4789,46.2262,55.427,28681285,1254,2026-08-14,58.04,14342844.0
NYSE:CVI,CVI,CVR Energy Inc.,Energy,Oil & Gas Refining & Marketing,United States,NYSE,3544708921.0,35.26,57.69,56.32,6,59.6,2248,False,-11.32,71.23,16.48,14.37,33.82,28.78,30.44,30.2719,30.8288,26.3498,27.3793,27.0318,34411221,1255,2026-08-14,59.1,100530599.0
NYSE:LOB,LOB,"Live Oak Bancshares, Inc.",Financial Services,Banks - Regional,United States,NYSE,2002692237.0,43.27,57.69,57.91,6,59.6,2249,False,-1.12,47.5,17.21,17.88,19.34,19.9,25.12,36.9167,36.7081,36.2569,36.0881,34.5835,10033026,1254,2026-08-14,58.26,46283620.0
NASDAQ:WYNN,WYNN,"Wynn Resorts, Limited",Consumer Cyclical,Resorts & Casinos,United States,NASDAQ,10557913044.0,102.53,57.69,54.91,6,59.6,2250,True,-22.4,8.91,-5.52,-7.68,2.97,6.07,8.43,108.5227,111.055,99.5727,96.6601,94.5559,160368114,1255,2026-08-14,56.63,102973891.0
NASDAQ:TLSA,TLSA,Tiziana Life Sciences Ltd,Healthcare,Biotechnology,United Kingdom,NASDAQ,145075409.0,1.14,57.7,52.72,6,59.6,2251,False,-50.22,28.09,-18.21,-24.05,-14.59,2.25,12.18,1.3938,1.5009,1.3347,1.1149,1.0162,779953,1254,2026-08-14,49.43,127259131.0
NYSE:PDS,PDS,Precision Drilling Corporation,Energy,Oil & Gas Drilling,Canada,NYSE,1087719262.0,84.63,57.71,53.53,6,59.6,2252,True,-17.0,58.72,3.76,10.73,28.52,29.4,31.54,81.564,76.4294,65.849,65.4036,64.3395,10631967,1255,2026-08-14,54.57,12852644.0
NASDAQ:RTB,RTB,"RTB Digital, Inc.",Technology,Software - Application,United States,NASDAQ,236851748.0,17.39,57.72,58.53,6,59.7,2253,False,-9.8,419.1,100.15,88.26,-26.18,-68.46,-84.29,8.6884,9.2372,23.5561,55.13,110.6982,1035978,1255,2026-08-14,57.36,13619997.0
NASDAQ:TSEM,TSEM,Tower Semiconductor Ltd.,Technology,Semiconductors,Israel,NASDAQ,30007533595.0,265.48,57.72,55.16,6,59.7,2254,True,-16.21,466.42,50.45,72.67,169.0,247.75,291.6,176.4519,153.7501,98.6901,76.3412,67.7945,476259980,1255,2026-08-14,54.44,113031240.0
NASDAQ:SVCC,SVCC,Stellar V Capital Corp.,Financial Services,Shell Companies,United States,NASDAQ,165349650.0,10.63,57.76,58.99,6,59.7,2255,False,-0.09,3.61,1.58,1.9,,,,10.4647,10.4317,,,,51855,350,2026-08-14,57.76,15555000.0
NASDAQ:AMLX,AMLX,"Amylyx Pharmaceuticals, Inc.",Healthcare,Drug Manufacturers - Specialty & Generic,United States,NASDAQ,2404960037.0,21.63,57.78,59.29,6,59.8,2256,False,-10.58,176.6,42.59,48.92,127.17,118.27,43.77,15.1697,14.525,9.5213,9.91,15.045,42491335,1153,2026-08-14,63.19,111186317.0
NYSE:RLI,RLI,RLI Corp. Common Stock (DE),Financial Services,Insurance - Property & Casualty,United States,NYSE,5852364210.0,63.77,57.78,58.44,6,59.8,2257,False,-2.86,39.39,12.04,10.78,0.12,1.09,4.53,56.9184,57.564,63.6961,63.0799,61.007,55501904,1255,2026-08-14,58.75,91773000.0
NASDAQ:TBBK,TBBK,"The Bancorp, Inc.",Financial Services,Banks - Regional,United States,NASDAQ,2901087710.0,69.68,57.78,58.8,6,59.8,2258,True,-13.27,35.35,12.89,8.06,17.19,33.5,49.48,61.7251,64.4804,59.4614,52.1953,46.6137,28389461,1255,2026-08-14,56.11,41634439.0
NYSE:LZB,LZB,La-Z-Boy Incorporated,Consumer Cyclical,"Furnishings, Fixtures & Appliances",United States,NYSE,1674469013.0,41.85,57.8,57.23,6,59.8,2259,False,-0.69,45.43,14.82,16.57,10.42,15.41,24.98,36.4495,35.9006,37.8998,36.2606,33.4841,14575956,1255,2026-08-14,57.19,40011207.0
NASDAQ:NBRG,NBRG,Newbridge Acquisition Limited,Financial Services,Shell Companies,Hong Kong,NASDAQ,61026412.0,9.99,57.81,57.93,6,59.9,2260,False,-0.1,1.22,,,,,,,,,,,581854,100,2026-08-14,57.81,6108750.0
NYSE:PJT,PJT,PJT Partners Inc.,Financial Services,Capital Markets,United States,NYSE,4457481666.0,174.36,57.82,57.25,6,59.9,2261,False,-8.61,35.33,8.82,6.32,11.15,28.5,45.8,160.221,163.9898,156.8621,135.6861,119.5918,71368272,1254,2026-08-14,64.56,25564818.0
NASDAQ:CRDO,CRDO,Credo Technology Group Holding Ltd,Technology,Semiconductors,Cayman Islands,NASDAQ,48465605690.0,259.9,57.86,55.81,6,59.9,2262,False,-14.09,195.98,51.91,57.58,132.31,219.37,304.1,171.0871,164.9355,111.8741,81.3784,64.3164,1117265109,1141,2026-08-14,60.05,186477898.0
NASDAQ:DMRA,DMRA,"Damora Therapeutics, Inc.",Healthcare,Biotechnology,United States,NASDAQ,1910611142.0,31.04,57.86,57.02,6,59.9,2263,True,-9.08,1103.1,25.72,49.86,134.43,116.3,30.54,24.6901,20.7127,13.2409,14.3502,23.7779,12117768,1254,2026-08-14,56.71,61553194.0
NASDAQ:PAGP,PAGP,"Plains GP Holdings, L.P. - Class A Shares representing limited partner interests",Energy,Oil & Gas Midstream,United States,NASDAQ,5113842564.0,25.84,57.86,57.67,6,59.9,2264,False,-1.86,65.3,19.82,25.34,36.94,49.42,66.67,21.5657,20.6165,18.8691,17.2935,15.5033,40533196,1254,2026-08-14,53.89,197904124.0
NYSE:EVMN,EVMN,"Evommune, Inc.",Healthcare,Biotechnology,United States,NYSE,527669150.0,14.65,57.87,49.8,6,60.0,2265,True,-53.6,32.58,,,,,,,,,,,6755923,192,2026-08-14,53.87,36018372.0
NASDAQ:TRDA,TRDA,"Entrada Therapeutics, Inc.",Healthcare,Biotechnology,United States,NASDAQ,289601795.0,7.46,57.87,53.22,6,60.0,2266,True,-53.46,47.43,-22.94,-15.76,-30.23,-37.98,-41.41,9.6808,8.8556,10.692,12.0287,12.7332,2965728,1201,2026-08-14,57.74,38820616.0
NASDAQ:TXRH,TXRH,"Texas Roadhouse, Inc.",Consumer Cyclical,Restaurants,United States,NASDAQ,13612603266.0,207.1,57.87,59.24,7,60.0,2267,True,-3.35,33.43,17.48,18.74,18.19,29.38,43.71,176.2892,174.408,175.2226,160.0701,144.1101,180614004,1255,2026-08-14,57.77,65729615.0
NYSE:LAW,LAW,"CS Disco, Inc.",Technology,Software - Application,United States,NYSE,282191386.0,4.4,57.9,56.36,7,60.1,2268,False,-50.62,59.42,-12.46,-15.43,-12.8,-22.92,-31.96,5.0266,5.2027,5.0458,5.7085,6.4666,979652,1254,2026-08-14,63.33,64134406.0
NASDAQ:CART,CART,Maplebear Inc.,Consumer Cyclical,Internet Retail,United States,NASDAQ,11488257308.0,48.88,57.92,57.19,7,60.1,2269,False,-3.32,48.44,18.23,17.74,15.4,,,41.3417,41.5141,42.3559,,,186580340,728,2026-08-14,62.69,235029814.0
NYSE:IHS,IHS,IHS Holding Limited,Real Estate,Real Estate Services,United Kingdom,NYSE,2804469430.0,8.33,57.92,55.73,7,60.1,2270,True,-4.58,33.49,5.72,8.42,40.05,55.33,40.98,7.8791,7.6827,5.9479,5.3627,5.9085,9967683,1212,2026-08-14,56.27,336671000.0
NYSE:AMWL,AMWL,American Well Corporation,Healthcare,Health Information Services,United States,NYSE,187511791.0,12.45,57.93,59.15,7,60.1,2271,False,-8.32,229.37,87.81,88.92,64.53,10.34,-48.3,6.6289,6.59,7.5671,11.2833,24.0813,1899071,1254,2026-08-14,62.59,15061188.0
NASDAQ:CARG,CARG,"CarGurus, Inc.",Consumer Cyclical,Auto & Truck Dealerships,United States,NASDAQ,2819601346.0,37.44,57.94,57.95,7,60.2,2272,False,-4.07,38.87,10.51,9.49,12.3,26.7,41.26,33.8781,34.1958,33.3393,29.5508,26.505,36407329,1254,2026-08-14,60.61,75309865.0
NASDAQ:ECBK,ECBK,"ECB Bancorp, Inc.",Financial Services,Banks - Regional,United States,NASDAQ,181819957.0,20.77,57.96,58.04,7,60.2,2273,False,-0.38,40.05,14.92,17.5,27.29,38.72,40.28,18.073,17.6761,16.3173,14.973,14.806,199988,1015,2026-08-14,59.52,8753970.0
NASDAQ:GSIT,GSIT,"GSI Technology, Inc.",Technology,Semiconductors,United States,NASDAQ,269755673.0,7.03,57.96,53.08,7,60.2,2274,False,-45.8,141.58,-3.81,4.1,42.0,64.86,77.52,7.3085,6.7533,4.9508,4.2643,3.9601,3862835,1255,2026-08-14,54.54,38372073.0
NASDAQ:NEO,NEO,"NeoGenomics, Inc.",Healthcare,Diagnostics & Research,United States,NASDAQ,2047898514.0,15.94,57.96,59.83,7,60.2,2275,False,-4.15,161.31,43.11,50.94,41.85,27.39,25.58,11.1382,10.5602,11.2373,12.5123,12.6935,37843116,1255,2026-08-14,63.07,128475440.0
NYSE:CNX,CNX,CNX Resources Corporation,Energy,Oil & Gas E&P,United States,NYSE,5284546714.0,35.72,57.97,55.85,7,60.3,2276,True,-16.17,27.07,-3.24,0.16,5.48,18.72,33.5,36.9147,35.662,33.8638,30.0876,26.7573,54549695,1255,2026-08-14,55.58,147943637.0
NYSE:FPI,FPI,Farmland Partners Inc.,Real Estate,REIT - Specialty,United States,NYSE,432816762.0,9.92,57.98,53.53,7,60.3,2277,False,-22.59,10.26,-4.48,-4.13,-3.07,0.05,-0.12,10.3851,10.347,10.234,9.915,9.932,4075225,1254,2026-08-14,51.83,43630722.0
NASDAQ:INDB,INDB,Independent Bank Corp.,Financial Services,Banks - Regional,United States,NASDAQ,4092344718.0,85.94,57.98,57.2,7,60.3,2278,False,-1.41,36.72,11.1,14.11,26.26,39.21,39.13,77.3531,75.311,68.0684,61.7322,61.7707,27669046,1255,2026-08-14,55.99,47618626.0
NASDAQ:IRDM,IRDM,Iridium Communications Inc,Communication Services,Telecom Services,United States,NASDAQ,5319211227.0,50.2,57.98,56.05,7,60.3,2279,False,-9.91,222.44,58.65,71.68,77.7,68.35,42.08,31.6419,29.2412,28.2494,29.8195,35.3327,61933067,1255,2026-08-14,56.49,105960383.0
NASDAQ:AGNC,AGNC,AGNC Investment Corp.,Real Estate,REIT - Mortgage,United States,NASDAQ,12758856821.0,10.96,58.0,56.53,7,60.4,2280,False,-3.05,31.16,7.74,10.78,23.99,35.43,44.41,10.1725,9.8934,8.8392,8.0926,7.5894,218865455,1255,2026-08-14,58.0,1164129272.0
NASDAQ:GEVO,GEVO,"Gevo, Inc.",Basic Materials,Specialty Chemicals,United States,NASDAQ,411365146.0,1.69,58.0,54.83,7,60.4,2281,False,-39.21,20.71,-11.4,-12.31,-0.93,16.95,8.02,1.9074,1.9272,1.7058,1.445,1.5646,5965543,1255,2026-08-14,54.0,243411329.0
NYSE:PCG,PCG,Pacific Gas & Electric Co.,Utilities,Utilities - Regulated Electric,United States,NYSE,39290225603.0,17.84,58.0,56.31,7,60.4,2282,False,-6.11,24.86,6.97,8.74,5.85,5.84,8.27,16.6774,16.4057,16.8542,16.8564,16.4774,456948558,1255,2026-08-14,52.24,2202366906.0
NASDAQ:ELVR,ELVR,Elevra Lithium Limited - American Depository Shares,Basic Materials,Other Industrial Metals & Mining,Australia,NASDAQ,1258387971.0,64.86,58.01,51.66,7,60.5,2283,False,-36.62,302.61,9.01,,,,,59.4986,,,,,2794323,239,2026-08-14,55.78,19401603.0
NYSE:ITW,ITW,Illinois Tool Works Inc.,Industrials,Specialty Industrial Machinery,United States,NYSE,83666037000.0,290.81,58.01,58.97,7,60.5,2284,False,-2.19,22.92,11.1,11.85,15.15,18.35,23.12,261.7505,259.9977,252.547,245.7156,236.2062,407328446,1255,2026-08-14,58.25,287700000.0
NYSE:BORR,BORR,Borr Drilling Limited,Energy,Oil & Gas Drilling,Bermuda,NYSE,1367482218.0,4.43,58.02,52.75,7,60.5,2285,True,-32.98,91.77,-5.8,2.68,16.31,-3.16,-7.71,4.7029,4.3145,3.8087,4.5748,4.8001,21925243,1255,2026-08-14,45.69,308686731.0
AMEX:MINE,MINE,Mayfair Gold Corp.,Basic Materials,Gold,Canada,AMEX,181273939.0,2.7,58.02,54.5,7,60.5,2286,True,-41.81,25.0,,,,,,,,,,,109429,138,2026-08-14,55.66,67138496.0
NASDAQ:CCLD,CCLD,"CareCloud, Inc.",Healthcare,Health Information Services,United States,NASDAQ,110056738.0,2.59,58.05,56.07,7,60.6,2287,True,-32.55,24.52,-5.88,-9.71,-5.04,11.4,-0.51,2.7518,2.8687,2.7273,2.3249,2.6032,915277,1254,2026-08-14,52.81,42492949.0
NYSE:SEG,SEG,Seaport Entertainment Group Inc.,Real Estate,Real Estate Services,United States,NYSE,354740926.0,27.71,58.07,58.83,7,60.6,2288,False,-4.87,52.0,21.62,19.64,16.15,,,22.7841,23.1605,23.8564,,,2020809,512,2026-08-14,69.27,12801910.0
NASDAQ:SGA,SGA,"Saga Communications, Inc.",Communication Services,Broadcasting,United States,NASDAQ,62112328.0,9.76,58.09,56.06,7,60.6,2289,True,-21.3,16.19,-6.89,-9.04,-11.68,-24.01,-28.76,10.4828,10.7296,11.0503,12.844,13.6998,148130,1255,2026-08-14,57.36,6363968.0
NASDAQ:ADUR,ADUR,Aduro Clean Technologies Inc.,Industrials,Pollution & Treatment Controls,Canada,NASDAQ,573120166.0,16.17,58.1,56.14,7,60.7,2290,False,-7.02,75.95,24.85,24.2,,,,12.9511,13.0197,,,,7106174,501,2026-08-14,62.91,35443424.0
NASDAQ:PLAB,PLAB,"Photronics, Inc.",Technology,Semiconductor Equipment & Materials,United States,NASDAQ,1964670417.0,33.32,58.1,52.77,7,60.7,2291,False,-39.37,64.3,-4.86,2.34,22.46,25.11,35.13,35.0233,32.5585,27.2088,26.6321,24.6574,25880538,1255,2026-08-14,59.0,58963698.0
NASDAQ:TBPH,TBPH,"Theravance Biopharma, Inc.",Healthcare,Biotechnology,United States,NASDAQ,879525470.0,16.97,58.1,55.02,7,60.7,2292,False,-18.18,36.63,-1.22,2.75,30.86,43.86,48.12,17.18,16.5155,12.9682,11.796,11.4566,10402718,1254,2026-08-14,54.09,51828254.0
NASDAQ:PERI,PERI,Perion Network Ltd,Communication Services,Internet Content & Information,Israel,NASDAQ,385043823.0,9.79,58.11,56.19,7,60.7,2293,False,-11.48,26.98,3.73,3.74,5.97,-27.31,-44.07,9.4382,9.4375,9.2387,13.4682,17.5053,3232364,1255,2026-08-14,57.58,39330319.0
NYSE:HSHP,HSHP,Himalaya Shipping Ltd.,Industrials,Marine Shipping,Bermuda,NYSE,759505950.0,16.11,58.12,57.12,7,60.8,2294,False,-0.06,140.25,36.03,47.07,94.37,114.63,,11.8428,10.9537,8.2882,7.506,,4625211,846,2026-08-14,53.58,47145000.0
NASDAQ:AMPH,AMPH,"Amphastar Pharmaceuticals, Inc.",Healthcare,Drug Manufacturers - Specialty & Generic,United States,NASDAQ,921982936.0,20.91,58.13,55.51,7,60.8,2295,False,-32.13,23.95,-8.22,-11.93,-28.42,-41.01,-41.68,22.7839,23.7422,29.2138,35.449,35.8554,9501938,1254,2026-08-14,52.59,44092919.0
NYSE:GNK,GNK,Genco Shipping & Trading Limited Ordinary Shares New (Marshall Islands),Industrials,Marine Shipping,United States,NYSE,1147819523.0,26.34,58.13,56.61,7,60.8,2296,False,-1.61,77.08,21.56,27.99,52.9,59.25,71.04,21.6679,20.5797,17.2275,16.5403,15.3997,8619287,1254,2026-08-14,55.71,43577051.0
NYSE:SXI,SXI,Standex International Corporation,Industrials,Specialty Industrial Machinery,United States,NYSE,4012219868.0,331.18,58.13,56.95,7,60.8,2297,True,-7.31,67.37,24.76,30.11,54.92,70.1,90.5,265.458,254.5465,213.7689,194.6988,173.8489,44856252,1255,2026-08-14,56.6,12114922.0
NASDAQ:MCHX,MCHX,"Marchex, Inc.",Communication Services,Advertising Agencies,United States,NASDAQ,73337463.0,1.85,58.14,57.27,7,60.9,2298,False,-8.87,38.06,13.41,9.67,4.66,11.63,7.79,1.6312,1.6869,1.7677,1.6573,1.7162,35517,1255,2026-08-14,55.71,39641872.0
NASDAQ:SLDB,SLDB,Solid Biosciences Inc.,Healthcare,Biotechnology,United States,NASDAQ,905736375.0,9.2,58.16,55.88,7,60.9,2299,False,-17.49,134.1,32.92,37.73,55.15,48.86,46.79,6.9216,6.6798,5.9297,6.1804,6.2673,8146933,1254,2026-08-14,56.6,98449606.0
NYSE:AWK,AWK,"American Water Works Company, Inc.",Utilities,Utilities - Regulated Water,United States,NYSE,27066888302.0,136.2,58.18,57.01,7,60.9,2300,False,-4.3,13.19,5.49,4.18,3.36,6.41,5.01,129.1134,130.732,131.7693,127.9901,129.7056,328927130,1255,2026-08-14,59.02,198728989.0
NASDAQ:CMCO,CMCO,Columbus McKinnon Corporation,Industrials,Farm & Heavy Construction Machinery,United States,NASDAQ,555023681.0,19.25,58.18,58.29,7,60.9,2301,True,-16.34,59.37,16.57,19.31,-6.2,-25.72,-30.45,16.5137,16.1341,20.5215,25.9151,27.6775,14911450,1255,2026-08-14,57.41,28832399.0
NYSE:TPB,TPB,"Turning Point Brands, Inc.",Consumer Defensive,Tobacco,United States,NYSE,1691560420.0,87.34,58.18,55.09,7,60.9,2302,False,-38.8,23.85,-8.63,-8.68,12.26,43.61,70.99,95.5922,95.6431,77.7987,60.8186,51.0787,31619914,1254,2026-08-14,56.68,19367534.0
NASDAQ:AQST,AQST,"Aquestive Therapeutics, Inc.",Healthcare,Drug Manufacturers - Specialty & Generic,United States,NASDAQ,533234699.0,4.25,58.19,54.8,7,61.0,2303,False,-43.26,44.07,-6.54,-9.97,0.76,14.72,37.11,4.5474,4.7206,4.218,3.7048,3.0997,12367020,1255,2026-08-14,58.19,125466988.0
NYSE:PK,PK,Park Hotels & Resorts Inc.,Real Estate,REIT - Hotel & Motel,United States,NYSE,3046604564.0,15.13,58.19,59.26,7,61.0,2304,False,-1.24,64.04,31.25,33.62,36.25,34.64,41.89,11.5279,11.3232,11.1045,11.2374,10.6631,62054392,1254,2026-08-14,56.68,201361835.0
NASDAQ:XERS,XERS,"Xeris Biopharma Holdings, Inc.",Healthcare,Drug Manufacturers - Specialty & Generic,United States,NASDAQ,1567954632.0,8.6,58.19,58.09,7,61.0,2305,True,-13.13,62.57,22.24,18.57,53.43,92.91,126.45,7.0354,7.2531,5.6053,4.458,3.7978,13713979,1255,2026-08-14,53.94,182320306.0
NASDAQ:ZYME,ZYME,Zymeworks Inc.,Healthcare,Biotechnology,United States,NASDAQ,1834339292.0,25.12,58.19,54.89,7,61.0,2306,False,-12.04,80.2,3.62,11.35,41.41,69.06,91.68,24.2419,22.56,17.7643,14.8585,13.1049,10712006,1254,2026-08-14,63.39,73023061.0
NYSE:BTT,BTT,BlackRock Municipal 2030 Target Term Trust,Financial Services,Asset Management,United States,NYSE,1441115559.0,22.65,58.2,54.79,7,61.1,2307,False,-1.02,4.73,0.92,1.37,5.67,9.35,11.09,22.4427,22.343,21.4352,20.714,20.3897,1567319,1254,2026-08-14,58.53,63625411.0
NASDAQ:KLTR,KLTR,"Kaltura, Inc.",Technology,Software - Application,United States,NASDAQ,245110829.0,1.63,58.2,57.52,7,61.1,2308,False,-13.76,50.93,12.96,11.21,-3.16,-0.15,-5.06,1.4429,1.4657,1.6832,1.6324,1.7169,2037271,1254,2026-08-14,56.24,150374742.0
NYSE:SXC,SXC,"SunCoke Energy, Inc.",Basic Materials,Coking Coal,United States,NYSE,794428596.0,9.36,58.2,57.85,7,61.1,2309,True,-2.7,67.62,26.59,25.99,16.98,12.82,18.24,7.3937,7.4294,8.0011,8.2967,7.9161,17221688,1255,2026-08-14,57.06,84874850.0
NASDAQ:ISBA,ISBA,Isabella Bank Corporation,Financial Services,Banks - Regional,United States,NASDAQ,317358454.0,41.6,58.23,54.72,7,61.2,2310,False,-25.49,35.45,-5.74,-0.78,25.88,48.64,61.38,44.1353,41.9286,33.0485,27.9869,25.7769,2510937,1255,2026-08-14,59.41,7628809.0
NASDAQ:EXE,EXE,Expand Energy Corporation,Energy,Oil & Gas E&P,United States,NASDAQ,21941929121.0,94.78,58.24,55.99,7,61.2,2311,True,-21.52,9.66,-5.98,-5.42,-2.49,4.6,8.27,100.8101,100.2115,97.1957,90.6115,87.5426,315741546,1254,2026-08-14,58.02,231503789.0
NASDAQ:OCC,OCC,Optical Cable Corporation,Technology,Communication Equipment,United States,NASDAQ,157122238.0,17.8,58.24,55.27,7,61.2,2312,True,-33.88,327.88,73.63,82.74,171.86,234.62,257.57,10.2517,9.7404,6.5474,5.3195,4.9781,3308713,1255,2026-08-14,53.79,8827092.0
NASDAQ:NRDS,NRDS,"NerdWallet, Inc.",Communication Services,Internet Content & Information,United States,NASDAQ,335673209.0,9.84,58.26,56.54,7,61.3,2313,False,-38.23,29.82,-10.46,-10.0,-13.26,-16.86,-17.05,10.9894,10.9333,11.3444,11.8357,11.8629,6803792,1197,2026-08-14,61.31,34113131.0
NYSE:TYL,TYL,"Tyler Technologies, Inc.",Technology,Software - Application,United States,NYSE,13458555327.0,328.64,58.26,55.7,7,61.3,2314,False,-42.67,19.39,-10.22,-17.95,-33.35,-30.66,-26.07,366.0523,400.5281,493.0799,473.9884,444.5527,274254388,1255,2026-08-14,58.45,40952274.0
NYSE:RRC,RRC,Range Resources Corporation,Energy,Oil & Gas E&P,United States,NYSE,9421958045.0,40.32,58.27,55.94,7,61.3,2315,True,-15.16,24.2,3.88,5.71,10.27,14.88,22.17,38.8158,38.1408,36.5657,35.0962,33.0026,117940832,1255,2026-08-14,56.25,233679515.0
NYSE:CARS,CARS,Cars.com Inc.,Communication Services,Internet Content & Information,United States,NYSE,662734999.0,12.38,58.32,58.23,7,61.4,2316,False,-10.22,63.32,14.47,11.29,-4.42,-15.79,-18.03,10.8147,11.1237,12.9529,14.7017,15.1031,8311725,1254,2026-08-14,61.11,53532714.0
NASDAQ:CTKB,CTKB,"Cytek Biosciences, Inc.",Healthcare,Medical Devices,United States,NASDAQ,605678733.0,4.69,58.32,56.5,7,61.4,2317,False,-20.24,39.79,2.18,5.27,1.84,-11.85,-30.98,4.5898,4.4551,4.6051,5.3207,6.7951,3539139,1254,2026-08-14,67.38,129142587.0
NASDAQ:PRQR,PRQR,ProQR Therapeutics N.V.,Healthcare,Biotechnology,Netherlands,NASDAQ,270953234.0,1.92,58.32,56.53,7,61.4,2318,True,-37.05,40.15,6.53,0.64,-7.66,-3.54,-1.81,1.8023,1.9077,2.0792,1.9905,1.9555,1466493,1254,2026-08-14,54.45,141121476.0
NYSE:TFPM,TFPM,Triple Flag Precious Metals Corp.,Basic Materials,Other Precious Metals & Mining,Canada,NYSE,6501825111.0,31.47,58.33,55.47,7,61.4,2319,True,-23.67,26.95,-4.0,-1.27,24.44,46.71,,32.7826,31.8735,25.2899,21.4507,,14979136,992,2026-08-14,57.48,206603912.0
NYSE:CPK,CPK,Chesapeake Utilities Corporation,Utilities,Utilities - Regulated Gas,United States,NYSE,3243043211.0,135.1,58.34,57.79,7,61.5,2320,False,-2.04,13.56,5.8,5.94,9.34,17.15,17.39,127.6967,127.5229,123.5599,115.3215,115.0911,24880862,1255,2026-08-14,59.24,24004761.0
AMEX:WRN,WRN,Western Copper and Gold Corporation,Basic Materials,Other Industrial Metals & Mining,Canada,AMEX,541520280.0,2.4,58.34,53.72,7,61.5,2321,True,-40.74,95.12,-10.28,-3.68,31.85,45.65,47.01,2.6749,2.4916,1.8203,1.6477,1.6326,2402872,1255,2026-08-14,57.77,225633450.0
NYSE:PARR,PARR,"Par Pacific Holdings, Inc.",Energy,Oil & Gas Refining & Marketing,United States,NYSE,4027588329.0,80.32,58.35,58.77,7,61.5,2322,False,-6.64,184.62,50.86,62.55,133.46,137.73,156.9,53.2426,49.4126,34.4037,33.7868,31.2657,87064058,1255,2026-08-14,61.27,50144277.0
NYSE:MGA,MGA,"Magna International, Inc.",Consumer Cyclical,Auto Parts,Canada,NYSE,19121052392.0,70.24,58.39,57.59,7,61.5,2323,False,-1.42,65.03,21.23,27.14,51.44,51.11,48.66,57.9412,55.2483,46.3812,46.4821,47.2477,90646231,1255,2026-08-14,56.26,272224550.0
NASDAQ:SBFG,SBFG,"SB Financial Group, Inc.",Financial Services,Banks - Regional,United States,NASDAQ,170331502.0,27.24,58.39,58.84,7,61.5,2324,True,-1.79,53.73,23.31,26.09,34.66,52.47,61.81,22.0899,21.604,20.2292,17.8656,16.8344,491811,1255,2026-08-14,57.98,6252992.0
NASDAQ:EXPO,EXPO,"Exponent, Inc.",Industrials,Engineering & Construction,United States,NASDAQ,3255130306.0,67.1,58.41,58.0,7,61.6,2325,False,-15.11,25.68,0.81,0.25,-12.84,-15.53,-18.79,66.5625,66.936,76.9866,79.4356,82.6211,34964679,1255,2026-08-14,63.51,48511629.0
NASDAQ:TMCI,TMCI,"Treace Medical Concepts, Inc.",Healthcare,Medical Devices,United States,NASDAQ,310741555.0,4.79,58.41,58.24,7,61.6,2326,True,-37.79,299.17,62.0,27.35,-10.64,-33.21,-57.45,2.9569,3.7612,5.3601,7.1722,11.2574,1864720,1254,2026-08-14,53.2,64872976.0
NASDAQ:ZJK,ZJK,"ZJK Industrial Co., Ltd.",Industrials,Specialty Industrial Machinery,China,NASDAQ,110091276.0,1.99,58.41,52.17,7,61.6,2327,False,-49.36,30.92,-10.02,-19.08,,,,2.2116,2.4592,,,,17820,469,2026-08-14,44.85,55322249.0
NYSE:KEY,KEY,KeyCorp,Financial Services,Banks - Regional,United States,NYSE,24989135850.0,23.31,58.42,56.52,7,61.7,2328,False,-2.83,43.26,11.89,15.27,29.04,45.36,53.84,20.8338,20.2214,18.0637,16.0362,15.1523,228489518,1255,2026-08-14,53.26,1072035000.0
NYSE:BKT,BKT,BlackRock Income Trust Inc. (The),Financial Services,Asset Management,United States,NYSE,337492880.0,10.42,58.45,55.94,7,61.7,2329,True,-2.96,4.36,0.91,0.62,1.33,4.79,6.94,10.3259,10.3555,10.2832,9.9439,9.744,1269275,1255,2026-08-14,57.86,32388952.0
NASDAQ:TH,TH,Target Hospitality Corp.,Industrials,Specialty Business Services,United States,NASDAQ,1736770527.0,17.44,58.45,54.63,7,61.7,2330,False,-15.01,180.39,46.08,55.92,81.58,72.14,56.83,11.9385,11.1849,9.6047,10.1316,11.1203,16514236,1254,2026-08-14,48.18,99585466.0
NASDAQ:ATYR,ATYR,"aTyr Pharma, Inc.",Healthcare,Biotechnology,United States,NASDAQ,54810628.0,0.559,58.46,53.32,7,61.7,2331,False,-90.73,41.16,-22.39,-51.1,-76.0,-73.34,-74.27,0.7202,1.1431,2.3287,2.0967,2.1727,372902,1254,2026-08-14,57.36,98051212.0
NYSE:HAFN,HAFN,Hafnia Limited,Industrials,Marine Shipping,Singapore,NYSE,3868307301.0,7.74,58.46,55.26,7,61.7,2332,False,-15.04,62.41,15.22,20.27,41.77,,,6.7178,6.4357,5.4597,,,7482775,588,2026-08-14,54.67,499781305.0
NASDAQ:YTRA,YTRA,"Yatra Online, Inc.",Consumer Cyclical,Travel Services,India,NASDAQ,58593595.0,0.943,58.47,54.69,7,61.8,2333,True,-50.63,12.26,-24.25,-27.39,-22.79,-30.81,-40.69,1.2449,1.2987,1.2213,1.3629,1.5901,25599,1254,2026-08-14,51.41,62135307.0
NYSE:SRL,SRL,Scully Royalty Ltd.,Financial Services,Capital Markets,China,NYSE,89378680.0,5.87,58.49,53.71,7,61.8,2334,False,-42.11,18.59,-15.24,-11.82,-15.71,-12.47,-13.84,6.9251,6.6565,6.964,6.706,6.8131,162363,1255,2026-08-14,60.63,15226351.0
NASDAQ:GYRE,GYRE,"Gyre Therapeutics, Inc.",Healthcare,Biotechnology,United States,NASDAQ,744745511.0,6.68,58.5,54.91,7,61.8,2335,True,-24.69,20.14,-7.43,-8.99,-25.88,-37.3,-26.55,7.2165,7.3399,9.0121,10.6536,9.0942,327006,1255,2026-08-14,55.49,111488849.0
NYSE:TV,TV,Grupo Televisa S.A.B.,Communication Services,Telecom Services,Mexico,NYSE,1528474000.0,2.9,58.51,55.8,7,61.9,2336,False,-15.7,23.4,-0.34,1.88,20.13,16.6,-0.98,2.9098,2.8463,2.414,2.4872,2.9286,2525728,1255,2026-08-14,55.56,527060000.0
NASDAQ:AXON,AXON,"Axon Enterprise, Inc.",Industrials,Aerospace & Defense,United States,NASDAQ,49395370848.0,612.83,58.52,58.14,7,61.9,2337,False,-22.59,77.15,20.22,10.22,6.81,30.35,54.36,509.7515,556.0109,573.7325,470.1244,397.007,538410093,1255,2026-08-14,59.01,80602077.0
NASDAQ:SLS,SLS,"SELLAS Life Sciences Group, Inc.",Healthcare,Biotechnology,United States,NASDAQ,2512964296.0,12.78,58.52,57.13,7,61.9,2338,False,-17.28,819.42,117.02,153.02,299.42,406.77,417.25,5.8889,5.051,3.1996,2.5219,2.4708,67943618,1255,2026-08-14,56.12,196632574.0
NASDAQ:RBCAA,RBCAA,"Republic Bancorp, Inc.",Financial Services,Banks - Regional,United States,NASDAQ,1712612394.0,97.97,58.59,61.03,7,62.0,2339,False,-2.65,53.74,28.89,30.43,39.0,56.48,72.96,76.0078,75.1104,70.4816,62.6092,56.6447,11093260,1255,2026-08-14,58.63,17480988.0
NYSE:ROG,ROG,Rogers Corporation,Technology,Electronic Components,United States,NYSE,2553563755.0,142.91,58.59,54.77,7,62.0,2340,True,-14.47,93.1,24.4,32.44,47.47,35.25,17.55,114.8788,107.909,96.9097,105.6662,121.5722,30658761,1255,2026-08-14,53.8,17868335.0
NASDAQ:BHRB,BHRB,Burke & Herbert Financial Services Corp.,Financial Services,Banks - Regional,United States,NASDAQ,1475082259.0,73.15,58.61,59.52,7,62.0,2341,True,-1.25,31.35,13.34,15.21,20.57,29.61,27.69,64.5429,63.4931,60.6704,56.4404,57.2877,8814507,1255,2026-08-14,56.18,20165171.0
NASDAQ:LFUS,LFUS,"Littelfuse, Inc.",Technology,Electronic Components,United States,NASDAQ,11621704665.0,457.57,58.62,56.08,7,62.0,2342,True,-6.45,95.51,28.03,35.75,61.83,70.48,75.08,357.3964,337.0592,282.7439,268.4064,261.3559,145247897,1255,2026-08-14,55.46,25398747.0
NYSE:SCI,SCI,Service Corporation International,Consumer Cyclical,Personal Services,United States,NYSE,11479840373.0,84.23,58.62,58.49,7,62.0,2343,True,-3.54,23.06,6.41,6.24,7.54,14.28,18.64,79.1576,79.2796,78.3256,73.7057,70.9945,99912260,1255,2026-08-14,54.63,136291587.0
NASDAQ:ZD,ZD,"Ziff Davis, Inc.",Communication Services,Advertising Agencies,United States,NASDAQ,2039944452.0,55.38,58.62,58.62,7,62.0,2344,False,-0.95,108.9,33.99,36.6,32.24,15.04,0.26,41.3306,40.541,41.8777,48.1414,55.2359,34941291,1255,2026-08-14,60.77,36835400.0
NASDAQ:HURC,HURC,"Hurco Companies, Inc.",Industrials,Specialty Industrial Machinery,United States,NASDAQ,145846771.0,22.52,58.64,57.94,7,62.1,2345,True,-3.43,53.41,27.08,27.08,24.59,19.93,12.59,17.7205,17.721,18.075,18.7774,20.0009,402683,1255,2026-08-14,54.52,6476322.0
NYSE:VTOL,VTOL,"Bristow Group, Inc.",Energy,Oil & Gas Equipment & Services,United States,NYSE,1377558525.0,46.53,58.64,57.47,7,62.1,2346,False,-6.43,31.45,9.3,12.09,23.66,34.19,43.11,42.5699,41.5126,37.6274,34.6743,32.5134,9143652,1254,2026-08-14,57.89,29605814.0
NASDAQ:FANG,FANG,"Diamondback Energy, Inc.",Energy,Oil & Gas E&P,United States,NASDAQ,56957503244.0,202.47,58.65,56.51,7,62.2,2347,True,-4.2,54.13,16.16,21.22,26.17,26.04,34.36,174.2974,167.0335,160.4681,160.6442,150.6945,359428791,1255,2026-08-14,56.09,281313297.0
NASDAQ:FRAF,FRAF,Franklin Financial Services Corporation,Financial Services,Banks - Regional,United States,NASDAQ,287823630.0,64.06,58.65,57.6,7,62.2,2348,False,-0.17,55.93,18.29,22.66,50.03,71.36,84.17,54.155,52.2268,42.6993,37.3841,34.7832,2268197,1255,2026-08-14,59.4,4493032.0
NASDAQ:POET,POET,POET Technologies Inc.,Technology,Semiconductors,Canada,NASDAQ,1653412200.0,9.58,58.65,53.43,7,62.2,2349,False,-53.43,129.74,20.37,26.23,59.37,104.37,114.14,7.9585,7.589,6.0112,4.6875,4.4737,105481253,1255,2026-08-14,53.9,172590000.0
NYSE:NWAX,NWAX,New America Acquisition I Corp.,Financial Services,Shell Companies,United States,NYSE,379341000.0,10.17,58.66,56.3,7,62.2,2350,False,-0.49,1.7,,,,,,,,,,,543771,139,2026-08-14,58.66,37300000.0
NASDAQ:RMR,RMR,The RMR Group Inc.,Real Estate,Real Estate Services,United States,NASDAQ,326051899.0,20.26,58.66,56.34,7,62.2,2351,False,-3.08,55.26,21.25,24.77,23.85,17.53,14.54,16.7099,16.2375,16.3584,17.2385,17.6876,3372576,1254,2026-08-14,58.66,16093381.0
NYSE:PFS,PFS,"Provident Financial Services, Inc",Financial Services,Banks - Regional,United States,NYSE,3213623977.0,24.64,58.68,58.79,7,62.3,2352,False,-1.59,44.0,15.87,19.0,31.01,43.95,44.39,21.2651,20.7064,18.8073,17.1173,17.0654,24858000,1255,2026-08-14,61.1,130423051.0
NASDAQ:IRTC,IRTC,"iRhythm Holdings, Inc.",Healthcare,Medical Devices,United States,NASDAQ,4155122868.0,126.44,58.71,56.78,7,62.3,2353,True,-33.19,24.22,-9.21,-13.69,0.92,8.36,8.35,139.2593,146.4916,125.286,116.6894,116.6909,81383249,1254,2026-08-14,54.87,32862408.0
NYSE:SQM,SQM,Sociedad Quimica y Minera S.A.,Basic Materials,Specialty Chemicals,Chile,NYSE,10614300945.0,74.32,58.71,53.23,7,62.3,2354,False,-21.46,84.36,1.22,10.47,41.88,45.61,29.14,73.4268,67.275,52.3812,51.0418,57.55,62061602,1255,2026-08-14,53.0,142818904.0
NASDAQ:SIDU,SIDU,"Sidus Space, Inc.",Industrials,Aerospace & Defense,United States,NASDAQ,252849719.0,2.6,58.72,52.39,7,62.4,2355,False,-58.06,310.09,-0.52,12.21,16.51,-30.52,-91.49,2.6135,2.3172,2.2316,3.7422,30.544,13790886,1171,2026-08-14,57.3,97249892.0
AMEX:CEV,CEV,Eaton Vance California Municipal Income Trust Shares of Beneficial Interest,Financial Services,Asset Management,United States,AMEX,73711866.0,10.48,58.74,56.97,7,62.4,2356,True,-1.13,18.39,4.03,5.57,9.13,12.0,15.19,10.0744,9.9272,9.6029,9.3575,9.0983,288605,1255,2026-08-14,57.9,7033575.0
NYSE:DEC,DEC,Diversified Energy Company,Energy,Oil & Gas Integrated,United States,NYSE,1013420142.0,14.32,58.75,55.29,7,62.4,2357,True,-20.19,21.91,2.1,2.79,9.53,28.16,70.87,14.0252,13.9314,13.0745,11.174,8.3805,11623369,1230,2026-08-14,57.04,70769563.0
NASDAQ:FBLA,FBLA,"FB Bancorp, Inc.",Financial Services,Banks - Regional,United States,NASDAQ,251630752.0,15.66,58.75,60.26,7,62.4,2358,False,-1.26,36.89,14.3,17.4,,,,13.7002,13.3389,,,,1142830,452,2026-08-14,60.86,16068375.0
NYSE:STE,STE,STERIS plc (Ireland),Healthcare,Medical Devices,United States,NYSE,22734927590.0,233.28,58.79,58.23,7,62.5,2359,False,-12.69,16.99,-0.09,-0.94,1.51,3.65,8.03,233.4802,235.4897,229.805,225.0551,215.9441,173370491,1255,2026-08-14,63.3,97457680.0
NASDAQ:ALEC,ALEC,"Alector, Inc.",Healthcare,Biotechnology,United States,NASDAQ,217609367.0,1.96,58.8,55.9,7,62.5,2360,False,-40.96,71.93,6.1,-3.52,-15.1,-44.04,-58.09,1.8473,2.0315,2.3087,3.5027,4.6769,1954355,1255,2026-08-14,62.56,111025187.0
NASDAQ:LITE,LITE,Lumentum Holdings Inc.,Technology,Communication Equipment,United States,NASDAQ,72053692000.0,926.14,58.81,56.01,7,62.6,2361,True,-12.05,708.01,45.71,72.85,202.73,321.37,415.4,635.6102,535.8209,305.9264,219.7933,179.6952,4160777602,1255,2026-08-14,55.81,77800000.0
NASDAQ:RMNI,RMNI,"Rimini Street, Inc.",Technology,Software - Application,United States,NASDAQ,465846440.0,4.99,58.81,59.16,7,62.6,2362,False,-1.19,68.01,28.37,24.62,44.51,54.28,41.19,3.8872,4.004,3.4531,3.2344,3.5343,1913449,1254,2026-08-14,60.35,93356000.0
NYSE:SNAP,SNAP,Snap Inc.,Communication Services,Internet Content & Information,United States,NYSE,7590287892.0,5.41,58.81,56.25,7,62.6,2363,False,-40.48,37.66,-10.43,-15.24,-33.25,-44.08,-45.23,6.0402,6.3824,8.1049,9.6742,9.8769,200001355,1255,2026-08-14,56.68,1403010701.0
NASDAQ:AVBH,AVBH,"Avidbank Holdings, Inc.",Financial Services,Banks - Regional,United States,NASDAQ,360205891.0,32.88,58.82,58.06,7,62.6,2364,False,-1.88,38.44,12.86,16.0,32.65,41.87,48.36,29.1329,28.344,24.7862,23.1764,22.1622,3106416,1255,2026-08-14,58.82,10955167.0
NYSE:EW,EW,Edwards Lifesciences Corporation,Healthcare,Medical Devices,United States,NYSE,52743280000.0,91.6,58.86,57.11,7,62.7,2365,False,-3.76,26.08,8.47,10.37,18.07,17.07,15.16,84.4512,82.991,77.5818,78.2464,79.5423,388408499,1255,2026-08-14,62.91,575800000.0
NYSE:GOLD,GOLD,"Gold.com, Inc.",Financial Services,Capital Markets,United States,NYSE,1276192456.0,44.0,58.86,55.94,7,62.7,2366,True,-30.82,97.72,6.98,16.24,33.55,37.58,39.51,41.1294,37.8537,32.947,31.9806,31.5399,15365679,1254,2026-08-14,58.2,29004374.0
NYSE:WENC,WENC,West Enclave Merger Corp.,Financial Services,Shell Companies,Mexico,NYSE,160495830.0,10.0,58.86,58.42,7,62.7,2367,False,0.0,1.21,,,,,,,,,,,89594,64,2026-08-14,58.86,16049583.0
NASDAQ:NHP,NHP,"National Healthcare Properties, Inc.",Real Estate,REIT - Healthcare Facilities,United States,NASDAQ,1205540767.0,16.39,58.87,59.3,7,62.7,2368,False,-3.3,37.24,,,,,,,,,,,8660146,79,2026-08-14,57.98,73553433.0
NYSE:ONTO,ONTO,Onto Innovation Inc.,Technology,Semiconductor Equipment & Materials,United States,NYSE,16500438610.0,331.71,58.87,56.23,7,62.7,2369,False,-12.35,225.37,44.46,60.04,84.17,88.72,116.88,229.6164,207.2683,180.1133,175.7644,152.9456,337292132,1255,2026-08-14,60.58,49743567.0
NASDAQ:PFX,PFX,PhenixFIN Corporation,Financial Services,Asset Management,United States,NASDAQ,88319820.0,45.7,58.87,57.17,7,62.7,2370,False,-7.56,19.53,6.77,4.31,-0.96,3.55,10.02,42.8042,43.8112,46.1429,44.1321,41.5386,1023303,1254,2026-08-14,58.87,1932600.0
NASDAQ:BDTX,BDTX,"Black Diamond Therapeutics, Inc.",Healthcare,Biotechnology,United States,NASDAQ,115749583.0,2.02,58.88,53.78,7,62.8,2371,False,-58.52,25.47,-20.49,-25.61,-26.72,-36.33,-32.27,2.5407,2.7153,2.7567,3.1727,2.9826,1162454,1255,2026-08-14,58.88,57301774.0
NASDAQ:ODTX,ODTX,"Odyssey Therapeutics, Inc.",Healthcare,Biotechnology,United States,NASDAQ,995689264.0,20.73,58.88,58.5,7,62.8,2372,True,-6.5,33.23,,,,,,,,,,,2849516,67,2026-08-14,58.83,48031320.0
NASDAQ:OMSE,OMSE,OMS Energy Technologies Inc.,Energy,Oil & Gas Equipment & Services,Singapore,NASDAQ,191019168.0,4.5,58.88,55.66,7,62.8,2373,False,-37.33,35.95,-1.96,-4.4,,,,4.5898,4.707,,,,78778,315,2026-08-14,52.24,42448704.0
NYSE:TRIN,TRIN,Trinity Capital Inc.,Financial Services,Asset Management,United States,NYSE,1630561989.0,18.14,58.88,58.78,7,62.8,2374,False,-0.66,42.89,19.81,22.35,36.58,48.53,63.44,15.1412,14.8267,13.2817,12.2133,11.0987,19757110,1255,2026-08-14,61.1,89887651.0
NASDAQ:WEST,WEST,Westrock Coffee Company,Consumer Defensive,Packaged Foods,United States,NASDAQ,822413620.0,8.43,58.88,56.32,7,62.8,2375,False,-13.36,127.22,46.41,49.05,35.27,13.5,-0.57,5.758,5.6558,6.2318,7.4274,8.4785,3374514,1208,2026-08-14,58.35,97557962.0
NYSE:OXY,OXY,Occidental Petroleum Corporation,Energy,Oil & Gas E&P,United States,NYSE,58046881150.0,58.36,58.9,56.75,7,62.9,2376,True,-11.49,51.36,15.14,18.2,22.05,13.16,8.72,50.6867,49.3721,47.8178,51.5737,53.6773,478921295,1255,2026-08-14,56.89,994634701.0
NYSE:HWM,HWM,Howmet Aerospace Inc.,Industrials,Aerospace & Defense,United States,NYSE,115703081934.0,289.18,58.91,57.85,7,63.0,2377,False,-0.72,69.46,20.19,26.18,60.46,105.29,149.83,240.6106,229.1751,180.2242,140.8646,115.7501,606850760,1255,2026-08-14,52.96,400107483.0
NASDAQ:RLAY,RLAY,"Relay Therapeutics, Inc.",Healthcare,Biotechnology,United States,NASDAQ,4328294994.0,19.86,58.92,59.06,7,63.0,2378,False,-4.29,485.84,66.36,89.76,165.36,153.91,95.97,11.9383,10.4661,7.4842,7.8218,10.1343,40423177,1254,2026-08-14,59.8,217940332.0
NYSE:STN,STN,Stantec Inc,Industrials,Engineering & Construction,Canada,NYSE,8406737532.0,73.7,58.94,54.34,7,63.0,2379,False,-34.88,10.41,-15.34,-19.53,-17.86,-13.33,-4.4,87.0591,91.585,89.7216,85.0349,77.0947,29661249,1255,2026-08-14,60.64,114066995.0
NASDAQ:SEV,SEV,Aptera Motors Corp.,,,,NASDAQ,59966773.0,2.18,58.95,54.29,7,63.0,2380,False,-79.89,54.61,-34.2,,,,,3.3131,,,,,450630,207,2026-08-14,60.18,27507694.0
NYSE:SON,SON,Sonoco Products Company,Consumer Cyclical,Packaging & Containers,United States,NYSE,5761446425.0,58.27,58.95,58.44,7,63.0,2381,False,-2.88,54.79,18.77,22.17,25.51,22.6,19.88,49.0603,47.6969,46.4268,47.5292,48.6064,63966349,1255,2026-08-14,59.17,98875003.0
NYSE:BZH,BZH,"Beazer Homes USA, Inc.",Consumer Cyclical,Residential Construction,United States,NYSE,904749608.0,33.1,58.96,61.01,7,63.1,2382,False,-2.85,83.58,35.59,35.35,30.62,24.86,37.24,24.4118,24.4553,25.3414,26.5107,24.1191,27765802,1255,2026-08-14,59.97,27333825.0
NYSE:CHE,CHE,Chemed Corp,Healthcare,Medical Care Facilities,United States,NYSE,7073504540.0,532.88,58.96,62.41,7,63.1,2383,False,-3.59,44.77,20.98,20.66,7.38,2.92,3.63,440.4726,441.6483,496.2708,517.752,514.2341,94824870,1255,2026-08-14,62.43,13274104.0
NYSE:CBL,CBL,"CBL & Associates Properties, Inc.",Real Estate,REIT - Retail,United States,NYSE,1798199887.0,58.11,58.97,59.85,7,63.1,2384,False,-3.23,115.79,40.46,49.67,83.43,111.56,128.07,41.3726,38.8248,31.6789,27.4669,25.4788,15998604,1199,2026-08-14,57.3,30944758.0
NASDAQ:CHTR,CHTR,"Charter Communications, Inc.",Communication Services,Telecom Services,United States,NASDAQ,18400938691.0,154.27,59.0,56.17,7,63.2,2385,False,-45.44,25.11,-17.66,-24.1,-45.24,-49.22,-51.71,187.3591,203.2586,281.7298,303.8082,319.4782,417284340,1255,2026-08-14,61.54,119277492.0
NASDAQ:DYN,DYN,"Dyne Therapeutics, Inc.",Healthcare,Biotechnology,United States,NASDAQ,4799383277.0,25.7,59.01,60.33,7,63.2,2386,False,-3.02,114.7,31.56,40.16,32.92,28.66,42.8,19.5353,18.3357,19.3348,19.9755,17.9971,67948923,1254,2026-08-14,61.53,186746431.0
NASDAQ:SOUN,SOUN,"SoundHound AI, Inc.",Technology,Software - Application,United States,NASDAQ,2995321076.0,7.43,59.01,55.52,7,63.2,2387,False,-65.28,30.35,-16.82,-28.51,-26.69,-6.15,12.62,8.932,10.393,10.1352,7.9171,6.5972,250537786,1078,2026-08-14,59.91,403138772.0
NASDAQ:TRST,TRST,TrustCo Bank Corp NY,Financial Services,Banks - Regional,United States,NASDAQ,976555800.0,57.35,59.01,59.02,7,63.2,2388,False,-0.74,69.64,23.28,28.96,51.67,69.83,76.32,46.5198,44.4724,37.8119,33.7687,32.5265,6938493,1255,2026-08-14,57.28,17028000.0
NYSE:URI,URI,"United Rentals, Inc.",Industrials,Rental & Leasing Services,United States,NYSE,71817251083.0,1153.83,59.01,58.21,7,63.2,2389,True,-0.6,63.02,27.01,25.94,40.16,56.04,79.13,908.4471,916.1701,823.201,739.4601,644.1158,577282084,1255,2026-08-14,53.3,62242489.0
NASDAQ:TALK,TALK,"Talkspace, Inc.",Healthcare,Health Information Services,United States,NASDAQ,879440972.0,5.25,59.02,57.69,7,63.3,2390,False,0.0,110.84,15.91,26.48,50.84,68.98,103.94,4.5295,4.1508,3.4805,3.1069,2.5743,8351122,1254,2026-08-14,59.02,167512566.0
NYSE:KBR,KBR,"KBR, Inc.",Industrials,Engineering & Construction,United States,NYSE,4837219759.0,38.37,59.04,57.35,7,63.3,2391,False,-24.44,28.24,0.04,-4.47,-19.6,-24.97,-25.27,38.3557,40.1659,47.7252,51.1409,51.3428,62396330,1255,2026-08-14,58.14,126067755.0
NYSE:MSGS,MSGS,Madison Square Garden Sports Corp. Class A Common Stock (New),Communication Services,Entertainment,United States,NYSE,7958785050.0,407.17,59.04,58.66,7,63.3,2392,False,-1.68,111.35,29.45,38.78,62.8,78.77,89.83,314.5348,293.3956,250.111,227.7661,214.4969,80258645,1254,2026-08-14,64.17,19546590.0
NASDAQ:PAX,PAX,Patria Investments Limited,Financial Services,Asset Management,Cayman Islands,NASDAQ,787156796.0,11.5,59.04,55.92,7,63.3,2393,False,-31.99,9.22,-10.12,-11.16,-4.33,-4.52,-4.09,12.7943,12.9451,12.0208,12.0446,11.9907,13709474,1255,2026-08-14,62.35,68448417.0
NASDAQ:MMYT,MMYT,MakeMyTrip Limited,Consumer Cyclical,Travel Services,India,NASDAQ,5363058768.0,60.42,59.05,58.79,7,63.4,2394,False,-41.46,66.45,3.32,-8.81,-28.19,-20.15,-5.28,58.4776,66.2569,84.1374,75.6692,63.7885,44524411,1255,2026-08-14,60.11,88762972.0
NYSE:GHM,GHM,Graham Corporation,Industrials,Specialty Industrial Machinery,United States,NYSE,1332673049.0,113.99,59.06,56.41,7,63.4,2395,True,-7.92,140.54,33.45,44.65,94.83,144.71,201.94,85.4168,78.8046,58.5065,46.5815,37.7521,20620371,1255,2026-08-14,56.12,11691140.0
NYSE:ASAN,ASAN,"Asana, Inc.",Technology,Software - Application,United States,NYSE,1471261660.0,9.14,59.07,58.79,7,63.5,2396,False,-39.83,67.4,0.56,-9.65,-29.77,-36.52,-41.58,9.089,10.1163,13.0138,14.3985,15.6459,45831557,1255,2026-08-14,69.9,160969547.0
NASDAQ:COHU,COHU,"Cohu, Inc.",Technology,Semiconductor Equipment & Materials,United States,NASDAQ,2797498077.0,59.3,59.07,55.79,7,63.5,2397,False,-19.77,216.44,55.14,71.13,110.58,99.99,92.01,38.2226,34.6518,28.1604,29.6509,30.8844,52389911,1255,2026-08-14,57.93,47175347.0
NASDAQ:HBCP,HBCP,"Home Bancorp, Inc.",Financial Services,Banks - Regional,United States,NASDAQ,566191282.0,71.96,59.07,59.07,7,63.5,2398,False,-0.76,43.44,16.51,19.73,35.41,52.92,64.13,61.7655,60.1005,53.1441,47.0586,43.8425,7784420,1255,2026-08-14,61.79,7868139.0
NYSE:OPY,OPY,"Oppenheimer Holdings, Inc. Class A Common Stock (DE)",Financial Services,Capital Markets,United States,NYSE,1234174276.0,116.34,59.08,57.71,7,63.5,2399,False,-2.09,84.64,28.83,34.86,59.96,88.85,110.03,90.3043,86.2687,72.7307,61.6035,55.3911,14433525,1255,2026-08-14,56.84,10608340.0
NYSE:UHS,UHS,"Universal Health Services, Inc.",Healthcare,Medical Care Facilities,United States,NYSE,9059958772.0,170.02,59.09,57.79,7,63.6,2400,False,-30.15,20.44,-10.32,-10.71,-11.01,-5.43,2.12,189.5826,190.4181,191.0561,179.7824,166.4825,154419326,1255,2026-08-14,61.02,53287606.0
NASDAQ:JAKK,JAKK,"JAKKS Pacific, Inc.",Consumer Cyclical,Leisure,United States,NASDAQ,294121363.0,25.7,59.11,59.58,7,63.6,2401,False,-3.49,77.72,27.26,30.78,21.18,19.62,23.8,20.1956,19.6509,21.2082,21.4852,20.7596,3557258,1255,2026-08-14,59.11,11444411.0
NASDAQ:HELE,HELE,Helen of Troy Limited,Consumer Defensive,Household & Personal Products,United States,NASDAQ,703886083.0,30.22,59.14,57.71,7,63.6,2402,False,0.0,117.72,39.68,37.49,-14.65,-48.62,-57.29,21.6351,21.98,35.408,58.82,70.7643,10610341,1255,2026-08-14,58.17,23292061.0
NASDAQ:MBUU,MBUU,"Malibu Boats, Inc.",Consumer Cyclical,Recreational Vehicles,United States,NASDAQ,575954413.0,29.33,59.15,56.71,7,63.7,2403,True,-25.78,22.41,4.33,0.57,-9.16,-18.68,-28.85,28.114,29.1626,32.2868,36.0681,41.2236,4927179,1254,2026-08-14,58.02,19637041.0
NASDAQ:OCFC,OCFC,OceanFirst Financial Corp.,Financial Services,Banks - Regional,United States,NASDAQ,1717560247.0,19.77,59.15,57.45,7,63.7,2404,False,-1.35,20.58,7.51,8.85,13.85,22.07,21.36,18.3884,18.1619,17.365,16.1953,16.2897,17797132,1255,2026-08-14,54.62,86877099.0
NASDAQ:OUST,OUST,"Ouster, Inc.",Technology,Electronic Components,United States,NASDAQ,3277930926.0,48.71,59.17,56.58,7,63.7,2405,True,-22.09,192.9,66.66,64.91,136.35,200.41,234.74,29.2266,29.5368,20.6092,16.2146,14.5514,127599236,1255,2026-08-14,54.8,67294825.0
NYSE:WOR,WOR,"Worthington Enterprises, Inc.",Industrials,Metal Fabrication,United States,NYSE,2870492843.0,58.66,59.17,56.82,7,63.7,2406,False,-11.77,25.74,7.49,5.42,14.35,15.72,26.62,54.5724,55.6419,51.298,50.691,46.3266,11229226,1255,2026-08-14,57.19,48934416.0
NYSE:MEI,MEI,"Methode Electronics, Inc.",Technology,Electronic Components,United States,NYSE,607986755.0,17.14,59.18,58.08,7,63.7,2407,True,-11.45,242.94,81.14,90.08,93.02,49.39,-3.64,9.4622,9.0175,8.8797,11.4731,17.7868,8109273,1255,2026-08-14,57.05,35471806.0
NASDAQ:SRPT,SRPT,"Sarepta Therapeutics, Inc.",Healthcare,Biotechnology,United States,NASDAQ,1910929618.0,18.1,59.19,55.14,7,63.8,2408,False,-25.97,21.8,-5.46,-6.37,-65.97,-75.95,-79.1,19.145,19.3314,53.1839,75.2547,86.6184,49098876,1255,2026-08-14,62.57,105576222.0
NYSE:SW,SW,Smurfit WestRock plc,Consumer Cyclical,Packaging & Containers,Ireland,NYSE,25832753219.0,49.25,59.19,58.31,7,63.8,2409,False,-3.03,54.66,20.85,19.85,14.28,19.82,26.97,40.7543,41.0919,43.0945,41.103,38.788,246644242,1255,2026-08-14,60.48,524522908.0
NYSE:WMB,WMB,"Williams Companies, Inc. (The)",Energy,Oil & Gas Midstream,United States,NYSE,91969469528.0,75.2,59.19,55.74,7,63.8,2410,True,-4.59,37.27,9.98,13.32,26.26,47.26,66.52,68.3754,66.3614,59.5595,51.0674,45.1594,453936025,1255,2026-08-14,51.83,1222998265.0
NYSE:SLG,SLG,SL Green Realty Corp,Real Estate,REIT - Office,United States,NYSE,3989372251.0,56.09,59.2,59.61,7,63.9,2411,False,-10.75,63.45,25.66,19.68,5.22,14.14,28.42,44.6372,46.8672,53.3085,49.1422,43.6766,57015276,1255,2026-08-14,66.38,71124483.0
NYSE:RPT,RPT,Rithm Property Trust Inc.,Real Estate,REIT - Mortgage,United States,NYSE,103763729.0,13.35,59.21,54.38,7,63.9,2412,False,-19.9,25.59,-4.19,-4.23,-8.74,-21.46,-33.11,13.9333,13.9392,14.6279,16.9983,19.9591,1744496,1254,2026-08-14,55.97,7772564.0
NYSE:WFC,WFC,Wells Fargo & Company,Financial Services,Banks - Diversified,United States,NYSE,268591621024.0,88.82,59.21,58.16,7,63.9,2413,True,-6.34,21.67,5.73,6.75,17.35,33.69,48.87,84.0075,83.2036,75.6863,66.4386,59.6628,1144630684,1255,2026-08-14,56.86,3023999336.0
NYSE:NX,NX,Quanex Building Products Corporation,Industrials,Building Products & Equipment,United States,NYSE,962190867.0,20.95,59.22,58.35,7,63.9,2414,False,-6.22,88.89,19.61,21.36,5.91,-9.48,-8.44,17.5149,17.2633,19.7812,23.1447,22.8815,6369596,1255,2026-08-14,62.59,45927965.0
NASDAQ:SBGI,SBGI,"Sinclair, Inc.",Communication Services,Broadcasting,United States,NASDAQ,720672308.0,14.84,59.22,56.16,7,63.9,2415,False,-10.47,22.7,3.82,5.47,7.0,14.62,12.58,14.2933,14.071,13.8696,12.9468,13.1813,7881171,1255,2026-08-14,53.41,48562824.0
NASDAQ:ADBE,ADBE,Adobe Inc.,Technology,Software - Application,United States,NASDAQ,104947950000.0,264.02,59.24,58.11,7,64.0,2416,False,-28.15,36.51,-3.05,-8.55,-27.87,-37.88,-36.08,272.317,288.7042,366.0411,425.0126,413.0377,1283997541,1255,2026-08-14,63.63,397500000.0
NYSE:DMC,DMC,Del Monte Corporation,Consumer Defensive,Farm Products,Cayman Islands,NYSE,1446328914.0,30.4,59.24,54.34,7,64.0,2417,False,-27.5,14.13,-13.58,-12.96,-6.53,4.27,8.93,35.1768,34.9266,32.5247,29.1547,27.9083,11108475,1255,2026-08-14,61.74,47576609.0
NASDAQ:MDLZ,MDLZ,"Mondelez International, Inc.",Consumer Defensive,Confectioners,United States,NASDAQ,81185955506.0,63.61,59.24,57.04,7,64.0,2418,False,-2.12,25.6,9.86,8.93,4.72,2.45,2.84,57.8989,58.3942,60.7411,62.0879,61.8546,554850691,1255,2026-08-14,58.93,1276308057.0
NASDAQ:SSYS,SSYS,"Stratasys, Ltd.",Technology,Computer Hardware,United States,NASDAQ,781326000.0,9.0,59.27,55.9,7,64.1,2419,False,-27.65,21.29,-1.34,-5.04,-5.23,-10.99,-20.95,9.1219,9.478,9.4969,10.1107,11.3853,4113778,1255,2026-08-14,58.78,86814000.0
NASDAQ:CIGI,CIGI,Colliers International Group Inc. - Subordinate Voting Shares,Real Estate,Real Estate Services,Canada,NASDAQ,5247112367.0,105.41,59.28,57.06,7,64.1,2420,False,-37.57,18.88,-10.87,-17.03,-19.75,-15.54,-11.35,118.2644,127.0495,131.3515,124.8052,118.9045,22802962,1255,2026-08-14,60.05,49778127.0
NYSE:IONQ,IONQ,"IonQ, Inc.",Technology,Computer Hardware,United States,NYSE,17267467794.0,46.26,59.28,53.98,7,64.1,2421,True,-43.65,73.98,2.23,-3.18,21.09,58.75,96.08,45.2528,47.7813,38.2027,29.1397,23.592,825691458,1255,2026-08-14,57.06,373269948.0
NASDAQ:RBKB,RBKB,"Rhinebeck Bancorp, Inc.",Financial Services,Banks - Regional,United States,NASDAQ,198605610.0,12.7,59.28,58.0,7,64.1,2422,False,-0.47,84.43,22.62,26.81,46.8,67.56,76.02,10.3573,10.0151,8.6515,7.5792,7.2152,2786731,1254,2026-08-14,60.12,15638237.0
NYSE:MTDR,MTDR,Matador Resources Company,Energy,Oil & Gas E&P,United States,NYSE,6667129008.0,53.69,59.29,55.31,7,64.2,2423,True,-16.77,49.0,8.25,10.47,9.87,4.4,4.21,49.5991,48.6021,48.8671,51.4284,51.5217,113017169,1254,2026-08-14,53.86,124178227.0
NYSE:BLCO,BLCO,Bausch + Lomb Corporation,Healthcare,Medical Instruments & Supplies,Canada,NYSE,6089667444.0,17.05,59.31,57.4,7,64.2,2424,False,-8.33,21.09,3.95,5.96,6.56,6.67,5.14,16.4013,16.0917,16.0001,15.9839,16.2168,7084321,1071,2026-08-14,58.34,357165246.0
NASDAQ:AXTI,AXTI,AXT Inc,Technology,Semiconductor Equipment & Materials,United States,NASDAQ,5341148742.0,81.64,59.32,55.42,7,64.2,2425,True,-42.03,3882.44,62.47,100.55,282.04,435.73,546.1,50.2482,40.7088,21.3697,15.239,12.6359,782006116,1255,2026-08-14,57.09,65423184.0
NYSE:AX,AX,"Axos Financial, Inc.",Financial Services,Banks - Regional,United States,NYSE,5811334312.0,102.16,59.33,58.89,7,64.2,2426,False,-2.8,35.13,13.23,14.22,27.54,45.58,62.7,90.2272,89.4384,80.1027,70.1734,62.7909,33445411,1255,2026-08-14,55.9,56884635.0
NYSE:AVEX,AVEX,AEVEX Corp.,Industrials,Aerospace & Defense,United States,NYSE,1216370973.0,21.54,59.34,54.67,7,64.3,2427,True,-46.79,61.71,,,,,,,,,,,28068669,83,2026-08-14,57.32,56470333.0
NASDAQ:USLM,USLM,"United States Lime & Minerals, Inc.",Basic Materials,Building Materials,United States,NASDAQ,3368300700.0,117.41,59.34,57.28,7,64.3,2428,True,-15.76,20.43,-0.11,-1.54,4.6,26.36,52.15,117.5336,119.2484,112.2475,92.9185,77.1659,18131930,1255,2026-08-14,59.32,28688363.0
NASDAQ:FCCO,FCCO,First Community Corporation,Financial Services,Banks - Regional,United States,NASDAQ,322880760.0,34.35,59.35,59.49,7,64.3,2429,False,-1.4,36.25,14.68,17.09,31.86,49.79,59.5,29.953,29.3365,26.0507,22.9318,21.5364,1726924,1255,2026-08-14,62.55,9399731.0
NYSE:AUB,AUB,Atlantic Union Bankshares Corporation,Financial Services,Banks - Regional,United States,NYSE,6085708195.0,42.88,59.37,58.75,7,64.4,2430,False,-0.31,40.91,15.66,17.89,24.21,30.3,34.86,37.0746,36.3736,34.5218,32.9088,31.797,42081910,1255,2026-08-14,57.68,141924165.0
NASDAQ:BWEN,BWEN,"Broadwind, Inc.",Industrials,Specialty Industrial Machinery,United States,NASDAQ,125914144.0,5.38,59.37,57.67,7,64.4,2431,True,-1.1,173.1,66.97,78.88,119.79,106.8,91.75,3.2221,3.0076,2.4478,2.6015,2.8057,3860664,1255,2026-08-14,58.53,23404116.0
NASDAQ:CSGP,CSGP,"CoStar Group, Inc.",Real Estate,Real Estate Services,United States,NASDAQ,13120297899.0,32.38,59.4,55.46,7,64.4,2432,False,-64.5,19.31,-30.4,-40.37,-51.06,-54.75,-55.58,46.5251,54.2995,66.162,71.5621,72.8955,223521198,1255,2026-08-14,62.95,405197588.0
NYSE:FITB,FITB,Fifth Third Bancorp,Financial Services,Banks - Regional,United States,NYSE,52635628380.0,58.06,59.4,59.27,7,64.4,2433,True,-2.21,47.43,17.62,20.92,32.56,48.08,60.31,49.3632,48.0143,43.7977,39.2083,36.2174,297672047,1255,2026-08-14,58.58,906573000.0
NYSE:EME,EME,"EMCOR Group, Inc.",Industrials,Engineering & Construction,United States,NYSE,36888669107.0,836.29,59.41,55.78,7,64.5,2434,True,-11.34,44.03,11.42,14.71,41.09,71.07,106.65,750.5832,729.0156,592.7316,488.8499,404.6819,332920426,1255,2026-08-14,58.43,44109901.0
NASDAQ:MZTI,MZTI,The Marzetti Company,Consumer Defensive,Packaged Foods,United States,NASDAQ,3182367315.0,116.05,59.41,55.42,7,64.5,2435,False,-36.99,10.82,-16.84,-20.55,-27.15,-29.03,-30.38,139.546,146.0638,159.3055,163.5144,166.6958,32098681,1255,2026-08-14,63.14,27422381.0
NASDAQ:SCYX,SCYX,"SCYNEXIS, Inc.",Healthcare,Drug Manufacturers - Specialty & Generic,United States,NASDAQ,51439104.0,5.18,59.43,55.68,7,64.5,2436,False,-45.13,45.1,-8.88,-13.33,-30.35,-50.28,-58.81,5.6848,5.9765,7.437,10.4191,12.5749,1186072,1254,2026-08-14,58.56,9930329.0
NASDAQ:CERT,CERT,"Certara, Inc.",Healthcare,Health Information Services,United States,NASDAQ,1244516864.0,8.0,59.45,60.31,7,64.5,2437,False,-41.18,78.57,8.64,-3.1,-19.05,-32.62,-40.4,7.3636,8.2561,9.8823,11.8738,13.4229,31371344,1255,2026-08-14,63.31,155564608.0
NYSE:C,C,"Citigroup, Inc.",Financial Services,Banks - Diversified,United States,NYSE,233712142000.0,139.33,59.46,56.75,7,64.6,2438,False,-3.87,53.66,16.51,21.48,50.83,78.44,101.7,119.5862,114.6944,92.3741,78.082,69.0785,1299849273,1255,2026-08-14,58.42,1677400000.0
AMEX:REPX,REPX,"Riley Exploration Permian, Inc.",Energy,Oil & Gas E&P,United States,AMEX,783874565.0,36.13,59.46,56.58,7,64.6,2439,True,-11.25,54.64,16.99,20.74,27.6,33.9,34.06,30.8819,29.9247,28.3143,26.9819,26.9511,6526192,1255,2026-08-14,56.34,21695947.0
NASDAQ:NWS,NWS,News Corporation,Communication Services,Entertainment,United States,NASDAQ,5990717273.0,33.17,59.47,58.34,7,64.6,2440,False,-5.05,29.79,12.57,10.31,9.03,16.52,28.65,29.4649,30.0695,30.4238,28.4662,25.7828,36355261,1254,2026-08-14,58.15,180606490.0
NASDAQ:CCSI,CCSI,"Consensus Cloud Solutions, Inc.",Technology,Software - Infrastructure,United States,NASDAQ,718807906.0,39.07,59.49,58.6,7,64.7,2441,False,-0.08,93.03,37.89,39.01,52.46,63.18,33.24,28.3347,28.1066,25.627,23.9431,29.3237,4803044,1222,2026-08-14,59.63,18397950.0
NYSE:RVTY,RVTY,"Revvity, Inc.",Healthcare,Diagnostics & Research,United States,NYSE,13034643877.0,116.84,59.49,58.91,7,64.7,2442,False,-0.88,42.13,17.06,19.66,13.36,12.7,6.22,99.816,97.6439,103.0714,103.6769,110.003,177835569,1255,2026-08-14,61.28,111559773.0
NASDAQ:NPT,NPT,Texxon Holding Limited,Consumer Cyclical,Specialty Retail,China,NASDAQ,80087850.0,3.61,59.5,56.99,7,64.7,2443,False,-82.39,198.35,-28.32,,,,,5.0362,,,,,132818,204,2026-08-14,59.14,22185000.0
NASDAQ:BNAI,BNAI,Brand Engagement Network Inc.,Technology,Software - Infrastructure,United States,NASDAQ,107660824.0,15.9,59.51,52.35,7,64.7,2444,False,-74.76,1225.0,-17.6,-1.14,40.64,-52.72,-68.49,19.2949,16.0836,11.3054,33.632,50.4589,1696328,1255,2026-08-14,61.08,6771121.0
NYSE:CXW,CXW,"CoreCivic, Inc.",Industrials,Security & Protection Services,United States,NYSE,3245519257.0,32.82,59.52,60.97,7,64.8,2445,True,-3.24,103.47,49.97,52.79,61.71,81.86,104.68,21.8844,21.48,20.2955,18.0473,16.035,43834315,1255,2026-08-14,53.25,98888460.0
NASDAQ:FISI,FISI,"Financial Institutions, Inc.",Financial Services,Banks - Regional,United States,NASDAQ,821905948.0,41.75,59.52,60.74,7,64.8,2446,False,-2.22,68.57,23.77,29.81,47.55,70.92,82.55,33.731,32.1612,28.2949,24.4268,22.8705,6327641,1255,2026-08-14,61.06,19686370.0
NASDAQ:FORM,FORM,"FormFactor, Inc.",Technology,Semiconductor Equipment & Materials,United States,NASDAQ,10258847995.0,131.6,59.52,55.37,7,64.8,2447,False,-17.71,372.53,34.61,55.22,115.04,138.38,171.29,97.7627,84.7807,61.198,55.2058,48.509,147506843,1255,2026-08-14,59.58,77954772.0
NASDAQ:UEIC,UEIC,Universal Electronics Inc.,Technology,Consumer Electronics,United States,NASDAQ,66561692.0,5.27,59.52,60.22,7,64.8,2448,True,-10.37,90.94,31.55,27.34,-14.16,-27.89,-44.7,4.006,4.1384,6.1394,7.3079,9.5294,413766,1255,2026-08-14,57.56,12630302.0
NYSE:MFG,MFG,"Mizuho Financial Group, Inc. Sponosred ADR (Japan)",Financial Services,Banks - Regional,Japan,NYSE,132420436551.0,10.87,59.53,58.87,7,64.9,2449,False,-1.09,78.49,26.23,32.84,65.17,95.31,125.17,8.6112,8.1827,6.5813,5.5654,4.8274,35186345,1255,2026-08-14,62.47,12182192875.0
NASDAQ:CERS,CERS,Cerus Corporation,Healthcare,Medical Devices,United States,NASDAQ,600544196.0,2.98,59.54,56.32,7,64.9,2450,False,-9.15,156.9,30.73,41.8,60.18,60.65,36.28,2.2794,2.1016,1.8604,1.8549,2.1867,7940612,1255,2026-08-14,55.34,201524898.0
NASDAQ:CVLT,CVLT,"Commvault Systems, Inc.",Technology,Software - Application,United States,NASDAQ,6096080919.0,147.09,59.54,58.23,7,64.9,2451,False,-24.73,95.65,29.94,15.73,0.86,15.21,32.12,113.2013,127.0969,145.8296,127.6676,111.3316,92615700,1255,2026-08-14,64.2,41444564.0
NYSE:OVV,OVV,Ovintiv Inc. (DE),Energy,Oil & Gas E&P,United States,NYSE,17431332000.0,63.02,59.56,58.41,7,64.9,2452,True,-0.85,78.42,25.34,31.28,45.08,44.49,46.85,50.2808,48.0053,43.4372,43.6164,42.9141,217212711,1255,2026-08-14,57.73,276600000.0
NYSE:NXE,NXE,Nexgen Energy Ltd.,Energy,Uranium,Canada,NYSE,6877238884.0,10.39,59.57,54.95,7,65.0,2453,False,-25.36,60.84,-2.73,2.17,25.53,33.44,50.68,10.6818,10.1694,8.2767,7.7863,6.8952,47884270,1255,2026-08-14,59.57,661909421.0
NASDAQ:ASML,ASML,ASML Holding N.V. - New York Registry Shares,Technology,Semiconductor Equipment & Materials,Netherlands,NASDAQ,708311128000.0,1844.08,59.58,56.44,7,65.0,2454,False,-7.19,155.73,29.46,40.37,80.29,94.21,114.61,1424.4644,1313.6896,1022.8265,949.5404,859.2529,2708829898,1255,2026-08-14,59.99,384100000.0
NYSE:ZIP,ZIP,"ZipRecruiter, Inc.",Communication Services,Internet Content & Information,United States,NYSE,321917401.0,4.7,59.58,59.66,7,65.0,2455,False,-14.39,178.11,37.62,28.24,-12.29,-38.01,-53.0,3.4153,3.6651,5.3586,7.5817,10.0002,3343797,1254,2026-08-14,60.1,68493064.0
NYSE:CBNA,CBNA,"Chain Bridge Bancorp, Inc.",Financial Services,Banks - Regional,United States,NYSE,157728349.0,46.85,59.59,60.66,7,65.0,2456,False,-3.4,73.52,28.71,32.98,,,,36.4007,35.2299,,,,1160942,465,2026-08-14,65.28,3366667.0
NYSE:CWK,CWK,Cushman & Wakefield Ltd.,Real Estate,Real Estate Services,United States,NYSE,3373927272.0,14.4,59.6,57.14,7,65.1,2457,False,-16.28,22.03,0.78,-1.41,7.71,18.44,20.19,14.2879,14.6059,13.3693,12.1578,11.9809,27601679,1254,2026-08-14,59.33,234300505.0
NASDAQ:FORR,FORR,"Forrester Research, Inc.",Industrials,Consulting Services,United States,NASDAQ,220908560.0,11.38,59.6,61.52,7,65.1,2458,False,-5.09,125.35,53.19,44.19,7.05,-22.92,-42.15,7.4289,7.8922,10.6305,14.7647,19.6712,1382745,1255,2026-08-14,65.44,19412000.0
NYSE:TRLV,TRLV,Trulieve Cannabis Corp. Subordinate Voting Shares,Healthcare,Drug Manufacturers - Specialty & Generic,United States,NYSE,1639542324.0,9.65,59.6,55.88,7,65.1,2459,False,-25.77,102.73,24.44,24.0,37.81,31.01,29.44,7.7549,7.782,7.0025,7.3658,7.4553,6881987,1255,2026-08-14,59.08,169900759.0
NASDAQ:METC,METC,"Ramaco Resources, Inc.",Basic Materials,Coking Coal,United States,NASDAQ,659109510.0,12.25,59.61,53.57,7,65.1,2460,True,-77.54,37.64,-23.85,-37.04,-20.5,-17.48,-7.89,16.0875,19.4565,15.4095,14.8441,13.2989,22765471,1255,2026-08-14,46.68,53804858.0
NASDAQ:AVIR,AVIR,"Atea Pharmaceuticals, Inc.",Healthcare,Biotechnology,United States,NASDAQ,409738747.0,5.12,59.62,57.01,7,65.2,2461,False,-16.75,81.56,15.54,22.58,37.4,40.07,30.78,4.4315,4.1769,3.7265,3.6553,3.9149,1811774,1254,2026-08-14,58.27,80027099.0
NYSE:BCSS,BCSS,Bain Capital GSS Investment Corp.,Financial Services,Shell Companies,United States,NYSE,480725000.0,10.25,59.62,56.4,7,65.2,2462,False,-0.29,1.89,,,,,,,,,,,190861,182,2026-08-14,59.62,46900000.0
NASDAQ:TNXP,TNXP,Tonix Pharmaceuticals Holding Corp.,Healthcare,Biotechnology,United States,NASDAQ,202607581.0,12.71,59.63,55.46,7,65.2,2463,False,-79.36,33.65,-12.24,-26.43,-40.42,-96.94,-99.61,14.4832,17.2755,21.3322,414.8868,3282.6016,5687437,1254,2026-08-14,58.25,15940801.0
NASDAQ:CHEF,CHEF,"The Chefs' Warehouse, Inc.",Consumer Defensive,Food Distribution,United States,NASDAQ,4450036734.0,109.08,59.64,61.52,7,65.3,2464,False,-5.44,99.78,48.09,53.54,76.64,110.32,129.78,73.658,71.0419,61.7543,51.8634,47.4706,78937468,1255,2026-08-14,66.94,40796083.0
NASDAQ:CRVS,CRVS,"Corvus Pharmaceuticals, Inc.",Healthcare,Biotechnology,United States,NASDAQ,1252106413.0,14.89,59.65,56.48,7,65.3,2465,False,-41.65,207.01,11.9,25.37,75.66,137.18,195.43,13.307,11.8766,8.4766,6.278,5.0401,11472538,1255,2026-08-14,63.24,84090424.0
NASDAQ:DOO,DOO,BRP Inc. - Common Subordinate Voting Shares,Consumer Cyclical,Recreational Vehicles,Canada,NASDAQ,2485391543.0,64.51,59.65,57.83,7,65.3,2466,False,-20.57,27.02,-2.32,-1.22,14.03,7.25,1.53,66.0428,65.3041,56.5717,60.1465,63.5361,12114660,1254,2026-08-14,61.04,38527229.0
NASDAQ:ALRM,ALRM,"Alarm.com Holdings, Inc.",Technology,Software - Application,United States,NASDAQ,2748524597.0,55.57,59.66,61.01,7,65.4,2467,False,-6.07,31.9,14.74,11.91,3.37,-2.44,-1.49,48.4326,49.6545,53.756,56.9586,56.4102,22127532,1254,2026-08-14,60.9,49460583.0
NYSE:ANET,ANET,"Arista Networks, Inc.",Technology,Computer Hardware,United States,NYSE,250348067663.0,198.82,59.66,58.85,7,65.4,2468,False,-5.55,71.2,34.1,35.02,62.02,92.46,130.75,148.2573,147.2493,122.7145,103.3043,86.1623,1442999630,1255,2026-08-14,63.42,1259169438.0
NASDAQ:ENTX,ENTX,Entera Bio Ltd.,Healthcare,Biotechnology,Israel,NASDAQ,142448776.0,2.89,59.66,60.99,7,65.4,2469,False,-26.28,189.0,67.23,61.44,53.91,72.3,93.45,1.7282,1.7902,1.8777,1.6774,1.4939,18593140,1254,2026-08-14,59.27,49290234.0
NASDAQ:CVCO,CVCO,"Cavco Industries, Inc.",Consumer Cyclical,Residential Construction,United States,NASDAQ,4663441632.0,605.05,59.68,57.47,7,65.4,2470,False,-13.29,32.76,8.19,8.94,18.93,34.64,50.39,559.2365,555.4003,508.7557,449.3772,402.3191,72511950,1255,2026-08-14,60.58,7707531.0
NASDAQ:NWSA,NWSA,News Corporation,Communication Services,Entertainment,United States,NASDAQ,10516147918.0,29.16,59.69,58.66,7,65.4,2471,False,-5.63,30.72,12.85,10.37,7.99,12.61,22.57,25.8391,26.4212,27.0021,25.8941,23.7907,108394086,1254,2026-08-14,58.26,360636074.0
NASDAQ:APPS,APPS,"Digital Turbine, Inc.",Technology,Software - Application,United States,NASDAQ,1504444313.0,12.44,59.71,59.57,7,65.5,2472,False,-13.55,341.13,106.5,111.07,166.68,174.35,81.4,6.0243,5.8938,4.6648,4.5343,6.8577,49084054,1255,2026-08-14,61.01,120936038.0
NYSE:PR,PR,Permian Resources Corporation,Energy,Oil & Gas E&P,United States,NYSE,18001694666.0,21.5,59.71,58.11,7,65.5,2473,True,-3.71,82.81,22.24,29.45,44.65,49.57,66.55,17.5883,16.6081,14.8631,14.375,12.9092,178229910,1254,2026-08-14,56.74,837288124.0
NASDAQ:CMTV,CMTV,Community Bancorp.,Financial Services,Banks - Regional,United States,NASDAQ,234885906.0,41.93,59.72,57.36,7,65.6,2474,False,0.0,97.52,27.67,37.26,78.24,103.72,116.15,32.8424,30.5474,23.5243,20.5824,19.3982,1483991,1255,2026-08-14,54.43,5601858.0
NASDAQ:INBK,INBK,First Internet Bancorp,Financial Services,Banks - Regional,United States,NASDAQ,253306198.0,29.06,59.72,59.57,7,65.6,2475,False,-2.94,69.74,28.37,28.0,9.64,10.87,14.77,22.6379,22.7035,26.5039,26.21,25.32,1362624,1255,2026-08-14,62.12,8716662.0
NYSE:MTRN,MTRN,Materion Corporation,Basic Materials,Other Industrial Metals & Mining,United States,NYSE,5889732463.0,283.14,59.72,58.28,7,65.6,2476,True,-4.79,161.38,60.1,71.77,117.25,127.02,141.14,176.8544,164.8328,130.3271,124.7198,117.4191,100149636,1255,2026-08-14,59.49,20801485.0
NASDAQ:PFIS,PFIS,Peoples Financial Services Corp.,Financial Services,Banks - Regional,United States,NASDAQ,714339789.0,71.36,59.72,60.84,7,65.6,2477,False,-0.86,65.79,27.85,31.55,43.22,55.52,59.57,55.8147,54.2438,49.8242,45.8856,44.7195,4216438,1255,2026-08-14,61.18,10010367.0
NASDAQ:SFST,SFST,"Southern First Bancshares, Inc.",Financial Services,Banks - Regional,United States,NASDAQ,607656240.0,64.18,59.73,58.8,7,65.6,2478,False,-0.65,55.97,14.69,20.11,42.48,59.94,63.1,55.9598,53.4329,45.0453,40.1271,39.3502,6960560,1255,2026-08-14,62.59,9468000.0
NASDAQ:INSM,INSM,Insmed Incorporated,Healthcare,Biotechnology,United States,NASDAQ,27022527181.0,123.74,59.75,57.95,7,65.7,2479,False,-41.47,34.68,-14.95,-15.15,10.29,43.21,77.12,145.4967,145.8411,112.1986,86.4043,69.863,371388309,1255,2026-08-14,63.14,218381503.0
NASDAQ:RMBI,RMBI,"Richmond Mutual Bancorporation, Inc.",Financial Services,Banks - Regional,United States,NASDAQ,255264687.0,15.92,59.75,58.51,7,65.7,2480,False,-1.67,27.18,12.57,13.14,19.55,29.73,34.6,14.1427,14.0705,13.3171,12.2717,11.8273,664577,1254,2026-08-14,62.24,16034214.0
NASDAQ:ACDC,ACDC,ProFrac Holding Corp.,Energy,Oil & Gas Equipment & Services,United States,NASDAQ,971544444.0,5.37,59.76,53.34,7,65.7,2481,False,-33.37,68.34,-0.54,5.66,-11.59,-22.34,-43.69,5.3991,5.0822,6.074,6.9147,9.5373,8538089,1066,2026-08-14,58.21,180920753.0
NASDAQ:SBLK,SBLK,Star Bulk Carriers Corp.,Industrials,Marine Shipping,Greece,NASDAQ,3239973400.0,29.05,59.76,58.5,7,65.7,2482,False,-0.34,80.03,25.67,31.77,51.01,52.43,59.52,23.1163,22.0452,19.237,19.0579,18.2108,38000361,1255,2026-08-14,58.03,111530926.0
NASDAQ:UFCS,UFCS,"United Fire Group, Inc",Financial Services,Insurance - Property & Casualty,United States,NASDAQ,1392616690.0,54.28,59.78,59.64,7,65.8,2483,False,-1.18,82.39,31.58,38.94,68.53,92.5,97.84,41.2533,39.0672,32.2079,28.198,27.4358,7615506,1255,2026-08-14,57.46,25656166.0
NYSE:COSO,COSO,"CoastalSouth Bancshares, Inc.",Financial Services,Banks - Regional,United States,NYSE,333804542.0,27.81,59.79,59.04,7,65.8,2484,False,-0.71,39.58,12.63,15.37,,,,24.6908,24.1058,,,,2054730,318,2026-08-14,63.73,12003040.0
NASDAQ:DJCO,DJCO,Daily Journal Corp. (S.C.),Technology,Software - Application,United States,NASDAQ,831221014.0,603.33,59.79,58.32,7,65.8,2485,False,-9.24,61.09,15.28,18.93,25.62,38.68,52.34,523.3767,507.3057,480.2824,435.0423,396.0474,36123166,1255,2026-08-14,59.14,1377722.0
NASDAQ:SWKS,SWKS,"Skyworks Solutions, Inc.",Technology,Semiconductors,United States,NASDAQ,10475915083.0,69.62,59.8,55.95,7,65.8,2486,False,-16.54,33.76,9.74,6.38,-1.72,-11.1,-14.78,63.4421,65.4468,70.8373,78.3141,81.6968,368237033,1255,2026-08-14,60.21,150472782.0
NASDAQ:JBSS,JBSS,"John B. Sanfilippo & Son, Inc.",Consumer Defensive,Packaged Foods,United States,NASDAQ,788743926.0,86.75,59.83,57.63,7,65.9,2487,False,-4.25,50.6,13.57,18.45,18.23,8.96,7.91,76.3866,73.2369,73.3752,79.6187,80.3901,11369598,1255,2026-08-14,59.68,9092149.0
NYSE:IRM,IRM,Iron Mountain Incorporated (Delaware)Common Stock REIT,Real Estate,REIT - Specialty,United States,NYSE,38508619462.0,129.43,59.84,56.85,7,65.9,2488,False,-2.73,66.6,21.0,23.58,27.23,42.93,62.29,106.9696,104.7348,101.733,90.5553,79.7519,225900499,1255,2026-08-14,55.35,297524681.0
NYSE:CP,CP,Canadian Pacific Kansas City Limited,Industrials,Railroads,Canada,NYSE,82193907444.0,93.5,59.86,58.42,7,65.9,2489,False,-0.45,36.32,15.01,16.86,19.15,19.35,20.45,81.2969,80.0094,78.4729,78.3426,77.6268,257292808,1255,2026-08-14,61.78,879079224.0
NYSE:FDS,FDS,FactSet Research Systems Inc.,Financial Services,Financial Data & Stock Exchanges,United States,NYSE,10082475785.0,283.49,59.86,59.02,7,65.9,2490,False,-25.62,50.66,15.34,8.56,-19.01,-24.6,-25.9,245.7875,261.1353,350.0333,375.9834,382.602,237542617,1255,2026-08-14,62.54,35565543.0
NASDAQ:HYNE,HYNE,"Hoyne Bancorp, Inc.",Financial Services,Banks - Regional,United States,NASDAQ,123841304.0,16.62,59.86,57.61,7,65.9,2491,False,-0.84,21.58,,,,,,,,,,,162298,173,2026-08-14,44.79,7451342.0
NASDAQ:DYNC,DYNC,Dynamix Corporation,Financial Services,Shell Companies,United States,NASDAQ,180276000.0,10.86,59.87,59.43,7,66.0,2492,False,-3.12,5.95,2.96,2.72,,,,10.5474,10.5726,,,,634719,420,2026-08-14,63.15,16600000.0
NYSE:AYI,AYI,Acuity Inc.,Industrials,Electrical Equipment & Parts,United States,NYSE,10729798111.0,358.43,59.89,58.64,7,66.0,2493,False,-4.78,39.22,11.87,10.36,17.28,29.74,43.45,320.3992,324.7957,305.613,276.2656,249.8613,94838659,1255,2026-08-14,60.93,29935547.0
NASDAQ:ERIE,ERIE,Erie Indemnity Company,Financial Services,Insurance Brokers,United States,NASDAQ,11823939517.0,255.99,59.89,57.71,7,66.0,2494,True,-28.98,24.23,0.71,-4.76,-23.85,-23.52,-16.44,254.18,268.7711,336.1689,334.7101,306.3623,65891280,1255,2026-08-14,59.8,46189068.0
AMEX:TMQ,TMQ,Trilogy Metals Inc.,Basic Materials,Other Industrial Metals & Mining,Canada,AMEX,646068690.0,3.74,59.89,55.45,7,66.0,2495,False,-64.72,139.74,-10.4,-6.01,44.95,98.89,140.24,4.1742,3.979,2.5801,1.8804,1.5568,4308156,1255,2026-08-14,61.69,172745639.0
AMEX:BRBS,BRBS,"Blue Ridge Bankshares, Inc.",Financial Services,Banks - Regional,United States,AMEX,330827729.0,3.69,59.9,59.0,7,66.1,2496,False,-6.34,25.09,3.91,5.21,19.85,23.18,-18.63,3.5512,3.5072,3.079,2.9957,4.5347,933937,1254,2026-08-14,66.65,89655211.0
NASDAQ:TECX,TECX,"Tectonic Therapeutic, Inc.",Healthcare,Biotechnology,United States,NASDAQ,658723283.0,34.91,59.91,57.49,7,66.1,2497,True,-7.96,137.32,33.88,42.45,30.76,49.52,70.67,26.0752,24.5073,26.6985,23.3473,20.4551,5960855,1254,2026-08-14,57.62,18869186.0
NYSE:QGEN,QGEN,Qiagen N.V.,Healthcare,Diagnostics & Research,Netherlands,NYSE,8858437500.0,42.95,59.93,59.62,7,66.2,2498,False,-22.14,32.81,1.03,-0.98,-1.08,0.23,-1.46,42.5106,43.3735,43.4173,42.8536,43.5856,111391441,1255,2026-08-14,62.23,206250000.0
NASDAQ:AURA,AURA,"Aura Biosciences, Inc.",Healthcare,Biotechnology,United States,NASDAQ,795426039.0,7.69,59.95,57.47,7,66.2,2499,True,-13.6,54.73,19.35,20.1,9.53,2.82,-10.72,6.4433,6.4029,7.0207,7.4788,8.6136,3364654,1201,2026-08-14,59.19,103436416.0
NYSE:PSBD,PSBD,Palmer Square Capital BDC Inc.,Financial Services,Asset Management,United States,NYSE,323967674.0,10.41,59.95,56.09,7,66.2,2500,False,-15.53,11.69,-0.48,-2.68,-9.28,,,10.4602,10.6963,11.4744,,,1224982,645,2026-08-14,61.5,31120814.0
NASDAQ:REKR,REKR,"Rekor Systems, Inc.",Technology,Software - Infrastructure,United States,NASDAQ,98252194.0,0.714,59.95,54.71,7,66.2,2501,False,-77.69,26.15,-35.26,-41.79,-41.61,-56.53,-55.35,1.1029,1.2266,1.2228,1.6425,1.5992,754943,1255,2026-08-14,59.22,137608115.0
NASDAQ:OPCH,OPCH,"Option Care Health, Inc.",Healthcare,Medical Care Facilities,United States,NASDAQ,3587356570.0,23.95,59.96,57.6,7,66.3,2502,False,-34.54,22.69,-12.87,-13.2,-16.65,-19.05,-19.96,27.4883,27.5921,28.7354,29.5867,29.9216,60151407,1255,2026-08-14,61.36,149785243.0
NASDAQ:KMDA,KMDA,Kamada Ltd.,Healthcare,Drug Manufacturers - Specialty & Generic,Israel,NASDAQ,437322582.0,7.58,59.97,56.01,7,66.3,2503,False,-16.11,18.33,-0.44,1.94,11.12,21.22,30.71,7.6132,7.4359,6.8213,6.2531,5.7992,577042,1254,2026-08-14,52.44,57694272.0
NYSE:AVBC,AVBC,"Avidia Bancorp, Inc.",Financial Services,Banks - Regional,United States,NYSE,411708672.0,22.17,59.99,58.94,7,66.3,2504,True,-1.07,55.09,18.43,23.46,,,,18.7203,17.9566,,,,3015198,260,2026-08-14,58.89,18570531.0
NYSE:HGTY,HGTY,"Hagerty, Inc.",Financial Services,Insurance - Property & Casualty,United States,NYSE,1323854683.0,12.97,59.99,59.54,7,66.3,2505,False,-6.15,34.13,10.77,10.69,18.46,26.41,29.27,11.7091,11.717,10.9489,10.2602,10.033,1824415,1254,2026-08-14,59.77,102070523.0
NASDAQ:VELO,VELO,"Velo3D, Inc.",Technology,Computer Hardware,United States,NASDAQ,481584192.0,16.16,60.0,54.58,7,66.4,2506,False,-47.21,444.11,22.04,41.94,42.12,-86.35,-96.37,13.2414,11.3854,11.3703,118.3458,444.7802,23040642,1255,2026-08-14,57.73,29801002.0
NASDAQ:RGTI,RGTI,"Rigetti Computing, Inc.",Technology,Computer Hardware,United States,NASDAQ,6255745548.0,18.82,60.01,55.08,7,66.4,2507,False,-66.6,45.89,-8.75,-15.48,23.84,78.12,127.08,20.6241,22.2661,15.1965,10.5656,8.2878,337770740,1255,2026-08-14,59.16,332398807.0
NYSE:CINT,CINT,CI&T Inc,Technology,Software - Infrastructure,Brazil,NYSE,65415497.0,3.65,60.02,54.47,7,66.4,2508,False,-35.51,20.07,-15.54,-18.31,-32.61,-30.64,-35.67,4.3215,4.4682,5.4163,5.2623,5.6738,264991,1193,2026-08-14,62.56,17922054.0
NASDAQ:WAY,WAY,Waystar Holding Corp.,Healthcare,Health Information Services,United States,NASDAQ,4751525748.0,24.78,60.02,58.14,7,66.4,2509,False,-39.4,43.15,-5.44,-13.13,-21.82,,,26.2057,28.5261,31.6949,,,70828917,547,2026-08-14,61.95,191748416.0
NYSE:ASC,ASC,Ardmore Shipping Corporation,Industrials,Marine Shipping,Bermuda,NYSE,718534033.0,17.61,60.04,57.12,7,66.5,2510,False,-8.37,73.92,21.78,27.22,38.28,31.52,37.21,14.4602,13.8424,12.7346,13.39,12.8348,9105415,1254,2026-08-14,57.61,40802614.0
NYSE:IIIN,IIIN,"Insteel Industries, Inc.",Industrials,Metal Fabrication,United States,NYSE,631466017.0,32.62,60.07,59.02,7,66.5,2511,False,-14.41,33.39,4.21,1.23,5.2,5.99,11.72,31.3013,32.2226,31.0088,30.7756,29.1968,8073696,1255,2026-08-14,61.61,19358247.0
NYSE:OIS,OIS,"Oil States International, Inc.",Energy,Oil & Gas Equipment & Services,United States,NYSE,538680988.0,8.93,60.08,56.18,7,66.5,2512,True,-37.94,78.96,0.44,8.19,35.35,38.42,35.51,8.8913,8.2542,6.5977,6.4513,6.59,5573945,1255,2026-08-14,56.53,60322619.0
NASDAQ:ROIV,ROIV,Roivant Sciences Ltd.,Healthcare,Biotechnology,United Kingdom,NASDAQ,26151107083.0,36.2,60.08,59.33,7,66.5,2513,False,-1.66,211.0,32.96,47.16,101.77,133.35,168.76,27.2264,24.599,17.9411,15.5133,13.4694,184762170,1254,2026-08-14,60.7,722406273.0
NASDAQ:ENSG,ENSG,"The Ensign Group, Inc.",Healthcare,Medical Care Facilities,United States,NASDAQ,10587004136.0,181.65,60.1,57.96,7,66.6,2514,False,-15.77,23.51,-0.51,0.6,12.81,25.12,38.08,182.5875,180.5717,161.0289,145.1838,131.5575,72805927,1255,2026-08-14,60.6,58282434.0
NASDAQ:ARTV,ARTV,"Artiva Biotherapeutics, Inc.",Healthcare,Biotechnology,United States,NASDAQ,556334867.0,11.45,60.11,58.71,7,66.6,2515,True,-14.49,402.19,67.62,88.59,78.37,,,6.8308,6.0712,6.4191,,,3793480,520,2026-08-14,58.77,48588198.0
NASDAQ:ARVN,ARVN,"Arvinas, Inc.",Healthcare,Biotechnology,United States,NASDAQ,578755146.0,8.97,60.11,56.56,7,66.6,2516,False,-35.14,28.51,-15.45,-11.46,-31.84,-53.15,-60.91,10.6089,10.1308,13.1596,19.1452,22.9489,7757047,1254,2026-08-14,61.06,64521198.0
NYSE:EFC,EFC,Ellington Financial Inc.,Real Estate,REIT - Mortgage,United States,NYSE,1714130840.0,13.67,60.12,58.16,7,66.7,2517,False,-0.07,27.16,8.38,9.25,17.85,27.09,34.35,12.6126,12.5122,11.5994,10.756,10.1746,15767896,1255,2026-08-14,60.57,125393624.0
NASDAQ:ORMP,ORMP,Oramed Pharmaceuticals Inc.,Healthcare,Biotechnology,United States,NASDAQ,183348843.0,4.48,60.12,57.25,7,66.7,2518,False,-10.4,133.28,28.34,39.31,67.42,74.43,43.76,3.4906,3.2159,2.6759,2.5683,3.1163,689703,1255,2026-08-14,56.83,40926081.0
NASDAQ:GSHD,GSHD,"Goosehead Insurance, Inc.",Financial Services,Insurance Brokers,United States,NASDAQ,1577887943.0,66.29,60.13,60.55,7,66.7,2519,False,-26.9,92.87,19.15,10.12,-18.05,-12.62,-3.13,55.635,60.1977,80.8949,75.8641,68.4333,35660028,1254,2026-08-14,62.38,23802805.0
NYSE:DT,DT,"Dynatrace, Inc.",Technology,Software - Application,United States,NYSE,14323117520.0,49.14,60.16,59.82,7,66.7,2520,False,-3.55,51.85,19.05,14.61,2.88,2.34,5.66,41.277,42.8741,47.7657,48.0186,46.5058,276272421,1255,2026-08-14,67.47,291475733.0
NYSE:BKV,BKV,BKV Corporation,Energy,Oil & Gas E&P,United States,NYSE,2923904112.0,26.73,60.17,55.64,7,66.8,2521,True,-16.88,32.07,-2.37,1.63,,,,27.3777,26.302,,,,21791253,471,2026-08-14,55.52,109386611.0
NASDAQ:FXNC,FXNC,First National Corporation,Financial Services,Banks - Regional,United States,NASDAQ,288279013.0,31.88,60.17,59.84,7,66.8,2522,False,-1.51,49.22,17.99,22.28,36.99,51.88,63.66,27.0192,26.072,23.2723,20.9909,19.4793,943191,1255,2026-08-14,63.84,9042629.0
NASDAQ:ADPT,ADPT,Adaptive Biotechnologies Corporation,Healthcare,Diagnostics & Research,United States,NASDAQ,3935135048.0,24.74,60.21,60.78,7,66.8,2523,True,-2.79,101.22,46.16,51.51,108.07,165.04,173.77,16.9271,16.3292,11.8902,9.3344,9.0367,61990632,1254,2026-08-14,58.99,159059622.0
NYSE:HBM,HBM,Hudbay Minerals Inc. Ordinary Shares (Canada),Basic Materials,Copper,Canada,NYSE,11854223644.0,26.69,60.23,57.1,7,66.8,2524,True,-16.23,146.82,18.21,28.24,81.62,123.82,162.5,22.5787,20.8127,14.6952,11.9247,10.1677,132755930,1255,2026-08-14,59.31,444144760.0
NASDAQ:DKNG,DKNG,DraftKings Inc.,Consumer Cyclical,Gambling,United States,NASDAQ,12968807276.0,26.14,60.26,56.01,7,66.9,2525,True,-45.8,26.16,-3.66,-12.88,-24.35,-26.01,-16.4,27.134,30.0063,34.5526,35.3285,31.2681,330944872,1255,2026-08-14,56.47,496128817.0
NYSE:GGG,GGG,Graco Inc.,Industrials,Specialty Industrial Machinery,United States,NYSE,13270496339.0,81.94,60.27,59.14,7,66.9,2526,False,-12.95,12.4,0.03,-0.28,-0.68,0.55,4.74,81.9142,82.1714,82.4981,81.4895,78.2322,121646706,1255,2026-08-14,62.04,161953824.0
AMEX:HSLV,HSLV,Highlander Silver Corp.,Basic Materials,Silver,Canada,AMEX,1059836008.0,5.21,60.29,55.81,7,66.9,2527,True,-21.54,28.64,,,,,,,,,,,1836962,108,2026-08-14,59.59,203423418.0
NYSE:PKE,PKE,Park Aerospace Corp.,Industrials,Aerospace & Defense,United States,NYSE,830896260.0,38.2,60.29,58.13,7,66.9,2528,True,-0.08,121.12,35.87,45.58,90.91,114.13,135.8,28.1155,26.2408,20.0099,17.84,16.2,10975999,1255,2026-08-14,57.05,21751211.0
NASDAQ:HIFS,HIFS,Hingham Institution for Savings,Financial Services,Banks - Regional,United States,NASDAQ,679675342.0,309.33,60.3,57.9,7,67.0,2529,False,-6.8,23.46,7.1,8.16,15.9,30.69,30.25,288.8209,285.9819,266.8992,236.6886,237.4962,15032978,1255,2026-08-14,63.47,2197250.0
NASDAQ:CSTL,CSTL,"Castle Biosciences, Inc.",Healthcare,Diagnostics & Research,United States,NASDAQ,904876397.0,29.62,60.31,61.04,7,67.0,2530,False,-31.18,63.2,1.39,6.41,13.22,22.53,24.01,29.2151,27.8358,26.161,24.1734,23.8851,14237254,1254,2026-08-14,65.78,30549507.0
NASDAQ:CCBG,CCBG,Capital City Bank Group,Financial Services,Banks - Regional,United States,NASDAQ,898276960.0,52.49,60.32,60.35,7,67.0,2531,False,-0.66,37.45,17.42,19.26,32.08,47.87,54.38,44.7012,44.0147,39.7419,35.4982,34.0015,4541872,1255,2026-08-14,60.32,17113297.0
NASDAQ:TENB,TENB,"Tenable Holdings, Inc.",Technology,Software - Infrastructure,United States,NASDAQ,4226724725.0,38.33,60.32,59.59,7,67.0,2532,False,-10.13,138.97,50.42,45.13,19.96,6.12,3.06,25.4817,26.4115,31.9524,36.1198,37.1932,123525783,1254,2026-08-14,67.86,110271973.0
NASDAQ:BLMN,BLMN,"Bloomin' Brands, Inc.",Consumer Cyclical,Restaurants,United States,NASDAQ,903230728.0,10.55,60.34,60.51,7,67.1,2533,False,-10.97,100.57,47.22,47.03,15.92,-21.4,-30.69,7.1662,7.1755,9.1011,13.4232,15.2211,22084300,1254,2026-08-14,63.11,85614287.0
NASDAQ:AGYS,AGYS,"Agilysys, Inc.",Technology,Software - Application,United States,NASDAQ,3215459832.0,114.0,60.37,59.78,7,67.1,2534,False,-19.22,83.31,19.07,15.93,12.7,19.27,27.98,95.7434,98.336,101.1578,95.584,89.0747,34089816,1255,2026-08-14,62.28,28205788.0
NYSE:HESM,HESM,Hess Midstream LP Class A Representing Limited Partner Interests,Energy,Oil & Gas Midstream,United States,NYSE,5202061207.0,40.53,60.38,59.02,7,67.1,2535,True,-0.22,38.95,13.53,14.51,17.56,26.62,37.53,35.7002,35.3954,34.4774,32.008,29.47,43729255,1254,2026-08-14,54.71,128350881.0
NASDAQ:ICFI,ICFI,"ICF International, Inc.",Industrials,Consulting Services,United States,NASDAQ,1600228470.0,88.39,60.42,60.47,7,67.2,2536,False,-11.61,47.86,13.94,9.2,-10.27,-20.52,-19.95,77.577,80.946,98.5037,111.2158,110.4155,20490460,1255,2026-08-14,62.51,18104180.0
NYSE:ONL,ONL,Orion Properties Inc.,Real Estate,REIT - Office,United States,NYSE,163102295.0,2.87,60.43,57.14,7,67.2,2537,False,-3.69,54.45,16.28,14.57,4.94,-7.41,-26.73,2.4682,2.5049,2.735,3.0998,3.9172,749956,1184,2026-08-14,58.1,56830068.0
NASDAQ:KRNY,KRNY,Kearny Financial,Financial Services,Banks - Regional,United States,NASDAQ,605414200.0,9.62,60.44,60.29,7,67.2,2538,False,-0.08,68.74,23.21,28.7,41.55,48.71,43.49,7.8077,7.4745,6.7963,6.4691,6.7044,4737811,1255,2026-08-14,59.82,62932869.0
NYSE:EGY,EGY,"VAALCO Energy, Inc.",Energy,Oil & Gas E&P,United States,NYSE,618530250.0,5.78,60.45,57.01,7,67.3,2539,True,-12.4,75.55,17.14,23.12,31.24,29.34,34.68,4.9344,4.6948,4.4041,4.4689,4.2915,6603773,1255,2026-08-14,56.66,107012154.0
NYSE:INGR,INGR,Ingredion Incorporated,Consumer Defensive,Packaged Foods,United States,NYSE,6633813217.0,105.2,60.45,57.68,7,67.3,2540,False,-16.3,12.05,-1.89,-4.3,-12.19,-7.64,-2.42,107.2289,109.9311,119.806,113.9058,107.8055,70933098,1255,2026-08-14,60.19,63059061.0
NYSE:SJM,SJM,The J.M. Smucker Company,Consumer Defensive,Packaged Foods,United States,NYSE,12974246959.0,121.39,60.45,59.38,7,67.3,2541,False,-3.03,38.38,17.76,17.63,16.8,14.99,8.59,103.0842,103.1934,103.9274,105.5632,111.7918,154367719,1255,2026-08-14,57.3,106880690.0
NYSE:SPHR,SPHR,Sphere Entertainment Co.,Communication Services,Entertainment,United States,NYSE,4879871304.0,168.0,60.45,58.73,7,67.3,2542,False,-4.75,326.61,43.32,60.99,132.66,176.1,222.63,117.2237,104.3555,72.2098,60.8466,52.0714,121340870,1254,2026-08-14,68.44,29046853.0
NYSE:SBH,SBH,"Sally Beauty Holdings, Inc. (Name to be changed from Sally Holdings, Inc.)",Consumer Cyclical,Specialty Retail,United States,NYSE,1537278035.0,16.42,60.46,59.99,7,67.3,2543,False,-3.41,38.92,12.11,11.81,29.0,35.83,32.04,14.6468,14.6854,12.7282,12.0883,12.4356,23839802,1255,2026-08-14,62.21,93622292.0
NYSE:LAD,LAD,"Lithia Motors, Inc.",Consumer Cyclical,Auto & Truck Dealerships,United States,NYSE,8299725446.0,377.55,60.48,61.21,7,67.4,2544,False,-11.52,55.97,23.74,22.54,19.82,25.31,32.38,305.1078,308.1109,315.0946,301.3013,285.2102,140688546,1255,2026-08-14,61.15,21983116.0
NASDAQ:SPFI,SPFI,"South Plains Financial, Inc.",Financial Services,Banks - Regional,United States,NASDAQ,858309624.0,45.56,60.5,59.31,7,67.4,2545,False,-0.47,28.34,11.43,12.7,22.05,35.86,45.89,40.8848,40.4262,37.3286,33.5346,31.2284,6729328,1254,2026-08-14,61.08,18839105.0
NYSE:ALSN,ALSN,"Allison Transmission Holdings, Inc.",Consumer Cyclical,Auto Parts,United States,NYSE,10439151928.0,125.87,60.51,57.64,7,67.4,2546,True,-7.22,60.11,13.41,19.09,23.18,39.89,60.77,110.9849,105.6903,102.1868,89.975,78.2903,104133121,1255,2026-08-14,56.54,82935981.0
NASDAQ:CWCO,CWCO,Consolidated Water Co. Ltd.,Utilities,Utilities - Regulated Water,Cayman Islands,NASDAQ,499685934.0,31.23,60.51,57.9,7,67.4,2547,False,-18.0,9.75,-5.41,-5.7,5.98,7.63,20.99,33.0179,33.1164,29.4685,29.0168,25.8111,2564103,1255,2026-08-14,61.69,16000190.0
NASDAQ:OSPN,OSPN,OneSpan Inc.,Technology,Software - Infrastructure,United States,NASDAQ,605770369.0,16.34,60.52,61.3,7,67.5,2548,False,-2.68,64.0,31.07,26.39,14.91,25.97,26.76,12.4666,12.9284,14.2202,12.9712,12.8902,6839303,1255,2026-08-14,68.94,37072850.0
NYSE:HSY,HSY,The Hershey Company,Consumer Defensive,Confectioners,United States,NYSE,26953622983.0,184.22,60.53,56.02,7,67.5,2549,False,-20.82,16.92,-2.37,-1.54,4.44,3.75,-1.65,188.6922,187.1015,176.3847,177.5659,187.3173,281929414,1255,2026-08-14,61.49,146312143.0
NASDAQ:PLYX,PLYX,"Polaryx Therapeutics, Inc.",Healthcare,Biotechnology,United States,NASDAQ,129599582.0,2.6,60.54,50.61,7,67.6,2550,False,-92.57,32.65,,,,,,,,,,,237791,134,2026-08-14,57.56,49845993.0
NASDAQ:SDGR,SDGR,"Schrodinger, Inc.",Healthcare,Health Information Services,United States,NASDAQ,1153139380.0,17.59,60.54,59.85,7,67.6,2551,False,-21.89,58.9,16.59,9.49,-5.71,-18.11,-24.5,15.0871,16.0656,18.6548,21.4793,23.2991,17691789,1254,2026-08-14,71.5,65556531.0
NASDAQ:WSE,WSE,Wise Group plc,Technology,Information Technology Services,United Kingdom,NASDAQ,12925911117.0,13.09,60.54,54.29,7,67.6,2552,False,-15.0,25.87,,,,,,,,,,,14857056,66,2026-08-14,58.67,987464562.0
NYSE:AR,AR,Antero Resources Corporation,Energy,Oil & Gas E&P,United States,NYSE,11488995430.0,37.37,60.56,57.32,7,67.6,2553,True,-17.23,25.11,4.23,6.36,7.91,15.76,18.73,35.8545,35.1357,34.6297,32.2826,31.4736,162720424,1254,2026-08-14,58.21,307439000.0
NASDAQ:EGBN,EGBN,"Eagle Bancorp, Inc.",Financial Services,Banks - Regional,United States,NASDAQ,878123779.0,28.8,60.56,57.97,7,67.6,2554,False,-1.1,82.48,17.07,22.01,26.83,30.51,16.93,24.6016,23.6056,22.7074,22.0678,24.6301,7989396,1255,2026-08-14,60.38,30490409.0
NYSE:FNB,FNB,F.N.B. Corporation,Financial Services,Banks - Regional,United States,NYSE,6934177727.0,19.48,60.56,58.7,7,67.6,2555,False,-0.05,35.9,11.87,14.18,25.52,36.05,43.92,17.4138,17.0606,15.52,14.3184,13.5349,88437056,1255,2026-08-14,57.81,355963949.0
NASDAQ:BPAC,BPAC,Blueport Acquisition Ltd,,,,NASDAQ,60483532.0,10.17,60.58,62.11,7,67.7,2556,False,-0.1,2.62,,,,,,,,,,,170071,152,2026-08-14,67.1,5947250.0
NYSE:FF,FF,FutureFuel Corp.,Basic Materials,Specialty Chemicals,United States,NYSE,245197004.0,5.59,60.58,60.54,7,67.7,2557,False,-12.24,86.57,39.74,41.4,32.14,32.47,27.83,4.0003,3.9533,4.2302,4.2197,4.3731,3238541,1255,2026-08-14,62.71,43863507.0
NASDAQ:NUTX,NUTX,Nutex Health Inc.,Healthcare,Medical Care Facilities,United States,NASDAQ,1289700555.0,187.42,60.58,59.28,7,67.7,2558,False,-5.11,131.61,38.14,46.58,93.48,161.74,85.27,135.675,127.8578,96.8685,71.6066,101.1603,24710679,1094,2026-08-14,60.37,6881339.0
NYSE:AMRC,AMRC,"Ameresco, Inc.",Industrials,Engineering & Construction,United States,NYSE,975144534.0,27.9,60.6,55.96,7,67.8,2559,False,-35.46,50.73,-5.27,-6.79,8.39,3.27,-18.28,29.453,29.9312,25.7406,27.0159,34.1423,16699784,1255,2026-08-14,60.29,34951417.0
NYSE:PB,PB,"Prosperity Bancshares, Inc.",Financial Services,Banks - Regional,United States,NYSE,8995094409.0,75.05,60.61,59.08,7,67.8,2560,False,-0.27,24.43,8.29,9.89,8.81,15.87,18.1,69.3056,68.2959,68.9723,64.7709,63.5484,69569941,1255,2026-08-14,58.2,119854689.0
NASDAQ:FNLC,FNLC,"First Bancorp, Inc (ME)",Financial Services,Banks - Regional,United States,NASDAQ,401750037.0,35.62,60.62,61.31,7,67.8,2561,True,-0.11,53.55,24.69,28.03,37.89,46.41,48.56,28.5659,27.8208,25.8316,24.3291,23.9765,1177575,1255,2026-08-14,59.74,11278777.0
NASDAQ:AVT,AVT,"Avnet, Inc.",Technology,Electronics & Computer Distribution,United States,NASDAQ,7850524793.0,95.71,60.63,59.42,7,67.8,2562,False,-1.74,119.31,40.29,47.64,66.27,78.1,90.2,68.2206,64.8275,57.5625,53.7387,50.3194,111427235,1255,2026-08-14,61.44,82024081.0
NYSE:MATX,MATX,"Matson, Inc.",Industrials,Marine Shipping,United States,NYSE,6498021423.0,217.3,60.64,59.44,7,67.9,2563,True,-2.62,149.1,34.02,45.55,57.59,71.39,94.38,162.1419,149.2964,137.8882,126.7883,111.7889,64440093,1255,2026-08-14,57.57,29903458.0
NASDAQ:AVPT,AVPT,"AvePoint, Inc.",Technology,Software - Infrastructure,United States,NASDAQ,2857991802.0,13.48,60.66,60.53,7,67.9,2564,False,-18.84,49.94,15.25,8.35,-4.89,10.81,30.56,11.6963,12.4409,14.1737,12.1655,10.3246,27927615,1254,2026-08-14,65.46,212017196.0
NYSE:TM,TM,Toyota Motor Corporation,Consumer Cyclical,Auto Manufacturers,Japan,NYSE,226294353945.0,191.11,60.67,57.63,7,67.9,2565,False,-23.03,14.78,-5.87,-5.33,0.6,-0.02,7.9,203.0268,201.873,189.9788,191.1554,177.115,77014470,1255,2026-08-14,57.36,1184105248.0
NYSE:BTGO,BTGO,"BitGo Holdings, Inc.",Financial Services,Capital Markets,United States,NYSE,616919196.0,5.76,60.7,53.16,7,68.0,2566,False,-68.85,22.81,,,,,,,,,,,6166213,143,2026-08-14,57.12,107104027.0
NASDAQ:KRRO,KRRO,"Korro Bio, Inc.",Healthcare,Biotechnology,United States,NASDAQ,191531743.0,13.28,60.71,56.42,7,68.0,2567,False,-74.14,151.52,5.29,-22.34,-45.03,-56.68,-68.57,12.6122,17.1006,24.1571,30.6573,42.2519,1553532,1254,2026-08-14,60.83,14422571.0
NYSE:VRTS,VRTS,"Virtus Investment Partners, Inc.",Financial Services,Asset Management,United States,NYSE,1129479082.0,169.03,60.71,60.21,7,68.0,2568,False,-10.89,39.1,15.07,9.98,1.27,-3.67,-1.98,146.8971,153.6913,166.9108,175.4766,172.4504,24871569,1255,2026-08-14,62.8,6682122.0
NASDAQ:CHDN,CHDN,"Churchill Downs, Incorporated",Consumer Cyclical,Gambling,United States,NASDAQ,6330176069.0,90.82,60.72,56.69,7,68.0,2569,False,-22.77,10.57,-4.18,-4.71,-15.34,-19.54,-20.32,94.7806,95.3121,107.2809,112.8742,113.9749,93355031,1255,2026-08-14,56.69,69700243.0
AMEX:LSF,LSF,"Laird Superfood, Inc.",Consumer Defensive,Packaged Foods,United States,AMEX,51830479.0,4.71,60.72,58.52,7,68.0,2570,False,-25.59,133.17,46.84,26.81,-7.48,16.9,40.72,3.2075,3.7143,5.0909,4.0292,3.3471,201707,1254,2026-08-14,53.43,11004348.0
NYSE:INFQ,INFQ,"Infleqtion, Inc.",Technology,Software - Infrastructure,United States,NYSE,2806012018.0,12.86,60.73,55.26,7,68.1,2571,True,-35.28,45.97,,,,,,,,,,,105037326,125,2026-08-14,56.87,218196891.0
NASDAQ:PCYO,PCYO,Pure Cycle Corporation,Utilities,Utilities - Regulated Water,United States,NASDAQ,271336386.0,11.26,60.73,57.34,7,68.1,2572,False,-5.7,14.31,2.81,3.06,2.53,5.85,7.83,10.9521,10.9254,10.9825,10.638,10.442,784656,1255,2026-08-14,63.44,24097370.0
NASDAQ:BCAL,BCAL,California BanCorp,Financial Services,Banks - Regional,United States,NASDAQ,696147337.0,21.68,60.74,60.63,7,68.2,2573,False,-0.55,37.78,13.98,17.11,29.26,35.21,36.65,19.0202,18.5126,16.7729,16.0343,15.8648,4507596,1255,2026-08-14,62.3,32110117.0
NASDAQ:ULH,ULH,"Universal Logistics Holdings, Inc.",Industrials,Trucking,United States,NASDAQ,508671339.0,19.29,60.74,58.57,7,68.2,2574,False,-27.23,59.43,15.81,7.93,-25.5,-30.49,-32.17,16.656,17.8721,25.8934,27.7503,28.4382,857762,1255,2026-08-14,62.88,26369691.0
NYSE:EQT,EQT,EQT Corporation,Energy,Oil & Gas E&P,United States,NYSE,34040580720.0,54.42,60.75,56.47,7,68.2,2575,False,-19.41,11.94,-2.81,-1.42,7.19,17.66,24.57,55.991,55.2043,50.7704,46.2503,43.685,365672723,1255,2026-08-14,59.24,625516000.0
NASDAQ:VLY,VLY,Valley National Bancorp,Financial Services,Banks - Regional,United States,NASDAQ,8301567191.0,15.01,60.77,58.96,7,68.2,2576,False,-1.18,60.81,17.62,22.72,43.63,58.63,61.29,12.7609,12.2311,10.4505,9.4621,9.306,100584146,1255,2026-08-14,61.09,553069100.0
NASDAQ:BBNX,BBNX,"Beta Bionics, Inc.",Healthcare,Medical Devices,United States,NASDAQ,790468818.0,17.57,60.78,59.12,7,68.2,2577,False,-45.08,98.31,1.35,-2.55,,,,17.3359,18.0305,,,,21527165,386,2026-08-14,64.43,44989688.0
NYSE:BAX,BAX,Baxter International Inc.,Healthcare,Medical Instruments & Supplies,United States,NYSE,13819303053.0,26.73,60.79,62.12,7,68.3,2578,False,-5.71,69.27,35.07,30.21,2.11,-9.24,-19.69,19.7902,20.5278,26.1765,29.45,33.2826,203886658,1255,2026-08-14,63.38,516995999.0
NYSE:DD,DD,"DuPont de Nemours, Inc.",Basic Materials,Specialty Chemicals,United States,NYSE,19747937590.0,146.26,60.79,57.53,7,68.3,2579,True,-4.63,62.39,8.89,15.73,33.24,41.99,50.8,134.3176,126.3789,109.77,103.0042,96.9914,246142398,1255,2026-08-14,57.07,135019401.0
NASDAQ:VIVO,VIVO,VivoPower PLC,Technology,Software - Infrastructure,United Kingdom,NASDAQ,149626289.0,4.87,60.79,56.14,7,68.3,2580,False,-26.21,302.48,48.77,33.5,58.97,67.44,33.85,3.2734,3.648,3.0634,2.9085,3.6385,2769981,1254,2026-08-14,57.19,30724084.0
NASDAQ:ONB,ONB,Old National Bancorp,Financial Services,Banks - Regional,United States,NASDAQ,10394426900.0,27.17,60.8,60.03,7,68.4,2581,True,-0.44,41.21,15.51,17.66,25.21,39.08,48.25,23.5208,23.0913,21.7001,19.536,18.3271,116232296,1255,2026-08-14,59.52,382570000.0
NYSE:WTRG,WTRG,"Essential Utilities, Inc.",Utilities,Utilities - Regulated Water,United States,NYSE,11453099854.0,40.38,60.8,59.01,7,68.4,2582,False,-1.26,13.1,5.81,5.95,8.86,12.58,9.95,38.1634,38.1106,37.0929,35.8693,36.7263,78450681,1255,2026-08-14,61.71,283632983.0
NASDAQ:MXCT,MXCT,"MaxCyte, Inc.",Healthcare,Medical Devices,United States,NASDAQ,141400607.0,1.32,60.81,58.38,7,68.4,2583,False,-27.87,95.27,15.68,8.13,-41.73,-54.62,-62.24,1.1411,1.2207,2.2653,2.9086,3.4953,1118844,1255,2026-08-14,68.21,107121672.0
NASDAQ:PDLB,PDLB,"Ponce Financial Group, Inc.",Financial Services,Banks - Regional,United States,NASDAQ,502140825.0,20.76,60.81,59.92,7,68.4,2584,False,0.0,48.07,18.96,23.01,40.52,62.66,75.81,17.4509,16.8773,14.7732,12.7629,11.8084,1411170,1254,2026-08-14,60.26,24187901.0
NYSE:ORA,ORA,"Ormat Technologies, Inc.",Utilities,Utilities - Renewable,United States,NYSE,7052409972.0,114.76,60.82,54.7,7,68.5,2585,False,-20.91,30.45,-0.73,2.7,23.07,34.89,34.54,115.6075,111.7463,93.2492,85.0771,85.2997,93285171,1255,2026-08-14,59.22,61453555.0
NASDAQ:AEI,AEI,Alset Inc.,Real Estate,Real Estate - Development,United States,NASDAQ,52120412.0,1.34,60.83,54.95,7,68.5,2586,False,-68.62,31.37,-34.71,-36.49,-16.08,-6.0,-25.56,2.0523,2.1101,1.5968,1.4256,1.8,12119,1254,2026-08-14,50.29,38895830.0
NASDAQ:PSIX,PSIX,"Power Solutions International, Inc.",Industrials,Specialty Industrial Machinery,United States,NASDAQ,934465243.0,40.54,60.83,55.31,7,68.5,2587,False,-64.99,59.36,-31.25,-38.22,-20.47,14.96,49.63,58.9657,65.6168,50.975,35.2651,27.093,18908424,1254,2026-08-14,62.14,23050450.0
NASDAQ:SRTA,SRTA,"Strata Critical Medical, Inc.",Healthcare,Medical Care Facilities,United States,NASDAQ,510506763.0,5.9,60.83,58.09,7,68.5,2588,False,-8.81,47.87,17.62,18.75,38.44,51.79,50.14,5.016,4.9683,4.2618,3.887,3.9297,6189189,1254,2026-08-14,63.1,86526570.0
NASDAQ:RCKY,RCKY,"Rocky Brands, Inc.",Consumer Cyclical,Footwear & Accessories,United States,NASDAQ,355899839.0,47.53,60.84,61.85,7,68.6,2589,True,-6.4,85.57,29.19,35.6,64.8,71.8,80.72,36.7897,35.0513,28.8405,27.6652,26.3009,3458583,1255,2026-08-14,59.17,7487899.0
NASDAQ:USAR,USAR,"USA Rare Earth, Inc.",Basic Materials,Other Industrial Metals & Mining,United States,NASDAQ,4893422840.0,20.0,60.84,54.83,7,68.6,2590,False,-48.29,68.07,4.39,3.4,30.56,46.22,,19.1587,19.342,15.319,13.6782,,203156680,774,2026-08-14,55.08,244671142.0
NASDAQ:EIKN,EIKN,"Eikon Therapeutics, Inc.",Healthcare,Biotechnology,United States,NASDAQ,598231839.0,11.05,60.85,56.22,7,68.6,2591,True,-32.04,32.18,,,,,,,,,,,3154103,131,2026-08-14,54.95,54138628.0
NASDAQ:MVBF,MVBF,MVB Financial Corp.,Financial Services,Banks - Regional,United States,NASDAQ,398232140.0,30.71,60.85,60.3,7,68.6,2592,False,-0.78,37.5,14.05,16.43,34.89,41.45,41.86,26.9269,26.3768,22.7667,21.7116,21.6486,1263960,1254,2026-08-14,59.89,12967507.0
NASDAQ:OZK,OZK,Bank OZK,Financial Services,Banks - Regional,United States,NASDAQ,5730116779.0,52.49,60.85,58.55,7,68.6,2593,False,-1.13,26.72,11.15,10.37,15.87,21.81,27.38,47.2242,47.5572,45.2995,43.0929,41.2065,56678397,1255,2026-08-14,59.09,109165875.0
AMEX:APT,APT,"Alpha Pro Tech, Ltd.",Industrials,Building Products & Equipment,Canada,AMEX,55477941.0,5.43,60.89,56.0,7,68.7,2594,False,-18.22,25.12,9.25,10.23,7.48,6.82,12.48,4.9701,4.9259,5.0522,5.0835,4.8274,192221,1255,2026-08-14,62.52,10216932.0
NASDAQ:SITM,SITM,SiTime Corporation,Technology,Semiconductors,United States,NASDAQ,21325633531.0,711.91,60.89,57.34,7,68.7,2595,False,-21.03,234.59,49.96,64.7,129.95,191.42,237.83,474.7399,432.2392,309.5888,244.2889,210.7316,304539129,1254,2026-08-14,58.64,29955519.0
NASDAQ:STEP,STEP,StepStone Group Inc.,Financial Services,Asset Management,United States,NASDAQ,4147360913.0,50.4,60.9,58.09,7,68.8,2596,False,-32.26,27.47,-5.48,-8.23,-8.32,6.15,21.32,53.3198,54.9214,54.9724,47.4779,41.5428,67521500,1254,2026-08-14,65.7,82288907.0
NASDAQ:XPEL,XPEL,"XPEL, Inc.",Consumer Cyclical,Auto Parts,United States,NASDAQ,1378049250.0,50.0,60.9,58.53,7,68.8,2597,False,-9.01,55.42,8.49,14.03,21.76,11.35,-2.7,46.087,43.8496,41.0643,44.9036,51.3899,12038835,1254,2026-08-14,61.9,27560985.0
NASDAQ:IMMX,IMMX,"Immix Biopharma, Inc.",Healthcare,Biotechnology,United States,NASDAQ,780953762.0,10.97,60.91,57.93,7,68.8,2598,True,-8.74,459.69,42.1,65.98,154.8,177.68,218.79,7.7198,6.6092,4.3054,3.9505,3.4412,15680473,1168,2026-08-14,60.58,71189951.0
NASDAQ:ITRI,ITRI,"Itron, Inc.",Technology,Scientific & Technical Instruments,United States,NASDAQ,4446982635.0,101.56,60.91,61.01,7,68.8,2599,False,-26.5,30.17,9.08,1.85,-3.79,3.98,16.16,93.1026,99.7192,105.5633,97.6688,87.4328,118683634,1255,2026-08-14,63.68,43786753.0
NYSE:RMD,RMD,ResMed Inc.,Healthcare,Medical Instruments & Supplies,United States,NYSE,32559355953.0,224.46,60.91,58.8,7,68.8,2600,False,-23.0,22.78,-2.0,-5.74,-5.83,3.26,3.75,229.0341,238.1378,238.3487,217.3829,216.3409,301287179,1255,2026-08-14,63.42,145056384.0
NYSE:JCI,JCI,Johnson Controls International plc,Industrials,Building Products & Equipment,Ireland,NYSE,93066119451.0,153.64,60.93,58.85,7,68.9,2601,True,-0.72,49.29,16.09,20.83,45.15,70.83,87.4,132.3426,127.1587,105.8501,89.938,81.983,509572442,1255,2026-08-14,57.76,605741470.0
NASDAQ:MGRC,MGRC,McGrath RentCorp,Industrials,Rental & Leasing Services,United States,NASDAQ,2986770072.0,122.28,60.93,58.8,7,68.9,2602,True,-1.29,29.55,10.34,8.89,9.56,11.82,17.7,110.8184,112.3007,111.608,109.357,103.8932,20443259,1255,2026-08-14,56.11,24425663.0
NASDAQ:MNTK,MNTK,"Montauk Renewables, Inc.",Basic Materials,Specialty Chemicals,United States,NASDAQ,267601341.0,1.88,60.93,58.94,7,68.9,2603,False,-24.19,67.86,17.33,10.05,-28.11,-53.96,-67.78,1.6023,1.7083,2.6149,4.0836,5.8348,335459,1254,2026-08-14,60.93,142341139.0
NYSE:QUAD,QUAD,"Quad Graphics, Inc",Industrials,Specialty Business Services,United States,NYSE,380677548.0,9.94,60.93,62.0,7,68.9,2604,True,-8.39,97.14,42.35,46.57,61.98,76.66,95.83,6.9828,6.7818,6.1366,5.6265,5.0759,4063999,1255,2026-08-14,59.1,38297540.0
NASDAQ:ENTG,ENTG,"Entegris, Inc.",Technology,Semiconductor Equipment & Materials,United States,NASDAQ,24636048000.0,161.76,60.94,57.3,7,69.0,2605,False,-12.01,135.67,32.7,40.69,54.3,48.82,57.21,121.901,114.9732,104.8357,108.6938,102.8958,365420358,1255,2026-08-14,62.37,152300000.0
NASDAQ:GENB,GENB,"Generate Biomedicines, Inc.",Healthcare,Biotechnology,United States,NASDAQ,2004930450.0,15.64,60.94,57.11,7,69.0,2606,True,-10.17,39.52,,,,,,,,,,,6992121,117,2026-08-14,56.33,128192484.0
NASDAQ:LBRDA,LBRDA,Liberty Broadband Corporation,Communication Services,Telecom Services,United States,NASDAQ,662645247.0,36.3,60.94,57.21,7,69.0,2607,False,-44.15,25.74,-16.83,-23.01,-40.86,-42.11,-45.74,43.6456,47.1513,61.3759,62.7092,66.9059,6932814,1254,2026-08-14,63.77,18254690.0
NASDAQ:SILC,SILC,Silicom Ltd,Technology,Communication Equipment,Israel,NASDAQ,284506744.0,49.5,60.95,57.95,7,69.1,2608,True,-2.9,266.67,79.41,94.71,145.85,155.34,104.6,27.5899,25.4221,20.1346,19.3858,24.193,7911212,1255,2026-08-14,54.17,5747611.0
NYSE:VLTO,VLTO,Veralto Corp,Industrials,Pollution & Treatment Controls,United States,NYSE,23813733842.0,97.68,60.95,60.08,7,69.1,2609,False,-10.52,18.96,4.68,1.98,-1.16,,,93.3095,95.7814,98.8249,,,160111553,717,2026-08-14,60.59,243793344.0
AMEX:RYDE,RYDE,Ryde Group Ltd.,Technology,Software - Application,Singapore,AMEX,130692793.0,0.871,60.96,57.04,7,69.1,2610,False,-41.54,292.34,35.73,47.7,-7.7,,,0.6417,0.5897,0.9437,,,213421,612,2026-08-14,64.95,150049131.0
NASDAQ:GTM,GTM,ZoomInfo Technologies Inc.,Technology,Software - Application,United States,NASDAQ,1193608038.0,4.05,60.97,58.22,7,69.2,2611,False,-66.8,55.17,-37.36,-45.03,-53.73,-62.78,-74.22,6.4657,7.3675,8.7537,10.88,15.7076,28976757,1255,2026-08-14,68.87,294718034.0
NASDAQ:MGRT,MGRT,Mega Fortune Company Limited,Technology,Information Technology Services,Hong Kong,NASDAQ,1376100000.0,100.08,60.97,57.73,7,69.2,2612,False,-29.62,3213.91,113.92,163.48,,,,46.7844,37.9837,,,,1941852,272,2026-08-14,59.88,13750000.0
NYSE:NVT,NVT,nVent Electric plc,Industrials,Electrical Equipment & Parts,United Kingdom,NYSE,27717268268.0,171.39,60.97,57.42,7,69.2,2613,True,-6.9,96.04,30.17,38.13,79.38,102.53,133.45,131.6646,124.081,95.5459,84.6263,73.4147,336351503,1255,2026-08-14,59.9,161720452.0
NYSE:TALO,TALO,"Talos Energy, Inc.",Energy,Oil & Gas E&P,United States,NYSE,2632420150.0,15.77,60.98,57.67,7,69.2,2614,True,-4.94,92.32,18.9,26.41,43.36,32.62,19.49,13.263,12.4749,11.0002,11.8913,13.1973,30147876,1254,2026-08-14,58.51,166925818.0
NASDAQ:COLB,COLB,"Columbia Banking System, Inc.",Financial Services,Banks - Regional,United States,NASDAQ,9245287730.0,32.69,60.99,58.43,7,69.3,2615,False,-2.74,41.05,13.02,16.28,25.74,39.84,41.94,28.9241,28.1139,25.9983,23.3768,23.0316,95689329,1255,2026-08-14,58.83,282817000.0
NASDAQ:NNBR,NNBR,"NN, Inc.",Industrials,Conglomerates,United States,NASDAQ,301404932.0,3.9,60.99,59.48,7,69.3,2616,True,-2.26,242.11,85.31,84.05,54.89,40.68,52.59,2.1046,2.119,2.518,2.7722,2.5558,11075741,1255,2026-08-14,53.65,77283316.0
NYSE:OC,OC,Owens Corning Inc Common Stock New,Industrials,Building Products & Equipment,United States,NYSE,12455315100.0,154.67,60.99,60.32,7,69.3,2617,False,-2.67,60.5,27.5,23.75,10.12,8.79,19.1,121.3098,124.9866,140.4575,142.1703,129.8694,125651547,1255,2026-08-14,62.83,80528319.0
NASDAQ:DBX,DBX,"Dropbox, Inc.",Technology,Software - Infrastructure,United States,NASDAQ,5439646688.0,34.42,61.0,61.73,7,69.3,2618,False,-4.2,56.03,26.25,24.07,24.44,27.0,32.31,27.2633,27.7413,27.6591,27.1034,26.0155,147317348,1254,2026-08-14,70.27,158037382.0
NYSE:TREX,TREX,"Trex Company, Inc.",Industrials,Building Products & Equipment,United States,NYSE,5156493920.0,49.63,61.0,58.93,7,69.3,2619,False,-23.65,64.72,22.34,13.29,-7.97,-20.13,-16.85,40.5657,43.809,53.9301,62.1412,59.689,103638150,1255,2026-08-14,63.0,103898729.0
NASDAQ:SBUX,SBUX,Starbucks Corporation,Consumer Cyclical,Restaurants,United States,NASDAQ,122766600000.0,107.69,61.02,58.6,7,69.4,2620,False,-0.22,40.76,13.6,16.57,17.32,20.83,20.42,94.794,92.3848,91.7894,89.1242,89.4252,800336162,1255,2026-08-14,62.04,1140000000.0
NASDAQ:CLAR,CLAR,Clarus Corporation,Consumer Cyclical,Leisure,United States,NASDAQ,140311424.0,3.65,61.03,60.85,7,69.4,2621,False,-6.38,45.6,15.18,13.03,2.21,-16.35,-36.47,3.1689,3.2293,3.5711,4.3634,5.745,395009,1255,2026-08-14,70.35,38441486.0
NASDAQ:AAOI,AAOI,"Applied Optoelectronics, Inc.",Technology,Communication Equipment,United States,NASDAQ,12709064936.0,150.28,61.05,56.11,7,69.4,2622,True,-32.64,671.06,58.21,85.31,192.76,290.29,406.59,94.9865,81.0953,51.3315,38.5042,29.6651,1455517778,1255,2026-08-14,53.56,84569237.0
NYSE:E,E,ENI S.p.A.,Energy,Oil & Gas Integrated,Italy,NYSE,80087265677.0,55.28,61.06,58.81,7,69.5,2623,True,-2.96,66.19,19.31,26.02,52.51,64.78,78.74,46.3321,43.8675,36.2472,33.547,30.927,20758651,1255,2026-08-14,59.36,1448756615.0
NYSE:TTE,TTE,TotalEnergies SE,Energy,Oil & Gas Integrated,France,NYSE,196118082410.0,88.33,61.07,57.95,7,69.5,2624,True,-5.63,57.95,13.32,19.26,34.62,38.93,47.54,77.9507,74.0638,65.6153,63.5801,59.8697,129860206,1255,2026-08-14,57.39,2220288491.0
NASDAQ:NDSN,NDSN,Nordson Corporation,Industrials,Specialty Industrial Machinery,United States,NASDAQ,17201244907.0,308.72,61.08,59.58,7,69.5,2625,False,-0.85,46.54,13.79,17.98,28.41,28.99,31.7,271.3053,261.6811,240.4213,239.3314,234.4126,89694788,1255,2026-08-14,63.32,55717948.0
NASDAQ:SLDE,SLDE,"Slide Insurance Holdings, Inc.",Financial Services,Insurance - Property & Casualty,United States,NASDAQ,2561680998.0,21.93,61.09,59.52,7,69.5,2626,False,-0.63,72.69,21.37,26.42,,,,18.0681,17.3468,,,,20572610,290,2026-08-14,58.57,116811719.0
NYSE:SB,SB,"Safe Bulkers, Inc Common Stock ($0.001 par value)",Industrials,Marine Shipping,Monaco,NYSE,789155995.0,7.75,61.1,59.89,7,69.6,2627,False,-1.53,92.83,29.19,37.32,65.05,74.39,92.85,5.999,5.6437,4.6956,4.444,4.0187,5732689,1255,2026-08-14,59.44,101826580.0
NASDAQ:AVR,AVR,Anteris Technologies Global Corp.,Healthcare,Medical Instruments & Supplies,Australia,NASDAQ,915016708.0,9.4,61.11,57.4,7,69.6,2628,False,-11.07,178.11,44.58,53.94,,,,6.5018,6.1064,,,,7675423,416,2026-08-14,54.79,97342203.0
NASDAQ:CBRL,CBRL,"Cracker Barrel Old Country Store, Inc.",Consumer Cyclical,Restaurants,United States,NASDAQ,1294820078.0,57.93,61.12,62.4,7,69.6,2629,False,-4.91,136.26,66.46,55.54,34.98,19.41,-2.0,34.8021,37.2454,42.918,48.5117,59.1129,48013916,1255,2026-08-14,62.98,22351460.0
NASDAQ:CUE,CUE,"Cue Biopharma, Inc.",Healthcare,Biotechnology,United States,NASDAQ,143651731.0,34.2,61.13,57.88,7,69.7,2630,False,-7.01,544.07,86.4,76.66,40.76,-7.24,-35.51,18.3478,19.3593,24.2959,36.8686,53.0288,5350515,1254,2026-08-14,54.87,4200343.0
NASDAQ:PDEX,PDEX,"Pro-Dex, Inc.",Healthcare,Medical Instruments & Supplies,United States,NASDAQ,213978708.0,67.02,61.14,58.41,7,69.7,2631,False,-2.07,180.3,36.47,44.55,52.73,90.11,117.49,49.1086,46.3659,43.8818,35.2527,30.8154,5602477,1255,2026-08-14,63.77,3192759.0
NYSE:ASH,ASH,Ashland Inc.,Basic Materials,Specialty Chemicals,United States,NYSE,3375429303.0,73.71,61.15,61.66,7,69.7,2632,True,-3.58,58.64,25.07,28.99,22.0,8.29,-0.48,58.9327,57.1461,60.4188,68.069,74.0685,60664179,1255,2026-08-14,60.17,45793370.0
NYSE:SPCE,SPCE,"Virgin Galactic Holdings, Inc.",Industrials,Aerospace & Defense,United States,NYSE,426743753.0,3.32,61.15,55.56,7,69.7,2633,True,-55.85,53.0,7.34,4.05,-16.98,-74.28,-89.93,3.0929,3.1909,3.9993,12.906,32.9851,26352453,1255,2026-08-14,56.8,128537275.0
NASDAQ:TRAX,TRAX,"First Tracks Biotherapeutics, Inc.",Healthcare,Biotechnology,United States,NASDAQ,1536660459.0,44.04,61.16,63.63,7,69.8,2634,True,-8.1,187.47,,,,,,,,,,,31911424,91,2026-08-14,61.14,34892381.0
NYSE:ENR,ENR,"Energizer Holdings, Inc.",Industrials,Electrical Equipment & Parts,United States,NYSE,1558456519.0,22.76,61.17,59.78,7,69.8,2635,True,-19.44,42.88,15.35,8.82,-5.52,-9.7,-12.21,19.7312,20.9158,24.0888,25.205,25.9241,24331852,1254,2026-08-14,60.6,68473485.0
NASDAQ:AVXL,AVXL,Anavex Life Sciences Corp.,Healthcare,Biotechnology,United States,NASDAQ,298403061.0,3.22,61.18,59.0,7,69.8,2636,False,-68.62,37.61,-14.59,-34.19,-51.81,-49.77,-55.36,3.77,4.8932,6.6815,6.4105,7.2133,2837357,1255,2026-08-14,63.61,92671758.0
NASDAQ:ACAD,ACAD,ACADIA Pharmaceuticals Inc.,Healthcare,Biotechnology,United States,NASDAQ,4835700969.0,28.24,61.2,62.18,7,69.8,2637,False,-4.11,40.78,17.74,18.49,34.95,33.09,35.64,23.9849,23.8336,20.9255,21.2189,20.8196,47150949,1255,2026-08-14,62.55,171235870.0
NYSE:STVN,STVN,Stevanato Group S.p.A.,Healthcare,Medical Instruments & Supplies,Italy,NYSE,1046886661.0,21.06,61.23,60.41,7,69.9,2638,False,-23.45,57.38,13.89,6.57,2.26,-7.19,-6.58,18.4911,19.7611,20.5944,22.6908,22.5442,8597966,1254,2026-08-14,66.98,49709718.0
NYSE:JBL,JBL,Jabil Inc.,Technology,Electronic Components,United States,NYSE,38048192016.0,363.1,61.24,57.42,7,69.9,2639,False,-5.82,88.78,27.35,34.65,72.29,100.38,133.53,285.1132,269.6571,210.7553,181.2096,155.4806,348373240,1255,2026-08-14,65.18,104787089.0
NYSE:DBRG,DBRG,"DigitalBridge Group, Inc.",Financial Services,Asset Management,United States,NYSE,2940917249.0,15.92,61.25,61.08,7,69.9,2640,True,-0.13,73.95,8.08,12.77,25.08,14.36,14.85,14.7297,14.1177,12.7277,13.9214,13.8615,52124210,1254,2026-08-14,60.0,184730983.0
NASDAQ:BDSX,BDSX,"Biodesix, Inc.",Healthcare,Diagnostics & Research,United States,NASDAQ,248539416.0,24.0,61.26,60.51,7,70.0,2641,True,-3.46,339.56,78.04,94.78,48.81,13.25,-0.19,13.4798,12.3218,16.128,21.1919,24.0445,1715070,1254,2026-08-14,60.41,10355809.0
NASDAQ:IMRX,IMRX,Immuneering Corporation,Healthcare,Biotechnology,United States,NASDAQ,327368854.0,5.06,61.26,56.6,7,70.0,2642,False,-45.36,66.45,-5.89,-8.96,32.61,21.77,-2.83,5.3765,5.5581,3.8156,4.1555,5.2074,3241995,1254,2026-08-14,65.84,64697402.0
NYSE:TNET,TNET,"TriNet Group, Inc.",Industrials,Staffing & Employment Services,United States,NYSE,3155950738.0,68.75,61.27,62.94,7,70.0,2643,False,-4.07,105.94,36.57,28.71,1.44,-15.71,-14.91,50.3393,53.4129,67.7763,81.5625,80.8009,29517863,1254,2026-08-14,64.86,45904738.0
AMEX:VZLA,VZLA,Vizsla Silver Corp.,Basic Materials,Other Industrial Metals & Mining,Canada,AMEX,1319828169.0,3.76,61.29,57.84,8,70.0,2644,True,-45.19,27.03,-7.9,-7.58,18.25,46.45,68.15,4.0827,4.0684,3.1796,2.5675,2.2361,17874605,1145,2026-08-14,60.7,351018130.0
NASDAQ:ARQ,ARQ,"Arq, Inc.",Industrials,Pollution & Treatment Controls,United States,NASDAQ,100447444.0,2.34,61.3,54.99,8,70.1,2645,True,-69.69,42.68,-21.75,-39.18,-50.86,-48.62,-42.37,2.9904,3.8471,4.7618,4.5542,4.0602,552352,1255,2026-08-14,58.01,42926258.0
NASDAQ:TWIN,TWIN,"Twin Disc, Incorporated",Industrials,Specialty Industrial Machinery,United States,NASDAQ,353936175.0,24.54,61.3,60.45,8,70.1,2646,True,-0.16,192.15,36.07,44.0,82.73,79.97,91.2,18.0343,17.0413,13.43,13.6355,12.8344,1950038,1255,2026-08-14,58.91,14422827.0
NASDAQ:HTO,HTO,H2O America,Utilities,Utilities - Regulated Water,United States,NASDAQ,2672556935.0,63.85,61.32,59.8,8,70.1,2647,False,-1.72,47.03,17.17,20.25,22.79,20.31,13.6,54.4941,53.0972,51.9994,53.073,56.2063,25794690,1255,2026-08-14,58.73,41856804.0
NASDAQ:MLKN,MLKN,"MillerKnoll, Inc.",Consumer Cyclical,"Furnishings, Fixtures & Appliances",United States,NASDAQ,1623376762.0,23.83,61.33,62.52,8,70.1,2648,True,-2.69,77.34,33.16,32.29,23.96,15.14,19.02,17.8961,18.0138,19.2239,20.697,20.0225,14685998,1255,2026-08-14,60.71,68123238.0
NYSE:VGNT,VGNT,Versigent PLC,Consumer Cyclical,Auto Parts,Switzerland,NYSE,3275287092.0,46.2,61.33,58.36,8,70.1,2649,False,-7.91,71.49,,,,,,,,,,,42507337,96,2026-08-14,59.43,70893660.0
NASDAQ:CRWD,CRWD,"CrowdStrike Holdings, Inc.",Technology,Software - Infrastructure,United States,NASDAQ,220911350796.0,216.95,61.34,61.51,8,70.2,2650,False,-3.8,147.77,58.19,63.39,91.23,121.58,163.84,137.1447,132.7799,113.4512,97.9099,82.2276,1507435967,1255,2026-08-14,69.83,1018259280.0
NASDAQ:RCBC,RCBC,River City Bank,Financial Services,Banks - Regional,United States,NASDAQ,680241171.0,47.66,61.34,63.23,8,70.2,2651,False,-3.81,32.24,12.07,14.72,29.07,46.76,59.76,42.5268,41.5445,36.9244,32.4751,29.8325,2078917,1255,2026-08-14,60.27,14272790.0
NYSE:EQNR,EQNR,Equinor ASA,Energy,Oil & Gas Integrated,Norway,NYSE,96871005373.0,40.77,61.35,59.72,8,70.2,2652,True,-1.92,88.05,29.73,37.14,56.34,60.4,63.27,31.4275,29.7288,26.0775,25.4175,24.9712,141921383,1255,2026-08-14,59.04,2376036433.0
NASDAQ:MSBI,MSBI,"Midland States Bancorp, Inc.",Financial Services,Banks - Regional,United States,NASDAQ,692705499.0,33.38,61.35,62.38,8,70.2,2653,False,-2.37,141.09,40.37,49.89,63.17,64.01,65.52,23.7794,22.2693,20.4573,20.3528,20.167,6264885,1254,2026-08-14,60.78,20752112.0
NYSE:NLY,NLY,Annaly Capital Management Inc.,Real Estate,REIT - Mortgage,United States,NYSE,17584157932.0,23.33,61.36,59.73,8,70.3,2654,False,-0.38,29.52,9.47,12.24,26.17,38.26,46.94,21.3126,20.7861,18.4914,16.874,15.8776,176341237,1255,2026-08-14,62.83,753714442.0
NYSE:BGT,BGT,BlackRock Floating Rate Income Trust,Financial Services,Asset Management,United States,NYSE,323896459.0,10.86,61.37,60.78,8,70.3,2655,False,-1.64,10.45,4.16,3.33,3.7,7.91,15.26,10.4263,10.5099,10.4724,10.0643,9.4222,1479995,1255,2026-08-14,65.84,29824720.0
NYSE:CLW,CLW,Clearwater Paper Corporation,Basic Materials,Paper & Paper Products,United States,NYSE,345456705.0,21.42,61.37,62.73,8,70.3,2656,False,-8.11,72.19,28.68,22.36,-5.41,-25.02,-29.86,16.6463,17.506,22.6456,28.5676,30.5387,4917510,1255,2026-08-14,66.43,16127764.0
NYSE:MUFG,MUFG,"Mitsubishi UFJ Financial Group, Inc.",Financial Services,Banks - Diversified,Japan,NYSE,260044679666.0,23.06,61.38,60.97,8,70.4,2657,False,-0.17,57.73,25.95,30.16,54.72,78.22,106.04,18.3088,17.7162,14.9043,12.9387,11.192,68997269,1255,2026-08-14,61.95,11276872492.0
NASDAQ:RUSHB,RUSHB,"Rush Enterprises, Inc.",Consumer Cyclical,Auto & Truck Dealerships,United States,NASDAQ,1338690403.0,80.27,61.38,60.51,8,70.4,2658,False,-0.95,68.4,24.56,27.66,39.81,51.68,64.3,64.443,62.8772,57.4128,52.9223,48.8554,8228016,1253,2026-08-14,61.27,16677344.0
NYSE:BY,BY,"Byline Bancorp, Inc.",Financial Services,Banks - Regional,United States,NYSE,1783221601.0,39.27,61.41,62.61,8,70.4,2659,False,-1.21,54.94,21.72,25.46,35.26,48.83,57.91,32.2639,31.3019,29.0338,26.3865,24.8681,10223058,1254,2026-08-14,61.32,45409259.0
NYSE:PBT,PBT,Permian Basin Royalty Trust,Energy,Oil & Gas Midstream,United States,NYSE,1523641541.0,32.69,61.43,60.96,8,70.4,2660,False,-5.33,122.01,45.84,53.19,101.18,110.71,96.5,22.4151,21.3392,16.2493,15.514,16.636,4873543,1255,2026-08-14,66.34,46608796.0
NASDAQ:IBCP,IBCP,Independent Bank Corporation,Financial Services,Banks - Regional,United States,NASDAQ,789283116.0,38.31,61.46,60.96,8,70.5,2661,False,-0.49,30.89,13.15,15.34,18.23,32.6,46.58,33.8567,33.2145,32.4024,28.8923,26.1356,7756675,1255,2026-08-14,63.64,20602535.0
NYSE:CLB,CLB,Core Laboratories Inc.,Energy,Oil & Gas Equipment & Services,United States,NYSE,571262548.0,12.45,61.47,55.55,8,70.5,2662,True,-36.57,26.25,-18.34,-14.66,-17.84,-24.51,-29.41,15.2465,14.5893,15.1534,16.4932,17.6381,8348686,1255,2026-08-14,60.86,45884542.0
NASDAQ:CURR,CURR,Currenc Group Inc.,Technology,Software - Application,Singapore,NASDAQ,407583243.0,3.63,61.47,58.29,8,70.5,2663,False,-19.15,163.04,36.19,47.25,,,,2.6654,2.4653,,,,458095,488,2026-08-14,60.59,112281885.0
NASDAQ:LTRX,LTRX,"Lantronix, Inc.",Technology,Communication Equipment,United States,NASDAQ,288617623.0,6.47,61.47,56.9,8,70.5,2664,True,-23.43,123.88,8.91,14.49,47.25,47.2,44.06,5.9408,5.6509,4.3938,4.3953,4.4912,3819806,1255,2026-08-14,56.05,44608597.0
NYSE:FRO,FRO,Frontline Plc,Energy,Oil & Gas Midstream,Cyprus,NYSE,9174289256.0,41.21,61.48,58.96,8,70.6,2665,False,-3.89,139.96,33.87,43.62,81.97,93.78,122.45,30.7828,28.694,22.6468,21.266,18.5258,70037945,1255,2026-08-14,59.0,222622889.0
NYSE:IQV,IQV,"IQVIA Holdings, Inc.",Healthcare,Diagnostics & Research,United States,NYSE,38954236000.0,236.66,61.49,62.41,8,70.6,2666,False,-4.4,51.07,19.18,19.72,21.38,16.14,15.38,198.5726,197.6776,194.9717,203.78,205.1113,341532000,1254,2026-08-14,66.69,164600000.0
NASDAQ:SLP,SLP,"Simulations Plus, Inc.",Healthcare,Health Information Services,United States,NASDAQ,371125777.0,18.35,61.49,61.77,8,70.6,2667,True,-11.95,61.53,12.81,14.46,-17.38,-36.55,-44.1,16.2657,16.0317,22.2107,28.9201,32.8265,7081343,1255,2026-08-14,59.34,20224838.0
NASDAQ:KELYB,KELYB,"Kelly Services, Inc.",Industrials,Staffing & Employment Services,United States,NASDAQ,78907222.0,23.94,61.5,60.26,8,70.7,2668,False,-36.35,184.94,55.87,59.99,63.19,45.09,46.72,15.3587,14.9635,14.6703,16.5003,16.3172,22797,1255,2026-08-14,59.69,3296041.0
NASDAQ:FIBK,FIBK,"First Interstate BancSystem, Inc.",Financial Services,Banks - Regional,United States,NASDAQ,3805086570.0,39.17,61.51,59.39,8,70.7,2669,False,-1.41,40.77,12.98,16.05,27.95,39.65,40.47,34.6699,33.7516,30.6145,28.0497,27.8845,45497179,1255,2026-08-14,59.12,97142879.0
NASDAQ:USGO,USGO,U.S. GoldMining Inc.,Basic Materials,Other Industrial Metals & Mining,Canada,NASDAQ,122536524.0,8.83,61.53,54.63,8,70.7,2670,True,-44.22,20.46,-17.06,-17.47,-10.45,0.31,,10.6464,10.6994,9.8609,8.8028,,529186,832,2026-08-14,57.19,13877296.0
NYSE:LNC,LNC,Lincoln National Corporation,Financial Services,Insurance - Life,United States,NYSE,8703195895.0,45.46,61.54,62.32,8,70.7,2671,False,-3.28,42.94,18.25,17.91,30.3,45.24,50.92,38.4437,38.5533,34.8893,31.2996,30.1228,94882608,1255,2026-08-14,60.86,191447336.0
NYSE:VCV,VCV,Invesco California Value Municipal Income Trust,Financial Services,Asset Management,United States,NYSE,528475270.0,10.76,61.54,58.2,8,70.7,2672,False,-2.02,13.0,1.88,3.31,8.03,15.22,20.19,10.561,10.4149,9.9605,9.3383,8.9527,1103059,1255,2026-08-14,60.06,49114802.0
NYSE:AGI,AGI,Alamos Gold Inc.,Basic Materials,Gold,Canada,NYSE,13964644952.0,33.36,61.55,54.67,8,70.8,2673,True,-39.59,31.6,-13.83,-10.61,11.2,35.66,58.85,38.7161,37.3181,30.0004,24.5909,21.0013,149358128,1255,2026-08-14,59.35,418604465.0
NASDAQ:KURA,KURA,"Kura Oncology, Inc.",Healthcare,Biotechnology,United States,NASDAQ,964089604.0,10.86,61.55,57.38,8,70.8,2674,False,-10.54,64.55,12.69,15.06,8.67,-9.73,-11.33,9.6375,9.4384,9.9932,12.0309,12.2471,13268091,1255,2026-08-14,51.99,88774365.0
NASDAQ:TRMK,TRMK,Trustmark Corporation,Financial Services,Banks - Regional,United States,NASDAQ,2811718425.0,48.29,61.57,60.07,8,70.8,2675,False,-0.47,33.98,13.12,15.31,27.24,43.81,52.24,42.6892,41.877,37.9519,33.5795,31.72,20431531,1255,2026-08-14,61.5,58225687.0
NASDAQ:SHAZ,SHAZ,"SharonAI Holdings, Inc.",Technology,Information Technology Services,United States,NASDAQ,2696996418.0,76.47,61.58,57.27,8,70.9,2676,False,-17.51,336.47,,,,,,,,,,,126396971,124,2026-08-14,58.79,35268686.0
NYSE:INR,INR,"Infinity Natural Resources, Inc.",Energy,Oil & Gas E&P,United States,NYSE,264022627.0,14.08,61.59,56.67,8,70.9,2677,False,-26.78,25.71,-4.04,-2.3,,,,14.6731,14.4112,,,,3750584,386,2026-08-14,57.91,18751607.0
NASDAQ:PRAX,PRAX,"Praxis Precision Medicines, Inc.",Healthcare,Biotechnology,United States,NASDAQ,10226213091.0,366.81,61.59,59.21,8,70.9,2678,False,-5.05,872.84,25.03,48.9,142.09,224.58,296.04,293.3782,246.3429,151.521,113.0117,92.619,136021120,1254,2026-08-14,62.23,27878774.0
AMEX:NFGC,NFGC,New Found Gold Corp,Basic Materials,Gold,Canada,AMEX,649099508.0,1.69,61.61,55.73,8,70.9,2679,True,-51.44,24.26,-23.67,-22.82,-15.58,-33.11,-42.54,2.2142,2.1896,2.0018,2.5265,2.9411,2126433,1255,2026-08-14,58.98,384082549.0
NASDAQ:NBTB,NBTB,NBT Bancorp Inc.,Financial Services,Banks - Regional,United States,NASDAQ,2785668026.0,53.56,61.62,61.99,8,71.0,2680,False,-1.29,39.94,19.82,21.76,23.35,33.02,37.95,44.7006,43.9881,43.4225,40.2655,38.8252,19926177,1255,2026-08-14,61.72,52010232.0
NASDAQ:VSNT,VSNT,"Versant Media Group, Inc.",Communication Services,Entertainment,United States,NASDAQ,5595417516.0,39.65,61.65,57.75,8,71.0,2681,False,-14.69,47.62,,,,,,,,,,,67475466,166,2026-08-14,58.95,141120240.0
NYSE:IIM,IIM,Invesco Value Municipal Income Trust,Financial Services,Asset Management,United States,NYSE,602429912.0,12.79,61.66,59.29,8,71.1,2682,False,-1.03,18.36,5.07,6.27,11.8,17.79,21.24,12.1732,12.0352,11.4399,10.8583,10.5496,1078429,1255,2026-08-14,63.29,47101635.0
NASDAQ:NUCL,NUCL,Eagle Nuclear Energy Corp.,Energy,Uranium,United States,NASDAQ,236638384.0,8.0,61.66,54.08,8,71.1,2683,False,-39.44,65.98,,,,,,,,,,,3065271,118,2026-08-14,60.07,29579798.0
NASDAQ:SHMD,SHMD,SCHMID Group N.V.,Industrials,Specialty Industrial Machinery,Germany,NASDAQ,357932707.0,5.45,61.66,55.19,8,71.1,2684,False,-47.7,159.52,-10.21,0.97,29.51,,,6.0697,5.3977,4.2082,,,1853699,573,2026-08-14,62.71,65675726.0
NASDAQ:KRUS,KRUS,"Kura Sushi USA, Inc.",Consumer Cyclical,Restaurants,United States,NASDAQ,590492667.0,52.96,61.67,55.95,8,71.1,2685,False,-37.73,24.1,-7.17,-11.69,-22.46,-27.65,-27.31,57.049,59.9681,68.2994,73.1984,72.8601,9577974,1254,2026-08-14,62.38,11149786.0
NASDAQ:OMEX,OMEX,"Odyssey Marine Exploration, Inc.",Basic Materials,Other Industrial Metals & Mining,United States,NASDAQ,52775278.0,0.901,61.68,56.24,8,71.1,2686,False,-78.13,51.17,-36.43,-42.74,-32.51,-60.18,-63.97,1.4172,1.5735,1.3351,2.2629,2.5003,294587,1255,2026-08-14,62.8,58574115.0
NYSE:CAVA,CAVA,"CAVA Group, Inc.",Consumer Cyclical,Restaurants,United States,NYSE,8667984364.0,74.42,61.69,55.48,8,71.2,2687,False,-23.59,70.73,5.08,6.99,-15.87,-4.32,,70.8232,69.5579,88.4578,77.7791,,272501448,794,2026-08-14,58.61,116473856.0
NYSE:DELL,DELL,Dell Technologies Inc.,Technology,Computer Hardware,United States,NYSE,159536167391.0,490.81,61.69,60.33,8,71.2,2688,False,-0.75,343.99,114.24,133.78,205.8,255.45,331.84,229.0891,209.9496,160.4977,138.08,113.6546,2563988505,1255,2026-08-14,62.63,325046693.0
NASDAQ:SRBK,SRBK,"SR Bancorp, Inc.",Financial Services,Banks - Regional,United States,NASDAQ,146466360.0,20.15,61.7,60.35,8,71.2,2689,False,-1.13,41.9,15.87,19.73,40.6,,,17.3904,16.829,14.3311,,,476022,727,2026-08-14,65.33,7268802.0
NYSE:IT,IT,"Gartner, Inc.",Technology,Information Technology Services,United States,NYSE,12124317579.0,181.09,61.71,60.4,8,71.2,2690,False,-31.43,44.03,0.12,-7.05,-44.8,-49.77,-48.48,180.8769,194.826,328.0796,360.5054,351.5236,259337415,1255,2026-08-14,63.49,66951889.0
NYSE:DSX,DSX,Diana Shipping inc.,Industrials,Marine Shipping,Greece,NYSE,308518148.0,2.48,61.72,58.41,8,71.3,2691,False,-14.11,62.39,12.08,17.7,26.12,10.39,-1.16,2.2127,2.1071,1.9663,2.2466,2.5092,1653908,1255,2026-08-14,61.13,124402479.0
NASDAQ:FMBH,FMBH,"First Mid Bancshares, Inc.",Financial Services,Banks - Regional,United States,NASDAQ,1384287550.0,52.01,61.72,62.34,8,71.3,2692,False,-1.08,51.45,21.55,24.63,33.2,45.22,53.88,42.7884,41.7315,39.0459,35.8139,33.7986,6977198,1255,2026-08-14,62.86,26615796.0
NYSE:NOW,NOW,"ServiceNow, Inc.",Technology,Software - Application,United States,NYSE,128198888000.0,124.0,61.72,59.66,8,71.3,2693,False,-35.49,49.4,1.8,-7.78,-23.82,-19.93,-10.76,121.81,134.4676,162.7661,154.8685,138.9479,2778051984,1255,2026-08-14,66.67,1033862000.0
AMEX:GAU,GAU,Galiano Gold Inc.,Basic Materials,Gold,Canada,AMEX,545936767.0,2.09,61.73,55.98,8,71.3,2694,False,-41.46,21.51,-13.57,-13.7,10.18,28.1,53.26,2.4181,2.4217,1.8969,1.6316,1.3637,6057938,1255,2026-08-14,61.73,261213764.0
NASDAQ:CGC,CGC,Canopy Growth Corporation,Healthcare,Drug Manufacturers - Specialty & Generic,Canada,NASDAQ,430597990.0,1.02,61.74,56.76,8,71.4,2695,True,-46.87,19.02,-6.94,-12.06,-46.36,-70.35,-87.27,1.0961,1.1599,1.9015,3.4404,8.0154,2835482,1255,2026-08-14,60.28,422154892.0
NASDAQ:CRBP,CRBP,"Corbus Pharmaceuticals Holdings, Inc.",Healthcare,Biotechnology,United States,NASDAQ,186945452.0,10.09,61.74,58.39,8,71.4,2696,False,-47.88,36.72,7.02,0.53,-22.7,-40.67,-29.17,9.4282,10.037,13.0529,17.0058,14.2454,2796218,1254,2026-08-14,61.62,18527795.0
NASDAQ:NFLX,NFLX,"Netflix, Inc.",Communication Services,Entertainment,United States,NASDAQ,325453525076.0,78.16,61.75,55.63,8,71.4,2697,False,-38.13,15.62,-12.38,-18.31,-18.42,-4.34,12.64,89.2041,95.6843,95.8105,81.7053,69.3881,2775094376,1255,2026-08-14,62.04,4163939676.0
NYSE:LTH,LTH,"Life Time Group Holdings, Inc.",Consumer Cyclical,Leisure,United States,NYSE,10113887766.0,45.26,61.76,62.7,8,71.5,2698,False,-0.96,84.06,45.99,49.53,57.39,85.72,103.65,31.0028,30.2685,28.7561,24.3701,22.2241,140950927,1218,2026-08-14,58.0,223461948.0
NASDAQ:PNRG,PNRG,PrimeEnergy Resources Corporation,Energy,Oil & Gas E&P,United States,NASDAQ,325185640.0,200.98,61.76,56.88,8,71.5,2699,True,-26.27,55.9,5.62,9.24,11.46,29.63,45.62,190.2946,183.9736,180.3109,155.0398,138.0197,13588284,1255,2026-08-14,57.58,1618000.0
NYSE:SLB,SLB,SLB Limited,Energy,Oil & Gas Equipment & Services,United States,NYSE,79802381531.0,53.77,61.77,58.35,8,71.5,2700,True,-7.31,72.76,13.6,20.68,30.91,23.52,22.5,47.3335,44.5555,41.0754,43.5302,43.8932,637316793,1255,2026-08-14,56.75,1484143231.0
NYSE:YUMC,YUMC,"Yum China Holdings, Inc.",Consumer Cyclical,Restaurants,China,NYSE,16307476986.0,47.59,61.77,59.88,8,71.5,2701,True,-16.88,18.44,0.54,2.23,4.94,9.05,3.34,47.3321,46.5535,45.3498,43.6402,46.0521,74286082,1254,2026-08-14,59.97,342666043.0
NASDAQ:NEGG,NEGG,"Newegg Commerce, Inc.",Consumer Cyclical,Internet Retail,United States,NASDAQ,392203010.0,18.7,61.78,55.5,8,71.6,2702,False,-85.4,45.3,-54.23,-57.4,-35.36,-26.75,-33.1,40.8554,43.8932,28.9283,25.53,27.9507,1495144,1255,2026-08-14,63.21,20973423.0
NASDAQ:CLDX,CLDX,"Celldex Therapeutics, Inc.",Healthcare,Biotechnology,United States,NASDAQ,3292742420.0,41.95,61.79,62.06,8,71.6,2703,False,-6.51,100.81,38.04,43.29,54.23,40.65,33.32,30.3896,29.2757,27.1988,29.8257,31.466,38429193,1255,2026-08-14,65.25,78492072.0
NYSE:GFR,GFR,Greenfire Resources Ltd.,Energy,Oil & Gas E&P,Canada,NYSE,870477260.0,6.94,61.8,60.04,8,71.6,2704,True,-2.25,61.02,22.76,26.7,20.94,15.91,-1.56,5.6532,5.4774,5.7386,5.9872,7.0499,2063862,1171,2026-08-14,60.02,125429000.0
NASDAQ:HQY,HQY,"HealthEquity, Inc.",Healthcare,Health Information Services,United States,NASDAQ,8755653903.0,104.73,61.8,61.81,8,71.6,2705,False,-1.93,43.05,17.63,16.81,14.14,21.41,30.23,89.0305,89.6577,91.7522,86.2592,80.422,68750267,1254,2026-08-14,64.51,83602157.0
NASDAQ:WSFS,WSFS,WSFS Financial Corporation,Financial Services,Banks - Regional,United States,NASDAQ,4196344080.0,81.66,61.8,61.7,8,71.6,2706,False,-0.52,63.97,23.13,27.83,40.2,54.91,63.49,66.3186,63.881,58.2474,52.7129,49.9495,32920219,1255,2026-08-14,61.34,51388000.0
NASDAQ:FVCB,FVCB,"FVCBankcorp, Inc.",Financial Services,Banks - Regional,United States,NASDAQ,337979754.0,18.78,61.81,62.22,8,71.7,2707,False,-1.31,58.72,23.62,27.77,41.58,47.74,46.81,15.1918,14.6983,13.2649,12.7115,12.7923,1882492,1254,2026-08-14,63.01,17996792.0
NASDAQ:RYTM,RYTM,"Rhythm Pharmaceuticals, Inc.",Healthcare,Biotechnology,United States,NASDAQ,7921185926.0,115.48,61.82,60.47,8,71.7,2708,False,-1.82,52.31,16.46,15.95,45.26,76.43,110.95,99.1622,99.598,79.4963,65.4526,54.7429,77024838,1254,2026-08-14,62.93,68593574.0
NYSE:WAB,WAB,Westinghouse Air Brake Technologies Corporation,Industrials,Railroads,United States,NYSE,50507722666.0,299.02,61.83,60.77,8,71.7,2709,False,-2.21,61.65,20.87,26.57,40.61,60.56,82.32,247.3999,236.2478,212.6548,186.2403,164.0059,336583923,1255,2026-08-14,61.04,168910851.0
NYSE:LYV,LYV,"Live Nation Entertainment, Inc.",Communication Services,Entertainment,United States,NYSE,43903548312.0,188.46,61.84,60.07,8,71.8,2710,False,0.0,50.04,19.6,18.98,30.46,48.91,64.29,157.5711,158.3962,144.4563,126.5635,114.7096,387494256,1255,2026-08-14,58.73,232959505.0
NASDAQ:OMDA,OMDA,"Omada Health, Inc.",Healthcare,Health Information Services,United States,NASDAQ,1429142108.0,24.04,61.84,61.21,8,71.8,2711,False,-10.23,119.74,42.05,32.2,,,,16.9236,18.184,,,,35549629,298,2026-08-14,63.88,59448507.0
NYSE:UNM,UNM,Unum Group,Financial Services,Insurance - Life,United States,NYSE,14774139000.0,93.33,61.85,59.87,8,71.8,2712,False,0.0,39.38,18.07,20.07,26.46,44.51,60.67,79.0434,77.7268,73.8046,64.5833,58.089,134960395,1255,2026-08-14,60.49,158300000.0
NASDAQ:CRSR,CRSR,"Corsair Gaming, Inc.",Technology,Computer Hardware,United States,NASDAQ,1388399921.0,12.99,61.86,61.64,8,71.8,2713,False,-9.48,183.62,79.56,73.39,66.2,38.59,17.24,7.2345,7.4916,7.8157,9.3729,11.0794,27170983,1255,2026-08-14,65.67,106882211.0
NYSE:MG,MG,Mistras Group Inc,Industrials,Security & Protection Services,United States,NYSE,575881926.0,18.1,61.87,58.42,8,71.9,2714,False,-6.12,100.67,19.12,28.9,53.89,74.57,95.64,15.1951,14.0423,11.7614,10.3683,9.2515,3063247,1255,2026-08-14,64.11,31816681.0
NASDAQ:MSEX,MSEX,Middlesex Water Company,Utilities,Utilities - Regulated Water,United States,NASDAQ,1106704949.0,58.73,61.87,60.36,8,71.9,2715,False,-3.26,22.51,11.21,10.86,7.08,5.74,-3.46,52.8092,52.9753,54.8465,55.5394,60.8366,7412398,1255,2026-08-14,62.98,18843946.0
NASDAQ:SYBT,SYBT,"Stock Yards Bancorp, Inc.",Financial Services,Banks - Regional,United States,NASDAQ,2642644080.0,85.06,61.87,62.26,8,71.9,2716,True,-3.37,37.58,21.15,20.34,21.81,38.37,42.13,70.2102,70.6817,69.8282,61.4738,59.8459,15544091,1255,2026-08-14,61.62,31068000.0
NYSE:ACVA,ACVA,ACV Auctions Inc.,Consumer Cyclical,Auto & Truck Dealerships,United States,NYSE,1443817073.0,8.27,61.88,60.84,8,72.0,2717,False,-31.93,99.28,23.78,11.21,-34.66,-40.22,-37.72,6.6814,7.4362,12.6569,13.8345,13.2778,27714924,1254,2026-08-14,57.85,174584894.0
NYSE:KO,KO,Coca-Cola Company (The),Consumer Defensive,Beverages - Non-Alcoholic,United States,NYSE,377376594104.0,87.71,61.88,60.39,8,72.0,2718,False,-1.54,36.3,14.94,18.12,25.35,34.23,39.65,76.3099,74.2526,69.972,65.3412,62.8072,1364571402,1255,2026-08-14,60.78,4302549243.0
NASDAQ:CBNK,CBNK,"Capital Bancorp, Inc.",Financial Services,Banks - Regional,United States,NASDAQ,613128800.0,37.64,61.89,62.49,8,72.0,2719,False,-0.63,43.04,21.48,21.04,26.46,41.82,51.18,30.9845,31.097,29.7649,26.54,24.8982,2099430,1254,2026-08-14,64.52,16289288.0
NASDAQ:RNA,RNA,"Atrium Therapeutics, Inc.",Healthcare,Biotechnology,United States,NASDAQ,219636456.0,12.84,61.89,56.14,8,72.0,2720,False,-22.37,14.85,,,,,,,,,,,1493858,116,2026-08-14,54.58,17105643.0
NASDAQ:FLYW,FLYW,Flywire Corporation - Voting,Technology,Software - Infrastructure,United States,NASDAQ,2286253174.0,18.81,61.9,59.67,8,72.1,2721,False,0.0,76.79,31.19,33.63,29.13,7.61,-4.62,14.3375,14.0758,14.5667,17.4791,19.7208,38992061,1254,2026-08-14,58.31,121544560.0
NASDAQ:NKLR,NKLR,Terra Innovatum Global N.V.,Utilities,Utilities - Regulated Electric,Italy,NASDAQ,673503034.0,6.095,61.9,58.43,8,72.1,2722,False,-66.62,55.88,14.09,,,,,5.3425,,,,,2679323,215,2026-08-14,62.91,110500908.0
NASDAQ:VSTM,VSTM,"Verastem, Inc.",Healthcare,Biotechnology,United States,NASDAQ,578208545.0,6.58,61.9,61.61,8,72.1,2723,False,-38.9,90.72,3.83,-4.4,10.31,-2.76,-5.76,6.3373,6.8829,5.9651,6.7667,6.9819,12504746,1255,2026-08-14,64.07,87873639.0
NYSE:APD,APD,"Air Products and Chemicals, Inc.",Basic Materials,Specialty Chemicals,United States,NYSE,68803148204.0,308.97,61.91,59.26,8,72.2,2724,False,-1.66,36.56,12.0,12.39,10.54,15.02,16.16,275.8663,274.9105,279.5063,268.6317,265.9779,307410489,1255,2026-08-14,58.78,222685530.0
NYSE:BCAT,BCAT,BlackRock Capital Allocation Term Trust Common Shares of Beneficial Interest,Financial Services,Asset Management,United States,NYSE,1661735798.0,15.86,61.91,60.8,8,72.2,2725,False,-0.48,34.03,15.06,17.84,29.18,40.62,51.64,13.7842,13.4587,12.2774,11.2789,10.4593,9893729,1255,2026-08-14,65.39,104775271.0
NYSE:NE,NE,Noble Corporation plc A,Energy,Oil & Gas Drilling,United States,NYSE,7199864032.0,45.1,61.94,57.09,8,72.2,2726,False,-16.15,78.99,12.81,20.52,39.8,28.71,31.0,39.9793,37.4206,32.261,35.0407,34.4267,67545386,1254,2026-08-14,59.51,159642218.0
NASDAQ:BRZE,BRZE,"Braze, Inc.",Technology,Software - Application,United States,NASDAQ,3258434184.0,28.93,61.96,60.25,8,72.2,2727,False,-20.06,83.22,18.32,14.47,-4.73,-18.97,-17.92,24.4497,25.2726,30.3657,35.7025,35.2451,56817084,1188,2026-08-14,66.31,112631669.0
NASDAQ:IKT,IKT,"Inhibikase Therapeutics, Inc.",Healthcare,Biotechnology,United States,NASDAQ,378448653.0,2.41,61.97,62.01,8,72.3,2728,False,-2.43,70.92,33.58,35.96,24.1,30.41,0.5,1.8042,1.7725,1.942,1.8479,2.3981,1761057,1254,2026-08-14,61.97,157032636.0
NASDAQ:RRBI,RRBI,"Red River Bancshares, Inc.",Financial Services,Banks - Regional,United States,NASDAQ,676248279.0,102.7,61.97,61.05,8,72.3,2729,False,-0.71,67.61,20.45,26.86,51.82,67.87,76.2,85.2665,80.9582,67.6447,61.1782,58.2847,7978080,1254,2026-08-14,65.08,6584696.0
NASDAQ:SELF,SELF,"Global Self Storage, Inc.",Real Estate,REIT - Specialty,United States,NASDAQ,61106266.0,5.35,61.98,58.86,8,72.3,2730,False,-3.1,14.96,6.34,7.2,9.45,16.06,18.17,5.0312,4.9907,4.8881,4.6097,4.5273,146708,1255,2026-08-14,51.41,11421732.0
NASDAQ:ARQQ,ARQQ,Arqit Quantum Inc.,Technology,Software - Infrastructure,United Kingdom,NASDAQ,423922732.0,24.36,61.99,58.68,8,72.3,2731,False,-58.19,106.79,18.45,0.74,12.16,28.82,-30.34,20.5659,24.1821,21.7193,18.9099,34.9696,5859882,1255,2026-08-14,60.5,17402411.0
NASDAQ:MNSB,MNSB,"MainStreet Bancshares, Inc.",Financial Services,Banks - Regional,United States,NASDAQ,176939509.0,24.86,61.99,58.57,8,72.3,2732,False,-1.27,39.74,13.27,14.87,27.14,29.59,23.05,21.947,21.6411,19.5534,19.1841,20.2027,876511,1255,2026-08-14,67.6,7117438.0
NYSE:GFF,GFF,Griffon Corporation,Industrials,Building Products & Equipment,United States,NYSE,4777468285.0,104.16,62.01,60.64,8,72.4,2733,False,-2.85,57.2,25.18,27.59,36.7,49.6,72.98,83.2088,81.6361,76.1953,69.6239,60.2142,33963589,1255,2026-08-14,65.82,45866631.0
NASDAQ:RSSS,RSSS,"Research Solutions, Inc",Technology,Software - Application,United States,NASDAQ,77598274.0,2.32,62.01,56.21,8,72.4,2734,False,-41.41,9.43,-9.0,-14.58,-18.97,-16.91,-11.04,2.5495,2.7158,2.8631,2.7921,2.6078,70246,1255,2026-08-14,59.01,33447532.0
NASDAQ:STX,STX,Seagate Technology Holdings PLC - Ordinary Shares (Ireland),Technology,Computer Hardware,Singapore,NASDAQ,220970880000.0,973.44,62.01,58.21,8,72.4,2735,False,-10.96,535.55,77.18,103.72,234.58,340.94,442.35,549.3945,477.8328,290.9482,220.7644,179.4861,4649332444,1255,2026-08-14,57.66,227000000.0
NYSE:RAL,RAL,Ralliant Corporation,Technology,Electronic Components,United States,NYSE,7998166178.0,72.29,62.02,60.31,8,72.5,2736,True,-1.82,88.67,35.6,41.35,,,,53.3122,51.1416,,,,123241163,286,2026-08-14,60.02,110640008.0
NASDAQ:VRDN,VRDN,"Viridian Therapeutics, Inc.",Healthcare,Biotechnology,United States,NASDAQ,2438243219.0,22.08,62.02,60.86,8,72.5,2737,True,-34.64,66.02,-7.83,-4.67,8.76,16.26,7.26,23.9547,23.1605,20.3013,18.9916,20.5849,37962346,1254,2026-08-14,61.56,110427682.0
NYSE:ALB,ALB,Albemarle Corporation,Basic Materials,Specialty Chemicals,United States,NYSE,16056802734.0,136.15,62.03,53.18,8,72.5,2738,False,-36.7,90.13,-11.3,-2.27,25.2,19.08,-5.18,153.5024,139.3142,108.7464,114.3351,143.5851,292775232,1255,2026-08-14,55.26,117934651.0
NASDAQ:BLZE,BLZE,"Backblaze, Inc.",Technology,Software - Infrastructure,United States,NASDAQ,1141480184.0,19.02,62.04,62.46,8,72.6,2739,False,-6.9,474.62,163.24,149.24,179.13,172.76,190.64,7.2254,7.6312,6.8141,6.9731,6.5442,50019113,1193,2026-08-14,69.43,60014731.0
NASDAQ:FENC,FENC,Fennec Pharmaceuticals Inc.,Healthcare,Biotechnology,United States,NASDAQ,407117992.0,11.72,62.04,60.77,8,72.6,2740,False,-2.82,103.12,40.65,38.91,58.99,51.73,47.98,8.3328,8.4369,7.3717,7.724,7.9199,1638726,1254,2026-08-14,66.51,34737030.0
NASDAQ:LRMR,LRMR,"Larimar Therapeutics, Inc.",Healthcare,Biotechnology,United States,NASDAQ,452929605.0,4.36,62.04,58.98,8,72.6,2741,True,-26.72,55.16,11.67,10.38,3.55,-10.62,-6.15,3.9043,3.95,4.2104,4.8782,4.6456,4938541,1254,2026-08-14,60.01,103882937.0
NYSE:OSCR,OSCR,"Oscar Health, Inc.",Healthcare,Healthcare Plans,United States,NYSE,8710949520.0,32.76,62.06,60.2,8,72.6,2742,False,0.0,201.94,68.99,70.08,86.8,106.81,147.72,19.3854,19.2618,17.5376,15.8403,13.2246,165794429,1255,2026-08-14,55.96,265902000.0
NASDAQ:IFRX,IFRX,InflaRx N.V.,Healthcare,Biotechnology,Germany,NASDAQ,300477432.0,2.04,62.07,56.68,8,72.6,2743,False,-25.55,150.0,41.44,44.78,38.18,26.2,2.93,1.4423,1.4091,1.4764,1.6165,1.9819,1776781,1254,2026-08-14,60.4,147292859.0
NYSE:APAM,APAM,Artisan Partners Asset Management Inc.,Financial Services,Asset Management,United States,NYSE,2994495580.0,42.18,62.09,61.68,8,72.7,2744,False,-4.19,24.17,9.54,7.72,9.56,14.74,24.07,38.508,39.1564,38.4987,36.7622,33.997,36962058,1254,2026-08-14,65.93,70993257.0
NYSE:NOV,NOV,NOV Inc.,Energy,Oil & Gas Equipment & Services,United States,NYSE,7535947562.0,21.14,62.09,58.98,8,72.7,2745,True,-1.02,77.9,15.12,22.8,35.99,29.32,26.69,18.3642,17.2143,15.5454,16.3465,16.687,72511611,1255,2026-08-14,58.0,356478125.0
NASDAQ:EXFY,EXFY,"Expensify, Inc.",Technology,Software - Application,United States,NASDAQ,181554649.0,2.3,62.1,62.45,8,72.7,2746,False,-14.5,207.9,68.82,57.75,10.02,6.71,-45.15,1.3624,1.458,2.0905,2.1554,4.1933,2700010,1194,2026-08-14,59.83,78936804.0
NYSE:MKC.V,MKC-V,"McCormick & Company, Incorporated",Consumer Defensive,Packaged Foods,United States,NYSE,804628341.0,54.38,62.1,59.26,8,72.7,2747,False,-23.11,20.36,-4.44,-7.41,-17.89,-18.07,-20.89,56.906,58.7349,66.2312,66.3714,68.7368,316857,1255,2026-08-14,60.78,14796402.0
NYSE:HNGE,HNGE,"Hinge Health, Inc.",Healthcare,Health Information Services,United States,NYSE,4836502892.0,88.49,62.11,62.16,8,72.8,2748,False,-3.36,183.89,65.36,64.98,,,,53.5121,53.6363,,,,143179331,309,2026-08-14,60.64,54655926.0
NYSE:COTY,COTY,Coty Inc.,Consumer Defensive,Household & Personal Products,United States,NYSE,2509329348.0,2.85,62.12,61.69,8,72.8,2749,True,-43.79,54.05,6.5,-4.91,-40.49,-58.66,-62.57,2.6761,2.9971,4.7892,6.8938,7.6141,24188931,1254,2026-08-14,57.75,880466438.0
NASDAQ:FOXF,FOXF,Fox Factory Holding Corp.,Consumer Cyclical,Auto Parts,United States,NASDAQ,881497516.0,21.02,62.12,60.25,8,72.8,2750,False,-30.74,59.36,18.34,7.54,-15.19,-44.69,-61.18,17.7631,19.5454,24.7862,38.0033,54.1501,11898201,1254,2026-08-14,62.6,41936133.0
NYSE:SM,SM,SM Energy Company,Energy,Oil & Gas E&P,United States,NYSE,8091518659.0,33.75,62.12,59.05,8,72.8,2751,False,-2.38,95.06,33.89,34.52,16.85,3.79,4.24,25.208,25.0901,28.884,32.5168,32.3783,118853085,1255,2026-08-14,57.48,239748701.0
NASDAQ:ALVO,ALVO,Alvotech,Healthcare,Drug Manufacturers - Specialty & Generic,Luxembourg,NASDAQ,1371481415.0,4.055,62.14,58.64,8,72.9,2752,False,-54.94,35.17,-4.78,-20.37,-49.65,-56.59,-56.61,4.2586,5.0923,8.0542,9.3412,9.3447,3121485,1043,2026-08-14,63.47,338219831.0
NYSE:MA,MA,Mastercard Incorporated,Financial Services,Credit Services,United States,NYSE,494977226028.0,569.29,62.14,61.6,8,72.9,2753,False,-4.36,20.93,8.13,6.09,6.91,14.42,23.69,526.4702,536.6316,532.4896,497.5643,460.2666,1661274043,1255,2026-08-14,60.95,869464115.0
NYSE:ECAT,ECAT,BlackRock ESG Capital Allocation Term Trust Common Shares of Beneficial Interest,Financial Services,Asset Management,United States,NYSE,1539769392.0,15.48,62.15,60.62,8,72.9,2754,False,-0.52,26.32,11.13,11.87,20.41,30.88,42.52,13.9302,13.837,12.8557,11.8277,10.8615,8156787,1224,2026-08-14,65.92,99468307.0
NYSE:NXDR,NXDR,"Nextdoor Holdings, Inc.",Communication Services,Internet Content & Information,United States,NYSE,655042727.0,2.58,62.15,61.16,8,72.9,2755,False,-6.86,89.71,34.23,32.34,27.6,26.4,19.3,1.922,1.9496,2.0219,2.0412,2.1627,6365310,1195,2026-08-14,62.15,253892530.0
NASDAQ:GILD,GILD,"Gilead Sciences, Inc.",Healthcare,Drug Manufacturers - General,United States,NASDAQ,171783607767.0,138.36,62.16,58.68,8,73.0,2756,False,-10.1,27.52,5.38,8.46,24.43,42.71,53.69,131.2905,127.5707,111.1989,96.9525,90.027,893384697,1255,2026-08-14,61.81,1241569874.0
NASDAQ:SRCE,SRCE,1st Source Corporation,Financial Services,Banks - Regional,United States,NASDAQ,2132503743.0,88.6,62.16,63.75,8,73.0,2757,False,-2.44,57.61,25.12,29.0,39.19,52.47,62.2,70.8111,68.6829,63.6539,58.111,54.6249,12788895,1255,2026-08-14,62.34,24068891.0
NYSE:ANDG,ANDG,Andersen Group Inc.,Consumer Cyclical,Personal Services,United States,NYSE,633191893.0,48.89,62.17,62.01,8,73.1,2758,True,-2.22,166.58,,,,,,,,,,,18766859,164,2026-08-14,60.55,12951358.0
NASDAQ:TLSI,TLSI,"TriSalus Life Sciences, Inc.",Healthcare,Medical Devices,United States,NASDAQ,324498142.0,5.27,62.17,60.87,8,73.1,2759,False,-29.73,109.13,10.04,9.96,8.47,-7.07,-22.4,4.7893,4.7927,4.8586,5.6711,6.7913,1057919,1254,2026-08-14,73.36,61574600.0
NYSE:KMI,KMI,"Kinder Morgan, Inc.",Energy,Oil & Gas Midstream,United States,NYSE,73083644561.0,32.82,62.18,57.88,8,73.1,2760,False,-3.45,32.02,8.85,11.89,21.47,40.43,54.81,30.1504,29.3326,27.0184,23.3712,21.1995,332525684,1255,2026-08-14,55.12,2226802089.0
NASDAQ:BATRA,BATRA,"Atlanta Braves Holdings, Inc. - Series A",Communication Services,Entertainment,United States,NASDAQ,591541661.0,57.33,62.19,58.9,8,73.1,2761,False,-0.73,36.76,17.22,19.05,24.68,28.77,36.22,48.9096,48.1583,45.9831,44.5203,42.0848,3623264,1254,2026-08-14,59.45,10318187.0
NASDAQ:EYPT,EYPT,"EyePoint, Inc.",Healthcare,Biotechnology,United States,NASDAQ,1271629036.0,14.75,62.2,58.26,8,73.2,2762,True,-21.75,35.94,4.22,6.48,33.99,19.86,37.31,14.1534,13.8527,11.0081,12.3059,10.7422,22651922,1255,2026-08-14,54.04,86212138.0
NYSE:KLAR,KLAR,Klarna Group plc,Financial Services,Credit Services,United Kingdom,NYSE,7860979374.0,20.79,62.2,59.96,8,73.2,2763,False,-54.29,69.44,-2.5,,,,,21.3233,,,,,67383878,233,2026-08-14,61.53,378113486.0
NASDAQ:PI,PI,"Impinj, Inc.",Technology,Semiconductors,United States,NASDAQ,5275219404.0,172.65,62.2,61.16,8,73.2,2764,False,-28.63,89.02,20.89,13.13,17.98,29.42,36.48,142.8158,152.6114,146.3358,133.4024,126.5027,80629310,1255,2026-08-14,68.27,30554413.0
NASDAQ:HLP,HLP,Hongli Group Inc.,Basic Materials,Steel,China,NASDAQ,94918212.0,1.27,62.21,62.51,8,73.3,2765,False,-25.73,196.04,23.55,22.83,11.86,-10.07,,1.0279,1.034,1.1354,1.4122,,104923,847,2026-08-14,65.62,74738750.0
NASDAQ:OBT,OBT,"Orange County Bancorp, Inc.",Financial Services,Banks - Regional,United States,NASDAQ,525455758.0,39.19,62.21,60.71,8,73.3,2766,False,0.0,70.14,20.91,26.97,38.33,47.76,57.99,32.4139,30.8659,28.3313,26.5224,24.8056,2313650,1255,2026-08-14,61.51,13407904.0
NASDAQ:PBYI,PBYI,Puma Biotechnology Inc,Healthcare,Biotechnology,United States,NASDAQ,449442196.0,8.83,62.21,60.45,8,73.3,2767,True,-0.9,103.46,31.12,38.38,87.06,95.38,108.85,6.7341,6.381,4.7203,4.5194,4.2279,2727574,1254,2026-08-14,60.46,50899456.0
NASDAQ:CVBF,CVBF,CVB Financial Corporation,Financial Services,Banks - Regional,United States,NASDAQ,4097745889.0,23.25,62.23,60.96,8,73.3,2768,False,-0.21,32.69,16.06,17.63,21.7,29.36,28.48,20.032,19.7662,19.1045,17.9734,18.0958,31800793,1255,2026-08-14,60.99,176247135.0
NYSE:PKG,PKG,Packaging Corporation of America,Consumer Cyclical,Packaging & Containers,United States,NYSE,22762922336.0,255.48,62.23,61.62,8,73.3,2769,False,-0.76,35.78,17.21,18.5,22.4,32.79,46.43,217.9609,215.5929,208.7224,192.397,174.4735,176476110,1255,2026-08-14,64.85,89098647.0
NASDAQ:BSY,BSY,"Bentley Systems, Incorporated",Technology,Software - Application,United States,NASDAQ,10592283263.0,36.24,62.24,59.92,8,73.4,2770,False,-35.84,27.52,-0.12,-8.55,-17.09,-20.76,-18.51,36.282,39.6285,43.7121,45.7362,44.4731,99869317,1254,2026-08-14,64.54,292281547.0
NASDAQ:PTEN,PTEN,"Patterson-UTI Energy, Inc.",Energy,Oil & Gas Drilling,United States,NASDAQ,4316252715.0,11.37,62.25,58.26,8,73.4,2771,True,-10.72,127.24,27.53,38.69,50.29,32.75,19.11,8.9154,8.1983,7.5652,8.5649,9.5454,92307306,1255,2026-08-14,58.02,379617653.0
NASDAQ:SLN,SLN,Silence Therapeutics Plc - American Depository Share,Healthcare,Biotechnology,United Kingdom,NASDAQ,648058890.0,13.72,62.26,62.49,8,73.4,2772,False,-11.08,219.07,92.03,101.64,76.92,27.1,29.93,7.1448,6.8041,7.7549,10.7943,10.5592,25734990,1255,2026-08-14,64.1,47234613.0
AMEX:USBC,USBC,"USBC, Inc.",Technology,Scientific & Technical Instruments,United States,AMEX,147494883.0,0.38,62.26,56.43,8,73.4,2773,False,-82.24,26.67,-22.49,-36.75,-87.23,-95.78,-98.16,0.4903,0.6008,2.9757,9.0108,20.6775,53991,1254,2026-08-14,59.51,388144429.0
AMEX:EVI,EVI,"EVI Industries, Inc.",Industrials,Industrial Distribution,United States,AMEX,210924762.0,16.39,62.28,55.66,8,73.5,2774,False,-51.83,17.49,-19.04,-25.12,-18.83,-21.27,-19.49,20.2441,21.889,20.1922,20.818,20.3572,1974943,1255,2026-08-14,61.42,12869113.0
NASDAQ:FEIM,FEIM,"Frequency Electronics, Inc.",Technology,Communication Equipment,United States,NASDAQ,862647287.0,78.73,62.28,59.16,8,73.5,2775,True,-1.4,192.13,46.78,59.56,137.73,215.48,292.23,53.6369,49.3422,33.1176,24.9553,20.0726,25797488,1255,2026-08-14,61.64,10957034.0
NASDAQ:SPT,SPT,"Sprout Social, Inc",Technology,Software - Application,United States,NASDAQ,537187030.0,9.89,62.3,61.4,8,73.5,2776,False,-37.52,98.2,21.78,7.13,-44.23,-64.91,-71.94,8.1215,9.2318,17.7324,28.1855,35.243,10907196,1254,2026-08-14,63.29,54316181.0
NYSE:COMP,COMP,"Compass, Inc.",Real Estate,Real Estate Services,United States,NYSE,9596138568.0,13.02,62.31,61.33,8,73.5,2777,False,-4.12,94.91,31.53,35.77,58.67,97.8,126.88,9.8992,9.5896,8.2057,6.5825,5.7388,139475099,1254,2026-08-14,66.96,737030612.0
NYSE:TSLX,TSLX,"Sixth Street Specialty Lending, Inc.",Financial Services,Asset Management,United States,NYSE,1783517892.0,18.77,62.33,60.23,8,73.6,2778,False,-16.87,15.86,1.04,-1.99,-1.7,2.81,10.67,18.5771,19.1509,19.0944,18.2564,16.9603,8830107,1254,2026-08-14,69.31,95019600.0
NYSE:OR,OR,OR Royalties Inc.,Basic Materials,Gold,Canada,NYSE,6254862023.0,33.36,62.34,56.31,8,73.6,2779,True,-29.86,18.93,-8.29,-7.73,16.51,39.61,57.86,36.3755,36.154,28.6326,23.8955,21.1325,30045401,1254,2026-08-14,59.64,187495864.0
NYSE:AMR,AMR,"Alpha Metallurgical Resources, Inc.",Basic Materials,Coking Coal,United States,NYSE,2106426445.0,166.05,62.35,55.25,8,73.6,2780,True,-33.49,22.19,-10.06,-6.95,-5.0,-22.91,-16.85,184.625,178.4579,174.7987,215.4029,199.7094,45349993,1254,2026-08-14,53.93,12685495.0
NYSE:MICC,MICC,The Magnum Ice Cream Company N.V.,Consumer Defensive,Packaged Foods,Netherlands,NYSE,11988045690.0,19.58,62.36,61.59,8,73.7,2781,False,-2.54,49.92,,,,,,,,,,,16253664,171,2026-08-14,71.26,612259739.0
NASDAQ:TMCR,TMCR,The Metals Royalty Company Inc.,Basic Materials,Other Industrial Metals & Mining,Canada,NASDAQ,475258741.0,7.69,62.36,54.13,8,73.7,2782,True,-51.02,47.88,,,,,,,,,,,375687,89,2026-08-14,46.62,61802177.0
AMEX:GTE,GTE,Gran Tierra Energy Inc.,Energy,Oil & Gas E&P,Canada,AMEX,324957389.0,9.19,62.37,60.15,8,73.7,2783,False,-3.57,167.93,39.54,51.22,56.06,45.85,30.26,6.5859,6.0773,5.8886,6.3008,7.0553,15917575,1255,2026-08-14,66.24,35359890.0
AMEX:IAUX,IAUX,i-80 Gold Corp.,Basic Materials,Gold,United States,AMEX,1439625414.0,1.67,62.4,59.31,8,73.7,2784,True,-19.71,160.12,11.52,21.55,59.1,42.75,15.51,1.4975,1.3739,1.0497,1.1699,1.4458,15368167,1255,2026-08-14,61.4,862051146.0
NYSE:CDE,CDE,"Coeur Mining, Inc.",Basic Materials,Gold,United States,NYSE,19384354904.0,18.81,62.41,58.31,8,73.8,2785,True,-30.64,67.24,1.52,3.75,49.94,95.97,134.11,18.5279,18.1303,12.545,9.5986,8.0346,636271619,1255,2026-08-14,60.83,1030534551.0
NASDAQ:KNSA,KNSA,"Kiniksa Pharmaceuticals International, plc",Healthcare,Drug Manufacturers - Specialty & Generic,United Kingdom,NASDAQ,3706201703.0,76.75,62.41,62.83,8,73.8,2786,False,-5.15,132.29,54.49,63.58,116.1,156.94,197.25,49.678,46.9193,35.5165,29.8708,25.8199,52683879,1254,2026-08-14,65.18,48289273.0
NASDAQ:MBX,MBX,"MBX Biosciences, Inc.",Healthcare,Biotechnology,United States,NASDAQ,3302337783.0,68.57,62.42,63.08,8,73.8,2787,False,-3.01,603.64,83.71,110.42,,,,37.3255,32.5876,,,,34492191,480,2026-08-14,60.2,48160096.0
NASDAQ:MOB,MOB,Mobilicom Limited,Industrials,Aerospace & Defense,Israel,NASDAQ,77063563.0,6.1,62.42,57.74,8,73.8,2788,True,-40.2,56.41,-0.33,-4.28,42.98,85.67,,6.1205,6.3727,4.2664,3.2854,,456092,996,2026-08-14,57.14,12633371.0
NASDAQ:NOVT,NOVT,Novanta Inc.,Technology,Scientific & Technical Instruments,United States,NASDAQ,5932464014.0,166.58,62.43,59.13,8,73.9,2789,False,-1.19,67.89,23.06,27.61,20.08,14.67,13.3,135.3667,130.5334,138.7214,145.2712,147.0312,67248016,1255,2026-08-14,63.33,35613303.0
NYSE:OBK,OBK,"Origin Bancorp, Inc.",Financial Services,Banks - Regional,United States,NYSE,1684392419.0,54.6,62.43,62.43,8,73.9,2790,False,-0.65,71.48,25.53,30.61,45.09,55.95,57.36,43.4942,41.8038,37.6312,35.011,34.6976,9707754,1254,2026-08-14,61.59,30849678.0
NASDAQ:NDLS,NDLS,Noodles & Company,Consumer Cyclical,Restaurants,United States,NASDAQ,106922547.0,17.92,62.44,61.37,8,73.9,2791,False,-3.76,359.49,97.9,115.48,114.57,52.89,-3.54,9.0553,8.3162,8.3518,11.721,18.577,1388185,1254,2026-08-14,57.81,5966660.0
NYSE:ECO,ECO,Okeanis Eco Tankers Corp.,Industrials,Marine Shipping,Greece,NYSE,2354002250.0,60.29,62.45,61.81,8,73.9,2792,False,-5.68,176.22,45.96,59.19,105.93,,,41.3057,37.8728,29.2765,,,29513022,753,2026-08-14,72.95,39044655.0
NASDAQ:WFRD,WFRD,Weatherford International plc,Energy,Oil & Gas Equipment & Services,United States,NASDAQ,6794704715.0,94.785,62.47,57.35,8,74.0,2793,True,-14.66,73.48,5.06,12.08,25.59,12.85,25.31,90.2204,84.5719,75.4738,83.9953,75.6397,104861825,1254,2026-08-14,58.56,71685443.0
NYSE:LOAR,LOAR,Loar Holdings Inc.,Industrials,Aerospace & Defense,United States,NYSE,7247470300.0,77.41,62.49,59.8,8,74.0,2794,False,-5.48,44.02,14.28,11.18,4.43,,,67.7389,69.6273,74.1269,,,40642910,577,2026-08-14,55.83,93624471.0
NASDAQ:BULL,BULL,Webull Corporation,Technology,Software - Application,United States,NASDAQ,3601595666.0,8.04,62.51,59.66,8,74.0,2795,False,-49.77,73.65,11.1,-5.51,-24.29,-25.07,,7.2369,8.5089,10.6193,10.7304,,64906340,999,2026-08-14,61.2,447959660.0
NASDAQ:RDZN,RDZN,"Roadzen, Inc.",Technology,Software - Application,United States,NASDAQ,120924522.0,1.43,62.54,55.67,8,74.1,2796,False,-40.66,71.67,-6.44,-0.23,6.98,-44.55,-68.36,1.5284,1.4333,1.3367,2.5787,4.5202,325197,1150,2026-08-14,58.96,84562603.0
NASDAQ:RIGL,RIGL,"Rigel Pharmaceuticals, Inc.",Healthcare,Biotechnology,United States,NASDAQ,787818566.0,42.58,62.54,61.42,8,74.1,2797,True,-16.44,67.37,19.8,20.91,57.09,95.36,117.26,35.542,35.2155,27.1051,21.7957,19.5986,12441853,1255,2026-08-14,56.74,18502080.0
NASDAQ:NWBI,NWBI,"Northwest Bancshares, Inc.",Financial Services,Banks - Regional,United States,NASDAQ,2305745190.0,15.75,62.55,62.64,8,74.1,2798,False,-0.38,45.35,21.08,23.61,28.77,38.18,41.38,13.0082,12.7421,12.2313,11.3981,11.1399,16201140,1255,2026-08-14,64.22,146396520.0
NASDAQ:EBC,EBC,"Eastern Bankshares, Inc.",Financial Services,Banks - Regional,United States,NASDAQ,5407762500.0,23.625,62.56,61.55,8,74.2,2799,False,0.0,54.2,18.45,21.96,34.44,48.83,52.29,19.9455,19.371,17.573,15.8743,15.5131,62335645,1254,2026-08-14,61.38,228900000.0
NYSE:KT,KT,KT Corporation,Communication Services,Telecom Services,South Korea,NYSE,9106160338.0,19.12,62.56,57.5,8,74.2,2800,False,-22.09,10.78,-3.44,-3.34,3.8,17.17,27.75,19.8017,19.7802,18.4203,16.3177,14.9662,31854652,1255,2026-08-14,60.53,476263616.0
NASDAQ:QRVO,QRVO,"Qorvo, Inc.",Technology,Semiconductors,United States,NASDAQ,8655424414.0,98.11,62.56,58.41,8,74.2,2801,False,-9.35,29.06,12.44,11.52,15.47,6.97,5.59,87.258,87.9768,84.9693,91.7159,92.92,117111456,1254,2026-08-14,63.51,88221633.0
NYSE:MTB,MTB,M&T Bank Corporation,Financial Services,Banks - Regional,United States,NYSE,36826025970.0,254.09,62.57,62.18,8,74.2,2802,True,0.0,45.38,18.35,21.34,30.87,47.51,56.46,214.6898,209.3959,194.1477,172.2546,162.4024,250338909,1255,2026-08-14,61.38,144933000.0
NASDAQ:ACNB,ACNB,ACNB Corporation,Financial Services,Banks - Regional,United States,NASDAQ,660333555.0,64.93,62.58,62.86,8,74.3,2803,False,-0.76,57.73,25.58,30.05,44.44,58.31,69.09,51.706,49.9279,44.9543,41.0143,38.4007,4425459,1255,2026-08-14,62.41,10169930.0
NASDAQ:GSBC,GSBC,"Great Southern Bancorp, Inc.",Financial Services,Banks - Regional,United States,NASDAQ,888061786.0,81.59,62.58,62.14,8,74.3,2804,False,-0.52,49.42,22.46,25.09,34.52,43.25,46.94,66.6266,65.2263,60.653,56.9552,55.5246,7326920,1255,2026-08-14,62.08,10884444.0
NASDAQ:ROAD,ROAD,"Construction Partners, Inc.",Industrials,Engineering & Construction,United States,NASDAQ,5832652597.0,121.55,62.58,58.45,8,74.3,2805,True,-13.48,29.99,5.82,4.49,20.42,46.47,75.23,114.8692,116.3275,100.9371,82.9863,69.3668,146966759,1254,2026-08-14,60.16,47985624.0
NASDAQ:EQIX,EQIX,"Equinix, Inc.",Real Estate,REIT - Specialty,United States,NASDAQ,108746065141.0,1102.1,62.59,58.74,8,74.3,2806,False,-1.24,53.37,17.56,21.81,26.07,32.6,40.54,937.5153,904.7499,874.1938,831.14,784.2045,638882420,1255,2026-08-14,57.21,98671686.0
NYSE:GPOR,GPOR,Gulfport Energy Corporation,Energy,Oil & Gas E&P,United States,NYSE,3055378059.0,170.03,62.59,56.88,8,74.3,2807,False,-23.58,13.21,-9.84,-8.59,-4.86,2.91,16.82,188.5813,186.0021,178.7133,165.2187,145.5432,52685588,1254,2026-08-14,62.61,17969641.0
NYSE:BWLP,BWLP,BW LPG Limited,Energy,Oil & Gas Midstream,Singapore,NYSE,3434046342.0,22.62,62.6,60.56,8,74.4,2808,False,0.0,102.62,37.66,42.84,68.81,82.04,115.68,16.4313,15.8357,13.3997,12.4261,10.4879,6405400,1254,2026-08-14,60.34,151814604.0
NASDAQ:DRTS,DRTS,Alpha Tau Medical Ltd.,Healthcare,Biotechnology,Israel,NASDAQ,1287143733.0,14.25,62.6,61.16,8,74.4,2809,False,-1.72,365.69,78.37,99.94,187.39,232.96,231.37,7.9889,7.1273,4.9584,4.2798,4.3003,7177065,1255,2026-08-14,65.31,90325876.0
NASDAQ:SND,SND,"Smart Sand, Inc.",Energy,Oil & Gas Equipment & Services,United States,NASDAQ,219226973.0,5.1,62.6,57.65,8,74.4,2810,True,-10.47,188.7,20.23,35.45,79.46,105.71,127.15,4.242,3.7654,2.8419,2.4793,2.2452,1408166,1255,2026-08-14,59.54,42985681.0
NASDAQ:INO,INO,"Inovio Pharmaceuticals, Inc.",Healthcare,Biotechnology,United States,NASDAQ,112625197.0,1.09,62.61,56.18,8,74.5,2811,False,-62.02,65.15,-27.36,-35.09,-55.41,-74.28,-85.04,1.5006,1.6794,2.4444,4.2385,7.2861,4557321,1255,2026-08-14,50.37,103325869.0
NYSE:USPH,USPH,"U.S. Physical Therapy, Inc.",Healthcare,Medical Care Facilities,United States,NYSE,1236374418.0,81.24,62.61,61.76,8,74.5,2812,False,-11.07,38.71,8.33,5.79,4.21,-1.43,-3.45,74.9923,76.7914,77.9587,82.416,84.1455,20310546,1255,2026-08-14,68.26,15218789.0
NASDAQ:AIRJ,AIRJ,AirJoule Technologies Corporation,Industrials,Building Products & Equipment,United States,NASDAQ,437299552.0,6.04,62.63,60.86,8,74.5,2813,False,-8.35,140.64,55.84,47.1,16.06,-15.69,-23.63,3.8757,4.1061,5.2044,7.1638,7.909,11002017,1138,2026-08-14,67.83,72400588.0
NASDAQ:ALRS,ALRS,Alerus Financial Corporation,Financial Services,Banks - Regional,United States,NASDAQ,841272391.0,33.67,62.63,64.38,8,74.5,2814,False,-1.32,65.98,30.73,35.41,50.64,60.45,67.14,25.7559,24.8644,22.3516,20.9851,20.1451,7294917,1255,2026-08-14,66.55,24985815.0
NYSE:ELF,ELF,"e.l.f. Beauty, Inc.",Consumer Defensive,Household & Personal Products,United States,NYSE,5389203029.0,91.44,62.64,62.9,8,74.6,2815,False,-37.66,84.47,20.95,5.0,-4.82,-21.04,-12.56,75.6001,87.0875,96.0716,115.7997,104.5747,234957754,1255,2026-08-14,63.89,58937041.0
NYSE:TFC,TFC,Truist Financial Corporation,Financial Services,Banks - Regional,United States,NYSE,64868340600.0,53.1,62.64,59.9,8,74.6,2816,False,-1.92,34.76,10.21,12.64,21.93,34.76,40.31,48.1808,47.1432,43.5508,39.404,37.8459,359151712,1255,2026-08-14,58.76,1221626000.0
NASDAQ:HNST,HNST,"The Honest Company, Inc.",Consumer Defensive,Household & Personal Products,United States,NASDAQ,532780497.0,4.84,62.66,62.86,8,74.6,2817,False,-11.36,130.48,55.02,48.13,15.59,32.26,42.39,3.1222,3.2674,4.1873,3.6596,3.3992,14136009,1255,2026-08-14,68.69,110078615.0
AMEX:REI,REI,"Ring Energy, Inc.",Energy,Oil & Gas E&P,United States,AMEX,347779466.0,1.37,62.66,58.01,8,74.6,2818,True,-30.81,63.1,12.01,15.89,13.17,-0.69,-15.17,1.2231,1.1822,1.2106,1.3796,1.6149,4397156,1255,2026-08-14,59.85,253853625.0
NASDAQ:ADP,ADP,"Automatic Data Processing, Inc.",Technology,Software - Application,United States,NASDAQ,108583488000.0,272.96,62.67,62.93,8,74.7,2819,False,-9.22,45.68,17.25,11.95,2.84,7.76,12.09,232.8046,243.8216,265.4222,253.3095,243.5105,643133679,1255,2026-08-14,66.73,397800000.0
NASDAQ:BDCI,BDCI,BTC Development Corp.,Financial Services,Shell Companies,United States,NASDAQ,262945400.0,10.09,62.67,61.36,8,74.7,2820,False,-1.08,1.2,0.38,,,,,10.0522,,,,,279561,207,2026-08-14,62.67,26060000.0
NASDAQ:ISTR,ISTR,Investar Holding Corporation,Financial Services,Banks - Regional,United States,NASDAQ,426410066.0,30.95,62.67,60.11,8,74.7,2821,False,0.0,45.59,11.92,16.34,35.12,55.75,62.92,27.6539,26.6036,22.9052,19.8718,18.997,4746075,1254,2026-08-14,61.6,13777385.0
NASDAQ:BUSE,BUSE,First Busey Corporation,Financial Services,Banks - Regional,United States,NASDAQ,2598008116.0,31.23,62.68,62.63,8,74.8,2822,True,-1.11,46.44,20.89,23.8,31.2,37.85,42.98,25.8341,25.2265,23.8039,22.6557,21.8429,25489175,1255,2026-08-14,62.27,83189501.0
NYSE:UCB,UCB,"United Community Banks, Inc.",Financial Services,Banks - Regional,United States,NYSE,4400123004.0,36.74,62.68,60.18,8,74.8,2823,False,-0.94,29.95,12.32,13.61,20.43,29.19,30.05,32.7101,32.3394,30.5086,28.4395,28.2498,33005427,1255,2026-08-14,62.96,119763827.0
NASDAQ:USCB,USCB,"USCB Financial Holdings, Inc.",Financial Services,Banks - Regional,United States,NASDAQ,414784291.0,22.47,62.68,62.56,8,74.8,2824,False,-0.86,39.27,17.99,20.79,27.69,45.23,55.52,19.0445,18.6029,17.5975,15.4723,14.448,1235340,1254,2026-08-14,65.41,18459470.0
NASDAQ:IMUX,IMUX,"Immunic, Inc.",Healthcare,Biotechnology,United States,NASDAQ,218761017.0,16.06,62.69,60.13,8,74.8,2825,False,-3.14,214.9,54.63,60.11,50.99,40.12,8.63,10.386,10.0306,10.6362,11.4619,14.7846,2307409,1254,2026-08-14,68.51,13621483.0
NASDAQ:MITK,MITK,"Mitek Systems, Inc.",Technology,Software - Application,United States,NASDAQ,877436475.0,19.43,62.69,59.48,8,74.8,2826,False,-3.53,124.62,42.48,51.2,75.54,71.04,75.94,13.6366,12.8504,11.0685,11.3597,11.0435,13342178,1255,2026-08-14,59.22,45158851.0
NYSE:STZ,STZ,"Constellation Brands, Inc.",Consumer Defensive,Beverages - Brewers,United States,NYSE,23765334481.0,139.18,62.69,56.21,8,74.8,2827,False,-15.49,11.34,-2.69,-2.43,-17.45,-27.16,-29.83,143.0315,142.646,168.5965,191.0872,198.3556,233104618,1255,2026-08-14,57.48,170752511.0
NYSE:GFL,GFL,"GFL Environmental Inc. Subordinate voting shares, no par value",Industrials,Waste Management,United States,NYSE,14626341468.0,41.9,62.7,60.53,8,74.9,2828,False,-17.82,24.98,1.86,-1.23,-4.66,3.46,9.56,41.1345,42.4205,43.9474,40.4994,38.2449,89687468,1254,2026-08-14,61.33,349077362.0
NASDAQ:AGEN,AGEN,Agenus Inc.,Healthcare,Biotechnology,United States,NASDAQ,304822595.0,7.32,62.71,63.33,8,74.9,2829,False,-11.81,164.26,85.83,82.4,84.6,-5.15,-55.02,3.9392,4.0133,3.9653,7.7173,16.2733,12071800,1255,2026-08-14,59.73,41642431.0
NASDAQ:ROP,ROP,"Roper Technologies, Inc.",Technology,Software - Application,United States,NASDAQ,39494726000.0,399.34,62.71,61.83,8,74.9,2830,False,-25.47,27.2,5.88,-1.18,-16.25,-18.72,-15.82,377.1545,404.107,476.8258,491.2984,474.3965,334554998,1255,2026-08-14,61.8,98900000.0
NASDAQ:CAAS,CAAS,"China Automotive Systems, Inc.",Consumer Cyclical,Auto Parts,China,NASDAQ,142405713.0,4.72,62.72,59.63,8,75.0,2831,False,-5.98,18.0,7.48,7.21,10.44,22.19,17.52,4.3915,4.4025,4.2738,3.8629,4.0165,137410,1255,2026-08-14,62.34,30170702.0
NYSE:VOYA,VOYA,"Voya Financial, Inc.",Financial Services,Financial Conglomerates,United States,NYSE,9204444299.0,101.52,62.72,63.95,8,75.0,2832,False,0.0,55.86,28.93,30.69,38.84,43.19,47.26,78.7398,77.68,73.1179,70.9011,68.9406,97712737,1254,2026-08-14,61.4,90666315.0
NYSE:TMO,TMO,Thermo Fisher Scientific Inc,Healthcare,Diagnostics & Research,United States,NYSE,217518630881.0,588.29,62.73,63.23,8,75.0,2833,False,-7.82,34.34,10.61,11.86,13.74,12.35,11.47,531.8511,525.9122,517.2126,523.6139,527.7549,1274049330,1255,2026-08-14,67.86,369747286.0
NASDAQ:DCBO,DCBO,Docebo Inc.,Technology,Software - Application,Canada,NASDAQ,584308626.0,23.02,62.75,61.16,8,75.1,2834,False,-28.51,56.6,17.13,6.41,-22.41,-32.67,-32.64,19.6537,21.6324,29.6703,34.1896,34.1748,2365592,1254,2026-08-14,65.35,25382651.0
NYSE:INSW,INSW,"International Seaways, Inc.",Energy,Oil & Gas Midstream,United States,NYSE,4804430747.0,97.05,62.75,61.22,8,75.1,2835,False,0.0,163.78,45.82,58.39,103.22,116.44,142.27,66.5527,61.2722,47.7555,44.8398,40.0588,47021495,1254,2026-08-14,59.84,49504696.0
NASDAQ:HLIT,HLIT,Harmonic Inc.,Technology,Communication Equipment,United States,NASDAQ,1510270389.0,13.92,62.76,57.4,8,75.1,2836,False,-18.64,58.9,23.97,26.97,25.37,23.99,16.57,11.2282,10.9629,11.1033,11.2267,11.9412,20517107,1255,2026-08-14,57.02,108496436.0
NASDAQ:AYA,AYA,Aya Gold & Silver Inc.,Basic Materials,Silver,Canada,NASDAQ,3715625494.0,25.92,62.77,61.6,8,75.2,2837,False,-7.56,211.16,52.26,64.58,105.61,134.0,161.46,17.023,15.7487,12.6065,11.0768,9.9135,17928317,1255,2026-08-14,68.32,143349749.0
NYSE:FCF,FCF,First Commonwealth Financial Corporation,Financial Services,Banks - Regional,United States,NYSE,2185815057.0,21.62,62.77,62.97,8,75.2,2838,False,-0.86,45.7,19.83,21.9,29.28,40.8,48.47,18.0429,17.7353,16.723,15.3546,14.5616,19386088,1255,2026-08-14,63.05,101101529.0
NYSE:TWLO,TWLO,Twilio Inc.,Technology,Software - Infrastructure,United States,NYSE,36152533452.0,238.2,62.77,61.58,8,75.2,2839,False,-6.93,137.99,53.25,64.02,93.47,132.01,157.54,155.4335,145.2283,123.118,102.669,92.4904,535854837,1255,2026-08-14,70.96,151773860.0
NASDAQ:RPD,RPD,"Rapid7, Inc.",Technology,Software - Infrastructure,United States,NASDAQ,868798034.0,13.0,62.8,62.39,8,75.2,2840,False,-39.42,157.43,28.54,7.68,-41.0,-57.68,-61.82,10.114,12.073,22.0345,30.7183,34.0515,28876036,1255,2026-08-14,69.06,66830618.0
NASDAQ:CRWV,CRWV,"CoreWeave, Inc.",Technology,Software - Infrastructure,United States,NASDAQ,47111632819.0,105.26,62.81,58.05,8,75.3,2841,False,-26.43,73.07,13.25,7.39,,,,92.9449,98.0146,,,,2790441731,347,2026-08-14,63.76,447573939.0
NYSE:KWR,KWR,Quaker Houghton,Basic Materials,Specialty Chemicals,United States,NYSE,2937698885.0,170.72,62.81,61.48,8,75.3,2842,False,-4.77,49.86,18.76,20.35,23.82,13.64,8.94,143.7495,141.8486,137.8816,150.2329,156.705,25108885,1255,2026-08-14,63.96,17207702.0
NASDAQ:CBSH,CBSH,"Commerce Bancshares, Inc.",Financial Services,Banks - Regional,United States,NASDAQ,8672498853.0,60.27,62.83,62.42,8,75.3,2843,False,-0.1,27.58,14.09,12.99,8.48,15.89,16.93,52.8252,53.342,55.5601,52.0056,51.5429,60553698,1255,2026-08-14,61.03,143894124.0
NYSE:GRNT,GRNT,"Granite Ridge Resources, Inc.",Energy,Oil & Gas E&P,United States,NYSE,673988509.0,5.11,62.84,58.28,8,75.3,2844,True,-14.46,26.88,3.99,3.34,-0.06,-0.89,-4.65,4.9139,4.9447,5.1129,5.1557,5.359,3556156,1254,2026-08-14,60.72,131895990.0
NYSE:EQBK,EQBK,"Equity Bancshares, Inc.",Financial Services,Banks - Regional,United States,NYSE,1062080345.0,51.64,62.85,61.89,8,75.3,2845,False,-0.17,34.74,12.96,15.77,21.68,35.04,45.17,45.7168,44.6057,42.4407,38.2417,35.5712,5412235,1254,2026-08-14,63.93,20567009.0
NYSE:AXTA,AXTA,Axalta Coating Systems Ltd.,Basic Materials,Specialty Chemicals,United States,NYSE,7985086088.0,37.31,62.86,62.03,8,75.4,2846,True,-2.3,46.66,19.43,20.71,14.53,15.39,19.37,31.2397,30.9081,32.5754,32.3339,31.2549,58175383,1254,2026-08-14,61.62,214019997.0
NASDAQ:CEG,CEG,Constellation Energy Corporation - Common Stock When-Issued,Utilities,Utilities - Independent Power Producers,United States,NASDAQ,100881319802.0,282.5,62.86,57.98,8,75.4,2847,True,-29.78,19.45,-6.48,-8.72,-0.56,18.02,40.97,302.0657,309.4942,284.0802,239.3694,200.4033,751032383,1147,2026-08-14,60.36,357102017.0
NASDAQ:LASE,LASE,Laser Photonics Corporation,Industrials,Specialty Industrial Machinery,United States,NASDAQ,74260767.0,1.48,62.87,55.45,8,75.4,2848,False,-77.27,146.26,-13.4,-30.6,-55.31,-45.81,,1.7089,2.1325,3.3116,2.7309,,3932332,971,2026-08-14,58.22,50176194.0
NASDAQ:AVNW,AVNW,"Aviat Networks, Inc.",Technology,Communication Equipment,United States,NASDAQ,286609105.0,22.15,62.88,58.98,8,75.5,2849,True,-17.17,46.79,2.21,1.03,3.84,-10.23,-16.34,21.6704,21.9239,21.3306,24.6747,26.4753,2690882,1255,2026-08-14,60.28,12939463.0
NYSE:BOW,BOW,Bowhead Specialty Holdings Inc.,Financial Services,Insurance - Property & Casualty,United States,NYSE,1100402553.0,33.51,62.88,62.24,8,75.5,2850,True,-1.06,56.3,26.08,24.49,10.07,,,26.578,26.9185,30.4444,,,12449263,557,2026-08-14,62.77,32838035.0
NASDAQ:RELY,RELY,"Remitly Global, Inc.",Technology,Software - Infrastructure,United States,NASDAQ,5537756378.0,26.3,62.88,61.21,8,75.5,2851,False,0.0,115.57,47.57,48.3,41.83,40.35,49.42,17.8227,17.734,18.5436,18.7385,17.6016,75164046,1228,2026-08-14,60.25,210561079.0
NYSE:RES,RES,"RPC, Inc.",Energy,Oil & Gas Equipment & Services,United States,NYSE,1409738596.0,6.36,62.88,56.85,8,75.5,2852,True,-19.48,54.48,3.69,9.78,13.91,5.78,-0.5,6.1335,5.7932,5.5835,6.0123,6.3918,8262851,1255,2026-08-14,61.12,221657012.0
NYSE:CBRE,CBRE,CBRE Group Inc Common Stock Class A,Real Estate,Real Estate Services,United States,NYSE,44264480052.0,152.86,62.9,60.47,8,75.6,2853,False,-10.93,22.64,3.67,1.9,8.78,24.78,37.25,147.4517,150.0129,140.5182,122.502,111.3733,251259889,1255,2026-08-14,61.77,289575298.0
NYSE:AWI,AWI,Armstrong World Industries Inc,Industrials,Building Products & Equipment,United States,NYSE,7700286897.0,182.2,62.91,61.77,8,75.6,2854,True,-9.87,20.54,4.32,1.84,12.1,28.96,46.83,174.6518,178.9153,162.5348,141.2866,124.0932,99054123,1255,2026-08-14,62.4,42262826.0
NASDAQ:FROG,FROG,JFrog Ltd.,Technology,Software - Application,United States,NASDAQ,11648083857.0,96.17,62.91,60.38,8,75.6,2855,False,-1.97,176.75,53.74,61.51,105.02,126.98,155.99,62.5555,59.5461,46.9081,42.3695,37.568,205743148,1254,2026-08-14,62.01,121119724.0
NASDAQ:HYMC,HYMC,Hycroft Mining Holding Corporation,Basic Materials,Gold,United States,NASDAQ,2522428105.0,27.07,62.91,56.55,8,75.6,2856,True,-51.44,645.73,-5.52,12.87,102.3,175.53,210.82,28.6501,23.9832,13.3812,9.8246,8.7092,35161443,1255,2026-08-14,61.47,93181681.0
NASDAQ:ELVN,ELVN,"Enliven Therapeutics, Inc.",Healthcare,Biotechnology,United States,NASDAQ,4201999630.0,58.82,62.92,62.9,8,75.7,2857,False,-3.75,288.51,70.39,86.41,119.42,149.96,168.93,34.5214,31.5549,26.8073,23.5318,21.8721,56597050,1254,2026-08-14,61.06,71438280.0
NASDAQ:PAYO,PAYO,Payoneer Global Inc.,Technology,Software - Infrastructure,United States,NASDAQ,2411326065.0,7.13,62.93,66.49,8,75.7,2858,False,-0.56,66.98,24.68,21.58,1.72,10.12,13.25,5.7187,5.8644,7.0095,6.4748,6.2957,36795700,1254,2026-08-14,64.73,338194399.0
NYSE:HTGC,HTGC,"Hercules Capital, Inc.",Financial Services,Asset Management,United States,NYSE,3125638800.0,16.7,62.94,61.8,8,75.7,2859,False,-4.13,27.39,7.79,6.19,5.32,10.77,22.15,15.4936,15.7262,15.8563,15.0761,13.6712,26472143,1255,2026-08-14,69.05,187164000.0
NASDAQ:FBNC,FBNC,First Bancorp,Financial Services,Banks - Regional,United States,NASDAQ,2744765821.0,66.34,62.95,60.63,8,75.8,2860,False,0.0,45.03,16.1,18.47,35.47,54.24,61.96,57.1394,55.9983,48.9712,43.0123,40.9606,13954558,1255,2026-08-14,62.07,41374221.0
NYSE:OMC,OMC,Omnicom Group Inc.,Communication Services,Advertising Agencies,United States,NYSE,24024476330.0,87.57,62.95,60.83,8,75.8,2861,False,-0.89,32.88,15.24,15.46,11.46,11.11,12.97,75.986,75.8439,78.5676,78.8111,77.5144,253384425,1255,2026-08-14,65.3,274345967.0
NYSE:EPD,EPD,Enterprise Products Partners L.P.,Energy,Oil & Gas Midstream,United States,NYSE,84160860742.0,38.9,62.96,59.55,8,75.8,2862,False,-0.8,37.19,11.87,15.47,25.61,36.98,47.88,34.7725,33.6895,30.9697,28.398,26.306,131270498,1255,2026-08-14,54.41,2163518271.0
NASDAQ:LLYVA,LLYVA,"Liberty Live Holdings, Inc. - Series A Liberty Live Group",Communication Services,Entertainment,United States,NASDAQ,2684981188.0,104.99,62.96,59.77,8,75.8,2863,False,0.0,40.27,16.21,15.77,34.29,64.07,,90.3457,90.6849,78.1838,63.9919,,14681602,759,2026-08-14,61.53,25573685.0
NYSE:AME,AME,"AMETEK, Inc.",Industrials,Specialty Industrial Machinery,United States,NYSE,58398632880.0,254.79,62.97,61.5,8,75.9,2864,False,-1.44,42.78,14.7,18.8,30.59,38.5,48.08,222.1421,214.4722,195.1096,183.9644,172.0655,301363539,1255,2026-08-14,65.51,229203002.0
NYSE:CDRE,CDRE,"Cadre Holdings, Inc.",Industrials,Aerospace & Defense,United States,NYSE,1461104977.0,34.14,62.97,60.09,8,75.9,2865,False,-25.4,25.52,-4.64,-3.84,-1.03,2.36,11.52,35.8017,35.5047,34.4954,33.3513,30.614,13451388,1197,2026-08-14,62.16,42797451.0
NYSE:EVF,EVF,Eaton Vance Senior Income Trust,Financial Services,Asset Management,United States,NYSE,90669742.0,4.99,62.99,61.51,8,75.9,2866,False,-2.95,6.25,0.97,0.32,-2.13,-0.87,5.5,4.942,4.9739,5.0988,5.0338,4.7299,268839,1255,2026-08-14,67.32,18170289.0
NASDAQ:HSIC,HSIC,"Henry Schein, Inc.",Healthcare,Medical Distribution,United States,NASDAQ,10226307276.0,89.77,63.0,62.33,8,76.0,2867,False,-1.07,44.72,15.76,19.21,22.58,23.35,21.23,77.5503,75.3029,73.2354,72.7785,74.0493,120115176,1255,2026-08-14,64.92,113916757.0
NASDAQ:LMRI,LMRI,"Lumexa Imaging Holdings, Inc.",Healthcare,Medical Devices,United States,NASDAQ,1154890435.0,12.02,63.0,59.91,8,76.0,2868,False,-35.13,77.55,,,,,,,,,,,4905572,168,2026-08-14,66.5,96080735.0
NASDAQ:LUNR,LUNR,"Intuitive Machines, Inc.",Industrials,Aerospace & Defense,United States,NASDAQ,3050198394.0,19.01,63.0,53.84,8,76.0,2869,False,-58.4,136.15,-1.54,9.0,32.95,73.33,75.07,19.3069,17.4411,14.2985,10.9674,10.8586,156570500,1189,2026-08-14,57.64,160452309.0
NASDAQ:MGTX,MGTX,MeiraGTx Holdings plc,Healthcare,Biotechnology,United States,NASDAQ,1252080656.0,13.52,63.0,60.65,8,76.0,2870,True,-7.78,93.42,45.77,50.15,79.09,98.11,96.25,9.2746,9.0043,7.5493,6.8245,6.8893,5925407,1254,2026-08-14,54.48,92609516.0
NYSE:SFBS,SFBS,"ServisFirst Bancshares, Inc.",Financial Services,Banks - Regional,United States,NYSE,4993104531.0,91.33,63.01,61.69,8,76.0,2871,False,-0.22,36.81,16.82,16.03,15.09,26.56,31.71,78.1782,78.7092,79.3527,72.1612,69.3429,23167369,1254,2026-08-14,64.01,54671023.0
NASDAQ:CAC,CAC,Camden National Corporation,Financial Services,Banks - Regional,United States,NASDAQ,992993964.0,58.77,63.02,62.89,8,76.1,2872,False,-1.67,70.06,23.67,29.19,38.96,54.24,59.39,47.521,45.4915,42.2927,38.103,36.8716,5532206,1255,2026-08-14,64.43,16896273.0
NYSE:NBR,NBR,Nabors Industries Ltd.,Energy,Oil & Gas Drilling,Bermuda,NYSE,1393330751.0,94.17,63.02,58.42,8,76.1,2873,False,-14.88,198.2,24.16,37.77,56.97,35.02,10.96,75.8449,68.3526,59.9912,69.7473,84.8708,22360790,1255,2026-08-14,59.85,14795909.0
AMEX:USAS,USAS,"Americas Gold and Silver Corporation Common Shares, no par value",Basic Materials,Other Industrial Metals & Mining,Canada,AMEX,1768724204.0,5.24,63.03,57.06,8,76.1,2874,True,-47.76,140.92,-8.92,-0.2,58.81,115.62,146.29,5.7535,5.2503,3.2996,2.4302,2.1276,20716831,1255,2026-08-14,60.03,337542787.0
NASDAQ:HITI,HITI,High Tide Inc.,Healthcare,Pharmaceutical Retailers,Canada,NASDAQ,206494914.0,2.35,63.04,57.09,8,76.2,2875,True,-40.95,14.63,-4.83,-11.82,-8.36,1.25,12.47,2.4692,2.6651,2.5643,2.321,2.0894,749230,1254,2026-08-14,60.45,87870176.0
NASDAQ:NVDA,NVDA,NVIDIA Corporation,Technology,Semiconductors,United States,NASDAQ,5453600360000.0,225.16,63.04,59.5,8,76.2,2876,False,-4.38,36.48,15.62,17.5,38.5,69.14,112.64,194.747,191.6282,162.5721,133.1225,105.8858,25197598056,1255,2026-08-14,63.2,24221000000.0
NASDAQ:ZION,ZION,Zions Bancorporation N.A.,Financial Services,Banks - Regional,United States,NASDAQ,10536795800.0,72.2,63.05,61.21,8,76.2,2877,False,-0.85,58.54,19.84,22.49,33.82,49.68,58.67,60.2464,58.9452,53.9536,48.2364,45.503,110753220,1255,2026-08-14,60.62,145939000.0
AMEX:SBMT,SBMT,Silver Bow Mining Corp.,Basic Materials,Other Industrial Metals & Mining,United States,AMEX,236228000.0,8.0,63.06,55.93,8,76.2,2878,True,-25.58,30.08,,,,,,,,,,,523364,73,2026-08-14,55.24,29528500.0
NYSE:MFC,MFC,Manulife Financial Corporation,Financial Services,Insurance - Life,Canada,NYSE,74055887381.0,44.46,63.07,63.6,8,76.2,2879,False,-0.69,50.77,19.16,23.68,36.47,55.52,74.71,37.3105,35.9462,32.5775,28.5886,25.4479,97554908,1255,2026-08-14,57.9,1665674480.0
NASDAQ:FLNT,FLNT,"Fluent, Inc.",Communication Services,Advertising Agencies,United States,NASDAQ,122244419.0,4.1,63.08,61.26,8,76.3,2880,False,-3.98,138.37,37.54,45.77,52.33,40.92,6.97,2.981,2.8127,2.6915,2.9094,3.8329,98799,1255,2026-08-14,66.86,29815712.0
NYSE:KNSL,KNSL,"Kinsale Capital Group, Inc.",Financial Services,Insurance - Property & Casualty,United States,NYSE,8637350976.0,379.19,63.08,61.02,8,76.3,2881,False,-20.68,30.67,5.58,0.57,-9.73,-8.68,-2.04,359.1616,377.0543,420.0567,415.2244,387.1027,112920389,1254,2026-08-14,62.17,22778425.0
NYSE:AMTB,AMTB,Amerant Bancorp Inc.,Financial Services,Banks - Regional,United States,NYSE,1122124686.0,29.17,63.1,63.74,8,76.3,2882,True,-4.32,77.52,31.6,34.82,39.47,40.28,36.92,22.165,21.6363,20.9144,20.794,21.3043,14011864,1254,2026-08-14,62.61,38468450.0
NASDAQ:KELYA,KELYA,"Kelly Services, Inc.",Industrials,Staffing & Employment Services,United States,NASDAQ,503852773.0,16.06,63.11,63.98,8,76.4,2883,False,-1.53,101.95,53.26,45.89,26.89,6.29,5.33,10.4786,11.0086,12.657,15.1092,15.2474,5717155,1255,2026-08-14,66.77,31373149.0
NYSE:DLR,DLR,"Digital Realty Trust, Inc.",Real Estate,REIT - Specialty,United States,NYSE,74050696800.0,200.15,63.12,59.76,8,76.4,2884,False,-1.19,37.13,14.05,15.25,20.01,30.05,43.82,175.4988,173.6622,166.7843,153.903,139.1696,526869621,1255,2026-08-14,60.71,369976002.0
NASDAQ:WGS,WGS,GeneDx Holdings Corp.,Healthcare,Diagnostics & Research,United States,NASDAQ,2318041148.0,78.08,63.12,60.75,8,76.4,2885,False,-53.39,126.25,-12.16,-18.63,-7.97,29.7,57.47,88.8913,95.9618,84.8457,60.1986,49.5842,57932205,1254,2026-08-14,65.01,29688027.0
NASDAQ:HURA,HURA,"TuHURA Biosciences, Inc.",Healthcare,Biotechnology,United States,NASDAQ,157295844.0,2.47,63.13,57.78,8,76.4,2886,True,-24.0,461.36,34.61,24.0,-21.6,-82.94,-95.76,1.8349,1.992,3.1506,14.4814,58.2652,482811,1254,2026-08-14,55.33,63682528.0
NASDAQ:WTW,WTW,Willis Towers Watson Public Limited Company,Financial Services,Insurance Brokers,United Kingdom,NASDAQ,30795405590.0,331.59,63.13,64.5,8,76.4,2887,False,-4.32,37.45,11.57,8.97,8.9,17.3,24.34,297.1943,304.3067,304.5017,282.6812,266.6904,194704053,1255,2026-08-14,65.91,92871937.0
NYSE:HLLY,HLLY,Holley Inc.,Consumer Cyclical,Auto Parts,United States,NYSE,374350227.0,3.11,63.14,60.26,8,76.5,2888,True,-29.16,31.78,-6.87,-6.93,4.19,-10.27,-11.11,3.3393,3.3415,2.9849,3.4661,3.4986,2464876,1254,2026-08-14,58.93,120369848.0
NASDAQ:LYFT,LYFT,"Lyft, Inc.",Technology,Software - Application,United States,NASDAQ,6636850659.0,17.48,63.14,61.63,8,76.5,2889,False,-28.86,38.18,7.34,3.31,14.02,18.31,24.13,16.2843,16.92,15.3313,14.7744,14.0823,207544324,1255,2026-08-14,60.74,379682532.0
NASDAQ:HURN,HURN,Huron Consulting Group Inc.,Industrials,Consulting Services,United States,NASDAQ,2416262635.0,151.87,63.15,62.44,8,76.5,2890,False,-18.16,68.44,8.57,8.0,13.1,23.74,36.76,139.8804,140.6161,134.2832,122.7299,111.0509,55429746,1255,2026-08-14,66.81,15910072.0
NYSE:VAL,VAL,Valaris Limited,Energy,Oil & Gas Drilling,Bermuda,NYSE,5945093795.0,85.62,63.15,56.91,8,76.5,2891,True,-24.51,93.49,10.73,19.46,45.82,36.57,36.48,77.3219,71.67,58.7172,62.6939,62.7357,87693731,1254,2026-08-14,62.33,69435807.0
NYSE:AEG,AEG,Aegon Ltd. New York Registry Shares,Financial Services,Insurance - Diversified,Netherlands,NYSE,13895457376.0,9.45,63.18,63.64,8,76.6,2892,True,-0.84,43.26,20.62,21.74,35.99,49.22,64.17,7.8344,7.7627,6.9489,6.3331,5.7562,44875686,1255,2026-08-14,60.57,1470418770.0
NYSE:LW,LW,"Lamb Weston Holdings, Inc.",Consumer Defensive,Packaged Foods,United States,NYSE,7296117254.0,53.07,63.18,62.9,8,76.6,2893,False,-17.81,40.17,13.01,8.24,-0.98,-17.83,-25.0,46.962,49.0316,53.5953,64.5842,70.762,101908549,1254,2026-08-14,67.5,137481011.0
NASDAQ:FAST,FAST,Fastenal Company,Industrials,Industrial Distribution,United States,NASDAQ,58545326174.0,51.02,63.2,61.92,8,76.6,2894,False,-2.6,32.46,15.34,14.3,23.59,35.31,48.92,44.2334,44.6364,41.2815,37.707,34.2589,393324749,1255,2026-08-14,65.61,1147497573.0
NYSE:EVN,EVN,Eaton Vance Municipal Income Trust,Financial Services,Asset Management,United States,NYSE,434984632.0,10.9,63.21,58.36,8,76.7,2895,False,-2.29,11.69,3.4,3.87,8.56,14.26,17.88,10.5419,10.4942,10.041,9.5398,9.2469,930281,1255,2026-08-14,62.29,39906847.0
NYSE:GMED,GMED,"Globus Medical, Inc.",Healthcare,Medical Devices,United States,NYSE,9733718041.0,85.9,63.21,58.34,8,76.7,2896,False,-11.28,55.9,1.1,7.81,13.03,24.03,27.1,84.9663,79.6802,75.9991,69.2601,67.583,121075976,1254,2026-08-14,63.34,113314529.0
NASDAQ:PAYX,PAYX,"Paychex, Inc.",Technology,Software - Application,United States,NASDAQ,43400422577.0,122.02,63.21,63.61,8,76.7,2897,False,-9.53,45.93,20.74,14.93,0.97,4.0,7.29,101.0616,106.1652,120.8431,117.3239,113.7332,349280091,1255,2026-08-14,72.37,355682860.0
NASDAQ:SSRM,SSRM,SSR Mining Inc.,Basic Materials,Gold,United States,NASDAQ,6679137575.0,32.19,63.22,58.99,8,76.7,2898,True,-9.85,100.38,19.51,24.66,85.35,122.71,122.31,26.9347,25.823,17.3669,14.4536,14.4797,88873310,1255,2026-08-14,62.05,207491071.0
NASDAQ:CNL,CNL,Collective Mining Ltd.,Basic Materials,Gold,United States,NASDAQ,1373472099.0,14.81,63.23,56.9,8,76.8,2899,False,-28.76,53.79,-1.42,1.87,40.41,82.91,117.22,15.0229,14.5388,10.5477,8.0967,6.8179,846732,1254,2026-08-14,61.21,92739507.0
NYSE:AMBP,AMBP,Ardagh Metal Packaging S.A.,Consumer Cyclical,Packaging & Containers,Luxembourg,NYSE,3126004022.0,5.23,63.24,62.14,8,76.8,2900,False,-0.95,65.33,26.92,30.54,47.6,58.76,59.78,4.1208,4.0063,3.5434,3.2943,3.2732,16224993,1254,2026-08-14,65.39,597706314.0
NASDAQ:DNTH,DNTH,"Dianthus Therapeutics, Inc.",Healthcare,Biotechnology,United States,NASDAQ,6339096379.0,115.96,63.24,61.81,8,76.8,2901,True,0.0,472.64,65.51,86.43,172.95,234.67,288.53,70.0602,62.2005,42.4844,34.649,29.8456,87076018,1254,2026-08-14,56.93,54666233.0
NYSE:TD,TD,Toronto Dominion Bank (The),Financial Services,Banks - Diversified,Canada,NYSE,205449062360.0,124.36,63.25,61.56,8,76.9,2902,True,-0.35,73.2,23.44,29.89,60.36,78.47,88.13,100.7415,95.742,77.5514,69.6804,66.1024,274657913,1255,2026-08-14,59.85,1652051000.0
AMEX:UUUU,UUUU,Energy Fuels Inc Ordinary Shares (Canada),Energy,Uranium,United States,AMEX,3773779105.0,15.1,63.25,56.24,8,76.9,2903,False,-45.53,78.28,-14.04,-11.88,32.81,53.34,68.19,17.5667,17.1348,11.3694,9.8473,8.978,89067663,1255,2026-08-14,60.18,249919146.0
NYSE:AG,AG,First Majestic Silver Corp. Ordinary Shares (Canada),Basic Materials,Silver,Canada,NYSE,9493376937.0,19.26,63.27,57.83,8,76.9,2904,True,-39.73,130.83,1.21,10.66,60.94,94.46,108.04,19.0292,17.4041,11.9673,9.9043,9.258,180509965,1255,2026-08-14,60.63,492906383.0
NASDAQ:CCCC,CCCC,"C4 Therapeutics, Inc.",Healthcare,Biotechnology,United States,NASDAQ,468805021.0,4.24,63.27,58.76,8,76.9,2905,False,-9.21,147.95,45.12,49.16,34.61,12.74,-3.65,2.9216,2.8425,3.1499,3.7607,4.4008,9436048,1254,2026-08-14,59.73,110567222.0
NASDAQ:WLDN,WLDN,"Willdan Group, Inc.",Industrials,Engineering & Construction,United States,NASDAQ,1305556358.0,86.4,63.27,58.42,8,76.9,2906,True,-35.97,29.13,-7.33,-8.92,21.73,55.59,87.34,93.236,94.8569,70.9739,55.5316,46.1199,20463042,1255,2026-08-14,61.23,15110606.0
NYSE:KGC,KGC,Kinross Gold Corporation,Basic Materials,Gold,Canada,NYSE,32396235948.0,27.31,63.28,57.8,8,77.0,2907,True,-28.08,46.66,-5.54,-1.3,37.8,79.28,119.33,28.9127,27.6711,19.8186,15.233,12.4515,198783731,1255,2026-08-14,61.03,1186240789.0
NASDAQ:VOR,VOR,Vor Biopharma Inc.,Healthcare,Biotechnology,United States,NASDAQ,1247900747.0,23.03,63.28,62.56,8,77.0,2908,False,-52.73,235.71,50.93,18.3,17.34,-11.2,-46.87,15.2592,19.4674,19.6267,25.9346,43.3444,17411351,1254,2026-08-14,65.09,54185877.0
NYSE:ACHR,ACHR,Archer Aviation Inc.,Industrials,Aerospace & Defense,United States,NYSE,5050165499.0,6.62,63.29,60.27,8,77.0,2909,False,-51.47,49.1,-1.16,-10.65,-11.82,-0.51,15.04,6.6977,7.4088,7.5075,6.6542,5.7544,260142085,1255,2026-08-14,68.75,762864879.0
NYSE:CNQ,CNQ,Canadian Natural Resources Limited,Energy,Oil & Gas E&P,Canada,NYSE,100051508700.0,47.97,63.31,60.14,8,77.1,2910,False,-3.22,66.92,18.0,24.27,38.86,43.5,53.62,40.6527,38.6013,34.5468,33.4278,31.2261,305472432,1255,2026-08-14,61.84,2085710000.0
NYSE:SWK,SWK,"Stanley Black & Decker, Inc.",Industrials,Tools & Accessories,United States,NYSE,15414268547.0,102.07,63.31,62.85,8,77.1,2911,False,-1.86,69.88,29.84,32.45,32.47,30.3,32.31,78.6117,77.0655,77.0496,78.337,77.1425,212167009,1255,2026-08-14,63.7,151016641.0
NYSE:CVNA,CVNA,Carvana Co.,Consumer Cyclical,Auto & Truck Dealerships,United States,NYSE,54347547020.0,75.59,63.33,59.0,8,77.1,2912,False,-21.01,34.37,4.39,4.36,25.26,68.17,118.39,72.4132,72.4343,60.3444,44.9493,34.6124,694878973,1255,2026-08-14,60.66,718978000.0
NASDAQ:ORRF,ORRF,"Orrstown Financial Services, Inc.",Financial Services,Banks - Regional,United States,NASDAQ,851536172.0,43.34,63.33,62.7,8,77.1,2913,False,-0.32,39.12,17.44,19.95,26.95,41.36,54.51,36.9029,36.1316,34.1406,30.6584,28.0505,4602900,1255,2026-08-14,65.17,19647812.0
NYSE:PD,PD,"PagerDuty, Inc.",Technology,Software - Application,United States,NYSE,917758524.0,11.9,63.34,62.21,8,77.2,2914,False,-30.69,107.68,20.93,6.73,-17.09,-29.8,-38.36,9.8408,11.1495,14.3521,16.9507,19.3068,13723044,1254,2026-08-14,65.84,77122565.0
NASDAQ:RVMD,RVMD,"Revolution Medicines, Inc.",Healthcare,Biotechnology,United States,NASDAQ,43308025274.0,203.71,63.35,62.93,8,77.2,2915,True,-1.58,471.1,66.88,92.31,174.36,238.65,299.37,122.071,105.9303,74.2488,60.1536,51.0084,328195073,1254,2026-08-14,62.11,212596462.0
NASDAQ:NCSM,NCSM,"NCS Multistage Holdings, Inc.",Energy,Oil & Gas Equipment & Services,United States,NASDAQ,135648471.0,51.685,63.36,57.89,8,77.2,2916,True,-39.34,61.77,8.82,10.95,41.09,73.45,82.84,47.4959,46.5821,36.6333,29.7978,28.2682,511277,1254,2026-08-14,60.45,2624523.0
NYSE:VGM,VGM,Invesco Trust for Investment Grade Municipals Common Stock (DE),Financial Services,Asset Management,United States,NYSE,569977984.0,10.51,63.36,59.72,8,77.2,2917,False,-0.94,18.08,4.89,6.46,11.81,17.56,21.3,10.0197,9.872,9.4002,8.9402,8.6648,1330592,1255,2026-08-14,66.25,54231968.0
NYSE:BKSY,BKSY,BlackSky Technology Inc.,Industrials,Specialty Business Services,United States,NYSE,1265296676.0,30.92,63.37,56.75,8,77.3,2918,False,-40.11,135.31,16.41,21.46,67.76,97.82,104.12,26.562,25.4573,18.4309,15.6301,15.1478,26729178,1255,2026-08-14,63.65,40921626.0
NASDAQ:SWIM,SWIM,"Latham Group, Inc.",Industrials,Building Products & Equipment,United States,NASDAQ,859452831.0,7.32,63.39,61.86,8,77.3,2919,False,-11.27,53.78,17.93,12.23,13.16,37.48,48.19,6.2071,6.5224,6.4689,5.3242,4.9396,6253268,1254,2026-08-14,67.96,117411589.0
NASDAQ:LPTH,LPTH,"LightPath Technologies, Inc.",Technology,Electronic Components,United States,NASDAQ,952515304.0,15.17,63.4,58.37,8,77.3,2920,True,-16.42,344.87,31.31,43.95,136.0,218.93,286.79,11.5527,10.5384,6.428,4.7566,3.9221,33132459,1255,2026-08-14,54.77,62789407.0
NASDAQ:RUSHA,RUSHA,"Rush Enterprises, Inc.",Consumer Cyclical,Auto & Truck Dealerships,United States,NASDAQ,5019025063.0,82.23,63.4,62.14,8,77.3,2921,False,-0.64,77.76,25.21,29.69,40.76,54.47,70.03,65.6739,63.4028,58.4182,53.2335,48.3618,40077574,1253,2026-08-14,64.29,61036423.0
NASDAQ:ADSK,ADSK,"Autodesk, Inc.",Technology,Software - Application,United States,NASDAQ,53136813867.0,251.66,63.41,61.11,8,77.4,2922,False,-22.99,34.06,0.34,-4.34,-8.2,-2.94,2.55,250.7977,263.0858,274.1543,259.2869,245.3953,484848380,1255,2026-08-14,69.52,211145251.0
NASDAQ:BOOM,BOOM,DMC Global Inc.,Industrials,Conglomerates,United States,NASDAQ,155084165.0,7.55,63.42,60.37,8,77.4,2923,True,-15.83,59.62,13.25,10.74,-2.61,-31.62,-42.92,6.6665,6.8175,7.752,11.0408,13.2273,1559299,1255,2026-08-14,62.26,20540949.0
NASDAQ:LLYVK,LLYVK,"Liberty Live Holdings, Inc. - Series C Liberty Live Group",Communication Services,Entertainment,United States,NASDAQ,6956131466.0,108.86,63.43,60.19,8,77.4,2924,False,0.0,40.77,17.02,16.58,35.69,65.79,,93.0285,93.3771,80.2294,65.6611,,30902237,759,2026-08-14,61.66,63899793.0
NYSE:KEYS,KEYS,Keysight Technologies Inc.,Technology,Scientific & Technical Instruments,United States,NYSE,61149780578.0,357.82,63.44,58.85,8,77.5,2925,True,-4.16,125.74,29.27,40.61,73.37,93.22,98.53,276.7977,254.4755,206.3868,185.1831,180.2319,359681407,1254,2026-08-14,61.93,170895368.0
NASDAQ:PGY,PGY,Pagaya Technologies Ltd.,Technology,Software - Infrastructure,United States,NASDAQ,1555279455.0,21.56,63.44,62.26,8,77.5,2926,False,-50.79,102.63,22.48,3.09,23.46,28.67,3.26,17.6027,20.9146,17.4628,16.7557,20.8787,60019481,1255,2026-08-14,63.03,72137266.0
NYSE:MET,MET,"MetLife, Inc.",Financial Services,Insurance - Life,United States,NYSE,62838035837.0,97.66,63.45,63.93,8,77.5,2927,False,-2.29,46.26,22.74,23.25,25.46,34.05,41.35,79.5677,79.2404,77.8442,72.8515,69.0893,385422528,1255,2026-08-14,62.88,643436779.0
NASDAQ:OCUL,OCUL,"Ocular Therapeutix, Inc.",Healthcare,Biotechnology,United States,NASDAQ,2198361994.0,10.04,63.45,58.91,8,77.5,2928,False,-37.68,45.93,0.59,-3.73,4.21,21.97,36.31,9.9814,10.4289,9.6345,8.2316,7.3656,18906145,1255,2026-08-14,64.64,218960358.0
NASDAQ:MCHB,MCHB,Mechanics Bancorp,Financial Services,Banks - Regional,United States,NASDAQ,3762912239.0,17.08,63.46,62.03,8,77.6,2929,False,-0.52,45.99,19.83,23.33,36.7,47.84,28.03,14.2532,13.8495,12.4942,11.5534,13.3402,12000534,1254,2026-08-14,64.42,220311021.0
NASDAQ:TUSK,TUSK,"Mammoth Energy Services, Inc.",Industrials,Conglomerates,United States,NASDAQ,159926548.0,3.32,63.46,59.09,8,77.6,2930,True,-13.54,91.91,33.01,35.09,20.57,5.08,-8.6,2.496,2.4576,2.7535,3.1594,3.6324,636188,1254,2026-08-14,60.25,48170647.0
NYSE:BILL,BILL,"BILL Holdings, Inc.",Technology,Software - Application,United States,NYSE,4957925070.0,49.78,63.47,62.65,8,77.6,2931,False,-11.6,55.76,13.71,10.89,-3.75,-15.44,-31.11,43.778,44.891,51.7195,58.8675,72.2558,111215461,1254,2026-08-14,69.52,99596727.0
NASDAQ:MBWM,MBWM,Mercantile Bank Corporation,Financial Services,Banks - Regional,United States,NASDAQ,1064121789.0,61.56,63.48,62.44,8,77.7,2932,False,-0.68,46.02,19.58,22.54,31.46,44.27,57.56,51.479,50.2372,46.8276,42.6693,39.0707,8403552,1255,2026-08-14,62.73,17285929.0
NYSE:UHAL,UHAL,U-Haul Holding Company,Industrials,Rental & Leasing Services,United States,NYSE,1442318102.0,74.21,63.48,64.92,8,77.7,2933,True,-1.41,75.89,33.18,32.62,20.05,19.89,21.42,55.7206,55.9573,61.8171,61.8964,61.1204,12225306,1255,2026-08-14,62.77,19435630.0
NASDAQ:MBIN,MBIN,Merchants Bancorp,Financial Services,Banks - Regional,United States,NASDAQ,2520935191.0,54.88,63.5,62.47,8,77.7,2934,False,-1.51,81.78,28.97,35.99,41.37,43.76,57.17,42.5516,40.3544,38.82,38.1738,34.9183,9120063,1254,2026-08-14,66.49,45935408.0
NYSE:OBDC,OBDC,Blue Owl Capital Corporation,Financial Services,Asset Management,United States,NYSE,5779630909.0,11.72,63.53,61.07,8,77.7,2935,False,-7.92,15.23,5.38,3.51,-0.98,0.86,8.05,11.1215,11.3224,11.8357,11.6201,10.8466,48554672,1254,2026-08-14,69.44,493142569.0
NYSE:FDX,FDX,FedEx Corporation,Industrials,Integrated Freight & Logistics,United States,NYSE,79169528752.0,334.64,63.54,59.56,8,77.8,2936,False,-1.39,88.86,19.0,28.03,45.38,52.08,64.32,281.2038,261.3843,230.1753,220.0385,203.6576,498622671,1255,2026-08-14,68.77,236581188.0
NYSE:MSA,MSA,MSA Safety Incorporated,Industrials,Security & Protection Services,United States,NYSE,7301191353.0,189.13,63.55,62.7,8,77.8,2937,False,-6.07,24.73,10.45,10.85,13.42,12.58,18.99,171.2377,170.6162,166.7463,168.0004,158.9522,59436119,1255,2026-08-14,63.79,38604089.0
NASDAQ:BATRK,BATRK,"Atlanta Braves Holdings, Inc. - Series C",Communication Services,Entertainment,United States,NASDAQ,2831589571.0,53.58,63.58,60.16,8,77.8,2938,False,0.0,40.85,19.39,21.05,25.89,30.12,36.31,44.8799,44.2617,42.56,41.1767,39.3063,27838197,1254,2026-08-14,61.89,52847883.0
AMEX:BHB,BHB,"Bar Harbor Bankshares, Inc.",Financial Services,Banks - Regional,United States,AMEX,680547480.0,40.62,63.58,62.58,8,77.8,2939,False,-0.27,47.99,20.51,23.29,30.28,41.47,47.19,33.7077,32.9466,31.178,28.7127,27.5975,3685108,1255,2026-08-14,63.7,16754000.0
NASDAQ:IMXI,IMXI,"International Money Express, Inc.",Technology,Software - Infrastructure,United States,NASDAQ,439078638.0,14.59,63.6,58.27,8,77.9,2940,False,-8.47,28.55,-3.14,-2.36,-4.54,-13.44,-21.64,15.0628,14.9433,15.2838,16.856,18.6182,9375870,1254,2026-08-14,33.26,30094492.0
NYSE:ZIM,ZIM,ZIM Integrated Shipping Services Ltd.,Industrials,Marine Shipping,Israel,NYSE,3391423401.0,28.14,63.61,60.53,8,77.9,2941,False,-1.44,133.84,20.51,31.9,57.04,93.57,110.78,23.3512,21.3346,17.9188,14.5374,13.3502,38554344,1255,2026-08-14,58.11,120519666.0
NYSE:TEN,TEN,Tsakos Energy Navigation Ltd,Energy,Oil & Gas Midstream,Greece,NYSE,1248789144.0,41.45,63.62,59.77,8,77.9,2942,False,-4.37,113.07,27.32,36.92,70.84,78.56,95.82,32.5566,30.2722,24.2627,23.2139,21.1671,7938290,1255,2026-08-14,61.08,30127603.0
NASDAQ:NMFC,NMFC,New Mountain Finance Corporation,Financial Services,Asset Management,United States,NASDAQ,730116975.0,7.73,63.63,59.36,8,78.0,2943,False,-16.47,13.34,-1.61,-3.88,-10.11,-12.31,-10.51,7.8566,8.0418,8.5996,8.8147,8.6379,4320209,1255,2026-08-14,66.4,94452390.0
NASDAQ:TVTX,TVTX,"Travere Therapeutics, Inc.",Healthcare,Biotechnology,United States,NASDAQ,5778579117.0,62.14,63.63,63.1,8,78.0,2944,True,-0.99,260.65,55.95,70.81,133.15,201.76,201.09,39.8462,36.3786,26.6521,20.5924,20.6385,99388733,1254,2026-08-14,61.93,92992905.0
NYSE:LPG,LPG,Dorian LPG Ltd.,Energy,Oil & Gas Midstream,United States,NYSE,2026615599.0,47.37,63.67,61.63,8,78.0,2945,False,-0.11,112.08,43.63,48.93,73.58,69.7,95.02,32.9812,31.8074,27.2903,27.9144,24.2897,27559185,1254,2026-08-14,58.94,42782681.0
NASDAQ:TSBK,TSBK,"Timberland Bancorp, Inc.",Financial Services,Banks - Regional,United States,NASDAQ,357793211.0,46.05,63.67,61.88,8,78.0,2946,False,-0.8,52.01,18.8,22.96,38.12,49.97,55.98,38.7616,37.4516,33.3415,30.7059,29.5234,1623708,1255,2026-08-14,67.88,7769668.0
NASDAQ:CFFI,CFFI,C&F Financial Corporation,Financial Services,Banks - Regional,United States,NASDAQ,287294636.0,88.39,63.69,61.26,8,78.1,2947,False,-0.28,38.25,19.03,21.3,28.79,42.44,49.95,74.2616,72.8714,68.6313,62.0546,58.9456,2052279,1255,2026-08-14,63.99,3250307.0
NASDAQ:NEOG,NEOG,Neogen Corporation,Healthcare,Medical Devices,United States,NASDAQ,2540352586.0,11.65,63.69,62.56,8,78.1,2948,False,-3.24,121.06,30.13,40.53,24.86,-1.16,-12.36,8.9524,8.2898,9.3304,11.7872,13.2932,25586127,1255,2026-08-14,68.29,218056016.0
NASDAQ:SABR,SABR,Sabre Corporation,Technology,Software - Infrastructure,United States,NASDAQ,881548599.0,2.23,63.69,60.85,8,78.1,2949,False,-0.45,172.62,36.94,33.47,-8.39,-20.48,-34.23,1.6284,1.6707,2.4344,2.8045,3.3905,8046665,1255,2026-08-14,62.96,395313273.0
NASDAQ:CSHR,CSHR,CoinShares PLC,Financial Services,Capital Markets,Jersey,NASDAQ,687892691.0,5.22,63.73,58.1,8,78.1,2950,True,-39.37,45.81,,,,,,,,,,,1034825,93,2026-08-14,59.91,131780209.0
NASDAQ:BSVN,BSVN,Bank7 Corp.,Financial Services,Banks - Regional,United States,NASDAQ,497766027.0,52.29,63.75,61.89,8,78.2,2951,False,-0.1,37.38,19.76,18.62,24.51,42.99,57.6,43.6608,44.0837,41.998,36.5681,33.1785,1998166,1254,2026-08-14,64.15,9519335.0
NASDAQ:IPWR,IPWR,Ideal Power Inc.,Technology,Semiconductors,United States,NASDAQ,85884550.0,5.23,63.75,57.22,8,78.2,2952,True,-41.82,95.15,22.98,17.29,-1.96,-18.33,-31.86,4.2529,4.4589,5.3348,6.4041,7.6749,799699,1255,2026-08-14,48.19,16421520.0
NYSE:J,J,Jacobs Solutions Inc.,Industrials,Engineering & Construction,United States,NYSE,17081579956.0,144.66,63.78,62.62,8,78.2,2953,True,-11.31,35.28,8.99,6.22,9.38,15.3,22.48,132.7264,136.1856,132.2561,125.4602,118.1097,123533679,1255,2026-08-14,62.73,118080879.0
NASDAQ:KGEI,KGEI,Kolibri Global Energy Inc.,Energy,Oil & Gas E&P,United States,NASDAQ,205590074.0,5.77,63.78,59.21,8,78.2,2954,False,-11.23,70.71,23.4,19.77,9.82,22.25,32.22,4.676,4.8175,5.2541,4.7197,4.3639,745111,1255,2026-08-14,60.63,35630862.0
NASDAQ:PRLD,PRLD,Prelude Therapeutics Incorporated,Healthcare,Biotechnology,United States,NASDAQ,360290305.0,5.55,63.78,60.9,8,78.2,2955,True,-3.14,537.93,69.26,94.19,155.49,104.91,55.23,3.279,2.858,2.1723,2.7085,3.5754,1824416,1254,2026-08-14,61.55,64917172.0
NYSE:SOLV,SOLV,Solventum Corporation,Healthcare,Medical Instruments & Supplies,United States,NYSE,15341547736.0,88.59,63.78,61.97,8,78.2,2956,False,0.0,41.77,16.73,17.78,21.17,,,75.8935,75.2194,73.1128,,,106884183,598,2026-08-14,59.85,173174712.0
NYSE:MT,MT,Arcelor Mittal NY Registry Shares NEW,Basic Materials,Steel,Luxembourg,NYSE,55693519814.0,73.86,63.79,61.51,8,78.3,2957,True,-1.78,130.79,30.81,41.66,87.2,114.75,130.29,56.4629,52.1405,39.4562,34.393,32.0722,99431397,1255,2026-08-14,62.15,754041698.0
AMEX:PRK,PRK,Park National Corporation,Financial Services,Banks - Regional,United States,AMEX,3753552014.0,207.79,63.79,63.5,8,78.3,2958,False,-2.24,42.76,23.21,24.44,26.94,40.26,49.63,168.6535,166.9751,163.6918,148.1504,138.8695,21678212,1255,2026-08-14,63.61,18064161.0
NASDAQ:DYOR,DYOR,Insight Digital Partners II,Financial Services,Shell Companies,United States,NASDAQ,174225000.0,10.1,63.8,61.49,8,78.4,2959,False,0.0,2.02,,,,,,,,,,,781434,184,2026-08-14,63.8,17250000.0
NASDAQ:SATL,SATL,Satellogic Inc.,Industrials,Aerospace & Defense,United States,NASDAQ,798436445.0,5.8,63.8,56.75,8,78.4,2960,False,-46.0,356.69,28.79,35.48,64.75,107.5,98.86,4.5035,4.281,3.5206,2.7952,2.9166,28011134,1255,2026-08-14,65.5,137661456.0
AMEX:TMP,TMP,Tompkins Financial Corporation,Financial Services,Banks - Regional,United States,AMEX,1455693815.0,101.21,63.8,62.81,8,78.4,2961,False,0.0,68.45,25.77,30.89,46.25,64.41,65.1,80.4722,77.3274,69.2046,61.5607,61.304,10171661,1255,2026-08-14,63.61,14382905.0
NYSE:HII,HII,"Huntington Ingalls Industries, Inc.",Industrials,Aerospace & Defense,United States,NYSE,12913280811.0,327.71,63.81,59.76,8,78.5,2962,True,-27.46,25.56,-5.63,-1.36,19.1,24.68,31.67,347.2583,332.2238,275.1484,262.8469,248.8928,170735778,1255,2026-08-14,62.8,39404598.0
NASDAQ:UBSI,UBSI,"United Bankshares, Inc.",Financial Services,Banks - Regional,United States,NASDAQ,6747139681.0,49.27,63.81,62.84,8,78.5,2963,False,-0.2,47.66,17.78,21.27,30.28,39.99,43.53,41.8326,40.6296,37.8191,35.1956,34.3268,43854222,1255,2026-08-14,62.3,136942149.0
NASDAQ:FDMT,FDMT,"4D Molecular Therapeutics, Inc.",Healthcare,Biotechnology,United States,NASDAQ,637247536.0,12.19,63.82,59.59,8,78.5,2964,True,-8.35,98.53,24.51,29.45,52.1,0.99,-7.37,9.7908,9.4165,8.0146,12.0699,13.1606,6698875,1254,2026-08-14,59.3,52276254.0
NASDAQ:NBBK,NBBK,"NB Bancorp, Inc.",Financial Services,Banks - Regional,United States,NASDAQ,1006948900.0,22.98,63.84,62.37,8,78.5,2965,False,-1.16,38.08,11.72,14.73,21.16,,,20.5699,20.03,18.9671,,,8589817,658,2026-08-14,62.74,43818490.0
NYSE:TOST,TOST,"Toast, Inc.",Technology,Software - Infrastructure,United States,NYSE,17931000000.0,34.75,63.84,63.6,8,78.5,2966,False,-22.95,55.62,14.97,7.98,0.95,15.93,26.75,30.2259,32.1812,34.4231,29.9744,27.4158,341609294,1229,2026-08-14,67.05,516000000.0
NYSE:YEXT,YEXT,"Yext, Inc.",Technology,Software - Infrastructure,United States,NYSE,594471328.0,5.93,63.86,63.39,8,78.6,2967,False,-35.26,77.54,2.0,-7.3,-10.82,-7.95,-11.03,5.8136,6.3973,6.6493,6.4422,6.6649,4655775,1254,2026-08-14,70.28,100248116.0
NYSE:CAG,CAG,"ConAgra Brands, Inc.",Consumer Defensive,Packaged Foods,United States,NYSE,7475195328.0,15.62,63.9,60.96,8,78.6,2968,False,-19.1,25.58,1.21,-1.44,-19.79,-26.34,-32.64,15.4334,15.8475,19.4738,21.2063,23.1881,187728874,1255,2026-08-14,61.39,478565642.0
NYSE:BX,BX,Blackstone Inc.,Financial Services,Asset Management,United States,NYSE,108321903238.0,143.93,63.93,62.71,8,78.7,2969,False,-20.62,43.7,12.07,6.12,1.24,9.75,21.56,128.4306,135.6298,142.1664,131.1494,118.4059,707008679,1255,2026-08-14,73.46,752601287.0
NYSE:NET,NET,"Cloudflare, Inc.",Technology,Software - Infrastructure,United States,NYSE,101423746881.0,315.78,63.93,63.18,8,78.7,2970,False,-4.55,97.13,45.05,45.59,83.43,124.52,163.53,217.7109,216.8952,172.1554,140.6497,119.8247,1185775612,1255,2026-08-14,73.3,321184834.0
NASDAQ:ZM,ZM,"Zoom Communications, Inc.",Technology,Software - Application,United States,NASDAQ,28041852438.0,105.96,63.93,61.16,8,78.7,2971,False,-5.29,47.45,19.0,21.21,29.51,39.26,40.3,89.0425,87.417,81.8188,76.0869,75.5261,299757949,1254,2026-08-14,72.47,264645644.0
NASDAQ:EXLS,EXLS,"ExlService Holdings, Inc.",Technology,Information Technology Services,United States,NASDAQ,5319901657.0,34.82,63.94,62.43,8,78.7,2972,False,-22.59,38.07,3.41,-2.07,-12.47,-4.7,-2.3,33.6702,35.5546,39.7792,36.536,35.6391,83812341,1255,2026-08-14,67.46,152782931.0
NASDAQ:GCBC,GCBC,"Greene County Bancorp, Inc.",Financial Services,Banks - Regional,United States,NASDAQ,595381210.0,34.97,63.94,64.09,8,78.7,2973,True,-0.59,65.26,38.49,41.36,37.94,34.31,33.37,25.2506,24.7376,25.3512,26.0359,26.2211,1191944,1255,2026-08-14,63.16,17025485.0
NYSE:SAN,SAN,"Banco Santander, S.A. Sponsored ADR (Spain)",Financial Services,Banks - Diversified,Spain,NYSE,210833086600.0,14.76,63.95,61.99,8,78.8,2974,False,-0.4,59.47,22.1,27.14,67.35,104.54,140.73,12.0887,11.6091,8.8198,7.2161,6.1314,178228966,1255,2026-08-14,64.52,14284084458.0
NASDAQ:CCXI,CCXI,Churchill Capital Corp XI,Financial Services,Shell Companies,United States,NASDAQ,715233000.0,17.07,63.97,62.16,8,78.8,2975,False,-10.63,69.18,,,,,,,,,,,41587188,130,2026-08-14,58.93,41900000.0
NASDAQ:TTAN,TTAN,"ServiceTitan, Inc.",Technology,Software - Application,United States,NASDAQ,7480276820.0,90.4,63.97,62.26,8,78.8,2976,False,-24.43,63.5,15.41,7.98,,,,78.3271,83.7212,,,,113595293,418,2026-08-14,71.41,82746425.0
NASDAQ:INTU,INTU,Intuit Inc.,Technology,Software - Application,United States,NASDAQ,94550799420.0,345.66,63.98,59.82,8,78.8,2977,False,-51.26,36.12,-22.71,-29.81,-39.23,-39.74,-35.26,447.2187,492.4711,568.8398,573.6307,533.9042,1164921744,1255,2026-08-14,72.04,273537000.0
NASDAQ:IMVT,IMVT,"Immunovant, Inc.",Healthcare,Biotechnology,United States,NASDAQ,8586018909.0,41.82,64.0,62.76,8,78.9,2978,True,-1.83,184.68,43.99,58.39,71.94,56.06,75.3,29.0433,26.4034,24.3226,26.7979,23.8566,40463798,1254,2026-08-14,64.0,205308917.0
NASDAQ:PCTY,PCTY,Paylocity Holding Corporation,Technology,Software - Application,United States,NASDAQ,7939512920.0,148.28,64.01,63.78,8,78.9,2979,False,-18.67,55.92,18.96,11.48,-7.26,-8.27,-14.39,124.648,133.0064,159.8797,161.6426,173.1949,116748360,1254,2026-08-14,70.3,53544058.0
NYSE:PHR,PHR,"Phreesia, Inc.",Healthcare,Health Information Services,United States,NYSE,759049997.0,12.28,64.01,62.2,8,78.9,2980,False,-62.27,52.36,-6.68,-21.99,-39.46,-40.93,-46.96,13.1593,15.7409,20.2858,20.7896,23.1545,7844344,1254,2026-08-14,69.85,61811889.0
NYSE:IBTA,IBTA,"Ibotta, Inc.",Technology,Software - Application,United States,NYSE,784472648.0,38.84,64.07,60.87,8,79.0,2981,False,0.0,101.77,37.65,37.57,-7.09,,,28.2172,28.2323,41.8032,,,10829294,581,2026-08-14,63.03,20197545.0
NASDAQ:PRGS,PRGS,Progress Software Corporation,Technology,Software - Infrastructure,United States,NASDAQ,1793495954.0,43.73,64.07,63.18,8,79.0,2982,False,-6.7,74.29,18.62,13.75,-10.81,-13.46,-14.24,36.8643,38.4435,49.0302,50.5316,50.9923,20605961,1255,2026-08-14,69.74,41012942.0
NASDAQ:FTH,FTH,"Faeth Therapeutics, Inc.",Healthcare,Biotechnology,United States,NASDAQ,833684904.0,32.34,64.08,60.75,8,79.0,2983,True,-10.56,331.2,64.19,83.78,141.63,121.51,74.41,19.6966,17.5968,13.3839,14.5995,18.5427,7897427,1254,2026-08-14,55.34,25778754.0
NYSE:GWRE,GWRE,"Guidewire Software, Inc.",Technology,Software - Application,United States,NYSE,14618984955.0,175.59,64.08,62.26,8,79.0,2984,False,-32.95,70.99,9.91,0.16,-5.47,9.33,27.12,159.7617,175.3168,185.7429,160.5994,138.1338,183781808,1255,2026-08-14,71.01,83256364.0
NASDAQ:CBK,CBK,"Commercial Bancgroup, Inc.",Financial Services,Banks - Regional,United States,NASDAQ,483654831.0,35.3,64.12,64.29,8,79.1,2985,False,-0.4,50.67,27.51,,,,,27.6831,,,,,2093319,217,2026-08-14,65.94,13701270.0
NYSE:MOG.A,MOG-A,Moog Inc.,Industrials,Aerospace & Defense,United States,NYSE,12547608252.0,441.21,64.12,62.0,8,79.1,2986,True,0.0,132.55,40.31,51.67,84.37,112.49,147.35,314.4612,290.9091,239.3057,207.6403,178.3753,121475184,1255,2026-08-14,59.34,28439084.0
NYSE:AWR,AWR,American States Water Company,Utilities,Utilities - Regulated Water,United States,NYSE,3486970337.0,88.97,64.13,62.8,8,79.1,2987,False,-0.35,29.05,16.69,17.98,17.33,18.97,15.91,76.247,75.4088,75.8277,74.7814,76.7611,23641433,1255,2026-08-14,63.36,39192653.0
NYSE:ARES,ARES,Ares Management Corporation,Financial Services,Asset Management,United States,NYSE,31976533192.0,144.02,64.14,62.16,8,79.1,2988,False,-21.79,52.8,9.28,4.26,-2.8,5.23,19.29,131.7912,138.1369,148.1707,136.868,120.7321,312521591,1254,2026-08-14,72.84,222028421.0
NYSE:CRGY,CRGY,Crescent Energy Company,Energy,Oil & Gas E&P,United States,NYSE,4029069862.0,12.2,64.15,59.96,8,79.2,2989,True,-11.54,60.51,15.47,19.98,16.36,15.83,15.35,10.5652,10.1687,10.4848,10.5329,10.5763,65841218,1174,2026-08-14,61.03,330251628.0
NYSE:CRT,CRT,Cross Timbers Royalty Trust,Energy,Oil & Gas E&P,United States,NYSE,62220000.0,10.37,64.17,59.99,8,79.2,2990,True,-3.9,55.29,13.19,17.68,14.87,-1.2,-13.71,9.1615,8.8124,9.0274,10.4964,12.0174,172651,1255,2026-08-14,56.75,6000000.0
NASDAQ:GRSD,GRSD,Grandstand Limited,Consumer Cyclical,Gambling,Jersey,NASDAQ,80361277.0,2.28,64.17,56.05,8,79.2,2991,False,-78.91,37.35,-42.45,-52.93,-73.1,-74.78,-75.04,3.9619,4.8438,8.4762,9.039,9.1336,789602,1254,2026-08-14,46.76,35246174.0
NASDAQ:ANTX,ANTX,"AN2 Therapeutics, Inc.",Healthcare,Biotechnology,United States,NASDAQ,215736804.0,5.99,64.19,62.8,8,79.3,2992,True,-4.62,481.55,98.64,126.55,213.21,32.96,-1.51,3.0156,2.644,1.9124,4.505,6.0818,1120206,1100,2026-08-14,64.04,36016161.0
NASDAQ:AUDC,AUDC,AudioCodes Ltd.,Technology,Communication Equipment,Israel,NASDAQ,263953977.0,10.37,64.19,60.45,8,79.3,2993,False,0.0,51.67,17.8,16.35,14.42,10.23,-1.96,8.8031,8.913,9.0633,9.4075,10.5774,1131537,1255,2026-08-14,62.32,25453614.0
NASDAQ:BCPC,BCPC,Balchem Corporation,Basic Materials,Specialty Chemicals,United States,NASDAQ,5735497024.0,178.51,64.19,62.24,8,79.3,2994,True,-2.59,28.02,8.27,9.87,9.1,14.08,19.55,164.8765,162.4697,163.6153,156.4722,149.3128,32402483,1255,2026-08-14,62.26,32129836.0
NYSE:BOBS,BOBS,"Bob's Discount Furniture, Inc.",Consumer Cyclical,Specialty Retail,United States,NYSE,2471472035.0,18.92,64.19,62.81,8,79.3,2995,False,-16.02,92.08,,,,,,,,,,,19558817,131,2026-08-14,69.02,130627486.0
NASDAQ:FIVN,FIVN,"Five9, Inc.",Technology,Software - Infrastructure,United States,NASDAQ,2526611604.0,33.0,64.19,63.91,8,79.3,2996,False,-4.29,142.47,61.66,54.84,24.22,-13.99,-29.81,20.4131,21.3127,26.5661,38.3678,47.0169,106467899,1255,2026-08-14,67.26,76563988.0
NASDAQ:OBIO,OBIO,"Orchestra BioMed Holdings, Inc.",Healthcare,Biotechnology,United States,NASDAQ,264073953.0,4.41,64.23,59.84,8,79.4,2997,False,-17.57,87.66,5.49,13.04,5.79,-11.66,-32.79,4.1803,3.9012,4.1687,4.9922,6.562,704338,1254,2026-08-14,66.45,59880715.0
NASDAQ:CRVL,CRVL,CorVel Corp.,Financial Services,Insurance Brokers,United States,NASDAQ,3352825448.0,65.73,64.24,60.46,8,79.4,2998,False,-29.05,42.89,6.47,0.01,-24.37,-21.89,-15.43,61.7347,65.7222,86.9108,84.15,77.721,10843017,1255,2026-08-14,60.74,51009059.0
NASDAQ:GCMG,GCMG,GCM Grosvenor Inc.,Financial Services,Asset Management,United States,NASDAQ,836910667.0,13.86,64.25,62.7,8,79.4,2999,False,-1.35,48.34,23.17,21.54,20.68,33.88,46.32,11.2526,11.4039,11.4848,10.3526,9.4723,6965627,1254,2026-08-14,68.64,60383165.0
NASDAQ:SIBN,SIBN,"SI-BONE, Inc.",Healthcare,Medical Devices,United States,NASDAQ,839531927.0,18.93,64.26,62.49,8,79.5,3000,False,-11.54,63.05,17.23,18.42,20.06,15.61,10.65,16.1482,15.9852,15.7668,16.3737,17.1084,8640851,1254,2026-08-14,64.57,44349283.0
NASDAQ:THRM,THRM,Gentherm Inc,Consumer Cyclical,Auto Parts,United States,NASDAQ,1351029152.0,44.0,64.26,62.87,8,79.5,3001,False,-3.53,61.71,27.91,27.18,24.25,7.61,-4.74,34.398,34.597,35.4112,40.8867,46.1903,23281055,1255,2026-08-14,61.75,30705208.0
NASDAQ:ATLO,ATLO,Ames National Corporation,Financial Services,Banks - Regional,United States,NASDAQ,279888152.0,31.6,64.3,62.04,8,79.5,3002,False,-0.57,73.11,19.27,26.09,50.88,59.99,62.98,26.4948,25.0605,20.9444,19.7509,19.3887,1016668,1255,2026-08-14,67.8,8857220.0
NASDAQ:AZ,AZ,A2Z Cust2Mate Solutions Corp.,Technology,Software - Application,Canada,NASDAQ,326420762.0,7.33,64.3,61.14,8,79.5,3003,False,-25.36,43.16,14.54,8.42,9.45,36.77,41.27,6.3994,6.761,6.6974,5.3595,5.1886,2919178,1254,2026-08-14,78.0,44532164.0
NASDAQ:FOSL,FOSL,"Fossil Group, Inc.",Consumer Cyclical,Footwear & Accessories,United States,NASDAQ,329195901.0,5.57,64.3,62.87,8,79.5,3004,False,-8.54,211.17,38.35,47.4,114.47,154.78,115.35,4.026,3.7788,2.597,2.1862,2.5864,5545883,1255,2026-08-14,64.58,59101598.0
NASDAQ:PEBO,PEBO,Peoples Bancorp Inc.,Financial Services,Banks - Regional,United States,NASDAQ,1487195297.0,41.38,64.3,64.77,8,79.5,3005,False,-1.01,57.11,25.11,28.73,36.46,44.41,51.36,33.075,32.1455,30.3247,28.6544,27.3381,14012446,1255,2026-08-14,63.83,35939954.0
NASDAQ:VSEC,VSEC,VSE Corporation,Industrials,Aerospace & Defense,United States,NASDAQ,6784780497.0,241.82,64.31,61.43,8,79.6,3006,True,-0.32,56.37,24.36,28.43,61.2,96.78,132.86,194.4553,188.291,150.0117,122.8869,103.8482,88678728,1255,2026-08-14,59.95,28057152.0
NYSE:MTUS,MTUS,Metallus Inc.,Basic Materials,Steel,United States,NYSE,907902449.0,21.81,64.32,61.55,8,79.6,3007,True,0.0,49.79,17.93,20.4,32.81,21.0,20.63,18.4938,18.114,16.4221,18.0254,18.0807,9030102,1254,2026-08-14,61.73,41627806.0
NASDAQ:TWST,TWST,Twist Bioscience Corporation,Healthcare,Diagnostics & Research,United States,NASDAQ,7383509701.0,118.57,64.32,63.94,8,79.6,3008,False,-5.36,390.77,110.49,134.42,158.81,184.0,215.13,56.3304,50.5802,45.8135,41.7494,37.6253,160121194,1254,2026-08-14,72.3,62271314.0
NASDAQ:NAVN,NAVN,"Navan, Inc.",Technology,Software - Application,United States,NASDAQ,6992722188.0,29.255,64.33,63.07,8,79.7,3009,False,-1.53,243.77,,,,,,,,,,,70535523,197,2026-08-14,67.45,239026566.0
NASDAQ:BPOP,BPOP,"Popular, Inc.",Financial Services,Banks - Regional,United States,NASDAQ,11359966549.0,177.87,64.35,64.0,8,79.7,3010,False,0.0,65.64,26.39,30.27,52.89,73.36,93.16,140.7273,136.5345,116.3421,102.603,92.0834,76994332,1255,2026-08-14,62.74,63866681.0
NASDAQ:LARK,LARK,Landmark Bancorp Inc.,Financial Services,Banks - Regional,United States,NASDAQ,196377735.0,32.19,64.35,62.6,8,79.7,3011,False,-0.19,37.38,17.66,20.28,32.35,49.87,57.29,27.3586,26.7627,24.3225,21.4789,20.4657,324622,1255,2026-08-14,65.48,6100582.0
NASDAQ:FTDR,FTDR,"Frontdoor, Inc.",Consumer Cyclical,Personal Services,United States,NASDAQ,6073213705.0,86.47,64.36,63.59,8,79.8,3012,True,-4.8,76.11,37.63,36.84,50.21,74.49,97.44,62.8283,63.1898,57.5663,49.5563,43.7957,41359580,1254,2026-08-14,62.1,70234922.0
NYSE:PBF,PBF,PBF Energy Inc.,Energy,Oil & Gas Refining & Marketing,United States,NYSE,8516871810.0,71.85,64.36,64.29,8,79.8,3013,False,-3.02,232.22,74.6,86.95,128.45,101.9,101.61,41.1517,38.4326,31.451,35.586,35.6374,225044001,1255,2026-08-14,68.95,118536838.0
NYSE:SKM,SKM,"SK Telecom Co., Ltd.",Communication Services,Telecom Services,South Korea,NYSE,14783531809.0,38.51,64.36,59.52,8,79.8,3014,False,-16.28,95.68,29.59,37.24,54.9,67.08,77.72,29.7175,28.0606,24.8618,23.049,21.6686,85118660,1255,2026-08-14,59.94,383888128.0
NASDAQ:KMTS,KMTS,"Kestra Medical Technologies, Ltd.",Healthcare,Medical Instruments & Supplies,United States,NASDAQ,1642059450.0,28.02,64.38,61.37,8,79.9,3015,True,-1.16,78.7,18.78,21.13,,,,23.5891,23.133,,,,8112468,362,2026-08-14,63.5,58603121.0
NASDAQ:SFNC,SFNC,Simmons First National Corporation,Financial Services,Banks - Regional,United States,NASDAQ,3478174967.0,24.08,64.38,62.74,8,79.9,3016,False,-0.17,44.04,18.65,20.27,21.04,29.13,30.68,20.295,20.021,19.8944,18.6482,18.4262,33620977,1255,2026-08-14,62.4,144442482.0
NYSE:IEX,IEX,IDEX Corporation,Industrials,Specialty Industrial Machinery,United States,NYSE,17614631950.0,238.94,64.4,62.82,8,79.9,3017,False,-0.66,52.24,19.47,24.37,24.49,21.47,19.81,200.0012,192.1209,191.9302,196.715,199.4338,166723118,1255,2026-08-14,64.8,73719896.0
NYSE:UHAL.B,UHAL-B,U-Haul Holding Company Series N Non-Voting,Industrials,Rental & Leasing Services,United States,NYSE,11477259026.0,65.19,64.4,65.26,8,79.9,3018,True,-1.26,63.49,28.96,28.51,16.58,14.4,,50.5498,50.7258,55.9181,56.9844,,22667297,942,2026-08-14,63.36,176058583.0
NASDAQ:EGAN,EGAN,eGain Corporation,Technology,Software - Application,United States,NASDAQ,205875608.0,7.5,64.42,59.04,8,80.0,3019,False,-51.49,27.55,-15.83,-16.88,2.2,5.46,2.22,8.911,9.0233,7.3383,7.1118,7.3372,817289,1255,2026-08-14,64.79,27450081.0
NYSE:BCE,BCE,"BCE, Inc.",Communication Services,Telecom Services,Canada,NYSE,21886380925.0,23.47,64.43,58.92,8,80.0,3020,False,-8.99,12.46,0.11,0.48,-0.18,-9.36,-17.11,23.4433,23.3583,23.5134,25.8928,28.3135,89438969,1255,2026-08-14,63.02,932525817.0
NASDAQ:CME,CME,CME Group Inc.,Financial Services,Financial Data & Stock Exchanges,United States,NASDAQ,97013638525.0,269.8,64.43,59.12,8,80.0,3021,False,-14.94,23.43,-1.56,-0.33,6.74,16.76,26.8,274.0837,270.7009,252.7596,231.0738,212.7781,580377084,1255,2026-08-14,62.08,359576125.0
NYSE:DGX,DGX,Quest Diagnostics Incorporated,Healthcare,Diagnostics & Research,United States,NYSE,25871515584.0,234.4,64.44,65.16,9,80.0,3022,False,-1.72,36.87,20.04,22.01,33.34,46.85,53.98,195.2751,192.108,175.7921,159.6166,152.2232,244186923,1255,2026-08-14,68.46,110373360.0
NASDAQ:AIIR,AIIR,Air Global PLC,Consumer Defensive,Tobacco,United Arab Emirates,NASDAQ,1196484051.0,7.46,64.45,57.14,9,80.1,3023,False,-50.27,32.62,-19.92,-21.84,,,,9.3155,9.5445,,,,63184,285,2026-08-14,59.76,160386602.0
NYSE:FUL,FUL,H. B. Fuller Company,Basic Materials,Specialty Chemicals,United States,NYSE,3375160040.0,62.75,64.45,59.48,9,80.1,3024,True,-6.23,28.4,5.17,5.36,1.87,-4.24,-4.28,59.6651,59.5558,61.596,65.5263,65.5577,37587191,1255,2026-08-14,56.7,53787411.0
NASDAQ:CZFS,CZFS,"Citizens Financial Services, Inc.",Financial Services,Banks - Regional,United States,NASDAQ,396958054.0,82.54,64.49,63.4,9,80.1,3025,True,-0.49,58.98,29.63,32.24,38.54,50.13,42.07,63.6741,62.4149,59.5798,54.9778,58.0982,2834573,1255,2026-08-14,62.84,4809281.0
NYSE:GPC,GPC,Genuine Parts Company,Consumer Cyclical,Auto Parts,United States,NYSE,18615203123.0,135.03,64.49,63.59,9,80.1,3026,False,-7.71,47.62,14.87,11.84,12.61,8.53,3.3,117.5538,120.7351,119.9083,124.4158,130.7195,185092347,1255,2026-08-14,65.27,137859758.0
NASDAQ:HCHL,HCHL,Happy City Holdings Limited,Consumer Cyclical,Restaurants,Hong Kong,NASDAQ,70663828.0,3.96,64.5,65.95,9,80.2,3027,False,-19.02,296.0,36.72,32.81,,,,2.8964,2.9816,,,,0,287,2026-08-14,64.5,17844401.0
NYSE:ERO,ERO,Ero Copper Corp.,Basic Materials,Copper,Canada,NYSE,3524595318.0,33.8,64.51,61.83,9,80.2,3028,False,-11.12,149.26,21.59,31.06,63.98,71.62,81.04,27.7984,25.79,20.6126,19.6946,18.6696,37927410,1255,2026-08-14,67.24,104277968.0
NASDAQ:CTBI,CTBI,"Community Trust Bancorp, Inc.",Financial Services,Banks - Regional,United States,NASDAQ,1432572675.0,78.87,64.52,64.49,9,80.2,3029,False,-0.74,58.55,24.77,28.52,41.85,59.45,71.22,63.2107,61.3689,55.6019,49.4652,46.0649,8586257,1255,2026-08-14,66.32,18163721.0
NASDAQ:PLPC,PLPC,Preformed Line Products Company,Industrials,Electrical Equipment & Parts,United States,NASDAQ,2271437146.0,464.63,64.52,62.45,9,80.2,3030,True,-3.36,162.19,58.31,69.3,126.74,156.92,185.41,293.5029,274.438,204.9153,180.8474,162.7964,45604412,1255,2026-08-14,61.76,4888701.0
NYSE:CVX,CVX,Chevron Corporation,Energy,Oil & Gas Integrated,United States,NYSE,398319546400.0,200.0,64.53,61.46,9,80.3,3031,False,-4.41,38.88,13.94,17.29,28.38,32.76,34.43,175.5367,170.5202,155.7896,150.6471,148.773,1518308538,1255,2026-08-14,62.16,1991597732.0
NYSE:BHC,BHC,Bausch Health Companies Inc.,Healthcare,Drug Manufacturers - Specialty & Generic,Canada,NYSE,2434678552.0,6.51,64.56,62.46,9,80.3,3032,False,-21.94,46.95,11.25,7.47,1.45,-5.28,-7.3,5.8519,6.0573,6.417,6.8729,7.0226,33287929,1255,2026-08-14,62.42,373990561.0
NASDAQ:GASS,GASS,"StealthGas, Inc.",Industrials,Marine Shipping,Greece,NASDAQ,351776590.0,9.46,64.57,59.21,9,80.3,3033,False,-8.95,51.12,12.23,16.56,34.42,39.3,61.13,8.4288,8.1161,7.0379,6.791,5.871,822222,1255,2026-08-14,60.64,37185686.0
NASDAQ:NWL,NWL,Newell Brands Inc.,Consumer Defensive,Household & Personal Products,United States,NASDAQ,2651549297.0,6.24,64.58,62.84,9,80.3,3034,False,-1.89,111.96,48.22,41.55,13.21,3.98,-14.22,4.2099,4.4085,5.5118,6.001,7.2744,59691448,1255,2026-08-14,63.35,424927772.0
NYSE:PNC,PNC,"PNC Financial Services Group, Inc. (The)",Financial Services,Banks - Regional,United States,NYSE,102531030000.0,256.97,64.59,63.39,9,80.4,3035,True,0.0,47.45,18.29,21.36,32.63,48.28,59.03,217.2372,211.7433,193.7509,173.3042,161.5826,370611046,1255,2026-08-14,61.76,399000000.0
NYSE:MRP,MRP,"Millrose Properties, Inc.",Real Estate,REIT - Residential,United States,NYSE,4677738758.0,30.33,64.6,60.81,9,80.4,3036,False,-5.48,17.26,6.47,4.94,,,,28.487,28.9012,,,,31671505,382,2026-08-14,63.97,154228116.0
NYSE:PAR,PAR,PAR Technology Corporation,Technology,Software - Application,United States,NYSE,785740091.0,19.05,64.62,61.12,9,80.4,3037,False,-65.12,61.17,-15.12,-28.7,-58.05,-57.18,-53.89,22.4436,26.7182,45.4156,44.4905,41.3132,16471335,1255,2026-08-14,62.15,41246199.0
NYSE:UMH,UMH,"UMH Properties, Inc.",Real Estate,REIT - Residential,United States,NYSE,1400983908.0,16.45,64.62,61.64,9,80.4,3038,False,-0.84,21.74,8.64,9.86,3.53,9.01,11.37,15.1418,14.9742,15.8896,15.0903,14.7703,9576448,1255,2026-08-14,68.04,85166195.0
NASDAQ:API,API,"Agora, Inc. - ADS",Technology,Software - Application,United States,NASDAQ,303942277.0,4.64,64.63,60.8,9,80.5,3039,False,-11.79,43.21,15.4,17.43,18.16,32.62,32.22,4.0208,3.9512,3.927,3.4987,3.5094,1225609,1254,2026-08-14,73.8,65504801.0
NASDAQ:NBIS,NBIS,Nebius Group N.V.,Communication Services,Internet Content & Information,Netherlands,NASDAQ,61202424438.0,277.68,64.63,60.5,9,80.5,3040,True,-3.14,333.47,89.6,103.8,,,,146.4557,136.2528,,,,5606417533,455,2026-08-14,60.83,220406311.0
NYSE:RMT,RMT,"Royce Micro-Cap Trust, Inc.",Financial Services,Asset Management,United States,NYSE,781321192.0,14.61,64.63,61.04,9,80.5,3041,False,-0.48,62.82,21.44,26.55,46.82,60.47,71.81,12.0303,11.5448,9.9507,9.1047,8.5036,1628012,1255,2026-08-14,64.25,53478521.0
NYSE:CFG,CFG,"Citizens Financial Group, Inc.",Financial Services,Banks - Regional,United States,NYSE,31586701532.0,74.73,64.64,62.75,9,80.6,3042,False,0.0,59.44,21.16,26.11,49.2,73.4,87.6,61.6785,59.2584,50.0872,43.0976,39.834,264099430,1254,2026-08-14,62.46,422677660.0
NASDAQ:FHTX,FHTX,Foghorn Therapeutics Inc.,Healthcare,Biotechnology,United States,NASDAQ,367549152.0,6.26,64.64,62.47,9,80.6,3043,False,-6.29,77.34,26.45,26.94,16.77,14.66,3.37,4.9507,4.9313,5.3608,5.4597,6.0558,1186086,1254,2026-08-14,69.67,58713922.0
NYSE:RDW,RDW,Redwire Corporation,Industrials,Aerospace & Defense,United States,NYSE,3243248185.0,13.58,64.64,58.19,9,80.6,3044,True,-47.57,168.38,32.8,36.59,20.52,54.12,86.04,10.226,9.9422,11.2682,8.8116,7.2994,195496383,1255,2026-08-14,62.88,238825345.0
NYSE:WWW,WWW,"Wolverine World Wide, Inc.",Consumer Cyclical,Footwear & Accessories,United States,NYSE,1724240047.0,21.03,64.64,61.96,9,80.6,3045,False,-33.69,46.12,20.67,7.28,13.88,35.84,39.74,17.427,19.6032,18.4665,15.481,15.0497,16858926,1255,2026-08-14,58.52,81989541.0
NASDAQ:TASK,TASK,"TaskUs, Inc.",Technology,Information Technology Services,United States,NASDAQ,274091332.0,7.5,64.66,62.59,9,80.7,3046,False,-36.8,64.11,10.87,-1.34,-13.24,-10.83,-15.46,6.7648,7.6017,8.6449,8.4106,8.8711,6838977,1254,2026-08-14,62.58,36545511.0
NASDAQ:BUUU,BUUU,BUUU Group Limited,Industrials,Specialty Business Services,Hong Kong,NASDAQ,344300800.0,29.44,64.67,62.77,9,80.7,3047,True,-4.57,636.0,104.93,,,,,14.3658,,,,,2078501,251,2026-08-14,61.96,11695000.0
NASDAQ:KYMR,KYMR,"Kymera Therapeutics, Inc.",Healthcare,Biotechnology,United States,NASDAQ,9761051047.0,117.39,64.67,61.92,9,80.7,3048,False,-1.64,188.5,39.09,51.75,99.12,139.64,167.95,84.4009,77.3575,58.9552,48.9861,43.8102,60852112,1254,2026-08-14,61.22,83150618.0
NASDAQ:GANX,GANX,"Gain Therapeutics, Inc.",Healthcare,Biotechnology,United States,NASDAQ,90426561.0,2.12,64.68,60.48,9,80.7,3049,False,-49.28,37.66,-3.33,0.03,6.05,-8.8,-22.64,2.193,2.1193,1.9991,2.3244,2.7405,1005287,1255,2026-08-14,67.91,42654038.0
NASDAQ:LCCC,LCCC,Lakeshore Acquisition III Corp.,Financial Services,Shell Companies,United States,NASDAQ,93413450.0,10.49,64.69,65.96,9,80.8,3050,False,-0.19,4.48,1.87,2.33,,,,10.2972,10.2512,,,,89808,288,2026-08-14,64.69,8905000.0
NASDAQ:NDAQ,NDAQ,"Nasdaq, Inc.",Financial Services,Financial Data & Stock Exchanges,United States,NASDAQ,54231984631.0,97.02,64.69,61.63,9,80.8,3051,False,-3.27,26.25,8.86,8.57,15.98,30.82,39.89,89.1276,89.3631,83.6506,74.1624,69.3527,305318859,1255,2026-08-14,67.3,558977372.0
NASDAQ:PEBK,PEBK,"Peoples Bancorp of North Carolina, Inc.",Financial Services,Banks - Regional,United States,NASDAQ,238608303.0,44.84,64.7,61.09,9,80.8,3052,True,0.0,62.43,16.87,22.32,40.6,51.65,59.19,38.366,36.6575,31.893,29.5682,28.1682,2033178,1255,2026-08-14,62.78,5321327.0
NYSE:PNFP,PNFP,"Pinnacle Financial Partners, Inc.",Financial Services,Banks - Regional,United States,NYSE,16309510000.0,108.01,64.7,62.35,9,80.8,3053,False,-0.47,32.85,14.21,14.87,8.63,18.04,26.57,94.5686,94.025,99.4323,91.5052,85.3334,128388485,1255,2026-08-14,62.68,151000000.0
NYSE:ACA,ACA,"Arcosa, Inc.",Industrials,Engineering & Construction,United States,NYSE,7097713941.0,145.4,64.73,64.7,9,80.9,3054,True,0.0,63.38,21.6,27.03,41.58,53.32,67.64,119.5765,114.4589,102.701,94.8343,86.7343,103861530,1254,2026-08-14,61.62,48815089.0
NASDAQ:BFC,BFC,Bank First Corporation,Financial Services,Banks - Regional,United States,NASDAQ,1750836552.0,158.0,64.73,62.23,9,80.9,3055,False,-0.27,34.16,14.65,16.81,34.52,51.95,63.46,137.8122,135.2577,117.4563,103.9801,96.6579,12780548,1255,2026-08-14,66.07,11081244.0
NASDAQ:BFST,BFST,"Business First Bancshares, Inc.",Financial Services,Banks - Regional,United States,NASDAQ,1049616332.0,32.12,64.76,63.29,9,80.9,3056,False,-0.03,44.36,16.13,19.72,25.64,35.35,43.81,27.6595,26.8284,25.5643,23.7314,22.3348,7657758,1254,2026-08-14,64.95,32677968.0
NYSE:INVX,INVX,"Innovex International, Inc.",Energy,Oil & Gas Equipment & Services,United States,NYSE,2181188952.0,31.24,64.76,62.16,9,80.9,3057,False,-1.23,94.76,23.4,31.63,58.13,52.42,43.39,25.3166,23.7327,19.756,20.4965,21.787,21489333,1255,2026-08-14,63.19,69820389.0
NASDAQ:CORT,CORT,Corcept Therapeutics Incorporated,Healthcare,Biotechnology,United States,NASDAQ,12374023505.0,114.47,64.77,65.43,9,81.0,3058,True,-3.25,256.05,79.94,72.92,82.17,123.66,157.97,63.6172,66.1974,62.8358,51.1795,44.3734,134477241,1255,2026-08-14,61.24,108098397.0
NYSE:CBAN,CBAN,"Colony Bankcorp, Inc.",Financial Services,Banks - Regional,United States,NYSE,472590891.0,22.27,64.78,62.23,9,81.0,3059,False,0.0,43.27,15.66,19.11,30.79,49.65,61.29,19.2546,18.6963,17.0269,14.8813,13.8072,4493165,1255,2026-08-14,63.98,21220965.0
NYSE:SDRL,SDRL,Seadrill Limited,Energy,Oil & Gas Drilling,United States,NYSE,3000213774.0,47.98,64.78,60.2,9,81.0,3060,False,-12.45,68.94,17.81,23.77,34.75,21.78,,40.7267,38.7643,35.6061,39.3977,,29837641,960,2026-08-14,62.38,62530508.0
NASDAQ:SHC,SHC,Sotera Health Company,Healthcare,Diagnostics & Research,United States,NASDAQ,5386804517.0,18.89,64.78,62.91,9,81.0,3061,False,-2.38,43.87,13.96,14.69,26.91,30.19,31.03,16.5766,16.4708,14.8847,14.509,14.4162,53784143,1254,2026-08-14,67.62,285166994.0
NYSE:AES,AES,The AES Corporation,Utilities,Utilities - Diversified,United States,NYSE,10504813112.0,14.73,64.79,62.83,9,81.1,3062,False,-12.67,23.61,3.66,5.56,12.84,6.85,-5.19,14.2093,13.9537,13.054,13.7861,15.5363,94648823,1255,2026-08-14,64.79,713157713.0
NASDAQ:FWONK,FWONK,Liberty Media Corporation - Series C Liberty Formula One,Communication Services,Entertainment,United States,NASDAQ,23297856702.0,103.9,64.8,62.6,9,81.1,3063,False,-4.09,27.61,12.94,10.53,13.21,23.64,30.85,91.999,94.0041,91.7767,84.0336,79.4045,199460874,1254,2026-08-14,64.36,224233462.0
NASDAQ:CLMB,CLMB,"Climb Global Solutions, Inc.",Technology,Electronics & Computer Distribution,United States,NASDAQ,532014818.0,28.51,64.81,63.21,9,81.1,3064,False,-20.35,70.92,14.64,7.81,5.21,26.1,47.32,24.8693,26.4443,27.0993,22.6096,19.353,4079382,1255,2026-08-14,64.71,18660639.0
NASDAQ:CSWC,CSWC,Capital Southwest Corporation,Financial Services,Asset Management,United States,NASDAQ,1546061263.0,24.88,64.82,62.75,9,81.2,3065,False,-0.71,41.44,14.2,16.43,23.66,28.14,40.78,21.7865,21.3682,20.1192,19.416,17.6726,16448616,1255,2026-08-14,69.04,62140726.0
NYSE:ESNT,ESNT,Essent Group Ltd.,Financial Services,Insurance - Specialty,Bermuda,NYSE,6411074470.0,69.57,64.82,63.17,9,81.2,3066,False,0.0,24.59,12.92,12.93,17.32,23.01,33.31,61.611,61.6051,59.299,56.5548,52.1866,33663024,1254,2026-08-14,63.96,92152860.0
AMEX:REA,REA,"Rare Earths Americas, Inc.",Basic Materials,Other Industrial Metals & Mining,United States,AMEX,301396249.0,15.14,64.82,56.72,9,81.2,3067,True,-45.14,66.74,,,,,,,,,,,1459751,70,2026-08-14,56.55,19907282.0
NASDAQ:GLBE,GLBE,Global-E Online Ltd.,Consumer Cyclical,Internet Retail,Israel,NASDAQ,7115098683.0,42.36,64.84,63.3,9,81.2,3068,False,0.0,53.81,19.9,20.38,11.89,14.19,20.09,35.33,35.1898,37.8574,37.0964,35.2745,71594149,1255,2026-08-14,64.3,167967391.0
NASDAQ:WASH,WASH,"Washington Trust Bancorp, Inc.",Financial Services,Banks - Regional,United States,NASDAQ,766463490.0,40.19,64.88,63.52,9,81.3,3069,False,0.0,66.26,24.96,29.27,36.51,47.78,42.91,32.1625,31.0903,29.4417,27.1965,28.1223,6021686,1255,2026-08-14,64.88,19071000.0
NASDAQ:BVS,BVS,Bioventus Inc.,Healthcare,Medical Devices,United States,NASDAQ,966087164.0,14.26,64.89,64.39,9,81.3,3070,True,-6.55,119.05,55.79,63.65,57.8,86.79,115.24,9.1533,8.7137,9.0368,7.6344,6.6251,11393335,1254,2026-08-14,62.21,67748048.0
NYSE:GNT,GNT,"GAMCO Natural Resources, Gold & Income Trust",Financial Services,Asset Management,United States,NYSE,147035689.0,8.8,64.89,62.6,9,81.3,3071,True,-2.76,47.02,11.72,16.14,36.83,54.28,68.28,7.8771,7.577,6.4312,5.7039,5.2295,903583,1255,2026-08-14,64.1,16708601.0
NASDAQ:DOCU,DOCU,"DocuSign, Inc.",Technology,Software - Application,United States,NASDAQ,11846203480.0,62.04,64.9,63.4,9,81.4,3072,False,-27.02,48.6,14.6,6.19,-9.32,-1.52,1.86,54.1344,58.4244,68.4154,62.9989,60.9049,174495693,1255,2026-08-14,70.81,190944608.0
NASDAQ:RBB,RBB,RBB Bancorp,Financial Services,Banks - Regional,United States,NASDAQ,468641505.0,27.59,64.9,62.62,9,81.4,3073,False,-0.58,68.78,22.53,27.14,36.77,48.22,54.19,22.5175,21.6998,20.1719,18.6144,17.8938,4686816,1254,2026-08-14,64.18,16985919.0
NASDAQ:LECO,LECO,"Lincoln Electric Holdings, Inc.",Industrials,Tools & Accessories,United States,NASDAQ,15636066511.0,286.87,64.92,61.46,9,81.4,3074,True,-3.42,31.26,11.76,13.62,28.19,32.57,43.02,256.6875,252.4777,223.7774,216.3836,200.5782,119170920,1255,2026-08-14,63.61,54505757.0
NASDAQ:GRRR,GRRR,Gorilla Technology Group Inc.,Technology,Software - Infrastructure,United Kingdom,NASDAQ,454389849.0,16.37,64.94,58.23,9,81.4,3075,False,-24.84,72.77,19.6,12.07,12.86,35.35,-38.03,13.6876,14.6075,14.5048,12.0947,26.417,12085577,1255,2026-08-14,60.81,27757474.0
NASDAQ:SORA,SORA,AsiaStrategy,Consumer Cyclical,Luxury Goods,Hong Kong,NASDAQ,67132800.0,2.7,64.94,60.99,9,81.4,3076,False,-61.37,68.75,2.19,-15.93,,,,2.6423,3.2116,,,,542708,343,2026-08-14,71.36,24864000.0
NYSE:COP,COP,ConocoPhillips,Energy,Oil & Gas E&P,United States,NYSE,154455314207.0,126.78,64.96,61.66,9,81.5,3077,True,-4.54,51.66,16.78,20.82,26.78,23.17,24.38,108.5668,104.9303,100.0006,102.9348,101.9298,784811486,1255,2026-08-14,62.04,1218294007.0
NASDAQ:FRST,FRST,Primis Financial Corp.,Financial Services,Banks - Regional,United States,NASDAQ,414477826.0,16.66,64.96,62.38,9,81.5,3078,False,-0.06,78.93,22.0,28.35,42.98,51.19,56.46,13.6553,12.9801,11.6519,11.0194,10.6482,2978168,1255,2026-08-14,65.26,24878621.0
NASDAQ:YDES,YDES,YD Bio Limited,Healthcare,Biotechnology,Taiwan,NASDAQ,211077411.0,2.98,64.97,55.91,9,81.5,3079,True,-87.11,56.84,-59.45,,,,,7.3498,,,,,83288,243,2026-08-14,53.49,70831346.0
NASDAQ:AIRO,AIRO,"AIRO Group Holdings, Inc.",Industrials,Aerospace & Defense,United States,NASDAQ,300934813.0,9.57,64.98,61.76,9,81.6,3080,False,-62.89,63.59,4.94,-16.17,,,,9.1192,11.4159,,,,4809785,294,2026-08-14,79.4,31445644.0
NYSE:CVE,CVE,Cenovus Energy Inc,Energy,Oil & Gas Integrated,Canada,NYSE,57190037450.0,31.01,64.98,61.63,9,81.6,3081,False,-1.94,111.16,32.89,41.29,70.07,71.8,75.43,23.3352,21.947,18.2332,18.0504,17.6764,220386072,1255,2026-08-14,63.1,1844245000.0
NYSE:RY,RY,Royal Bank Of Canada,Financial Services,Banks - Diversified,Canada,NYSE,300945275268.0,216.56,64.98,63.86,9,81.6,3082,False,-0.0,61.05,23.13,28.13,50.72,71.89,86.69,175.8841,169.0137,143.6867,125.9899,115.999,293649868,1255,2026-08-14,62.6,1389662335.0
NASDAQ:GLBS,GLBS,Globus Maritime Limited,Industrials,Marine Shipping,Greece,NASDAQ,78559576.0,3.64,65.0,63.25,9,81.6,3083,False,-2.15,260.4,78.12,96.82,127.77,112.13,130.31,2.0435,1.8494,1.5981,1.7159,1.5804,555727,1255,2026-08-14,68.03,21582301.0
NYSE:FSK,FSK,FS KKR Capital Corp.,Financial Services,Asset Management,United States,NYSE,3461621112.0,12.36,65.02,63.38,9,81.7,3084,False,-19.26,33.72,6.59,2.26,-13.73,-12.11,-7.52,11.5963,12.0868,14.3278,14.0625,13.3657,29616999,1254,2026-08-14,70.32,280066433.0
NASDAQ:TMDX,TMDX,"TransMedics Group, Inc.",Healthcare,Medical Devices,United States,NASDAQ,3061405496.0,88.58,65.02,61.06,9,81.7,3085,False,-41.11,42.78,-17.44,-18.92,-16.77,-12.49,-4.07,107.297,109.2512,106.4334,101.2262,92.3403,81501651,1255,2026-08-14,67.33,34560911.0
NASDAQ:INDI,INDI,"indie Semiconductor, Inc.",Technology,Semiconductors,United States,NASDAQ,995169264.0,4.71,65.04,59.76,9,81.7,3086,False,-21.5,93.03,21.99,18.03,25.29,0.72,-16.16,3.8609,3.9904,3.7593,4.6763,5.6182,23784669,1255,2026-08-14,57.26,211288591.0
NASDAQ:HFFG,HFFG,HF Foods Group Inc.,Consumer Defensive,Food Distribution,United States,NASDAQ,98394767.0,1.84,65.05,58.26,9,81.8,3087,True,-50.4,30.5,-6.98,-16.04,-33.16,-41.93,-46.73,1.978,2.1914,2.7527,3.1688,3.4542,619170,1255,2026-08-14,63.43,53475417.0
NYSE:RS,RS,"Reliance, Inc.",Basic Materials,Steel,United States,NYSE,21776809890.0,426.54,65.05,63.07,9,81.8,3088,True,-0.16,62.81,27.18,31.59,39.84,44.32,54.89,335.3785,324.1357,305.0299,295.5487,275.3852,143337865,1255,2026-08-14,63.63,51054555.0
NYSE:OGC,OGC,OceanaGold Corporation,Basic Materials,Gold,Canada,NYSE,6361999158.0,28.6,65.06,59.12,9,81.8,3089,True,-32.54,76.72,-3.5,3.05,50.86,94.72,129.94,29.6384,27.7523,18.9581,14.6879,12.4382,12715192,1255,2026-08-14,64.38,222447523.0
NASDAQ:CBAT,CBAT,CBAK Energy Technology Limited,Industrials,Electrical Equipment & Parts,China,NASDAQ,63825002.0,0.72,65.07,60.37,9,81.9,3090,False,-39.5,46.94,-10.46,-13.58,-19.47,-24.05,-27.31,0.8041,0.8332,0.894,0.9479,0.9905,167093,1255,2026-08-14,68.74,88645836.0
NYSE:OKE,OKE,"ONEOK, Inc.",Energy,Oil & Gas Midstream,United States,NYSE,59846820611.0,94.99,65.07,60.89,9,81.9,3091,False,0.0,53.33,17.21,21.04,16.07,24.88,35.45,81.0456,78.4789,81.8392,76.0623,70.1307,345770464,1255,2026-08-14,59.9,630032852.0
NYSE:TY,TY,Tri Continental Corporation,Financial Services,Asset Management,United States,NYSE,1913207857.0,35.94,65.07,62.98,9,81.9,3092,False,-0.33,19.02,8.76,9.25,14.46,21.38,28.31,33.0459,32.897,31.4008,29.609,28.0112,1026873,1255,2026-08-14,68.83,53233385.0
NASDAQ:AVAV,AVAV,"AeroVironment, Inc.",Industrials,Aerospace & Defense,United States,NASDAQ,9757734264.0,192.81,65.08,59.85,9,81.9,3093,True,-52.95,41.07,-14.81,-20.32,-9.88,1.44,16.39,226.3331,241.9847,213.9477,190.0808,165.6516,210857280,1255,2026-08-14,63.6,50608030.0
NASDAQ:FWRD,FWRD,Forward Air Corporation,Industrials,Integrated Freight & Logistics,United States,NASDAQ,599610872.0,18.96,65.09,62.78,9,82.0,3094,False,-40.3,128.16,-3.32,-9.59,-22.37,-39.16,-61.43,19.6109,20.9705,24.4229,31.166,49.1581,13105266,1255,2026-08-14,74.42,31625046.0
NYSE:HIPO,HIPO,Hippo Holdings Inc.,Financial Services,Insurance - Property & Casualty,United States,NYSE,871905148.0,33.04,65.09,63.42,9,82.0,3095,False,-12.71,37.15,13.55,9.12,19.95,45.26,54.52,29.0973,30.2797,27.5451,22.746,21.3818,5367532,1254,2026-08-14,64.62,26389381.0
NASDAQ:THFF,THFF,First Financial Corporation,Financial Services,Banks - Regional,United States,NASDAQ,975848986.0,82.06,65.09,64.49,9,82.0,3096,False,-0.88,63.26,24.61,29.13,49.85,71.2,82.0,65.8557,63.5506,54.7623,47.9312,45.0881,7468861,1255,2026-08-14,64.72,11891896.0
NASDAQ:BWB,BWB,"Bridgewater Bancshares, Inc.",Financial Services,Banks - Regional,United States,NASDAQ,619857385.0,22.23,65.1,62.54,9,82.0,3097,False,-1.16,41.14,18.36,21.04,35.14,50.63,51.73,18.7809,18.3662,16.4495,14.7581,14.6508,4206636,1254,2026-08-14,65.28,27883823.0
NYSE:TBN,TBN,Tamboran Resources Corporation,Energy,Oil & Gas E&P,Australia,NYSE,1283064526.0,36.81,65.1,60.03,9,82.0,3098,True,-26.37,84.05,18.46,24.78,46.27,,,31.075,29.5001,25.1663,,,4025962,534,2026-08-14,61.74,34856412.0
NYSE:AGM,AGM,Federal Agricultural Mortgage Corporation,Financial Services,Credit Services,United States,NYSE,2169259418.0,232.7,65.11,66.68,9,82.1,3099,True,-3.74,68.89,33.01,32.84,30.61,34.23,46.61,174.9486,175.1677,178.1614,173.3532,158.7219,24858397,1255,2026-08-14,64.25,9322129.0
NYSE:NU,NU,Nu Holdings Ltd.,Financial Services,Banks - Regional,Brazil,NYSE,57994071371.0,15.23,65.11,61.66,9,82.1,3100,False,-18.82,31.29,1.14,1.1,9.71,21.41,41.99,15.058,15.0645,13.8827,12.5447,10.7265,1128773658,1174,2026-08-14,50.29,3807883872.0
NASDAQ:CPRT,CPRT,"Copart, Inc.",Industrials,Specialty Business Services,United States,NASDAQ,29264900946.0,31.61,65.12,59.29,9,82.1,3101,False,-36.74,16.34,-9.98,-15.54,-31.27,-33.32,-28.78,35.1147,37.4278,45.989,47.405,44.3856,326231157,1255,2026-08-14,51.81,925811482.0
NASDAQ:TILE,TILE,"Interface, Inc.",Consumer Cyclical,"Furnishings, Fixtures & Appliances",United States,NASDAQ,2203813048.0,37.96,65.12,63.6,9,82.1,3102,False,-1.99,55.6,27.43,29.38,50.56,79.58,108.22,29.7881,29.3397,25.2128,21.1382,18.2305,15461744,1255,2026-08-14,70.85,58056192.0
NASDAQ:FWONA,FWONA,Liberty Media Corporation - Series A Liberty Formula One,Communication Services,Entertainment,United States,NASDAQ,2286587738.0,95.31,65.13,62.72,9,82.2,3103,False,-4.05,27.92,13.01,10.86,13.68,24.7,32.53,84.3388,85.974,83.8415,76.4336,71.9133,13987992,1254,2026-08-14,63.69,23991058.0
NYSE:DCH,DCH,Dauch Corporation,Consumer Cyclical,Auto Parts,United States,NYSE,1597478106.0,6.73,65.15,60.81,9,82.2,3104,False,-25.22,32.22,6.01,7.46,17.06,6.94,-1.89,6.3482,6.2629,5.7494,6.293,6.86,19669836,1255,2026-08-14,65.68,237366732.0
NASDAQ:DNMX,DNMX,Dynamix Corporation III,Financial Services,Shell Companies,United States,NASDAQ,202055000.0,10.04,65.15,61.62,9,82.2,3105,False,0.0,1.62,,,,,,,,,,,62432,183,2026-08-14,65.15,20125000.0
NASDAQ:ARXS,ARXS,"Arxis, Inc.",Industrials,Aerospace & Defense,United States,NASDAQ,4398965783.0,57.28,65.19,64.02,9,82.3,3106,False,-4.52,68.22,,,,,,,,,,,43588092,83,2026-08-14,66.36,76797587.0
NYSE:CNK,CNK,"Cinemark Holdings Inc Cinemark Holdings, Inc.",Communication Services,Entertainment,United States,NYSE,4332785140.0,37.38,65.21,64.55,9,82.3,3107,False,-1.81,71.56,32.8,34.32,32.08,52.44,71.62,28.1466,27.83,28.3008,24.5204,21.7811,99972890,1255,2026-08-14,67.54,115911855.0
NYSE:OII,OII,"Oceaneering International, Inc.",Energy,Oil & Gas Equipment & Services,United States,NYSE,5195447469.0,52.2,65.23,64.17,9,82.3,3108,False,-1.01,135.14,51.75,61.92,87.93,99.95,121.36,34.3983,32.2388,27.7769,26.1065,23.581,55490285,1255,2026-08-14,63.39,99529645.0
NASDAQ:RUM,RUM,RUM Group Inc.,Communication Services,Internet Content & Information,United States,NASDAQ,2057049763.0,7.46,65.23,59.36,9,82.3,3109,False,-23.49,59.74,16.11,12.14,-0.04,6.56,-2.4,6.4247,6.6522,7.4629,7.001,7.6436,20316081,1255,2026-08-14,66.85,275743936.0
NYSE:AU,AU,AngloGold Ashanti PLC,Basic Materials,Gold,United States,NYSE,48703354052.0,96.3,65.25,60.36,9,82.4,3110,True,-22.73,94.86,6.33,13.54,64.07,112.08,150.39,90.5692,84.8164,58.6943,45.4076,38.4606,221668773,1255,2026-08-14,63.85,505746148.0
NASDAQ:MANH,MANH,"Manhattan Associates, Inc.",Technology,Software - Application,United States,NASDAQ,11507850817.0,197.39,65.28,64.43,9,82.4,3111,False,-10.0,63.29,26.95,18.61,-0.17,-4.27,2.8,155.481,166.421,197.7203,206.1853,192.0067,183433616,1255,2026-08-14,68.94,58300070.0
NASDAQ:FCNCA,FCNCA,"First Citizens BancShares, Inc.",Financial Services,Banks - Regional,United States,NASDAQ,23795971764.0,2291.3301,65.29,62.64,9,82.4,3112,True,0.0,40.28,13.79,15.71,16.01,25.43,43.0,2013.6695,1980.2068,1975.0489,1826.7952,1602.358,146829074,1255,2026-08-14,62.93,10385222.0
NYSE:HRI,HRI,Herc Holdings Inc.,Industrials,Rental & Leasing Services,United States,NYSE,5800689848.0,173.51,65.29,62.51,9,82.4,3113,False,-3.26,91.56,24.65,27.39,19.88,23.38,28.99,139.1974,136.2081,144.7376,140.6268,134.5142,80979430,1255,2026-08-14,61.64,33431444.0
NASDAQ:DTI,DTI,Drilling Tools International Corporation,Energy,Oil & Gas Equipment & Services,United States,NASDAQ,89604690.0,2.55,65.33,57.76,9,82.5,3114,False,-43.21,40.88,-13.41,-8.17,-12.6,-23.5,-46.91,2.9451,2.7768,2.9177,3.3332,4.8035,532172,1161,2026-08-14,60.28,35139094.0
NASDAQ:ECPG,ECPG,Encore Capital Group Inc,Financial Services,Credit Services,United States,NASDAQ,2224228341.0,103.74,65.35,63.74,9,82.5,3115,False,0.0,155.96,47.68,60.6,93.11,102.62,103.45,70.2479,64.5965,53.7204,51.1995,50.9894,36032669,1255,2026-08-14,62.63,21440412.0
NYSE:HEI,HEI,Heico Corporation,Industrials,Aerospace & Defense,United States,NYSE,20695107640.0,374.67,65.36,63.15,9,82.5,3116,True,0.0,43.61,16.88,17.25,27.99,45.01,59.69,320.5656,319.5511,292.7382,258.3691,234.626,150510141,1255,2026-08-14,63.42,55235561.0
NYSE:HL,HL,Hecla Mining Company,Basic Materials,Other Precious Metals & Mining,United States,NYSE,12320986843.0,18.37,65.36,60.37,9,82.5,3117,True,-42.23,147.22,-0.53,8.64,61.78,101.82,126.14,18.4682,16.9091,11.3552,9.1021,8.1234,661267997,1255,2026-08-14,62.17,670712403.0
AMEX:EQX,EQX,Equinox Gold Corp.,Basic Materials,Gold,Canada,AMEX,9154230932.0,11.6,65.37,59.13,9,82.6,3118,True,-38.03,53.97,-11.86,-7.63,24.32,47.13,66.6,13.1602,12.5581,9.3308,7.8843,6.9626,164738032,1255,2026-08-14,62.06,789157839.0
NASDAQ:CATY,CATY,Cathay General Bancorp,Financial Services,Banks - Regional,United States,NASDAQ,4338971079.0,64.93,65.38,63.32,9,82.6,3119,False,0.0,46.79,21.39,24.32,35.59,48.54,56.46,53.4887,52.2297,47.888,43.711,41.5001,29166518,1255,2026-08-14,63.6,66825367.0
NYSE:VZ,VZ,Verizon Communications Inc.,Communication Services,Telecom Services,United States,NYSE,202431095957.0,48.48,65.39,61.29,9,82.6,3120,False,-2.59,32.59,10.67,12.58,19.07,27.81,34.73,43.8077,43.0609,40.7167,37.9305,35.9824,1138700687,1255,2026-08-14,64.23,4175558910.0
NASDAQ:VOXR,VOXR,Vox Royalty Corp.,Basic Materials,Other Precious Metals & Mining,United States,NASDAQ,358978097.0,5.21,65.4,58.93,9,82.7,3121,False,-18.46,68.48,2.48,8.06,36.37,61.09,73.28,5.0839,4.8213,3.8204,3.2342,3.0068,2081916,1254,2026-08-14,71.94,68901746.0
NYSE:JILL,JILL,"J. Jill, Inc.",Consumer Cyclical,Apparel Retail,United States,NYSE,282581744.0,18.9,65.41,65.07,9,82.7,3122,False,-1.61,74.19,27.24,24.64,3.19,-11.62,-11.8,14.8543,15.1638,18.3162,21.3837,21.4294,1294759,1254,2026-08-14,65.56,14951415.0
NYSE:BTX,BTX,BlackRock Technology and Private Equity Term Trust Common Shares of Beneficial Interest,Financial Services,Asset Management,United States,NYSE,1063230815.0,9.11,65.42,60.52,9,82.7,3123,False,-2.11,56.29,26.55,29.64,38.37,46.2,52.81,7.1988,7.027,6.5836,6.231,5.9617,5141029,1254,2026-08-14,63.79,116710298.0
NYSE:RC,RC,Ready Capital Corporation,Real Estate,REIT - Mortgage,United States,NYSE,333405281.0,1.85,65.43,60.29,9,82.7,3124,False,-55.69,29.37,-4.72,-19.85,-51.9,-63.31,-67.93,1.9416,2.3083,3.8462,5.0422,5.7684,1886923,1255,2026-08-14,61.65,180219071.0
NYSE:SCM,SCM,Stellus Capital Investment Corporation,Financial Services,Asset Management,United States,NYSE,254156890.0,8.78,65.45,59.82,9,82.8,3125,False,-33.85,26.66,-9.36,-13.65,-18.96,-16.58,-13.73,9.6871,10.1683,10.8345,10.5246,10.1776,2344736,1254,2026-08-14,69.07,28947254.0
NYSE:APO,APO,"Apollo Global Management, Inc. (New)",Financial Services,Asset Management,United States,NYSE,81150605130.0,140.76,65.46,62.3,9,82.8,3126,False,-7.05,40.93,11.03,10.26,5.04,15.27,31.68,126.7781,127.6626,134.0072,122.1104,106.8985,496275336,1255,2026-08-14,70.37,576517513.0
NYSE:SKY,SKY,"Champion Homes, Inc.",Consumer Cyclical,Residential Construction,United States,NYSE,5189156099.0,94.53,65.46,62.8,9,82.8,3127,False,-3.01,47.11,15.34,17.7,12.83,18.67,25.69,81.9599,80.3163,83.7838,79.6571,75.2108,58057761,1255,2026-08-14,70.26,54894278.0
NASDAQ:CRON,CRON,Cronos Group Inc.,Healthcare,Drug Manufacturers - Specialty & Generic,Canada,NASDAQ,1173298802.0,3.14,65.47,63.27,9,82.9,3128,False,-3.98,36.52,17.62,18.56,34.31,36.9,35.35,2.6697,2.6485,2.3379,2.2936,2.3199,4177295,1255,2026-08-14,67.22,373662039.0
NYSE:ZBH,ZBH,"Zimmer Biomet Holdings, Inc.",Healthcare,Medical Devices,United States,NYSE,19471998813.0,100.65,65.47,62.34,9,82.9,3129,False,-5.57,26.81,11.19,8.63,3.51,-2.23,-6.33,90.5248,92.6574,97.24,102.95,107.4516,249121141,1255,2026-08-14,63.57,193462482.0
NASDAQ:LAES,LAES,SEALSQ Corp,Technology,Semiconductors,Switzerland,NASDAQ,670549737.0,3.01,65.48,57.72,9,82.9,3130,False,-60.65,44.02,-16.82,-18.99,-2.39,11.96,,3.6187,3.7158,3.0837,2.6886,,34467690,810,2026-08-14,59.91,222773999.0
NASDAQ:PANW,PANW,"Palo Alto Networks, Inc.",Technology,Software - Infrastructure,United States,NASDAQ,313180050000.0,384.27,65.48,64.89,9,82.9,3131,False,-2.96,171.24,72.79,76.39,90.85,110.68,140.19,222.3963,217.8542,201.3482,182.3917,159.9836,2056719155,1255,2026-08-14,72.8,815000000.0
NYSE:WEX,WEX,WEX Inc.,Technology,Software - Infrastructure,United States,NYSE,6536171358.0,191.78,65.51,65.26,9,82.9,3132,False,-3.63,51.17,24.1,22.57,18.78,10.69,11.07,154.5399,156.4704,161.4636,173.2523,172.6686,157932868,1255,2026-08-14,76.7,34081611.0
NASDAQ:RAPP,RAPP,"Rapport Therapeutics, Inc.",Healthcare,Biotechnology,United States,NASDAQ,2275130322.0,47.42,65.52,62.81,9,83.0,3133,True,-0.65,233.01,43.75,53.54,102.42,,,32.9874,30.8835,23.4271,,,12602193,547,2026-08-14,65.38,47978286.0
NASDAQ:FMAO,FMAO,"Farmers & Merchants Bancorp, Inc.",Financial Services,Banks - Regional,United States,NASDAQ,483401081.0,35.11,65.54,65.04,9,83.0,3134,False,-0.62,56.52,30.11,32.56,36.13,48.54,50.19,26.9838,26.4861,25.7919,23.6367,23.3765,3094814,1255,2026-08-14,67.56,13768188.0
NYSE:KODK,KODK,Eastman Kodak Company Common New,Industrials,Specialty Business Services,United States,NYSE,979068760.0,10.0,65.54,59.92,9,83.0,3135,True,-31.08,73.91,12.68,20.03,38.79,58.95,71.47,8.8748,8.3313,7.2051,6.2913,5.832,8497593,1255,2026-08-14,65.42,97906876.0
NASDAQ:CTW,CTW,CTW,Communication Services,Electronic Gaming & Multimedia,Japan,NASDAQ,139608000.0,2.77,65.55,59.85,9,83.1,3136,False,-7.97,128.93,26.85,27.27,,,,2.1836,2.1764,,,,72354,257,2026-08-14,58.72,50400000.0
NYSE:SYF,SYF,Synchrony Financial,Financial Services,Credit Services,United States,NYSE,26355038040.0,81.0,65.55,61.75,9,83.1,3137,False,-7.3,28.06,9.38,9.93,23.35,44.57,63.16,74.0514,73.6818,65.6693,56.0273,49.6444,271964277,1254,2026-08-14,63.37,325370840.0
NYSE:PH,PH,Parker-Hannifin Corporation,Industrials,Specialty Industrial Machinery,United States,NYSE,133128313826.0,1055.85,65.56,63.81,9,83.1,3138,False,-1.68,48.26,14.8,19.45,38.32,58.72,83.28,919.7277,883.9176,763.3195,665.2433,576.0887,651002674,1255,2026-08-14,66.72,126086389.0
NYSE:CLH,CLH,"Clean Harbors, Inc.",Industrials,Waste Management,United States,NYSE,16996438111.0,321.98,65.6,62.37,9,83.1,3139,False,-1.34,59.61,17.19,20.53,29.19,40.84,57.34,274.7508,267.143,249.2277,228.6191,204.6432,155071913,1255,2026-08-14,64.18,52787248.0
NASDAQ:CLMT,CLMT,"Calumet, Inc",Basic Materials,Specialty Chemicals,United States,NASDAQ,4158661855.0,47.72,65.61,65.08,9,83.2,3140,False,-2.19,260.7,62.43,77.1,119.13,140.04,150.19,29.3783,26.9458,21.7771,19.8796,19.0734,54335888,1255,2026-08-14,69.78,87147147.0
NYSE:MKC,MKC,"McCormick & Company, Incorporated",Consumer Defensive,Packaged Foods,United States,NYSE,13889195050.0,54.67,65.61,61.23,9,83.2,3141,False,-22.32,20.98,-4.1,-7.08,-17.56,-17.63,-20.39,57.007,58.8364,66.318,66.3695,68.6764,150208780,1255,2026-08-14,64.75,254055150.0
NASDAQ:WIX,WIX,Wix.com Ltd.,Technology,Software - Infrastructure,Israel,NASDAQ,3102304250.0,74.13,65.62,62.9,9,83.2,3142,False,-59.76,83.35,-6.78,-21.04,-45.52,-43.73,-37.86,79.5202,93.8852,136.0566,131.7302,119.2918,111125042,1254,2026-08-14,74.47,41849511.0
NASDAQ:CMCSA,CMCSA,Comcast Corporation,Communication Services,Telecom Services,United States,NASDAQ,92656051744.0,26.18,65.63,60.99,9,83.3,3143,False,-17.35,19.43,-0.47,-2.24,-12.08,-17.52,-16.97,26.3048,26.7792,29.7782,31.7415,31.5301,749268476,1255,2026-08-14,65.63,3539192198.0
NYSE:GD,GD,General Dynamics Corporation,Industrials,Aerospace & Defense,United States,NYSE,107081126637.0,395.78,65.63,64.0,9,83.3,3144,True,-0.05,28.44,13.26,14.98,28.06,36.55,46.23,349.4519,344.224,309.0535,289.842,270.6533,415655521,1255,2026-08-14,63.48,270557195.0
NASDAQ:RCAT,RCAT,"Red Cat Holdings, Inc.",Industrials,Aerospace & Defense,United States,NASDAQ,1693899909.0,11.13,65.63,58.83,9,83.3,3145,True,-35.89,81.27,1.21,1.56,27.05,80.2,124.96,10.9968,10.9592,8.7602,6.1765,4.9474,86593706,1255,2026-08-14,60.16,152192265.0
NASDAQ:EFSI,EFSI,Eagle Financial Services Inc,Financial Services,Banks - Regional,United States,NASDAQ,236304336.0,43.66,65.64,62.38,9,83.3,3146,False,0.0,38.58,15.05,16.38,27.0,35.42,37.24,37.9486,37.5154,34.3792,32.2409,31.8135,2388325,1255,2026-08-14,63.78,5412376.0
NASDAQ:ALMR,ALMR,"Alamar Biosciences, Inc.",Healthcare,Medical Devices,United States,NASDAQ,2298358928.0,33.16,65.68,63.98,9,83.3,3147,True,-9.32,73.7,,,,,,,,,,,8893878,83,2026-08-14,65.2,69311186.0
NYSE:ARIS,ARIS,Aris Mining Corporation,Basic Materials,Gold,Canada,NYSE,3693045098.0,17.89,65.69,60.23,9,83.4,3148,True,-21.12,165.43,6.97,17.82,77.43,129.2,174.26,16.7241,15.1845,10.0829,7.8055,6.523,24777509,1255,2026-08-14,63.17,206430693.0
NASDAQ:CNTB,CNTB,Connect Biopharma Holdings Limited,Healthcare,Biotechnology,United States,NASDAQ,160557825.0,2.55,65.7,59.58,9,83.4,3149,False,-30.89,93.62,5.0,11.63,50.78,64.83,78.57,2.4287,2.2844,1.6912,1.547,1.428,739736,1255,2026-08-14,65.37,62963853.0
AMEX:INFU,INFU,"InfuSystems Holdings, Inc.",Healthcare,Medical Devices,United States,AMEX,247629496.0,12.27,65.7,63.89,9,83.4,3150,False,-1.76,65.36,30.96,29.2,50.85,46.89,45.1,9.369,9.4969,8.134,8.3532,8.4564,2010897,1255,2026-08-14,68.48,20181703.0
NYSE:MSGE,MSGE,Madison Square Garden Entertainment Corp.,Communication Services,Entertainment,United States,NYSE,3455063731.0,85.44,65.7,64.36,9,83.4,3151,True,-3.37,135.18,36.23,45.76,78.19,96.56,,62.7178,58.6186,47.948,43.4668,,30728452,836,2026-08-14,63.95,40438480.0
NASDAQ:PTC,PTC,PTC Inc.,Technology,Software - Application,United States,NASDAQ,17296992202.0,149.75,65.7,62.85,9,83.4,3152,False,-30.84,33.31,-1.01,-7.94,-11.94,-11.5,-5.55,151.2766,162.6592,170.0592,169.2094,158.5526,217497987,1255,2026-08-14,72.63,115505791.0
NYSE:BBDC,BBDC,"Barings BDC, Inc.",Financial Services,Asset Management,United States,NYSE,974821090.0,9.31,65.71,63.15,9,83.5,3153,False,-1.27,21.17,10.99,11.3,13.77,19.73,28.6,8.3879,8.3645,8.183,7.7759,7.2396,6029028,1255,2026-08-14,70.17,104706884.0
NASDAQ:TARS,TARS,"Tarsus Pharmaceuticals, Inc.",Healthcare,Biotechnology,United States,NASDAQ,3019268798.0,69.2,65.73,60.64,9,83.5,3154,True,-16.13,40.19,1.13,3.76,25.49,53.35,82.7,68.4248,66.6917,55.1453,45.1263,37.8773,52359197,1254,2026-08-14,65.2,43631052.0
NYSE:DB,DB,Deutsche Bank AG,Financial Services,Banks - Regional,Germany,NYSE,72454240000.0,38.56,65.75,62.93,9,83.6,3155,True,-0.9,40.88,13.49,13.29,40.46,71.36,100.77,33.9773,34.0374,27.4529,22.5027,19.2062,63247377,1255,2026-08-14,64.75,1879000000.0
NYSE:OTF,OTF,Blue Owl Technology Finance Corp.,Financial Services,Asset Management,United States,NYSE,5301879658.0,11.46,65.78,61.85,9,83.6,3156,False,-16.25,16.11,-0.3,-2.77,,,,11.4939,11.7865,,,,31249516,294,2026-08-14,66.78,462642204.0
NASDAQ:GLNG,GLNG,Golar LNG Limited,Energy,Oil & Gas Midstream,Bermuda,NASDAQ,5342419865.0,52.49,65.79,59.7,9,83.6,3157,False,-8.03,50.12,13.81,17.01,27.82,49.62,65.96,46.1211,44.8605,41.0671,35.0831,31.6277,71333244,1255,2026-08-14,58.68,101779765.0
NYSE:KNTK,KNTK,Kinetik Holdings Inc.,Energy,Oil & Gas Midstream,United States,NYSE,3933308729.0,53.44,65.8,62.64,9,83.6,3158,False,0.0,77.83,26.1,28.82,24.3,37.51,50.72,42.3785,41.4835,42.9938,38.8632,35.457,51263520,1254,2026-08-14,60.04,73602334.0
NASDAQ:STHO,STHO,Star Holdings - Shares of Beneficial Interest,Real Estate,Real Estate Services,United States,NASDAQ,118397063.0,9.8,65.8,63.32,9,83.6,3159,False,0.0,39.8,16.93,17.27,9.41,-3.58,,8.3812,8.3564,8.9575,10.1636,,147357,848,2026-08-14,63.57,12081333.0
NASDAQ:GIX,GIX,GigCapital9 Corp.,Financial Services,Shell Companies,United States,NASDAQ,256118871.0,9.97,65.81,64.17,9,83.7,3160,False,0.0,1.73,,,,,,,,,,,746737,102,2026-08-14,65.81,25688954.0
NYSE:LH,LH,Labcorp Holdings Inc.,Healthcare,Diagnostics & Research,United States,NYSE,25736717000.0,318.13,65.82,65.8,9,83.7,3161,False,-1.65,30.01,18.21,17.6,25.76,34.21,40.88,269.1254,270.528,252.9637,237.0389,225.8227,234586403,1255,2026-08-14,72.41,80900000.0
NASDAQ:WSBF,WSBF,"Waterstone Financial, Inc.",Financial Services,Banks - Regional,United States,NASDAQ,383808523.0,21.26,65.82,63.89,9,83.7,3162,False,-0.7,56.64,19.53,24.3,41.03,54.51,55.32,17.7866,17.1035,15.0753,13.76,13.6878,1215056,1255,2026-08-14,69.54,18053082.0
NASDAQ:CDNA,CDNA,"CareDx, Inc.",Healthcare,Diagnostics & Research,United States,NASDAQ,2344594986.0,45.32,65.84,67.51,9,83.8,3163,False,-5.29,291.7,102.48,119.52,114.01,155.69,173.86,22.3824,20.6449,21.177,17.7244,16.5485,51740934,1254,2026-08-14,74.08,51734223.0
NASDAQ:HAS,HAS,"Hasbro, Inc.",Consumer Cyclical,Leisure,United States,NASDAQ,13638999959.0,96.7,65.84,62.72,9,83.8,3164,False,-7.34,39.64,10.48,13.79,31.38,46.1,53.01,87.5261,84.9813,73.6018,66.187,63.1966,223471195,1255,2026-08-14,65.84,141044467.0
NASDAQ:PACH,PACH,Pioneer Acquisition I Corp,Financial Services,Shell Companies,United States,NASDAQ,227782430.0,10.3,65.84,62.94,9,83.8,3165,False,0.0,3.62,1.34,,,,,10.164,,,,,315566,250,2026-08-14,65.84,22114799.0
NYSE:ACN,ACN,Accenture plc Class A Ordinary Shares (Ireland),Technology,Information Technology Services,Ireland,NYSE,108246439661.0,176.89,65.86,61.12,9,83.8,3166,False,-37.43,43.86,-13.37,-16.56,-33.63,-37.19,-36.41,204.1972,212.0093,266.5371,281.6371,278.1546,1124115614,1255,2026-08-14,68.22,611942109.0
NASDAQ:HQI,HQI,"HireQuest, Inc.",Industrials,Staffing & Employment Services,United States,NASDAQ,234475594.0,16.82,65.87,63.91,9,83.9,3167,False,-5.03,123.77,51.59,57.13,47.42,38.81,22.44,11.0955,10.7043,11.4096,12.1176,13.7373,332100,1255,2026-08-14,72.81,13940285.0
NYSE:WTS,WTS,"Watts Water Technologies, Inc.",Industrials,Specialty Industrial Machinery,United States,NYSE,10561785732.0,384.42,65.89,63.52,9,83.9,3168,True,-1.99,46.67,24.74,27.41,49.01,63.18,78.58,308.1838,301.7235,257.9832,235.5735,215.2633,71144271,1255,2026-08-14,65.25,27474600.0
NASDAQ:BKR,BKR,Baker Hughes Company,Energy,Oil & Gas Equipment & Services,United States,NASDAQ,64345133282.0,64.82,65.9,61.29,9,83.9,3169,True,-6.31,53.82,13.81,18.64,38.43,55.16,70.53,56.9563,54.6341,46.8245,41.7751,38.0115,521956423,1255,2026-08-14,62.15,992674071.0
NASDAQ:ACRV,ACRV,"Acrivon Therapeutics, Inc.",Healthcare,Biotechnology,United States,NASDAQ,83463372.0,1.95,65.92,60.52,9,84.0,3170,False,-35.22,51.16,5.18,7.91,-40.9,-56.69,,1.8539,1.807,3.2993,4.5022,,511420,938,2026-08-14,61.22,42801729.0
NYSE:T,T,AT&T Inc.,Communication Services,Telecom Services,United States,NYSE,170555878828.0,24.89,65.93,61.35,9,84.0,3171,False,-12.41,23.16,1.21,-0.58,3.33,18.66,28.64,24.5923,25.034,24.0888,20.9758,19.3482,1578124857,1255,2026-08-14,63.65,6852385650.0
NASDAQ:PDYN,PDYN,Palladyne AI Corp.,Technology,Software - Infrastructure,United States,NASDAQ,312284327.0,6.61,65.97,58.85,9,84.0,3172,True,-35.83,59.28,5.08,-1.15,5.03,43.79,29.83,6.2904,6.6866,6.2935,4.5969,5.0913,5111818,1226,2026-08-14,61.23,47244225.0
NASDAQ:CHCI,CHCI,"Comstock Holding Companies, Inc.",Real Estate,Real Estate Services,United States,NASDAQ,170963795.0,17.03,66.01,60.34,9,84.0,3173,False,-12.62,64.54,18.06,16.33,41.74,74.55,102.34,14.4254,14.6396,12.0146,9.7564,8.4163,468795,1255,2026-08-14,65.05,10038978.0
NASDAQ:PTLO,PTLO,Portillo's Inc.,Consumer Cyclical,Restaurants,United States,NASDAQ,373485743.0,5.16,66.02,60.95,9,84.1,3174,False,-36.02,35.43,3.17,-2.95,-39.83,-49.72,-60.26,5.0013,5.3169,8.5762,10.2632,12.9847,6142847,1207,2026-08-14,63.22,72380958.0
NYSE:RCI,RCI,"Rogers Communication, Inc.",Communication Services,Telecom Services,Canada,NYSE,15635549774.0,36.44,66.02,59.47,9,84.1,3175,False,-9.38,15.87,0.38,1.04,9.8,5.12,1.36,36.3013,36.0632,33.1882,34.6662,35.9498,49503699,1255,2026-08-14,65.8,429076558.0
NASDAQ:AXGN,AXGN,"Axogen, Inc.",Healthcare,Medical Devices,United States,NASDAQ,2619798528.0,48.73,66.04,62.86,9,84.1,3176,True,-1.89,229.48,37.02,53.97,111.27,174.72,209.25,35.5637,31.649,23.0656,17.7379,15.7573,44935286,1255,2026-08-14,64.33,53761513.0
NYSE:CSW,CSW,"CSW Industrials, Inc.",Industrials,Specialty Industrial Machinery,United States,NYSE,5623697038.0,345.15,66.04,63.86,9,84.1,3177,True,-1.58,49.49,21.3,24.19,13.82,25.56,43.94,284.5332,277.922,303.2496,274.8888,239.7845,56966169,1254,2026-08-14,65.26,16293487.0
NASDAQ:HMR,HMR,Heidmar Maritime Holdings Corp.,Industrials,Marine Shipping,Greece,NASDAQ,82588796.0,1.4,66.04,60.62,9,84.1,3178,False,-14.11,82.29,33.35,26.39,,,,1.0498,1.1076,,,,64137,373,2026-08-14,63.07,58991997.0
NYSE:KRO,KRO,Kronos Worldwide Inc,Basic Materials,Specialty Chemicals,United States,NYSE,974499893.0,8.47,66.06,63.67,9,84.2,3179,False,-2.08,101.16,42.62,44.3,17.72,7.56,5.65,5.9387,5.8698,7.1953,7.8745,8.0172,3689038,1255,2026-08-14,68.95,115053116.0
NASDAQ:BMRN,BMRN,BioMarin Pharmaceutical Inc.,Healthcare,Biotechnology,United States,NASDAQ,13019639744.0,67.36,66.07,64.88,9,84.2,3180,False,-4.1,35.62,18.44,19.13,9.73,-3.75,-11.67,56.8737,56.5449,61.3881,69.987,76.2558,145586141,1255,2026-08-14,71.26,193284438.0
NYSE:CTEV,CTEV,Claritev Corporation,Healthcare,Health Information Services,United States,NYSE,649861717.0,38.12,66.08,62.82,9,84.3,3181,False,-47.48,183.0,26.62,4.34,32.93,13.72,-12.64,30.1046,36.5338,28.6771,33.5214,43.6352,3471088,1254,2026-08-14,77.46,17047789.0
NYSE:CUBI,CUBI,"Customers Bancorp, Inc",Financial Services,Banks - Regional,United States,NYSE,2827100855.0,83.58,66.08,62.4,9,84.3,3182,False,-0.08,38.1,12.99,15.3,34.11,46.22,66.49,73.9704,72.4862,62.3217,57.161,50.2011,22621790,1254,2026-08-14,65.56,33825088.0
NASDAQ:VHCP,VHCP,Vine Hill Capital Investment Corp. II,Financial Services,Shell Companies,United States,NASDAQ,230460000.0,10.02,66.08,61.58,9,84.3,3183,False,-0.2,1.31,,,,,,,,,,,103280,129,2026-08-14,66.08,23000000.0
NASDAQ:UMBF,UMBF,UMB Financial Corporation,Financial Services,Banks - Regional,United States,NASDAQ,11547442561.0,152.04,66.09,63.47,9,84.3,3184,False,0.0,47.8,22.05,23.61,33.03,50.43,62.01,124.5668,122.996,114.2917,101.0736,93.8444,91254366,1255,2026-08-14,64.22,75950030.0
NYSE:GSBD,GSBD,"Goldman Sachs BDC, Inc.",Financial Services,Asset Management,United States,NYSE,1108805310.0,9.85,66.1,62.41,9,84.3,3185,False,-0.81,18.23,11.55,10.27,5.71,2.16,3.88,8.8301,8.9328,9.3179,9.642,9.4823,8269063,1254,2026-08-14,68.42,112569067.0
NASDAQ:CTRN,CTRN,"Citi Trends, Inc.",Consumer Cyclical,Apparel Retail,United States,NASDAQ,615659066.0,73.91,66.12,65.21,9,84.4,3186,False,-2.98,140.44,52.16,62.12,113.85,137.97,155.94,48.5748,45.5896,34.5615,31.0586,28.8774,9018487,1255,2026-08-14,68.23,8329848.0
NASDAQ:KOPN,KOPN,Kopin Corporation,Technology,Electronic Components,United States,NASDAQ,1019157056.0,5.5,66.12,61.27,9,84.4,3187,True,-13.93,214.29,65.51,72.36,146.96,179.71,201.85,3.3231,3.1909,2.2271,1.9663,1.8221,19514989,1255,2026-08-14,59.52,185301283.0
NASDAQ:PARK,PARK,"Park Dental Partners, Inc.",Healthcare,Medical Care Facilities,United States,NASDAQ,103710790.0,22.97,66.12,62.64,9,84.4,3188,False,-0.35,124.1,,,,,,,,,,,468908,174,2026-08-14,66.69,4515054.0
NYSE:AVTR,AVTR,"Avantor, Inc.",Healthcare,Medical Instruments & Supplies,United States,NYSE,9239061754.0,13.66,66.15,66.55,9,84.5,3189,False,-12.44,84.35,34.25,26.25,-7.88,-21.52,-26.15,10.1751,10.8195,14.8289,17.4067,18.4962,156840971,1254,2026-08-14,69.45,676358840.0
NASDAQ:DSGN,DSGN,"Design Therapeutics, Inc.",Healthcare,Biotechnology,United States,NASDAQ,926236924.0,14.83,66.16,61.39,9,84.5,3190,True,-6.08,209.6,34.6,48.47,101.44,149.84,108.54,11.0176,9.9888,7.3618,5.9358,7.1113,5551905,1255,2026-08-14,62.61,62456974.0
NASDAQ:GDRX,GDRX,"GoodRx Holdings, Inc.",Healthcare,Health Information Services,United States,NASDAQ,390572724.0,3.73,66.16,64.89,9,84.5,3191,False,-27.15,99.47,39.74,24.87,-8.69,-24.84,-27.24,2.6692,2.987,4.0851,4.9625,5.1266,5421634,1255,2026-08-14,65.91,104711186.0
NYSE:EXPD,EXPD,"Expeditors International of Washington, Inc.",Industrials,Integrated Freight & Logistics,United States,NYSE,24193854567.0,186.12,66.17,64.34,9,84.5,3192,False,-0.5,66.24,20.94,26.8,42.42,47.89,54.49,153.8948,146.7814,130.6825,125.8542,120.4745,210315479,1255,2026-08-14,68.06,129990622.0
NASDAQ:BOKF,BOKF,BOK Financial Corporation,Financial Services,Banks - Regional,United States,NASDAQ,8875212031.0,146.07,66.19,63.25,9,84.6,3193,False,0.0,42.97,14.49,18.13,30.04,43.51,49.38,127.5781,123.6528,112.3305,101.787,97.7851,36456069,1255,2026-08-14,65.1,60759992.0
NYSE:MSI,MSI,"Motorola Solutions, Inc.",Technology,Communication Equipment,United States,NYSE,77438598959.0,466.51,66.21,63.96,9,84.6,3194,True,-3.78,29.07,12.42,10.08,8.51,18.36,29.74,414.9732,423.8096,429.9174,394.1509,359.5599,395001050,1255,2026-08-14,65.63,165995582.0
NYSE:TK,TK,Teekay Corporation Ltd.,Energy,Oil & Gas Midstream,Bermuda,NYSE,1085037408.0,12.47,66.21,61.01,9,84.6,3195,False,-4.73,81.92,17.85,24.96,55.96,75.22,100.29,10.5816,9.9793,7.9955,7.1169,6.2259,6061721,1255,2026-08-14,62.01,87011821.0
NASDAQ:RGLD,RGLD,"Royal Gold, Inc.",Basic Materials,Gold,United States,NASDAQ,19577027749.0,230.68,66.24,61.28,9,84.6,3196,True,-23.87,39.57,0.3,4.38,23.63,41.8,54.22,229.9902,220.9925,186.5834,162.6854,149.583,154020447,1255,2026-08-14,63.3,84866602.0
NYSE:DDD,DDD,3D Systems Corporation,Technology,Computer Hardware,United States,NYSE,616405470.0,3.71,66.26,62.5,9,84.7,3197,True,-4.38,109.6,49.26,47.45,44.62,15.0,-22.37,2.4856,2.5162,2.5654,3.2262,4.7789,11905476,1255,2026-08-14,64.31,166147027.0
NYSE:AORT,AORT,"Artivion, Inc.",Healthcare,Medical Devices,United States,NYSE,1414553219.0,29.14,66.27,62.0,9,84.7,3198,True,-38.82,44.98,-17.04,-20.29,-9.58,4.32,18.44,35.1268,36.5595,32.2266,27.9324,24.6039,18868690,1255,2026-08-14,63.3,48543350.0
NYSE:ASB,ASB,Associated Banc-Corp,Financial Services,Banks - Regional,United States,NYSE,6101252940.0,32.33,66.28,63.59,9,84.7,3199,False,0.0,37.76,18.33,20.31,31.28,44.02,52.19,27.3227,26.873,24.6273,22.4488,21.2432,51813200,1255,2026-08-14,64.74,188718000.0
NYSE:GNW,GNW,Genworth Financial Inc,Financial Services,Insurance - Life,United States,NYSE,3891374041.0,10.16,66.28,63.98,9,84.7,3200,True,0.0,27.96,14.52,15.04,27.58,38.06,49.46,8.872,8.8319,7.9635,7.359,6.798,27798920,1255,2026-08-14,60.86,383009256.0
NASDAQ:LQDT,LQDT,"Liquidity Services, Inc.",Consumer Cyclical,Internet Retail,United States,NASDAQ,1355448112.0,43.47,66.31,64.12,9,84.8,3201,True,0.0,96.16,31.62,37.58,48.15,68.78,87.65,33.0272,31.5952,29.3421,25.7555,23.1651,8654674,1255,2026-08-14,64.66,31181231.0
NASDAQ:ABOS,ABOS,"Acumen Pharmaceuticals, Inc.",Healthcare,Biotechnology,United States,NASDAQ,192847639.0,2.67,66.32,59.89,9,84.8,3202,False,-20.77,117.07,12.88,20.89,34.92,5.7,-19.79,2.3653,2.2086,1.9789,2.5259,3.329,757071,1254,2026-08-14,61.73,72227580.0
NASDAQ:APPF,APPF,"AppFolio, Inc.",Technology,Software - Application,United States,NASDAQ,4918881215.0,204.21,66.33,63.5,9,84.8,3203,False,-28.71,42.47,7.44,-0.43,-6.45,-5.39,5.33,190.0635,205.0905,218.2833,215.8472,193.8855,86465511,1254,2026-08-14,66.21,24087367.0
NASDAQ:LILAK,LILAK,Liberty Latin America Ltd.,Communication Services,Telecom Services,Bermuda,NASDAQ,1367739000.0,8.49,66.34,65.82,9,84.9,3204,True,-0.82,80.6,44.25,46.04,59.57,59.53,58.71,5.8857,5.8133,5.3206,5.322,5.3493,10368995,1255,2026-08-14,65.18,161100000.0
NASDAQ:SPTX,SPTX,"Seaport Therapeutics, Inc.",Healthcare,Biotechnology,United States,NASDAQ,1296509921.0,24.22,66.35,61.97,9,84.9,3205,True,0.0,58.82,,,,,,,,,,,2340706,72,2026-08-14,64.23,53530550.0
NYSE:WBS,WBS,Webster Financial Corporation,Financial Services,Banks - Regional,United States,NYSE,12800642392.0,79.0,66.37,64.15,9,84.9,3206,False,-0.09,49.43,15.18,18.91,34.67,48.89,58.32,68.5897,66.4382,58.6602,53.0599,49.8982,389025762,1255,2026-08-14,66.6,162033448.0
NASDAQ:PLBC,PLBC,Plumas Bancorp,Financial Services,Banks - Regional,United States,NASDAQ,439289120.0,63.08,66.38,65.66,9,84.9,3207,False,-0.77,60.14,25.21,29.8,39.62,52.69,61.95,50.3781,48.5963,45.1793,41.3128,38.9503,3312764,1255,2026-08-14,71.04,6964000.0
NASDAQ:JJSF,JJSF,J & J Snack Foods Corp.,Consumer Defensive,Packaged Foods,United States,NASDAQ,1677868130.0,89.47,66.39,64.19,9,85.0,3208,False,-20.0,29.32,8.81,4.49,-19.02,-27.25,-29.4,82.225,85.6272,110.4793,122.9806,126.7274,22099522,1255,2026-08-14,71.39,18753416.0
NASDAQ:NTRS,NTRS,Northern Trust Corporation,Financial Services,Asset Management,United States,NASDAQ,35019541541.0,191.41,66.39,63.7,9,85.0,3209,True,0.0,58.53,24.97,29.52,54.0,77.71,91.11,153.1705,147.7883,124.2903,107.708,100.1582,218274225,1255,2026-08-14,65.08,182955653.0
NASDAQ:OVID,OVID,Ovid Therapeutics Inc.,Healthcare,Biotechnology,United States,NASDAQ,528191489.0,2.83,66.39,61.03,9,85.0,3210,False,-4.39,236.9,36.01,46.66,113.33,49.95,38.32,2.0808,1.9297,1.3266,1.8872,2.046,3776584,1254,2026-08-14,65.33,186640102.0
NYSE:SMBK,SMBK,"SmartFinancial, Inc.",Financial Services,Banks - Regional,United States,NYSE,902457405.0,52.78,66.39,66.53,9,85.0,3211,False,-0.85,59.11,27.72,31.45,46.84,68.67,78.75,41.3232,40.1518,35.9451,31.2927,29.5269,7509130,1255,2026-08-14,65.37,17098473.0
NYSE:BSTZ,BSTZ,BlackRock Science and Technology Term Trust Common Shares of Beneficial Interest,Financial Services,Asset Management,United States,NYSE,2164065842.0,31.48,66.43,61.77,9,85.1,3212,False,-0.05,69.13,29.84,34.63,56.77,76.32,91.55,24.2461,23.3825,20.0799,17.8536,16.4341,5576367,1254,2026-08-14,66.59,68744150.0
NASDAQ:DBCA,DBCA,D. Boral Acquisition I Corp.,Financial Services,Shell Companies,United States,NASDAQ,310428500.0,10.03,66.44,63.56,9,85.1,3213,False,0.0,2.03,,,,,,,,,,,280138,118,2026-08-14,63.41,30950000.0
NASDAQ:CFBK,CFBK,CF Bankshares Inc.,Financial Services,Banks - Regional,United States,NASDAQ,234044243.0,36.05,66.46,66.5,9,85.1,3214,False,-0.72,62.36,26.08,30.44,41.73,56.55,64.03,28.5926,27.6381,25.4357,23.0276,21.9779,2318563,1255,2026-08-14,67.5,6492212.0
NYSE:BGR,BGR,BlackRock Energy and Resources Trust,Financial Services,Asset Management,United States,NYSE,429954728.0,16.89,66.47,62.97,9,85.2,3215,False,0.0,38.63,14.21,18.04,30.87,39.41,47.63,14.788,14.3084,12.9058,12.1156,11.4411,1264972,1255,2026-08-14,63.86,25456171.0
NYSE:FBK,FBK,FB Financial Corporation,Financial Services,Banks - Regional,United States,NYSE,3184149952.0,61.8,66.47,64.97,9,85.2,3216,False,-0.45,24.94,11.57,12.39,21.18,36.02,45.66,55.3889,54.9849,50.9978,45.4361,42.4276,21364774,1254,2026-08-14,69.04,51523462.0
NASDAQ:SEPN,SEPN,"Septerna, Inc.",Healthcare,Biotechnology,United States,NASDAQ,2005861218.0,44.5,66.53,64.56,9,85.2,3217,False,-7.66,307.14,58.44,72.8,,,,28.0862,25.7521,,,,14296356,450,2026-08-14,68.46,45075533.0
NASDAQ:SY,SY,So-Young International Inc. - American Depository Shares,Healthcare,Health Information Services,China,NASDAQ,189908033.0,2.24,66.53,60.12,9,85.2,3218,True,-56.08,69.7,-16.35,-22.79,5.65,27.3,31.9,2.6777,2.901,2.1202,1.7596,1.6983,406826,1254,2026-08-14,64.87,84780372.0
NYSE:USB,USB,U.S. Bancorp,Financial Services,Banks - Regional,United States,NYSE,101906809646.0,65.42,66.53,64.57,9,85.2,3219,False,0.0,48.64,19.45,23.35,36.29,49.18,57.64,54.7697,53.0346,47.9996,43.8525,41.5008,454349654,1255,2026-08-14,65.26,1557731728.0
NYSE:BAH,BAH,Booz Allen Hamilton Holding Corporation,Industrials,Consulting Services,United States,NYSE,9317274009.0,77.46,66.54,61.6,9,85.3,3220,False,-28.0,30.71,-1.04,-6.31,-25.47,-30.99,-27.99,78.2749,82.6752,103.9273,112.2445,107.569,164951691,1255,2026-08-14,67.8,120284973.0
NYSE:HVT,HVT,"Haverty Furniture Companies, Inc.",Consumer Cyclical,Home Improvement Retail,United States,NYSE,428550004.0,28.79,66.55,65.35,9,85.3,3221,False,-1.03,50.45,22.64,25.32,32.0,22.98,21.28,23.4751,22.9733,21.8108,23.4099,23.7386,3833676,1255,2026-08-14,67.51,14885377.0
NASDAQ:IMNM,IMNM,"Immunome, Inc.",Healthcare,Biotechnology,United States,NASDAQ,3080410717.0,27.2,66.55,64.6,9,85.3,3222,True,-2.82,202.56,26.8,39.91,80.93,87.34,123.34,21.4518,19.4417,15.0331,14.5189,12.1788,23901778,1255,2026-08-14,63.6,113250394.0
NYSE:USFD,USFD,US Foods Holding Corp.,Consumer Defensive,Food Distribution,United States,NYSE,23986542772.0,108.92,66.55,64.7,9,85.3,3223,False,-1.82,55.49,24.34,27.5,41.44,62.46,83.67,87.6016,85.4271,77.0061,67.0456,59.3012,251403035,1254,2026-08-14,70.3,220221656.0
NASDAQ:NTRA,NTRA,"Natera, Inc.",Healthcare,Diagnostics & Research,United States,NASDAQ,44386743343.0,309.93,66.58,65.19,9,85.4,3224,False,-3.78,96.53,37.41,44.67,70.87,112.05,155.21,225.5519,214.2302,181.3828,146.1559,121.4434,372686937,1254,2026-08-14,67.14,143215382.0
NASDAQ:RNW,RNW,ReNew Energy Global plc - Class A Shares,Utilities,Utilities - Renewable,United Kingdom,NASDAQ,1674128518.0,6.81,66.58,62.97,9,85.4,3225,True,-16.85,51.33,14.68,7.9,6.78,8.05,10.29,5.9384,6.3111,6.3774,6.3025,6.1744,17703806,1255,2026-08-14,66.36,245833850.0
NYSE:ICE,ICE,Intercontinental Exchange Inc.,Financial Services,Financial Data & Stock Exchanges,United States,NYSE,86864568974.0,154.73,66.6,62.17,9,85.4,3226,False,-14.22,25.89,0.68,-1.04,-3.19,4.71,13.88,153.6807,156.3544,159.8299,147.7756,135.8754,617817145,1255,2026-08-14,68.11,561394487.0
NASDAQ:NTSK,NTSK,"Netskope, Inc.",Technology,Software - Infrastructure,United States,NASDAQ,3981300555.0,15.81,66.6,64.53,9,85.4,3227,False,-38.7,104.53,16.35,,,,,13.5881,,,,,58945686,228,2026-08-14,70.17,251821667.0
NYSE:VAC,VAC,Marriott Vacations Worldwide Corporation,Consumer Cyclical,Resorts & Casinos,United States,NYSE,4155167313.0,120.99,66.64,65.42,9,85.5,3228,False,-3.01,175.6,68.38,69.38,69.51,61.09,39.74,71.8557,71.4311,71.375,75.1094,86.5833,56411552,1255,2026-08-14,67.09,34343064.0
NYSE:WT,WT,"WisdomTree, Inc.",Financial Services,Asset Management,United States,NYSE,3488590300.0,22.81,66.64,64.15,9,85.5,3229,True,0.0,113.61,42.53,47.44,78.48,104.69,133.63,16.0036,15.4708,12.7801,11.1436,9.7633,52915595,1255,2026-08-14,66.1,152941267.0
NYSE:GEF,GEF,Greif Inc.,Consumer Cyclical,Packaging & Containers,United States,NYSE,2167034966.0,87.35,66.65,67.82,9,85.5,3230,False,-3.07,58.01,26.93,30.43,39.48,41.93,43.02,68.8177,66.9699,62.624,61.5462,61.0767,24266342,1255,2026-08-14,72.68,24808643.0
NASDAQ:LAWR,LAWR,"Robot Consulting Co., Ltd. - ADS",Industrials,Consulting Services,Japan,NASDAQ,172350000.0,3.75,66.66,61.41,9,85.6,3231,False,0.0,121.89,0.0,6.09,,,,3.75,3.5347,,,,0,271,2026-08-14,66.66,45960000.0
NASDAQ:PRAA,PRAA,"PRA Group, Inc.",Financial Services,Credit Services,United States,NASDAQ,785702293.0,20.6,66.66,62.82,9,85.6,3232,False,-7.33,97.7,23.45,24.9,14.8,7.3,-8.7,16.6872,16.4929,17.9441,19.1976,22.5628,7878124,1255,2026-08-14,65.01,38140888.0
NASDAQ:ALOY,ALOY,REalloys Inc.,Basic Materials,Other Industrial Metals & Mining,United States,NASDAQ,1004360879.0,14.72,66.67,60.64,9,85.6,3233,False,-43.12,157.79,34.8,44.45,113.03,166.16,201.76,10.92,10.1903,6.9099,5.5305,4.8781,34435669,1255,2026-08-14,60.41,68231038.0
NASDAQ:LILA,LILA,Liberty Latin America Ltd.,Communication Services,Telecom Services,Bermuda,NASDAQ,325836000.0,8.62,66.67,66.24,9,85.6,3234,True,-0.92,85.51,47.53,49.7,62.82,62.7,61.58,5.8428,5.7581,5.2941,5.2981,5.3348,5038714,1255,2026-08-14,65.49,37800000.0
NYSE:BNY,BNY,The Bank of New York Mellon Corporation,Financial Services,Banks - Diversified,United States,NYSE,110758992960.0,163.24,66.72,64.99,9,85.7,3235,True,0.0,64.44,27.48,32.59,60.97,93.75,122.66,128.0472,123.1203,101.4099,84.2528,73.3132,448652443,1255,2026-08-14,65.09,678504000.0
NASDAQ:BEEP,BEEP,Mobile Infrastructure Corporation,Industrials,Infrastructure Operations,United States,NASDAQ,106688482.0,2.59,66.73,63.84,9,85.7,3236,True,-36.21,87.68,5.15,-3.73,-18.84,,,2.4631,2.6903,3.1914,,,110093,743,2026-08-14,63.23,41192464.0
NYSE:FTI,FTI,TechnipFMC plc,Energy,Oil & Gas Equipment & Services,United Kingdom,NYSE,30828042541.0,78.61,66.74,62.44,9,85.7,3237,False,0.0,126.75,27.39,38.46,82.26,117.25,159.65,61.7075,56.7759,43.1317,36.1838,30.275,250579439,1255,2026-08-14,63.09,392164388.0
NASDAQ:SHOP,SHOP,Shopify Inc. - Class A Subordinate Voting Shares,Technology,Software - Application,Canada,NASDAQ,188205743778.0,154.32,66.76,64.63,9,85.8,3238,False,-13.79,61.76,16.65,13.46,30.18,52.14,76.67,132.2932,136.0102,118.5432,101.4308,87.3477,1577013259,1255,2026-08-14,71.5,1219581025.0
AMEX:CMCL,CMCL,Caledonia Mining Corporation Plc,Basic Materials,Gold,Jersey,AMEX,433963739.0,22.47,66.8,60.98,9,85.8,3239,False,-40.07,33.83,-8.68,-13.49,13.32,35.4,47.58,24.605,25.9734,19.8296,16.5953,15.226,3862459,1255,2026-08-14,69.52,19313028.0
NYSE:MMM,MMM,3M Company,Industrials,Conglomerates,United States,NYSE,94196699465.0,182.65,66.81,65.76,9,85.8,3240,False,-0.61,30.02,14.69,15.49,23.79,44.34,57.35,159.2536,158.1568,147.5447,126.5441,116.0797,660600844,1255,2026-08-14,66.81,515722417.0
NASDAQ:SPRB,SPRB,"Spruce Biosciences, Inc.",Healthcare,Biotechnology,United States,NASDAQ,144879914.0,52.64,66.86,58.71,9,85.8,3241,False,-71.17,652.0,-22.81,-18.49,-94.26,-98.67,-99.08,68.1932,64.5787,916.9727,3948.9937,5699.8033,2164021,1254,2026-08-14,60.57,2752278.0
NYSE:BNS,BNS,Bank Nova Scotia Halifax Pfd 3,Financial Services,Banks - Diversified,Canada,NYSE,111595817525.0,91.54,66.87,64.59,9,85.9,3242,False,0.0,63.21,20.6,25.23,48.7,66.32,75.9,75.9039,73.1001,61.5614,55.0385,52.04,194995410,1255,2026-08-14,64.05,1219093484.0
NYSE:BRSL,BRSL,"Brightstar Lottery PLC Trading under the Legal Name to begin at the market open on July 21, 2025.",Consumer Cyclical,Gambling,United Kingdom,NYSE,2165680907.0,11.79,66.87,60.41,9,85.9,3243,False,-32.17,17.43,-8.4,-12.6,-13.93,-22.82,-25.82,12.8716,13.4899,13.6977,15.2757,15.8933,22735990,1255,2026-08-14,65.52,183687948.0
NYSE:BFH,BFH,"Bread Financial Holdings, Inc.",Financial Services,Credit Services,United States,NYSE,4582161171.0,113.4,66.88,64.91,9,85.9,3244,False,0.0,111.61,37.8,45.73,71.99,103.4,126.61,82.2931,77.8125,65.935,55.7522,50.0427,61682187,1255,2026-08-14,63.89,40407065.0
NASDAQ:HRZN,HRZN,Horizon Technology Finance Corporation,Financial Services,Asset Management,United States,NASDAQ,341988166.0,5.01,66.89,63.53,9,86.0,3245,False,-17.75,36.67,1.94,-0.31,-15.87,-24.95,-26.49,4.9146,5.0258,5.9552,6.6753,6.815,3010745,1255,2026-08-14,72.61,68261111.0
NYSE:RVT,RVT,"Royce Small-Cap Trust, Inc.",Financial Services,Asset Management,United States,NYSE,2323688733.0,18.99,66.89,62.66,9,86.0,3246,False,0.0,35.6,11.82,14.7,26.46,37.37,46.38,16.9822,16.5567,15.0168,13.8238,12.9727,4084655,1255,2026-08-14,65.73,122363809.0
NYSE:MAIN,MAIN,Main Street Capital Corporation,Financial Services,Asset Management,United States,NYSE,5467802474.0,58.8,66.92,64.91,9,86.0,3247,False,-6.02,20.95,7.65,5.96,11.35,23.63,36.65,54.6193,55.4933,52.806,47.5603,43.0304,35662080,1255,2026-08-14,69.87,92989838.0
NASDAQ:SENEB,SENEB,Seneca Foods Corp.,Consumer Defensive,Packaged Foods,United States,NASDAQ,292489338.0,188.8,66.92,66.07,9,86.0,3248,False,-3.98,81.17,37.01,42.9,78.05,112.88,136.05,137.7967,132.1205,106.0387,88.6896,79.9818,32619,1255,2026-08-14,79.68,1549202.0
NASDAQ:COCH,COCH,"Envoy Medical, Inc.",Healthcare,Medical Devices,United States,NASDAQ,61616888.0,0.8,66.93,61.29,9,86.0,3249,False,-49.69,105.13,14.13,2.35,-40.51,-63.33,-80.68,0.701,0.7817,1.3447,2.1815,4.1413,130707,1254,2026-08-14,59.93,77021110.0
NASDAQ:BWIN,BWIN,"The Baldwin Insurance Group, Inc.",Financial Services,Insurance Brokers,United States,NASDAQ,3051383404.0,31.51,66.94,64.64,9,86.1,3250,True,-7.84,90.97,34.72,27.7,-6.44,-0.45,3.56,23.389,24.6754,33.6796,31.6519,30.4258,36850954,1254,2026-08-14,64.93,96838572.0
NYSE:RNGR,RNGR,"Ranger Energy Services, Inc.",Energy,Oil & Gas Equipment & Services,United States,NYSE,406961180.0,17.39,66.94,61.92,9,86.1,3251,False,-4.93,42.82,12.01,15.33,22.74,33.87,42.03,15.5248,15.0785,14.1681,12.9899,12.244,3811941,1254,2026-08-14,66.36,23402023.0
NYSE:KRMN,KRMN,Karman Holdings Inc.,Industrials,Aerospace & Defense,United States,NYSE,8217955801.0,62.01,66.96,60.41,9,86.1,3252,True,-46.21,38.29,-15.88,-13.89,,,,73.7134,72.0166,,,,163004294,376,2026-08-14,64.96,132526299.0
NASDAQ:GRWG,GRWG,GrowGeneration Corp.,Consumer Cyclical,Specialty Retail,United States,NASDAQ,106360902.0,1.77,66.97,63.25,9,86.1,3253,False,-19.55,70.19,24.67,20.16,19.75,-2.65,-26.65,1.4197,1.473,1.4781,1.8182,2.4129,789566,1255,2026-08-14,73.72,60090905.0
NYSE:GBAB,GBAB,Guggenheim Taxable Municipal Bond & Investment Grade Debt Trust Common Shares of Beneficial Interest,Financial Services,Asset Management,United States,NYSE,389772317.0,14.08,66.98,61.04,9,86.2,3254,False,-4.05,6.57,0.37,0.31,2.19,5.63,8.71,14.0283,14.0367,13.7776,13.3301,12.9515,1376909,1255,2026-08-14,66.16,27682693.0
NASDAQ:INMB,INMB,INmune Bio Inc.,Healthcare,Biotechnology,United States,NASDAQ,60225722.0,2.17,66.98,64.17,9,86.2,3255,False,-14.23,93.75,39.86,31.58,-44.58,-62.53,-65.69,1.5515,1.6492,3.9158,5.7906,6.3253,672705,1255,2026-08-14,63.3,27753789.0
NYSE:DXYZ,DXYZ,Destiny Tech100 Inc.,Financial Services,Asset Management,United States,NYSE,974901248.0,32.0,66.99,57.55,9,86.3,3256,False,-55.08,53.7,4.56,7.45,-1.14,,,30.6058,29.7823,32.3674,,,32030854,599,2026-08-14,66.82,30465664.0
NYSE:MP,MP,MP Materials Corp.,Basic Materials,Other Industrial Metals & Mining,United States,NYSE,10457023911.0,58.74,66.99,59.87,9,86.3,3257,False,-40.46,54.17,1.5,-3.3,36.42,71.64,79.46,57.8692,60.7473,43.0593,34.222,32.7324,351905724,1255,2026-08-14,62.69,178022198.0
NASDAQ:TXG,TXG,"10x Genomics, Inc.",Healthcare,Health Information Services,United States,NASDAQ,6555648711.0,56.09,66.99,67.27,9,86.3,3258,False,-4.23,394.62,121.12,146.12,205.5,128.29,89.7,25.3662,22.7901,18.3602,24.57,29.5671,154918793,1255,2026-08-14,73.23,116877317.0
NASDAQ:GEHC,GEHC,GE HealthCare Technologies Inc.,Healthcare,Medical Devices,United States,NASDAQ,33284759910.0,73.69,67.01,63.15,9,86.3,3259,False,-16.29,23.95,1.13,0.63,-3.94,-3.9,,72.8631,73.2258,76.7102,76.6821,,342084022,917,2026-08-14,67.4,451686252.0
NASDAQ:HWC,HWC,Hancock Whitney Corporation,Financial Services,Banks - Regional,United States,NASDAQ,6419976380.0,79.78,67.03,64.81,9,86.3,3260,False,0.0,49.58,18.89,21.58,34.91,50.64,59.58,67.1052,65.6193,59.1342,52.9618,49.995,65745581,1255,2026-08-14,65.45,80471000.0
NASDAQ:SOPH,SOPH,SOPHiA GENETICS SA,Healthcare,Health Information Services,Switzerland,NASDAQ,629214495.0,7.5,67.04,65.25,9,86.4,3261,False,-2.72,141.16,47.81,56.17,83.55,81.93,89.91,5.0741,4.8026,4.0861,4.1225,3.9493,2876270,1254,2026-08-14,69.46,83895266.0
NASDAQ:MPB,MPB,Mid Penn Bancorp,Financial Services,Banks - Regional,United States,NASDAQ,973073963.0,38.43,67.07,65.1,9,86.4,3262,False,0.0,47.82,18.74,21.82,30.32,45.86,47.93,32.3659,31.5476,29.4891,26.3475,25.9777,6436524,1255,2026-08-14,66.43,25320686.0
NASDAQ:ALNT,ALNT,Allient Inc.,Technology,Electronic Components,United States,NASDAQ,1893581402.0,111.41,67.08,64.5,9,86.4,3263,True,-2.51,165.28,58.85,70.69,144.2,178.36,186.63,70.1347,65.2701,45.6219,40.0234,38.8686,26831049,1255,2026-08-14,65.66,16996512.0
NASDAQ:FRBA,FRBA,First Bank,Financial Services,Banks - Regional,United States,NASDAQ,476723918.0,19.02,67.09,64.94,9,86.5,3264,False,0.0,31.85,16.41,17.13,24.38,33.67,38.94,16.3395,16.2379,15.2924,14.2287,13.6899,2035868,1255,2026-08-14,66.96,25064349.0
NASDAQ:FRSH,FRSH,Freshworks Inc.,Technology,Software - Application,United States,NASDAQ,3194868637.0,12.66,67.09,65.03,9,86.5,3265,False,-9.38,84.01,25.96,20.16,1.36,-12.05,-12.96,10.051,10.5355,12.4905,14.3946,14.5457,126880729,1228,2026-08-14,67.4,252359292.0
NYSE:DINO,DINO,HF Sinclair Corporation,Energy,Oil & Gas Refining & Marketing,United States,NYSE,16653013136.0,93.67,67.12,65.74,9,86.5,3266,False,0.0,119.52,52.54,58.87,96.08,93.54,97.87,61.4077,58.9599,47.7722,48.398,47.3395,268678736,1255,2026-08-14,64.78,177783849.0
NYSE:AMPY,AMPY,Amplify Energy Corp.,Energy,Oil & Gas E&P,United States,NYSE,197353949.0,4.78,67.14,61.08,9,86.5,3267,False,-27.9,30.25,-5.2,-2.85,-3.17,-12.59,-20.65,5.0422,4.9205,4.9366,5.4683,6.024,4113196,1255,2026-08-14,68.97,41287437.0
NYSE:FHI,FHI,"Federated Hermes, Inc.",Financial Services,Asset Management,United States,NYSE,4867701267.0,64.13,67.14,64.01,9,86.5,3268,False,-0.68,39.21,17.62,19.23,38.68,56.38,65.49,54.5214,53.7882,46.2443,41.0094,38.7525,33016718,1255,2026-08-14,65.14,75903653.0
NYSE:WAT,WAT,Waters Corporation,Healthcare,Diagnostics & Research,United States,NYSE,40469263855.0,412.17,67.14,64.28,9,86.5,3269,False,-0.96,45.48,15.32,18.45,17.4,22.96,26.01,357.4009,347.9559,351.091,335.2008,327.0855,360331592,1255,2026-08-14,68.48,98185855.0
NASDAQ:LCUT,LCUT,"Lifetime Brands, Inc.",Consumer Cyclical,"Furnishings, Fixtures & Appliances",United States,NASDAQ,224664729.0,9.83,67.15,62.23,9,86.6,3270,False,0.0,237.96,72.0,85.68,92.17,68.6,66.37,5.7152,5.294,5.1152,5.8305,5.9084,1650844,1255,2026-08-14,64.12,22855008.0
NASDAQ:NWFL,NWFL,Norwood Financial Corp.,Financial Services,Banks - Regional,United States,NASDAQ,375656458.0,34.49,67.16,64.26,9,86.6,3271,False,-0.03,47.89,17.07,21.04,29.91,34.31,34.88,29.4604,28.4945,26.5489,25.679,25.5706,1357503,1255,2026-08-14,67.32,10891750.0
NYSE:SKE,SKE,Skeena Resources Limited,Basic Materials,Other Industrial Metals & Mining,Canada,NYSE,4102229768.0,33.06,67.16,61.88,9,86.6,3272,True,-13.27,123.68,18.93,28.87,81.1,140.95,183.88,27.797,25.654,18.2555,13.7207,11.6457,15580815,1255,2026-08-14,66.36,124084385.0
NYSE:BAM,BAM,Brookfield Asset Management Inc Class A Limited Voting Shares,Financial Services,Asset Management,United States,NYSE,86720315568.0,54.31,67.18,64.49,9,86.7,3273,False,-9.9,28.0,11.7,8.16,7.73,20.32,,48.6208,50.2124,50.4112,45.1398,,134841758,927,2026-08-14,76.33,1596765155.0
NYSE:OFG,OFG,OFG Bancorp,Financial Services,Banks - Regional,United States,NYSE,2280196750.0,53.95,67.19,65.82,9,86.7,3274,False,0.0,47.56,24.45,25.04,28.65,38.33,52.03,43.3512,43.1478,41.9367,38.9996,35.486,15099491,1255,2026-08-14,64.99,42265000.0
NASDAQ:FBIZ,FBIZ,"First Business Financial Services, Inc.",Financial Services,Banks - Regional,United States,NASDAQ,597393139.0,71.44,67.2,67.19,9,86.7,3275,False,-0.58,53.23,25.21,28.63,40.65,59.51,73.56,57.0569,55.5413,50.793,44.7877,41.1609,4720735,1255,2026-08-14,69.86,8362166.0
NYSE:SUNB,SUNB,"Sunbelt Rentals Holdings, Inc.",Industrials,Rental & Leasing Services,United States,NYSE,34763552749.0,84.8,67.23,62.29,9,86.8,3276,False,-0.44,35.81,,,,,,,,,,,152525547,115,2026-08-14,61.37,409947556.0
NYSE:GENI,GENI,Genius Sports Limited,Communication Services,Internet Content & Information,United Kingdom,NYSE,2240300460.0,8.38,67.25,64.87,9,86.8,3277,False,-38.15,113.78,15.52,0.6,-4.41,7.7,18.64,7.2541,8.3298,8.7667,7.7808,7.0636,58514565,1255,2026-08-14,62.31,267338957.0
NYSE:PFE,PFE,"Pfizer, Inc.",Healthcare,Drug Manufacturers - General,United States,NYSE,152694255449.0,26.79,67.27,63.46,9,86.8,3278,False,-2.95,21.48,6.76,8.4,11.77,10.4,-0.25,25.0935,24.7132,23.9697,24.2665,26.8572,1008973821,1255,2026-08-14,67.44,5699673589.0
NASDAQ:TRUP,TRUP,"Trupanion, Inc.",Financial Services,Insurance - Property & Casualty,United States,NASDAQ,1334786443.0,30.6,67.28,64.11,9,86.8,3279,False,-39.36,42.59,3.92,-5.98,-22.14,-13.81,-20.1,29.4448,32.5469,39.2992,35.5029,38.2979,14290073,1254,2026-08-14,69.52,43620472.0
NYSE:STT,STT,State Street Corporation,Financial Services,Asset Management,United States,NYSE,52671316421.0,191.74,67.31,66.0,9,86.9,3280,True,0.0,78.0,34.76,41.08,69.0,95.19,112.02,142.2869,135.9055,113.4551,98.2304,90.435,317210562,1255,2026-08-14,64.8,274701765.0
NYSE:TKO,TKO,"TKO Group Holdings, Inc.",Communication Services,Entertainment,United States,NYSE,15089493221.0,201.28,67.31,60.2,9,86.9,3281,False,-9.82,15.38,2.8,3.4,18.92,40.82,57.57,195.8054,194.6677,169.2593,142.9327,127.7401,201285491,1255,2026-08-14,65.75,74967673.0
NASDAQ:TORO,TORO,Toro Corp.,Energy,Oil & Gas Midstream,Cyprus,NASDAQ,195260214.0,5.65,67.32,63.39,9,86.9,3282,True,-16.67,251.45,43.09,59.36,117.99,108.89,,3.9486,3.5455,2.5918,2.7048,,136669,865,2026-08-14,66.74,34559330.0
NASDAQ:ELMT,ELMT,The Elmet Group Co.,Industrials,Aerospace & Defense,United States,NASDAQ,564221022.0,18.82,67.33,60.15,9,86.9,3283,False,-14.8,47.72,,,,,,,,,,,4912369,79,2026-08-14,59.23,29979863.0
NYSE:ALLE,ALLE,Allegion plc,Industrials,Security & Protection Services,Ireland,NYSE,14012361597.0,164.78,67.37,66.6,9,87.0,3284,False,-7.61,31.68,9.26,6.13,12.91,21.53,29.26,150.8133,155.2589,145.9435,135.5853,127.4767,226019569,1254,2026-08-14,71.4,85036786.0
NASDAQ:BSIN,BSIN,Big Sky Industrial Inc.,Energy,Oil & Gas E&P,United States,NASDAQ,74818213.0,1.43,67.37,64.39,9,87.0,3285,True,0.0,107.25,37.41,33.57,13.75,16.71,-2.23,1.0407,1.0706,1.2571,1.2253,1.4626,2136282,1255,2026-08-14,62.98,52320429.0
NYSE:PRGO,PRGO,Perrigo Company plc,Healthcare,Drug Manufacturers - Specialty & Generic,Ireland,NYSE,1804315721.0,13.04,67.37,63.88,9,87.0,3286,False,-43.45,44.64,8.39,-6.26,-31.94,-40.33,-45.91,12.0307,13.9109,19.1596,21.852,24.1087,34283532,1255,2026-08-14,65.86,138367770.0
NYSE:QTWO,QTWO,"Q2 Holdings, Inc.",Technology,Software - Application,United States,NYSE,4036219407.0,64.73,67.37,65.88,9,87.0,3287,False,-23.16,53.79,13.41,7.27,-12.02,0.35,15.65,57.078,60.3422,73.5765,64.5019,55.9721,61367502,1254,2026-08-14,73.22,62354695.0
NASDAQ:AFCG,AFCG,Advanced Flower Capital Inc.,Financial Services,Asset Management,United States,NASDAQ,72076642.0,3.16,67.38,60.1,9,87.1,3288,False,-32.5,56.53,12.74,4.77,-33.66,-39.43,-42.54,2.803,3.0161,4.7633,5.2173,5.499,231151,1254,2026-08-14,61.02,22809064.0
NYSE:DEO,DEO,Diageo plc,Consumer Defensive,Beverages - Wineries & Distilleries,United Kingdom,NYSE,53055090846.0,95.44,67.38,64.79,9,87.1,3289,False,-14.22,33.03,11.87,8.35,-4.54,-14.25,-22.68,85.3123,88.0884,99.9821,111.3031,123.4288,123718378,1255,2026-08-14,66.65,555899946.0
NASDAQ:DXCM,DXCM,"DexCom, Inc.",Healthcare,Medical Devices,United States,NASDAQ,33868128659.0,89.75,67.39,65.32,9,87.1,3290,False,-1.89,63.66,30.66,29.15,22.1,3.5,-3.38,68.6885,69.4945,73.5076,86.7124,92.8928,442339968,1255,2026-08-14,72.09,377360765.0
NYSE:CNMD,CNMD,CONMED Corporation,Healthcare,Medical Devices,United States,NYSE,1509842412.0,50.41,67.41,65.44,9,87.2,3291,False,-9.33,56.99,25.82,19.76,-3.37,-20.97,-30.55,40.0641,42.0937,52.1689,63.7838,72.5881,25746910,1255,2026-08-14,66.08,29951248.0
NASDAQ:EWBC,EWBC,"East West Bancorp, Inc.",Financial Services,Banks - Regional,United States,NASDAQ,18713689389.0,136.6,67.44,63.7,9,87.2,3292,False,0.0,48.57,17.29,20.34,34.36,53.39,68.15,116.4654,113.5161,101.6707,89.0554,81.2373,90401476,1255,2026-08-14,65.95,136996262.0
NYSE:SXT,SXT,Sensient Technologies Corporation,Basic Materials,Specialty Chemicals,United States,NYSE,5681679091.0,133.47,67.44,64.12,9,87.2,3293,True,0.0,61.98,29.49,29.93,45.33,62.19,69.4,103.0726,102.7223,91.8363,82.2908,78.7892,65494543,1255,2026-08-14,62.8,42568960.0
NASDAQ:COAG,COAG,"Hemab Therapeutics Holdings, Inc.",Healthcare,Biotechnology,United States,NASDAQ,2565995225.0,54.94,67.47,65.39,9,87.2,3294,False,0.0,119.94,,,,,,,,,,,20504656,72,2026-08-14,66.21,46705410.0
NYSE:IVZ,IVZ,Invesco Ltd,Financial Services,Asset Management,United States,NYSE,14370825000.0,32.55,67.48,64.49,9,87.3,3295,False,0.0,62.48,24.35,28.82,58.33,77.85,87.62,26.1755,25.268,20.5586,18.3022,17.3489,156258167,1255,2026-08-14,65.52,441500000.0
NASDAQ:VUZI,VUZI,Vuzix Corporation,Technology,Consumer Electronics,United States,NASDAQ,257790600.0,3.1,67.48,59.47,9,87.3,3296,False,-39.69,63.16,8.67,8.34,20.06,27.71,0.52,2.8526,2.8613,2.582,2.4274,3.0841,2415839,1255,2026-08-14,53.44,83158258.0
NYSE:FSCO,FSCO,FS Credit Opportunities Corp.,Financial Services,Asset Management,United States,NYSE,1033597886.0,5.11,67.49,62.44,9,87.3,3297,True,-23.26,19.01,-1.61,-5.82,-7.94,-0.55,,5.1935,5.4259,5.5505,5.1381,,4498492,939,2026-08-14,66.13,202269645.0
NYSE:ALC,ALC,Alcon Inc.,Healthcare,Medical Instruments & Supplies,Switzerland,NYSE,36211725000.0,74.25,67.5,62.51,9,87.4,3298,True,-17.21,19.72,-0.23,-1.13,-10.0,-9.23,-5.88,74.4232,75.0985,82.4967,81.7976,78.8914,154239039,1254,2026-08-14,65.48,487700000.0
NYSE:BETA,BETA,"Beta Technologies, Inc.",Industrials,Aerospace & Defense,United States,NYSE,5525247740.0,24.86,67.5,65.44,9,87.4,3299,False,-32.45,82.93,,,,,,,,,,,38202335,195,2026-08-14,75.99,222254535.0
NYSE:BBT,BBT,Beacon Financial Corporation,Financial Services,Banks - Regional,United States,NYSE,2705576987.0,32.07,67.51,63.36,9,87.4,3300,False,0.0,45.01,13.31,17.02,21.64,31.62,32.98,28.3041,27.4065,26.3641,24.3657,24.1158,24043369,1255,2026-08-14,67.23,84364733.0
NASDAQ:REPL,REPL,"Replimune Group, Inc.",Healthcare,Biotechnology,United States,NASDAQ,1257870283.0,14.97,67.51,65.01,9,87.4,3301,False,-1.77,780.59,83.88,97.41,64.8,56.94,21.06,8.141,7.5831,9.0835,9.5386,12.3662,83949417,1255,2026-08-14,68.93,84026071.0
NASDAQ:RXST,RXST,"RxSight, Inc.",Healthcare,Medical Devices,United States,NASDAQ,285222636.0,6.89,67.51,63.13,9,87.4,3302,False,-47.36,50.11,-11.24,-13.53,-64.48,-74.78,-72.22,7.7621,7.9678,19.3974,27.3204,24.8007,5338714,1254,2026-08-14,70.72,41396609.0
NASDAQ:WSBC,WSBC,"WesBanco, Inc.",Financial Services,Banks - Regional,United States,NASDAQ,4094222401.0,42.69,67.53,66.15,9,87.5,3303,False,-0.02,48.04,22.34,25.33,33.37,44.13,46.25,34.8938,34.0629,32.0096,29.6185,29.1906,38136618,1255,2026-08-14,67.66,95905889.0
NYSE:CRBG,CRBG,Corebridge Financial Inc.,Financial Services,Asset Management,United States,NYSE,15528271103.0,34.47,67.54,66.02,9,87.5,3304,False,-0.06,55.9,21.27,18.15,16.77,27.47,,28.4238,29.1749,29.5185,27.0419,,142325025,980,2026-08-14,66.76,450486542.0
NYSE:RJF,RJF,"Raymond James Financial, Inc.",Financial Services,Asset Management,United States,NYSE,34733601000.0,180.81,67.55,66.14,9,87.5,3305,False,-0.2,29.27,14.31,13.3,19.1,31.43,41.27,158.1768,159.5843,151.8077,137.5697,127.9865,191676091,1255,2026-08-14,68.1,192100000.0
NASDAQ:AEHR,AEHR,Aehr Test Systems,Technology,Semiconductor Equipment & Materials,United States,NASDAQ,4373097527.0,134.06,67.57,63.21,9,87.6,3306,True,0.0,671.35,133.76,163.14,323.58,368.24,367.82,57.3487,50.9469,31.649,28.6309,28.6561,263778481,1255,2026-08-14,63.98,32620450.0
NYSE:LMT,LMT,Lockheed Martin Corporation,Industrials,Aerospace & Defense,United States,NYSE,140477715536.0,608.68,67.57,64.54,9,87.6,3307,True,-9.46,42.94,11.5,14.94,20.88,27.61,31.67,545.8909,529.5764,503.5501,476.981,462.269,718104754,1255,2026-08-14,64.36,230790753.0
NYSE:RACE,RACE,Ferrari N.V.,Consumer Cyclical,Auto Manufacturers,Italy,NYSE,72916040555.0,414.85,67.58,64.1,9,87.6,3308,False,-16.75,33.38,14.74,8.97,-0.45,3.93,15.25,361.5448,380.6926,416.7431,399.153,359.9427,203131943,1254,2026-08-14,66.4,175764832.0
NASDAQ:FDBC,FDBC,"Fidelity D & D Bancorp, Inc.",Financial Services,Banks - Regional,United States,NASDAQ,323766793.0,55.74,67.61,65.11,9,87.6,3309,True,0.0,41.4,22.06,23.88,25.92,26.12,29.21,45.667,44.9962,44.2645,44.1943,43.1377,862073,1255,2026-08-14,63.85,5808518.0
NYSE:RGA,RGA,"Reinsurance Group of America, Incorporated",Financial Services,Insurance - Reinsurance,United States,NYSE,16342258510.0,249.45,67.63,65.93,9,87.7,3310,False,-0.37,39.27,19.78,22.11,23.13,30.45,41.71,208.2514,204.289,202.5971,191.2158,176.0253,86166185,1255,2026-08-14,69.4,65513163.0
NYSE:ENVA,ENVA,"Enova International, Inc.",Financial Services,Credit Services,United States,NYSE,6609272582.0,265.45,67.66,67.15,9,87.7,3311,False,0.0,155.22,57.92,68.83,108.88,156.42,200.38,168.0906,157.2328,127.0797,103.5219,88.3709,84229687,1254,2026-08-14,65.79,24898371.0
NASDAQ:NKSH,NKSH,"National Bankshares, Inc.",Financial Services,Banks - Regional,United States,NASDAQ,270084268.0,42.41,67.68,65.96,9,87.7,3312,False,-0.52,63.6,21.77,26.6,41.84,48.9,48.65,34.8271,33.5001,29.8989,28.4824,28.5308,1710678,1255,2026-08-14,69.53,6368410.0
NYSE:MCS,MCS,Marcus Corporation (The),Communication Services,Entertainment,United States,NYSE,715427250.0,30.0,67.7,68.39,9,87.7,3313,False,-3.6,133.1,62.76,69.86,71.35,87.07,91.1,18.4325,17.6619,17.5085,16.0366,15.6989,10227167,1255,2026-08-14,68.83,23847575.0
NYSE:APG,APG,APi Group Corporation,Industrials,Engineering & Construction,United States,NYSE,18993445053.0,43.95,67.71,60.99,9,87.8,3314,True,-11.03,30.65,5.79,9.38,31.95,48.64,71.53,41.5432,40.1815,33.3093,29.5672,25.6224,115711704,1254,2026-08-14,65.63,432160297.0
AMEX:GROY,GROY,Gold Royalty Corp.,Basic Materials,Gold,Canada,AMEX,724740891.0,3.14,67.73,60.95,9,87.8,3315,True,-39.73,24.6,-13.57,-13.43,20.16,39.01,38.7,3.6332,3.6269,2.6133,2.2589,2.2638,6623156,1255,2026-08-14,66.2,230809201.0
NASDAQ:STEX,STEX,Streamex Corp.,Financial Services,Capital Markets,United States,NASDAQ,108445810.0,1.04,67.73,59.11,9,87.8,3316,False,-85.14,50.94,-51.58,-62.95,-57.97,-58.26,-75.1,2.1478,2.8071,2.4746,2.4914,4.1763,651290,1255,2026-08-14,55.91,104274817.0
NYSE:EMR,EMR,Emerson Electric Company,Industrials,Specialty Industrial Machinery,United States,NYSE,91391517000.0,163.17,67.75,64.66,9,87.8,3317,False,-0.4,33.38,16.58,18.35,28.35,39.05,50.6,139.9623,137.8724,127.1298,117.35,108.346,486158457,1255,2026-08-14,68.74,560100000.0
NASDAQ:TMS,TMS,Teamshares Inc.,Financial Services,Financial Conglomerates,United States,NASDAQ,657230117.0,9.13,67.77,60.03,9,87.9,3318,False,-26.96,69.39,-6.99,-7.75,,,,9.8166,9.8967,,,,532473,331,2026-08-14,65.28,71985774.0
NYSE:FLOC,FLOC,Flowco Holdings Inc.,Energy,Oil & Gas Equipment & Services,United States,NYSE,992487364.0,23.73,67.78,61.51,9,87.9,3319,True,-15.19,69.2,12.88,19.51,,,,21.0229,19.8564,,,,10725936,395,2026-08-14,62.46,41824162.0
NASDAQ:HOPE,HOPE,"Hope Bancorp, Inc.",Financial Services,Banks - Regional,United States,NASDAQ,1845869530.0,14.45,67.78,65.38,9,87.9,3320,False,-0.34,51.67,22.37,25.61,30.57,37.86,40.41,11.8083,11.5035,11.0673,10.4813,10.2914,14947030,1255,2026-08-14,69.69,127741836.0
NASDAQ:LIND,LIND,Lindblad Expeditions Holdings Inc.,Consumer Cyclical,Travel Services,United States,NASDAQ,2202848000.0,33.58,67.8,67.77,9,88.0,3321,False,-2.61,193.28,72.85,85.1,131.33,168.86,185.12,19.4273,18.1417,14.5159,12.4898,11.7776,27046103,1254,2026-08-14,74.91,65600000.0
NYSE:LXP,LXP,LXP Industrial Trust Common Stock (Maryland REIT),Real Estate,REIT - Industrial,United States,NYSE,3571041480.0,60.57,67.8,67.71,9,88.0,3322,False,-0.95,57.55,20.8,24.33,36.04,41.74,42.59,50.1411,48.7158,44.5243,42.7336,42.4777,60466221,1255,2026-08-14,71.08,58957264.0
NASDAQ:MGYR,MGYR,"Magyar Bancorp, Inc.",Financial Services,Banks - Regional,United States,NASDAQ,124730670.0,19.3,67.8,65.22,9,88.0,3323,False,-0.72,21.2,11.1,11.86,24.28,39.94,47.53,17.3714,17.253,15.5298,13.7919,13.0825,52083,1255,2026-08-14,72.32,6462729.0
AMEX:CTGO,CTGO,Contango Silver & Gold Inc.,Basic Materials,Gold,United States,AMEX,676649904.0,20.2,67.82,61.22,9,88.0,3324,True,-38.97,36.21,-10.87,-11.26,4.29,4.73,-3.34,22.6624,22.7629,19.3684,19.2876,20.8979,6529761,1255,2026-08-14,64.4,33497520.0
NYSE:AAMI,AAMI,Acadian Asset Management Inc.,Financial Services,Asset Management,United States,NYSE,3283191741.0,92.51,67.83,65.78,9,88.1,3325,False,-0.7,121.4,51.32,58.69,113.45,158.23,188.59,61.1373,58.296,43.3406,35.8242,32.0562,35249052,1254,2026-08-14,70.04,35490128.0
NYSE:BGY,BGY,Blackrock Enhanced International Dividend Trust,Financial Services,Asset Management,United States,NYSE,532812995.0,5.88,67.84,63.08,9,88.1,3326,False,-0.98,17.13,5.79,6.76,13.06,20.39,26.93,5.558,5.5076,5.2009,4.8842,4.6326,1240357,1255,2026-08-14,66.84,90614455.0
NASDAQ:DXPE,DXPE,"DXP Enterprises, Inc.",Industrials,Industrial Distribution,United States,NASDAQ,3114086862.0,200.84,67.86,64.58,9,88.1,3327,True,0.0,134.82,42.9,47.33,86.61,135.55,181.89,140.5461,136.3208,107.6281,85.2641,71.2482,26551369,1255,2026-08-14,64.05,15505312.0
NYSE:GIC,GIC,Global Industrial Company,Industrials,Industrial Distribution,United States,NYSE,1490652417.0,38.96,67.87,67.25,9,88.1,3328,False,-2.11,48.92,24.72,21.62,33.95,26.88,34.06,31.2389,32.0355,29.0848,30.7061,29.0626,4882671,1255,2026-08-14,68.96,38261099.0
NYSE:RITM,RITM,Rithm Capital Corp.,Real Estate,REIT - Mortgage,United States,NYSE,5785096841.0,10.36,67.87,65.04,9,88.1,3329,False,-9.42,24.61,6.25,4.12,4.95,10.61,20.81,9.7509,9.9505,9.8713,9.3662,8.5753,61217758,1255,2026-08-14,67.87,558407031.0
NYSE:BDJ,BDJ,Blackrock Enhanced Equity Dividend Trust,Financial Services,Asset Management,United States,NYSE,1744674634.0,9.86,67.89,66.08,9,88.2,3330,False,0.0,22.47,10.04,11.8,20.83,30.64,36.15,8.9606,8.8192,8.1599,7.5474,7.2421,4173703,1255,2026-08-14,67.25,176944689.0
NYSE:CM,CM,Canadian Imperial Bank of Commerce,Financial Services,Banks - Diversified,Canada,NYSE,112949955401.0,123.74,67.89,64.36,9,88.2,3331,False,0.0,72.99,22.62,28.73,57.41,86.95,109.12,100.9132,96.1256,78.6083,66.1883,59.1722,106050216,1255,2026-08-14,64.92,912800674.0
NASDAQ:CRCT,CRCT,"Cricut, Inc.",Technology,Computer Hardware,United States,NASDAQ,316909463.0,5.76,67.93,67.02,9,88.2,3332,False,-12.07,57.58,29.57,22.67,19.86,17.01,6.78,4.4455,4.6957,4.8057,4.9228,5.3945,4296313,1254,2026-08-14,74.25,55019004.0
NASDAQ:STGW,STGW,Stagwell Inc.,Communication Services,Advertising Agencies,United States,NASDAQ,2229612000.0,9.12,67.94,66.85,9,88.3,3333,False,-2.46,107.27,46.49,50.64,49.58,51.37,45.87,6.2255,6.054,6.0971,6.0249,6.2521,13541844,1255,2026-08-14,74.28,244475000.0
NASDAQ:JRSH,JRSH,"Jerash Holdings (US), Inc.",Consumer Cyclical,Apparel Manufacturing,United States,NASDAQ,67309682.0,5.3,67.97,66.44,9,88.3,3334,False,-2.39,89.16,53.88,56.26,66.16,76.22,68.07,3.4442,3.3919,3.1897,3.0076,3.1535,419758,1254,2026-08-14,69.31,12699940.0
NASDAQ:AUGO,AUGO,Aura Minerals Inc.,Basic Materials,Gold,United States,NASDAQ,6347670000.0,76.02,67.99,61.55,9,88.3,3335,True,-29.62,194.68,19.14,32.66,,,,63.8048,57.3029,,,,50620115,272,2026-08-14,66.91,83500000.0
NASDAQ:AMAL,AMAL,Amalgamated Financial Corp.,Financial Services,Banks - Regional,United States,NASDAQ,1526701506.0,51.06,68.01,66.05,9,88.3,3336,False,-0.04,105.6,31.8,40.19,51.56,71.21,87.34,38.7398,36.4214,33.6891,29.8231,27.2551,7953705,1254,2026-08-14,68.2,29900147.0
NYSE:VHI,VHI,"Valhi, Inc.",Basic Materials,Chemicals,United States,NYSE,458780170.0,16.21,68.03,64.45,9,88.4,3337,False,-5.46,41.99,18.05,15.0,-8.68,-2.29,-7.41,13.7318,14.0961,17.7506,16.59,17.5076,183589,1255,2026-08-14,72.42,28302293.0
NYSE:DRI,DRI,"Darden Restaurants, Inc.",Consumer Cyclical,Restaurants,United States,NYSE,25800154776.0,225.26,68.04,64.38,9,88.4,3338,True,-1.06,36.24,15.15,15.61,20.59,30.99,39.22,195.6191,194.8464,186.7978,171.961,161.7961,255844255,1255,2026-08-14,66.77,114535003.0
NYSE:OGG,OGG,Osisko Gold Group Inc.,Basic Materials,Gold,Canada,NYSE,871503141.0,2.86,68.04,61.32,9,88.4,3339,True,-40.17,27.68,-11.1,-10.47,12.95,12.49,-7.57,3.2173,3.1943,2.5322,2.5425,3.0942,4669104,1254,2026-08-14,63.44,304721378.0
NYSE:AGM.A,AGM-A,Federal Agricultural Mortgage Corporation,Financial Services,Credit Services,United States,NYSE,170078700.0,165.0,68.05,68.12,9,88.5,3340,False,-3.5,45.14,24.56,25.72,23.8,25.49,34.35,132.4705,131.2391,133.2776,131.4848,122.8175,73642,1255,2026-08-14,68.05,1030780.0
NASDAQ:GABC,GABC,"German American Bancorp, Inc.",Financial Services,Banks - Regional,United States,NASDAQ,1930693415.0,51.38,68.08,66.45,9,88.5,3341,False,0.0,41.15,20.93,23.07,29.01,41.31,46.72,42.489,41.7503,39.8267,36.3603,35.0202,8072126,1255,2026-08-14,66.59,37576750.0
NYSE:PS,PS,Pershing Square Inc.,Financial Services,Asset Management,United States,NYSE,16332000000.0,40.83,68.09,63.25,9,88.5,3342,False,-21.34,69.31,,,,,,,,,,,4743726,74,2026-08-14,70.87,400000000.0
NYSE:CMBT,CMBT,CMB.TECH NV,Energy,Oil & Gas Midstream,Belgium,NYSE,5002526818.0,17.24,68.12,63.98,9,88.5,3343,False,0.0,130.15,37.49,46.81,53.3,47.61,54.12,12.539,11.7431,11.2457,11.6796,11.1863,12802512,1254,2026-08-14,65.69,290169769.0
NASDAQ:SAIC,SAIC,Science Applications International Corporation,Technology,Information Technology Services,United States,NASDAQ,5355627431.0,126.68,68.12,65.14,9,88.5,3344,False,0.0,55.18,26.02,25.07,16.0,12.7,16.0,100.5235,101.2892,109.2095,112.4039,109.208,50137898,1254,2026-08-14,68.1,42276819.0
NASDAQ:ANIK,ANIK,Anika Therapeutics Inc.,Healthcare,Drug Manufacturers - Specialty & Generic,United States,NASDAQ,287733769.0,21.5,68.13,67.27,9,88.6,3345,True,-2.41,156.87,64.27,75.31,47.86,23.37,8.36,13.0879,12.264,14.5411,17.4266,19.8405,2183689,1255,2026-08-14,66.93,13382966.0
NASDAQ:HVMC,HVMC,Highview Merger Corp.,Financial Services,Shell Companies,United States,NASDAQ,241568600.0,10.21,68.13,66.61,9,88.6,3346,False,-0.1,2.72,1.2,,,,,10.0887,,,,,1566431,216,2026-08-14,68.13,23660000.0
NASDAQ:PLTR,PLTR,Palantir Technologies Inc.,Technology,Software - Infrastructure,United States,NASDAQ,399608254969.0,174.04,68.14,65.18,9,88.7,3347,False,-16.0,62.24,14.43,11.38,42.24,96.84,153.22,152.093,156.2574,122.3583,88.4179,68.7318,7062895109,1255,2026-08-14,72.89,2296071334.0
NASDAQ:SLM,SLM,SLM Corporation,Financial Services,Credit Services,United States,NASDAQ,5269640000.0,28.03,68.14,65.74,9,88.7,3348,True,-13.21,51.48,14.97,11.42,7.52,20.69,33.48,24.3811,25.1568,26.07,23.225,20.9993,70733582,1255,2026-08-14,66.25,188000000.0
NYSE:PNNT,PNNT,PennantPark Investment Corporation,Financial Services,Asset Management,United States,NYSE,242901470.0,3.72,68.17,61.13,9,88.7,3349,False,-37.68,17.63,-14.13,-19.22,-24.66,-22.8,-16.52,4.3322,4.6053,4.9374,4.8184,4.456,2134303,1255,2026-08-14,70.02,65296094.0
NASDAQ:DMII,DMII,Drugs Made In America Acquisition II Corp.,Financial Services,Shell Companies,United States,NASDAQ,645281000.0,10.13,68.18,64.58,9,88.7,3350,False,0.0,2.63,,,,,,,,,,,408353,174,2026-08-14,68.18,63700000.0
NYSE:CNR,CNR,"Core Natural Resources, Inc.",Energy,Thermal Coal,United States,NYSE,4836106103.0,95.94,68.19,62.7,9,88.7,3351,True,-15.18,39.01,8.37,10.54,9.25,7.21,16.49,88.5329,86.7894,87.8139,89.485,82.3604,48646692,1254,2026-08-14,65.12,50407610.0
NYSE:HOMB,HOMB,"Home BancShares, Inc.",Financial Services,Banks - Regional,United States,NYSE,6292439400.0,31.39,68.22,66.57,9,88.8,3352,False,0.0,23.15,13.4,13.34,14.5,23.01,28.87,27.6805,27.695,27.416,25.5178,24.3573,47714193,1255,2026-08-14,67.8,200460000.0
NYSE:SBSW,SBSW,D/B/A Sibanye-Stillwater Limited ADS,Basic Materials,Other Precious Metals & Mining,South Africa,NYSE,7621302358.0,10.77,68.24,60.66,9,88.8,3353,True,-47.53,52.44,-13.15,-8.72,29.91,50.32,44.0,12.4012,11.7989,8.2903,7.1648,7.4791,44900687,1254,2026-08-14,65.48,707641816.0
NASDAQ:CAI,CAI,"Caris Life Sciences, Inc.",Healthcare,Biotechnology,United States,NASDAQ,6160575055.0,21.8,68.25,64.4,9,88.8,3354,False,-44.53,49.83,3.07,-8.02,,,,21.1509,23.7021,,,,85371554,290,2026-08-14,71.0,282595186.0
NYSE:EQH,EQH,"Equitable Holdings, Inc.",Financial Services,Asset Management,United States,NYSE,14491347759.0,53.09,68.25,66.34,9,88.8,3355,False,-0.23,52.28,21.56,17.79,15.25,28.29,41.58,43.6727,45.0728,46.0649,41.3832,37.497,144222263,1254,2026-08-14,67.44,272958142.0
NASDAQ:ORIC,ORIC,"Oric Pharmaceuticals, Inc.",Healthcare,Biotechnology,United States,NASDAQ,1435788585.0,13.87,68.26,65.87,9,88.9,3356,True,-3.75,85.55,30.92,28.89,42.13,44.71,64.57,10.594,10.7612,9.7585,9.5844,8.4282,20828284,1255,2026-08-14,67.32,103517562.0
NYSE:JLL,JLL,Jones Lang LaSalle Incorporated,Real Estate,Real Estate Services,United States,NYSE,17252888625.0,375.0,68.28,65.93,9,88.9,3357,False,0.0,33.85,16.7,18.07,31.09,49.63,64.63,321.3438,317.6153,286.0591,250.6115,227.7787,125486995,1255,2026-08-14,65.95,46007703.0
NASDAQ:ASRV,ASRV,AmeriServ Financial Inc.,Financial Services,Banks - Regional,United States,NASDAQ,84990978.0,5.01,68.3,67.57,9,88.9,3358,False,-2.91,83.01,39.27,45.23,67.41,78.41,74.64,3.5973,3.4496,2.9926,2.8081,2.8687,140802,1255,2026-08-14,68.3,16964267.0
NASDAQ:SENEA,SENEA,Seneca Foods Corp.,Consumer Defensive,Packaged Foods,United States,NASDAQ,1000911325.0,191.7,68.3,65.14,9,88.9,3359,False,-1.13,89.46,37.99,44.02,80.07,115.11,139.32,138.9196,133.1031,106.4603,89.1156,80.1013,18802864,1255,2026-08-14,71.41,5221238.0
NASDAQ:NSTS,NSTS,"NSTS Bancorp, Inc.",Financial Services,Banks - Regional,United States,NASDAQ,66989843.0,13.86,68.32,65.97,9,89.0,3360,False,0.0,28.0,10.01,11.78,15.98,24.97,28.45,12.5986,12.3995,11.9503,11.0903,10.7904,107479,1146,2026-08-14,60.64,4833322.0
NASDAQ:ICUI,ICUI,"ICU Medical, Inc.",Healthcare,Medical Instruments & Supplies,United States,NASDAQ,4573326183.0,182.98,68.33,66.87,9,89.0,3361,False,-0.86,63.52,28.8,32.3,26.06,37.77,29.09,142.0666,138.3112,145.1534,132.8155,141.7502,58835899,1255,2026-08-14,68.53,24993585.0
NYSE:EHC,EHC,Encompass Health Corporation,Healthcare,Medical Care Facilities,United States,NYSE,12260014297.0,123.59,68.34,66.37,9,89.0,3362,True,-2.27,32.22,15.98,12.32,16.6,29.82,44.45,106.5571,110.0299,105.9983,95.2039,85.5586,108537370,1255,2026-08-14,68.28,99199080.0
NASDAQ:NMIH,NMIH,NMI Holdings Inc,Financial Services,Insurance - Specialty,United States,NASDAQ,3438207969.0,45.71,68.35,66.79,9,89.1,3363,False,0.0,29.31,16.77,17.28,18.61,27.37,40.19,39.146,38.9746,38.5369,35.8871,32.6063,19249541,1254,2026-08-14,67.12,75217851.0
NYSE:SCL,SCL,Stepan Company,Basic Materials,Specialty Chemicals,United States,NYSE,1481479632.0,65.17,68.37,67.16,9,89.1,3364,False,-1.57,57.78,25.78,28.17,16.73,2.32,-8.39,51.8126,50.8446,55.8291,63.6917,71.1352,9716643,1255,2026-08-14,69.11,22732540.0
NYSE:CFR,CFR,"Cullen/Frost Bankers, Inc.",Financial Services,Banks - Regional,United States,NYSE,10570265353.0,170.08,68.38,67.33,9,89.1,3365,False,0.0,45.16,22.24,25.06,32.0,44.68,46.65,139.1345,135.994,128.8456,117.5559,115.979,111542122,1255,2026-08-14,65.83,62148785.0
NASDAQ:DASH,DASH,"DoorDash, Inc.",Consumer Cyclical,Internet Retail,United States,NASDAQ,89268271102.0,217.02,68.38,65.25,9,89.1,3366,False,-22.97,48.04,15.17,6.84,12.01,32.25,56.68,188.4379,203.1303,193.7568,164.0922,138.5095,830699744,1255,2026-08-14,67.92,411336610.0
NASDAQ:URGN,URGN,UroGen Pharma Ltd.,Healthcare,Biotechnology,United States,NASDAQ,2349360422.0,48.22,68.4,67.84,9,89.2,3367,True,-1.59,193.67,83.05,95.1,163.36,179.29,212.12,26.3427,24.7153,18.3098,17.2651,15.449,37615743,1254,2026-08-14,68.22,48721701.0
NASDAQ:PPTA,PPTA,Perpetua Resources Corp.,Basic Materials,Other Precious Metals & Mining,United States,NASDAQ,3157385256.0,25.24,68.44,61.21,9,89.2,3368,True,-32.19,54.37,-4.43,0.19,37.29,84.35,127.53,26.4098,25.1924,18.3838,13.6917,11.093,25585686,1255,2026-08-14,66.82,125094503.0
NASDAQ:WBD,WBD,"Warner Bros. Discovery, Inc. - Series A",Communication Services,Entertainment,United States,NASDAQ,70174756289.0,27.99,68.45,62.54,9,89.2,3369,False,-6.64,142.55,4.31,13.41,62.67,90.51,96.67,26.8323,24.6808,17.2071,14.6924,14.2317,627179362,1255,2026-08-14,66.4,2507136702.0
NASDAQ:UNTY,UNTY,"Unity Bancorp, Inc.",Financial Services,Banks - Regional,United States,NASDAQ,620728562.0,61.82,68.52,64.09,9,89.2,3370,False,0.0,38.1,15.64,17.35,30.47,53.36,70.25,53.4604,52.6799,47.381,40.3109,36.3103,3686754,1255,2026-08-14,68.15,10040902.0
NASDAQ:LINK,LINK,"Interlink Electronics, Inc.",Technology,Electronic Components,United States,NASDAQ,91113790.0,5.785,68.53,64.06,9,89.3,3371,True,-39.57,110.36,46.59,28.43,38.51,37.57,39.04,3.9463,4.5043,4.1767,4.2052,4.1606,94769,1254,2026-08-14,66.08,15750007.0
NASDAQ:QLYS,QLYS,"Qualys, Inc.",Technology,Software - Infrastructure,United States,NASDAQ,6552124152.0,186.05,68.53,67.94,9,89.3,3372,False,-5.02,144.16,53.55,50.76,44.4,32.84,35.93,121.1668,123.4046,128.8415,140.058,136.8681,133060787,1254,2026-08-14,78.71,35217007.0
NYSE:DOUG,DOUG,Douglas Elliman Inc.,Real Estate,Real Estate Services,United States,NYSE,184539346.0,2.03,68.55,62.25,9,89.3,3373,True,-34.73,30.13,-4.7,-9.78,-4.72,-0.21,-15.9,2.1301,2.2502,2.1305,2.0342,2.4137,588638,1159,2026-08-14,67.42,90906082.0
NYSE:CPAY,CPAY,"Corpay, Inc.",Technology,Software - Infrastructure,United States,NYSE,27295137374.0,417.6,68.58,66.22,9,89.4,3374,False,-1.8,63.76,27.83,29.83,26.65,34.34,46.1,326.6835,321.652,329.725,310.8427,285.833,229736135,1255,2026-08-14,74.85,65361919.0
NASDAQ:CPBI,CPBI,"Central Plains Bancshares, Inc.",Financial Services,Banks - Regional,United States,NASDAQ,87838317.0,21.0,68.63,67.46,9,89.4,3375,False,0.0,36.54,18.38,20.89,32.99,,,17.7391,17.3711,15.7906,,,54446,705,2026-08-14,68.17,4182777.0
NASDAQ:SAIL,SAIL,"SailPoint, Inc.",Technology,Software - Infrastructure,United States,NASDAQ,11077083931.0,19.53,68.63,65.35,9,89.4,3376,False,-17.35,86.18,21.15,13.13,,,,16.1201,17.2632,,,,55601387,377,2026-08-14,73.31,567182997.0
NYSE:WPM,WPM,Wheaton Precious Metals Corp Common Shares (Canada),Basic Materials,Gold,Canada,NYSE,60948128195.0,134.21,68.63,62.83,9,89.4,3377,True,-18.76,47.91,7.16,11.23,39.5,67.8,91.9,125.2412,120.6558,96.2113,79.9838,69.9376,225295811,1255,2026-08-14,66.58,454125089.0
NYSE:BMO,BMO,Bank Of Montreal,Financial Services,Banks - Diversified,Canada,NYSE,130144411976.0,185.81,68.64,66.55,9,89.5,3378,False,0.0,67.61,26.71,31.09,57.43,75.95,87.04,146.643,141.7416,118.0236,105.6059,99.344,137722964,1255,2026-08-14,65.75,700416619.0
NYSE:KKR,KKR,KKR & Co. Inc.,Financial Services,Asset Management,United States,NYSE,102366494003.0,114.01,68.65,65.29,9,89.5,3379,False,-23.1,36.45,7.48,2.12,-6.47,4.02,20.12,106.0737,111.6397,121.8989,109.6033,94.9114,513308845,1255,2026-08-14,71.71,897872941.0
NYSE:EAT,EAT,"Brinker International, Inc.",Consumer Cyclical,Restaurants,United States,NYSE,10170839398.0,237.15,68.67,68.45,9,89.5,3380,False,-3.55,131.84,53.74,56.41,66.17,114.14,158.43,154.2529,151.6198,142.7187,110.7471,91.7666,262069997,1255,2026-08-14,69.93,42887790.0
NASDAQ:APLM,APLM,Apollomics Inc.,Healthcare,Biotechnology,United States,NASDAQ,51387617.0,23.4,68.68,63.49,9,89.5,3381,False,-36.15,495.12,35.16,40.37,81.82,-53.67,-90.95,17.313,16.67,12.8697,50.5067,258.7009,552779,1182,2026-08-14,48.07,2196052.0
NASDAQ:MORN,MORN,"Morningstar, Inc.",Financial Services,Financial Data & Stock Exchanges,United States,NASDAQ,7780689761.0,207.41,68.69,64.86,9,89.6,3382,False,-20.97,46.67,10.93,4.98,-18.05,-20.1,-16.3,186.9666,197.5678,253.0937,259.6009,247.8085,79415959,1255,2026-08-14,68.39,37513571.0
NASDAQ:CURI,CURI,CuriosityStream Inc.,Communication Services,Broadcasting,United States,NASDAQ,210470980.0,3.55,68.71,65.23,9,89.6,3383,False,-29.78,51.06,9.79,2.38,16.33,57.11,80.09,3.2336,3.4676,3.0517,2.2595,1.9713,5840743,1254,2026-08-14,85.55,59287600.0
NASDAQ:PRCH,PRCH,"Porch Group, Inc.",Financial Services,Insurance - Property & Casualty,United States,NASDAQ,1972974750.0,17.38,68.74,66.27,9,89.6,3384,False,-8.72,171.56,70.98,50.95,98.59,166.0,224.17,10.1648,11.5139,8.7519,6.534,5.3613,27983898,1254,2026-08-14,66.91,113519836.0
NYSE:JOE,JOE,St. Joe Company (The),Real Estate,Real Estate - Diversified,United States,NYSE,3894042848.0,68.4,68.75,63.58,9,89.7,3385,False,-5.58,46.97,7.0,12.24,24.58,24.97,33.66,63.9277,60.9401,54.9063,54.7331,51.1753,13553779,1255,2026-08-14,68.6,56930451.0
NASDAQ:UFPT,UFPT,"UFP Technologies, Inc.",Healthcare,Medical Devices,United States,NASDAQ,2489437493.0,321.76,68.75,67.03,9,89.7,3386,True,-3.91,73.66,39.26,42.75,32.32,39.13,56.71,231.0536,225.4031,243.1665,231.2656,205.3236,57760158,1255,2026-08-14,68.19,7736939.0
NASDAQ:QNST,QNST,"QuinStreet, Inc.",Communication Services,Advertising Agencies,United States,NASDAQ,1177630085.0,20.5,68.77,67.81,9,89.7,3387,False,-6.9,94.13,49.59,45.83,24.63,31.19,38.62,13.7043,14.0577,16.4481,15.6263,14.7882,19470552,1255,2026-08-14,70.72,57445370.0
NASDAQ:BLKB,BLKB,"Blackbaud, Inc.",Technology,Software - Application,United States,NASDAQ,2053901889.0,45.25,68.81,67.17,9,89.7,3388,False,-35.51,70.5,0.46,-8.07,-25.59,-31.3,-30.2,45.0409,49.2221,60.8097,65.8614,64.8262,29283354,1255,2026-08-14,73.26,45390097.0
NASDAQ:PROP,PROP,Prairie Operating Co.,Energy,Oil & Gas E&P,United States,NASDAQ,97732173.0,1.0,68.84,61.68,9,89.8,3389,True,-63.64,56.25,-29.06,-35.58,-75.22,-84.38,-83.0,1.4096,1.5523,4.0352,6.4015,5.881,1121202,1255,2026-08-14,56.79,97732173.0
NASDAQ:QURE,QURE,uniQure N.V.,Healthcare,Biotechnology,Netherlands,NASDAQ,3372594951.0,48.62,68.85,65.59,9,89.8,3390,False,-31.12,438.43,75.24,65.5,138.35,210.07,193.36,27.7444,29.3782,20.3984,15.6806,16.5737,59544824,1255,2026-08-14,65.53,69366412.0
NASDAQ:BKNG,BKNG,Booking Holdings Inc.,Consumer Cyclical,Travel Services,United States,NASDAQ,164320721138.0,212.06,68.93,66.08,9,89.8,3391,False,-6.55,37.93,14.67,10.89,10.76,22.76,39.23,184.9237,191.2419,191.4666,172.7481,152.3092,1171630962,1255,2026-08-14,70.95,774878436.0
NASDAQ:CHMG,CHMG,Chemung Financial Corp,Financial Services,Banks - Regional,United States,NASDAQ,404479294.0,83.92,68.93,67.27,9,89.8,3392,False,0.0,70.91,34.83,39.91,57.24,70.32,79.18,62.2424,59.9823,53.3703,49.2715,46.8353,5486129,1255,2026-08-14,67.88,4819820.0
NYSE:EGO,EGO,Eldorado Gold Corporation,Basic Materials,Gold,Canada,NYSE,10361994490.0,39.73,68.94,64.55,9,89.9,3393,True,-19.76,80.97,14.86,20.61,57.58,88.83,121.51,34.5894,32.942,25.213,21.0403,17.9359,89896283,1255,2026-08-14,66.02,260810332.0
NYSE:EMBJ,EMBJ,Embraer S.A.,Industrials,Aerospace & Defense,Brazil,NYSE,13414491754.0,75.38,68.98,65.97,9,89.9,3394,False,-5.3,40.55,16.05,18.44,41.82,77.77,115.5,64.9538,63.6458,53.1513,42.4028,34.9788,92383864,1255,2026-08-14,66.76,177958235.0
NASDAQ:MMED,MMED,"MiniMed Group, Inc.",Healthcare,Medical Instruments & Supplies,United States,NASDAQ,5658983327.0,20.15,68.99,67.24,9,89.9,3395,True,-2.66,86.57,,,,,,,,,,,21806868,111,2026-08-14,68.35,280842845.0
NYSE:TNK,TNK,Teekay Tankers Ltd.,Energy,Oil & Gas Midstream,Bermuda,NYSE,2555420507.0,85.13,68.99,64.38,9,89.9,3396,False,0.0,99.75,25.9,33.02,59.55,63.11,82.18,67.616,63.997,53.3554,52.193,46.7298,27165212,1255,2026-08-14,66.78,30017861.0
NASDAQ:PKBK,PKBK,"Parke Bancorp, Inc.",Financial Services,Banks - Regional,United States,NASDAQ,412108274.0,35.13,69.03,65.8,9,90.0,3397,False,0.0,80.28,24.61,31.39,52.35,70.08,77.32,28.1927,26.7369,23.0587,20.655,19.8111,1587309,1255,2026-08-14,69.03,11730950.0
NYSE:PRLB,PRLB,"Proto Labs, Inc.",Industrials,Metal Fabrication,United States,NYSE,2185958914.0,91.87,69.04,66.16,9,90.0,3398,False,-0.49,96.26,44.41,50.88,88.03,111.84,125.91,63.6196,60.8891,48.8588,43.3675,40.666,15842534,1254,2026-08-14,70.27,23794045.0
NYSE:A,A,"Agilent Technologies, Inc.",Healthcare,Diagnostics & Research,United States,NYSE,41949616642.0,148.53,69.05,66.06,10,90.0,3399,False,-4.95,35.3,13.69,13.91,15.64,15.93,14.98,130.6504,130.3912,128.4444,128.1206,129.1834,247095108,1255,2026-08-14,71.44,282431944.0
NYSE:VOYG,VOYG,"Voyager Technologies, Inc.",Industrials,Aerospace & Defense,United States,NYSE,2299583911.0,42.98,69.15,63.14,10,90.0,3400,False,-16.98,138.91,42.91,41.81,,,,30.0746,30.3073,,,,55078896,296,2026-08-14,73.25,53503581.0
NYSE:HRTG,HRTG,"Heritage Insurance Holdings, Inc.",Financial Services,Insurance - Property & Casualty,United States,NYSE,1028088909.0,33.96,69.16,67.22,10,90.1,3401,False,-3.55,62.64,27.13,29.8,62.06,107.37,161.0,26.7122,26.1631,20.9553,16.3764,13.0113,10794436,1254,2026-08-14,67.21,30273525.0
NASDAQ:BOTJ,BOTJ,"Bank of the James Financial Group, Inc.",Financial Services,Banks - Regional,United States,NASDAQ,126168496.0,27.77,69.2,68.49,10,90.1,3402,False,-0.07,102.85,30.06,38.35,65.69,90.04,105.22,21.3521,20.0716,16.7605,14.6129,13.5321,1015042,1255,2026-08-14,69.08,4543338.0
NASDAQ:OPRT,OPRT,Oportun Financial Corporation,Financial Services,Credit Services,United States,NASDAQ,354274754.0,7.71,69.2,66.63,10,90.1,3403,False,-4.7,86.68,43.85,39.74,49.73,60.96,55.92,5.3596,5.5175,5.1492,4.79,4.9449,3649106,1254,2026-08-14,68.58,45950033.0
NASDAQ:WEYS,WEYS,"Weyco Group, Inc.",Consumer Cyclical,Footwear & Accessories,United States,NASDAQ,431427463.0,45.26,69.2,68.13,10,90.1,3404,False,-3.46,75.89,34.76,40.08,46.78,57.81,70.38,33.5859,32.3096,30.8353,28.6809,26.5635,1035750,1255,2026-08-14,73.34,9532202.0
NASDAQ:RLYB,RLYB,Rallybio Corporation,Healthcare,Biotechnology,United States,NASDAQ,90164129.0,16.99,69.21,66.21,10,90.2,3405,False,0.0,325.6,72.83,94.27,130.37,46.23,-28.06,9.8307,8.7456,7.3752,11.6188,23.6183,482727,1254,2026-08-14,68.78,5306894.0
NASDAQ:WDAY,WDAY,"Workday, Inc.",Technology,Software - Application,United States,NASDAQ,39934680000.0,198.68,69.22,67.11,10,90.2,3406,False,-19.79,76.6,22.15,12.09,-6.61,-11.51,-7.08,162.6534,177.2567,212.7386,224.5142,213.8261,883914188,1255,2026-08-14,75.15,201000000.0
NYSE:JXN,JXN,Jackson Financial Inc.,Financial Services,Insurance - Life,United States,NYSE,9437636833.0,135.32,69.23,66.83,10,90.2,3407,False,0.0,53.13,24.92,28.03,42.44,67.93,99.16,108.3263,105.6953,95.0031,80.5832,67.9451,74279598,1242,2026-08-14,68.23,69743104.0
AMEX:FURY,FURY,Fury Gold Mines Limited,Basic Materials,Gold,Canada,AMEX,116931300.0,0.615,69.25,62.7,10,90.3,3408,False,-34.92,30.85,1.46,0.34,18.67,28.11,29.01,0.6061,0.6129,0.5182,0.48,0.4767,111366,1254,2026-08-14,68.21,190132195.0
NYSE:NOG,NOG,"Northern Oil and Gas, Inc.",Energy,Oil & Gas E&P,United States,NYSE,2665211773.0,24.5,69.25,63.77,10,90.3,3409,False,-17.39,41.05,7.31,7.3,-7.15,-14.37,-13.06,22.8312,22.834,26.3866,28.6111,28.1804,55630755,1255,2026-08-14,69.05,108784154.0
NYSE:NTB,NTB,Bank of N.T. Butterfield & Son Limited (The) Voting,Financial Services,Banks - Diversified,Bermuda,NYSE,2531512232.0,63.91,69.25,65.8,10,90.3,3410,False,0.0,58.74,20.2,25.16,44.26,64.07,78.67,53.1696,51.0612,44.3012,38.9519,35.7698,11171528,1254,2026-08-14,68.83,39610581.0
NYSE:FSM,FSM,Fortuna Mining Corp.,Basic Materials,Gold,Canada,NYSE,3232555319.0,10.67,69.28,64.14,10,90.3,3411,True,-21.89,53.97,9.01,12.76,43.69,71.23,93.93,9.788,9.4629,7.4256,6.2314,5.502,52623628,1255,2026-08-14,67.59,302957387.0
NYSE:NPK,NPK,"National Presto Industries, Inc.",Industrials,Aerospace & Defense,United States,NYSE,1002242774.0,139.86,69.32,63.75,10,90.4,3412,True,-4.56,53.82,12.78,15.53,34.75,49.27,61.75,124.0111,121.0573,103.7884,93.6937,86.4666,11448269,1255,2026-08-14,66.39,7166043.0
NASDAQ:CPIX,CPIX,Cumberland Pharmaceuticals Inc.,Healthcare,Drug Manufacturers - Specialty & Generic,United States,NASDAQ,116718404.0,7.79,69.33,67.57,10,90.4,3413,False,-2.14,428.73,121.61,134.45,171.2,228.73,256.16,3.5152,3.3227,2.8724,2.3698,2.1872,831029,1255,2026-08-14,71.56,14983107.0
NASDAQ:PSKY,PSKY,Paramount Skydance Corporation,Communication Services,Entertainment,United States,NASDAQ,11029003926.0,10.14,69.36,60.93,10,90.4,3414,False,-47.89,29.83,-10.17,-18.11,-13.36,-14.29,-24.59,11.2882,12.3831,11.7036,11.831,13.4461,110711396,1255,2026-08-14,67.4,1087672971.0
NASDAQ:HLNE,HLNE,Hamilton Lane Incorporated,Financial Services,Asset Management,United States,NASDAQ,4518717168.0,104.24,69.37,65.85,10,90.5,3415,False,-33.87,41.27,-2.55,-7.94,-22.04,-15.87,-5.16,106.972,113.2255,133.7041,123.9054,109.9108,71099287,1254,2026-08-14,76.46,43349167.0
NYSE:PAG,PAG,"Penske Automotive Group, Inc.",Consumer Cyclical,Auto & Truck Dealerships,United States,NYSE,14435982629.0,219.85,69.37,68.33,10,90.5,3416,False,-0.95,58.77,31.76,31.04,36.77,41.91,50.42,166.8505,167.7756,160.7473,154.9188,146.1622,119269544,1255,2026-08-14,66.63,65662873.0
NASDAQ:AMCX,AMCX,AMC Global Media Inc.,Communication Services,Entertainment,United States,NASDAQ,400999237.0,12.36,69.41,66.23,10,90.5,3417,False,0.0,89.57,40.37,44.31,50.82,24.08,2.54,8.8055,8.5652,8.1952,9.9617,12.0541,9346862,1255,2026-08-14,66.34,32443304.0
AMEX:GLDG,GLDG,GoldMining Inc.,Basic Materials,Gold,Canada,AMEX,225539126.0,1.05,69.43,60.81,10,90.5,3418,False,-50.93,32.91,-16.19,-15.74,0.87,7.09,5.73,1.2528,1.2461,1.041,0.9805,0.9931,651204,1255,2026-08-14,69.43,214799168.0
NASDAQ:SIEB,SIEB,Siebert Financial Corp.,Financial Services,Capital Markets,United States,NASDAQ,78606597.0,1.92,69.54,61.97,10,90.5,3419,False,-52.71,20.0,-17.05,-21.77,-30.94,-22.73,-17.72,2.3147,2.4543,2.7803,2.4848,2.3334,38528,1255,2026-08-14,68.44,40940936.0
NYSE:HEI.A,HEI-A,Heico Corporation,Industrials,Aerospace & Defense,United States,NYSE,23237245404.0,274.99,69.55,65.47,10,90.6,3420,False,-0.36,36.69,13.3,12.79,21.45,36.56,49.99,242.7095,243.8133,226.4294,201.3662,183.3348,57674831,1255,2026-08-14,67.52,84502147.0
NASDAQ:JBIO,JBIO,"Jade Biosciences, Inc.",Healthcare,Biotechnology,United States,NASDAQ,1503847511.0,24.71,69.56,63.96,10,90.6,3421,False,-7.97,264.99,44.7,61.93,-34.45,-88.05,-92.46,17.0766,15.2596,37.6947,206.7587,327.6718,18100476,1254,2026-08-14,66.28,60859875.0
NYSE:DV,DV,"DoubleVerify Holdings, Inc.",Communication Services,Advertising Agencies,United States,NYSE,2039539072.0,13.29,69.59,65.83,10,90.6,3422,False,-18.32,54.36,24.98,18.79,-5.73,-31.03,-38.82,10.6334,11.1874,14.0976,19.2681,21.7229,59635891,1254,2026-08-14,69.77,153464189.0
NYSE:RNG,RNG,"RingCentral, Inc.",Technology,Software - Application,United States,NYSE,4777358966.0,64.49,69.59,68.31,10,90.6,3423,False,-4.85,161.22,76.66,83.9,96.8,99.54,94.07,36.5061,35.0677,32.7697,32.3186,33.2297,140366770,1254,2026-08-14,78.34,74079066.0
NYSE:PATH,PATH,"UiPath, Inc.",Technology,Software - Infrastructure,United States,NYSE,7259407256.0,16.01,69.62,67.77,10,90.7,3424,False,-17.0,70.68,25.78,25.1,26.21,9.26,8.58,12.7287,12.7981,12.6855,14.6533,14.7454,1000373073,1255,2026-08-14,76.99,453429560.0
NASDAQ:KRNT,KRNT,Kornit Digital Ltd.,Industrials,Specialty Industrial Machinery,Israel,NASDAQ,835982205.0,18.04,69.67,64.79,10,90.7,3425,False,0.0,46.55,20.57,21.41,-6.42,-3.03,-10.78,14.9622,14.8582,19.2785,18.6043,20.2203,5171964,1254,2026-08-14,68.43,46340477.0
NASDAQ:HFBL,HFBL,"Home Federal Bancorp, Inc. of Louisiana",Financial Services,Banks - Regional,United States,NASDAQ,72957975.0,23.98,69.69,67.51,10,90.7,3426,False,-0.12,90.21,29.13,37.12,61.16,73.46,69.12,18.5707,17.4877,14.8793,13.8245,14.179,106636,1255,2026-08-14,70.34,3042451.0
NASDAQ:APPN,APPN,Appian Corporation,Technology,Software - Infrastructure,United States,NASDAQ,1498718866.0,35.41,69.72,67.6,10,90.8,3427,False,-22.41,89.16,25.73,23.74,16.3,8.62,0.88,28.1634,28.6167,30.4483,32.6011,35.1011,26873514,1254,2026-08-14,76.7,42324735.0
NYSE:TBBB,TBBB,BBB Foods Inc.,Consumer Defensive,Discount Stores,Mexico,NYSE,3724668681.0,47.79,69.72,66.15,10,90.8,3428,False,-2.87,98.13,32.06,39.99,51.77,,,36.1882,34.1373,31.4885,,,28681779,630,2026-08-14,76.59,77938244.0
NASDAQ:CGEM,CGEM,"Cullinan Therapeutics, Inc.",Healthcare,Biotechnology,United States,NASDAQ,1250056656.0,20.34,69.74,65.31,10,90.8,3429,False,0.0,253.74,50.54,66.97,72.83,59.24,63.41,13.5112,12.1819,11.7687,12.773,12.4469,10679599,1254,2026-08-14,66.3,61458046.0
NYSE:MH,MH,"McGraw Hill, Inc.",Consumer Defensive,Education & Training Services,United States,NYSE,2505717801.0,13.1,69.75,64.0,10,90.8,3430,False,-27.18,43.96,-0.8,-1.51,,,,13.2051,13.3002,,,,7119870,266,2026-08-14,76.62,191276168.0
NYSE:ANRO,ANRO,"Alto Neuroscience, Inc.",Healthcare,Biotechnology,United States,NYSE,1127919232.0,32.14,69.77,65.81,10,90.9,3431,False,-0.5,930.13,56.97,86.1,187.88,,,20.4756,17.2706,11.1644,,,13114227,634,2026-08-14,70.75,35093940.0
NYSE:CRD.A,CRD-A,Crawford & Company,Financial Services,Insurance Brokers,United States,NYSE,395971098.0,13.29,69.77,66.89,10,90.9,3432,False,-2.9,44.95,24.03,24.64,25.34,29.92,41.84,10.7148,10.6628,10.6028,10.2297,9.37,753560,1255,2026-08-14,68.88,29794665.0
NASDAQ:TNDM,TNDM,"Tandem Diabetes Care, Inc.",Healthcare,Medical Devices,United States,NASDAQ,1556980902.0,22.72,69.77,65.92,10,90.9,3433,False,-19.6,113.13,17.7,26.29,-2.04,-11.27,-22.49,19.3035,17.9903,23.1941,25.6062,29.3124,44262997,1254,2026-08-14,72.99,68529089.0
NYSE:ZETA,ZETA,Zeta Global Holdings Corp.,Technology,Software - Infrastructure,United States,NYSE,6554237615.0,29.05,69.79,67.29,10,90.9,3434,False,-1.92,99.66,50.85,50.44,49.46,72.57,96.56,19.2574,19.3105,19.4365,16.8342,14.7789,239854592,1255,2026-08-14,73.03,225619195.0
NYSE:NOC,NOC,Northrop Grumman Corporation,Industrials,Aerospace & Defense,United States,NYSE,83230465043.0,585.87,69.8,63.04,10,91.0,3435,True,-23.38,18.11,-2.61,-2.11,7.64,15.05,18.44,601.5708,598.5262,544.3027,509.2274,494.668,437752269,1255,2026-08-14,65.39,142063026.0
NYSE:HASI,HASI,"HA Sustainable Infrastructure Capital, Inc.",Financial Services,Asset Management,United States,NYSE,5382980900.0,42.12,69.82,64.75,10,91.0,3436,False,-1.67,65.78,16.97,22.88,38.17,51.63,56.05,36.008,34.2779,30.4853,27.7787,26.9919,35383132,1254,2026-08-14,72.0,127801066.0
NASDAQ:DCTH,DCTH,"Delcath Systems, Inc.",Healthcare,Medical Devices,United States,NASDAQ,580510840.0,16.73,69.83,68.08,10,91.0,3437,False,-3.63,104.27,56.52,55.63,46.09,79.6,106.12,10.6889,10.75,11.4517,9.3152,8.1168,10399024,1255,2026-08-14,76.67,34698795.0
NASDAQ:XSLL,XSLL,Xsolla SPAC 1,Financial Services,Shell Companies,United States,NASDAQ,208109583.0,9.97,69.83,65.22,10,91.0,3438,True,0.0,1.73,,,,,,,,,,,78832,103,2026-08-14,66.76,20873579.0
NYSE:TPVG,TPVG,TriplePoint Venture Growth BDC Corp.,Financial Services,Asset Management,United States,NYSE,221264446.0,5.45,69.87,63.4,10,91.1,3439,False,-11.41,26.51,4.7,4.43,0.42,-6.45,-10.38,5.2052,5.2189,5.4274,5.8258,6.0812,1073527,1254,2026-08-14,69.87,40598981.0
NASDAQ:TSCO,TSCO,Tractor Supply Company,Consumer Cyclical,Specialty Retail,United States,NASDAQ,18791029741.0,35.83,69.88,64.16,10,91.1,3440,False,-41.83,22.96,-16.57,-21.91,-27.65,-25.58,-22.69,42.9482,45.8834,49.5234,48.1442,46.3475,424429327,1255,2026-08-14,72.97,524449616.0
NASDAQ:SSNC,SSNC,"SS&C Technologies Holdings, Inc.",Technology,Software - Application,United States,NASDAQ,19124382174.0,81.5,69.89,67.26,10,91.1,3441,False,-8.56,31.35,8.52,5.41,5.48,15.08,22.79,75.1028,77.316,77.2649,70.8197,66.374,153402980,1255,2026-08-14,72.36,234654996.0
NYSE:HPE,HPE,Hewlett Packard Enterprise Company,Technology,Communication Equipment,United States,NYSE,77743988718.0,58.71,69.91,66.69,10,91.2,3442,False,-1.86,197.79,90.27,100.37,144.73,173.95,200.44,30.8566,29.3003,23.9895,21.431,19.5414,836467166,1255,2026-08-14,73.83,1324203521.0
NASDAQ:SCPQ,SCPQ,Social Commerce Partners Corporation,Financial Services,Shell Companies,United States,NASDAQ,103707000.0,10.02,69.95,66.52,10,91.2,3443,False,-0.2,1.62,,,,,,,,,,,41501,126,2026-08-14,69.95,10350000.0
NYSE:BBVA,BBVA,Banco Bilbao Vizcaya Argentaria S.A.,Financial Services,Banks - Diversified,Spain,NYSE,158575696576.0,28.7,69.99,67.27,10,91.2,3444,False,0.0,67.81,25.47,31.22,71.83,106.58,144.94,22.8734,21.8724,16.7025,13.893,11.7173,46802163,1255,2026-08-14,69.64,5525285595.0
NYSE:BEBE,BEBE,TGE Value Creative Solutions Corp,Financial Services,Shell Companies,France,NYSE,150000000.0,10.0,69.99,66.63,10,91.2,3445,False,0.0,1.94,,,,,,,,,,,62221,130,2026-08-14,69.99,15000000.0
NYSE:NIC,NIC,Nicolet Bankshares Inc.,Financial Services,Banks - Regional,United States,NYSE,3770297613.0,179.02,70.03,67.22,10,91.3,3446,False,0.0,56.73,23.74,26.07,42.12,63.19,79.34,144.6762,142.0051,125.9681,109.6975,99.8229,32208235,1254,2026-08-14,68.91,21060762.0
NASDAQ:AMGN,AMGN,Amgen Inc.,Healthcare,Drug Manufacturers - General,United States,NASDAQ,224092272448.0,415.21,70.05,68.04,10,91.3,3447,False,-0.63,56.45,19.8,24.61,34.36,40.71,50.15,346.579,333.2102,309.0384,295.0925,276.5211,1062830100,1255,2026-08-14,72.88,539708274.0
NASDAQ:LEGH,LEGH,Legacy Housing Corporation,Consumer Cyclical,Residential Construction,United States,NASDAQ,697514357.0,29.33,70.05,67.14,10,91.3,3448,False,0.0,56.09,31.37,26.86,21.98,24.59,29.74,22.3268,23.1204,24.0456,23.5407,22.6071,3927198,1254,2026-08-14,68.86,23781601.0
NASDAQ:FSUN,FSUN,FirstSun Capital Bancorp,Financial Services,Banks - Regional,United States,NASDAQ,1922526992.0,41.11,70.07,64.69,10,91.3,3449,False,-0.7,36.31,11.65,10.5,8.5,12.96,17.6,36.8197,37.2046,37.8894,36.3919,34.9564,11549026,1011,2026-08-14,69.1,46765434.0
NASDAQ:RGEN,RGEN,Repligen Corporation,Healthcare,Medical Instruments & Supplies,United States,NASDAQ,9415154651.0,166.83,70.11,66.54,10,91.4,3450,False,-3.15,62.18,19.2,20.42,19.91,13.22,7.38,139.9618,138.5376,139.1316,147.3463,155.3668,197114441,1255,2026-08-14,71.22,56435621.0
NASDAQ:ARTNA,ARTNA,Artesian Resources Corporation - Class A Non-Voting,Utilities,Utilities - Regulated Water,United States,NASDAQ,337870039.0,35.78,70.14,65.98,10,91.4,3451,False,0.0,18.49,10.59,10.88,11.37,7.04,-3.36,32.3532,32.2689,32.1286,33.4274,37.0236,1106989,1255,2026-08-14,69.46,9442986.0
NYSE:IMAX,IMAX,Imax Corporation,Communication Services,Entertainment,Canada,NYSE,2900050988.0,52.88,70.19,68.15,10,91.4,3452,False,-0.71,109.01,37.77,43.67,72.67,102.89,122.73,38.3823,36.806,30.6255,26.0638,23.7414,84821403,1255,2026-08-14,71.91,54842114.0
NYSE:COF,COF,Capital One Financial Corporation,Financial Services,Credit Services,United States,NYSE,139469642616.0,227.34,70.22,66.24,10,91.4,3453,False,-11.15,29.65,10.03,8.93,17.66,34.29,50.28,206.6144,208.6938,193.2146,169.2883,151.2789,804545490,1255,2026-08-14,67.2,613484836.0
NYSE:SF,SF,Stifel Financial Corporation,Financial Services,Capital Markets,United States,NYSE,12979050180.0,85.62,70.24,66.95,10,91.5,3454,False,-2.68,25.95,9.63,10.66,19.85,36.08,51.23,78.1011,77.3746,71.4415,62.9195,56.6164,89563436,1255,2026-08-14,70.62,151589000.0
AMEX:NG,NG,Novagold Resources Inc.,Basic Materials,Gold,Canada,AMEX,3483918075.0,7.94,70.27,62.1,10,91.5,3455,True,-44.08,53.28,-9.59,-7.68,27.83,49.38,49.38,8.7825,8.6006,6.2115,5.3155,5.3153,38492103,1255,2026-08-14,68.41,438780614.0
NASDAQ:FMNB,FMNB,Farmers National Banc Corp.,Financial Services,Banks - Regional,United States,NASDAQ,965796993.0,16.31,70.28,67.71,10,91.5,3456,False,-0.43,34.17,19.46,19.12,21.85,28.29,31.95,13.6534,13.6922,13.3852,12.7131,12.3606,6924154,1255,2026-08-14,72.66,59215021.0
NYSE:ING,ING,"ING Group, N.V.",Financial Services,Banks - Diversified,Netherlands,NYSE,102015225652.0,35.7,70.28,67.3,10,91.5,3457,True,0.0,57.59,26.49,30.81,60.01,85.73,112.12,28.2235,27.2925,22.3117,19.2219,16.8302,79545539,1255,2026-08-14,69.66,2857569346.0
NYSE:CION,CION,CION Investment Corporation,Financial Services,Asset Management,United States,NYSE,369933830.0,7.43,70.29,65.77,10,91.6,3458,False,-18.8,27.38,1.0,-2.13,-8.05,-6.52,-0.06,7.3567,7.5919,8.0803,7.9484,7.4348,4202305,1219,2026-08-14,75.24,49789210.0
NASDAQ:PROV,PROV,"Provident Financial Holdings, Inc.",Financial Services,Banks - Regional,United States,NASDAQ,112627349.0,17.98,70.31,68.5,10,91.6,3459,False,-0.17,23.16,10.87,12.48,18.77,28.34,33.17,16.2168,15.9844,15.1383,14.0094,13.502,144710,1255,2026-08-14,72.17,6264035.0
NYSE:ATI,ATI,ATI Inc.,Industrials,Metal Fabrication,United States,NYSE,31180763161.0,228.48,70.34,67.18,10,91.6,3460,True,-0.85,220.27,52.31,68.71,128.38,175.68,221.66,150.0136,135.4257,100.0425,82.8802,71.0314,325717178,1255,2026-08-14,69.7,136470427.0
NASDAQ:KTOS,KTOS,"Kratos Defense & Security Solutions, Inc.",Industrials,Aerospace & Defense,United States,NASDAQ,12110040567.0,64.58,70.34,63.36,10,91.6,3461,True,-50.6,47.17,-12.32,-13.79,20.2,53.82,86.91,73.6529,74.9118,53.7274,41.9836,34.5515,212769013,1255,2026-08-14,68.09,187519984.0
NASDAQ:ALKT,ALKT,"Alkami Technology, Inc.",Technology,Software - Application,United States,NASDAQ,2210490727.0,20.67,70.35,65.58,10,91.7,3462,False,-22.09,41.67,11.7,4.84,-19.11,-17.13,-7.49,18.5052,19.7164,25.5544,24.943,22.3446,24221244,1255,2026-08-14,71.85,106941980.0
NASDAQ:PKOH,PKOH,Park-Ohio Holdings Corp.,Industrials,Specialty Industrial Machinery,United States,NASDAQ,711269549.0,49.4,70.37,69.54,10,91.7,3463,False,-5.92,171.19,76.52,87.37,98.67,103.75,129.27,27.9847,26.3649,24.8649,24.2458,21.5467,4708187,1255,2026-08-14,70.96,14398169.0
NASDAQ:LPLA,LPLA,LPL Financial Holdings Inc.,Financial Services,Capital Markets,United States,NASDAQ,29647247087.0,370.67,70.38,67.82,10,91.7,3464,False,-5.48,39.53,12.13,11.51,13.79,24.3,33.15,330.5716,332.3965,325.7366,298.2173,278.3913,245915946,1255,2026-08-14,74.78,79982861.0
NYSE:GBTG,GBTG,"Global Business Travel Group, Inc.",Consumer Cyclical,Travel Services,United Kingdom,NYSE,4941652771.0,9.46,70.41,71.86,10,91.8,3465,False,-0.53,90.34,23.92,22.55,23.75,33.31,,7.6337,7.7192,7.6444,7.0965,,12792896,1000,2026-08-14,70.41,522373443.0
NYSE:OMF,OMF,"OneMain Holdings, Inc.",Financial Services,Credit Services,United States,NYSE,7555923684.0,65.68,70.45,67.24,10,91.8,3466,False,-2.88,38.11,14.34,15.63,27.91,40.85,55.9,57.4428,56.8025,51.3496,46.6328,42.1304,61848491,1254,2026-08-14,69.3,115041469.0
NASDAQ:FCBC,FCBC,"First Community Bankshares, Inc.",Financial Services,Banks - Regional,United States,NASDAQ,934280420.0,49.52,70.46,67.4,10,91.8,3467,False,0.0,66.04,26.58,30.45,32.49,42.95,52.85,39.1223,37.9598,37.3775,34.6404,32.3969,4545305,1255,2026-08-14,69.5,18866729.0
NASDAQ:SCZM,SCZM,Santacruz Silver Mining Ltd.,Basic Materials,Other Industrial Metals & Mining,Canada,NASDAQ,820755186.0,8.85,70.46,64.13,10,91.8,3468,True,-45.24,149.3,3.98,10.28,84.45,155.49,206.51,8.5116,8.0251,4.798,3.4639,2.8874,3380108,1254,2026-08-14,69.4,92740699.0
NYSE:EXK,EXK,Endeavour Silver Corporation Ordinary Shares (Canada),Basic Materials,Silver,Canada,NYSE,3156900146.0,10.66,70.48,64.5,10,91.9,3469,True,-24.5,100.75,10.92,17.34,60.77,101.04,121.56,9.6101,9.0844,6.6304,5.3023,4.8114,66357080,1255,2026-08-14,68.01,296144479.0
NASDAQ:RDNT,RDNT,"RadNet, Inc.",Healthcare,Diagnostics & Research,United States,NASDAQ,6003723919.0,76.35,70.49,67.39,10,91.9,3470,False,-9.62,47.19,15.28,12.46,17.19,32.59,55.4,66.2287,67.8929,65.1528,57.5852,49.1322,53549752,1255,2026-08-14,73.69,78634236.0
NYSE:SAP,SAP,SAP SE ADS,Technology,Software - Application,Germany,NYSE,240039854129.0,207.97,70.49,66.68,10,91.9,3471,False,-24.56,42.08,5.52,-1.5,-11.05,-1.13,12.49,197.0817,211.1327,233.8025,210.3443,184.8754,626134511,1255,2026-08-14,72.1,1154204232.0
NYSE:GDV,GDV,Gabelli Dividend & Income Trust Common Shares of Beneficial Interest,Financial Services,Asset Management,United States,NYSE,2689848096.0,30.76,70.5,67.57,10,91.9,3472,False,-0.42,23.46,10.42,12.34,23.53,35.22,44.63,27.8567,27.3816,24.9017,22.7475,21.268,2561221,1255,2026-08-14,75.49,87446297.0
NASDAQ:ALDF,ALDF,Aldel Financial II Inc.,Financial Services,Shell Companies,United States,NASDAQ,255566850.0,10.78,70.53,67.2,10,92.0,3473,False,0.0,4.15,1.81,2.12,,,,10.5884,10.5561,,,,50800,416,2026-08-14,70.53,23707500.0
NASDAQ:NEPH,NEPH,"Nephros, Inc.",Healthcare,Medical Instruments & Supplies,United States,NASDAQ,50265808.0,4.63,70.54,66.31,10,92.0,3474,False,-20.03,66.55,16.83,13.4,49.32,63.19,89.46,3.963,4.0829,3.1008,2.8371,2.4438,71773,1255,2026-08-14,72.68,10856546.0
NASDAQ:SBCF,SBCF,Seacoast Banking Corporation of Florida,Financial Services,Banks - Regional,United States,NASDAQ,3498214990.0,36.13,70.54,66.74,10,92.0,3475,False,0.0,28.58,13.85,15.17,25.99,35.64,36.98,31.736,31.3707,28.6778,26.6371,26.3763,34122196,1255,2026-08-14,69.26,96823000.0
NYSE:CRD.B,CRD-B,Crawford & Company,Financial Services,Insurance Brokers,United States,NYSE,236260037.0,12.47,70.59,66.52,10,92.1,3476,False,0.0,40.18,22.68,23.35,22.09,27.54,40.64,10.1648,10.1092,10.2141,9.7772,8.8663,78833,1255,2026-08-14,68.36,18946274.0
NASDAQ:HVII,HVII,Hennessy Capital Investment Corp. VII,Financial Services,Shell Companies,United States,NASDAQ,207138800.0,10.52,70.59,66.78,10,92.1,3477,False,-3.49,3.85,1.18,1.51,,,,10.3975,10.3633,,,,393499,381,2026-08-14,70.59,19690000.0
NASDAQ:BOLD,BOLD,"Boundless Bio, Inc.",Healthcare,Biotechnology,United States,NASDAQ,63603619.0,2.83,70.6,70.43,10,92.1,3478,True,-2.08,169.52,87.28,95.24,55.39,,,1.5111,1.4495,1.8212,,,689332,596,2026-08-14,68.04,22474777.0
NYSE:TDW,TDW,Tidewater Inc.,Energy,Oil & Gas Equipment & Services,United States,NYSE,4688605871.0,94.28,70.6,66.67,10,92.1,3479,True,0.0,99.37,34.07,40.35,55.96,41.29,57.52,70.3236,67.1762,60.4497,66.7292,59.8509,54595472,1255,2026-08-14,68.09,49730652.0
NYSE:TIC,TIC,"TIC Solutions, Inc.",Industrials,Specialty Business Services,United States,NYSE,2177269649.0,9.85,70.6,66.2,10,92.1,3480,False,-32.02,50.61,8.2,1.29,,,,9.1037,9.7248,,,,20420206,374,2026-08-14,74.36,221042604.0
AMEX:TII,TII,Titan Mining Corporation,Basic Materials,Other Industrial Metals & Mining,Canada,AMEX,268326524.0,2.73,70.61,63.39,10,92.2,3481,False,-46.89,115.9,-3.01,4.4,76.38,136.3,170.44,2.8148,2.6149,1.5478,1.1553,1.0095,904554,1255,2026-08-14,71.87,98288104.0
NYSE:DNOW,DNOW,DNOW Inc.,Industrials,Industrial Distribution,United States,NYSE,2999230517.0,16.43,70.62,68.14,10,92.2,3482,True,-2.61,47.75,21.65,18.57,16.56,21.31,26.22,13.5064,13.8572,14.0954,13.5433,13.0166,40263996,1254,2026-08-14,69.81,182545984.0
NASDAQ:GWRS,GWRS,"Global Water Resources, Inc.",Utilities,Utilities - Regulated Water,United States,NASDAQ,247367252.0,8.6,70.62,67.21,10,92.2,3483,False,-19.33,30.5,8.96,3.86,-10.13,-14.75,-17.86,7.8927,8.2807,9.5696,10.0879,10.4697,820935,1254,2026-08-14,78.41,28763634.0
NASDAQ:VRM,VRM,"Vroom, Inc.",Financial Services,Credit Services,United States,NASDAQ,56502753.0,10.85,70.65,62.07,10,92.3,3484,False,-63.74,57.25,-28.34,-38.29,,,,15.1409,17.5831,,,,90084,372,2026-08-14,67.72,5207627.0
NYSE:BIO,BIO,"Bio-Rad Laboratories, Inc.",Healthcare,Medical Devices,United States,NYSE,7731041506.0,356.26,70.66,68.18,10,92.3,3485,False,-1.61,47.39,19.94,20.06,20.82,17.53,6.25,297.0209,296.7438,294.8783,303.1252,335.297,102325884,1255,2026-08-14,76.22,21700560.0
NASDAQ:XGN,XGN,Exagen Inc.,Healthcare,Diagnostics & Research,United States,NASDAQ,160904528.0,6.66,70.66,67.43,10,92.3,3486,True,-44.31,151.32,32.59,8.69,23.45,57.28,70.45,5.0228,6.1277,5.395,4.2344,3.9073,2523468,1254,2026-08-14,69.89,24159839.0
NASDAQ:OGI,OGI,Organigram Global Inc.,Healthcare,Drug Manufacturers - Specialty & Generic,Canada,NASDAQ,173153277.0,1.23,70.68,65.24,10,92.3,3487,False,-41.71,41.22,-9.82,-14.77,-15.43,-18.71,-34.58,1.3639,1.4432,1.4545,1.513,1.88,1946126,1255,2026-08-14,75.38,140775022.0
NASDAQ:SMCI,SMCI,"Super Micro Computer, Inc.",Technology,Computer Hardware,United States,NASDAQ,25771421396.0,39.84,70.69,63.89,10,92.4,3488,False,-32.11,94.06,25.23,13.63,4.91,-11.05,8.55,31.8141,35.0614,37.974,44.7892,36.7018,1997333209,1255,2026-08-14,69.75,646873027.0
NYSE:HNI,HNI,HNI Corporation,Consumer Cyclical,"Furnishings, Fixtures & Appliances",United States,NYSE,3517573485.0,48.86,70.7,69.65,10,92.4,3489,False,-5.27,68.9,22.76,20.23,11.39,16.38,28.86,39.8019,40.6404,43.8645,41.9841,37.9181,28096408,1255,2026-08-14,74.35,71992908.0
NYSE:OWL,OWL,Blue Owl Capital Inc.,Financial Services,Asset Management,United States,NYSE,8258305487.0,12.22,70.7,68.12,10,92.4,3490,False,-32.9,54.89,9.28,-0.29,-20.77,-17.79,-9.33,11.1824,12.2554,15.4227,14.864,13.4781,231431338,1255,2026-08-14,79.08,675802413.0
NYSE:BXC,BXC,Bluelinx Holdings Inc.,Industrials,Industrial Distribution,United States,NYSE,673332815.0,86.52,70.73,68.21,10,92.5,3491,False,-5.35,90.82,42.11,34.88,10.87,1.06,3.64,60.8843,64.1468,78.0372,85.6088,83.4837,13824232,1255,2026-08-14,76.53,7782395.0
NASDAQ:CARL,CARL,"Carlsmed, Inc.",Healthcare,Health Information Services,United States,NASDAQ,390975280.0,14.32,70.76,65.27,10,92.5,3492,False,-15.72,62.17,20.44,16.8,,,,11.8899,12.2607,,,,1593623,267,2026-08-14,68.32,27302743.0
NASDAQ:IDCC,IDCC,"InterDigital, Inc.",Technology,Software - Application,United States,NASDAQ,8868234306.0,343.65,70.76,67.41,10,92.5,3493,False,-12.73,37.4,7.39,7.39,34.75,69.32,104.4,319.9883,320.0065,255.0192,202.9623,168.1228,75950433,1255,2026-08-14,71.07,25806007.0
NASDAQ:ZS,ZS,"Zscaler, Inc.",Technology,Software - Infrastructure,United States,NASDAQ,29689868790.0,183.6,70.78,66.22,10,92.5,3494,False,-45.4,55.53,0.29,-10.57,-13.35,-9.96,-1.63,183.077,205.3058,211.8941,203.8985,186.637,349452371,1255,2026-08-14,76.51,161709525.0
NASDAQ:BANR,BANR,Banner Corporation,Financial Services,Banks - Regional,United States,NASDAQ,2515223115.0,74.01,70.79,66.76,10,92.6,3495,False,0.0,29.43,16.47,16.69,18.42,32.13,35.28,63.5455,63.4258,62.497,56.0127,54.7093,26367947,1255,2026-08-14,69.76,33984909.0
NASDAQ:QCRH,QCRH,"QCR Holdings, Inc.",Financial Services,Banks - Regional,United States,NASDAQ,1744096078.0,106.56,70.8,67.44,10,92.6,3496,False,-0.03,59.43,19.42,23.31,32.23,47.43,60.9,89.231,86.419,80.5867,72.2774,66.226,12010149,1255,2026-08-14,70.97,16367268.0
NYSE:HAE,HAE,Haemonetics Corporation,Healthcare,Medical Devices,United States,NYSE,4126495256.0,90.8,70.81,69.07,10,92.6,3497,True,-0.59,90.48,30.69,37.98,31.61,21.93,19.04,69.4787,65.8065,68.9917,74.4698,76.2795,64002665,1255,2026-08-14,70.17,45445983.0
NASDAQ:APAC,APAC,StoneBridge Acquisition II Corporation,Financial Services,Shell Companies,United States,NASDAQ,62625588.0,10.21,70.83,68.6,10,92.6,3498,False,0.0,3.13,,,,,,,,,,,180855,181,2026-08-14,66.09,6133750.0
NASDAQ:ADAM,ADAM,"Adamas Trust, Inc.",Real Estate,REIT - Mortgage,United States,NASDAQ,909583434.0,10.12,70.87,66.95,10,92.7,3499,True,-1.08,69.0,29.2,34.59,58.79,66.16,61.69,7.8327,7.519,6.3734,6.0905,6.2587,8516516,1255,2026-08-14,70.38,89879786.0
NYSE:WK,WK,Workiva Inc.,Technology,Software - Application,United States,NYSE,3705283084.0,70.51,70.89,68.28,10,92.7,3500,False,-24.43,59.13,5.83,0.91,-7.24,-12.24,-13.96,66.6254,69.8733,76.0119,80.3474,81.9512,49317114,1254,2026-08-14,80.76,52549753.0
NASDAQ:FRPT,FRPT,"Freshpet, Inc.",Consumer Defensive,Packaged Foods,United States,NASDAQ,3575629473.0,72.76,70.91,66.89,10,92.7,3501,False,-14.9,53.53,17.47,20.44,-16.1,-18.72,-11.48,61.9409,60.4097,86.7204,89.5199,82.193,89509513,1254,2026-08-14,70.88,49142791.0
NYSE:RTX,RTX,RTX Corporation,Industrials,Aerospace & Defense,United States,NYSE,300509633368.0,222.97,70.91,68.78,10,92.7,3502,True,-0.18,49.11,17.94,21.96,44.62,69.19,84.46,189.0579,182.8238,154.1816,131.788,120.8739,1110136262,1255,2026-08-14,67.41,1347758144.0
NASDAQ:MSFT,MSFT,Microsoft Corporation,Technology,Software - Infrastructure,United States,NASDAQ,3678615236241.0,495.4,70.92,67.99,10,92.8,3503,False,-8.03,40.41,14.86,10.74,13.08,18.12,29.81,431.3165,447.361,438.0956,419.3929,381.6336,17071295860,1255,2026-08-14,71.84,7425545491.0
NASDAQ:ARCT,ARCT,Arcturus Therapeutics Holdings Inc.,Healthcare,Biotechnology,United States,NASDAQ,233921858.0,8.23,70.94,64.44,10,92.8,3504,False,-64.46,48.82,11.37,-15.51,-36.06,-54.82,-56.68,7.3895,9.7405,12.8716,18.218,18.9961,3449501,1254,2026-08-14,67.87,28423069.0
NYSE:SA,SA,"Seabridge Gold, Inc. Common Shares New",Basic Materials,Gold,Canada,NYSE,3607520915.0,33.52,70.97,63.86,10,92.8,3505,True,-14.82,107.04,13.76,20.96,59.89,83.62,99.05,29.4666,27.7115,20.9649,18.2554,16.8403,16764919,1255,2026-08-14,67.37,107622939.0
NASDAQ:BVC,BVC,BitVentures Limited,Technology,Software - Application,Hong Kong,NASDAQ,2525040000.0,15.03,70.98,65.4,10,92.8,3506,False,0.0,2683.33,92.05,132.88,308.9,330.07,257.73,7.8259,6.4539,3.6757,3.4948,4.2015,616603,1254,2026-08-14,70.98,168000000.0
NYSE:MAN,MAN,ManpowerGroup,Industrials,Staffing & Employment Services,United States,NYSE,2711378039.0,58.3,71.01,70.37,10,92.9,3507,False,-1.34,131.68,79.95,74.96,36.51,15.33,6.1,32.398,33.3228,42.7082,50.5503,54.9496,63737807,1255,2026-08-14,74.31,46507342.0
NYSE:NEM,NEM,Newmont Corporation,Basic Materials,Gold,United States,NYSE,124082801833.0,117.76,71.02,65.23,10,92.9,3508,True,-10.36,76.63,12.18,17.94,58.06,89.46,106.46,104.9783,99.8514,74.5043,62.1572,57.0387,748903151,1255,2026-08-14,67.84,1053692271.0
NASDAQ:REAX,REAX,"The Real Brokerage, Inc.",Real Estate,Real Estate Services,United States,NASDAQ,523065936.0,2.4,71.1,64.76,10,92.9,3509,False,-55.39,50.94,-12.13,-22.76,-39.66,-33.97,-22.25,2.7315,3.107,3.9776,3.635,3.0868,9706765,1255,2026-08-14,71.1,217944140.0
NASDAQ:AZTA,AZTA,"Azenta, Inc.",Healthcare,Medical Instruments & Supplies,United States,NASDAQ,1538577798.0,33.38,71.17,69.08,10,93.0,3510,False,-18.61,108.36,18.92,16.75,-2.93,-19.99,-23.24,28.0681,28.5902,34.3886,41.7196,43.4884,20163065,1255,2026-08-14,75.29,46092804.0
NYSE:S,S,"SentinelOne, Inc.",Technology,Software - Infrastructure,United States,NYSE,7782177227.0,23.11,71.17,68.69,10,93.0,3511,False,-3.06,93.55,47.02,43.34,22.4,17.81,19.98,15.7193,16.1227,18.8812,19.616,19.2615,127448755,1255,2026-08-14,78.74,336745012.0
NASDAQ:ATNI,ATNI,"ATN International, Inc.",Communication Services,Telecom Services,United States,NASDAQ,487726849.0,31.71,71.19,67.02,10,93.0,3512,False,-1.25,132.28,29.83,41.37,54.4,39.46,21.33,24.4244,22.4308,20.5375,22.7384,26.1354,2376788,1255,2026-08-14,72.22,15380853.0
NYSE:MTG,MTG,MGIC Investment Corporation,Financial Services,Insurance - Specialty,United States,NYSE,6391690014.0,31.16,71.19,69.43,10,93.0,3513,False,0.0,26.03,14.43,14.48,21.06,33.59,50.13,27.2315,27.2177,25.74,23.3243,20.756,50900765,1255,2026-08-14,68.49,205124840.0
NYSE:BDC,BDC,Belden Inc,Technology,Communication Equipment,United States,NYSE,5310726157.0,135.9,71.21,66.49,10,93.1,3514,False,-9.87,36.56,13.99,13.17,17.04,28.66,37.27,119.2226,120.0811,116.112,105.6241,99.0001,59976491,1255,2026-08-14,73.76,39078191.0
NYSE:ETO,ETO,Eaton Vance Tax-Advantage Global Dividend Opp,Financial Services,Asset Management,United States,NYSE,526059230.0,32.1,71.21,66.4,10,93.1,3515,False,0.0,28.54,11.74,14.18,25.6,36.31,46.34,28.7266,28.1142,25.5568,23.5497,21.9359,942382,1255,2026-08-14,70.76,16388138.0
NASDAQ:CADL,CADL,"Candel Therapeutics, Inc.",Healthcare,Biotechnology,United States,NASDAQ,858727201.0,11.72,71.22,67.28,10,93.1,3516,False,-0.68,165.16,72.35,79.52,81.86,116.69,157.51,6.8001,6.5286,6.4446,5.4087,4.5512,12073799,1255,2026-08-14,72.79,73270239.0
NASDAQ:PTGX,PTGX,"Protagonist Therapeutics, Inc.",Healthcare,Biotechnology,United States,NASDAQ,9974693952.0,155.1,71.23,68.48,10,93.1,3517,True,0.0,182.05,54.44,66.89,124.21,184.66,245.82,100.4287,92.9354,69.177,54.4858,44.8498,72477393,1254,2026-08-14,68.5,64311373.0
NASDAQ:YSWY,YSWY,"Yesway, Inc.",Consumer Defensive,Grocery Stores,United States,NASDAQ,784940596.0,25.17,71.24,64.69,10,93.2,3518,False,-10.62,32.75,,,,,,,,,,,7445844,79,2026-08-14,68.48,31185562.0
NASDAQ:CAMP,CAMP,CAMP4 Therapeutics Corporation,Healthcare,Biotechnology,United States,NASDAQ,282476352.0,5.44,71.31,65.6,10,93.2,3519,True,-23.7,285.82,21.91,33.79,,,,4.4623,4.0661,,,,879746,460,2026-08-14,60.28,51925800.0
NASDAQ:NN,NN,NextNav Inc.,Technology,Software - Infrastructure,United States,NASDAQ,2714412901.0,19.895,71.32,63.22,10,93.2,3520,False,-15.66,74.98,19.74,21.78,38.89,73.25,113.54,16.615,16.3375,14.3246,11.4834,9.3168,48260009,1255,2026-08-14,70.15,136436939.0
NASDAQ:NCNO,NCNO,"nCino, Inc.",Technology,Software - Application,United States,NASDAQ,2279796890.0,20.81,71.33,66.75,10,93.2,3521,False,-36.34,48.54,6.85,-2.07,-20.44,-25.02,-25.39,19.4759,21.2489,26.1567,27.7541,27.8924,39031330,1254,2026-08-14,70.61,109552950.0
NASDAQ:CCC,CCC,CCC Intelligent Solutions Holdings Inc.,Technology,Software - Application,United States,NASDAQ,4105293087.0,6.97,71.34,68.02,10,93.3,3522,False,-30.51,65.17,11.33,0.66,-19.06,-26.86,-26.6,6.2605,6.924,8.6115,9.5294,9.4965,59871789,1254,2026-08-14,77.57,588994704.0
NASDAQ:KSPI,KSPI,Joint Stock Company Kaspi.kz - American Depository Shares,Technology,Software - Infrastructure,Kazakhstan,NASDAQ,18755691154.0,98.7,71.34,67.13,10,93.3,3523,False,-0.85,49.79,25.99,25.16,14.15,,,78.3418,78.8573,86.4679,,,45247282,644,2026-08-14,74.24,190027266.0
NYSE:HCC,HCC,"Warrior Met Coal, Inc.",Basic Materials,Coking Coal,United States,NYSE,5185152865.0,98.2,71.36,64.41,10,93.3,3524,True,-10.88,78.72,13.62,20.75,45.15,53.25,73.31,86.4294,81.326,67.6552,64.0796,56.6614,58387235,1254,2026-08-14,67.07,52801964.0
NASDAQ:GTLB,GTLB,GitLab Inc.,Technology,Software - Infrastructure,United States,NASDAQ,7151636000.0,42.62,71.37,68.77,10,93.4,3525,False,-16.5,119.46,34.23,22.2,-2.99,-9.83,-8.93,31.7517,34.8763,43.9323,47.2653,46.7968,159513553,1213,2026-08-14,74.65,167800000.0
NASDAQ:GDYN,GDYN,"Grid Dynamics Holdings, Inc.",Technology,Information Technology Services,United States,NASDAQ,628733328.0,7.75,71.43,66.7,10,93.4,3526,False,-22.96,48.75,7.37,5.29,-32.5,-33.13,-34.72,7.218,7.3607,11.4823,11.5904,11.8717,14484087,1254,2026-08-14,77.81,81126881.0
NASDAQ:ARHS,ARHS,"Arhaus, Inc.",Consumer Cyclical,Specialty Retail,United States,NASDAQ,533903992.0,9.81,71.48,67.35,10,93.4,3527,False,-19.58,70.61,17.51,11.3,7.29,-2.47,0.57,8.3485,8.8138,9.1433,10.0584,9.754,13200732,1197,2026-08-14,70.55,54424464.0
NASDAQ:YORW,YORW,The York Water Company,Utilities,Utilities - Regulated Water,United States,NASDAQ,539933082.0,33.31,71.48,66.65,10,93.4,3528,False,-0.44,15.68,7.09,7.79,4.62,1.15,-3.98,31.105,30.9039,31.8403,32.9326,34.69,3883583,1255,2026-08-14,69.41,16209339.0
NYSE:XPRO,XPRO,Expro Ltd,Energy,Oil & Gas Equipment & Services,United States,NYSE,2102052578.0,18.71,71.49,65.68,10,93.5,3529,False,0.0,79.04,19.63,25.2,36.93,19.22,15.48,15.6397,14.9446,13.664,15.6941,16.2014,15735361,1254,2026-08-14,71.18,112349149.0
NYSE:JELD,JELD,"JELD-WEN Holding, Inc.",Industrials,Building Products & Equipment,United States,NYSE,166272050.0,1.93,71.5,64.53,10,93.5,3530,False,-71.45,102.09,-3.22,-28.89,-65.72,-78.91,-80.65,1.9942,2.7139,5.6304,9.1514,9.9727,2405515,1254,2026-08-14,73.96,86151321.0
NASDAQ:CTSH,CTSH,Cognizant Technology Solutions Corporation,Technology,Information Technology Services,United States,NASDAQ,26481615047.0,58.79,71.53,66.2,10,93.5,3531,False,-31.37,51.79,-6.76,-8.2,-15.95,-15.2,-11.79,63.0496,64.0445,69.9464,69.327,66.6477,530565192,1255,2026-08-14,73.95,450444209.0
NYSE:CGAU,CGAU,Centerra Gold Inc.,Basic Materials,Gold,Canada,NYSE,4207518207.0,21.51,71.54,67.08,10,93.5,3532,True,-1.06,208.64,30.28,42.47,99.06,137.11,165.36,16.5109,15.098,10.806,9.0719,8.1061,30513472,1255,2026-08-14,70.43,195607541.0
NYSE:OWLT,OWLT,"Owlet, Inc.",Healthcare,Medical Devices,United States,NYSE,193565934.0,6.66,71.55,64.51,10,93.6,3533,False,-59.69,50.0,-22.22,-21.29,-2.19,10.04,-3.74,8.5622,8.4612,6.809,6.0525,6.9185,998565,1255,2026-08-14,66.59,29063954.0
NYSE:PCOR,PCOR,"Procore Technologies, Inc.",Technology,Software - Application,United States,NYSE,9023234917.0,59.8,71.56,67.47,10,93.6,3534,False,-24.87,56.14,2.92,-1.39,-7.55,-8.88,-5.98,58.1016,60.6413,64.6802,65.6302,63.6051,206712348,1254,2026-08-14,81.2,150890216.0
NASDAQ:ISSC,ISSC,"Innovative Solutions and Support, Inc.",Industrials,Aerospace & Defense,United States,NASDAQ,411533181.0,23.0,71.57,66.01,10,93.6,3535,False,-24.74,176.44,22.97,32.73,74.36,105.19,121.77,18.7036,17.328,13.1912,11.2089,10.3713,6142105,1255,2026-08-14,70.75,17892747.0
NASDAQ:CHCO,CHCO,City Holding Company,Financial Services,Banks - Regional,United States,NASDAQ,2078292528.0,147.28,71.58,69.75,10,93.6,3536,False,-0.47,28.44,18.28,18.95,23.36,32.54,41.04,124.5228,123.8202,119.3858,111.1228,104.4212,17817919,1255,2026-08-14,75.39,14111166.0
NYSE:SMHI,SMHI,SEACOR Marine Holdings Inc.,Industrials,Marine Shipping,United States,NYSE,267529664.0,9.86,71.64,67.48,10,93.7,3537,True,0.0,75.76,34.51,38.35,42.08,11.81,12.38,7.3305,7.1267,6.94,8.8183,8.7741,1163104,1254,2026-08-14,69.22,27132826.0
NASDAQ:AEYE,AEYE,"AudioEye, Inc.",Technology,Software - Application,United States,NASDAQ,99822386.0,7.99,71.7,64.86,10,93.7,3538,False,-48.02,47.96,-3.94,-14.32,-39.24,-34.45,-24.28,8.3178,9.3252,13.1493,12.1883,10.5519,773079,1254,2026-08-14,41.99,12493415.0
NYSE:EFOR,EFOR,"Everforth, Inc.",Technology,Information Technology Services,United States,NYSE,1298470000.0,31.67,71.73,68.35,10,93.7,3539,False,-41.62,85.64,-10.07,-17.16,-43.58,-53.33,-55.96,35.2155,38.2287,56.1288,67.8573,71.9186,28566552,1255,2026-08-14,83.99,41000000.0
NASDAQ:LFST,LFST,"LifeStance Health Group, Inc.",Healthcare,Medical Care Facilities,United States,NASDAQ,4742383645.0,12.42,71.74,68.9,10,93.8,3540,True,0.0,158.21,61.48,72.31,80.61,84.43,82.28,7.6914,7.2078,6.8768,6.7343,6.8137,43892105,1254,2026-08-14,70.07,381834432.0
NASDAQ:FSEA,FSEA,"First Seacoast Bancorp, Inc.",Financial Services,Banks - Regional,United States,NASDAQ,80227625.0,17.1,71.75,70.05,10,93.8,3541,False,-0.06,53.71,22.17,26.79,43.75,60.94,61.96,13.9973,13.4864,11.8953,10.625,10.5582,125567,1254,2026-08-14,71.75,4691674.0
NYSE:SNOW,SNOW,Snowflake Inc.,Technology,Software - Application,United States,NYSE,114003672000.0,328.92,71.76,71.17,10,93.8,3542,False,-2.51,171.59,53.39,51.55,73.12,81.61,87.28,214.4297,217.0367,189.9907,181.1116,175.6279,1479409004,1255,2026-08-14,80.52,346600000.0
AMEX:ITRG,ITRG,Integra Resources Corp.,Basic Materials,Other Precious Metals & Mining,Canada,AMEX,563708748.0,2.78,71.86,63.92,10,93.8,3543,False,-39.83,65.48,-10.75,-8.17,30.76,63.38,92.36,3.1148,3.0273,2.126,1.7015,1.4452,7641077,1255,2026-08-14,69.62,202772931.0
NYSE:XFLT,XFLT,XAI Floating Rate & Alternative Income Trust Common Shares of Beneficial Interest,Financial Services,Asset Management,United States,NYSE,293651444.0,19.28,71.97,67.89,10,93.9,3544,False,-21.2,32.81,3.36,-1.53,-13.04,-15.48,-12.3,18.6529,19.5793,22.1701,22.8104,21.983,1665320,1254,2026-08-14,71.97,15230884.0
NYSE:PEN,PEN,"Penumbra, Inc.",Healthcare,Medical Devices,United States,NYSE,12881128782.0,327.02,71.98,64.7,10,93.9,3545,False,-9.01,44.99,2.54,6.62,18.44,26.5,28.04,318.9305,306.7213,276.1032,258.5225,255.405,113438351,1254,2026-08-14,71.35,39389422.0
NYSE:FBP,FBP,First BanCorp. New,Financial Services,Banks - Regional,United States,NYSE,4534429858.0,29.7,72.04,70.45,10,93.9,3546,False,0.0,56.98,29.73,31.69,41.95,56.13,72.02,22.893,22.5526,20.9236,19.0221,17.2658,45293697,1255,2026-08-14,69.12,152674406.0
NASDAQ:EOLS,EOLS,"Evolus, Inc.",Healthcare,Drug Manufacturers - Specialty & Generic,United States,NASDAQ,537045494.0,8.155,72.05,67.9,10,93.9,3547,True,-2.22,106.98,37.84,33.83,-11.93,-17.7,-14.9,5.9163,6.0936,9.26,9.909,9.5832,6909812,1255,2026-08-14,70.77,65854751.0
NASDAQ:LBRX,LBRX,LB Pharmaceuticals Inc,Healthcare,Biotechnology,United States,NASDAQ,1370027049.0,47.775,72.05,70.93,10,93.9,3548,True,-0.84,227.0,82.84,,,,,26.1296,,,,,16938601,232,2026-08-14,65.88,28676652.0
NYSE:AEM,AEM,Agnico Eagle Mines Limited,Basic Materials,Gold,Canada,NYSE,94416792541.0,186.46,72.07,65.13,10,94.0,3549,True,-25.88,44.52,2.02,5.3,35.88,70.11,98.84,182.7651,177.0706,137.2265,109.6137,93.7751,484294962,1255,2026-08-14,68.78,506364864.0
NYSE:CODI,CODI,D/B/A Compass Diversified Holdings Shares of Beneficial Interest,Industrials,Conglomerates,United States,NYSE,956249128.0,12.71,72.1,66.7,10,94.0,3550,False,0.0,173.33,52.52,56.59,2.18,-15.41,-19.47,8.3332,8.1167,12.4389,15.0245,15.7825,7784892,1255,2026-08-14,68.99,75235966.0
NASDAQ:HCIC,HCIC,Hennessy Capital Investment Corp. VIII,Financial Services,Shell Companies,United States,NASDAQ,248210000.0,10.0,72.15,66.7,10,94.0,3551,False,0.0,1.83,,,,,,,,,,,40358,95,2026-08-14,66.69,24821000.0
NASDAQ:SBC,SBC,SBC Medical Group Holdings Incorporated,Industrials,Consulting Services,United States,NASDAQ,376419811.0,3.66,72.23,65.59,10,94.1,3552,True,-26.65,27.53,0.23,-2.93,-23.95,-48.79,,3.6517,3.7705,4.8123,7.1476,,346137,975,2026-08-14,55.72,102846943.0
AMEX:UMAC,UMAC,"Unusual Machines, Inc.",Technology,Computer Hardware,United States,AMEX,1627861017.0,34.06,72.23,66.89,10,94.1,3553,False,0.0,338.92,109.07,120.52,204.34,,,16.2913,15.4454,11.1916,,,109521068,627,2026-08-14,61.78,47793923.0
NYSE:THC,THC,Tenet Healthcare Corporation,Healthcare,Medical Care Facilities,United States,NYSE,21571040100.0,267.9,72.28,69.94,10,94.1,3554,False,0.0,66.02,31.82,33.26,53.09,80.97,112.55,203.2288,201.0411,174.9962,148.0376,126.0407,299612795,1255,2026-08-14,71.94,80519000.0
NASDAQ:ACT,ACT,"Enact Holdings, Inc.",Financial Services,Insurance - Specialty,United States,NASDAQ,6971661205.0,49.94,72.33,69.22,10,94.1,3555,False,0.0,45.3,20.28,23.11,34.43,47.12,61.41,41.5209,40.5655,37.1497,33.9446,30.9397,19633660,1232,2026-08-14,71.61,139600745.0
NYSE:NPWR,NPWR,NET Power Inc.,Industrials,Specialty Industrial Machinery,United States,NYSE,172348412.0,1.95,72.34,64.2,10,94.2,3556,True,-59.79,43.38,-7.66,-14.52,-53.65,-70.0,-74.06,2.1118,2.2812,4.2069,6.499,7.5171,1240593,1254,2026-08-14,56.01,88383801.0
NASDAQ:TTEK,TTEK,"Tetra Tech, Inc.",Industrials,Engineering & Construction,United States,NASDAQ,9348166440.0,36.51,72.34,69.04,10,94.2,3557,False,-13.77,39.74,12.11,10.67,2.72,2.98,8.21,32.5658,32.9894,35.5443,35.4542,33.7415,99228076,1255,2026-08-14,72.05,256044000.0
NASDAQ:UROY,UROY,Uranium Royalty Corp.,Energy,Uranium,United States,NASDAQ,1569997350.0,4.12,72.34,66.96,10,94.2,3558,True,-24.54,60.94,11.4,11.56,37.73,43.31,50.59,3.6984,3.6932,2.9914,2.8748,2.7359,12196339,1255,2026-08-14,71.4,381067318.0
NYSE:BSX,BSX,Boston Scientific Corporation,Healthcare,Medical Devices,United States,NYSE,77037788928.0,51.83,72.35,63.28,10,94.3,3559,False,-52.07,21.58,-26.66,-32.66,-39.83,-34.05,-26.7,70.6684,76.9676,86.1458,78.5902,70.7048,958397470,1255,2026-08-14,71.92,1486355179.0
NYSE:GEF.B,GEF-B,"Greif, Inc. Corporation",Consumer Cyclical,Packaging & Containers,United States,NYSE,2364516355.0,110.7,72.38,71.68,10,94.3,3560,False,-0.96,94.79,34.79,42.13,59.37,68.1,69.58,82.1301,77.8868,69.4609,65.8524,65.2777,8090880,1255,2026-08-14,75.14,21359678.0
AMEX:UAVS,UAVS,"AgEagle Aerial Systems, Inc.",Technology,Computer Hardware,United States,AMEX,63870861.0,1.09,72.4,65.86,10,94.3,3561,False,-62.28,62.69,1.57,-14.59,-60.83,-96.41,-99.15,1.0731,1.2763,2.7824,30.343,128.789,1791790,1255,2026-08-14,71.4,58597120.0
NASDAQ:MBVI,MBVI,M3-Brigade Acquisition VI Corp.,Financial Services,Shell Companies,United States,NASDAQ,352245000.0,10.21,72.43,68.01,10,94.3,3562,False,0.0,2.2,1.11,,,,,10.0983,,,,,175011,206,2026-08-14,67.53,34500000.0
NASDAQ:OSBC,OSBC,"Old Second Bancorp, Inc.",Financial Services,Banks - Regional,United States,NASDAQ,1319828505.0,25.91,72.48,70.59,10,94.4,3563,False,0.0,57.17,24.35,28.44,40.18,52.83,59.7,20.8367,20.1723,18.4829,16.953,16.2241,11450815,1255,2026-08-14,71.48,50938962.0
NASDAQ:TECH,TECH,Bio-Techne Corp,Healthcare,Biotechnology,United States,NASDAQ,11280691205.0,72.4,72.5,69.89,10,94.4,3564,True,0.0,67.52,20.69,22.26,17.97,12.19,6.36,59.986,59.2172,61.3696,64.5316,68.069,255441299,1255,2026-08-14,70.9,155810652.0
NYSE:SHAK,SHAK,"Shake Shack, Inc.",Consumer Cyclical,Restaurants,United States,NYSE,3019848783.0,74.84,72.52,65.56,10,94.4,3565,False,-30.02,42.99,-7.4,-11.28,-24.55,-19.49,-10.95,80.8203,84.355,99.1925,92.9609,84.0385,136664719,1255,2026-08-14,70.89,40350732.0
NYSE:RMAX,RMAX,"RE/MAX Holdings, Inc.",Real Estate,Real Estate Services,United States,NYSE,267537662.0,12.55,72.55,67.46,10,94.4,3566,False,0.0,121.73,51.43,48.32,37.22,31.17,4.78,8.2875,8.4614,9.1458,9.568,11.9776,5543703,1254,2026-08-14,71.82,21317742.0
NYSE:BMEZ,BMEZ,BlackRock Health Sciences Term Trust Common Shares of Beneficial Interest,Financial Services,Asset Management,United States,NYSE,1003147534.0,16.05,72.6,69.83,10,94.5,3567,False,-0.5,25.97,12.3,13.93,19.62,26.23,30.82,14.2926,14.0873,13.4173,12.7147,12.2688,1828335,1254,2026-08-14,76.94,62501404.0
NASDAQ:ANGO,ANGO,"AngioDynamics, Inc.",Healthcare,Medical Instruments & Supplies,United States,NASDAQ,655118366.0,15.85,72.61,69.38,10,94.5,3568,True,0.0,81.56,32.56,35.4,53.64,74.49,56.34,11.9568,11.7061,10.3161,9.0837,10.1381,7402621,1255,2026-08-14,70.74,41332389.0
NASDAQ:RWAY,RWAY,Runway Growth Finance Corp.,Financial Services,Asset Management,United States,NASDAQ,293854658.0,6.92,72.67,67.26,10,94.5,3569,False,-27.8,31.56,-2.0,-7.44,-12.9,-15.34,-12.94,7.061,7.4765,7.9445,8.1736,7.9483,3663601,1207,2026-08-14,74.38,42464546.0
NASDAQ:SPSC,SPSC,"SPS Commerce, Inc.",Technology,Software - Application,United States,NASDAQ,2858413816.0,79.4,72.67,69.71,10,94.5,3570,False,-31.45,59.09,14.8,2.53,-33.65,-43.47,-43.92,69.1654,77.4418,119.672,140.4661,141.5907,46289832,1255,2026-08-14,72.64,36000174.0
NYSE:ATKR,ATKR,Atkore Inc.,Industrials,Electrical Equipment & Parts,United States,NYSE,3167369551.0,93.8,72.71,67.76,10,94.6,3571,False,-0.03,70.37,33.92,37.8,31.47,-1.76,-6.77,70.0438,68.0715,71.3466,95.4839,100.6144,125003817,1254,2026-08-14,72.81,33767266.0
NASDAQ:ATAI,ATAI,AtaiBeckley Inc.,Healthcare,Biotechnology,United States,NASDAQ,2685869176.0,7.26,72.77,70.62,10,94.6,3572,False,0.0,116.72,62.16,58.07,128.2,174.05,178.75,4.4769,4.5929,3.1814,2.6491,2.6045,70125119,1255,2026-08-14,72.55,369954432.0
NASDAQ:TPG,TPG,TPG Inc.,Financial Services,Asset Management,United States,NASDAQ,8158880484.0,53.03,72.82,69.17,10,94.6,3573,False,-21.01,43.21,10.23,6.24,3.14,15.37,29.26,48.1104,49.9162,51.4146,45.9638,41.027,144454453,1149,2026-08-14,80.42,153854054.0
NASDAQ:SGP,SGP,"SpyGlass Pharma, Inc.",Healthcare,Biotechnology,United States,NASDAQ,875953901.0,26.2,72.84,66.48,10,94.7,3574,True,-11.73,49.2,,,,,,,,,,,1886758,130,2026-08-14,68.87,33433355.0
NYSE:RBRK,RBRK,"Rubrik, Inc.",Technology,Software - Infrastructure,United States,NYSE,16454609881.0,102.23,72.86,69.15,10,94.7,3575,False,-2.72,133.35,52.12,45.19,52.5,,,67.204,70.4117,67.0354,,,239357854,578,2026-08-14,78.36,160956763.0
NASDAQ:NESR,NESR,National Energy Services Reunited Corp,Energy,Oil & Gas Equipment & Services,United States,NASDAQ,3661763829.0,36.31,72.91,68.89,10,94.7,3576,False,0.0,427.0,67.13,88.4,167.1,,,21.7257,19.2733,13.5941,,,63808599,527,2026-08-14,72.19,100847255.0
NYSE:VEEV,VEEV,Veeva Systems Inc.,Healthcare,Health Information Services,United States,NYSE,39595552181.0,243.75,72.93,70.58,10,94.7,3577,False,-20.4,60.97,21.37,11.73,7.6,12.11,17.17,200.8273,218.1692,226.5338,217.4296,208.0269,367617406,1255,2026-08-14,82.63,162443291.0
NASDAQ:IOVA,IOVA,"Iovance Biotherapeutics, Inc.",Healthcare,Biotechnology,United States,NASDAQ,3116586724.0,6.98,73.02,69.54,10,94.8,3578,True,0.0,285.64,100.57,115.9,52.21,17.85,8.82,3.4802,3.2329,4.5857,5.9227,6.4141,100223356,1255,2026-08-14,69.36,446502396.0
NYSE:ABT,ABT,Abbott Laboratories,Healthcare,Medical Devices,United States,NYSE,193776713382.0,111.25,73.05,69.2,10,94.8,3579,False,-16.69,35.71,4.86,0.38,-3.54,0.8,3.66,106.0959,110.8325,115.3296,110.3705,107.3216,960810247,1255,2026-08-14,73.14,1741813154.0
NYSE:VLO,VLO,Valero Energy Corporation,Energy,Oil & Gas Refining & Marketing,United States,NYSE,98376175600.0,341.67,73.09,70.08,10,94.8,3580,False,-0.36,156.89,52.31,62.64,102.29,117.16,134.44,224.3319,210.0787,168.9015,157.3353,145.7417,835669839,1255,2026-08-14,74.2,287927461.0
NYSE:AMP,AMP,"Ameriprise Financial, Inc.",Financial Services,Asset Management,United States,NYSE,50347336000.0,569.54,73.11,70.69,10,94.8,3581,False,-0.2,33.23,19.34,18.79,16.59,26.5,38.38,477.2377,479.4503,488.5158,450.2352,411.5911,266106718,1255,2026-08-14,74.27,88400000.0
NYSE:SMC,SMC,Summit Midstream Corporation,Energy,Oil & Gas Midstream,United States,NYSE,482947439.0,34.96,73.26,67.62,10,94.9,3582,False,0.0,81.23,22.17,28.68,15.12,25.11,39.12,28.6155,27.1677,30.3678,27.9423,25.1302,1607789,1254,2026-08-14,72.78,13814286.0
NASDAQ:CTOR,CTOR,"Citius Oncology, Inc.",Healthcare,Drug Manufacturers - Specialty & Generic,United States,NASDAQ,84612896.0,0.91,73.3,66.16,10,94.9,3583,False,-58.06,84.58,-4.82,-20.0,-35.68,-80.9,,0.9561,1.1375,1.4148,4.7633,,97933,922,2026-08-14,67.69,92981204.0
NASDAQ:USIO,USIO,"Usio, Inc.",Technology,Software - Infrastructure,United States,NASDAQ,76164943.0,2.76,73.32,68.95,10,94.9,3584,False,0.0,162.86,79.95,81.92,79.27,74.24,67.08,1.5338,1.5172,1.5396,1.584,1.6519,1122345,1255,2026-08-14,69.04,27595994.0
NASDAQ:FSLY,FSLY,"Fastly, Inc.",Technology,Software - Application,United States,NASDAQ,4684045000.0,29.93,73.37,68.96,10,94.9,3585,False,-10.66,333.14,69.67,91.18,158.45,137.94,138.44,17.6403,15.6556,11.5807,12.5789,12.5526,153272956,1255,2026-08-14,73.83,156500000.0
NASDAQ:HALO,HALO,"Halozyme Therapeutics, Inc.",Healthcare,Biotechnology,United States,NASDAQ,11702358580.0,98.66,73.39,72.3,10,95.0,3586,False,-4.33,60.08,38.47,38.42,54.54,74.92,85.69,71.2525,71.2751,63.8428,56.4026,53.1311,214648320,1255,2026-08-14,79.63,118613000.0
NYSE:BIII,BIII,Black Spade Acquisition III Co,Financial Services,Shell Companies,Hong Kong,NYSE,172327500.0,9.99,73.43,67.44,10,95.0,3587,False,0.0,1.52,,,,,,,,,,,27568,136,2026-08-14,73.43,17250000.0
NASDAQ:VFF,VFF,"Village Farms International, Inc.",Consumer Defensive,Farm Products,United States,NASDAQ,308182159.0,2.53,73.49,66.19,10,95.0,3588,True,-39.47,37.5,-12.86,-13.13,31.73,58.58,64.41,2.9033,2.9124,1.9207,1.5954,1.5389,2363471,1255,2026-08-14,71.53,121811130.0
NASDAQ:RICK,RICK,"RCI Hospitality Holdings, Inc.",Consumer Cyclical,Restaurants,United States,NASDAQ,235985715.0,30.87,73.53,68.43,10,95.0,3589,False,-17.71,48.71,24.93,18.27,-12.8,-25.9,-38.77,24.7106,26.1024,35.3995,41.6588,50.4134,1275829,1255,2026-08-14,70.84,7644500.0
NASDAQ:IOSP,IOSP,Innospec Inc.,Basic Materials,Specialty Chemicals,United States,NASDAQ,2311623761.0,93.85,73.55,70.05,10,95.1,3590,False,-0.13,44.11,19.84,19.77,6.34,-2.16,-2.14,78.3136,78.3566,88.2561,95.9176,95.8981,15530169,1255,2026-08-14,73.95,24631047.0
NASDAQ:CASS,CASS,"Cass Information Systems, Inc",Industrials,Specialty Business Services,United States,NASDAQ,748007163.0,58.41,73.57,71.56,10,95.1,3591,False,-0.22,62.24,27.3,30.86,36.94,40.57,43.93,45.8821,44.6344,42.6537,41.5522,40.5821,3952824,1255,2026-08-14,75.03,12806149.0
NASDAQ:EXPE,EXPE,"Expedia Group, Inc.",Consumer Cyclical,Travel Services,United States,NASDAQ,38091637977.0,332.69,73.6,70.37,10,95.1,3592,False,0.0,77.24,32.03,36.09,61.72,86.36,109.25,251.9755,244.4583,205.7233,178.5248,158.9884,492686017,1255,2026-08-14,72.18,114495891.0
NASDAQ:ACB,ACB,Aurora Cannabis Inc.,Healthcare,Drug Manufacturers - Specialty & Generic,Canada,NASDAQ,227947097.0,3.68,73.63,68.32,10,95.2,3593,False,-40.93,42.64,-0.23,-8.27,-18.09,-22.54,-37.81,3.6884,4.0118,4.4926,4.7507,5.917,5882847,1255,2026-08-14,79.75,61942146.0
NASDAQ:XNCR,XNCR,"Xencor, Inc.",Healthcare,Biotechnology,United States,NASDAQ,1730464851.0,23.34,73.68,71.6,10,95.2,3594,True,0.0,213.71,65.08,74.78,61.12,41.0,20.14,14.139,13.3536,14.4858,16.5529,19.4272,24389545,1254,2026-08-14,72.61,74141596.0
NYSE:GRMN,GRMN,Garmin Ltd. Common Stock (Switzerland),Technology,Scientific & Technical Instruments,Switzerland,NYSE,59822856667.0,310.2,73.69,71.54,10,95.2,3595,False,-0.95,67.88,34.29,33.33,44.22,66.36,91.08,230.985,232.6484,215.0807,186.4662,162.3418,287834918,1255,2026-08-14,75.74,192852536.0
NASDAQ:EFTY,EFTY,"Etoiles Capital Group Co., Ltd.",Industrials,Consulting Services,Hong Kong,NASDAQ,226952200.0,15.02,73.7,73.52,10,95.2,3596,False,-11.54,174.09,0.0,6.29,,,,15.02,14.131,,,,0,255,2026-08-14,73.7,15110000.0
NASDAQ:CLYM,CLYM,"Climb Bio, Inc.",Healthcare,Biotechnology,United States,NASDAQ,935105166.0,16.33,73.73,68.95,10,95.3,3597,False,0.0,901.84,115.01,152.61,254.31,265.14,295.43,7.595,6.4646,4.609,4.4722,4.1297,15120274,1254,2026-08-14,65.99,57263023.0
NYSE:JHX,JHX,James Hardie Industries plc.,Basic Materials,Building Materials,Ireland,NYSE,18013653279.0,31.04,73.74,69.53,10,95.3,3598,False,-0.13,85.98,38.81,40.6,17.82,8.17,14.25,22.3616,22.0771,26.3448,28.6964,27.1689,213969785,1255,2026-08-14,73.18,580336768.0
NASDAQ:CHEC,CHEC,Chenghe Acquisition III Co.,Financial Services,Shell Companies,Singapore,NASDAQ,133583340.0,10.23,73.77,70.33,10,95.3,3599,False,0.0,2.92,,,,,,,,,,,114787,189,2026-08-14,73.77,13058000.0
NASDAQ:III,III,"Information Services Group, Inc.",Technology,Information Technology Services,United States,NASDAQ,246850654.0,5.16,73.77,69.23,10,95.3,3600,False,-13.51,38.67,10.26,7.78,24.3,29.81,25.66,4.6798,4.7873,4.1512,3.9752,4.1063,1144460,1255,2026-08-14,74.3,47839274.0
NASDAQ:GLIBA,GLIBA,Liberty Capital Corporation - Series A GCI Group,Communication Services,Telecom Services,United States,NASDAQ,98867401.0,27.08,73.78,65.03,10,95.4,3601,False,-32.69,32.88,-15.1,-17.56,,,,31.8946,32.8476,,,,1236264,275,2026-08-14,73.03,3650938.0
NASDAQ:MASS,MASS,908 Devices Inc.,Healthcare,Medical Devices,United States,NASDAQ,410682312.0,10.01,73.79,68.07,10,95.4,3602,False,-0.99,96.66,42.81,41.75,78.51,68.71,40.15,7.0092,7.0619,5.6076,5.9334,7.1421,3119677,1254,2026-08-14,75.93,41027204.0
NASDAQ:HELP,HELP,Cybin Inc.,Healthcare,Biotechnology,Canada,NASDAQ,743189095.0,11.99,73.8,72.53,10,95.4,3603,True,0.0,209.82,90.07,89.77,60.09,21.24,2.2,6.3083,6.3183,7.4897,9.8895,11.7318,19069476,1255,2026-08-14,71.59,61984078.0
NASDAQ:PEPG,PEPG,PepGen Inc.,Healthcare,Biotechnology,United States,NASDAQ,206815953.0,2.99,73.85,68.84,10,95.4,3604,False,-58.3,157.76,-20.76,-17.23,-19.8,-49.74,-60.44,3.7735,3.6126,3.7282,5.9487,7.5587,2568327,1072,2026-08-14,73.67,69169215.0
NASDAQ:NTNX,NTNX,"Nutanix, Inc.",Technology,Software - Infrastructure,United States,NASDAQ,18004697502.0,66.605,73.91,71.34,10,95.5,3605,False,-17.89,93.56,35.93,23.98,9.63,16.48,34.76,48.9993,53.7225,60.7548,57.1839,49.4249,148181582,1254,2026-08-14,80.25,270320509.0
NASDAQ:EMBC,EMBC,Embecta Corp.,Healthcare,Medical Instruments & Supplies,United States,NASDAQ,302571153.0,5.1,73.92,67.39,10,95.5,3606,False,-65.66,76.4,-38.38,-45.84,-55.11,-57.77,-66.58,8.2765,9.417,11.36,12.0759,15.2594,6609513,1103,2026-08-14,74.2,59327677.0
NASDAQ:LUNG,LUNG,Pulmonx Corporation,Healthcare,Medical Devices,United States,NASDAQ,102214031.0,2.42,73.94,70.48,10,95.5,3607,True,-6.92,106.84,48.05,47.55,-33.98,-57.35,-66.83,1.6346,1.6401,3.6654,5.6737,7.2961,1559554,1254,2026-08-14,68.34,42237203.0
NASDAQ:GCT,GCT,GigaCloud Technology Inc,Technology,Software - Infrastructure,United States,NASDAQ,1495908133.0,51.87,74.12,70.95,10,95.6,3608,False,-2.59,103.89,32.84,40.57,83.2,95.69,,39.0476,36.8988,28.3132,26.5063,,33655964,1000,2026-08-14,80.26,28839563.0
NASDAQ:BWFG,BWFG,"Bankwell Financial Group, Inc.",Financial Services,Banks - Regional,United States,NASDAQ,543212753.0,68.13,74.13,71.67,10,95.6,3609,False,0.0,72.93,33.34,38.1,69.38,95.12,109.14,51.0955,49.335,40.2234,34.9162,32.5759,4689961,1255,2026-08-14,73.73,7973180.0
NASDAQ:ORKA,ORKA,"Oruka Therapeutics, Inc.",Healthcare,Biotechnology,United States,NASDAQ,6697055695.0,111.04,74.2,70.28,10,95.6,3610,False,0.0,671.11,110.42,142.48,254.56,327.7,384.2,52.7699,45.7927,31.3181,25.9623,22.9326,77438652,1255,2026-08-14,71.77,60312101.0
NYSE:BCX,BCX,BlackRock Resources Common Shares of Beneficial Interest,Financial Services,Asset Management,United States,NYSE,964411838.0,12.65,74.22,68.01,10,95.6,3611,True,-4.0,42.8,11.36,15.61,32.4,43.17,49.69,11.3592,10.9421,9.5547,8.8357,8.4507,1908034,1255,2026-08-14,72.08,76238090.0
NYSE:TCBX,TCBX,"Third Coast Bancshares, Inc.",Financial Services,Banks - Regional,United States,NYSE,767562929.0,46.13,74.22,69.23,10,95.6,3612,False,0.0,27.96,16.81,17.07,29.37,52.68,70.38,39.4931,39.4049,35.6583,30.2142,27.0743,5441910,1194,2026-08-14,73.72,16639127.0
NASDAQ:FRD,FRD,Friedman Industries Inc.,Basic Materials,Steel,United States,NASDAQ,330706467.0,45.85,74.32,71.98,10,95.7,3613,True,0.0,173.41,95.33,100.86,139.74,156.88,186.96,23.4736,22.8268,19.1249,17.8488,15.9776,3623646,1255,2026-08-14,71.73,7212791.0
NASDAQ:STIM,STIM,"Neuronetics, Inc.",Healthcare,Medical Devices,United States,NASDAQ,229639872.0,3.3,74.32,71.91,10,95.7,3614,True,-10.57,179.66,99.4,69.84,41.73,40.29,21.99,1.6549,1.943,2.3284,2.3523,2.7052,9157407,1255,2026-08-14,70.98,69587840.0
NASDAQ:BPRN,BPRN,"Princeton Bancorp, Inc.",Financial Services,Banks - Regional,United States,NASDAQ,296080690.0,43.47,74.36,70.4,10,95.7,3615,False,0.0,51.77,23.74,26.92,32.52,38.17,43.81,35.1309,34.25,32.8016,31.4609,30.2281,1061406,1254,2026-08-14,74.16,6811150.0
NYSE:MPC,MPC,Marathon Petroleum Corporation,Energy,Oil & Gas Refining & Marketing,United States,NYSE,103760118812.0,355.42,74.37,71.7,10,95.8,3616,False,-0.27,123.25,56.17,63.14,92.66,102.39,123.84,227.5923,217.8682,184.4779,175.6141,158.7858,739877999,1255,2026-08-14,75.11,291936635.0
NASDAQ:HNVR,HNVR,"Hanover Bancorp, Inc.",Financial Services,Banks - Regional,United States,NASDAQ,197022877.0,27.53,74.38,70.92,10,95.8,3617,False,0.0,38.82,20.55,21.73,25.71,37.47,41.39,22.837,22.6154,21.8996,20.0261,19.4716,1662745,1068,2026-08-14,73.81,7156661.0
NYSE:SSB,SSB,SouthState Bank Corporation,Financial Services,Banks - Regional,United States,NYSE,10821009736.0,111.59,74.38,69.9,10,95.8,3618,False,0.0,33.17,16.36,16.28,18.46,27.98,34.61,95.9042,95.9652,94.1969,87.1967,82.8972,99020217,1255,2026-08-14,72.98,96971142.0
NYSE:BLW,BLW,Blackrock Limited Duration Income Trust,Financial Services,Asset Management,United States,NYSE,503016228.0,12.87,74.4,69.88,10,95.9,3619,False,-1.71,10.67,2.73,2.34,4.23,9.52,15.67,12.5285,12.576,12.3472,11.7512,11.127,1592054,1255,2026-08-14,77.05,39084400.0
AMEX:EXOD,EXOD,"Exodus Movement, Inc.",Technology,Software - Infrastructure,United States,AMEX,84141144.0,7.77,74.4,66.51,10,95.9,3620,False,-75.72,67.46,-26.43,-44.69,-66.1,-56.24,-45.06,10.5607,14.0469,22.9194,17.7547,14.1416,322112,1232,2026-08-14,61.34,10828976.0
NASDAQ:BLFS,BLFS,"BioLife Solutions, Inc.",Healthcare,Medical Instruments & Supplies,United States,NASDAQ,1713429544.0,35.07,74.5,71.14,10,95.9,3621,False,-0.45,93.22,41.96,40.3,42.27,59.6,60.29,24.7049,24.9966,24.6511,21.9731,21.8792,47048906,1255,2026-08-14,76.25,48857415.0
NYSE:GKOS,GKOS,Glaukos Corporation,Healthcare,Medical Devices,United States,NYSE,10884305895.0,184.53,74.5,72.14,10,95.9,3622,False,-2.6,147.13,51.72,61.35,57.81,71.17,95.48,121.6237,114.3686,116.9288,107.8056,94.398,151105926,1254,2026-08-14,84.1,58983937.0
AMEX:DC,DC,Dakota Gold Corp.,Basic Materials,Gold,United States,AMEX,834372044.0,6.23,74.65,67.99,10,95.9,3623,True,-11.0,66.13,16.43,20.4,56.27,77.93,80.07,5.3508,5.1744,3.9867,3.5014,3.4598,7024657,1094,2026-08-14,73.91,133928097.0
NASDAQ:GLIBK,GLIBK,Liberty Capital Corporation - Series C GCI Group,Communication Services,Telecom Services,United States,NASDAQ,957281775.0,26.7,74.75,65.56,10,96.0,3624,False,-33.32,34.44,-15.91,-18.32,,,,31.7514,32.6876,,,,11238624,275,2026-08-14,74.71,35853250.0
NASDAQ:EDRY,EDRY,EuroDry Ltd.,Industrials,Marine Shipping,Greece,NASDAQ,105707304.0,36.57,74.79,72.09,10,96.0,3625,False,-5.36,259.27,94.75,111.08,141.51,120.91,124.34,18.7779,17.3254,15.1421,16.5541,16.3009,3666166,1254,2026-08-14,84.65,2890547.0
NASDAQ:NEOV,NEOV,NeoVolta Inc.,Industrials,Electrical Equipment & Parts,United States,NASDAQ,199310315.0,3.63,74.79,66.95,10,96.0,3626,False,-40.1,126.88,11.17,3.01,2.59,18.42,17.26,3.2653,3.5238,3.5384,3.0655,3.0958,4249568,1255,2026-08-14,72.27,54906423.0
NASDAQ:ETON,ETON,"Eton Pharmaceuticals, Inc.",Healthcare,Drug Manufacturers - Specialty & Generic,United States,NASDAQ,1612314192.0,58.86,74.86,72.81,10,96.1,3627,True,0.0,310.17,136.59,149.86,226.2,340.69,444.87,24.8788,23.5573,18.0443,13.3562,10.8027,30694911,1254,2026-08-14,45.83,27392358.0
NASDAQ:MGNI,MGNI,"Magnite, Inc.",Communication Services,Advertising Agencies,United States,NASDAQ,3541707024.0,24.73,74.88,71.58,10,96.1,3628,False,-6.75,120.8,61.11,47.52,51.84,74.75,87.27,15.3493,16.7638,16.2864,14.1517,13.2057,63131578,1254,2026-08-14,74.39,143215003.0
NASDAQ:PLSE,PLSE,"Pulse Biosciences, Inc",Healthcare,Medical Instruments & Supplies,United States,NASDAQ,3082600572.0,44.54,74.89,72.4,10,96.1,3629,False,-0.85,251.82,106.72,116.16,134.15,184.75,250.76,21.5465,20.6052,19.0222,15.6417,12.6981,16907815,1255,2026-08-14,76.5,69209712.0
NASDAQ:FIVE,FIVE,"Five Below, Inc.",Consumer Cyclical,Specialty Retail,United States,NASDAQ,13521925134.0,244.54,74.94,69.52,10,96.1,3630,False,-1.28,82.0,21.66,28.52,70.09,63.3,56.09,201.0029,190.2692,143.7731,149.7529,156.6676,221841799,1254,2026-08-14,73.66,55295351.0
NASDAQ:ABNB,ABNB,"Airbnb, Inc.",Consumer Cyclical,Travel Services,United States,NASDAQ,77218610077.0,184.06,74.99,71.96,10,96.2,3631,False,-0.58,65.02,36.61,38.79,39.97,36.12,41.46,134.7373,132.6175,131.5027,135.2207,130.1159,818462846,1255,2026-08-14,76.57,419529556.0
NASDAQ:RCEL,RCEL,"Avita Medical, Inc.",Healthcare,Medical Devices,United States,NASDAQ,241597009.0,7.85,74.99,72.03,10,96.2,3632,False,-4.27,140.06,83.55,77.8,16.85,-9.09,-14.11,4.2767,4.4151,6.7178,8.6346,9.1393,4620669,1255,2026-08-14,77.77,30776689.0
NASDAQ:OESX,OESX,"Orion Energy Systems, Inc.",Industrials,Electrical Equipment & Parts,United States,NASDAQ,78494591.0,19.35,75.0,72.9,10,96.2,3633,True,-6.02,222.5,58.17,69.7,101.67,95.19,63.73,12.2339,11.4022,9.5949,9.9133,11.8181,1529143,1255,2026-08-14,74.89,4056568.0
NYSE:CON,CON,"Concentra Group Holdings Parent, Inc.",Healthcare,Medical Care Facilities,United States,NYSE,4533685865.0,35.43,75.03,72.86,10,96.2,3634,False,0.0,90.94,48.04,51.23,59.03,,,23.9325,23.4273,22.2792,,,31739522,515,2026-08-14,73.93,127961780.0
AMEX:MYO,MYO,Myomo Inc.,Healthcare,Medical Devices,United States,AMEX,68125509.0,1.72,75.07,69.21,10,96.3,3635,True,0.0,168.75,83.04,80.04,-34.14,-37.49,-24.66,0.9397,0.9553,2.6115,2.7517,2.2831,764478,1255,2026-08-14,66.91,39607854.0
NYSE:MATV,MATV,"Mativ Holdings, Inc.",Basic Materials,Specialty Chemicals,United States,NYSE,672983796.0,12.21,75.09,72.25,10,96.3,3636,True,-17.07,69.11,19.75,17.2,21.67,6.73,-7.14,10.1959,10.4178,10.0353,11.4404,13.1485,6475741,1255,2026-08-14,74.44,55117428.0
NYSE:CLPR,CLPR,Clipper Realty Inc.,Real Estate,REIT - Residential,United States,NYSE,53966270.0,3.34,75.1,66.37,10,96.3,3637,False,-18.53,22.79,5.92,1.91,-6.6,-7.92,-15.24,3.1534,3.2774,3.5761,3.6275,3.9405,160643,1254,2026-08-14,73.19,16157566.0
NASDAQ:GTEN,GTEN,"Gores Holdings X, Inc.",Financial Services,Shell Companies,United States,NASDAQ,385962450.0,10.69,75.1,70.88,10,96.3,3638,False,-0.09,5.53,3.25,3.48,,,,10.353,10.3305,,,,791696,288,2026-08-14,77.31,36105000.0
NASDAQ:ACHV,ACHV,"Achieve Life Sciences, Inc.",Healthcare,Biotechnology,United States,NASDAQ,779182243.0,7.59,75.15,69.65,10,96.4,3639,False,0.0,197.65,55.07,66.54,87.96,79.67,73.84,4.8945,4.5574,4.038,4.2243,4.3661,7580969,1255,2026-08-14,71.01,102659057.0
NASDAQ:ATRO,ATRO,Astronics Corporation,Industrials,Aerospace & Defense,United States,NASDAQ,3593003728.0,93.45,75.18,69.8,10,96.4,3640,False,0.0,256.12,58.28,73.65,158.66,224.52,285.86,59.0418,53.814,36.1279,28.7963,24.2184,49447763,1255,2026-08-14,74.59,38448408.0
NASDAQ:GIW,GIW,GigCapital8 Corp.,Financial Services,Shell Companies,United States,NASDAQ,260168318.0,10.14,75.18,70.02,10,96.4,3641,False,0.0,2.74,1.45,,,,,9.9953,,,,,657968,200,2026-08-14,75.18,25657625.0
NASDAQ:MDB,MDB,"MongoDB, Inc.",Technology,Software - Infrastructure,United States,NASDAQ,37025228956.0,460.33,75.18,70.26,10,96.4,3642,False,-2.53,125.24,36.32,39.22,61.44,49.59,56.45,337.6896,330.654,285.1394,307.7307,294.2346,543475013,1255,2026-08-14,80.41,80431927.0
NASDAQ:SEIC,SEIC,SEI Investments Company,Financial Services,Asset Management,United States,NASDAQ,12767640581.0,106.38,75.22,71.16,10,96.5,3643,False,-0.01,42.33,23.54,23.91,29.95,41.51,51.46,86.1119,85.853,81.8601,75.1767,70.236,70348102,1255,2026-08-14,75.3,120019182.0
NYSE:TISI,TISI,"Team, Inc.",Industrials,Specialty Business Services,United States,NYSE,101118970.0,22.12,75.24,71.77,10,96.5,3644,False,-2.6,74.86,40.09,37.97,32.22,61.48,80.12,15.7894,16.0326,16.7303,13.6983,12.281,493038,1255,2026-08-14,75.61,4571382.0
NASDAQ:HBT,HBT,"HBT Financial, Inc.",Financial Services,Banks - Regional,United States,NASDAQ,1352437110.0,37.19,75.31,72.92,10,96.5,3645,False,-0.08,66.35,33.81,37.12,51.08,66.45,76.82,27.7938,27.1228,24.6161,22.3433,21.0331,4956370,1254,2026-08-14,75.72,36365612.0
NASDAQ:NRIX,NRIX,"Nurix Therapeutics, Inc.",Healthcare,Biotechnology,United States,NASDAQ,2807294525.0,27.05,75.31,71.98,10,96.5,3646,False,-0.51,228.28,52.13,68.19,62.32,79.63,90.93,17.7809,16.0833,16.6648,15.0587,14.1672,25468783,1254,2026-08-14,77.06,103781683.0
NASDAQ:MAKO,MAKO,Mako Mining Corp,Basic Materials,Gold,Canada,NASDAQ,886154228.0,10.12,75.32,69.55,10,96.6,3647,True,0.0,140.38,43.9,52.42,113.75,168.85,220.7,7.0327,6.6394,4.7346,3.7642,3.1556,1442296,1255,2026-08-14,72.64,87564647.0
NYSE:AVNT,AVNT,Avient Corporation,Basic Materials,Specialty Chemicals,United States,NYSE,4249849139.0,46.34,75.39,70.29,10,96.6,3648,False,0.0,72.78,31.56,32.89,24.58,24.89,26.89,35.2244,34.87,37.1976,37.1036,36.5201,35597157,1255,2026-08-14,74.95,91710167.0
NASDAQ:AVLN,AVLN,Avalyn Pharma Inc.,Healthcare,Biotechnology,United States,NASDAQ,1740073979.0,39.25,75.4,69.05,10,96.6,3649,True,0.0,52.84,,,,,,,,,,,6278023,73,2026-08-14,70.61,44333095.0
NASDAQ:FOX,FOX,Fox Corporation,Communication Services,Entertainment,United States,NASDAQ,13536373126.0,61.41,75.46,68.38,10,96.7,3650,False,-8.88,38.34,8.43,9.65,21.23,41.69,54.4,56.6342,56.0049,50.6565,43.3418,39.7741,60610252,1254,2026-08-14,69.37,220426203.0
AMEX:GENC,GENC,"Gencor Industries, Inc.",Industrials,Farm & Heavy Construction Machinery,United States,AMEX,222099210.0,18.0,75.5,70.16,10,96.7,3651,False,-0.28,47.18,24.4,23.55,16.26,13.47,20.38,14.4699,14.569,15.4823,15.8631,14.9526,663205,1255,2026-08-14,75.5,12338845.0
NYSE:WHD,WHD,"Cactus, Inc.",Energy,Oil & Gas Equipment & Services,United States,NYSE,5102716792.0,73.28,75.56,71.07,10,96.7,3652,True,0.0,121.22,40.23,47.95,44.18,47.33,51.92,52.2552,49.5305,50.8238,49.7378,48.2347,52766497,1254,2026-08-14,74.17,69633144.0
NASDAQ:ELE,ELE,Elemental Royalty Corporation,Basic Materials,Other Precious Metals & Mining,Canada,NASDAQ,1355906612.0,21.06,75.58,67.86,10,96.7,3653,False,-12.84,67.88,19.41,21.53,56.02,79.16,88.96,17.6374,17.3289,13.4982,11.7548,11.1454,4633096,1254,2026-08-14,73.71,64383030.0
AMEX:LEGO,LEGO,Legato Merger Corp. IV,Financial Services,Shell Companies,United States,AMEX,312354003.0,9.99,75.61,66.86,10,96.8,3654,False,0.0,1.94,,,,,,,,,,,74295,105,2026-08-14,75.61,31266667.0
NASDAQ:TWLV,TWLV,Twelve Seas Investment Company III,Financial Services,Shell Companies,United States,NASDAQ,178159800.0,10.04,75.63,69.37,10,96.8,3655,False,-3.28,2.03,,,,,,,,,,,326602,149,2026-08-14,75.63,17745000.0
NYSE:ARMK,ARMK,Aramark,Industrials,Specialty Business Services,United States,NYSE,16405672858.0,62.39,75.7,72.46,10,96.8,3656,False,0.0,74.61,38.89,43.07,53.78,69.85,82.35,44.9198,43.6092,40.5706,36.7317,34.2152,157114379,1255,2026-08-14,72.19,262953564.0
NASDAQ:MAYS,MAYS,"J. W. Mays, Inc.",Real Estate,Real Estate Services,United States,NASDAQ,83654870.0,41.5,75.77,64.9,10,96.8,3657,False,-24.55,10.96,2.2,3.53,2.6,-0.87,-3.17,40.6066,40.0863,40.4483,41.8627,42.8576,98043,1255,2026-08-14,69.81,2015780.0
NYSE:SMWB,SMWB,Similarweb Ltd.,Technology,Software - Application,Israel,NYSE,778768809.0,8.89,75.83,72.9,10,96.9,3658,False,-14.52,281.55,68.51,45.64,11.65,17.78,22.4,5.2756,6.1043,7.9627,7.5477,7.2633,7959947,1254,2026-08-14,78.47,87600541.0
NASDAQ:SXTC,SXTC,"China SXT Pharmaceuticals, Inc.",Healthcare,Drug Manufacturers - Specialty & Generic,China,NASDAQ,165484273.0,4.33,75.93,68.33,10,96.9,3659,False,-98.56,9313.04,-92.42,-95.4,-97.01,-97.78,-99.33,57.0906,94.0856,144.8696,194.8482,646.8764,15709396,1255,2026-08-14,69.99,38218077.0
NASDAQ:AMPL,AMPL,"Amplitude, Inc.",Technology,Software - Application,United States,NASDAQ,1353388131.0,13.03,76.01,73.01,10,96.9,3660,False,-2.03,132.26,50.88,43.21,31.26,27.84,19.26,8.6361,9.0987,9.9266,10.1926,10.926,24466700,1225,2026-08-14,79.75,103867086.0
NASDAQ:CAKE,CAKE,The Cheesecake Factory Incorporated,Consumer Cyclical,Restaurants,United States,NASDAQ,5641860683.0,113.38,76.04,76.32,10,97.0,3661,True,-3.33,166.09,78.58,82.88,104.9,137.54,159.81,63.4886,61.997,55.3343,47.7307,43.6403,203708368,1255,2026-08-14,74.84,49760634.0
NYSE:ARX,ARX,Accelerant Holdings,Financial Services,Insurance Brokers,Cayman Islands,NYSE,2208608219.0,19.58,76.12,70.25,10,97.0,3662,False,-34.84,109.19,44.35,33.6,,,,13.5638,14.6555,,,,115490790,266,2026-08-14,75.97,112799194.0
NYSE:MNTN,MNTN,"MNTN, Inc.",Technology,Software - Application,United States,NYSE,763888469.0,12.52,76.12,69.05,10,97.0,3663,False,-45.75,60.93,18.46,1.62,,,,10.569,12.3209,,,,11877376,308,2026-08-14,74.77,61013456.0
NASDAQ:DGII,DGII,Digi International Inc.,Technology,Communication Equipment,United States,NASDAQ,3230144230.0,85.12,76.15,70.93,10,97.0,3664,False,-0.14,164.02,56.94,68.65,109.55,136.19,136.55,54.2372,50.4709,40.6198,36.0392,35.9832,25165060,1255,2026-08-14,76.22,37948123.0
NASDAQ:PXS,PXS,Pyxis Tankers Inc.,Energy,Oil & Gas Midstream,Greece,NASDAQ,52834241.0,5.16,76.15,69.63,10,97.0,3665,False,0.0,108.06,34.04,42.1,40.11,31.89,26.68,3.8497,3.6311,3.6827,3.9124,4.0733,155934,1254,2026-08-14,75.5,10239194.0
NASDAQ:MFIN,MFIN,Medallion Financial Corp.,Financial Services,Credit Services,United States,NASDAQ,264518085.0,11.48,76.23,71.09,10,97.1,3666,False,0.0,45.43,18.63,18.18,26.89,35.36,44.39,9.6774,9.7136,9.0472,8.4811,7.9507,719236,1255,2026-08-14,75.63,23041645.0
NASDAQ:FDSB,FDSB,"Fifth District Bancorp, Inc.",Financial Services,Banks - Regional,United States,NASDAQ,96652226.0,18.358,76.27,74.38,10,97.1,3667,False,0.0,40.67,21.0,23.5,36.49,,,15.1713,14.8643,13.4497,,,122232,510,2026-08-14,74.67,5264856.0
NASDAQ:ASMB,ASMB,"Assembly Biosciences, Inc.",Healthcare,Biotechnology,United States,NASDAQ,652978388.0,32.95,76.28,68.86,10,97.1,3668,False,-14.42,60.34,12.95,16.07,51.66,78.24,83.52,29.1716,28.3879,21.7261,18.4859,17.9546,4890769,1255,2026-08-14,68.46,19817250.0
NASDAQ:NSIT,NSIT,"Insight Enterprises, Inc.",Technology,Electronics & Computer Distribution,United States,NASDAQ,4658954197.0,154.25,76.3,74.32,10,97.2,3669,False,-1.5,139.41,65.32,56.48,18.24,5.6,11.22,93.3031,98.5746,130.4519,146.0663,138.6952,62756798,1255,2026-08-14,80.99,30203917.0
NASDAQ:PUBM,PUBM,"PubMatic, Inc.",Technology,Software - Application,United States,NASDAQ,671599410.0,17.59,76.35,73.45,10,97.2,3670,False,-1.07,180.1,80.31,85.61,55.06,30.6,24.09,9.7555,9.4767,11.3438,13.4689,14.1755,11070297,1254,2026-08-14,75.2,38180751.0
NASDAQ:SENS,SENS,"Senseonics Holdings, Inc.",Healthcare,Medical Devices,United States,NASDAQ,407705157.0,7.81,76.35,69.62,10,97.2,3671,True,-30.88,60.7,20.98,12.16,-12.71,-17.51,-36.88,6.4557,6.9631,8.9476,9.4678,12.3725,4010621,1254,2026-08-14,75.82,52202965.0
NYSE:SCHW,SCHW,Charles Schwab Corporation (The),Financial Services,Capital Markets,United States,NYSE,193200563473.0,111.09,76.37,71.54,10,97.2,3672,False,0.0,30.54,16.2,16.77,28.84,41.68,48.21,95.6065,95.136,86.225,78.4112,74.9544,806770560,1255,2026-08-14,73.81,1739135507.0
NASDAQ:FNWD,FNWD,Finward Bancorp,Financial Services,Banks - Regional,United States,NASDAQ,196198331.0,45.28,76.5,75.13,10,97.3,3673,False,0.0,57.2,25.33,28.8,42.23,57.43,57.13,36.129,35.154,31.8358,28.7622,28.816,1302540,1255,2026-08-14,76.02,4333002.0
NYSE:PAYC,PAYC,"Paycom Software, Inc.",Technology,Software - Application,United States,NYSE,10170768887.0,218.13,76.51,74.19,10,97.3,3674,False,-5.86,92.56,50.92,37.5,18.82,16.11,-0.12,144.5331,158.6404,183.5768,187.8666,218.3827,187345197,1254,2026-08-14,81.63,46627098.0
NASDAQ:WTBA,WTBA,West Bancorporation,Financial Services,Banks - Regional,United States,NASDAQ,508414854.0,29.83,76.51,72.22,10,97.3,3675,False,-0.57,68.16,25.29,30.48,42.34,54.94,58.59,23.808,22.8623,20.9566,19.2532,18.8094,2026783,1255,2026-08-14,79.85,17043743.0
NASDAQ:ATRC,ATRC,"AtriCure, Inc.",Healthcare,Medical Instruments & Supplies,United States,NASDAQ,2253376824.0,44.3,76.65,73.2,10,97.4,3676,True,0.0,71.31,32.81,30.61,33.06,34.42,23.52,33.3569,33.9165,33.2941,32.9571,35.8654,33739381,1255,2026-08-14,74.98,50866294.0
NASDAQ:INTA,INTA,"Intapp, Inc.",Technology,Software - Application,United States,NASDAQ,3090940575.0,40.11,76.65,73.67,10,97.4,3677,False,-15.86,109.56,30.34,21.13,-9.04,-3.27,3.04,30.7737,33.1125,44.0968,41.4679,38.9274,26916199,1254,2026-08-14,81.69,77061595.0
NASDAQ:APGE,APGE,"Apogee Therapeutics, Inc.",Healthcare,Biotechnology,United States,NASDAQ,8360961623.0,134.55,76.67,75.21,10,97.4,3678,True,-0.22,273.54,55.49,74.06,123.1,157.68,,86.5334,77.3021,60.3093,52.2158,,160113132,774,2026-08-14,76.31,62140183.0
NYSE:DLB,DLB,Dolby Laboratories,Industrials,Specialty Business Services,United States,NYSE,3707020017.0,62.39,76.71,70.35,10,97.4,3679,False,-15.59,29.36,4.27,0.82,-8.02,-12.34,-12.99,59.8371,61.8813,67.8294,71.1751,71.702,53506037,1255,2026-08-14,76.66,59416894.0
NASDAQ:NTAP,NTAP,"NetApp, Inc.",Technology,Software - Infrastructure,United States,NASDAQ,40636191596.0,207.08,76.71,72.66,10,97.4,3680,False,0.0,121.84,66.85,69.07,79.94,92.97,115.06,124.1103,122.4796,115.0821,107.3143,96.291,435171988,1255,2026-08-14,75.71,196234265.0
AMEX:MTA,MTA,Metalla Royalty & Streaming Ltd.,Basic Materials,Other Precious Metals & Mining,Canada,AMEX,911066930.0,9.75,76.72,70.68,10,97.5,3681,True,0.0,136.08,30.17,36.04,88.12,117.75,115.41,7.49,7.1673,5.1829,4.4776,4.5263,3598805,1255,2026-08-14,70.59,93442762.0
NYSE:PSX,PSX,Phillips 66,Energy,Oil & Gas Refining & Marketing,United States,NYSE,93662430022.0,233.61,76.72,72.95,10,97.5,3682,False,0.0,97.11,43.69,50.33,71.42,76.77,93.06,162.5812,155.4,136.2822,132.1562,121.0025,543344872,1254,2026-08-14,76.28,400935020.0
NASDAQ:PONO,PONO,"Pono Capital Four, Inc.",Financial Services,Shell Companies,Cayman Islands,NASDAQ,122294100.0,10.02,76.81,73.32,10,97.5,3683,False,-0.1,1.62,,,,,,,,,,,289882,70,2026-08-14,76.81,12205000.0
NYSE:AII,AII,"American Integrity Insurance Group, Inc.",Financial Services,Insurance - Property & Casualty,United States,NYSE,469983700.0,23.99,76.89,72.64,10,97.6,3684,False,-3.3,46.64,26.26,24.78,,,,18.9997,19.2259,,,,2879799,319,2026-08-14,77.0,19590817.0
NASDAQ:TKNO,TKNO,"Alpha Teknova, Inc.",Healthcare,Drug Manufacturers - Specialty & Generic,United States,NASDAQ,390846264.0,7.29,76.9,72.27,10,97.6,3685,False,-1.35,266.33,81.04,72.63,39.94,70.0,72.72,4.0267,4.2229,5.2096,4.2882,4.2206,1245761,1254,2026-08-14,79.38,53614028.0
NASDAQ:FOXA,FOXA,Fox Corporation,Communication Services,Entertainment,United States,NASDAQ,13771715959.0,69.04,76.92,69.35,10,97.6,3686,False,-8.84,41.5,9.52,10.88,24.32,45.71,59.17,63.0383,62.264,55.5339,47.3814,43.3745,284075645,1254,2026-08-14,71.27,199474449.0
NASDAQ:CZNC,CZNC,Citizens & Northern Corp,Financial Services,Banks - Regional,United States,NASDAQ,466135888.0,25.98,76.96,71.99,10,97.6,3687,False,-0.08,43.75,20.57,23.84,33.38,40.96,41.41,21.5476,20.9789,19.4778,18.4314,18.3722,1671459,1255,2026-08-14,77.5,17942105.0
NASDAQ:CHYM,CHYM,"Chime Financial, Inc.",Technology,Software - Application,United States,NASDAQ,11171356937.0,32.02,77.01,73.93,10,97.7,3688,False,-0.5,94.77,47.36,45.74,,,,21.7294,21.9704,,,,246587560,295,2026-08-14,78.01,348886850.0
NASDAQ:ZTG,ZTG,Zenta Group Company Limited,Industrials,Consulting Services,Macau,NASDAQ,53432181.0,9.82,77.05,76.53,10,97.7,3689,False,-6.48,698.37,274.82,,,,,2.6199,,,,,8343554,235,2026-08-14,84.64,5441159.0
NASDAQ:AREC,AREC,American Resources Corporation,Industrials,Waste Management,United States,NASDAQ,308077263.0,2.88,77.07,69.8,10,97.7,3690,False,-57.05,132.11,9.75,8.07,64.5,80.17,74.57,2.6242,2.665,1.7507,1.5985,1.6498,5462647,1255,2026-08-14,75.13,106971272.0
NYSE:GAM,GAM,"General American Investors, Inc.",Financial Services,Asset Management,United States,NYSE,1628450817.0,67.89,77.2,70.61,10,97.7,3691,False,0.0,28.27,10.36,12.75,27.56,42.86,58.07,61.5164,60.2153,53.2232,47.5214,42.9494,1208127,1255,2026-08-14,76.6,23986608.0
NASDAQ:PYPL,PYPL,"PayPal Holdings, Inc.",Financial Services,Credit Services,United States,NASDAQ,52747717491.0,61.66,77.23,74.0,10,97.8,3692,False,-18.31,58.78,19.86,12.24,-5.12,-2.78,-7.64,51.4433,54.9345,64.9879,63.42,66.7611,726261548,1255,2026-08-14,74.83,855460874.0
NYSE:LDOS,LDOS,"Leidos Holdings, Inc.",Technology,Information Technology Services,United States,NYSE,18091723575.0,143.83,77.28,70.87,10,97.8,3693,False,-27.32,43.83,-8.07,-11.26,-8.19,0.32,10.45,156.4554,162.0873,156.6615,143.3716,130.2194,206820303,1255,2026-08-14,76.52,125785466.0
NASDAQ:AEHL,AEHL,Antelope Enterprise Holdings Limited,Industrials,Building Products & Equipment,China,NASDAQ,77048923.0,4.94,77.3,74.28,10,97.8,3694,True,-80.99,1546.67,2.16,-38.86,-90.48,-97.94,-99.28,4.8358,8.0796,51.9041,239.7868,687.1497,7356406,1255,2026-08-14,76.43,15596948.0
NASDAQ:AVAH,AVAH,Aveanna Healthcare Holdings Inc.,Healthcare,Medical Care Facilities,United States,NASDAQ,2682744101.0,12.32,77.32,74.36,10,97.9,3695,False,0.0,98.07,52.09,50.84,87.75,139.76,194.27,8.1002,8.1675,6.5619,5.1385,4.1867,25866936,1254,2026-08-14,71.88,217755203.0
NYSE:SMRT,SMRT,"SmartRent, Inc.",Technology,Software - Application,United States,NYSE,287328723.0,1.49,77.33,70.67,10,97.9,3696,True,-29.72,57.17,1.0,1.18,5.8,-19.47,-29.67,1.4752,1.4726,1.4083,1.8502,2.1185,2202499,1248,2026-08-14,75.13,192838069.0
NASDAQ:REGN,REGN,"Regeneron Pharmaceuticals, Inc.",Healthcare,Biotechnology,United States,NASDAQ,81262233290.0,803.48,77.35,72.66,10,97.9,3697,False,-0.82,45.21,11.76,16.61,12.75,3.12,4.76,718.9462,689.0334,712.6409,779.1464,766.9688,615695364,1255,2026-08-14,78.78,101137842.0
NASDAQ:CBLL,CBLL,"CeriBell, Inc.",Healthcare,Medical Devices,United States,NASDAQ,885203191.0,23.33,77.46,70.44,10,97.9,3698,False,-0.43,113.64,24.07,33.99,,,,18.8031,17.4114,,,,6794883,460,2026-08-14,77.22,37942700.0
NYSE:HRB,HRB,"H&R Block, Inc.",Consumer Cyclical,Personal Services,United States,NYSE,6834910361.0,53.92,77.57,74.09,10,98.0,3699,True,-0.48,94.95,42.39,34.16,14.06,17.12,25.61,37.8676,40.1902,47.2733,46.0399,42.9262,126446696,1255,2026-08-14,76.78,126760207.0
NASDAQ:SPAI,SPAI,Safe Pro Group Inc.,Industrials,Aerospace & Defense,United States,NASDAQ,127218101.0,6.17,77.59,70.91,10,98.0,3700,True,-31.06,91.02,33.34,22.09,,,,4.6271,5.0537,,,,2539932,491,2026-08-14,57.65,20618817.0
NASDAQ:SGMT,SGMT,Sagimet Biosciences Inc. - Series A,Healthcare,Biotechnology,United States,NASDAQ,645494502.0,10.55,77.75,72.77,10,98.0,3701,True,0.0,131.87,58.84,55.63,81.11,77.97,,6.6419,6.7788,5.8252,5.9281,,10038338,775,2026-08-14,68.92,61184313.0
NASDAQ:ECOR,ECOR,"electroCore, Inc.",Healthcare,Medical Devices,United States,NASDAQ,89888373.0,9.97,77.79,68.8,10,98.0,3702,False,-3.67,125.57,53.21,60.51,27.61,37.5,47.3,6.5075,6.2114,7.8131,7.2509,6.7686,594813,1254,2026-08-14,77.65,9015885.0
NYSE:CACI,CACI,"CACI International, Inc.",Technology,Information Technology Services,United States,NYSE,14813103655.0,670.54,77.84,73.06,10,98.1,3703,True,-1.4,52.13,20.59,23.04,34.87,47.81,61.38,556.0598,544.9908,497.1835,453.662,415.5086,179559454,1255,2026-08-14,77.79,22091305.0
NASDAQ:PMTS,PMTS,CPI Card Group Inc.,Financial Services,Credit Services,United States,NASDAQ,327054828.0,28.5,77.84,75.05,10,98.1,3704,False,-3.62,152.44,74.92,76.94,34.55,36.24,25.08,16.2927,16.1067,21.1824,20.9182,22.7856,2098366,1254,2026-08-14,81.73,11475608.0
NYSE:NMAX,NMAX,"Newsmax, Inc.",Communication Services,Broadcasting,United States,NYSE,977445053.0,10.87,77.85,70.62,10,98.1,3705,False,-30.41,110.66,42.99,25.58,,,,7.6021,8.6558,,,,9213725,346,2026-08-14,68.06,89921348.0
NYSE:OGN,OGN,Organon & Co.,Healthcare,Drug Manufacturers - General,United States,NYSE,3603001421.0,13.72,77.96,73.78,10,98.1,3706,False,0.0,141.41,41.24,40.92,15.55,2.56,-11.0,9.7142,9.7358,11.8732,13.3771,15.4151,35260411,1254,2026-08-14,76.69,262609433.0
NASDAQ:KIDS,KIDS,OrthoPediatrics Corp.,Healthcare,Medical Devices,United States,NASDAQ,636987851.0,24.8,77.99,72.68,10,98.2,3707,False,-0.84,69.4,38.26,36.42,16.78,2.05,-15.81,17.9372,18.1794,21.2372,24.3029,29.4569,4676854,1254,2026-08-14,80.55,25684994.0
NASDAQ:OPRX,OPRX,OptimizeRx Corporation,Healthcare,Health Information Services,United States,NASDAQ,163631454.0,8.72,78.02,73.15,10,98.2,3708,False,-59.78,92.07,-3.99,-20.75,-9.9,-13.87,-24.47,9.082,11.0037,9.6785,10.1242,11.5451,1857857,1255,2026-08-14,79.31,18765075.0
NASDAQ:TNON,TNON,"Tenon Medical, Inc.",Healthcare,Medical Devices,United States,NASDAQ,89660103.0,5.16,78.02,78.15,10,98.2,3709,False,-15.96,3838.93,475.94,433.74,230.33,13.13,-85.41,0.8959,0.9668,1.5621,4.561,35.3587,391954,1079,2026-08-14,89.66,17375989.0
NASDAQ:ROKU,ROKU,"Roku, Inc.",Communication Services,Entertainment,United States,NASDAQ,20805892083.0,157.68,78.1,72.94,10,98.3,3710,False,0.0,90.14,38.42,42.85,69.39,83.01,97.29,113.9123,110.3778,93.0861,86.1576,79.9235,387275586,1255,2026-08-14,73.68,131950102.0
NASDAQ:CLBK,CLBK,"Columbia Financial, Inc.",Financial Services,Banks - Regional,United States,NASDAQ,1226846591.0,11.79,78.18,74.96,10,98.3,3711,False,0.0,88.91,40.12,45.88,54.66,54.97,48.17,8.414,8.0821,7.6231,7.6081,7.9572,123392075,1254,2026-08-14,77.29,104058235.0
NASDAQ:JUNS,JUNS,"Jupiter Neurosciences, Inc.",Healthcare,Biotechnology,United States,NASDAQ,296165549.0,5.24,78.31,78.75,10,98.3,3712,False,-12.67,6705.19,619.71,494.42,,,,0.7281,0.8815,,,,3693712,423,2026-08-14,88.39,56520143.0
NASDAQ:ULBI,ULBI,Ultralife Corporation,Industrials,Electrical Equipment & Parts,United States,NASDAQ,125091584.0,7.51,78.33,70.31,10,98.3,3713,False,-5.53,48.71,20.13,17.82,7.81,-2.92,7.98,6.2516,6.3741,6.9662,7.7355,6.9551,288123,1255,2026-08-14,77.73,16656669.0
NASDAQ:ARCI,ARCI,Archimedes Tech SPAC Partners III Co.,Financial Services,Shell Companies,United States,NASDAQ,358614540.0,10.17,78.51,75.47,10,98.4,3714,False,0.0,3.35,,,,,,,,,,,461002,105,2026-08-14,78.51,35262000.0
NASDAQ:MCTA,MCTA,Charming Medical Limited,Healthcare,Medical Care Facilities,Hong Kong,NASDAQ,445550190.0,29.355,78.51,78.43,10,98.4,3715,False,0.0,373.47,1.58,,,,,28.8987,,,,,0,204,2026-08-14,78.51,15178000.0
NASDAQ:ZBRA,ZBRA,Zebra Technologies Corporation,Technology,Communication Equipment,United States,NASDAQ,17911584394.0,376.03,78.6,75.84,10,98.4,3716,False,-1.84,88.68,50.61,43.69,26.12,29.94,30.43,249.6737,261.6879,298.1599,289.3944,288.3048,288506320,1255,2026-08-14,81.39,47633392.0
NASDAQ:BYFC,BYFC,Broadway Financial Corporation,Financial Services,Banks - Regional,United States,NASDAQ,73552087.0,11.91,78.61,72.7,10,98.4,3717,False,0.0,108.95,43.89,47.26,57.76,68.55,60.54,8.2773,8.0875,7.5496,7.0662,7.4189,96348,1255,2026-08-14,77.99,6175658.0
NASDAQ:RNXT,RNXT,"RenovoRx, Inc.",Healthcare,Biotechnology,United States,NASDAQ,63138786.0,1.4,78.65,73.81,10,98.5,3718,False,0.0,91.0,48.77,42.3,31.38,23.81,-5.12,0.941,0.9838,1.0656,1.1308,1.4755,427335,1247,2026-08-14,72.99,45099133.0
NASDAQ:TEAM,TEAM,Atlassian Corporation,Technology,Software - Application,Australia,NASDAQ,25895867224.0,162.22,78.83,74.71,10,98.5,3719,False,-11.04,183.85,50.41,35.76,-3.9,-8.53,-8.26,107.8485,119.4915,168.7971,177.3574,176.8346,670686341,1255,2026-08-14,82.6,159634245.0
NASDAQ:VCTR,VCTR,"Victory Capital Holdings, Inc.",Financial Services,Asset Management,United States,NASDAQ,7272584245.0,118.235,78.98,75.58,10,98.5,3720,False,0.0,98.64,56.67,60.57,78.03,108.92,140.72,75.4693,73.6323,66.4138,56.5947,49.1163,57620592,1254,2026-08-14,78.94,61509572.0
NASDAQ:DWTX,DWTX,"Dogwood Therapeutics, Inc.",Healthcare,Biotechnology,United States,NASDAQ,72303539.0,2.15,79.04,70.63,10,98.5,3721,False,-72.82,60.45,-28.09,-38.56,-48.77,-70.7,-85.37,2.99,3.4993,4.1967,7.3391,14.6919,81097,1254,2026-08-14,73.78,33629553.0
NYSE:FIGS,FIGS,"FIGS, Inc.",Consumer Cyclical,Apparel Manufacturing,United States,NYSE,2332237460.0,14.69,79.15,70.67,10,98.6,3722,False,-14.19,123.59,22.39,33.57,78.8,97.5,93.68,12.0024,10.9977,8.2157,7.438,7.5848,41546810,1254,2026-08-14,81.45,158763612.0
NASDAQ:ALOT,ALOT,"AstroNova, Inc.",Technology,Computer Hardware,United States,NASDAQ,224669035.0,28.91,79.32,82.83,10,98.6,3723,True,-0.14,312.41,103.51,115.5,129.35,112.38,113.99,14.206,13.4154,12.6053,13.6122,13.5102,3285175,1255,2026-08-14,79.17,7771326.0
AMEX:OPHC,OPHC,"OptimumBank Holdings, Inc.",Financial Services,Banks - Regional,United States,AMEX,120352641.0,9.81,79.4,78.87,10,98.6,3724,False,0.0,150.9,84.67,93.27,103.96,117.1,127.15,5.3121,5.0758,4.8098,4.5187,4.3187,1522803,1255,2026-08-14,75.18,12268363.0
NASDAQ:XHLD,XHLD,"TEN Holdings, Inc.",Communication Services,Broadcasting,United States,NASDAQ,70427365.0,5.88,79.52,76.53,10,98.6,3725,False,-7.76,637.77,197.18,130.92,,,,1.9786,2.5463,,,,28036084,377,2026-08-14,78.1,11977443.0
NYSE:VIA,VIA,"Via Transportation, Inc.",Technology,Software - Application,United States,NYSE,2028407329.0,26.19,79.58,74.55,10,98.7,3726,False,-51.44,96.77,14.04,,,,,22.9648,,,,,17795926,231,2026-08-14,81.0,77449688.0
NASDAQ:TPCS,TPCS,TechPrecision Corporation,Industrials,Metal Fabrication,United States,NASDAQ,60046569.0,5.99,79.65,74.45,10,98.7,3727,False,0.0,105.84,40.3,33.83,52.75,38.98,18.9,4.2695,4.476,3.9214,4.3099,5.0379,303975,1255,2026-08-14,58.33,10024469.0
NASDAQ:ZENA,ZENA,"ZenaTech, Inc.",Technology,Software - Infrastructure,Canada,NASDAQ,190212173.0,2.14,79.77,70.99,10,98.7,3728,False,-68.01,72.58,-15.2,-30.34,,,,2.5237,3.072,,,,10482918,469,2026-08-14,79.56,88884193.0
AMEX:NEWP,NEWP,New Pacific Metals Corp.,Basic Materials,Silver,Canada,AMEX,1265877808.0,6.84,79.83,73.13,10,98.8,3729,False,0.0,338.46,64.22,81.27,165.31,198.77,194.03,4.1652,3.7734,2.5782,2.2894,2.3263,3065856,1255,2026-08-14,78.89,185069855.0
NYSE:CBZ,CBZ,"CBIZ, Inc.",Industrials,Specialty Business Services,United States,NYSE,2955784096.0,54.46,79.86,76.79,10,98.8,3730,False,-18.18,116.63,38.12,26.38,-7.12,-11.06,-6.34,39.4299,43.092,58.6374,61.2321,58.1493,115373887,1255,2026-08-14,80.93,54274405.0
NASDAQ:RRGB,RRGB,"Red Robin Gourmet Burgers, Inc.",Consumer Cyclical,Restaurants,United States,NASDAQ,187586461.0,10.14,80.05,76.51,10,98.8,3731,False,0.0,291.51,115.64,98.91,103.46,64.68,40.6,4.7022,5.0979,4.9837,6.1572,7.212,3065095,1255,2026-08-14,78.82,18499651.0
NASDAQ:CSTE,CSTE,Caesarstone Ltd.,Industrials,Building Products & Equipment,Israel,NASDAQ,118945138.0,3.44,80.19,75.65,10,98.8,3732,False,0.0,454.84,102.78,108.43,35.0,5.62,-15.05,1.6964,1.6504,2.5481,3.2569,4.0496,229176,1254,2026-08-14,74.91,34577075.0
NASDAQ:LNSR,LNSR,"LENSAR, Inc.",Healthcare,Medical Devices,United States,NASDAQ,100708964.0,8.2,80.47,73.93,10,98.9,3733,False,-36.43,63.67,-4.3,-12.15,-14.86,7.59,23.27,8.5684,9.3337,9.6307,7.6218,6.652,1277815,1254,2026-08-14,82.0,12281581.0
NYSE:NEU,NEU,NewMarket Corp,Basic Materials,Specialty Chemicals,United States,NYSE,8846206860.0,961.92,80.67,75.81,10,98.9,3734,False,0.0,65.97,34.13,31.14,48.01,59.0,79.49,717.1614,733.4934,649.8949,604.9835,535.9101,117683079,1255,2026-08-14,79.11,9196406.0
NASDAQ:SGHT,SGHT,"Sight Sciences, Inc.",Healthcare,Medical Devices,United States,NASDAQ,442896928.0,8.14,80.71,76.28,10,98.9,3735,False,-10.06,154.38,43.96,54.15,75.34,71.16,37.98,5.6545,5.2806,4.6425,4.7557,5.8995,1782570,1254,2026-08-14,85.19,54409942.0
NASDAQ:MAMK,MAMK,MaxsMaking Inc.,Industrials,Conglomerates,China,NASDAQ,119600000.0,13.0,80.82,78.98,10,98.9,3736,False,-4.62,559.9,2.97,23.31,,,,12.6248,10.5425,,,,0,279,2026-08-14,80.82,9200000.0
NASDAQ:SLNG,SLNG,"Stabilis Solutions, Inc.",Energy,Oil & Gas Integrated,United States,NASDAQ,120504030.0,6.48,80.87,73.75,10,99.0,3737,False,0.0,101.24,43.37,44.7,34.47,39.94,36.72,4.5197,4.4784,4.819,4.6306,4.7397,298010,1255,2026-08-14,72.76,18596301.0
NYSE:CHMI,CHMI,Cherry Hill Mortgage Investment Corporation,Real Estate,REIT - Mortgage,United States,NYSE,107279451.0,2.92,81.06,75.8,10,99.0,3738,False,0.0,51.04,23.79,24.55,23.34,22.95,13.94,2.3589,2.3444,2.3675,2.375,2.5628,1518997,1255,2026-08-14,80.8,36739538.0
NASDAQ:SMTI,SMTI,Sanara MedTech Inc.,Healthcare,Medical Instruments & Supplies,United States,NASDAQ,313943033.0,34.15,81.26,76.49,10,99.0,3739,False,-4.48,109.0,50.9,38.89,20.79,13.73,6.66,22.6312,24.5869,28.273,30.0269,32.0184,13842424,1255,2026-08-14,81.38,9193061.0
NASDAQ:THH,THH,TryHard Holdings Limited,Industrials,Specialty Business Services,Japan,NASDAQ,129119325.0,2.58,81.27,79.45,10,99.0,3740,False,-95.31,1190.0,-41.67,,,,,4.4229,,,,,682619,243,2026-08-14,81.27,50046250.0
NASDAQ:MMSI,MMSI,"Merit Medical Systems, Inc.",Healthcare,Medical Instruments & Supplies,United States,NASDAQ,5419317719.0,90.76,81.28,76.66,10,99.1,3741,True,-2.6,50.49,18.9,16.15,3.51,8.59,12.75,76.3336,78.1418,87.6839,83.5808,80.4975,98197064,1255,2026-08-14,80.94,59710420.0
NASDAQ:OABI,OABI,"OmniAb, Inc.",Healthcare,Biotechnology,United States,NASDAQ,490007317.0,3.38,81.46,75.31,10,99.1,3742,False,-1.46,148.53,74.89,79.75,37.34,1.65,-11.86,1.9326,1.8804,2.4611,3.3252,3.8346,1679469,1222,2026-08-14,84.24,144972579.0
NYSE:HZO,HZO,"MarineMax, Inc. (FL)",Consumer Cyclical,Specialty Retail,United States,NYSE,1145904571.0,52.02,82.02,77.65,10,99.1,3743,False,-0.84,142.74,74.26,78.89,85.1,77.93,73.5,29.8514,29.0788,28.1042,29.2363,29.9824,41374330,1255,2026-08-14,82.1,22028154.0
NYSE:RSKD,RSKD,Riskified Ltd.,Technology,Software - Application,United States,NYSE,612234828.0,6.54,82.08,77.12,10,99.2,3744,False,0.0,72.56,38.0,38.35,36.28,34.92,33.83,4.739,4.7271,4.7989,4.8474,4.887,6500144,1254,2026-08-14,81.17,93613888.0
NASDAQ:OMER,OMER,Omeros Corporation,Healthcare,Biotechnology,United States,NASDAQ,1244132352.0,17.19,82.7,76.01,10,99.2,3745,False,-0.92,326.55,52.38,72.26,114.15,165.64,190.55,11.2809,9.979,8.0272,6.471,5.9163,32033823,1255,2026-08-14,84.45,72375355.0
NYSE:ITGR,ITGR,Integer Holdings Corporation,Healthcare,Medical Devices,United States,NYSE,4253183133.0,125.26,82.71,78.35,10,99.2,3746,True,-0.64,97.82,44.82,39.33,16.17,18.35,28.04,86.4916,89.9013,107.8205,105.835,97.8265,197650848,1255,2026-08-14,82.55,33954839.0
NASDAQ:JCAP,JCAP,"Jefferson Capital, Inc.",Financial Services,Credit Services,United States,NASDAQ,1478725752.0,24.0,82.73,76.54,10,99.2,3747,False,0.0,54.64,21.27,24.19,,,,19.7905,19.3251,,,,8344173,285,2026-08-14,71.63,61613573.0
NASDAQ:OBA,OBA,Oxley Bridge Acquisition Limited,Financial Services,Shell Companies,Canada,NASDAQ,260590000.0,10.3,82.84,74.67,10,99.3,3748,False,0.0,3.73,1.53,,,,,10.1449,,,,,42544,250,2026-08-14,82.84,25300000.0
NASDAQ:RCMT,RCMT,"RCM Technologies, Inc.",Industrials,Conglomerates,United States,NASDAQ,248420871.0,35.05,82.86,77.65,10,99.3,3749,False,0.0,99.72,49.78,47.15,56.97,56.51,69.94,23.4003,23.8186,22.3286,22.3946,20.6254,1281235,1255,2026-08-14,58.34,7087614.0
NASDAQ:LIFE,LIFE,Ethos Technologies Inc.,Financial Services,Insurance Brokers,United States,NASDAQ,1051728198.0,34.02,82.89,77.44,10,99.3,3750,False,-2.24,245.38,,,,,,,,,,,36350444,136,2026-08-14,87.47,30914997.0
NASDAQ:HTFL,HTFL,"Heartflow, Inc.",Healthcare,Health Information Services,United States,NASDAQ,3629014042.0,42.08,83.0,74.87,10,99.3,3751,False,0.0,105.37,45.62,40.96,,,,28.8979,29.8521,,,,46354091,254,2026-08-14,65.55,86240828.0
NASDAQ:DSGR,DSGR,"Distribution Solutions Group, Inc.",Industrials,Industrial Distribution,United States,NASDAQ,1617089553.0,34.96,83.13,78.34,10,99.4,3752,False,0.0,81.05,23.08,21.13,14.17,14.43,24.21,28.4045,28.8627,30.6206,30.5515,28.1461,8724251,1255,2026-08-14,82.48,46255422.0
NYSE:MTW,MTW,"Manitowoc Company, Inc. (The)",Industrials,Farm & Heavy Construction Machinery,United States,NYSE,742610197.0,20.68,83.56,78.85,10,99.4,3753,False,-0.91,126.26,59.24,66.57,83.65,70.56,66.35,12.9864,12.4155,11.2606,12.1244,12.4314,6235164,1255,2026-08-14,85.68,35909584.0
NASDAQ:PLTS,PLTS,Platinum Analytics Cayman Limited,Technology,Software - Application,Singapore,NASDAQ,196095112.0,17.5,83.69,83.69,10,99.4,3754,False,0.0,145.44,0.0,,,,,17.5,,,,,0,226,2026-08-14,83.69,11205435.0
NASDAQ:PBAM,PBAM,"Private Bancorp of America, Inc.",Financial Services,Banks - Regional,United States,NASDAQ,495845274.0,86.6,83.74,81.2,10,99.4,3755,False,0.0,57.48,28.02,31.9,46.2,69.66,89.05,67.6479,65.6537,59.2326,51.0424,45.8085,1027357,1254,2026-08-14,83.74,5725696.0
NASDAQ:SAFT,SAFT,"Safety Insurance Group, Inc.",Financial Services,Insurance - Property & Casualty,United States,NASDAQ,1517227815.0,103.35,83.83,81.0,10,99.5,3756,False,-0.22,59.24,36.11,38.77,39.02,42.37,44.54,75.9308,74.4769,74.3421,72.5932,71.5039,39243005,1255,2026-08-14,85.19,14680482.0
NASDAQ:ABCL,ABCL,AbCellera Biologics Inc.,Healthcare,Biotechnology,Canada,NASDAQ,3475171972.0,11.38,83.89,77.71,10,99.5,3757,False,0.0,309.35,146.79,143.14,200.33,183.97,114.12,4.6113,4.6804,3.7891,4.0075,5.3147,78511597,1255,2026-08-14,82.76,305375393.0
NASDAQ:DDI,DDI,"DoubleDown Interactive Co., Ltd. - American Depository Shares",Communication Services,Electronic Gaming & Multimedia,South Korea,NASDAQ,640230445.0,12.92,84.31,77.4,10,99.5,3758,False,0.0,56.61,30.84,32.51,21.96,23.28,27.38,9.8747,9.75,10.594,10.4799,10.1432,1067899,1243,2026-08-14,79.04,49553440.0
NASDAQ:CRDL,CRDL,Cardiol Therapeutics Inc.,Healthcare,Drug Manufacturers - Specialty & Generic,Canada,NASDAQ,207490032.0,1.8,84.39,78.34,10,99.5,3759,False,0.0,94.38,58.48,59.22,39.17,33.92,50.98,1.1358,1.1305,1.2934,1.344,1.1922,1375909,1255,2026-08-14,82.14,115272240.0
NASDAQ:FBRX,FBRX,"Forte Biosciences, Inc.",Healthcare,Biotechnology,United States,NASDAQ,1574246162.0,76.83,84.5,82.51,10,99.6,3760,False,-0.19,645.92,162.12,197.16,324.5,339.44,289.74,29.3107,25.8546,18.099,17.4834,19.7131,166924979,1254,2026-08-14,84.62,20489993.0
NASDAQ:MKTX,MKTX,"MarketAxess Holdings, Inc.",Financial Services,Capital Markets,United States,NASDAQ,5721308290.0,162.57,84.62,76.32,10,99.6,3761,False,-15.57,49.02,3.99,1.29,-15.75,-19.39,-26.25,156.3277,160.5052,192.9652,201.6832,220.4342,232374602,1255,2026-08-14,84.71,35192891.0
NYSE:U,U,Unity Software Inc.,Technology,Software - Application,United States,NYSE,20189743611.0,46.25,84.83,79.55,10,99.6,3762,False,-6.51,169.99,46.17,38.61,64.3,65.57,56.24,31.6406,33.3671,28.1489,27.9338,29.6022,457217145,1255,2026-08-14,84.36,436534997.0
NYSE:UTZ,UTZ,Utz Brands Inc,Consumer Defensive,Packaged Foods,United States,NYSE,1254570154.0,14.17,84.95,81.6,10,99.7,3763,False,0.0,110.26,54.96,44.34,17.35,8.09,3.21,9.1446,9.817,12.0754,13.1089,13.7292,97720287,1254,2026-08-14,84.89,88537061.0
NYSE:ESTC,ESTC,Elastic N.V.,Technology,Software - Application,Netherlands,NYSE,9010527548.0,86.68,84.97,79.04,10,99.7,3764,False,-8.25,100.18,35.4,27.07,8.49,0.44,7.48,64.0157,68.2165,79.8981,86.2999,80.6493,140611819,1254,2026-08-14,84.61,103951633.0
NASDAQ:BWMN,BWMN,Bowman Consulting Group Ltd.,Industrials,Engineering & Construction,United States,NASDAQ,740577148.0,42.3,85.04,78.76,10,99.7,3765,True,-4.79,67.13,30.19,22.9,42.14,39.28,47.22,32.4912,34.4196,29.7594,30.3707,28.733,15938629,1254,2026-08-14,84.96,17507734.0
NYSE:HBB,HBB,Hamilton Beach Brands Holding Company,Consumer Cyclical,"Furnishings, Fixtures & Appliances",United States,NYSE,332075002.0,33.34,85.26,80.07,10,99.7,3766,False,0.0,162.99,76.4,85.92,76.87,85.57,107.22,18.9002,17.9324,18.8497,17.9659,16.0893,1802707,1254,2026-08-14,85.14,9960258.0
NASDAQ:KRT,KRT,Karat Packaging Inc.,Consumer Cyclical,Packaging & Containers,United States,NASDAQ,956462352.0,47.91,85.99,83.58,10,99.8,3767,True,-0.73,140.52,74.53,80.07,83.41,93.92,120.55,27.4504,26.6058,26.1219,24.7054,21.723,6666079,1254,2026-08-14,85.88,19963731.0
NASDAQ:PAYS,PAYS,"Paysign, Inc.",Technology,Software - Infrastructure,United States,NASDAQ,736279030.0,13.17,86.12,81.6,10,99.8,3768,False,0.0,314.15,118.77,122.17,167.05,202.42,230.76,6.02,5.9278,4.9316,4.3548,3.9818,8075637,1255,2026-08-14,85.61,55905773.0
NASDAQ:QMCO,QMCO,Quantum Corporation,Technology,Computer Hardware,United States,NASDAQ,1028068195.0,26.11,87.87,82.24,10,99.8,3769,False,0.0,505.8,203.93,198.36,138.1,149.6,86.49,8.5908,8.7512,10.966,10.4606,14.0004,40830140,1255,2026-08-14,86.74,39374500.0
NASDAQ:CRNX,CRNX,"Crinetics Pharmaceuticals, Inc.",Healthcare,Biotechnology,United States,NASDAQ,8964667735.0,84.7,90.45,87.31,10,99.8,3770,True,0.0,191.17,76.77,85.65,94.0,103.52,135.51,47.9155,45.6237,43.6599,41.6181,35.9644,235977356,1254,2026-08-14,90.16,105840233.0
NASDAQ:VREX,VREX,Varex Imaging Corporation,Healthcare,Medical Devices,United States,NASDAQ,779288508.0,18.49,90.7,85.92,10,99.9,3771,False,-0.48,98.39,56.24,56.81,59.92,36.22,20.23,11.8346,11.7911,11.5621,13.5738,15.3788,21934424,1255,2026-08-14,90.84,42146485.0
NYSE:BIO.B,BIO-B,"Bio-Rad Laboratories, Inc.",Healthcare,Medical Devices,United States,NYSE,1705569806.0,337.0,91.82,84.91,10,99.9,3772,False,0.0,36.41,13.73,15.84,15.11,11.74,1.89,296.32,290.9254,292.7524,301.6016,330.7568,1685,1255,2026-08-14,91.82,5061038.0
NASDAQ:MAGH,MAGH,Magnitude International Ltd,Industrials,Engineering & Construction,Singapore,NASDAQ,225446000.0,6.76,92.17,86.78,10,99.9,3773,False,0.0,550.0,8.13,28.5,,,,6.2519,5.2608,,,,0,253,2026-08-14,92.17,33350000.0
AMEX:SMJF,SMJF,SMJ International Holdings Inc.,Consumer Cyclical,Textile Manufacturing,Singapore,AMEX,153109375.0,10.25,93.66,90.21,10,99.9,3774,False,0.0,682.44,,,,,,,,,,,6548294,173,2026-08-14,93.09,14937500.0
NASDAQ:MBAI,MBAI,Check-Cap Ltd.,Healthcare,Diagnostics & Research,Israel,NASDAQ,67408730.0,8.72,96.78,94.22,10,100.0,3775,True,0.0,1277.57,441.59,454.48,564.31,401.67,295.65,1.6101,1.5726,1.3126,1.7382,2.204,79210,1251,2026-08-14,64.92,7730359.0
NASDAQ:SMXT,SMXT,Solarmax Technology Inc.,Technology,Solar,United States,NASDAQ,233886011.0,4.11,97.4,95.46,10,100.0,3776,True,0.0,1302.73,492.51,431.45,290.57,,,0.6937,0.7734,1.0523,,,72270,616,2026-08-14,50.43,56906572.0
